# Extracted from KIPR Simulator demobot_v6.glb; GPL-3.0
mtllib electronics_010.mtl
s off
usemtl material_0
v -0.0176036 0.0449933 0.0065031
v -0.0176036 0.0447677 0.0077439
v -0.0176036 0.0448805 0.0065031
v -0.0176036 0.0447677 0.0064843
v -0.0176036 0.0446737 0.0065031
v -0.0176036 0.0445609 0.0065031
v -0.0176036 0.0444669 0.0065407
v -0.0176036 0.0443541 0.0065595
v -0.0176036 0.0442601 0.0065971
v -0.0176036 0.0441661 0.0066535
v -0.0176036 0.0440721 0.0067099
v -0.0176036 0.0439969 0.0067663
v -0.0176036 0.0439030 0.0068415
v -0.0176036 0.0438278 0.0069167
v -0.0176036 0.0437714 0.0069919
v -0.0176036 0.0437150 0.0070859
v -0.0176036 0.0436586 0.0071799
v -0.0176036 0.0436210 0.0072739
v -0.0176036 0.0435834 0.0073679
v -0.0176036 0.0435458 0.0074807
v -0.0176036 0.0435270 0.0075747
v -0.0176036 0.0435270 0.0076875
v -0.0176036 0.0435270 0.0078003
v -0.0176036 0.0435270 0.0078942
v -0.0176036 0.0435458 0.0080070
v -0.0176036 0.0435834 0.0081010
v -0.0176036 0.0436210 0.0082138
v -0.0176036 0.0436586 0.0083078
v -0.0176036 0.0437150 0.0084018
v -0.0176036 0.0437714 0.0084770
v -0.0176036 0.0438278 0.0085710
v -0.0176036 0.0439030 0.0086462
v -0.0176036 0.0439969 0.0087214
v -0.0176036 0.0440721 0.0087778
v -0.0176036 0.0441661 0.0088342
v -0.0176036 0.0442601 0.0088718
v -0.0176036 0.0443541 0.0089282
v -0.0176036 0.0444669 0.0089470
v -0.0176036 0.0445609 0.0089658
v -0.0176036 0.0446737 0.0089846
v -0.0176036 0.0447677 0.0089846
v -0.0176036 0.0448805 0.0089846
v -0.0176036 0.0449933 0.0089658
v -0.0176036 0.0450873 0.0089470
v -0.0176036 0.0451813 0.0089282
v -0.0176036 0.0452941 0.0088718
v -0.0176036 0.0453880 0.0088342
v -0.0176036 0.0454820 0.0087778
v -0.0176036 0.0455572 0.0087214
v -0.0176036 0.0456324 0.0086462
v -0.0176036 0.0457076 0.0085710
v -0.0176036 0.0457828 0.0084770
v -0.0176036 0.0458392 0.0084018
v -0.0176036 0.0458956 0.0083078
v -0.0176036 0.0459332 0.0082138
v -0.0176036 0.0459708 0.0081010
v -0.0176036 0.0459896 0.0080070
v -0.0176036 0.0460084 0.0078942
v -0.0176036 0.0460272 0.0078003
v -0.0176036 0.0460272 0.0076875
v -0.0176036 0.0460084 0.0075747
v -0.0176036 0.0459896 0.0074807
v -0.0176036 0.0459708 0.0073679
v -0.0176036 0.0459332 0.0072739
v -0.0176036 0.0458956 0.0071799
v -0.0176036 0.0458392 0.0070859
v -0.0176036 0.0457828 0.0069919
v -0.0176036 0.0457076 0.0069167
v -0.0176036 0.0456324 0.0068415
v -0.0176036 0.0455572 0.0067663
v -0.0176036 0.0454820 0.0067099
v -0.0176036 0.0453880 0.0066535
v -0.0176036 0.0452941 0.0065971
v -0.0176036 0.0451813 0.0065595
v -0.0176036 0.0450873 0.0065407
v -0.0186939 0.0446925 0.0067475
v -0.0186939 0.0447677 0.0077439
v -0.0186939 0.0447677 0.0067475
v -0.0186939 0.0448617 0.0067475
v -0.0186939 0.0449369 0.0067663
v -0.0186939 0.0450309 0.0067663
v -0.0186939 0.0451061 0.0068039
v -0.0186939 0.0451813 0.0068227
v -0.0186939 0.0452565 0.0068791
v -0.0186939 0.0453317 0.0069167
v -0.0186939 0.0454068 0.0069731
v -0.0186939 0.0454632 0.0070295
v -0.0186939 0.0455196 0.0070859
v -0.0186939 0.0455760 0.0071423
v -0.0186939 0.0456324 0.0072175
v -0.0186939 0.0456700 0.0072927
v -0.0186939 0.0457076 0.0073679
v -0.0186939 0.0457264 0.0074431
v -0.0186939 0.0457452 0.0075371
v -0.0186939 0.0457640 0.0076123
v -0.0186939 0.0457640 0.0077063
v -0.0186939 0.0457640 0.0077815
v -0.0186939 0.0457640 0.0078754
v -0.0186939 0.0457452 0.0079506
v -0.0186939 0.0457264 0.0080446
v -0.0186939 0.0457076 0.0081198
v -0.0186939 0.0456700 0.0081950
v -0.0186939 0.0456324 0.0082702
v -0.0186939 0.0455760 0.0083454
v -0.0186939 0.0455196 0.0084018
v -0.0186939 0.0454632 0.0084582
v -0.0186939 0.0454068 0.0085146
v -0.0186939 0.0453317 0.0085710
v -0.0186939 0.0452565 0.0086086
v -0.0186939 0.0451813 0.0086462
v -0.0186939 0.0451061 0.0086838
v -0.0186939 0.0450309 0.0087026
v -0.0186939 0.0449369 0.0087214
v -0.0186939 0.0448617 0.0087402
v -0.0186939 0.0447677 0.0087402
v -0.0186939 0.0446925 0.0087402
v -0.0186939 0.0445985 0.0087214
v -0.0186939 0.0445233 0.0087026
v -0.0186939 0.0444481 0.0086838
v -0.0186939 0.0443541 0.0086462
v -0.0186939 0.0442789 0.0086086
v -0.0186939 0.0442225 0.0085710
v -0.0186939 0.0441473 0.0085146
v -0.0186939 0.0440909 0.0084582
v -0.0186939 0.0440157 0.0084018
v -0.0186939 0.0439781 0.0083454
v -0.0186939 0.0439218 0.0082702
v -0.0186939 0.0438842 0.0081950
v -0.0186939 0.0438466 0.0081198
v -0.0186939 0.0438090 0.0080446
v -0.0186939 0.0437902 0.0079506
v -0.0186939 0.0437902 0.0078754
v -0.0186939 0.0437714 0.0077815
v -0.0186939 0.0437714 0.0077063
v -0.0186939 0.0437902 0.0076123
v -0.0186939 0.0437902 0.0075371
v -0.0186939 0.0438090 0.0074431
v -0.0186939 0.0438466 0.0073679
v -0.0186939 0.0438842 0.0072927
v -0.0186939 0.0439218 0.0072175
v -0.0186939 0.0439781 0.0071423
v -0.0186939 0.0440157 0.0070859
v -0.0186939 0.0440909 0.0070295
v -0.0186939 0.0441473 0.0069731
v -0.0186939 0.0442225 0.0069167
v -0.0186939 0.0442789 0.0068791
v -0.0186939 0.0443541 0.0068227
v -0.0186939 0.0444481 0.0068039
v -0.0186939 0.0445233 0.0067663
v -0.0186939 0.0445985 0.0067663
v -0.0178479 0.0448993 0.0092289
v -0.0178479 0.0449557 0.0092289
v -0.0181863 0.0449557 0.0092289
v -0.0181863 0.0450309 0.0092289
v -0.0178479 0.0450309 0.0092289
v -0.0181863 0.0451249 0.0091914
v -0.0178479 0.0451249 0.0091914
v -0.0181863 0.0451437 0.0091914
v -0.0178479 0.0451437 0.0091914
v -0.0181863 0.0452753 0.0091538
v -0.0178479 0.0452753 0.0091538
v -0.0181863 0.0453129 0.0091350
v -0.0178479 0.0453129 0.0091350
v -0.0181863 0.0453880 0.0091162
v -0.0178479 0.0453880 0.0091162
v -0.0181863 0.0454632 0.0090786
v -0.0178479 0.0454632 0.0090786
v -0.0181863 0.0455008 0.0090598
v -0.0178479 0.0455008 0.0090598
v -0.0181863 0.0456136 0.0089846
v -0.0178479 0.0456136 0.0089846
v -0.0181863 0.0456324 0.0089846
v -0.0178479 0.0456324 0.0089846
v -0.0181863 0.0457076 0.0089094
v -0.0178479 0.0457076 0.0089094
v -0.0181863 0.0457640 0.0088718
v -0.0178479 0.0457640 0.0088718
v -0.0181863 0.0458204 0.0088342
v -0.0178479 0.0458204 0.0088342
v -0.0181863 0.0458956 0.0087402
v -0.0178479 0.0458956 0.0087402
v -0.0181863 0.0458956 0.0087402
v -0.0178479 0.0458956 0.0087402
v -0.0181863 0.0459708 0.0086274
v -0.0178479 0.0459708 0.0086274
v -0.0181863 0.0460084 0.0085898
v -0.0178479 0.0460084 0.0085898
v -0.0181863 0.0460460 0.0085334
v -0.0178479 0.0460460 0.0085334
v -0.0181863 0.0461024 0.0084394
v -0.0178479 0.0461024 0.0084394
v -0.0181863 0.0461212 0.0084206
v -0.0178479 0.0461212 0.0084206
v -0.0181863 0.0461588 0.0083078
v -0.0178479 0.0461588 0.0083078
v -0.0181863 0.0461776 0.0082702
v -0.0178479 0.0461776 0.0082702
v -0.0181863 0.0462152 0.0081762
v -0.0178479 0.0462152 0.0081762
v -0.0181863 0.0462340 0.0081010
v -0.0178479 0.0462340 0.0081010
v -0.0181863 0.0462340 0.0080634
v -0.0178479 0.0462340 0.0080634
v -0.0181863 0.0462528 0.0079318
v -0.0178479 0.0462528 0.0079318
v -0.0181863 0.0462528 0.0079318
v -0.0178479 0.0462528 0.0079318
v -0.0181863 0.0462716 0.0078003
v -0.0178479 0.0462716 0.0078003
v -0.0181863 0.0462716 0.0077439
v -0.0178479 0.0462716 0.0077439
v -0.0181863 0.0462716 0.0076875
v -0.0178479 0.0462716 0.0076875
v -0.0181863 0.0462528 0.0075559
v -0.0178479 0.0462528 0.0075559
v -0.0181863 0.0462528 0.0075559
v -0.0178479 0.0462528 0.0075559
v -0.0181863 0.0462340 0.0074243
v -0.0178479 0.0462340 0.0074243
v -0.0181863 0.0462340 0.0073867
v -0.0178479 0.0462340 0.0073867
v -0.0181863 0.0462152 0.0073115
v -0.0178479 0.0462152 0.0073115
v -0.0181863 0.0461776 0.0072175
v -0.0178479 0.0461776 0.0072175
v -0.0181863 0.0461588 0.0071799
v -0.0178479 0.0461588 0.0071799
v -0.0181863 0.0461212 0.0070671
v -0.0178479 0.0461212 0.0070671
v -0.0181863 0.0461024 0.0070483
v -0.0178479 0.0461024 0.0070483
v -0.0181863 0.0460460 0.0069543
v -0.0178479 0.0460460 0.0069543
v -0.0181863 0.0460084 0.0068979
v -0.0178479 0.0460084 0.0068979
v -0.0181863 0.0459708 0.0068603
v -0.0178479 0.0459708 0.0068603
v -0.0181863 0.0458956 0.0067475
v -0.0178479 0.0458956 0.0067475
v -0.0181863 0.0458956 0.0067475
v -0.0178479 0.0458956 0.0067475
v -0.0181863 0.0458204 0.0066535
v -0.0178479 0.0458204 0.0066535
v -0.0181863 0.0457640 0.0066159
v -0.0178479 0.0457640 0.0066159
v -0.0181863 0.0457076 0.0065783
v -0.0178479 0.0457076 0.0065783
v -0.0181863 0.0456324 0.0065031
v -0.0178479 0.0456324 0.0065031
v -0.0181863 0.0456136 0.0065031
v -0.0178479 0.0456136 0.0065031
v -0.0181863 0.0455008 0.0064280
v -0.0178479 0.0455008 0.0064280
v -0.0181863 0.0454632 0.0064092
v -0.0178479 0.0454632 0.0064092
v -0.0181863 0.0453880 0.0063716
v -0.0178479 0.0453880 0.0063716
v -0.0181863 0.0453129 0.0063340
v -0.0178479 0.0453129 0.0063340
v -0.0181863 0.0452753 0.0063340
v -0.0178479 0.0452753 0.0063340
v -0.0181863 0.0451437 0.0062964
v -0.0178479 0.0451437 0.0062964
v -0.0181863 0.0451249 0.0062964
v -0.0178479 0.0451249 0.0062964
v -0.0181863 0.0450309 0.0062588
v -0.0178479 0.0450309 0.0062588
v -0.0181863 0.0449557 0.0062588
v -0.0178479 0.0449557 0.0062588
v -0.0181863 0.0448993 0.0062400
v -0.0178479 0.0448993 0.0062400
v -0.0181863 0.0447677 0.0062400
v -0.0178479 0.0447677 0.0062400
v -0.0181863 0.0446549 0.0062400
v -0.0178479 0.0446549 0.0062400
v -0.0181863 0.0445985 0.0062588
v -0.0178479 0.0445985 0.0062588
v -0.0181863 0.0445233 0.0062588
v -0.0178479 0.0445233 0.0062588
v -0.0181863 0.0444105 0.0062964
v -0.0178479 0.0444105 0.0062964
v -0.0181863 0.0443917 0.0062964
v -0.0178479 0.0443917 0.0062964
v -0.0177916 0.0443917 0.0062964
v -0.0177916 0.0445233 0.0062776
v -0.0177916 0.0446549 0.0062588
v -0.0178479 0.0447677 0.0062400
v -0.0177916 0.0447677 0.0062400
v -0.0177916 0.0448993 0.0062588
v -0.0177916 0.0450309 0.0062776
v -0.0177916 0.0451437 0.0062964
v -0.0177916 0.0452753 0.0063340
v -0.0177916 0.0453880 0.0063716
v -0.0177916 0.0455008 0.0064467
v -0.0177916 0.0456136 0.0065031
v -0.0177916 0.0457076 0.0065783
v -0.0177916 0.0458016 0.0066723
v -0.0177916 0.0458956 0.0067475
v -0.0177916 0.0459708 0.0068603
v -0.0177916 0.0460460 0.0069543
v -0.0177916 0.0461024 0.0070671
v -0.0177916 0.0461588 0.0071799
v -0.0177916 0.0461964 0.0073115
v -0.0177916 0.0462340 0.0074243
v -0.0177916 0.0462528 0.0075559
v -0.0177916 0.0462716 0.0076875
v -0.0177916 0.0462716 0.0078003
v -0.0177916 0.0462528 0.0079318
v -0.0177916 0.0462340 0.0080634
v -0.0177916 0.0461964 0.0081762
v -0.0177916 0.0461588 0.0083078
v -0.0177916 0.0461024 0.0084206
v -0.0177916 0.0460460 0.0085334
v -0.0177916 0.0459708 0.0086274
v -0.0177916 0.0458956 0.0087214
v -0.0177916 0.0458016 0.0088154
v -0.0177916 0.0457076 0.0089094
v -0.0177916 0.0456136 0.0089846
v -0.0177916 0.0455008 0.0090410
v -0.0177916 0.0453880 0.0090974
v -0.0177916 0.0452753 0.0091538
v -0.0177916 0.0451437 0.0091914
v -0.0177916 0.0450309 0.0092102
v -0.0177916 0.0448993 0.0092289
v -0.0178479 0.0447677 0.0092477
v -0.0177916 0.0447677 0.0092289
v -0.0178479 0.0446549 0.0092289
v -0.0177916 0.0446549 0.0092289
v -0.0178479 0.0445985 0.0092289
v -0.0177916 0.0445233 0.0092102
v -0.0178479 0.0445233 0.0092289
v -0.0181863 0.0445985 0.0092289
v -0.0181863 0.0446549 0.0092289
v -0.0181863 0.0447677 0.0092477
v -0.0178479 0.0447677 0.0092477
v -0.0181863 0.0448993 0.0092289
v -0.0181863 0.0447677 0.0092477
v -0.0182615 0.0447677 0.0092289
v -0.0182615 0.0448993 0.0092289
v -0.0182615 0.0450309 0.0092102
v -0.0182615 0.0451437 0.0091914
v -0.0182615 0.0452753 0.0091538
v -0.0182615 0.0453880 0.0090974
v -0.0182615 0.0455008 0.0090410
v -0.0182615 0.0456136 0.0089846
v -0.0182615 0.0457076 0.0089094
v -0.0182615 0.0458016 0.0088154
v -0.0182615 0.0458956 0.0087214
v -0.0182615 0.0459708 0.0086274
v -0.0182615 0.0460460 0.0085334
v -0.0182615 0.0461024 0.0084206
v -0.0182615 0.0461588 0.0083078
v -0.0182615 0.0461964 0.0081762
v -0.0182615 0.0462340 0.0080634
v -0.0182615 0.0462528 0.0079318
v -0.0182615 0.0462716 0.0078003
v -0.0182615 0.0462716 0.0076875
v -0.0182615 0.0462528 0.0075559
v -0.0182615 0.0462340 0.0074243
v -0.0182615 0.0461964 0.0073115
v -0.0182615 0.0461588 0.0071799
v -0.0182615 0.0461024 0.0070671
v -0.0182615 0.0460460 0.0069543
v -0.0182615 0.0459708 0.0068603
v -0.0182615 0.0458956 0.0067475
v -0.0182615 0.0458016 0.0066723
v -0.0182615 0.0457076 0.0065783
v -0.0182615 0.0456136 0.0065031
v -0.0182615 0.0455008 0.0064467
v -0.0182615 0.0453880 0.0063904
v -0.0182615 0.0452753 0.0063340
v -0.0182615 0.0451437 0.0062964
v -0.0182615 0.0450309 0.0062776
v -0.0182615 0.0448993 0.0062588
v -0.0181863 0.0447677 0.0062400
v -0.0182615 0.0447677 0.0062400
v -0.0182615 0.0446549 0.0062588
v -0.0182615 0.0445233 0.0062776
v -0.0182615 0.0443917 0.0062964
v -0.0181863 0.0442789 0.0063340
v -0.0178479 0.0442789 0.0063340
v -0.0178479 0.0442413 0.0063340
v -0.0177916 0.0442789 0.0063340
v -0.0177540 0.0441661 0.0063904
v -0.0177540 0.0442789 0.0063528
v -0.0177540 0.0443917 0.0063152
v -0.0177540 0.0445233 0.0062776
v -0.0177540 0.0446549 0.0062588
v -0.0177540 0.0447677 0.0062588
v -0.0177540 0.0448993 0.0062588
v -0.0177540 0.0450309 0.0062776
v -0.0177540 0.0451437 0.0063152
v -0.0177540 0.0452753 0.0063528
v -0.0177540 0.0453880 0.0063904
v -0.0177540 0.0455008 0.0064467
v -0.0177540 0.0455948 0.0065219
v -0.0177540 0.0457076 0.0065971
v -0.0177540 0.0458016 0.0066723
v -0.0177540 0.0458768 0.0067663
v -0.0177540 0.0459708 0.0068603
v -0.0177540 0.0460272 0.0069731
v -0.0177540 0.0461024 0.0070671
v -0.0177540 0.0461400 0.0071987
v -0.0177540 0.0461964 0.0073115
v -0.0177540 0.0462152 0.0074243
v -0.0177540 0.0462340 0.0075559
v -0.0177540 0.0462528 0.0076875
v -0.0177540 0.0462528 0.0078003
v -0.0177540 0.0462340 0.0079318
v -0.0177540 0.0462152 0.0080634
v -0.0177540 0.0461964 0.0081762
v -0.0177540 0.0461400 0.0082890
v -0.0177540 0.0461024 0.0084018
v -0.0177540 0.0460272 0.0085146
v -0.0177540 0.0459708 0.0086274
v -0.0177540 0.0458768 0.0087214
v -0.0177540 0.0458016 0.0088154
v -0.0177540 0.0457076 0.0088906
v -0.0177540 0.0455948 0.0089658
v -0.0177540 0.0455008 0.0090410
v -0.0177540 0.0453880 0.0090974
v -0.0177540 0.0452753 0.0091350
v -0.0177540 0.0451437 0.0091726
v -0.0177540 0.0450309 0.0092102
v -0.0177540 0.0448993 0.0092102
v -0.0177540 0.0447677 0.0092289
v -0.0177540 0.0446549 0.0092102
v -0.0177540 0.0445233 0.0092102
v -0.0177540 0.0443917 0.0091726
v -0.0177916 0.0443917 0.0091914
v -0.0178479 0.0444105 0.0091914
v -0.0181863 0.0445233 0.0092289
v -0.0182615 0.0446549 0.0092289
v -0.0183367 0.0446549 0.0092102
v -0.0183367 0.0447677 0.0092289
v -0.0183367 0.0448993 0.0092102
v -0.0183367 0.0450309 0.0091914
v -0.0183367 0.0451437 0.0091726
v -0.0183367 0.0452753 0.0091350
v -0.0183367 0.0453880 0.0090974
v -0.0183367 0.0455008 0.0090410
v -0.0183367 0.0455948 0.0089658
v -0.0183367 0.0457076 0.0088906
v -0.0183367 0.0458016 0.0088154
v -0.0183367 0.0458768 0.0087214
v -0.0183367 0.0459708 0.0086274
v -0.0183367 0.0460272 0.0085146
v -0.0183367 0.0461024 0.0084018
v -0.0183367 0.0461400 0.0082890
v -0.0183367 0.0461964 0.0081762
v -0.0183367 0.0462152 0.0080634
v -0.0183367 0.0462340 0.0079318
v -0.0183367 0.0462528 0.0078003
v -0.0183367 0.0462528 0.0076875
v -0.0183367 0.0462340 0.0075559
v -0.0183367 0.0462152 0.0074243
v -0.0183367 0.0461964 0.0073115
v -0.0183367 0.0461400 0.0071987
v -0.0183367 0.0461024 0.0070859
v -0.0183367 0.0460272 0.0069731
v -0.0183367 0.0459708 0.0068603
v -0.0183367 0.0458768 0.0067663
v -0.0183367 0.0458016 0.0066723
v -0.0183367 0.0457076 0.0065971
v -0.0183367 0.0455948 0.0065219
v -0.0183367 0.0455008 0.0064467
v -0.0183367 0.0453880 0.0063904
v -0.0183367 0.0452753 0.0063528
v -0.0183367 0.0451437 0.0063152
v -0.0183367 0.0450309 0.0062776
v -0.0183367 0.0448993 0.0062776
v -0.0183367 0.0447677 0.0062588
v -0.0183367 0.0446549 0.0062776
v -0.0183367 0.0445233 0.0062776
v -0.0183367 0.0443917 0.0063152
v -0.0182615 0.0442789 0.0063340
v -0.0181863 0.0442413 0.0063340
v -0.0181863 0.0441473 0.0063716
v -0.0178479 0.0441473 0.0063716
v -0.0178479 0.0440721 0.0064092
v -0.0177916 0.0441661 0.0063716
v -0.0177540 0.0440533 0.0064467
v -0.0176976 0.0439593 0.0065407
v -0.0176976 0.0440721 0.0064655
v -0.0176976 0.0441661 0.0064092
v -0.0176976 0.0442789 0.0063716
v -0.0176976 0.0444105 0.0063340
v -0.0176976 0.0445233 0.0063152
v -0.0176976 0.0446549 0.0062964
v -0.0176976 0.0447677 0.0062776
v -0.0176976 0.0448993 0.0062964
v -0.0176976 0.0450121 0.0063152
v -0.0176976 0.0451437 0.0063340
v -0.0176976 0.0452565 0.0063716
v -0.0176976 0.0453692 0.0064092
v -0.0176976 0.0454820 0.0064655
v -0.0176976 0.0455948 0.0065407
v -0.0176976 0.0456888 0.0066159
v -0.0176976 0.0457828 0.0066911
v -0.0176976 0.0458768 0.0067851
v -0.0176976 0.0459520 0.0068791
v -0.0176976 0.0460084 0.0069731
v -0.0176976 0.0460836 0.0070859
v -0.0176976 0.0461212 0.0071987
v -0.0176976 0.0461588 0.0073115
v -0.0176976 0.0461964 0.0074431
v -0.0176976 0.0462152 0.0075559
v -0.0176976 0.0462340 0.0076875
v -0.0176976 0.0462340 0.0078003
v -0.0176976 0.0462152 0.0079318
v -0.0176976 0.0461964 0.0080446
v -0.0176976 0.0461588 0.0081762
v -0.0176976 0.0461212 0.0082890
v -0.0176976 0.0460836 0.0084018
v -0.0176976 0.0460084 0.0085146
v -0.0176976 0.0459520 0.0086086
v -0.0176976 0.0458768 0.0087026
v -0.0176976 0.0457828 0.0087966
v -0.0176976 0.0456888 0.0088718
v -0.0176976 0.0455948 0.0089470
v -0.0176976 0.0454820 0.0090222
v -0.0176976 0.0453692 0.0090786
v -0.0176976 0.0452565 0.0091162
v -0.0176976 0.0451437 0.0091538
v -0.0176976 0.0450121 0.0091726
v -0.0176976 0.0448993 0.0091914
v -0.0176976 0.0447677 0.0091914
v -0.0176976 0.0446549 0.0091914
v -0.0176976 0.0445233 0.0091726
v -0.0176976 0.0444105 0.0091538
v -0.0176976 0.0442789 0.0091162
v -0.0177540 0.0442789 0.0091350
v -0.0177916 0.0442789 0.0091538
v -0.0178479 0.0442789 0.0091538
v -0.0178479 0.0443917 0.0091914
v -0.0181863 0.0444105 0.0091914
v -0.0182615 0.0445233 0.0092102
v -0.0183367 0.0445233 0.0091914
v -0.0183931 0.0445233 0.0091726
v -0.0183931 0.0446549 0.0091914
v -0.0183931 0.0447677 0.0091914
v -0.0183931 0.0448993 0.0091914
v -0.0183931 0.0450121 0.0091726
v -0.0183931 0.0451437 0.0091538
v -0.0183931 0.0452565 0.0091162
v -0.0183931 0.0453692 0.0090598
v -0.0183931 0.0454820 0.0090034
v -0.0183931 0.0455948 0.0089470
v -0.0183931 0.0456888 0.0088718
v -0.0183931 0.0457828 0.0087966
v -0.0183931 0.0458580 0.0087026
v -0.0183931 0.0459520 0.0086086
v -0.0183931 0.0460084 0.0084958
v -0.0183931 0.0460648 0.0084018
v -0.0183931 0.0461212 0.0082890
v -0.0183931 0.0461588 0.0081762
v -0.0183931 0.0461964 0.0080446
v -0.0183931 0.0462152 0.0079318
v -0.0183931 0.0462340 0.0078003
v -0.0183931 0.0462340 0.0076875
v -0.0183931 0.0462152 0.0075559
v -0.0183931 0.0461964 0.0074431
v -0.0183931 0.0461588 0.0073115
v -0.0183931 0.0461212 0.0071987
v -0.0183931 0.0460648 0.0070859
v -0.0183931 0.0460084 0.0069731
v -0.0183931 0.0459520 0.0068791
v -0.0183931 0.0458580 0.0067851
v -0.0183931 0.0457828 0.0066911
v -0.0183931 0.0456888 0.0066159
v -0.0183931 0.0455948 0.0065407
v -0.0183931 0.0454820 0.0064655
v -0.0183931 0.0453692 0.0064092
v -0.0183931 0.0452565 0.0063716
v -0.0183931 0.0451437 0.0063340
v -0.0183931 0.0450121 0.0063152
v -0.0183931 0.0448993 0.0062964
v -0.0183931 0.0447677 0.0062964
v -0.0183931 0.0446549 0.0062964
v -0.0183931 0.0445233 0.0063152
v -0.0183931 0.0444105 0.0063340
v -0.0183367 0.0442789 0.0063528
v -0.0182615 0.0441661 0.0063904
v -0.0181863 0.0440721 0.0064092
v -0.0181863 0.0440345 0.0064280
v -0.0178479 0.0440345 0.0064280
v -0.0177916 0.0440533 0.0064467
v -0.0177540 0.0439405 0.0065219
v -0.0176976 0.0438654 0.0066159
v -0.0176600 0.0437902 0.0067099
v -0.0176600 0.0438842 0.0066347
v -0.0176600 0.0439781 0.0065595
v -0.0176600 0.0440721 0.0065031
v -0.0176600 0.0441849 0.0064467
v -0.0176600 0.0442977 0.0063904
v -0.0176600 0.0444105 0.0063716
v -0.0176600 0.0445233 0.0063340
v -0.0176600 0.0446549 0.0063152
v -0.0176600 0.0447677 0.0063152
v -0.0176600 0.0448993 0.0063152
v -0.0176600 0.0450121 0.0063340
v -0.0176600 0.0451249 0.0063716
v -0.0176600 0.0452565 0.0063904
v -0.0176600 0.0453692 0.0064467
v -0.0176600 0.0454632 0.0065031
v -0.0176600 0.0455760 0.0065595
v -0.0176600 0.0456700 0.0066347
v -0.0176600 0.0457640 0.0067099
v -0.0176600 0.0458392 0.0068039
v -0.0176600 0.0459144 0.0068979
v -0.0176600 0.0459896 0.0069919
v -0.0176600 0.0460460 0.0071047
v -0.0176600 0.0461024 0.0072175
v -0.0176600 0.0461400 0.0073303
v -0.0176600 0.0461588 0.0074431
v -0.0176600 0.0461964 0.0075559
v -0.0176600 0.0461964 0.0076875
v -0.0176600 0.0461964 0.0078003
v -0.0176600 0.0461964 0.0079318
v -0.0176600 0.0461588 0.0080446
v -0.0176600 0.0461400 0.0081574
v -0.0176600 0.0461024 0.0082702
v -0.0176600 0.0460460 0.0083830
v -0.0176600 0.0459896 0.0084958
v -0.0176600 0.0459144 0.0085898
v -0.0176600 0.0458392 0.0086838
v -0.0176600 0.0457640 0.0087778
v -0.0176600 0.0456700 0.0088530
v -0.0176600 0.0455760 0.0089282
v -0.0176600 0.0454632 0.0089846
v -0.0176600 0.0453692 0.0090410
v -0.0176600 0.0452565 0.0090786
v -0.0176600 0.0451249 0.0091162
v -0.0176600 0.0450121 0.0091538
v -0.0176600 0.0448993 0.0091726
v -0.0176600 0.0447677 0.0091726
v -0.0176600 0.0446549 0.0091726
v -0.0176600 0.0445233 0.0091538
v -0.0176600 0.0444105 0.0091162
v -0.0176600 0.0442977 0.0090786
v -0.0176600 0.0441849 0.0090410
v -0.0176976 0.0441661 0.0090786
v -0.0177540 0.0441661 0.0090974
v -0.0177916 0.0441661 0.0090974
v -0.0178479 0.0441473 0.0091162
v -0.0178479 0.0442413 0.0091350
v -0.0181863 0.0442789 0.0091538
v -0.0181863 0.0443917 0.0091914
v -0.0182615 0.0443917 0.0091914
v -0.0183367 0.0443917 0.0091726
v -0.0183931 0.0444105 0.0091538
v -0.0184683 0.0442977 0.0090786
v -0.0184683 0.0444105 0.0091162
v -0.0184683 0.0445421 0.0091350
v -0.0184683 0.0446549 0.0091538
v -0.0184683 0.0447677 0.0091538
v -0.0184683 0.0448993 0.0091538
v -0.0184683 0.0450121 0.0091350
v -0.0184683 0.0451249 0.0091162
v -0.0184683 0.0452377 0.0090786
v -0.0184683 0.0453504 0.0090410
v -0.0184683 0.0454632 0.0089846
v -0.0184683 0.0455760 0.0089282
v -0.0184683 0.0456700 0.0088530
v -0.0184683 0.0457640 0.0087590
v -0.0184683 0.0458392 0.0086838
v -0.0184683 0.0459144 0.0085898
v -0.0184683 0.0459896 0.0084958
v -0.0184683 0.0460460 0.0083830
v -0.0184683 0.0460836 0.0082702
v -0.0184683 0.0461400 0.0081574
v -0.0184683 0.0461588 0.0080446
v -0.0184683 0.0461776 0.0079318
v -0.0184683 0.0461964 0.0078003
v -0.0184683 0.0461964 0.0076875
v -0.0184683 0.0461776 0.0075559
v -0.0184683 0.0461588 0.0074431
v -0.0184683 0.0461400 0.0073303
v -0.0184683 0.0460836 0.0072175
v -0.0184683 0.0460460 0.0071047
v -0.0184683 0.0459896 0.0069919
v -0.0184683 0.0459144 0.0068979
v -0.0184683 0.0458392 0.0068039
v -0.0184683 0.0457640 0.0067099
v -0.0184683 0.0456700 0.0066347
v -0.0184683 0.0455760 0.0065595
v -0.0184683 0.0454632 0.0065031
v -0.0184683 0.0453504 0.0064467
v -0.0184683 0.0452377 0.0064092
v -0.0184683 0.0451249 0.0063716
v -0.0184683 0.0450121 0.0063340
v -0.0184683 0.0448993 0.0063340
v -0.0184683 0.0447677 0.0063152
v -0.0184683 0.0446549 0.0063340
v -0.0184683 0.0445421 0.0063340
v -0.0184683 0.0444105 0.0063716
v -0.0184683 0.0442977 0.0064092
v -0.0183931 0.0442977 0.0063716
v -0.0183367 0.0441661 0.0063904
v -0.0182615 0.0440533 0.0064467
v -0.0181863 0.0439405 0.0065031
v -0.0178479 0.0439405 0.0065031
v -0.0177916 0.0439405 0.0065031
v -0.0177540 0.0438466 0.0065971
v -0.0176976 0.0437714 0.0066911
v -0.0176600 0.0436962 0.0068039
v -0.0176412 0.0436586 0.0069167
v -0.0176412 0.0437338 0.0068227
v -0.0176412 0.0438090 0.0067475
v -0.0176412 0.0439030 0.0066535
v -0.0176412 0.0439969 0.0065971
v -0.0176412 0.0440909 0.0065219
v -0.0176412 0.0442037 0.0064843
v -0.0176412 0.0443165 0.0064280
v -0.0176412 0.0444293 0.0063904
v -0.0176412 0.0445421 0.0063716
v -0.0176412 0.0446549 0.0063528
v -0.0176412 0.0447677 0.0063528
v -0.0176412 0.0448993 0.0063528
v -0.0176412 0.0450121 0.0063716
v -0.0176412 0.0451249 0.0063904
v -0.0176412 0.0452377 0.0064280
v -0.0176412 0.0453504 0.0064843
v -0.0176412 0.0454444 0.0065219
v -0.0176412 0.0455572 0.0065971
v -0.0176412 0.0456512 0.0066535
v -0.0176412 0.0457264 0.0067475
v -0.0176412 0.0458204 0.0068227
v -0.0176412 0.0458956 0.0069167
v -0.0176412 0.0459520 0.0070107
v -0.0176412 0.0460084 0.0071235
v -0.0176412 0.0460648 0.0072175
v -0.0176412 0.0461024 0.0073303
v -0.0176412 0.0461400 0.0074431
v -0.0176412 0.0461588 0.0075747
v -0.0176412 0.0461588 0.0076875
v -0.0176412 0.0461588 0.0078003
v -0.0176412 0.0461588 0.0079130
v -0.0176412 0.0461400 0.0080258
v -0.0176412 0.0461024 0.0081574
v -0.0176412 0.0460648 0.0082514
v -0.0176412 0.0460084 0.0083642
v -0.0176412 0.0459520 0.0084770
v -0.0176412 0.0458956 0.0085710
v -0.0176412 0.0458204 0.0086650
v -0.0176412 0.0457264 0.0087402
v -0.0176412 0.0456512 0.0088154
v -0.0176412 0.0455572 0.0088906
v -0.0176412 0.0454444 0.0089470
v -0.0176412 0.0453504 0.0090034
v -0.0176412 0.0452377 0.0090598
v -0.0176412 0.0451249 0.0090786
v -0.0176412 0.0450121 0.0091162
v -0.0176412 0.0448993 0.0091350
v -0.0176412 0.0447677 0.0091350
v -0.0176412 0.0446549 0.0091350
v -0.0176412 0.0445421 0.0091162
v -0.0176412 0.0444293 0.0090786
v -0.0176412 0.0443165 0.0090598
v -0.0176412 0.0442037 0.0090034
v -0.0176412 0.0440909 0.0089470
v -0.0176600 0.0440721 0.0089846
v -0.0176976 0.0440721 0.0090222
v -0.0177540 0.0440533 0.0090410
v -0.0177916 0.0440533 0.0090410
v -0.0178479 0.0440721 0.0090786
v -0.0181863 0.0441473 0.0091162
v -0.0181863 0.0442413 0.0091350
v -0.0182615 0.0442789 0.0091538
v -0.0183367 0.0442789 0.0091350
v -0.0183931 0.0442977 0.0091162
v -0.0184683 0.0441849 0.0090410
v -0.0185247 0.0441097 0.0089470
v -0.0185247 0.0442037 0.0090034
v -0.0185247 0.0443165 0.0090410
v -0.0185247 0.0444293 0.0090786
v -0.0185247 0.0445421 0.0090974
v -0.0185247 0.0446549 0.0091162
v -0.0185247 0.0447677 0.0091162
v -0.0185247 0.0448993 0.0091162
v -0.0185247 0.0450121 0.0090974
v -0.0185247 0.0451249 0.0090786
v -0.0185247 0.0452377 0.0090410
v -0.0185247 0.0453317 0.0090034
v -0.0185247 0.0454444 0.0089470
v -0.0185247 0.0455384 0.0088906
v -0.0185247 0.0456324 0.0088154
v -0.0185247 0.0457264 0.0087402
v -0.0185247 0.0458016 0.0086462
v -0.0185247 0.0458768 0.0085522
v -0.0185247 0.0459520 0.0084582
v -0.0185247 0.0460084 0.0083642
v -0.0185247 0.0460460 0.0082514
v -0.0185247 0.0460836 0.0081386
v -0.0185247 0.0461212 0.0080258
v -0.0185247 0.0461400 0.0079130
v -0.0185247 0.0461588 0.0078003
v -0.0185247 0.0461588 0.0076875
v -0.0185247 0.0461400 0.0075747
v -0.0185247 0.0461212 0.0074431
v -0.0185247 0.0460836 0.0073303
v -0.0185247 0.0460460 0.0072363
v -0.0185247 0.0460084 0.0071235
v -0.0185247 0.0459520 0.0070295
v -0.0185247 0.0458768 0.0069167
v -0.0185247 0.0458016 0.0068415
v -0.0185247 0.0457264 0.0067475
v -0.0185247 0.0456324 0.0066723
v -0.0185247 0.0455384 0.0065971
v -0.0185247 0.0454444 0.0065407
v -0.0185247 0.0453317 0.0064843
v -0.0185247 0.0452377 0.0064467
v -0.0185247 0.0451249 0.0064092
v -0.0185247 0.0450121 0.0063904
v -0.0185247 0.0448993 0.0063716
v -0.0185247 0.0447677 0.0063716
v -0.0185247 0.0446549 0.0063716
v -0.0185247 0.0445421 0.0063904
v -0.0185247 0.0444293 0.0064092
v -0.0185247 0.0443165 0.0064467
v -0.0185247 0.0442037 0.0064843
v -0.0184683 0.0441849 0.0064467
v -0.0183931 0.0441661 0.0064092
v -0.0183367 0.0440533 0.0064467
v -0.0182615 0.0439405 0.0065031
v -0.0181863 0.0439218 0.0065031
v -0.0178479 0.0439218 0.0065031
v -0.0178479 0.0437714 0.0066159
v -0.0178479 0.0438278 0.0065783
v -0.0177916 0.0438278 0.0065783
v -0.0177540 0.0437526 0.0066723
v -0.0176976 0.0436774 0.0067851
v -0.0176600 0.0436210 0.0068979
v -0.0176412 0.0435834 0.0070107
v -0.0176224 0.0435646 0.0071423
v -0.0176224 0.0436210 0.0070295
v -0.0176224 0.0436962 0.0069355
v -0.0176224 0.0437714 0.0068603
v -0.0176224 0.0438466 0.0067663
v -0.0176224 0.0439218 0.0066911
v -0.0176224 0.0440157 0.0066347
v -0.0176224 0.0441097 0.0065595
v -0.0176224 0.0442225 0.0065219
v -0.0176224 0.0443165 0.0064655
v -0.0176224 0.0444293 0.0064467
v -0.0176224 0.0445421 0.0064092
v -0.0176224 0.0446549 0.0064092
v -0.0176224 0.0447677 0.0063904
v -0.0176224 0.0448805 0.0064092
v -0.0176224 0.0449933 0.0064092
v -0.0176224 0.0451061 0.0064467
v -0.0176224 0.0452189 0.0064655
v -0.0176224 0.0453317 0.0065219
v -0.0176224 0.0454256 0.0065595
v -0.0176224 0.0455196 0.0066347
v -0.0176224 0.0456136 0.0066911
v -0.0176224 0.0457076 0.0067663
v -0.0176224 0.0457828 0.0068603
v -0.0176224 0.0458580 0.0069355
v -0.0176224 0.0459144 0.0070295
v -0.0176224 0.0459708 0.0071423
v -0.0176224 0.0460272 0.0072363
v -0.0176224 0.0460648 0.0073491
v -0.0176224 0.0460836 0.0074619
v -0.0176224 0.0461024 0.0075747
v -0.0176224 0.0461212 0.0076875
v -0.0176224 0.0461212 0.0078003
v -0.0176224 0.0461024 0.0079130
v -0.0176224 0.0460836 0.0080258
v -0.0176224 0.0460648 0.0081386
v -0.0176224 0.0460272 0.0082514
v -0.0176224 0.0459708 0.0083454
v -0.0176224 0.0459144 0.0084394
v -0.0176224 0.0458580 0.0085334
v -0.0176224 0.0457828 0.0086274
v -0.0176224 0.0457076 0.0087214
v -0.0176224 0.0456136 0.0087966
v -0.0176224 0.0455196 0.0088530
v -0.0176224 0.0454256 0.0089094
v -0.0176224 0.0453317 0.0089658
v -0.0176224 0.0452189 0.0090034
v -0.0176224 0.0451061 0.0090410
v -0.0176224 0.0449933 0.0090598
v -0.0176224 0.0448805 0.0090786
v -0.0176224 0.0447677 0.0090786
v -0.0176224 0.0446549 0.0090786
v -0.0176224 0.0445421 0.0090598
v -0.0176224 0.0444293 0.0090410
v -0.0176224 0.0443165 0.0090034
v -0.0176224 0.0442225 0.0089658
v -0.0176224 0.0441097 0.0089094
v -0.0176224 0.0440157 0.0088530
v -0.0176412 0.0439969 0.0088906
v -0.0176600 0.0439781 0.0089282
v -0.0176976 0.0439593 0.0089470
v -0.0177540 0.0439405 0.0089658
v -0.0177916 0.0439405 0.0089846
v -0.0178479 0.0439405 0.0089846
v -0.0178479 0.0440345 0.0090598
v -0.0181863 0.0440721 0.0090786
v -0.0182615 0.0441661 0.0090974
v -0.0183367 0.0441661 0.0090974
v -0.0183931 0.0441661 0.0090598
v -0.0184683 0.0440721 0.0089846
v -0.0185247 0.0439969 0.0088906
v -0.0185811 0.0439405 0.0087778
v -0.0185811 0.0440345 0.0088342
v -0.0185811 0.0441285 0.0089094
v -0.0185811 0.0442225 0.0089470
v -0.0185811 0.0443353 0.0089846
v -0.0185811 0.0444481 0.0090222
v -0.0185811 0.0445421 0.0090598
v -0.0185811 0.0446549 0.0090598
v -0.0185811 0.0447677 0.0090786
v -0.0185811 0.0448805 0.0090598
v -0.0185811 0.0449933 0.0090598
v -0.0185811 0.0451061 0.0090222
v -0.0185811 0.0452189 0.0089846
v -0.0185811 0.0453129 0.0089470
v -0.0185811 0.0454256 0.0089094
v -0.0185811 0.0455196 0.0088342
v -0.0185811 0.0456136 0.0087778
v -0.0185811 0.0456888 0.0087026
v -0.0185811 0.0457640 0.0086274
v -0.0185811 0.0458392 0.0085334
v -0.0185811 0.0458956 0.0084394
v -0.0185811 0.0459520 0.0083454
v -0.0185811 0.0460084 0.0082326
v -0.0185811 0.0460460 0.0081386
v -0.0185811 0.0460648 0.0080258
v -0.0185811 0.0460836 0.0079130
v -0.0185811 0.0461024 0.0078003
v -0.0185811 0.0461024 0.0076875
v -0.0185811 0.0460836 0.0075747
v -0.0185811 0.0460648 0.0074619
v -0.0185811 0.0460460 0.0073491
v -0.0185811 0.0460084 0.0072551
v -0.0185811 0.0459520 0.0071423
v -0.0185811 0.0458956 0.0070483
v -0.0185811 0.0458392 0.0069543
v -0.0185811 0.0457640 0.0068603
v -0.0185811 0.0456888 0.0067851
v -0.0185811 0.0456136 0.0067099
v -0.0185811 0.0455196 0.0066347
v -0.0185811 0.0454256 0.0065783
v -0.0185811 0.0453129 0.0065407
v -0.0185811 0.0452189 0.0064843
v -0.0185811 0.0451061 0.0064655
v -0.0185811 0.0449933 0.0064280
v -0.0185811 0.0448805 0.0064280
v -0.0185811 0.0447677 0.0064092
v -0.0185811 0.0446549 0.0064280
v -0.0185811 0.0445421 0.0064280
v -0.0185811 0.0444481 0.0064655
v -0.0185811 0.0443353 0.0064843
v -0.0185811 0.0442225 0.0065407
v -0.0185811 0.0441285 0.0065783
v -0.0185247 0.0441097 0.0065407
v -0.0184683 0.0440721 0.0065031
v -0.0183931 0.0440721 0.0064655
v -0.0183367 0.0439405 0.0065219
v -0.0182615 0.0438278 0.0065783
v -0.0181863 0.0438278 0.0065783
v -0.0181863 0.0437714 0.0066159
v -0.0181863 0.0437338 0.0066535
v -0.0178479 0.0437338 0.0066535
v -0.0178479 0.0436586 0.0067475
v -0.0177916 0.0437338 0.0066723
v -0.0177540 0.0436586 0.0067663
v -0.0176976 0.0436022 0.0068791
v -0.0176600 0.0435646 0.0069919
v -0.0176412 0.0435270 0.0071235
v -0.0176224 0.0435270 0.0072363
v -0.0176036 0.0435058 0.0074619
v -0.0176224 0.0434870 0.0073491
v -0.0176036 0.0435270 0.0073679
v -0.0176036 0.0435646 0.0072551
v -0.0176036 0.0436210 0.0071611
v -0.0176036 0.0436774 0.0070671
v -0.0176036 0.0437338 0.0069731
v -0.0176036 0.0437902 0.0068791
v -0.0176036 0.0438842 0.0068039
v -0.0176036 0.0439593 0.0067287
v -0.0176036 0.0440533 0.0066723
v -0.0176036 0.0441473 0.0066159
v -0.0176036 0.0442413 0.0065595
v -0.0176036 0.0443353 0.0065219
v -0.0176036 0.0444481 0.0064843
v -0.0176036 0.0445609 0.0064655
v -0.0176036 0.0446549 0.0064467
v -0.0176036 0.0447677 0.0064467
v -0.0176036 0.0448805 0.0064467
v -0.0176036 0.0449933 0.0064655
v -0.0176036 0.0451061 0.0064843
v -0.0176036 0.0452001 0.0065219
v -0.0176036 0.0453129 0.0065595
v -0.0176036 0.0454068 0.0066159
v -0.0176036 0.0455008 0.0066723
v -0.0176036 0.0455948 0.0067287
v -0.0176036 0.0456700 0.0068039
v -0.0176036 0.0457452 0.0068791
v -0.0176036 0.0458204 0.0069731
v -0.0176036 0.0458768 0.0070671
v -0.0176036 0.0459332 0.0071611
v -0.0176036 0.0459708 0.0072551
v -0.0176036 0.0460084 0.0073679
v -0.0176036 0.0460460 0.0074619
v -0.0176036 0.0460648 0.0075747
v -0.0176036 0.0460648 0.0076875
v -0.0176036 0.0460648 0.0078003
v -0.0176036 0.0460648 0.0079130
v -0.0176036 0.0460460 0.0080070
v -0.0176036 0.0460084 0.0081198
v -0.0176036 0.0459708 0.0082326
v -0.0176036 0.0459332 0.0083266
v -0.0176036 0.0458768 0.0084206
v -0.0176036 0.0458204 0.0085146
v -0.0176036 0.0457452 0.0086086
v -0.0176036 0.0456700 0.0086838
v -0.0176036 0.0455948 0.0087590
v -0.0176036 0.0455008 0.0088154
v -0.0176036 0.0454068 0.0088718
v -0.0176036 0.0453129 0.0089282
v -0.0176036 0.0452001 0.0089658
v -0.0176036 0.0451061 0.0090034
v -0.0176036 0.0449933 0.0090222
v -0.0176036 0.0448805 0.0090410
v -0.0176036 0.0447677 0.0090410
v -0.0176036 0.0446549 0.0090410
v -0.0176036 0.0445609 0.0090222
v -0.0176036 0.0444481 0.0090034
v -0.0176036 0.0443353 0.0089658
v -0.0176036 0.0442413 0.0089282
v -0.0176036 0.0441473 0.0088718
v -0.0176036 0.0440533 0.0088154
v -0.0176036 0.0439593 0.0087590
v -0.0176224 0.0439218 0.0087966
v -0.0176412 0.0439030 0.0088154
v -0.0176600 0.0438842 0.0088530
v -0.0176976 0.0438654 0.0088718
v -0.0177540 0.0438466 0.0088906
v -0.0177916 0.0438278 0.0089094
v -0.0178479 0.0438278 0.0089094
v -0.0178479 0.0439218 0.0089846
v -0.0181863 0.0439405 0.0089846
v -0.0181863 0.0440345 0.0090598
v -0.0182615 0.0440533 0.0090410
v -0.0183367 0.0440533 0.0090410
v -0.0183931 0.0440721 0.0090034
v -0.0184683 0.0439781 0.0089282
v -0.0185247 0.0439030 0.0088154
v -0.0185811 0.0438466 0.0087026
v -0.0186187 0.0438278 0.0085898
v -0.0186187 0.0439030 0.0086650
v -0.0186187 0.0439781 0.0087214
v -0.0186187 0.0440533 0.0087966
v -0.0186187 0.0441473 0.0088530
v -0.0186187 0.0442413 0.0088906
v -0.0186187 0.0443541 0.0089470
v -0.0186187 0.0444481 0.0089658
v -0.0186187 0.0445609 0.0090034
v -0.0186187 0.0446737 0.0090034
v -0.0186187 0.0447677 0.0090034
v -0.0186187 0.0448805 0.0090034
v -0.0186187 0.0449933 0.0090034
v -0.0186187 0.0450873 0.0089658
v -0.0186187 0.0452001 0.0089470
v -0.0186187 0.0452941 0.0088906
v -0.0186187 0.0453880 0.0088530
v -0.0186187 0.0454820 0.0087966
v -0.0186187 0.0455760 0.0087214
v -0.0186187 0.0456512 0.0086650
v -0.0186187 0.0457264 0.0085898
v -0.0186187 0.0458016 0.0084958
v -0.0186187 0.0458580 0.0084018
v -0.0186187 0.0459144 0.0083078
v -0.0186187 0.0459520 0.0082138
v -0.0186187 0.0459896 0.0081198
v -0.0186187 0.0460084 0.0080070
v -0.0186187 0.0460272 0.0079130
v -0.0186187 0.0460460 0.0078003
v -0.0186187 0.0460460 0.0076875
v -0.0186187 0.0460272 0.0075747
v -0.0186187 0.0460084 0.0074807
v -0.0186187 0.0459896 0.0073679
v -0.0186187 0.0459520 0.0072739
v -0.0186187 0.0459144 0.0071799
v -0.0186187 0.0458580 0.0070859
v -0.0186187 0.0458016 0.0069919
v -0.0186187 0.0457264 0.0068979
v -0.0186187 0.0456512 0.0068227
v -0.0186187 0.0455760 0.0067475
v -0.0186187 0.0454820 0.0066911
v -0.0186187 0.0453880 0.0066347
v -0.0186187 0.0452941 0.0065783
v -0.0186187 0.0452001 0.0065407
v -0.0186187 0.0450873 0.0065219
v -0.0186187 0.0449933 0.0064843
v -0.0186187 0.0448805 0.0064843
v -0.0186187 0.0447677 0.0064655
v -0.0186187 0.0446737 0.0064843
v -0.0186187 0.0445609 0.0064843
v -0.0186187 0.0444481 0.0065219
v -0.0186187 0.0443541 0.0065407
v -0.0186187 0.0442413 0.0065783
v -0.0186187 0.0441473 0.0066347
v -0.0186187 0.0440533 0.0066911
v -0.0185811 0.0440345 0.0066347
v -0.0185247 0.0439969 0.0065971
v -0.0184683 0.0439781 0.0065595
v -0.0183931 0.0439593 0.0065407
v -0.0183367 0.0438466 0.0065971
v -0.0182615 0.0437338 0.0066723
v -0.0181863 0.0436586 0.0067475
v -0.0181863 0.0436398 0.0067475
v -0.0178479 0.0436398 0.0067475
v -0.0177916 0.0436586 0.0067475
v -0.0177540 0.0435834 0.0068603
v -0.0176976 0.0435270 0.0069731
v -0.0176600 0.0435058 0.0071047
v -0.0176412 0.0434870 0.0072175
v -0.0176412 0.0434494 0.0073303
v -0.0176224 0.0434494 0.0074619
v -0.0176036 0.0434870 0.0075747
v -0.0176036 0.0435270 0.0076875
v -0.0176036 0.0435270 0.0075747
v -0.0176036 0.0435458 0.0074807
v -0.0176036 0.0435834 0.0073679
v -0.0176036 0.0436210 0.0072739
v -0.0176036 0.0436586 0.0071799
v -0.0176036 0.0437150 0.0070859
v -0.0176036 0.0437714 0.0069919
v -0.0176036 0.0438278 0.0069167
v -0.0176036 0.0439030 0.0068415
v -0.0176036 0.0439969 0.0067663
v -0.0176036 0.0440721 0.0067099
v -0.0176036 0.0441661 0.0066535
v -0.0176036 0.0442601 0.0065971
v -0.0176036 0.0443541 0.0065595
v -0.0176036 0.0444669 0.0065407
v -0.0176036 0.0445609 0.0065031
v -0.0176036 0.0446737 0.0065031
v -0.0176036 0.0447677 0.0064843
v -0.0176036 0.0448805 0.0065031
v -0.0176036 0.0449933 0.0065031
v -0.0176036 0.0450873 0.0065407
v -0.0176036 0.0451813 0.0065595
v -0.0176036 0.0452941 0.0065971
v -0.0176036 0.0453880 0.0066535
v -0.0176036 0.0454820 0.0067099
v -0.0176036 0.0455572 0.0067663
v -0.0176036 0.0456324 0.0068415
v -0.0176036 0.0457076 0.0069167
v -0.0176036 0.0457828 0.0069919
v -0.0176036 0.0458392 0.0070859
v -0.0176036 0.0458956 0.0071799
v -0.0176036 0.0459332 0.0072739
v -0.0176036 0.0459708 0.0073679
v -0.0176036 0.0459896 0.0074807
v -0.0176036 0.0460084 0.0075747
v -0.0176036 0.0460272 0.0076875
v -0.0176036 0.0460272 0.0078003
v -0.0176036 0.0460084 0.0078942
v -0.0176036 0.0459896 0.0080070
v -0.0176036 0.0459708 0.0081010
v -0.0176036 0.0459332 0.0082138
v -0.0176036 0.0458956 0.0083078
v -0.0176036 0.0458392 0.0084018
v -0.0176036 0.0457828 0.0084770
v -0.0176036 0.0457076 0.0085710
v -0.0176036 0.0456324 0.0086462
v -0.0176036 0.0455572 0.0087214
v -0.0176036 0.0454820 0.0087778
v -0.0176036 0.0453880 0.0088342
v -0.0176036 0.0452941 0.0088718
v -0.0176036 0.0451813 0.0089282
v -0.0176036 0.0450873 0.0089470
v -0.0176036 0.0449933 0.0089658
v -0.0176036 0.0448805 0.0089846
v -0.0176036 0.0447677 0.0089846
v -0.0176036 0.0446737 0.0089846
v -0.0176036 0.0445609 0.0089658
v -0.0176036 0.0444669 0.0089470
v -0.0176036 0.0443541 0.0089282
v -0.0176036 0.0442601 0.0088718
v -0.0176036 0.0441661 0.0088342
v -0.0176036 0.0440721 0.0087778
v -0.0176036 0.0439969 0.0087214
v -0.0176036 0.0439030 0.0086462
v -0.0176036 0.0438842 0.0086838
v -0.0176224 0.0438466 0.0087214
v -0.0176412 0.0438090 0.0087402
v -0.0176600 0.0437902 0.0087778
v -0.0176976 0.0437714 0.0087966
v -0.0177540 0.0437526 0.0088154
v -0.0177916 0.0437338 0.0088154
v -0.0178479 0.0437338 0.0088342
v -0.0178479 0.0437714 0.0088718
v -0.0181863 0.0438278 0.0089094
v -0.0181863 0.0439218 0.0089846
v -0.0182615 0.0439405 0.0089846
v -0.0183367 0.0439405 0.0089658
v -0.0183931 0.0439593 0.0089470
v -0.0184683 0.0438842 0.0088530
v -0.0185247 0.0438278 0.0087402
v -0.0185811 0.0437714 0.0086274
v -0.0186187 0.0437526 0.0084958
v -0.0186563 0.0437526 0.0083830
v -0.0186563 0.0438090 0.0084582
v -0.0186563 0.0438654 0.0085334
v -0.0186563 0.0439405 0.0086086
v -0.0186563 0.0440157 0.0086838
v -0.0186563 0.0440909 0.0087402
v -0.0186563 0.0441849 0.0087966
v -0.0186563 0.0442789 0.0088342
v -0.0186563 0.0443729 0.0088718
v -0.0186563 0.0444669 0.0089094
v -0.0186563 0.0445609 0.0089282
v -0.0186563 0.0446737 0.0089470
v -0.0186563 0.0447677 0.0089470
v -0.0186563 0.0448805 0.0089470
v -0.0186563 0.0449745 0.0089282
v -0.0186563 0.0450685 0.0089094
v -0.0186563 0.0451813 0.0088718
v -0.0186563 0.0452753 0.0088342
v -0.0186563 0.0453692 0.0087966
v -0.0186563 0.0454444 0.0087402
v -0.0186563 0.0455384 0.0086838
v -0.0186563 0.0456136 0.0086086
v -0.0186563 0.0456888 0.0085334
v -0.0186563 0.0457452 0.0084582
v -0.0186563 0.0458016 0.0083830
v -0.0186563 0.0458580 0.0082890
v -0.0186563 0.0458956 0.0081950
v -0.0186563 0.0459332 0.0081010
v -0.0186563 0.0459520 0.0079882
v -0.0186563 0.0459708 0.0078942
v -0.0186563 0.0459708 0.0078003
v -0.0186563 0.0459708 0.0076875
v -0.0186563 0.0459708 0.0075935
v -0.0186563 0.0459520 0.0074807
v -0.0186563 0.0459332 0.0073867
v -0.0186563 0.0458956 0.0072927
v -0.0186563 0.0458580 0.0071987
v -0.0186563 0.0458016 0.0071047
v -0.0186563 0.0457452 0.0070295
v -0.0186563 0.0456888 0.0069543
v -0.0186563 0.0456136 0.0068791
v -0.0186563 0.0455384 0.0068039
v -0.0186563 0.0454444 0.0067475
v -0.0186563 0.0453692 0.0066911
v -0.0186563 0.0452753 0.0066347
v -0.0186563 0.0451813 0.0065971
v -0.0186563 0.0450685 0.0065783
v -0.0186563 0.0449745 0.0065595
v -0.0186563 0.0448805 0.0065407
v -0.0186563 0.0447677 0.0065407
v -0.0186563 0.0446737 0.0065407
v -0.0186563 0.0445609 0.0065595
v -0.0186563 0.0444669 0.0065783
v -0.0186563 0.0443729 0.0065971
v -0.0186563 0.0442789 0.0066347
v -0.0186563 0.0441849 0.0066911
v -0.0186563 0.0440909 0.0067475
v -0.0186563 0.0440157 0.0068039
v -0.0186187 0.0439781 0.0067475
v -0.0185811 0.0439405 0.0067099
v -0.0185247 0.0439030 0.0066723
v -0.0184683 0.0438842 0.0066347
v -0.0183931 0.0438654 0.0066159
v -0.0183367 0.0437526 0.0066723
v -0.0182615 0.0436586 0.0067475
v -0.0181863 0.0435646 0.0068603
v -0.0178479 0.0435646 0.0068603
v -0.0178479 0.0435458 0.0068979
v -0.0177916 0.0435646 0.0068603
v -0.0177540 0.0435058 0.0069731
v -0.0176976 0.0434682 0.0070859
v -0.0176600 0.0434494 0.0072175
v -0.0176600 0.0434118 0.0073303
v -0.0176412 0.0434118 0.0074431
v -0.0176224 0.0434306 0.0075747
v -0.0176036 0.0434682 0.0076875
v -0.0176036 0.0435270 0.0078003
v -0.0176036 0.0434682 0.0078003
v -0.0176036 0.0435270 0.0078942
v -0.0176036 0.0434870 0.0079130
v -0.0176036 0.0435458 0.0080070
v -0.0176036 0.0435058 0.0080070
v -0.0176036 0.0435834 0.0081010
v -0.0176036 0.0435270 0.0081198
v -0.0176036 0.0436210 0.0082138
v -0.0176036 0.0435646 0.0082326
v -0.0176036 0.0436586 0.0083078
v -0.0176036 0.0436210 0.0083266
v -0.0176036 0.0437150 0.0084018
v -0.0176036 0.0436774 0.0084206
v -0.0176036 0.0437714 0.0084770
v -0.0176036 0.0437338 0.0085146
v -0.0176036 0.0438278 0.0085710
v -0.0176036 0.0437902 0.0086086
v -0.0176224 0.0437714 0.0086274
v -0.0176412 0.0437338 0.0086650
v -0.0176600 0.0436962 0.0086838
v -0.0176976 0.0436774 0.0087026
v -0.0177540 0.0436586 0.0087214
v -0.0177916 0.0436586 0.0087214
v -0.0178479 0.0436586 0.0087402
v -0.0181863 0.0437338 0.0088342
v -0.0181863 0.0437714 0.0088718
v -0.0182615 0.0438278 0.0089094
v -0.0183367 0.0438466 0.0088906
v -0.0183931 0.0438654 0.0088718
v -0.0184683 0.0437902 0.0087590
v -0.0185247 0.0437338 0.0086462
v -0.0185811 0.0437150 0.0085334
v -0.0186187 0.0436962 0.0084018
v -0.0186563 0.0436962 0.0082890
v -0.0186751 0.0437150 0.0081762
v -0.0186751 0.0437526 0.0082514
v -0.0186751 0.0438090 0.0083454
v -0.0186751 0.0438654 0.0084206
v -0.0186751 0.0439218 0.0084958
v -0.0186751 0.0439781 0.0085710
v -0.0186751 0.0440533 0.0086274
v -0.0186751 0.0441285 0.0086838
v -0.0186751 0.0442225 0.0087402
v -0.0186751 0.0442977 0.0087778
v -0.0186751 0.0443917 0.0088154
v -0.0186751 0.0444857 0.0088530
v -0.0186751 0.0445797 0.0088718
v -0.0186751 0.0446737 0.0088718
v -0.0186751 0.0447677 0.0088906
v -0.0186751 0.0448617 0.0088718
v -0.0186751 0.0449745 0.0088718
v -0.0186751 0.0450685 0.0088530
v -0.0186751 0.0451625 0.0088154
v -0.0186751 0.0452377 0.0087778
v -0.0186751 0.0453317 0.0087402
v -0.0186751 0.0454068 0.0086838
v -0.0186751 0.0454820 0.0086274
v -0.0186751 0.0455572 0.0085710
v -0.0186751 0.0456324 0.0084958
v -0.0186751 0.0456888 0.0084206
v -0.0186751 0.0457452 0.0083454
v -0.0186751 0.0457828 0.0082514
v -0.0186751 0.0458392 0.0081762
v -0.0186751 0.0458580 0.0080822
v -0.0186751 0.0458956 0.0079882
v -0.0186751 0.0458956 0.0078942
v -0.0186751 0.0459144 0.0078003
v -0.0186751 0.0459144 0.0076875
v -0.0186751 0.0458956 0.0075935
v -0.0186751 0.0458956 0.0074995
v -0.0186751 0.0458580 0.0074055
v -0.0186751 0.0458392 0.0073115
v -0.0186751 0.0457828 0.0072363
v -0.0186751 0.0457452 0.0071423
v -0.0186751 0.0456888 0.0070671
v -0.0186751 0.0456324 0.0069919
v -0.0186751 0.0455572 0.0069167
v -0.0186751 0.0454820 0.0068603
v -0.0186751 0.0454068 0.0068039
v -0.0186751 0.0453317 0.0067475
v -0.0186751 0.0452377 0.0067099
v -0.0186751 0.0451625 0.0066723
v -0.0186751 0.0450685 0.0066347
v -0.0186751 0.0449745 0.0066159
v -0.0186751 0.0448617 0.0065971
v -0.0186751 0.0447677 0.0065971
v -0.0186751 0.0446737 0.0065971
v -0.0186751 0.0445797 0.0066159
v -0.0186751 0.0444857 0.0066347
v -0.0186751 0.0443917 0.0066723
v -0.0186751 0.0442977 0.0067099
v -0.0186751 0.0442225 0.0067475
v -0.0186751 0.0441285 0.0068039
v -0.0186751 0.0440533 0.0068603
v -0.0186751 0.0439781 0.0069167
v -0.0186563 0.0439405 0.0068791
v -0.0186187 0.0439030 0.0068227
v -0.0185811 0.0438466 0.0067851
v -0.0185247 0.0438278 0.0067475
v -0.0184683 0.0437902 0.0067099
v -0.0183931 0.0437714 0.0066911
v -0.0183367 0.0436586 0.0067663
v -0.0182615 0.0435646 0.0068603
v -0.0181863 0.0435458 0.0068979
v -0.0181863 0.0434870 0.0069543
v -0.0178479 0.0434870 0.0069543
v -0.0178479 0.0434494 0.0070483
v -0.0177916 0.0435058 0.0069543
v -0.0177540 0.0434494 0.0070671
v -0.0176976 0.0434118 0.0071987
v -0.0176976 0.0433742 0.0073115
v -0.0176600 0.0433742 0.0074431
v -0.0176412 0.0433930 0.0075747
v -0.0176224 0.0434306 0.0076875
v -0.0176224 0.0434306 0.0078003
v -0.0176224 0.0434306 0.0079130
v -0.0176224 0.0434494 0.0080258
v -0.0176224 0.0434870 0.0081386
v -0.0176224 0.0435270 0.0082514
v -0.0176224 0.0435646 0.0083454
v -0.0176224 0.0436210 0.0084394
v -0.0176224 0.0436962 0.0085334
v -0.0176412 0.0436586 0.0085710
v -0.0176600 0.0436210 0.0085898
v -0.0176976 0.0436022 0.0086086
v -0.0177540 0.0435834 0.0086274
v -0.0177916 0.0435646 0.0086274
v -0.0178479 0.0435458 0.0085898
v -0.0178479 0.0435646 0.0086274
v -0.0178479 0.0436398 0.0087402
v -0.0181863 0.0436586 0.0087402
v -0.0182615 0.0437338 0.0088154
v -0.0183367 0.0437526 0.0088154
v -0.0183931 0.0437714 0.0087966
v -0.0184683 0.0437150 0.0086838
v -0.0185247 0.0436586 0.0085522
v -0.0185811 0.0436398 0.0084394
v -0.0186187 0.0436398 0.0083078
v -0.0186563 0.0436586 0.0081950
v -0.0186751 0.0436774 0.0080822
v -0.0186939 0.0437338 0.0079694
v -0.0186939 0.0437526 0.0080634
v -0.0186939 0.0437714 0.0081386
v -0.0186939 0.0438090 0.0082326
v -0.0186939 0.0438654 0.0083078
v -0.0186939 0.0439218 0.0083830
v -0.0186939 0.0439781 0.0084582
v -0.0186939 0.0440345 0.0085146
v -0.0186939 0.0441097 0.0085710
v -0.0186939 0.0441661 0.0086274
v -0.0186939 0.0442601 0.0086838
v -0.0186939 0.0443353 0.0087214
v -0.0186939 0.0444105 0.0087590
v -0.0186939 0.0445045 0.0087778
v -0.0186939 0.0445985 0.0087966
v -0.0186939 0.0446737 0.0088154
v -0.0186939 0.0447677 0.0088154
v -0.0186939 0.0448617 0.0088154
v -0.0186939 0.0449557 0.0087966
v -0.0186939 0.0450497 0.0087778
v -0.0186939 0.0451249 0.0087590
v -0.0186939 0.0452189 0.0087214
v -0.0186939 0.0452941 0.0086838
v -0.0186939 0.0453692 0.0086274
v -0.0186939 0.0454444 0.0085710
v -0.0186939 0.0455196 0.0085146
v -0.0186939 0.0455760 0.0084582
v -0.0186939 0.0456324 0.0083830
v -0.0186939 0.0456888 0.0083078
v -0.0186939 0.0457264 0.0082326
v -0.0186939 0.0457640 0.0081386
v -0.0186939 0.0458016 0.0080634
v -0.0186939 0.0458204 0.0079694
v -0.0186939 0.0458392 0.0078754
v -0.0186939 0.0458392 0.0077815
v -0.0186939 0.0458392 0.0077063
v -0.0186939 0.0458392 0.0076123
v -0.0186939 0.0458204 0.0075183
v -0.0186939 0.0458016 0.0074243
v -0.0186939 0.0457640 0.0073491
v -0.0186939 0.0457264 0.0072551
v -0.0186939 0.0456888 0.0071799
v -0.0186939 0.0456324 0.0071047
v -0.0186939 0.0455760 0.0070295
v -0.0186939 0.0455196 0.0069731
v -0.0186939 0.0454444 0.0069167
v -0.0186939 0.0453692 0.0068603
v -0.0186939 0.0452941 0.0068039
v -0.0186939 0.0452189 0.0067663
v -0.0186939 0.0451249 0.0067287
v -0.0186939 0.0450497 0.0067099
v -0.0186939 0.0449557 0.0066911
v -0.0186939 0.0448617 0.0066723
v -0.0186939 0.0447677 0.0066723
v -0.0186939 0.0446737 0.0066723
v -0.0186939 0.0445985 0.0066911
v -0.0186939 0.0445045 0.0067099
v -0.0186939 0.0444105 0.0067287
v -0.0186939 0.0443353 0.0067663
v -0.0186939 0.0442601 0.0068039
v -0.0186939 0.0441661 0.0068603
v -0.0186939 0.0441097 0.0069167
v -0.0186939 0.0440345 0.0069731
v -0.0186939 0.0439781 0.0070295
v -0.0186751 0.0439218 0.0069919
v -0.0186563 0.0438654 0.0069543
v -0.0186187 0.0438278 0.0068979
v -0.0185811 0.0437714 0.0068603
v -0.0185247 0.0437338 0.0068415
v -0.0184683 0.0437150 0.0068039
v -0.0183931 0.0436774 0.0067851
v -0.0183367 0.0435834 0.0068603
v -0.0182615 0.0435058 0.0069543
v -0.0181863 0.0434494 0.0070483
v -0.0181863 0.0434306 0.0070671
v -0.0178479 0.0434306 0.0070671
v -0.0177916 0.0434306 0.0070671
v -0.0177540 0.0433930 0.0071987
v -0.0177540 0.0433554 0.0073115
v -0.0176976 0.0433554 0.0074431
v -0.0176600 0.0433554 0.0075559
v -0.0176412 0.0433930 0.0076875
v -0.0176412 0.0433930 0.0078003
v -0.0176412 0.0433930 0.0079130
v -0.0176412 0.0434118 0.0080258
v -0.0176412 0.0434494 0.0081574
v -0.0176412 0.0434870 0.0082514
v -0.0176412 0.0435270 0.0083642
v -0.0176412 0.0435834 0.0084770
v -0.0176600 0.0435646 0.0084958
v -0.0176976 0.0435270 0.0085146
v -0.0177540 0.0435058 0.0085146
v -0.0177916 0.0435058 0.0085334
v -0.0178479 0.0434870 0.0085334
v -0.0181863 0.0435458 0.0085898
v -0.0181863 0.0435646 0.0086274
v -0.0181863 0.0436398 0.0087402
v -0.0182615 0.0436586 0.0087214
v -0.0183367 0.0436586 0.0087214
v -0.0183931 0.0436774 0.0087026
v -0.0184683 0.0436398 0.0085898
v -0.0185247 0.0436022 0.0084582
v -0.0185811 0.0435834 0.0083454
v -0.0186187 0.0436022 0.0082138
v -0.0186563 0.0436210 0.0081010
v -0.0186751 0.0436586 0.0079882
v -0.0186939 0.0437150 0.0078754
v -0.0186939 0.0437714 0.0077815
v -0.0186939 0.0437902 0.0078754
v -0.0186939 0.0437902 0.0079506
v -0.0186939 0.0438090 0.0080446
v -0.0186939 0.0438466 0.0081198
v -0.0186939 0.0438842 0.0081950
v -0.0186939 0.0439218 0.0082702
v -0.0186939 0.0439781 0.0083454
v -0.0186939 0.0440157 0.0084018
v -0.0186939 0.0440909 0.0084582
v -0.0186939 0.0441473 0.0085146
v -0.0186939 0.0442225 0.0085710
v -0.0186939 0.0442789 0.0086086
v -0.0186939 0.0443541 0.0086462
v -0.0186939 0.0444481 0.0086838
v -0.0186939 0.0445233 0.0087026
v -0.0186939 0.0445985 0.0087214
v -0.0186939 0.0446925 0.0087402
v -0.0186939 0.0447677 0.0087402
v -0.0186939 0.0448617 0.0087402
v -0.0186939 0.0449369 0.0087214
v -0.0186939 0.0450309 0.0087026
v -0.0186939 0.0451061 0.0086838
v -0.0186939 0.0451813 0.0086462
v -0.0186939 0.0452565 0.0086086
v -0.0186939 0.0453317 0.0085710
v -0.0186939 0.0454068 0.0085146
v -0.0186939 0.0454632 0.0084582
v -0.0186939 0.0455196 0.0084018
v -0.0186939 0.0455760 0.0083454
v -0.0186939 0.0456324 0.0082702
v -0.0186939 0.0456700 0.0081950
v -0.0186939 0.0457076 0.0081198
v -0.0186939 0.0457264 0.0080446
v -0.0186939 0.0457452 0.0079506
v -0.0186939 0.0457640 0.0078754
v -0.0186939 0.0457640 0.0077815
v -0.0186939 0.0457640 0.0077063
v -0.0186939 0.0457640 0.0076123
v -0.0186939 0.0457452 0.0075371
v -0.0186939 0.0457264 0.0074431
v -0.0186939 0.0457076 0.0073679
v -0.0186939 0.0456700 0.0072927
v -0.0186939 0.0456324 0.0072175
v -0.0186939 0.0455760 0.0071423
v -0.0186939 0.0455196 0.0070859
v -0.0186939 0.0454632 0.0070295
v -0.0186939 0.0454068 0.0069731
v -0.0186939 0.0453317 0.0069167
v -0.0186939 0.0452565 0.0068791
v -0.0186939 0.0451813 0.0068227
v -0.0186939 0.0451061 0.0068039
v -0.0186939 0.0450309 0.0067663
v -0.0186939 0.0449369 0.0067663
v -0.0186939 0.0448617 0.0067475
v -0.0186939 0.0447677 0.0067475
v -0.0186939 0.0446925 0.0067475
v -0.0186939 0.0445985 0.0067663
v -0.0186939 0.0445233 0.0067663
v -0.0186939 0.0444481 0.0068039
v -0.0186939 0.0443541 0.0068227
v -0.0186939 0.0442789 0.0068791
v -0.0186939 0.0442225 0.0069167
v -0.0186939 0.0441473 0.0069731
v -0.0186939 0.0440909 0.0070295
v -0.0186939 0.0440157 0.0070859
v -0.0186939 0.0439781 0.0071423
v -0.0186939 0.0439218 0.0071047
v -0.0186751 0.0438654 0.0070671
v -0.0186563 0.0438090 0.0070295
v -0.0186187 0.0437526 0.0069919
v -0.0185811 0.0437150 0.0069543
v -0.0185247 0.0436586 0.0069167
v -0.0184683 0.0436398 0.0068979
v -0.0183931 0.0436022 0.0068791
v -0.0183367 0.0435058 0.0069731
v -0.0182615 0.0434306 0.0070671
v -0.0181863 0.0433742 0.0071799
v -0.0178479 0.0433742 0.0071799
v -0.0177916 0.0433930 0.0071799
v -0.0177916 0.0433366 0.0073115
v -0.0177540 0.0433178 0.0074243
v -0.0176976 0.0433178 0.0075559
v -0.0176600 0.0433554 0.0076875
v -0.0176600 0.0433554 0.0078003
v -0.0176600 0.0433554 0.0079318
v -0.0176600 0.0433742 0.0080446
v -0.0176600 0.0434118 0.0081574
v -0.0176600 0.0434494 0.0082702
v -0.0176600 0.0435058 0.0083830
v -0.0176976 0.0434682 0.0084018
v -0.0177540 0.0434494 0.0084018
v -0.0177916 0.0434306 0.0084206
v -0.0178479 0.0434494 0.0084394
v -0.0181863 0.0434870 0.0085334
v -0.0182615 0.0435646 0.0086274
v -0.0183367 0.0435834 0.0086274
v -0.0183931 0.0436022 0.0086086
v -0.0184683 0.0435646 0.0084958
v -0.0185247 0.0435458 0.0083642
v -0.0185811 0.0435458 0.0082326
v -0.0186187 0.0435646 0.0081198
v -0.0186563 0.0436022 0.0079882
v -0.0186751 0.0436398 0.0078942
v -0.0186939 0.0436962 0.0077815
v -0.0186939 0.0437714 0.0077063
v -0.0186939 0.0436962 0.0077063
v -0.0186939 0.0437902 0.0076123
v -0.0186939 0.0437150 0.0076123
v -0.0186939 0.0437902 0.0075371
v -0.0186939 0.0437338 0.0075183
v -0.0186939 0.0438090 0.0074431
v -0.0186939 0.0437526 0.0074243
v -0.0186939 0.0438466 0.0073679
v -0.0186939 0.0437714 0.0073491
v -0.0186939 0.0438842 0.0072927
v -0.0186939 0.0438090 0.0072551
v -0.0186939 0.0439218 0.0072175
v -0.0186939 0.0438654 0.0071799
v -0.0186751 0.0438090 0.0071423
v -0.0186563 0.0437526 0.0071047
v -0.0186187 0.0436962 0.0070859
v -0.0185811 0.0436398 0.0070483
v -0.0185247 0.0436022 0.0070295
v -0.0184683 0.0435646 0.0069919
v -0.0183931 0.0435270 0.0069731
v -0.0183367 0.0434494 0.0070859
v -0.0182615 0.0433930 0.0071799
v -0.0181863 0.0433742 0.0072175
v -0.0178479 0.0433742 0.0072175
v -0.0178479 0.0433366 0.0073115
v -0.0178479 0.0433178 0.0073867
v -0.0177916 0.0433178 0.0074243
v -0.0177540 0.0432990 0.0075559
v -0.0176976 0.0433178 0.0076875
v -0.0176976 0.0433178 0.0078003
v -0.0176976 0.0433178 0.0079318
v -0.0176976 0.0433554 0.0080446
v -0.0176976 0.0433742 0.0081762
v -0.0176976 0.0434118 0.0082890
v -0.0177540 0.0433930 0.0082890
v -0.0177916 0.0433930 0.0083078
v -0.0178479 0.0433742 0.0083078
v -0.0178479 0.0434306 0.0084206
v -0.0181863 0.0434494 0.0084394
v -0.0182615 0.0435058 0.0085334
v -0.0183367 0.0435058 0.0085146
v -0.0183931 0.0435270 0.0084958
v -0.0184683 0.0435058 0.0083830
v -0.0185247 0.0434870 0.0082514
v -0.0185811 0.0435058 0.0081386
v -0.0186187 0.0435270 0.0080070
v -0.0186563 0.0435834 0.0078942
v -0.0186751 0.0436398 0.0078003
v -0.0186751 0.0436398 0.0076875
v -0.0186751 0.0436398 0.0075935
v -0.0186751 0.0436586 0.0074995
v -0.0186751 0.0436774 0.0074055
v -0.0186751 0.0437150 0.0073115
v -0.0186751 0.0437526 0.0072363
v -0.0186563 0.0436962 0.0071987
v -0.0186187 0.0436398 0.0071799
v -0.0185811 0.0435834 0.0071423
v -0.0185247 0.0435458 0.0071235
v -0.0184683 0.0435058 0.0071047
v -0.0183931 0.0434682 0.0070859
v -0.0183367 0.0433930 0.0071987
v -0.0182615 0.0433366 0.0073115
v -0.0181863 0.0433366 0.0073115
v -0.0181863 0.0433178 0.0073867
v -0.0181863 0.0432990 0.0074243
v -0.0178479 0.0432990 0.0074243
v -0.0177916 0.0432802 0.0075559
v -0.0177540 0.0432990 0.0076875
v -0.0177540 0.0432990 0.0078003
v -0.0177540 0.0432990 0.0079318
v -0.0177540 0.0433178 0.0080634
v -0.0177540 0.0433554 0.0081762
v -0.0177916 0.0433366 0.0081762
v -0.0178479 0.0433366 0.0081762
v -0.0178479 0.0433742 0.0082702
v -0.0181863 0.0433742 0.0083078
v -0.0181863 0.0434306 0.0084206
v -0.0182615 0.0434306 0.0084206
v -0.0183367 0.0434494 0.0084018
v -0.0183931 0.0434682 0.0084018
v -0.0184683 0.0434494 0.0082702
v -0.0185247 0.0434494 0.0081386
v -0.0185811 0.0434682 0.0080258
v -0.0186187 0.0435058 0.0079130
v -0.0186563 0.0435646 0.0078003
v -0.0186563 0.0435646 0.0076875
v -0.0186563 0.0435834 0.0075935
v -0.0186563 0.0436022 0.0074807
v -0.0186563 0.0436210 0.0073867
v -0.0186563 0.0436586 0.0072927
v -0.0186187 0.0436022 0.0072739
v -0.0185811 0.0435458 0.0072551
v -0.0185247 0.0434870 0.0072363
v -0.0184683 0.0434494 0.0072175
v -0.0183931 0.0434306 0.0071987
v -0.0183367 0.0433554 0.0073115
v -0.0182615 0.0433178 0.0074243
v -0.0181863 0.0432802 0.0075559
v -0.0178479 0.0432802 0.0075559
v -0.0178479 0.0432802 0.0075559
v -0.0177916 0.0432802 0.0076875
v -0.0177916 0.0432802 0.0078003
v -0.0177916 0.0432802 0.0079318
v -0.0177916 0.0433178 0.0080634
v -0.0178479 0.0433178 0.0081010
v -0.0181863 0.0433366 0.0081762
v -0.0181863 0.0433742 0.0082702
v -0.0182615 0.0433930 0.0083078
v -0.0183367 0.0433930 0.0082890
v -0.0183931 0.0434306 0.0082890
v -0.0184683 0.0434118 0.0081574
v -0.0185247 0.0434306 0.0080258
v -0.0185811 0.0434494 0.0079130
v -0.0186187 0.0435058 0.0078003
v -0.0186187 0.0435058 0.0076875
v -0.0186187 0.0435058 0.0075747
v -0.0186187 0.0435270 0.0074807
v -0.0186187 0.0435646 0.0073679
v -0.0185811 0.0435058 0.0073491
v -0.0185247 0.0434494 0.0073303
v -0.0184683 0.0434118 0.0073303
v -0.0183931 0.0433742 0.0073115
v -0.0183367 0.0433178 0.0074243
v -0.0182615 0.0432802 0.0075559
v -0.0181863 0.0432802 0.0075559
v -0.0181863 0.0432802 0.0076875
v -0.0178479 0.0432802 0.0076875
v -0.0178479 0.0432802 0.0077439
v -0.0178479 0.0432802 0.0078003
v -0.0178479 0.0432802 0.0079318
v -0.0178479 0.0432802 0.0079318
v -0.0178479 0.0432990 0.0080634
v -0.0181863 0.0433178 0.0081010
v -0.0182615 0.0433366 0.0081762
v -0.0183367 0.0433554 0.0081762
v -0.0183931 0.0433742 0.0081762
v -0.0184683 0.0433742 0.0080446
v -0.0185247 0.0434118 0.0079130
v -0.0185811 0.0434494 0.0078003
v -0.0185811 0.0434494 0.0076875
v -0.0185811 0.0434494 0.0075747
v -0.0185811 0.0434682 0.0074619
v -0.0185247 0.0434306 0.0074431
v -0.0184683 0.0433742 0.0074431
v -0.0183931 0.0433554 0.0074431
v -0.0183367 0.0432990 0.0075559
v -0.0182615 0.0432802 0.0076875
v -0.0181863 0.0432802 0.0077439
v -0.0181863 0.0432802 0.0078003
v -0.0181863 0.0432802 0.0079318
v -0.0181863 0.0432802 0.0079318
v -0.0181863 0.0432990 0.0080634
v -0.0182615 0.0433178 0.0080634
v -0.0183367 0.0433178 0.0080634
v -0.0183931 0.0433554 0.0080446
v -0.0184683 0.0433554 0.0079318
v -0.0185247 0.0433930 0.0078003
v -0.0185247 0.0433930 0.0076875
v -0.0185247 0.0434118 0.0075747
v -0.0184683 0.0433554 0.0075559
v -0.0183931 0.0433366 0.0075559
v -0.0183367 0.0432990 0.0076875
v -0.0182615 0.0432802 0.0078003
v -0.0182615 0.0432802 0.0079318
v -0.0183367 0.0432990 0.0079318
v -0.0183931 0.0433366 0.0079318
v -0.0184683 0.0433554 0.0078003
v -0.0184683 0.0433554 0.0076875
v -0.0183931 0.0433178 0.0076875
v -0.0183367 0.0432990 0.0078003
v -0.0183931 0.0433178 0.0078003
v -0.0176036 0.0094850 -0.0089940
v -0.0176036 0.0092782 -0.0077533
v -0.0176036 0.0093722 -0.0089940
v -0.0176036 0.0092782 -0.0090128
v -0.0176036 0.0091654 -0.0089940
v -0.0176036 0.0090526 -0.0089940
v -0.0176036 0.0089586 -0.0089752
v -0.0176036 0.0088646 -0.0089376
v -0.0176036 0.0087518 -0.0089000
v -0.0176036 0.0086578 -0.0088436
v -0.0176036 0.0085638 -0.0087872
v -0.0176036 0.0084886 -0.0087308
v -0.0176036 0.0084134 -0.0086556
v -0.0176036 0.0083382 -0.0085804
v -0.0176036 0.0082631 -0.0085052
v -0.0176036 0.0082067 -0.0084112
v -0.0176036 0.0081503 -0.0083172
v -0.0176036 0.0081127 -0.0082233
v -0.0176036 0.0080751 -0.0081293
v -0.0176036 0.0080563 -0.0080165
v -0.0176036 0.0080375 -0.0079225
v -0.0176036 0.0080187 -0.0078097
v -0.0176036 0.0080187 -0.0076969
v -0.0176036 0.0080375 -0.0076029
v -0.0176036 0.0080563 -0.0074901
v -0.0176036 0.0080751 -0.0073961
v -0.0176036 0.0081127 -0.0072833
v -0.0176036 0.0081503 -0.0071893
v -0.0176036 0.0082067 -0.0070953
v -0.0176036 0.0082631 -0.0070201
v -0.0176036 0.0083382 -0.0069261
v -0.0176036 0.0084134 -0.0068509
v -0.0176036 0.0084886 -0.0067946
v -0.0176036 0.0085638 -0.0067194
v -0.0176036 0.0086578 -0.0066630
v -0.0176036 0.0087518 -0.0066254
v -0.0176036 0.0088646 -0.0065878
v -0.0176036 0.0089586 -0.0065502
v -0.0176036 0.0090526 -0.0065314
v -0.0176036 0.0091654 -0.0065126
v -0.0176036 0.0092782 -0.0065126
v -0.0176036 0.0093722 -0.0065126
v -0.0176036 0.0094850 -0.0065314
v -0.0176036 0.0095790 -0.0065502
v -0.0176036 0.0096918 -0.0065878
v -0.0176036 0.0097857 -0.0066254
v -0.0176036 0.0098797 -0.0066630
v -0.0176036 0.0099737 -0.0067194
v -0.0176036 0.0100489 -0.0067946
v -0.0176036 0.0101429 -0.0068509
v -0.0176036 0.0102181 -0.0069261
v -0.0176036 0.0102745 -0.0070201
v -0.0176036 0.0103309 -0.0070953
v -0.0176036 0.0103873 -0.0071893
v -0.0176036 0.0104249 -0.0072833
v -0.0176036 0.0104625 -0.0073961
v -0.0176036 0.0105001 -0.0074901
v -0.0176036 0.0105189 -0.0076029
v -0.0176036 0.0105189 -0.0076969
v -0.0176036 0.0105189 -0.0078097
v -0.0176036 0.0105189 -0.0079225
v -0.0176036 0.0105001 -0.0080165
v -0.0176036 0.0104625 -0.0081293
v -0.0176036 0.0104249 -0.0082233
v -0.0176036 0.0103873 -0.0083172
v -0.0176036 0.0103309 -0.0084112
v -0.0176036 0.0102745 -0.0085052
v -0.0176036 0.0102181 -0.0085804
v -0.0176036 0.0101429 -0.0086556
v -0.0176036 0.0100489 -0.0087308
v -0.0176036 0.0099737 -0.0087872
v -0.0176036 0.0098797 -0.0088436
v -0.0176036 0.0097857 -0.0089000
v -0.0176036 0.0096918 -0.0089376
v -0.0176036 0.0095790 -0.0089752
v -0.0186939 0.0091842 -0.0087496
v -0.0186939 0.0092782 -0.0077533
v -0.0186939 0.0092782 -0.0087496
v -0.0186939 0.0093534 -0.0087496
v -0.0186939 0.0094474 -0.0087496
v -0.0186939 0.0095226 -0.0087308
v -0.0186939 0.0095978 -0.0086932
v -0.0186939 0.0096918 -0.0086744
v -0.0186939 0.0097669 -0.0086368
v -0.0186939 0.0098233 -0.0085804
v -0.0186939 0.0098985 -0.0085428
v -0.0186939 0.0099549 -0.0084864
v -0.0186939 0.0100301 -0.0084112
v -0.0186939 0.0100677 -0.0083548
v -0.0186939 0.0101241 -0.0082796
v -0.0186939 0.0101617 -0.0082045
v -0.0186939 0.0101993 -0.0081293
v -0.0186939 0.0102369 -0.0080541
v -0.0186939 0.0102557 -0.0079601
v -0.0186939 0.0102557 -0.0078849
v -0.0186939 0.0102745 -0.0077909
v -0.0186939 0.0102745 -0.0077157
v -0.0186939 0.0102557 -0.0076217
v -0.0186939 0.0102557 -0.0075465
v -0.0186939 0.0102369 -0.0074713
v -0.0186939 0.0101993 -0.0073773
v -0.0186939 0.0101617 -0.0073021
v -0.0186939 0.0101241 -0.0072269
v -0.0186939 0.0100677 -0.0071705
v -0.0186939 0.0100301 -0.0070953
v -0.0186939 0.0099549 -0.0070389
v -0.0186939 0.0098985 -0.0069825
v -0.0186939 0.0098233 -0.0069261
v -0.0186939 0.0097669 -0.0068885
v -0.0186939 0.0096918 -0.0068509
v -0.0186939 0.0095978 -0.0068134
v -0.0186939 0.0095226 -0.0067946
v -0.0186939 0.0094474 -0.0067758
v -0.0186939 0.0093534 -0.0067570
v -0.0186939 0.0092782 -0.0067570
v -0.0186939 0.0091842 -0.0067570
v -0.0186939 0.0091090 -0.0067758
v -0.0186939 0.0090150 -0.0067946
v -0.0186939 0.0089398 -0.0068134
v -0.0186939 0.0088646 -0.0068509
v -0.0186939 0.0087894 -0.0068885
v -0.0186939 0.0087142 -0.0069261
v -0.0186939 0.0086390 -0.0069825
v -0.0186939 0.0085826 -0.0070389
v -0.0186939 0.0085262 -0.0070953
v -0.0186939 0.0084698 -0.0071705
v -0.0186939 0.0084134 -0.0072269
v -0.0186939 0.0083758 -0.0073021
v -0.0186939 0.0083382 -0.0073773
v -0.0186939 0.0083194 -0.0074713
v -0.0186939 0.0083007 -0.0075465
v -0.0186939 0.0082819 -0.0076217
v -0.0186939 0.0082819 -0.0077157
v -0.0186939 0.0082819 -0.0077909
v -0.0186939 0.0082819 -0.0078849
v -0.0186939 0.0083007 -0.0079601
v -0.0186939 0.0083194 -0.0080541
v -0.0186939 0.0083382 -0.0081293
v -0.0186939 0.0083758 -0.0082045
v -0.0186939 0.0084134 -0.0082796
v -0.0186939 0.0084698 -0.0083548
v -0.0186939 0.0085262 -0.0084112
v -0.0186939 0.0085826 -0.0084864
v -0.0186939 0.0086390 -0.0085428
v -0.0186939 0.0087142 -0.0085804
v -0.0186939 0.0087894 -0.0086368
v -0.0186939 0.0088646 -0.0086744
v -0.0186939 0.0089398 -0.0086932
v -0.0186939 0.0090150 -0.0087308
v -0.0186939 0.0091090 -0.0087496
v -0.0178479 0.0093910 -0.0062658
v -0.0178479 0.0094474 -0.0062658
v -0.0181863 0.0094474 -0.0062658
v -0.0181863 0.0095226 -0.0062846
v -0.0178479 0.0095226 -0.0062846
v -0.0181863 0.0096354 -0.0063034
v -0.0178479 0.0096354 -0.0063034
v -0.0181863 0.0096542 -0.0063034
v -0.0178479 0.0096542 -0.0063034
v -0.0181863 0.0097669 -0.0063410
v -0.0178479 0.0097669 -0.0063410
v -0.0181863 0.0098045 -0.0063598
v -0.0178479 0.0098045 -0.0063598
v -0.0181863 0.0098985 -0.0063974
v -0.0178479 0.0098985 -0.0063974
v -0.0181863 0.0099737 -0.0064350
v -0.0178479 0.0099737 -0.0064350
v -0.0181863 0.0100113 -0.0064538
v -0.0178479 0.0100113 -0.0064538
v -0.0181863 0.0101053 -0.0065126
v -0.0178479 0.0101053 -0.0065126
v -0.0181863 0.0101241 -0.0065314
v -0.0178479 0.0101241 -0.0065314
v -0.0181863 0.0102181 -0.0065878
v -0.0178479 0.0102181 -0.0065878
v -0.0181863 0.0102745 -0.0066442
v -0.0178479 0.0102745 -0.0066442
v -0.0181863 0.0103121 -0.0066818
v -0.0178479 0.0103121 -0.0066818
v -0.0181863 0.0103873 -0.0067570
v -0.0178479 0.0103873 -0.0067570
v -0.0181863 0.0104061 -0.0067758
v -0.0178479 0.0104061 -0.0067758
v -0.0181863 0.0104813 -0.0068697
v -0.0178479 0.0104813 -0.0068697
v -0.0181863 0.0105001 -0.0069073
v -0.0178479 0.0105001 -0.0069073
v -0.0181863 0.0105588 -0.0069637
v -0.0178479 0.0105588 -0.0069637
v -0.0181863 0.0105964 -0.0070577
v -0.0178479 0.0105964 -0.0070577
v -0.0181863 0.0106152 -0.0070765
v -0.0178479 0.0106152 -0.0070765
v -0.0181863 0.0106716 -0.0072081
v -0.0178479 0.0106716 -0.0072081
v -0.0181863 0.0106716 -0.0072269
v -0.0178479 0.0106716 -0.0072269
v -0.0181863 0.0107092 -0.0073209
v -0.0178479 0.0107092 -0.0073209
v -0.0181863 0.0107280 -0.0073961
v -0.0178479 0.0107280 -0.0073961
v -0.0181863 0.0107468 -0.0074337
v -0.0178479 0.0107468 -0.0074337
v -0.0181863 0.0107656 -0.0075653
v -0.0178479 0.0107656 -0.0075653
v -0.0181863 0.0107656 -0.0075841
v -0.0178479 0.0107656 -0.0075841
v -0.0181863 0.0107656 -0.0076969
v -0.0178479 0.0107656 -0.0076969
v -0.0181863 0.0107656 -0.0077533
v -0.0178479 0.0107656 -0.0077533
v -0.0181863 0.0107656 -0.0078285
v -0.0178479 0.0107656 -0.0078285
v -0.0181863 0.0107656 -0.0079413
v -0.0178479 0.0107656 -0.0079413
v -0.0181863 0.0107656 -0.0079413
v -0.0178479 0.0107656 -0.0079413
v -0.0181863 0.0107468 -0.0080729
v -0.0178479 0.0107468 -0.0080729
v -0.0181863 0.0107280 -0.0081105
v -0.0178479 0.0107280 -0.0081105
v -0.0181863 0.0107092 -0.0082045
v -0.0178479 0.0107092 -0.0082045
v -0.0181863 0.0106716 -0.0082984
v -0.0178479 0.0106716 -0.0082984
v -0.0181863 0.0106716 -0.0083172
v -0.0178479 0.0106716 -0.0083172
v -0.0181863 0.0106152 -0.0084300
v -0.0178479 0.0106152 -0.0084300
v -0.0181863 0.0105964 -0.0084488
v -0.0178479 0.0105964 -0.0084488
v -0.0181863 0.0105588 -0.0085428
v -0.0178479 0.0105588 -0.0085428
v -0.0181863 0.0105001 -0.0086180
v -0.0178479 0.0105001 -0.0086180
v -0.0181863 0.0104813 -0.0086556
v -0.0178479 0.0104813 -0.0086556
v -0.0181863 0.0104061 -0.0087496
v -0.0178479 0.0104061 -0.0087496
v -0.0181863 0.0103873 -0.0087496
v -0.0178479 0.0103873 -0.0087496
v -0.0181863 0.0103121 -0.0088436
v -0.0178479 0.0103121 -0.0088436
v -0.0181863 0.0102745 -0.0088812
v -0.0178479 0.0102745 -0.0088812
v -0.0181863 0.0102181 -0.0089188
v -0.0178479 0.0102181 -0.0089188
v -0.0181863 0.0101241 -0.0089940
v -0.0178479 0.0101241 -0.0089940
v -0.0181863 0.0101053 -0.0089940
v -0.0178479 0.0101053 -0.0089940
v -0.0181863 0.0100113 -0.0090692
v -0.0178479 0.0100113 -0.0090692
v -0.0181863 0.0099737 -0.0090880
v -0.0178479 0.0099737 -0.0090880
v -0.0181863 0.0098985 -0.0091256
v -0.0178479 0.0098985 -0.0091256
v -0.0181863 0.0098045 -0.0091632
v -0.0178479 0.0098045 -0.0091632
v -0.0181863 0.0097669 -0.0091632
v -0.0178479 0.0097669 -0.0091632
v -0.0181863 0.0096542 -0.0092008
v -0.0178479 0.0096542 -0.0092008
v -0.0181863 0.0096354 -0.0092196
v -0.0178479 0.0096354 -0.0092196
v -0.0181863 0.0095226 -0.0092384
v -0.0178479 0.0095226 -0.0092384
v -0.0181863 0.0094474 -0.0092384
v -0.0178479 0.0094474 -0.0092384
v -0.0181863 0.0093910 -0.0092572
v -0.0178479 0.0093910 -0.0092572
v -0.0181863 0.0092782 -0.0092572
v -0.0178479 0.0092782 -0.0092572
v -0.0181863 0.0091466 -0.0092572
v -0.0178479 0.0091466 -0.0092572
v -0.0181863 0.0090902 -0.0092384
v -0.0178479 0.0090902 -0.0092384
v -0.0181863 0.0090150 -0.0092384
v -0.0178479 0.0090150 -0.0092384
v -0.0181863 0.0089210 -0.0092196
v -0.0178479 0.0089210 -0.0092196
v -0.0181863 0.0089022 -0.0092008
v -0.0178479 0.0089022 -0.0092008
v -0.0177916 0.0089022 -0.0092008
v -0.0177916 0.0090150 -0.0092384
v -0.0177916 0.0091466 -0.0092384
v -0.0178479 0.0092782 -0.0092572
v -0.0177916 0.0092782 -0.0092572
v -0.0177916 0.0093910 -0.0092384
v -0.0177916 0.0095226 -0.0092384
v -0.0177916 0.0096542 -0.0092008
v -0.0177916 0.0097669 -0.0091632
v -0.0177916 0.0098797 -0.0091256
v -0.0177916 0.0099925 -0.0090692
v -0.0177916 0.0101053 -0.0089940
v -0.0177916 0.0102181 -0.0089188
v -0.0177916 0.0103121 -0.0088436
v -0.0177916 0.0103873 -0.0087496
v -0.0177916 0.0104813 -0.0086556
v -0.0177916 0.0105400 -0.0085428
v -0.0177916 0.0106152 -0.0084300
v -0.0177916 0.0106528 -0.0083172
v -0.0177916 0.0107092 -0.0082045
v -0.0177916 0.0107280 -0.0080729
v -0.0177916 0.0107656 -0.0079413
v -0.0177916 0.0107656 -0.0078285
v -0.0177916 0.0107656 -0.0076969
v -0.0177916 0.0107656 -0.0075653
v -0.0177916 0.0107280 -0.0074337
v -0.0177916 0.0107092 -0.0073209
v -0.0177916 0.0106528 -0.0072081
v -0.0177916 0.0106152 -0.0070765
v -0.0177916 0.0105400 -0.0069825
v -0.0177916 0.0104813 -0.0068697
v -0.0177916 0.0103873 -0.0067758
v -0.0177916 0.0103121 -0.0066818
v -0.0177916 0.0102181 -0.0065878
v -0.0177916 0.0101053 -0.0065126
v -0.0177916 0.0099925 -0.0064538
v -0.0177916 0.0098797 -0.0063974
v -0.0177916 0.0097669 -0.0063410
v -0.0177916 0.0096542 -0.0063034
v -0.0177916 0.0095226 -0.0062846
v -0.0177916 0.0093910 -0.0062658
v -0.0178479 0.0092782 -0.0062470
v -0.0177916 0.0092782 -0.0062658
v -0.0178479 0.0091466 -0.0062658
v -0.0177916 0.0091466 -0.0062658
v -0.0178479 0.0090902 -0.0062658
v -0.0177916 0.0090150 -0.0062846
v -0.0178479 0.0090150 -0.0062846
v -0.0181863 0.0090902 -0.0062658
v -0.0181863 0.0091466 -0.0062658
v -0.0181863 0.0092782 -0.0062470
v -0.0178479 0.0092782 -0.0062470
v -0.0181863 0.0093910 -0.0062658
v -0.0181863 0.0092782 -0.0062470
v -0.0182615 0.0092782 -0.0062658
v -0.0182615 0.0093910 -0.0062658
v -0.0182615 0.0095226 -0.0062846
v -0.0182615 0.0096542 -0.0063034
v -0.0182615 0.0097669 -0.0063410
v -0.0182615 0.0098797 -0.0063974
v -0.0182615 0.0099925 -0.0064538
v -0.0182615 0.0101053 -0.0065126
v -0.0182615 0.0102181 -0.0065878
v -0.0182615 0.0103121 -0.0066818
v -0.0182615 0.0103873 -0.0067758
v -0.0182615 0.0104813 -0.0068697
v -0.0182615 0.0105400 -0.0069825
v -0.0182615 0.0106152 -0.0070765
v -0.0182615 0.0106528 -0.0072081
v -0.0182615 0.0107092 -0.0073209
v -0.0182615 0.0107280 -0.0074337
v -0.0182615 0.0107656 -0.0075653
v -0.0182615 0.0107656 -0.0076969
v -0.0182615 0.0107656 -0.0078285
v -0.0182615 0.0107656 -0.0079413
v -0.0182615 0.0107280 -0.0080729
v -0.0182615 0.0107092 -0.0082045
v -0.0182615 0.0106528 -0.0083172
v -0.0182615 0.0106152 -0.0084300
v -0.0182615 0.0105400 -0.0085428
v -0.0182615 0.0104813 -0.0086556
v -0.0182615 0.0103873 -0.0087496
v -0.0182615 0.0103121 -0.0088436
v -0.0182615 0.0102181 -0.0089188
v -0.0182615 0.0101053 -0.0089940
v -0.0182615 0.0099925 -0.0090692
v -0.0182615 0.0098797 -0.0091256
v -0.0182615 0.0097669 -0.0091632
v -0.0182615 0.0096542 -0.0092008
v -0.0182615 0.0095226 -0.0092384
v -0.0182615 0.0093910 -0.0092384
v -0.0181863 0.0092782 -0.0092572
v -0.0182615 0.0092782 -0.0092572
v -0.0182615 0.0091466 -0.0092384
v -0.0182615 0.0090150 -0.0092384
v -0.0182615 0.0089022 -0.0092008
v -0.0181863 0.0087706 -0.0091632
v -0.0178479 0.0087706 -0.0091632
v -0.0178479 0.0087330 -0.0091632
v -0.0177916 0.0087706 -0.0091632
v -0.0177540 0.0086578 -0.0091068
v -0.0177540 0.0087706 -0.0091444
v -0.0177540 0.0089022 -0.0091820
v -0.0177540 0.0090150 -0.0092196
v -0.0177540 0.0091466 -0.0092384
v -0.0177540 0.0092782 -0.0092384
v -0.0177540 0.0093910 -0.0092384
v -0.0177540 0.0095226 -0.0092196
v -0.0177540 0.0096542 -0.0091820
v -0.0177540 0.0097669 -0.0091444
v -0.0177540 0.0098797 -0.0091068
v -0.0177540 0.0099925 -0.0090504
v -0.0177540 0.0101053 -0.0089752
v -0.0177540 0.0101993 -0.0089188
v -0.0177540 0.0102933 -0.0088248
v -0.0177540 0.0103873 -0.0087308
v -0.0177540 0.0104625 -0.0086368
v -0.0177540 0.0105400 -0.0085428
v -0.0177540 0.0105964 -0.0084300
v -0.0177540 0.0106528 -0.0083172
v -0.0177540 0.0106904 -0.0081857
v -0.0177540 0.0107280 -0.0080729
v -0.0177540 0.0107468 -0.0079413
v -0.0177540 0.0107468 -0.0078285
v -0.0177540 0.0107468 -0.0076969
v -0.0177540 0.0107468 -0.0075653
v -0.0177540 0.0107280 -0.0074525
v -0.0177540 0.0106904 -0.0073209
v -0.0177540 0.0106528 -0.0072081
v -0.0177540 0.0105964 -0.0070953
v -0.0177540 0.0105400 -0.0069825
v -0.0177540 0.0104625 -0.0068697
v -0.0177540 0.0103873 -0.0067758
v -0.0177540 0.0102933 -0.0066818
v -0.0177540 0.0101993 -0.0066066
v -0.0177540 0.0101053 -0.0065314
v -0.0177540 0.0099925 -0.0064538
v -0.0177540 0.0098797 -0.0063974
v -0.0177540 0.0097669 -0.0063598
v -0.0177540 0.0096542 -0.0063222
v -0.0177540 0.0095226 -0.0063034
v -0.0177540 0.0093910 -0.0062846
v -0.0177540 0.0092782 -0.0062658
v -0.0177540 0.0091466 -0.0062846
v -0.0177540 0.0090150 -0.0063034
v -0.0177540 0.0089022 -0.0063222
v -0.0177916 0.0089022 -0.0063034
v -0.0178479 0.0089210 -0.0063034
v -0.0181863 0.0090150 -0.0062846
v -0.0182615 0.0091466 -0.0062658
v -0.0183367 0.0091466 -0.0062846
v -0.0183367 0.0092782 -0.0062846
v -0.0183367 0.0093910 -0.0062846
v -0.0183367 0.0095226 -0.0063034
v -0.0183367 0.0096542 -0.0063222
v -0.0183367 0.0097669 -0.0063598
v -0.0183367 0.0098797 -0.0064162
v -0.0183367 0.0099925 -0.0064726
v -0.0183367 0.0101053 -0.0065314
v -0.0183367 0.0101993 -0.0066066
v -0.0183367 0.0102933 -0.0066818
v -0.0183367 0.0103873 -0.0067758
v -0.0183367 0.0104625 -0.0068697
v -0.0183367 0.0105400 -0.0069825
v -0.0183367 0.0105964 -0.0070953
v -0.0183367 0.0106528 -0.0072081
v -0.0183367 0.0106904 -0.0073209
v -0.0183367 0.0107280 -0.0074525
v -0.0183367 0.0107468 -0.0075653
v -0.0183367 0.0107468 -0.0076969
v -0.0183367 0.0107468 -0.0078285
v -0.0183367 0.0107468 -0.0079413
v -0.0183367 0.0107280 -0.0080729
v -0.0183367 0.0106904 -0.0081857
v -0.0183367 0.0106528 -0.0083172
v -0.0183367 0.0105964 -0.0084300
v -0.0183367 0.0105400 -0.0085240
v -0.0183367 0.0104625 -0.0086368
v -0.0183367 0.0103873 -0.0087308
v -0.0183367 0.0102933 -0.0088248
v -0.0183367 0.0101993 -0.0089000
v -0.0183367 0.0101053 -0.0089752
v -0.0183367 0.0099925 -0.0090504
v -0.0183367 0.0098797 -0.0091068
v -0.0183367 0.0097669 -0.0091444
v -0.0183367 0.0096542 -0.0091820
v -0.0183367 0.0095226 -0.0092196
v -0.0183367 0.0093910 -0.0092384
v -0.0183367 0.0092782 -0.0092384
v -0.0183367 0.0091466 -0.0092384
v -0.0183367 0.0090150 -0.0092196
v -0.0183367 0.0089022 -0.0091820
v -0.0182615 0.0087706 -0.0091632
v -0.0181863 0.0087330 -0.0091632
v -0.0181863 0.0086578 -0.0091256
v -0.0178479 0.0086578 -0.0091256
v -0.0178479 0.0085826 -0.0090880
v -0.0177916 0.0086578 -0.0091256
v -0.0177540 0.0085450 -0.0090504
v -0.0176976 0.0084510 -0.0089564
v -0.0176976 0.0085638 -0.0090316
v -0.0176976 0.0086766 -0.0090880
v -0.0176976 0.0087894 -0.0091256
v -0.0176976 0.0089022 -0.0091632
v -0.0176976 0.0090338 -0.0092008
v -0.0176976 0.0091466 -0.0092008
v -0.0176976 0.0092782 -0.0092196
v -0.0176976 0.0093910 -0.0092008
v -0.0176976 0.0095226 -0.0092008
v -0.0176976 0.0096354 -0.0091632
v -0.0176976 0.0097669 -0.0091256
v -0.0176976 0.0098797 -0.0090880
v -0.0176976 0.0099737 -0.0090316
v -0.0176976 0.0100865 -0.0089564
v -0.0176976 0.0101805 -0.0089000
v -0.0176976 0.0102745 -0.0088060
v -0.0176976 0.0103685 -0.0087120
v -0.0176976 0.0104437 -0.0086180
v -0.0176976 0.0105189 -0.0085240
v -0.0176976 0.0105776 -0.0084112
v -0.0176976 0.0106340 -0.0082984
v -0.0176976 0.0106716 -0.0081857
v -0.0176976 0.0106904 -0.0080729
v -0.0176976 0.0107280 -0.0079413
v -0.0176976 0.0107280 -0.0078285
v -0.0176976 0.0107280 -0.0076969
v -0.0176976 0.0107280 -0.0075653
v -0.0176976 0.0106904 -0.0074525
v -0.0176976 0.0106716 -0.0073397
v -0.0176976 0.0106340 -0.0072081
v -0.0176976 0.0105776 -0.0070953
v -0.0176976 0.0105189 -0.0070013
v -0.0176976 0.0104437 -0.0068885
v -0.0176976 0.0103685 -0.0067946
v -0.0176976 0.0102745 -0.0067006
v -0.0176976 0.0101805 -0.0066254
v -0.0176976 0.0100865 -0.0065502
v -0.0176976 0.0099737 -0.0064914
v -0.0176976 0.0098797 -0.0064350
v -0.0176976 0.0097669 -0.0063786
v -0.0176976 0.0096354 -0.0063410
v -0.0176976 0.0095226 -0.0063222
v -0.0176976 0.0093910 -0.0063034
v -0.0176976 0.0092782 -0.0063034
v -0.0176976 0.0091466 -0.0063034
v -0.0176976 0.0090338 -0.0063222
v -0.0176976 0.0089022 -0.0063410
v -0.0176976 0.0087894 -0.0063786
v -0.0177540 0.0087706 -0.0063598
v -0.0177916 0.0087706 -0.0063410
v -0.0178479 0.0087706 -0.0063410
v -0.0178479 0.0089022 -0.0063034
v -0.0181863 0.0089210 -0.0063034
v -0.0182615 0.0090150 -0.0062846
v -0.0183367 0.0090150 -0.0063034
v -0.0183931 0.0090338 -0.0063222
v -0.0183931 0.0091466 -0.0063034
v -0.0183931 0.0092782 -0.0063034
v -0.0183931 0.0093910 -0.0063034
v -0.0183931 0.0095226 -0.0063222
v -0.0183931 0.0096354 -0.0063410
v -0.0183931 0.0097481 -0.0063786
v -0.0183931 0.0098797 -0.0064350
v -0.0183931 0.0099737 -0.0064914
v -0.0183931 0.0100865 -0.0065502
v -0.0183931 0.0101805 -0.0066254
v -0.0183931 0.0102745 -0.0067006
v -0.0183931 0.0103685 -0.0067946
v -0.0183931 0.0104437 -0.0068885
v -0.0183931 0.0105189 -0.0070013
v -0.0183931 0.0105776 -0.0070953
v -0.0183931 0.0106152 -0.0072081
v -0.0183931 0.0106716 -0.0073397
v -0.0183931 0.0106904 -0.0074525
v -0.0183931 0.0107092 -0.0075653
v -0.0183931 0.0107280 -0.0076969
v -0.0183931 0.0107280 -0.0078285
v -0.0183931 0.0107092 -0.0079413
v -0.0183931 0.0106904 -0.0080729
v -0.0183931 0.0106716 -0.0081857
v -0.0183931 0.0106152 -0.0082984
v -0.0183931 0.0105776 -0.0084112
v -0.0183931 0.0105189 -0.0085240
v -0.0183931 0.0104437 -0.0086180
v -0.0183931 0.0103685 -0.0087120
v -0.0183931 0.0102745 -0.0088060
v -0.0183931 0.0101805 -0.0088812
v -0.0183931 0.0100865 -0.0089564
v -0.0183931 0.0099737 -0.0090316
v -0.0183931 0.0098797 -0.0090880
v -0.0183931 0.0097481 -0.0091256
v -0.0183931 0.0096354 -0.0091632
v -0.0183931 0.0095226 -0.0091820
v -0.0183931 0.0093910 -0.0092008
v -0.0183931 0.0092782 -0.0092196
v -0.0183931 0.0091466 -0.0092008
v -0.0183931 0.0090338 -0.0091820
v -0.0183931 0.0089022 -0.0091632
v -0.0183367 0.0087706 -0.0091444
v -0.0182615 0.0086578 -0.0091256
v -0.0181863 0.0085826 -0.0090880
v -0.0181863 0.0085450 -0.0090692
v -0.0178479 0.0085450 -0.0090692
v -0.0177916 0.0085450 -0.0090692
v -0.0177540 0.0084510 -0.0089752
v -0.0176976 0.0083570 -0.0089000
v -0.0176600 0.0082819 -0.0087872
v -0.0176600 0.0083758 -0.0088624
v -0.0176600 0.0084698 -0.0089376
v -0.0176600 0.0085826 -0.0089940
v -0.0176600 0.0086766 -0.0090504
v -0.0176600 0.0087894 -0.0091068
v -0.0176600 0.0089210 -0.0091444
v -0.0176600 0.0090338 -0.0091632
v -0.0176600 0.0091466 -0.0091820
v -0.0176600 0.0092782 -0.0091820
v -0.0176600 0.0093910 -0.0091820
v -0.0176600 0.0095226 -0.0091632
v -0.0176600 0.0096354 -0.0091444
v -0.0176600 0.0097481 -0.0091068
v -0.0176600 0.0098609 -0.0090504
v -0.0176600 0.0099737 -0.0089940
v -0.0176600 0.0100677 -0.0089376
v -0.0176600 0.0101617 -0.0088624
v -0.0176600 0.0102557 -0.0087872
v -0.0176600 0.0103497 -0.0086932
v -0.0176600 0.0104249 -0.0085992
v -0.0176600 0.0104813 -0.0085052
v -0.0176600 0.0105400 -0.0083924
v -0.0176600 0.0105964 -0.0082984
v -0.0176600 0.0106340 -0.0081669
v -0.0176600 0.0106716 -0.0080541
v -0.0176600 0.0106904 -0.0079413
v -0.0176600 0.0106904 -0.0078097
v -0.0176600 0.0106904 -0.0076969
v -0.0176600 0.0106904 -0.0075841
v -0.0176600 0.0106716 -0.0074525
v -0.0176600 0.0106340 -0.0073397
v -0.0176600 0.0105964 -0.0072269
v -0.0176600 0.0105400 -0.0071141
v -0.0176600 0.0104813 -0.0070013
v -0.0176600 0.0104249 -0.0069073
v -0.0176600 0.0103497 -0.0068134
v -0.0176600 0.0102557 -0.0067194
v -0.0176600 0.0101617 -0.0066442
v -0.0176600 0.0100677 -0.0065690
v -0.0176600 0.0099737 -0.0065126
v -0.0176600 0.0098609 -0.0064538
v -0.0176600 0.0097481 -0.0064162
v -0.0176600 0.0096354 -0.0063786
v -0.0176600 0.0095226 -0.0063410
v -0.0176600 0.0093910 -0.0063410
v -0.0176600 0.0092782 -0.0063222
v -0.0176600 0.0091466 -0.0063410
v -0.0176600 0.0090338 -0.0063410
v -0.0176600 0.0089210 -0.0063786
v -0.0176600 0.0087894 -0.0064162
v -0.0176600 0.0086766 -0.0064538
v -0.0176976 0.0086766 -0.0064350
v -0.0177540 0.0086578 -0.0063974
v -0.0177916 0.0086578 -0.0063974
v -0.0178479 0.0086578 -0.0063974
v -0.0178479 0.0087330 -0.0063598
v -0.0181863 0.0087706 -0.0063410
v -0.0181863 0.0089022 -0.0063034
v -0.0182615 0.0089022 -0.0063034
v -0.0183367 0.0089022 -0.0063222
v -0.0183931 0.0089022 -0.0063410
v -0.0184683 0.0088082 -0.0064162
v -0.0184683 0.0089210 -0.0063786
v -0.0184683 0.0090338 -0.0063598
v -0.0184683 0.0091466 -0.0063410
v -0.0184683 0.0092782 -0.0063410
v -0.0184683 0.0093910 -0.0063410
v -0.0184683 0.0095038 -0.0063598
v -0.0184683 0.0096354 -0.0063786
v -0.0184683 0.0097481 -0.0064162
v -0.0184683 0.0098609 -0.0064538
v -0.0184683 0.0099737 -0.0065126
v -0.0184683 0.0100677 -0.0065878
v -0.0184683 0.0101617 -0.0066442
v -0.0184683 0.0102557 -0.0067382
v -0.0184683 0.0103309 -0.0068134
v -0.0184683 0.0104061 -0.0069073
v -0.0184683 0.0104813 -0.0070201
v -0.0184683 0.0105400 -0.0071141
v -0.0184683 0.0105964 -0.0072269
v -0.0184683 0.0106340 -0.0073397
v -0.0184683 0.0106716 -0.0074525
v -0.0184683 0.0106904 -0.0075841
v -0.0184683 0.0106904 -0.0076969
v -0.0184683 0.0106904 -0.0078097
v -0.0184683 0.0106904 -0.0079413
v -0.0184683 0.0106716 -0.0080541
v -0.0184683 0.0106340 -0.0081669
v -0.0184683 0.0105964 -0.0082796
v -0.0184683 0.0105400 -0.0083924
v -0.0184683 0.0104813 -0.0085052
v -0.0184683 0.0104061 -0.0085992
v -0.0184683 0.0103309 -0.0086932
v -0.0184683 0.0102557 -0.0087872
v -0.0184683 0.0101617 -0.0088624
v -0.0184683 0.0100677 -0.0089376
v -0.0184683 0.0099737 -0.0089940
v -0.0184683 0.0098609 -0.0090504
v -0.0184683 0.0097481 -0.0090880
v -0.0184683 0.0096354 -0.0091256
v -0.0184683 0.0095038 -0.0091632
v -0.0184683 0.0093910 -0.0091820
v -0.0184683 0.0092782 -0.0091820
v -0.0184683 0.0091466 -0.0091820
v -0.0184683 0.0090338 -0.0091632
v -0.0184683 0.0089210 -0.0091256
v -0.0184683 0.0088082 -0.0090880
v -0.0183931 0.0087894 -0.0091256
v -0.0183367 0.0086578 -0.0091068
v -0.0182615 0.0085450 -0.0090692
v -0.0181863 0.0084322 -0.0089940
v -0.0178479 0.0084322 -0.0089940
v -0.0177916 0.0084322 -0.0089940
v -0.0177540 0.0083382 -0.0089188
v -0.0176976 0.0082631 -0.0088060
v -0.0176600 0.0082067 -0.0086932
v -0.0176412 0.0081503 -0.0085804
v -0.0176412 0.0082255 -0.0086744
v -0.0176412 0.0083194 -0.0087684
v -0.0176412 0.0083946 -0.0088436
v -0.0176412 0.0084886 -0.0089000
v -0.0176412 0.0086014 -0.0089752
v -0.0176412 0.0086954 -0.0090316
v -0.0176412 0.0088082 -0.0090692
v -0.0176412 0.0089210 -0.0091068
v -0.0176412 0.0090338 -0.0091256
v -0.0176412 0.0091466 -0.0091444
v -0.0176412 0.0092782 -0.0091444
v -0.0176412 0.0093910 -0.0091444
v -0.0176412 0.0095038 -0.0091256
v -0.0176412 0.0096166 -0.0091068
v -0.0176412 0.0097293 -0.0090692
v -0.0176412 0.0098421 -0.0090316
v -0.0176412 0.0099549 -0.0089752
v -0.0176412 0.0100489 -0.0089000
v -0.0176412 0.0101429 -0.0088436
v -0.0176412 0.0102369 -0.0087684
v -0.0176412 0.0103121 -0.0086744
v -0.0176412 0.0103873 -0.0085804
v -0.0176412 0.0104625 -0.0084864
v -0.0176412 0.0105189 -0.0083736
v -0.0176412 0.0105588 -0.0082796
v -0.0176412 0.0105964 -0.0081669
v -0.0176412 0.0106340 -0.0080541
v -0.0176412 0.0106528 -0.0079413
v -0.0176412 0.0106528 -0.0078097
v -0.0176412 0.0106528 -0.0076969
v -0.0176412 0.0106528 -0.0075841
v -0.0176412 0.0106340 -0.0074713
v -0.0176412 0.0105964 -0.0073585
v -0.0176412 0.0105588 -0.0072457
v -0.0176412 0.0105189 -0.0071329
v -0.0176412 0.0104625 -0.0070389
v -0.0176412 0.0103873 -0.0069261
v -0.0176412 0.0103121 -0.0068322
v -0.0176412 0.0102369 -0.0067570
v -0.0176412 0.0101429 -0.0066818
v -0.0176412 0.0100489 -0.0066066
v -0.0176412 0.0099549 -0.0065502
v -0.0176412 0.0098421 -0.0064914
v -0.0176412 0.0097293 -0.0064538
v -0.0176412 0.0096166 -0.0064162
v -0.0176412 0.0095038 -0.0063786
v -0.0176412 0.0093910 -0.0063786
v -0.0176412 0.0092782 -0.0063598
v -0.0176412 0.0091466 -0.0063786
v -0.0176412 0.0090338 -0.0063786
v -0.0176412 0.0089210 -0.0064162
v -0.0176412 0.0088082 -0.0064538
v -0.0176412 0.0086954 -0.0064914
v -0.0176412 0.0086014 -0.0065502
v -0.0176600 0.0085826 -0.0065126
v -0.0176976 0.0085638 -0.0064914
v -0.0177540 0.0085450 -0.0064538
v -0.0177916 0.0085450 -0.0064538
v -0.0178479 0.0085826 -0.0064350
v -0.0181863 0.0086578 -0.0063974
v -0.0181863 0.0087330 -0.0063598
v -0.0182615 0.0087706 -0.0063410
v -0.0183367 0.0087706 -0.0063598
v -0.0183931 0.0087894 -0.0063786
v -0.0184683 0.0086954 -0.0064538
v -0.0185247 0.0086014 -0.0065502
v -0.0185247 0.0087142 -0.0064914
v -0.0185247 0.0088082 -0.0064538
v -0.0185247 0.0089210 -0.0064162
v -0.0185247 0.0090338 -0.0063974
v -0.0185247 0.0091466 -0.0063786
v -0.0185247 0.0092782 -0.0063786
v -0.0185247 0.0093910 -0.0063786
v -0.0185247 0.0095038 -0.0063974
v -0.0185247 0.0096166 -0.0064162
v -0.0185247 0.0097293 -0.0064538
v -0.0185247 0.0098421 -0.0064914
v -0.0185247 0.0099361 -0.0065502
v -0.0185247 0.0100489 -0.0066254
v -0.0185247 0.0101429 -0.0066818
v -0.0185247 0.0102181 -0.0067570
v -0.0185247 0.0103121 -0.0068509
v -0.0185247 0.0103873 -0.0069449
v -0.0185247 0.0104437 -0.0070389
v -0.0185247 0.0105001 -0.0071329
v -0.0185247 0.0105588 -0.0072457
v -0.0185247 0.0105964 -0.0073585
v -0.0185247 0.0106152 -0.0074713
v -0.0185247 0.0106340 -0.0075841
v -0.0185247 0.0106528 -0.0076969
v -0.0185247 0.0106528 -0.0078097
v -0.0185247 0.0106340 -0.0079413
v -0.0185247 0.0106152 -0.0080541
v -0.0185247 0.0105964 -0.0081669
v -0.0185247 0.0105588 -0.0082796
v -0.0185247 0.0105001 -0.0083736
v -0.0185247 0.0104437 -0.0084864
v -0.0185247 0.0103873 -0.0085804
v -0.0185247 0.0103121 -0.0086744
v -0.0185247 0.0102181 -0.0087496
v -0.0185247 0.0101429 -0.0088248
v -0.0185247 0.0100489 -0.0089000
v -0.0185247 0.0099361 -0.0089564
v -0.0185247 0.0098421 -0.0090128
v -0.0185247 0.0097293 -0.0090504
v -0.0185247 0.0096166 -0.0090880
v -0.0185247 0.0095038 -0.0091068
v -0.0185247 0.0093910 -0.0091256
v -0.0185247 0.0092782 -0.0091444
v -0.0185247 0.0091466 -0.0091256
v -0.0185247 0.0090338 -0.0091068
v -0.0185247 0.0089210 -0.0090880
v -0.0185247 0.0088082 -0.0090504
v -0.0185247 0.0087142 -0.0090128
v -0.0184683 0.0086954 -0.0090504
v -0.0183931 0.0086766 -0.0090880
v -0.0183367 0.0085450 -0.0090504
v -0.0182615 0.0084322 -0.0089940
v -0.0181863 0.0084134 -0.0089940
v -0.0178479 0.0084134 -0.0089940
v -0.0178479 0.0082819 -0.0088812
v -0.0178479 0.0083382 -0.0089188
v -0.0177916 0.0083382 -0.0089188
v -0.0177540 0.0082443 -0.0088248
v -0.0176976 0.0081691 -0.0087120
v -0.0176600 0.0081315 -0.0085992
v -0.0176412 0.0080939 -0.0084864
v -0.0176224 0.0080751 -0.0083548
v -0.0176224 0.0081315 -0.0084676
v -0.0176224 0.0081879 -0.0085616
v -0.0176224 0.0082631 -0.0086556
v -0.0176224 0.0083382 -0.0087308
v -0.0176224 0.0084322 -0.0088060
v -0.0176224 0.0085262 -0.0088812
v -0.0176224 0.0086202 -0.0089376
v -0.0176224 0.0087142 -0.0089752
v -0.0176224 0.0088270 -0.0090316
v -0.0176224 0.0089398 -0.0090504
v -0.0176224 0.0090526 -0.0090880
v -0.0176224 0.0091654 -0.0091068
v -0.0176224 0.0092782 -0.0091068
v -0.0176224 0.0093910 -0.0091068
v -0.0176224 0.0095038 -0.0090880
v -0.0176224 0.0096166 -0.0090504
v -0.0176224 0.0097293 -0.0090316
v -0.0176224 0.0098233 -0.0089752
v -0.0176224 0.0099361 -0.0089376
v -0.0176224 0.0100301 -0.0088812
v -0.0176224 0.0101241 -0.0088060
v -0.0176224 0.0101993 -0.0087308
v -0.0176224 0.0102745 -0.0086556
v -0.0176224 0.0103497 -0.0085616
v -0.0176224 0.0104249 -0.0084676
v -0.0176224 0.0104813 -0.0083548
v -0.0176224 0.0105189 -0.0082608
v -0.0176224 0.0105588 -0.0081481
v -0.0176224 0.0105964 -0.0080353
v -0.0176224 0.0106152 -0.0079225
v -0.0176224 0.0106152 -0.0078097
v -0.0176224 0.0106152 -0.0076969
v -0.0176224 0.0106152 -0.0075841
v -0.0176224 0.0105964 -0.0074713
v -0.0176224 0.0105588 -0.0073585
v -0.0176224 0.0105189 -0.0072645
v -0.0176224 0.0104813 -0.0071517
v -0.0176224 0.0104249 -0.0070577
v -0.0176224 0.0103497 -0.0069637
v -0.0176224 0.0102745 -0.0068697
v -0.0176224 0.0101993 -0.0067946
v -0.0176224 0.0101241 -0.0067194
v -0.0176224 0.0100301 -0.0066442
v -0.0176224 0.0099361 -0.0065878
v -0.0176224 0.0098233 -0.0065314
v -0.0176224 0.0097293 -0.0064914
v -0.0176224 0.0096166 -0.0064538
v -0.0176224 0.0095038 -0.0064350
v -0.0176224 0.0093910 -0.0064162
v -0.0176224 0.0092782 -0.0064162
v -0.0176224 0.0091654 -0.0064162
v -0.0176224 0.0090526 -0.0064350
v -0.0176224 0.0089398 -0.0064538
v -0.0176224 0.0088270 -0.0064914
v -0.0176224 0.0087142 -0.0065314
v -0.0176224 0.0086202 -0.0065878
v -0.0176224 0.0085262 -0.0066442
v -0.0176412 0.0084886 -0.0066066
v -0.0176600 0.0084698 -0.0065690
v -0.0176976 0.0084510 -0.0065502
v -0.0177540 0.0084510 -0.0065314
v -0.0177916 0.0084322 -0.0065126
v -0.0178479 0.0084322 -0.0065126
v -0.0178479 0.0085450 -0.0064538
v -0.0181863 0.0085826 -0.0064350
v -0.0182615 0.0086578 -0.0063974
v -0.0183367 0.0086578 -0.0064162
v -0.0183931 0.0086766 -0.0064350
v -0.0184683 0.0085826 -0.0065126
v -0.0185247 0.0085074 -0.0066254
v -0.0185811 0.0084322 -0.0067194
v -0.0185811 0.0085262 -0.0066630
v -0.0185811 0.0086202 -0.0066066
v -0.0185811 0.0087330 -0.0065502
v -0.0185811 0.0088270 -0.0065126
v -0.0185811 0.0089398 -0.0064726
v -0.0185811 0.0090526 -0.0064538
v -0.0185811 0.0091654 -0.0064350
v -0.0185811 0.0092782 -0.0064350
v -0.0185811 0.0093910 -0.0064350
v -0.0185811 0.0095038 -0.0064538
v -0.0185811 0.0095978 -0.0064726
v -0.0185811 0.0097106 -0.0065126
v -0.0185811 0.0098233 -0.0065502
v -0.0185811 0.0099173 -0.0066066
v -0.0185811 0.0100113 -0.0066630
v -0.0185811 0.0101053 -0.0067194
v -0.0185811 0.0101993 -0.0067946
v -0.0185811 0.0102745 -0.0068885
v -0.0185811 0.0103309 -0.0069637
v -0.0185811 0.0104061 -0.0070577
v -0.0185811 0.0104625 -0.0071517
v -0.0185811 0.0105001 -0.0072645
v -0.0185811 0.0105400 -0.0073773
v -0.0185811 0.0105776 -0.0074713
v -0.0185811 0.0105964 -0.0075841
v -0.0185811 0.0105964 -0.0076969
v -0.0185811 0.0105964 -0.0078097
v -0.0185811 0.0105964 -0.0079225
v -0.0185811 0.0105776 -0.0080353
v -0.0185811 0.0105400 -0.0081481
v -0.0185811 0.0105001 -0.0082608
v -0.0185811 0.0104625 -0.0083548
v -0.0185811 0.0104061 -0.0084488
v -0.0185811 0.0103309 -0.0085428
v -0.0185811 0.0102745 -0.0086368
v -0.0185811 0.0101993 -0.0087120
v -0.0185811 0.0101053 -0.0087872
v -0.0185811 0.0100113 -0.0088624
v -0.0185811 0.0099173 -0.0089188
v -0.0185811 0.0098233 -0.0089752
v -0.0185811 0.0097106 -0.0090128
v -0.0185811 0.0095978 -0.0090504
v -0.0185811 0.0095038 -0.0090692
v -0.0185811 0.0093910 -0.0090880
v -0.0185811 0.0092782 -0.0090880
v -0.0185811 0.0091654 -0.0090880
v -0.0185811 0.0090526 -0.0090692
v -0.0185811 0.0089398 -0.0090504
v -0.0185811 0.0088270 -0.0090128
v -0.0185811 0.0087330 -0.0089752
v -0.0185811 0.0086202 -0.0089188
v -0.0185247 0.0086014 -0.0089564
v -0.0184683 0.0085826 -0.0089940
v -0.0183931 0.0085638 -0.0090316
v -0.0183367 0.0084510 -0.0089752
v -0.0182615 0.0083382 -0.0089188
v -0.0181863 0.0083382 -0.0089188
v -0.0181863 0.0082819 -0.0088812
v -0.0181863 0.0082255 -0.0088436
v -0.0178479 0.0082255 -0.0088436
v -0.0178479 0.0081503 -0.0087496
v -0.0177916 0.0082443 -0.0088436
v -0.0177540 0.0081691 -0.0087308
v -0.0176976 0.0080939 -0.0086180
v -0.0176600 0.0080563 -0.0085052
v -0.0176412 0.0080375 -0.0083736
v -0.0176224 0.0080187 -0.0082608
v -0.0176036 0.0079999 -0.0080353
v -0.0176224 0.0079811 -0.0081481
v -0.0176036 0.0080375 -0.0081293
v -0.0176036 0.0080751 -0.0082421
v -0.0176036 0.0081127 -0.0083360
v -0.0176036 0.0081691 -0.0084300
v -0.0176036 0.0082255 -0.0085240
v -0.0176036 0.0083007 -0.0086180
v -0.0176036 0.0083758 -0.0086932
v -0.0176036 0.0084510 -0.0087684
v -0.0176036 0.0085450 -0.0088248
v -0.0176036 0.0086390 -0.0089000
v -0.0176036 0.0087330 -0.0089376
v -0.0176036 0.0088458 -0.0089752
v -0.0176036 0.0089398 -0.0090128
v -0.0176036 0.0090526 -0.0090316
v -0.0176036 0.0091654 -0.0090504
v -0.0176036 0.0092782 -0.0090504
v -0.0176036 0.0093910 -0.0090504
v -0.0176036 0.0094850 -0.0090316
v -0.0176036 0.0095978 -0.0090128
v -0.0176036 0.0097106 -0.0089752
v -0.0176036 0.0098045 -0.0089376
v -0.0176036 0.0098985 -0.0089000
v -0.0176036 0.0099925 -0.0088248
v -0.0176036 0.0100865 -0.0087684
v -0.0176036 0.0101617 -0.0086932
v -0.0176036 0.0102557 -0.0086180
v -0.0176036 0.0103121 -0.0085240
v -0.0176036 0.0103685 -0.0084300
v -0.0176036 0.0104249 -0.0083360
v -0.0176036 0.0104813 -0.0082421
v -0.0176036 0.0105189 -0.0081293
v -0.0176036 0.0105400 -0.0080353
v -0.0176036 0.0105588 -0.0079225
v -0.0176036 0.0105776 -0.0078097
v -0.0176036 0.0105776 -0.0076969
v -0.0176036 0.0105588 -0.0075841
v -0.0176036 0.0105400 -0.0074901
v -0.0176036 0.0105189 -0.0073773
v -0.0176036 0.0104813 -0.0072645
v -0.0176036 0.0104249 -0.0071705
v -0.0176036 0.0103685 -0.0070765
v -0.0176036 0.0103121 -0.0069825
v -0.0176036 0.0102557 -0.0069073
v -0.0176036 0.0101617 -0.0068134
v -0.0176036 0.0100865 -0.0067570
v -0.0176036 0.0099925 -0.0066818
v -0.0176036 0.0098985 -0.0066254
v -0.0176036 0.0098045 -0.0065690
v -0.0176036 0.0097106 -0.0065314
v -0.0176036 0.0095978 -0.0064914
v -0.0176036 0.0094850 -0.0064726
v -0.0176036 0.0093910 -0.0064538
v -0.0176036 0.0092782 -0.0064538
v -0.0176036 0.0091654 -0.0064538
v -0.0176036 0.0090526 -0.0064726
v -0.0176036 0.0089398 -0.0064914
v -0.0176036 0.0088458 -0.0065314
v -0.0176036 0.0087330 -0.0065690
v -0.0176036 0.0086390 -0.0066254
v -0.0176036 0.0085450 -0.0066818
v -0.0176036 0.0084510 -0.0067570
v -0.0176224 0.0084322 -0.0067194
v -0.0176412 0.0083946 -0.0066818
v -0.0176600 0.0083758 -0.0066442
v -0.0176976 0.0083570 -0.0066254
v -0.0177540 0.0083382 -0.0066066
v -0.0177916 0.0083382 -0.0065878
v -0.0178479 0.0083382 -0.0065878
v -0.0178479 0.0084134 -0.0065314
v -0.0181863 0.0084322 -0.0065126
v -0.0181863 0.0085450 -0.0064538
v -0.0182615 0.0085450 -0.0064538
v -0.0183367 0.0085450 -0.0064726
v -0.0183931 0.0085638 -0.0064914
v -0.0184683 0.0084698 -0.0065878
v -0.0185247 0.0084134 -0.0066818
v -0.0185811 0.0083570 -0.0067946
v -0.0186187 0.0083194 -0.0069261
v -0.0186187 0.0083946 -0.0068322
v -0.0186187 0.0084698 -0.0067758
v -0.0186187 0.0085638 -0.0067006
v -0.0186187 0.0086578 -0.0066442
v -0.0186187 0.0087518 -0.0066066
v -0.0186187 0.0088458 -0.0065690
v -0.0186187 0.0089586 -0.0065314
v -0.0186187 0.0090526 -0.0065126
v -0.0186187 0.0091654 -0.0064914
v -0.0186187 0.0092782 -0.0064914
v -0.0186187 0.0093722 -0.0064914
v -0.0186187 0.0094850 -0.0065126
v -0.0186187 0.0095978 -0.0065314
v -0.0186187 0.0096918 -0.0065690
v -0.0186187 0.0098045 -0.0066066
v -0.0186187 0.0098985 -0.0066442
v -0.0186187 0.0099925 -0.0067006
v -0.0186187 0.0100677 -0.0067758
v -0.0186187 0.0101429 -0.0068322
v -0.0186187 0.0102181 -0.0069261
v -0.0186187 0.0102933 -0.0070013
v -0.0186187 0.0103497 -0.0070953
v -0.0186187 0.0104061 -0.0071893
v -0.0186187 0.0104437 -0.0072833
v -0.0186187 0.0104813 -0.0073773
v -0.0186187 0.0105189 -0.0074901
v -0.0186187 0.0105400 -0.0076029
v -0.0186187 0.0105400 -0.0076969
v -0.0186187 0.0105400 -0.0078097
v -0.0186187 0.0105400 -0.0079225
v -0.0186187 0.0105189 -0.0080165
v -0.0186187 0.0104813 -0.0081293
v -0.0186187 0.0104437 -0.0082233
v -0.0186187 0.0104061 -0.0083360
v -0.0186187 0.0103497 -0.0084300
v -0.0186187 0.0102933 -0.0085052
v -0.0186187 0.0102181 -0.0085992
v -0.0186187 0.0101429 -0.0086744
v -0.0186187 0.0100677 -0.0087496
v -0.0186187 0.0099925 -0.0088060
v -0.0186187 0.0098985 -0.0088624
v -0.0186187 0.0098045 -0.0089188
v -0.0186187 0.0096918 -0.0089564
v -0.0186187 0.0095978 -0.0089940
v -0.0186187 0.0094850 -0.0090128
v -0.0186187 0.0093722 -0.0090316
v -0.0186187 0.0092782 -0.0090316
v -0.0186187 0.0091654 -0.0090316
v -0.0186187 0.0090526 -0.0090128
v -0.0186187 0.0089586 -0.0089940
v -0.0186187 0.0088458 -0.0089564
v -0.0186187 0.0087518 -0.0089188
v -0.0186187 0.0086578 -0.0088624
v -0.0186187 0.0085638 -0.0088060
v -0.0185811 0.0085262 -0.0088624
v -0.0185247 0.0085074 -0.0089000
v -0.0184683 0.0084698 -0.0089376
v -0.0183931 0.0084510 -0.0089564
v -0.0183367 0.0083382 -0.0089000
v -0.0182615 0.0082443 -0.0088436
v -0.0181863 0.0081503 -0.0087496
v -0.0181863 0.0081503 -0.0087496
v -0.0178479 0.0081503 -0.0087496
v -0.0177916 0.0081503 -0.0087496
v -0.0177540 0.0080751 -0.0086368
v -0.0176976 0.0080375 -0.0085240
v -0.0176600 0.0079999 -0.0083924
v -0.0176412 0.0079811 -0.0082796
v -0.0176412 0.0079435 -0.0081669
v -0.0176224 0.0079623 -0.0080353
v -0.0176036 0.0079811 -0.0079225
v -0.0176036 0.0080187 -0.0078097
v -0.0176036 0.0080375 -0.0079225
v -0.0176036 0.0080563 -0.0080165
v -0.0176036 0.0080751 -0.0081293
v -0.0176036 0.0081127 -0.0082233
v -0.0176036 0.0081503 -0.0083172
v -0.0176036 0.0082067 -0.0084112
v -0.0176036 0.0082631 -0.0085052
v -0.0176036 0.0083382 -0.0085804
v -0.0176036 0.0084134 -0.0086556
v -0.0176036 0.0084886 -0.0087308
v -0.0176036 0.0085638 -0.0087872
v -0.0176036 0.0086578 -0.0088436
v -0.0176036 0.0087518 -0.0089000
v -0.0176036 0.0088646 -0.0089376
v -0.0176036 0.0089586 -0.0089752
v -0.0176036 0.0090526 -0.0089940
v -0.0176036 0.0091654 -0.0089940
v -0.0176036 0.0092782 -0.0090128
v -0.0176036 0.0093722 -0.0089940
v -0.0176036 0.0094850 -0.0089940
v -0.0176036 0.0095790 -0.0089752
v -0.0176036 0.0096918 -0.0089376
v -0.0176036 0.0097857 -0.0089000
v -0.0176036 0.0098797 -0.0088436
v -0.0176036 0.0099737 -0.0087872
v -0.0176036 0.0100489 -0.0087308
v -0.0176036 0.0101429 -0.0086556
v -0.0176036 0.0102181 -0.0085804
v -0.0176036 0.0102745 -0.0085052
v -0.0176036 0.0103309 -0.0084112
v -0.0176036 0.0103873 -0.0083172
v -0.0176036 0.0104249 -0.0082233
v -0.0176036 0.0104625 -0.0081293
v -0.0176036 0.0105001 -0.0080165
v -0.0176036 0.0105189 -0.0079225
v -0.0176036 0.0105189 -0.0078097
v -0.0176036 0.0105189 -0.0076969
v -0.0176036 0.0105189 -0.0076029
v -0.0176036 0.0105001 -0.0074901
v -0.0176036 0.0104625 -0.0073961
v -0.0176036 0.0104249 -0.0072833
v -0.0176036 0.0103873 -0.0071893
v -0.0176036 0.0103309 -0.0070953
v -0.0176036 0.0102745 -0.0070201
v -0.0176036 0.0102181 -0.0069261
v -0.0176036 0.0101429 -0.0068509
v -0.0176036 0.0100489 -0.0067946
v -0.0176036 0.0099737 -0.0067194
v -0.0176036 0.0098797 -0.0066630
v -0.0176036 0.0097857 -0.0066254
v -0.0176036 0.0096918 -0.0065878
v -0.0176036 0.0095790 -0.0065502
v -0.0176036 0.0094850 -0.0065314
v -0.0176036 0.0093722 -0.0065126
v -0.0176036 0.0092782 -0.0065126
v -0.0176036 0.0091654 -0.0065126
v -0.0176036 0.0090526 -0.0065314
v -0.0176036 0.0089586 -0.0065502
v -0.0176036 0.0088646 -0.0065878
v -0.0176036 0.0087518 -0.0066254
v -0.0176036 0.0086578 -0.0066630
v -0.0176036 0.0085638 -0.0067194
v -0.0176036 0.0084886 -0.0067946
v -0.0176036 0.0084134 -0.0068509
v -0.0176036 0.0083758 -0.0068134
v -0.0176224 0.0083382 -0.0067946
v -0.0176412 0.0083194 -0.0067570
v -0.0176600 0.0082819 -0.0067194
v -0.0176976 0.0082631 -0.0067006
v -0.0177540 0.0082443 -0.0066818
v -0.0177916 0.0082443 -0.0066818
v -0.0178479 0.0082255 -0.0066818
v -0.0178479 0.0082819 -0.0066442
v -0.0181863 0.0083382 -0.0065878
v -0.0181863 0.0084134 -0.0065314
v -0.0182615 0.0084322 -0.0065126
v -0.0183367 0.0084510 -0.0065314
v -0.0183931 0.0084510 -0.0065502
v -0.0184683 0.0083758 -0.0066442
v -0.0185247 0.0083194 -0.0067570
v -0.0185811 0.0082819 -0.0068885
v -0.0186187 0.0082443 -0.0070013
v -0.0186563 0.0082443 -0.0071329
v -0.0186563 0.0083007 -0.0070389
v -0.0186563 0.0083570 -0.0069637
v -0.0186563 0.0084322 -0.0068885
v -0.0186563 0.0085074 -0.0068134
v -0.0186563 0.0086014 -0.0067570
v -0.0186563 0.0086766 -0.0067006
v -0.0186563 0.0087706 -0.0066630
v -0.0186563 0.0088646 -0.0066254
v -0.0186563 0.0089774 -0.0065878
v -0.0186563 0.0090714 -0.0065690
v -0.0186563 0.0091654 -0.0065502
v -0.0186563 0.0092782 -0.0065502
v -0.0186563 0.0093722 -0.0065502
v -0.0186563 0.0094850 -0.0065690
v -0.0186563 0.0095790 -0.0065878
v -0.0186563 0.0096730 -0.0066254
v -0.0186563 0.0097669 -0.0066630
v -0.0186563 0.0098609 -0.0067006
v -0.0186563 0.0099549 -0.0067570
v -0.0186563 0.0100301 -0.0068134
v -0.0186563 0.0101053 -0.0068885
v -0.0186563 0.0101805 -0.0069637
v -0.0186563 0.0102369 -0.0070389
v -0.0186563 0.0102933 -0.0071329
v -0.0186563 0.0103497 -0.0072081
v -0.0186563 0.0103873 -0.0073021
v -0.0186563 0.0104249 -0.0073961
v -0.0186563 0.0104437 -0.0075089
v -0.0186563 0.0104625 -0.0076029
v -0.0186563 0.0104813 -0.0077157
v -0.0186563 0.0104813 -0.0078097
v -0.0186563 0.0104625 -0.0079037
v -0.0186563 0.0104437 -0.0080165
v -0.0186563 0.0104249 -0.0081105
v -0.0186563 0.0103873 -0.0082045
v -0.0186563 0.0103497 -0.0082984
v -0.0186563 0.0102933 -0.0083924
v -0.0186563 0.0102369 -0.0084676
v -0.0186563 0.0101805 -0.0085616
v -0.0186563 0.0101053 -0.0086368
v -0.0186563 0.0100301 -0.0086932
v -0.0186563 0.0099549 -0.0087496
v -0.0186563 0.0098609 -0.0088060
v -0.0186563 0.0097669 -0.0088624
v -0.0186563 0.0096730 -0.0089000
v -0.0186563 0.0095790 -0.0089188
v -0.0186563 0.0094850 -0.0089564
v -0.0186563 0.0093722 -0.0089564
v -0.0186563 0.0092782 -0.0089564
v -0.0186563 0.0091654 -0.0089564
v -0.0186563 0.0090714 -0.0089564
v -0.0186563 0.0089774 -0.0089188
v -0.0186563 0.0088646 -0.0089000
v -0.0186563 0.0087706 -0.0088624
v -0.0186563 0.0086766 -0.0088060
v -0.0186563 0.0086014 -0.0087496
v -0.0186563 0.0085074 -0.0086932
v -0.0186187 0.0084698 -0.0087496
v -0.0185811 0.0084322 -0.0087872
v -0.0185247 0.0084134 -0.0088248
v -0.0184683 0.0083758 -0.0088624
v -0.0183931 0.0083570 -0.0088812
v -0.0183367 0.0082443 -0.0088248
v -0.0182615 0.0081503 -0.0087496
v -0.0181863 0.0080751 -0.0086556
v -0.0178479 0.0080751 -0.0086556
v -0.0178479 0.0080375 -0.0086180
v -0.0177916 0.0080751 -0.0086556
v -0.0177540 0.0080187 -0.0085428
v -0.0176976 0.0079623 -0.0084112
v -0.0176600 0.0079435 -0.0082984
v -0.0176600 0.0079059 -0.0081669
v -0.0176412 0.0079059 -0.0080541
v -0.0176224 0.0079435 -0.0079225
v -0.0176036 0.0079811 -0.0078097
v -0.0176036 0.0080187 -0.0076969
v -0.0176036 0.0079811 -0.0076969
v -0.0176036 0.0080375 -0.0076029
v -0.0176036 0.0079811 -0.0075841
v -0.0176036 0.0080563 -0.0074901
v -0.0176036 0.0079999 -0.0074901
v -0.0176036 0.0080751 -0.0073961
v -0.0176036 0.0080375 -0.0073773
v -0.0176036 0.0081127 -0.0072833
v -0.0176036 0.0080751 -0.0072645
v -0.0176036 0.0081503 -0.0071893
v -0.0176036 0.0081127 -0.0071705
v -0.0176036 0.0082067 -0.0070953
v -0.0176036 0.0081691 -0.0070765
v -0.0176036 0.0082631 -0.0070201
v -0.0176036 0.0082255 -0.0069825
v -0.0176036 0.0083382 -0.0069261
v -0.0176036 0.0083007 -0.0069073
v -0.0176224 0.0082631 -0.0068697
v -0.0176412 0.0082255 -0.0068322
v -0.0176600 0.0082067 -0.0068134
v -0.0176976 0.0081691 -0.0067946
v -0.0177540 0.0081691 -0.0067758
v -0.0177916 0.0081503 -0.0067758
v -0.0178479 0.0081503 -0.0067570
v -0.0181863 0.0082255 -0.0066818
v -0.0181863 0.0082819 -0.0066442
v -0.0182615 0.0083382 -0.0065878
v -0.0183367 0.0083382 -0.0066066
v -0.0183931 0.0083570 -0.0066254
v -0.0184683 0.0082819 -0.0067382
v -0.0185247 0.0082443 -0.0068509
v -0.0185811 0.0082067 -0.0069637
v -0.0186187 0.0081879 -0.0070953
v -0.0186563 0.0081879 -0.0072081
v -0.0186751 0.0082067 -0.0073397
v -0.0186751 0.0082631 -0.0072457
v -0.0186751 0.0083007 -0.0071517
v -0.0186751 0.0083570 -0.0070765
v -0.0186751 0.0084134 -0.0070013
v -0.0186751 0.0084886 -0.0069261
v -0.0186751 0.0085638 -0.0068697
v -0.0186751 0.0086390 -0.0068134
v -0.0186751 0.0087142 -0.0067570
v -0.0186751 0.0088082 -0.0067194
v -0.0186751 0.0088834 -0.0066818
v -0.0186751 0.0089774 -0.0066630
v -0.0186751 0.0090714 -0.0066254
v -0.0186751 0.0091842 -0.0066254
v -0.0186751 0.0092782 -0.0066254
v -0.0186751 0.0093722 -0.0066254
v -0.0186751 0.0094662 -0.0066254
v -0.0186751 0.0095602 -0.0066630
v -0.0186751 0.0096542 -0.0066818
v -0.0186751 0.0097481 -0.0067194
v -0.0186751 0.0098233 -0.0067570
v -0.0186751 0.0099173 -0.0068134
v -0.0186751 0.0099925 -0.0068697
v -0.0186751 0.0100677 -0.0069261
v -0.0186751 0.0101241 -0.0070013
v -0.0186751 0.0101805 -0.0070765
v -0.0186751 0.0102369 -0.0071517
v -0.0186751 0.0102933 -0.0072457
v -0.0186751 0.0103309 -0.0073397
v -0.0186751 0.0103685 -0.0074149
v -0.0186751 0.0103873 -0.0075089
v -0.0186751 0.0104061 -0.0076217
v -0.0186751 0.0104061 -0.0077157
v -0.0186751 0.0104061 -0.0078097
v -0.0186751 0.0104061 -0.0079037
v -0.0186751 0.0103873 -0.0079977
v -0.0186751 0.0103685 -0.0080917
v -0.0186751 0.0103309 -0.0081857
v -0.0186751 0.0102933 -0.0082796
v -0.0186751 0.0102369 -0.0083548
v -0.0186751 0.0101805 -0.0084300
v -0.0186751 0.0101241 -0.0085052
v -0.0186751 0.0100677 -0.0085804
v -0.0186751 0.0099925 -0.0086368
v -0.0186751 0.0099173 -0.0087120
v -0.0186751 0.0098233 -0.0087496
v -0.0186751 0.0097481 -0.0088060
v -0.0186751 0.0096542 -0.0088248
v -0.0186751 0.0095602 -0.0088624
v -0.0186751 0.0094662 -0.0088812
v -0.0186751 0.0093722 -0.0089000
v -0.0186751 0.0092782 -0.0089000
v -0.0186751 0.0091842 -0.0089000
v -0.0186751 0.0090714 -0.0088812
v -0.0186751 0.0089774 -0.0088624
v -0.0186751 0.0088834 -0.0088248
v -0.0186751 0.0088082 -0.0088060
v -0.0186751 0.0087142 -0.0087496
v -0.0186751 0.0086390 -0.0087120
v -0.0186751 0.0085638 -0.0086368
v -0.0186751 0.0084886 -0.0085804
v -0.0186563 0.0084322 -0.0086368
v -0.0186187 0.0083946 -0.0086744
v -0.0185811 0.0083570 -0.0087120
v -0.0185247 0.0083194 -0.0087496
v -0.0184683 0.0082819 -0.0087872
v -0.0183931 0.0082631 -0.0088060
v -0.0183367 0.0081691 -0.0087308
v -0.0182615 0.0080751 -0.0086556
v -0.0181863 0.0080375 -0.0086180
v -0.0181863 0.0079999 -0.0085428
v -0.0178479 0.0079999 -0.0085428
v -0.0178479 0.0079435 -0.0084488
v -0.0177916 0.0079999 -0.0085428
v -0.0177540 0.0079435 -0.0084300
v -0.0176976 0.0079247 -0.0082984
v -0.0176976 0.0078871 -0.0081857
v -0.0176600 0.0078871 -0.0080541
v -0.0176412 0.0078871 -0.0079413
v -0.0176224 0.0079247 -0.0078097
v -0.0176224 0.0079247 -0.0076969
v -0.0176224 0.0079435 -0.0075841
v -0.0176224 0.0079623 -0.0074713
v -0.0176224 0.0079811 -0.0073585
v -0.0176224 0.0080187 -0.0072645
v -0.0176224 0.0080751 -0.0071517
v -0.0176224 0.0081315 -0.0070577
v -0.0176224 0.0081879 -0.0069637
v -0.0176412 0.0081503 -0.0069261
v -0.0176600 0.0081315 -0.0069073
v -0.0176976 0.0080939 -0.0068885
v -0.0177540 0.0080751 -0.0068697
v -0.0177916 0.0080751 -0.0068697
v -0.0178479 0.0080375 -0.0069073
v -0.0178479 0.0080751 -0.0068697
v -0.0178479 0.0081503 -0.0067758
v -0.0181863 0.0081503 -0.0067570
v -0.0182615 0.0082443 -0.0066818
v -0.0183367 0.0082443 -0.0066818
v -0.0183931 0.0082631 -0.0067006
v -0.0184683 0.0082067 -0.0068134
v -0.0185247 0.0081691 -0.0069449
v -0.0185811 0.0081503 -0.0070577
v -0.0186187 0.0081315 -0.0071893
v -0.0186563 0.0081503 -0.0073021
v -0.0186751 0.0081879 -0.0074149
v -0.0186939 0.0082255 -0.0075277
v -0.0186939 0.0082443 -0.0074525
v -0.0186939 0.0082819 -0.0073585
v -0.0186939 0.0083194 -0.0072833
v -0.0186939 0.0083570 -0.0071893
v -0.0186939 0.0084134 -0.0071141
v -0.0186939 0.0084698 -0.0070577
v -0.0186939 0.0085262 -0.0069825
v -0.0186939 0.0086014 -0.0069261
v -0.0186939 0.0086766 -0.0068697
v -0.0186939 0.0087518 -0.0068322
v -0.0186939 0.0088270 -0.0067758
v -0.0186939 0.0089210 -0.0067570
v -0.0186939 0.0089962 -0.0067194
v -0.0186939 0.0090902 -0.0067006
v -0.0186939 0.0091842 -0.0066818
v -0.0186939 0.0092782 -0.0066818
v -0.0186939 0.0093722 -0.0066818
v -0.0186939 0.0094474 -0.0067006
v -0.0186939 0.0095414 -0.0067194
v -0.0186939 0.0096354 -0.0067570
v -0.0186939 0.0097106 -0.0067758
v -0.0186939 0.0097857 -0.0068322
v -0.0186939 0.0098797 -0.0068697
v -0.0186939 0.0099361 -0.0069261
v -0.0186939 0.0100113 -0.0069825
v -0.0186939 0.0100677 -0.0070577
v -0.0186939 0.0101241 -0.0071141
v -0.0186939 0.0101805 -0.0071893
v -0.0186939 0.0102369 -0.0072833
v -0.0186939 0.0102745 -0.0073585
v -0.0186939 0.0102933 -0.0074525
v -0.0186939 0.0103121 -0.0075277
v -0.0186939 0.0103309 -0.0076217
v -0.0186939 0.0103497 -0.0077157
v -0.0186939 0.0103497 -0.0078097
v -0.0186939 0.0103309 -0.0078849
v -0.0186939 0.0103121 -0.0079789
v -0.0186939 0.0102933 -0.0080729
v -0.0186939 0.0102745 -0.0081481
v -0.0186939 0.0102369 -0.0082421
v -0.0186939 0.0101805 -0.0083172
v -0.0186939 0.0101241 -0.0083924
v -0.0186939 0.0100677 -0.0084676
v -0.0186939 0.0100113 -0.0085240
v -0.0186939 0.0099361 -0.0085992
v -0.0186939 0.0098797 -0.0086368
v -0.0186939 0.0097857 -0.0086932
v -0.0186939 0.0097106 -0.0087308
v -0.0186939 0.0096354 -0.0087684
v -0.0186939 0.0095414 -0.0087872
v -0.0186939 0.0094474 -0.0088060
v -0.0186939 0.0093722 -0.0088248
v -0.0186939 0.0092782 -0.0088248
v -0.0186939 0.0091842 -0.0088248
v -0.0186939 0.0090902 -0.0088060
v -0.0186939 0.0089962 -0.0087872
v -0.0186939 0.0089210 -0.0087684
v -0.0186939 0.0088270 -0.0087308
v -0.0186939 0.0087518 -0.0086932
v -0.0186939 0.0086766 -0.0086368
v -0.0186939 0.0086014 -0.0085992
v -0.0186939 0.0085262 -0.0085240
v -0.0186939 0.0084698 -0.0084676
v -0.0186751 0.0084134 -0.0085052
v -0.0186563 0.0083570 -0.0085616
v -0.0186187 0.0083194 -0.0085992
v -0.0185811 0.0082819 -0.0086368
v -0.0185247 0.0082443 -0.0086744
v -0.0184683 0.0082067 -0.0086932
v -0.0183931 0.0081879 -0.0087120
v -0.0183367 0.0080751 -0.0086368
v -0.0182615 0.0079999 -0.0085428
v -0.0181863 0.0079435 -0.0084488
v -0.0181863 0.0079247 -0.0084300
v -0.0178479 0.0079247 -0.0084300
v -0.0177916 0.0079435 -0.0084300
v -0.0177540 0.0079059 -0.0083172
v -0.0177540 0.0078495 -0.0081857
v -0.0176976 0.0078495 -0.0080729
v -0.0176600 0.0078495 -0.0079413
v -0.0176412 0.0078871 -0.0078097
v -0.0176412 0.0078871 -0.0076969
v -0.0176412 0.0078871 -0.0075841
v -0.0176412 0.0079059 -0.0074713
v -0.0176412 0.0079435 -0.0073585
v -0.0176412 0.0079811 -0.0072457
v -0.0176412 0.0080375 -0.0071329
v -0.0176412 0.0080939 -0.0070389
v -0.0176600 0.0080563 -0.0070013
v -0.0176976 0.0080375 -0.0070013
v -0.0177540 0.0080187 -0.0069825
v -0.0177916 0.0079999 -0.0069825
v -0.0178479 0.0079999 -0.0069637
v -0.0181863 0.0080375 -0.0069073
v -0.0181863 0.0080751 -0.0068697
v -0.0181863 0.0081503 -0.0067758
v -0.0182615 0.0081503 -0.0067758
v -0.0183367 0.0081691 -0.0067758
v -0.0183931 0.0081879 -0.0067946
v -0.0184683 0.0081315 -0.0069073
v -0.0185247 0.0080939 -0.0070389
v -0.0185811 0.0080939 -0.0071517
v -0.0186187 0.0080939 -0.0072833
v -0.0186563 0.0081127 -0.0073961
v -0.0186751 0.0081503 -0.0075089
v -0.0186939 0.0082067 -0.0076217
v -0.0186939 0.0082819 -0.0077157
v -0.0186939 0.0082819 -0.0076217
v -0.0186939 0.0083007 -0.0075465
v -0.0186939 0.0083194 -0.0074713
v -0.0186939 0.0083382 -0.0073773
v -0.0186939 0.0083758 -0.0073021
v -0.0186939 0.0084134 -0.0072269
v -0.0186939 0.0084698 -0.0071705
v -0.0186939 0.0085262 -0.0070953
v -0.0186939 0.0085826 -0.0070389
v -0.0186939 0.0086390 -0.0069825
v -0.0186939 0.0087142 -0.0069261
v -0.0186939 0.0087894 -0.0068885
v -0.0186939 0.0088646 -0.0068509
v -0.0186939 0.0089398 -0.0068134
v -0.0186939 0.0090150 -0.0067946
v -0.0186939 0.0091090 -0.0067758
v -0.0186939 0.0091842 -0.0067570
v -0.0186939 0.0092782 -0.0067570
v -0.0186939 0.0093534 -0.0067570
v -0.0186939 0.0094474 -0.0067758
v -0.0186939 0.0095226 -0.0067946
v -0.0186939 0.0095978 -0.0068134
v -0.0186939 0.0096918 -0.0068509
v -0.0186939 0.0097669 -0.0068885
v -0.0186939 0.0098233 -0.0069261
v -0.0186939 0.0098985 -0.0069825
v -0.0186939 0.0099549 -0.0070389
v -0.0186939 0.0100301 -0.0070953
v -0.0186939 0.0100677 -0.0071705
v -0.0186939 0.0101241 -0.0072269
v -0.0186939 0.0101617 -0.0073021
v -0.0186939 0.0101993 -0.0073773
v -0.0186939 0.0102369 -0.0074713
v -0.0186939 0.0102557 -0.0075465
v -0.0186939 0.0102557 -0.0076217
v -0.0186939 0.0102745 -0.0077157
v -0.0186939 0.0102745 -0.0077909
v -0.0186939 0.0102557 -0.0078849
v -0.0186939 0.0102557 -0.0079601
v -0.0186939 0.0102369 -0.0080541
v -0.0186939 0.0101993 -0.0081293
v -0.0186939 0.0101617 -0.0082045
v -0.0186939 0.0101241 -0.0082796
v -0.0186939 0.0100677 -0.0083548
v -0.0186939 0.0100301 -0.0084112
v -0.0186939 0.0099549 -0.0084864
v -0.0186939 0.0098985 -0.0085428
v -0.0186939 0.0098233 -0.0085804
v -0.0186939 0.0097669 -0.0086368
v -0.0186939 0.0096918 -0.0086744
v -0.0186939 0.0095978 -0.0086932
v -0.0186939 0.0095226 -0.0087308
v -0.0186939 0.0094474 -0.0087496
v -0.0186939 0.0093534 -0.0087496
v -0.0186939 0.0092782 -0.0087496
v -0.0186939 0.0091842 -0.0087496
v -0.0186939 0.0091090 -0.0087496
v -0.0186939 0.0090150 -0.0087308
v -0.0186939 0.0089398 -0.0086932
v -0.0186939 0.0088646 -0.0086744
v -0.0186939 0.0087894 -0.0086368
v -0.0186939 0.0087142 -0.0085804
v -0.0186939 0.0086390 -0.0085428
v -0.0186939 0.0085826 -0.0084864
v -0.0186939 0.0085262 -0.0084112
v -0.0186939 0.0084698 -0.0083548
v -0.0186939 0.0084134 -0.0083924
v -0.0186751 0.0083570 -0.0084300
v -0.0186563 0.0083007 -0.0084676
v -0.0186187 0.0082443 -0.0085052
v -0.0185811 0.0082067 -0.0085428
v -0.0185247 0.0081691 -0.0085804
v -0.0184683 0.0081315 -0.0085992
v -0.0183931 0.0080939 -0.0086180
v -0.0183367 0.0080187 -0.0085240
v -0.0182615 0.0079435 -0.0084300
v -0.0181863 0.0078871 -0.0083172
v -0.0178479 0.0078871 -0.0083172
v -0.0177916 0.0078871 -0.0083172
v -0.0177916 0.0078495 -0.0082045
v -0.0177540 0.0078307 -0.0080729
v -0.0176976 0.0078307 -0.0079413
v -0.0176600 0.0078495 -0.0078097
v -0.0176600 0.0078495 -0.0076969
v -0.0176600 0.0078495 -0.0075841
v -0.0176600 0.0078871 -0.0074525
v -0.0176600 0.0079059 -0.0073397
v -0.0176600 0.0079435 -0.0072269
v -0.0176600 0.0079999 -0.0071141
v -0.0176976 0.0079623 -0.0070953
v -0.0177540 0.0079435 -0.0070953
v -0.0177916 0.0079435 -0.0070765
v -0.0178479 0.0079435 -0.0070577
v -0.0181863 0.0079999 -0.0069637
v -0.0182615 0.0080751 -0.0068697
v -0.0183367 0.0080751 -0.0068697
v -0.0183931 0.0080939 -0.0068885
v -0.0184683 0.0080563 -0.0070201
v -0.0185247 0.0080375 -0.0071329
v -0.0185811 0.0080375 -0.0072645
v -0.0186187 0.0080563 -0.0073773
v -0.0186563 0.0080939 -0.0075089
v -0.0186751 0.0081503 -0.0076217
v -0.0186939 0.0082067 -0.0077157
v -0.0186939 0.0082819 -0.0077909
v -0.0186939 0.0082067 -0.0078097
v -0.0186939 0.0082819 -0.0078849
v -0.0186939 0.0082067 -0.0078849
v -0.0186939 0.0083007 -0.0079601
v -0.0186939 0.0082255 -0.0079789
v -0.0186939 0.0083194 -0.0080541
v -0.0186939 0.0082443 -0.0080729
v -0.0186939 0.0083382 -0.0081293
v -0.0186939 0.0082819 -0.0081481
v -0.0186939 0.0083758 -0.0082045
v -0.0186939 0.0083194 -0.0082421
v -0.0186939 0.0084134 -0.0082796
v -0.0186939 0.0083570 -0.0083172
v -0.0186751 0.0083007 -0.0083548
v -0.0186563 0.0082443 -0.0083924
v -0.0186187 0.0081879 -0.0084300
v -0.0185811 0.0081503 -0.0084488
v -0.0185247 0.0080939 -0.0084864
v -0.0184683 0.0080563 -0.0085052
v -0.0183931 0.0080375 -0.0085240
v -0.0183367 0.0079435 -0.0084300
v -0.0182615 0.0078871 -0.0083172
v -0.0181863 0.0078683 -0.0082984
v -0.0178479 0.0078683 -0.0082984
v -0.0178479 0.0078307 -0.0082045
v -0.0178479 0.0078119 -0.0081105
v -0.0177916 0.0078119 -0.0080729
v -0.0177540 0.0078119 -0.0079413
v -0.0176976 0.0078119 -0.0078285
v -0.0176976 0.0078119 -0.0076969
v -0.0176976 0.0078307 -0.0075653
v -0.0176976 0.0078495 -0.0074525
v -0.0176976 0.0078871 -0.0073397
v -0.0176976 0.0079247 -0.0072081
v -0.0177540 0.0079059 -0.0072081
v -0.0177916 0.0078871 -0.0072081
v -0.0178479 0.0078871 -0.0072081
v -0.0178479 0.0079247 -0.0070765
v -0.0181863 0.0079435 -0.0070577
v -0.0182615 0.0079999 -0.0069825
v -0.0183367 0.0080187 -0.0069825
v -0.0183931 0.0080375 -0.0070013
v -0.0184683 0.0079999 -0.0071141
v -0.0185247 0.0079999 -0.0072457
v -0.0185811 0.0079999 -0.0073773
v -0.0186187 0.0080375 -0.0074901
v -0.0186563 0.0080751 -0.0076029
v -0.0186751 0.0081315 -0.0077157
v -0.0186751 0.0081315 -0.0078097
v -0.0186751 0.0081503 -0.0079037
v -0.0186751 0.0081503 -0.0079977
v -0.0186751 0.0081879 -0.0080917
v -0.0186751 0.0082067 -0.0081857
v -0.0186751 0.0082631 -0.0082796
v -0.0186563 0.0081879 -0.0082984
v -0.0186187 0.0081315 -0.0083360
v -0.0185811 0.0080939 -0.0083548
v -0.0185247 0.0080375 -0.0083736
v -0.0184683 0.0079999 -0.0083924
v -0.0183931 0.0079811 -0.0084112
v -0.0183367 0.0079059 -0.0083172
v -0.0182615 0.0078495 -0.0082045
v -0.0181863 0.0078307 -0.0082045
v -0.0181863 0.0078119 -0.0081105
v -0.0181863 0.0078119 -0.0080729
v -0.0178479 0.0078119 -0.0080729
v -0.0177916 0.0077931 -0.0079413
v -0.0177540 0.0077931 -0.0078285
v -0.0177540 0.0077931 -0.0076969
v -0.0177540 0.0078119 -0.0075653
v -0.0177540 0.0078307 -0.0074525
v -0.0177540 0.0078495 -0.0073209
v -0.0177916 0.0078495 -0.0073209
v -0.0178479 0.0078307 -0.0073209
v -0.0178479 0.0078683 -0.0072269
v -0.0181863 0.0078871 -0.0072081
v -0.0181863 0.0079247 -0.0070765
v -0.0182615 0.0079435 -0.0070765
v -0.0183367 0.0079435 -0.0070953
v -0.0183931 0.0079811 -0.0070953
v -0.0184683 0.0079623 -0.0072269
v -0.0185247 0.0079623 -0.0073585
v -0.0185811 0.0079811 -0.0074713
v -0.0186187 0.0080187 -0.0076029
v -0.0186563 0.0080751 -0.0077157
v -0.0186563 0.0080751 -0.0078097
v -0.0186563 0.0080751 -0.0079037
v -0.0186563 0.0080939 -0.0080165
v -0.0186563 0.0081127 -0.0081105
v -0.0186563 0.0081503 -0.0082045
v -0.0186187 0.0080939 -0.0082233
v -0.0185811 0.0080375 -0.0082608
v -0.0185247 0.0079999 -0.0082796
v -0.0184683 0.0079623 -0.0082796
v -0.0183931 0.0079247 -0.0082984
v -0.0183367 0.0078495 -0.0081857
v -0.0182615 0.0078119 -0.0080729
v -0.0181863 0.0077931 -0.0079413
v -0.0178479 0.0077931 -0.0079413
v -0.0178479 0.0077931 -0.0079413
v -0.0177916 0.0077743 -0.0078285
v -0.0177916 0.0077743 -0.0076969
v -0.0177916 0.0077931 -0.0075653
v -0.0177916 0.0078119 -0.0074337
v -0.0178479 0.0078119 -0.0073961
v -0.0181863 0.0078307 -0.0073209
v -0.0181863 0.0078683 -0.0072269
v -0.0182615 0.0078871 -0.0072081
v -0.0183367 0.0079059 -0.0072081
v -0.0183931 0.0079247 -0.0072081
v -0.0184683 0.0079059 -0.0073397
v -0.0185247 0.0079247 -0.0074713
v -0.0185811 0.0079623 -0.0075841
v -0.0186187 0.0079999 -0.0076969
v -0.0186187 0.0079999 -0.0078097
v -0.0186187 0.0080187 -0.0079225
v -0.0186187 0.0080375 -0.0080165
v -0.0186187 0.0080563 -0.0081293
v -0.0185811 0.0079999 -0.0081481
v -0.0185247 0.0079623 -0.0081669
v -0.0184683 0.0079059 -0.0081669
v -0.0183931 0.0078871 -0.0081857
v -0.0183367 0.0078307 -0.0080729
v -0.0182615 0.0077931 -0.0079413
v -0.0181863 0.0077931 -0.0079413
v -0.0181863 0.0077743 -0.0078285
v -0.0178479 0.0077743 -0.0078285
v -0.0178479 0.0077743 -0.0077533
v -0.0178479 0.0077743 -0.0076969
v -0.0178479 0.0077931 -0.0075841
v -0.0178479 0.0077931 -0.0075653
v -0.0178479 0.0078119 -0.0074337
v -0.0181863 0.0078119 -0.0073961
v -0.0182615 0.0078495 -0.0073209
v -0.0183367 0.0078495 -0.0073209
v -0.0183931 0.0078871 -0.0073397
v -0.0184683 0.0078871 -0.0074525
v -0.0185247 0.0079059 -0.0075841
v -0.0185811 0.0079435 -0.0076969
v -0.0185811 0.0079435 -0.0078097
v -0.0185811 0.0079623 -0.0079225
v -0.0185811 0.0079811 -0.0080353
v -0.0185247 0.0079247 -0.0080541
v -0.0184683 0.0078871 -0.0080541
v -0.0183931 0.0078495 -0.0080729
v -0.0183367 0.0078119 -0.0079413
v -0.0182615 0.0077743 -0.0078285
v -0.0181863 0.0077743 -0.0077533
v -0.0181863 0.0077743 -0.0076969
v -0.0181863 0.0077931 -0.0075841
v -0.0181863 0.0077931 -0.0075653
v -0.0181863 0.0078119 -0.0074337
v -0.0182615 0.0078119 -0.0074337
v -0.0183367 0.0078307 -0.0074525
v -0.0183931 0.0078495 -0.0074525
v -0.0184683 0.0078683 -0.0075841
v -0.0185247 0.0078871 -0.0076969
v -0.0185247 0.0078871 -0.0078097
v -0.0185247 0.0079059 -0.0079413
v -0.0184683 0.0078683 -0.0079413
v -0.0183931 0.0078307 -0.0079413
v -0.0183367 0.0077931 -0.0078285
v -0.0182615 0.0077743 -0.0076969
v -0.0182615 0.0077931 -0.0075653
v -0.0183367 0.0078119 -0.0075653
v -0.0183931 0.0078307 -0.0075653
v -0.0184683 0.0078495 -0.0076969
v -0.0184683 0.0078495 -0.0078097
v -0.0183931 0.0078119 -0.0078285
v -0.0183367 0.0077931 -0.0076969
v -0.0183931 0.0078119 -0.0076969
v -0.0176036 0.0094850 0.0065031
v -0.0176036 0.0092782 0.0077439
v -0.0176036 0.0093722 0.0065031
v -0.0176036 0.0092782 0.0064843
v -0.0176036 0.0091654 0.0065031
v -0.0176036 0.0090526 0.0065031
v -0.0176036 0.0089586 0.0065407
v -0.0176036 0.0088646 0.0065595
v -0.0176036 0.0087518 0.0065971
v -0.0176036 0.0086578 0.0066535
v -0.0176036 0.0085638 0.0067099
v -0.0176036 0.0084886 0.0067663
v -0.0176036 0.0084134 0.0068415
v -0.0176036 0.0083382 0.0069167
v -0.0176036 0.0082631 0.0069919
v -0.0176036 0.0082067 0.0070859
v -0.0176036 0.0081503 0.0071799
v -0.0176036 0.0081127 0.0072739
v -0.0176036 0.0080751 0.0073679
v -0.0176036 0.0080563 0.0074807
v -0.0176036 0.0080375 0.0075747
v -0.0176036 0.0080187 0.0076875
v -0.0176036 0.0080187 0.0078003
v -0.0176036 0.0080375 0.0078942
v -0.0176036 0.0080563 0.0080070
v -0.0176036 0.0080751 0.0081010
v -0.0176036 0.0081127 0.0082138
v -0.0176036 0.0081503 0.0083078
v -0.0176036 0.0082067 0.0084018
v -0.0176036 0.0082631 0.0084770
v -0.0176036 0.0083382 0.0085710
v -0.0176036 0.0084134 0.0086462
v -0.0176036 0.0084886 0.0087214
v -0.0176036 0.0085638 0.0087778
v -0.0176036 0.0086578 0.0088342
v -0.0176036 0.0087518 0.0088718
v -0.0176036 0.0088646 0.0089282
v -0.0176036 0.0089586 0.0089470
v -0.0176036 0.0090526 0.0089658
v -0.0176036 0.0091654 0.0089846
v -0.0176036 0.0092782 0.0089846
v -0.0176036 0.0093722 0.0089846
v -0.0176036 0.0094850 0.0089658
v -0.0176036 0.0095790 0.0089470
v -0.0176036 0.0096918 0.0089282
v -0.0176036 0.0097857 0.0088718
v -0.0176036 0.0098797 0.0088342
v -0.0176036 0.0099737 0.0087778
v -0.0176036 0.0100489 0.0087214
v -0.0176036 0.0101429 0.0086462
v -0.0176036 0.0102181 0.0085710
v -0.0176036 0.0102745 0.0084770
v -0.0176036 0.0103309 0.0084018
v -0.0176036 0.0103873 0.0083078
v -0.0176036 0.0104249 0.0082138
v -0.0176036 0.0104625 0.0081010
v -0.0176036 0.0105001 0.0080070
v -0.0176036 0.0105189 0.0078942
v -0.0176036 0.0105189 0.0078003
v -0.0176036 0.0105189 0.0076875
v -0.0176036 0.0105189 0.0075747
v -0.0176036 0.0105001 0.0074807
v -0.0176036 0.0104625 0.0073679
v -0.0176036 0.0104249 0.0072739
v -0.0176036 0.0103873 0.0071799
v -0.0176036 0.0103309 0.0070859
v -0.0176036 0.0102745 0.0069919
v -0.0176036 0.0102181 0.0069167
v -0.0176036 0.0101429 0.0068415
v -0.0176036 0.0100489 0.0067663
v -0.0176036 0.0099737 0.0067099
v -0.0176036 0.0098797 0.0066535
v -0.0176036 0.0097857 0.0065971
v -0.0176036 0.0096918 0.0065595
v -0.0176036 0.0095790 0.0065407
v -0.0186939 0.0091842 0.0067475
v -0.0186939 0.0092782 0.0077439
v -0.0186939 0.0092782 0.0067475
v -0.0186939 0.0093534 0.0067475
v -0.0186939 0.0094474 0.0067663
v -0.0186939 0.0095226 0.0067663
v -0.0186939 0.0095978 0.0068039
v -0.0186939 0.0096918 0.0068227
v -0.0186939 0.0097669 0.0068791
v -0.0186939 0.0098233 0.0069167
v -0.0186939 0.0098985 0.0069731
v -0.0186939 0.0099549 0.0070295
v -0.0186939 0.0100301 0.0070859
v -0.0186939 0.0100677 0.0071423
v -0.0186939 0.0101241 0.0072175
v -0.0186939 0.0101617 0.0072927
v -0.0186939 0.0101993 0.0073679
v -0.0186939 0.0102369 0.0074431
v -0.0186939 0.0102557 0.0075371
v -0.0186939 0.0102557 0.0076123
v -0.0186939 0.0102745 0.0077063
v -0.0186939 0.0102745 0.0077815
v -0.0186939 0.0102557 0.0078754
v -0.0186939 0.0102557 0.0079506
v -0.0186939 0.0102369 0.0080446
v -0.0186939 0.0101993 0.0081198
v -0.0186939 0.0101617 0.0081950
v -0.0186939 0.0101241 0.0082702
v -0.0186939 0.0100677 0.0083454
v -0.0186939 0.0100301 0.0084018
v -0.0186939 0.0099549 0.0084582
v -0.0186939 0.0098985 0.0085146
v -0.0186939 0.0098233 0.0085710
v -0.0186939 0.0097669 0.0086086
v -0.0186939 0.0096918 0.0086462
v -0.0186939 0.0095978 0.0086838
v -0.0186939 0.0095226 0.0087026
v -0.0186939 0.0094474 0.0087214
v -0.0186939 0.0093534 0.0087402
v -0.0186939 0.0092782 0.0087402
v -0.0186939 0.0091842 0.0087402
v -0.0186939 0.0091090 0.0087214
v -0.0186939 0.0090150 0.0087026
v -0.0186939 0.0089398 0.0086838
v -0.0186939 0.0088646 0.0086462
v -0.0186939 0.0087894 0.0086086
v -0.0186939 0.0087142 0.0085710
v -0.0186939 0.0086390 0.0085146
v -0.0186939 0.0085826 0.0084582
v -0.0186939 0.0085262 0.0084018
v -0.0186939 0.0084698 0.0083454
v -0.0186939 0.0084134 0.0082702
v -0.0186939 0.0083758 0.0081950
v -0.0186939 0.0083382 0.0081198
v -0.0186939 0.0083194 0.0080446
v -0.0186939 0.0083007 0.0079506
v -0.0186939 0.0082819 0.0078754
v -0.0186939 0.0082819 0.0077815
v -0.0186939 0.0082819 0.0077063
v -0.0186939 0.0082819 0.0076123
v -0.0186939 0.0083007 0.0075371
v -0.0186939 0.0083194 0.0074431
v -0.0186939 0.0083382 0.0073679
v -0.0186939 0.0083758 0.0072927
v -0.0186939 0.0084134 0.0072175
v -0.0186939 0.0084698 0.0071423
v -0.0186939 0.0085262 0.0070859
v -0.0186939 0.0085826 0.0070295
v -0.0186939 0.0086390 0.0069731
v -0.0186939 0.0087142 0.0069167
v -0.0186939 0.0087894 0.0068791
v -0.0186939 0.0088646 0.0068227
v -0.0186939 0.0089398 0.0068039
v -0.0186939 0.0090150 0.0067663
v -0.0186939 0.0091090 0.0067663
v -0.0178479 0.0093910 0.0092289
v -0.0178479 0.0094474 0.0092289
v -0.0181863 0.0094474 0.0092289
v -0.0181863 0.0095226 0.0092289
v -0.0178479 0.0095226 0.0092289
v -0.0181863 0.0096354 0.0091914
v -0.0178479 0.0096354 0.0091914
v -0.0181863 0.0096542 0.0091914
v -0.0178479 0.0096542 0.0091914
v -0.0181863 0.0097669 0.0091538
v -0.0178479 0.0097669 0.0091538
v -0.0181863 0.0098045 0.0091350
v -0.0178479 0.0098045 0.0091350
v -0.0181863 0.0098985 0.0091162
v -0.0178479 0.0098985 0.0091162
v -0.0181863 0.0099737 0.0090786
v -0.0178479 0.0099737 0.0090786
v -0.0181863 0.0100113 0.0090598
v -0.0178479 0.0100113 0.0090598
v -0.0181863 0.0101053 0.0089846
v -0.0178479 0.0101053 0.0089846
v -0.0181863 0.0101241 0.0089846
v -0.0178479 0.0101241 0.0089846
v -0.0181863 0.0102181 0.0089094
v -0.0178479 0.0102181 0.0089094
v -0.0181863 0.0102745 0.0088718
v -0.0178479 0.0102745 0.0088718
v -0.0181863 0.0103121 0.0088342
v -0.0178479 0.0103121 0.0088342
v -0.0181863 0.0103873 0.0087402
v -0.0178479 0.0103873 0.0087402
v -0.0181863 0.0104061 0.0087402
v -0.0178479 0.0104061 0.0087402
v -0.0181863 0.0104813 0.0086274
v -0.0178479 0.0104813 0.0086274
v -0.0181863 0.0105001 0.0085898
v -0.0178479 0.0105001 0.0085898
v -0.0181863 0.0105588 0.0085334
v -0.0178479 0.0105588 0.0085334
v -0.0181863 0.0105964 0.0084394
v -0.0178479 0.0105964 0.0084394
v -0.0181863 0.0106152 0.0084206
v -0.0178479 0.0106152 0.0084206
v -0.0181863 0.0106716 0.0083078
v -0.0178479 0.0106716 0.0083078
v -0.0181863 0.0106716 0.0082702
v -0.0178479 0.0106716 0.0082702
v -0.0181863 0.0107092 0.0081762
v -0.0178479 0.0107092 0.0081762
v -0.0181863 0.0107280 0.0081010
v -0.0178479 0.0107280 0.0081010
v -0.0181863 0.0107468 0.0080634
v -0.0178479 0.0107468 0.0080634
v -0.0181863 0.0107656 0.0079318
v -0.0178479 0.0107656 0.0079318
v -0.0181863 0.0107656 0.0079318
v -0.0178479 0.0107656 0.0079318
v -0.0181863 0.0107656 0.0078003
v -0.0178479 0.0107656 0.0078003
v -0.0181863 0.0107656 0.0077439
v -0.0178479 0.0107656 0.0077439
v -0.0181863 0.0107656 0.0076875
v -0.0178479 0.0107656 0.0076875
v -0.0181863 0.0107656 0.0075559
v -0.0178479 0.0107656 0.0075559
v -0.0181863 0.0107656 0.0075559
v -0.0178479 0.0107656 0.0075559
v -0.0181863 0.0107468 0.0074243
v -0.0178479 0.0107468 0.0074243
v -0.0181863 0.0107280 0.0073867
v -0.0178479 0.0107280 0.0073867
v -0.0181863 0.0107092 0.0073115
v -0.0178479 0.0107092 0.0073115
v -0.0181863 0.0106716 0.0072175
v -0.0178479 0.0106716 0.0072175
v -0.0181863 0.0106716 0.0071799
v -0.0178479 0.0106716 0.0071799
v -0.0181863 0.0106152 0.0070671
v -0.0178479 0.0106152 0.0070671
v -0.0181863 0.0105964 0.0070483
v -0.0178479 0.0105964 0.0070483
v -0.0181863 0.0105588 0.0069543
v -0.0178479 0.0105588 0.0069543
v -0.0181863 0.0105001 0.0068979
v -0.0178479 0.0105001 0.0068979
v -0.0181863 0.0104813 0.0068603
v -0.0178479 0.0104813 0.0068603
v -0.0181863 0.0104061 0.0067475
v -0.0178479 0.0104061 0.0067475
v -0.0181863 0.0103873 0.0067475
v -0.0178479 0.0103873 0.0067475
v -0.0181863 0.0103121 0.0066535
v -0.0178479 0.0103121 0.0066535
v -0.0181863 0.0102745 0.0066159
v -0.0178479 0.0102745 0.0066159
v -0.0181863 0.0102181 0.0065783
v -0.0178479 0.0102181 0.0065783
v -0.0181863 0.0101241 0.0065031
v -0.0178479 0.0101241 0.0065031
v -0.0181863 0.0101053 0.0065031
v -0.0178479 0.0101053 0.0065031
v -0.0181863 0.0100113 0.0064280
v -0.0178479 0.0100113 0.0064280
v -0.0181863 0.0099737 0.0064092
v -0.0178479 0.0099737 0.0064092
v -0.0181863 0.0098985 0.0063716
v -0.0178479 0.0098985 0.0063716
v -0.0181863 0.0098045 0.0063340
v -0.0178479 0.0098045 0.0063340
v -0.0181863 0.0097669 0.0063340
v -0.0178479 0.0097669 0.0063340
v -0.0181863 0.0096542 0.0062964
v -0.0178479 0.0096542 0.0062964
v -0.0181863 0.0096354 0.0062964
v -0.0178479 0.0096354 0.0062964
v -0.0181863 0.0095226 0.0062588
v -0.0178479 0.0095226 0.0062588
v -0.0181863 0.0094474 0.0062588
v -0.0178479 0.0094474 0.0062588
v -0.0181863 0.0093910 0.0062400
v -0.0178479 0.0093910 0.0062400
v -0.0181863 0.0092782 0.0062400
v -0.0178479 0.0092782 0.0062400
v -0.0181863 0.0091466 0.0062400
v -0.0178479 0.0091466 0.0062400
v -0.0181863 0.0090902 0.0062588
v -0.0178479 0.0090902 0.0062588
v -0.0181863 0.0090150 0.0062588
v -0.0178479 0.0090150 0.0062588
v -0.0181863 0.0089210 0.0062964
v -0.0178479 0.0089210 0.0062964
v -0.0181863 0.0089022 0.0062964
v -0.0178479 0.0089022 0.0062964
v -0.0177916 0.0089022 0.0062964
v -0.0177916 0.0090150 0.0062776
v -0.0177916 0.0091466 0.0062588
v -0.0178479 0.0092782 0.0062400
v -0.0177916 0.0092782 0.0062400
v -0.0177916 0.0093910 0.0062588
v -0.0177916 0.0095226 0.0062776
v -0.0177916 0.0096542 0.0062964
v -0.0177916 0.0097669 0.0063340
v -0.0177916 0.0098797 0.0063716
v -0.0177916 0.0099925 0.0064467
v -0.0177916 0.0101053 0.0065031
v -0.0177916 0.0102181 0.0065783
v -0.0177916 0.0103121 0.0066723
v -0.0177916 0.0103873 0.0067475
v -0.0177916 0.0104813 0.0068603
v -0.0177916 0.0105400 0.0069543
v -0.0177916 0.0106152 0.0070671
v -0.0177916 0.0106528 0.0071799
v -0.0177916 0.0107092 0.0073115
v -0.0177916 0.0107280 0.0074243
v -0.0177916 0.0107656 0.0075559
v -0.0177916 0.0107656 0.0076875
v -0.0177916 0.0107656 0.0078003
v -0.0177916 0.0107656 0.0079318
v -0.0177916 0.0107280 0.0080634
v -0.0177916 0.0107092 0.0081762
v -0.0177916 0.0106528 0.0083078
v -0.0177916 0.0106152 0.0084206
v -0.0177916 0.0105400 0.0085334
v -0.0177916 0.0104813 0.0086274
v -0.0177916 0.0103873 0.0087214
v -0.0177916 0.0103121 0.0088154
v -0.0177916 0.0102181 0.0089094
v -0.0177916 0.0101053 0.0089846
v -0.0177916 0.0099925 0.0090410
v -0.0177916 0.0098797 0.0090974
v -0.0177916 0.0097669 0.0091538
v -0.0177916 0.0096542 0.0091914
v -0.0177916 0.0095226 0.0092102
v -0.0177916 0.0093910 0.0092289
v -0.0178479 0.0092782 0.0092477
v -0.0177916 0.0092782 0.0092289
v -0.0178479 0.0091466 0.0092289
v -0.0177916 0.0091466 0.0092289
v -0.0178479 0.0090902 0.0092289
v -0.0177916 0.0090150 0.0092102
v -0.0178479 0.0090150 0.0092289
v -0.0181863 0.0090902 0.0092289
v -0.0181863 0.0091466 0.0092289
v -0.0181863 0.0092782 0.0092477
v -0.0178479 0.0092782 0.0092477
v -0.0181863 0.0093910 0.0092289
v -0.0181863 0.0092782 0.0092477
v -0.0182615 0.0092782 0.0092289
v -0.0182615 0.0093910 0.0092289
v -0.0182615 0.0095226 0.0092102
v -0.0182615 0.0096542 0.0091914
v -0.0182615 0.0097669 0.0091538
v -0.0182615 0.0098797 0.0090974
v -0.0182615 0.0099925 0.0090410
v -0.0182615 0.0101053 0.0089846
v -0.0182615 0.0102181 0.0089094
v -0.0182615 0.0103121 0.0088154
v -0.0182615 0.0103873 0.0087214
v -0.0182615 0.0104813 0.0086274
v -0.0182615 0.0105400 0.0085334
v -0.0182615 0.0106152 0.0084206
v -0.0182615 0.0106528 0.0083078
v -0.0182615 0.0107092 0.0081762
v -0.0182615 0.0107280 0.0080634
v -0.0182615 0.0107656 0.0079318
v -0.0182615 0.0107656 0.0078003
v -0.0182615 0.0107656 0.0076875
v -0.0182615 0.0107656 0.0075559
v -0.0182615 0.0107280 0.0074243
v -0.0182615 0.0107092 0.0073115
v -0.0182615 0.0106528 0.0071799
v -0.0182615 0.0106152 0.0070671
v -0.0182615 0.0105400 0.0069543
v -0.0182615 0.0104813 0.0068603
v -0.0182615 0.0103873 0.0067475
v -0.0182615 0.0103121 0.0066723
v -0.0182615 0.0102181 0.0065783
v -0.0182615 0.0101053 0.0065031
v -0.0182615 0.0099925 0.0064467
v -0.0182615 0.0098797 0.0063904
v -0.0182615 0.0097669 0.0063340
v -0.0182615 0.0096542 0.0062964
v -0.0182615 0.0095226 0.0062776
v -0.0182615 0.0093910 0.0062588
v -0.0181863 0.0092782 0.0062400
v -0.0182615 0.0092782 0.0062400
v -0.0182615 0.0091466 0.0062588
v -0.0182615 0.0090150 0.0062776
v -0.0182615 0.0089022 0.0062964
v -0.0181863 0.0087706 0.0063340
v -0.0178479 0.0087706 0.0063340
v -0.0178479 0.0087330 0.0063340
v -0.0177916 0.0087706 0.0063340
v -0.0177540 0.0086578 0.0063904
v -0.0177540 0.0087706 0.0063528
v -0.0177540 0.0089022 0.0063152
v -0.0177540 0.0090150 0.0062776
v -0.0177540 0.0091466 0.0062588
v -0.0177540 0.0092782 0.0062588
v -0.0177540 0.0093910 0.0062588
v -0.0177540 0.0095226 0.0062776
v -0.0177540 0.0096542 0.0063152
v -0.0177540 0.0097669 0.0063528
v -0.0177540 0.0098797 0.0063904
v -0.0177540 0.0099925 0.0064467
v -0.0177540 0.0101053 0.0065219
v -0.0177540 0.0101993 0.0065971
v -0.0177540 0.0102933 0.0066723
v -0.0177540 0.0103873 0.0067663
v -0.0177540 0.0104625 0.0068603
v -0.0177540 0.0105400 0.0069731
v -0.0177540 0.0105964 0.0070671
v -0.0177540 0.0106528 0.0071987
v -0.0177540 0.0106904 0.0073115
v -0.0177540 0.0107280 0.0074243
v -0.0177540 0.0107468 0.0075559
v -0.0177540 0.0107468 0.0076875
v -0.0177540 0.0107468 0.0078003
v -0.0177540 0.0107468 0.0079318
v -0.0177540 0.0107280 0.0080634
v -0.0177540 0.0106904 0.0081762
v -0.0177540 0.0106528 0.0082890
v -0.0177540 0.0105964 0.0084018
v -0.0177540 0.0105400 0.0085146
v -0.0177540 0.0104625 0.0086274
v -0.0177540 0.0103873 0.0087214
v -0.0177540 0.0102933 0.0088154
v -0.0177540 0.0101993 0.0088906
v -0.0177540 0.0101053 0.0089658
v -0.0177540 0.0099925 0.0090410
v -0.0177540 0.0098797 0.0090974
v -0.0177540 0.0097669 0.0091350
v -0.0177540 0.0096542 0.0091726
v -0.0177540 0.0095226 0.0092102
v -0.0177540 0.0093910 0.0092102
v -0.0177540 0.0092782 0.0092289
v -0.0177540 0.0091466 0.0092102
v -0.0177540 0.0090150 0.0092102
v -0.0177540 0.0089022 0.0091726
v -0.0177916 0.0089022 0.0091914
v -0.0178479 0.0089210 0.0091914
v -0.0181863 0.0090150 0.0092289
v -0.0182615 0.0091466 0.0092289
v -0.0183367 0.0091466 0.0092102
v -0.0183367 0.0092782 0.0092289
v -0.0183367 0.0093910 0.0092102
v -0.0183367 0.0095226 0.0091914
v -0.0183367 0.0096542 0.0091726
v -0.0183367 0.0097669 0.0091350
v -0.0183367 0.0098797 0.0090974
v -0.0183367 0.0099925 0.0090410
v -0.0183367 0.0101053 0.0089658
v -0.0183367 0.0101993 0.0088906
v -0.0183367 0.0102933 0.0088154
v -0.0183367 0.0103873 0.0087214
v -0.0183367 0.0104625 0.0086274
v -0.0183367 0.0105400 0.0085146
v -0.0183367 0.0105964 0.0084018
v -0.0183367 0.0106528 0.0082890
v -0.0183367 0.0106904 0.0081762
v -0.0183367 0.0107280 0.0080634
v -0.0183367 0.0107468 0.0079318
v -0.0183367 0.0107468 0.0078003
v -0.0183367 0.0107468 0.0076875
v -0.0183367 0.0107468 0.0075559
v -0.0183367 0.0107280 0.0074243
v -0.0183367 0.0106904 0.0073115
v -0.0183367 0.0106528 0.0071987
v -0.0183367 0.0105964 0.0070859
v -0.0183367 0.0105400 0.0069731
v -0.0183367 0.0104625 0.0068603
v -0.0183367 0.0103873 0.0067663
v -0.0183367 0.0102933 0.0066723
v -0.0183367 0.0101993 0.0065971
v -0.0183367 0.0101053 0.0065219
v -0.0183367 0.0099925 0.0064467
v -0.0183367 0.0098797 0.0063904
v -0.0183367 0.0097669 0.0063528
v -0.0183367 0.0096542 0.0063152
v -0.0183367 0.0095226 0.0062776
v -0.0183367 0.0093910 0.0062776
v -0.0183367 0.0092782 0.0062588
v -0.0183367 0.0091466 0.0062776
v -0.0183367 0.0090150 0.0062776
v -0.0183367 0.0089022 0.0063152
v -0.0182615 0.0087706 0.0063340
v -0.0181863 0.0087330 0.0063340
v -0.0181863 0.0086578 0.0063716
v -0.0178479 0.0086578 0.0063716
v -0.0178479 0.0085826 0.0064092
v -0.0177916 0.0086578 0.0063716
v -0.0177540 0.0085450 0.0064467
v -0.0176976 0.0084510 0.0065407
v -0.0176976 0.0085638 0.0064655
v -0.0176976 0.0086766 0.0064092
v -0.0176976 0.0087894 0.0063716
v -0.0176976 0.0089022 0.0063340
v -0.0176976 0.0090338 0.0063152
v -0.0176976 0.0091466 0.0062964
v -0.0176976 0.0092782 0.0062776
v -0.0176976 0.0093910 0.0062964
v -0.0176976 0.0095226 0.0063152
v -0.0176976 0.0096354 0.0063340
v -0.0176976 0.0097669 0.0063716
v -0.0176976 0.0098797 0.0064092
v -0.0176976 0.0099737 0.0064655
v -0.0176976 0.0100865 0.0065407
v -0.0176976 0.0101805 0.0066159
v -0.0176976 0.0102745 0.0066911
v -0.0176976 0.0103685 0.0067851
v -0.0176976 0.0104437 0.0068791
v -0.0176976 0.0105189 0.0069731
v -0.0176976 0.0105776 0.0070859
v -0.0176976 0.0106340 0.0071987
v -0.0176976 0.0106716 0.0073115
v -0.0176976 0.0106904 0.0074431
v -0.0176976 0.0107280 0.0075559
v -0.0176976 0.0107280 0.0076875
v -0.0176976 0.0107280 0.0078003
v -0.0176976 0.0107280 0.0079318
v -0.0176976 0.0106904 0.0080446
v -0.0176976 0.0106716 0.0081762
v -0.0176976 0.0106340 0.0082890
v -0.0176976 0.0105776 0.0084018
v -0.0176976 0.0105189 0.0085146
v -0.0176976 0.0104437 0.0086086
v -0.0176976 0.0103685 0.0087026
v -0.0176976 0.0102745 0.0087966
v -0.0176976 0.0101805 0.0088718
v -0.0176976 0.0100865 0.0089470
v -0.0176976 0.0099737 0.0090222
v -0.0176976 0.0098797 0.0090786
v -0.0176976 0.0097669 0.0091162
v -0.0176976 0.0096354 0.0091538
v -0.0176976 0.0095226 0.0091726
v -0.0176976 0.0093910 0.0091914
v -0.0176976 0.0092782 0.0091914
v -0.0176976 0.0091466 0.0091914
v -0.0176976 0.0090338 0.0091726
v -0.0176976 0.0089022 0.0091538
v -0.0176976 0.0087894 0.0091162
v -0.0177540 0.0087706 0.0091350
v -0.0177916 0.0087706 0.0091538
v -0.0178479 0.0087706 0.0091538
v -0.0178479 0.0089022 0.0091914
v -0.0181863 0.0089210 0.0091914
v -0.0182615 0.0090150 0.0092102
v -0.0183367 0.0090150 0.0091914
v -0.0183931 0.0090338 0.0091726
v -0.0183931 0.0091466 0.0091914
v -0.0183931 0.0092782 0.0091914
v -0.0183931 0.0093910 0.0091914
v -0.0183931 0.0095226 0.0091726
v -0.0183931 0.0096354 0.0091538
v -0.0183931 0.0097481 0.0091162
v -0.0183931 0.0098797 0.0090598
v -0.0183931 0.0099737 0.0090034
v -0.0183931 0.0100865 0.0089470
v -0.0183931 0.0101805 0.0088718
v -0.0183931 0.0102745 0.0087966
v -0.0183931 0.0103685 0.0087026
v -0.0183931 0.0104437 0.0086086
v -0.0183931 0.0105189 0.0084958
v -0.0183931 0.0105776 0.0084018
v -0.0183931 0.0106152 0.0082890
v -0.0183931 0.0106716 0.0081762
v -0.0183931 0.0106904 0.0080446
v -0.0183931 0.0107092 0.0079318
v -0.0183931 0.0107280 0.0078003
v -0.0183931 0.0107280 0.0076875
v -0.0183931 0.0107092 0.0075559
v -0.0183931 0.0106904 0.0074431
v -0.0183931 0.0106716 0.0073115
v -0.0183931 0.0106152 0.0071987
v -0.0183931 0.0105776 0.0070859
v -0.0183931 0.0105189 0.0069731
v -0.0183931 0.0104437 0.0068791
v -0.0183931 0.0103685 0.0067851
v -0.0183931 0.0102745 0.0066911
v -0.0183931 0.0101805 0.0066159
v -0.0183931 0.0100865 0.0065407
v -0.0183931 0.0099737 0.0064655
v -0.0183931 0.0098797 0.0064092
v -0.0183931 0.0097481 0.0063716
v -0.0183931 0.0096354 0.0063340
v -0.0183931 0.0095226 0.0063152
v -0.0183931 0.0093910 0.0062964
v -0.0183931 0.0092782 0.0062964
v -0.0183931 0.0091466 0.0062964
v -0.0183931 0.0090338 0.0063152
v -0.0183931 0.0089022 0.0063340
v -0.0183367 0.0087706 0.0063528
v -0.0182615 0.0086578 0.0063904
v -0.0181863 0.0085826 0.0064092
v -0.0181863 0.0085450 0.0064280
v -0.0178479 0.0085450 0.0064280
v -0.0177916 0.0085450 0.0064467
v -0.0177540 0.0084510 0.0065219
v -0.0176976 0.0083570 0.0066159
v -0.0176600 0.0082819 0.0067099
v -0.0176600 0.0083758 0.0066347
v -0.0176600 0.0084698 0.0065595
v -0.0176600 0.0085826 0.0065031
v -0.0176600 0.0086766 0.0064467
v -0.0176600 0.0087894 0.0063904
v -0.0176600 0.0089210 0.0063716
v -0.0176600 0.0090338 0.0063340
v -0.0176600 0.0091466 0.0063152
v -0.0176600 0.0092782 0.0063152
v -0.0176600 0.0093910 0.0063152
v -0.0176600 0.0095226 0.0063340
v -0.0176600 0.0096354 0.0063716
v -0.0176600 0.0097481 0.0063904
v -0.0176600 0.0098609 0.0064467
v -0.0176600 0.0099737 0.0065031
v -0.0176600 0.0100677 0.0065595
v -0.0176600 0.0101617 0.0066347
v -0.0176600 0.0102557 0.0067099
v -0.0176600 0.0103497 0.0068039
v -0.0176600 0.0104249 0.0068979
v -0.0176600 0.0104813 0.0069919
v -0.0176600 0.0105400 0.0071047
v -0.0176600 0.0105964 0.0072175
v -0.0176600 0.0106340 0.0073303
v -0.0176600 0.0106716 0.0074431
v -0.0176600 0.0106904 0.0075559
v -0.0176600 0.0106904 0.0076875
v -0.0176600 0.0106904 0.0078003
v -0.0176600 0.0106904 0.0079318
v -0.0176600 0.0106716 0.0080446
v -0.0176600 0.0106340 0.0081574
v -0.0176600 0.0105964 0.0082702
v -0.0176600 0.0105400 0.0083830
v -0.0176600 0.0104813 0.0084958
v -0.0176600 0.0104249 0.0085898
v -0.0176600 0.0103497 0.0086838
v -0.0176600 0.0102557 0.0087778
v -0.0176600 0.0101617 0.0088530
v -0.0176600 0.0100677 0.0089282
v -0.0176600 0.0099737 0.0089846
v -0.0176600 0.0098609 0.0090410
v -0.0176600 0.0097481 0.0090786
v -0.0176600 0.0096354 0.0091162
v -0.0176600 0.0095226 0.0091538
v -0.0176600 0.0093910 0.0091726
v -0.0176600 0.0092782 0.0091726
v -0.0176600 0.0091466 0.0091726
v -0.0176600 0.0090338 0.0091538
v -0.0176600 0.0089210 0.0091162
v -0.0176600 0.0087894 0.0090786
v -0.0176600 0.0086766 0.0090410
v -0.0176976 0.0086766 0.0090786
v -0.0177540 0.0086578 0.0090974
v -0.0177916 0.0086578 0.0090974
v -0.0178479 0.0086578 0.0091162
v -0.0178479 0.0087330 0.0091350
v -0.0181863 0.0087706 0.0091538
v -0.0181863 0.0089022 0.0091914
v -0.0182615 0.0089022 0.0091914
v -0.0183367 0.0089022 0.0091726
v -0.0183931 0.0089022 0.0091538
v -0.0184683 0.0088082 0.0090786
v -0.0184683 0.0089210 0.0091162
v -0.0184683 0.0090338 0.0091350
v -0.0184683 0.0091466 0.0091538
v -0.0184683 0.0092782 0.0091538
v -0.0184683 0.0093910 0.0091538
v -0.0184683 0.0095038 0.0091350
v -0.0184683 0.0096354 0.0091162
v -0.0184683 0.0097481 0.0090786
v -0.0184683 0.0098609 0.0090410
v -0.0184683 0.0099737 0.0089846
v -0.0184683 0.0100677 0.0089282
v -0.0184683 0.0101617 0.0088530
v -0.0184683 0.0102557 0.0087590
v -0.0184683 0.0103309 0.0086838
v -0.0184683 0.0104061 0.0085898
v -0.0184683 0.0104813 0.0084958
v -0.0184683 0.0105400 0.0083830
v -0.0184683 0.0105964 0.0082702
v -0.0184683 0.0106340 0.0081574
v -0.0184683 0.0106716 0.0080446
v -0.0184683 0.0106904 0.0079318
v -0.0184683 0.0106904 0.0078003
v -0.0184683 0.0106904 0.0076875
v -0.0184683 0.0106904 0.0075559
v -0.0184683 0.0106716 0.0074431
v -0.0184683 0.0106340 0.0073303
v -0.0184683 0.0105964 0.0072175
v -0.0184683 0.0105400 0.0071047
v -0.0184683 0.0104813 0.0069919
v -0.0184683 0.0104061 0.0068979
v -0.0184683 0.0103309 0.0068039
v -0.0184683 0.0102557 0.0067099
v -0.0184683 0.0101617 0.0066347
v -0.0184683 0.0100677 0.0065595
v -0.0184683 0.0099737 0.0065031
v -0.0184683 0.0098609 0.0064467
v -0.0184683 0.0097481 0.0064092
v -0.0184683 0.0096354 0.0063716
v -0.0184683 0.0095038 0.0063340
v -0.0184683 0.0093910 0.0063340
v -0.0184683 0.0092782 0.0063152
v -0.0184683 0.0091466 0.0063340
v -0.0184683 0.0090338 0.0063340
v -0.0184683 0.0089210 0.0063716
v -0.0184683 0.0088082 0.0064092
v -0.0183931 0.0087894 0.0063716
v -0.0183367 0.0086578 0.0063904
v -0.0182615 0.0085450 0.0064467
v -0.0181863 0.0084322 0.0065031
v -0.0178479 0.0084322 0.0065031
v -0.0177916 0.0084322 0.0065031
v -0.0177540 0.0083382 0.0065971
v -0.0176976 0.0082631 0.0066911
v -0.0176600 0.0082067 0.0068039
v -0.0176412 0.0081503 0.0069167
v -0.0176412 0.0082255 0.0068227
v -0.0176412 0.0083194 0.0067475
v -0.0176412 0.0083946 0.0066535
v -0.0176412 0.0084886 0.0065971
v -0.0176412 0.0086014 0.0065219
v -0.0176412 0.0086954 0.0064843
v -0.0176412 0.0088082 0.0064280
v -0.0176412 0.0089210 0.0063904
v -0.0176412 0.0090338 0.0063716
v -0.0176412 0.0091466 0.0063528
v -0.0176412 0.0092782 0.0063528
v -0.0176412 0.0093910 0.0063528
v -0.0176412 0.0095038 0.0063716
v -0.0176412 0.0096166 0.0063904
v -0.0176412 0.0097293 0.0064280
v -0.0176412 0.0098421 0.0064843
v -0.0176412 0.0099549 0.0065219
v -0.0176412 0.0100489 0.0065971
v -0.0176412 0.0101429 0.0066535
v -0.0176412 0.0102369 0.0067475
v -0.0176412 0.0103121 0.0068227
v -0.0176412 0.0103873 0.0069167
v -0.0176412 0.0104625 0.0070107
v -0.0176412 0.0105189 0.0071235
v -0.0176412 0.0105588 0.0072175
v -0.0176412 0.0105964 0.0073303
v -0.0176412 0.0106340 0.0074431
v -0.0176412 0.0106528 0.0075747
v -0.0176412 0.0106528 0.0076875
v -0.0176412 0.0106528 0.0078003
v -0.0176412 0.0106528 0.0079130
v -0.0176412 0.0106340 0.0080258
v -0.0176412 0.0105964 0.0081574
v -0.0176412 0.0105588 0.0082514
v -0.0176412 0.0105189 0.0083642
v -0.0176412 0.0104625 0.0084770
v -0.0176412 0.0103873 0.0085710
v -0.0176412 0.0103121 0.0086650
v -0.0176412 0.0102369 0.0087402
v -0.0176412 0.0101429 0.0088154
v -0.0176412 0.0100489 0.0088906
v -0.0176412 0.0099549 0.0089470
v -0.0176412 0.0098421 0.0090034
v -0.0176412 0.0097293 0.0090598
v -0.0176412 0.0096166 0.0090786
v -0.0176412 0.0095038 0.0091162
v -0.0176412 0.0093910 0.0091350
v -0.0176412 0.0092782 0.0091350
v -0.0176412 0.0091466 0.0091350
v -0.0176412 0.0090338 0.0091162
v -0.0176412 0.0089210 0.0090786
v -0.0176412 0.0088082 0.0090598
v -0.0176412 0.0086954 0.0090034
v -0.0176412 0.0086014 0.0089470
v -0.0176600 0.0085826 0.0089846
v -0.0176976 0.0085638 0.0090222
v -0.0177540 0.0085450 0.0090410
v -0.0177916 0.0085450 0.0090410
v -0.0178479 0.0085826 0.0090786
v -0.0181863 0.0086578 0.0091162
v -0.0181863 0.0087330 0.0091350
v -0.0182615 0.0087706 0.0091538
v -0.0183367 0.0087706 0.0091350
v -0.0183931 0.0087894 0.0091162
v -0.0184683 0.0086954 0.0090410
v -0.0185247 0.0086014 0.0089470
v -0.0185247 0.0087142 0.0090034
v -0.0185247 0.0088082 0.0090410
v -0.0185247 0.0089210 0.0090786
v -0.0185247 0.0090338 0.0090974
v -0.0185247 0.0091466 0.0091162
v -0.0185247 0.0092782 0.0091162
v -0.0185247 0.0093910 0.0091162
v -0.0185247 0.0095038 0.0090974
v -0.0185247 0.0096166 0.0090786
v -0.0185247 0.0097293 0.0090410
v -0.0185247 0.0098421 0.0090034
v -0.0185247 0.0099361 0.0089470
v -0.0185247 0.0100489 0.0088906
v -0.0185247 0.0101429 0.0088154
v -0.0185247 0.0102181 0.0087402
v -0.0185247 0.0103121 0.0086462
v -0.0185247 0.0103873 0.0085522
v -0.0185247 0.0104437 0.0084582
v -0.0185247 0.0105001 0.0083642
v -0.0185247 0.0105588 0.0082514
v -0.0185247 0.0105964 0.0081386
v -0.0185247 0.0106152 0.0080258
v -0.0185247 0.0106340 0.0079130
v -0.0185247 0.0106528 0.0078003
v -0.0185247 0.0106528 0.0076875
v -0.0185247 0.0106340 0.0075747
v -0.0185247 0.0106152 0.0074431
v -0.0185247 0.0105964 0.0073303
v -0.0185247 0.0105588 0.0072363
v -0.0185247 0.0105001 0.0071235
v -0.0185247 0.0104437 0.0070295
v -0.0185247 0.0103873 0.0069167
v -0.0185247 0.0103121 0.0068415
v -0.0185247 0.0102181 0.0067475
v -0.0185247 0.0101429 0.0066723
v -0.0185247 0.0100489 0.0065971
v -0.0185247 0.0099361 0.0065407
v -0.0185247 0.0098421 0.0064843
v -0.0185247 0.0097293 0.0064467
v -0.0185247 0.0096166 0.0064092
v -0.0185247 0.0095038 0.0063904
v -0.0185247 0.0093910 0.0063716
v -0.0185247 0.0092782 0.0063716
v -0.0185247 0.0091466 0.0063716
v -0.0185247 0.0090338 0.0063904
v -0.0185247 0.0089210 0.0064092
v -0.0185247 0.0088082 0.0064467
v -0.0185247 0.0087142 0.0064843
v -0.0184683 0.0086954 0.0064467
v -0.0183931 0.0086766 0.0064092
v -0.0183367 0.0085450 0.0064467
v -0.0182615 0.0084322 0.0065031
v -0.0181863 0.0084134 0.0065031
v -0.0178479 0.0084134 0.0065031
v -0.0178479 0.0082819 0.0066159
v -0.0178479 0.0083382 0.0065783
v -0.0177916 0.0083382 0.0065783
v -0.0177540 0.0082443 0.0066723
v -0.0176976 0.0081691 0.0067851
v -0.0176600 0.0081315 0.0068979
v -0.0176412 0.0080939 0.0070107
v -0.0176224 0.0080751 0.0071423
v -0.0176224 0.0081315 0.0070295
v -0.0176224 0.0081879 0.0069355
v -0.0176224 0.0082631 0.0068603
v -0.0176224 0.0083382 0.0067663
v -0.0176224 0.0084322 0.0066911
v -0.0176224 0.0085262 0.0066347
v -0.0176224 0.0086202 0.0065595
v -0.0176224 0.0087142 0.0065219
v -0.0176224 0.0088270 0.0064655
v -0.0176224 0.0089398 0.0064467
v -0.0176224 0.0090526 0.0064092
v -0.0176224 0.0091654 0.0064092
v -0.0176224 0.0092782 0.0063904
v -0.0176224 0.0093910 0.0064092
v -0.0176224 0.0095038 0.0064092
v -0.0176224 0.0096166 0.0064467
v -0.0176224 0.0097293 0.0064655
v -0.0176224 0.0098233 0.0065219
v -0.0176224 0.0099361 0.0065595
v -0.0176224 0.0100301 0.0066347
v -0.0176224 0.0101241 0.0066911
v -0.0176224 0.0101993 0.0067663
v -0.0176224 0.0102745 0.0068603
v -0.0176224 0.0103497 0.0069355
v -0.0176224 0.0104249 0.0070295
v -0.0176224 0.0104813 0.0071423
v -0.0176224 0.0105189 0.0072363
v -0.0176224 0.0105588 0.0073491
v -0.0176224 0.0105964 0.0074619
v -0.0176224 0.0106152 0.0075747
v -0.0176224 0.0106152 0.0076875
v -0.0176224 0.0106152 0.0078003
v -0.0176224 0.0106152 0.0079130
v -0.0176224 0.0105964 0.0080258
v -0.0176224 0.0105588 0.0081386
v -0.0176224 0.0105189 0.0082514
v -0.0176224 0.0104813 0.0083454
v -0.0176224 0.0104249 0.0084394
v -0.0176224 0.0103497 0.0085334
v -0.0176224 0.0102745 0.0086274
v -0.0176224 0.0101993 0.0087214
v -0.0176224 0.0101241 0.0087966
v -0.0176224 0.0100301 0.0088530
v -0.0176224 0.0099361 0.0089094
v -0.0176224 0.0098233 0.0089658
v -0.0176224 0.0097293 0.0090034
v -0.0176224 0.0096166 0.0090410
v -0.0176224 0.0095038 0.0090598
v -0.0176224 0.0093910 0.0090786
v -0.0176224 0.0092782 0.0090786
v -0.0176224 0.0091654 0.0090786
v -0.0176224 0.0090526 0.0090598
v -0.0176224 0.0089398 0.0090410
v -0.0176224 0.0088270 0.0090034
v -0.0176224 0.0087142 0.0089658
v -0.0176224 0.0086202 0.0089094
v -0.0176224 0.0085262 0.0088530
v -0.0176412 0.0084886 0.0088906
v -0.0176600 0.0084698 0.0089282
v -0.0176976 0.0084510 0.0089470
v -0.0177540 0.0084510 0.0089658
v -0.0177916 0.0084322 0.0089846
v -0.0178479 0.0084322 0.0089846
v -0.0178479 0.0085450 0.0090598
v -0.0181863 0.0085826 0.0090786
v -0.0182615 0.0086578 0.0090974
v -0.0183367 0.0086578 0.0090974
v -0.0183931 0.0086766 0.0090598
v -0.0184683 0.0085826 0.0089846
v -0.0185247 0.0085074 0.0088906
v -0.0185811 0.0084322 0.0087778
v -0.0185811 0.0085262 0.0088342
v -0.0185811 0.0086202 0.0089094
v -0.0185811 0.0087330 0.0089470
v -0.0185811 0.0088270 0.0089846
v -0.0185811 0.0089398 0.0090222
v -0.0185811 0.0090526 0.0090598
v -0.0185811 0.0091654 0.0090598
v -0.0185811 0.0092782 0.0090786
v -0.0185811 0.0093910 0.0090598
v -0.0185811 0.0095038 0.0090598
v -0.0185811 0.0095978 0.0090222
v -0.0185811 0.0097106 0.0089846
v -0.0185811 0.0098233 0.0089470
v -0.0185811 0.0099173 0.0089094
v -0.0185811 0.0100113 0.0088342
v -0.0185811 0.0101053 0.0087778
v -0.0185811 0.0101993 0.0087026
v -0.0185811 0.0102745 0.0086274
v -0.0185811 0.0103309 0.0085334
v -0.0185811 0.0104061 0.0084394
v -0.0185811 0.0104625 0.0083454
v -0.0185811 0.0105001 0.0082326
v -0.0185811 0.0105400 0.0081386
v -0.0185811 0.0105776 0.0080258
v -0.0185811 0.0105964 0.0079130
v -0.0185811 0.0105964 0.0078003
v -0.0185811 0.0105964 0.0076875
v -0.0185811 0.0105964 0.0075747
v -0.0185811 0.0105776 0.0074619
v -0.0185811 0.0105400 0.0073491
v -0.0185811 0.0105001 0.0072551
v -0.0185811 0.0104625 0.0071423
v -0.0185811 0.0104061 0.0070483
v -0.0185811 0.0103309 0.0069543
v -0.0185811 0.0102745 0.0068603
v -0.0185811 0.0101993 0.0067851
v -0.0185811 0.0101053 0.0067099
v -0.0185811 0.0100113 0.0066347
v -0.0185811 0.0099173 0.0065783
v -0.0185811 0.0098233 0.0065407
v -0.0185811 0.0097106 0.0064843
v -0.0185811 0.0095978 0.0064655
v -0.0185811 0.0095038 0.0064280
v -0.0185811 0.0093910 0.0064280
v -0.0185811 0.0092782 0.0064092
v -0.0185811 0.0091654 0.0064280
v -0.0185811 0.0090526 0.0064280
v -0.0185811 0.0089398 0.0064655
v -0.0185811 0.0088270 0.0064843
v -0.0185811 0.0087330 0.0065407
v -0.0185811 0.0086202 0.0065783
v -0.0185247 0.0086014 0.0065407
v -0.0184683 0.0085826 0.0065031
v -0.0183931 0.0085638 0.0064655
v -0.0183367 0.0084510 0.0065219
v -0.0182615 0.0083382 0.0065783
v -0.0181863 0.0083382 0.0065783
v -0.0181863 0.0082819 0.0066159
v -0.0181863 0.0082255 0.0066535
v -0.0178479 0.0082255 0.0066535
v -0.0178479 0.0081503 0.0067475
v -0.0177916 0.0082443 0.0066723
v -0.0177540 0.0081691 0.0067663
v -0.0176976 0.0080939 0.0068791
v -0.0176600 0.0080563 0.0069919
v -0.0176412 0.0080375 0.0071235
v -0.0176224 0.0080187 0.0072363
v -0.0176036 0.0079999 0.0074619
v -0.0176224 0.0079811 0.0073491
v -0.0176036 0.0080375 0.0073679
v -0.0176036 0.0080751 0.0072551
v -0.0176036 0.0081127 0.0071611
v -0.0176036 0.0081691 0.0070671
v -0.0176036 0.0082255 0.0069731
v -0.0176036 0.0083007 0.0068791
v -0.0176036 0.0083758 0.0068039
v -0.0176036 0.0084510 0.0067287
v -0.0176036 0.0085450 0.0066723
v -0.0176036 0.0086390 0.0066159
v -0.0176036 0.0087330 0.0065595
v -0.0176036 0.0088458 0.0065219
v -0.0176036 0.0089398 0.0064843
v -0.0176036 0.0090526 0.0064655
v -0.0176036 0.0091654 0.0064467
v -0.0176036 0.0092782 0.0064467
v -0.0176036 0.0093910 0.0064467
v -0.0176036 0.0094850 0.0064655
v -0.0176036 0.0095978 0.0064843
v -0.0176036 0.0097106 0.0065219
v -0.0176036 0.0098045 0.0065595
v -0.0176036 0.0098985 0.0066159
v -0.0176036 0.0099925 0.0066723
v -0.0176036 0.0100865 0.0067287
v -0.0176036 0.0101617 0.0068039
v -0.0176036 0.0102557 0.0068791
v -0.0176036 0.0103121 0.0069731
v -0.0176036 0.0103685 0.0070671
v -0.0176036 0.0104249 0.0071611
v -0.0176036 0.0104813 0.0072551
v -0.0176036 0.0105189 0.0073679
v -0.0176036 0.0105400 0.0074619
v -0.0176036 0.0105588 0.0075747
v -0.0176036 0.0105776 0.0076875
v -0.0176036 0.0105776 0.0078003
v -0.0176036 0.0105588 0.0079130
v -0.0176036 0.0105400 0.0080070
v -0.0176036 0.0105189 0.0081198
v -0.0176036 0.0104813 0.0082326
v -0.0176036 0.0104249 0.0083266
v -0.0176036 0.0103685 0.0084206
v -0.0176036 0.0103121 0.0085146
v -0.0176036 0.0102557 0.0086086
v -0.0176036 0.0101617 0.0086838
v -0.0176036 0.0100865 0.0087590
v -0.0176036 0.0099925 0.0088154
v -0.0176036 0.0098985 0.0088718
v -0.0176036 0.0098045 0.0089282
v -0.0176036 0.0097106 0.0089658
v -0.0176036 0.0095978 0.0090034
v -0.0176036 0.0094850 0.0090222
v -0.0176036 0.0093910 0.0090410
v -0.0176036 0.0092782 0.0090410
v -0.0176036 0.0091654 0.0090410
v -0.0176036 0.0090526 0.0090222
v -0.0176036 0.0089398 0.0090034
v -0.0176036 0.0088458 0.0089658
v -0.0176036 0.0087330 0.0089282
v -0.0176036 0.0086390 0.0088718
v -0.0176036 0.0085450 0.0088154
v -0.0176036 0.0084510 0.0087590
v -0.0176224 0.0084322 0.0087966
v -0.0176412 0.0083946 0.0088154
v -0.0176600 0.0083758 0.0088530
v -0.0176976 0.0083570 0.0088718
v -0.0177540 0.0083382 0.0088906
v -0.0177916 0.0083382 0.0089094
v -0.0178479 0.0083382 0.0089094
v -0.0178479 0.0084134 0.0089846
v -0.0181863 0.0084322 0.0089846
v -0.0181863 0.0085450 0.0090598
v -0.0182615 0.0085450 0.0090410
v -0.0183367 0.0085450 0.0090410
v -0.0183931 0.0085638 0.0090034
v -0.0184683 0.0084698 0.0089282
v -0.0185247 0.0084134 0.0088154
v -0.0185811 0.0083570 0.0087026
v -0.0186187 0.0083194 0.0085898
v -0.0186187 0.0083946 0.0086650
v -0.0186187 0.0084698 0.0087214
v -0.0186187 0.0085638 0.0087966
v -0.0186187 0.0086578 0.0088530
v -0.0186187 0.0087518 0.0088906
v -0.0186187 0.0088458 0.0089470
v -0.0186187 0.0089586 0.0089658
v -0.0186187 0.0090526 0.0090034
v -0.0186187 0.0091654 0.0090034
v -0.0186187 0.0092782 0.0090034
v -0.0186187 0.0093722 0.0090034
v -0.0186187 0.0094850 0.0090034
v -0.0186187 0.0095978 0.0089658
v -0.0186187 0.0096918 0.0089470
v -0.0186187 0.0098045 0.0088906
v -0.0186187 0.0098985 0.0088530
v -0.0186187 0.0099925 0.0087966
v -0.0186187 0.0100677 0.0087214
v -0.0186187 0.0101429 0.0086650
v -0.0186187 0.0102181 0.0085898
v -0.0186187 0.0102933 0.0084958
v -0.0186187 0.0103497 0.0084018
v -0.0186187 0.0104061 0.0083078
v -0.0186187 0.0104437 0.0082138
v -0.0186187 0.0104813 0.0081198
v -0.0186187 0.0105189 0.0080070
v -0.0186187 0.0105400 0.0079130
v -0.0186187 0.0105400 0.0078003
v -0.0186187 0.0105400 0.0076875
v -0.0186187 0.0105400 0.0075747
v -0.0186187 0.0105189 0.0074807
v -0.0186187 0.0104813 0.0073679
v -0.0186187 0.0104437 0.0072739
v -0.0186187 0.0104061 0.0071799
v -0.0186187 0.0103497 0.0070859
v -0.0186187 0.0102933 0.0069919
v -0.0186187 0.0102181 0.0068979
v -0.0186187 0.0101429 0.0068227
v -0.0186187 0.0100677 0.0067475
v -0.0186187 0.0099925 0.0066911
v -0.0186187 0.0098985 0.0066347
v -0.0186187 0.0098045 0.0065783
v -0.0186187 0.0096918 0.0065407
v -0.0186187 0.0095978 0.0065219
v -0.0186187 0.0094850 0.0064843
v -0.0186187 0.0093722 0.0064843
v -0.0186187 0.0092782 0.0064655
v -0.0186187 0.0091654 0.0064843
v -0.0186187 0.0090526 0.0064843
v -0.0186187 0.0089586 0.0065219
v -0.0186187 0.0088458 0.0065407
v -0.0186187 0.0087518 0.0065783
v -0.0186187 0.0086578 0.0066347
v -0.0186187 0.0085638 0.0066911
v -0.0185811 0.0085262 0.0066347
v -0.0185247 0.0085074 0.0065971
v -0.0184683 0.0084698 0.0065595
v -0.0183931 0.0084510 0.0065407
v -0.0183367 0.0083382 0.0065971
v -0.0182615 0.0082443 0.0066723
v -0.0181863 0.0081503 0.0067475
v -0.0181863 0.0081503 0.0067475
v -0.0178479 0.0081503 0.0067475
v -0.0177916 0.0081503 0.0067475
v -0.0177540 0.0080751 0.0068603
v -0.0176976 0.0080375 0.0069731
v -0.0176600 0.0079999 0.0071047
v -0.0176412 0.0079811 0.0072175
v -0.0176412 0.0079435 0.0073303
v -0.0176224 0.0079623 0.0074619
v -0.0176036 0.0079811 0.0075747
v -0.0176036 0.0080187 0.0076875
v -0.0176036 0.0080375 0.0075747
v -0.0176036 0.0080563 0.0074807
v -0.0176036 0.0080751 0.0073679
v -0.0176036 0.0081127 0.0072739
v -0.0176036 0.0081503 0.0071799
v -0.0176036 0.0082067 0.0070859
v -0.0176036 0.0082631 0.0069919
v -0.0176036 0.0083382 0.0069167
v -0.0176036 0.0084134 0.0068415
v -0.0176036 0.0084886 0.0067663
v -0.0176036 0.0085638 0.0067099
v -0.0176036 0.0086578 0.0066535
v -0.0176036 0.0087518 0.0065971
v -0.0176036 0.0088646 0.0065595
v -0.0176036 0.0089586 0.0065407
v -0.0176036 0.0090526 0.0065031
v -0.0176036 0.0091654 0.0065031
v -0.0176036 0.0092782 0.0064843
v -0.0176036 0.0093722 0.0065031
v -0.0176036 0.0094850 0.0065031
v -0.0176036 0.0095790 0.0065407
v -0.0176036 0.0096918 0.0065595
v -0.0176036 0.0097857 0.0065971
v -0.0176036 0.0098797 0.0066535
v -0.0176036 0.0099737 0.0067099
v -0.0176036 0.0100489 0.0067663
v -0.0176036 0.0101429 0.0068415
v -0.0176036 0.0102181 0.0069167
v -0.0176036 0.0102745 0.0069919
v -0.0176036 0.0103309 0.0070859
v -0.0176036 0.0103873 0.0071799
v -0.0176036 0.0104249 0.0072739
v -0.0176036 0.0104625 0.0073679
v -0.0176036 0.0105001 0.0074807
v -0.0176036 0.0105189 0.0075747
v -0.0176036 0.0105189 0.0076875
v -0.0176036 0.0105189 0.0078003
v -0.0176036 0.0105189 0.0078942
v -0.0176036 0.0105001 0.0080070
v -0.0176036 0.0104625 0.0081010
v -0.0176036 0.0104249 0.0082138
v -0.0176036 0.0103873 0.0083078
v -0.0176036 0.0103309 0.0084018
v -0.0176036 0.0102745 0.0084770
v -0.0176036 0.0102181 0.0085710
v -0.0176036 0.0101429 0.0086462
v -0.0176036 0.0100489 0.0087214
v -0.0176036 0.0099737 0.0087778
v -0.0176036 0.0098797 0.0088342
v -0.0176036 0.0097857 0.0088718
v -0.0176036 0.0096918 0.0089282
v -0.0176036 0.0095790 0.0089470
v -0.0176036 0.0094850 0.0089658
v -0.0176036 0.0093722 0.0089846
v -0.0176036 0.0092782 0.0089846
v -0.0176036 0.0091654 0.0089846
v -0.0176036 0.0090526 0.0089658
v -0.0176036 0.0089586 0.0089470
v -0.0176036 0.0088646 0.0089282
v -0.0176036 0.0087518 0.0088718
v -0.0176036 0.0086578 0.0088342
v -0.0176036 0.0085638 0.0087778
v -0.0176036 0.0084886 0.0087214
v -0.0176036 0.0084134 0.0086462
v -0.0176036 0.0083758 0.0086838
v -0.0176224 0.0083382 0.0087214
v -0.0176412 0.0083194 0.0087402
v -0.0176600 0.0082819 0.0087778
v -0.0176976 0.0082631 0.0087966
v -0.0177540 0.0082443 0.0088154
v -0.0177916 0.0082443 0.0088154
v -0.0178479 0.0082255 0.0088342
v -0.0178479 0.0082819 0.0088718
v -0.0181863 0.0083382 0.0089094
v -0.0181863 0.0084134 0.0089846
v -0.0182615 0.0084322 0.0089846
v -0.0183367 0.0084510 0.0089658
v -0.0183931 0.0084510 0.0089470
v -0.0184683 0.0083758 0.0088530
v -0.0185247 0.0083194 0.0087402
v -0.0185811 0.0082819 0.0086274
v -0.0186187 0.0082443 0.0084958
v -0.0186563 0.0082443 0.0083830
v -0.0186563 0.0083007 0.0084582
v -0.0186563 0.0083570 0.0085334
v -0.0186563 0.0084322 0.0086086
v -0.0186563 0.0085074 0.0086838
v -0.0186563 0.0086014 0.0087402
v -0.0186563 0.0086766 0.0087966
v -0.0186563 0.0087706 0.0088342
v -0.0186563 0.0088646 0.0088718
v -0.0186563 0.0089774 0.0089094
v -0.0186563 0.0090714 0.0089282
v -0.0186563 0.0091654 0.0089470
v -0.0186563 0.0092782 0.0089470
v -0.0186563 0.0093722 0.0089470
v -0.0186563 0.0094850 0.0089282
v -0.0186563 0.0095790 0.0089094
v -0.0186563 0.0096730 0.0088718
v -0.0186563 0.0097669 0.0088342
v -0.0186563 0.0098609 0.0087966
v -0.0186563 0.0099549 0.0087402
v -0.0186563 0.0100301 0.0086838
v -0.0186563 0.0101053 0.0086086
v -0.0186563 0.0101805 0.0085334
v -0.0186563 0.0102369 0.0084582
v -0.0186563 0.0102933 0.0083830
v -0.0186563 0.0103497 0.0082890
v -0.0186563 0.0103873 0.0081950
v -0.0186563 0.0104249 0.0081010
v -0.0186563 0.0104437 0.0079882
v -0.0186563 0.0104625 0.0078942
v -0.0186563 0.0104813 0.0078003
v -0.0186563 0.0104813 0.0076875
v -0.0186563 0.0104625 0.0075935
v -0.0186563 0.0104437 0.0074807
v -0.0186563 0.0104249 0.0073867
v -0.0186563 0.0103873 0.0072927
v -0.0186563 0.0103497 0.0071987
v -0.0186563 0.0102933 0.0071047
v -0.0186563 0.0102369 0.0070295
v -0.0186563 0.0101805 0.0069543
v -0.0186563 0.0101053 0.0068791
v -0.0186563 0.0100301 0.0068039
v -0.0186563 0.0099549 0.0067475
v -0.0186563 0.0098609 0.0066911
v -0.0186563 0.0097669 0.0066347
v -0.0186563 0.0096730 0.0065971
v -0.0186563 0.0095790 0.0065783
v -0.0186563 0.0094850 0.0065595
v -0.0186563 0.0093722 0.0065407
v -0.0186563 0.0092782 0.0065407
v -0.0186563 0.0091654 0.0065407
v -0.0186563 0.0090714 0.0065595
v -0.0186563 0.0089774 0.0065783
v -0.0186563 0.0088646 0.0065971
v -0.0186563 0.0087706 0.0066347
v -0.0186563 0.0086766 0.0066911
v -0.0186563 0.0086014 0.0067475
v -0.0186563 0.0085074 0.0068039
v -0.0186187 0.0084698 0.0067475
v -0.0185811 0.0084322 0.0067099
v -0.0185247 0.0084134 0.0066723
v -0.0184683 0.0083758 0.0066347
v -0.0183931 0.0083570 0.0066159
v -0.0183367 0.0082443 0.0066723
v -0.0182615 0.0081503 0.0067475
v -0.0181863 0.0080751 0.0068603
v -0.0178479 0.0080751 0.0068603
v -0.0178479 0.0080375 0.0068979
v -0.0177916 0.0080751 0.0068603
v -0.0177540 0.0080187 0.0069731
v -0.0176976 0.0079623 0.0070859
v -0.0176600 0.0079435 0.0072175
v -0.0176600 0.0079059 0.0073303
v -0.0176412 0.0079059 0.0074431
v -0.0176224 0.0079435 0.0075747
v -0.0176036 0.0079811 0.0076875
v -0.0176036 0.0080187 0.0078003
v -0.0176036 0.0079811 0.0078003
v -0.0176036 0.0080375 0.0078942
v -0.0176036 0.0079811 0.0079130
v -0.0176036 0.0080563 0.0080070
v -0.0176036 0.0079999 0.0080070
v -0.0176036 0.0080751 0.0081010
v -0.0176036 0.0080375 0.0081198
v -0.0176036 0.0081127 0.0082138
v -0.0176036 0.0080751 0.0082326
v -0.0176036 0.0081503 0.0083078
v -0.0176036 0.0081127 0.0083266
v -0.0176036 0.0082067 0.0084018
v -0.0176036 0.0081691 0.0084206
v -0.0176036 0.0082631 0.0084770
v -0.0176036 0.0082255 0.0085146
v -0.0176036 0.0083382 0.0085710
v -0.0176036 0.0083007 0.0086086
v -0.0176224 0.0082631 0.0086274
v -0.0176412 0.0082255 0.0086650
v -0.0176600 0.0082067 0.0086838
v -0.0176976 0.0081691 0.0087026
v -0.0177540 0.0081691 0.0087214
v -0.0177916 0.0081503 0.0087214
v -0.0178479 0.0081503 0.0087402
v -0.0181863 0.0082255 0.0088342
v -0.0181863 0.0082819 0.0088718
v -0.0182615 0.0083382 0.0089094
v -0.0183367 0.0083382 0.0088906
v -0.0183931 0.0083570 0.0088718
v -0.0184683 0.0082819 0.0087590
v -0.0185247 0.0082443 0.0086462
v -0.0185811 0.0082067 0.0085334
v -0.0186187 0.0081879 0.0084018
v -0.0186563 0.0081879 0.0082890
v -0.0186751 0.0082067 0.0081762
v -0.0186751 0.0082631 0.0082514
v -0.0186751 0.0083007 0.0083454
v -0.0186751 0.0083570 0.0084206
v -0.0186751 0.0084134 0.0084958
v -0.0186751 0.0084886 0.0085710
v -0.0186751 0.0085638 0.0086274
v -0.0186751 0.0086390 0.0086838
v -0.0186751 0.0087142 0.0087402
v -0.0186751 0.0088082 0.0087778
v -0.0186751 0.0088834 0.0088154
v -0.0186751 0.0089774 0.0088530
v -0.0186751 0.0090714 0.0088718
v -0.0186751 0.0091842 0.0088718
v -0.0186751 0.0092782 0.0088906
v -0.0186751 0.0093722 0.0088718
v -0.0186751 0.0094662 0.0088718
v -0.0186751 0.0095602 0.0088530
v -0.0186751 0.0096542 0.0088154
v -0.0186751 0.0097481 0.0087778
v -0.0186751 0.0098233 0.0087402
v -0.0186751 0.0099173 0.0086838
v -0.0186751 0.0099925 0.0086274
v -0.0186751 0.0100677 0.0085710
v -0.0186751 0.0101241 0.0084958
v -0.0186751 0.0101805 0.0084206
v -0.0186751 0.0102369 0.0083454
v -0.0186751 0.0102933 0.0082514
v -0.0186751 0.0103309 0.0081762
v -0.0186751 0.0103685 0.0080822
v -0.0186751 0.0103873 0.0079882
v -0.0186751 0.0104061 0.0078942
v -0.0186751 0.0104061 0.0078003
v -0.0186751 0.0104061 0.0076875
v -0.0186751 0.0104061 0.0075935
v -0.0186751 0.0103873 0.0074995
v -0.0186751 0.0103685 0.0074055
v -0.0186751 0.0103309 0.0073115
v -0.0186751 0.0102933 0.0072363
v -0.0186751 0.0102369 0.0071423
v -0.0186751 0.0101805 0.0070671
v -0.0186751 0.0101241 0.0069919
v -0.0186751 0.0100677 0.0069167
v -0.0186751 0.0099925 0.0068603
v -0.0186751 0.0099173 0.0068039
v -0.0186751 0.0098233 0.0067475
v -0.0186751 0.0097481 0.0067099
v -0.0186751 0.0096542 0.0066723
v -0.0186751 0.0095602 0.0066347
v -0.0186751 0.0094662 0.0066159
v -0.0186751 0.0093722 0.0065971
v -0.0186751 0.0092782 0.0065971
v -0.0186751 0.0091842 0.0065971
v -0.0186751 0.0090714 0.0066159
v -0.0186751 0.0089774 0.0066347
v -0.0186751 0.0088834 0.0066723
v -0.0186751 0.0088082 0.0067099
v -0.0186751 0.0087142 0.0067475
v -0.0186751 0.0086390 0.0068039
v -0.0186751 0.0085638 0.0068603
v -0.0186751 0.0084886 0.0069167
v -0.0186563 0.0084322 0.0068791
v -0.0186187 0.0083946 0.0068227
v -0.0185811 0.0083570 0.0067851
v -0.0185247 0.0083194 0.0067475
v -0.0184683 0.0082819 0.0067099
v -0.0183931 0.0082631 0.0066911
v -0.0183367 0.0081691 0.0067663
v -0.0182615 0.0080751 0.0068603
v -0.0181863 0.0080375 0.0068979
v -0.0181863 0.0079999 0.0069543
v -0.0178479 0.0079999 0.0069543
v -0.0178479 0.0079435 0.0070483
v -0.0177916 0.0079999 0.0069543
v -0.0177540 0.0079435 0.0070671
v -0.0176976 0.0079247 0.0071987
v -0.0176976 0.0078871 0.0073115
v -0.0176600 0.0078871 0.0074431
v -0.0176412 0.0078871 0.0075747
v -0.0176224 0.0079247 0.0076875
v -0.0176224 0.0079247 0.0078003
v -0.0176224 0.0079435 0.0079130
v -0.0176224 0.0079623 0.0080258
v -0.0176224 0.0079811 0.0081386
v -0.0176224 0.0080187 0.0082514
v -0.0176224 0.0080751 0.0083454
v -0.0176224 0.0081315 0.0084394
v -0.0176224 0.0081879 0.0085334
v -0.0176412 0.0081503 0.0085710
v -0.0176600 0.0081315 0.0085898
v -0.0176976 0.0080939 0.0086086
v -0.0177540 0.0080751 0.0086274
v -0.0177916 0.0080751 0.0086274
v -0.0178479 0.0080375 0.0085898
v -0.0178479 0.0080751 0.0086274
v -0.0178479 0.0081503 0.0087402
v -0.0181863 0.0081503 0.0087402
v -0.0182615 0.0082443 0.0088154
v -0.0183367 0.0082443 0.0088154
v -0.0183931 0.0082631 0.0087966
v -0.0184683 0.0082067 0.0086838
v -0.0185247 0.0081691 0.0085522
v -0.0185811 0.0081503 0.0084394
v -0.0186187 0.0081315 0.0083078
v -0.0186563 0.0081503 0.0081950
v -0.0186751 0.0081879 0.0080822
v -0.0186939 0.0082255 0.0079694
v -0.0186939 0.0082443 0.0080634
v -0.0186939 0.0082819 0.0081386
v -0.0186939 0.0083194 0.0082326
v -0.0186939 0.0083570 0.0083078
v -0.0186939 0.0084134 0.0083830
v -0.0186939 0.0084698 0.0084582
v -0.0186939 0.0085262 0.0085146
v -0.0186939 0.0086014 0.0085710
v -0.0186939 0.0086766 0.0086274
v -0.0186939 0.0087518 0.0086838
v -0.0186939 0.0088270 0.0087214
v -0.0186939 0.0089210 0.0087590
v -0.0186939 0.0089962 0.0087778
v -0.0186939 0.0090902 0.0087966
v -0.0186939 0.0091842 0.0088154
v -0.0186939 0.0092782 0.0088154
v -0.0186939 0.0093722 0.0088154
v -0.0186939 0.0094474 0.0087966
v -0.0186939 0.0095414 0.0087778
v -0.0186939 0.0096354 0.0087590
v -0.0186939 0.0097106 0.0087214
v -0.0186939 0.0097857 0.0086838
v -0.0186939 0.0098797 0.0086274
v -0.0186939 0.0099361 0.0085710
v -0.0186939 0.0100113 0.0085146
v -0.0186939 0.0100677 0.0084582
v -0.0186939 0.0101241 0.0083830
v -0.0186939 0.0101805 0.0083078
v -0.0186939 0.0102369 0.0082326
v -0.0186939 0.0102745 0.0081386
v -0.0186939 0.0102933 0.0080634
v -0.0186939 0.0103121 0.0079694
v -0.0186939 0.0103309 0.0078754
v -0.0186939 0.0103497 0.0077815
v -0.0186939 0.0103497 0.0077063
v -0.0186939 0.0103309 0.0076123
v -0.0186939 0.0103121 0.0075183
v -0.0186939 0.0102933 0.0074243
v -0.0186939 0.0102745 0.0073491
v -0.0186939 0.0102369 0.0072551
v -0.0186939 0.0101805 0.0071799
v -0.0186939 0.0101241 0.0071047
v -0.0186939 0.0100677 0.0070295
v -0.0186939 0.0100113 0.0069731
v -0.0186939 0.0099361 0.0069167
v -0.0186939 0.0098797 0.0068603
v -0.0186939 0.0097857 0.0068039
v -0.0186939 0.0097106 0.0067663
v -0.0186939 0.0096354 0.0067287
v -0.0186939 0.0095414 0.0067099
v -0.0186939 0.0094474 0.0066911
v -0.0186939 0.0093722 0.0066723
v -0.0186939 0.0092782 0.0066723
v -0.0186939 0.0091842 0.0066723
v -0.0186939 0.0090902 0.0066911
v -0.0186939 0.0089962 0.0067099
v -0.0186939 0.0089210 0.0067287
v -0.0186939 0.0088270 0.0067663
v -0.0186939 0.0087518 0.0068039
v -0.0186939 0.0086766 0.0068603
v -0.0186939 0.0086014 0.0069167
v -0.0186939 0.0085262 0.0069731
v -0.0186939 0.0084698 0.0070295
v -0.0186751 0.0084134 0.0069919
v -0.0186563 0.0083570 0.0069543
v -0.0186187 0.0083194 0.0068979
v -0.0185811 0.0082819 0.0068603
v -0.0185247 0.0082443 0.0068415
v -0.0184683 0.0082067 0.0068039
v -0.0183931 0.0081879 0.0067851
v -0.0183367 0.0080751 0.0068603
v -0.0182615 0.0079999 0.0069543
v -0.0181863 0.0079435 0.0070483
v -0.0181863 0.0079247 0.0070671
v -0.0178479 0.0079247 0.0070671
v -0.0177916 0.0079435 0.0070671
v -0.0177540 0.0079059 0.0071987
v -0.0177540 0.0078495 0.0073115
v -0.0176976 0.0078495 0.0074431
v -0.0176600 0.0078495 0.0075559
v -0.0176412 0.0078871 0.0076875
v -0.0176412 0.0078871 0.0078003
v -0.0176412 0.0078871 0.0079130
v -0.0176412 0.0079059 0.0080258
v -0.0176412 0.0079435 0.0081574
v -0.0176412 0.0079811 0.0082514
v -0.0176412 0.0080375 0.0083642
v -0.0176412 0.0080939 0.0084770
v -0.0176600 0.0080563 0.0084958
v -0.0176976 0.0080375 0.0085146
v -0.0177540 0.0080187 0.0085146
v -0.0177916 0.0079999 0.0085334
v -0.0178479 0.0079999 0.0085334
v -0.0181863 0.0080375 0.0085898
v -0.0181863 0.0080751 0.0086274
v -0.0181863 0.0081503 0.0087402
v -0.0182615 0.0081503 0.0087214
v -0.0183367 0.0081691 0.0087214
v -0.0183931 0.0081879 0.0087026
v -0.0184683 0.0081315 0.0085898
v -0.0185247 0.0080939 0.0084582
v -0.0185811 0.0080939 0.0083454
v -0.0186187 0.0080939 0.0082138
v -0.0186563 0.0081127 0.0081010
v -0.0186751 0.0081503 0.0079882
v -0.0186939 0.0082067 0.0078754
v -0.0186939 0.0082819 0.0077815
v -0.0186939 0.0082819 0.0078754
v -0.0186939 0.0083007 0.0079506
v -0.0186939 0.0083194 0.0080446
v -0.0186939 0.0083382 0.0081198
v -0.0186939 0.0083758 0.0081950
v -0.0186939 0.0084134 0.0082702
v -0.0186939 0.0084698 0.0083454
v -0.0186939 0.0085262 0.0084018
v -0.0186939 0.0085826 0.0084582
v -0.0186939 0.0086390 0.0085146
v -0.0186939 0.0087142 0.0085710
v -0.0186939 0.0087894 0.0086086
v -0.0186939 0.0088646 0.0086462
v -0.0186939 0.0089398 0.0086838
v -0.0186939 0.0090150 0.0087026
v -0.0186939 0.0091090 0.0087214
v -0.0186939 0.0091842 0.0087402
v -0.0186939 0.0092782 0.0087402
v -0.0186939 0.0093534 0.0087402
v -0.0186939 0.0094474 0.0087214
v -0.0186939 0.0095226 0.0087026
v -0.0186939 0.0095978 0.0086838
v -0.0186939 0.0096918 0.0086462
v -0.0186939 0.0097669 0.0086086
v -0.0186939 0.0098233 0.0085710
v -0.0186939 0.0098985 0.0085146
v -0.0186939 0.0099549 0.0084582
v -0.0186939 0.0100301 0.0084018
v -0.0186939 0.0100677 0.0083454
v -0.0186939 0.0101241 0.0082702
v -0.0186939 0.0101617 0.0081950
v -0.0186939 0.0101993 0.0081198
v -0.0186939 0.0102369 0.0080446
v -0.0186939 0.0102557 0.0079506
v -0.0186939 0.0102557 0.0078754
v -0.0186939 0.0102745 0.0077815
v -0.0186939 0.0102745 0.0077063
v -0.0186939 0.0102557 0.0076123
v -0.0186939 0.0102557 0.0075371
v -0.0186939 0.0102369 0.0074431
v -0.0186939 0.0101993 0.0073679
v -0.0186939 0.0101617 0.0072927
v -0.0186939 0.0101241 0.0072175
v -0.0186939 0.0100677 0.0071423
v -0.0186939 0.0100301 0.0070859
v -0.0186939 0.0099549 0.0070295
v -0.0186939 0.0098985 0.0069731
v -0.0186939 0.0098233 0.0069167
v -0.0186939 0.0097669 0.0068791
v -0.0186939 0.0096918 0.0068227
v -0.0186939 0.0095978 0.0068039
v -0.0186939 0.0095226 0.0067663
v -0.0186939 0.0094474 0.0067663
v -0.0186939 0.0093534 0.0067475
v -0.0186939 0.0092782 0.0067475
v -0.0186939 0.0091842 0.0067475
v -0.0186939 0.0091090 0.0067663
v -0.0186939 0.0090150 0.0067663
v -0.0186939 0.0089398 0.0068039
v -0.0186939 0.0088646 0.0068227
v -0.0186939 0.0087894 0.0068791
v -0.0186939 0.0087142 0.0069167
v -0.0186939 0.0086390 0.0069731
v -0.0186939 0.0085826 0.0070295
v -0.0186939 0.0085262 0.0070859
v -0.0186939 0.0084698 0.0071423
v -0.0186939 0.0084134 0.0071047
v -0.0186751 0.0083570 0.0070671
v -0.0186563 0.0083007 0.0070295
v -0.0186187 0.0082443 0.0069919
v -0.0185811 0.0082067 0.0069543
v -0.0185247 0.0081691 0.0069167
v -0.0184683 0.0081315 0.0068979
v -0.0183931 0.0080939 0.0068791
v -0.0183367 0.0080187 0.0069731
v -0.0182615 0.0079435 0.0070671
v -0.0181863 0.0078871 0.0071799
v -0.0178479 0.0078871 0.0071799
v -0.0177916 0.0078871 0.0071799
v -0.0177916 0.0078495 0.0073115
v -0.0177540 0.0078307 0.0074243
v -0.0176976 0.0078307 0.0075559
v -0.0176600 0.0078495 0.0076875
v -0.0176600 0.0078495 0.0078003
v -0.0176600 0.0078495 0.0079318
v -0.0176600 0.0078871 0.0080446
v -0.0176600 0.0079059 0.0081574
v -0.0176600 0.0079435 0.0082702
v -0.0176600 0.0079999 0.0083830
v -0.0176976 0.0079623 0.0084018
v -0.0177540 0.0079435 0.0084018
v -0.0177916 0.0079435 0.0084206
v -0.0178479 0.0079435 0.0084394
v -0.0181863 0.0079999 0.0085334
v -0.0182615 0.0080751 0.0086274
v -0.0183367 0.0080751 0.0086274
v -0.0183931 0.0080939 0.0086086
v -0.0184683 0.0080563 0.0084958
v -0.0185247 0.0080375 0.0083642
v -0.0185811 0.0080375 0.0082326
v -0.0186187 0.0080563 0.0081198
v -0.0186563 0.0080939 0.0079882
v -0.0186751 0.0081503 0.0078942
v -0.0186939 0.0082067 0.0077815
v -0.0186939 0.0082819 0.0077063
v -0.0186939 0.0082067 0.0077063
v -0.0186939 0.0082819 0.0076123
v -0.0186939 0.0082067 0.0076123
v -0.0186939 0.0083007 0.0075371
v -0.0186939 0.0082255 0.0075183
v -0.0186939 0.0083194 0.0074431
v -0.0186939 0.0082443 0.0074243
v -0.0186939 0.0083382 0.0073679
v -0.0186939 0.0082819 0.0073491
v -0.0186939 0.0083758 0.0072927
v -0.0186939 0.0083194 0.0072551
v -0.0186939 0.0084134 0.0072175
v -0.0186939 0.0083570 0.0071799
v -0.0186751 0.0083007 0.0071423
v -0.0186563 0.0082443 0.0071047
v -0.0186187 0.0081879 0.0070859
v -0.0185811 0.0081503 0.0070483
v -0.0185247 0.0080939 0.0070295
v -0.0184683 0.0080563 0.0069919
v -0.0183931 0.0080375 0.0069731
v -0.0183367 0.0079435 0.0070859
v -0.0182615 0.0078871 0.0071799
v -0.0181863 0.0078683 0.0072175
v -0.0178479 0.0078683 0.0072175
v -0.0178479 0.0078307 0.0073115
v -0.0178479 0.0078119 0.0073867
v -0.0177916 0.0078119 0.0074243
v -0.0177540 0.0078119 0.0075559
v -0.0176976 0.0078119 0.0076875
v -0.0176976 0.0078119 0.0078003
v -0.0176976 0.0078307 0.0079318
v -0.0176976 0.0078495 0.0080446
v -0.0176976 0.0078871 0.0081762
v -0.0176976 0.0079247 0.0082890
v -0.0177540 0.0079059 0.0082890
v -0.0177916 0.0078871 0.0083078
v -0.0178479 0.0078871 0.0083078
v -0.0178479 0.0079247 0.0084206
v -0.0181863 0.0079435 0.0084394
v -0.0182615 0.0079999 0.0085334
v -0.0183367 0.0080187 0.0085146
v -0.0183931 0.0080375 0.0084958
v -0.0184683 0.0079999 0.0083830
v -0.0185247 0.0079999 0.0082514
v -0.0185811 0.0079999 0.0081386
v -0.0186187 0.0080375 0.0080070
v -0.0186563 0.0080751 0.0078942
v -0.0186751 0.0081315 0.0078003
v -0.0186751 0.0081315 0.0076875
v -0.0186751 0.0081503 0.0075935
v -0.0186751 0.0081503 0.0074995
v -0.0186751 0.0081879 0.0074055
v -0.0186751 0.0082067 0.0073115
v -0.0186751 0.0082631 0.0072363
v -0.0186563 0.0081879 0.0071987
v -0.0186187 0.0081315 0.0071799
v -0.0185811 0.0080939 0.0071423
v -0.0185247 0.0080375 0.0071235
v -0.0184683 0.0079999 0.0071047
v -0.0183931 0.0079811 0.0070859
v -0.0183367 0.0079059 0.0071987
v -0.0182615 0.0078495 0.0073115
v -0.0181863 0.0078307 0.0073115
v -0.0181863 0.0078119 0.0073867
v -0.0181863 0.0078119 0.0074243
v -0.0178479 0.0078119 0.0074243
v -0.0177916 0.0077931 0.0075559
v -0.0177540 0.0077931 0.0076875
v -0.0177540 0.0077931 0.0078003
v -0.0177540 0.0078119 0.0079318
v -0.0177540 0.0078307 0.0080634
v -0.0177540 0.0078495 0.0081762
v -0.0177916 0.0078495 0.0081762
v -0.0178479 0.0078307 0.0081762
v -0.0178479 0.0078683 0.0082702
v -0.0181863 0.0078871 0.0083078
v -0.0181863 0.0079247 0.0084206
v -0.0182615 0.0079435 0.0084206
v -0.0183367 0.0079435 0.0084018
v -0.0183931 0.0079811 0.0084018
v -0.0184683 0.0079623 0.0082702
v -0.0185247 0.0079623 0.0081386
v -0.0185811 0.0079811 0.0080258
v -0.0186187 0.0080187 0.0079130
v -0.0186563 0.0080751 0.0078003
v -0.0186563 0.0080751 0.0076875
v -0.0186563 0.0080751 0.0075935
v -0.0186563 0.0080939 0.0074807
v -0.0186563 0.0081127 0.0073867
v -0.0186563 0.0081503 0.0072927
v -0.0186187 0.0080939 0.0072739
v -0.0185811 0.0080375 0.0072551
v -0.0185247 0.0079999 0.0072363
v -0.0184683 0.0079623 0.0072175
v -0.0183931 0.0079247 0.0071987
v -0.0183367 0.0078495 0.0073115
v -0.0182615 0.0078119 0.0074243
v -0.0181863 0.0077931 0.0075559
v -0.0178479 0.0077931 0.0075559
v -0.0178479 0.0077931 0.0075559
v -0.0177916 0.0077743 0.0076875
v -0.0177916 0.0077743 0.0078003
v -0.0177916 0.0077931 0.0079318
v -0.0177916 0.0078119 0.0080634
v -0.0178479 0.0078119 0.0081010
v -0.0181863 0.0078307 0.0081762
v -0.0181863 0.0078683 0.0082702
v -0.0182615 0.0078871 0.0083078
v -0.0183367 0.0079059 0.0082890
v -0.0183931 0.0079247 0.0082890
v -0.0184683 0.0079059 0.0081574
v -0.0185247 0.0079247 0.0080258
v -0.0185811 0.0079623 0.0079130
v -0.0186187 0.0079999 0.0078003
v -0.0186187 0.0079999 0.0076875
v -0.0186187 0.0080187 0.0075747
v -0.0186187 0.0080375 0.0074807
v -0.0186187 0.0080563 0.0073679
v -0.0185811 0.0079999 0.0073491
v -0.0185247 0.0079623 0.0073303
v -0.0184683 0.0079059 0.0073303
v -0.0183931 0.0078871 0.0073115
v -0.0183367 0.0078307 0.0074243
v -0.0182615 0.0077931 0.0075559
v -0.0181863 0.0077931 0.0075559
v -0.0181863 0.0077743 0.0076875
v -0.0178479 0.0077743 0.0076875
v -0.0178479 0.0077743 0.0077439
v -0.0178479 0.0077743 0.0078003
v -0.0178479 0.0077931 0.0079318
v -0.0178479 0.0077931 0.0079318
v -0.0178479 0.0078119 0.0080634
v -0.0181863 0.0078119 0.0081010
v -0.0182615 0.0078495 0.0081762
v -0.0183367 0.0078495 0.0081762
v -0.0183931 0.0078871 0.0081762
v -0.0184683 0.0078871 0.0080446
v -0.0185247 0.0079059 0.0079130
v -0.0185811 0.0079435 0.0078003
v -0.0185811 0.0079435 0.0076875
v -0.0185811 0.0079623 0.0075747
v -0.0185811 0.0079811 0.0074619
v -0.0185247 0.0079247 0.0074431
v -0.0184683 0.0078871 0.0074431
v -0.0183931 0.0078495 0.0074431
v -0.0183367 0.0078119 0.0075559
v -0.0182615 0.0077743 0.0076875
v -0.0181863 0.0077743 0.0077439
v -0.0181863 0.0077743 0.0078003
v -0.0181863 0.0077931 0.0079318
v -0.0181863 0.0077931 0.0079318
v -0.0181863 0.0078119 0.0080634
v -0.0182615 0.0078119 0.0080634
v -0.0183367 0.0078307 0.0080634
v -0.0183931 0.0078495 0.0080446
v -0.0184683 0.0078683 0.0079318
v -0.0185247 0.0078871 0.0078003
v -0.0185247 0.0078871 0.0076875
v -0.0185247 0.0079059 0.0075747
v -0.0184683 0.0078683 0.0075559
v -0.0183931 0.0078307 0.0075559
v -0.0183367 0.0077931 0.0076875
v -0.0182615 0.0077743 0.0078003
v -0.0182615 0.0077931 0.0079318
v -0.0183367 0.0078119 0.0079318
v -0.0183931 0.0078307 0.0079318
v -0.0184683 0.0078495 0.0078003
v -0.0184683 0.0078495 0.0076875
v -0.0183931 0.0078119 0.0076875
v -0.0183367 0.0077931 0.0078003
v -0.0183931 0.0078119 0.0078003
v -0.0176036 0.0449933 -0.0089940
v -0.0176036 0.0447677 -0.0077533
v -0.0176036 0.0448805 -0.0089940
v -0.0176036 0.0447677 -0.0090128
v -0.0176036 0.0446737 -0.0089940
v -0.0176036 0.0445609 -0.0089940
v -0.0176036 0.0444669 -0.0089752
v -0.0176036 0.0443541 -0.0089376
v -0.0176036 0.0442601 -0.0089000
v -0.0176036 0.0441661 -0.0088436
v -0.0176036 0.0440721 -0.0087872
v -0.0176036 0.0439969 -0.0087308
v -0.0176036 0.0439030 -0.0086556
v -0.0176036 0.0438278 -0.0085804
v -0.0176036 0.0437714 -0.0085052
v -0.0176036 0.0437150 -0.0084112
v -0.0176036 0.0436586 -0.0083172
v -0.0176036 0.0436210 -0.0082233
v -0.0176036 0.0435834 -0.0081293
v -0.0176036 0.0435458 -0.0080165
v -0.0176036 0.0435270 -0.0079225
v -0.0176036 0.0435270 -0.0078097
v -0.0176036 0.0435270 -0.0076969
v -0.0176036 0.0435270 -0.0076029
v -0.0176036 0.0435458 -0.0074901
v -0.0176036 0.0435834 -0.0073961
v -0.0176036 0.0436210 -0.0072833
v -0.0176036 0.0436586 -0.0071893
v -0.0176036 0.0437150 -0.0070953
v -0.0176036 0.0437714 -0.0070201
v -0.0176036 0.0438278 -0.0069261
v -0.0176036 0.0439030 -0.0068509
v -0.0176036 0.0439969 -0.0067946
v -0.0176036 0.0440721 -0.0067194
v -0.0176036 0.0441661 -0.0066630
v -0.0176036 0.0442601 -0.0066254
v -0.0176036 0.0443541 -0.0065878
v -0.0176036 0.0444669 -0.0065502
v -0.0176036 0.0445609 -0.0065314
v -0.0176036 0.0446737 -0.0065126
v -0.0176036 0.0447677 -0.0065126
v -0.0176036 0.0448805 -0.0065126
v -0.0176036 0.0449933 -0.0065314
v -0.0176036 0.0450873 -0.0065502
v -0.0176036 0.0451813 -0.0065878
v -0.0176036 0.0452941 -0.0066254
v -0.0176036 0.0453880 -0.0066630
v -0.0176036 0.0454820 -0.0067194
v -0.0176036 0.0455572 -0.0067946
v -0.0176036 0.0456324 -0.0068509
v -0.0176036 0.0457076 -0.0069261
v -0.0176036 0.0457828 -0.0070201
v -0.0176036 0.0458392 -0.0070953
v -0.0176036 0.0458956 -0.0071893
v -0.0176036 0.0459332 -0.0072833
v -0.0176036 0.0459708 -0.0073961
v -0.0176036 0.0459896 -0.0074901
v -0.0176036 0.0460084 -0.0076029
v -0.0176036 0.0460272 -0.0076969
v -0.0176036 0.0460272 -0.0078097
v -0.0176036 0.0460084 -0.0079225
v -0.0176036 0.0459896 -0.0080165
v -0.0176036 0.0459708 -0.0081293
v -0.0176036 0.0459332 -0.0082233
v -0.0176036 0.0458956 -0.0083172
v -0.0176036 0.0458392 -0.0084112
v -0.0176036 0.0457828 -0.0085052
v -0.0176036 0.0457076 -0.0085804
v -0.0176036 0.0456324 -0.0086556
v -0.0176036 0.0455572 -0.0087308
v -0.0176036 0.0454820 -0.0087872
v -0.0176036 0.0453880 -0.0088436
v -0.0176036 0.0452941 -0.0089000
v -0.0176036 0.0451813 -0.0089376
v -0.0176036 0.0450873 -0.0089752
v -0.0186939 0.0446925 -0.0087496
v -0.0186939 0.0447677 -0.0077533
v -0.0186939 0.0447677 -0.0087496
v -0.0186939 0.0448617 -0.0087496
v -0.0186939 0.0449369 -0.0087496
v -0.0186939 0.0450309 -0.0087308
v -0.0186939 0.0451061 -0.0086932
v -0.0186939 0.0451813 -0.0086744
v -0.0186939 0.0452565 -0.0086368
v -0.0186939 0.0453317 -0.0085804
v -0.0186939 0.0454068 -0.0085428
v -0.0186939 0.0454632 -0.0084864
v -0.0186939 0.0455196 -0.0084112
v -0.0186939 0.0455760 -0.0083548
v -0.0186939 0.0456324 -0.0082796
v -0.0186939 0.0456700 -0.0082045
v -0.0186939 0.0457076 -0.0081293
v -0.0186939 0.0457264 -0.0080541
v -0.0186939 0.0457452 -0.0079601
v -0.0186939 0.0457640 -0.0078849
v -0.0186939 0.0457640 -0.0077909
v -0.0186939 0.0457640 -0.0077157
v -0.0186939 0.0457640 -0.0076217
v -0.0186939 0.0457452 -0.0075465
v -0.0186939 0.0457264 -0.0074713
v -0.0186939 0.0457076 -0.0073773
v -0.0186939 0.0456700 -0.0073021
v -0.0186939 0.0456324 -0.0072269
v -0.0186939 0.0455760 -0.0071705
v -0.0186939 0.0455196 -0.0070953
v -0.0186939 0.0454632 -0.0070389
v -0.0186939 0.0454068 -0.0069825
v -0.0186939 0.0453317 -0.0069261
v -0.0186939 0.0452565 -0.0068885
v -0.0186939 0.0451813 -0.0068509
v -0.0186939 0.0451061 -0.0068134
v -0.0186939 0.0450309 -0.0067946
v -0.0186939 0.0449369 -0.0067758
v -0.0186939 0.0448617 -0.0067570
v -0.0186939 0.0447677 -0.0067570
v -0.0186939 0.0446925 -0.0067570
v -0.0186939 0.0445985 -0.0067758
v -0.0186939 0.0445233 -0.0067946
v -0.0186939 0.0444481 -0.0068134
v -0.0186939 0.0443541 -0.0068509
v -0.0186939 0.0442789 -0.0068885
v -0.0186939 0.0442225 -0.0069261
v -0.0186939 0.0441473 -0.0069825
v -0.0186939 0.0440909 -0.0070389
v -0.0186939 0.0440157 -0.0070953
v -0.0186939 0.0439781 -0.0071705
v -0.0186939 0.0439218 -0.0072269
v -0.0186939 0.0438842 -0.0073021
v -0.0186939 0.0438466 -0.0073773
v -0.0186939 0.0438090 -0.0074713
v -0.0186939 0.0437902 -0.0075465
v -0.0186939 0.0437902 -0.0076217
v -0.0186939 0.0437714 -0.0077157
v -0.0186939 0.0437714 -0.0077909
v -0.0186939 0.0437902 -0.0078849
v -0.0186939 0.0437902 -0.0079601
v -0.0186939 0.0438090 -0.0080541
v -0.0186939 0.0438466 -0.0081293
v -0.0186939 0.0438842 -0.0082045
v -0.0186939 0.0439218 -0.0082796
v -0.0186939 0.0439781 -0.0083548
v -0.0186939 0.0440157 -0.0084112
v -0.0186939 0.0440909 -0.0084864
v -0.0186939 0.0441473 -0.0085428
v -0.0186939 0.0442225 -0.0085804
v -0.0186939 0.0442789 -0.0086368
v -0.0186939 0.0443541 -0.0086744
v -0.0186939 0.0444481 -0.0086932
v -0.0186939 0.0445233 -0.0087308
v -0.0186939 0.0445985 -0.0087496
v -0.0178479 0.0448993 -0.0062658
v -0.0178479 0.0449557 -0.0062658
v -0.0181863 0.0449557 -0.0062658
v -0.0181863 0.0450309 -0.0062846
v -0.0178479 0.0450309 -0.0062846
v -0.0181863 0.0451249 -0.0063034
v -0.0178479 0.0451249 -0.0063034
v -0.0181863 0.0451437 -0.0063034
v -0.0178479 0.0451437 -0.0063034
v -0.0181863 0.0452753 -0.0063410
v -0.0178479 0.0452753 -0.0063410
v -0.0181863 0.0453129 -0.0063598
v -0.0178479 0.0453129 -0.0063598
v -0.0181863 0.0453880 -0.0063974
v -0.0178479 0.0453880 -0.0063974
v -0.0181863 0.0454632 -0.0064350
v -0.0178479 0.0454632 -0.0064350
v -0.0181863 0.0455008 -0.0064538
v -0.0178479 0.0455008 -0.0064538
v -0.0181863 0.0456136 -0.0065126
v -0.0178479 0.0456136 -0.0065126
v -0.0181863 0.0456324 -0.0065314
v -0.0178479 0.0456324 -0.0065314
v -0.0181863 0.0457076 -0.0065878
v -0.0178479 0.0457076 -0.0065878
v -0.0181863 0.0457640 -0.0066442
v -0.0178479 0.0457640 -0.0066442
v -0.0181863 0.0458204 -0.0066818
v -0.0178479 0.0458204 -0.0066818
v -0.0181863 0.0458956 -0.0067570
v -0.0178479 0.0458956 -0.0067570
v -0.0181863 0.0458956 -0.0067758
v -0.0178479 0.0458956 -0.0067758
v -0.0181863 0.0459708 -0.0068697
v -0.0178479 0.0459708 -0.0068697
v -0.0181863 0.0460084 -0.0069073
v -0.0178479 0.0460084 -0.0069073
v -0.0181863 0.0460460 -0.0069637
v -0.0178479 0.0460460 -0.0069637
v -0.0181863 0.0461024 -0.0070577
v -0.0178479 0.0461024 -0.0070577
v -0.0181863 0.0461212 -0.0070765
v -0.0178479 0.0461212 -0.0070765
v -0.0181863 0.0461588 -0.0072081
v -0.0178479 0.0461588 -0.0072081
v -0.0181863 0.0461776 -0.0072269
v -0.0178479 0.0461776 -0.0072269
v -0.0181863 0.0462152 -0.0073209
v -0.0178479 0.0462152 -0.0073209
v -0.0181863 0.0462340 -0.0073961
v -0.0178479 0.0462340 -0.0073961
v -0.0181863 0.0462340 -0.0074337
v -0.0178479 0.0462340 -0.0074337
v -0.0181863 0.0462528 -0.0075653
v -0.0178479 0.0462528 -0.0075653
v -0.0181863 0.0462528 -0.0075841
v -0.0178479 0.0462528 -0.0075841
v -0.0181863 0.0462716 -0.0076969
v -0.0178479 0.0462716 -0.0076969
v -0.0181863 0.0462716 -0.0077533
v -0.0178479 0.0462716 -0.0077533
v -0.0181863 0.0462716 -0.0078285
v -0.0178479 0.0462716 -0.0078285
v -0.0181863 0.0462528 -0.0079413
v -0.0178479 0.0462528 -0.0079413
v -0.0181863 0.0462528 -0.0079413
v -0.0178479 0.0462528 -0.0079413
v -0.0181863 0.0462340 -0.0080729
v -0.0178479 0.0462340 -0.0080729
v -0.0181863 0.0462340 -0.0081105
v -0.0178479 0.0462340 -0.0081105
v -0.0181863 0.0462152 -0.0082045
v -0.0178479 0.0462152 -0.0082045
v -0.0181863 0.0461776 -0.0082984
v -0.0178479 0.0461776 -0.0082984
v -0.0181863 0.0461588 -0.0083172
v -0.0178479 0.0461588 -0.0083172
v -0.0181863 0.0461212 -0.0084300
v -0.0178479 0.0461212 -0.0084300
v -0.0181863 0.0461024 -0.0084488
v -0.0178479 0.0461024 -0.0084488
v -0.0181863 0.0460460 -0.0085428
v -0.0178479 0.0460460 -0.0085428
v -0.0181863 0.0460084 -0.0086180
v -0.0178479 0.0460084 -0.0086180
v -0.0181863 0.0459708 -0.0086556
v -0.0178479 0.0459708 -0.0086556
v -0.0181863 0.0458956 -0.0087496
v -0.0178479 0.0458956 -0.0087496
v -0.0181863 0.0458956 -0.0087496
v -0.0178479 0.0458956 -0.0087496
v -0.0181863 0.0458204 -0.0088436
v -0.0178479 0.0458204 -0.0088436
v -0.0181863 0.0457640 -0.0088812
v -0.0178479 0.0457640 -0.0088812
v -0.0181863 0.0457076 -0.0089188
v -0.0178479 0.0457076 -0.0089188
v -0.0181863 0.0456324 -0.0089940
v -0.0178479 0.0456324 -0.0089940
v -0.0181863 0.0456136 -0.0089940
v -0.0178479 0.0456136 -0.0089940
v -0.0181863 0.0455008 -0.0090692
v -0.0178479 0.0455008 -0.0090692
v -0.0181863 0.0454632 -0.0090880
v -0.0178479 0.0454632 -0.0090880
v -0.0181863 0.0453880 -0.0091256
v -0.0178479 0.0453880 -0.0091256
v -0.0181863 0.0453129 -0.0091632
v -0.0178479 0.0453129 -0.0091632
v -0.0181863 0.0452753 -0.0091632
v -0.0178479 0.0452753 -0.0091632
v -0.0181863 0.0451437 -0.0092008
v -0.0178479 0.0451437 -0.0092008
v -0.0181863 0.0451249 -0.0092196
v -0.0178479 0.0451249 -0.0092196
v -0.0181863 0.0450309 -0.0092384
v -0.0178479 0.0450309 -0.0092384
v -0.0181863 0.0449557 -0.0092384
v -0.0178479 0.0449557 -0.0092384
v -0.0181863 0.0448993 -0.0092572
v -0.0178479 0.0448993 -0.0092572
v -0.0181863 0.0447677 -0.0092572
v -0.0178479 0.0447677 -0.0092572
v -0.0181863 0.0446549 -0.0092572
v -0.0178479 0.0446549 -0.0092572
v -0.0181863 0.0445985 -0.0092384
v -0.0178479 0.0445985 -0.0092384
v -0.0181863 0.0445233 -0.0092384
v -0.0178479 0.0445233 -0.0092384
v -0.0181863 0.0444105 -0.0092196
v -0.0178479 0.0444105 -0.0092196
v -0.0181863 0.0443917 -0.0092008
v -0.0178479 0.0443917 -0.0092008
v -0.0177916 0.0443917 -0.0092008
v -0.0177916 0.0445233 -0.0092384
v -0.0177916 0.0446549 -0.0092384
v -0.0178479 0.0447677 -0.0092572
v -0.0177916 0.0447677 -0.0092572
v -0.0177916 0.0448993 -0.0092384
v -0.0177916 0.0450309 -0.0092384
v -0.0177916 0.0451437 -0.0092008
v -0.0177916 0.0452753 -0.0091632
v -0.0177916 0.0453880 -0.0091256
v -0.0177916 0.0455008 -0.0090692
v -0.0177916 0.0456136 -0.0089940
v -0.0177916 0.0457076 -0.0089188
v -0.0177916 0.0458016 -0.0088436
v -0.0177916 0.0458956 -0.0087496
v -0.0177916 0.0459708 -0.0086556
v -0.0177916 0.0460460 -0.0085428
v -0.0177916 0.0461024 -0.0084300
v -0.0177916 0.0461588 -0.0083172
v -0.0177916 0.0461964 -0.0082045
v -0.0177916 0.0462340 -0.0080729
v -0.0177916 0.0462528 -0.0079413
v -0.0177916 0.0462716 -0.0078285
v -0.0177916 0.0462716 -0.0076969
v -0.0177916 0.0462528 -0.0075653
v -0.0177916 0.0462340 -0.0074337
v -0.0177916 0.0461964 -0.0073209
v -0.0177916 0.0461588 -0.0072081
v -0.0177916 0.0461024 -0.0070765
v -0.0177916 0.0460460 -0.0069825
v -0.0177916 0.0459708 -0.0068697
v -0.0177916 0.0458956 -0.0067758
v -0.0177916 0.0458016 -0.0066818
v -0.0177916 0.0457076 -0.0065878
v -0.0177916 0.0456136 -0.0065126
v -0.0177916 0.0455008 -0.0064538
v -0.0177916 0.0453880 -0.0063974
v -0.0177916 0.0452753 -0.0063410
v -0.0177916 0.0451437 -0.0063034
v -0.0177916 0.0450309 -0.0062846
v -0.0177916 0.0448993 -0.0062658
v -0.0178479 0.0447677 -0.0062470
v -0.0177916 0.0447677 -0.0062658
v -0.0178479 0.0446549 -0.0062658
v -0.0177916 0.0446549 -0.0062658
v -0.0178479 0.0445985 -0.0062658
v -0.0177916 0.0445233 -0.0062846
v -0.0178479 0.0445233 -0.0062846
v -0.0181863 0.0445985 -0.0062658
v -0.0181863 0.0446549 -0.0062658
v -0.0181863 0.0447677 -0.0062470
v -0.0178479 0.0447677 -0.0062470
v -0.0181863 0.0448993 -0.0062658
v -0.0181863 0.0447677 -0.0062470
v -0.0182615 0.0447677 -0.0062658
v -0.0182615 0.0448993 -0.0062658
v -0.0182615 0.0450309 -0.0062846
v -0.0182615 0.0451437 -0.0063034
v -0.0182615 0.0452753 -0.0063410
v -0.0182615 0.0453880 -0.0063974
v -0.0182615 0.0455008 -0.0064538
v -0.0182615 0.0456136 -0.0065126
v -0.0182615 0.0457076 -0.0065878
v -0.0182615 0.0458016 -0.0066818
v -0.0182615 0.0458956 -0.0067758
v -0.0182615 0.0459708 -0.0068697
v -0.0182615 0.0460460 -0.0069825
v -0.0182615 0.0461024 -0.0070765
v -0.0182615 0.0461588 -0.0072081
v -0.0182615 0.0461964 -0.0073209
v -0.0182615 0.0462340 -0.0074337
v -0.0182615 0.0462528 -0.0075653
v -0.0182615 0.0462716 -0.0076969
v -0.0182615 0.0462716 -0.0078285
v -0.0182615 0.0462528 -0.0079413
v -0.0182615 0.0462340 -0.0080729
v -0.0182615 0.0461964 -0.0082045
v -0.0182615 0.0461588 -0.0083172
v -0.0182615 0.0461024 -0.0084300
v -0.0182615 0.0460460 -0.0085428
v -0.0182615 0.0459708 -0.0086556
v -0.0182615 0.0458956 -0.0087496
v -0.0182615 0.0458016 -0.0088436
v -0.0182615 0.0457076 -0.0089188
v -0.0182615 0.0456136 -0.0089940
v -0.0182615 0.0455008 -0.0090692
v -0.0182615 0.0453880 -0.0091256
v -0.0182615 0.0452753 -0.0091632
v -0.0182615 0.0451437 -0.0092008
v -0.0182615 0.0450309 -0.0092384
v -0.0182615 0.0448993 -0.0092384
v -0.0181863 0.0447677 -0.0092572
v -0.0182615 0.0447677 -0.0092572
v -0.0182615 0.0446549 -0.0092384
v -0.0182615 0.0445233 -0.0092384
v -0.0182615 0.0443917 -0.0092008
v -0.0181863 0.0442789 -0.0091632
v -0.0178479 0.0442789 -0.0091632
v -0.0178479 0.0442413 -0.0091632
v -0.0177916 0.0442789 -0.0091632
v -0.0177540 0.0441661 -0.0091068
v -0.0177540 0.0442789 -0.0091444
v -0.0177540 0.0443917 -0.0091820
v -0.0177540 0.0445233 -0.0092196
v -0.0177540 0.0446549 -0.0092384
v -0.0177540 0.0447677 -0.0092384
v -0.0177540 0.0448993 -0.0092384
v -0.0177540 0.0450309 -0.0092196
v -0.0177540 0.0451437 -0.0091820
v -0.0177540 0.0452753 -0.0091444
v -0.0177540 0.0453880 -0.0091068
v -0.0177540 0.0455008 -0.0090504
v -0.0177540 0.0455948 -0.0089752
v -0.0177540 0.0457076 -0.0089188
v -0.0177540 0.0458016 -0.0088248
v -0.0177540 0.0458768 -0.0087308
v -0.0177540 0.0459708 -0.0086368
v -0.0177540 0.0460272 -0.0085428
v -0.0177540 0.0461024 -0.0084300
v -0.0177540 0.0461400 -0.0083172
v -0.0177540 0.0461964 -0.0081857
v -0.0177540 0.0462152 -0.0080729
v -0.0177540 0.0462340 -0.0079413
v -0.0177540 0.0462528 -0.0078285
v -0.0177540 0.0462528 -0.0076969
v -0.0177540 0.0462340 -0.0075653
v -0.0177540 0.0462152 -0.0074525
v -0.0177540 0.0461964 -0.0073209
v -0.0177540 0.0461400 -0.0072081
v -0.0177540 0.0461024 -0.0070953
v -0.0177540 0.0460272 -0.0069825
v -0.0177540 0.0459708 -0.0068697
v -0.0177540 0.0458768 -0.0067758
v -0.0177540 0.0458016 -0.0066818
v -0.0177540 0.0457076 -0.0066066
v -0.0177540 0.0455948 -0.0065314
v -0.0177540 0.0455008 -0.0064538
v -0.0177540 0.0453880 -0.0063974
v -0.0177540 0.0452753 -0.0063598
v -0.0177540 0.0451437 -0.0063222
v -0.0177540 0.0450309 -0.0063034
v -0.0177540 0.0448993 -0.0062846
v -0.0177540 0.0447677 -0.0062658
v -0.0177540 0.0446549 -0.0062846
v -0.0177540 0.0445233 -0.0063034
v -0.0177540 0.0443917 -0.0063222
v -0.0177916 0.0443917 -0.0063034
v -0.0178479 0.0444105 -0.0063034
v -0.0181863 0.0445233 -0.0062846
v -0.0182615 0.0446549 -0.0062658
v -0.0183367 0.0446549 -0.0062846
v -0.0183367 0.0447677 -0.0062846
v -0.0183367 0.0448993 -0.0062846
v -0.0183367 0.0450309 -0.0063034
v -0.0183367 0.0451437 -0.0063222
v -0.0183367 0.0452753 -0.0063598
v -0.0183367 0.0453880 -0.0064162
v -0.0183367 0.0455008 -0.0064726
v -0.0183367 0.0455948 -0.0065314
v -0.0183367 0.0457076 -0.0066066
v -0.0183367 0.0458016 -0.0066818
v -0.0183367 0.0458768 -0.0067758
v -0.0183367 0.0459708 -0.0068697
v -0.0183367 0.0460272 -0.0069825
v -0.0183367 0.0461024 -0.0070953
v -0.0183367 0.0461400 -0.0072081
v -0.0183367 0.0461964 -0.0073209
v -0.0183367 0.0462152 -0.0074525
v -0.0183367 0.0462340 -0.0075653
v -0.0183367 0.0462528 -0.0076969
v -0.0183367 0.0462528 -0.0078285
v -0.0183367 0.0462340 -0.0079413
v -0.0183367 0.0462152 -0.0080729
v -0.0183367 0.0461964 -0.0081857
v -0.0183367 0.0461400 -0.0083172
v -0.0183367 0.0461024 -0.0084300
v -0.0183367 0.0460272 -0.0085240
v -0.0183367 0.0459708 -0.0086368
v -0.0183367 0.0458768 -0.0087308
v -0.0183367 0.0458016 -0.0088248
v -0.0183367 0.0457076 -0.0089000
v -0.0183367 0.0455948 -0.0089752
v -0.0183367 0.0455008 -0.0090504
v -0.0183367 0.0453880 -0.0091068
v -0.0183367 0.0452753 -0.0091444
v -0.0183367 0.0451437 -0.0091820
v -0.0183367 0.0450309 -0.0092196
v -0.0183367 0.0448993 -0.0092384
v -0.0183367 0.0447677 -0.0092384
v -0.0183367 0.0446549 -0.0092384
v -0.0183367 0.0445233 -0.0092196
v -0.0183367 0.0443917 -0.0091820
v -0.0182615 0.0442789 -0.0091632
v -0.0181863 0.0442413 -0.0091632
v -0.0181863 0.0441473 -0.0091256
v -0.0178479 0.0441473 -0.0091256
v -0.0178479 0.0440721 -0.0090880
v -0.0177916 0.0441661 -0.0091256
v -0.0177540 0.0440533 -0.0090504
v -0.0176976 0.0439593 -0.0089564
v -0.0176976 0.0440721 -0.0090316
v -0.0176976 0.0441661 -0.0090880
v -0.0176976 0.0442789 -0.0091256
v -0.0176976 0.0444105 -0.0091632
v -0.0176976 0.0445233 -0.0092008
v -0.0176976 0.0446549 -0.0092008
v -0.0176976 0.0447677 -0.0092196
v -0.0176976 0.0448993 -0.0092008
v -0.0176976 0.0450121 -0.0092008
v -0.0176976 0.0451437 -0.0091632
v -0.0176976 0.0452565 -0.0091256
v -0.0176976 0.0453692 -0.0090880
v -0.0176976 0.0454820 -0.0090316
v -0.0176976 0.0455948 -0.0089564
v -0.0176976 0.0456888 -0.0089000
v -0.0176976 0.0457828 -0.0088060
v -0.0176976 0.0458768 -0.0087120
v -0.0176976 0.0459520 -0.0086180
v -0.0176976 0.0460084 -0.0085240
v -0.0176976 0.0460836 -0.0084112
v -0.0176976 0.0461212 -0.0082984
v -0.0176976 0.0461588 -0.0081857
v -0.0176976 0.0461964 -0.0080729
v -0.0176976 0.0462152 -0.0079413
v -0.0176976 0.0462340 -0.0078285
v -0.0176976 0.0462340 -0.0076969
v -0.0176976 0.0462152 -0.0075653
v -0.0176976 0.0461964 -0.0074525
v -0.0176976 0.0461588 -0.0073397
v -0.0176976 0.0461212 -0.0072081
v -0.0176976 0.0460836 -0.0070953
v -0.0176976 0.0460084 -0.0070013
v -0.0176976 0.0459520 -0.0068885
v -0.0176976 0.0458768 -0.0067946
v -0.0176976 0.0457828 -0.0067006
v -0.0176976 0.0456888 -0.0066254
v -0.0176976 0.0455948 -0.0065502
v -0.0176976 0.0454820 -0.0064914
v -0.0176976 0.0453692 -0.0064350
v -0.0176976 0.0452565 -0.0063786
v -0.0176976 0.0451437 -0.0063410
v -0.0176976 0.0450121 -0.0063222
v -0.0176976 0.0448993 -0.0063034
v -0.0176976 0.0447677 -0.0063034
v -0.0176976 0.0446549 -0.0063034
v -0.0176976 0.0445233 -0.0063222
v -0.0176976 0.0444105 -0.0063410
v -0.0176976 0.0442789 -0.0063786
v -0.0177540 0.0442789 -0.0063598
v -0.0177916 0.0442789 -0.0063410
v -0.0178479 0.0442789 -0.0063410
v -0.0178479 0.0443917 -0.0063034
v -0.0181863 0.0444105 -0.0063034
v -0.0182615 0.0445233 -0.0062846
v -0.0183367 0.0445233 -0.0063034
v -0.0183931 0.0445233 -0.0063222
v -0.0183931 0.0446549 -0.0063034
v -0.0183931 0.0447677 -0.0063034
v -0.0183931 0.0448993 -0.0063034
v -0.0183931 0.0450121 -0.0063222
v -0.0183931 0.0451437 -0.0063410
v -0.0183931 0.0452565 -0.0063786
v -0.0183931 0.0453692 -0.0064350
v -0.0183931 0.0454820 -0.0064914
v -0.0183931 0.0455948 -0.0065502
v -0.0183931 0.0456888 -0.0066254
v -0.0183931 0.0457828 -0.0067006
v -0.0183931 0.0458580 -0.0067946
v -0.0183931 0.0459520 -0.0068885
v -0.0183931 0.0460084 -0.0070013
v -0.0183931 0.0460648 -0.0070953
v -0.0183931 0.0461212 -0.0072081
v -0.0183931 0.0461588 -0.0073397
v -0.0183931 0.0461964 -0.0074525
v -0.0183931 0.0462152 -0.0075653
v -0.0183931 0.0462340 -0.0076969
v -0.0183931 0.0462340 -0.0078285
v -0.0183931 0.0462152 -0.0079413
v -0.0183931 0.0461964 -0.0080729
v -0.0183931 0.0461588 -0.0081857
v -0.0183931 0.0461212 -0.0082984
v -0.0183931 0.0460648 -0.0084112
v -0.0183931 0.0460084 -0.0085240
v -0.0183931 0.0459520 -0.0086180
v -0.0183931 0.0458580 -0.0087120
v -0.0183931 0.0457828 -0.0088060
v -0.0183931 0.0456888 -0.0088812
v -0.0183931 0.0455948 -0.0089564
v -0.0183931 0.0454820 -0.0090316
v -0.0183931 0.0453692 -0.0090880
v -0.0183931 0.0452565 -0.0091256
v -0.0183931 0.0451437 -0.0091632
v -0.0183931 0.0450121 -0.0091820
v -0.0183931 0.0448993 -0.0092008
v -0.0183931 0.0447677 -0.0092196
v -0.0183931 0.0446549 -0.0092008
v -0.0183931 0.0445233 -0.0091820
v -0.0183931 0.0444105 -0.0091632
v -0.0183367 0.0442789 -0.0091444
v -0.0182615 0.0441661 -0.0091256
v -0.0181863 0.0440721 -0.0090880
v -0.0181863 0.0440345 -0.0090692
v -0.0178479 0.0440345 -0.0090692
v -0.0177916 0.0440533 -0.0090692
v -0.0177540 0.0439405 -0.0089752
v -0.0176976 0.0438654 -0.0089000
v -0.0176600 0.0437902 -0.0087872
v -0.0176600 0.0438842 -0.0088624
v -0.0176600 0.0439781 -0.0089376
v -0.0176600 0.0440721 -0.0089940
v -0.0176600 0.0441849 -0.0090504
v -0.0176600 0.0442977 -0.0091068
v -0.0176600 0.0444105 -0.0091444
v -0.0176600 0.0445233 -0.0091632
v -0.0176600 0.0446549 -0.0091820
v -0.0176600 0.0447677 -0.0091820
v -0.0176600 0.0448993 -0.0091820
v -0.0176600 0.0450121 -0.0091632
v -0.0176600 0.0451249 -0.0091444
v -0.0176600 0.0452565 -0.0091068
v -0.0176600 0.0453692 -0.0090504
v -0.0176600 0.0454632 -0.0089940
v -0.0176600 0.0455760 -0.0089376
v -0.0176600 0.0456700 -0.0088624
v -0.0176600 0.0457640 -0.0087872
v -0.0176600 0.0458392 -0.0086932
v -0.0176600 0.0459144 -0.0085992
v -0.0176600 0.0459896 -0.0085052
v -0.0176600 0.0460460 -0.0083924
v -0.0176600 0.0461024 -0.0082984
v -0.0176600 0.0461400 -0.0081669
v -0.0176600 0.0461588 -0.0080541
v -0.0176600 0.0461964 -0.0079413
v -0.0176600 0.0461964 -0.0078097
v -0.0176600 0.0461964 -0.0076969
v -0.0176600 0.0461964 -0.0075841
v -0.0176600 0.0461588 -0.0074525
v -0.0176600 0.0461400 -0.0073397
v -0.0176600 0.0461024 -0.0072269
v -0.0176600 0.0460460 -0.0071141
v -0.0176600 0.0459896 -0.0070013
v -0.0176600 0.0459144 -0.0069073
v -0.0176600 0.0458392 -0.0068134
v -0.0176600 0.0457640 -0.0067194
v -0.0176600 0.0456700 -0.0066442
v -0.0176600 0.0455760 -0.0065690
v -0.0176600 0.0454632 -0.0065126
v -0.0176600 0.0453692 -0.0064538
v -0.0176600 0.0452565 -0.0064162
v -0.0176600 0.0451249 -0.0063786
v -0.0176600 0.0450121 -0.0063410
v -0.0176600 0.0448993 -0.0063410
v -0.0176600 0.0447677 -0.0063222
v -0.0176600 0.0446549 -0.0063410
v -0.0176600 0.0445233 -0.0063410
v -0.0176600 0.0444105 -0.0063786
v -0.0176600 0.0442977 -0.0064162
v -0.0176600 0.0441849 -0.0064538
v -0.0176976 0.0441661 -0.0064350
v -0.0177540 0.0441661 -0.0063974
v -0.0177916 0.0441661 -0.0063974
v -0.0178479 0.0441473 -0.0063974
v -0.0178479 0.0442413 -0.0063598
v -0.0181863 0.0442789 -0.0063410
v -0.0181863 0.0443917 -0.0063034
v -0.0182615 0.0443917 -0.0063034
v -0.0183367 0.0443917 -0.0063222
v -0.0183931 0.0444105 -0.0063410
v -0.0184683 0.0442977 -0.0064162
v -0.0184683 0.0444105 -0.0063786
v -0.0184683 0.0445421 -0.0063598
v -0.0184683 0.0446549 -0.0063410
v -0.0184683 0.0447677 -0.0063410
v -0.0184683 0.0448993 -0.0063410
v -0.0184683 0.0450121 -0.0063598
v -0.0184683 0.0451249 -0.0063786
v -0.0184683 0.0452377 -0.0064162
v -0.0184683 0.0453504 -0.0064538
v -0.0184683 0.0454632 -0.0065126
v -0.0184683 0.0455760 -0.0065878
v -0.0184683 0.0456700 -0.0066442
v -0.0184683 0.0457640 -0.0067382
v -0.0184683 0.0458392 -0.0068134
v -0.0184683 0.0459144 -0.0069073
v -0.0184683 0.0459896 -0.0070201
v -0.0184683 0.0460460 -0.0071141
v -0.0184683 0.0460836 -0.0072269
v -0.0184683 0.0461400 -0.0073397
v -0.0184683 0.0461588 -0.0074525
v -0.0184683 0.0461776 -0.0075841
v -0.0184683 0.0461964 -0.0076969
v -0.0184683 0.0461964 -0.0078097
v -0.0184683 0.0461776 -0.0079413
v -0.0184683 0.0461588 -0.0080541
v -0.0184683 0.0461400 -0.0081669
v -0.0184683 0.0460836 -0.0082796
v -0.0184683 0.0460460 -0.0083924
v -0.0184683 0.0459896 -0.0085052
v -0.0184683 0.0459144 -0.0085992
v -0.0184683 0.0458392 -0.0086932
v -0.0184683 0.0457640 -0.0087872
v -0.0184683 0.0456700 -0.0088624
v -0.0184683 0.0455760 -0.0089376
v -0.0184683 0.0454632 -0.0089940
v -0.0184683 0.0453504 -0.0090504
v -0.0184683 0.0452377 -0.0090880
v -0.0184683 0.0451249 -0.0091256
v -0.0184683 0.0450121 -0.0091632
v -0.0184683 0.0448993 -0.0091820
v -0.0184683 0.0447677 -0.0091820
v -0.0184683 0.0446549 -0.0091820
v -0.0184683 0.0445421 -0.0091632
v -0.0184683 0.0444105 -0.0091256
v -0.0184683 0.0442977 -0.0090880
v -0.0183931 0.0442977 -0.0091256
v -0.0183367 0.0441661 -0.0091068
v -0.0182615 0.0440533 -0.0090692
v -0.0181863 0.0439405 -0.0089940
v -0.0178479 0.0439405 -0.0089940
v -0.0177916 0.0439405 -0.0089940
v -0.0177540 0.0438466 -0.0089188
v -0.0176976 0.0437714 -0.0088060
v -0.0176600 0.0436962 -0.0086932
v -0.0176412 0.0436586 -0.0085804
v -0.0176412 0.0437338 -0.0086744
v -0.0176412 0.0438090 -0.0087684
v -0.0176412 0.0439030 -0.0088436
v -0.0176412 0.0439969 -0.0089000
v -0.0176412 0.0440909 -0.0089752
v -0.0176412 0.0442037 -0.0090316
v -0.0176412 0.0443165 -0.0090692
v -0.0176412 0.0444293 -0.0091068
v -0.0176412 0.0445421 -0.0091256
v -0.0176412 0.0446549 -0.0091444
v -0.0176412 0.0447677 -0.0091444
v -0.0176412 0.0448993 -0.0091444
v -0.0176412 0.0450121 -0.0091256
v -0.0176412 0.0451249 -0.0091068
v -0.0176412 0.0452377 -0.0090692
v -0.0176412 0.0453504 -0.0090316
v -0.0176412 0.0454444 -0.0089752
v -0.0176412 0.0455572 -0.0089000
v -0.0176412 0.0456512 -0.0088436
v -0.0176412 0.0457264 -0.0087684
v -0.0176412 0.0458204 -0.0086744
v -0.0176412 0.0458956 -0.0085804
v -0.0176412 0.0459520 -0.0084864
v -0.0176412 0.0460084 -0.0083736
v -0.0176412 0.0460648 -0.0082796
v -0.0176412 0.0461024 -0.0081669
v -0.0176412 0.0461400 -0.0080541
v -0.0176412 0.0461588 -0.0079413
v -0.0176412 0.0461588 -0.0078097
v -0.0176412 0.0461588 -0.0076969
v -0.0176412 0.0461588 -0.0075841
v -0.0176412 0.0461400 -0.0074713
v -0.0176412 0.0461024 -0.0073585
v -0.0176412 0.0460648 -0.0072457
v -0.0176412 0.0460084 -0.0071329
v -0.0176412 0.0459520 -0.0070389
v -0.0176412 0.0458956 -0.0069261
v -0.0176412 0.0458204 -0.0068322
v -0.0176412 0.0457264 -0.0067570
v -0.0176412 0.0456512 -0.0066818
v -0.0176412 0.0455572 -0.0066066
v -0.0176412 0.0454444 -0.0065502
v -0.0176412 0.0453504 -0.0064914
v -0.0176412 0.0452377 -0.0064538
v -0.0176412 0.0451249 -0.0064162
v -0.0176412 0.0450121 -0.0063786
v -0.0176412 0.0448993 -0.0063786
v -0.0176412 0.0447677 -0.0063598
v -0.0176412 0.0446549 -0.0063786
v -0.0176412 0.0445421 -0.0063786
v -0.0176412 0.0444293 -0.0064162
v -0.0176412 0.0443165 -0.0064538
v -0.0176412 0.0442037 -0.0064914
v -0.0176412 0.0440909 -0.0065502
v -0.0176600 0.0440721 -0.0065126
v -0.0176976 0.0440721 -0.0064914
v -0.0177540 0.0440533 -0.0064538
v -0.0177916 0.0440533 -0.0064538
v -0.0178479 0.0440721 -0.0064350
v -0.0181863 0.0441473 -0.0063974
v -0.0181863 0.0442413 -0.0063598
v -0.0182615 0.0442789 -0.0063410
v -0.0183367 0.0442789 -0.0063598
v -0.0183931 0.0442977 -0.0063786
v -0.0184683 0.0441849 -0.0064538
v -0.0185247 0.0441097 -0.0065502
v -0.0185247 0.0442037 -0.0064914
v -0.0185247 0.0443165 -0.0064538
v -0.0185247 0.0444293 -0.0064162
v -0.0185247 0.0445421 -0.0063974
v -0.0185247 0.0446549 -0.0063786
v -0.0185247 0.0447677 -0.0063786
v -0.0185247 0.0448993 -0.0063786
v -0.0185247 0.0450121 -0.0063974
v -0.0185247 0.0451249 -0.0064162
v -0.0185247 0.0452377 -0.0064538
v -0.0185247 0.0453317 -0.0064914
v -0.0185247 0.0454444 -0.0065502
v -0.0185247 0.0455384 -0.0066254
v -0.0185247 0.0456324 -0.0066818
v -0.0185247 0.0457264 -0.0067570
v -0.0185247 0.0458016 -0.0068509
v -0.0185247 0.0458768 -0.0069449
v -0.0185247 0.0459520 -0.0070389
v -0.0185247 0.0460084 -0.0071329
v -0.0185247 0.0460460 -0.0072457
v -0.0185247 0.0460836 -0.0073585
v -0.0185247 0.0461212 -0.0074713
v -0.0185247 0.0461400 -0.0075841
v -0.0185247 0.0461588 -0.0076969
v -0.0185247 0.0461588 -0.0078097
v -0.0185247 0.0461400 -0.0079413
v -0.0185247 0.0461212 -0.0080541
v -0.0185247 0.0460836 -0.0081669
v -0.0185247 0.0460460 -0.0082796
v -0.0185247 0.0460084 -0.0083736
v -0.0185247 0.0459520 -0.0084864
v -0.0185247 0.0458768 -0.0085804
v -0.0185247 0.0458016 -0.0086744
v -0.0185247 0.0457264 -0.0087496
v -0.0185247 0.0456324 -0.0088248
v -0.0185247 0.0455384 -0.0089000
v -0.0185247 0.0454444 -0.0089564
v -0.0185247 0.0453317 -0.0090128
v -0.0185247 0.0452377 -0.0090504
v -0.0185247 0.0451249 -0.0090880
v -0.0185247 0.0450121 -0.0091068
v -0.0185247 0.0448993 -0.0091256
v -0.0185247 0.0447677 -0.0091444
v -0.0185247 0.0446549 -0.0091256
v -0.0185247 0.0445421 -0.0091068
v -0.0185247 0.0444293 -0.0090880
v -0.0185247 0.0443165 -0.0090504
v -0.0185247 0.0442037 -0.0090128
v -0.0184683 0.0441849 -0.0090504
v -0.0183931 0.0441661 -0.0090880
v -0.0183367 0.0440533 -0.0090504
v -0.0182615 0.0439405 -0.0089940
v -0.0181863 0.0439218 -0.0089940
v -0.0178479 0.0439218 -0.0089940
v -0.0178479 0.0437714 -0.0088812
v -0.0178479 0.0438278 -0.0089188
v -0.0177916 0.0438278 -0.0089188
v -0.0177540 0.0437526 -0.0088248
v -0.0176976 0.0436774 -0.0087120
v -0.0176600 0.0436210 -0.0085992
v -0.0176412 0.0435834 -0.0084864
v -0.0176224 0.0435646 -0.0083548
v -0.0176224 0.0436210 -0.0084676
v -0.0176224 0.0436962 -0.0085616
v -0.0176224 0.0437714 -0.0086556
v -0.0176224 0.0438466 -0.0087308
v -0.0176224 0.0439218 -0.0088060
v -0.0176224 0.0440157 -0.0088812
v -0.0176224 0.0441097 -0.0089376
v -0.0176224 0.0442225 -0.0089752
v -0.0176224 0.0443165 -0.0090316
v -0.0176224 0.0444293 -0.0090504
v -0.0176224 0.0445421 -0.0090880
v -0.0176224 0.0446549 -0.0091068
v -0.0176224 0.0447677 -0.0091068
v -0.0176224 0.0448805 -0.0091068
v -0.0176224 0.0449933 -0.0090880
v -0.0176224 0.0451061 -0.0090504
v -0.0176224 0.0452189 -0.0090316
v -0.0176224 0.0453317 -0.0089752
v -0.0176224 0.0454256 -0.0089376
v -0.0176224 0.0455196 -0.0088812
v -0.0176224 0.0456136 -0.0088060
v -0.0176224 0.0457076 -0.0087308
v -0.0176224 0.0457828 -0.0086556
v -0.0176224 0.0458580 -0.0085616
v -0.0176224 0.0459144 -0.0084676
v -0.0176224 0.0459708 -0.0083548
v -0.0176224 0.0460272 -0.0082608
v -0.0176224 0.0460648 -0.0081481
v -0.0176224 0.0460836 -0.0080353
v -0.0176224 0.0461024 -0.0079225
v -0.0176224 0.0461212 -0.0078097
v -0.0176224 0.0461212 -0.0076969
v -0.0176224 0.0461024 -0.0075841
v -0.0176224 0.0460836 -0.0074713
v -0.0176224 0.0460648 -0.0073585
v -0.0176224 0.0460272 -0.0072645
v -0.0176224 0.0459708 -0.0071517
v -0.0176224 0.0459144 -0.0070577
v -0.0176224 0.0458580 -0.0069637
v -0.0176224 0.0457828 -0.0068697
v -0.0176224 0.0457076 -0.0067946
v -0.0176224 0.0456136 -0.0067194
v -0.0176224 0.0455196 -0.0066442
v -0.0176224 0.0454256 -0.0065878
v -0.0176224 0.0453317 -0.0065314
v -0.0176224 0.0452189 -0.0064914
v -0.0176224 0.0451061 -0.0064538
v -0.0176224 0.0449933 -0.0064350
v -0.0176224 0.0448805 -0.0064162
v -0.0176224 0.0447677 -0.0064162
v -0.0176224 0.0446549 -0.0064162
v -0.0176224 0.0445421 -0.0064350
v -0.0176224 0.0444293 -0.0064538
v -0.0176224 0.0443165 -0.0064914
v -0.0176224 0.0442225 -0.0065314
v -0.0176224 0.0441097 -0.0065878
v -0.0176224 0.0440157 -0.0066442
v -0.0176412 0.0439969 -0.0066066
v -0.0176600 0.0439781 -0.0065690
v -0.0176976 0.0439593 -0.0065502
v -0.0177540 0.0439405 -0.0065314
v -0.0177916 0.0439405 -0.0065126
v -0.0178479 0.0439405 -0.0065126
v -0.0178479 0.0440345 -0.0064538
v -0.0181863 0.0440721 -0.0064350
v -0.0182615 0.0441661 -0.0063974
v -0.0183367 0.0441661 -0.0064162
v -0.0183931 0.0441661 -0.0064350
v -0.0184683 0.0440721 -0.0065126
v -0.0185247 0.0439969 -0.0066254
v -0.0185811 0.0439405 -0.0067194
v -0.0185811 0.0440345 -0.0066630
v -0.0185811 0.0441285 -0.0066066
v -0.0185811 0.0442225 -0.0065502
v -0.0185811 0.0443353 -0.0065126
v -0.0185811 0.0444481 -0.0064726
v -0.0185811 0.0445421 -0.0064538
v -0.0185811 0.0446549 -0.0064350
v -0.0185811 0.0447677 -0.0064350
v -0.0185811 0.0448805 -0.0064350
v -0.0185811 0.0449933 -0.0064538
v -0.0185811 0.0451061 -0.0064726
v -0.0185811 0.0452189 -0.0065126
v -0.0185811 0.0453129 -0.0065502
v -0.0185811 0.0454256 -0.0066066
v -0.0185811 0.0455196 -0.0066630
v -0.0185811 0.0456136 -0.0067194
v -0.0185811 0.0456888 -0.0067946
v -0.0185811 0.0457640 -0.0068885
v -0.0185811 0.0458392 -0.0069637
v -0.0185811 0.0458956 -0.0070577
v -0.0185811 0.0459520 -0.0071517
v -0.0185811 0.0460084 -0.0072645
v -0.0185811 0.0460460 -0.0073773
v -0.0185811 0.0460648 -0.0074713
v -0.0185811 0.0460836 -0.0075841
v -0.0185811 0.0461024 -0.0076969
v -0.0185811 0.0461024 -0.0078097
v -0.0185811 0.0460836 -0.0079225
v -0.0185811 0.0460648 -0.0080353
v -0.0185811 0.0460460 -0.0081481
v -0.0185811 0.0460084 -0.0082608
v -0.0185811 0.0459520 -0.0083548
v -0.0185811 0.0458956 -0.0084488
v -0.0185811 0.0458392 -0.0085428
v -0.0185811 0.0457640 -0.0086368
v -0.0185811 0.0456888 -0.0087120
v -0.0185811 0.0456136 -0.0087872
v -0.0185811 0.0455196 -0.0088624
v -0.0185811 0.0454256 -0.0089188
v -0.0185811 0.0453129 -0.0089752
v -0.0185811 0.0452189 -0.0090128
v -0.0185811 0.0451061 -0.0090504
v -0.0185811 0.0449933 -0.0090692
v -0.0185811 0.0448805 -0.0090880
v -0.0185811 0.0447677 -0.0090880
v -0.0185811 0.0446549 -0.0090880
v -0.0185811 0.0445421 -0.0090692
v -0.0185811 0.0444481 -0.0090504
v -0.0185811 0.0443353 -0.0090128
v -0.0185811 0.0442225 -0.0089752
v -0.0185811 0.0441285 -0.0089188
v -0.0185247 0.0441097 -0.0089564
v -0.0184683 0.0440721 -0.0089940
v -0.0183931 0.0440721 -0.0090316
v -0.0183367 0.0439405 -0.0089752
v -0.0182615 0.0438278 -0.0089188
v -0.0181863 0.0438278 -0.0089188
v -0.0181863 0.0437714 -0.0088812
v -0.0181863 0.0437338 -0.0088436
v -0.0178479 0.0437338 -0.0088436
v -0.0178479 0.0436586 -0.0087496
v -0.0177916 0.0437338 -0.0088436
v -0.0177540 0.0436586 -0.0087308
v -0.0176976 0.0436022 -0.0086180
v -0.0176600 0.0435646 -0.0085052
v -0.0176412 0.0435270 -0.0083736
v -0.0176224 0.0435270 -0.0082608
v -0.0176036 0.0435058 -0.0080353
v -0.0176224 0.0434870 -0.0081481
v -0.0176036 0.0435270 -0.0081293
v -0.0176036 0.0435646 -0.0082421
v -0.0176036 0.0436210 -0.0083360
v -0.0176036 0.0436774 -0.0084300
v -0.0176036 0.0437338 -0.0085240
v -0.0176036 0.0437902 -0.0086180
v -0.0176036 0.0438842 -0.0086932
v -0.0176036 0.0439593 -0.0087684
v -0.0176036 0.0440533 -0.0088248
v -0.0176036 0.0441473 -0.0089000
v -0.0176036 0.0442413 -0.0089376
v -0.0176036 0.0443353 -0.0089752
v -0.0176036 0.0444481 -0.0090128
v -0.0176036 0.0445609 -0.0090316
v -0.0176036 0.0446549 -0.0090504
v -0.0176036 0.0447677 -0.0090504
v -0.0176036 0.0448805 -0.0090504
v -0.0176036 0.0449933 -0.0090316
v -0.0176036 0.0451061 -0.0090128
v -0.0176036 0.0452001 -0.0089752
v -0.0176036 0.0453129 -0.0089376
v -0.0176036 0.0454068 -0.0089000
v -0.0176036 0.0455008 -0.0088248
v -0.0176036 0.0455948 -0.0087684
v -0.0176036 0.0456700 -0.0086932
v -0.0176036 0.0457452 -0.0086180
v -0.0176036 0.0458204 -0.0085240
v -0.0176036 0.0458768 -0.0084300
v -0.0176036 0.0459332 -0.0083360
v -0.0176036 0.0459708 -0.0082421
v -0.0176036 0.0460084 -0.0081293
v -0.0176036 0.0460460 -0.0080353
v -0.0176036 0.0460648 -0.0079225
v -0.0176036 0.0460648 -0.0078097
v -0.0176036 0.0460648 -0.0076969
v -0.0176036 0.0460648 -0.0075841
v -0.0176036 0.0460460 -0.0074901
v -0.0176036 0.0460084 -0.0073773
v -0.0176036 0.0459708 -0.0072645
v -0.0176036 0.0459332 -0.0071705
v -0.0176036 0.0458768 -0.0070765
v -0.0176036 0.0458204 -0.0069825
v -0.0176036 0.0457452 -0.0069073
v -0.0176036 0.0456700 -0.0068134
v -0.0176036 0.0455948 -0.0067570
v -0.0176036 0.0455008 -0.0066818
v -0.0176036 0.0454068 -0.0066254
v -0.0176036 0.0453129 -0.0065690
v -0.0176036 0.0452001 -0.0065314
v -0.0176036 0.0451061 -0.0064914
v -0.0176036 0.0449933 -0.0064726
v -0.0176036 0.0448805 -0.0064538
v -0.0176036 0.0447677 -0.0064538
v -0.0176036 0.0446549 -0.0064538
v -0.0176036 0.0445609 -0.0064726
v -0.0176036 0.0444481 -0.0064914
v -0.0176036 0.0443353 -0.0065314
v -0.0176036 0.0442413 -0.0065690
v -0.0176036 0.0441473 -0.0066254
v -0.0176036 0.0440533 -0.0066818
v -0.0176036 0.0439593 -0.0067570
v -0.0176224 0.0439218 -0.0067194
v -0.0176412 0.0439030 -0.0066818
v -0.0176600 0.0438842 -0.0066442
v -0.0176976 0.0438654 -0.0066254
v -0.0177540 0.0438466 -0.0066066
v -0.0177916 0.0438278 -0.0065878
v -0.0178479 0.0438278 -0.0065878
v -0.0178479 0.0439218 -0.0065314
v -0.0181863 0.0439405 -0.0065126
v -0.0181863 0.0440345 -0.0064538
v -0.0182615 0.0440533 -0.0064538
v -0.0183367 0.0440533 -0.0064726
v -0.0183931 0.0440721 -0.0064914
v -0.0184683 0.0439781 -0.0065878
v -0.0185247 0.0439030 -0.0066818
v -0.0185811 0.0438466 -0.0067946
v -0.0186187 0.0438278 -0.0069261
v -0.0186187 0.0439030 -0.0068322
v -0.0186187 0.0439781 -0.0067758
v -0.0186187 0.0440533 -0.0067006
v -0.0186187 0.0441473 -0.0066442
v -0.0186187 0.0442413 -0.0066066
v -0.0186187 0.0443541 -0.0065690
v -0.0186187 0.0444481 -0.0065314
v -0.0186187 0.0445609 -0.0065126
v -0.0186187 0.0446737 -0.0064914
v -0.0186187 0.0447677 -0.0064914
v -0.0186187 0.0448805 -0.0064914
v -0.0186187 0.0449933 -0.0065126
v -0.0186187 0.0450873 -0.0065314
v -0.0186187 0.0452001 -0.0065690
v -0.0186187 0.0452941 -0.0066066
v -0.0186187 0.0453880 -0.0066442
v -0.0186187 0.0454820 -0.0067006
v -0.0186187 0.0455760 -0.0067758
v -0.0186187 0.0456512 -0.0068322
v -0.0186187 0.0457264 -0.0069261
v -0.0186187 0.0458016 -0.0070013
v -0.0186187 0.0458580 -0.0070953
v -0.0186187 0.0459144 -0.0071893
v -0.0186187 0.0459520 -0.0072833
v -0.0186187 0.0459896 -0.0073773
v -0.0186187 0.0460084 -0.0074901
v -0.0186187 0.0460272 -0.0076029
v -0.0186187 0.0460460 -0.0076969
v -0.0186187 0.0460460 -0.0078097
v -0.0186187 0.0460272 -0.0079225
v -0.0186187 0.0460084 -0.0080165
v -0.0186187 0.0459896 -0.0081293
v -0.0186187 0.0459520 -0.0082233
v -0.0186187 0.0459144 -0.0083360
v -0.0186187 0.0458580 -0.0084300
v -0.0186187 0.0458016 -0.0085052
v -0.0186187 0.0457264 -0.0085992
v -0.0186187 0.0456512 -0.0086744
v -0.0186187 0.0455760 -0.0087496
v -0.0186187 0.0454820 -0.0088060
v -0.0186187 0.0453880 -0.0088624
v -0.0186187 0.0452941 -0.0089188
v -0.0186187 0.0452001 -0.0089564
v -0.0186187 0.0450873 -0.0089940
v -0.0186187 0.0449933 -0.0090128
v -0.0186187 0.0448805 -0.0090316
v -0.0186187 0.0447677 -0.0090316
v -0.0186187 0.0446737 -0.0090316
v -0.0186187 0.0445609 -0.0090128
v -0.0186187 0.0444481 -0.0089940
v -0.0186187 0.0443541 -0.0089564
v -0.0186187 0.0442413 -0.0089188
v -0.0186187 0.0441473 -0.0088624
v -0.0186187 0.0440533 -0.0088060
v -0.0185811 0.0440345 -0.0088624
v -0.0185247 0.0439969 -0.0089000
v -0.0184683 0.0439781 -0.0089376
v -0.0183931 0.0439593 -0.0089564
v -0.0183367 0.0438466 -0.0089000
v -0.0182615 0.0437338 -0.0088436
v -0.0181863 0.0436586 -0.0087496
v -0.0181863 0.0436398 -0.0087496
v -0.0178479 0.0436398 -0.0087496
v -0.0177916 0.0436586 -0.0087496
v -0.0177540 0.0435834 -0.0086368
v -0.0176976 0.0435270 -0.0085240
v -0.0176600 0.0435058 -0.0083924
v -0.0176412 0.0434870 -0.0082796
v -0.0176412 0.0434494 -0.0081669
v -0.0176224 0.0434494 -0.0080353
v -0.0176036 0.0434870 -0.0079225
v -0.0176036 0.0435270 -0.0078097
v -0.0176036 0.0435270 -0.0079225
v -0.0176036 0.0435458 -0.0080165
v -0.0176036 0.0435834 -0.0081293
v -0.0176036 0.0436210 -0.0082233
v -0.0176036 0.0436586 -0.0083172
v -0.0176036 0.0437150 -0.0084112
v -0.0176036 0.0437714 -0.0085052
v -0.0176036 0.0438278 -0.0085804
v -0.0176036 0.0439030 -0.0086556
v -0.0176036 0.0439969 -0.0087308
v -0.0176036 0.0440721 -0.0087872
v -0.0176036 0.0441661 -0.0088436
v -0.0176036 0.0442601 -0.0089000
v -0.0176036 0.0443541 -0.0089376
v -0.0176036 0.0444669 -0.0089752
v -0.0176036 0.0445609 -0.0089940
v -0.0176036 0.0446737 -0.0089940
v -0.0176036 0.0447677 -0.0090128
v -0.0176036 0.0448805 -0.0089940
v -0.0176036 0.0449933 -0.0089940
v -0.0176036 0.0450873 -0.0089752
v -0.0176036 0.0451813 -0.0089376
v -0.0176036 0.0452941 -0.0089000
v -0.0176036 0.0453880 -0.0088436
v -0.0176036 0.0454820 -0.0087872
v -0.0176036 0.0455572 -0.0087308
v -0.0176036 0.0456324 -0.0086556
v -0.0176036 0.0457076 -0.0085804
v -0.0176036 0.0457828 -0.0085052
v -0.0176036 0.0458392 -0.0084112
v -0.0176036 0.0458956 -0.0083172
v -0.0176036 0.0459332 -0.0082233
v -0.0176036 0.0459708 -0.0081293
v -0.0176036 0.0459896 -0.0080165
v -0.0176036 0.0460084 -0.0079225
v -0.0176036 0.0460272 -0.0078097
v -0.0176036 0.0460272 -0.0076969
v -0.0176036 0.0460084 -0.0076029
v -0.0176036 0.0459896 -0.0074901
v -0.0176036 0.0459708 -0.0073961
v -0.0176036 0.0459332 -0.0072833
v -0.0176036 0.0458956 -0.0071893
v -0.0176036 0.0458392 -0.0070953
v -0.0176036 0.0457828 -0.0070201
v -0.0176036 0.0457076 -0.0069261
v -0.0176036 0.0456324 -0.0068509
v -0.0176036 0.0455572 -0.0067946
v -0.0176036 0.0454820 -0.0067194
v -0.0176036 0.0453880 -0.0066630
v -0.0176036 0.0452941 -0.0066254
v -0.0176036 0.0451813 -0.0065878
v -0.0176036 0.0450873 -0.0065502
v -0.0176036 0.0449933 -0.0065314
v -0.0176036 0.0448805 -0.0065126
v -0.0176036 0.0447677 -0.0065126
v -0.0176036 0.0446737 -0.0065126
v -0.0176036 0.0445609 -0.0065314
v -0.0176036 0.0444669 -0.0065502
v -0.0176036 0.0443541 -0.0065878
v -0.0176036 0.0442601 -0.0066254
v -0.0176036 0.0441661 -0.0066630
v -0.0176036 0.0440721 -0.0067194
v -0.0176036 0.0439969 -0.0067946
v -0.0176036 0.0439030 -0.0068509
v -0.0176036 0.0438842 -0.0068134
v -0.0176224 0.0438466 -0.0067946
v -0.0176412 0.0438090 -0.0067570
v -0.0176600 0.0437902 -0.0067194
v -0.0176976 0.0437714 -0.0067006
v -0.0177540 0.0437526 -0.0066818
v -0.0177916 0.0437338 -0.0066818
v -0.0178479 0.0437338 -0.0066818
v -0.0178479 0.0437714 -0.0066442
v -0.0181863 0.0438278 -0.0065878
v -0.0181863 0.0439218 -0.0065314
v -0.0182615 0.0439405 -0.0065126
v -0.0183367 0.0439405 -0.0065314
v -0.0183931 0.0439593 -0.0065502
v -0.0184683 0.0438842 -0.0066442
v -0.0185247 0.0438278 -0.0067570
v -0.0185811 0.0437714 -0.0068885
v -0.0186187 0.0437526 -0.0070013
v -0.0186563 0.0437526 -0.0071329
v -0.0186563 0.0438090 -0.0070389
v -0.0186563 0.0438654 -0.0069637
v -0.0186563 0.0439405 -0.0068885
v -0.0186563 0.0440157 -0.0068134
v -0.0186563 0.0440909 -0.0067570
v -0.0186563 0.0441849 -0.0067006
v -0.0186563 0.0442789 -0.0066630
v -0.0186563 0.0443729 -0.0066254
v -0.0186563 0.0444669 -0.0065878
v -0.0186563 0.0445609 -0.0065690
v -0.0186563 0.0446737 -0.0065502
v -0.0186563 0.0447677 -0.0065502
v -0.0186563 0.0448805 -0.0065502
v -0.0186563 0.0449745 -0.0065690
v -0.0186563 0.0450685 -0.0065878
v -0.0186563 0.0451813 -0.0066254
v -0.0186563 0.0452753 -0.0066630
v -0.0186563 0.0453692 -0.0067006
v -0.0186563 0.0454444 -0.0067570
v -0.0186563 0.0455384 -0.0068134
v -0.0186563 0.0456136 -0.0068885
v -0.0186563 0.0456888 -0.0069637
v -0.0186563 0.0457452 -0.0070389
v -0.0186563 0.0458016 -0.0071329
v -0.0186563 0.0458580 -0.0072081
v -0.0186563 0.0458956 -0.0073021
v -0.0186563 0.0459332 -0.0073961
v -0.0186563 0.0459520 -0.0075089
v -0.0186563 0.0459708 -0.0076029
v -0.0186563 0.0459708 -0.0077157
v -0.0186563 0.0459708 -0.0078097
v -0.0186563 0.0459708 -0.0079037
v -0.0186563 0.0459520 -0.0080165
v -0.0186563 0.0459332 -0.0081105
v -0.0186563 0.0458956 -0.0082045
v -0.0186563 0.0458580 -0.0082984
v -0.0186563 0.0458016 -0.0083924
v -0.0186563 0.0457452 -0.0084676
v -0.0186563 0.0456888 -0.0085616
v -0.0186563 0.0456136 -0.0086368
v -0.0186563 0.0455384 -0.0086932
v -0.0186563 0.0454444 -0.0087496
v -0.0186563 0.0453692 -0.0088060
v -0.0186563 0.0452753 -0.0088624
v -0.0186563 0.0451813 -0.0089000
v -0.0186563 0.0450685 -0.0089188
v -0.0186563 0.0449745 -0.0089564
v -0.0186563 0.0448805 -0.0089564
v -0.0186563 0.0447677 -0.0089564
v -0.0186563 0.0446737 -0.0089564
v -0.0186563 0.0445609 -0.0089564
v -0.0186563 0.0444669 -0.0089188
v -0.0186563 0.0443729 -0.0089000
v -0.0186563 0.0442789 -0.0088624
v -0.0186563 0.0441849 -0.0088060
v -0.0186563 0.0440909 -0.0087496
v -0.0186563 0.0440157 -0.0086932
v -0.0186187 0.0439781 -0.0087496
v -0.0185811 0.0439405 -0.0087872
v -0.0185247 0.0439030 -0.0088248
v -0.0184683 0.0438842 -0.0088624
v -0.0183931 0.0438654 -0.0088812
v -0.0183367 0.0437526 -0.0088248
v -0.0182615 0.0436586 -0.0087496
v -0.0181863 0.0435646 -0.0086556
v -0.0178479 0.0435646 -0.0086556
v -0.0178479 0.0435458 -0.0086180
v -0.0177916 0.0435646 -0.0086556
v -0.0177540 0.0435058 -0.0085428
v -0.0176976 0.0434682 -0.0084112
v -0.0176600 0.0434494 -0.0082984
v -0.0176600 0.0434118 -0.0081669
v -0.0176412 0.0434118 -0.0080541
v -0.0176224 0.0434306 -0.0079225
v -0.0176036 0.0434682 -0.0078097
v -0.0176036 0.0435270 -0.0076969
v -0.0176036 0.0434682 -0.0076969
v -0.0176036 0.0435270 -0.0076029
v -0.0176036 0.0434870 -0.0075841
v -0.0176036 0.0435458 -0.0074901
v -0.0176036 0.0435058 -0.0074901
v -0.0176036 0.0435834 -0.0073961
v -0.0176036 0.0435270 -0.0073773
v -0.0176036 0.0436210 -0.0072833
v -0.0176036 0.0435646 -0.0072645
v -0.0176036 0.0436586 -0.0071893
v -0.0176036 0.0436210 -0.0071705
v -0.0176036 0.0437150 -0.0070953
v -0.0176036 0.0436774 -0.0070765
v -0.0176036 0.0437714 -0.0070201
v -0.0176036 0.0437338 -0.0069825
v -0.0176036 0.0438278 -0.0069261
v -0.0176036 0.0437902 -0.0069073
v -0.0176224 0.0437714 -0.0068697
v -0.0176412 0.0437338 -0.0068322
v -0.0176600 0.0436962 -0.0068134
v -0.0176976 0.0436774 -0.0067946
v -0.0177540 0.0436586 -0.0067758
v -0.0177916 0.0436586 -0.0067758
v -0.0178479 0.0436586 -0.0067570
v -0.0181863 0.0437338 -0.0066818
v -0.0181863 0.0437714 -0.0066442
v -0.0182615 0.0438278 -0.0065878
v -0.0183367 0.0438466 -0.0066066
v -0.0183931 0.0438654 -0.0066254
v -0.0184683 0.0437902 -0.0067382
v -0.0185247 0.0437338 -0.0068509
v -0.0185811 0.0437150 -0.0069637
v -0.0186187 0.0436962 -0.0070953
v -0.0186563 0.0436962 -0.0072081
v -0.0186751 0.0437150 -0.0073397
v -0.0186751 0.0437526 -0.0072457
v -0.0186751 0.0438090 -0.0071517
v -0.0186751 0.0438654 -0.0070765
v -0.0186751 0.0439218 -0.0070013
v -0.0186751 0.0439781 -0.0069261
v -0.0186751 0.0440533 -0.0068697
v -0.0186751 0.0441285 -0.0068134
v -0.0186751 0.0442225 -0.0067570
v -0.0186751 0.0442977 -0.0067194
v -0.0186751 0.0443917 -0.0066818
v -0.0186751 0.0444857 -0.0066630
v -0.0186751 0.0445797 -0.0066254
v -0.0186751 0.0446737 -0.0066254
v -0.0186751 0.0447677 -0.0066254
v -0.0186751 0.0448617 -0.0066254
v -0.0186751 0.0449745 -0.0066254
v -0.0186751 0.0450685 -0.0066630
v -0.0186751 0.0451625 -0.0066818
v -0.0186751 0.0452377 -0.0067194
v -0.0186751 0.0453317 -0.0067570
v -0.0186751 0.0454068 -0.0068134
v -0.0186751 0.0454820 -0.0068697
v -0.0186751 0.0455572 -0.0069261
v -0.0186751 0.0456324 -0.0070013
v -0.0186751 0.0456888 -0.0070765
v -0.0186751 0.0457452 -0.0071517
v -0.0186751 0.0457828 -0.0072457
v -0.0186751 0.0458392 -0.0073397
v -0.0186751 0.0458580 -0.0074149
v -0.0186751 0.0458956 -0.0075089
v -0.0186751 0.0458956 -0.0076217
v -0.0186751 0.0459144 -0.0077157
v -0.0186751 0.0459144 -0.0078097
v -0.0186751 0.0458956 -0.0079037
v -0.0186751 0.0458956 -0.0079977
v -0.0186751 0.0458580 -0.0080917
v -0.0186751 0.0458392 -0.0081857
v -0.0186751 0.0457828 -0.0082796
v -0.0186751 0.0457452 -0.0083548
v -0.0186751 0.0456888 -0.0084300
v -0.0186751 0.0456324 -0.0085052
v -0.0186751 0.0455572 -0.0085804
v -0.0186751 0.0454820 -0.0086368
v -0.0186751 0.0454068 -0.0087120
v -0.0186751 0.0453317 -0.0087496
v -0.0186751 0.0452377 -0.0088060
v -0.0186751 0.0451625 -0.0088248
v -0.0186751 0.0450685 -0.0088624
v -0.0186751 0.0449745 -0.0088812
v -0.0186751 0.0448617 -0.0089000
v -0.0186751 0.0447677 -0.0089000
v -0.0186751 0.0446737 -0.0089000
v -0.0186751 0.0445797 -0.0088812
v -0.0186751 0.0444857 -0.0088624
v -0.0186751 0.0443917 -0.0088248
v -0.0186751 0.0442977 -0.0088060
v -0.0186751 0.0442225 -0.0087496
v -0.0186751 0.0441285 -0.0087120
v -0.0186751 0.0440533 -0.0086368
v -0.0186751 0.0439781 -0.0085804
v -0.0186563 0.0439405 -0.0086368
v -0.0186187 0.0439030 -0.0086744
v -0.0185811 0.0438466 -0.0087120
v -0.0185247 0.0438278 -0.0087496
v -0.0184683 0.0437902 -0.0087872
v -0.0183931 0.0437714 -0.0088060
v -0.0183367 0.0436586 -0.0087308
v -0.0182615 0.0435646 -0.0086556
v -0.0181863 0.0435458 -0.0086180
v -0.0181863 0.0434870 -0.0085428
v -0.0178479 0.0434870 -0.0085428
v -0.0178479 0.0434494 -0.0084488
v -0.0177916 0.0435058 -0.0085428
v -0.0177540 0.0434494 -0.0084300
v -0.0176976 0.0434118 -0.0082984
v -0.0176976 0.0433742 -0.0081857
v -0.0176600 0.0433742 -0.0080541
v -0.0176412 0.0433930 -0.0079413
v -0.0176224 0.0434306 -0.0078097
v -0.0176224 0.0434306 -0.0076969
v -0.0176224 0.0434306 -0.0075841
v -0.0176224 0.0434494 -0.0074713
v -0.0176224 0.0434870 -0.0073585
v -0.0176224 0.0435270 -0.0072645
v -0.0176224 0.0435646 -0.0071517
v -0.0176224 0.0436210 -0.0070577
v -0.0176224 0.0436962 -0.0069637
v -0.0176412 0.0436586 -0.0069261
v -0.0176600 0.0436210 -0.0069073
v -0.0176976 0.0436022 -0.0068885
v -0.0177540 0.0435834 -0.0068697
v -0.0177916 0.0435646 -0.0068697
v -0.0178479 0.0435458 -0.0069073
v -0.0178479 0.0435646 -0.0068697
v -0.0178479 0.0436398 -0.0067758
v -0.0181863 0.0436586 -0.0067570
v -0.0182615 0.0437338 -0.0066818
v -0.0183367 0.0437526 -0.0066818
v -0.0183931 0.0437714 -0.0067006
v -0.0184683 0.0437150 -0.0068134
v -0.0185247 0.0436586 -0.0069449
v -0.0185811 0.0436398 -0.0070577
v -0.0186187 0.0436398 -0.0071893
v -0.0186563 0.0436586 -0.0073021
v -0.0186751 0.0436774 -0.0074149
v -0.0186939 0.0437338 -0.0075277
v -0.0186939 0.0437526 -0.0074525
v -0.0186939 0.0437714 -0.0073585
v -0.0186939 0.0438090 -0.0072833
v -0.0186939 0.0438654 -0.0071893
v -0.0186939 0.0439218 -0.0071141
v -0.0186939 0.0439781 -0.0070577
v -0.0186939 0.0440345 -0.0069825
v -0.0186939 0.0441097 -0.0069261
v -0.0186939 0.0441661 -0.0068697
v -0.0186939 0.0442601 -0.0068322
v -0.0186939 0.0443353 -0.0067758
v -0.0186939 0.0444105 -0.0067570
v -0.0186939 0.0445045 -0.0067194
v -0.0186939 0.0445985 -0.0067006
v -0.0186939 0.0446737 -0.0066818
v -0.0186939 0.0447677 -0.0066818
v -0.0186939 0.0448617 -0.0066818
v -0.0186939 0.0449557 -0.0067006
v -0.0186939 0.0450497 -0.0067194
v -0.0186939 0.0451249 -0.0067570
v -0.0186939 0.0452189 -0.0067758
v -0.0186939 0.0452941 -0.0068322
v -0.0186939 0.0453692 -0.0068697
v -0.0186939 0.0454444 -0.0069261
v -0.0186939 0.0455196 -0.0069825
v -0.0186939 0.0455760 -0.0070577
v -0.0186939 0.0456324 -0.0071141
v -0.0186939 0.0456888 -0.0071893
v -0.0186939 0.0457264 -0.0072833
v -0.0186939 0.0457640 -0.0073585
v -0.0186939 0.0458016 -0.0074525
v -0.0186939 0.0458204 -0.0075277
v -0.0186939 0.0458392 -0.0076217
v -0.0186939 0.0458392 -0.0077157
v -0.0186939 0.0458392 -0.0078097
v -0.0186939 0.0458392 -0.0078849
v -0.0186939 0.0458204 -0.0079789
v -0.0186939 0.0458016 -0.0080729
v -0.0186939 0.0457640 -0.0081481
v -0.0186939 0.0457264 -0.0082421
v -0.0186939 0.0456888 -0.0083172
v -0.0186939 0.0456324 -0.0083924
v -0.0186939 0.0455760 -0.0084676
v -0.0186939 0.0455196 -0.0085240
v -0.0186939 0.0454444 -0.0085992
v -0.0186939 0.0453692 -0.0086368
v -0.0186939 0.0452941 -0.0086932
v -0.0186939 0.0452189 -0.0087308
v -0.0186939 0.0451249 -0.0087684
v -0.0186939 0.0450497 -0.0087872
v -0.0186939 0.0449557 -0.0088060
v -0.0186939 0.0448617 -0.0088248
v -0.0186939 0.0447677 -0.0088248
v -0.0186939 0.0446737 -0.0088248
v -0.0186939 0.0445985 -0.0088060
v -0.0186939 0.0445045 -0.0087872
v -0.0186939 0.0444105 -0.0087684
v -0.0186939 0.0443353 -0.0087308
v -0.0186939 0.0442601 -0.0086932
v -0.0186939 0.0441661 -0.0086368
v -0.0186939 0.0441097 -0.0085992
v -0.0186939 0.0440345 -0.0085240
v -0.0186939 0.0439781 -0.0084676
v -0.0186751 0.0439218 -0.0085052
v -0.0186563 0.0438654 -0.0085616
v -0.0186187 0.0438278 -0.0085992
v -0.0185811 0.0437714 -0.0086368
v -0.0185247 0.0437338 -0.0086744
v -0.0184683 0.0437150 -0.0086932
v -0.0183931 0.0436774 -0.0087120
v -0.0183367 0.0435834 -0.0086368
v -0.0182615 0.0435058 -0.0085428
v -0.0181863 0.0434494 -0.0084488
v -0.0181863 0.0434306 -0.0084300
v -0.0178479 0.0434306 -0.0084300
v -0.0177916 0.0434306 -0.0084300
v -0.0177540 0.0433930 -0.0083172
v -0.0177540 0.0433554 -0.0081857
v -0.0176976 0.0433554 -0.0080729
v -0.0176600 0.0433554 -0.0079413
v -0.0176412 0.0433930 -0.0078097
v -0.0176412 0.0433930 -0.0076969
v -0.0176412 0.0433930 -0.0075841
v -0.0176412 0.0434118 -0.0074713
v -0.0176412 0.0434494 -0.0073585
v -0.0176412 0.0434870 -0.0072457
v -0.0176412 0.0435270 -0.0071329
v -0.0176412 0.0435834 -0.0070389
v -0.0176600 0.0435646 -0.0070013
v -0.0176976 0.0435270 -0.0070013
v -0.0177540 0.0435058 -0.0069825
v -0.0177916 0.0435058 -0.0069825
v -0.0178479 0.0434870 -0.0069637
v -0.0181863 0.0435458 -0.0069073
v -0.0181863 0.0435646 -0.0068697
v -0.0181863 0.0436398 -0.0067758
v -0.0182615 0.0436586 -0.0067758
v -0.0183367 0.0436586 -0.0067758
v -0.0183931 0.0436774 -0.0067946
v -0.0184683 0.0436398 -0.0069073
v -0.0185247 0.0436022 -0.0070389
v -0.0185811 0.0435834 -0.0071517
v -0.0186187 0.0436022 -0.0072833
v -0.0186563 0.0436210 -0.0073961
v -0.0186751 0.0436586 -0.0075089
v -0.0186939 0.0437150 -0.0076217
v -0.0186939 0.0437714 -0.0077157
v -0.0186939 0.0437902 -0.0076217
v -0.0186939 0.0437902 -0.0075465
v -0.0186939 0.0438090 -0.0074713
v -0.0186939 0.0438466 -0.0073773
v -0.0186939 0.0438842 -0.0073021
v -0.0186939 0.0439218 -0.0072269
v -0.0186939 0.0439781 -0.0071705
v -0.0186939 0.0440157 -0.0070953
v -0.0186939 0.0440909 -0.0070389
v -0.0186939 0.0441473 -0.0069825
v -0.0186939 0.0442225 -0.0069261
v -0.0186939 0.0442789 -0.0068885
v -0.0186939 0.0443541 -0.0068509
v -0.0186939 0.0444481 -0.0068134
v -0.0186939 0.0445233 -0.0067946
v -0.0186939 0.0445985 -0.0067758
v -0.0186939 0.0446925 -0.0067570
v -0.0186939 0.0447677 -0.0067570
v -0.0186939 0.0448617 -0.0067570
v -0.0186939 0.0449369 -0.0067758
v -0.0186939 0.0450309 -0.0067946
v -0.0186939 0.0451061 -0.0068134
v -0.0186939 0.0451813 -0.0068509
v -0.0186939 0.0452565 -0.0068885
v -0.0186939 0.0453317 -0.0069261
v -0.0186939 0.0454068 -0.0069825
v -0.0186939 0.0454632 -0.0070389
v -0.0186939 0.0455196 -0.0070953
v -0.0186939 0.0455760 -0.0071705
v -0.0186939 0.0456324 -0.0072269
v -0.0186939 0.0456700 -0.0073021
v -0.0186939 0.0457076 -0.0073773
v -0.0186939 0.0457264 -0.0074713
v -0.0186939 0.0457452 -0.0075465
v -0.0186939 0.0457640 -0.0076217
v -0.0186939 0.0457640 -0.0077157
v -0.0186939 0.0457640 -0.0077909
v -0.0186939 0.0457640 -0.0078849
v -0.0186939 0.0457452 -0.0079601
v -0.0186939 0.0457264 -0.0080541
v -0.0186939 0.0457076 -0.0081293
v -0.0186939 0.0456700 -0.0082045
v -0.0186939 0.0456324 -0.0082796
v -0.0186939 0.0455760 -0.0083548
v -0.0186939 0.0455196 -0.0084112
v -0.0186939 0.0454632 -0.0084864
v -0.0186939 0.0454068 -0.0085428
v -0.0186939 0.0453317 -0.0085804
v -0.0186939 0.0452565 -0.0086368
v -0.0186939 0.0451813 -0.0086744
v -0.0186939 0.0451061 -0.0086932
v -0.0186939 0.0450309 -0.0087308
v -0.0186939 0.0449369 -0.0087496
v -0.0186939 0.0448617 -0.0087496
v -0.0186939 0.0447677 -0.0087496
v -0.0186939 0.0446925 -0.0087496
v -0.0186939 0.0445985 -0.0087496
v -0.0186939 0.0445233 -0.0087308
v -0.0186939 0.0444481 -0.0086932
v -0.0186939 0.0443541 -0.0086744
v -0.0186939 0.0442789 -0.0086368
v -0.0186939 0.0442225 -0.0085804
v -0.0186939 0.0441473 -0.0085428
v -0.0186939 0.0440909 -0.0084864
v -0.0186939 0.0440157 -0.0084112
v -0.0186939 0.0439781 -0.0083548
v -0.0186939 0.0439218 -0.0083924
v -0.0186751 0.0438654 -0.0084300
v -0.0186563 0.0438090 -0.0084676
v -0.0186187 0.0437526 -0.0085052
v -0.0185811 0.0437150 -0.0085428
v -0.0185247 0.0436586 -0.0085804
v -0.0184683 0.0436398 -0.0085992
v -0.0183931 0.0436022 -0.0086180
v -0.0183367 0.0435058 -0.0085240
v -0.0182615 0.0434306 -0.0084300
v -0.0181863 0.0433742 -0.0083172
v -0.0178479 0.0433742 -0.0083172
v -0.0177916 0.0433930 -0.0083172
v -0.0177916 0.0433366 -0.0082045
v -0.0177540 0.0433178 -0.0080729
v -0.0176976 0.0433178 -0.0079413
v -0.0176600 0.0433554 -0.0078097
v -0.0176600 0.0433554 -0.0076969
v -0.0176600 0.0433554 -0.0075841
v -0.0176600 0.0433742 -0.0074525
v -0.0176600 0.0434118 -0.0073397
v -0.0176600 0.0434494 -0.0072269
v -0.0176600 0.0435058 -0.0071141
v -0.0176976 0.0434682 -0.0070953
v -0.0177540 0.0434494 -0.0070953
v -0.0177916 0.0434306 -0.0070765
v -0.0178479 0.0434494 -0.0070577
v -0.0181863 0.0434870 -0.0069637
v -0.0182615 0.0435646 -0.0068697
v -0.0183367 0.0435834 -0.0068697
v -0.0183931 0.0436022 -0.0068885
v -0.0184683 0.0435646 -0.0070201
v -0.0185247 0.0435458 -0.0071329
v -0.0185811 0.0435458 -0.0072645
v -0.0186187 0.0435646 -0.0073773
v -0.0186563 0.0436022 -0.0075089
v -0.0186751 0.0436398 -0.0076217
v -0.0186939 0.0436962 -0.0077157
v -0.0186939 0.0437714 -0.0077909
v -0.0186939 0.0436962 -0.0078097
v -0.0186939 0.0437902 -0.0078849
v -0.0186939 0.0437150 -0.0078849
v -0.0186939 0.0437902 -0.0079601
v -0.0186939 0.0437338 -0.0079789
v -0.0186939 0.0438090 -0.0080541
v -0.0186939 0.0437526 -0.0080729
v -0.0186939 0.0438466 -0.0081293
v -0.0186939 0.0437714 -0.0081481
v -0.0186939 0.0438842 -0.0082045
v -0.0186939 0.0438090 -0.0082421
v -0.0186939 0.0439218 -0.0082796
v -0.0186939 0.0438654 -0.0083172
v -0.0186751 0.0438090 -0.0083548
v -0.0186563 0.0437526 -0.0083924
v -0.0186187 0.0436962 -0.0084300
v -0.0185811 0.0436398 -0.0084488
v -0.0185247 0.0436022 -0.0084864
v -0.0184683 0.0435646 -0.0085052
v -0.0183931 0.0435270 -0.0085240
v -0.0183367 0.0434494 -0.0084300
v -0.0182615 0.0433930 -0.0083172
v -0.0181863 0.0433742 -0.0082984
v -0.0178479 0.0433742 -0.0082984
v -0.0178479 0.0433366 -0.0082045
v -0.0178479 0.0433178 -0.0081105
v -0.0177916 0.0433178 -0.0080729
v -0.0177540 0.0432990 -0.0079413
v -0.0176976 0.0433178 -0.0078285
v -0.0176976 0.0433178 -0.0076969
v -0.0176976 0.0433178 -0.0075653
v -0.0176976 0.0433554 -0.0074525
v -0.0176976 0.0433742 -0.0073397
v -0.0176976 0.0434118 -0.0072081
v -0.0177540 0.0433930 -0.0072081
v -0.0177916 0.0433930 -0.0072081
v -0.0178479 0.0433742 -0.0072081
v -0.0178479 0.0434306 -0.0070765
v -0.0181863 0.0434494 -0.0070577
v -0.0182615 0.0435058 -0.0069825
v -0.0183367 0.0435058 -0.0069825
v -0.0183931 0.0435270 -0.0070013
v -0.0184683 0.0435058 -0.0071141
v -0.0185247 0.0434870 -0.0072457
v -0.0185811 0.0435058 -0.0073773
v -0.0186187 0.0435270 -0.0074901
v -0.0186563 0.0435834 -0.0076029
v -0.0186751 0.0436398 -0.0077157
v -0.0186751 0.0436398 -0.0078097
v -0.0186751 0.0436398 -0.0079037
v -0.0186751 0.0436586 -0.0079977
v -0.0186751 0.0436774 -0.0080917
v -0.0186751 0.0437150 -0.0081857
v -0.0186751 0.0437526 -0.0082796
v -0.0186563 0.0436962 -0.0082984
v -0.0186187 0.0436398 -0.0083360
v -0.0185811 0.0435834 -0.0083548
v -0.0185247 0.0435458 -0.0083736
v -0.0184683 0.0435058 -0.0083924
v -0.0183931 0.0434682 -0.0084112
v -0.0183367 0.0433930 -0.0083172
v -0.0182615 0.0433366 -0.0082045
v -0.0181863 0.0433366 -0.0082045
v -0.0181863 0.0433178 -0.0081105
v -0.0181863 0.0432990 -0.0080729
v -0.0178479 0.0432990 -0.0080729
v -0.0177916 0.0432802 -0.0079413
v -0.0177540 0.0432990 -0.0078285
v -0.0177540 0.0432990 -0.0076969
v -0.0177540 0.0432990 -0.0075653
v -0.0177540 0.0433178 -0.0074525
v -0.0177540 0.0433554 -0.0073209
v -0.0177916 0.0433366 -0.0073209
v -0.0178479 0.0433366 -0.0073209
v -0.0178479 0.0433742 -0.0072269
v -0.0181863 0.0433742 -0.0072081
v -0.0181863 0.0434306 -0.0070765
v -0.0182615 0.0434306 -0.0070765
v -0.0183367 0.0434494 -0.0070953
v -0.0183931 0.0434682 -0.0070953
v -0.0184683 0.0434494 -0.0072269
v -0.0185247 0.0434494 -0.0073585
v -0.0185811 0.0434682 -0.0074713
v -0.0186187 0.0435058 -0.0076029
v -0.0186563 0.0435646 -0.0077157
v -0.0186563 0.0435646 -0.0078097
v -0.0186563 0.0435834 -0.0079037
v -0.0186563 0.0436022 -0.0080165
v -0.0186563 0.0436210 -0.0081105
v -0.0186563 0.0436586 -0.0082045
v -0.0186187 0.0436022 -0.0082233
v -0.0185811 0.0435458 -0.0082608
v -0.0185247 0.0434870 -0.0082796
v -0.0184683 0.0434494 -0.0082796
v -0.0183931 0.0434306 -0.0082984
v -0.0183367 0.0433554 -0.0081857
v -0.0182615 0.0433178 -0.0080729
v -0.0181863 0.0432802 -0.0079413
v -0.0178479 0.0432802 -0.0079413
v -0.0178479 0.0432802 -0.0079413
v -0.0177916 0.0432802 -0.0078285
v -0.0177916 0.0432802 -0.0076969
v -0.0177916 0.0432802 -0.0075653
v -0.0177916 0.0433178 -0.0074337
v -0.0178479 0.0433178 -0.0073961
v -0.0181863 0.0433366 -0.0073209
v -0.0181863 0.0433742 -0.0072269
v -0.0182615 0.0433930 -0.0072081
v -0.0183367 0.0433930 -0.0072081
v -0.0183931 0.0434306 -0.0072081
v -0.0184683 0.0434118 -0.0073397
v -0.0185247 0.0434306 -0.0074713
v -0.0185811 0.0434494 -0.0075841
v -0.0186187 0.0435058 -0.0076969
v -0.0186187 0.0435058 -0.0078097
v -0.0186187 0.0435058 -0.0079225
v -0.0186187 0.0435270 -0.0080165
v -0.0186187 0.0435646 -0.0081293
v -0.0185811 0.0435058 -0.0081481
v -0.0185247 0.0434494 -0.0081669
v -0.0184683 0.0434118 -0.0081669
v -0.0183931 0.0433742 -0.0081857
v -0.0183367 0.0433178 -0.0080729
v -0.0182615 0.0432802 -0.0079413
v -0.0181863 0.0432802 -0.0079413
v -0.0181863 0.0432802 -0.0078285
v -0.0178479 0.0432802 -0.0078285
v -0.0178479 0.0432802 -0.0077533
v -0.0178479 0.0432802 -0.0076969
v -0.0178479 0.0432802 -0.0075841
v -0.0178479 0.0432802 -0.0075653
v -0.0178479 0.0432990 -0.0074337
v -0.0181863 0.0433178 -0.0073961
v -0.0182615 0.0433366 -0.0073209
v -0.0183367 0.0433554 -0.0073209
v -0.0183931 0.0433742 -0.0073397
v -0.0184683 0.0433742 -0.0074525
v -0.0185247 0.0434118 -0.0075841
v -0.0185811 0.0434494 -0.0076969
v -0.0185811 0.0434494 -0.0078097
v -0.0185811 0.0434494 -0.0079225
v -0.0185811 0.0434682 -0.0080353
v -0.0185247 0.0434306 -0.0080541
v -0.0184683 0.0433742 -0.0080541
v -0.0183931 0.0433554 -0.0080729
v -0.0183367 0.0432990 -0.0079413
v -0.0182615 0.0432802 -0.0078285
v -0.0181863 0.0432802 -0.0077533
v -0.0181863 0.0432802 -0.0076969
v -0.0181863 0.0432802 -0.0075841
v -0.0181863 0.0432802 -0.0075653
v -0.0181863 0.0432990 -0.0074337
v -0.0182615 0.0433178 -0.0074337
v -0.0183367 0.0433178 -0.0074525
v -0.0183931 0.0433554 -0.0074525
v -0.0184683 0.0433554 -0.0075841
v -0.0185247 0.0433930 -0.0076969
v -0.0185247 0.0433930 -0.0078097
v -0.0185247 0.0434118 -0.0079413
v -0.0184683 0.0433554 -0.0079413
v -0.0183931 0.0433366 -0.0079413
v -0.0183367 0.0432990 -0.0078285
v -0.0182615 0.0432802 -0.0076969
v -0.0182615 0.0432802 -0.0075653
v -0.0183367 0.0432990 -0.0075653
v -0.0183931 0.0433366 -0.0075653
v -0.0184683 0.0433554 -0.0076969
v -0.0184683 0.0433554 -0.0078097
v -0.0183931 0.0433178 -0.0078285
v -0.0183367 0.0432990 -0.0076969
v -0.0183931 0.0433178 -0.0076969
f 1 2 3
f 3 2 4
f 4 2 5
f 5 2 6
f 6 2 7
f 7 2 8
f 8 2 9
f 9 2 10
f 10 2 11
f 11 2 12
f 12 2 13
f 13 2 14
f 14 2 15
f 15 2 16
f 16 2 17
f 17 2 18
f 18 2 19
f 19 2 20
f 20 2 21
f 21 2 22
f 22 2 23
f 23 2 24
f 24 2 25
f 25 2 26
f 26 2 27
f 27 2 28
f 28 2 29
f 29 2 30
f 30 2 31
f 31 2 32
f 32 2 33
f 33 2 34
f 34 2 35
f 35 2 36
f 36 2 37
f 37 2 38
f 38 2 39
f 39 2 40
f 40 2 41
f 41 2 42
f 42 2 43
f 43 2 44
f 44 2 45
f 45 2 46
f 46 2 47
f 47 2 48
f 48 2 49
f 49 2 50
f 50 2 51
f 51 2 52
f 52 2 53
f 53 2 54
f 54 2 55
f 55 2 56
f 56 2 57
f 57 2 58
f 58 2 59
f 59 2 60
f 60 2 61
f 61 2 62
f 62 2 63
f 63 2 64
f 64 2 65
f 65 2 66
f 66 2 67
f 67 2 68
f 68 2 69
f 69 2 70
f 70 2 71
f 71 2 72
f 72 2 73
f 73 2 74
f 74 2 75
f 2 1 75
f 76 77 78
f 78 77 79
f 79 77 80
f 80 77 81
f 81 77 82
f 82 77 83
f 83 77 84
f 84 77 85
f 85 77 86
f 86 77 87
f 87 77 88
f 88 77 89
f 89 77 90
f 90 77 91
f 91 77 92
f 92 77 93
f 93 77 94
f 94 77 95
f 95 77 96
f 96 77 97
f 97 77 98
f 98 77 99
f 99 77 100
f 100 77 101
f 101 77 102
f 102 77 103
f 103 77 104
f 104 77 105
f 105 77 106
f 106 77 107
f 107 77 108
f 108 77 109
f 109 77 110
f 110 77 111
f 111 77 112
f 112 77 113
f 113 77 114
f 114 77 115
f 115 77 116
f 116 77 117
f 117 77 118
f 118 77 119
f 119 77 120
f 120 77 121
f 121 77 122
f 122 77 123
f 123 77 124
f 124 77 125
f 125 77 126
f 126 77 127
f 127 77 128
f 128 77 129
f 129 77 130
f 130 77 131
f 131 77 132
f 132 77 133
f 133 77 134
f 134 77 135
f 135 77 136
f 136 77 137
f 137 77 138
f 138 77 139
f 139 77 140
f 140 77 141
f 141 77 142
f 142 77 143
f 143 77 144
f 144 77 145
f 145 77 146
f 146 77 147
f 147 77 148
f 148 77 149
f 149 77 150
f 77 76 150
f 151 152 153
f 153 152 154
f 152 155 154
f 154 155 156
f 155 157 156
f 156 157 158
f 157 159 158
f 158 159 160
f 159 161 160
f 160 161 162
f 161 163 162
f 162 163 164
f 163 165 164
f 164 165 166
f 165 167 166
f 166 167 168
f 167 169 168
f 168 169 170
f 169 171 170
f 170 171 172
f 171 173 172
f 172 173 174
f 173 175 174
f 174 175 176
f 175 177 176
f 176 177 178
f 177 179 178
f 178 179 180
f 179 181 180
f 180 181 182
f 181 183 182
f 182 183 184
f 183 185 184
f 184 185 186
f 185 187 186
f 186 187 188
f 187 189 188
f 188 189 190
f 189 191 190
f 190 191 192
f 191 193 192
f 192 193 194
f 193 195 194
f 194 195 196
f 195 197 196
f 196 197 198
f 197 199 198
f 198 199 200
f 199 201 200
f 200 201 202
f 201 203 202
f 202 203 204
f 203 205 204
f 204 205 206
f 205 207 206
f 206 207 208
f 207 209 208
f 208 209 210
f 209 211 210
f 210 211 212
f 211 213 212
f 212 213 214
f 213 215 214
f 214 215 216
f 215 217 216
f 216 217 218
f 217 219 218
f 218 219 220
f 219 221 220
f 220 221 222
f 221 223 222
f 222 223 224
f 223 225 224
f 224 225 226
f 225 227 226
f 226 227 228
f 227 229 228
f 228 229 230
f 229 231 230
f 230 231 232
f 231 233 232
f 232 233 234
f 233 235 234
f 234 235 236
f 235 237 236
f 236 237 238
f 237 239 238
f 238 239 240
f 239 241 240
f 240 241 242
f 241 243 242
f 242 243 244
f 243 245 244
f 244 245 246
f 245 247 246
f 246 247 248
f 247 249 248
f 248 249 250
f 249 251 250
f 250 251 252
f 251 253 252
f 252 253 254
f 253 255 254
f 254 255 256
f 255 257 256
f 256 257 258
f 257 259 258
f 258 259 260
f 259 261 260
f 260 261 262
f 261 263 262
f 262 263 264
f 263 265 264
f 264 265 266
f 265 267 266
f 266 267 268
f 267 269 268
f 268 269 270
f 269 271 270
f 270 271 272
f 271 273 272
f 272 273 274
f 273 275 274
f 274 275 276
f 275 277 276
f 276 277 278
f 277 279 278
f 278 279 280
f 279 281 280
f 280 281 282
f 282 281 283
f 283 281 284
f 284 281 285
f 281 279 285
f 285 279 286
f 279 277 286
f 277 275 286
f 275 287 286
f 286 287 288
f 287 271 288
f 288 271 289
f 271 269 289
f 289 269 290
f 269 267 290
f 267 265 290
f 290 265 291
f 265 263 291
f 263 261 291
f 291 261 292
f 261 259 292
f 292 259 293
f 259 257 293
f 293 257 294
f 257 255 294
f 255 253 294
f 253 251 294
f 294 251 295
f 251 249 295
f 295 249 296
f 249 247 296
f 296 247 297
f 247 245 297
f 245 243 297
f 243 241 297
f 297 241 298
f 241 239 298
f 239 237 298
f 298 237 299
f 237 235 299
f 299 235 300
f 235 233 300
f 233 231 300
f 300 231 301
f 231 229 301
f 229 227 301
f 301 227 302
f 227 225 302
f 302 225 303
f 225 223 303
f 303 223 304
f 223 221 304
f 221 219 304
f 219 217 304
f 304 217 305
f 217 215 305
f 305 215 306
f 215 213 306
f 213 211 306
f 306 211 307
f 211 209 307
f 209 207 307
f 307 207 308
f 207 205 308
f 205 203 308
f 308 203 309
f 203 201 309
f 309 201 310
f 201 199 310
f 310 199 311
f 199 197 311
f 197 195 311
f 195 193 311
f 311 193 312
f 193 191 312
f 312 191 313
f 191 189 313
f 313 189 314
f 189 187 314
f 187 185 314
f 185 183 314
f 314 183 315
f 183 181 315
f 315 181 316
f 181 179 316
f 179 177 316
f 316 177 317
f 177 175 317
f 175 173 317
f 317 173 318
f 173 171 318
f 171 169 318
f 318 169 319
f 169 167 319
f 319 167 320
f 167 165 320
f 320 165 321
f 165 163 321
f 163 161 321
f 161 159 321
f 321 159 322
f 159 157 322
f 322 157 323
f 157 155 323
f 323 155 324
f 155 152 324
f 152 151 324
f 151 325 324
f 324 325 326
f 325 327 326
f 326 327 328
f 327 329 328
f 328 329 330
f 330 329 331
f 331 329 332
f 332 329 333
f 329 327 333
f 333 327 334
f 327 335 334
f 334 335 336
f 335 151 336
f 151 153 336
f 337 336 338
f 338 336 339
f 336 153 339
f 339 153 340
f 153 154 340
f 154 156 340
f 340 156 341
f 156 158 341
f 158 160 341
f 341 160 342
f 160 162 342
f 342 162 343
f 162 164 343
f 164 166 343
f 343 166 344
f 166 168 344
f 168 170 344
f 344 170 345
f 170 172 345
f 345 172 346
f 172 174 346
f 346 174 347
f 174 176 347
f 176 178 347
f 178 180 347
f 347 180 348
f 180 182 348
f 182 184 348
f 348 184 349
f 184 186 349
f 349 186 350
f 186 188 350
f 188 190 350
f 350 190 351
f 190 192 351
f 192 194 351
f 351 194 352
f 194 196 352
f 352 196 353
f 196 198 353
f 353 198 354
f 198 200 354
f 200 202 354
f 202 204 354
f 354 204 355
f 204 206 355
f 355 206 356
f 206 208 356
f 208 210 356
f 356 210 357
f 210 212 357
f 212 214 357
f 357 214 358
f 214 216 358
f 216 218 358
f 358 218 359
f 218 220 359
f 359 220 360
f 220 222 360
f 222 224 360
f 360 224 361
f 224 226 361
f 226 228 361
f 361 228 362
f 228 230 362
f 362 230 363
f 230 232 363
f 363 232 364
f 232 234 364
f 234 236 364
f 236 238 364
f 364 238 365
f 238 240 365
f 365 240 366
f 240 242 366
f 242 244 366
f 366 244 367
f 244 246 367
f 246 248 367
f 367 248 368
f 248 250 368
f 250 252 368
f 368 252 369
f 252 254 369
f 369 254 370
f 254 256 370
f 256 258 370
f 370 258 371
f 258 260 371
f 260 262 371
f 371 262 372
f 262 264 372
f 372 264 373
f 264 266 373
f 373 266 374
f 266 268 374
f 268 270 374
f 270 375 374
f 374 375 376
f 375 274 376
f 376 274 377
f 274 276 377
f 377 276 378
f 276 278 378
f 278 280 378
f 378 280 379
f 280 282 379
f 379 282 380
f 282 283 380
f 380 283 381
f 382 381 383
f 381 283 383
f 283 284 383
f 384 383 385
f 383 284 385
f 385 284 386
f 284 285 386
f 386 285 387
f 285 286 387
f 387 286 388
f 286 288 388
f 388 288 389
f 288 289 389
f 389 289 390
f 289 290 390
f 390 290 391
f 290 291 391
f 391 291 392
f 291 292 392
f 392 292 393
f 292 293 393
f 393 293 394
f 293 294 394
f 394 294 395
f 294 295 395
f 395 295 396
f 295 296 396
f 396 296 397
f 296 297 397
f 397 297 398
f 297 298 398
f 398 298 399
f 298 299 399
f 399 299 400
f 299 300 400
f 400 300 401
f 300 301 401
f 401 301 402
f 301 302 402
f 402 302 403
f 302 303 403
f 403 303 404
f 303 304 404
f 404 304 405
f 304 305 405
f 405 305 406
f 305 306 406
f 406 306 407
f 306 307 407
f 407 307 408
f 307 308 408
f 408 308 409
f 308 309 409
f 409 309 410
f 309 310 410
f 410 310 411
f 310 311 411
f 411 311 412
f 311 312 412
f 412 312 413
f 312 313 413
f 413 313 414
f 313 314 414
f 414 314 415
f 314 315 415
f 415 315 416
f 315 316 416
f 416 316 417
f 316 317 417
f 417 317 418
f 317 318 418
f 418 318 419
f 318 319 419
f 419 319 420
f 319 320 420
f 420 320 421
f 320 321 421
f 421 321 422
f 321 322 422
f 422 322 423
f 322 323 423
f 423 323 424
f 323 324 424
f 424 324 425
f 324 326 425
f 425 326 426
f 326 328 426
f 426 328 427
f 328 330 427
f 427 330 428
f 429 428 430
f 428 330 430
f 430 330 431
f 330 331 431
f 431 331 432
f 331 332 432
f 432 332 433
f 332 333 433
f 333 337 433
f 337 338 433
f 433 338 434
f 434 338 435
f 338 339 435
f 435 339 436
f 339 340 436
f 436 340 437
f 340 341 437
f 437 341 438
f 341 342 438
f 438 342 439
f 342 343 439
f 439 343 440
f 343 344 440
f 440 344 441
f 344 345 441
f 441 345 442
f 345 346 442
f 442 346 443
f 346 347 443
f 443 347 444
f 347 348 444
f 444 348 445
f 348 349 445
f 445 349 446
f 349 350 446
f 446 350 447
f 350 351 447
f 447 351 448
f 351 352 448
f 448 352 449
f 352 353 449
f 449 353 450
f 353 354 450
f 450 354 451
f 354 355 451
f 451 355 452
f 355 356 452
f 452 356 453
f 356 357 453
f 453 357 454
f 357 358 454
f 454 358 455
f 358 359 455
f 455 359 456
f 359 360 456
f 456 360 457
f 360 361 457
f 457 361 458
f 361 362 458
f 458 362 459
f 362 363 459
f 459 363 460
f 363 364 460
f 460 364 461
f 364 365 461
f 461 365 462
f 365 366 462
f 462 366 463
f 366 367 463
f 463 367 464
f 367 368 464
f 464 368 465
f 368 369 465
f 465 369 466
f 369 370 466
f 466 370 467
f 370 371 467
f 467 371 468
f 371 372 468
f 468 372 469
f 372 373 469
f 469 373 470
f 373 374 470
f 470 374 471
f 374 376 471
f 471 376 472
f 376 377 472
f 472 377 473
f 377 378 473
f 473 378 474
f 378 379 474
f 474 379 475
f 475 379 476
f 379 380 476
f 476 380 477
f 380 381 477
f 381 382 477
f 477 382 478
f 478 382 479
f 382 383 479
f 480 479 481
f 479 383 481
f 383 384 481
f 481 384 482
f 483 482 484
f 482 384 484
f 484 384 485
f 384 385 485
f 485 385 486
f 385 386 486
f 486 386 487
f 386 387 487
f 487 387 488
f 387 388 488
f 488 388 489
f 388 389 489
f 489 389 490
f 389 390 490
f 490 390 491
f 390 391 491
f 491 391 492
f 391 392 492
f 492 392 493
f 392 393 493
f 493 393 494
f 393 394 494
f 494 394 495
f 394 395 495
f 495 395 496
f 395 396 496
f 496 396 497
f 396 397 497
f 497 397 498
f 397 398 498
f 498 398 499
f 398 399 499
f 499 399 500
f 399 400 500
f 500 400 501
f 400 401 501
f 501 401 502
f 401 402 502
f 502 402 503
f 402 403 503
f 503 403 504
f 403 404 504
f 504 404 505
f 404 405 505
f 505 405 506
f 405 406 506
f 506 406 507
f 406 407 507
f 507 407 508
f 407 408 508
f 508 408 509
f 408 409 509
f 509 409 510
f 409 410 510
f 510 410 511
f 410 411 511
f 511 411 512
f 411 412 512
f 512 412 513
f 412 413 513
f 513 413 514
f 413 414 514
f 514 414 515
f 414 415 515
f 515 415 516
f 415 416 516
f 516 416 517
f 416 417 517
f 517 417 518
f 417 418 518
f 518 418 519
f 418 419 519
f 519 419 520
f 419 420 520
f 520 420 521
f 420 421 521
f 521 421 522
f 421 422 522
f 522 422 523
f 422 423 523
f 523 423 524
f 423 424 524
f 524 424 525
f 424 425 525
f 525 425 526
f 425 426 526
f 526 426 527
f 426 427 527
f 527 427 528
f 427 428 528
f 528 428 529
f 428 429 529
f 529 429 530
f 531 530 532
f 530 429 532
f 532 429 533
f 429 430 533
f 533 430 534
f 534 430 535
f 430 431 535
f 535 431 536
f 431 432 536
f 536 432 537
f 432 433 537
f 537 433 538
f 433 434 538
f 538 434 539
f 539 434 540
f 434 435 540
f 540 435 541
f 435 436 541
f 541 436 542
f 436 437 542
f 542 437 543
f 437 438 543
f 543 438 544
f 438 439 544
f 544 439 545
f 439 440 545
f 545 440 546
f 440 441 546
f 546 441 547
f 441 442 547
f 547 442 548
f 442 443 548
f 548 443 549
f 443 444 549
f 549 444 550
f 444 445 550
f 550 445 551
f 445 446 551
f 551 446 552
f 446 447 552
f 552 447 553
f 447 448 553
f 553 448 554
f 448 449 554
f 554 449 555
f 449 450 555
f 555 450 556
f 450 451 556
f 556 451 557
f 451 452 557
f 557 452 558
f 452 453 558
f 558 453 559
f 453 454 559
f 559 454 560
f 454 455 560
f 560 455 561
f 455 456 561
f 561 456 562
f 456 457 562
f 562 457 563
f 457 458 563
f 563 458 564
f 458 459 564
f 564 459 565
f 459 460 565
f 565 460 566
f 460 461 566
f 566 461 567
f 461 462 567
f 567 462 568
f 462 463 568
f 568 463 569
f 463 464 569
f 569 464 570
f 464 465 570
f 570 465 571
f 465 466 571
f 571 466 572
f 466 467 572
f 572 467 573
f 467 468 573
f 573 468 574
f 468 469 574
f 574 469 575
f 469 470 575
f 575 470 576
f 470 471 576
f 576 471 577
f 471 472 577
f 577 472 578
f 472 473 578
f 578 473 579
f 473 474 579
f 579 474 580
f 474 475 580
f 580 475 581
f 581 475 582
f 475 476 582
f 582 476 583
f 476 477 583
f 477 478 583
f 583 478 584
f 478 479 584
f 479 480 584
f 584 480 585
f 585 480 586
f 586 480 587
f 480 481 587
f 481 482 587
f 587 482 588
f 482 483 588
f 588 483 589
f 590 589 591
f 589 483 591
f 591 483 592
f 483 484 592
f 592 484 593
f 484 485 593
f 593 485 594
f 485 486 594
f 594 486 595
f 486 487 595
f 595 487 596
f 487 488 596
f 596 488 597
f 488 489 597
f 597 489 598
f 489 490 598
f 598 490 599
f 490 491 599
f 599 491 600
f 491 492 600
f 600 492 601
f 492 493 601
f 601 493 602
f 493 494 602
f 602 494 603
f 494 495 603
f 603 495 604
f 495 496 604
f 604 496 605
f 496 497 605
f 605 497 606
f 497 498 606
f 606 498 607
f 498 499 607
f 607 499 608
f 499 500 608
f 608 500 609
f 500 501 609
f 609 501 610
f 501 502 610
f 610 502 611
f 502 503 611
f 611 503 612
f 503 504 612
f 612 504 613
f 504 505 613
f 613 505 614
f 505 506 614
f 614 506 615
f 506 507 615
f 615 507 616
f 507 508 616
f 616 508 617
f 508 509 617
f 617 509 618
f 509 510 618
f 618 510 619
f 510 511 619
f 619 511 620
f 511 512 620
f 620 512 621
f 512 513 621
f 621 513 622
f 513 514 622
f 622 514 623
f 514 515 623
f 623 515 624
f 515 516 624
f 624 516 625
f 516 517 625
f 625 517 626
f 517 518 626
f 626 518 627
f 518 519 627
f 627 519 628
f 519 520 628
f 628 520 629
f 520 521 629
f 629 521 630
f 521 522 630
f 630 522 631
f 522 523 631
f 631 523 632
f 523 524 632
f 632 524 633
f 524 525 633
f 633 525 634
f 525 526 634
f 634 526 635
f 526 527 635
f 635 527 636
f 527 528 636
f 636 528 637
f 528 529 637
f 637 529 638
f 529 530 638
f 638 530 639
f 530 531 639
f 639 531 640
f 641 640 642
f 640 531 642
f 642 531 643
f 531 532 643
f 643 532 644
f 532 533 644
f 645 644 646
f 644 533 646
f 533 534 646
f 646 534 647
f 647 534 648
f 534 535 648
f 535 536 648
f 648 536 649
f 536 537 649
f 649 537 650
f 537 538 650
f 650 538 651
f 538 539 651
f 652 651 653
f 651 539 653
f 653 539 654
f 539 540 654
f 654 540 655
f 540 541 655
f 655 541 656
f 541 542 656
f 656 542 657
f 542 543 657
f 657 543 658
f 543 544 658
f 658 544 659
f 544 545 659
f 659 545 660
f 545 546 660
f 660 546 661
f 546 547 661
f 661 547 662
f 547 548 662
f 662 548 663
f 548 549 663
f 663 549 664
f 549 550 664
f 664 550 665
f 550 551 665
f 665 551 666
f 551 552 666
f 666 552 667
f 552 553 667
f 667 553 668
f 553 554 668
f 668 554 669
f 554 555 669
f 669 555 670
f 555 556 670
f 670 556 671
f 556 557 671
f 671 557 672
f 557 558 672
f 672 558 673
f 558 559 673
f 673 559 674
f 559 560 674
f 674 560 675
f 560 561 675
f 675 561 676
f 561 562 676
f 676 562 677
f 562 563 677
f 677 563 678
f 563 564 678
f 678 564 679
f 564 565 679
f 679 565 680
f 565 566 680
f 680 566 681
f 566 567 681
f 681 567 682
f 567 568 682
f 682 568 683
f 568 569 683
f 683 569 684
f 569 570 684
f 684 570 685
f 570 571 685
f 685 571 686
f 571 572 686
f 686 572 687
f 572 573 687
f 687 573 688
f 573 574 688
f 688 574 689
f 574 575 689
f 689 575 690
f 575 576 690
f 690 576 691
f 576 577 691
f 691 577 692
f 577 578 692
f 692 578 693
f 578 579 693
f 693 579 694
f 579 580 694
f 694 580 695
f 580 581 695
f 695 581 696
f 697 696 698
f 696 581 698
f 581 582 698
f 698 582 699
f 582 583 699
f 699 583 700
f 583 584 700
f 584 585 700
f 700 585 701
f 585 586 701
f 701 586 702
f 702 586 703
f 586 587 703
f 587 588 703
f 703 588 704
f 588 589 704
f 704 589 705
f 589 590 705
f 705 590 706
f 707 706 708
f 706 590 708
f 708 590 709
f 590 591 709
f 709 591 710
f 591 592 710
f 710 592 711
f 592 593 711
f 711 593 712
f 593 594 712
f 712 594 713
f 594 595 713
f 713 595 714
f 595 596 714
f 714 596 715
f 596 597 715
f 715 597 716
f 597 598 716
f 716 598 717
f 598 599 717
f 717 599 718
f 599 600 718
f 718 600 719
f 600 601 719
f 719 601 720
f 601 602 720
f 720 602 721
f 602 603 721
f 721 603 722
f 603 604 722
f 722 604 723
f 604 605 723
f 723 605 724
f 605 606 724
f 724 606 725
f 606 607 725
f 725 607 726
f 607 608 726
f 726 608 727
f 608 609 727
f 727 609 728
f 609 610 728
f 728 610 729
f 610 611 729
f 729 611 730
f 611 612 730
f 730 612 731
f 612 613 731
f 731 613 732
f 613 614 732
f 732 614 733
f 614 615 733
f 733 615 734
f 615 616 734
f 734 616 735
f 616 617 735
f 735 617 736
f 617 618 736
f 736 618 737
f 618 619 737
f 737 619 738
f 619 620 738
f 738 620 739
f 620 621 739
f 739 621 740
f 621 622 740
f 740 622 741
f 622 623 741
f 741 623 742
f 623 624 742
f 742 624 743
f 624 625 743
f 743 625 744
f 625 626 744
f 744 626 745
f 626 627 745
f 745 627 746
f 627 628 746
f 746 628 747
f 628 629 747
f 747 629 748
f 629 630 748
f 748 630 749
f 630 631 749
f 749 631 750
f 631 632 750
f 750 632 751
f 632 633 751
f 751 633 752
f 633 634 752
f 752 634 753
f 634 635 753
f 753 635 754
f 635 636 754
f 754 636 755
f 636 637 755
f 755 637 756
f 637 638 756
f 756 638 757
f 638 639 757
f 757 639 758
f 639 640 758
f 758 640 759
f 640 641 759
f 759 641 760
f 761 760 762
f 760 641 762
f 762 641 763
f 641 642 763
f 763 642 764
f 642 643 764
f 764 643 765
f 643 644 765
f 644 645 765
f 765 645 766
f 766 645 767
f 767 645 768
f 645 646 768
f 646 647 768
f 768 647 769
f 647 648 769
f 648 649 769
f 769 649 770
f 649 650 770
f 770 650 771
f 650 651 771
f 651 652 771
f 771 652 772
f 773 772 774
f 772 652 774
f 774 652 775
f 652 653 775
f 775 653 776
f 653 654 776
f 776 654 777
f 654 655 777
f 777 655 778
f 655 656 778
f 778 656 779
f 656 657 779
f 779 657 780
f 657 658 780
f 780 658 781
f 658 659 781
f 781 659 782
f 659 660 782
f 782 660 783
f 660 661 783
f 783 661 784
f 661 662 784
f 784 662 785
f 662 663 785
f 785 663 786
f 663 664 786
f 786 664 787
f 664 665 787
f 787 665 788
f 665 666 788
f 788 666 789
f 666 667 789
f 789 667 790
f 667 668 790
f 790 668 791
f 668 669 791
f 791 669 792
f 669 670 792
f 792 670 793
f 670 671 793
f 793 671 794
f 671 672 794
f 794 672 795
f 672 673 795
f 795 673 796
f 673 674 796
f 796 674 797
f 674 675 797
f 797 675 798
f 675 676 798
f 798 676 799
f 676 677 799
f 799 677 800
f 677 678 800
f 800 678 801
f 678 679 801
f 801 679 802
f 679 680 802
f 802 680 803
f 680 681 803
f 803 681 804
f 681 682 804
f 804 682 805
f 682 683 805
f 805 683 806
f 683 684 806
f 806 684 807
f 684 685 807
f 807 685 808
f 685 686 808
f 808 686 809
f 686 687 809
f 809 687 810
f 687 688 810
f 810 688 811
f 688 689 811
f 811 689 812
f 689 690 812
f 812 690 813
f 690 691 813
f 813 691 814
f 691 692 814
f 814 692 815
f 692 693 815
f 815 693 816
f 693 694 816
f 816 694 817
f 694 695 817
f 817 695 818
f 695 696 818
f 818 696 819
f 696 697 819
f 819 697 820
f 821 820 822
f 820 697 822
f 822 697 823
f 697 698 823
f 698 699 823
f 823 699 824
f 699 700 824
f 824 700 825
f 700 701 825
f 825 701 826
f 701 702 826
f 826 702 827
f 702 703 827
f 828 829 830
f 829 827 830
f 827 703 830
f 703 704 830
f 830 704 831
f 704 705 831
f 831 705 832
f 705 706 832
f 832 706 833
f 706 707 833
f 833 707 834
f 835 834 836
f 834 707 836
f 836 707 837
f 707 708 837
f 837 708 838
f 708 709 838
f 838 709 839
f 709 710 839
f 839 710 840
f 710 711 840
f 840 711 841
f 711 712 841
f 841 712 842
f 712 713 842
f 842 713 843
f 713 714 843
f 843 714 844
f 714 715 844
f 844 715 845
f 715 716 845
f 845 716 846
f 716 717 846
f 846 717 847
f 717 718 847
f 847 718 848
f 718 719 848
f 848 719 849
f 719 720 849
f 849 720 850
f 720 721 850
f 850 721 851
f 721 722 851
f 851 722 852
f 722 723 852
f 852 723 853
f 723 724 853
f 853 724 854
f 724 725 854
f 854 725 855
f 725 726 855
f 855 726 856
f 726 727 856
f 856 727 857
f 727 728 857
f 857 728 858
f 728 729 858
f 858 729 859
f 729 730 859
f 859 730 860
f 730 731 860
f 860 731 861
f 731 732 861
f 861 732 862
f 732 733 862
f 862 733 863
f 733 734 863
f 863 734 864
f 734 735 864
f 864 735 865
f 735 736 865
f 865 736 866
f 736 737 866
f 866 737 867
f 737 738 867
f 867 738 868
f 738 739 868
f 868 739 869
f 739 740 869
f 869 740 870
f 740 741 870
f 870 741 871
f 741 742 871
f 871 742 872
f 742 743 872
f 872 743 873
f 743 744 873
f 873 744 874
f 744 745 874
f 874 745 875
f 745 746 875
f 875 746 876
f 746 747 876
f 876 747 877
f 747 748 877
f 877 748 878
f 748 749 878
f 878 749 879
f 749 750 879
f 879 750 880
f 750 751 880
f 880 751 881
f 751 752 881
f 881 752 882
f 752 753 882
f 882 753 883
f 753 754 883
f 883 754 884
f 754 755 884
f 884 755 885
f 755 756 885
f 885 756 886
f 756 757 886
f 886 757 887
f 757 758 887
f 887 758 888
f 758 759 888
f 888 759 889
f 759 760 889
f 889 760 890
f 760 761 890
f 890 761 891
f 892 891 893
f 891 761 893
f 893 761 894
f 761 762 894
f 894 762 895
f 762 763 895
f 895 763 896
f 763 764 896
f 896 764 897
f 764 765 897
f 897 765 898
f 898 765 899
f 765 766 899
f 899 766 900
f 766 767 900
f 900 767 901
f 767 768 901
f 768 769 901
f 901 769 902
f 769 770 902
f 902 770 903
f 770 771 903
f 771 772 903
f 903 772 904
f 772 773 904
f 904 773 905
f 906 905 907
f 905 773 907
f 907 773 908
f 773 774 908
f 908 774 909
f 774 775 909
f 909 775 910
f 775 776 910
f 910 776 911
f 776 777 911
f 911 777 912
f 777 778 912
f 912 778 913
f 778 779 913
f 913 779 914
f 779 780 914
f 914 780 915
f 780 781 915
f 915 781 916
f 781 782 916
f 916 782 917
f 782 783 917
f 917 783 918
f 783 784 918
f 918 784 919
f 784 785 919
f 919 785 920
f 785 786 920
f 920 786 921
f 786 787 921
f 921 787 922
f 787 788 922
f 922 788 923
f 788 789 923
f 923 789 924
f 789 790 924
f 924 790 925
f 790 791 925
f 925 791 926
f 791 792 926
f 926 792 927
f 792 793 927
f 927 793 928
f 793 794 928
f 928 794 929
f 794 795 929
f 929 795 930
f 795 796 930
f 930 796 931
f 796 797 931
f 931 797 932
f 797 798 932
f 932 798 933
f 798 799 933
f 933 799 934
f 799 800 934
f 934 800 935
f 800 801 935
f 935 801 936
f 801 802 936
f 936 802 937
f 802 803 937
f 937 803 938
f 803 804 938
f 938 804 939
f 804 805 939
f 939 805 940
f 805 806 940
f 940 806 941
f 806 807 941
f 941 807 942
f 807 808 942
f 942 808 943
f 808 809 943
f 943 809 944
f 809 810 944
f 944 810 945
f 810 811 945
f 945 811 946
f 811 812 946
f 946 812 947
f 812 813 947
f 947 813 948
f 813 814 948
f 948 814 949
f 814 815 949
f 949 815 950
f 815 816 950
f 950 816 951
f 816 817 951
f 951 817 952
f 817 818 952
f 952 818 953
f 818 819 953
f 953 819 954
f 819 820 954
f 954 820 955
f 820 821 955
f 955 821 956
f 957 956 958
f 956 821 958
f 958 821 959
f 821 822 959
f 959 822 960
f 822 823 960
f 823 824 960
f 960 824 961
f 824 825 961
f 961 825 962
f 825 826 962
f 962 826 963
f 826 827 963
f 827 829 963
f 963 829 964
f 829 828 964
f 964 828 965
f 965 828 966
f 967 966 968
f 966 828 968
f 828 830 968
f 830 831 968
f 968 831 969
f 831 832 969
f 969 832 970
f 832 833 970
f 970 833 971
f 833 834 971
f 971 834 972
f 834 835 972
f 972 835 973
f 974 975 976
f 975 973 976
f 976 973 977
f 973 835 977
f 977 835 978
f 835 836 978
f 978 836 979
f 836 837 979
f 979 837 980
f 837 838 980
f 980 838 981
f 838 839 981
f 981 839 982
f 839 840 982
f 982 840 983
f 840 841 983
f 983 841 984
f 841 842 984
f 984 842 985
f 842 843 985
f 985 843 986
f 843 844 986
f 986 844 987
f 844 845 987
f 987 845 988
f 845 846 988
f 988 846 989
f 846 847 989
f 989 847 990
f 847 848 990
f 990 848 991
f 848 849 991
f 991 849 992
f 849 850 992
f 992 850 993
f 850 851 993
f 993 851 994
f 851 852 994
f 994 852 995
f 852 853 995
f 995 853 996
f 853 854 996
f 996 854 997
f 854 855 997
f 997 855 998
f 855 856 998
f 998 856 999
f 856 857 999
f 999 857 1000
f 857 858 1000
f 1000 858 1001
f 858 859 1001
f 1001 859 1002
f 859 860 1002
f 1002 860 1003
f 860 861 1003
f 1003 861 1004
f 861 862 1004
f 1004 862 1005
f 862 863 1005
f 1005 863 1006
f 863 864 1006
f 1006 864 1007
f 864 865 1007
f 1007 865 1008
f 865 866 1008
f 1008 866 1009
f 866 867 1009
f 1009 867 1010
f 867 868 1010
f 1010 868 1011
f 868 869 1011
f 1011 869 1012
f 869 870 1012
f 1012 870 1013
f 870 871 1013
f 1013 871 1014
f 871 872 1014
f 1014 872 1015
f 872 873 1015
f 1015 873 1016
f 873 874 1016
f 1016 874 1017
f 874 875 1017
f 1017 875 1018
f 875 876 1018
f 1018 876 1019
f 876 877 1019
f 1019 877 1020
f 877 878 1020
f 1020 878 1021
f 878 879 1021
f 1021 879 1022
f 879 880 1022
f 1022 880 1023
f 880 881 1023
f 1023 881 1024
f 881 882 1024
f 1024 882 1025
f 882 883 1025
f 1025 883 1026
f 883 884 1026
f 1026 884 1027
f 884 885 1027
f 1027 885 1028
f 885 886 1028
f 1028 886 1029
f 886 887 1029
f 1029 887 1030
f 887 888 1030
f 1030 888 1031
f 888 889 1031
f 1031 889 1032
f 889 890 1032
f 1032 890 1033
f 890 891 1033
f 1033 891 1034
f 891 892 1034
f 1034 892 1035
f 1036 1035 1037
f 1035 892 1037
f 1037 892 1038
f 892 893 1038
f 1038 893 1039
f 893 894 1039
f 1039 894 1040
f 894 895 1040
f 1040 895 1041
f 895 896 1041
f 1041 896 1042
f 896 897 1042
f 1043 1042 1044
f 1042 897 1044
f 897 898 1044
f 1044 898 1045
f 1045 898 1046
f 898 899 1046
f 899 900 1046
f 1046 900 1047
f 900 901 1047
f 1047 901 1048
f 901 902 1048
f 1048 902 1049
f 902 903 1049
f 903 904 1049
f 1049 904 1050
f 904 905 1050
f 1050 905 1051
f 905 906 1051
f 1051 906 1052
f 1053 1052 1054
f 1052 906 1054
f 1054 906 1055
f 906 907 1055
f 1055 907 1056
f 907 908 1056
f 1056 908 1057
f 908 909 1057
f 1057 909 1058
f 909 910 1058
f 1058 910 1059
f 910 911 1059
f 1059 911 1060
f 911 912 1060
f 1060 912 1061
f 912 913 1061
f 1061 913 1062
f 913 914 1062
f 1062 914 1063
f 914 915 1063
f 1063 915 1064
f 915 916 1064
f 1064 916 1065
f 916 917 1065
f 1065 917 1066
f 917 918 1066
f 1066 918 1067
f 918 919 1067
f 1067 919 1068
f 919 920 1068
f 1068 920 1069
f 920 921 1069
f 1069 921 1070
f 921 922 1070
f 1070 922 1071
f 922 923 1071
f 1071 923 1072
f 923 924 1072
f 1072 924 1073
f 924 925 1073
f 1073 925 1074
f 925 926 1074
f 1074 926 1075
f 926 927 1075
f 1075 927 1076
f 927 928 1076
f 1076 928 1077
f 928 929 1077
f 1077 929 1078
f 929 930 1078
f 1078 930 1079
f 930 931 1079
f 1079 931 1080
f 931 932 1080
f 1080 932 1081
f 932 933 1081
f 1081 933 1082
f 933 934 1082
f 1082 934 1083
f 934 935 1083
f 1083 935 1084
f 935 936 1084
f 1084 936 1085
f 936 937 1085
f 1085 937 1086
f 937 938 1086
f 1086 938 1087
f 938 939 1087
f 1087 939 1088
f 939 940 1088
f 1088 940 1089
f 940 941 1089
f 1089 941 1090
f 941 942 1090
f 1090 942 1091
f 942 943 1091
f 1091 943 1092
f 943 944 1092
f 1092 944 1093
f 944 945 1093
f 1093 945 1094
f 945 946 1094
f 1094 946 1095
f 946 947 1095
f 1095 947 1096
f 947 948 1096
f 1096 948 1097
f 948 949 1097
f 1097 949 1098
f 949 950 1098
f 1098 950 1099
f 950 951 1099
f 1099 951 1100
f 951 952 1100
f 1100 952 1101
f 952 953 1101
f 1101 953 1102
f 953 954 1102
f 1102 954 1103
f 954 955 1103
f 1103 955 1104
f 955 956 1104
f 1104 956 1105
f 956 957 1105
f 1105 957 1106
f 1107 1106 1108
f 1106 957 1108
f 1108 957 1109
f 957 958 1109
f 1109 958 1110
f 958 959 1110
f 1110 959 1111
f 959 960 1111
f 960 961 1111
f 1111 961 1112
f 961 962 1112
f 1112 962 1113
f 962 963 1113
f 963 964 1113
f 964 965 1113
f 1113 965 1114
f 965 966 1114
f 966 967 1114
f 1114 967 1115
f 1115 967 1116
f 1116 967 1117
f 967 968 1117
f 968 969 1117
f 1117 969 1118
f 969 970 1118
f 1118 970 1119
f 970 971 1119
f 1119 971 1120
f 971 972 1120
f 1120 972 1121
f 972 973 1121
f 973 975 1121
f 1121 975 1122
f 1122 975 1123
f 975 974 1123
f 1123 974 1124
f 1125 1124 1126
f 1124 974 1126
f 1126 974 1127
f 974 976 1127
f 1127 976 1128
f 976 977 1128
f 1128 977 1129
f 977 978 1129
f 1129 978 1130
f 978 979 1130
f 1130 979 1131
f 979 980 1131
f 1131 980 1132
f 980 981 1132
f 1132 981 1133
f 981 982 1133
f 1133 982 1134
f 982 983 1134
f 1134 983 1135
f 983 984 1135
f 1135 984 1136
f 984 985 1136
f 1136 985 1137
f 985 986 1137
f 1137 986 1138
f 986 987 1138
f 1138 987 1139
f 987 988 1139
f 1139 988 1140
f 988 989 1140
f 1140 989 1141
f 989 990 1141
f 1141 990 1142
f 990 991 1142
f 1142 991 1143
f 991 992 1143
f 1143 992 1144
f 992 993 1144
f 1144 993 1145
f 993 994 1145
f 1145 994 1146
f 994 995 1146
f 1146 995 1147
f 995 996 1147
f 1147 996 1148
f 996 997 1148
f 1148 997 1149
f 997 998 1149
f 1149 998 1150
f 998 999 1150
f 1150 999 1151
f 999 1000 1151
f 1151 1000 1152
f 1000 1001 1152
f 1152 1001 1153
f 1001 1002 1153
f 1153 1002 1154
f 1002 1003 1154
f 1154 1003 1155
f 1003 1004 1155
f 1155 1004 1156
f 1004 1005 1156
f 1156 1005 1157
f 1005 1006 1157
f 1157 1006 1158
f 1006 1007 1158
f 1158 1007 1159
f 1007 1008 1159
f 1159 1008 1160
f 1008 1009 1160
f 1160 1009 1161
f 1009 1010 1161
f 1161 1010 1162
f 1010 1011 1162
f 1162 1011 1163
f 1011 1012 1163
f 1163 1012 1164
f 1012 1013 1164
f 1164 1013 1165
f 1013 1014 1165
f 1165 1014 1166
f 1014 1015 1166
f 1166 1015 1167
f 1015 1016 1167
f 1167 1016 1168
f 1016 1017 1168
f 1168 1017 1169
f 1017 1018 1169
f 1169 1018 1170
f 1018 1019 1170
f 1170 1019 1171
f 1019 1020 1171
f 1171 1020 1172
f 1020 1021 1172
f 1172 1021 1173
f 1021 1022 1173
f 1173 1022 1174
f 1022 1023 1174
f 1174 1023 1175
f 1023 1024 1175
f 1175 1024 1176
f 1024 1025 1176
f 1176 1025 1177
f 1025 1026 1177
f 1177 1026 1178
f 1026 1027 1178
f 1178 1027 1179
f 1027 1028 1179
f 1179 1028 1180
f 1028 1029 1180
f 1180 1029 1181
f 1029 1030 1181
f 1181 1030 1182
f 1030 1031 1182
f 1182 1031 1183
f 1031 1032 1183
f 1183 1032 1184
f 1032 1033 1184
f 1184 1033 1185
f 1033 1034 1185
f 1185 1034 1186
f 1034 1035 1186
f 1186 1035 1187
f 1035 1036 1187
f 1187 1036 1188
f 1189 1188 1190
f 1188 1036 1190
f 1190 1036 1191
f 1036 1037 1191
f 1191 1037 1192
f 1037 1038 1192
f 1192 1038 1193
f 1038 1039 1193
f 1193 1039 1194
f 1039 1040 1194
f 1194 1040 1195
f 1040 1041 1195
f 1195 1041 1196
f 1041 1042 1196
f 1042 1043 1196
f 1197 1196 1198
f 1196 1043 1198
f 1198 1043 1199
f 1199 1043 1200
f 1043 1044 1200
f 1044 1045 1200
f 1200 1045 1201
f 1045 1046 1201
f 1046 1047 1201
f 1201 1047 1202
f 1047 1048 1202
f 1202 1048 1203
f 1048 1049 1203
f 1049 1050 1203
f 1203 1050 1204
f 1050 1051 1204
f 1204 1051 1205
f 1051 1052 1205
f 1205 1052 1206
f 1052 1053 1206
f 1206 1053 1207
f 1208 1207 1209
f 1207 1053 1209
f 1209 1053 1210
f 1053 1054 1210
f 1210 1054 1211
f 1054 1055 1211
f 1211 1055 1212
f 1055 1056 1212
f 1212 1056 1213
f 1056 1057 1213
f 1213 1057 1214
f 1057 1058 1214
f 1214 1058 1215
f 1058 1059 1215
f 1215 1059 1216
f 1059 1060 1216
f 1216 1060 1217
f 1060 1061 1217
f 1217 1061 1218
f 1061 1062 1218
f 1218 1062 1219
f 1062 1063 1219
f 1219 1063 1220
f 1063 1064 1220
f 1220 1064 1221
f 1064 1065 1221
f 1221 1065 1222
f 1065 1066 1222
f 1222 1066 1223
f 1066 1067 1223
f 1223 1067 1224
f 1067 1068 1224
f 1224 1068 1225
f 1068 1069 1225
f 1225 1069 1226
f 1069 1070 1226
f 1226 1070 1227
f 1070 1071 1227
f 1227 1071 1228
f 1071 1072 1228
f 1228 1072 1229
f 1072 1073 1229
f 1229 1073 1230
f 1073 1074 1230
f 1230 1074 1231
f 1074 1075 1231
f 1231 1075 1232
f 1075 1076 1232
f 1232 1076 1233
f 1076 1077 1233
f 1233 1077 1234
f 1077 1078 1234
f 1234 1078 1235
f 1078 1079 1235
f 1235 1079 1236
f 1079 1080 1236
f 1236 1080 1237
f 1080 1081 1237
f 1237 1081 1238
f 1081 1082 1238
f 1238 1082 1239
f 1082 1083 1239
f 1239 1083 1240
f 1083 1084 1240
f 1240 1084 1241
f 1084 1085 1241
f 1241 1085 1242
f 1085 1086 1242
f 1242 1086 1243
f 1086 1087 1243
f 1243 1087 1244
f 1087 1088 1244
f 1244 1088 1245
f 1088 1089 1245
f 1245 1089 1246
f 1089 1090 1246
f 1246 1090 1247
f 1090 1091 1247
f 1247 1091 1248
f 1091 1092 1248
f 1248 1092 1249
f 1092 1093 1249
f 1249 1093 1250
f 1093 1094 1250
f 1250 1094 1251
f 1094 1095 1251
f 1251 1095 1252
f 1095 1096 1252
f 1252 1096 1253
f 1096 1097 1253
f 1253 1097 1254
f 1097 1098 1254
f 1254 1098 1255
f 1098 1099 1255
f 1255 1099 1256
f 1099 1100 1256
f 1256 1100 1257
f 1100 1101 1257
f 1257 1101 1258
f 1101 1102 1258
f 1258 1102 1259
f 1102 1103 1259
f 1259 1103 1260
f 1103 1104 1260
f 1260 1104 1261
f 1104 1105 1261
f 1261 1105 1262
f 1105 1106 1262
f 1262 1106 1263
f 1106 1107 1263
f 1263 1107 1264
f 1265 1264 1266
f 1264 1107 1266
f 1266 1107 1267
f 1107 1108 1267
f 1267 1108 1268
f 1108 1109 1268
f 1268 1109 1269
f 1109 1110 1269
f 1269 1110 1270
f 1110 1111 1270
f 1111 1112 1270
f 1270 1112 1271
f 1112 1113 1271
f 1271 1113 1272
f 1113 1114 1272
f 1114 1115 1272
f 1272 1115 1273
f 1115 1116 1273
f 1273 1116 1274
f 1275 1274 1276
f 1274 1116 1276
f 1116 1117 1276
f 1117 1118 1276
f 1276 1118 1277
f 1118 1119 1277
f 1277 1119 1278
f 1119 1120 1278
f 1278 1120 1279
f 1120 1121 1279
f 1121 1122 1279
f 1279 1122 1280
f 1280 1122 1281
f 1122 1123 1281
f 1281 1123 1282
f 1123 1124 1282
f 1282 1124 1283
f 1124 1125 1283
f 1125 1284 1283
f 1283 1284 1285
f 1284 1286 1285
f 1285 1286 1287
f 1286 1288 1287
f 1287 1288 1289
f 1288 1290 1289
f 1289 1290 1291
f 1290 1292 1291
f 1291 1292 1293
f 1292 1294 1293
f 1293 1294 1295
f 1294 1296 1295
f 1295 1296 1297
f 1296 1298 1297
f 1297 1298 1299
f 1298 1300 1299
f 1299 1300 1301
f 1300 1189 1301
f 1189 1190 1301
f 1301 1190 1302
f 1190 1191 1302
f 1302 1191 1303
f 1191 1192 1303
f 1303 1192 1304
f 1192 1193 1304
f 1304 1193 1305
f 1193 1194 1305
f 1305 1194 1306
f 1194 1195 1306
f 1306 1195 1307
f 1195 1196 1307
f 1307 1196 1308
f 1196 1197 1308
f 1308 1197 1309
f 1309 1197 1310
f 1197 1198 1310
f 1198 1199 1310
f 1310 1199 1311
f 1199 1200 1311
f 1200 1201 1311
f 1311 1201 1312
f 1201 1202 1312
f 1312 1202 1313
f 1202 1203 1313
f 1203 1204 1313
f 1313 1204 1314
f 1204 1205 1314
f 1314 1205 1315
f 1205 1206 1315
f 1315 1206 1316
f 1206 1207 1316
f 1316 1207 1317
f 1207 1208 1317
f 1317 1208 1318
f 1319 1318 1320
f 1318 1208 1320
f 1320 1208 1321
f 1208 1209 1321
f 1321 1209 1322
f 1209 1210 1322
f 1322 1210 1323
f 1210 1211 1323
f 1323 1211 1324
f 1211 1212 1324
f 1324 1212 1325
f 1212 1213 1325
f 1325 1213 1326
f 1213 1214 1326
f 1326 1214 1327
f 1214 1215 1327
f 1327 1215 1328
f 1215 1216 1328
f 1328 1216 1329
f 1216 1217 1329
f 1329 1217 1330
f 1217 1218 1330
f 1330 1218 1331
f 1218 1219 1331
f 1331 1219 1332
f 1219 1220 1332
f 1332 1220 1333
f 1220 1221 1333
f 1333 1221 1334
f 1221 1222 1334
f 1334 1222 1335
f 1222 1223 1335
f 1335 1223 1336
f 1223 1224 1336
f 1336 1224 1337
f 1224 1225 1337
f 1337 1225 1338
f 1225 1226 1338
f 1338 1226 1339
f 1226 1227 1339
f 1339 1227 1340
f 1227 1228 1340
f 1340 1228 1341
f 1228 1229 1341
f 1341 1229 1342
f 1229 1230 1342
f 1342 1230 1343
f 1230 1231 1343
f 1343 1231 1344
f 1231 1232 1344
f 1344 1232 1345
f 1232 1233 1345
f 1345 1233 1346
f 1233 1234 1346
f 1346 1234 1347
f 1234 1235 1347
f 1347 1235 1348
f 1235 1236 1348
f 1348 1236 1349
f 1236 1237 1349
f 1349 1237 1350
f 1237 1238 1350
f 1350 1238 1351
f 1238 1239 1351
f 1351 1239 1352
f 1239 1240 1352
f 1352 1240 1353
f 1240 1241 1353
f 1353 1241 1354
f 1241 1242 1354
f 1354 1242 1355
f 1242 1243 1355
f 1355 1243 1356
f 1243 1244 1356
f 1356 1244 1357
f 1244 1245 1357
f 1357 1245 1358
f 1245 1246 1358
f 1358 1246 1359
f 1246 1247 1359
f 1359 1247 1360
f 1247 1248 1360
f 1360 1248 1361
f 1248 1249 1361
f 1361 1249 1362
f 1249 1250 1362
f 1362 1250 1363
f 1250 1251 1363
f 1363 1251 1364
f 1251 1252 1364
f 1364 1252 1365
f 1252 1253 1365
f 1365 1253 1366
f 1253 1254 1366
f 1366 1254 1367
f 1254 1255 1367
f 1367 1255 1368
f 1255 1256 1368
f 1368 1256 1369
f 1256 1257 1369
f 1369 1257 1370
f 1257 1258 1370
f 1370 1258 1371
f 1258 1259 1371
f 1371 1259 1372
f 1259 1260 1372
f 1372 1260 1373
f 1260 1261 1373
f 1373 1261 1374
f 1261 1262 1374
f 1374 1262 1375
f 1262 1263 1375
f 1375 1263 1376
f 1263 1264 1376
f 1376 1264 1377
f 1264 1265 1377
f 1377 1265 1378
f 1379 1378 1380
f 1378 1265 1380
f 1380 1265 1381
f 1265 1266 1381
f 1381 1266 1382
f 1266 1267 1382
f 1382 1267 1383
f 1267 1268 1383
f 1383 1268 1384
f 1268 1269 1384
f 1384 1269 1385
f 1269 1270 1385
f 1270 1271 1385
f 1385 1271 1386
f 1271 1272 1386
f 1386 1272 1387
f 1272 1273 1387
f 1387 1273 1388
f 1273 1274 1388
f 1274 1275 1388
f 1388 1275 1389
f 1389 1275 1390
f 1275 1276 1390
f 1391 1390 1392
f 1390 1276 1392
f 1276 1277 1392
f 1392 1277 1393
f 1277 1278 1393
f 1393 1278 1394
f 1278 1279 1394
f 1279 1280 1394
f 1394 1280 1395
f 1395 1280 1396
f 1280 1281 1396
f 1396 1281 1397
f 1281 1282 1397
f 1397 1282 1398
f 1282 1283 1398
f 1283 1285 1398
f 1398 1285 1399
f 1285 1287 1399
f 1399 1287 1400
f 1287 1289 1400
f 1400 1289 1401
f 1289 1291 1401
f 1401 1291 1402
f 1291 1293 1402
f 1402 1293 1403
f 1293 1295 1403
f 1403 1295 1404
f 1295 1297 1404
f 1404 1297 1405
f 1297 1299 1405
f 1405 1299 1406
f 1299 1301 1406
f 1301 1302 1406
f 1406 1302 1407
f 1302 1303 1407
f 1407 1303 1408
f 1303 1304 1408
f 1408 1304 1409
f 1304 1305 1409
f 1409 1305 1410
f 1305 1306 1410
f 1410 1306 1411
f 1306 1307 1411
f 1412 1411 1413
f 1411 1307 1413
f 1413 1307 1414
f 1307 1308 1414
f 1414 1308 1415
f 1308 1309 1415
f 1415 1309 1416
f 1309 1310 1416
f 1310 1311 1416
f 1416 1311 1417
f 1311 1312 1417
f 1417 1312 1418
f 1312 1313 1418
f 1313 1314 1418
f 1418 1314 1419
f 1314 1315 1419
f 1419 1315 1420
f 1315 1316 1420
f 1420 1316 1421
f 1316 1317 1421
f 1421 1317 1422
f 1317 1318 1422
f 1422 1318 1423
f 1318 1319 1423
f 1423 1319 1424
f 1425 1424 1426
f 1424 1319 1426
f 1426 1319 1427
f 1319 1320 1427
f 1427 1320 1428
f 1320 1321 1428
f 1428 1321 1429
f 1321 1322 1429
f 1429 1322 1430
f 1322 1323 1430
f 1430 1323 1431
f 1323 1324 1431
f 1431 1324 1432
f 1324 1325 1432
f 1432 1325 1433
f 1325 1326 1433
f 1433 1326 1434
f 1326 1327 1434
f 1434 1327 1435
f 1327 1328 1435
f 1435 1328 1436
f 1328 1329 1436
f 1436 1329 1437
f 1329 1330 1437
f 1437 1330 1438
f 1330 1331 1438
f 1438 1331 1439
f 1331 1332 1439
f 1439 1332 1440
f 1332 1333 1440
f 1440 1333 1441
f 1333 1334 1441
f 1441 1334 1442
f 1334 1335 1442
f 1442 1335 1443
f 1335 1336 1443
f 1443 1336 1444
f 1336 1337 1444
f 1444 1337 1445
f 1337 1338 1445
f 1445 1338 1446
f 1338 1339 1446
f 1446 1339 1447
f 1339 1340 1447
f 1447 1340 1448
f 1340 1341 1448
f 1448 1341 1449
f 1341 1342 1449
f 1449 1342 1450
f 1342 1343 1450
f 1450 1343 1451
f 1343 1344 1451
f 1451 1344 1452
f 1344 1345 1452
f 1452 1345 1453
f 1345 1346 1453
f 1453 1346 1454
f 1346 1347 1454
f 1454 1347 1455
f 1347 1348 1455
f 1455 1348 1456
f 1348 1349 1456
f 1456 1349 1457
f 1349 1350 1457
f 1457 1350 1458
f 1350 1351 1458
f 1458 1351 1459
f 1351 1352 1459
f 1459 1352 1460
f 1352 1353 1460
f 1460 1353 1461
f 1353 1354 1461
f 1461 1354 1462
f 1354 1355 1462
f 1462 1355 1463
f 1355 1356 1463
f 1463 1356 1464
f 1356 1357 1464
f 1464 1357 1465
f 1357 1358 1465
f 1465 1358 1466
f 1358 1359 1466
f 1466 1359 1467
f 1359 1360 1467
f 1467 1360 1468
f 1360 1361 1468
f 1468 1361 1469
f 1361 1362 1469
f 1469 1362 1470
f 1362 1363 1470
f 1470 1363 1471
f 1363 1364 1471
f 1471 1364 1472
f 1364 1365 1472
f 1472 1365 1473
f 1365 1366 1473
f 1473 1366 1474
f 1366 1367 1474
f 1474 1367 1475
f 1367 1368 1475
f 1475 1368 1476
f 1368 1369 1476
f 1476 1369 1477
f 1369 1370 1477
f 1477 1370 1478
f 1370 1371 1478
f 1478 1371 1479
f 1371 1372 1479
f 1479 1372 1480
f 1372 1373 1480
f 1480 1373 1481
f 1373 1374 1481
f 1481 1374 1482
f 1374 1375 1482
f 1482 1375 1483
f 1375 1376 1483
f 1483 1376 1484
f 1376 1377 1484
f 1484 1377 1485
f 1377 1378 1485
f 1485 1378 1486
f 1378 1379 1486
f 1486 1379 1487
f 1488 1487 1489
f 1487 1379 1489
f 1489 1379 1490
f 1379 1380 1490
f 1490 1380 1491
f 1380 1381 1491
f 1491 1381 1492
f 1381 1382 1492
f 1492 1382 1493
f 1382 1383 1493
f 1493 1383 1494
f 1383 1384 1494
f 1494 1384 1495
f 1384 1385 1495
f 1385 1386 1495
f 1495 1386 1496
f 1386 1387 1496
f 1496 1387 1497
f 1387 1388 1497
f 1388 1389 1497
f 1497 1389 1498
f 1389 1390 1498
f 1390 1391 1498
f 1498 1391 1499
f 1499 1391 1500
f 1500 1391 1501
f 1391 1392 1501
f 1392 1393 1501
f 1501 1393 1502
f 1393 1394 1502
f 1394 1395 1502
f 1502 1395 1503
f 1503 1395 1504
f 1395 1396 1504
f 1504 1396 1505
f 1396 1397 1505
f 1505 1397 1506
f 1397 1398 1506
f 1398 1399 1506
f 1506 1399 1507
f 1399 1400 1507
f 1507 1400 1508
f 1400 1401 1508
f 1508 1401 1509
f 1401 1402 1509
f 1509 1402 1510
f 1402 1403 1510
f 1510 1403 1511
f 1403 1404 1511
f 1511 1404 1512
f 1404 1405 1512
f 1512 1405 1513
f 1405 1406 1513
f 1406 1407 1513
f 1513 1407 1514
f 1407 1408 1514
f 1514 1408 1515
f 1408 1409 1515
f 1515 1409 1516
f 1409 1410 1516
f 1516 1410 1517
f 1410 1411 1517
f 1411 1412 1517
f 1517 1412 1518
f 1518 1412 1519
f 1519 1412 1520
f 1412 1413 1520
f 1520 1413 1521
f 1413 1414 1521
f 1414 1415 1521
f 1521 1415 1522
f 1415 1416 1522
f 1522 1416 1523
f 1416 1417 1523
f 1523 1417 1524
f 1417 1418 1524
f 1418 1419 1524
f 1524 1419 1525
f 1419 1420 1525
f 1525 1420 1526
f 1420 1421 1526
f 1526 1421 1527
f 1421 1422 1527
f 1527 1422 1528
f 1422 1423 1528
f 1528 1423 1529
f 1423 1424 1529
f 1529 1424 1530
f 1424 1425 1530
f 1530 1425 1531
f 1532 1531 1533
f 1531 1425 1533
f 1533 1425 1534
f 1425 1426 1534
f 1534 1426 1535
f 1426 1427 1535
f 1535 1427 1536
f 1427 1428 1536
f 1536 1428 1537
f 1428 1429 1537
f 1537 1429 1538
f 1429 1430 1538
f 1538 1430 1539
f 1430 1431 1539
f 1539 1431 1540
f 1431 1432 1540
f 1540 1432 1541
f 1432 1433 1541
f 1541 1433 1542
f 1433 1434 1542
f 1542 1434 1543
f 1434 1435 1543
f 1543 1435 1544
f 1435 1436 1544
f 1544 1436 1545
f 1436 1437 1545
f 1545 1437 1546
f 1437 1438 1546
f 1546 1438 1547
f 1438 1439 1547
f 1547 1439 1548
f 1439 1440 1548
f 1548 1440 1549
f 1440 1441 1549
f 1549 1441 1550
f 1441 1442 1550
f 1550 1442 1551
f 1442 1443 1551
f 1551 1443 1552
f 1443 1444 1552
f 1552 1444 1553
f 1444 1445 1553
f 1553 1445 1554
f 1445 1446 1554
f 1554 1446 1555
f 1446 1447 1555
f 1555 1447 1556
f 1447 1448 1556
f 1556 1448 1557
f 1448 1449 1557
f 1557 1449 1558
f 1449 1450 1558
f 1558 1450 1559
f 1450 1451 1559
f 1559 1451 1560
f 1451 1452 1560
f 1560 1452 1561
f 1452 1453 1561
f 1561 1453 1562
f 1453 1454 1562
f 1562 1454 1563
f 1454 1455 1563
f 1563 1455 1564
f 1455 1456 1564
f 1564 1456 1565
f 1456 1457 1565
f 1565 1457 1566
f 1457 1458 1566
f 1566 1458 1567
f 1458 1459 1567
f 1567 1459 1568
f 1459 1460 1568
f 1568 1460 1569
f 1460 1461 1569
f 1569 1461 1570
f 1461 1462 1570
f 1570 1462 1571
f 1462 1463 1571
f 1571 1463 1572
f 1463 1464 1572
f 1572 1464 1573
f 1464 1465 1573
f 1573 1465 1574
f 1465 1466 1574
f 1574 1466 1575
f 1466 1467 1575
f 1575 1467 1576
f 1467 1468 1576
f 1576 1468 1577
f 1468 1469 1577
f 1577 1469 1578
f 1469 1470 1578
f 1578 1470 1579
f 1470 1471 1579
f 1579 1471 1580
f 1471 1472 1580
f 1580 1472 1581
f 1472 1473 1581
f 1581 1473 1582
f 1473 1474 1582
f 1582 1474 1583
f 1474 1475 1583
f 1583 1475 1584
f 1475 1476 1584
f 1584 1476 1585
f 1476 1477 1585
f 1585 1477 1586
f 1477 1478 1586
f 1586 1478 1587
f 1478 1479 1587
f 1587 1479 1588
f 1479 1480 1588
f 1588 1480 1589
f 1480 1481 1589
f 1589 1481 1590
f 1481 1482 1590
f 1590 1482 1591
f 1482 1483 1591
f 1591 1483 1592
f 1483 1484 1592
f 1592 1484 1593
f 1484 1485 1593
f 1593 1485 1594
f 1485 1486 1594
f 1594 1486 1595
f 1486 1487 1595
f 1595 1487 1596
f 1487 1488 1596
f 1596 1488 1597
f 1598 1597 1599
f 1597 1488 1599
f 1599 1488 1600
f 1488 1489 1600
f 1600 1489 1601
f 1489 1490 1601
f 1601 1490 1602
f 1490 1491 1602
f 1602 1491 1603
f 1491 1492 1603
f 1603 1492 1604
f 1492 1493 1604
f 1604 1493 1605
f 1493 1494 1605
f 1605 1494 1606
f 1494 1495 1606
f 1495 1496 1606
f 1606 1496 1607
f 1496 1497 1607
f 1607 1497 1608
f 1497 1498 1608
f 1498 1499 1608
f 1608 1499 1609
f 1499 1500 1609
f 1609 1500 1610
f 1610 1500 1611
f 1500 1501 1611
f 1501 1502 1611
f 1502 1503 1611
f 1611 1503 1612
f 1612 1503 1613
f 1503 1504 1613
f 1613 1504 1614
f 1504 1505 1614
f 1614 1505 1615
f 1505 1506 1615
f 1506 1507 1615
f 1615 1507 1616
f 1507 1508 1616
f 1616 1508 1617
f 1508 1509 1617
f 1617 1509 1618
f 1509 1510 1618
f 1618 1510 1619
f 1510 1511 1619
f 1619 1511 1620
f 1511 1512 1620
f 1620 1512 1621
f 1512 1513 1621
f 1513 1514 1621
f 1621 1514 1622
f 1514 1515 1622
f 1622 1515 1623
f 1515 1516 1623
f 1623 1516 1624
f 1516 1517 1624
f 1624 1517 1625
f 1517 1518 1625
f 1625 1518 1626
f 1518 1519 1626
f 1626 1519 1627
f 1519 1520 1627
f 1520 1521 1627
f 1521 1522 1627
f 1627 1522 1628
f 1522 1523 1628
f 1628 1523 1629
f 1523 1524 1629
f 1524 1525 1629
f 1629 1525 1630
f 1525 1526 1630
f 1630 1526 1631
f 1526 1527 1631
f 1631 1527 1632
f 1527 1528 1632
f 1632 1528 1633
f 1528 1529 1633
f 1633 1529 1634
f 1529 1530 1634
f 1634 1530 1635
f 1530 1531 1635
f 1635 1531 1636
f 1531 1532 1636
f 1532 1637 1636
f 1636 1637 1638
f 1637 1639 1638
f 1638 1639 1640
f 1639 1641 1640
f 1640 1641 1642
f 1641 1643 1642
f 1642 1643 1644
f 1643 1645 1644
f 1644 1645 1646
f 1645 1647 1646
f 1646 1647 1648
f 1647 1649 1648
f 1648 1649 1650
f 1649 1598 1650
f 1598 1599 1650
f 1650 1599 1651
f 1599 1600 1651
f 1651 1600 1652
f 1600 1601 1652
f 1652 1601 1653
f 1601 1602 1653
f 1653 1602 1654
f 1602 1603 1654
f 1654 1603 1655
f 1603 1604 1655
f 1655 1604 1656
f 1604 1605 1656
f 1656 1605 1657
f 1605 1606 1657
f 1606 1607 1657
f 1657 1607 1658
f 1607 1608 1658
f 1658 1608 1659
f 1608 1609 1659
f 1659 1609 1660
f 1609 1610 1660
f 1660 1610 1661
f 1610 1611 1661
f 1661 1611 1662
f 1611 1612 1662
f 1662 1612 1663
f 1663 1612 1664
f 1612 1613 1664
f 1664 1613 1665
f 1613 1614 1665
f 1665 1614 1666
f 1614 1615 1666
f 1615 1616 1666
f 1666 1616 1667
f 1616 1617 1667
f 1667 1617 1668
f 1617 1618 1668
f 1668 1618 1669
f 1618 1619 1669
f 1669 1619 1670
f 1619 1620 1670
f 1670 1620 1671
f 1620 1621 1671
f 1621 1622 1671
f 1671 1622 1672
f 1622 1623 1672
f 1672 1623 1673
f 1623 1624 1673
f 1673 1624 1674
f 1674 1624 1675
f 1624 1625 1675
f 1675 1625 1676
f 1625 1626 1676
f 1676 1626 1677
f 1626 1627 1677
f 1677 1627 1678
f 1627 1628 1678
f 1678 1628 1679
f 1628 1629 1679
f 1629 1630 1679
f 1679 1630 1680
f 1630 1631 1680
f 1680 1631 1681
f 1631 1632 1681
f 1681 1632 1682
f 1632 1633 1682
f 1682 1633 1683
f 1633 1634 1683
f 1683 1634 1684
f 1634 1635 1684
f 1684 1635 1685
f 1635 1636 1685
f 1636 1638 1685
f 1685 1638 1686
f 1638 1640 1686
f 1686 1640 1687
f 1640 1642 1687
f 1687 1642 1688
f 1642 1644 1688
f 1688 1644 1689
f 1644 1646 1689
f 1689 1646 1690
f 1646 1648 1690
f 1690 1648 1691
f 1648 1650 1691
f 1650 1651 1691
f 1691 1651 1692
f 1651 1652 1692
f 1692 1652 1693
f 1652 1653 1693
f 1693 1653 1694
f 1653 1654 1694
f 1694 1654 1695
f 1654 1655 1695
f 1695 1655 1696
f 1655 1656 1696
f 1696 1656 1697
f 1656 1657 1697
f 1657 1658 1697
f 1697 1658 1698
f 1658 1659 1698
f 1698 1659 1699
f 1659 1660 1699
f 1699 1660 1700
f 1660 1661 1700
f 1661 1662 1700
f 1700 1662 1701
f 1662 1663 1701
f 1701 1663 1702
f 1702 1663 1703
f 1663 1664 1703
f 1703 1664 1704
f 1664 1665 1704
f 1704 1665 1705
f 1665 1666 1705
f 1666 1667 1705
f 1705 1667 1706
f 1667 1668 1706
f 1706 1668 1707
f 1668 1669 1707
f 1707 1669 1708
f 1669 1670 1708
f 1708 1670 1709
f 1670 1671 1709
f 1671 1672 1709
f 1709 1672 1710
f 1672 1673 1710
f 1711 1710 1712
f 1710 1673 1712
f 1673 1674 1712
f 1712 1674 1713
f 1713 1674 1714
f 1674 1675 1714
f 1675 1676 1714
f 1714 1676 1715
f 1676 1677 1715
f 1715 1677 1716
f 1677 1678 1716
f 1716 1678 1717
f 1678 1679 1717
f 1679 1680 1717
f 1717 1680 1718
f 1680 1681 1718
f 1718 1681 1719
f 1681 1682 1719
f 1719 1682 1720
f 1682 1683 1720
f 1720 1683 1721
f 1683 1684 1721
f 1721 1684 1722
f 1684 1685 1722
f 1685 1686 1722
f 1722 1686 1723
f 1686 1687 1723
f 1723 1687 1724
f 1687 1688 1724
f 1724 1688 1725
f 1688 1689 1725
f 1725 1689 1726
f 1689 1690 1726
f 1726 1690 1727
f 1690 1691 1727
f 1691 1692 1727
f 1727 1692 1728
f 1692 1693 1728
f 1728 1693 1729
f 1693 1694 1729
f 1729 1694 1730
f 1694 1695 1730
f 1730 1695 1731
f 1695 1696 1731
f 1731 1696 1732
f 1696 1697 1732
f 1697 1698 1732
f 1732 1698 1733
f 1698 1699 1733
f 1733 1699 1734
f 1699 1700 1734
f 1700 1701 1734
f 1701 1702 1734
f 1734 1702 1735
f 1702 1703 1735
f 1735 1703 1736
f 1703 1704 1736
f 1736 1704 1737
f 1737 1704 1738
f 1704 1705 1738
f 1705 1706 1738
f 1738 1706 1739
f 1706 1707 1739
f 1739 1707 1740
f 1707 1708 1740
f 1740 1708 1741
f 1708 1709 1741
f 1709 1710 1741
f 1710 1711 1741
f 1741 1711 1742
f 1742 1711 1743
f 1743 1711 1744
f 1711 1712 1744
f 1712 1713 1744
f 1744 1713 1745
f 1713 1714 1745
f 1714 1715 1745
f 1745 1715 1746
f 1715 1716 1746
f 1746 1716 1747
f 1716 1717 1747
f 1717 1718 1747
f 1747 1718 1748
f 1718 1719 1748
f 1748 1719 1749
f 1719 1720 1749
f 1749 1720 1750
f 1720 1721 1750
f 1750 1721 1751
f 1721 1722 1751
f 1722 1723 1751
f 1751 1723 1752
f 1723 1724 1752
f 1752 1724 1753
f 1724 1725 1753
f 1753 1725 1754
f 1725 1726 1754
f 1754 1726 1755
f 1726 1727 1755
f 1727 1728 1755
f 1755 1728 1756
f 1728 1729 1756
f 1756 1729 1757
f 1729 1730 1757
f 1757 1730 1758
f 1730 1731 1758
f 1758 1731 1759
f 1731 1732 1759
f 1732 1733 1759
f 1759 1733 1760
f 1733 1734 1760
f 1760 1734 1761
f 1734 1735 1761
f 1761 1735 1762
f 1735 1736 1762
f 1736 1737 1762
f 1762 1737 1763
f 1763 1737 1764
f 1737 1738 1764
f 1764 1738 1765
f 1738 1739 1765
f 1765 1739 1766
f 1766 1739 1767
f 1739 1740 1767
f 1767 1740 1768
f 1740 1741 1768
f 1768 1741 1769
f 1741 1742 1769
f 1769 1742 1770
f 1742 1743 1770
f 1770 1743 1771
f 1743 1744 1771
f 1744 1745 1771
f 1771 1745 1772
f 1745 1746 1772
f 1772 1746 1773
f 1746 1747 1773
f 1747 1748 1773
f 1773 1748 1774
f 1748 1749 1774
f 1774 1749 1775
f 1749 1750 1775
f 1775 1750 1776
f 1750 1751 1776
f 1751 1752 1776
f 1776 1752 1777
f 1752 1753 1777
f 1777 1753 1778
f 1753 1754 1778
f 1778 1754 1779
f 1754 1755 1779
f 1755 1756 1779
f 1779 1756 1780
f 1756 1757 1780
f 1780 1757 1781
f 1757 1758 1781
f 1781 1758 1782
f 1758 1759 1782
f 1759 1760 1782
f 1782 1760 1783
f 1760 1761 1783
f 1783 1761 1784
f 1761 1762 1784
f 1762 1763 1784
f 1784 1763 1785
f 1763 1764 1785
f 1764 1765 1785
f 1785 1765 1786
f 1765 1766 1786
f 1786 1766 1787
f 1766 1767 1787
f 1787 1767 1788
f 1767 1768 1788
f 1788 1768 1789
f 1768 1769 1789
f 1769 1770 1789
f 1789 1770 1790
f 1770 1771 1790
f 1790 1771 1791
f 1771 1772 1791
f 1791 1772 1792
f 1772 1773 1792
f 1773 1774 1792
f 1792 1774 1793
f 1774 1775 1793
f 1793 1775 1794
f 1775 1776 1794
f 1776 1777 1794
f 1794 1777 1795
f 1777 1778 1795
f 1795 1778 1796
f 1778 1779 1796
f 1779 1780 1796
f 1796 1780 1797
f 1780 1781 1797
f 1797 1781 1798
f 1781 1782 1798
f 1782 1783 1798
f 1798 1783 1799
f 1783 1784 1799
f 1799 1784 1800
f 1784 1785 1800
f 1785 1786 1800
f 1786 1787 1800
f 1800 1787 1801
f 1787 1788 1801
f 1788 1789 1801
f 1789 1790 1801
f 1801 1790 1802
f 1790 1791 1802
f 1802 1791 1803
f 1791 1792 1803
f 1792 1793 1803
f 1803 1793 1804
f 1793 1794 1804
f 1794 1795 1804
f 1804 1795 1805
f 1795 1796 1805
f 1796 1797 1805
f 1805 1797 1806
f 1797 1798 1806
f 1798 1799 1806
f 1806 1799 1807
f 1799 1800 1807
f 1800 1801 1807
f 1801 1802 1807
f 1807 1802 1808
f 1802 1803 1808
f 1803 1804 1808
f 1804 1805 1808
f 1805 1806 1808
f 1809 1810 1811
f 1811 1810 1812
f 1812 1810 1813
f 1813 1810 1814
f 1814 1810 1815
f 1815 1810 1816
f 1816 1810 1817
f 1817 1810 1818
f 1818 1810 1819
f 1819 1810 1820
f 1820 1810 1821
f 1821 1810 1822
f 1822 1810 1823
f 1823 1810 1824
f 1824 1810 1825
f 1825 1810 1826
f 1826 1810 1827
f 1827 1810 1828
f 1828 1810 1829
f 1829 1810 1830
f 1830 1810 1831
f 1831 1810 1832
f 1832 1810 1833
f 1833 1810 1834
f 1834 1810 1835
f 1835 1810 1836
f 1836 1810 1837
f 1837 1810 1838
f 1838 1810 1839
f 1839 1810 1840
f 1840 1810 1841
f 1841 1810 1842
f 1842 1810 1843
f 1843 1810 1844
f 1844 1810 1845
f 1845 1810 1846
f 1846 1810 1847
f 1847 1810 1848
f 1848 1810 1849
f 1849 1810 1850
f 1850 1810 1851
f 1851 1810 1852
f 1852 1810 1853
f 1853 1810 1854
f 1854 1810 1855
f 1855 1810 1856
f 1856 1810 1857
f 1857 1810 1858
f 1858 1810 1859
f 1859 1810 1860
f 1860 1810 1861
f 1861 1810 1862
f 1862 1810 1863
f 1863 1810 1864
f 1864 1810 1865
f 1865 1810 1866
f 1866 1810 1867
f 1867 1810 1868
f 1868 1810 1869
f 1869 1810 1870
f 1870 1810 1871
f 1871 1810 1872
f 1872 1810 1873
f 1873 1810 1874
f 1874 1810 1875
f 1875 1810 1876
f 1876 1810 1877
f 1877 1810 1878
f 1878 1810 1879
f 1879 1810 1880
f 1880 1810 1881
f 1881 1810 1882
f 1882 1810 1883
f 1810 1809 1883
f 1884 1885 1886
f 1886 1885 1887
f 1887 1885 1888
f 1888 1885 1889
f 1889 1885 1890
f 1890 1885 1891
f 1891 1885 1892
f 1892 1885 1893
f 1893 1885 1894
f 1894 1885 1895
f 1895 1885 1896
f 1896 1885 1897
f 1897 1885 1898
f 1898 1885 1899
f 1899 1885 1900
f 1900 1885 1901
f 1901 1885 1902
f 1902 1885 1903
f 1903 1885 1904
f 1904 1885 1905
f 1905 1885 1906
f 1906 1885 1907
f 1907 1885 1908
f 1908 1885 1909
f 1909 1885 1910
f 1910 1885 1911
f 1911 1885 1912
f 1912 1885 1913
f 1913 1885 1914
f 1914 1885 1915
f 1915 1885 1916
f 1916 1885 1917
f 1917 1885 1918
f 1918 1885 1919
f 1919 1885 1920
f 1920 1885 1921
f 1921 1885 1922
f 1922 1885 1923
f 1923 1885 1924
f 1924 1885 1925
f 1925 1885 1926
f 1926 1885 1927
f 1927 1885 1928
f 1928 1885 1929
f 1929 1885 1930
f 1930 1885 1931
f 1931 1885 1932
f 1932 1885 1933
f 1933 1885 1934
f 1934 1885 1935
f 1935 1885 1936
f 1936 1885 1937
f 1937 1885 1938
f 1938 1885 1939
f 1939 1885 1940
f 1940 1885 1941
f 1941 1885 1942
f 1942 1885 1943
f 1943 1885 1944
f 1944 1885 1945
f 1945 1885 1946
f 1946 1885 1947
f 1947 1885 1948
f 1948 1885 1949
f 1949 1885 1950
f 1950 1885 1951
f 1951 1885 1952
f 1952 1885 1953
f 1953 1885 1954
f 1954 1885 1955
f 1955 1885 1956
f 1956 1885 1957
f 1957 1885 1958
f 1885 1884 1958
f 1959 1960 1961
f 1961 1960 1962
f 1960 1963 1962
f 1962 1963 1964
f 1963 1965 1964
f 1964 1965 1966
f 1965 1967 1966
f 1966 1967 1968
f 1967 1969 1968
f 1968 1969 1970
f 1969 1971 1970
f 1970 1971 1972
f 1971 1973 1972
f 1972 1973 1974
f 1973 1975 1974
f 1974 1975 1976
f 1975 1977 1976
f 1976 1977 1978
f 1977 1979 1978
f 1978 1979 1980
f 1979 1981 1980
f 1980 1981 1982
f 1981 1983 1982
f 1982 1983 1984
f 1983 1985 1984
f 1984 1985 1986
f 1985 1987 1986
f 1986 1987 1988
f 1987 1989 1988
f 1988 1989 1990
f 1989 1991 1990
f 1990 1991 1992
f 1991 1993 1992
f 1992 1993 1994
f 1993 1995 1994
f 1994 1995 1996
f 1995 1997 1996
f 1996 1997 1998
f 1997 1999 1998
f 1998 1999 2000
f 1999 2001 2000
f 2000 2001 2002
f 2001 2003 2002
f 2002 2003 2004
f 2003 2005 2004
f 2004 2005 2006
f 2005 2007 2006
f 2006 2007 2008
f 2007 2009 2008
f 2008 2009 2010
f 2009 2011 2010
f 2010 2011 2012
f 2011 2013 2012
f 2012 2013 2014
f 2013 2015 2014
f 2014 2015 2016
f 2015 2017 2016
f 2016 2017 2018
f 2017 2019 2018
f 2018 2019 2020
f 2019 2021 2020
f 2020 2021 2022
f 2021 2023 2022
f 2022 2023 2024
f 2023 2025 2024
f 2024 2025 2026
f 2025 2027 2026
f 2026 2027 2028
f 2027 2029 2028
f 2028 2029 2030
f 2029 2031 2030
f 2030 2031 2032
f 2031 2033 2032
f 2032 2033 2034
f 2033 2035 2034
f 2034 2035 2036
f 2035 2037 2036
f 2036 2037 2038
f 2037 2039 2038
f 2038 2039 2040
f 2039 2041 2040
f 2040 2041 2042
f 2041 2043 2042
f 2042 2043 2044
f 2043 2045 2044
f 2044 2045 2046
f 2045 2047 2046
f 2046 2047 2048
f 2047 2049 2048
f 2048 2049 2050
f 2049 2051 2050
f 2050 2051 2052
f 2051 2053 2052
f 2052 2053 2054
f 2053 2055 2054
f 2054 2055 2056
f 2055 2057 2056
f 2056 2057 2058
f 2057 2059 2058
f 2058 2059 2060
f 2059 2061 2060
f 2060 2061 2062
f 2061 2063 2062
f 2062 2063 2064
f 2063 2065 2064
f 2064 2065 2066
f 2065 2067 2066
f 2066 2067 2068
f 2067 2069 2068
f 2068 2069 2070
f 2069 2071 2070
f 2070 2071 2072
f 2071 2073 2072
f 2072 2073 2074
f 2073 2075 2074
f 2074 2075 2076
f 2075 2077 2076
f 2076 2077 2078
f 2077 2079 2078
f 2078 2079 2080
f 2079 2081 2080
f 2080 2081 2082
f 2081 2083 2082
f 2082 2083 2084
f 2083 2085 2084
f 2084 2085 2086
f 2085 2087 2086
f 2086 2087 2088
f 2087 2089 2088
f 2088 2089 2090
f 2090 2089 2091
f 2091 2089 2092
f 2092 2089 2093
f 2089 2087 2093
f 2093 2087 2094
f 2087 2085 2094
f 2085 2083 2094
f 2083 2095 2094
f 2094 2095 2096
f 2095 2079 2096
f 2096 2079 2097
f 2079 2077 2097
f 2097 2077 2098
f 2077 2075 2098
f 2075 2073 2098
f 2098 2073 2099
f 2073 2071 2099
f 2071 2069 2099
f 2099 2069 2100
f 2069 2067 2100
f 2100 2067 2101
f 2067 2065 2101
f 2101 2065 2102
f 2065 2063 2102
f 2063 2061 2102
f 2061 2059 2102
f 2102 2059 2103
f 2059 2057 2103
f 2103 2057 2104
f 2057 2055 2104
f 2104 2055 2105
f 2055 2053 2105
f 2053 2051 2105
f 2051 2049 2105
f 2105 2049 2106
f 2049 2047 2106
f 2047 2045 2106
f 2106 2045 2107
f 2045 2043 2107
f 2107 2043 2108
f 2043 2041 2108
f 2041 2039 2108
f 2108 2039 2109
f 2039 2037 2109
f 2037 2035 2109
f 2109 2035 2110
f 2035 2033 2110
f 2110 2033 2111
f 2033 2031 2111
f 2111 2031 2112
f 2031 2029 2112
f 2029 2027 2112
f 2027 2025 2112
f 2112 2025 2113
f 2025 2023 2113
f 2113 2023 2114
f 2023 2021 2114
f 2114 2021 2115
f 2021 2019 2115
f 2019 2017 2115
f 2017 2015 2115
f 2115 2015 2116
f 2015 2013 2116
f 2013 2011 2116
f 2116 2011 2117
f 2011 2009 2117
f 2117 2009 2118
f 2009 2007 2118
f 2118 2007 2119
f 2007 2005 2119
f 2005 2003 2119
f 2003 2001 2119
f 2119 2001 2120
f 2001 1999 2120
f 2120 1999 2121
f 1999 1997 2121
f 2121 1997 2122
f 1997 1995 2122
f 1995 1993 2122
f 1993 1991 2122
f 2122 1991 2123
f 1991 1989 2123
f 2123 1989 2124
f 1989 1987 2124
f 1987 1985 2124
f 2124 1985 2125
f 1985 1983 2125
f 1983 1981 2125
f 2125 1981 2126
f 1981 1979 2126
f 1979 1977 2126
f 2126 1977 2127
f 1977 1975 2127
f 2127 1975 2128
f 1975 1973 2128
f 2128 1973 2129
f 1973 1971 2129
f 1971 1969 2129
f 1969 1967 2129
f 2129 1967 2130
f 1967 1965 2130
f 2130 1965 2131
f 1965 1963 2131
f 2131 1963 2132
f 1963 1960 2132
f 1960 1959 2132
f 1959 2133 2132
f 2132 2133 2134
f 2133 2135 2134
f 2134 2135 2136
f 2135 2137 2136
f 2136 2137 2138
f 2138 2137 2139
f 2139 2137 2140
f 2140 2137 2141
f 2137 2135 2141
f 2141 2135 2142
f 2135 2143 2142
f 2142 2143 2144
f 2143 1959 2144
f 1959 1961 2144
f 2145 2144 2146
f 2146 2144 2147
f 2144 1961 2147
f 2147 1961 2148
f 1961 1962 2148
f 1962 1964 2148
f 2148 1964 2149
f 1964 1966 2149
f 1966 1968 2149
f 2149 1968 2150
f 1968 1970 2150
f 2150 1970 2151
f 1970 1972 2151
f 1972 1974 2151
f 2151 1974 2152
f 1974 1976 2152
f 1976 1978 2152
f 2152 1978 2153
f 1978 1980 2153
f 2153 1980 2154
f 1980 1982 2154
f 2154 1982 2155
f 1982 1984 2155
f 1984 1986 2155
f 1986 1988 2155
f 2155 1988 2156
f 1988 1990 2156
f 1990 1992 2156
f 2156 1992 2157
f 1992 1994 2157
f 2157 1994 2158
f 1994 1996 2158
f 1996 1998 2158
f 2158 1998 2159
f 1998 2000 2159
f 2000 2002 2159
f 2159 2002 2160
f 2002 2004 2160
f 2160 2004 2161
f 2004 2006 2161
f 2161 2006 2162
f 2006 2008 2162
f 2008 2010 2162
f 2010 2012 2162
f 2162 2012 2163
f 2012 2014 2163
f 2163 2014 2164
f 2014 2016 2164
f 2016 2018 2164
f 2164 2018 2165
f 2018 2020 2165
f 2020 2022 2165
f 2165 2022 2166
f 2022 2024 2166
f 2024 2026 2166
f 2166 2026 2167
f 2026 2028 2167
f 2167 2028 2168
f 2028 2030 2168
f 2030 2032 2168
f 2168 2032 2169
f 2032 2034 2169
f 2034 2036 2169
f 2169 2036 2170
f 2036 2038 2170
f 2170 2038 2171
f 2038 2040 2171
f 2171 2040 2172
f 2040 2042 2172
f 2042 2044 2172
f 2044 2046 2172
f 2172 2046 2173
f 2046 2048 2173
f 2173 2048 2174
f 2048 2050 2174
f 2050 2052 2174
f 2174 2052 2175
f 2052 2054 2175
f 2054 2056 2175
f 2175 2056 2176
f 2056 2058 2176
f 2058 2060 2176
f 2176 2060 2177
f 2060 2062 2177
f 2177 2062 2178
f 2062 2064 2178
f 2064 2066 2178
f 2178 2066 2179
f 2066 2068 2179
f 2068 2070 2179
f 2179 2070 2180
f 2070 2072 2180
f 2180 2072 2181
f 2072 2074 2181
f 2181 2074 2182
f 2074 2076 2182
f 2076 2078 2182
f 2078 2183 2182
f 2182 2183 2184
f 2183 2082 2184
f 2184 2082 2185
f 2082 2084 2185
f 2185 2084 2186
f 2084 2086 2186
f 2086 2088 2186
f 2186 2088 2187
f 2088 2090 2187
f 2187 2090 2188
f 2090 2091 2188
f 2188 2091 2189
f 2190 2189 2191
f 2189 2091 2191
f 2091 2092 2191
f 2192 2191 2193
f 2191 2092 2193
f 2193 2092 2194
f 2092 2093 2194
f 2194 2093 2195
f 2093 2094 2195
f 2195 2094 2196
f 2094 2096 2196
f 2196 2096 2197
f 2096 2097 2197
f 2197 2097 2198
f 2097 2098 2198
f 2198 2098 2199
f 2098 2099 2199
f 2199 2099 2200
f 2099 2100 2200
f 2200 2100 2201
f 2100 2101 2201
f 2201 2101 2202
f 2101 2102 2202
f 2202 2102 2203
f 2102 2103 2203
f 2203 2103 2204
f 2103 2104 2204
f 2204 2104 2205
f 2104 2105 2205
f 2205 2105 2206
f 2105 2106 2206
f 2206 2106 2207
f 2106 2107 2207
f 2207 2107 2208
f 2107 2108 2208
f 2208 2108 2209
f 2108 2109 2209
f 2209 2109 2210
f 2109 2110 2210
f 2210 2110 2211
f 2110 2111 2211
f 2211 2111 2212
f 2111 2112 2212
f 2212 2112 2213
f 2112 2113 2213
f 2213 2113 2214
f 2113 2114 2214
f 2214 2114 2215
f 2114 2115 2215
f 2215 2115 2216
f 2115 2116 2216
f 2216 2116 2217
f 2116 2117 2217
f 2217 2117 2218
f 2117 2118 2218
f 2218 2118 2219
f 2118 2119 2219
f 2219 2119 2220
f 2119 2120 2220
f 2220 2120 2221
f 2120 2121 2221
f 2221 2121 2222
f 2121 2122 2222
f 2222 2122 2223
f 2122 2123 2223
f 2223 2123 2224
f 2123 2124 2224
f 2224 2124 2225
f 2124 2125 2225
f 2225 2125 2226
f 2125 2126 2226
f 2226 2126 2227
f 2126 2127 2227
f 2227 2127 2228
f 2127 2128 2228
f 2228 2128 2229
f 2128 2129 2229
f 2229 2129 2230
f 2129 2130 2230
f 2230 2130 2231
f 2130 2131 2231
f 2231 2131 2232
f 2131 2132 2232
f 2232 2132 2233
f 2132 2134 2233
f 2233 2134 2234
f 2134 2136 2234
f 2234 2136 2235
f 2136 2138 2235
f 2235 2138 2236
f 2237 2236 2238
f 2236 2138 2238
f 2238 2138 2239
f 2138 2139 2239
f 2239 2139 2240
f 2139 2140 2240
f 2240 2140 2241
f 2140 2141 2241
f 2141 2145 2241
f 2145 2146 2241
f 2241 2146 2242
f 2242 2146 2243
f 2146 2147 2243
f 2243 2147 2244
f 2147 2148 2244
f 2244 2148 2245
f 2148 2149 2245
f 2245 2149 2246
f 2149 2150 2246
f 2246 2150 2247
f 2150 2151 2247
f 2247 2151 2248
f 2151 2152 2248
f 2248 2152 2249
f 2152 2153 2249
f 2249 2153 2250
f 2153 2154 2250
f 2250 2154 2251
f 2154 2155 2251
f 2251 2155 2252
f 2155 2156 2252
f 2252 2156 2253
f 2156 2157 2253
f 2253 2157 2254
f 2157 2158 2254
f 2254 2158 2255
f 2158 2159 2255
f 2255 2159 2256
f 2159 2160 2256
f 2256 2160 2257
f 2160 2161 2257
f 2257 2161 2258
f 2161 2162 2258
f 2258 2162 2259
f 2162 2163 2259
f 2259 2163 2260
f 2163 2164 2260
f 2260 2164 2261
f 2164 2165 2261
f 2261 2165 2262
f 2165 2166 2262
f 2262 2166 2263
f 2166 2167 2263
f 2263 2167 2264
f 2167 2168 2264
f 2264 2168 2265
f 2168 2169 2265
f 2265 2169 2266
f 2169 2170 2266
f 2266 2170 2267
f 2170 2171 2267
f 2267 2171 2268
f 2171 2172 2268
f 2268 2172 2269
f 2172 2173 2269
f 2269 2173 2270
f 2173 2174 2270
f 2270 2174 2271
f 2174 2175 2271
f 2271 2175 2272
f 2175 2176 2272
f 2272 2176 2273
f 2176 2177 2273
f 2273 2177 2274
f 2177 2178 2274
f 2274 2178 2275
f 2178 2179 2275
f 2275 2179 2276
f 2179 2180 2276
f 2276 2180 2277
f 2180 2181 2277
f 2277 2181 2278
f 2181 2182 2278
f 2278 2182 2279
f 2182 2184 2279
f 2279 2184 2280
f 2184 2185 2280
f 2280 2185 2281
f 2185 2186 2281
f 2281 2186 2282
f 2186 2187 2282
f 2282 2187 2283
f 2283 2187 2284
f 2187 2188 2284
f 2284 2188 2285
f 2188 2189 2285
f 2189 2190 2285
f 2285 2190 2286
f 2286 2190 2287
f 2190 2191 2287
f 2288 2287 2289
f 2287 2191 2289
f 2191 2192 2289
f 2289 2192 2290
f 2291 2290 2292
f 2290 2192 2292
f 2292 2192 2293
f 2192 2193 2293
f 2293 2193 2294
f 2193 2194 2294
f 2294 2194 2295
f 2194 2195 2295
f 2295 2195 2296
f 2195 2196 2296
f 2296 2196 2297
f 2196 2197 2297
f 2297 2197 2298
f 2197 2198 2298
f 2298 2198 2299
f 2198 2199 2299
f 2299 2199 2300
f 2199 2200 2300
f 2300 2200 2301
f 2200 2201 2301
f 2301 2201 2302
f 2201 2202 2302
f 2302 2202 2303
f 2202 2203 2303
f 2303 2203 2304
f 2203 2204 2304
f 2304 2204 2305
f 2204 2205 2305
f 2305 2205 2306
f 2205 2206 2306
f 2306 2206 2307
f 2206 2207 2307
f 2307 2207 2308
f 2207 2208 2308
f 2308 2208 2309
f 2208 2209 2309
f 2309 2209 2310
f 2209 2210 2310
f 2310 2210 2311
f 2210 2211 2311
f 2311 2211 2312
f 2211 2212 2312
f 2312 2212 2313
f 2212 2213 2313
f 2313 2213 2314
f 2213 2214 2314
f 2314 2214 2315
f 2214 2215 2315
f 2315 2215 2316
f 2215 2216 2316
f 2316 2216 2317
f 2216 2217 2317
f 2317 2217 2318
f 2217 2218 2318
f 2318 2218 2319
f 2218 2219 2319
f 2319 2219 2320
f 2219 2220 2320
f 2320 2220 2321
f 2220 2221 2321
f 2321 2221 2322
f 2221 2222 2322
f 2322 2222 2323
f 2222 2223 2323
f 2323 2223 2324
f 2223 2224 2324
f 2324 2224 2325
f 2224 2225 2325
f 2325 2225 2326
f 2225 2226 2326
f 2326 2226 2327
f 2226 2227 2327
f 2327 2227 2328
f 2227 2228 2328
f 2328 2228 2329
f 2228 2229 2329
f 2329 2229 2330
f 2229 2230 2330
f 2330 2230 2331
f 2230 2231 2331
f 2331 2231 2332
f 2231 2232 2332
f 2332 2232 2333
f 2232 2233 2333
f 2333 2233 2334
f 2233 2234 2334
f 2334 2234 2335
f 2234 2235 2335
f 2335 2235 2336
f 2235 2236 2336
f 2336 2236 2337
f 2236 2237 2337
f 2337 2237 2338
f 2339 2338 2340
f 2338 2237 2340
f 2340 2237 2341
f 2237 2238 2341
f 2341 2238 2342
f 2342 2238 2343
f 2238 2239 2343
f 2343 2239 2344
f 2239 2240 2344
f 2344 2240 2345
f 2240 2241 2345
f 2345 2241 2346
f 2241 2242 2346
f 2346 2242 2347
f 2347 2242 2348
f 2242 2243 2348
f 2348 2243 2349
f 2243 2244 2349
f 2349 2244 2350
f 2244 2245 2350
f 2350 2245 2351
f 2245 2246 2351
f 2351 2246 2352
f 2246 2247 2352
f 2352 2247 2353
f 2247 2248 2353
f 2353 2248 2354
f 2248 2249 2354
f 2354 2249 2355
f 2249 2250 2355
f 2355 2250 2356
f 2250 2251 2356
f 2356 2251 2357
f 2251 2252 2357
f 2357 2252 2358
f 2252 2253 2358
f 2358 2253 2359
f 2253 2254 2359
f 2359 2254 2360
f 2254 2255 2360
f 2360 2255 2361
f 2255 2256 2361
f 2361 2256 2362
f 2256 2257 2362
f 2362 2257 2363
f 2257 2258 2363
f 2363 2258 2364
f 2258 2259 2364
f 2364 2259 2365
f 2259 2260 2365
f 2365 2260 2366
f 2260 2261 2366
f 2366 2261 2367
f 2261 2262 2367
f 2367 2262 2368
f 2262 2263 2368
f 2368 2263 2369
f 2263 2264 2369
f 2369 2264 2370
f 2264 2265 2370
f 2370 2265 2371
f 2265 2266 2371
f 2371 2266 2372
f 2266 2267 2372
f 2372 2267 2373
f 2267 2268 2373
f 2373 2268 2374
f 2268 2269 2374
f 2374 2269 2375
f 2269 2270 2375
f 2375 2270 2376
f 2270 2271 2376
f 2376 2271 2377
f 2271 2272 2377
f 2377 2272 2378
f 2272 2273 2378
f 2378 2273 2379
f 2273 2274 2379
f 2379 2274 2380
f 2274 2275 2380
f 2380 2275 2381
f 2275 2276 2381
f 2381 2276 2382
f 2276 2277 2382
f 2382 2277 2383
f 2277 2278 2383
f 2383 2278 2384
f 2278 2279 2384
f 2384 2279 2385
f 2279 2280 2385
f 2385 2280 2386
f 2280 2281 2386
f 2386 2281 2387
f 2281 2282 2387
f 2387 2282 2388
f 2282 2283 2388
f 2388 2283 2389
f 2389 2283 2390
f 2283 2284 2390
f 2390 2284 2391
f 2284 2285 2391
f 2285 2286 2391
f 2391 2286 2392
f 2286 2287 2392
f 2287 2288 2392
f 2392 2288 2393
f 2393 2288 2394
f 2394 2288 2395
f 2288 2289 2395
f 2289 2290 2395
f 2395 2290 2396
f 2290 2291 2396
f 2396 2291 2397
f 2398 2397 2399
f 2397 2291 2399
f 2399 2291 2400
f 2291 2292 2400
f 2400 2292 2401
f 2292 2293 2401
f 2401 2293 2402
f 2293 2294 2402
f 2402 2294 2403
f 2294 2295 2403
f 2403 2295 2404
f 2295 2296 2404
f 2404 2296 2405
f 2296 2297 2405
f 2405 2297 2406
f 2297 2298 2406
f 2406 2298 2407
f 2298 2299 2407
f 2407 2299 2408
f 2299 2300 2408
f 2408 2300 2409
f 2300 2301 2409
f 2409 2301 2410
f 2301 2302 2410
f 2410 2302 2411
f 2302 2303 2411
f 2411 2303 2412
f 2303 2304 2412
f 2412 2304 2413
f 2304 2305 2413
f 2413 2305 2414
f 2305 2306 2414
f 2414 2306 2415
f 2306 2307 2415
f 2415 2307 2416
f 2307 2308 2416
f 2416 2308 2417
f 2308 2309 2417
f 2417 2309 2418
f 2309 2310 2418
f 2418 2310 2419
f 2310 2311 2419
f 2419 2311 2420
f 2311 2312 2420
f 2420 2312 2421
f 2312 2313 2421
f 2421 2313 2422
f 2313 2314 2422
f 2422 2314 2423
f 2314 2315 2423
f 2423 2315 2424
f 2315 2316 2424
f 2424 2316 2425
f 2316 2317 2425
f 2425 2317 2426
f 2317 2318 2426
f 2426 2318 2427
f 2318 2319 2427
f 2427 2319 2428
f 2319 2320 2428
f 2428 2320 2429
f 2320 2321 2429
f 2429 2321 2430
f 2321 2322 2430
f 2430 2322 2431
f 2322 2323 2431
f 2431 2323 2432
f 2323 2324 2432
f 2432 2324 2433
f 2324 2325 2433
f 2433 2325 2434
f 2325 2326 2434
f 2434 2326 2435
f 2326 2327 2435
f 2435 2327 2436
f 2327 2328 2436
f 2436 2328 2437
f 2328 2329 2437
f 2437 2329 2438
f 2329 2330 2438
f 2438 2330 2439
f 2330 2331 2439
f 2439 2331 2440
f 2331 2332 2440
f 2440 2332 2441
f 2332 2333 2441
f 2441 2333 2442
f 2333 2334 2442
f 2442 2334 2443
f 2334 2335 2443
f 2443 2335 2444
f 2335 2336 2444
f 2444 2336 2445
f 2336 2337 2445
f 2445 2337 2446
f 2337 2338 2446
f 2446 2338 2447
f 2338 2339 2447
f 2447 2339 2448
f 2449 2448 2450
f 2448 2339 2450
f 2450 2339 2451
f 2339 2340 2451
f 2451 2340 2452
f 2340 2341 2452
f 2453 2452 2454
f 2452 2341 2454
f 2341 2342 2454
f 2454 2342 2455
f 2455 2342 2456
f 2342 2343 2456
f 2343 2344 2456
f 2456 2344 2457
f 2344 2345 2457
f 2457 2345 2458
f 2345 2346 2458
f 2458 2346 2459
f 2346 2347 2459
f 2460 2459 2461
f 2459 2347 2461
f 2461 2347 2462
f 2347 2348 2462
f 2462 2348 2463
f 2348 2349 2463
f 2463 2349 2464
f 2349 2350 2464
f 2464 2350 2465
f 2350 2351 2465
f 2465 2351 2466
f 2351 2352 2466
f 2466 2352 2467
f 2352 2353 2467
f 2467 2353 2468
f 2353 2354 2468
f 2468 2354 2469
f 2354 2355 2469
f 2469 2355 2470
f 2355 2356 2470
f 2470 2356 2471
f 2356 2357 2471
f 2471 2357 2472
f 2357 2358 2472
f 2472 2358 2473
f 2358 2359 2473
f 2473 2359 2474
f 2359 2360 2474
f 2474 2360 2475
f 2360 2361 2475
f 2475 2361 2476
f 2361 2362 2476
f 2476 2362 2477
f 2362 2363 2477
f 2477 2363 2478
f 2363 2364 2478
f 2478 2364 2479
f 2364 2365 2479
f 2479 2365 2480
f 2365 2366 2480
f 2480 2366 2481
f 2366 2367 2481
f 2481 2367 2482
f 2367 2368 2482
f 2482 2368 2483
f 2368 2369 2483
f 2483 2369 2484
f 2369 2370 2484
f 2484 2370 2485
f 2370 2371 2485
f 2485 2371 2486
f 2371 2372 2486
f 2486 2372 2487
f 2372 2373 2487
f 2487 2373 2488
f 2373 2374 2488
f 2488 2374 2489
f 2374 2375 2489
f 2489 2375 2490
f 2375 2376 2490
f 2490 2376 2491
f 2376 2377 2491
f 2491 2377 2492
f 2377 2378 2492
f 2492 2378 2493
f 2378 2379 2493
f 2493 2379 2494
f 2379 2380 2494
f 2494 2380 2495
f 2380 2381 2495
f 2495 2381 2496
f 2381 2382 2496
f 2496 2382 2497
f 2382 2383 2497
f 2497 2383 2498
f 2383 2384 2498
f 2498 2384 2499
f 2384 2385 2499
f 2499 2385 2500
f 2385 2386 2500
f 2500 2386 2501
f 2386 2387 2501
f 2501 2387 2502
f 2387 2388 2502
f 2502 2388 2503
f 2388 2389 2503
f 2503 2389 2504
f 2505 2504 2506
f 2504 2389 2506
f 2389 2390 2506
f 2506 2390 2507
f 2390 2391 2507
f 2507 2391 2508
f 2391 2392 2508
f 2392 2393 2508
f 2508 2393 2509
f 2393 2394 2509
f 2509 2394 2510
f 2510 2394 2511
f 2394 2395 2511
f 2395 2396 2511
f 2511 2396 2512
f 2396 2397 2512
f 2512 2397 2513
f 2397 2398 2513
f 2513 2398 2514
f 2515 2514 2516
f 2514 2398 2516
f 2516 2398 2517
f 2398 2399 2517
f 2517 2399 2518
f 2399 2400 2518
f 2518 2400 2519
f 2400 2401 2519
f 2519 2401 2520
f 2401 2402 2520
f 2520 2402 2521
f 2402 2403 2521
f 2521 2403 2522
f 2403 2404 2522
f 2522 2404 2523
f 2404 2405 2523
f 2523 2405 2524
f 2405 2406 2524
f 2524 2406 2525
f 2406 2407 2525
f 2525 2407 2526
f 2407 2408 2526
f 2526 2408 2527
f 2408 2409 2527
f 2527 2409 2528
f 2409 2410 2528
f 2528 2410 2529
f 2410 2411 2529
f 2529 2411 2530
f 2411 2412 2530
f 2530 2412 2531
f 2412 2413 2531
f 2531 2413 2532
f 2413 2414 2532
f 2532 2414 2533
f 2414 2415 2533
f 2533 2415 2534
f 2415 2416 2534
f 2534 2416 2535
f 2416 2417 2535
f 2535 2417 2536
f 2417 2418 2536
f 2536 2418 2537
f 2418 2419 2537
f 2537 2419 2538
f 2419 2420 2538
f 2538 2420 2539
f 2420 2421 2539
f 2539 2421 2540
f 2421 2422 2540
f 2540 2422 2541
f 2422 2423 2541
f 2541 2423 2542
f 2423 2424 2542
f 2542 2424 2543
f 2424 2425 2543
f 2543 2425 2544
f 2425 2426 2544
f 2544 2426 2545
f 2426 2427 2545
f 2545 2427 2546
f 2427 2428 2546
f 2546 2428 2547
f 2428 2429 2547
f 2547 2429 2548
f 2429 2430 2548
f 2548 2430 2549
f 2430 2431 2549
f 2549 2431 2550
f 2431 2432 2550
f 2550 2432 2551
f 2432 2433 2551
f 2551 2433 2552
f 2433 2434 2552
f 2552 2434 2553
f 2434 2435 2553
f 2553 2435 2554
f 2435 2436 2554
f 2554 2436 2555
f 2436 2437 2555
f 2555 2437 2556
f 2437 2438 2556
f 2556 2438 2557
f 2438 2439 2557
f 2557 2439 2558
f 2439 2440 2558
f 2558 2440 2559
f 2440 2441 2559
f 2559 2441 2560
f 2441 2442 2560
f 2560 2442 2561
f 2442 2443 2561
f 2561 2443 2562
f 2443 2444 2562
f 2562 2444 2563
f 2444 2445 2563
f 2563 2445 2564
f 2445 2446 2564
f 2564 2446 2565
f 2446 2447 2565
f 2565 2447 2566
f 2447 2448 2566
f 2566 2448 2567
f 2448 2449 2567
f 2567 2449 2568
f 2569 2568 2570
f 2568 2449 2570
f 2570 2449 2571
f 2449 2450 2571
f 2571 2450 2572
f 2450 2451 2572
f 2572 2451 2573
f 2451 2452 2573
f 2452 2453 2573
f 2573 2453 2574
f 2574 2453 2575
f 2575 2453 2576
f 2453 2454 2576
f 2454 2455 2576
f 2576 2455 2577
f 2455 2456 2577
f 2456 2457 2577
f 2577 2457 2578
f 2457 2458 2578
f 2578 2458 2579
f 2458 2459 2579
f 2459 2460 2579
f 2579 2460 2580
f 2581 2580 2582
f 2580 2460 2582
f 2582 2460 2583
f 2460 2461 2583
f 2583 2461 2584
f 2461 2462 2584
f 2584 2462 2585
f 2462 2463 2585
f 2585 2463 2586
f 2463 2464 2586
f 2586 2464 2587
f 2464 2465 2587
f 2587 2465 2588
f 2465 2466 2588
f 2588 2466 2589
f 2466 2467 2589
f 2589 2467 2590
f 2467 2468 2590
f 2590 2468 2591
f 2468 2469 2591
f 2591 2469 2592
f 2469 2470 2592
f 2592 2470 2593
f 2470 2471 2593
f 2593 2471 2594
f 2471 2472 2594
f 2594 2472 2595
f 2472 2473 2595
f 2595 2473 2596
f 2473 2474 2596
f 2596 2474 2597
f 2474 2475 2597
f 2597 2475 2598
f 2475 2476 2598
f 2598 2476 2599
f 2476 2477 2599
f 2599 2477 2600
f 2477 2478 2600
f 2600 2478 2601
f 2478 2479 2601
f 2601 2479 2602
f 2479 2480 2602
f 2602 2480 2603
f 2480 2481 2603
f 2603 2481 2604
f 2481 2482 2604
f 2604 2482 2605
f 2482 2483 2605
f 2605 2483 2606
f 2483 2484 2606
f 2606 2484 2607
f 2484 2485 2607
f 2607 2485 2608
f 2485 2486 2608
f 2608 2486 2609
f 2486 2487 2609
f 2609 2487 2610
f 2487 2488 2610
f 2610 2488 2611
f 2488 2489 2611
f 2611 2489 2612
f 2489 2490 2612
f 2612 2490 2613
f 2490 2491 2613
f 2613 2491 2614
f 2491 2492 2614
f 2614 2492 2615
f 2492 2493 2615
f 2615 2493 2616
f 2493 2494 2616
f 2616 2494 2617
f 2494 2495 2617
f 2617 2495 2618
f 2495 2496 2618
f 2618 2496 2619
f 2496 2497 2619
f 2619 2497 2620
f 2497 2498 2620
f 2620 2498 2621
f 2498 2499 2621
f 2621 2499 2622
f 2499 2500 2622
f 2622 2500 2623
f 2500 2501 2623
f 2623 2501 2624
f 2501 2502 2624
f 2624 2502 2625
f 2502 2503 2625
f 2625 2503 2626
f 2503 2504 2626
f 2626 2504 2627
f 2504 2505 2627
f 2627 2505 2628
f 2629 2628 2630
f 2628 2505 2630
f 2630 2505 2631
f 2505 2506 2631
f 2506 2507 2631
f 2631 2507 2632
f 2507 2508 2632
f 2632 2508 2633
f 2508 2509 2633
f 2633 2509 2634
f 2509 2510 2634
f 2634 2510 2635
f 2510 2511 2635
f 2636 2637 2638
f 2637 2635 2638
f 2635 2511 2638
f 2511 2512 2638
f 2638 2512 2639
f 2512 2513 2639
f 2639 2513 2640
f 2513 2514 2640
f 2640 2514 2641
f 2514 2515 2641
f 2641 2515 2642
f 2643 2642 2644
f 2642 2515 2644
f 2644 2515 2645
f 2515 2516 2645
f 2645 2516 2646
f 2516 2517 2646
f 2646 2517 2647
f 2517 2518 2647
f 2647 2518 2648
f 2518 2519 2648
f 2648 2519 2649
f 2519 2520 2649
f 2649 2520 2650
f 2520 2521 2650
f 2650 2521 2651
f 2521 2522 2651
f 2651 2522 2652
f 2522 2523 2652
f 2652 2523 2653
f 2523 2524 2653
f 2653 2524 2654
f 2524 2525 2654
f 2654 2525 2655
f 2525 2526 2655
f 2655 2526 2656
f 2526 2527 2656
f 2656 2527 2657
f 2527 2528 2657
f 2657 2528 2658
f 2528 2529 2658
f 2658 2529 2659
f 2529 2530 2659
f 2659 2530 2660
f 2530 2531 2660
f 2660 2531 2661
f 2531 2532 2661
f 2661 2532 2662
f 2532 2533 2662
f 2662 2533 2663
f 2533 2534 2663
f 2663 2534 2664
f 2534 2535 2664
f 2664 2535 2665
f 2535 2536 2665
f 2665 2536 2666
f 2536 2537 2666
f 2666 2537 2667
f 2537 2538 2667
f 2667 2538 2668
f 2538 2539 2668
f 2668 2539 2669
f 2539 2540 2669
f 2669 2540 2670
f 2540 2541 2670
f 2670 2541 2671
f 2541 2542 2671
f 2671 2542 2672
f 2542 2543 2672
f 2672 2543 2673
f 2543 2544 2673
f 2673 2544 2674
f 2544 2545 2674
f 2674 2545 2675
f 2545 2546 2675
f 2675 2546 2676
f 2546 2547 2676
f 2676 2547 2677
f 2547 2548 2677
f 2677 2548 2678
f 2548 2549 2678
f 2678 2549 2679
f 2549 2550 2679
f 2679 2550 2680
f 2550 2551 2680
f 2680 2551 2681
f 2551 2552 2681
f 2681 2552 2682
f 2552 2553 2682
f 2682 2553 2683
f 2553 2554 2683
f 2683 2554 2684
f 2554 2555 2684
f 2684 2555 2685
f 2555 2556 2685
f 2685 2556 2686
f 2556 2557 2686
f 2686 2557 2687
f 2557 2558 2687
f 2687 2558 2688
f 2558 2559 2688
f 2688 2559 2689
f 2559 2560 2689
f 2689 2560 2690
f 2560 2561 2690
f 2690 2561 2691
f 2561 2562 2691
f 2691 2562 2692
f 2562 2563 2692
f 2692 2563 2693
f 2563 2564 2693
f 2693 2564 2694
f 2564 2565 2694
f 2694 2565 2695
f 2565 2566 2695
f 2695 2566 2696
f 2566 2567 2696
f 2696 2567 2697
f 2567 2568 2697
f 2697 2568 2698
f 2568 2569 2698
f 2698 2569 2699
f 2700 2699 2701
f 2699 2569 2701
f 2701 2569 2702
f 2569 2570 2702
f 2702 2570 2703
f 2570 2571 2703
f 2703 2571 2704
f 2571 2572 2704
f 2704 2572 2705
f 2572 2573 2705
f 2705 2573 2706
f 2706 2573 2707
f 2573 2574 2707
f 2707 2574 2708
f 2574 2575 2708
f 2708 2575 2709
f 2575 2576 2709
f 2576 2577 2709
f 2709 2577 2710
f 2577 2578 2710
f 2710 2578 2711
f 2578 2579 2711
f 2579 2580 2711
f 2711 2580 2712
f 2580 2581 2712
f 2712 2581 2713
f 2714 2713 2715
f 2713 2581 2715
f 2715 2581 2716
f 2581 2582 2716
f 2716 2582 2717
f 2582 2583 2717
f 2717 2583 2718
f 2583 2584 2718
f 2718 2584 2719
f 2584 2585 2719
f 2719 2585 2720
f 2585 2586 2720
f 2720 2586 2721
f 2586 2587 2721
f 2721 2587 2722
f 2587 2588 2722
f 2722 2588 2723
f 2588 2589 2723
f 2723 2589 2724
f 2589 2590 2724
f 2724 2590 2725
f 2590 2591 2725
f 2725 2591 2726
f 2591 2592 2726
f 2726 2592 2727
f 2592 2593 2727
f 2727 2593 2728
f 2593 2594 2728
f 2728 2594 2729
f 2594 2595 2729
f 2729 2595 2730
f 2595 2596 2730
f 2730 2596 2731
f 2596 2597 2731
f 2731 2597 2732
f 2597 2598 2732
f 2732 2598 2733
f 2598 2599 2733
f 2733 2599 2734
f 2599 2600 2734
f 2734 2600 2735
f 2600 2601 2735
f 2735 2601 2736
f 2601 2602 2736
f 2736 2602 2737
f 2602 2603 2737
f 2737 2603 2738
f 2603 2604 2738
f 2738 2604 2739
f 2604 2605 2739
f 2739 2605 2740
f 2605 2606 2740
f 2740 2606 2741
f 2606 2607 2741
f 2741 2607 2742
f 2607 2608 2742
f 2742 2608 2743
f 2608 2609 2743
f 2743 2609 2744
f 2609 2610 2744
f 2744 2610 2745
f 2610 2611 2745
f 2745 2611 2746
f 2611 2612 2746
f 2746 2612 2747
f 2612 2613 2747
f 2747 2613 2748
f 2613 2614 2748
f 2748 2614 2749
f 2614 2615 2749
f 2749 2615 2750
f 2615 2616 2750
f 2750 2616 2751
f 2616 2617 2751
f 2751 2617 2752
f 2617 2618 2752
f 2752 2618 2753
f 2618 2619 2753
f 2753 2619 2754
f 2619 2620 2754
f 2754 2620 2755
f 2620 2621 2755
f 2755 2621 2756
f 2621 2622 2756
f 2756 2622 2757
f 2622 2623 2757
f 2757 2623 2758
f 2623 2624 2758
f 2758 2624 2759
f 2624 2625 2759
f 2759 2625 2760
f 2625 2626 2760
f 2760 2626 2761
f 2626 2627 2761
f 2761 2627 2762
f 2627 2628 2762
f 2762 2628 2763
f 2628 2629 2763
f 2763 2629 2764
f 2765 2764 2766
f 2764 2629 2766
f 2766 2629 2767
f 2629 2630 2767
f 2767 2630 2768
f 2630 2631 2768
f 2631 2632 2768
f 2768 2632 2769
f 2632 2633 2769
f 2769 2633 2770
f 2633 2634 2770
f 2770 2634 2771
f 2634 2635 2771
f 2635 2637 2771
f 2771 2637 2772
f 2637 2636 2772
f 2772 2636 2773
f 2773 2636 2774
f 2775 2774 2776
f 2774 2636 2776
f 2636 2638 2776
f 2638 2639 2776
f 2776 2639 2777
f 2639 2640 2777
f 2777 2640 2778
f 2640 2641 2778
f 2778 2641 2779
f 2641 2642 2779
f 2779 2642 2780
f 2642 2643 2780
f 2780 2643 2781
f 2782 2783 2784
f 2783 2781 2784
f 2784 2781 2785
f 2781 2643 2785
f 2785 2643 2786
f 2643 2644 2786
f 2786 2644 2787
f 2644 2645 2787
f 2787 2645 2788
f 2645 2646 2788
f 2788 2646 2789
f 2646 2647 2789
f 2789 2647 2790
f 2647 2648 2790
f 2790 2648 2791
f 2648 2649 2791
f 2791 2649 2792
f 2649 2650 2792
f 2792 2650 2793
f 2650 2651 2793
f 2793 2651 2794
f 2651 2652 2794
f 2794 2652 2795
f 2652 2653 2795
f 2795 2653 2796
f 2653 2654 2796
f 2796 2654 2797
f 2654 2655 2797
f 2797 2655 2798
f 2655 2656 2798
f 2798 2656 2799
f 2656 2657 2799
f 2799 2657 2800
f 2657 2658 2800
f 2800 2658 2801
f 2658 2659 2801
f 2801 2659 2802
f 2659 2660 2802
f 2802 2660 2803
f 2660 2661 2803
f 2803 2661 2804
f 2661 2662 2804
f 2804 2662 2805
f 2662 2663 2805
f 2805 2663 2806
f 2663 2664 2806
f 2806 2664 2807
f 2664 2665 2807
f 2807 2665 2808
f 2665 2666 2808
f 2808 2666 2809
f 2666 2667 2809
f 2809 2667 2810
f 2667 2668 2810
f 2810 2668 2811
f 2668 2669 2811
f 2811 2669 2812
f 2669 2670 2812
f 2812 2670 2813
f 2670 2671 2813
f 2813 2671 2814
f 2671 2672 2814
f 2814 2672 2815
f 2672 2673 2815
f 2815 2673 2816
f 2673 2674 2816
f 2816 2674 2817
f 2674 2675 2817
f 2817 2675 2818
f 2675 2676 2818
f 2818 2676 2819
f 2676 2677 2819
f 2819 2677 2820
f 2677 2678 2820
f 2820 2678 2821
f 2678 2679 2821
f 2821 2679 2822
f 2679 2680 2822
f 2822 2680 2823
f 2680 2681 2823
f 2823 2681 2824
f 2681 2682 2824
f 2824 2682 2825
f 2682 2683 2825
f 2825 2683 2826
f 2683 2684 2826
f 2826 2684 2827
f 2684 2685 2827
f 2827 2685 2828
f 2685 2686 2828
f 2828 2686 2829
f 2686 2687 2829
f 2829 2687 2830
f 2687 2688 2830
f 2830 2688 2831
f 2688 2689 2831
f 2831 2689 2832
f 2689 2690 2832
f 2832 2690 2833
f 2690 2691 2833
f 2833 2691 2834
f 2691 2692 2834
f 2834 2692 2835
f 2692 2693 2835
f 2835 2693 2836
f 2693 2694 2836
f 2836 2694 2837
f 2694 2695 2837
f 2837 2695 2838
f 2695 2696 2838
f 2838 2696 2839
f 2696 2697 2839
f 2839 2697 2840
f 2697 2698 2840
f 2840 2698 2841
f 2698 2699 2841
f 2841 2699 2842
f 2699 2700 2842
f 2842 2700 2843
f 2844 2843 2845
f 2843 2700 2845
f 2845 2700 2846
f 2700 2701 2846
f 2846 2701 2847
f 2701 2702 2847
f 2847 2702 2848
f 2702 2703 2848
f 2848 2703 2849
f 2703 2704 2849
f 2849 2704 2850
f 2704 2705 2850
f 2851 2850 2852
f 2850 2705 2852
f 2705 2706 2852
f 2852 2706 2853
f 2853 2706 2854
f 2706 2707 2854
f 2707 2708 2854
f 2854 2708 2855
f 2708 2709 2855
f 2855 2709 2856
f 2709 2710 2856
f 2856 2710 2857
f 2710 2711 2857
f 2711 2712 2857
f 2857 2712 2858
f 2712 2713 2858
f 2858 2713 2859
f 2713 2714 2859
f 2859 2714 2860
f 2861 2860 2862
f 2860 2714 2862
f 2862 2714 2863
f 2714 2715 2863
f 2863 2715 2864
f 2715 2716 2864
f 2864 2716 2865
f 2716 2717 2865
f 2865 2717 2866
f 2717 2718 2866
f 2866 2718 2867
f 2718 2719 2867
f 2867 2719 2868
f 2719 2720 2868
f 2868 2720 2869
f 2720 2721 2869
f 2869 2721 2870
f 2721 2722 2870
f 2870 2722 2871
f 2722 2723 2871
f 2871 2723 2872
f 2723 2724 2872
f 2872 2724 2873
f 2724 2725 2873
f 2873 2725 2874
f 2725 2726 2874
f 2874 2726 2875
f 2726 2727 2875
f 2875 2727 2876
f 2727 2728 2876
f 2876 2728 2877
f 2728 2729 2877
f 2877 2729 2878
f 2729 2730 2878
f 2878 2730 2879
f 2730 2731 2879
f 2879 2731 2880
f 2731 2732 2880
f 2880 2732 2881
f 2732 2733 2881
f 2881 2733 2882
f 2733 2734 2882
f 2882 2734 2883
f 2734 2735 2883
f 2883 2735 2884
f 2735 2736 2884
f 2884 2736 2885
f 2736 2737 2885
f 2885 2737 2886
f 2737 2738 2886
f 2886 2738 2887
f 2738 2739 2887
f 2887 2739 2888
f 2739 2740 2888
f 2888 2740 2889
f 2740 2741 2889
f 2889 2741 2890
f 2741 2742 2890
f 2890 2742 2891
f 2742 2743 2891
f 2891 2743 2892
f 2743 2744 2892
f 2892 2744 2893
f 2744 2745 2893
f 2893 2745 2894
f 2745 2746 2894
f 2894 2746 2895
f 2746 2747 2895
f 2895 2747 2896
f 2747 2748 2896
f 2896 2748 2897
f 2748 2749 2897
f 2897 2749 2898
f 2749 2750 2898
f 2898 2750 2899
f 2750 2751 2899
f 2899 2751 2900
f 2751 2752 2900
f 2900 2752 2901
f 2752 2753 2901
f 2901 2753 2902
f 2753 2754 2902
f 2902 2754 2903
f 2754 2755 2903
f 2903 2755 2904
f 2755 2756 2904
f 2904 2756 2905
f 2756 2757 2905
f 2905 2757 2906
f 2757 2758 2906
f 2906 2758 2907
f 2758 2759 2907
f 2907 2759 2908
f 2759 2760 2908
f 2908 2760 2909
f 2760 2761 2909
f 2909 2761 2910
f 2761 2762 2910
f 2910 2762 2911
f 2762 2763 2911
f 2911 2763 2912
f 2763 2764 2912
f 2912 2764 2913
f 2764 2765 2913
f 2913 2765 2914
f 2915 2914 2916
f 2914 2765 2916
f 2916 2765 2917
f 2765 2766 2917
f 2917 2766 2918
f 2766 2767 2918
f 2918 2767 2919
f 2767 2768 2919
f 2768 2769 2919
f 2919 2769 2920
f 2769 2770 2920
f 2920 2770 2921
f 2770 2771 2921
f 2771 2772 2921
f 2772 2773 2921
f 2921 2773 2922
f 2773 2774 2922
f 2774 2775 2922
f 2922 2775 2923
f 2923 2775 2924
f 2924 2775 2925
f 2775 2776 2925
f 2776 2777 2925
f 2925 2777 2926
f 2777 2778 2926
f 2926 2778 2927
f 2778 2779 2927
f 2927 2779 2928
f 2779 2780 2928
f 2928 2780 2929
f 2780 2781 2929
f 2781 2783 2929
f 2929 2783 2930
f 2930 2783 2931
f 2783 2782 2931
f 2931 2782 2932
f 2933 2932 2934
f 2932 2782 2934
f 2934 2782 2935
f 2782 2784 2935
f 2935 2784 2936
f 2784 2785 2936
f 2936 2785 2937
f 2785 2786 2937
f 2937 2786 2938
f 2786 2787 2938
f 2938 2787 2939
f 2787 2788 2939
f 2939 2788 2940
f 2788 2789 2940
f 2940 2789 2941
f 2789 2790 2941
f 2941 2790 2942
f 2790 2791 2942
f 2942 2791 2943
f 2791 2792 2943
f 2943 2792 2944
f 2792 2793 2944
f 2944 2793 2945
f 2793 2794 2945
f 2945 2794 2946
f 2794 2795 2946
f 2946 2795 2947
f 2795 2796 2947
f 2947 2796 2948
f 2796 2797 2948
f 2948 2797 2949
f 2797 2798 2949
f 2949 2798 2950
f 2798 2799 2950
f 2950 2799 2951
f 2799 2800 2951
f 2951 2800 2952
f 2800 2801 2952
f 2952 2801 2953
f 2801 2802 2953
f 2953 2802 2954
f 2802 2803 2954
f 2954 2803 2955
f 2803 2804 2955
f 2955 2804 2956
f 2804 2805 2956
f 2956 2805 2957
f 2805 2806 2957
f 2957 2806 2958
f 2806 2807 2958
f 2958 2807 2959
f 2807 2808 2959
f 2959 2808 2960
f 2808 2809 2960
f 2960 2809 2961
f 2809 2810 2961
f 2961 2810 2962
f 2810 2811 2962
f 2962 2811 2963
f 2811 2812 2963
f 2963 2812 2964
f 2812 2813 2964
f 2964 2813 2965
f 2813 2814 2965
f 2965 2814 2966
f 2814 2815 2966
f 2966 2815 2967
f 2815 2816 2967
f 2967 2816 2968
f 2816 2817 2968
f 2968 2817 2969
f 2817 2818 2969
f 2969 2818 2970
f 2818 2819 2970
f 2970 2819 2971
f 2819 2820 2971
f 2971 2820 2972
f 2820 2821 2972
f 2972 2821 2973
f 2821 2822 2973
f 2973 2822 2974
f 2822 2823 2974
f 2974 2823 2975
f 2823 2824 2975
f 2975 2824 2976
f 2824 2825 2976
f 2976 2825 2977
f 2825 2826 2977
f 2977 2826 2978
f 2826 2827 2978
f 2978 2827 2979
f 2827 2828 2979
f 2979 2828 2980
f 2828 2829 2980
f 2980 2829 2981
f 2829 2830 2981
f 2981 2830 2982
f 2830 2831 2982
f 2982 2831 2983
f 2831 2832 2983
f 2983 2832 2984
f 2832 2833 2984
f 2984 2833 2985
f 2833 2834 2985
f 2985 2834 2986
f 2834 2835 2986
f 2986 2835 2987
f 2835 2836 2987
f 2987 2836 2988
f 2836 2837 2988
f 2988 2837 2989
f 2837 2838 2989
f 2989 2838 2990
f 2838 2839 2990
f 2990 2839 2991
f 2839 2840 2991
f 2991 2840 2992
f 2840 2841 2992
f 2992 2841 2993
f 2841 2842 2993
f 2993 2842 2994
f 2842 2843 2994
f 2994 2843 2995
f 2843 2844 2995
f 2995 2844 2996
f 2997 2996 2998
f 2996 2844 2998
f 2998 2844 2999
f 2844 2845 2999
f 2999 2845 3000
f 2845 2846 3000
f 3000 2846 3001
f 2846 2847 3001
f 3001 2847 3002
f 2847 2848 3002
f 3002 2848 3003
f 2848 2849 3003
f 3003 2849 3004
f 2849 2850 3004
f 2850 2851 3004
f 3005 3004 3006
f 3004 2851 3006
f 3006 2851 3007
f 3007 2851 3008
f 2851 2852 3008
f 2852 2853 3008
f 3008 2853 3009
f 2853 2854 3009
f 2854 2855 3009
f 3009 2855 3010
f 2855 2856 3010
f 3010 2856 3011
f 2856 2857 3011
f 2857 2858 3011
f 3011 2858 3012
f 2858 2859 3012
f 3012 2859 3013
f 2859 2860 3013
f 3013 2860 3014
f 2860 2861 3014
f 3014 2861 3015
f 3016 3015 3017
f 3015 2861 3017
f 3017 2861 3018
f 2861 2862 3018
f 3018 2862 3019
f 2862 2863 3019
f 3019 2863 3020
f 2863 2864 3020
f 3020 2864 3021
f 2864 2865 3021
f 3021 2865 3022
f 2865 2866 3022
f 3022 2866 3023
f 2866 2867 3023
f 3023 2867 3024
f 2867 2868 3024
f 3024 2868 3025
f 2868 2869 3025
f 3025 2869 3026
f 2869 2870 3026
f 3026 2870 3027
f 2870 2871 3027
f 3027 2871 3028
f 2871 2872 3028
f 3028 2872 3029
f 2872 2873 3029
f 3029 2873 3030
f 2873 2874 3030
f 3030 2874 3031
f 2874 2875 3031
f 3031 2875 3032
f 2875 2876 3032
f 3032 2876 3033
f 2876 2877 3033
f 3033 2877 3034
f 2877 2878 3034
f 3034 2878 3035
f 2878 2879 3035
f 3035 2879 3036
f 2879 2880 3036
f 3036 2880 3037
f 2880 2881 3037
f 3037 2881 3038
f 2881 2882 3038
f 3038 2882 3039
f 2882 2883 3039
f 3039 2883 3040
f 2883 2884 3040
f 3040 2884 3041
f 2884 2885 3041
f 3041 2885 3042
f 2885 2886 3042
f 3042 2886 3043
f 2886 2887 3043
f 3043 2887 3044
f 2887 2888 3044
f 3044 2888 3045
f 2888 2889 3045
f 3045 2889 3046
f 2889 2890 3046
f 3046 2890 3047
f 2890 2891 3047
f 3047 2891 3048
f 2891 2892 3048
f 3048 2892 3049
f 2892 2893 3049
f 3049 2893 3050
f 2893 2894 3050
f 3050 2894 3051
f 2894 2895 3051
f 3051 2895 3052
f 2895 2896 3052
f 3052 2896 3053
f 2896 2897 3053
f 3053 2897 3054
f 2897 2898 3054
f 3054 2898 3055
f 2898 2899 3055
f 3055 2899 3056
f 2899 2900 3056
f 3056 2900 3057
f 2900 2901 3057
f 3057 2901 3058
f 2901 2902 3058
f 3058 2902 3059
f 2902 2903 3059
f 3059 2903 3060
f 2903 2904 3060
f 3060 2904 3061
f 2904 2905 3061
f 3061 2905 3062
f 2905 2906 3062
f 3062 2906 3063
f 2906 2907 3063
f 3063 2907 3064
f 2907 2908 3064
f 3064 2908 3065
f 2908 2909 3065
f 3065 2909 3066
f 2909 2910 3066
f 3066 2910 3067
f 2910 2911 3067
f 3067 2911 3068
f 2911 2912 3068
f 3068 2912 3069
f 2912 2913 3069
f 3069 2913 3070
f 2913 2914 3070
f 3070 2914 3071
f 2914 2915 3071
f 3071 2915 3072
f 3073 3072 3074
f 3072 2915 3074
f 3074 2915 3075
f 2915 2916 3075
f 3075 2916 3076
f 2916 2917 3076
f 3076 2917 3077
f 2917 2918 3077
f 3077 2918 3078
f 2918 2919 3078
f 2919 2920 3078
f 3078 2920 3079
f 2920 2921 3079
f 3079 2921 3080
f 2921 2922 3080
f 2922 2923 3080
f 3080 2923 3081
f 2923 2924 3081
f 3081 2924 3082
f 3083 3082 3084
f 3082 2924 3084
f 2924 2925 3084
f 2925 2926 3084
f 3084 2926 3085
f 2926 2927 3085
f 3085 2927 3086
f 2927 2928 3086
f 3086 2928 3087
f 2928 2929 3087
f 2929 2930 3087
f 3087 2930 3088
f 3088 2930 3089
f 2930 2931 3089
f 3089 2931 3090
f 2931 2932 3090
f 3090 2932 3091
f 2932 2933 3091
f 2933 3092 3091
f 3091 3092 3093
f 3092 3094 3093
f 3093 3094 3095
f 3094 3096 3095
f 3095 3096 3097
f 3096 3098 3097
f 3097 3098 3099
f 3098 3100 3099
f 3099 3100 3101
f 3100 3102 3101
f 3101 3102 3103
f 3102 3104 3103
f 3103 3104 3105
f 3104 3106 3105
f 3105 3106 3107
f 3106 3108 3107
f 3107 3108 3109
f 3108 2997 3109
f 2997 2998 3109
f 3109 2998 3110
f 2998 2999 3110
f 3110 2999 3111
f 2999 3000 3111
f 3111 3000 3112
f 3000 3001 3112
f 3112 3001 3113
f 3001 3002 3113
f 3113 3002 3114
f 3002 3003 3114
f 3114 3003 3115
f 3003 3004 3115
f 3115 3004 3116
f 3004 3005 3116
f 3116 3005 3117
f 3117 3005 3118
f 3005 3006 3118
f 3006 3007 3118
f 3118 3007 3119
f 3007 3008 3119
f 3008 3009 3119
f 3119 3009 3120
f 3009 3010 3120
f 3120 3010 3121
f 3010 3011 3121
f 3011 3012 3121
f 3121 3012 3122
f 3012 3013 3122
f 3122 3013 3123
f 3013 3014 3123
f 3123 3014 3124
f 3014 3015 3124
f 3124 3015 3125
f 3015 3016 3125
f 3125 3016 3126
f 3127 3126 3128
f 3126 3016 3128
f 3128 3016 3129
f 3016 3017 3129
f 3129 3017 3130
f 3017 3018 3130
f 3130 3018 3131
f 3018 3019 3131
f 3131 3019 3132
f 3019 3020 3132
f 3132 3020 3133
f 3020 3021 3133
f 3133 3021 3134
f 3021 3022 3134
f 3134 3022 3135
f 3022 3023 3135
f 3135 3023 3136
f 3023 3024 3136
f 3136 3024 3137
f 3024 3025 3137
f 3137 3025 3138
f 3025 3026 3138
f 3138 3026 3139
f 3026 3027 3139
f 3139 3027 3140
f 3027 3028 3140
f 3140 3028 3141
f 3028 3029 3141
f 3141 3029 3142
f 3029 3030 3142
f 3142 3030 3143
f 3030 3031 3143
f 3143 3031 3144
f 3031 3032 3144
f 3144 3032 3145
f 3032 3033 3145
f 3145 3033 3146
f 3033 3034 3146
f 3146 3034 3147
f 3034 3035 3147
f 3147 3035 3148
f 3035 3036 3148
f 3148 3036 3149
f 3036 3037 3149
f 3149 3037 3150
f 3037 3038 3150
f 3150 3038 3151
f 3038 3039 3151
f 3151 3039 3152
f 3039 3040 3152
f 3152 3040 3153
f 3040 3041 3153
f 3153 3041 3154
f 3041 3042 3154
f 3154 3042 3155
f 3042 3043 3155
f 3155 3043 3156
f 3043 3044 3156
f 3156 3044 3157
f 3044 3045 3157
f 3157 3045 3158
f 3045 3046 3158
f 3158 3046 3159
f 3046 3047 3159
f 3159 3047 3160
f 3047 3048 3160
f 3160 3048 3161
f 3048 3049 3161
f 3161 3049 3162
f 3049 3050 3162
f 3162 3050 3163
f 3050 3051 3163
f 3163 3051 3164
f 3051 3052 3164
f 3164 3052 3165
f 3052 3053 3165
f 3165 3053 3166
f 3053 3054 3166
f 3166 3054 3167
f 3054 3055 3167
f 3167 3055 3168
f 3055 3056 3168
f 3168 3056 3169
f 3056 3057 3169
f 3169 3057 3170
f 3057 3058 3170
f 3170 3058 3171
f 3058 3059 3171
f 3171 3059 3172
f 3059 3060 3172
f 3172 3060 3173
f 3060 3061 3173
f 3173 3061 3174
f 3061 3062 3174
f 3174 3062 3175
f 3062 3063 3175
f 3175 3063 3176
f 3063 3064 3176
f 3176 3064 3177
f 3064 3065 3177
f 3177 3065 3178
f 3065 3066 3178
f 3178 3066 3179
f 3066 3067 3179
f 3179 3067 3180
f 3067 3068 3180
f 3180 3068 3181
f 3068 3069 3181
f 3181 3069 3182
f 3069 3070 3182
f 3182 3070 3183
f 3070 3071 3183
f 3183 3071 3184
f 3071 3072 3184
f 3184 3072 3185
f 3072 3073 3185
f 3185 3073 3186
f 3187 3186 3188
f 3186 3073 3188
f 3188 3073 3189
f 3073 3074 3189
f 3189 3074 3190
f 3074 3075 3190
f 3190 3075 3191
f 3075 3076 3191
f 3191 3076 3192
f 3076 3077 3192
f 3192 3077 3193
f 3077 3078 3193
f 3078 3079 3193
f 3193 3079 3194
f 3079 3080 3194
f 3194 3080 3195
f 3080 3081 3195
f 3195 3081 3196
f 3081 3082 3196
f 3082 3083 3196
f 3196 3083 3197
f 3197 3083 3198
f 3083 3084 3198
f 3199 3198 3200
f 3198 3084 3200
f 3084 3085 3200
f 3200 3085 3201
f 3085 3086 3201
f 3201 3086 3202
f 3086 3087 3202
f 3087 3088 3202
f 3202 3088 3203
f 3203 3088 3204
f 3088 3089 3204
f 3204 3089 3205
f 3089 3090 3205
f 3205 3090 3206
f 3090 3091 3206
f 3091 3093 3206
f 3206 3093 3207
f 3093 3095 3207
f 3207 3095 3208
f 3095 3097 3208
f 3208 3097 3209
f 3097 3099 3209
f 3209 3099 3210
f 3099 3101 3210
f 3210 3101 3211
f 3101 3103 3211
f 3211 3103 3212
f 3103 3105 3212
f 3212 3105 3213
f 3105 3107 3213
f 3213 3107 3214
f 3107 3109 3214
f 3109 3110 3214
f 3214 3110 3215
f 3110 3111 3215
f 3215 3111 3216
f 3111 3112 3216
f 3216 3112 3217
f 3112 3113 3217
f 3217 3113 3218
f 3113 3114 3218
f 3218 3114 3219
f 3114 3115 3219
f 3220 3219 3221
f 3219 3115 3221
f 3221 3115 3222
f 3115 3116 3222
f 3222 3116 3223
f 3116 3117 3223
f 3223 3117 3224
f 3117 3118 3224
f 3118 3119 3224
f 3224 3119 3225
f 3119 3120 3225
f 3225 3120 3226
f 3120 3121 3226
f 3121 3122 3226
f 3226 3122 3227
f 3122 3123 3227
f 3227 3123 3228
f 3123 3124 3228
f 3228 3124 3229
f 3124 3125 3229
f 3229 3125 3230
f 3125 3126 3230
f 3230 3126 3231
f 3126 3127 3231
f 3231 3127 3232
f 3233 3232 3234
f 3232 3127 3234
f 3234 3127 3235
f 3127 3128 3235
f 3235 3128 3236
f 3128 3129 3236
f 3236 3129 3237
f 3129 3130 3237
f 3237 3130 3238
f 3130 3131 3238
f 3238 3131 3239
f 3131 3132 3239
f 3239 3132 3240
f 3132 3133 3240
f 3240 3133 3241
f 3133 3134 3241
f 3241 3134 3242
f 3134 3135 3242
f 3242 3135 3243
f 3135 3136 3243
f 3243 3136 3244
f 3136 3137 3244
f 3244 3137 3245
f 3137 3138 3245
f 3245 3138 3246
f 3138 3139 3246
f 3246 3139 3247
f 3139 3140 3247
f 3247 3140 3248
f 3140 3141 3248
f 3248 3141 3249
f 3141 3142 3249
f 3249 3142 3250
f 3142 3143 3250
f 3250 3143 3251
f 3143 3144 3251
f 3251 3144 3252
f 3144 3145 3252
f 3252 3145 3253
f 3145 3146 3253
f 3253 3146 3254
f 3146 3147 3254
f 3254 3147 3255
f 3147 3148 3255
f 3255 3148 3256
f 3148 3149 3256
f 3256 3149 3257
f 3149 3150 3257
f 3257 3150 3258
f 3150 3151 3258
f 3258 3151 3259
f 3151 3152 3259
f 3259 3152 3260
f 3152 3153 3260
f 3260 3153 3261
f 3153 3154 3261
f 3261 3154 3262
f 3154 3155 3262
f 3262 3155 3263
f 3155 3156 3263
f 3263 3156 3264
f 3156 3157 3264
f 3264 3157 3265
f 3157 3158 3265
f 3265 3158 3266
f 3158 3159 3266
f 3266 3159 3267
f 3159 3160 3267
f 3267 3160 3268
f 3160 3161 3268
f 3268 3161 3269
f 3161 3162 3269
f 3269 3162 3270
f 3162 3163 3270
f 3270 3163 3271
f 3163 3164 3271
f 3271 3164 3272
f 3164 3165 3272
f 3272 3165 3273
f 3165 3166 3273
f 3273 3166 3274
f 3166 3167 3274
f 3274 3167 3275
f 3167 3168 3275
f 3275 3168 3276
f 3168 3169 3276
f 3276 3169 3277
f 3169 3170 3277
f 3277 3170 3278
f 3170 3171 3278
f 3278 3171 3279
f 3171 3172 3279
f 3279 3172 3280
f 3172 3173 3280
f 3280 3173 3281
f 3173 3174 3281
f 3281 3174 3282
f 3174 3175 3282
f 3282 3175 3283
f 3175 3176 3283
f 3283 3176 3284
f 3176 3177 3284
f 3284 3177 3285
f 3177 3178 3285
f 3285 3178 3286
f 3178 3179 3286
f 3286 3179 3287
f 3179 3180 3287
f 3287 3180 3288
f 3180 3181 3288
f 3288 3181 3289
f 3181 3182 3289
f 3289 3182 3290
f 3182 3183 3290
f 3290 3183 3291
f 3183 3184 3291
f 3291 3184 3292
f 3184 3185 3292
f 3292 3185 3293
f 3185 3186 3293
f 3293 3186 3294
f 3186 3187 3294
f 3294 3187 3295
f 3296 3295 3297
f 3295 3187 3297
f 3297 3187 3298
f 3187 3188 3298
f 3298 3188 3299
f 3188 3189 3299
f 3299 3189 3300
f 3189 3190 3300
f 3300 3190 3301
f 3190 3191 3301
f 3301 3191 3302
f 3191 3192 3302
f 3302 3192 3303
f 3192 3193 3303
f 3193 3194 3303
f 3303 3194 3304
f 3194 3195 3304
f 3304 3195 3305
f 3195 3196 3305
f 3196 3197 3305
f 3305 3197 3306
f 3197 3198 3306
f 3198 3199 3306
f 3306 3199 3307
f 3307 3199 3308
f 3308 3199 3309
f 3199 3200 3309
f 3200 3201 3309
f 3309 3201 3310
f 3201 3202 3310
f 3202 3203 3310
f 3310 3203 3311
f 3311 3203 3312
f 3203 3204 3312
f 3312 3204 3313
f 3204 3205 3313
f 3313 3205 3314
f 3205 3206 3314
f 3206 3207 3314
f 3314 3207 3315
f 3207 3208 3315
f 3315 3208 3316
f 3208 3209 3316
f 3316 3209 3317
f 3209 3210 3317
f 3317 3210 3318
f 3210 3211 3318
f 3318 3211 3319
f 3211 3212 3319
f 3319 3212 3320
f 3212 3213 3320
f 3320 3213 3321
f 3213 3214 3321
f 3214 3215 3321
f 3321 3215 3322
f 3215 3216 3322
f 3322 3216 3323
f 3216 3217 3323
f 3323 3217 3324
f 3217 3218 3324
f 3324 3218 3325
f 3218 3219 3325
f 3219 3220 3325
f 3325 3220 3326
f 3326 3220 3327
f 3327 3220 3328
f 3220 3221 3328
f 3328 3221 3329
f 3221 3222 3329
f 3222 3223 3329
f 3329 3223 3330
f 3223 3224 3330
f 3330 3224 3331
f 3224 3225 3331
f 3331 3225 3332
f 3225 3226 3332
f 3226 3227 3332
f 3332 3227 3333
f 3227 3228 3333
f 3333 3228 3334
f 3228 3229 3334
f 3334 3229 3335
f 3229 3230 3335
f 3335 3230 3336
f 3230 3231 3336
f 3336 3231 3337
f 3231 3232 3337
f 3337 3232 3338
f 3232 3233 3338
f 3338 3233 3339
f 3340 3339 3341
f 3339 3233 3341
f 3341 3233 3342
f 3233 3234 3342
f 3342 3234 3343
f 3234 3235 3343
f 3343 3235 3344
f 3235 3236 3344
f 3344 3236 3345
f 3236 3237 3345
f 3345 3237 3346
f 3237 3238 3346
f 3346 3238 3347
f 3238 3239 3347
f 3347 3239 3348
f 3239 3240 3348
f 3348 3240 3349
f 3240 3241 3349
f 3349 3241 3350
f 3241 3242 3350
f 3350 3242 3351
f 3242 3243 3351
f 3351 3243 3352
f 3243 3244 3352
f 3352 3244 3353
f 3244 3245 3353
f 3353 3245 3354
f 3245 3246 3354
f 3354 3246 3355
f 3246 3247 3355
f 3355 3247 3356
f 3247 3248 3356
f 3356 3248 3357
f 3248 3249 3357
f 3357 3249 3358
f 3249 3250 3358
f 3358 3250 3359
f 3250 3251 3359
f 3359 3251 3360
f 3251 3252 3360
f 3360 3252 3361
f 3252 3253 3361
f 3361 3253 3362
f 3253 3254 3362
f 3362 3254 3363
f 3254 3255 3363
f 3363 3255 3364
f 3255 3256 3364
f 3364 3256 3365
f 3256 3257 3365
f 3365 3257 3366
f 3257 3258 3366
f 3366 3258 3367
f 3258 3259 3367
f 3367 3259 3368
f 3259 3260 3368
f 3368 3260 3369
f 3260 3261 3369
f 3369 3261 3370
f 3261 3262 3370
f 3370 3262 3371
f 3262 3263 3371
f 3371 3263 3372
f 3263 3264 3372
f 3372 3264 3373
f 3264 3265 3373
f 3373 3265 3374
f 3265 3266 3374
f 3374 3266 3375
f 3266 3267 3375
f 3375 3267 3376
f 3267 3268 3376
f 3376 3268 3377
f 3268 3269 3377
f 3377 3269 3378
f 3269 3270 3378
f 3378 3270 3379
f 3270 3271 3379
f 3379 3271 3380
f 3271 3272 3380
f 3380 3272 3381
f 3272 3273 3381
f 3381 3273 3382
f 3273 3274 3382
f 3382 3274 3383
f 3274 3275 3383
f 3383 3275 3384
f 3275 3276 3384
f 3384 3276 3385
f 3276 3277 3385
f 3385 3277 3386
f 3277 3278 3386
f 3386 3278 3387
f 3278 3279 3387
f 3387 3279 3388
f 3279 3280 3388
f 3388 3280 3389
f 3280 3281 3389
f 3389 3281 3390
f 3281 3282 3390
f 3390 3282 3391
f 3282 3283 3391
f 3391 3283 3392
f 3283 3284 3392
f 3392 3284 3393
f 3284 3285 3393
f 3393 3285 3394
f 3285 3286 3394
f 3394 3286 3395
f 3286 3287 3395
f 3395 3287 3396
f 3287 3288 3396
f 3396 3288 3397
f 3288 3289 3397
f 3397 3289 3398
f 3289 3290 3398
f 3398 3290 3399
f 3290 3291 3399
f 3399 3291 3400
f 3291 3292 3400
f 3400 3292 3401
f 3292 3293 3401
f 3401 3293 3402
f 3293 3294 3402
f 3402 3294 3403
f 3294 3295 3403
f 3403 3295 3404
f 3295 3296 3404
f 3404 3296 3405
f 3406 3405 3407
f 3405 3296 3407
f 3407 3296 3408
f 3296 3297 3408
f 3408 3297 3409
f 3297 3298 3409
f 3409 3298 3410
f 3298 3299 3410
f 3410 3299 3411
f 3299 3300 3411
f 3411 3300 3412
f 3300 3301 3412
f 3412 3301 3413
f 3301 3302 3413
f 3413 3302 3414
f 3302 3303 3414
f 3303 3304 3414
f 3414 3304 3415
f 3304 3305 3415
f 3415 3305 3416
f 3305 3306 3416
f 3306 3307 3416
f 3416 3307 3417
f 3307 3308 3417
f 3417 3308 3418
f 3418 3308 3419
f 3308 3309 3419
f 3309 3310 3419
f 3310 3311 3419
f 3419 3311 3420
f 3420 3311 3421
f 3311 3312 3421
f 3421 3312 3422
f 3312 3313 3422
f 3422 3313 3423
f 3313 3314 3423
f 3314 3315 3423
f 3423 3315 3424
f 3315 3316 3424
f 3424 3316 3425
f 3316 3317 3425
f 3425 3317 3426
f 3317 3318 3426
f 3426 3318 3427
f 3318 3319 3427
f 3427 3319 3428
f 3319 3320 3428
f 3428 3320 3429
f 3320 3321 3429
f 3321 3322 3429
f 3429 3322 3430
f 3322 3323 3430
f 3430 3323 3431
f 3323 3324 3431
f 3431 3324 3432
f 3324 3325 3432
f 3432 3325 3433
f 3325 3326 3433
f 3433 3326 3434
f 3326 3327 3434
f 3434 3327 3435
f 3327 3328 3435
f 3328 3329 3435
f 3329 3330 3435
f 3435 3330 3436
f 3330 3331 3436
f 3436 3331 3437
f 3331 3332 3437
f 3332 3333 3437
f 3437 3333 3438
f 3333 3334 3438
f 3438 3334 3439
f 3334 3335 3439
f 3439 3335 3440
f 3335 3336 3440
f 3440 3336 3441
f 3336 3337 3441
f 3441 3337 3442
f 3337 3338 3442
f 3442 3338 3443
f 3338 3339 3443
f 3443 3339 3444
f 3339 3340 3444
f 3340 3445 3444
f 3444 3445 3446
f 3445 3447 3446
f 3446 3447 3448
f 3447 3449 3448
f 3448 3449 3450
f 3449 3451 3450
f 3450 3451 3452
f 3451 3453 3452
f 3452 3453 3454
f 3453 3455 3454
f 3454 3455 3456
f 3455 3457 3456
f 3456 3457 3458
f 3457 3406 3458
f 3406 3407 3458
f 3458 3407 3459
f 3407 3408 3459
f 3459 3408 3460
f 3408 3409 3460
f 3460 3409 3461
f 3409 3410 3461
f 3461 3410 3462
f 3410 3411 3462
f 3462 3411 3463
f 3411 3412 3463
f 3463 3412 3464
f 3412 3413 3464
f 3464 3413 3465
f 3413 3414 3465
f 3414 3415 3465
f 3465 3415 3466
f 3415 3416 3466
f 3466 3416 3467
f 3416 3417 3467
f 3467 3417 3468
f 3417 3418 3468
f 3468 3418 3469
f 3418 3419 3469
f 3469 3419 3470
f 3419 3420 3470
f 3470 3420 3471
f 3471 3420 3472
f 3420 3421 3472
f 3472 3421 3473
f 3421 3422 3473
f 3473 3422 3474
f 3422 3423 3474
f 3423 3424 3474
f 3474 3424 3475
f 3424 3425 3475
f 3475 3425 3476
f 3425 3426 3476
f 3476 3426 3477
f 3426 3427 3477
f 3477 3427 3478
f 3427 3428 3478
f 3478 3428 3479
f 3428 3429 3479
f 3429 3430 3479
f 3479 3430 3480
f 3430 3431 3480
f 3480 3431 3481
f 3431 3432 3481
f 3481 3432 3482
f 3482 3432 3483
f 3432 3433 3483
f 3483 3433 3484
f 3433 3434 3484
f 3484 3434 3485
f 3434 3435 3485
f 3485 3435 3486
f 3435 3436 3486
f 3486 3436 3487
f 3436 3437 3487
f 3437 3438 3487
f 3487 3438 3488
f 3438 3439 3488
f 3488 3439 3489
f 3439 3440 3489
f 3489 3440 3490
f 3440 3441 3490
f 3490 3441 3491
f 3441 3442 3491
f 3491 3442 3492
f 3442 3443 3492
f 3492 3443 3493
f 3443 3444 3493
f 3444 3446 3493
f 3493 3446 3494
f 3446 3448 3494
f 3494 3448 3495
f 3448 3450 3495
f 3495 3450 3496
f 3450 3452 3496
f 3496 3452 3497
f 3452 3454 3497
f 3497 3454 3498
f 3454 3456 3498
f 3498 3456 3499
f 3456 3458 3499
f 3458 3459 3499
f 3499 3459 3500
f 3459 3460 3500
f 3500 3460 3501
f 3460 3461 3501
f 3501 3461 3502
f 3461 3462 3502
f 3502 3462 3503
f 3462 3463 3503
f 3503 3463 3504
f 3463 3464 3504
f 3504 3464 3505
f 3464 3465 3505
f 3465 3466 3505
f 3505 3466 3506
f 3466 3467 3506
f 3506 3467 3507
f 3467 3468 3507
f 3507 3468 3508
f 3468 3469 3508
f 3469 3470 3508
f 3508 3470 3509
f 3470 3471 3509
f 3509 3471 3510
f 3510 3471 3511
f 3471 3472 3511
f 3511 3472 3512
f 3472 3473 3512
f 3512 3473 3513
f 3473 3474 3513
f 3474 3475 3513
f 3513 3475 3514
f 3475 3476 3514
f 3514 3476 3515
f 3476 3477 3515
f 3515 3477 3516
f 3477 3478 3516
f 3516 3478 3517
f 3478 3479 3517
f 3479 3480 3517
f 3517 3480 3518
f 3480 3481 3518
f 3519 3518 3520
f 3518 3481 3520
f 3481 3482 3520
f 3520 3482 3521
f 3521 3482 3522
f 3482 3483 3522
f 3483 3484 3522
f 3522 3484 3523
f 3484 3485 3523
f 3523 3485 3524
f 3485 3486 3524
f 3524 3486 3525
f 3486 3487 3525
f 3487 3488 3525
f 3525 3488 3526
f 3488 3489 3526
f 3526 3489 3527
f 3489 3490 3527
f 3527 3490 3528
f 3490 3491 3528
f 3528 3491 3529
f 3491 3492 3529
f 3529 3492 3530
f 3492 3493 3530
f 3493 3494 3530
f 3530 3494 3531
f 3494 3495 3531
f 3531 3495 3532
f 3495 3496 3532
f 3532 3496 3533
f 3496 3497 3533
f 3533 3497 3534
f 3497 3498 3534
f 3534 3498 3535
f 3498 3499 3535
f 3499 3500 3535
f 3535 3500 3536
f 3500 3501 3536
f 3536 3501 3537
f 3501 3502 3537
f 3537 3502 3538
f 3502 3503 3538
f 3538 3503 3539
f 3503 3504 3539
f 3539 3504 3540
f 3504 3505 3540
f 3505 3506 3540
f 3540 3506 3541
f 3506 3507 3541
f 3541 3507 3542
f 3507 3508 3542
f 3508 3509 3542
f 3509 3510 3542
f 3542 3510 3543
f 3510 3511 3543
f 3543 3511 3544
f 3511 3512 3544
f 3544 3512 3545
f 3545 3512 3546
f 3512 3513 3546
f 3513 3514 3546
f 3546 3514 3547
f 3514 3515 3547
f 3547 3515 3548
f 3515 3516 3548
f 3548 3516 3549
f 3516 3517 3549
f 3517 3518 3549
f 3518 3519 3549
f 3549 3519 3550
f 3550 3519 3551
f 3551 3519 3552
f 3519 3520 3552
f 3520 3521 3552
f 3552 3521 3553
f 3521 3522 3553
f 3522 3523 3553
f 3553 3523 3554
f 3523 3524 3554
f 3554 3524 3555
f 3524 3525 3555
f 3525 3526 3555
f 3555 3526 3556
f 3526 3527 3556
f 3556 3527 3557
f 3527 3528 3557
f 3557 3528 3558
f 3528 3529 3558
f 3558 3529 3559
f 3529 3530 3559
f 3530 3531 3559
f 3559 3531 3560
f 3531 3532 3560
f 3560 3532 3561
f 3532 3533 3561
f 3561 3533 3562
f 3533 3534 3562
f 3562 3534 3563
f 3534 3535 3563
f 3535 3536 3563
f 3563 3536 3564
f 3536 3537 3564
f 3564 3537 3565
f 3537 3538 3565
f 3565 3538 3566
f 3538 3539 3566
f 3566 3539 3567
f 3539 3540 3567
f 3540 3541 3567
f 3567 3541 3568
f 3541 3542 3568
f 3568 3542 3569
f 3542 3543 3569
f 3569 3543 3570
f 3543 3544 3570
f 3544 3545 3570
f 3570 3545 3571
f 3571 3545 3572
f 3545 3546 3572
f 3572 3546 3573
f 3546 3547 3573
f 3573 3547 3574
f 3574 3547 3575
f 3547 3548 3575
f 3575 3548 3576
f 3548 3549 3576
f 3576 3549 3577
f 3549 3550 3577
f 3577 3550 3578
f 3550 3551 3578
f 3578 3551 3579
f 3551 3552 3579
f 3552 3553 3579
f 3579 3553 3580
f 3553 3554 3580
f 3580 3554 3581
f 3554 3555 3581
f 3555 3556 3581
f 3581 3556 3582
f 3556 3557 3582
f 3582 3557 3583
f 3557 3558 3583
f 3583 3558 3584
f 3558 3559 3584
f 3559 3560 3584
f 3584 3560 3585
f 3560 3561 3585
f 3585 3561 3586
f 3561 3562 3586
f 3586 3562 3587
f 3562 3563 3587
f 3563 3564 3587
f 3587 3564 3588
f 3564 3565 3588
f 3588 3565 3589
f 3565 3566 3589
f 3589 3566 3590
f 3566 3567 3590
f 3567 3568 3590
f 3590 3568 3591
f 3568 3569 3591
f 3591 3569 3592
f 3569 3570 3592
f 3570 3571 3592
f 3592 3571 3593
f 3571 3572 3593
f 3572 3573 3593
f 3593 3573 3594
f 3573 3574 3594
f 3594 3574 3595
f 3574 3575 3595
f 3595 3575 3596
f 3575 3576 3596
f 3596 3576 3597
f 3576 3577 3597
f 3577 3578 3597
f 3597 3578 3598
f 3578 3579 3598
f 3598 3579 3599
f 3579 3580 3599
f 3599 3580 3600
f 3580 3581 3600
f 3581 3582 3600
f 3600 3582 3601
f 3582 3583 3601
f 3601 3583 3602
f 3583 3584 3602
f 3584 3585 3602
f 3602 3585 3603
f 3585 3586 3603
f 3603 3586 3604
f 3586 3587 3604
f 3587 3588 3604
f 3604 3588 3605
f 3588 3589 3605
f 3605 3589 3606
f 3589 3590 3606
f 3590 3591 3606
f 3606 3591 3607
f 3591 3592 3607
f 3607 3592 3608
f 3592 3593 3608
f 3593 3594 3608
f 3594 3595 3608
f 3608 3595 3609
f 3595 3596 3609
f 3596 3597 3609
f 3597 3598 3609
f 3609 3598 3610
f 3598 3599 3610
f 3610 3599 3611
f 3599 3600 3611
f 3600 3601 3611
f 3611 3601 3612
f 3601 3602 3612
f 3602 3603 3612
f 3612 3603 3613
f 3603 3604 3613
f 3604 3605 3613
f 3613 3605 3614
f 3605 3606 3614
f 3606 3607 3614
f 3614 3607 3615
f 3607 3608 3615
f 3608 3609 3615
f 3609 3610 3615
f 3615 3610 3616
f 3610 3611 3616
f 3611 3612 3616
f 3612 3613 3616
f 3613 3614 3616
f 3617 3618 3619
f 3619 3618 3620
f 3620 3618 3621
f 3621 3618 3622
f 3622 3618 3623
f 3623 3618 3624
f 3624 3618 3625
f 3625 3618 3626
f 3626 3618 3627
f 3627 3618 3628
f 3628 3618 3629
f 3629 3618 3630
f 3630 3618 3631
f 3631 3618 3632
f 3632 3618 3633
f 3633 3618 3634
f 3634 3618 3635
f 3635 3618 3636
f 3636 3618 3637
f 3637 3618 3638
f 3638 3618 3639
f 3639 3618 3640
f 3640 3618 3641
f 3641 3618 3642
f 3642 3618 3643
f 3643 3618 3644
f 3644 3618 3645
f 3645 3618 3646
f 3646 3618 3647
f 3647 3618 3648
f 3648 3618 3649
f 3649 3618 3650
f 3650 3618 3651
f 3651 3618 3652
f 3652 3618 3653
f 3653 3618 3654
f 3654 3618 3655
f 3655 3618 3656
f 3656 3618 3657
f 3657 3618 3658
f 3658 3618 3659
f 3659 3618 3660
f 3660 3618 3661
f 3661 3618 3662
f 3662 3618 3663
f 3663 3618 3664
f 3664 3618 3665
f 3665 3618 3666
f 3666 3618 3667
f 3667 3618 3668
f 3668 3618 3669
f 3669 3618 3670
f 3670 3618 3671
f 3671 3618 3672
f 3672 3618 3673
f 3673 3618 3674
f 3674 3618 3675
f 3675 3618 3676
f 3676 3618 3677
f 3677 3618 3678
f 3678 3618 3679
f 3679 3618 3680
f 3680 3618 3681
f 3681 3618 3682
f 3682 3618 3683
f 3683 3618 3684
f 3684 3618 3685
f 3685 3618 3686
f 3686 3618 3687
f 3687 3618 3688
f 3688 3618 3689
f 3689 3618 3690
f 3690 3618 3691
f 3618 3617 3691
f 3692 3693 3694
f 3694 3693 3695
f 3695 3693 3696
f 3696 3693 3697
f 3697 3693 3698
f 3698 3693 3699
f 3699 3693 3700
f 3700 3693 3701
f 3701 3693 3702
f 3702 3693 3703
f 3703 3693 3704
f 3704 3693 3705
f 3705 3693 3706
f 3706 3693 3707
f 3707 3693 3708
f 3708 3693 3709
f 3709 3693 3710
f 3710 3693 3711
f 3711 3693 3712
f 3712 3693 3713
f 3713 3693 3714
f 3714 3693 3715
f 3715 3693 3716
f 3716 3693 3717
f 3717 3693 3718
f 3718 3693 3719
f 3719 3693 3720
f 3720 3693 3721
f 3721 3693 3722
f 3722 3693 3723
f 3723 3693 3724
f 3724 3693 3725
f 3725 3693 3726
f 3726 3693 3727
f 3727 3693 3728
f 3728 3693 3729
f 3729 3693 3730
f 3730 3693 3731
f 3731 3693 3732
f 3732 3693 3733
f 3733 3693 3734
f 3734 3693 3735
f 3735 3693 3736
f 3736 3693 3737
f 3737 3693 3738
f 3738 3693 3739
f 3739 3693 3740
f 3740 3693 3741
f 3741 3693 3742
f 3742 3693 3743
f 3743 3693 3744
f 3744 3693 3745
f 3745 3693 3746
f 3746 3693 3747
f 3747 3693 3748
f 3748 3693 3749
f 3749 3693 3750
f 3750 3693 3751
f 3751 3693 3752
f 3752 3693 3753
f 3753 3693 3754
f 3754 3693 3755
f 3755 3693 3756
f 3756 3693 3757
f 3757 3693 3758
f 3758 3693 3759
f 3759 3693 3760
f 3760 3693 3761
f 3761 3693 3762
f 3762 3693 3763
f 3763 3693 3764
f 3764 3693 3765
f 3765 3693 3766
f 3693 3692 3766
f 3767 3768 3769
f 3769 3768 3770
f 3768 3771 3770
f 3770 3771 3772
f 3771 3773 3772
f 3772 3773 3774
f 3773 3775 3774
f 3774 3775 3776
f 3775 3777 3776
f 3776 3777 3778
f 3777 3779 3778
f 3778 3779 3780
f 3779 3781 3780
f 3780 3781 3782
f 3781 3783 3782
f 3782 3783 3784
f 3783 3785 3784
f 3784 3785 3786
f 3785 3787 3786
f 3786 3787 3788
f 3787 3789 3788
f 3788 3789 3790
f 3789 3791 3790
f 3790 3791 3792
f 3791 3793 3792
f 3792 3793 3794
f 3793 3795 3794
f 3794 3795 3796
f 3795 3797 3796
f 3796 3797 3798
f 3797 3799 3798
f 3798 3799 3800
f 3799 3801 3800
f 3800 3801 3802
f 3801 3803 3802
f 3802 3803 3804
f 3803 3805 3804
f 3804 3805 3806
f 3805 3807 3806
f 3806 3807 3808
f 3807 3809 3808
f 3808 3809 3810
f 3809 3811 3810
f 3810 3811 3812
f 3811 3813 3812
f 3812 3813 3814
f 3813 3815 3814
f 3814 3815 3816
f 3815 3817 3816
f 3816 3817 3818
f 3817 3819 3818
f 3818 3819 3820
f 3819 3821 3820
f 3820 3821 3822
f 3821 3823 3822
f 3822 3823 3824
f 3823 3825 3824
f 3824 3825 3826
f 3825 3827 3826
f 3826 3827 3828
f 3827 3829 3828
f 3828 3829 3830
f 3829 3831 3830
f 3830 3831 3832
f 3831 3833 3832
f 3832 3833 3834
f 3833 3835 3834
f 3834 3835 3836
f 3835 3837 3836
f 3836 3837 3838
f 3837 3839 3838
f 3838 3839 3840
f 3839 3841 3840
f 3840 3841 3842
f 3841 3843 3842
f 3842 3843 3844
f 3843 3845 3844
f 3844 3845 3846
f 3845 3847 3846
f 3846 3847 3848
f 3847 3849 3848
f 3848 3849 3850
f 3849 3851 3850
f 3850 3851 3852
f 3851 3853 3852
f 3852 3853 3854
f 3853 3855 3854
f 3854 3855 3856
f 3855 3857 3856
f 3856 3857 3858
f 3857 3859 3858
f 3858 3859 3860
f 3859 3861 3860
f 3860 3861 3862
f 3861 3863 3862
f 3862 3863 3864
f 3863 3865 3864
f 3864 3865 3866
f 3865 3867 3866
f 3866 3867 3868
f 3867 3869 3868
f 3868 3869 3870
f 3869 3871 3870
f 3870 3871 3872
f 3871 3873 3872
f 3872 3873 3874
f 3873 3875 3874
f 3874 3875 3876
f 3875 3877 3876
f 3876 3877 3878
f 3877 3879 3878
f 3878 3879 3880
f 3879 3881 3880
f 3880 3881 3882
f 3881 3883 3882
f 3882 3883 3884
f 3883 3885 3884
f 3884 3885 3886
f 3885 3887 3886
f 3886 3887 3888
f 3887 3889 3888
f 3888 3889 3890
f 3889 3891 3890
f 3890 3891 3892
f 3891 3893 3892
f 3892 3893 3894
f 3893 3895 3894
f 3894 3895 3896
f 3895 3897 3896
f 3896 3897 3898
f 3898 3897 3899
f 3899 3897 3900
f 3900 3897 3901
f 3897 3895 3901
f 3901 3895 3902
f 3895 3893 3902
f 3893 3891 3902
f 3891 3903 3902
f 3902 3903 3904
f 3903 3887 3904
f 3904 3887 3905
f 3887 3885 3905
f 3905 3885 3906
f 3885 3883 3906
f 3883 3881 3906
f 3906 3881 3907
f 3881 3879 3907
f 3879 3877 3907
f 3907 3877 3908
f 3877 3875 3908
f 3908 3875 3909
f 3875 3873 3909
f 3909 3873 3910
f 3873 3871 3910
f 3871 3869 3910
f 3869 3867 3910
f 3910 3867 3911
f 3867 3865 3911
f 3911 3865 3912
f 3865 3863 3912
f 3912 3863 3913
f 3863 3861 3913
f 3861 3859 3913
f 3859 3857 3913
f 3913 3857 3914
f 3857 3855 3914
f 3855 3853 3914
f 3914 3853 3915
f 3853 3851 3915
f 3915 3851 3916
f 3851 3849 3916
f 3849 3847 3916
f 3916 3847 3917
f 3847 3845 3917
f 3845 3843 3917
f 3917 3843 3918
f 3843 3841 3918
f 3918 3841 3919
f 3841 3839 3919
f 3919 3839 3920
f 3839 3837 3920
f 3837 3835 3920
f 3835 3833 3920
f 3920 3833 3921
f 3833 3831 3921
f 3921 3831 3922
f 3831 3829 3922
f 3829 3827 3922
f 3922 3827 3923
f 3827 3825 3923
f 3825 3823 3923
f 3923 3823 3924
f 3823 3821 3924
f 3821 3819 3924
f 3924 3819 3925
f 3819 3817 3925
f 3925 3817 3926
f 3817 3815 3926
f 3926 3815 3927
f 3815 3813 3927
f 3813 3811 3927
f 3811 3809 3927
f 3927 3809 3928
f 3809 3807 3928
f 3928 3807 3929
f 3807 3805 3929
f 3929 3805 3930
f 3805 3803 3930
f 3803 3801 3930
f 3801 3799 3930
f 3930 3799 3931
f 3799 3797 3931
f 3931 3797 3932
f 3797 3795 3932
f 3795 3793 3932
f 3932 3793 3933
f 3793 3791 3933
f 3791 3789 3933
f 3933 3789 3934
f 3789 3787 3934
f 3787 3785 3934
f 3934 3785 3935
f 3785 3783 3935
f 3935 3783 3936
f 3783 3781 3936
f 3936 3781 3937
f 3781 3779 3937
f 3779 3777 3937
f 3777 3775 3937
f 3937 3775 3938
f 3775 3773 3938
f 3938 3773 3939
f 3773 3771 3939
f 3939 3771 3940
f 3771 3768 3940
f 3768 3767 3940
f 3767 3941 3940
f 3940 3941 3942
f 3941 3943 3942
f 3942 3943 3944
f 3943 3945 3944
f 3944 3945 3946
f 3946 3945 3947
f 3947 3945 3948
f 3948 3945 3949
f 3945 3943 3949
f 3949 3943 3950
f 3943 3951 3950
f 3950 3951 3952
f 3951 3767 3952
f 3767 3769 3952
f 3953 3952 3954
f 3954 3952 3955
f 3952 3769 3955
f 3955 3769 3956
f 3769 3770 3956
f 3770 3772 3956
f 3956 3772 3957
f 3772 3774 3957
f 3774 3776 3957
f 3957 3776 3958
f 3776 3778 3958
f 3958 3778 3959
f 3778 3780 3959
f 3780 3782 3959
f 3959 3782 3960
f 3782 3784 3960
f 3784 3786 3960
f 3960 3786 3961
f 3786 3788 3961
f 3961 3788 3962
f 3788 3790 3962
f 3962 3790 3963
f 3790 3792 3963
f 3792 3794 3963
f 3794 3796 3963
f 3963 3796 3964
f 3796 3798 3964
f 3798 3800 3964
f 3964 3800 3965
f 3800 3802 3965
f 3965 3802 3966
f 3802 3804 3966
f 3804 3806 3966
f 3966 3806 3967
f 3806 3808 3967
f 3808 3810 3967
f 3967 3810 3968
f 3810 3812 3968
f 3968 3812 3969
f 3812 3814 3969
f 3969 3814 3970
f 3814 3816 3970
f 3816 3818 3970
f 3818 3820 3970
f 3970 3820 3971
f 3820 3822 3971
f 3971 3822 3972
f 3822 3824 3972
f 3824 3826 3972
f 3972 3826 3973
f 3826 3828 3973
f 3828 3830 3973
f 3973 3830 3974
f 3830 3832 3974
f 3832 3834 3974
f 3974 3834 3975
f 3834 3836 3975
f 3975 3836 3976
f 3836 3838 3976
f 3838 3840 3976
f 3976 3840 3977
f 3840 3842 3977
f 3842 3844 3977
f 3977 3844 3978
f 3844 3846 3978
f 3978 3846 3979
f 3846 3848 3979
f 3979 3848 3980
f 3848 3850 3980
f 3850 3852 3980
f 3852 3854 3980
f 3980 3854 3981
f 3854 3856 3981
f 3981 3856 3982
f 3856 3858 3982
f 3858 3860 3982
f 3982 3860 3983
f 3860 3862 3983
f 3862 3864 3983
f 3983 3864 3984
f 3864 3866 3984
f 3866 3868 3984
f 3984 3868 3985
f 3868 3870 3985
f 3985 3870 3986
f 3870 3872 3986
f 3872 3874 3986
f 3986 3874 3987
f 3874 3876 3987
f 3876 3878 3987
f 3987 3878 3988
f 3878 3880 3988
f 3988 3880 3989
f 3880 3882 3989
f 3989 3882 3990
f 3882 3884 3990
f 3884 3886 3990
f 3886 3991 3990
f 3990 3991 3992
f 3991 3890 3992
f 3992 3890 3993
f 3890 3892 3993
f 3993 3892 3994
f 3892 3894 3994
f 3894 3896 3994
f 3994 3896 3995
f 3896 3898 3995
f 3995 3898 3996
f 3898 3899 3996
f 3996 3899 3997
f 3998 3997 3999
f 3997 3899 3999
f 3899 3900 3999
f 4000 3999 4001
f 3999 3900 4001
f 4001 3900 4002
f 3900 3901 4002
f 4002 3901 4003
f 3901 3902 4003
f 4003 3902 4004
f 3902 3904 4004
f 4004 3904 4005
f 3904 3905 4005
f 4005 3905 4006
f 3905 3906 4006
f 4006 3906 4007
f 3906 3907 4007
f 4007 3907 4008
f 3907 3908 4008
f 4008 3908 4009
f 3908 3909 4009
f 4009 3909 4010
f 3909 3910 4010
f 4010 3910 4011
f 3910 3911 4011
f 4011 3911 4012
f 3911 3912 4012
f 4012 3912 4013
f 3912 3913 4013
f 4013 3913 4014
f 3913 3914 4014
f 4014 3914 4015
f 3914 3915 4015
f 4015 3915 4016
f 3915 3916 4016
f 4016 3916 4017
f 3916 3917 4017
f 4017 3917 4018
f 3917 3918 4018
f 4018 3918 4019
f 3918 3919 4019
f 4019 3919 4020
f 3919 3920 4020
f 4020 3920 4021
f 3920 3921 4021
f 4021 3921 4022
f 3921 3922 4022
f 4022 3922 4023
f 3922 3923 4023
f 4023 3923 4024
f 3923 3924 4024
f 4024 3924 4025
f 3924 3925 4025
f 4025 3925 4026
f 3925 3926 4026
f 4026 3926 4027
f 3926 3927 4027
f 4027 3927 4028
f 3927 3928 4028
f 4028 3928 4029
f 3928 3929 4029
f 4029 3929 4030
f 3929 3930 4030
f 4030 3930 4031
f 3930 3931 4031
f 4031 3931 4032
f 3931 3932 4032
f 4032 3932 4033
f 3932 3933 4033
f 4033 3933 4034
f 3933 3934 4034
f 4034 3934 4035
f 3934 3935 4035
f 4035 3935 4036
f 3935 3936 4036
f 4036 3936 4037
f 3936 3937 4037
f 4037 3937 4038
f 3937 3938 4038
f 4038 3938 4039
f 3938 3939 4039
f 4039 3939 4040
f 3939 3940 4040
f 4040 3940 4041
f 3940 3942 4041
f 4041 3942 4042
f 3942 3944 4042
f 4042 3944 4043
f 3944 3946 4043
f 4043 3946 4044
f 4045 4044 4046
f 4044 3946 4046
f 4046 3946 4047
f 3946 3947 4047
f 4047 3947 4048
f 3947 3948 4048
f 4048 3948 4049
f 3948 3949 4049
f 3949 3953 4049
f 3953 3954 4049
f 4049 3954 4050
f 4050 3954 4051
f 3954 3955 4051
f 4051 3955 4052
f 3955 3956 4052
f 4052 3956 4053
f 3956 3957 4053
f 4053 3957 4054
f 3957 3958 4054
f 4054 3958 4055
f 3958 3959 4055
f 4055 3959 4056
f 3959 3960 4056
f 4056 3960 4057
f 3960 3961 4057
f 4057 3961 4058
f 3961 3962 4058
f 4058 3962 4059
f 3962 3963 4059
f 4059 3963 4060
f 3963 3964 4060
f 4060 3964 4061
f 3964 3965 4061
f 4061 3965 4062
f 3965 3966 4062
f 4062 3966 4063
f 3966 3967 4063
f 4063 3967 4064
f 3967 3968 4064
f 4064 3968 4065
f 3968 3969 4065
f 4065 3969 4066
f 3969 3970 4066
f 4066 3970 4067
f 3970 3971 4067
f 4067 3971 4068
f 3971 3972 4068
f 4068 3972 4069
f 3972 3973 4069
f 4069 3973 4070
f 3973 3974 4070
f 4070 3974 4071
f 3974 3975 4071
f 4071 3975 4072
f 3975 3976 4072
f 4072 3976 4073
f 3976 3977 4073
f 4073 3977 4074
f 3977 3978 4074
f 4074 3978 4075
f 3978 3979 4075
f 4075 3979 4076
f 3979 3980 4076
f 4076 3980 4077
f 3980 3981 4077
f 4077 3981 4078
f 3981 3982 4078
f 4078 3982 4079
f 3982 3983 4079
f 4079 3983 4080
f 3983 3984 4080
f 4080 3984 4081
f 3984 3985 4081
f 4081 3985 4082
f 3985 3986 4082
f 4082 3986 4083
f 3986 3987 4083
f 4083 3987 4084
f 3987 3988 4084
f 4084 3988 4085
f 3988 3989 4085
f 4085 3989 4086
f 3989 3990 4086
f 4086 3990 4087
f 3990 3992 4087
f 4087 3992 4088
f 3992 3993 4088
f 4088 3993 4089
f 3993 3994 4089
f 4089 3994 4090
f 3994 3995 4090
f 4090 3995 4091
f 4091 3995 4092
f 3995 3996 4092
f 4092 3996 4093
f 3996 3997 4093
f 3997 3998 4093
f 4093 3998 4094
f 4094 3998 4095
f 3998 3999 4095
f 4096 4095 4097
f 4095 3999 4097
f 3999 4000 4097
f 4097 4000 4098
f 4099 4098 4100
f 4098 4000 4100
f 4100 4000 4101
f 4000 4001 4101
f 4101 4001 4102
f 4001 4002 4102
f 4102 4002 4103
f 4002 4003 4103
f 4103 4003 4104
f 4003 4004 4104
f 4104 4004 4105
f 4004 4005 4105
f 4105 4005 4106
f 4005 4006 4106
f 4106 4006 4107
f 4006 4007 4107
f 4107 4007 4108
f 4007 4008 4108
f 4108 4008 4109
f 4008 4009 4109
f 4109 4009 4110
f 4009 4010 4110
f 4110 4010 4111
f 4010 4011 4111
f 4111 4011 4112
f 4011 4012 4112
f 4112 4012 4113
f 4012 4013 4113
f 4113 4013 4114
f 4013 4014 4114
f 4114 4014 4115
f 4014 4015 4115
f 4115 4015 4116
f 4015 4016 4116
f 4116 4016 4117
f 4016 4017 4117
f 4117 4017 4118
f 4017 4018 4118
f 4118 4018 4119
f 4018 4019 4119
f 4119 4019 4120
f 4019 4020 4120
f 4120 4020 4121
f 4020 4021 4121
f 4121 4021 4122
f 4021 4022 4122
f 4122 4022 4123
f 4022 4023 4123
f 4123 4023 4124
f 4023 4024 4124
f 4124 4024 4125
f 4024 4025 4125
f 4125 4025 4126
f 4025 4026 4126
f 4126 4026 4127
f 4026 4027 4127
f 4127 4027 4128
f 4027 4028 4128
f 4128 4028 4129
f 4028 4029 4129
f 4129 4029 4130
f 4029 4030 4130
f 4130 4030 4131
f 4030 4031 4131
f 4131 4031 4132
f 4031 4032 4132
f 4132 4032 4133
f 4032 4033 4133
f 4133 4033 4134
f 4033 4034 4134
f 4134 4034 4135
f 4034 4035 4135
f 4135 4035 4136
f 4035 4036 4136
f 4136 4036 4137
f 4036 4037 4137
f 4137 4037 4138
f 4037 4038 4138
f 4138 4038 4139
f 4038 4039 4139
f 4139 4039 4140
f 4039 4040 4140
f 4140 4040 4141
f 4040 4041 4141
f 4141 4041 4142
f 4041 4042 4142
f 4142 4042 4143
f 4042 4043 4143
f 4143 4043 4144
f 4043 4044 4144
f 4144 4044 4145
f 4044 4045 4145
f 4145 4045 4146
f 4147 4146 4148
f 4146 4045 4148
f 4148 4045 4149
f 4045 4046 4149
f 4149 4046 4150
f 4150 4046 4151
f 4046 4047 4151
f 4151 4047 4152
f 4047 4048 4152
f 4152 4048 4153
f 4048 4049 4153
f 4153 4049 4154
f 4049 4050 4154
f 4154 4050 4155
f 4155 4050 4156
f 4050 4051 4156
f 4156 4051 4157
f 4051 4052 4157
f 4157 4052 4158
f 4052 4053 4158
f 4158 4053 4159
f 4053 4054 4159
f 4159 4054 4160
f 4054 4055 4160
f 4160 4055 4161
f 4055 4056 4161
f 4161 4056 4162
f 4056 4057 4162
f 4162 4057 4163
f 4057 4058 4163
f 4163 4058 4164
f 4058 4059 4164
f 4164 4059 4165
f 4059 4060 4165
f 4165 4060 4166
f 4060 4061 4166
f 4166 4061 4167
f 4061 4062 4167
f 4167 4062 4168
f 4062 4063 4168
f 4168 4063 4169
f 4063 4064 4169
f 4169 4064 4170
f 4064 4065 4170
f 4170 4065 4171
f 4065 4066 4171
f 4171 4066 4172
f 4066 4067 4172
f 4172 4067 4173
f 4067 4068 4173
f 4173 4068 4174
f 4068 4069 4174
f 4174 4069 4175
f 4069 4070 4175
f 4175 4070 4176
f 4070 4071 4176
f 4176 4071 4177
f 4071 4072 4177
f 4177 4072 4178
f 4072 4073 4178
f 4178 4073 4179
f 4073 4074 4179
f 4179 4074 4180
f 4074 4075 4180
f 4180 4075 4181
f 4075 4076 4181
f 4181 4076 4182
f 4076 4077 4182
f 4182 4077 4183
f 4077 4078 4183
f 4183 4078 4184
f 4078 4079 4184
f 4184 4079 4185
f 4079 4080 4185
f 4185 4080 4186
f 4080 4081 4186
f 4186 4081 4187
f 4081 4082 4187
f 4187 4082 4188
f 4082 4083 4188
f 4188 4083 4189
f 4083 4084 4189
f 4189 4084 4190
f 4084 4085 4190
f 4190 4085 4191
f 4085 4086 4191
f 4191 4086 4192
f 4086 4087 4192
f 4192 4087 4193
f 4087 4088 4193
f 4193 4088 4194
f 4088 4089 4194
f 4194 4089 4195
f 4089 4090 4195
f 4195 4090 4196
f 4090 4091 4196
f 4196 4091 4197
f 4197 4091 4198
f 4091 4092 4198
f 4198 4092 4199
f 4092 4093 4199
f 4093 4094 4199
f 4199 4094 4200
f 4094 4095 4200
f 4095 4096 4200
f 4200 4096 4201
f 4201 4096 4202
f 4202 4096 4203
f 4096 4097 4203
f 4097 4098 4203
f 4203 4098 4204
f 4098 4099 4204
f 4204 4099 4205
f 4206 4205 4207
f 4205 4099 4207
f 4207 4099 4208
f 4099 4100 4208
f 4208 4100 4209
f 4100 4101 4209
f 4209 4101 4210
f 4101 4102 4210
f 4210 4102 4211
f 4102 4103 4211
f 4211 4103 4212
f 4103 4104 4212
f 4212 4104 4213
f 4104 4105 4213
f 4213 4105 4214
f 4105 4106 4214
f 4214 4106 4215
f 4106 4107 4215
f 4215 4107 4216
f 4107 4108 4216
f 4216 4108 4217
f 4108 4109 4217
f 4217 4109 4218
f 4109 4110 4218
f 4218 4110 4219
f 4110 4111 4219
f 4219 4111 4220
f 4111 4112 4220
f 4220 4112 4221
f 4112 4113 4221
f 4221 4113 4222
f 4113 4114 4222
f 4222 4114 4223
f 4114 4115 4223
f 4223 4115 4224
f 4115 4116 4224
f 4224 4116 4225
f 4116 4117 4225
f 4225 4117 4226
f 4117 4118 4226
f 4226 4118 4227
f 4118 4119 4227
f 4227 4119 4228
f 4119 4120 4228
f 4228 4120 4229
f 4120 4121 4229
f 4229 4121 4230
f 4121 4122 4230
f 4230 4122 4231
f 4122 4123 4231
f 4231 4123 4232
f 4123 4124 4232
f 4232 4124 4233
f 4124 4125 4233
f 4233 4125 4234
f 4125 4126 4234
f 4234 4126 4235
f 4126 4127 4235
f 4235 4127 4236
f 4127 4128 4236
f 4236 4128 4237
f 4128 4129 4237
f 4237 4129 4238
f 4129 4130 4238
f 4238 4130 4239
f 4130 4131 4239
f 4239 4131 4240
f 4131 4132 4240
f 4240 4132 4241
f 4132 4133 4241
f 4241 4133 4242
f 4133 4134 4242
f 4242 4134 4243
f 4134 4135 4243
f 4243 4135 4244
f 4135 4136 4244
f 4244 4136 4245
f 4136 4137 4245
f 4245 4137 4246
f 4137 4138 4246
f 4246 4138 4247
f 4138 4139 4247
f 4247 4139 4248
f 4139 4140 4248
f 4248 4140 4249
f 4140 4141 4249
f 4249 4141 4250
f 4141 4142 4250
f 4250 4142 4251
f 4142 4143 4251
f 4251 4143 4252
f 4143 4144 4252
f 4252 4144 4253
f 4144 4145 4253
f 4253 4145 4254
f 4145 4146 4254
f 4254 4146 4255
f 4146 4147 4255
f 4255 4147 4256
f 4257 4256 4258
f 4256 4147 4258
f 4258 4147 4259
f 4147 4148 4259
f 4259 4148 4260
f 4148 4149 4260
f 4261 4260 4262
f 4260 4149 4262
f 4149 4150 4262
f 4262 4150 4263
f 4263 4150 4264
f 4150 4151 4264
f 4151 4152 4264
f 4264 4152 4265
f 4152 4153 4265
f 4265 4153 4266
f 4153 4154 4266
f 4266 4154 4267
f 4154 4155 4267
f 4268 4267 4269
f 4267 4155 4269
f 4269 4155 4270
f 4155 4156 4270
f 4270 4156 4271
f 4156 4157 4271
f 4271 4157 4272
f 4157 4158 4272
f 4272 4158 4273
f 4158 4159 4273
f 4273 4159 4274
f 4159 4160 4274
f 4274 4160 4275
f 4160 4161 4275
f 4275 4161 4276
f 4161 4162 4276
f 4276 4162 4277
f 4162 4163 4277
f 4277 4163 4278
f 4163 4164 4278
f 4278 4164 4279
f 4164 4165 4279
f 4279 4165 4280
f 4165 4166 4280
f 4280 4166 4281
f 4166 4167 4281
f 4281 4167 4282
f 4167 4168 4282
f 4282 4168 4283
f 4168 4169 4283
f 4283 4169 4284
f 4169 4170 4284
f 4284 4170 4285
f 4170 4171 4285
f 4285 4171 4286
f 4171 4172 4286
f 4286 4172 4287
f 4172 4173 4287
f 4287 4173 4288
f 4173 4174 4288
f 4288 4174 4289
f 4174 4175 4289
f 4289 4175 4290
f 4175 4176 4290
f 4290 4176 4291
f 4176 4177 4291
f 4291 4177 4292
f 4177 4178 4292
f 4292 4178 4293
f 4178 4179 4293
f 4293 4179 4294
f 4179 4180 4294
f 4294 4180 4295
f 4180 4181 4295
f 4295 4181 4296
f 4181 4182 4296
f 4296 4182 4297
f 4182 4183 4297
f 4297 4183 4298
f 4183 4184 4298
f 4298 4184 4299
f 4184 4185 4299
f 4299 4185 4300
f 4185 4186 4300
f 4300 4186 4301
f 4186 4187 4301
f 4301 4187 4302
f 4187 4188 4302
f 4302 4188 4303
f 4188 4189 4303
f 4303 4189 4304
f 4189 4190 4304
f 4304 4190 4305
f 4190 4191 4305
f 4305 4191 4306
f 4191 4192 4306
f 4306 4192 4307
f 4192 4193 4307
f 4307 4193 4308
f 4193 4194 4308
f 4308 4194 4309
f 4194 4195 4309
f 4309 4195 4310
f 4195 4196 4310
f 4310 4196 4311
f 4196 4197 4311
f 4311 4197 4312
f 4313 4312 4314
f 4312 4197 4314
f 4197 4198 4314
f 4314 4198 4315
f 4198 4199 4315
f 4315 4199 4316
f 4199 4200 4316
f 4200 4201 4316
f 4316 4201 4317
f 4201 4202 4317
f 4317 4202 4318
f 4318 4202 4319
f 4202 4203 4319
f 4203 4204 4319
f 4319 4204 4320
f 4204 4205 4320
f 4320 4205 4321
f 4205 4206 4321
f 4321 4206 4322
f 4323 4322 4324
f 4322 4206 4324
f 4324 4206 4325
f 4206 4207 4325
f 4325 4207 4326
f 4207 4208 4326
f 4326 4208 4327
f 4208 4209 4327
f 4327 4209 4328
f 4209 4210 4328
f 4328 4210 4329
f 4210 4211 4329
f 4329 4211 4330
f 4211 4212 4330
f 4330 4212 4331
f 4212 4213 4331
f 4331 4213 4332
f 4213 4214 4332
f 4332 4214 4333
f 4214 4215 4333
f 4333 4215 4334
f 4215 4216 4334
f 4334 4216 4335
f 4216 4217 4335
f 4335 4217 4336
f 4217 4218 4336
f 4336 4218 4337
f 4218 4219 4337
f 4337 4219 4338
f 4219 4220 4338
f 4338 4220 4339
f 4220 4221 4339
f 4339 4221 4340
f 4221 4222 4340
f 4340 4222 4341
f 4222 4223 4341
f 4341 4223 4342
f 4223 4224 4342
f 4342 4224 4343
f 4224 4225 4343
f 4343 4225 4344
f 4225 4226 4344
f 4344 4226 4345
f 4226 4227 4345
f 4345 4227 4346
f 4227 4228 4346
f 4346 4228 4347
f 4228 4229 4347
f 4347 4229 4348
f 4229 4230 4348
f 4348 4230 4349
f 4230 4231 4349
f 4349 4231 4350
f 4231 4232 4350
f 4350 4232 4351
f 4232 4233 4351
f 4351 4233 4352
f 4233 4234 4352
f 4352 4234 4353
f 4234 4235 4353
f 4353 4235 4354
f 4235 4236 4354
f 4354 4236 4355
f 4236 4237 4355
f 4355 4237 4356
f 4237 4238 4356
f 4356 4238 4357
f 4238 4239 4357
f 4357 4239 4358
f 4239 4240 4358
f 4358 4240 4359
f 4240 4241 4359
f 4359 4241 4360
f 4241 4242 4360
f 4360 4242 4361
f 4242 4243 4361
f 4361 4243 4362
f 4243 4244 4362
f 4362 4244 4363
f 4244 4245 4363
f 4363 4245 4364
f 4245 4246 4364
f 4364 4246 4365
f 4246 4247 4365
f 4365 4247 4366
f 4247 4248 4366
f 4366 4248 4367
f 4248 4249 4367
f 4367 4249 4368
f 4249 4250 4368
f 4368 4250 4369
f 4250 4251 4369
f 4369 4251 4370
f 4251 4252 4370
f 4370 4252 4371
f 4252 4253 4371
f 4371 4253 4372
f 4253 4254 4372
f 4372 4254 4373
f 4254 4255 4373
f 4373 4255 4374
f 4255 4256 4374
f 4374 4256 4375
f 4256 4257 4375
f 4375 4257 4376
f 4377 4376 4378
f 4376 4257 4378
f 4378 4257 4379
f 4257 4258 4379
f 4379 4258 4380
f 4258 4259 4380
f 4380 4259 4381
f 4259 4260 4381
f 4260 4261 4381
f 4381 4261 4382
f 4382 4261 4383
f 4383 4261 4384
f 4261 4262 4384
f 4262 4263 4384
f 4384 4263 4385
f 4263 4264 4385
f 4264 4265 4385
f 4385 4265 4386
f 4265 4266 4386
f 4386 4266 4387
f 4266 4267 4387
f 4267 4268 4387
f 4387 4268 4388
f 4389 4388 4390
f 4388 4268 4390
f 4390 4268 4391
f 4268 4269 4391
f 4391 4269 4392
f 4269 4270 4392
f 4392 4270 4393
f 4270 4271 4393
f 4393 4271 4394
f 4271 4272 4394
f 4394 4272 4395
f 4272 4273 4395
f 4395 4273 4396
f 4273 4274 4396
f 4396 4274 4397
f 4274 4275 4397
f 4397 4275 4398
f 4275 4276 4398
f 4398 4276 4399
f 4276 4277 4399
f 4399 4277 4400
f 4277 4278 4400
f 4400 4278 4401
f 4278 4279 4401
f 4401 4279 4402
f 4279 4280 4402
f 4402 4280 4403
f 4280 4281 4403
f 4403 4281 4404
f 4281 4282 4404
f 4404 4282 4405
f 4282 4283 4405
f 4405 4283 4406
f 4283 4284 4406
f 4406 4284 4407
f 4284 4285 4407
f 4407 4285 4408
f 4285 4286 4408
f 4408 4286 4409
f 4286 4287 4409
f 4409 4287 4410
f 4287 4288 4410
f 4410 4288 4411
f 4288 4289 4411
f 4411 4289 4412
f 4289 4290 4412
f 4412 4290 4413
f 4290 4291 4413
f 4413 4291 4414
f 4291 4292 4414
f 4414 4292 4415
f 4292 4293 4415
f 4415 4293 4416
f 4293 4294 4416
f 4416 4294 4417
f 4294 4295 4417
f 4417 4295 4418
f 4295 4296 4418
f 4418 4296 4419
f 4296 4297 4419
f 4419 4297 4420
f 4297 4298 4420
f 4420 4298 4421
f 4298 4299 4421
f 4421 4299 4422
f 4299 4300 4422
f 4422 4300 4423
f 4300 4301 4423
f 4423 4301 4424
f 4301 4302 4424
f 4424 4302 4425
f 4302 4303 4425
f 4425 4303 4426
f 4303 4304 4426
f 4426 4304 4427
f 4304 4305 4427
f 4427 4305 4428
f 4305 4306 4428
f 4428 4306 4429
f 4306 4307 4429
f 4429 4307 4430
f 4307 4308 4430
f 4430 4308 4431
f 4308 4309 4431
f 4431 4309 4432
f 4309 4310 4432
f 4432 4310 4433
f 4310 4311 4433
f 4433 4311 4434
f 4311 4312 4434
f 4434 4312 4435
f 4312 4313 4435
f 4435 4313 4436
f 4437 4436 4438
f 4436 4313 4438
f 4438 4313 4439
f 4313 4314 4439
f 4314 4315 4439
f 4439 4315 4440
f 4315 4316 4440
f 4440 4316 4441
f 4316 4317 4441
f 4441 4317 4442
f 4317 4318 4442
f 4442 4318 4443
f 4318 4319 4443
f 4444 4445 4446
f 4445 4443 4446
f 4443 4319 4446
f 4319 4320 4446
f 4446 4320 4447
f 4320 4321 4447
f 4447 4321 4448
f 4321 4322 4448
f 4448 4322 4449
f 4322 4323 4449
f 4449 4323 4450
f 4451 4450 4452
f 4450 4323 4452
f 4452 4323 4453
f 4323 4324 4453
f 4453 4324 4454
f 4324 4325 4454
f 4454 4325 4455
f 4325 4326 4455
f 4455 4326 4456
f 4326 4327 4456
f 4456 4327 4457
f 4327 4328 4457
f 4457 4328 4458
f 4328 4329 4458
f 4458 4329 4459
f 4329 4330 4459
f 4459 4330 4460
f 4330 4331 4460
f 4460 4331 4461
f 4331 4332 4461
f 4461 4332 4462
f 4332 4333 4462
f 4462 4333 4463
f 4333 4334 4463
f 4463 4334 4464
f 4334 4335 4464
f 4464 4335 4465
f 4335 4336 4465
f 4465 4336 4466
f 4336 4337 4466
f 4466 4337 4467
f 4337 4338 4467
f 4467 4338 4468
f 4338 4339 4468
f 4468 4339 4469
f 4339 4340 4469
f 4469 4340 4470
f 4340 4341 4470
f 4470 4341 4471
f 4341 4342 4471
f 4471 4342 4472
f 4342 4343 4472
f 4472 4343 4473
f 4343 4344 4473
f 4473 4344 4474
f 4344 4345 4474
f 4474 4345 4475
f 4345 4346 4475
f 4475 4346 4476
f 4346 4347 4476
f 4476 4347 4477
f 4347 4348 4477
f 4477 4348 4478
f 4348 4349 4478
f 4478 4349 4479
f 4349 4350 4479
f 4479 4350 4480
f 4350 4351 4480
f 4480 4351 4481
f 4351 4352 4481
f 4481 4352 4482
f 4352 4353 4482
f 4482 4353 4483
f 4353 4354 4483
f 4483 4354 4484
f 4354 4355 4484
f 4484 4355 4485
f 4355 4356 4485
f 4485 4356 4486
f 4356 4357 4486
f 4486 4357 4487
f 4357 4358 4487
f 4487 4358 4488
f 4358 4359 4488
f 4488 4359 4489
f 4359 4360 4489
f 4489 4360 4490
f 4360 4361 4490
f 4490 4361 4491
f 4361 4362 4491
f 4491 4362 4492
f 4362 4363 4492
f 4492 4363 4493
f 4363 4364 4493
f 4493 4364 4494
f 4364 4365 4494
f 4494 4365 4495
f 4365 4366 4495
f 4495 4366 4496
f 4366 4367 4496
f 4496 4367 4497
f 4367 4368 4497
f 4497 4368 4498
f 4368 4369 4498
f 4498 4369 4499
f 4369 4370 4499
f 4499 4370 4500
f 4370 4371 4500
f 4500 4371 4501
f 4371 4372 4501
f 4501 4372 4502
f 4372 4373 4502
f 4502 4373 4503
f 4373 4374 4503
f 4503 4374 4504
f 4374 4375 4504
f 4504 4375 4505
f 4375 4376 4505
f 4505 4376 4506
f 4376 4377 4506
f 4506 4377 4507
f 4508 4507 4509
f 4507 4377 4509
f 4509 4377 4510
f 4377 4378 4510
f 4510 4378 4511
f 4378 4379 4511
f 4511 4379 4512
f 4379 4380 4512
f 4512 4380 4513
f 4380 4381 4513
f 4513 4381 4514
f 4514 4381 4515
f 4381 4382 4515
f 4515 4382 4516
f 4382 4383 4516
f 4516 4383 4517
f 4383 4384 4517
f 4384 4385 4517
f 4517 4385 4518
f 4385 4386 4518
f 4518 4386 4519
f 4386 4387 4519
f 4387 4388 4519
f 4519 4388 4520
f 4388 4389 4520
f 4520 4389 4521
f 4522 4521 4523
f 4521 4389 4523
f 4523 4389 4524
f 4389 4390 4524
f 4524 4390 4525
f 4390 4391 4525
f 4525 4391 4526
f 4391 4392 4526
f 4526 4392 4527
f 4392 4393 4527
f 4527 4393 4528
f 4393 4394 4528
f 4528 4394 4529
f 4394 4395 4529
f 4529 4395 4530
f 4395 4396 4530
f 4530 4396 4531
f 4396 4397 4531
f 4531 4397 4532
f 4397 4398 4532
f 4532 4398 4533
f 4398 4399 4533
f 4533 4399 4534
f 4399 4400 4534
f 4534 4400 4535
f 4400 4401 4535
f 4535 4401 4536
f 4401 4402 4536
f 4536 4402 4537
f 4402 4403 4537
f 4537 4403 4538
f 4403 4404 4538
f 4538 4404 4539
f 4404 4405 4539
f 4539 4405 4540
f 4405 4406 4540
f 4540 4406 4541
f 4406 4407 4541
f 4541 4407 4542
f 4407 4408 4542
f 4542 4408 4543
f 4408 4409 4543
f 4543 4409 4544
f 4409 4410 4544
f 4544 4410 4545
f 4410 4411 4545
f 4545 4411 4546
f 4411 4412 4546
f 4546 4412 4547
f 4412 4413 4547
f 4547 4413 4548
f 4413 4414 4548
f 4548 4414 4549
f 4414 4415 4549
f 4549 4415 4550
f 4415 4416 4550
f 4550 4416 4551
f 4416 4417 4551
f 4551 4417 4552
f 4417 4418 4552
f 4552 4418 4553
f 4418 4419 4553
f 4553 4419 4554
f 4419 4420 4554
f 4554 4420 4555
f 4420 4421 4555
f 4555 4421 4556
f 4421 4422 4556
f 4556 4422 4557
f 4422 4423 4557
f 4557 4423 4558
f 4423 4424 4558
f 4558 4424 4559
f 4424 4425 4559
f 4559 4425 4560
f 4425 4426 4560
f 4560 4426 4561
f 4426 4427 4561
f 4561 4427 4562
f 4427 4428 4562
f 4562 4428 4563
f 4428 4429 4563
f 4563 4429 4564
f 4429 4430 4564
f 4564 4430 4565
f 4430 4431 4565
f 4565 4431 4566
f 4431 4432 4566
f 4566 4432 4567
f 4432 4433 4567
f 4567 4433 4568
f 4433 4434 4568
f 4568 4434 4569
f 4434 4435 4569
f 4569 4435 4570
f 4435 4436 4570
f 4570 4436 4571
f 4436 4437 4571
f 4571 4437 4572
f 4573 4572 4574
f 4572 4437 4574
f 4574 4437 4575
f 4437 4438 4575
f 4575 4438 4576
f 4438 4439 4576
f 4439 4440 4576
f 4576 4440 4577
f 4440 4441 4577
f 4577 4441 4578
f 4441 4442 4578
f 4578 4442 4579
f 4442 4443 4579
f 4443 4445 4579
f 4579 4445 4580
f 4445 4444 4580
f 4580 4444 4581
f 4581 4444 4582
f 4583 4582 4584
f 4582 4444 4584
f 4444 4446 4584
f 4446 4447 4584
f 4584 4447 4585
f 4447 4448 4585
f 4585 4448 4586
f 4448 4449 4586
f 4586 4449 4587
f 4449 4450 4587
f 4587 4450 4588
f 4450 4451 4588
f 4588 4451 4589
f 4590 4591 4592
f 4591 4589 4592
f 4592 4589 4593
f 4589 4451 4593
f 4593 4451 4594
f 4451 4452 4594
f 4594 4452 4595
f 4452 4453 4595
f 4595 4453 4596
f 4453 4454 4596
f 4596 4454 4597
f 4454 4455 4597
f 4597 4455 4598
f 4455 4456 4598
f 4598 4456 4599
f 4456 4457 4599
f 4599 4457 4600
f 4457 4458 4600
f 4600 4458 4601
f 4458 4459 4601
f 4601 4459 4602
f 4459 4460 4602
f 4602 4460 4603
f 4460 4461 4603
f 4603 4461 4604
f 4461 4462 4604
f 4604 4462 4605
f 4462 4463 4605
f 4605 4463 4606
f 4463 4464 4606
f 4606 4464 4607
f 4464 4465 4607
f 4607 4465 4608
f 4465 4466 4608
f 4608 4466 4609
f 4466 4467 4609
f 4609 4467 4610
f 4467 4468 4610
f 4610 4468 4611
f 4468 4469 4611
f 4611 4469 4612
f 4469 4470 4612
f 4612 4470 4613
f 4470 4471 4613
f 4613 4471 4614
f 4471 4472 4614
f 4614 4472 4615
f 4472 4473 4615
f 4615 4473 4616
f 4473 4474 4616
f 4616 4474 4617
f 4474 4475 4617
f 4617 4475 4618
f 4475 4476 4618
f 4618 4476 4619
f 4476 4477 4619
f 4619 4477 4620
f 4477 4478 4620
f 4620 4478 4621
f 4478 4479 4621
f 4621 4479 4622
f 4479 4480 4622
f 4622 4480 4623
f 4480 4481 4623
f 4623 4481 4624
f 4481 4482 4624
f 4624 4482 4625
f 4482 4483 4625
f 4625 4483 4626
f 4483 4484 4626
f 4626 4484 4627
f 4484 4485 4627
f 4627 4485 4628
f 4485 4486 4628
f 4628 4486 4629
f 4486 4487 4629
f 4629 4487 4630
f 4487 4488 4630
f 4630 4488 4631
f 4488 4489 4631
f 4631 4489 4632
f 4489 4490 4632
f 4632 4490 4633
f 4490 4491 4633
f 4633 4491 4634
f 4491 4492 4634
f 4634 4492 4635
f 4492 4493 4635
f 4635 4493 4636
f 4493 4494 4636
f 4636 4494 4637
f 4494 4495 4637
f 4637 4495 4638
f 4495 4496 4638
f 4638 4496 4639
f 4496 4497 4639
f 4639 4497 4640
f 4497 4498 4640
f 4640 4498 4641
f 4498 4499 4641
f 4641 4499 4642
f 4499 4500 4642
f 4642 4500 4643
f 4500 4501 4643
f 4643 4501 4644
f 4501 4502 4644
f 4644 4502 4645
f 4502 4503 4645
f 4645 4503 4646
f 4503 4504 4646
f 4646 4504 4647
f 4504 4505 4647
f 4647 4505 4648
f 4505 4506 4648
f 4648 4506 4649
f 4506 4507 4649
f 4649 4507 4650
f 4507 4508 4650
f 4650 4508 4651
f 4652 4651 4653
f 4651 4508 4653
f 4653 4508 4654
f 4508 4509 4654
f 4654 4509 4655
f 4509 4510 4655
f 4655 4510 4656
f 4510 4511 4656
f 4656 4511 4657
f 4511 4512 4657
f 4657 4512 4658
f 4512 4513 4658
f 4659 4658 4660
f 4658 4513 4660
f 4513 4514 4660
f 4660 4514 4661
f 4661 4514 4662
f 4514 4515 4662
f 4515 4516 4662
f 4662 4516 4663
f 4516 4517 4663
f 4663 4517 4664
f 4517 4518 4664
f 4664 4518 4665
f 4518 4519 4665
f 4519 4520 4665
f 4665 4520 4666
f 4520 4521 4666
f 4666 4521 4667
f 4521 4522 4667
f 4667 4522 4668
f 4669 4668 4670
f 4668 4522 4670
f 4670 4522 4671
f 4522 4523 4671
f 4671 4523 4672
f 4523 4524 4672
f 4672 4524 4673
f 4524 4525 4673
f 4673 4525 4674
f 4525 4526 4674
f 4674 4526 4675
f 4526 4527 4675
f 4675 4527 4676
f 4527 4528 4676
f 4676 4528 4677
f 4528 4529 4677
f 4677 4529 4678
f 4529 4530 4678
f 4678 4530 4679
f 4530 4531 4679
f 4679 4531 4680
f 4531 4532 4680
f 4680 4532 4681
f 4532 4533 4681
f 4681 4533 4682
f 4533 4534 4682
f 4682 4534 4683
f 4534 4535 4683
f 4683 4535 4684
f 4535 4536 4684
f 4684 4536 4685
f 4536 4537 4685
f 4685 4537 4686
f 4537 4538 4686
f 4686 4538 4687
f 4538 4539 4687
f 4687 4539 4688
f 4539 4540 4688
f 4688 4540 4689
f 4540 4541 4689
f 4689 4541 4690
f 4541 4542 4690
f 4690 4542 4691
f 4542 4543 4691
f 4691 4543 4692
f 4543 4544 4692
f 4692 4544 4693
f 4544 4545 4693
f 4693 4545 4694
f 4545 4546 4694
f 4694 4546 4695
f 4546 4547 4695
f 4695 4547 4696
f 4547 4548 4696
f 4696 4548 4697
f 4548 4549 4697
f 4697 4549 4698
f 4549 4550 4698
f 4698 4550 4699
f 4550 4551 4699
f 4699 4551 4700
f 4551 4552 4700
f 4700 4552 4701
f 4552 4553 4701
f 4701 4553 4702
f 4553 4554 4702
f 4702 4554 4703
f 4554 4555 4703
f 4703 4555 4704
f 4555 4556 4704
f 4704 4556 4705
f 4556 4557 4705
f 4705 4557 4706
f 4557 4558 4706
f 4706 4558 4707
f 4558 4559 4707
f 4707 4559 4708
f 4559 4560 4708
f 4708 4560 4709
f 4560 4561 4709
f 4709 4561 4710
f 4561 4562 4710
f 4710 4562 4711
f 4562 4563 4711
f 4711 4563 4712
f 4563 4564 4712
f 4712 4564 4713
f 4564 4565 4713
f 4713 4565 4714
f 4565 4566 4714
f 4714 4566 4715
f 4566 4567 4715
f 4715 4567 4716
f 4567 4568 4716
f 4716 4568 4717
f 4568 4569 4717
f 4717 4569 4718
f 4569 4570 4718
f 4718 4570 4719
f 4570 4571 4719
f 4719 4571 4720
f 4571 4572 4720
f 4720 4572 4721
f 4572 4573 4721
f 4721 4573 4722
f 4723 4722 4724
f 4722 4573 4724
f 4724 4573 4725
f 4573 4574 4725
f 4725 4574 4726
f 4574 4575 4726
f 4726 4575 4727
f 4575 4576 4727
f 4576 4577 4727
f 4727 4577 4728
f 4577 4578 4728
f 4728 4578 4729
f 4578 4579 4729
f 4579 4580 4729
f 4580 4581 4729
f 4729 4581 4730
f 4581 4582 4730
f 4582 4583 4730
f 4730 4583 4731
f 4731 4583 4732
f 4732 4583 4733
f 4583 4584 4733
f 4584 4585 4733
f 4733 4585 4734
f 4585 4586 4734
f 4734 4586 4735
f 4586 4587 4735
f 4735 4587 4736
f 4587 4588 4736
f 4736 4588 4737
f 4588 4589 4737
f 4589 4591 4737
f 4737 4591 4738
f 4738 4591 4739
f 4591 4590 4739
f 4739 4590 4740
f 4741 4740 4742
f 4740 4590 4742
f 4742 4590 4743
f 4590 4592 4743
f 4743 4592 4744
f 4592 4593 4744
f 4744 4593 4745
f 4593 4594 4745
f 4745 4594 4746
f 4594 4595 4746
f 4746 4595 4747
f 4595 4596 4747
f 4747 4596 4748
f 4596 4597 4748
f 4748 4597 4749
f 4597 4598 4749
f 4749 4598 4750
f 4598 4599 4750
f 4750 4599 4751
f 4599 4600 4751
f 4751 4600 4752
f 4600 4601 4752
f 4752 4601 4753
f 4601 4602 4753
f 4753 4602 4754
f 4602 4603 4754
f 4754 4603 4755
f 4603 4604 4755
f 4755 4604 4756
f 4604 4605 4756
f 4756 4605 4757
f 4605 4606 4757
f 4757 4606 4758
f 4606 4607 4758
f 4758 4607 4759
f 4607 4608 4759
f 4759 4608 4760
f 4608 4609 4760
f 4760 4609 4761
f 4609 4610 4761
f 4761 4610 4762
f 4610 4611 4762
f 4762 4611 4763
f 4611 4612 4763
f 4763 4612 4764
f 4612 4613 4764
f 4764 4613 4765
f 4613 4614 4765
f 4765 4614 4766
f 4614 4615 4766
f 4766 4615 4767
f 4615 4616 4767
f 4767 4616 4768
f 4616 4617 4768
f 4768 4617 4769
f 4617 4618 4769
f 4769 4618 4770
f 4618 4619 4770
f 4770 4619 4771
f 4619 4620 4771
f 4771 4620 4772
f 4620 4621 4772
f 4772 4621 4773
f 4621 4622 4773
f 4773 4622 4774
f 4622 4623 4774
f 4774 4623 4775
f 4623 4624 4775
f 4775 4624 4776
f 4624 4625 4776
f 4776 4625 4777
f 4625 4626 4777
f 4777 4626 4778
f 4626 4627 4778
f 4778 4627 4779
f 4627 4628 4779
f 4779 4628 4780
f 4628 4629 4780
f 4780 4629 4781
f 4629 4630 4781
f 4781 4630 4782
f 4630 4631 4782
f 4782 4631 4783
f 4631 4632 4783
f 4783 4632 4784
f 4632 4633 4784
f 4784 4633 4785
f 4633 4634 4785
f 4785 4634 4786
f 4634 4635 4786
f 4786 4635 4787
f 4635 4636 4787
f 4787 4636 4788
f 4636 4637 4788
f 4788 4637 4789
f 4637 4638 4789
f 4789 4638 4790
f 4638 4639 4790
f 4790 4639 4791
f 4639 4640 4791
f 4791 4640 4792
f 4640 4641 4792
f 4792 4641 4793
f 4641 4642 4793
f 4793 4642 4794
f 4642 4643 4794
f 4794 4643 4795
f 4643 4644 4795
f 4795 4644 4796
f 4644 4645 4796
f 4796 4645 4797
f 4645 4646 4797
f 4797 4646 4798
f 4646 4647 4798
f 4798 4647 4799
f 4647 4648 4799
f 4799 4648 4800
f 4648 4649 4800
f 4800 4649 4801
f 4649 4650 4801
f 4801 4650 4802
f 4650 4651 4802
f 4802 4651 4803
f 4651 4652 4803
f 4803 4652 4804
f 4805 4804 4806
f 4804 4652 4806
f 4806 4652 4807
f 4652 4653 4807
f 4807 4653 4808
f 4653 4654 4808
f 4808 4654 4809
f 4654 4655 4809
f 4809 4655 4810
f 4655 4656 4810
f 4810 4656 4811
f 4656 4657 4811
f 4811 4657 4812
f 4657 4658 4812
f 4658 4659 4812
f 4813 4812 4814
f 4812 4659 4814
f 4814 4659 4815
f 4815 4659 4816
f 4659 4660 4816
f 4660 4661 4816
f 4816 4661 4817
f 4661 4662 4817
f 4662 4663 4817
f 4817 4663 4818
f 4663 4664 4818
f 4818 4664 4819
f 4664 4665 4819
f 4665 4666 4819
f 4819 4666 4820
f 4666 4667 4820
f 4820 4667 4821
f 4667 4668 4821
f 4821 4668 4822
f 4668 4669 4822
f 4822 4669 4823
f 4824 4823 4825
f 4823 4669 4825
f 4825 4669 4826
f 4669 4670 4826
f 4826 4670 4827
f 4670 4671 4827
f 4827 4671 4828
f 4671 4672 4828
f 4828 4672 4829
f 4672 4673 4829
f 4829 4673 4830
f 4673 4674 4830
f 4830 4674 4831
f 4674 4675 4831
f 4831 4675 4832
f 4675 4676 4832
f 4832 4676 4833
f 4676 4677 4833
f 4833 4677 4834
f 4677 4678 4834
f 4834 4678 4835
f 4678 4679 4835
f 4835 4679 4836
f 4679 4680 4836
f 4836 4680 4837
f 4680 4681 4837
f 4837 4681 4838
f 4681 4682 4838
f 4838 4682 4839
f 4682 4683 4839
f 4839 4683 4840
f 4683 4684 4840
f 4840 4684 4841
f 4684 4685 4841
f 4841 4685 4842
f 4685 4686 4842
f 4842 4686 4843
f 4686 4687 4843
f 4843 4687 4844
f 4687 4688 4844
f 4844 4688 4845
f 4688 4689 4845
f 4845 4689 4846
f 4689 4690 4846
f 4846 4690 4847
f 4690 4691 4847
f 4847 4691 4848
f 4691 4692 4848
f 4848 4692 4849
f 4692 4693 4849
f 4849 4693 4850
f 4693 4694 4850
f 4850 4694 4851
f 4694 4695 4851
f 4851 4695 4852
f 4695 4696 4852
f 4852 4696 4853
f 4696 4697 4853
f 4853 4697 4854
f 4697 4698 4854
f 4854 4698 4855
f 4698 4699 4855
f 4855 4699 4856
f 4699 4700 4856
f 4856 4700 4857
f 4700 4701 4857
f 4857 4701 4858
f 4701 4702 4858
f 4858 4702 4859
f 4702 4703 4859
f 4859 4703 4860
f 4703 4704 4860
f 4860 4704 4861
f 4704 4705 4861
f 4861 4705 4862
f 4705 4706 4862
f 4862 4706 4863
f 4706 4707 4863
f 4863 4707 4864
f 4707 4708 4864
f 4864 4708 4865
f 4708 4709 4865
f 4865 4709 4866
f 4709 4710 4866
f 4866 4710 4867
f 4710 4711 4867
f 4867 4711 4868
f 4711 4712 4868
f 4868 4712 4869
f 4712 4713 4869
f 4869 4713 4870
f 4713 4714 4870
f 4870 4714 4871
f 4714 4715 4871
f 4871 4715 4872
f 4715 4716 4872
f 4872 4716 4873
f 4716 4717 4873
f 4873 4717 4874
f 4717 4718 4874
f 4874 4718 4875
f 4718 4719 4875
f 4875 4719 4876
f 4719 4720 4876
f 4876 4720 4877
f 4720 4721 4877
f 4877 4721 4878
f 4721 4722 4878
f 4878 4722 4879
f 4722 4723 4879
f 4879 4723 4880
f 4881 4880 4882
f 4880 4723 4882
f 4882 4723 4883
f 4723 4724 4883
f 4883 4724 4884
f 4724 4725 4884
f 4884 4725 4885
f 4725 4726 4885
f 4885 4726 4886
f 4726 4727 4886
f 4727 4728 4886
f 4886 4728 4887
f 4728 4729 4887
f 4887 4729 4888
f 4729 4730 4888
f 4730 4731 4888
f 4888 4731 4889
f 4731 4732 4889
f 4889 4732 4890
f 4891 4890 4892
f 4890 4732 4892
f 4732 4733 4892
f 4733 4734 4892
f 4892 4734 4893
f 4734 4735 4893
f 4893 4735 4894
f 4735 4736 4894
f 4894 4736 4895
f 4736 4737 4895
f 4737 4738 4895
f 4895 4738 4896
f 4896 4738 4897
f 4738 4739 4897
f 4897 4739 4898
f 4739 4740 4898
f 4898 4740 4899
f 4740 4741 4899
f 4741 4900 4899
f 4899 4900 4901
f 4900 4902 4901
f 4901 4902 4903
f 4902 4904 4903
f 4903 4904 4905
f 4904 4906 4905
f 4905 4906 4907
f 4906 4908 4907
f 4907 4908 4909
f 4908 4910 4909
f 4909 4910 4911
f 4910 4912 4911
f 4911 4912 4913
f 4912 4914 4913
f 4913 4914 4915
f 4914 4916 4915
f 4915 4916 4917
f 4916 4805 4917
f 4805 4806 4917
f 4917 4806 4918
f 4806 4807 4918
f 4918 4807 4919
f 4807 4808 4919
f 4919 4808 4920
f 4808 4809 4920
f 4920 4809 4921
f 4809 4810 4921
f 4921 4810 4922
f 4810 4811 4922
f 4922 4811 4923
f 4811 4812 4923
f 4923 4812 4924
f 4812 4813 4924
f 4924 4813 4925
f 4925 4813 4926
f 4813 4814 4926
f 4814 4815 4926
f 4926 4815 4927
f 4815 4816 4927
f 4816 4817 4927
f 4927 4817 4928
f 4817 4818 4928
f 4928 4818 4929
f 4818 4819 4929
f 4819 4820 4929
f 4929 4820 4930
f 4820 4821 4930
f 4930 4821 4931
f 4821 4822 4931
f 4931 4822 4932
f 4822 4823 4932
f 4932 4823 4933
f 4823 4824 4933
f 4933 4824 4934
f 4935 4934 4936
f 4934 4824 4936
f 4936 4824 4937
f 4824 4825 4937
f 4937 4825 4938
f 4825 4826 4938
f 4938 4826 4939
f 4826 4827 4939
f 4939 4827 4940
f 4827 4828 4940
f 4940 4828 4941
f 4828 4829 4941
f 4941 4829 4942
f 4829 4830 4942
f 4942 4830 4943
f 4830 4831 4943
f 4943 4831 4944
f 4831 4832 4944
f 4944 4832 4945
f 4832 4833 4945
f 4945 4833 4946
f 4833 4834 4946
f 4946 4834 4947
f 4834 4835 4947
f 4947 4835 4948
f 4835 4836 4948
f 4948 4836 4949
f 4836 4837 4949
f 4949 4837 4950
f 4837 4838 4950
f 4950 4838 4951
f 4838 4839 4951
f 4951 4839 4952
f 4839 4840 4952
f 4952 4840 4953
f 4840 4841 4953
f 4953 4841 4954
f 4841 4842 4954
f 4954 4842 4955
f 4842 4843 4955
f 4955 4843 4956
f 4843 4844 4956
f 4956 4844 4957
f 4844 4845 4957
f 4957 4845 4958
f 4845 4846 4958
f 4958 4846 4959
f 4846 4847 4959
f 4959 4847 4960
f 4847 4848 4960
f 4960 4848 4961
f 4848 4849 4961
f 4961 4849 4962
f 4849 4850 4962
f 4962 4850 4963
f 4850 4851 4963
f 4963 4851 4964
f 4851 4852 4964
f 4964 4852 4965
f 4852 4853 4965
f 4965 4853 4966
f 4853 4854 4966
f 4966 4854 4967
f 4854 4855 4967
f 4967 4855 4968
f 4855 4856 4968
f 4968 4856 4969
f 4856 4857 4969
f 4969 4857 4970
f 4857 4858 4970
f 4970 4858 4971
f 4858 4859 4971
f 4971 4859 4972
f 4859 4860 4972
f 4972 4860 4973
f 4860 4861 4973
f 4973 4861 4974
f 4861 4862 4974
f 4974 4862 4975
f 4862 4863 4975
f 4975 4863 4976
f 4863 4864 4976
f 4976 4864 4977
f 4864 4865 4977
f 4977 4865 4978
f 4865 4866 4978
f 4978 4866 4979
f 4866 4867 4979
f 4979 4867 4980
f 4867 4868 4980
f 4980 4868 4981
f 4868 4869 4981
f 4981 4869 4982
f 4869 4870 4982
f 4982 4870 4983
f 4870 4871 4983
f 4983 4871 4984
f 4871 4872 4984
f 4984 4872 4985
f 4872 4873 4985
f 4985 4873 4986
f 4873 4874 4986
f 4986 4874 4987
f 4874 4875 4987
f 4987 4875 4988
f 4875 4876 4988
f 4988 4876 4989
f 4876 4877 4989
f 4989 4877 4990
f 4877 4878 4990
f 4990 4878 4991
f 4878 4879 4991
f 4991 4879 4992
f 4879 4880 4992
f 4992 4880 4993
f 4880 4881 4993
f 4993 4881 4994
f 4995 4994 4996
f 4994 4881 4996
f 4996 4881 4997
f 4881 4882 4997
f 4997 4882 4998
f 4882 4883 4998
f 4998 4883 4999
f 4883 4884 4999
f 4999 4884 5000
f 4884 4885 5000
f 5000 4885 5001
f 4885 4886 5001
f 4886 4887 5001
f 5001 4887 5002
f 4887 4888 5002
f 5002 4888 5003
f 4888 4889 5003
f 5003 4889 5004
f 4889 4890 5004
f 4890 4891 5004
f 5004 4891 5005
f 5005 4891 5006
f 4891 4892 5006
f 5007 5006 5008
f 5006 4892 5008
f 4892 4893 5008
f 5008 4893 5009
f 4893 4894 5009
f 5009 4894 5010
f 4894 4895 5010
f 4895 4896 5010
f 5010 4896 5011
f 5011 4896 5012
f 4896 4897 5012
f 5012 4897 5013
f 4897 4898 5013
f 5013 4898 5014
f 4898 4899 5014
f 4899 4901 5014
f 5014 4901 5015
f 4901 4903 5015
f 5015 4903 5016
f 4903 4905 5016
f 5016 4905 5017
f 4905 4907 5017
f 5017 4907 5018
f 4907 4909 5018
f 5018 4909 5019
f 4909 4911 5019
f 5019 4911 5020
f 4911 4913 5020
f 5020 4913 5021
f 4913 4915 5021
f 5021 4915 5022
f 4915 4917 5022
f 4917 4918 5022
f 5022 4918 5023
f 4918 4919 5023
f 5023 4919 5024
f 4919 4920 5024
f 5024 4920 5025
f 4920 4921 5025
f 5025 4921 5026
f 4921 4922 5026
f 5026 4922 5027
f 4922 4923 5027
f 5028 5027 5029
f 5027 4923 5029
f 5029 4923 5030
f 4923 4924 5030
f 5030 4924 5031
f 4924 4925 5031
f 5031 4925 5032
f 4925 4926 5032
f 4926 4927 5032
f 5032 4927 5033
f 4927 4928 5033
f 5033 4928 5034
f 4928 4929 5034
f 4929 4930 5034
f 5034 4930 5035
f 4930 4931 5035
f 5035 4931 5036
f 4931 4932 5036
f 5036 4932 5037
f 4932 4933 5037
f 5037 4933 5038
f 4933 4934 5038
f 5038 4934 5039
f 4934 4935 5039
f 5039 4935 5040
f 5041 5040 5042
f 5040 4935 5042
f 5042 4935 5043
f 4935 4936 5043
f 5043 4936 5044
f 4936 4937 5044
f 5044 4937 5045
f 4937 4938 5045
f 5045 4938 5046
f 4938 4939 5046
f 5046 4939 5047
f 4939 4940 5047
f 5047 4940 5048
f 4940 4941 5048
f 5048 4941 5049
f 4941 4942 5049
f 5049 4942 5050
f 4942 4943 5050
f 5050 4943 5051
f 4943 4944 5051
f 5051 4944 5052
f 4944 4945 5052
f 5052 4945 5053
f 4945 4946 5053
f 5053 4946 5054
f 4946 4947 5054
f 5054 4947 5055
f 4947 4948 5055
f 5055 4948 5056
f 4948 4949 5056
f 5056 4949 5057
f 4949 4950 5057
f 5057 4950 5058
f 4950 4951 5058
f 5058 4951 5059
f 4951 4952 5059
f 5059 4952 5060
f 4952 4953 5060
f 5060 4953 5061
f 4953 4954 5061
f 5061 4954 5062
f 4954 4955 5062
f 5062 4955 5063
f 4955 4956 5063
f 5063 4956 5064
f 4956 4957 5064
f 5064 4957 5065
f 4957 4958 5065
f 5065 4958 5066
f 4958 4959 5066
f 5066 4959 5067
f 4959 4960 5067
f 5067 4960 5068
f 4960 4961 5068
f 5068 4961 5069
f 4961 4962 5069
f 5069 4962 5070
f 4962 4963 5070
f 5070 4963 5071
f 4963 4964 5071
f 5071 4964 5072
f 4964 4965 5072
f 5072 4965 5073
f 4965 4966 5073
f 5073 4966 5074
f 4966 4967 5074
f 5074 4967 5075
f 4967 4968 5075
f 5075 4968 5076
f 4968 4969 5076
f 5076 4969 5077
f 4969 4970 5077
f 5077 4970 5078
f 4970 4971 5078
f 5078 4971 5079
f 4971 4972 5079
f 5079 4972 5080
f 4972 4973 5080
f 5080 4973 5081
f 4973 4974 5081
f 5081 4974 5082
f 4974 4975 5082
f 5082 4975 5083
f 4975 4976 5083
f 5083 4976 5084
f 4976 4977 5084
f 5084 4977 5085
f 4977 4978 5085
f 5085 4978 5086
f 4978 4979 5086
f 5086 4979 5087
f 4979 4980 5087
f 5087 4980 5088
f 4980 4981 5088
f 5088 4981 5089
f 4981 4982 5089
f 5089 4982 5090
f 4982 4983 5090
f 5090 4983 5091
f 4983 4984 5091
f 5091 4984 5092
f 4984 4985 5092
f 5092 4985 5093
f 4985 4986 5093
f 5093 4986 5094
f 4986 4987 5094
f 5094 4987 5095
f 4987 4988 5095
f 5095 4988 5096
f 4988 4989 5096
f 5096 4989 5097
f 4989 4990 5097
f 5097 4990 5098
f 4990 4991 5098
f 5098 4991 5099
f 4991 4992 5099
f 5099 4992 5100
f 4992 4993 5100
f 5100 4993 5101
f 4993 4994 5101
f 5101 4994 5102
f 4994 4995 5102
f 5102 4995 5103
f 5104 5103 5105
f 5103 4995 5105
f 5105 4995 5106
f 4995 4996 5106
f 5106 4996 5107
f 4996 4997 5107
f 5107 4997 5108
f 4997 4998 5108
f 5108 4998 5109
f 4998 4999 5109
f 5109 4999 5110
f 4999 5000 5110
f 5110 5000 5111
f 5000 5001 5111
f 5001 5002 5111
f 5111 5002 5112
f 5002 5003 5112
f 5112 5003 5113
f 5003 5004 5113
f 5004 5005 5113
f 5113 5005 5114
f 5005 5006 5114
f 5006 5007 5114
f 5114 5007 5115
f 5115 5007 5116
f 5116 5007 5117
f 5007 5008 5117
f 5008 5009 5117
f 5117 5009 5118
f 5009 5010 5118
f 5010 5011 5118
f 5118 5011 5119
f 5119 5011 5120
f 5011 5012 5120
f 5120 5012 5121
f 5012 5013 5121
f 5121 5013 5122
f 5013 5014 5122
f 5014 5015 5122
f 5122 5015 5123
f 5015 5016 5123
f 5123 5016 5124
f 5016 5017 5124
f 5124 5017 5125
f 5017 5018 5125
f 5125 5018 5126
f 5018 5019 5126
f 5126 5019 5127
f 5019 5020 5127
f 5127 5020 5128
f 5020 5021 5128
f 5128 5021 5129
f 5021 5022 5129
f 5022 5023 5129
f 5129 5023 5130
f 5023 5024 5130
f 5130 5024 5131
f 5024 5025 5131
f 5131 5025 5132
f 5025 5026 5132
f 5132 5026 5133
f 5026 5027 5133
f 5027 5028 5133
f 5133 5028 5134
f 5134 5028 5135
f 5135 5028 5136
f 5028 5029 5136
f 5136 5029 5137
f 5029 5030 5137
f 5030 5031 5137
f 5137 5031 5138
f 5031 5032 5138
f 5138 5032 5139
f 5032 5033 5139
f 5139 5033 5140
f 5033 5034 5140
f 5034 5035 5140
f 5140 5035 5141
f 5035 5036 5141
f 5141 5036 5142
f 5036 5037 5142
f 5142 5037 5143
f 5037 5038 5143
f 5143 5038 5144
f 5038 5039 5144
f 5144 5039 5145
f 5039 5040 5145
f 5145 5040 5146
f 5040 5041 5146
f 5146 5041 5147
f 5148 5147 5149
f 5147 5041 5149
f 5149 5041 5150
f 5041 5042 5150
f 5150 5042 5151
f 5042 5043 5151
f 5151 5043 5152
f 5043 5044 5152
f 5152 5044 5153
f 5044 5045 5153
f 5153 5045 5154
f 5045 5046 5154
f 5154 5046 5155
f 5046 5047 5155
f 5155 5047 5156
f 5047 5048 5156
f 5156 5048 5157
f 5048 5049 5157
f 5157 5049 5158
f 5049 5050 5158
f 5158 5050 5159
f 5050 5051 5159
f 5159 5051 5160
f 5051 5052 5160
f 5160 5052 5161
f 5052 5053 5161
f 5161 5053 5162
f 5053 5054 5162
f 5162 5054 5163
f 5054 5055 5163
f 5163 5055 5164
f 5055 5056 5164
f 5164 5056 5165
f 5056 5057 5165
f 5165 5057 5166
f 5057 5058 5166
f 5166 5058 5167
f 5058 5059 5167
f 5167 5059 5168
f 5059 5060 5168
f 5168 5060 5169
f 5060 5061 5169
f 5169 5061 5170
f 5061 5062 5170
f 5170 5062 5171
f 5062 5063 5171
f 5171 5063 5172
f 5063 5064 5172
f 5172 5064 5173
f 5064 5065 5173
f 5173 5065 5174
f 5065 5066 5174
f 5174 5066 5175
f 5066 5067 5175
f 5175 5067 5176
f 5067 5068 5176
f 5176 5068 5177
f 5068 5069 5177
f 5177 5069 5178
f 5069 5070 5178
f 5178 5070 5179
f 5070 5071 5179
f 5179 5071 5180
f 5071 5072 5180
f 5180 5072 5181
f 5072 5073 5181
f 5181 5073 5182
f 5073 5074 5182
f 5182 5074 5183
f 5074 5075 5183
f 5183 5075 5184
f 5075 5076 5184
f 5184 5076 5185
f 5076 5077 5185
f 5185 5077 5186
f 5077 5078 5186
f 5186 5078 5187
f 5078 5079 5187
f 5187 5079 5188
f 5079 5080 5188
f 5188 5080 5189
f 5080 5081 5189
f 5189 5081 5190
f 5081 5082 5190
f 5190 5082 5191
f 5082 5083 5191
f 5191 5083 5192
f 5083 5084 5192
f 5192 5084 5193
f 5084 5085 5193
f 5193 5085 5194
f 5085 5086 5194
f 5194 5086 5195
f 5086 5087 5195
f 5195 5087 5196
f 5087 5088 5196
f 5196 5088 5197
f 5088 5089 5197
f 5197 5089 5198
f 5089 5090 5198
f 5198 5090 5199
f 5090 5091 5199
f 5199 5091 5200
f 5091 5092 5200
f 5200 5092 5201
f 5092 5093 5201
f 5201 5093 5202
f 5093 5094 5202
f 5202 5094 5203
f 5094 5095 5203
f 5203 5095 5204
f 5095 5096 5204
f 5204 5096 5205
f 5096 5097 5205
f 5205 5097 5206
f 5097 5098 5206
f 5206 5098 5207
f 5098 5099 5207
f 5207 5099 5208
f 5099 5100 5208
f 5208 5100 5209
f 5100 5101 5209
f 5209 5101 5210
f 5101 5102 5210
f 5210 5102 5211
f 5102 5103 5211
f 5211 5103 5212
f 5103 5104 5212
f 5212 5104 5213
f 5214 5213 5215
f 5213 5104 5215
f 5215 5104 5216
f 5104 5105 5216
f 5216 5105 5217
f 5105 5106 5217
f 5217 5106 5218
f 5106 5107 5218
f 5218 5107 5219
f 5107 5108 5219
f 5219 5108 5220
f 5108 5109 5220
f 5220 5109 5221
f 5109 5110 5221
f 5221 5110 5222
f 5110 5111 5222
f 5111 5112 5222
f 5222 5112 5223
f 5112 5113 5223
f 5223 5113 5224
f 5113 5114 5224
f 5114 5115 5224
f 5224 5115 5225
f 5115 5116 5225
f 5225 5116 5226
f 5226 5116 5227
f 5116 5117 5227
f 5117 5118 5227
f 5118 5119 5227
f 5227 5119 5228
f 5228 5119 5229
f 5119 5120 5229
f 5229 5120 5230
f 5120 5121 5230
f 5230 5121 5231
f 5121 5122 5231
f 5122 5123 5231
f 5231 5123 5232
f 5123 5124 5232
f 5232 5124 5233
f 5124 5125 5233
f 5233 5125 5234
f 5125 5126 5234
f 5234 5126 5235
f 5126 5127 5235
f 5235 5127 5236
f 5127 5128 5236
f 5236 5128 5237
f 5128 5129 5237
f 5129 5130 5237
f 5237 5130 5238
f 5130 5131 5238
f 5238 5131 5239
f 5131 5132 5239
f 5239 5132 5240
f 5132 5133 5240
f 5240 5133 5241
f 5133 5134 5241
f 5241 5134 5242
f 5134 5135 5242
f 5242 5135 5243
f 5135 5136 5243
f 5136 5137 5243
f 5137 5138 5243
f 5243 5138 5244
f 5138 5139 5244
f 5244 5139 5245
f 5139 5140 5245
f 5140 5141 5245
f 5245 5141 5246
f 5141 5142 5246
f 5246 5142 5247
f 5142 5143 5247
f 5247 5143 5248
f 5143 5144 5248
f 5248 5144 5249
f 5144 5145 5249
f 5249 5145 5250
f 5145 5146 5250
f 5250 5146 5251
f 5146 5147 5251
f 5251 5147 5252
f 5147 5148 5252
f 5148 5253 5252
f 5252 5253 5254
f 5253 5255 5254
f 5254 5255 5256
f 5255 5257 5256
f 5256 5257 5258
f 5257 5259 5258
f 5258 5259 5260
f 5259 5261 5260
f 5260 5261 5262
f 5261 5263 5262
f 5262 5263 5264
f 5263 5265 5264
f 5264 5265 5266
f 5265 5214 5266
f 5214 5215 5266
f 5266 5215 5267
f 5215 5216 5267
f 5267 5216 5268
f 5216 5217 5268
f 5268 5217 5269
f 5217 5218 5269
f 5269 5218 5270
f 5218 5219 5270
f 5270 5219 5271
f 5219 5220 5271
f 5271 5220 5272
f 5220 5221 5272
f 5272 5221 5273
f 5221 5222 5273
f 5222 5223 5273
f 5273 5223 5274
f 5223 5224 5274
f 5274 5224 5275
f 5224 5225 5275
f 5275 5225 5276
f 5225 5226 5276
f 5276 5226 5277
f 5226 5227 5277
f 5277 5227 5278
f 5227 5228 5278
f 5278 5228 5279
f 5279 5228 5280
f 5228 5229 5280
f 5280 5229 5281
f 5229 5230 5281
f 5281 5230 5282
f 5230 5231 5282
f 5231 5232 5282
f 5282 5232 5283
f 5232 5233 5283
f 5283 5233 5284
f 5233 5234 5284
f 5284 5234 5285
f 5234 5235 5285
f 5285 5235 5286
f 5235 5236 5286
f 5286 5236 5287
f 5236 5237 5287
f 5237 5238 5287
f 5287 5238 5288
f 5238 5239 5288
f 5288 5239 5289
f 5239 5240 5289
f 5289 5240 5290
f 5290 5240 5291
f 5240 5241 5291
f 5291 5241 5292
f 5241 5242 5292
f 5292 5242 5293
f 5242 5243 5293
f 5293 5243 5294
f 5243 5244 5294
f 5294 5244 5295
f 5244 5245 5295
f 5245 5246 5295
f 5295 5246 5296
f 5246 5247 5296
f 5296 5247 5297
f 5247 5248 5297
f 5297 5248 5298
f 5248 5249 5298
f 5298 5249 5299
f 5249 5250 5299
f 5299 5250 5300
f 5250 5251 5300
f 5300 5251 5301
f 5251 5252 5301
f 5252 5254 5301
f 5301 5254 5302
f 5254 5256 5302
f 5302 5256 5303
f 5256 5258 5303
f 5303 5258 5304
f 5258 5260 5304
f 5304 5260 5305
f 5260 5262 5305
f 5305 5262 5306
f 5262 5264 5306
f 5306 5264 5307
f 5264 5266 5307
f 5266 5267 5307
f 5307 5267 5308
f 5267 5268 5308
f 5308 5268 5309
f 5268 5269 5309
f 5309 5269 5310
f 5269 5270 5310
f 5310 5270 5311
f 5270 5271 5311
f 5311 5271 5312
f 5271 5272 5312
f 5312 5272 5313
f 5272 5273 5313
f 5273 5274 5313
f 5313 5274 5314
f 5274 5275 5314
f 5314 5275 5315
f 5275 5276 5315
f 5315 5276 5316
f 5276 5277 5316
f 5277 5278 5316
f 5316 5278 5317
f 5278 5279 5317
f 5317 5279 5318
f 5318 5279 5319
f 5279 5280 5319
f 5319 5280 5320
f 5280 5281 5320
f 5320 5281 5321
f 5281 5282 5321
f 5282 5283 5321
f 5321 5283 5322
f 5283 5284 5322
f 5322 5284 5323
f 5284 5285 5323
f 5323 5285 5324
f 5285 5286 5324
f 5324 5286 5325
f 5286 5287 5325
f 5287 5288 5325
f 5325 5288 5326
f 5288 5289 5326
f 5327 5326 5328
f 5326 5289 5328
f 5289 5290 5328
f 5328 5290 5329
f 5329 5290 5330
f 5290 5291 5330
f 5291 5292 5330
f 5330 5292 5331
f 5292 5293 5331
f 5331 5293 5332
f 5293 5294 5332
f 5332 5294 5333
f 5294 5295 5333
f 5295 5296 5333
f 5333 5296 5334
f 5296 5297 5334
f 5334 5297 5335
f 5297 5298 5335
f 5335 5298 5336
f 5298 5299 5336
f 5336 5299 5337
f 5299 5300 5337
f 5337 5300 5338
f 5300 5301 5338
f 5301 5302 5338
f 5338 5302 5339
f 5302 5303 5339
f 5339 5303 5340
f 5303 5304 5340
f 5340 5304 5341
f 5304 5305 5341
f 5341 5305 5342
f 5305 5306 5342
f 5342 5306 5343
f 5306 5307 5343
f 5307 5308 5343
f 5343 5308 5344
f 5308 5309 5344
f 5344 5309 5345
f 5309 5310 5345
f 5345 5310 5346
f 5310 5311 5346
f 5346 5311 5347
f 5311 5312 5347
f 5347 5312 5348
f 5312 5313 5348
f 5313 5314 5348
f 5348 5314 5349
f 5314 5315 5349
f 5349 5315 5350
f 5315 5316 5350
f 5316 5317 5350
f 5317 5318 5350
f 5350 5318 5351
f 5318 5319 5351
f 5351 5319 5352
f 5319 5320 5352
f 5352 5320 5353
f 5353 5320 5354
f 5320 5321 5354
f 5321 5322 5354
f 5354 5322 5355
f 5322 5323 5355
f 5355 5323 5356
f 5323 5324 5356
f 5356 5324 5357
f 5324 5325 5357
f 5325 5326 5357
f 5326 5327 5357
f 5357 5327 5358
f 5358 5327 5359
f 5359 5327 5360
f 5327 5328 5360
f 5328 5329 5360
f 5360 5329 5361
f 5329 5330 5361
f 5330 5331 5361
f 5361 5331 5362
f 5331 5332 5362
f 5362 5332 5363
f 5332 5333 5363
f 5333 5334 5363
f 5363 5334 5364
f 5334 5335 5364
f 5364 5335 5365
f 5335 5336 5365
f 5365 5336 5366
f 5336 5337 5366
f 5366 5337 5367
f 5337 5338 5367
f 5338 5339 5367
f 5367 5339 5368
f 5339 5340 5368
f 5368 5340 5369
f 5340 5341 5369
f 5369 5341 5370
f 5341 5342 5370
f 5370 5342 5371
f 5342 5343 5371
f 5343 5344 5371
f 5371 5344 5372
f 5344 5345 5372
f 5372 5345 5373
f 5345 5346 5373
f 5373 5346 5374
f 5346 5347 5374
f 5374 5347 5375
f 5347 5348 5375
f 5348 5349 5375
f 5375 5349 5376
f 5349 5350 5376
f 5376 5350 5377
f 5350 5351 5377
f 5377 5351 5378
f 5351 5352 5378
f 5352 5353 5378
f 5378 5353 5379
f 5379 5353 5380
f 5353 5354 5380
f 5380 5354 5381
f 5354 5355 5381
f 5381 5355 5382
f 5382 5355 5383
f 5355 5356 5383
f 5383 5356 5384
f 5356 5357 5384
f 5384 5357 5385
f 5357 5358 5385
f 5385 5358 5386
f 5358 5359 5386
f 5386 5359 5387
f 5359 5360 5387
f 5360 5361 5387
f 5387 5361 5388
f 5361 5362 5388
f 5388 5362 5389
f 5362 5363 5389
f 5363 5364 5389
f 5389 5364 5390
f 5364 5365 5390
f 5390 5365 5391
f 5365 5366 5391
f 5391 5366 5392
f 5366 5367 5392
f 5367 5368 5392
f 5392 5368 5393
f 5368 5369 5393
f 5393 5369 5394
f 5369 5370 5394
f 5394 5370 5395
f 5370 5371 5395
f 5371 5372 5395
f 5395 5372 5396
f 5372 5373 5396
f 5396 5373 5397
f 5373 5374 5397
f 5397 5374 5398
f 5374 5375 5398
f 5375 5376 5398
f 5398 5376 5399
f 5376 5377 5399
f 5399 5377 5400
f 5377 5378 5400
f 5378 5379 5400
f 5400 5379 5401
f 5379 5380 5401
f 5380 5381 5401
f 5401 5381 5402
f 5381 5382 5402
f 5402 5382 5403
f 5382 5383 5403
f 5403 5383 5404
f 5383 5384 5404
f 5404 5384 5405
f 5384 5385 5405
f 5385 5386 5405
f 5405 5386 5406
f 5386 5387 5406
f 5406 5387 5407
f 5387 5388 5407
f 5407 5388 5408
f 5388 5389 5408
f 5389 5390 5408
f 5408 5390 5409
f 5390 5391 5409
f 5409 5391 5410
f 5391 5392 5410
f 5392 5393 5410
f 5410 5393 5411
f 5393 5394 5411
f 5411 5394 5412
f 5394 5395 5412
f 5395 5396 5412
f 5412 5396 5413
f 5396 5397 5413
f 5413 5397 5414
f 5397 5398 5414
f 5398 5399 5414
f 5414 5399 5415
f 5399 5400 5415
f 5415 5400 5416
f 5400 5401 5416
f 5401 5402 5416
f 5402 5403 5416
f 5416 5403 5417
f 5403 5404 5417
f 5404 5405 5417
f 5405 5406 5417
f 5417 5406 5418
f 5406 5407 5418
f 5418 5407 5419
f 5407 5408 5419
f 5408 5409 5419
f 5419 5409 5420
f 5409 5410 5420
f 5410 5411 5420
f 5420 5411 5421
f 5411 5412 5421
f 5412 5413 5421
f 5421 5413 5422
f 5413 5414 5422
f 5414 5415 5422
f 5422 5415 5423
f 5415 5416 5423
f 5416 5417 5423
f 5417 5418 5423
f 5423 5418 5424
f 5418 5419 5424
f 5419 5420 5424
f 5420 5421 5424
f 5421 5422 5424
f 5425 5426 5427
f 5427 5426 5428
f 5428 5426 5429
f 5429 5426 5430
f 5430 5426 5431
f 5431 5426 5432
f 5432 5426 5433
f 5433 5426 5434
f 5434 5426 5435
f 5435 5426 5436
f 5436 5426 5437
f 5437 5426 5438
f 5438 5426 5439
f 5439 5426 5440
f 5440 5426 5441
f 5441 5426 5442
f 5442 5426 5443
f 5443 5426 5444
f 5444 5426 5445
f 5445 5426 5446
f 5446 5426 5447
f 5447 5426 5448
f 5448 5426 5449
f 5449 5426 5450
f 5450 5426 5451
f 5451 5426 5452
f 5452 5426 5453
f 5453 5426 5454
f 5454 5426 5455
f 5455 5426 5456
f 5456 5426 5457
f 5457 5426 5458
f 5458 5426 5459
f 5459 5426 5460
f 5460 5426 5461
f 5461 5426 5462
f 5462 5426 5463
f 5463 5426 5464
f 5464 5426 5465
f 5465 5426 5466
f 5466 5426 5467
f 5467 5426 5468
f 5468 5426 5469
f 5469 5426 5470
f 5470 5426 5471
f 5471 5426 5472
f 5472 5426 5473
f 5473 5426 5474
f 5474 5426 5475
f 5475 5426 5476
f 5476 5426 5477
f 5477 5426 5478
f 5478 5426 5479
f 5479 5426 5480
f 5480 5426 5481
f 5481 5426 5482
f 5482 5426 5483
f 5483 5426 5484
f 5484 5426 5485
f 5485 5426 5486
f 5486 5426 5487
f 5487 5426 5488
f 5488 5426 5489
f 5489 5426 5490
f 5490 5426 5491
f 5491 5426 5492
f 5492 5426 5493
f 5493 5426 5494
f 5494 5426 5495
f 5495 5426 5496
f 5496 5426 5497
f 5497 5426 5498
f 5498 5426 5499
f 5426 5425 5499
f 5500 5501 5502
f 5502 5501 5503
f 5503 5501 5504
f 5504 5501 5505
f 5505 5501 5506
f 5506 5501 5507
f 5507 5501 5508
f 5508 5501 5509
f 5509 5501 5510
f 5510 5501 5511
f 5511 5501 5512
f 5512 5501 5513
f 5513 5501 5514
f 5514 5501 5515
f 5515 5501 5516
f 5516 5501 5517
f 5517 5501 5518
f 5518 5501 5519
f 5519 5501 5520
f 5520 5501 5521
f 5521 5501 5522
f 5522 5501 5523
f 5523 5501 5524
f 5524 5501 5525
f 5525 5501 5526
f 5526 5501 5527
f 5527 5501 5528
f 5528 5501 5529
f 5529 5501 5530
f 5530 5501 5531
f 5531 5501 5532
f 5532 5501 5533
f 5533 5501 5534
f 5534 5501 5535
f 5535 5501 5536
f 5536 5501 5537
f 5537 5501 5538
f 5538 5501 5539
f 5539 5501 5540
f 5540 5501 5541
f 5541 5501 5542
f 5542 5501 5543
f 5543 5501 5544
f 5544 5501 5545
f 5545 5501 5546
f 5546 5501 5547
f 5547 5501 5548
f 5548 5501 5549
f 5549 5501 5550
f 5550 5501 5551
f 5551 5501 5552
f 5552 5501 5553
f 5553 5501 5554
f 5554 5501 5555
f 5555 5501 5556
f 5556 5501 5557
f 5557 5501 5558
f 5558 5501 5559
f 5559 5501 5560
f 5560 5501 5561
f 5561 5501 5562
f 5562 5501 5563
f 5563 5501 5564
f 5564 5501 5565
f 5565 5501 5566
f 5566 5501 5567
f 5567 5501 5568
f 5568 5501 5569
f 5569 5501 5570
f 5570 5501 5571
f 5571 5501 5572
f 5572 5501 5573
f 5573 5501 5574
f 5501 5500 5574
f 5575 5576 5577
f 5577 5576 5578
f 5576 5579 5578
f 5578 5579 5580
f 5579 5581 5580
f 5580 5581 5582
f 5581 5583 5582
f 5582 5583 5584
f 5583 5585 5584
f 5584 5585 5586
f 5585 5587 5586
f 5586 5587 5588
f 5587 5589 5588
f 5588 5589 5590
f 5589 5591 5590
f 5590 5591 5592
f 5591 5593 5592
f 5592 5593 5594
f 5593 5595 5594
f 5594 5595 5596
f 5595 5597 5596
f 5596 5597 5598
f 5597 5599 5598
f 5598 5599 5600
f 5599 5601 5600
f 5600 5601 5602
f 5601 5603 5602
f 5602 5603 5604
f 5603 5605 5604
f 5604 5605 5606
f 5605 5607 5606
f 5606 5607 5608
f 5607 5609 5608
f 5608 5609 5610
f 5609 5611 5610
f 5610 5611 5612
f 5611 5613 5612
f 5612 5613 5614
f 5613 5615 5614
f 5614 5615 5616
f 5615 5617 5616
f 5616 5617 5618
f 5617 5619 5618
f 5618 5619 5620
f 5619 5621 5620
f 5620 5621 5622
f 5621 5623 5622
f 5622 5623 5624
f 5623 5625 5624
f 5624 5625 5626
f 5625 5627 5626
f 5626 5627 5628
f 5627 5629 5628
f 5628 5629 5630
f 5629 5631 5630
f 5630 5631 5632
f 5631 5633 5632
f 5632 5633 5634
f 5633 5635 5634
f 5634 5635 5636
f 5635 5637 5636
f 5636 5637 5638
f 5637 5639 5638
f 5638 5639 5640
f 5639 5641 5640
f 5640 5641 5642
f 5641 5643 5642
f 5642 5643 5644
f 5643 5645 5644
f 5644 5645 5646
f 5645 5647 5646
f 5646 5647 5648
f 5647 5649 5648
f 5648 5649 5650
f 5649 5651 5650
f 5650 5651 5652
f 5651 5653 5652
f 5652 5653 5654
f 5653 5655 5654
f 5654 5655 5656
f 5655 5657 5656
f 5656 5657 5658
f 5657 5659 5658
f 5658 5659 5660
f 5659 5661 5660
f 5660 5661 5662
f 5661 5663 5662
f 5662 5663 5664
f 5663 5665 5664
f 5664 5665 5666
f 5665 5667 5666
f 5666 5667 5668
f 5667 5669 5668
f 5668 5669 5670
f 5669 5671 5670
f 5670 5671 5672
f 5671 5673 5672
f 5672 5673 5674
f 5673 5675 5674
f 5674 5675 5676
f 5675 5677 5676
f 5676 5677 5678
f 5677 5679 5678
f 5678 5679 5680
f 5679 5681 5680
f 5680 5681 5682
f 5681 5683 5682
f 5682 5683 5684
f 5683 5685 5684
f 5684 5685 5686
f 5685 5687 5686
f 5686 5687 5688
f 5687 5689 5688
f 5688 5689 5690
f 5689 5691 5690
f 5690 5691 5692
f 5691 5693 5692
f 5692 5693 5694
f 5693 5695 5694
f 5694 5695 5696
f 5695 5697 5696
f 5696 5697 5698
f 5697 5699 5698
f 5698 5699 5700
f 5699 5701 5700
f 5700 5701 5702
f 5701 5703 5702
f 5702 5703 5704
f 5703 5705 5704
f 5704 5705 5706
f 5706 5705 5707
f 5707 5705 5708
f 5708 5705 5709
f 5705 5703 5709
f 5709 5703 5710
f 5703 5701 5710
f 5701 5699 5710
f 5699 5711 5710
f 5710 5711 5712
f 5711 5695 5712
f 5712 5695 5713
f 5695 5693 5713
f 5713 5693 5714
f 5693 5691 5714
f 5691 5689 5714
f 5714 5689 5715
f 5689 5687 5715
f 5687 5685 5715
f 5715 5685 5716
f 5685 5683 5716
f 5716 5683 5717
f 5683 5681 5717
f 5717 5681 5718
f 5681 5679 5718
f 5679 5677 5718
f 5677 5675 5718
f 5718 5675 5719
f 5675 5673 5719
f 5719 5673 5720
f 5673 5671 5720
f 5720 5671 5721
f 5671 5669 5721
f 5669 5667 5721
f 5667 5665 5721
f 5721 5665 5722
f 5665 5663 5722
f 5663 5661 5722
f 5722 5661 5723
f 5661 5659 5723
f 5723 5659 5724
f 5659 5657 5724
f 5657 5655 5724
f 5724 5655 5725
f 5655 5653 5725
f 5653 5651 5725
f 5725 5651 5726
f 5651 5649 5726
f 5726 5649 5727
f 5649 5647 5727
f 5727 5647 5728
f 5647 5645 5728
f 5645 5643 5728
f 5643 5641 5728
f 5728 5641 5729
f 5641 5639 5729
f 5729 5639 5730
f 5639 5637 5730
f 5730 5637 5731
f 5637 5635 5731
f 5635 5633 5731
f 5633 5631 5731
f 5731 5631 5732
f 5631 5629 5732
f 5629 5627 5732
f 5732 5627 5733
f 5627 5625 5733
f 5733 5625 5734
f 5625 5623 5734
f 5734 5623 5735
f 5623 5621 5735
f 5621 5619 5735
f 5619 5617 5735
f 5735 5617 5736
f 5617 5615 5736
f 5736 5615 5737
f 5615 5613 5737
f 5737 5613 5738
f 5613 5611 5738
f 5611 5609 5738
f 5609 5607 5738
f 5738 5607 5739
f 5607 5605 5739
f 5739 5605 5740
f 5605 5603 5740
f 5603 5601 5740
f 5740 5601 5741
f 5601 5599 5741
f 5599 5597 5741
f 5741 5597 5742
f 5597 5595 5742
f 5595 5593 5742
f 5742 5593 5743
f 5593 5591 5743
f 5743 5591 5744
f 5591 5589 5744
f 5744 5589 5745
f 5589 5587 5745
f 5587 5585 5745
f 5585 5583 5745
f 5745 5583 5746
f 5583 5581 5746
f 5746 5581 5747
f 5581 5579 5747
f 5747 5579 5748
f 5579 5576 5748
f 5576 5575 5748
f 5575 5749 5748
f 5748 5749 5750
f 5749 5751 5750
f 5750 5751 5752
f 5751 5753 5752
f 5752 5753 5754
f 5754 5753 5755
f 5755 5753 5756
f 5756 5753 5757
f 5753 5751 5757
f 5757 5751 5758
f 5751 5759 5758
f 5758 5759 5760
f 5759 5575 5760
f 5575 5577 5760
f 5761 5760 5762
f 5762 5760 5763
f 5760 5577 5763
f 5763 5577 5764
f 5577 5578 5764
f 5578 5580 5764
f 5764 5580 5765
f 5580 5582 5765
f 5582 5584 5765
f 5765 5584 5766
f 5584 5586 5766
f 5766 5586 5767
f 5586 5588 5767
f 5588 5590 5767
f 5767 5590 5768
f 5590 5592 5768
f 5592 5594 5768
f 5768 5594 5769
f 5594 5596 5769
f 5769 5596 5770
f 5596 5598 5770
f 5770 5598 5771
f 5598 5600 5771
f 5600 5602 5771
f 5602 5604 5771
f 5771 5604 5772
f 5604 5606 5772
f 5606 5608 5772
f 5772 5608 5773
f 5608 5610 5773
f 5773 5610 5774
f 5610 5612 5774
f 5612 5614 5774
f 5774 5614 5775
f 5614 5616 5775
f 5616 5618 5775
f 5775 5618 5776
f 5618 5620 5776
f 5776 5620 5777
f 5620 5622 5777
f 5777 5622 5778
f 5622 5624 5778
f 5624 5626 5778
f 5626 5628 5778
f 5778 5628 5779
f 5628 5630 5779
f 5779 5630 5780
f 5630 5632 5780
f 5632 5634 5780
f 5780 5634 5781
f 5634 5636 5781
f 5636 5638 5781
f 5781 5638 5782
f 5638 5640 5782
f 5640 5642 5782
f 5782 5642 5783
f 5642 5644 5783
f 5783 5644 5784
f 5644 5646 5784
f 5646 5648 5784
f 5784 5648 5785
f 5648 5650 5785
f 5650 5652 5785
f 5785 5652 5786
f 5652 5654 5786
f 5786 5654 5787
f 5654 5656 5787
f 5787 5656 5788
f 5656 5658 5788
f 5658 5660 5788
f 5660 5662 5788
f 5788 5662 5789
f 5662 5664 5789
f 5789 5664 5790
f 5664 5666 5790
f 5666 5668 5790
f 5790 5668 5791
f 5668 5670 5791
f 5670 5672 5791
f 5791 5672 5792
f 5672 5674 5792
f 5674 5676 5792
f 5792 5676 5793
f 5676 5678 5793
f 5793 5678 5794
f 5678 5680 5794
f 5680 5682 5794
f 5794 5682 5795
f 5682 5684 5795
f 5684 5686 5795
f 5795 5686 5796
f 5686 5688 5796
f 5796 5688 5797
f 5688 5690 5797
f 5797 5690 5798
f 5690 5692 5798
f 5692 5694 5798
f 5694 5799 5798
f 5798 5799 5800
f 5799 5698 5800
f 5800 5698 5801
f 5698 5700 5801
f 5801 5700 5802
f 5700 5702 5802
f 5702 5704 5802
f 5802 5704 5803
f 5704 5706 5803
f 5803 5706 5804
f 5706 5707 5804
f 5804 5707 5805
f 5806 5805 5807
f 5805 5707 5807
f 5707 5708 5807
f 5808 5807 5809
f 5807 5708 5809
f 5809 5708 5810
f 5708 5709 5810
f 5810 5709 5811
f 5709 5710 5811
f 5811 5710 5812
f 5710 5712 5812
f 5812 5712 5813
f 5712 5713 5813
f 5813 5713 5814
f 5713 5714 5814
f 5814 5714 5815
f 5714 5715 5815
f 5815 5715 5816
f 5715 5716 5816
f 5816 5716 5817
f 5716 5717 5817
f 5817 5717 5818
f 5717 5718 5818
f 5818 5718 5819
f 5718 5719 5819
f 5819 5719 5820
f 5719 5720 5820
f 5820 5720 5821
f 5720 5721 5821
f 5821 5721 5822
f 5721 5722 5822
f 5822 5722 5823
f 5722 5723 5823
f 5823 5723 5824
f 5723 5724 5824
f 5824 5724 5825
f 5724 5725 5825
f 5825 5725 5826
f 5725 5726 5826
f 5826 5726 5827
f 5726 5727 5827
f 5827 5727 5828
f 5727 5728 5828
f 5828 5728 5829
f 5728 5729 5829
f 5829 5729 5830
f 5729 5730 5830
f 5830 5730 5831
f 5730 5731 5831
f 5831 5731 5832
f 5731 5732 5832
f 5832 5732 5833
f 5732 5733 5833
f 5833 5733 5834
f 5733 5734 5834
f 5834 5734 5835
f 5734 5735 5835
f 5835 5735 5836
f 5735 5736 5836
f 5836 5736 5837
f 5736 5737 5837
f 5837 5737 5838
f 5737 5738 5838
f 5838 5738 5839
f 5738 5739 5839
f 5839 5739 5840
f 5739 5740 5840
f 5840 5740 5841
f 5740 5741 5841
f 5841 5741 5842
f 5741 5742 5842
f 5842 5742 5843
f 5742 5743 5843
f 5843 5743 5844
f 5743 5744 5844
f 5844 5744 5845
f 5744 5745 5845
f 5845 5745 5846
f 5745 5746 5846
f 5846 5746 5847
f 5746 5747 5847
f 5847 5747 5848
f 5747 5748 5848
f 5848 5748 5849
f 5748 5750 5849
f 5849 5750 5850
f 5750 5752 5850
f 5850 5752 5851
f 5752 5754 5851
f 5851 5754 5852
f 5853 5852 5854
f 5852 5754 5854
f 5854 5754 5855
f 5754 5755 5855
f 5855 5755 5856
f 5755 5756 5856
f 5856 5756 5857
f 5756 5757 5857
f 5757 5761 5857
f 5761 5762 5857
f 5857 5762 5858
f 5858 5762 5859
f 5762 5763 5859
f 5859 5763 5860
f 5763 5764 5860
f 5860 5764 5861
f 5764 5765 5861
f 5861 5765 5862
f 5765 5766 5862
f 5862 5766 5863
f 5766 5767 5863
f 5863 5767 5864
f 5767 5768 5864
f 5864 5768 5865
f 5768 5769 5865
f 5865 5769 5866
f 5769 5770 5866
f 5866 5770 5867
f 5770 5771 5867
f 5867 5771 5868
f 5771 5772 5868
f 5868 5772 5869
f 5772 5773 5869
f 5869 5773 5870
f 5773 5774 5870
f 5870 5774 5871
f 5774 5775 5871
f 5871 5775 5872
f 5775 5776 5872
f 5872 5776 5873
f 5776 5777 5873
f 5873 5777 5874
f 5777 5778 5874
f 5874 5778 5875
f 5778 5779 5875
f 5875 5779 5876
f 5779 5780 5876
f 5876 5780 5877
f 5780 5781 5877
f 5877 5781 5878
f 5781 5782 5878
f 5878 5782 5879
f 5782 5783 5879
f 5879 5783 5880
f 5783 5784 5880
f 5880 5784 5881
f 5784 5785 5881
f 5881 5785 5882
f 5785 5786 5882
f 5882 5786 5883
f 5786 5787 5883
f 5883 5787 5884
f 5787 5788 5884
f 5884 5788 5885
f 5788 5789 5885
f 5885 5789 5886
f 5789 5790 5886
f 5886 5790 5887
f 5790 5791 5887
f 5887 5791 5888
f 5791 5792 5888
f 5888 5792 5889
f 5792 5793 5889
f 5889 5793 5890
f 5793 5794 5890
f 5890 5794 5891
f 5794 5795 5891
f 5891 5795 5892
f 5795 5796 5892
f 5892 5796 5893
f 5796 5797 5893
f 5893 5797 5894
f 5797 5798 5894
f 5894 5798 5895
f 5798 5800 5895
f 5895 5800 5896
f 5800 5801 5896
f 5896 5801 5897
f 5801 5802 5897
f 5897 5802 5898
f 5802 5803 5898
f 5898 5803 5899
f 5899 5803 5900
f 5803 5804 5900
f 5900 5804 5901
f 5804 5805 5901
f 5805 5806 5901
f 5901 5806 5902
f 5902 5806 5903
f 5806 5807 5903
f 5904 5903 5905
f 5903 5807 5905
f 5807 5808 5905
f 5905 5808 5906
f 5907 5906 5908
f 5906 5808 5908
f 5908 5808 5909
f 5808 5809 5909
f 5909 5809 5910
f 5809 5810 5910
f 5910 5810 5911
f 5810 5811 5911
f 5911 5811 5912
f 5811 5812 5912
f 5912 5812 5913
f 5812 5813 5913
f 5913 5813 5914
f 5813 5814 5914
f 5914 5814 5915
f 5814 5815 5915
f 5915 5815 5916
f 5815 5816 5916
f 5916 5816 5917
f 5816 5817 5917
f 5917 5817 5918
f 5817 5818 5918
f 5918 5818 5919
f 5818 5819 5919
f 5919 5819 5920
f 5819 5820 5920
f 5920 5820 5921
f 5820 5821 5921
f 5921 5821 5922
f 5821 5822 5922
f 5922 5822 5923
f 5822 5823 5923
f 5923 5823 5924
f 5823 5824 5924
f 5924 5824 5925
f 5824 5825 5925
f 5925 5825 5926
f 5825 5826 5926
f 5926 5826 5927
f 5826 5827 5927
f 5927 5827 5928
f 5827 5828 5928
f 5928 5828 5929
f 5828 5829 5929
f 5929 5829 5930
f 5829 5830 5930
f 5930 5830 5931
f 5830 5831 5931
f 5931 5831 5932
f 5831 5832 5932
f 5932 5832 5933
f 5832 5833 5933
f 5933 5833 5934
f 5833 5834 5934
f 5934 5834 5935
f 5834 5835 5935
f 5935 5835 5936
f 5835 5836 5936
f 5936 5836 5937
f 5836 5837 5937
f 5937 5837 5938
f 5837 5838 5938
f 5938 5838 5939
f 5838 5839 5939
f 5939 5839 5940
f 5839 5840 5940
f 5940 5840 5941
f 5840 5841 5941
f 5941 5841 5942
f 5841 5842 5942
f 5942 5842 5943
f 5842 5843 5943
f 5943 5843 5944
f 5843 5844 5944
f 5944 5844 5945
f 5844 5845 5945
f 5945 5845 5946
f 5845 5846 5946
f 5946 5846 5947
f 5846 5847 5947
f 5947 5847 5948
f 5847 5848 5948
f 5948 5848 5949
f 5848 5849 5949
f 5949 5849 5950
f 5849 5850 5950
f 5950 5850 5951
f 5850 5851 5951
f 5951 5851 5952
f 5851 5852 5952
f 5952 5852 5953
f 5852 5853 5953
f 5953 5853 5954
f 5955 5954 5956
f 5954 5853 5956
f 5956 5853 5957
f 5853 5854 5957
f 5957 5854 5958
f 5958 5854 5959
f 5854 5855 5959
f 5959 5855 5960
f 5855 5856 5960
f 5960 5856 5961
f 5856 5857 5961
f 5961 5857 5962
f 5857 5858 5962
f 5962 5858 5963
f 5963 5858 5964
f 5858 5859 5964
f 5964 5859 5965
f 5859 5860 5965
f 5965 5860 5966
f 5860 5861 5966
f 5966 5861 5967
f 5861 5862 5967
f 5967 5862 5968
f 5862 5863 5968
f 5968 5863 5969
f 5863 5864 5969
f 5969 5864 5970
f 5864 5865 5970
f 5970 5865 5971
f 5865 5866 5971
f 5971 5866 5972
f 5866 5867 5972
f 5972 5867 5973
f 5867 5868 5973
f 5973 5868 5974
f 5868 5869 5974
f 5974 5869 5975
f 5869 5870 5975
f 5975 5870 5976
f 5870 5871 5976
f 5976 5871 5977
f 5871 5872 5977
f 5977 5872 5978
f 5872 5873 5978
f 5978 5873 5979
f 5873 5874 5979
f 5979 5874 5980
f 5874 5875 5980
f 5980 5875 5981
f 5875 5876 5981
f 5981 5876 5982
f 5876 5877 5982
f 5982 5877 5983
f 5877 5878 5983
f 5983 5878 5984
f 5878 5879 5984
f 5984 5879 5985
f 5879 5880 5985
f 5985 5880 5986
f 5880 5881 5986
f 5986 5881 5987
f 5881 5882 5987
f 5987 5882 5988
f 5882 5883 5988
f 5988 5883 5989
f 5883 5884 5989
f 5989 5884 5990
f 5884 5885 5990
f 5990 5885 5991
f 5885 5886 5991
f 5991 5886 5992
f 5886 5887 5992
f 5992 5887 5993
f 5887 5888 5993
f 5993 5888 5994
f 5888 5889 5994
f 5994 5889 5995
f 5889 5890 5995
f 5995 5890 5996
f 5890 5891 5996
f 5996 5891 5997
f 5891 5892 5997
f 5997 5892 5998
f 5892 5893 5998
f 5998 5893 5999
f 5893 5894 5999
f 5999 5894 6000
f 5894 5895 6000
f 6000 5895 6001
f 5895 5896 6001
f 6001 5896 6002
f 5896 5897 6002
f 6002 5897 6003
f 5897 5898 6003
f 6003 5898 6004
f 5898 5899 6004
f 6004 5899 6005
f 6005 5899 6006
f 5899 5900 6006
f 6006 5900 6007
f 5900 5901 6007
f 5901 5902 6007
f 6007 5902 6008
f 5902 5903 6008
f 5903 5904 6008
f 6008 5904 6009
f 6009 5904 6010
f 6010 5904 6011
f 5904 5905 6011
f 5905 5906 6011
f 6011 5906 6012
f 5906 5907 6012
f 6012 5907 6013
f 6014 6013 6015
f 6013 5907 6015
f 6015 5907 6016
f 5907 5908 6016
f 6016 5908 6017
f 5908 5909 6017
f 6017 5909 6018
f 5909 5910 6018
f 6018 5910 6019
f 5910 5911 6019
f 6019 5911 6020
f 5911 5912 6020
f 6020 5912 6021
f 5912 5913 6021
f 6021 5913 6022
f 5913 5914 6022
f 6022 5914 6023
f 5914 5915 6023
f 6023 5915 6024
f 5915 5916 6024
f 6024 5916 6025
f 5916 5917 6025
f 6025 5917 6026
f 5917 5918 6026
f 6026 5918 6027
f 5918 5919 6027
f 6027 5919 6028
f 5919 5920 6028
f 6028 5920 6029
f 5920 5921 6029
f 6029 5921 6030
f 5921 5922 6030
f 6030 5922 6031
f 5922 5923 6031
f 6031 5923 6032
f 5923 5924 6032
f 6032 5924 6033
f 5924 5925 6033
f 6033 5925 6034
f 5925 5926 6034
f 6034 5926 6035
f 5926 5927 6035
f 6035 5927 6036
f 5927 5928 6036
f 6036 5928 6037
f 5928 5929 6037
f 6037 5929 6038
f 5929 5930 6038
f 6038 5930 6039
f 5930 5931 6039
f 6039 5931 6040
f 5931 5932 6040
f 6040 5932 6041
f 5932 5933 6041
f 6041 5933 6042
f 5933 5934 6042
f 6042 5934 6043
f 5934 5935 6043
f 6043 5935 6044
f 5935 5936 6044
f 6044 5936 6045
f 5936 5937 6045
f 6045 5937 6046
f 5937 5938 6046
f 6046 5938 6047
f 5938 5939 6047
f 6047 5939 6048
f 5939 5940 6048
f 6048 5940 6049
f 5940 5941 6049
f 6049 5941 6050
f 5941 5942 6050
f 6050 5942 6051
f 5942 5943 6051
f 6051 5943 6052
f 5943 5944 6052
f 6052 5944 6053
f 5944 5945 6053
f 6053 5945 6054
f 5945 5946 6054
f 6054 5946 6055
f 5946 5947 6055
f 6055 5947 6056
f 5947 5948 6056
f 6056 5948 6057
f 5948 5949 6057
f 6057 5949 6058
f 5949 5950 6058
f 6058 5950 6059
f 5950 5951 6059
f 6059 5951 6060
f 5951 5952 6060
f 6060 5952 6061
f 5952 5953 6061
f 6061 5953 6062
f 5953 5954 6062
f 6062 5954 6063
f 5954 5955 6063
f 6063 5955 6064
f 6065 6064 6066
f 6064 5955 6066
f 6066 5955 6067
f 5955 5956 6067
f 6067 5956 6068
f 5956 5957 6068
f 6069 6068 6070
f 6068 5957 6070
f 5957 5958 6070
f 6070 5958 6071
f 6071 5958 6072
f 5958 5959 6072
f 5959 5960 6072
f 6072 5960 6073
f 5960 5961 6073
f 6073 5961 6074
f 5961 5962 6074
f 6074 5962 6075
f 5962 5963 6075
f 6076 6075 6077
f 6075 5963 6077
f 6077 5963 6078
f 5963 5964 6078
f 6078 5964 6079
f 5964 5965 6079
f 6079 5965 6080
f 5965 5966 6080
f 6080 5966 6081
f 5966 5967 6081
f 6081 5967 6082
f 5967 5968 6082
f 6082 5968 6083
f 5968 5969 6083
f 6083 5969 6084
f 5969 5970 6084
f 6084 5970 6085
f 5970 5971 6085
f 6085 5971 6086
f 5971 5972 6086
f 6086 5972 6087
f 5972 5973 6087
f 6087 5973 6088
f 5973 5974 6088
f 6088 5974 6089
f 5974 5975 6089
f 6089 5975 6090
f 5975 5976 6090
f 6090 5976 6091
f 5976 5977 6091
f 6091 5977 6092
f 5977 5978 6092
f 6092 5978 6093
f 5978 5979 6093
f 6093 5979 6094
f 5979 5980 6094
f 6094 5980 6095
f 5980 5981 6095
f 6095 5981 6096
f 5981 5982 6096
f 6096 5982 6097
f 5982 5983 6097
f 6097 5983 6098
f 5983 5984 6098
f 6098 5984 6099
f 5984 5985 6099
f 6099 5985 6100
f 5985 5986 6100
f 6100 5986 6101
f 5986 5987 6101
f 6101 5987 6102
f 5987 5988 6102
f 6102 5988 6103
f 5988 5989 6103
f 6103 5989 6104
f 5989 5990 6104
f 6104 5990 6105
f 5990 5991 6105
f 6105 5991 6106
f 5991 5992 6106
f 6106 5992 6107
f 5992 5993 6107
f 6107 5993 6108
f 5993 5994 6108
f 6108 5994 6109
f 5994 5995 6109
f 6109 5995 6110
f 5995 5996 6110
f 6110 5996 6111
f 5996 5997 6111
f 6111 5997 6112
f 5997 5998 6112
f 6112 5998 6113
f 5998 5999 6113
f 6113 5999 6114
f 5999 6000 6114
f 6114 6000 6115
f 6000 6001 6115
f 6115 6001 6116
f 6001 6002 6116
f 6116 6002 6117
f 6002 6003 6117
f 6117 6003 6118
f 6003 6004 6118
f 6118 6004 6119
f 6004 6005 6119
f 6119 6005 6120
f 6121 6120 6122
f 6120 6005 6122
f 6005 6006 6122
f 6122 6006 6123
f 6006 6007 6123
f 6123 6007 6124
f 6007 6008 6124
f 6008 6009 6124
f 6124 6009 6125
f 6009 6010 6125
f 6125 6010 6126
f 6126 6010 6127
f 6010 6011 6127
f 6011 6012 6127
f 6127 6012 6128
f 6012 6013 6128
f 6128 6013 6129
f 6013 6014 6129
f 6129 6014 6130
f 6131 6130 6132
f 6130 6014 6132
f 6132 6014 6133
f 6014 6015 6133
f 6133 6015 6134
f 6015 6016 6134
f 6134 6016 6135
f 6016 6017 6135
f 6135 6017 6136
f 6017 6018 6136
f 6136 6018 6137
f 6018 6019 6137
f 6137 6019 6138
f 6019 6020 6138
f 6138 6020 6139
f 6020 6021 6139
f 6139 6021 6140
f 6021 6022 6140
f 6140 6022 6141
f 6022 6023 6141
f 6141 6023 6142
f 6023 6024 6142
f 6142 6024 6143
f 6024 6025 6143
f 6143 6025 6144
f 6025 6026 6144
f 6144 6026 6145
f 6026 6027 6145
f 6145 6027 6146
f 6027 6028 6146
f 6146 6028 6147
f 6028 6029 6147
f 6147 6029 6148
f 6029 6030 6148
f 6148 6030 6149
f 6030 6031 6149
f 6149 6031 6150
f 6031 6032 6150
f 6150 6032 6151
f 6032 6033 6151
f 6151 6033 6152
f 6033 6034 6152
f 6152 6034 6153
f 6034 6035 6153
f 6153 6035 6154
f 6035 6036 6154
f 6154 6036 6155
f 6036 6037 6155
f 6155 6037 6156
f 6037 6038 6156
f 6156 6038 6157
f 6038 6039 6157
f 6157 6039 6158
f 6039 6040 6158
f 6158 6040 6159
f 6040 6041 6159
f 6159 6041 6160
f 6041 6042 6160
f 6160 6042 6161
f 6042 6043 6161
f 6161 6043 6162
f 6043 6044 6162
f 6162 6044 6163
f 6044 6045 6163
f 6163 6045 6164
f 6045 6046 6164
f 6164 6046 6165
f 6046 6047 6165
f 6165 6047 6166
f 6047 6048 6166
f 6166 6048 6167
f 6048 6049 6167
f 6167 6049 6168
f 6049 6050 6168
f 6168 6050 6169
f 6050 6051 6169
f 6169 6051 6170
f 6051 6052 6170
f 6170 6052 6171
f 6052 6053 6171
f 6171 6053 6172
f 6053 6054 6172
f 6172 6054 6173
f 6054 6055 6173
f 6173 6055 6174
f 6055 6056 6174
f 6174 6056 6175
f 6056 6057 6175
f 6175 6057 6176
f 6057 6058 6176
f 6176 6058 6177
f 6058 6059 6177
f 6177 6059 6178
f 6059 6060 6178
f 6178 6060 6179
f 6060 6061 6179
f 6179 6061 6180
f 6061 6062 6180
f 6180 6062 6181
f 6062 6063 6181
f 6181 6063 6182
f 6063 6064 6182
f 6182 6064 6183
f 6064 6065 6183
f 6183 6065 6184
f 6185 6184 6186
f 6184 6065 6186
f 6186 6065 6187
f 6065 6066 6187
f 6187 6066 6188
f 6066 6067 6188
f 6188 6067 6189
f 6067 6068 6189
f 6068 6069 6189
f 6189 6069 6190
f 6190 6069 6191
f 6191 6069 6192
f 6069 6070 6192
f 6070 6071 6192
f 6192 6071 6193
f 6071 6072 6193
f 6072 6073 6193
f 6193 6073 6194
f 6073 6074 6194
f 6194 6074 6195
f 6074 6075 6195
f 6075 6076 6195
f 6195 6076 6196
f 6197 6196 6198
f 6196 6076 6198
f 6198 6076 6199
f 6076 6077 6199
f 6199 6077 6200
f 6077 6078 6200
f 6200 6078 6201
f 6078 6079 6201
f 6201 6079 6202
f 6079 6080 6202
f 6202 6080 6203
f 6080 6081 6203
f 6203 6081 6204
f 6081 6082 6204
f 6204 6082 6205
f 6082 6083 6205
f 6205 6083 6206
f 6083 6084 6206
f 6206 6084 6207
f 6084 6085 6207
f 6207 6085 6208
f 6085 6086 6208
f 6208 6086 6209
f 6086 6087 6209
f 6209 6087 6210
f 6087 6088 6210
f 6210 6088 6211
f 6088 6089 6211
f 6211 6089 6212
f 6089 6090 6212
f 6212 6090 6213
f 6090 6091 6213
f 6213 6091 6214
f 6091 6092 6214
f 6214 6092 6215
f 6092 6093 6215
f 6215 6093 6216
f 6093 6094 6216
f 6216 6094 6217
f 6094 6095 6217
f 6217 6095 6218
f 6095 6096 6218
f 6218 6096 6219
f 6096 6097 6219
f 6219 6097 6220
f 6097 6098 6220
f 6220 6098 6221
f 6098 6099 6221
f 6221 6099 6222
f 6099 6100 6222
f 6222 6100 6223
f 6100 6101 6223
f 6223 6101 6224
f 6101 6102 6224
f 6224 6102 6225
f 6102 6103 6225
f 6225 6103 6226
f 6103 6104 6226
f 6226 6104 6227
f 6104 6105 6227
f 6227 6105 6228
f 6105 6106 6228
f 6228 6106 6229
f 6106 6107 6229
f 6229 6107 6230
f 6107 6108 6230
f 6230 6108 6231
f 6108 6109 6231
f 6231 6109 6232
f 6109 6110 6232
f 6232 6110 6233
f 6110 6111 6233
f 6233 6111 6234
f 6111 6112 6234
f 6234 6112 6235
f 6112 6113 6235
f 6235 6113 6236
f 6113 6114 6236
f 6236 6114 6237
f 6114 6115 6237
f 6237 6115 6238
f 6115 6116 6238
f 6238 6116 6239
f 6116 6117 6239
f 6239 6117 6240
f 6117 6118 6240
f 6240 6118 6241
f 6118 6119 6241
f 6241 6119 6242
f 6119 6120 6242
f 6242 6120 6243
f 6120 6121 6243
f 6243 6121 6244
f 6245 6244 6246
f 6244 6121 6246
f 6246 6121 6247
f 6121 6122 6247
f 6122 6123 6247
f 6247 6123 6248
f 6123 6124 6248
f 6248 6124 6249
f 6124 6125 6249
f 6249 6125 6250
f 6125 6126 6250
f 6250 6126 6251
f 6126 6127 6251
f 6252 6253 6254
f 6253 6251 6254
f 6251 6127 6254
f 6127 6128 6254
f 6254 6128 6255
f 6128 6129 6255
f 6255 6129 6256
f 6129 6130 6256
f 6256 6130 6257
f 6130 6131 6257
f 6257 6131 6258
f 6259 6258 6260
f 6258 6131 6260
f 6260 6131 6261
f 6131 6132 6261
f 6261 6132 6262
f 6132 6133 6262
f 6262 6133 6263
f 6133 6134 6263
f 6263 6134 6264
f 6134 6135 6264
f 6264 6135 6265
f 6135 6136 6265
f 6265 6136 6266
f 6136 6137 6266
f 6266 6137 6267
f 6137 6138 6267
f 6267 6138 6268
f 6138 6139 6268
f 6268 6139 6269
f 6139 6140 6269
f 6269 6140 6270
f 6140 6141 6270
f 6270 6141 6271
f 6141 6142 6271
f 6271 6142 6272
f 6142 6143 6272
f 6272 6143 6273
f 6143 6144 6273
f 6273 6144 6274
f 6144 6145 6274
f 6274 6145 6275
f 6145 6146 6275
f 6275 6146 6276
f 6146 6147 6276
f 6276 6147 6277
f 6147 6148 6277
f 6277 6148 6278
f 6148 6149 6278
f 6278 6149 6279
f 6149 6150 6279
f 6279 6150 6280
f 6150 6151 6280
f 6280 6151 6281
f 6151 6152 6281
f 6281 6152 6282
f 6152 6153 6282
f 6282 6153 6283
f 6153 6154 6283
f 6283 6154 6284
f 6154 6155 6284
f 6284 6155 6285
f 6155 6156 6285
f 6285 6156 6286
f 6156 6157 6286
f 6286 6157 6287
f 6157 6158 6287
f 6287 6158 6288
f 6158 6159 6288
f 6288 6159 6289
f 6159 6160 6289
f 6289 6160 6290
f 6160 6161 6290
f 6290 6161 6291
f 6161 6162 6291
f 6291 6162 6292
f 6162 6163 6292
f 6292 6163 6293
f 6163 6164 6293
f 6293 6164 6294
f 6164 6165 6294
f 6294 6165 6295
f 6165 6166 6295
f 6295 6166 6296
f 6166 6167 6296
f 6296 6167 6297
f 6167 6168 6297
f 6297 6168 6298
f 6168 6169 6298
f 6298 6169 6299
f 6169 6170 6299
f 6299 6170 6300
f 6170 6171 6300
f 6300 6171 6301
f 6171 6172 6301
f 6301 6172 6302
f 6172 6173 6302
f 6302 6173 6303
f 6173 6174 6303
f 6303 6174 6304
f 6174 6175 6304
f 6304 6175 6305
f 6175 6176 6305
f 6305 6176 6306
f 6176 6177 6306
f 6306 6177 6307
f 6177 6178 6307
f 6307 6178 6308
f 6178 6179 6308
f 6308 6179 6309
f 6179 6180 6309
f 6309 6180 6310
f 6180 6181 6310
f 6310 6181 6311
f 6181 6182 6311
f 6311 6182 6312
f 6182 6183 6312
f 6312 6183 6313
f 6183 6184 6313
f 6313 6184 6314
f 6184 6185 6314
f 6314 6185 6315
f 6316 6315 6317
f 6315 6185 6317
f 6317 6185 6318
f 6185 6186 6318
f 6318 6186 6319
f 6186 6187 6319
f 6319 6187 6320
f 6187 6188 6320
f 6320 6188 6321
f 6188 6189 6321
f 6321 6189 6322
f 6322 6189 6323
f 6189 6190 6323
f 6323 6190 6324
f 6190 6191 6324
f 6324 6191 6325
f 6191 6192 6325
f 6192 6193 6325
f 6325 6193 6326
f 6193 6194 6326
f 6326 6194 6327
f 6194 6195 6327
f 6195 6196 6327
f 6327 6196 6328
f 6196 6197 6328
f 6328 6197 6329
f 6330 6329 6331
f 6329 6197 6331
f 6331 6197 6332
f 6197 6198 6332
f 6332 6198 6333
f 6198 6199 6333
f 6333 6199 6334
f 6199 6200 6334
f 6334 6200 6335
f 6200 6201 6335
f 6335 6201 6336
f 6201 6202 6336
f 6336 6202 6337
f 6202 6203 6337
f 6337 6203 6338
f 6203 6204 6338
f 6338 6204 6339
f 6204 6205 6339
f 6339 6205 6340
f 6205 6206 6340
f 6340 6206 6341
f 6206 6207 6341
f 6341 6207 6342
f 6207 6208 6342
f 6342 6208 6343
f 6208 6209 6343
f 6343 6209 6344
f 6209 6210 6344
f 6344 6210 6345
f 6210 6211 6345
f 6345 6211 6346
f 6211 6212 6346
f 6346 6212 6347
f 6212 6213 6347
f 6347 6213 6348
f 6213 6214 6348
f 6348 6214 6349
f 6214 6215 6349
f 6349 6215 6350
f 6215 6216 6350
f 6350 6216 6351
f 6216 6217 6351
f 6351 6217 6352
f 6217 6218 6352
f 6352 6218 6353
f 6218 6219 6353
f 6353 6219 6354
f 6219 6220 6354
f 6354 6220 6355
f 6220 6221 6355
f 6355 6221 6356
f 6221 6222 6356
f 6356 6222 6357
f 6222 6223 6357
f 6357 6223 6358
f 6223 6224 6358
f 6358 6224 6359
f 6224 6225 6359
f 6359 6225 6360
f 6225 6226 6360
f 6360 6226 6361
f 6226 6227 6361
f 6361 6227 6362
f 6227 6228 6362
f 6362 6228 6363
f 6228 6229 6363
f 6363 6229 6364
f 6229 6230 6364
f 6364 6230 6365
f 6230 6231 6365
f 6365 6231 6366
f 6231 6232 6366
f 6366 6232 6367
f 6232 6233 6367
f 6367 6233 6368
f 6233 6234 6368
f 6368 6234 6369
f 6234 6235 6369
f 6369 6235 6370
f 6235 6236 6370
f 6370 6236 6371
f 6236 6237 6371
f 6371 6237 6372
f 6237 6238 6372
f 6372 6238 6373
f 6238 6239 6373
f 6373 6239 6374
f 6239 6240 6374
f 6374 6240 6375
f 6240 6241 6375
f 6375 6241 6376
f 6241 6242 6376
f 6376 6242 6377
f 6242 6243 6377
f 6377 6243 6378
f 6243 6244 6378
f 6378 6244 6379
f 6244 6245 6379
f 6379 6245 6380
f 6381 6380 6382
f 6380 6245 6382
f 6382 6245 6383
f 6245 6246 6383
f 6383 6246 6384
f 6246 6247 6384
f 6247 6248 6384
f 6384 6248 6385
f 6248 6249 6385
f 6385 6249 6386
f 6249 6250 6386
f 6386 6250 6387
f 6250 6251 6387
f 6251 6253 6387
f 6387 6253 6388
f 6253 6252 6388
f 6388 6252 6389
f 6389 6252 6390
f 6391 6390 6392
f 6390 6252 6392
f 6252 6254 6392
f 6254 6255 6392
f 6392 6255 6393
f 6255 6256 6393
f 6393 6256 6394
f 6256 6257 6394
f 6394 6257 6395
f 6257 6258 6395
f 6395 6258 6396
f 6258 6259 6396
f 6396 6259 6397
f 6398 6399 6400
f 6399 6397 6400
f 6400 6397 6401
f 6397 6259 6401
f 6401 6259 6402
f 6259 6260 6402
f 6402 6260 6403
f 6260 6261 6403
f 6403 6261 6404
f 6261 6262 6404
f 6404 6262 6405
f 6262 6263 6405
f 6405 6263 6406
f 6263 6264 6406
f 6406 6264 6407
f 6264 6265 6407
f 6407 6265 6408
f 6265 6266 6408
f 6408 6266 6409
f 6266 6267 6409
f 6409 6267 6410
f 6267 6268 6410
f 6410 6268 6411
f 6268 6269 6411
f 6411 6269 6412
f 6269 6270 6412
f 6412 6270 6413
f 6270 6271 6413
f 6413 6271 6414
f 6271 6272 6414
f 6414 6272 6415
f 6272 6273 6415
f 6415 6273 6416
f 6273 6274 6416
f 6416 6274 6417
f 6274 6275 6417
f 6417 6275 6418
f 6275 6276 6418
f 6418 6276 6419
f 6276 6277 6419
f 6419 6277 6420
f 6277 6278 6420
f 6420 6278 6421
f 6278 6279 6421
f 6421 6279 6422
f 6279 6280 6422
f 6422 6280 6423
f 6280 6281 6423
f 6423 6281 6424
f 6281 6282 6424
f 6424 6282 6425
f 6282 6283 6425
f 6425 6283 6426
f 6283 6284 6426
f 6426 6284 6427
f 6284 6285 6427
f 6427 6285 6428
f 6285 6286 6428
f 6428 6286 6429
f 6286 6287 6429
f 6429 6287 6430
f 6287 6288 6430
f 6430 6288 6431
f 6288 6289 6431
f 6431 6289 6432
f 6289 6290 6432
f 6432 6290 6433
f 6290 6291 6433
f 6433 6291 6434
f 6291 6292 6434
f 6434 6292 6435
f 6292 6293 6435
f 6435 6293 6436
f 6293 6294 6436
f 6436 6294 6437
f 6294 6295 6437
f 6437 6295 6438
f 6295 6296 6438
f 6438 6296 6439
f 6296 6297 6439
f 6439 6297 6440
f 6297 6298 6440
f 6440 6298 6441
f 6298 6299 6441
f 6441 6299 6442
f 6299 6300 6442
f 6442 6300 6443
f 6300 6301 6443
f 6443 6301 6444
f 6301 6302 6444
f 6444 6302 6445
f 6302 6303 6445
f 6445 6303 6446
f 6303 6304 6446
f 6446 6304 6447
f 6304 6305 6447
f 6447 6305 6448
f 6305 6306 6448
f 6448 6306 6449
f 6306 6307 6449
f 6449 6307 6450
f 6307 6308 6450
f 6450 6308 6451
f 6308 6309 6451
f 6451 6309 6452
f 6309 6310 6452
f 6452 6310 6453
f 6310 6311 6453
f 6453 6311 6454
f 6311 6312 6454
f 6454 6312 6455
f 6312 6313 6455
f 6455 6313 6456
f 6313 6314 6456
f 6456 6314 6457
f 6314 6315 6457
f 6457 6315 6458
f 6315 6316 6458
f 6458 6316 6459
f 6460 6459 6461
f 6459 6316 6461
f 6461 6316 6462
f 6316 6317 6462
f 6462 6317 6463
f 6317 6318 6463
f 6463 6318 6464
f 6318 6319 6464
f 6464 6319 6465
f 6319 6320 6465
f 6465 6320 6466
f 6320 6321 6466
f 6467 6466 6468
f 6466 6321 6468
f 6321 6322 6468
f 6468 6322 6469
f 6469 6322 6470
f 6322 6323 6470
f 6323 6324 6470
f 6470 6324 6471
f 6324 6325 6471
f 6471 6325 6472
f 6325 6326 6472
f 6472 6326 6473
f 6326 6327 6473
f 6327 6328 6473
f 6473 6328 6474
f 6328 6329 6474
f 6474 6329 6475
f 6329 6330 6475
f 6475 6330 6476
f 6477 6476 6478
f 6476 6330 6478
f 6478 6330 6479
f 6330 6331 6479
f 6479 6331 6480
f 6331 6332 6480
f 6480 6332 6481
f 6332 6333 6481
f 6481 6333 6482
f 6333 6334 6482
f 6482 6334 6483
f 6334 6335 6483
f 6483 6335 6484
f 6335 6336 6484
f 6484 6336 6485
f 6336 6337 6485
f 6485 6337 6486
f 6337 6338 6486
f 6486 6338 6487
f 6338 6339 6487
f 6487 6339 6488
f 6339 6340 6488
f 6488 6340 6489
f 6340 6341 6489
f 6489 6341 6490
f 6341 6342 6490
f 6490 6342 6491
f 6342 6343 6491
f 6491 6343 6492
f 6343 6344 6492
f 6492 6344 6493
f 6344 6345 6493
f 6493 6345 6494
f 6345 6346 6494
f 6494 6346 6495
f 6346 6347 6495
f 6495 6347 6496
f 6347 6348 6496
f 6496 6348 6497
f 6348 6349 6497
f 6497 6349 6498
f 6349 6350 6498
f 6498 6350 6499
f 6350 6351 6499
f 6499 6351 6500
f 6351 6352 6500
f 6500 6352 6501
f 6352 6353 6501
f 6501 6353 6502
f 6353 6354 6502
f 6502 6354 6503
f 6354 6355 6503
f 6503 6355 6504
f 6355 6356 6504
f 6504 6356 6505
f 6356 6357 6505
f 6505 6357 6506
f 6357 6358 6506
f 6506 6358 6507
f 6358 6359 6507
f 6507 6359 6508
f 6359 6360 6508
f 6508 6360 6509
f 6360 6361 6509
f 6509 6361 6510
f 6361 6362 6510
f 6510 6362 6511
f 6362 6363 6511
f 6511 6363 6512
f 6363 6364 6512
f 6512 6364 6513
f 6364 6365 6513
f 6513 6365 6514
f 6365 6366 6514
f 6514 6366 6515
f 6366 6367 6515
f 6515 6367 6516
f 6367 6368 6516
f 6516 6368 6517
f 6368 6369 6517
f 6517 6369 6518
f 6369 6370 6518
f 6518 6370 6519
f 6370 6371 6519
f 6519 6371 6520
f 6371 6372 6520
f 6520 6372 6521
f 6372 6373 6521
f 6521 6373 6522
f 6373 6374 6522
f 6522 6374 6523
f 6374 6375 6523
f 6523 6375 6524
f 6375 6376 6524
f 6524 6376 6525
f 6376 6377 6525
f 6525 6377 6526
f 6377 6378 6526
f 6526 6378 6527
f 6378 6379 6527
f 6527 6379 6528
f 6379 6380 6528
f 6528 6380 6529
f 6380 6381 6529
f 6529 6381 6530
f 6531 6530 6532
f 6530 6381 6532
f 6532 6381 6533
f 6381 6382 6533
f 6533 6382 6534
f 6382 6383 6534
f 6534 6383 6535
f 6383 6384 6535
f 6384 6385 6535
f 6535 6385 6536
f 6385 6386 6536
f 6536 6386 6537
f 6386 6387 6537
f 6387 6388 6537
f 6388 6389 6537
f 6537 6389 6538
f 6389 6390 6538
f 6390 6391 6538
f 6538 6391 6539
f 6539 6391 6540
f 6540 6391 6541
f 6391 6392 6541
f 6392 6393 6541
f 6541 6393 6542
f 6393 6394 6542
f 6542 6394 6543
f 6394 6395 6543
f 6543 6395 6544
f 6395 6396 6544
f 6544 6396 6545
f 6396 6397 6545
f 6397 6399 6545
f 6545 6399 6546
f 6546 6399 6547
f 6399 6398 6547
f 6547 6398 6548
f 6549 6548 6550
f 6548 6398 6550
f 6550 6398 6551
f 6398 6400 6551
f 6551 6400 6552
f 6400 6401 6552
f 6552 6401 6553
f 6401 6402 6553
f 6553 6402 6554
f 6402 6403 6554
f 6554 6403 6555
f 6403 6404 6555
f 6555 6404 6556
f 6404 6405 6556
f 6556 6405 6557
f 6405 6406 6557
f 6557 6406 6558
f 6406 6407 6558
f 6558 6407 6559
f 6407 6408 6559
f 6559 6408 6560
f 6408 6409 6560
f 6560 6409 6561
f 6409 6410 6561
f 6561 6410 6562
f 6410 6411 6562
f 6562 6411 6563
f 6411 6412 6563
f 6563 6412 6564
f 6412 6413 6564
f 6564 6413 6565
f 6413 6414 6565
f 6565 6414 6566
f 6414 6415 6566
f 6566 6415 6567
f 6415 6416 6567
f 6567 6416 6568
f 6416 6417 6568
f 6568 6417 6569
f 6417 6418 6569
f 6569 6418 6570
f 6418 6419 6570
f 6570 6419 6571
f 6419 6420 6571
f 6571 6420 6572
f 6420 6421 6572
f 6572 6421 6573
f 6421 6422 6573
f 6573 6422 6574
f 6422 6423 6574
f 6574 6423 6575
f 6423 6424 6575
f 6575 6424 6576
f 6424 6425 6576
f 6576 6425 6577
f 6425 6426 6577
f 6577 6426 6578
f 6426 6427 6578
f 6578 6427 6579
f 6427 6428 6579
f 6579 6428 6580
f 6428 6429 6580
f 6580 6429 6581
f 6429 6430 6581
f 6581 6430 6582
f 6430 6431 6582
f 6582 6431 6583
f 6431 6432 6583
f 6583 6432 6584
f 6432 6433 6584
f 6584 6433 6585
f 6433 6434 6585
f 6585 6434 6586
f 6434 6435 6586
f 6586 6435 6587
f 6435 6436 6587
f 6587 6436 6588
f 6436 6437 6588
f 6588 6437 6589
f 6437 6438 6589
f 6589 6438 6590
f 6438 6439 6590
f 6590 6439 6591
f 6439 6440 6591
f 6591 6440 6592
f 6440 6441 6592
f 6592 6441 6593
f 6441 6442 6593
f 6593 6442 6594
f 6442 6443 6594
f 6594 6443 6595
f 6443 6444 6595
f 6595 6444 6596
f 6444 6445 6596
f 6596 6445 6597
f 6445 6446 6597
f 6597 6446 6598
f 6446 6447 6598
f 6598 6447 6599
f 6447 6448 6599
f 6599 6448 6600
f 6448 6449 6600
f 6600 6449 6601
f 6449 6450 6601
f 6601 6450 6602
f 6450 6451 6602
f 6602 6451 6603
f 6451 6452 6603
f 6603 6452 6604
f 6452 6453 6604
f 6604 6453 6605
f 6453 6454 6605
f 6605 6454 6606
f 6454 6455 6606
f 6606 6455 6607
f 6455 6456 6607
f 6607 6456 6608
f 6456 6457 6608
f 6608 6457 6609
f 6457 6458 6609
f 6609 6458 6610
f 6458 6459 6610
f 6610 6459 6611
f 6459 6460 6611
f 6611 6460 6612
f 6613 6612 6614
f 6612 6460 6614
f 6614 6460 6615
f 6460 6461 6615
f 6615 6461 6616
f 6461 6462 6616
f 6616 6462 6617
f 6462 6463 6617
f 6617 6463 6618
f 6463 6464 6618
f 6618 6464 6619
f 6464 6465 6619
f 6619 6465 6620
f 6465 6466 6620
f 6466 6467 6620
f 6621 6620 6622
f 6620 6467 6622
f 6622 6467 6623
f 6623 6467 6624
f 6467 6468 6624
f 6468 6469 6624
f 6624 6469 6625
f 6469 6470 6625
f 6470 6471 6625
f 6625 6471 6626
f 6471 6472 6626
f 6626 6472 6627
f 6472 6473 6627
f 6473 6474 6627
f 6627 6474 6628
f 6474 6475 6628
f 6628 6475 6629
f 6475 6476 6629
f 6629 6476 6630
f 6476 6477 6630
f 6630 6477 6631
f 6632 6631 6633
f 6631 6477 6633
f 6633 6477 6634
f 6477 6478 6634
f 6634 6478 6635
f 6478 6479 6635
f 6635 6479 6636
f 6479 6480 6636
f 6636 6480 6637
f 6480 6481 6637
f 6637 6481 6638
f 6481 6482 6638
f 6638 6482 6639
f 6482 6483 6639
f 6639 6483 6640
f 6483 6484 6640
f 6640 6484 6641
f 6484 6485 6641
f 6641 6485 6642
f 6485 6486 6642
f 6642 6486 6643
f 6486 6487 6643
f 6643 6487 6644
f 6487 6488 6644
f 6644 6488 6645
f 6488 6489 6645
f 6645 6489 6646
f 6489 6490 6646
f 6646 6490 6647
f 6490 6491 6647
f 6647 6491 6648
f 6491 6492 6648
f 6648 6492 6649
f 6492 6493 6649
f 6649 6493 6650
f 6493 6494 6650
f 6650 6494 6651
f 6494 6495 6651
f 6651 6495 6652
f 6495 6496 6652
f 6652 6496 6653
f 6496 6497 6653
f 6653 6497 6654
f 6497 6498 6654
f 6654 6498 6655
f 6498 6499 6655
f 6655 6499 6656
f 6499 6500 6656
f 6656 6500 6657
f 6500 6501 6657
f 6657 6501 6658
f 6501 6502 6658
f 6658 6502 6659
f 6502 6503 6659
f 6659 6503 6660
f 6503 6504 6660
f 6660 6504 6661
f 6504 6505 6661
f 6661 6505 6662
f 6505 6506 6662
f 6662 6506 6663
f 6506 6507 6663
f 6663 6507 6664
f 6507 6508 6664
f 6664 6508 6665
f 6508 6509 6665
f 6665 6509 6666
f 6509 6510 6666
f 6666 6510 6667
f 6510 6511 6667
f 6667 6511 6668
f 6511 6512 6668
f 6668 6512 6669
f 6512 6513 6669
f 6669 6513 6670
f 6513 6514 6670
f 6670 6514 6671
f 6514 6515 6671
f 6671 6515 6672
f 6515 6516 6672
f 6672 6516 6673
f 6516 6517 6673
f 6673 6517 6674
f 6517 6518 6674
f 6674 6518 6675
f 6518 6519 6675
f 6675 6519 6676
f 6519 6520 6676
f 6676 6520 6677
f 6520 6521 6677
f 6677 6521 6678
f 6521 6522 6678
f 6678 6522 6679
f 6522 6523 6679
f 6679 6523 6680
f 6523 6524 6680
f 6680 6524 6681
f 6524 6525 6681
f 6681 6525 6682
f 6525 6526 6682
f 6682 6526 6683
f 6526 6527 6683
f 6683 6527 6684
f 6527 6528 6684
f 6684 6528 6685
f 6528 6529 6685
f 6685 6529 6686
f 6529 6530 6686
f 6686 6530 6687
f 6530 6531 6687
f 6687 6531 6688
f 6689 6688 6690
f 6688 6531 6690
f 6690 6531 6691
f 6531 6532 6691
f 6691 6532 6692
f 6532 6533 6692
f 6692 6533 6693
f 6533 6534 6693
f 6693 6534 6694
f 6534 6535 6694
f 6535 6536 6694
f 6694 6536 6695
f 6536 6537 6695
f 6695 6537 6696
f 6537 6538 6696
f 6538 6539 6696
f 6696 6539 6697
f 6539 6540 6697
f 6697 6540 6698
f 6699 6698 6700
f 6698 6540 6700
f 6540 6541 6700
f 6541 6542 6700
f 6700 6542 6701
f 6542 6543 6701
f 6701 6543 6702
f 6543 6544 6702
f 6702 6544 6703
f 6544 6545 6703
f 6545 6546 6703
f 6703 6546 6704
f 6704 6546 6705
f 6546 6547 6705
f 6705 6547 6706
f 6547 6548 6706
f 6706 6548 6707
f 6548 6549 6707
f 6549 6708 6707
f 6707 6708 6709
f 6708 6710 6709
f 6709 6710 6711
f 6710 6712 6711
f 6711 6712 6713
f 6712 6714 6713
f 6713 6714 6715
f 6714 6716 6715
f 6715 6716 6717
f 6716 6718 6717
f 6717 6718 6719
f 6718 6720 6719
f 6719 6720 6721
f 6720 6722 6721
f 6721 6722 6723
f 6722 6724 6723
f 6723 6724 6725
f 6724 6613 6725
f 6613 6614 6725
f 6725 6614 6726
f 6614 6615 6726
f 6726 6615 6727
f 6615 6616 6727
f 6727 6616 6728
f 6616 6617 6728
f 6728 6617 6729
f 6617 6618 6729
f 6729 6618 6730
f 6618 6619 6730
f 6730 6619 6731
f 6619 6620 6731
f 6731 6620 6732
f 6620 6621 6732
f 6732 6621 6733
f 6733 6621 6734
f 6621 6622 6734
f 6622 6623 6734
f 6734 6623 6735
f 6623 6624 6735
f 6624 6625 6735
f 6735 6625 6736
f 6625 6626 6736
f 6736 6626 6737
f 6626 6627 6737
f 6627 6628 6737
f 6737 6628 6738
f 6628 6629 6738
f 6738 6629 6739
f 6629 6630 6739
f 6739 6630 6740
f 6630 6631 6740
f 6740 6631 6741
f 6631 6632 6741
f 6741 6632 6742
f 6743 6742 6744
f 6742 6632 6744
f 6744 6632 6745
f 6632 6633 6745
f 6745 6633 6746
f 6633 6634 6746
f 6746 6634 6747
f 6634 6635 6747
f 6747 6635 6748
f 6635 6636 6748
f 6748 6636 6749
f 6636 6637 6749
f 6749 6637 6750
f 6637 6638 6750
f 6750 6638 6751
f 6638 6639 6751
f 6751 6639 6752
f 6639 6640 6752
f 6752 6640 6753
f 6640 6641 6753
f 6753 6641 6754
f 6641 6642 6754
f 6754 6642 6755
f 6642 6643 6755
f 6755 6643 6756
f 6643 6644 6756
f 6756 6644 6757
f 6644 6645 6757
f 6757 6645 6758
f 6645 6646 6758
f 6758 6646 6759
f 6646 6647 6759
f 6759 6647 6760
f 6647 6648 6760
f 6760 6648 6761
f 6648 6649 6761
f 6761 6649 6762
f 6649 6650 6762
f 6762 6650 6763
f 6650 6651 6763
f 6763 6651 6764
f 6651 6652 6764
f 6764 6652 6765
f 6652 6653 6765
f 6765 6653 6766
f 6653 6654 6766
f 6766 6654 6767
f 6654 6655 6767
f 6767 6655 6768
f 6655 6656 6768
f 6768 6656 6769
f 6656 6657 6769
f 6769 6657 6770
f 6657 6658 6770
f 6770 6658 6771
f 6658 6659 6771
f 6771 6659 6772
f 6659 6660 6772
f 6772 6660 6773
f 6660 6661 6773
f 6773 6661 6774
f 6661 6662 6774
f 6774 6662 6775
f 6662 6663 6775
f 6775 6663 6776
f 6663 6664 6776
f 6776 6664 6777
f 6664 6665 6777
f 6777 6665 6778
f 6665 6666 6778
f 6778 6666 6779
f 6666 6667 6779
f 6779 6667 6780
f 6667 6668 6780
f 6780 6668 6781
f 6668 6669 6781
f 6781 6669 6782
f 6669 6670 6782
f 6782 6670 6783
f 6670 6671 6783
f 6783 6671 6784
f 6671 6672 6784
f 6784 6672 6785
f 6672 6673 6785
f 6785 6673 6786
f 6673 6674 6786
f 6786 6674 6787
f 6674 6675 6787
f 6787 6675 6788
f 6675 6676 6788
f 6788 6676 6789
f 6676 6677 6789
f 6789 6677 6790
f 6677 6678 6790
f 6790 6678 6791
f 6678 6679 6791
f 6791 6679 6792
f 6679 6680 6792
f 6792 6680 6793
f 6680 6681 6793
f 6793 6681 6794
f 6681 6682 6794
f 6794 6682 6795
f 6682 6683 6795
f 6795 6683 6796
f 6683 6684 6796
f 6796 6684 6797
f 6684 6685 6797
f 6797 6685 6798
f 6685 6686 6798
f 6798 6686 6799
f 6686 6687 6799
f 6799 6687 6800
f 6687 6688 6800
f 6800 6688 6801
f 6688 6689 6801
f 6801 6689 6802
f 6803 6802 6804
f 6802 6689 6804
f 6804 6689 6805
f 6689 6690 6805
f 6805 6690 6806
f 6690 6691 6806
f 6806 6691 6807
f 6691 6692 6807
f 6807 6692 6808
f 6692 6693 6808
f 6808 6693 6809
f 6693 6694 6809
f 6694 6695 6809
f 6809 6695 6810
f 6695 6696 6810
f 6810 6696 6811
f 6696 6697 6811
f 6811 6697 6812
f 6697 6698 6812
f 6698 6699 6812
f 6812 6699 6813
f 6813 6699 6814
f 6699 6700 6814
f 6815 6814 6816
f 6814 6700 6816
f 6700 6701 6816
f 6816 6701 6817
f 6701 6702 6817
f 6817 6702 6818
f 6702 6703 6818
f 6703 6704 6818
f 6818 6704 6819
f 6819 6704 6820
f 6704 6705 6820
f 6820 6705 6821
f 6705 6706 6821
f 6821 6706 6822
f 6706 6707 6822
f 6707 6709 6822
f 6822 6709 6823
f 6709 6711 6823
f 6823 6711 6824
f 6711 6713 6824
f 6824 6713 6825
f 6713 6715 6825
f 6825 6715 6826
f 6715 6717 6826
f 6826 6717 6827
f 6717 6719 6827
f 6827 6719 6828
f 6719 6721 6828
f 6828 6721 6829
f 6721 6723 6829
f 6829 6723 6830
f 6723 6725 6830
f 6725 6726 6830
f 6830 6726 6831
f 6726 6727 6831
f 6831 6727 6832
f 6727 6728 6832
f 6832 6728 6833
f 6728 6729 6833
f 6833 6729 6834
f 6729 6730 6834
f 6834 6730 6835
f 6730 6731 6835
f 6836 6835 6837
f 6835 6731 6837
f 6837 6731 6838
f 6731 6732 6838
f 6838 6732 6839
f 6732 6733 6839
f 6839 6733 6840
f 6733 6734 6840
f 6734 6735 6840
f 6840 6735 6841
f 6735 6736 6841
f 6841 6736 6842
f 6736 6737 6842
f 6737 6738 6842
f 6842 6738 6843
f 6738 6739 6843
f 6843 6739 6844
f 6739 6740 6844
f 6844 6740 6845
f 6740 6741 6845
f 6845 6741 6846
f 6741 6742 6846
f 6846 6742 6847
f 6742 6743 6847
f 6847 6743 6848
f 6849 6848 6850
f 6848 6743 6850
f 6850 6743 6851
f 6743 6744 6851
f 6851 6744 6852
f 6744 6745 6852
f 6852 6745 6853
f 6745 6746 6853
f 6853 6746 6854
f 6746 6747 6854
f 6854 6747 6855
f 6747 6748 6855
f 6855 6748 6856
f 6748 6749 6856
f 6856 6749 6857
f 6749 6750 6857
f 6857 6750 6858
f 6750 6751 6858
f 6858 6751 6859
f 6751 6752 6859
f 6859 6752 6860
f 6752 6753 6860
f 6860 6753 6861
f 6753 6754 6861
f 6861 6754 6862
f 6754 6755 6862
f 6862 6755 6863
f 6755 6756 6863
f 6863 6756 6864
f 6756 6757 6864
f 6864 6757 6865
f 6757 6758 6865
f 6865 6758 6866
f 6758 6759 6866
f 6866 6759 6867
f 6759 6760 6867
f 6867 6760 6868
f 6760 6761 6868
f 6868 6761 6869
f 6761 6762 6869
f 6869 6762 6870
f 6762 6763 6870
f 6870 6763 6871
f 6763 6764 6871
f 6871 6764 6872
f 6764 6765 6872
f 6872 6765 6873
f 6765 6766 6873
f 6873 6766 6874
f 6766 6767 6874
f 6874 6767 6875
f 6767 6768 6875
f 6875 6768 6876
f 6768 6769 6876
f 6876 6769 6877
f 6769 6770 6877
f 6877 6770 6878
f 6770 6771 6878
f 6878 6771 6879
f 6771 6772 6879
f 6879 6772 6880
f 6772 6773 6880
f 6880 6773 6881
f 6773 6774 6881
f 6881 6774 6882
f 6774 6775 6882
f 6882 6775 6883
f 6775 6776 6883
f 6883 6776 6884
f 6776 6777 6884
f 6884 6777 6885
f 6777 6778 6885
f 6885 6778 6886
f 6778 6779 6886
f 6886 6779 6887
f 6779 6780 6887
f 6887 6780 6888
f 6780 6781 6888
f 6888 6781 6889
f 6781 6782 6889
f 6889 6782 6890
f 6782 6783 6890
f 6890 6783 6891
f 6783 6784 6891
f 6891 6784 6892
f 6784 6785 6892
f 6892 6785 6893
f 6785 6786 6893
f 6893 6786 6894
f 6786 6787 6894
f 6894 6787 6895
f 6787 6788 6895
f 6895 6788 6896
f 6788 6789 6896
f 6896 6789 6897
f 6789 6790 6897
f 6897 6790 6898
f 6790 6791 6898
f 6898 6791 6899
f 6791 6792 6899
f 6899 6792 6900
f 6792 6793 6900
f 6900 6793 6901
f 6793 6794 6901
f 6901 6794 6902
f 6794 6795 6902
f 6902 6795 6903
f 6795 6796 6903
f 6903 6796 6904
f 6796 6797 6904
f 6904 6797 6905
f 6797 6798 6905
f 6905 6798 6906
f 6798 6799 6906
f 6906 6799 6907
f 6799 6800 6907
f 6907 6800 6908
f 6800 6801 6908
f 6908 6801 6909
f 6801 6802 6909
f 6909 6802 6910
f 6802 6803 6910
f 6910 6803 6911
f 6912 6911 6913
f 6911 6803 6913
f 6913 6803 6914
f 6803 6804 6914
f 6914 6804 6915
f 6804 6805 6915
f 6915 6805 6916
f 6805 6806 6916
f 6916 6806 6917
f 6806 6807 6917
f 6917 6807 6918
f 6807 6808 6918
f 6918 6808 6919
f 6808 6809 6919
f 6809 6810 6919
f 6919 6810 6920
f 6810 6811 6920
f 6920 6811 6921
f 6811 6812 6921
f 6812 6813 6921
f 6921 6813 6922
f 6813 6814 6922
f 6814 6815 6922
f 6922 6815 6923
f 6923 6815 6924
f 6924 6815 6925
f 6815 6816 6925
f 6816 6817 6925
f 6925 6817 6926
f 6817 6818 6926
f 6818 6819 6926
f 6926 6819 6927
f 6927 6819 6928
f 6819 6820 6928
f 6928 6820 6929
f 6820 6821 6929
f 6929 6821 6930
f 6821 6822 6930
f 6822 6823 6930
f 6930 6823 6931
f 6823 6824 6931
f 6931 6824 6932
f 6824 6825 6932
f 6932 6825 6933
f 6825 6826 6933
f 6933 6826 6934
f 6826 6827 6934
f 6934 6827 6935
f 6827 6828 6935
f 6935 6828 6936
f 6828 6829 6936
f 6936 6829 6937
f 6829 6830 6937
f 6830 6831 6937
f 6937 6831 6938
f 6831 6832 6938
f 6938 6832 6939
f 6832 6833 6939
f 6939 6833 6940
f 6833 6834 6940
f 6940 6834 6941
f 6834 6835 6941
f 6835 6836 6941
f 6941 6836 6942
f 6942 6836 6943
f 6943 6836 6944
f 6836 6837 6944
f 6944 6837 6945
f 6837 6838 6945
f 6838 6839 6945
f 6945 6839 6946
f 6839 6840 6946
f 6946 6840 6947
f 6840 6841 6947
f 6947 6841 6948
f 6841 6842 6948
f 6842 6843 6948
f 6948 6843 6949
f 6843 6844 6949
f 6949 6844 6950
f 6844 6845 6950
f 6950 6845 6951
f 6845 6846 6951
f 6951 6846 6952
f 6846 6847 6952
f 6952 6847 6953
f 6847 6848 6953
f 6953 6848 6954
f 6848 6849 6954
f 6954 6849 6955
f 6956 6955 6957
f 6955 6849 6957
f 6957 6849 6958
f 6849 6850 6958
f 6958 6850 6959
f 6850 6851 6959
f 6959 6851 6960
f 6851 6852 6960
f 6960 6852 6961
f 6852 6853 6961
f 6961 6853 6962
f 6853 6854 6962
f 6962 6854 6963
f 6854 6855 6963
f 6963 6855 6964
f 6855 6856 6964
f 6964 6856 6965
f 6856 6857 6965
f 6965 6857 6966
f 6857 6858 6966
f 6966 6858 6967
f 6858 6859 6967
f 6967 6859 6968
f 6859 6860 6968
f 6968 6860 6969
f 6860 6861 6969
f 6969 6861 6970
f 6861 6862 6970
f 6970 6862 6971
f 6862 6863 6971
f 6971 6863 6972
f 6863 6864 6972
f 6972 6864 6973
f 6864 6865 6973
f 6973 6865 6974
f 6865 6866 6974
f 6974 6866 6975
f 6866 6867 6975
f 6975 6867 6976
f 6867 6868 6976
f 6976 6868 6977
f 6868 6869 6977
f 6977 6869 6978
f 6869 6870 6978
f 6978 6870 6979
f 6870 6871 6979
f 6979 6871 6980
f 6871 6872 6980
f 6980 6872 6981
f 6872 6873 6981
f 6981 6873 6982
f 6873 6874 6982
f 6982 6874 6983
f 6874 6875 6983
f 6983 6875 6984
f 6875 6876 6984
f 6984 6876 6985
f 6876 6877 6985
f 6985 6877 6986
f 6877 6878 6986
f 6986 6878 6987
f 6878 6879 6987
f 6987 6879 6988
f 6879 6880 6988
f 6988 6880 6989
f 6880 6881 6989
f 6989 6881 6990
f 6881 6882 6990
f 6990 6882 6991
f 6882 6883 6991
f 6991 6883 6992
f 6883 6884 6992
f 6992 6884 6993
f 6884 6885 6993
f 6993 6885 6994
f 6885 6886 6994
f 6994 6886 6995
f 6886 6887 6995
f 6995 6887 6996
f 6887 6888 6996
f 6996 6888 6997
f 6888 6889 6997
f 6997 6889 6998
f 6889 6890 6998
f 6998 6890 6999
f 6890 6891 6999
f 6999 6891 7000
f 6891 6892 7000
f 7000 6892 7001
f 6892 6893 7001
f 7001 6893 7002
f 6893 6894 7002
f 7002 6894 7003
f 6894 6895 7003
f 7003 6895 7004
f 6895 6896 7004
f 7004 6896 7005
f 6896 6897 7005
f 7005 6897 7006
f 6897 6898 7006
f 7006 6898 7007
f 6898 6899 7007
f 7007 6899 7008
f 6899 6900 7008
f 7008 6900 7009
f 6900 6901 7009
f 7009 6901 7010
f 6901 6902 7010
f 7010 6902 7011
f 6902 6903 7011
f 7011 6903 7012
f 6903 6904 7012
f 7012 6904 7013
f 6904 6905 7013
f 7013 6905 7014
f 6905 6906 7014
f 7014 6906 7015
f 6906 6907 7015
f 7015 6907 7016
f 6907 6908 7016
f 7016 6908 7017
f 6908 6909 7017
f 7017 6909 7018
f 6909 6910 7018
f 7018 6910 7019
f 6910 6911 7019
f 7019 6911 7020
f 6911 6912 7020
f 7020 6912 7021
f 7022 7021 7023
f 7021 6912 7023
f 7023 6912 7024
f 6912 6913 7024
f 7024 6913 7025
f 6913 6914 7025
f 7025 6914 7026
f 6914 6915 7026
f 7026 6915 7027
f 6915 6916 7027
f 7027 6916 7028
f 6916 6917 7028
f 7028 6917 7029
f 6917 6918 7029
f 7029 6918 7030
f 6918 6919 7030
f 6919 6920 7030
f 7030 6920 7031
f 6920 6921 7031
f 7031 6921 7032
f 6921 6922 7032
f 6922 6923 7032
f 7032 6923 7033
f 6923 6924 7033
f 7033 6924 7034
f 7034 6924 7035
f 6924 6925 7035
f 6925 6926 7035
f 6926 6927 7035
f 7035 6927 7036
f 7036 6927 7037
f 6927 6928 7037
f 7037 6928 7038
f 6928 6929 7038
f 7038 6929 7039
f 6929 6930 7039
f 6930 6931 7039
f 7039 6931 7040
f 6931 6932 7040
f 7040 6932 7041
f 6932 6933 7041
f 7041 6933 7042
f 6933 6934 7042
f 7042 6934 7043
f 6934 6935 7043
f 7043 6935 7044
f 6935 6936 7044
f 7044 6936 7045
f 6936 6937 7045
f 6937 6938 7045
f 7045 6938 7046
f 6938 6939 7046
f 7046 6939 7047
f 6939 6940 7047
f 7047 6940 7048
f 6940 6941 7048
f 7048 6941 7049
f 6941 6942 7049
f 7049 6942 7050
f 6942 6943 7050
f 7050 6943 7051
f 6943 6944 7051
f 6944 6945 7051
f 6945 6946 7051
f 7051 6946 7052
f 6946 6947 7052
f 7052 6947 7053
f 6947 6948 7053
f 6948 6949 7053
f 7053 6949 7054
f 6949 6950 7054
f 7054 6950 7055
f 6950 6951 7055
f 7055 6951 7056
f 6951 6952 7056
f 7056 6952 7057
f 6952 6953 7057
f 7057 6953 7058
f 6953 6954 7058
f 7058 6954 7059
f 6954 6955 7059
f 7059 6955 7060
f 6955 6956 7060
f 6956 7061 7060
f 7060 7061 7062
f 7061 7063 7062
f 7062 7063 7064
f 7063 7065 7064
f 7064 7065 7066
f 7065 7067 7066
f 7066 7067 7068
f 7067 7069 7068
f 7068 7069 7070
f 7069 7071 7070
f 7070 7071 7072
f 7071 7073 7072
f 7072 7073 7074
f 7073 7022 7074
f 7022 7023 7074
f 7074 7023 7075
f 7023 7024 7075
f 7075 7024 7076
f 7024 7025 7076
f 7076 7025 7077
f 7025 7026 7077
f 7077 7026 7078
f 7026 7027 7078
f 7078 7027 7079
f 7027 7028 7079
f 7079 7028 7080
f 7028 7029 7080
f 7080 7029 7081
f 7029 7030 7081
f 7030 7031 7081
f 7081 7031 7082
f 7031 7032 7082
f 7082 7032 7083
f 7032 7033 7083
f 7083 7033 7084
f 7033 7034 7084
f 7084 7034 7085
f 7034 7035 7085
f 7085 7035 7086
f 7035 7036 7086
f 7086 7036 7087
f 7087 7036 7088
f 7036 7037 7088
f 7088 7037 7089
f 7037 7038 7089
f 7089 7038 7090
f 7038 7039 7090
f 7039 7040 7090
f 7090 7040 7091
f 7040 7041 7091
f 7091 7041 7092
f 7041 7042 7092
f 7092 7042 7093
f 7042 7043 7093
f 7093 7043 7094
f 7043 7044 7094
f 7094 7044 7095
f 7044 7045 7095
f 7045 7046 7095
f 7095 7046 7096
f 7046 7047 7096
f 7096 7047 7097
f 7047 7048 7097
f 7097 7048 7098
f 7098 7048 7099
f 7048 7049 7099
f 7099 7049 7100
f 7049 7050 7100
f 7100 7050 7101
f 7050 7051 7101
f 7101 7051 7102
f 7051 7052 7102
f 7102 7052 7103
f 7052 7053 7103
f 7053 7054 7103
f 7103 7054 7104
f 7054 7055 7104
f 7104 7055 7105
f 7055 7056 7105
f 7105 7056 7106
f 7056 7057 7106
f 7106 7057 7107
f 7057 7058 7107
f 7107 7058 7108
f 7058 7059 7108
f 7108 7059 7109
f 7059 7060 7109
f 7060 7062 7109
f 7109 7062 7110
f 7062 7064 7110
f 7110 7064 7111
f 7064 7066 7111
f 7111 7066 7112
f 7066 7068 7112
f 7112 7068 7113
f 7068 7070 7113
f 7113 7070 7114
f 7070 7072 7114
f 7114 7072 7115
f 7072 7074 7115
f 7074 7075 7115
f 7115 7075 7116
f 7075 7076 7116
f 7116 7076 7117
f 7076 7077 7117
f 7117 7077 7118
f 7077 7078 7118
f 7118 7078 7119
f 7078 7079 7119
f 7119 7079 7120
f 7079 7080 7120
f 7120 7080 7121
f 7080 7081 7121
f 7081 7082 7121
f 7121 7082 7122
f 7082 7083 7122
f 7122 7083 7123
f 7083 7084 7123
f 7123 7084 7124
f 7084 7085 7124
f 7085 7086 7124
f 7124 7086 7125
f 7086 7087 7125
f 7125 7087 7126
f 7126 7087 7127
f 7087 7088 7127
f 7127 7088 7128
f 7088 7089 7128
f 7128 7089 7129
f 7089 7090 7129
f 7090 7091 7129
f 7129 7091 7130
f 7091 7092 7130
f 7130 7092 7131
f 7092 7093 7131
f 7131 7093 7132
f 7093 7094 7132
f 7132 7094 7133
f 7094 7095 7133
f 7095 7096 7133
f 7133 7096 7134
f 7096 7097 7134
f 7135 7134 7136
f 7134 7097 7136
f 7097 7098 7136
f 7136 7098 7137
f 7137 7098 7138
f 7098 7099 7138
f 7099 7100 7138
f 7138 7100 7139
f 7100 7101 7139
f 7139 7101 7140
f 7101 7102 7140
f 7140 7102 7141
f 7102 7103 7141
f 7103 7104 7141
f 7141 7104 7142
f 7104 7105 7142
f 7142 7105 7143
f 7105 7106 7143
f 7143 7106 7144
f 7106 7107 7144
f 7144 7107 7145
f 7107 7108 7145
f 7145 7108 7146
f 7108 7109 7146
f 7109 7110 7146
f 7146 7110 7147
f 7110 7111 7147
f 7147 7111 7148
f 7111 7112 7148
f 7148 7112 7149
f 7112 7113 7149
f 7149 7113 7150
f 7113 7114 7150
f 7150 7114 7151
f 7114 7115 7151
f 7115 7116 7151
f 7151 7116 7152
f 7116 7117 7152
f 7152 7117 7153
f 7117 7118 7153
f 7153 7118 7154
f 7118 7119 7154
f 7154 7119 7155
f 7119 7120 7155
f 7155 7120 7156
f 7120 7121 7156
f 7121 7122 7156
f 7156 7122 7157
f 7122 7123 7157
f 7157 7123 7158
f 7123 7124 7158
f 7124 7125 7158
f 7125 7126 7158
f 7158 7126 7159
f 7126 7127 7159
f 7159 7127 7160
f 7127 7128 7160
f 7160 7128 7161
f 7161 7128 7162
f 7128 7129 7162
f 7129 7130 7162
f 7162 7130 7163
f 7130 7131 7163
f 7163 7131 7164
f 7131 7132 7164
f 7164 7132 7165
f 7132 7133 7165
f 7133 7134 7165
f 7134 7135 7165
f 7165 7135 7166
f 7166 7135 7167
f 7167 7135 7168
f 7135 7136 7168
f 7136 7137 7168
f 7168 7137 7169
f 7137 7138 7169
f 7138 7139 7169
f 7169 7139 7170
f 7139 7140 7170
f 7170 7140 7171
f 7140 7141 7171
f 7141 7142 7171
f 7171 7142 7172
f 7142 7143 7172
f 7172 7143 7173
f 7143 7144 7173
f 7173 7144 7174
f 7144 7145 7174
f 7174 7145 7175
f 7145 7146 7175
f 7146 7147 7175
f 7175 7147 7176
f 7147 7148 7176
f 7176 7148 7177
f 7148 7149 7177
f 7177 7149 7178
f 7149 7150 7178
f 7178 7150 7179
f 7150 7151 7179
f 7151 7152 7179
f 7179 7152 7180
f 7152 7153 7180
f 7180 7153 7181
f 7153 7154 7181
f 7181 7154 7182
f 7154 7155 7182
f 7182 7155 7183
f 7155 7156 7183
f 7156 7157 7183
f 7183 7157 7184
f 7157 7158 7184
f 7184 7158 7185
f 7158 7159 7185
f 7185 7159 7186
f 7159 7160 7186
f 7160 7161 7186
f 7186 7161 7187
f 7187 7161 7188
f 7161 7162 7188
f 7188 7162 7189
f 7162 7163 7189
f 7189 7163 7190
f 7190 7163 7191
f 7163 7164 7191
f 7191 7164 7192
f 7164 7165 7192
f 7192 7165 7193
f 7165 7166 7193
f 7193 7166 7194
f 7166 7167 7194
f 7194 7167 7195
f 7167 7168 7195
f 7168 7169 7195
f 7195 7169 7196
f 7169 7170 7196
f 7196 7170 7197
f 7170 7171 7197
f 7171 7172 7197
f 7197 7172 7198
f 7172 7173 7198
f 7198 7173 7199
f 7173 7174 7199
f 7199 7174 7200
f 7174 7175 7200
f 7175 7176 7200
f 7200 7176 7201
f 7176 7177 7201
f 7201 7177 7202
f 7177 7178 7202
f 7202 7178 7203
f 7178 7179 7203
f 7179 7180 7203
f 7203 7180 7204
f 7180 7181 7204
f 7204 7181 7205
f 7181 7182 7205
f 7205 7182 7206
f 7182 7183 7206
f 7183 7184 7206
f 7206 7184 7207
f 7184 7185 7207
f 7207 7185 7208
f 7185 7186 7208
f 7186 7187 7208
f 7208 7187 7209
f 7187 7188 7209
f 7188 7189 7209
f 7209 7189 7210
f 7189 7190 7210
f 7210 7190 7211
f 7190 7191 7211
f 7211 7191 7212
f 7191 7192 7212
f 7212 7192 7213
f 7192 7193 7213
f 7193 7194 7213
f 7213 7194 7214
f 7194 7195 7214
f 7214 7195 7215
f 7195 7196 7215
f 7215 7196 7216
f 7196 7197 7216
f 7197 7198 7216
f 7216 7198 7217
f 7198 7199 7217
f 7217 7199 7218
f 7199 7200 7218
f 7200 7201 7218
f 7218 7201 7219
f 7201 7202 7219
f 7219 7202 7220
f 7202 7203 7220
f 7203 7204 7220
f 7220 7204 7221
f 7204 7205 7221
f 7221 7205 7222
f 7205 7206 7222
f 7206 7207 7222
f 7222 7207 7223
f 7207 7208 7223
f 7223 7208 7224
f 7208 7209 7224
f 7209 7210 7224
f 7210 7211 7224
f 7224 7211 7225
f 7211 7212 7225
f 7212 7213 7225
f 7213 7214 7225
f 7225 7214 7226
f 7214 7215 7226
f 7226 7215 7227
f 7215 7216 7227
f 7216 7217 7227
f 7227 7217 7228
f 7217 7218 7228
f 7218 7219 7228
f 7228 7219 7229
f 7219 7220 7229
f 7220 7221 7229
f 7229 7221 7230
f 7221 7222 7230
f 7222 7223 7230
f 7230 7223 7231
f 7223 7224 7231
f 7224 7225 7231
f 7225 7226 7231
f 7231 7226 7232
f 7226 7227 7232
f 7227 7228 7232
f 7228 7229 7232
f 7229 7230 7232
f 7231 7232 7230
f 5423 5424 5422
f 3615 3616 3614
f 1807 1808 1806
usemtl material_1
v 0.0152136 0.0430227 0.0039893
v 0.0152136 0.0430227 0.0087321
v 0.0172041 0.0430227 0.0039893
v 0.0174691 0.0430227 0.0087321
v 0.0172041 0.0430227 -0.0040158
v 0.0174691 0.0430227 -0.0087619
v 0.0152136 0.0430227 -0.0040158
v 0.0152136 0.0430227 -0.0087619
v 0.0149487 0.0467852 0.0089970
v 0.0152136 0.0467852 0.0089970
v 0.0149487 0.0467852 -0.0090003
v 0.0152136 0.0467852 -0.0090003
v 0.0172041 0.0430227 0.0039893
v 0.0172041 0.0430227 -0.0040158
v 0.0172041 0.0438706 0.0031944
v 0.0172041 0.0445065 0.0022406
v 0.0172041 0.0438706 -0.0032209
v 0.0172041 0.0445065 -0.0022406
v 0.0172041 0.0448775 0.0011509
v 0.0172041 0.0450364 -0.0000149
v 0.0172041 0.0448775 -0.0011542
v 0.0152136 0.0430227 -0.0040158
v 0.0152136 0.0438706 -0.0032209
v 0.0172041 0.0430227 -0.0040158
v 0.0172041 0.0438706 -0.0032209
v 0.0152136 0.0445065 -0.0022406
v 0.0172041 0.0445065 -0.0022406
v 0.0152136 0.0448775 -0.0011542
v 0.0172041 0.0448775 -0.0011542
v 0.0152136 0.0450364 -0.0000149
v 0.0172041 0.0450364 -0.0000149
v 0.0152136 0.0448775 0.0011509
v 0.0172041 0.0448775 0.0011509
v 0.0172041 0.0430227 0.0039893
v 0.0172041 0.0438706 0.0031944
v 0.0152136 0.0430227 0.0039893
v 0.0152136 0.0438706 0.0031944
v 0.0172041 0.0445065 0.0022406
v 0.0152136 0.0445065 0.0022406
v 0.0174691 0.0320203 -0.0084969
v 0.0174691 0.0420126 -0.0084969
v 0.0172041 0.0320203 -0.0084969
v 0.0172041 0.0420126 -0.0084969
v 0.0174691 0.0420126 -0.0084969
v 0.0174691 0.0420126 0.0084936
v 0.0172041 0.0420126 -0.0084969
v 0.0172041 0.0420126 0.0084936
v 0.0174691 0.0430227 -0.0087619
v 0.0174691 0.0429963 -0.0089208
v 0.0152136 0.0430227 -0.0087619
v 0.0152136 0.0429963 -0.0089208
v 0.0174691 0.0429433 -0.0090798
v 0.0152136 0.0429433 -0.0090798
v 0.0174691 0.0428638 -0.0092123
v 0.0152136 0.0428638 -0.0092123
v 0.0174691 0.0427313 -0.0093448
v 0.0152136 0.0427313 -0.0093448
v 0.0174691 0.0425955 -0.0094243
v 0.0152136 0.0425955 -0.0094243
v 0.0174691 0.0424365 -0.0094773
v 0.0152136 0.0424365 -0.0094773
v 0.0174691 0.0422775 -0.0095038
v 0.0152136 0.0422775 -0.0095038
v 0.0174691 0.0320203 0.0084936
v 0.0174691 0.0320203 -0.0084969
v 0.0172041 0.0320203 0.0084936
v 0.0172041 0.0320203 -0.0084969
v 0.0174691 0.0420126 0.0084936
v 0.0174691 0.0320203 0.0084936
v 0.0172041 0.0420126 0.0084936
v 0.0172041 0.0320203 0.0084936
v 0.0152136 0.0430227 0.0087321
v 0.0152136 0.0429963 0.0089175
v 0.0174691 0.0430227 0.0087321
v 0.0174691 0.0429963 0.0089175
v 0.0152136 0.0429433 0.0090765
v 0.0174691 0.0429433 0.0090765
v 0.0174691 0.0422775 0.0095038
v 0.0174691 0.0424365 0.0094773
v 0.0152136 0.0422775 0.0095038
v 0.0152136 0.0424365 0.0094773
v 0.0174691 0.0425955 0.0094243
v 0.0152136 0.0425955 0.0094243
v 0.0174691 0.0427313 0.0093150
v 0.0152136 0.0427313 0.0093150
v 0.0174691 0.0428638 0.0092090
v 0.0152136 0.0428638 0.0092090
v 0.0149487 0.0467852 0.0089970
v 0.0149487 0.0467587 0.0091560
v 0.0152136 0.0467852 0.0089970
v 0.0152136 0.0467587 0.0091560
v 0.0149487 0.0467057 0.0093150
v 0.0152136 0.0467057 0.0093150
v 0.0149487 0.0465997 0.0094508
v 0.0152136 0.0465997 0.0094508
v 0.0149487 0.0464937 0.0095832
v 0.0152136 0.0464937 0.0095832
v 0.0149487 0.0463612 0.0096627
v 0.0152136 0.0463612 0.0096627
v 0.0152136 0.0460168 0.0097422
v 0.0152136 0.0462023 0.0097157
v 0.0149487 0.0460168 0.0097422
v 0.0149487 0.0462023 0.0097157
v 0.0108153 0.0470236 0.0089970
v 0.0149487 0.0470236 0.0089970
v 0.0108153 0.0470236 -0.0090003
v 0.0149487 0.0470236 -0.0090003
v 0.0152136 0.0467852 -0.0090003
v 0.0152136 0.0467587 -0.0091858
v 0.0149487 0.0467852 -0.0090003
v 0.0149487 0.0467587 -0.0091858
v 0.0152136 0.0467057 -0.0093448
v 0.0149487 0.0467057 -0.0093448
v 0.0152136 0.0465997 -0.0094773
v 0.0149487 0.0465997 -0.0094773
v 0.0152136 0.0464937 -0.0095832
v 0.0149487 0.0464937 -0.0095832
v 0.0152136 0.0463612 -0.0096892
v 0.0149487 0.0463612 -0.0096892
v 0.0152136 0.0462023 -0.0097422
v 0.0149487 0.0462023 -0.0097422
v 0.0152136 0.0460168 -0.0097687
v 0.0149487 0.0460168 -0.0097687
v 0.0174691 0.0422775 -0.0095038
v 0.0174691 0.0317819 -0.0095038
v 0.0152136 0.0422775 -0.0095038
v 0.0172041 0.0317819 -0.0095038
v 0.0152136 0.0192162 -0.0095038
v 0.0172041 0.0192162 -0.0095038
v 0.0174691 0.0317819 -0.0095038
v 0.0174691 0.0315964 -0.0094773
v 0.0172041 0.0317819 -0.0095038
v 0.0172041 0.0315964 -0.0094773
v 0.0174691 0.0314374 -0.0094243
v 0.0172041 0.0314374 -0.0094243
v 0.0174691 0.0313049 -0.0093448
v 0.0172041 0.0313049 -0.0093448
v 0.0174691 0.0311989 -0.0092123
v 0.0172041 0.0311989 -0.0092123
v 0.0174691 0.0310930 -0.0090798
v 0.0172041 0.0310930 -0.0090798
v 0.0174691 0.0310400 -0.0089208
v 0.0172041 0.0310400 -0.0089208
v 0.0174691 0.0310135 -0.0087619
v 0.0172041 0.0310135 -0.0087619
v 0.0174691 0.0310135 -0.0087619
v 0.0174691 0.0310135 -0.0017636
v 0.0172041 0.0310135 -0.0087619
v 0.0172041 0.0310135 -0.0017636
v 0.0174691 0.0310135 0.0017371
v 0.0174691 0.0310135 0.0087321
v 0.0172041 0.0310135 0.0017371
v 0.0172041 0.0310135 0.0087321
v 0.0174691 0.0310135 0.0087321
v 0.0174691 0.0310400 0.0089175
v 0.0172041 0.0310135 0.0087321
v 0.0172041 0.0310400 0.0089175
v 0.0174691 0.0310930 0.0090765
v 0.0172041 0.0310930 0.0090765
v 0.0174691 0.0311989 0.0092090
v 0.0172041 0.0311989 0.0092090
v 0.0174691 0.0313049 0.0093150
v 0.0172041 0.0313049 0.0093150
v 0.0174691 0.0314374 0.0094243
v 0.0172041 0.0314374 0.0094243
v 0.0174691 0.0315964 0.0094773
v 0.0172041 0.0315964 0.0094773
v 0.0174691 0.0317819 0.0095038
v 0.0172041 0.0317819 0.0095038
v 0.0174691 0.0317819 0.0095038
v 0.0174691 0.0422775 0.0095038
v 0.0172041 0.0317819 0.0095038
v 0.0152136 0.0422775 0.0095038
v 0.0172041 0.0192162 0.0095038
v 0.0152136 0.0192162 0.0095038
v 0.0152136 0.0170170 -0.0097687
v 0.0152136 0.0460168 -0.0097687
v 0.0152136 0.0175734 -0.0097422
v 0.0152136 0.0192162 -0.0095038
v 0.0152136 0.0422775 -0.0095038
v 0.0152136 0.0424365 -0.0094773
v 0.0152136 0.0425955 -0.0094243
v 0.0152136 0.0427313 -0.0093448
v 0.0152136 0.0428638 -0.0092123
v 0.0152136 0.0429433 -0.0090798
v 0.0152136 0.0429963 -0.0089208
v 0.0152136 0.0462023 -0.0097422
v 0.0152136 0.0463612 -0.0096892
v 0.0152136 0.0430227 -0.0087619
v 0.0152136 0.0464937 -0.0095832
v 0.0152136 0.0465997 -0.0094773
v 0.0152136 0.0467057 -0.0093448
v 0.0152136 0.0467587 -0.0091858
v 0.0152136 0.0467852 -0.0090003
v 0.0152136 0.0430227 -0.0040158
v 0.0152136 0.0438706 -0.0032209
v 0.0152136 0.0445065 -0.0022406
v 0.0152136 0.0448775 -0.0011542
v 0.0152136 0.0450364 -0.0000149
v 0.0152136 0.0467852 0.0089970
v 0.0152136 0.0448775 0.0011509
v 0.0152136 0.0445065 0.0022406
v 0.0152136 0.0438706 0.0031944
v 0.0152136 0.0430227 0.0039893
v 0.0152136 0.0430227 0.0087321
v 0.0152136 0.0467587 0.0091560
v 0.0152136 0.0467057 0.0093150
v 0.0152136 0.0465997 0.0094508
v 0.0152136 0.0464937 0.0095832
v 0.0152136 0.0429963 0.0089175
v 0.0152136 0.0463612 0.0096627
v 0.0152136 0.0462023 0.0097157
v 0.0152136 0.0429433 0.0090765
v 0.0152136 0.0460168 0.0097422
v 0.0152136 0.0428638 0.0092090
v 0.0152136 0.0427313 0.0093150
v 0.0152136 0.0425955 0.0094243
v 0.0152136 0.0424365 0.0094773
v 0.0152136 0.0422775 0.0095038
v 0.0152136 0.0192162 0.0095038
v 0.0152136 0.0175734 0.0097422
v 0.0152136 0.0170170 0.0097422
v 0.0152136 0.0460168 -0.0097687
v 0.0152136 0.0170170 -0.0097687
v 0.0149487 0.0460168 -0.0097687
v 0.0149487 0.0080316 -0.0097687
v 0.0152136 0.0080316 -0.0097687
v 0.0174691 0.0320203 -0.0084969
v 0.0174691 0.0320203 0.0084936
v 0.0174691 0.0310135 0.0017371
v 0.0174691 0.0310135 0.0087321
v 0.0174691 0.0310400 0.0089175
v 0.0174691 0.0310930 0.0090765
v 0.0174691 0.0311989 0.0092090
v 0.0174691 0.0313049 0.0093150
v 0.0174691 0.0314374 0.0094243
v 0.0174691 0.0315964 0.0094773
v 0.0174691 0.0317819 0.0095038
v 0.0174691 0.0422775 0.0095038
v 0.0174691 0.0420126 0.0084936
v 0.0174691 0.0424365 0.0094773
v 0.0174691 0.0425955 0.0094243
v 0.0174691 0.0427313 0.0093150
v 0.0174691 0.0428638 0.0092090
v 0.0174691 0.0429433 0.0090765
v 0.0174691 0.0429963 0.0089175
v 0.0174691 0.0430227 0.0087321
v 0.0174691 0.0430227 -0.0087619
v 0.0174691 0.0420126 -0.0084969
v 0.0174691 0.0429963 -0.0089208
v 0.0174691 0.0429433 -0.0090798
v 0.0174691 0.0428638 -0.0092123
v 0.0174691 0.0427313 -0.0093448
v 0.0174691 0.0425955 -0.0094243
v 0.0174691 0.0424365 -0.0094773
v 0.0174691 0.0422775 -0.0095038
v 0.0174691 0.0317819 -0.0095038
v 0.0174691 0.0315964 -0.0094773
v 0.0174691 0.0314374 -0.0094243
v 0.0174691 0.0313049 -0.0093448
v 0.0174691 0.0311989 -0.0092123
v 0.0174691 0.0310930 -0.0090798
v 0.0174691 0.0310400 -0.0089208
v 0.0174691 0.0310135 -0.0087619
v 0.0174691 0.0310135 -0.0017636
v 0.0174691 0.0305630 0.0016841
v 0.0174691 0.0301391 0.0014954
v 0.0174691 0.0297947 0.0012304
v 0.0174691 0.0295032 0.0008595
v 0.0174691 0.0293442 0.0004355
v 0.0174691 0.0292647 -0.0000149
v 0.0174691 0.0293442 -0.0004653
v 0.0174691 0.0295032 -0.0008893
v 0.0174691 0.0305630 -0.0017106
v 0.0174691 0.0301391 -0.0015252
v 0.0174691 0.0297947 -0.0012337
v 0.0152136 0.0460168 0.0097422
v 0.0149487 0.0460168 0.0097422
v 0.0152136 0.0170170 0.0097422
v 0.0149487 0.0080316 0.0097422
v 0.0152136 0.0080316 0.0097422
v 0.0108153 0.0470236 0.0089970
v 0.0108153 0.0469971 0.0092090
v 0.0149487 0.0470236 0.0089970
v 0.0149487 0.0469971 0.0092090
v 0.0108153 0.0469176 0.0094243
v 0.0149487 0.0469176 0.0094243
v 0.0108153 0.0468117 0.0096097
v 0.0149487 0.0468117 0.0096097
v 0.0108153 0.0466527 0.0097687
v 0.0149487 0.0466527 0.0097687
v 0.0108153 0.0464672 0.0099012
v 0.0149487 0.0464672 0.0099012
v 0.0108153 0.0462552 0.0099807
v 0.0149487 0.0462552 0.0099807
v 0.0149487 0.0460168 0.0100072
v 0.0108153 0.0460168 0.0100072
v 0.0149487 0.0470236 -0.0090003
v 0.0149487 0.0469971 -0.0092388
v 0.0108153 0.0470236 -0.0090003
v 0.0108153 0.0469971 -0.0092388
v 0.0149487 0.0469176 -0.0094508
v 0.0108153 0.0469176 -0.0094508
v 0.0149487 0.0468117 -0.0096362
v 0.0108153 0.0468117 -0.0096362
v 0.0149487 0.0466527 -0.0097952
v 0.0108153 0.0466527 -0.0097952
v 0.0149487 0.0464672 -0.0099012
v 0.0108153 0.0464672 -0.0099012
v 0.0149487 0.0462552 -0.0099807
v 0.0108153 0.0462552 -0.0099807
v 0.0149487 0.0460168 -0.0100072
v 0.0108153 0.0460168 -0.0100072
v 0.0149487 0.0460168 -0.0100072
v 0.0149487 0.0080316 -0.0100072
v 0.0108153 0.0460168 -0.0100072
v 0.0108153 0.0080316 -0.0100072
v 0.0108153 0.0522731 -0.0100072
v 0.0076060 0.0522731 -0.0100072
v 0.0076060 0.0019872 -0.0100072
v 0.0108153 0.0019872 -0.0100072
v 0.0152136 0.0072632 0.0089970
v 0.0152136 0.0072897 0.0091560
v 0.0149487 0.0072632 0.0089970
v 0.0149487 0.0072897 0.0091560
v 0.0152136 0.0073427 0.0093150
v 0.0149487 0.0073427 0.0093150
v 0.0152136 0.0074487 0.0094508
v 0.0149487 0.0074487 0.0094508
v 0.0152136 0.0075546 0.0095832
v 0.0149487 0.0075546 0.0095832
v 0.0152136 0.0076871 0.0096627
v 0.0149487 0.0076871 0.0096627
v 0.0149487 0.0080316 0.0097422
v 0.0149487 0.0078461 0.0097157
v 0.0152136 0.0080316 0.0097422
v 0.0152136 0.0078461 0.0097157
v 0.0076060 0.0020402 0.0100072
v 0.0076060 0.0015103 0.0099277
v 0.0108153 0.0020402 0.0100072
v 0.0108153 0.0015103 0.0099277
v 0.0076060 0.0010333 0.0097422
v 0.0108153 0.0010333 0.0097422
v 0.0076060 0.0006359 0.0094243
v 0.0108153 0.0006359 0.0094243
v 0.0076060 0.0003180 0.0090235
v 0.0108153 0.0003180 0.0090235
v 0.0076060 0.0001060 0.0085466
v 0.0108153 0.0001060 0.0085466
v 0.0076060 0.0000265 0.0080432
v 0.0108153 0.0000265 0.0080432
v 0.0076060 0.0000265 0.0080432
v 0.0076060 0.0000265 0.0069568
v 0.0108153 0.0000265 0.0080432
v 0.0108153 0.0000265 0.0069568
v 0.0108153 0.0000795 0.0030619
v 0.0108153 0.0000795 0.0031149
v 0.0076060 0.0000795 0.0030619
v 0.0076060 0.0000795 0.0031149
v 0.0076060 0.0000265 0.0069568
v 0.0076060 0.0000530 0.0069038
v 0.0108153 0.0000265 0.0069568
v 0.0108153 0.0000530 0.0069038
v 0.0076060 0.0000530 0.0068244
v 0.0108153 0.0000530 0.0068244
v 0.0076060 0.0001060 0.0067979
v 0.0108153 0.0001060 0.0067979
v 0.0076060 0.0001590 0.0067449
v 0.0108153 0.0001590 0.0067449
v 0.0076060 0.0002120 0.0067184
v 0.0108153 0.0002120 0.0067184
v 0.0076060 0.0002650 0.0067184
v 0.0108153 0.0002650 0.0067184
v 0.0076060 0.0003180 0.0067184
v 0.0108153 0.0003180 0.0067184
v 0.0076060 0.0003974 0.0067184
v 0.0108153 0.0003974 0.0067184
v 0.0076060 0.0004504 0.0067714
v 0.0108153 0.0004504 0.0067714
v 0.0076060 0.0004769 0.0067979
v 0.0108153 0.0004769 0.0067979
v 0.0108153 0.0010068 0.0073543
v 0.0076060 0.0010068 0.0073543
v 0.0108153 0.0016163 0.0077517
v 0.0076060 0.0016163 0.0077517
v 0.0108153 0.0023316 0.0079902
v 0.0076060 0.0023316 0.0079902
v 0.0108153 0.0030735 0.0080432
v 0.0076060 0.0030735 0.0080432
v 0.0108153 0.0038154 0.0078842
v 0.0076060 0.0038154 0.0078842
v 0.0108153 0.0045076 0.0075927
v 0.0076060 0.0045076 0.0075927
v 0.0108153 0.0050905 0.0071158
v 0.0076060 0.0050905 0.0071158
v 0.0108153 0.0055145 0.0065064
v 0.0076060 0.0055145 0.0065064
v 0.0108153 0.0058059 0.0058175
v 0.0076060 0.0058059 0.0058175
v 0.0108153 0.0059119 0.0050756
v 0.0076060 0.0059119 0.0050756
v 0.0108153 0.0058324 0.0043337
v 0.0076060 0.0058324 0.0043337
v 0.0108153 0.0055675 0.0036183
v 0.0076060 0.0055675 0.0036183
v 0.0108153 0.0051170 0.0030089
v 0.0076060 0.0051170 0.0030089
v 0.0108153 0.0045606 0.0025320
v 0.0076060 0.0045606 0.0025320
v 0.0108153 0.0038982 0.0022141
v 0.0076060 0.0038982 0.0022141
v 0.0108153 0.0031530 0.0020551
v 0.0076060 0.0031530 0.0020551
v 0.0108153 0.0024111 0.0020816
v 0.0076060 0.0024111 0.0020816
v 0.0108153 0.0016957 0.0022936
v 0.0076060 0.0016957 0.0022936
v 0.0108153 0.0010598 0.0026910
v 0.0076060 0.0010598 0.0026910
v 0.0108153 0.0005299 0.0032209
v 0.0076060 0.0005299 0.0032209
v 0.0076060 0.0004769 0.0032739
v 0.0108153 0.0004769 0.0032739
v 0.0076060 0.0004239 0.0033004
v 0.0108153 0.0004239 0.0033004
v 0.0076060 0.0003709 0.0033004
v 0.0108153 0.0003709 0.0033004
v 0.0076060 0.0003180 0.0033269
v 0.0108153 0.0003180 0.0033269
v 0.0076060 0.0002385 0.0033004
v 0.0108153 0.0002385 0.0033004
v 0.0076060 0.0001855 0.0032739
v 0.0108153 0.0001855 0.0032739
v 0.0076060 0.0001325 0.0032474
v 0.0108153 0.0001325 0.0032474
v 0.0076060 0.0001060 0.0031944
v 0.0108153 0.0001060 0.0031944
v 0.0076060 0.0000795 0.0030619
v 0.0076060 0.0000795 -0.0031414
v 0.0108153 0.0000795 0.0030619
v 0.0108153 0.0000795 -0.0031414
v 0.0108153 0.0019872 -0.0100072
v 0.0108153 0.0014838 -0.0099277
v 0.0076060 0.0019872 -0.0100072
v 0.0076060 0.0014838 -0.0099277
v 0.0108153 0.0010068 -0.0097422
v 0.0076060 0.0010068 -0.0097422
v 0.0108153 0.0005829 -0.0094243
v 0.0076060 0.0005829 -0.0094243
v 0.0108153 0.0002650 -0.0090003
v 0.0076060 0.0002650 -0.0090003
v 0.0108153 0.0000795 -0.0085234
v 0.0076060 0.0000795 -0.0085234
v 0.0108153 0.0000000 -0.0080200
v 0.0076060 0.0000000 -0.0080200
v 0.0108153 0.0000000 -0.0080200
v 0.0108153 0.0000000 -0.0070131
v 0.0076060 0.0000000 -0.0080200
v 0.0076060 0.0000000 -0.0070131
v 0.0108153 0.0000000 -0.0070131
v 0.0108153 0.0000000 -0.0069337
v 0.0076060 0.0000000 -0.0070131
v 0.0076060 0.0000000 -0.0069337
v 0.0108153 0.0000265 -0.0068807
v 0.0076060 0.0000265 -0.0068807
v 0.0108153 0.0000795 -0.0068277
v 0.0076060 0.0000795 -0.0068277
v 0.0108153 0.0001060 -0.0068012
v 0.0076060 0.0001060 -0.0068012
v 0.0108153 0.0001855 -0.0067747
v 0.0076060 0.0001855 -0.0067747
v 0.0108153 0.0002385 -0.0067482
v 0.0076060 0.0002385 -0.0067482
v 0.0076060 0.0000795 -0.0031414
v 0.0076060 0.0000795 -0.0031944
v 0.0108153 0.0000795 -0.0031414
v 0.0108153 0.0000795 -0.0031944
v 0.0076060 0.0001060 -0.0032474
v 0.0108153 0.0001060 -0.0032474
v 0.0076060 0.0001325 -0.0033004
v 0.0108153 0.0001325 -0.0033004
v 0.0076060 0.0001855 -0.0033534
v 0.0108153 0.0001855 -0.0033534
v 0.0076060 0.0002385 -0.0033799
v 0.0108153 0.0002385 -0.0033799
v 0.0076060 0.0003180 -0.0033799
v 0.0108153 0.0003180 -0.0033799
v 0.0076060 0.0003709 -0.0033799
v 0.0108153 0.0003709 -0.0033799
v 0.0076060 0.0004239 -0.0033534
v 0.0108153 0.0004239 -0.0033534
v 0.0076060 0.0004769 -0.0033269
v 0.0108153 0.0004769 -0.0033269
v 0.0076060 0.0005299 -0.0033004
v 0.0108153 0.0005299 -0.0033004
v 0.0108153 0.0010598 -0.0027440
v 0.0076060 0.0010598 -0.0027440
v 0.0108153 0.0016957 -0.0023730
v 0.0076060 0.0016957 -0.0023730
v 0.0108153 0.0024111 -0.0021611
v 0.0076060 0.0024111 -0.0021611
v 0.0108153 0.0031530 -0.0021346
v 0.0076060 0.0031530 -0.0021346
v 0.0108153 0.0038982 -0.0022936
v 0.0076060 0.0038982 -0.0022936
v 0.0108153 0.0045606 -0.0026115
v 0.0076060 0.0045606 -0.0026115
v 0.0108153 0.0051435 -0.0031149
v 0.0076060 0.0051435 -0.0031149
v 0.0108153 0.0055675 -0.0037243
v 0.0076060 0.0055675 -0.0037243
v 0.0108153 0.0058324 -0.0044397
v 0.0076060 0.0058324 -0.0044397
v 0.0108153 0.0059119 -0.0051816
v 0.0076060 0.0059119 -0.0051816
v 0.0108153 0.0058059 -0.0059235
v 0.0076060 0.0058059 -0.0059235
v 0.0108153 0.0055145 -0.0066157
v 0.0076060 0.0055145 -0.0066157
v 0.0108153 0.0050640 -0.0072251
v 0.0076060 0.0050640 -0.0072251
v 0.0108153 0.0044811 -0.0076755
v 0.0076060 0.0044811 -0.0076755
v 0.0108153 0.0037889 -0.0079935
v 0.0076060 0.0037889 -0.0079935
v 0.0108153 0.0030470 -0.0081260
v 0.0076060 0.0030470 -0.0081260
v 0.0108153 0.0023051 -0.0080730
v 0.0076060 0.0023051 -0.0080730
v 0.0108153 0.0015898 -0.0078080
v 0.0076060 0.0015898 -0.0078080
v 0.0108153 0.0009539 -0.0074106
v 0.0076060 0.0009539 -0.0074106
v 0.0108153 0.0004504 -0.0068542
v 0.0076060 0.0004504 -0.0068542
v 0.0076060 0.0004239 -0.0068012
v 0.0108153 0.0004239 -0.0068012
v 0.0076060 0.0003709 -0.0067747
v 0.0108153 0.0003709 -0.0067747
v 0.0076060 0.0002915 -0.0067482
v 0.0108153 0.0002915 -0.0067482
v 0.0108153 0.0004769 -0.0033269
v 0.0108153 0.0005299 -0.0033004
v 0.0108153 0.0004239 -0.0033534
v 0.0108153 0.0003709 -0.0033799
v 0.0108153 0.0003180 -0.0033799
v 0.0108153 0.0002385 -0.0033799
v 0.0108153 0.0001855 -0.0033534
v 0.0108153 0.0001325 -0.0033004
v 0.0108153 0.0001060 -0.0032474
v 0.0108153 0.0000795 -0.0031944
v 0.0108153 0.0000795 -0.0031414
v 0.0108153 0.0000795 0.0030619
v 0.0108153 0.0010598 -0.0027440
v 0.0108153 0.0016957 -0.0023730
v 0.0108153 0.0001855 0.0032739
v 0.0108153 0.0001325 0.0032474
v 0.0108153 0.0002385 0.0033004
v 0.0108153 0.0001060 0.0031944
v 0.0108153 0.0003180 0.0033269
v 0.0108153 0.0003709 0.0033004
v 0.0108153 0.0004239 0.0033004
v 0.0108153 0.0000795 0.0031149
v 0.0108153 0.0004769 0.0032739
v 0.0108153 0.0005299 0.0032209
v 0.0108153 0.0010598 0.0026910
v 0.0108153 0.0016957 0.0022936
v 0.0108153 0.0024111 -0.0021611
v 0.0108153 0.0024111 0.0020816
v 0.0108153 0.0031530 0.0020551
v 0.0108153 0.0031530 -0.0021346
v 0.0108153 0.0038982 0.0022141
v 0.0108153 0.0045606 0.0025320
v 0.0108153 0.0038982 -0.0022936
v 0.0108153 0.0051170 0.0030089
v 0.0108153 0.0055675 0.0036183
v 0.0108153 0.0058324 0.0043337
v 0.0108153 0.0045606 -0.0026115
v 0.0108153 0.0051435 -0.0031149
v 0.0108153 0.0059119 0.0050756
v 0.0108153 0.0055675 -0.0037243
v 0.0108153 0.0003180 0.0067184
v 0.0108153 0.0003974 0.0067184
v 0.0108153 0.0002650 0.0067184
v 0.0108153 0.0002120 0.0067184
v 0.0108153 0.0001590 0.0067449
v 0.0108153 0.0004504 0.0067714
v 0.0108153 0.0004769 0.0067979
v 0.0108153 0.0001060 0.0067979
v 0.0108153 0.0000530 0.0068244
v 0.0108153 0.0000530 0.0069038
v 0.0108153 0.0000265 0.0069568
v 0.0108153 0.0000265 0.0080432
v 0.0108153 0.0010068 0.0073543
v 0.0108153 0.0001060 0.0085466
v 0.0108153 0.0003180 0.0090235
v 0.0108153 0.0016163 0.0077517
v 0.0108153 0.0006359 0.0094243
v 0.0108153 0.0010333 0.0097422
v 0.0108153 0.0023316 0.0079902
v 0.0108153 0.0015103 0.0099277
v 0.0108153 0.0020402 0.0100072
v 0.0108153 0.0030735 0.0080432
v 0.0108153 0.0038154 0.0078842
v 0.0108153 0.0080316 0.0100072
v 0.0108153 0.0077931 0.0099807
v 0.0108153 0.0075811 0.0099012
v 0.0108153 0.0073957 0.0097687
v 0.0108153 0.0045076 0.0075927
v 0.0108153 0.0072367 0.0096097
v 0.0108153 0.0071307 0.0094243
v 0.0108153 0.0070512 0.0092090
v 0.0108153 0.0070247 0.0089970
v 0.0108153 0.0050905 0.0071158
v 0.0108153 0.0055145 0.0065064
v 0.0108153 0.0058059 0.0058175
v 0.0108153 0.0058324 -0.0044397
v 0.0108153 0.0059119 -0.0051816
v 0.0108153 0.0070247 -0.0090003
v 0.0108153 0.0070512 -0.0092388
v 0.0108153 0.0058059 -0.0059235
v 0.0108153 0.0071307 -0.0094508
v 0.0108153 0.0055145 -0.0066157
v 0.0108153 0.0050640 -0.0072251
v 0.0108153 0.0072367 -0.0096362
v 0.0108153 0.0044811 -0.0076755
v 0.0108153 0.0073957 -0.0097952
v 0.0108153 0.0037889 -0.0079935
v 0.0108153 0.0075811 -0.0099012
v 0.0108153 0.0030470 -0.0081260
v 0.0108153 0.0080316 -0.0100072
v 0.0108153 0.0077931 -0.0099807
v 0.0108153 0.0019872 -0.0100072
v 0.0108153 0.0023051 -0.0080730
v 0.0108153 0.0014838 -0.0099277
v 0.0108153 0.0010068 -0.0097422
v 0.0108153 0.0005829 -0.0094243
v 0.0108153 0.0015898 -0.0078080
v 0.0108153 0.0002650 -0.0090003
v 0.0108153 0.0009539 -0.0074106
v 0.0108153 0.0000795 -0.0085234
v 0.0108153 0.0000000 -0.0080200
v 0.0108153 0.0004504 -0.0068542
v 0.0108153 0.0000000 -0.0070131
v 0.0108153 0.0004239 -0.0068012
v 0.0108153 0.0003709 -0.0067747
v 0.0108153 0.0000000 -0.0069337
v 0.0108153 0.0000265 -0.0068807
v 0.0108153 0.0002915 -0.0067482
v 0.0108153 0.0002385 -0.0067482
v 0.0108153 0.0001855 -0.0067747
v 0.0108153 0.0001060 -0.0068012
v 0.0108153 0.0000795 -0.0068277
v 0.0152136 0.0080316 -0.0097687
v 0.0152136 0.0078461 -0.0097422
v 0.0149487 0.0080316 -0.0097687
v 0.0149487 0.0078461 -0.0097422
v 0.0152136 0.0076871 -0.0096892
v 0.0149487 0.0076871 -0.0096892
v 0.0152136 0.0075546 -0.0095832
v 0.0149487 0.0075546 -0.0095832
v 0.0152136 0.0074487 -0.0094773
v 0.0149487 0.0074487 -0.0094773
v 0.0152136 0.0073427 -0.0093448
v 0.0149487 0.0073427 -0.0093448
v 0.0152136 0.0072897 -0.0091858
v 0.0149487 0.0072897 -0.0091858
v 0.0152136 0.0072632 -0.0090003
v 0.0149487 0.0072632 -0.0090003
v 0.0152136 0.0072632 -0.0090003
v 0.0152136 0.0072632 -0.0000149
v 0.0149487 0.0072632 -0.0090003
v 0.0149487 0.0072632 0.0089970
v 0.0152136 0.0072632 0.0089970
v 0.0108153 0.0080316 0.0100072
v 0.0108153 0.0077931 0.0099807
v 0.0149487 0.0080316 0.0100072
v 0.0149487 0.0077931 0.0099807
v 0.0108153 0.0075811 0.0099012
v 0.0149487 0.0075811 0.0099012
v 0.0108153 0.0073957 0.0097687
v 0.0149487 0.0073957 0.0097687
v 0.0108153 0.0072367 0.0096097
v 0.0149487 0.0072367 0.0096097
v 0.0108153 0.0071307 0.0094243
v 0.0149487 0.0071307 0.0094243
v 0.0108153 0.0070512 0.0092090
v 0.0149487 0.0070512 0.0092090
v 0.0108153 0.0070247 0.0089970
v 0.0149487 0.0070247 0.0089970
v 0.0149487 0.0070247 0.0089970
v 0.0108153 0.0070247 0.0089970
v 0.0149487 0.0070247 -0.0090003
v 0.0108153 0.0070247 -0.0090003
v 0.0108153 0.0070247 -0.0090003
v 0.0108153 0.0070512 -0.0092388
v 0.0149487 0.0070247 -0.0090003
v 0.0149487 0.0070512 -0.0092388
v 0.0108153 0.0071307 -0.0094508
v 0.0149487 0.0071307 -0.0094508
v 0.0108153 0.0072367 -0.0096362
v 0.0149487 0.0072367 -0.0096362
v 0.0108153 0.0073957 -0.0097952
v 0.0149487 0.0073957 -0.0097952
v 0.0149487 0.0080316 -0.0100072
v 0.0149487 0.0077931 -0.0099807
v 0.0108153 0.0080316 -0.0100072
v 0.0108153 0.0077931 -0.0099807
v 0.0149487 0.0075811 -0.0099012
v 0.0108153 0.0075811 -0.0099012
v 0.0149487 0.0072632 -0.0090003
v 0.0149487 0.0072632 0.0089970
v 0.0149487 0.0070247 0.0089970
v 0.0149487 0.0070512 0.0092090
v 0.0149487 0.0072897 0.0091560
v 0.0149487 0.0071307 0.0094243
v 0.0149487 0.0073427 0.0093150
v 0.0149487 0.0072367 0.0096097
v 0.0149487 0.0074487 0.0094508
v 0.0149487 0.0073957 0.0097687
v 0.0149487 0.0075546 0.0095832
v 0.0149487 0.0075811 0.0099012
v 0.0149487 0.0076871 0.0096627
v 0.0149487 0.0077931 0.0099807
v 0.0149487 0.0078461 0.0097157
v 0.0149487 0.0080316 0.0100072
v 0.0149487 0.0080316 0.0097422
v 0.0149487 0.0460168 0.0100072
v 0.0149487 0.0460168 0.0097422
v 0.0149487 0.0462552 0.0099807
v 0.0149487 0.0462023 0.0097157
v 0.0149487 0.0464672 0.0099012
v 0.0149487 0.0463612 0.0096627
v 0.0149487 0.0466527 0.0097687
v 0.0149487 0.0464937 0.0095832
v 0.0149487 0.0468117 0.0096097
v 0.0149487 0.0465997 0.0094508
v 0.0149487 0.0469176 0.0094243
v 0.0149487 0.0467057 0.0093150
v 0.0149487 0.0469971 0.0092090
v 0.0149487 0.0467587 0.0091560
v 0.0149487 0.0470236 0.0089970
v 0.0149487 0.0467852 0.0089970
v 0.0149487 0.0470236 -0.0090003
v 0.0149487 0.0467852 -0.0090003
v 0.0149487 0.0469971 -0.0092388
v 0.0149487 0.0467587 -0.0091858
v 0.0149487 0.0469176 -0.0094508
v 0.0149487 0.0467057 -0.0093448
v 0.0149487 0.0468117 -0.0096362
v 0.0149487 0.0465997 -0.0094773
v 0.0149487 0.0466527 -0.0097952
v 0.0149487 0.0464937 -0.0095832
v 0.0149487 0.0464672 -0.0099012
v 0.0149487 0.0463612 -0.0096892
v 0.0149487 0.0462552 -0.0099807
v 0.0149487 0.0462023 -0.0097422
v 0.0149487 0.0460168 -0.0100072
v 0.0149487 0.0460168 -0.0097687
v 0.0149487 0.0080316 -0.0100072
v 0.0149487 0.0080316 -0.0097687
v 0.0149487 0.0077931 -0.0099807
v 0.0149487 0.0078461 -0.0097422
v 0.0149487 0.0075811 -0.0099012
v 0.0149487 0.0076871 -0.0096892
v 0.0149487 0.0073957 -0.0097952
v 0.0149487 0.0075546 -0.0095832
v 0.0149487 0.0072367 -0.0096362
v 0.0149487 0.0074487 -0.0094773
v 0.0149487 0.0071307 -0.0094508
v 0.0149487 0.0073427 -0.0093448
v 0.0149487 0.0070512 -0.0092388
v 0.0149487 0.0072897 -0.0091858
v 0.0149487 0.0070247 -0.0090003
v 0.0152136 0.0170170 0.0097422
v 0.0152136 0.0080316 0.0097422
v 0.0152136 0.0159042 0.0096892
v 0.0152136 0.0142614 0.0093415
v 0.0152136 0.0127247 0.0087321
v 0.0152136 0.0112906 0.0078842
v 0.0152136 0.0100188 0.0067714
v 0.0152136 0.0078461 0.0097157
v 0.0152136 0.0076871 0.0096627
v 0.0152136 0.0075546 0.0095832
v 0.0152136 0.0074487 0.0094508
v 0.0152136 0.0073427 0.0093150
v 0.0152136 0.0072897 0.0091560
v 0.0152136 0.0089589 0.0054996
v 0.0152136 0.0072632 0.0089970
v 0.0152136 0.0081641 0.0040423
v 0.0152136 0.0075811 0.0024790
v 0.0152136 0.0073162 0.0008330
v 0.0152136 0.0072632 -0.0000149
v 0.0152136 0.0170170 -0.0097687
v 0.0152136 0.0159042 -0.0096892
v 0.0152136 0.0080316 -0.0097687
v 0.0152136 0.0142614 -0.0093713
v 0.0152136 0.0127247 -0.0087619
v 0.0152136 0.0112906 -0.0078875
v 0.0152136 0.0078461 -0.0097422
v 0.0152136 0.0100188 -0.0068012
v 0.0152136 0.0076871 -0.0096892
v 0.0152136 0.0075546 -0.0095832
v 0.0152136 0.0074487 -0.0094773
v 0.0152136 0.0073427 -0.0093448
v 0.0152136 0.0072897 -0.0091858
v 0.0152136 0.0072632 -0.0090003
v 0.0152136 0.0089589 -0.0054996
v 0.0152136 0.0072632 -0.0000149
v 0.0152136 0.0073162 -0.0008363
v 0.0152136 0.0075811 -0.0024790
v 0.0152136 0.0081641 -0.0040423
v 0.0187939 0.0176264 0.0052081
v 0.0187939 0.0170170 -0.0000149
v 0.0187939 0.0188187 0.0049166
v 0.0187939 0.0199084 0.0043867
v 0.0187939 0.0208357 0.0035919
v 0.0187939 0.0215776 0.0026115
v 0.0187939 0.0220545 0.0014954
v 0.0187939 0.0222665 0.0003030
v 0.0187939 0.0221870 -0.0009158
v 0.0187939 0.0218426 -0.0020816
v 0.0187939 0.0212332 -0.0031414
v 0.0187939 0.0204118 -0.0040158
v 0.0187939 0.0193751 -0.0047047
v 0.0187939 0.0182358 -0.0051021
v 0.0187939 0.0170170 -0.0052611
v 0.0187939 0.0158247 -0.0051021
v 0.0187939 0.0146589 -0.0047047
v 0.0187939 0.0136520 -0.0040158
v 0.0187939 0.0128042 -0.0031414
v 0.0187939 0.0121947 -0.0020816
v 0.0187939 0.0118503 -0.0009158
v 0.0187939 0.0117708 0.0003030
v 0.0187939 0.0119828 0.0014954
v 0.0187939 0.0124862 0.0026115
v 0.0187939 0.0132016 0.0035919
v 0.0187939 0.0141289 0.0043867
v 0.0187939 0.0152153 0.0049166
v 0.0187939 0.0164076 0.0052081
v 0.0172041 0.0192162 -0.0095038
v 0.0172041 0.0175734 -0.0097422
v 0.0152136 0.0192162 -0.0095038
v 0.0152136 0.0175734 -0.0097422
v 0.0152136 0.0170170 -0.0097687
v 0.0172041 0.0159042 -0.0096892
v 0.0152136 0.0159042 -0.0096892
v 0.0172041 0.0142614 -0.0093713
v 0.0152136 0.0142614 -0.0093713
v 0.0172041 0.0127247 -0.0087619
v 0.0152136 0.0127247 -0.0087619
v 0.0172041 0.0112906 -0.0078875
v 0.0152136 0.0112906 -0.0078875
v 0.0172041 0.0100188 -0.0068012
v 0.0152136 0.0100188 -0.0068012
v 0.0172041 0.0089589 -0.0054996
v 0.0152136 0.0089589 -0.0054996
v 0.0172041 0.0081641 -0.0040423
v 0.0152136 0.0081641 -0.0040423
v 0.0152136 0.0192162 0.0095038
v 0.0152136 0.0175734 0.0097422
v 0.0172041 0.0192162 0.0095038
v 0.0172041 0.0175734 0.0097422
v 0.0152136 0.0170170 0.0097422
v 0.0172041 0.0159042 0.0096892
v 0.0152136 0.0159042 0.0096892
v 0.0152136 0.0142614 0.0093415
v 0.0172041 0.0142614 0.0093415
v 0.0152136 0.0127247 0.0087321
v 0.0172041 0.0127247 0.0087321
v 0.0152136 0.0112906 0.0078842
v 0.0172041 0.0112906 0.0078842
v 0.0152136 0.0100188 0.0067714
v 0.0172041 0.0100188 0.0067714
v 0.0152136 0.0089589 0.0054996
v 0.0172041 0.0089589 0.0054996
v 0.0152136 0.0081641 0.0040423
v 0.0172041 0.0081641 0.0040423
v 0.0152136 0.0075811 0.0024790
v 0.0172041 0.0075811 0.0024790
v 0.0152136 0.0073162 0.0008330
v 0.0172041 0.0073162 0.0008330
v 0.0152136 0.0072632 -0.0000149
v 0.0172041 0.0073162 -0.0008363
v 0.0152136 0.0073162 -0.0008363
v 0.0152136 0.0075811 -0.0024790
v 0.0172041 0.0075811 -0.0024790
v 0.0172041 0.0124862 0.0026115
v 0.0172041 0.0119828 0.0014954
v 0.0187939 0.0124862 0.0026115
v 0.0187939 0.0119828 0.0014954
v 0.0172041 0.0117708 0.0003030
v 0.0187939 0.0117708 0.0003030
v 0.0172041 0.0118503 -0.0009158
v 0.0187939 0.0118503 -0.0009158
v 0.0172041 0.0121947 -0.0020816
v 0.0187939 0.0121947 -0.0020816
v 0.0172041 0.0128042 -0.0031414
v 0.0187939 0.0128042 -0.0031414
v 0.0172041 0.0136520 -0.0040158
v 0.0187939 0.0136520 -0.0040158
v 0.0172041 0.0146589 -0.0047047
v 0.0187939 0.0146589 -0.0047047
v 0.0172041 0.0158247 -0.0051021
v 0.0187939 0.0158247 -0.0051021
v 0.0172041 0.0170170 -0.0052611
v 0.0187939 0.0170170 -0.0052611
v 0.0172041 0.0182358 -0.0051021
v 0.0187939 0.0182358 -0.0051021
v 0.0172041 0.0193751 -0.0047047
v 0.0187939 0.0193751 -0.0047047
v 0.0172041 0.0204118 -0.0040158
v 0.0187939 0.0204118 -0.0040158
v 0.0172041 0.0212332 -0.0031414
v 0.0187939 0.0212332 -0.0031414
v 0.0172041 0.0218426 -0.0020816
v 0.0187939 0.0218426 -0.0020816
v 0.0172041 0.0221870 -0.0009158
v 0.0187939 0.0221870 -0.0009158
v 0.0172041 0.0222665 0.0003030
v 0.0187939 0.0222665 0.0003030
v 0.0172041 0.0220545 0.0014954
v 0.0187939 0.0220545 0.0014954
v 0.0172041 0.0215776 0.0026115
v 0.0187939 0.0215776 0.0026115
v 0.0172041 0.0208357 0.0035919
v 0.0187939 0.0208357 0.0035919
v 0.0172041 0.0199084 0.0043867
v 0.0187939 0.0199084 0.0043867
v 0.0172041 0.0188187 0.0049166
v 0.0187939 0.0188187 0.0049166
v 0.0172041 0.0176264 0.0052081
v 0.0187939 0.0176264 0.0052081
v 0.0172041 0.0164076 0.0052081
v 0.0187939 0.0164076 0.0052081
v 0.0172041 0.0152153 0.0049166
v 0.0187939 0.0152153 0.0049166
v 0.0172041 0.0141289 0.0043867
v 0.0187939 0.0141289 0.0043867
v 0.0172041 0.0132016 0.0035919
v 0.0187939 0.0132016 0.0035919
v 0.0172041 0.0119828 0.0014954
v 0.0172041 0.0124862 0.0026115
v 0.0172041 0.0081641 0.0040423
v 0.0172041 0.0089589 0.0054996
v 0.0172041 0.0100188 0.0067714
v 0.0172041 0.0132016 0.0035919
v 0.0172041 0.0112906 0.0078842
v 0.0172041 0.0141289 0.0043867
v 0.0172041 0.0127247 0.0087321
v 0.0172041 0.0152153 0.0049166
v 0.0172041 0.0142614 0.0093415
v 0.0172041 0.0164076 0.0052081
v 0.0172041 0.0176264 0.0052081
v 0.0172041 0.0188187 0.0049166
v 0.0172041 0.0317819 0.0095038
v 0.0172041 0.0192162 0.0095038
v 0.0172041 0.0315964 0.0094773
v 0.0172041 0.0314374 0.0094243
v 0.0172041 0.0313049 0.0093150
v 0.0172041 0.0311989 0.0092090
v 0.0172041 0.0310930 0.0090765
v 0.0172041 0.0310400 0.0089175
v 0.0172041 0.0310135 0.0087321
v 0.0172041 0.0310135 0.0017371
v 0.0172041 0.0305630 0.0016841
v 0.0172041 0.0301391 0.0014954
v 0.0172041 0.0297947 0.0012304
v 0.0172041 0.0295032 0.0008595
v 0.0172041 0.0175734 0.0097422
v 0.0172041 0.0159042 0.0096892
v 0.0172041 0.0293442 0.0004355
v 0.0172041 0.0292647 -0.0000149
v 0.0172041 0.0199084 0.0043867
v 0.0172041 0.0293442 -0.0004653
v 0.0172041 0.0208357 0.0035919
v 0.0172041 0.0215776 0.0026115
v 0.0172041 0.0220545 0.0014954
v 0.0172041 0.0222665 0.0003030
v 0.0172041 0.0295032 -0.0008893
v 0.0172041 0.0221870 -0.0009158
v 0.0172041 0.0218426 -0.0020816
v 0.0172041 0.0212332 -0.0031414
v 0.0172041 0.0204118 -0.0040158
v 0.0172041 0.0310135 -0.0017636
v 0.0172041 0.0305630 -0.0017106
v 0.0172041 0.0310135 -0.0087619
v 0.0172041 0.0301391 -0.0015252
v 0.0172041 0.0317819 -0.0095038
v 0.0172041 0.0315964 -0.0094773
v 0.0172041 0.0192162 -0.0095038
v 0.0172041 0.0314374 -0.0094243
v 0.0172041 0.0313049 -0.0093448
v 0.0172041 0.0311989 -0.0092123
v 0.0172041 0.0310930 -0.0090798
v 0.0172041 0.0310400 -0.0089208
v 0.0172041 0.0297947 -0.0012337
v 0.0172041 0.0175734 -0.0097422
v 0.0172041 0.0193751 -0.0047047
v 0.0172041 0.0182358 -0.0051021
v 0.0172041 0.0170170 -0.0052611
v 0.0172041 0.0159042 -0.0096892
v 0.0172041 0.0158247 -0.0051021
v 0.0172041 0.0142614 -0.0093713
v 0.0172041 0.0127247 -0.0087619
v 0.0172041 0.0146589 -0.0047047
v 0.0172041 0.0112906 -0.0078875
v 0.0172041 0.0136520 -0.0040158
v 0.0172041 0.0100188 -0.0068012
v 0.0172041 0.0128042 -0.0031414
v 0.0172041 0.0089589 -0.0054996
v 0.0172041 0.0081641 -0.0040423
v 0.0172041 0.0121947 -0.0020816
v 0.0172041 0.0075811 -0.0024790
v 0.0172041 0.0118503 -0.0009158
v 0.0172041 0.0073162 -0.0008363
v 0.0172041 0.0117708 0.0003030
v 0.0172041 0.0073162 0.0008330
v 0.0172041 0.0075811 0.0024790
v 0.0076060 0.0522731 -0.0100072
v 0.0076060 0.0527766 -0.0099277
v 0.0108153 0.0522731 -0.0100072
v 0.0108153 0.0527766 -0.0099277
v 0.0076060 0.0532535 -0.0097422
v 0.0108153 0.0532535 -0.0097422
v 0.0076060 0.0536774 -0.0094243
v 0.0108153 0.0536774 -0.0094243
v 0.0076060 0.0539954 -0.0090003
v 0.0108153 0.0539954 -0.0090003
v 0.0076060 0.0541808 -0.0085234
v 0.0108153 0.0541808 -0.0085234
v 0.0076060 0.0542603 -0.0080200
v 0.0108153 0.0542603 -0.0080200
v 0.0076060 0.0542603 -0.0080200
v 0.0076060 0.0542603 -0.0066952
v 0.0108153 0.0542603 -0.0080200
v 0.0108153 0.0542603 -0.0066952
v 0.0108153 0.0542603 0.0034594
v 0.0108153 0.0542603 -0.0035389
v 0.0076060 0.0542603 0.0034594
v 0.0076060 0.0542603 -0.0035389
v 0.0108153 0.0542603 -0.0035389
v 0.0108153 0.0542603 -0.0035919
v 0.0076060 0.0542603 -0.0035389
v 0.0076060 0.0542603 -0.0035919
v 0.0108153 0.0542338 -0.0036448
v 0.0076060 0.0542338 -0.0036448
v 0.0076060 0.0542603 -0.0066952
v 0.0076060 0.0542603 -0.0066422
v 0.0108153 0.0542603 -0.0066952
v 0.0108153 0.0542603 -0.0066422
v 0.0076060 0.0542338 -0.0065892
v 0.0108153 0.0542338 -0.0065892
v 0.0076060 0.0542073 -0.0065362
v 0.0108153 0.0542073 -0.0065362
v 0.0076060 0.0541543 -0.0064832
v 0.0108153 0.0541543 -0.0064832
v 0.0076060 0.0541014 -0.0064567
v 0.0108153 0.0541014 -0.0064567
v 0.0076060 0.0540484 -0.0064567
v 0.0108153 0.0540484 -0.0064567
v 0.0076060 0.0539954 -0.0064567
v 0.0108153 0.0539954 -0.0064567
v 0.0076060 0.0539159 -0.0064567
v 0.0108153 0.0539159 -0.0064567
v 0.0076060 0.0538629 -0.0064832
v 0.0108153 0.0538629 -0.0064832
v 0.0076060 0.0538364 -0.0065362
v 0.0108153 0.0538364 -0.0065362
v 0.0076060 0.0537834 -0.0065892
v 0.0108153 0.0537834 -0.0065892
v 0.0108153 0.0533595 -0.0071721
v 0.0076060 0.0533595 -0.0071721
v 0.0108153 0.0527766 -0.0076490
v 0.0076060 0.0527766 -0.0076490
v 0.0108153 0.0520877 -0.0079670
v 0.0076060 0.0520877 -0.0079670
v 0.0108153 0.0513458 -0.0081260
v 0.0076060 0.0513458 -0.0081260
v 0.0108153 0.0506039 -0.0080730
v 0.0076060 0.0506039 -0.0080730
v 0.0108153 0.0498852 -0.0078345
v 0.0076060 0.0498852 -0.0078345
v 0.0108153 0.0492493 -0.0074371
v 0.0076060 0.0492493 -0.0074371
v 0.0108153 0.0487459 -0.0068807
v 0.0076060 0.0487459 -0.0068807
v 0.0108153 0.0483749 -0.0062183
v 0.0076060 0.0483749 -0.0062183
v 0.0108153 0.0481895 -0.0054996
v 0.0076060 0.0481895 -0.0054996
v 0.0108153 0.0481895 -0.0047312
v 0.0076060 0.0481895 -0.0047312
v 0.0108153 0.0483749 -0.0040158
v 0.0076060 0.0483749 -0.0040158
v 0.0108153 0.0487459 -0.0033534
v 0.0076060 0.0487459 -0.0033534
v 0.0108153 0.0492493 -0.0027970
v 0.0076060 0.0492493 -0.0027970
v 0.0108153 0.0498852 -0.0023995
v 0.0076060 0.0498852 -0.0023995
v 0.0108153 0.0506039 -0.0021611
v 0.0076060 0.0506039 -0.0021611
v 0.0108153 0.0513458 -0.0021346
v 0.0076060 0.0513458 -0.0021346
v 0.0108153 0.0520877 -0.0022671
v 0.0076060 0.0520877 -0.0022671
v 0.0108153 0.0527766 -0.0025850
v 0.0076060 0.0527766 -0.0025850
v 0.0108153 0.0533595 -0.0030619
v 0.0076060 0.0533595 -0.0030619
v 0.0108153 0.0537834 -0.0036713
v 0.0076060 0.0537834 -0.0036713
v 0.0076060 0.0538364 -0.0037243
v 0.0108153 0.0538364 -0.0037243
v 0.0076060 0.0538629 -0.0037508
v 0.0108153 0.0538629 -0.0037508
v 0.0076060 0.0539159 -0.0037773
v 0.0108153 0.0539159 -0.0037773
v 0.0076060 0.0539954 -0.0038038
v 0.0108153 0.0539954 -0.0038038
v 0.0076060 0.0540484 -0.0037773
v 0.0108153 0.0540484 -0.0037773
v 0.0076060 0.0541014 -0.0037773
v 0.0108153 0.0541014 -0.0037773
v 0.0076060 0.0541543 -0.0037508
v 0.0108153 0.0541543 -0.0037508
v 0.0076060 0.0542073 -0.0036978
v 0.0108153 0.0542073 -0.0036978
v 0.0149487 0.0080316 0.0100072
v 0.0149487 0.0460168 0.0100072
v 0.0108153 0.0080316 0.0100072
v 0.0108153 0.0460168 0.0100072
v 0.0108153 0.0020402 0.0100072
v 0.0076060 0.0020402 0.0100072
v 0.0076060 0.0522201 0.0100072
v 0.0108153 0.0522201 0.0100072
v 0.0108153 0.0527501 0.0099277
v 0.0076060 0.0527501 0.0099277
v 0.0108153 0.0532535 0.0097157
v 0.0076060 0.0532535 0.0097157
v 0.0108153 0.0536774 0.0093978
v 0.0076060 0.0536774 0.0093978
v 0.0108153 0.0539954 0.0089705
v 0.0076060 0.0539954 0.0089705
v 0.0108153 0.0541808 0.0084936
v 0.0076060 0.0541808 0.0084936
v 0.0108153 0.0542603 0.0079637
v 0.0076060 0.0542603 0.0079637
v 0.0108153 0.0542603 0.0079637
v 0.0108153 0.0542603 0.0066124
v 0.0076060 0.0542603 0.0079637
v 0.0076060 0.0542603 0.0066124
v 0.0108153 0.0538364 0.0036448
v 0.0108153 0.0537834 0.0035919
v 0.0108153 0.0538629 0.0036713
v 0.0108153 0.0539159 0.0036978
v 0.0108153 0.0539954 0.0037243
v 0.0108153 0.0540484 0.0037243
v 0.0108153 0.0541014 0.0036978
v 0.0108153 0.0541543 0.0036713
v 0.0108153 0.0542073 0.0036183
v 0.0108153 0.0542338 0.0035919
v 0.0108153 0.0542603 0.0035124
v 0.0108153 0.0542603 0.0034594
v 0.0108153 0.0541543 -0.0037508
v 0.0108153 0.0542073 -0.0036978
v 0.0108153 0.0541014 -0.0037773
v 0.0108153 0.0542338 -0.0036448
v 0.0108153 0.0542603 -0.0035919
v 0.0108153 0.0542603 -0.0035389
v 0.0108153 0.0540484 -0.0037773
v 0.0108153 0.0539954 -0.0038038
v 0.0108153 0.0539159 -0.0037773
v 0.0108153 0.0538629 -0.0037508
v 0.0108153 0.0538364 -0.0037243
v 0.0108153 0.0537834 -0.0036713
v 0.0108153 0.0533595 -0.0030619
v 0.0108153 0.0527766 -0.0025850
v 0.0108153 0.0520877 -0.0022671
v 0.0108153 0.0533595 0.0029824
v 0.0108153 0.0527766 0.0025055
v 0.0108153 0.0520877 0.0021876
v 0.0108153 0.0513458 -0.0021346
v 0.0108153 0.0513458 0.0020551
v 0.0108153 0.0506039 -0.0021611
v 0.0108153 0.0506039 0.0020816
v 0.0108153 0.0498852 0.0023200
v 0.0108153 0.0498852 -0.0023995
v 0.0108153 0.0492493 0.0027440
v 0.0108153 0.0492493 -0.0027970
v 0.0108153 0.0487459 0.0032739
v 0.0108153 0.0487459 -0.0033534
v 0.0108153 0.0483749 -0.0040158
v 0.0108153 0.0481895 -0.0047312
v 0.0108153 0.0541014 -0.0064567
v 0.0108153 0.0540484 -0.0064567
v 0.0108153 0.0541543 -0.0064832
v 0.0108153 0.0542073 -0.0065362
v 0.0108153 0.0542338 -0.0065892
v 0.0108153 0.0542603 -0.0066422
v 0.0108153 0.0539954 -0.0064567
v 0.0108153 0.0539159 -0.0064567
v 0.0108153 0.0538629 -0.0064832
v 0.0108153 0.0538364 -0.0065362
v 0.0108153 0.0537834 -0.0065892
v 0.0108153 0.0542603 -0.0066952
v 0.0108153 0.0542603 -0.0080200
v 0.0108153 0.0533595 -0.0071721
v 0.0108153 0.0541808 -0.0085234
v 0.0108153 0.0527766 -0.0076490
v 0.0108153 0.0539954 -0.0090003
v 0.0108153 0.0536774 -0.0094243
v 0.0108153 0.0532535 -0.0097422
v 0.0108153 0.0520877 -0.0079670
v 0.0108153 0.0527766 -0.0099277
v 0.0108153 0.0522731 -0.0100072
v 0.0108153 0.0513458 -0.0081260
v 0.0108153 0.0506039 -0.0080730
v 0.0108153 0.0498852 -0.0078345
v 0.0108153 0.0460168 -0.0100072
v 0.0108153 0.0462552 -0.0099807
v 0.0108153 0.0464672 -0.0099012
v 0.0108153 0.0466527 -0.0097952
v 0.0108153 0.0492493 -0.0074371
v 0.0108153 0.0468117 -0.0096362
v 0.0108153 0.0469176 -0.0094508
v 0.0108153 0.0469971 -0.0092388
v 0.0108153 0.0470236 -0.0090003
v 0.0108153 0.0487459 -0.0068807
v 0.0108153 0.0483749 -0.0062183
v 0.0108153 0.0481895 -0.0054996
v 0.0108153 0.0483749 0.0039363
v 0.0108153 0.0481895 0.0046517
v 0.0108153 0.0470236 0.0089970
v 0.0108153 0.0481895 0.0054201
v 0.0108153 0.0469971 0.0092090
v 0.0108153 0.0483749 0.0061355
v 0.0108153 0.0469176 0.0094243
v 0.0108153 0.0487459 0.0067979
v 0.0108153 0.0468117 0.0096097
v 0.0108153 0.0492493 0.0073543
v 0.0108153 0.0466527 0.0097687
v 0.0108153 0.0498852 0.0077517
v 0.0108153 0.0506039 0.0079902
v 0.0108153 0.0460168 0.0100072
v 0.0108153 0.0462552 0.0099807
v 0.0108153 0.0522201 0.0100072
v 0.0108153 0.0464672 0.0099012
v 0.0108153 0.0513458 0.0080432
v 0.0108153 0.0527501 0.0099277
v 0.0108153 0.0520877 0.0078842
v 0.0108153 0.0532535 0.0097157
v 0.0108153 0.0527766 0.0075662
v 0.0108153 0.0536774 0.0093978
v 0.0108153 0.0539954 0.0089705
v 0.0108153 0.0541808 0.0084936
v 0.0108153 0.0542603 0.0079637
v 0.0108153 0.0533595 0.0070893
v 0.0108153 0.0542603 0.0066124
v 0.0108153 0.0537834 0.0065064
v 0.0108153 0.0542603 0.0065594
v 0.0108153 0.0538364 0.0064534
v 0.0108153 0.0538629 0.0064004
v 0.0108153 0.0539159 0.0063739
v 0.0108153 0.0539954 0.0063739
v 0.0108153 0.0540484 0.0063739
v 0.0108153 0.0542338 0.0065064
v 0.0108153 0.0542073 0.0064534
v 0.0108153 0.0541543 0.0064004
v 0.0108153 0.0541014 0.0063739
v 0.0076060 0.0003180 0.0067184
v 0.0076060 0.0002650 0.0067184
v 0.0076060 0.0003974 0.0067184
v 0.0076060 0.0002120 0.0067184
v 0.0076060 0.0001590 0.0067449
v 0.0076060 0.0004504 0.0067714
v 0.0076060 0.0004769 0.0067979
v 0.0076060 0.0001060 0.0067979
v 0.0076060 0.0000530 0.0068244
v 0.0076060 0.0000530 0.0069038
v 0.0076060 0.0000265 0.0069568
v 0.0076060 0.0000265 0.0080432
v 0.0076060 0.0010068 0.0073543
v 0.0076060 0.0001060 0.0085466
v 0.0076060 0.0003180 0.0090235
v 0.0076060 0.0016163 0.0077517
v 0.0076060 0.0006359 0.0094243
v 0.0076060 0.0023316 0.0079902
v 0.0076060 0.0010333 0.0097422
v 0.0076060 0.0015103 0.0099277
v 0.0076060 0.0020402 0.0100072
v 0.0076060 0.0030735 0.0080432
v 0.0076060 0.0038154 0.0078842
v 0.0076060 0.0045076 0.0075927
v 0.0076060 0.0004769 0.0032739
v 0.0076060 0.0005299 0.0032209
v 0.0076060 0.0004239 0.0033004
v 0.0076060 0.0003709 0.0033004
v 0.0076060 0.0003180 0.0033269
v 0.0076060 0.0002385 0.0033004
v 0.0076060 0.0001855 0.0032739
v 0.0076060 0.0001325 0.0032474
v 0.0076060 0.0001060 0.0031944
v 0.0076060 0.0000795 0.0031149
v 0.0076060 0.0000795 0.0030619
v 0.0076060 0.0001325 -0.0033004
v 0.0076060 0.0001060 -0.0032474
v 0.0076060 0.0001855 -0.0033534
v 0.0076060 0.0002385 -0.0033799
v 0.0076060 0.0003180 -0.0033799
v 0.0076060 0.0003709 -0.0033799
v 0.0076060 0.0004239 -0.0033534
v 0.0076060 0.0004769 -0.0033269
v 0.0076060 0.0005299 -0.0033004
v 0.0076060 0.0000795 -0.0031944
v 0.0076060 0.0000795 -0.0031414
v 0.0076060 0.0010598 -0.0027440
v 0.0076060 0.0016957 -0.0023730
v 0.0076060 0.0010598 0.0026910
v 0.0076060 0.0016957 0.0022936
v 0.0076060 0.0024111 0.0020816
v 0.0076060 0.0024111 -0.0021611
v 0.0076060 0.0031530 0.0020551
v 0.0076060 0.0038982 0.0022141
v 0.0076060 0.0045606 0.0025320
v 0.0076060 0.0002385 -0.0067482
v 0.0076060 0.0002915 -0.0067482
v 0.0076060 0.0001855 -0.0067747
v 0.0076060 0.0003709 -0.0067747
v 0.0076060 0.0004239 -0.0068012
v 0.0076060 0.0004504 -0.0068542
v 0.0076060 0.0001060 -0.0068012
v 0.0076060 0.0000795 -0.0068277
v 0.0076060 0.0000265 -0.0068807
v 0.0076060 0.0000000 -0.0069337
v 0.0076060 0.0000000 -0.0070131
v 0.0076060 0.0000000 -0.0080200
v 0.0076060 0.0009539 -0.0074106
v 0.0076060 0.0000795 -0.0085234
v 0.0076060 0.0002650 -0.0090003
v 0.0076060 0.0015898 -0.0078080
v 0.0076060 0.0005829 -0.0094243
v 0.0076060 0.0010068 -0.0097422
v 0.0076060 0.0023051 -0.0080730
v 0.0076060 0.0014838 -0.0099277
v 0.0076060 0.0019872 -0.0100072
v 0.0076060 0.0030470 -0.0081260
v 0.0076060 0.0037889 -0.0079935
v 0.0076060 0.0044811 -0.0076755
v 0.0076060 0.0542338 -0.0065892
v 0.0076060 0.0542603 -0.0066422
v 0.0076060 0.0542073 -0.0065362
v 0.0076060 0.0541543 -0.0064832
v 0.0076060 0.0541014 -0.0064567
v 0.0076060 0.0540484 -0.0064567
v 0.0076060 0.0539954 -0.0064567
v 0.0076060 0.0539159 -0.0064567
v 0.0076060 0.0538629 -0.0064832
v 0.0076060 0.0538364 -0.0065362
v 0.0076060 0.0537834 -0.0065892
v 0.0076060 0.0542603 -0.0066952
v 0.0076060 0.0533595 -0.0071721
v 0.0076060 0.0542603 -0.0080200
v 0.0076060 0.0527766 -0.0076490
v 0.0076060 0.0541808 -0.0085234
v 0.0076060 0.0539954 -0.0090003
v 0.0076060 0.0536774 -0.0094243
v 0.0076060 0.0532535 -0.0097422
v 0.0076060 0.0520877 -0.0079670
v 0.0076060 0.0527766 -0.0099277
v 0.0076060 0.0513458 -0.0081260
v 0.0076060 0.0522731 -0.0100072
v 0.0076060 0.0506039 -0.0080730
v 0.0076060 0.0498852 -0.0078345
v 0.0076060 0.0492493 -0.0074371
v 0.0076060 0.0487459 -0.0068807
v 0.0076060 0.0483749 -0.0062183
v 0.0076060 0.0481895 -0.0054996
v 0.0076060 0.0481895 -0.0047312
v 0.0076060 0.0483749 -0.0040158
v 0.0076060 0.0487459 -0.0033534
v 0.0076060 0.0538364 -0.0037243
v 0.0076060 0.0537834 -0.0036713
v 0.0076060 0.0538629 -0.0037508
v 0.0076060 0.0539159 -0.0037773
v 0.0076060 0.0539954 -0.0038038
v 0.0076060 0.0542338 -0.0036448
v 0.0076060 0.0542073 -0.0036978
v 0.0076060 0.0542603 -0.0035919
v 0.0076060 0.0541543 -0.0037508
v 0.0076060 0.0541014 -0.0037773
v 0.0076060 0.0540484 -0.0037773
v 0.0076060 0.0542603 -0.0035389
v 0.0076060 0.0541014 0.0036978
v 0.0076060 0.0541543 0.0036713
v 0.0076060 0.0540484 0.0037243
v 0.0076060 0.0542073 0.0036183
v 0.0076060 0.0542338 0.0035919
v 0.0076060 0.0542603 0.0035124
v 0.0076060 0.0539954 0.0037243
v 0.0076060 0.0539159 0.0036978
v 0.0076060 0.0538629 0.0036713
v 0.0076060 0.0538364 0.0036448
v 0.0076060 0.0537834 0.0035919
v 0.0076060 0.0542603 0.0034594
v 0.0076060 0.0533595 0.0029824
v 0.0076060 0.0527766 0.0025055
v 0.0076060 0.0520877 0.0021876
v 0.0076060 0.0533595 -0.0030619
v 0.0076060 0.0527766 -0.0025850
v 0.0076060 0.0520877 -0.0022671
v 0.0076060 0.0513458 0.0020551
v 0.0076060 0.0513458 -0.0021346
v 0.0076060 0.0506039 0.0020816
v 0.0076060 0.0506039 -0.0021611
v 0.0076060 0.0498852 -0.0023995
v 0.0076060 0.0498852 0.0023200
v 0.0076060 0.0492493 -0.0027970
v 0.0076060 0.0492493 0.0027440
v 0.0076060 0.0487459 0.0032739
v 0.0076060 0.0483749 0.0039363
v 0.0076060 0.0050640 -0.0072251
v 0.0076060 0.0055145 -0.0066157
v 0.0076060 0.0058059 -0.0059235
v 0.0076060 0.0059119 -0.0051816
v 0.0076060 0.0481895 0.0046517
v 0.0076060 0.0058324 -0.0044397
v 0.0076060 0.0055675 -0.0037243
v 0.0076060 0.0051435 -0.0031149
v 0.0076060 0.0045606 -0.0026115
v 0.0076060 0.0038982 -0.0022936
v 0.0076060 0.0031530 -0.0021346
v 0.0076060 0.0051170 0.0030089
v 0.0076060 0.0055675 0.0036183
v 0.0076060 0.0058324 0.0043337
v 0.0076060 0.0481895 0.0054201
v 0.0076060 0.0059119 0.0050756
v 0.0076060 0.0058059 0.0058175
v 0.0076060 0.0055145 0.0065064
v 0.0076060 0.0050905 0.0071158
v 0.0076060 0.0483749 0.0061355
v 0.0076060 0.0487459 0.0067979
v 0.0076060 0.0492493 0.0073543
v 0.0076060 0.0498852 0.0077517
v 0.0076060 0.0506039 0.0079902
v 0.0076060 0.0522201 0.0100072
v 0.0076060 0.0513458 0.0080432
v 0.0076060 0.0520877 0.0078842
v 0.0076060 0.0527501 0.0099277
v 0.0076060 0.0532535 0.0097157
v 0.0076060 0.0527766 0.0075662
v 0.0076060 0.0536774 0.0093978
v 0.0076060 0.0539954 0.0089705
v 0.0076060 0.0541808 0.0084936
v 0.0076060 0.0533595 0.0070893
v 0.0076060 0.0542603 0.0079637
v 0.0076060 0.0537834 0.0065064
v 0.0076060 0.0542603 0.0066124
v 0.0076060 0.0542603 0.0065594
v 0.0076060 0.0538364 0.0064534
v 0.0076060 0.0538629 0.0064004
v 0.0076060 0.0539159 0.0063739
v 0.0076060 0.0539954 0.0063739
v 0.0076060 0.0540484 0.0063739
v 0.0076060 0.0542338 0.0065064
v 0.0076060 0.0541014 0.0063739
v 0.0076060 0.0541543 0.0064004
v 0.0076060 0.0542073 0.0064534
v 0.0076060 0.0542603 0.0034594
v 0.0076060 0.0542603 0.0035124
v 0.0108153 0.0542603 0.0034594
v 0.0108153 0.0542603 0.0035124
v 0.0076060 0.0542338 0.0035919
v 0.0108153 0.0542338 0.0035919
v 0.0076060 0.0542073 0.0036183
v 0.0108153 0.0542073 0.0036183
v 0.0076060 0.0541543 0.0036713
v 0.0108153 0.0541543 0.0036713
v 0.0076060 0.0541014 0.0036978
v 0.0108153 0.0541014 0.0036978
v 0.0076060 0.0540484 0.0037243
v 0.0108153 0.0540484 0.0037243
v 0.0076060 0.0539954 0.0037243
v 0.0108153 0.0539954 0.0037243
v 0.0076060 0.0539159 0.0036978
v 0.0108153 0.0539159 0.0036978
v 0.0076060 0.0538629 0.0036713
v 0.0108153 0.0538629 0.0036713
v 0.0076060 0.0538364 0.0036448
v 0.0108153 0.0538364 0.0036448
v 0.0076060 0.0537834 0.0035919
v 0.0108153 0.0537834 0.0035919
v 0.0108153 0.0533595 0.0029824
v 0.0076060 0.0533595 0.0029824
v 0.0108153 0.0527766 0.0025055
v 0.0076060 0.0527766 0.0025055
v 0.0108153 0.0520877 0.0021876
v 0.0076060 0.0520877 0.0021876
v 0.0108153 0.0513458 0.0020551
v 0.0076060 0.0513458 0.0020551
v 0.0108153 0.0506039 0.0020816
v 0.0076060 0.0506039 0.0020816
v 0.0108153 0.0498852 0.0023200
v 0.0076060 0.0498852 0.0023200
v 0.0108153 0.0492493 0.0027440
v 0.0076060 0.0492493 0.0027440
v 0.0108153 0.0487459 0.0032739
v 0.0076060 0.0487459 0.0032739
v 0.0108153 0.0483749 0.0039363
v 0.0076060 0.0483749 0.0039363
v 0.0108153 0.0481895 0.0046517
v 0.0076060 0.0481895 0.0046517
v 0.0108153 0.0481895 0.0054201
v 0.0076060 0.0481895 0.0054201
v 0.0108153 0.0483749 0.0061355
v 0.0076060 0.0483749 0.0061355
v 0.0108153 0.0487459 0.0067979
v 0.0076060 0.0487459 0.0067979
v 0.0108153 0.0492493 0.0073543
v 0.0076060 0.0492493 0.0073543
v 0.0108153 0.0498852 0.0077517
v 0.0076060 0.0498852 0.0077517
v 0.0108153 0.0506039 0.0079902
v 0.0076060 0.0506039 0.0079902
v 0.0108153 0.0513458 0.0080432
v 0.0076060 0.0513458 0.0080432
v 0.0108153 0.0520877 0.0078842
v 0.0076060 0.0520877 0.0078842
v 0.0108153 0.0527766 0.0075662
v 0.0076060 0.0527766 0.0075662
v 0.0108153 0.0533595 0.0070893
v 0.0076060 0.0533595 0.0070893
v 0.0108153 0.0537834 0.0065064
v 0.0076060 0.0537834 0.0065064
v 0.0076060 0.0538364 0.0064534
v 0.0108153 0.0538364 0.0064534
v 0.0076060 0.0538629 0.0064004
v 0.0108153 0.0538629 0.0064004
v 0.0076060 0.0539159 0.0063739
v 0.0108153 0.0539159 0.0063739
v 0.0076060 0.0539954 0.0063739
v 0.0108153 0.0539954 0.0063739
v 0.0076060 0.0540484 0.0063739
v 0.0108153 0.0540484 0.0063739
v 0.0076060 0.0541014 0.0063739
v 0.0108153 0.0541014 0.0063739
v 0.0108153 0.0542603 0.0066124
v 0.0108153 0.0542603 0.0065594
v 0.0076060 0.0542603 0.0066124
v 0.0076060 0.0542603 0.0065594
v 0.0108153 0.0542338 0.0065064
v 0.0076060 0.0542338 0.0065064
v 0.0108153 0.0542073 0.0064534
v 0.0076060 0.0542073 0.0064534
v 0.0108153 0.0541543 0.0064004
v 0.0076060 0.0541543 0.0064004
v 0.0172041 0.0310135 0.0017371
v 0.0172041 0.0305630 0.0016841
v 0.0174691 0.0310135 0.0017371
v 0.0174691 0.0305630 0.0016841
v 0.0172041 0.0301391 0.0014954
v 0.0174691 0.0301391 0.0014954
v 0.0172041 0.0297947 0.0012304
v 0.0174691 0.0297947 0.0012304
v 0.0172041 0.0295032 0.0008595
v 0.0174691 0.0295032 0.0008595
v 0.0172041 0.0293442 0.0004355
v 0.0174691 0.0293442 0.0004355
v 0.0172041 0.0292647 -0.0000149
v 0.0174691 0.0292647 -0.0000149
v 0.0172041 0.0293442 -0.0004653
v 0.0174691 0.0293442 -0.0004653
v 0.0172041 0.0295032 -0.0008893
v 0.0174691 0.0295032 -0.0008893
v 0.0172041 0.0297947 -0.0012337
v 0.0174691 0.0297947 -0.0012337
v 0.0172041 0.0301391 -0.0015252
v 0.0174691 0.0301391 -0.0015252
v 0.0172041 0.0305630 -0.0017106
v 0.0174691 0.0305630 -0.0017106
v 0.0174691 0.0310135 -0.0017636
v 0.0172041 0.0310135 -0.0017636
v -0.0167537 0.0050110 0.0005150
v -0.0167537 0.0050110 0.0009919
v -0.0167537 0.0070247 0.0005150
v -0.0167537 0.0070247 0.0009919
v -0.0170452 0.0070247 0.0005150
v -0.0170452 0.0070247 0.0009919
v -0.0170452 0.0050110 0.0005150
v -0.0170452 0.0050110 0.0009919
v -0.0167537 0.0070247 -0.0005448
v -0.0167537 0.0070247 -0.0009953
v -0.0167537 0.0050110 -0.0005448
v -0.0167537 0.0050110 -0.0009953
v -0.0170452 0.0070247 -0.0009953
v -0.0170452 0.0070247 -0.0005448
v -0.0170452 0.0050110 -0.0009953
v -0.0170452 0.0050110 -0.0005448
v -0.0170452 0.0070247 0.0005150
v -0.0170452 0.0050110 0.0005150
v -0.0171776 0.0070247 0.0004620
v -0.0171776 0.0050110 0.0004620
v -0.0172836 0.0070247 0.0003825
v -0.0172836 0.0050110 0.0003825
v -0.0173631 0.0070247 0.0002766
v -0.0173631 0.0050110 0.0002766
v -0.0174161 0.0070247 0.0001441
v -0.0174161 0.0050110 0.0001441
v -0.0174426 0.0070247 -0.0000149
v -0.0174426 0.0050110 -0.0000149
v -0.0174161 0.0070247 -0.0001474
v -0.0174161 0.0050110 -0.0001474
v -0.0173631 0.0070247 -0.0002799
v -0.0173631 0.0050110 -0.0002799
v -0.0172836 0.0070247 -0.0003858
v -0.0172836 0.0050110 -0.0003858
v -0.0171776 0.0070247 -0.0004918
v -0.0171776 0.0050110 -0.0004918
v -0.0170452 0.0070247 -0.0005448
v -0.0170452 0.0050110 -0.0005448
v -0.0167537 0.0050110 0.0005150
v -0.0167537 0.0070247 0.0005150
v -0.0166212 0.0050110 0.0004620
v -0.0166212 0.0070247 0.0004620
v -0.0165152 0.0050110 0.0003825
v -0.0165152 0.0070247 0.0003825
v -0.0164093 0.0050110 0.0002766
v -0.0164093 0.0070247 0.0002766
v -0.0163563 0.0050110 0.0001441
v -0.0163563 0.0070247 0.0001441
v -0.0163563 0.0050110 -0.0000149
v -0.0163563 0.0070247 -0.0000149
v -0.0163563 0.0050110 -0.0001474
v -0.0163563 0.0070247 -0.0001474
v -0.0164093 0.0050110 -0.0002799
v -0.0164093 0.0070247 -0.0002799
v -0.0165152 0.0050110 -0.0003858
v -0.0165152 0.0070247 -0.0003858
v -0.0166212 0.0050110 -0.0004918
v -0.0166212 0.0070247 -0.0004918
v -0.0167537 0.0050110 -0.0005448
v -0.0167537 0.0070247 -0.0005448
v -0.0167537 0.0070247 0.0009919
v -0.0167537 0.0050110 0.0009919
v -0.0166212 0.0070247 0.0010449
v -0.0166212 0.0050110 0.0010449
v -0.0164887 0.0070247 0.0011244
v -0.0164887 0.0050110 0.0011244
v -0.0164093 0.0070247 0.0012569
v -0.0164093 0.0050110 0.0012569
v -0.0163563 0.0070247 0.0013894
v -0.0163563 0.0050110 0.0013894
v -0.0163563 0.0070247 0.0015219
v -0.0163563 0.0050110 0.0015219
v -0.0163563 0.0070247 0.0016577
v -0.0163563 0.0050110 0.0016577
v -0.0164093 0.0070247 0.0017901
v -0.0164093 0.0050110 0.0017901
v -0.0165152 0.0070247 0.0018961
v -0.0165152 0.0050110 0.0018961
v -0.0166212 0.0070247 0.0020021
v -0.0170452 0.0050110 0.0009919
v -0.0170452 0.0070247 0.0009919
v -0.0171776 0.0050110 0.0010449
v -0.0171776 0.0070247 0.0010449
v -0.0172836 0.0050110 0.0011244
v -0.0172836 0.0070247 0.0011244
v -0.0173631 0.0050110 0.0012569
v -0.0173631 0.0070247 0.0012569
v -0.0174161 0.0050110 0.0013894
v -0.0174161 0.0070247 0.0013894
v -0.0174426 0.0050110 0.0015219
v -0.0174426 0.0070247 0.0015219
v -0.0174161 0.0050110 0.0016577
v -0.0174161 0.0070247 0.0016577
v -0.0173631 0.0050110 0.0017901
v -0.0173631 0.0070247 0.0017901
v -0.0172836 0.0050110 0.0018961
v -0.0172836 0.0070247 0.0018961
v -0.0171776 0.0050110 0.0020021
v -0.0171776 0.0070247 0.0020021
v -0.0170452 0.0050110 0.0020551
v -0.0170452 0.0070247 0.0020551
v -0.0168862 0.0050110 0.0020551
v -0.0168862 0.0070247 0.0020551
v -0.0167537 0.0050110 0.0020551
v -0.0167537 0.0070247 0.0020551
v -0.0166212 0.0050110 0.0020021
v -0.0166212 0.0070247 0.0020021
v -0.0167537 0.0070247 0.0020551
v -0.0165152 0.0070247 0.0018961
v -0.0168862 0.0070247 0.0020551
v -0.0164093 0.0070247 0.0017901
v -0.0163563 0.0070247 0.0016577
v -0.0170452 0.0070247 0.0020551
v -0.0171776 0.0070247 0.0020021
v -0.0163563 0.0070247 0.0015219
v -0.0163563 0.0070247 0.0013894
v -0.0164093 0.0070247 0.0012569
v -0.0164887 0.0070247 0.0011244
v -0.0166212 0.0070247 0.0010449
v -0.0172836 0.0070247 0.0018961
v -0.0173631 0.0070247 0.0017901
v -0.0174161 0.0070247 0.0016577
v -0.0174426 0.0070247 0.0015219
v -0.0167537 0.0070247 0.0009919
v -0.0174161 0.0070247 0.0013894
v -0.0173631 0.0070247 0.0012569
v -0.0172836 0.0070247 0.0011244
v -0.0171776 0.0070247 0.0010449
v -0.0170452 0.0070247 0.0009919
v -0.0167537 0.0070247 0.0005150
v -0.0170452 0.0070247 0.0005150
v -0.0166212 0.0070247 0.0004620
v -0.0165152 0.0070247 0.0003825
v -0.0164093 0.0070247 0.0002766
v -0.0163563 0.0070247 0.0001441
v -0.0163563 0.0070247 -0.0000149
v -0.0171776 0.0070247 0.0004620
v -0.0163563 0.0070247 -0.0001474
v -0.0172836 0.0070247 0.0003825
v -0.0173631 0.0070247 0.0002766
v -0.0174161 0.0070247 0.0001441
v -0.0164093 0.0070247 -0.0002799
v -0.0165152 0.0070247 -0.0003858
v -0.0166212 0.0070247 -0.0004918
v -0.0174426 0.0070247 -0.0000149
v -0.0167537 0.0070247 -0.0005448
v -0.0174161 0.0070247 -0.0001474
v -0.0173631 0.0070247 -0.0002799
v -0.0172836 0.0070247 -0.0003858
v -0.0171776 0.0070247 -0.0004918
v -0.0170452 0.0070247 -0.0005448
v -0.0167537 0.0070247 -0.0009953
v -0.0170452 0.0070247 -0.0009953
v -0.0166212 0.0070247 -0.0010482
v -0.0164887 0.0070247 -0.0011542
v -0.0164093 0.0070247 -0.0012602
v -0.0163563 0.0070247 -0.0013927
v -0.0171776 0.0070247 -0.0010482
v -0.0172836 0.0070247 -0.0011542
v -0.0173631 0.0070247 -0.0012602
v -0.0174161 0.0070247 -0.0013927
v -0.0174426 0.0070247 -0.0015252
v -0.0174161 0.0070247 -0.0016841
v -0.0163563 0.0070247 -0.0015252
v -0.0163563 0.0070247 -0.0016841
v -0.0173631 0.0070247 -0.0018166
v -0.0172836 0.0070247 -0.0019226
v -0.0171776 0.0070247 -0.0020021
v -0.0170452 0.0070247 -0.0020551
v -0.0164093 0.0070247 -0.0018166
v -0.0165152 0.0070247 -0.0019226
v -0.0166212 0.0070247 -0.0020021
v -0.0167537 0.0070247 -0.0020551
v -0.0168862 0.0070247 -0.0020816
v -0.0177870 0.0070247 -0.0060030
v -0.0177870 0.0070247 -0.0024790
v -0.0187939 0.0080316 -0.0060030
v -0.0178135 0.0070512 -0.0024525
v -0.0178400 0.0070777 -0.0024260
v -0.0178400 0.0070777 -0.0023995
v -0.0178665 0.0070777 -0.0023465
v -0.0178665 0.0070777 -0.0023200
v -0.0187939 0.0080316 0.0060030
v -0.0178665 0.0070777 0.0023200
v -0.0178665 0.0070777 0.0023465
v -0.0178400 0.0070777 0.0023730
v -0.0178400 0.0070777 0.0023995
v -0.0178135 0.0070512 0.0024260
v -0.0177870 0.0070247 0.0060030
v -0.0177870 0.0070247 0.0024790
v -0.0176016 0.0070247 -0.0060030
v -0.0177870 0.0070247 -0.0060030
v -0.0176016 0.0092769 -0.0060030
v -0.0187939 0.0092769 -0.0060030
v -0.0187939 0.0080316 -0.0060030
v -0.0187939 0.0092769 0.0060030
v -0.0187939 0.0080316 0.0060030
v -0.0176016 0.0092769 0.0060030
v -0.0176016 0.0070247 0.0060030
v -0.0177870 0.0070247 0.0060030
v 0.0076060 0.0070247 0.0089970
v 0.0076060 0.0070512 0.0092090
v -0.0176016 0.0070247 0.0089970
v -0.0176016 0.0070512 0.0092090
v 0.0076060 0.0071307 0.0094243
v -0.0176016 0.0071307 0.0094243
v 0.0076060 0.0072367 0.0096097
v -0.0176016 0.0072367 0.0096097
v 0.0076060 0.0073957 0.0097687
v -0.0176016 0.0073957 0.0097687
v 0.0076060 0.0075811 0.0099012
v -0.0176016 0.0075811 0.0099012
v 0.0076060 0.0077931 0.0099807
v -0.0176016 0.0077931 0.0099807
v -0.0176016 0.0080316 0.0100072
v 0.0076060 0.0080316 0.0100072
v -0.0176016 0.0110256 0.0100072
v -0.0176016 0.0110256 0.0077517
v -0.0176016 0.0080316 0.0100072
v -0.0176016 0.0109726 0.0073543
v -0.0176016 0.0108401 0.0069833
v -0.0176016 0.0106282 0.0066389
v -0.0176016 0.0103632 0.0063739
v -0.0176016 0.0100188 0.0061620
v -0.0176016 0.0096743 0.0060295
v -0.0176016 0.0092769 0.0060030
v -0.0176016 0.0070247 0.0060030
v -0.0176016 0.0070247 0.0089970
v -0.0176016 0.0070512 0.0092090
v -0.0176016 0.0077931 0.0099807
v -0.0176016 0.0075811 0.0099012
v -0.0176016 0.0071307 0.0094243
v -0.0176016 0.0073957 0.0097687
v -0.0176016 0.0072367 0.0096097
v -0.0187939 0.0092769 0.0060030
v -0.0176016 0.0092769 0.0060030
v -0.0187939 0.0096743 0.0060295
v -0.0176016 0.0096743 0.0060295
v -0.0187939 0.0100188 0.0061620
v -0.0176016 0.0100188 0.0061620
v -0.0187939 0.0103632 0.0063739
v -0.0176016 0.0103632 0.0063739
v -0.0187939 0.0106282 0.0066389
v -0.0176016 0.0106282 0.0066389
v -0.0187939 0.0108401 0.0069833
v -0.0176016 0.0108401 0.0069833
v -0.0187939 0.0109726 0.0073543
v -0.0176016 0.0109726 0.0073543
v -0.0187939 0.0110256 0.0077517
v -0.0176016 0.0110256 0.0077517
v 0.0076060 0.0460168 0.0100072
v -0.0176016 0.0460168 0.0100072
v 0.0076060 0.0080316 0.0100072
v -0.0176016 0.0430227 0.0100072
v -0.0176016 0.0080316 0.0100072
v -0.0176016 0.0110256 0.0100072
v -0.0177870 0.0110256 0.0100072
v -0.0177870 0.0430227 0.0100072
v 0.0076060 0.0080316 -0.0100072
v -0.0176016 0.0080316 -0.0100072
v 0.0076060 0.0460168 -0.0100072
v -0.0176016 0.0110256 -0.0100072
v -0.0176016 0.0460168 -0.0100072
v -0.0176016 0.0430227 -0.0100072
v -0.0177870 0.0430227 -0.0100072
v -0.0177870 0.0110256 -0.0100072
v -0.0177870 0.0110256 -0.0100072
v -0.0176016 0.0110256 -0.0100072
v -0.0187939 0.0110256 -0.0090003
v -0.0176016 0.0110256 -0.0077550
v -0.0187939 0.0110256 -0.0077550
v -0.0187939 0.0110256 -0.0077550
v -0.0176016 0.0110256 -0.0077550
v -0.0187939 0.0109726 -0.0073576
v -0.0176016 0.0109726 -0.0073576
v -0.0187939 0.0108401 -0.0069866
v -0.0176016 0.0108401 -0.0069866
v -0.0187939 0.0106282 -0.0066687
v -0.0176016 0.0106282 -0.0066687
v -0.0187939 0.0103632 -0.0064037
v -0.0176016 0.0103632 -0.0064037
v -0.0187939 0.0100188 -0.0061918
v -0.0176016 0.0100188 -0.0061918
v -0.0187939 0.0096743 -0.0060560
v -0.0176016 0.0092769 -0.0060030
v -0.0187939 0.0092769 -0.0060030
v -0.0176016 0.0096743 -0.0060560
v -0.0176016 0.0110256 0.0100072
v -0.0177870 0.0110256 0.0100072
v -0.0176016 0.0110256 0.0077517
v -0.0187939 0.0110256 0.0077517
v -0.0187939 0.0110256 0.0089970
v -0.0187939 0.0110256 0.0089970
v -0.0177870 0.0110256 0.0100072
v -0.0187939 0.0430227 0.0089970
v -0.0177870 0.0430227 0.0100072
v -0.0176016 0.0430227 0.0100072
v -0.0176016 0.0430227 0.0077517
v -0.0177870 0.0430227 0.0100072
v -0.0187939 0.0430227 0.0089970
v -0.0187939 0.0430227 0.0077517
v -0.0187939 0.0430227 0.0077517
v -0.0176016 0.0430227 0.0077517
v -0.0187939 0.0430757 0.0073543
v -0.0176016 0.0430757 0.0073543
v -0.0187939 0.0432082 0.0069833
v -0.0176016 0.0432082 0.0069833
v -0.0187939 0.0433937 0.0066389
v -0.0176016 0.0433937 0.0066389
v -0.0187939 0.0436851 0.0063739
v -0.0176016 0.0436851 0.0063739
v -0.0187939 0.0440031 0.0061620
v -0.0176016 0.0440031 0.0061620
v -0.0187939 0.0443740 0.0060295
v -0.0176016 0.0443740 0.0060295
v -0.0187939 0.0447715 0.0060030
v -0.0176016 0.0447715 0.0060030
v -0.0176016 0.0430227 0.0100072
v -0.0176016 0.0460168 0.0100072
v -0.0176016 0.0430227 0.0077517
v -0.0176016 0.0430757 0.0073543
v -0.0176016 0.0432082 0.0069833
v -0.0176016 0.0433937 0.0066389
v -0.0176016 0.0436851 0.0063739
v -0.0176016 0.0440031 0.0061620
v -0.0176016 0.0443740 0.0060295
v -0.0176016 0.0447715 0.0060030
v -0.0176016 0.0470236 0.0060030
v -0.0176016 0.0470236 0.0089970
v -0.0176016 0.0469971 0.0092090
v -0.0176016 0.0469176 0.0094243
v -0.0176016 0.0468117 0.0096097
v -0.0176016 0.0462552 0.0099807
v -0.0176016 0.0466527 0.0097687
v -0.0176016 0.0464672 0.0099012
v 0.0076060 0.0460168 0.0100072
v 0.0076060 0.0462552 0.0099807
v -0.0176016 0.0460168 0.0100072
v -0.0176016 0.0462552 0.0099807
v 0.0076060 0.0464672 0.0099012
v -0.0176016 0.0464672 0.0099012
v -0.0176016 0.0470236 0.0089970
v -0.0176016 0.0469971 0.0092090
v 0.0076060 0.0470236 0.0089970
v 0.0076060 0.0469971 0.0092090
v -0.0176016 0.0469176 0.0094243
v 0.0076060 0.0469176 0.0094243
v -0.0176016 0.0468117 0.0096097
v 0.0076060 0.0468117 0.0096097
v -0.0176016 0.0466527 0.0097687
v 0.0076060 0.0466527 0.0097687
v -0.0176016 0.0430227 -0.0100072
v -0.0177870 0.0430227 -0.0100072
v -0.0176016 0.0430227 -0.0077550
v -0.0187939 0.0430227 -0.0077550
v -0.0187939 0.0430227 -0.0090003
v -0.0187939 0.0430227 -0.0090003
v -0.0177870 0.0430227 -0.0100072
v -0.0187939 0.0110256 -0.0090003
v -0.0177870 0.0110256 -0.0100072
v -0.0187939 0.0447715 -0.0060030
v -0.0187939 0.0460168 -0.0060030
v -0.0176016 0.0447715 -0.0060030
v -0.0176016 0.0470236 -0.0060030
v -0.0177870 0.0470236 -0.0060030
v -0.0177870 0.0470236 -0.0060030
v -0.0187939 0.0460168 -0.0060030
v -0.0177870 0.0470236 0.0060030
v -0.0187939 0.0460168 0.0060030
v -0.0187939 0.0110256 0.0089970
v -0.0187939 0.0430227 0.0089970
v -0.0187939 0.0110256 0.0077517
v -0.0187939 0.0430227 0.0077517
v -0.0187939 0.0109726 0.0073543
v -0.0187939 0.0430757 0.0073543
v -0.0187939 0.0432082 0.0069833
v -0.0187939 0.0433937 0.0066389
v -0.0187939 0.0080316 -0.0060030
v -0.0187939 0.0080316 0.0060030
v -0.0187939 0.0092769 -0.0060030
v -0.0187939 0.0092769 0.0060030
v -0.0187939 0.0096743 -0.0060560
v -0.0187939 0.0096743 0.0060295
v -0.0187939 0.0100188 0.0061620
v -0.0187939 0.0100188 -0.0061918
v -0.0187939 0.0103632 0.0063739
v -0.0187939 0.0106282 0.0066389
v -0.0187939 0.0108401 0.0069833
v -0.0187939 0.0103632 -0.0064037
v -0.0187939 0.0430227 -0.0090003
v -0.0187939 0.0110256 -0.0090003
v -0.0187939 0.0430227 -0.0077550
v -0.0187939 0.0110256 -0.0077550
v -0.0187939 0.0109726 -0.0073576
v -0.0187939 0.0430757 -0.0073576
v -0.0187939 0.0432082 -0.0069866
v -0.0187939 0.0433937 -0.0066687
v -0.0187939 0.0436851 -0.0064037
v -0.0187939 0.0440031 -0.0061918
v -0.0187939 0.0443740 -0.0060560
v -0.0187939 0.0447715 -0.0060030
v -0.0187939 0.0108401 -0.0069866
v -0.0187939 0.0106282 -0.0066687
v -0.0187939 0.0460168 -0.0060030
v -0.0187939 0.0460168 0.0060030
v -0.0187939 0.0447715 0.0060030
v -0.0187939 0.0443740 0.0060295
v -0.0187939 0.0440031 0.0061620
v -0.0187939 0.0436851 0.0063739
v -0.0176016 0.0470236 0.0060030
v -0.0177870 0.0470236 0.0060030
v -0.0176016 0.0447715 0.0060030
v -0.0187939 0.0447715 0.0060030
v -0.0187939 0.0460168 0.0060030
v -0.0177870 0.0470236 -0.0060030
v -0.0177870 0.0470236 0.0060030
v -0.0176016 0.0470236 -0.0060030
v -0.0176016 0.0470236 0.0060030
v 0.0076060 0.0470236 -0.0090003
v -0.0176016 0.0470236 -0.0090003
v 0.0076060 0.0470236 0.0089970
v -0.0176016 0.0470236 0.0089970
v -0.0187939 0.0447715 -0.0060030
v -0.0176016 0.0447715 -0.0060030
v -0.0187939 0.0443740 -0.0060560
v -0.0176016 0.0443740 -0.0060560
v -0.0187939 0.0440031 -0.0061918
v -0.0176016 0.0440031 -0.0061918
v -0.0187939 0.0436851 -0.0064037
v -0.0176016 0.0436851 -0.0064037
v -0.0187939 0.0433937 -0.0066687
v -0.0176016 0.0433937 -0.0066687
v -0.0187939 0.0432082 -0.0069866
v -0.0176016 0.0432082 -0.0069866
v -0.0187939 0.0430757 -0.0073576
v -0.0176016 0.0430757 -0.0073576
v -0.0187939 0.0430227 -0.0077550
v -0.0176016 0.0430227 -0.0077550
v -0.0176016 0.0430227 -0.0100072
v -0.0176016 0.0430227 -0.0077550
v -0.0176016 0.0460168 -0.0100072
v -0.0176016 0.0430757 -0.0073576
v -0.0176016 0.0432082 -0.0069866
v -0.0176016 0.0433937 -0.0066687
v -0.0176016 0.0436851 -0.0064037
v -0.0176016 0.0440031 -0.0061918
v -0.0176016 0.0443740 -0.0060560
v -0.0176016 0.0447715 -0.0060030
v -0.0176016 0.0470236 -0.0060030
v -0.0176016 0.0470236 -0.0090003
v -0.0176016 0.0469971 -0.0092388
v -0.0176016 0.0462552 -0.0099807
v -0.0176016 0.0464672 -0.0099012
v -0.0176016 0.0466527 -0.0097952
v -0.0176016 0.0468117 -0.0096362
v -0.0176016 0.0469176 -0.0094508
v -0.0176016 0.0460168 -0.0100072
v -0.0176016 0.0462552 -0.0099807
v 0.0076060 0.0460168 -0.0100072
v 0.0076060 0.0462552 -0.0099807
v -0.0176016 0.0464672 -0.0099012
v 0.0076060 0.0464672 -0.0099012
v -0.0176016 0.0466527 -0.0097952
v 0.0076060 0.0466527 -0.0097952
v -0.0176016 0.0468117 -0.0096362
v 0.0076060 0.0468117 -0.0096362
v -0.0176016 0.0469176 -0.0094508
v 0.0076060 0.0469176 -0.0094508
v 0.0076060 0.0470236 -0.0090003
v 0.0076060 0.0469971 -0.0092388
v -0.0176016 0.0470236 -0.0090003
v -0.0176016 0.0469971 -0.0092388
v 0.0076060 0.0077931 0.0099807
v 0.0076060 0.0075811 0.0099012
v 0.0076060 0.0080316 0.0100072
v 0.0076060 0.0073957 0.0097687
v 0.0076060 0.0072367 0.0096097
v 0.0076060 0.0071307 0.0094243
v 0.0076060 0.0070512 0.0092090
v 0.0076060 0.0070247 0.0089970
v 0.0076060 0.0466527 0.0097687
v 0.0076060 0.0464672 0.0099012
v 0.0076060 0.0468117 0.0096097
v 0.0076060 0.0462552 0.0099807
v 0.0076060 0.0460168 0.0100072
v 0.0076060 0.0469176 0.0094243
v 0.0076060 0.0469971 0.0092090
v 0.0076060 0.0470236 0.0089970
v 0.0076060 0.0470236 -0.0090003
v 0.0076060 0.0466527 -0.0097952
v 0.0076060 0.0468117 -0.0096362
v 0.0076060 0.0464672 -0.0099012
v 0.0076060 0.0469176 -0.0094508
v 0.0076060 0.0469971 -0.0092388
v 0.0076060 0.0462552 -0.0099807
v 0.0076060 0.0460168 -0.0100072
v 0.0076060 0.0080316 -0.0100072
v 0.0076060 0.0070247 -0.0090003
v 0.0076060 0.0070512 -0.0092388
v 0.0076060 0.0071307 -0.0094508
v 0.0076060 0.0072367 -0.0096362
v 0.0076060 0.0077931 -0.0099807
v 0.0076060 0.0075811 -0.0099012
v 0.0076060 0.0073957 -0.0097952
v -0.0176016 0.0070247 -0.0060030
v -0.0176016 0.0092769 -0.0060030
v -0.0176016 0.0070247 -0.0090003
v -0.0176016 0.0096743 -0.0060560
v -0.0176016 0.0100188 -0.0061918
v -0.0176016 0.0103632 -0.0064037
v -0.0176016 0.0106282 -0.0066687
v -0.0176016 0.0108401 -0.0069866
v -0.0176016 0.0109726 -0.0073576
v -0.0176016 0.0110256 -0.0077550
v -0.0176016 0.0110256 -0.0100072
v -0.0176016 0.0080316 -0.0100072
v -0.0176016 0.0070512 -0.0092388
v -0.0176016 0.0071307 -0.0094508
v -0.0176016 0.0072367 -0.0096362
v -0.0176016 0.0077931 -0.0099807
v -0.0176016 0.0073957 -0.0097952
v -0.0176016 0.0075811 -0.0099012
v -0.0176016 0.0070247 -0.0090003
v -0.0176016 0.0070512 -0.0092388
v 0.0076060 0.0070247 -0.0090003
v 0.0076060 0.0070512 -0.0092388
v -0.0176016 0.0071307 -0.0094508
v 0.0076060 0.0071307 -0.0094508
v -0.0176016 0.0072367 -0.0096362
v 0.0076060 0.0072367 -0.0096362
v -0.0176016 0.0073957 -0.0097952
v 0.0076060 0.0073957 -0.0097952
v 0.0076060 0.0080316 -0.0100072
v 0.0076060 0.0077931 -0.0099807
v -0.0176016 0.0080316 -0.0100072
v -0.0176016 0.0077931 -0.0099807
v 0.0076060 0.0075811 -0.0099012
v -0.0176016 0.0075811 -0.0099012
v -0.0177870 0.0070247 0.0024790
v -0.0177870 0.0070247 0.0024790
v -0.0177870 0.0070247 0.0060030
v -0.0177605 0.0070247 0.0025055
v -0.0177340 0.0070247 0.0025320
v -0.0177076 0.0070247 0.0025320
v -0.0176811 0.0070247 0.0025585
v -0.0176016 0.0070247 0.0025585
v -0.0176016 0.0070247 0.0060030
v -0.0161708 0.0070247 0.0025585
v -0.0161178 0.0070247 0.0025585
v -0.0160913 0.0070247 0.0025320
v -0.0160648 0.0070247 0.0025320
v -0.0160383 0.0070247 0.0025055
v -0.0160118 0.0070247 0.0024790
v -0.0159853 0.0070247 0.0024525
v -0.0159588 0.0070247 0.0024260
v -0.0159588 0.0070247 0.0023995
v -0.0176016 0.0070247 0.0089970
v 0.0076060 0.0070247 0.0089970
v -0.0159323 0.0070247 0.0023730
v -0.0159323 0.0070247 0.0022936
v -0.0159323 0.0070247 -0.0023200
v -0.0159323 0.0070247 -0.0023730
v -0.0159588 0.0070247 -0.0024260
v -0.0176016 0.0070247 -0.0090003
v 0.0076060 0.0070247 -0.0090003
v -0.0176016 0.0070247 -0.0060030
v -0.0159588 0.0070247 -0.0024525
v -0.0177870 0.0070247 -0.0024790
v -0.0177870 0.0070247 -0.0060030
v -0.0177870 0.0070247 -0.0025055
v -0.0177605 0.0070247 -0.0025055
v -0.0177340 0.0070247 -0.0025320
v -0.0177076 0.0070247 -0.0025585
v -0.0176811 0.0070247 -0.0025585
v -0.0176016 0.0070247 -0.0025585
v -0.0161708 0.0070247 -0.0025585
v -0.0161178 0.0070247 -0.0025585
v -0.0160913 0.0070247 -0.0025585
v -0.0160648 0.0070247 -0.0025320
v -0.0160383 0.0070247 -0.0025055
v -0.0160118 0.0070247 -0.0025055
v -0.0159853 0.0070247 -0.0024790
v -0.0175751 0.0050375 -0.0022936
v -0.0175221 0.0050375 -0.0023200
v -0.0175751 0.0050375 -0.0022671
v -0.0175221 0.0050375 -0.0023200
v -0.0174691 0.0050640 -0.0023465
v -0.0174691 0.0050375 -0.0023465
v -0.0173896 0.0050640 -0.0023465
v -0.0176016 0.0050375 0.0022141
v -0.0175751 0.0050375 0.0022671
v -0.0176016 0.0050375 0.0022141
v -0.0175751 0.0050375 0.0022671
v -0.0163828 0.0050640 0.0023465
v -0.0163298 0.0050375 0.0023200
v -0.0163298 0.0050640 0.0023200
v -0.0162768 0.0050375 0.0022936
v -0.0162768 0.0050375 0.0023200
v -0.0162238 0.0050375 0.0022671
v -0.0162238 0.0050375 0.0022671
v -0.0161443 0.0050640 -0.0021081
v -0.0161708 0.0050375 -0.0021611
v -0.0161708 0.0050640 -0.0021876
v -0.0161973 0.0050375 -0.0022406
v -0.0161708 0.0050375 -0.0022406
v -0.0162238 0.0050375 -0.0022936
v -0.0162238 0.0050375 -0.0022671
v -0.0162238 0.0050375 -0.0022671
v -0.0161973 0.0050375 -0.0022141
v -0.0161708 0.0050375 -0.0021611
v -0.0161708 0.0050375 -0.0021081
v -0.0161708 0.0050375 0.0021081
v -0.0161443 0.0050640 0.0021081
v -0.0161708 0.0050640 0.0021611
v -0.0161708 0.0050375 0.0021611
v -0.0161708 0.0050375 0.0022141
v -0.0161973 0.0050375 0.0022141
v -0.0161973 0.0050375 0.0022141
v -0.0162238 0.0050375 0.0022406
v -0.0162768 0.0050375 0.0022936
v -0.0163298 0.0050375 0.0023200
v -0.0163828 0.0050375 0.0023200
v -0.0173896 0.0050375 0.0023200
v -0.0173896 0.0050640 0.0023465
v -0.0174691 0.0050640 0.0023200
v -0.0174691 0.0050375 0.0023200
v -0.0175221 0.0050375 0.0023200
v -0.0175221 0.0050375 0.0022936
v -0.0175221 0.0050375 0.0022936
v -0.0175486 0.0050375 0.0022406
v -0.0175751 0.0050375 0.0022141
v -0.0176016 0.0050375 0.0021611
v -0.0176281 0.0050375 0.0021611
v -0.0176281 0.0050640 0.0021611
v -0.0176281 0.0050640 0.0021611
v -0.0176016 0.0050640 0.0022141
v -0.0175751 0.0050640 0.0022671
v -0.0175751 0.0050905 0.0022671
v -0.0175221 0.0050640 0.0023200
v -0.0174691 0.0050640 0.0023465
v -0.0173896 0.0050640 0.0023465
v -0.0163828 0.0050640 0.0023465
v -0.0163298 0.0050640 0.0023465
v -0.0162768 0.0050640 0.0023200
v -0.0162238 0.0050640 0.0022671
v -0.0162238 0.0050905 0.0022671
v -0.0161708 0.0050640 0.0022141
v -0.0161443 0.0050640 0.0021611
v -0.0161443 0.0050640 0.0021081
v -0.0161443 0.0050640 -0.0021081
v -0.0161443 0.0050640 -0.0021876
v -0.0161708 0.0050640 -0.0022406
v -0.0162238 0.0050640 -0.0022936
v -0.0162768 0.0050375 -0.0023200
v -0.0162238 0.0050905 -0.0022936
v -0.0162768 0.0050640 -0.0023200
v -0.0163298 0.0050640 -0.0023465
v -0.0163298 0.0050640 -0.0023465
v -0.0163828 0.0050640 -0.0023465
v -0.0163828 0.0050640 -0.0023465
v -0.0173896 0.0050640 -0.0023465
v -0.0174691 0.0050640 -0.0023465
v -0.0175221 0.0050640 -0.0023200
v -0.0175751 0.0050640 -0.0022936
v -0.0176016 0.0050375 -0.0022406
v -0.0175751 0.0050905 -0.0022936
v -0.0176016 0.0050640 -0.0022406
v -0.0176281 0.0050640 -0.0021876
v -0.0176281 0.0050640 -0.0021876
v -0.0176546 0.0050640 -0.0021081
v -0.0176281 0.0050640 -0.0021081
v -0.0176281 0.0050375 -0.0021081
v -0.0176281 0.0050375 -0.0021611
v -0.0176016 0.0050375 -0.0022406
v -0.0175751 0.0050375 -0.0022141
v -0.0175486 0.0050375 -0.0022671
v -0.0175221 0.0050375 -0.0022936
v -0.0174691 0.0050375 -0.0023200
v -0.0173896 0.0050375 -0.0023465
v -0.0163828 0.0050375 -0.0023465
v -0.0163298 0.0050375 -0.0023465
v -0.0162768 0.0050375 -0.0023200
v -0.0162768 0.0050375 -0.0022936
v -0.0162768 0.0050375 -0.0022936
v -0.0162503 0.0050375 -0.0022671
v -0.0162238 0.0050375 -0.0022141
v -0.0161973 0.0050375 -0.0021611
v -0.0161708 0.0050375 -0.0021081
v -0.0161708 0.0050375 0.0021081
v -0.0161708 0.0050375 0.0021611
v -0.0161973 0.0050375 0.0021611
v -0.0162238 0.0050375 0.0022141
v -0.0162503 0.0050375 0.0022406
v -0.0162768 0.0050375 0.0022671
v -0.0163298 0.0050375 0.0022936
v -0.0163828 0.0050375 0.0023200
v -0.0173896 0.0050375 0.0023200
v -0.0174691 0.0050375 0.0023200
v -0.0174426 0.0050375 0.0022936
v -0.0174956 0.0050375 0.0022671
v -0.0175486 0.0050375 0.0022406
v -0.0175751 0.0050375 0.0022141
v -0.0176016 0.0050375 0.0021611
v -0.0176281 0.0050375 0.0021081
v -0.0176281 0.0050640 0.0021081
v -0.0176546 0.0050640 0.0021081
v -0.0176546 0.0050905 0.0021081
v -0.0176546 0.0050905 0.0021611
v -0.0176546 0.0050905 0.0021611
v -0.0176281 0.0050905 0.0022141
v -0.0176281 0.0050905 0.0022141
v -0.0178665 0.0070777 0.0023200
v -0.0176546 0.0050905 0.0021081
v -0.0178665 0.0070777 0.0023465
v -0.0176546 0.0050905 0.0021611
v -0.0178400 0.0070777 0.0023730
v -0.0178400 0.0070777 0.0023995
v -0.0176546 0.0050905 0.0021611
v -0.0178135 0.0070512 0.0024260
v -0.0176281 0.0050905 0.0022141
v -0.0177870 0.0070247 0.0024790
v -0.0177870 0.0070247 0.0024790
v -0.0177605 0.0070247 0.0025055
v -0.0176016 0.0070247 0.0025585
v -0.0176811 0.0070247 0.0025585
v -0.0173896 0.0050905 0.0023465
v -0.0174691 0.0050905 0.0023465
v -0.0174691 0.0050905 0.0023465
v -0.0177076 0.0070247 0.0025320
v -0.0175221 0.0050905 0.0023200
v -0.0177340 0.0070247 0.0025320
v -0.0175221 0.0050905 0.0023200
v -0.0175221 0.0050905 0.0023200
v -0.0174691 0.0050905 0.0023465
v -0.0174691 0.0050905 0.0023465
v -0.0173896 0.0050905 0.0023465
v -0.0176016 0.0070247 0.0025585
v -0.0161708 0.0070247 0.0025585
v -0.0163828 0.0050905 0.0023465
v -0.0163298 0.0050905 0.0023465
v -0.0163298 0.0050905 0.0023465
v -0.0162503 0.0050905 0.0023200
v -0.0162503 0.0050905 0.0023200
v -0.0163828 0.0050905 0.0023465
v -0.0163298 0.0050905 0.0023465
v -0.0161708 0.0070247 0.0025585
v -0.0161178 0.0070247 0.0025585
v -0.0160913 0.0070247 0.0025320
v -0.0163298 0.0050905 0.0023465
v -0.0160648 0.0070247 0.0025320
v -0.0162503 0.0050905 0.0023200
v -0.0160383 0.0070247 0.0025055
v -0.0160118 0.0070247 0.0024790
v -0.0159853 0.0070247 0.0024525
v -0.0159323 0.0070247 0.0022936
v -0.0159323 0.0070247 0.0023730
v -0.0161443 0.0050905 0.0021081
v -0.0161443 0.0050905 0.0021611
v -0.0161443 0.0050905 0.0021611
v -0.0159588 0.0070247 0.0023995
v -0.0161708 0.0050905 0.0022141
v -0.0159588 0.0070247 0.0024260
v -0.0161708 0.0050905 0.0022141
v -0.0161708 0.0050905 0.0022141
v -0.0161443 0.0050905 0.0021611
v -0.0161443 0.0050905 0.0021611
v -0.0161443 0.0050905 0.0021081
v -0.0159323 0.0070247 0.0022936
v -0.0159323 0.0070247 -0.0023200
v -0.0161443 0.0050905 -0.0021081
v -0.0161443 0.0050905 -0.0021876
v -0.0161443 0.0050905 -0.0021876
v -0.0161708 0.0050905 -0.0022406
v -0.0161708 0.0050905 -0.0022406
v -0.0161443 0.0050905 -0.0021081
v -0.0161443 0.0050905 -0.0021876
v -0.0159323 0.0070247 -0.0023200
v -0.0159323 0.0070247 -0.0023730
v -0.0159588 0.0070247 -0.0024260
v -0.0161443 0.0050905 -0.0021876
v -0.0159588 0.0070247 -0.0024525
v -0.0161708 0.0050905 -0.0022406
v -0.0159853 0.0070247 -0.0024790
v -0.0160118 0.0070247 -0.0025055
v -0.0160383 0.0070247 -0.0025055
v -0.0161708 0.0070247 -0.0025585
v -0.0161178 0.0070247 -0.0025585
v -0.0163828 0.0050905 -0.0023730
v -0.0163298 0.0050905 -0.0023465
v -0.0163298 0.0050905 -0.0023465
v -0.0160913 0.0070247 -0.0025585
v -0.0162503 0.0050905 -0.0023200
v -0.0160648 0.0070247 -0.0025320
v -0.0162503 0.0050905 -0.0023200
v -0.0162503 0.0050905 -0.0023200
v -0.0163298 0.0050905 -0.0023465
v -0.0163298 0.0050905 -0.0023465
v -0.0163828 0.0050905 -0.0023730
v -0.0161708 0.0070247 -0.0025585
v -0.0176016 0.0070247 -0.0025585
v -0.0173896 0.0050905 -0.0023730
v -0.0174691 0.0050905 -0.0023465
v -0.0174691 0.0050905 -0.0023465
v -0.0175221 0.0050905 -0.0023200
v -0.0175221 0.0050905 -0.0023200
v -0.0173896 0.0050905 -0.0023730
v -0.0174691 0.0050905 -0.0023465
v -0.0176016 0.0070247 -0.0025585
v -0.0176811 0.0070247 -0.0025585
v -0.0177076 0.0070247 -0.0025585
v -0.0174691 0.0050905 -0.0023465
v -0.0177340 0.0070247 -0.0025320
v -0.0175221 0.0050905 -0.0023200
v -0.0177605 0.0070247 -0.0025055
v -0.0177870 0.0070247 -0.0025055
v -0.0177870 0.0070247 -0.0024790
v -0.0178665 0.0070777 -0.0023200
v -0.0178665 0.0070777 -0.0023465
v -0.0176546 0.0050905 -0.0021081
v -0.0176546 0.0050905 -0.0021876
v -0.0178400 0.0070777 -0.0023995
v -0.0176546 0.0050905 -0.0021876
v -0.0178400 0.0070777 -0.0024260
v -0.0176281 0.0050905 -0.0022406
v -0.0178135 0.0070512 -0.0024525
v -0.0176281 0.0050905 -0.0022406
v -0.0176281 0.0050905 -0.0022406
v -0.0176546 0.0050905 -0.0021876
v -0.0176546 0.0050905 -0.0021876
v -0.0176546 0.0050905 -0.0021081
v -0.0178665 0.0070777 -0.0023200
v -0.0178665 0.0070777 0.0023200
v -0.0176546 0.0050905 0.0021081
v -0.0176546 0.0050640 0.0021081
v -0.0176281 0.0050640 0.0021081
v -0.0176281 0.0050375 0.0021081
v -0.0176281 0.0050375 0.0021081
v -0.0176281 0.0050375 -0.0021081
v -0.0176016 0.0050375 -0.0021611
v -0.0176016 0.0050375 -0.0021611
v -0.0175751 0.0050375 -0.0022141
v -0.0175486 0.0050375 -0.0022671
v -0.0174956 0.0050375 -0.0022936
v -0.0174426 0.0050375 -0.0023200
v -0.0173896 0.0050375 -0.0023200
v -0.0163828 0.0050375 -0.0023200
v -0.0163298 0.0050375 -0.0023200
v -0.0163298 0.0050375 -0.0023200
v -0.0163298 0.0050110 -0.0022936
v -0.0163033 0.0050110 -0.0022671
v -0.0162503 0.0050110 -0.0022406
v -0.0162238 0.0050110 -0.0022141
v -0.0161973 0.0050110 -0.0021611
v -0.0161973 0.0050110 -0.0021081
v -0.0161973 0.0050375 -0.0021081
v -0.0161973 0.0050110 -0.0021081
v -0.0161973 0.0050110 0.0021081
v -0.0161973 0.0050375 0.0021081
v -0.0161973 0.0050110 0.0021081
v -0.0161973 0.0050110 0.0021611
v -0.0162238 0.0050110 0.0021876
v -0.0162503 0.0050110 0.0022406
v -0.0163033 0.0050110 0.0022671
v -0.0163298 0.0050110 0.0022936
v -0.0163828 0.0050110 0.0022936
v -0.0163828 0.0050375 0.0022936
v -0.0163828 0.0050110 0.0022936
v -0.0173896 0.0050110 0.0022936
v -0.0173896 0.0050375 0.0022936
v -0.0173896 0.0050110 0.0022936
v -0.0174426 0.0050110 0.0022936
v -0.0174956 0.0050110 0.0022671
v -0.0175221 0.0050110 0.0022406
v -0.0175751 0.0050110 0.0021876
v -0.0175751 0.0050110 0.0021611
v -0.0175751 0.0050110 0.0021081
v -0.0176016 0.0050375 0.0021081
v -0.0175751 0.0050110 0.0021081
v -0.0175751 0.0050110 -0.0021081
v -0.0176016 0.0050375 -0.0021081
v -0.0175751 0.0050110 -0.0021081
v -0.0175751 0.0050110 -0.0021611
v -0.0175751 0.0050110 -0.0022141
v -0.0175221 0.0050110 -0.0022406
v -0.0174956 0.0050110 -0.0022671
v -0.0174426 0.0050110 -0.0022936
v -0.0173896 0.0050110 -0.0022936
v -0.0173896 0.0050375 -0.0023200
v -0.0173896 0.0050110 -0.0022936
v -0.0163828 0.0050110 -0.0022936
v -0.0163828 0.0050375 -0.0023200
v -0.0163828 0.0050110 -0.0022936
v -0.0166212 0.0050110 -0.0020021
v -0.0165152 0.0050110 -0.0019226
v -0.0164093 0.0050110 -0.0018166
v -0.0163563 0.0050110 -0.0016841
v -0.0163563 0.0050110 -0.0015252
v -0.0167537 0.0050110 -0.0005448
v -0.0167537 0.0050110 -0.0009953
v -0.0166212 0.0050110 -0.0004918
v -0.0166212 0.0050110 -0.0010482
v -0.0165152 0.0050110 -0.0003858
v -0.0164093 0.0050110 -0.0002799
v -0.0163563 0.0050110 -0.0001474
v -0.0164887 0.0050110 -0.0011542
v -0.0164093 0.0050110 -0.0012602
v -0.0163563 0.0050110 -0.0000149
v -0.0163563 0.0050110 -0.0013927
v -0.0167537 0.0050110 0.0009919
v -0.0167537 0.0050110 0.0005150
v -0.0166212 0.0050110 0.0010449
v -0.0166212 0.0050110 0.0004620
v -0.0165152 0.0050110 0.0003825
v -0.0164093 0.0050110 0.0002766
v -0.0163563 0.0050110 0.0001441
v -0.0164887 0.0050110 0.0011244
v -0.0164093 0.0050110 0.0012569
v -0.0163563 0.0050110 0.0013894
v -0.0163563 0.0050110 0.0015219
v -0.0163563 0.0050110 0.0016577
v -0.0164093 0.0050110 0.0017901
v -0.0165152 0.0050110 0.0018961
v -0.0166212 0.0050110 0.0020021
v -0.0167537 0.0050110 0.0020551
v -0.0168862 0.0050110 0.0020551
v -0.0170452 0.0050110 0.0020551
v -0.0171776 0.0050110 0.0020021
v -0.0172836 0.0050110 0.0018961
v -0.0173631 0.0050110 0.0017901
v -0.0174161 0.0050110 0.0016577
v -0.0174426 0.0050110 0.0015219
v -0.0174161 0.0050110 0.0013894
v -0.0173631 0.0050110 0.0012569
v -0.0170452 0.0050110 0.0005150
v -0.0170452 0.0050110 0.0009919
v -0.0171776 0.0050110 0.0004620
v -0.0171776 0.0050110 0.0010449
v -0.0172836 0.0050110 0.0003825
v -0.0173631 0.0050110 0.0002766
v -0.0174161 0.0050110 0.0001441
v -0.0172836 0.0050110 0.0011244
v -0.0174426 0.0050110 -0.0000149
v -0.0170452 0.0050110 -0.0009953
v -0.0170452 0.0050110 -0.0005448
v -0.0171776 0.0050110 -0.0010482
v -0.0171776 0.0050110 -0.0004918
v -0.0172836 0.0050110 -0.0003858
v -0.0173631 0.0050110 -0.0002799
v -0.0174161 0.0050110 -0.0001474
v -0.0172836 0.0050110 -0.0011542
v -0.0173631 0.0050110 -0.0012602
v -0.0174161 0.0050110 -0.0013927
v -0.0174426 0.0050110 -0.0015252
v -0.0174161 0.0050110 -0.0016841
v -0.0173631 0.0050110 -0.0018166
v -0.0172836 0.0050110 -0.0019226
v -0.0171776 0.0050110 -0.0020021
v -0.0170452 0.0050110 -0.0020551
v -0.0168862 0.0050110 -0.0020816
v -0.0167537 0.0050110 -0.0020551
v -0.0167537 0.0050110 -0.0009953
v -0.0167537 0.0070247 -0.0009953
v -0.0166212 0.0050110 -0.0010482
v -0.0166212 0.0070247 -0.0010482
v -0.0164887 0.0050110 -0.0011542
v -0.0164887 0.0070247 -0.0011542
v -0.0164093 0.0050110 -0.0012602
v -0.0164093 0.0070247 -0.0012602
v -0.0163563 0.0050110 -0.0013927
v -0.0163563 0.0070247 -0.0013927
v -0.0163563 0.0050110 -0.0015252
v -0.0163563 0.0070247 -0.0015252
v -0.0163563 0.0050110 -0.0016841
v -0.0163563 0.0070247 -0.0016841
v -0.0164093 0.0050110 -0.0018166
v -0.0164093 0.0070247 -0.0018166
v -0.0165152 0.0050110 -0.0019226
v -0.0165152 0.0070247 -0.0019226
v -0.0166212 0.0050110 -0.0020021
v -0.0166212 0.0070247 -0.0020021
v -0.0167537 0.0050110 -0.0020551
v -0.0167537 0.0070247 -0.0020551
v -0.0168862 0.0050110 -0.0020816
v -0.0168862 0.0070247 -0.0020816
v -0.0170452 0.0050110 -0.0020551
v -0.0170452 0.0070247 -0.0009953
v -0.0170452 0.0050110 -0.0009953
v -0.0171776 0.0070247 -0.0010482
v -0.0171776 0.0050110 -0.0010482
v -0.0172836 0.0070247 -0.0011542
v -0.0172836 0.0050110 -0.0011542
v -0.0173631 0.0070247 -0.0012602
v -0.0173631 0.0050110 -0.0012602
v -0.0174161 0.0070247 -0.0013927
v -0.0174161 0.0050110 -0.0013927
v -0.0174426 0.0070247 -0.0015252
v -0.0174426 0.0050110 -0.0015252
v -0.0174161 0.0070247 -0.0016841
v -0.0174161 0.0050110 -0.0016841
v -0.0173631 0.0070247 -0.0018166
v -0.0173631 0.0050110 -0.0018166
v -0.0172836 0.0070247 -0.0019226
v -0.0172836 0.0050110 -0.0019226
v -0.0171776 0.0070247 -0.0020021
v -0.0171776 0.0050110 -0.0020021
v -0.0170452 0.0070247 -0.0020551
f 7233 7234 7235
f 7234 7236 7235
f 7235 7236 7237
f 7236 7238 7237
f 7237 7238 7239
f 7238 7240 7239
f 7241 7242 7243
f 7242 7244 7243
f 7245 7246 7247
f 7247 7246 7248
f 7246 7249 7248
f 7249 7250 7248
f 7248 7250 7251
f 7252 7251 7253
f 7251 7250 7253
f 7254 7255 7256
f 7256 7255 7257
f 7255 7258 7257
f 7257 7258 7259
f 7258 7260 7259
f 7259 7260 7261
f 7260 7262 7261
f 7261 7262 7263
f 7262 7264 7263
f 7263 7264 7265
f 7266 7267 7268
f 7268 7267 7269
f 7267 7270 7269
f 7269 7270 7271
f 7270 7265 7271
f 7265 7264 7271
f 7272 7273 7274
f 7273 7275 7274
f 7276 7277 7278
f 7277 7279 7278
f 7280 7281 7282
f 7282 7281 7283
f 7281 7284 7283
f 7283 7284 7285
f 7284 7286 7285
f 7285 7286 7287
f 7286 7288 7287
f 7287 7288 7289
f 7288 7290 7289
f 7289 7290 7291
f 7290 7292 7291
f 7291 7292 7293
f 7292 7294 7293
f 7294 7295 7293
f 7296 7297 7298
f 7297 7299 7298
f 7300 7301 7302
f 7302 7301 7303
f 7304 7305 7306
f 7306 7305 7307
f 7305 7308 7307
f 7307 7308 7309
f 7310 7311 7312
f 7312 7311 7313
f 7311 7314 7313
f 7313 7314 7315
f 7314 7316 7315
f 7315 7316 7317
f 7316 7318 7317
f 7317 7318 7319
f 7318 7309 7319
f 7309 7308 7319
f 7320 7321 7322
f 7322 7321 7323
f 7321 7324 7323
f 7323 7324 7325
f 7324 7326 7325
f 7325 7326 7327
f 7326 7328 7327
f 7327 7328 7329
f 7328 7330 7329
f 7329 7330 7331
f 7332 7333 7334
f 7334 7333 7335
f 7333 7331 7335
f 7331 7330 7335
f 7336 7337 7338
f 7337 7339 7338
f 7340 7341 7342
f 7342 7341 7343
f 7341 7344 7343
f 7343 7344 7345
f 7344 7346 7345
f 7345 7346 7347
f 7346 7348 7347
f 7347 7348 7349
f 7348 7350 7349
f 7349 7350 7351
f 7350 7352 7351
f 7351 7352 7353
f 7352 7354 7353
f 7354 7355 7353
f 7356 7357 7358
f 7357 7359 7358
f 7358 7359 7360
f 7359 7361 7360
f 7362 7363 7364
f 7364 7363 7365
f 7363 7366 7365
f 7365 7366 7367
f 7366 7368 7367
f 7367 7368 7369
f 7368 7370 7369
f 7369 7370 7371
f 7370 7372 7371
f 7371 7372 7373
f 7372 7374 7373
f 7373 7374 7375
f 7374 7376 7375
f 7376 7377 7375
f 7378 7379 7380
f 7379 7381 7380
f 7382 7383 7384
f 7383 7385 7384
f 7386 7387 7388
f 7388 7387 7389
f 7387 7390 7389
f 7389 7390 7391
f 7390 7392 7391
f 7391 7392 7393
f 7392 7394 7393
f 7393 7394 7395
f 7394 7396 7395
f 7395 7396 7397
f 7396 7398 7397
f 7397 7398 7399
f 7398 7400 7399
f 7400 7401 7399
f 7402 7403 7404
f 7403 7405 7404
f 7406 7404 7407
f 7404 7405 7407
f 7408 7409 7410
f 7411 7410 7412
f 7410 7409 7412
f 7412 7409 7413
f 7413 7409 7414
f 7414 7409 7415
f 7415 7409 7416
f 7416 7409 7417
f 7417 7409 7418
f 7409 7419 7418
f 7419 7420 7418
f 7418 7420 7421
f 7420 7422 7421
f 7422 7423 7421
f 7423 7424 7421
f 7424 7425 7421
f 7425 7426 7421
f 7421 7426 7427
f 7427 7426 7428
f 7428 7426 7429
f 7429 7426 7430
f 7430 7426 7431
f 7426 7432 7431
f 7431 7432 7433
f 7433 7432 7434
f 7434 7432 7435
f 7436 7435 7437
f 7435 7432 7437
f 7432 7438 7437
f 7438 7439 7437
f 7439 7440 7437
f 7440 7441 7437
f 7437 7441 7442
f 7441 7443 7442
f 7443 7444 7442
f 7442 7444 7445
f 7444 7446 7445
f 7445 7446 7447
f 7447 7446 7448
f 7448 7446 7449
f 7449 7446 7450
f 7450 7446 7451
f 7452 7451 7453
f 7451 7446 7453
f 7446 7454 7453
f 7455 7456 7457
f 7457 7456 7458
f 7456 7459 7458
f 7460 7461 7462
f 7462 7461 7463
f 7463 7461 7464
f 7464 7461 7465
f 7465 7461 7466
f 7466 7461 7467
f 7467 7461 7468
f 7468 7461 7469
f 7469 7461 7470
f 7470 7461 7471
f 7461 7472 7471
f 7471 7472 7473
f 7473 7472 7474
f 7474 7472 7475
f 7475 7472 7476
f 7476 7472 7477
f 7477 7472 7478
f 7478 7472 7479
f 7479 7472 7480
f 7472 7481 7480
f 7480 7481 7482
f 7482 7481 7483
f 7483 7481 7484
f 7484 7481 7485
f 7485 7481 7486
f 7486 7481 7487
f 7487 7481 7488
f 7488 7481 7489
f 7481 7460 7489
f 7489 7460 7490
f 7490 7460 7491
f 7491 7460 7492
f 7492 7460 7493
f 7493 7460 7494
f 7494 7460 7495
f 7495 7460 7496
f 7496 7460 7497
f 7460 7462 7497
f 7462 7498 7497
f 7498 7499 7497
f 7499 7500 7497
f 7500 7501 7497
f 7501 7502 7497
f 7502 7503 7497
f 7503 7504 7497
f 7504 7505 7497
f 7497 7505 7506
f 7506 7505 7507
f 7505 7508 7507
f 7509 7510 7511
f 7510 7512 7511
f 7512 7513 7511
f 7514 7515 7516
f 7516 7515 7517
f 7515 7518 7517
f 7517 7518 7519
f 7518 7520 7519
f 7519 7520 7521
f 7520 7522 7521
f 7521 7522 7523
f 7522 7524 7523
f 7523 7524 7525
f 7524 7526 7525
f 7525 7526 7527
f 7528 7527 7529
f 7527 7526 7529
f 7530 7531 7532
f 7532 7531 7533
f 7531 7534 7533
f 7533 7534 7535
f 7534 7536 7535
f 7535 7536 7537
f 7536 7538 7537
f 7537 7538 7539
f 7538 7540 7539
f 7539 7540 7541
f 7540 7542 7541
f 7541 7542 7543
f 7542 7544 7543
f 7544 7545 7543
f 7546 7547 7548
f 7547 7549 7548
f 7550 7548 7551
f 7548 7549 7551
f 7551 7549 7552
f 7549 7553 7552
f 7554 7555 7556
f 7556 7555 7557
f 7555 7558 7557
f 7557 7558 7559
f 7558 7560 7559
f 7559 7560 7561
f 7560 7562 7561
f 7561 7562 7563
f 7562 7564 7563
f 7563 7564 7565
f 7566 7567 7568
f 7568 7567 7569
f 7567 7565 7569
f 7565 7564 7569
f 7570 7571 7572
f 7572 7571 7573
f 7571 7574 7573
f 7573 7574 7575
f 7574 7576 7575
f 7575 7576 7577
f 7576 7578 7577
f 7577 7578 7579
f 7578 7580 7579
f 7579 7580 7581
f 7580 7582 7581
f 7582 7583 7581
f 7584 7585 7586
f 7585 7587 7586
f 7588 7589 7590
f 7590 7589 7591
f 7592 7593 7594
f 7594 7593 7595
f 7593 7596 7595
f 7595 7596 7597
f 7596 7598 7597
f 7597 7598 7599
f 7598 7600 7599
f 7599 7600 7601
f 7600 7602 7601
f 7601 7602 7603
f 7602 7604 7603
f 7603 7604 7605
f 7604 7606 7605
f 7605 7606 7607
f 7606 7608 7607
f 7607 7608 7609
f 7608 7610 7609
f 7609 7610 7611
f 7610 7612 7611
f 7611 7612 7613
f 7613 7612 7614
f 7612 7615 7614
f 7614 7615 7616
f 7615 7617 7616
f 7616 7617 7618
f 7617 7619 7618
f 7618 7619 7620
f 7619 7621 7620
f 7620 7621 7622
f 7621 7623 7622
f 7622 7623 7624
f 7623 7625 7624
f 7624 7625 7626
f 7625 7627 7626
f 7626 7627 7628
f 7627 7629 7628
f 7628 7629 7630
f 7629 7631 7630
f 7630 7631 7632
f 7631 7633 7632
f 7632 7633 7634
f 7633 7635 7634
f 7634 7635 7636
f 7635 7637 7636
f 7636 7637 7638
f 7637 7639 7638
f 7638 7639 7640
f 7639 7641 7640
f 7640 7641 7642
f 7641 7643 7642
f 7642 7643 7644
f 7643 7645 7644
f 7644 7645 7646
f 7645 7647 7646
f 7646 7647 7648
f 7647 7649 7648
f 7648 7649 7650
f 7649 7651 7650
f 7650 7651 7652
f 7651 7653 7652
f 7653 7654 7652
f 7652 7654 7655
f 7654 7656 7655
f 7655 7656 7657
f 7656 7658 7657
f 7657 7658 7659
f 7658 7660 7659
f 7659 7660 7661
f 7660 7662 7661
f 7661 7662 7663
f 7662 7664 7663
f 7663 7664 7665
f 7664 7666 7665
f 7665 7666 7667
f 7666 7668 7667
f 7667 7668 7669
f 7668 7591 7669
f 7591 7589 7669
f 7670 7671 7672
f 7671 7673 7672
f 7674 7675 7676
f 7676 7675 7677
f 7675 7678 7677
f 7677 7678 7679
f 7678 7680 7679
f 7679 7680 7681
f 7680 7682 7681
f 7681 7682 7683
f 7682 7684 7683
f 7683 7684 7685
f 7684 7686 7685
f 7686 7687 7685
f 7688 7689 7690
f 7689 7691 7690
f 7692 7693 7694
f 7694 7693 7695
f 7693 7696 7695
f 7695 7696 7697
f 7696 7698 7697
f 7697 7698 7699
f 7698 7700 7699
f 7699 7700 7701
f 7700 7702 7701
f 7701 7702 7703
f 7702 7704 7703
f 7703 7704 7705
f 7706 7707 7708
f 7708 7707 7709
f 7707 7710 7709
f 7709 7710 7711
f 7710 7712 7711
f 7711 7712 7713
f 7712 7714 7713
f 7713 7714 7715
f 7714 7716 7715
f 7715 7716 7717
f 7716 7718 7717
f 7717 7718 7719
f 7718 7720 7719
f 7719 7720 7721
f 7720 7722 7721
f 7721 7722 7723
f 7722 7724 7723
f 7723 7724 7725
f 7724 7726 7725
f 7725 7726 7727
f 7727 7726 7728
f 7726 7729 7728
f 7728 7729 7730
f 7729 7731 7730
f 7730 7731 7732
f 7731 7733 7732
f 7732 7733 7734
f 7733 7735 7734
f 7734 7735 7736
f 7735 7737 7736
f 7736 7737 7738
f 7737 7739 7738
f 7738 7739 7740
f 7739 7741 7740
f 7740 7741 7742
f 7741 7743 7742
f 7742 7743 7744
f 7743 7745 7744
f 7744 7745 7746
f 7745 7747 7746
f 7746 7747 7748
f 7747 7749 7748
f 7748 7749 7750
f 7749 7751 7750
f 7750 7751 7752
f 7751 7753 7752
f 7752 7753 7754
f 7753 7755 7754
f 7754 7755 7756
f 7755 7757 7756
f 7756 7757 7758
f 7757 7759 7758
f 7758 7759 7760
f 7759 7761 7760
f 7760 7761 7762
f 7761 7763 7762
f 7762 7763 7764
f 7763 7765 7764
f 7764 7765 7766
f 7765 7767 7766
f 7767 7768 7766
f 7766 7768 7769
f 7768 7770 7769
f 7769 7770 7771
f 7770 7772 7771
f 7771 7772 7773
f 7772 7705 7773
f 7705 7704 7773
f 7774 7775 7776
f 7776 7775 7777
f 7777 7775 7778
f 7778 7775 7779
f 7779 7775 7780
f 7780 7775 7781
f 7781 7775 7782
f 7782 7775 7783
f 7783 7775 7784
f 7784 7775 7785
f 7775 7786 7785
f 7786 7787 7785
f 7788 7789 7790
f 7789 7791 7790
f 7790 7791 7792
f 7792 7791 7793
f 7793 7791 7794
f 7791 7795 7794
f 7795 7785 7794
f 7794 7785 7796
f 7796 7785 7797
f 7797 7785 7798
f 7785 7787 7798
f 7798 7787 7799
f 7787 7800 7799
f 7799 7800 7801
f 7801 7800 7802
f 7800 7803 7802
f 7802 7803 7804
f 7804 7803 7805
f 7803 7806 7805
f 7805 7806 7807
f 7807 7806 7808
f 7808 7806 7809
f 7806 7810 7809
f 7810 7811 7809
f 7809 7811 7812
f 7811 7813 7812
f 7814 7815 7816
f 7816 7815 7817
f 7817 7815 7818
f 7815 7819 7818
f 7819 7820 7818
f 7818 7820 7821
f 7821 7820 7822
f 7822 7820 7823
f 7823 7820 7824
f 7824 7820 7825
f 7820 7826 7825
f 7825 7826 7827
f 7827 7826 7828
f 7826 7829 7828
f 7828 7829 7830
f 7830 7829 7831
f 7829 7832 7831
f 7831 7832 7833
f 7833 7832 7834
f 7832 7835 7834
f 7835 7836 7834
f 7837 7834 7838
f 7838 7834 7839
f 7834 7836 7839
f 7839 7836 7840
f 7836 7841 7840
f 7840 7841 7842
f 7842 7841 7843
f 7843 7841 7844
f 7844 7841 7845
f 7841 7846 7845
f 7846 7847 7845
f 7847 7848 7845
f 7848 7812 7845
f 7812 7813 7845
f 7813 7849 7845
f 7849 7850 7845
f 7845 7850 7851
f 7851 7850 7852
f 7850 7853 7852
f 7852 7853 7854
f 7853 7855 7854
f 7855 7856 7854
f 7854 7856 7857
f 7856 7858 7857
f 7857 7858 7859
f 7858 7860 7859
f 7859 7860 7861
f 7860 7862 7861
f 7863 7864 7865
f 7864 7861 7865
f 7861 7862 7865
f 7862 7866 7865
f 7865 7866 7867
f 7867 7866 7868
f 7868 7866 7869
f 7866 7870 7869
f 7869 7870 7871
f 7870 7872 7871
f 7871 7872 7873
f 7873 7872 7874
f 7872 7875 7874
f 7874 7875 7876
f 7875 7877 7876
f 7877 7878 7876
f 7876 7878 7879
f 7879 7878 7880
f 7878 7881 7880
f 7881 7882 7880
f 7882 7883 7880
f 7883 7884 7880
f 7884 7885 7880
f 7886 7887 7888
f 7888 7887 7889
f 7887 7890 7889
f 7889 7890 7891
f 7890 7892 7891
f 7891 7892 7893
f 7892 7894 7893
f 7893 7894 7895
f 7894 7896 7895
f 7895 7896 7897
f 7896 7898 7897
f 7897 7898 7899
f 7898 7900 7899
f 7900 7901 7899
f 7902 7903 7904
f 7904 7903 7905
f 7903 7906 7905
f 7907 7908 7909
f 7909 7908 7910
f 7908 7911 7910
f 7910 7911 7912
f 7911 7913 7912
f 7912 7913 7914
f 7913 7915 7914
f 7914 7915 7916
f 7915 7917 7916
f 7916 7917 7918
f 7917 7919 7918
f 7918 7919 7920
f 7919 7921 7920
f 7921 7922 7920
f 7923 7924 7925
f 7924 7926 7925
f 7927 7928 7929
f 7929 7928 7930
f 7928 7931 7930
f 7930 7931 7932
f 7931 7933 7932
f 7932 7933 7934
f 7933 7935 7934
f 7934 7935 7936
f 7937 7938 7939
f 7939 7938 7940
f 7938 7941 7940
f 7940 7941 7942
f 7941 7936 7942
f 7936 7935 7942
f 7943 7944 7945
f 7945 7944 7946
f 7944 7947 7946
f 7946 7947 7948
f 7947 7949 7948
f 7948 7949 7950
f 7949 7951 7950
f 7950 7951 7952
f 7951 7953 7952
f 7952 7953 7954
f 7953 7955 7954
f 7954 7955 7956
f 7955 7957 7956
f 7956 7957 7958
f 7957 7959 7958
f 7958 7959 7960
f 7959 7961 7960
f 7960 7961 7962
f 7961 7963 7962
f 7962 7963 7964
f 7963 7965 7964
f 7964 7965 7966
f 7965 7967 7966
f 7966 7967 7968
f 7967 7969 7968
f 7968 7969 7970
f 7969 7971 7970
f 7970 7971 7972
f 7971 7973 7972
f 7972 7973 7974
f 7973 7975 7974
f 7974 7975 7976
f 7975 7977 7976
f 7976 7977 7978
f 7977 7979 7978
f 7978 7979 7980
f 7979 7981 7980
f 7980 7981 7982
f 7981 7983 7982
f 7982 7983 7984
f 7983 7985 7984
f 7984 7985 7986
f 7985 7987 7986
f 7986 7987 7988
f 7987 7989 7988
f 7988 7989 7990
f 7989 7991 7990
f 7990 7991 7992
f 7991 7993 7992
f 7992 7993 7994
f 7993 7995 7994
f 7994 7995 7996
f 7995 7997 7996
f 7996 7997 7998
f 7997 7999 7998
f 7998 7999 8000
f 7999 8001 8000
f 8000 8001 8002
f 8001 8003 8002
f 8002 8003 8004
f 8003 8005 8004
f 8004 8005 8006
f 8005 7943 8006
f 7943 7945 8006
f 8007 8008 8009
f 8009 8008 8010
f 8010 8008 8011
f 8011 8008 8012
f 8012 8008 8013
f 8008 8014 8013
f 8014 8015 8013
f 8015 8016 8013
f 8016 8017 8013
f 8017 8018 8013
f 8018 8019 8013
f 8013 8019 8020
f 8019 8021 8020
f 8020 8021 8022
f 8022 8021 8023
f 8023 8021 8024
f 8021 8025 8024
f 8026 8027 8028
f 8027 8029 8028
f 8029 8030 8028
f 8030 8031 8028
f 8028 8031 8032
f 8031 8033 8032
f 8032 8033 8034
f 8034 8033 8035
f 8035 8033 8036
f 8036 8033 8037
f 8037 8033 8038
f 8038 8033 8039
f 8033 8040 8039
f 8041 8039 8042
f 8042 8039 8043
f 8043 8039 8044
f 8039 8040 8044
f 8045 8046 8047
f 8047 8046 8048
f 8048 8046 8049
f 8049 8046 8050
f 8050 8046 8051
f 8051 8046 8052
f 8052 8046 8053
f 8053 8046 8054
f 8054 8046 8055
f 8055 8046 8056
f 8056 8046 8057
f 8057 8046 8058
f 8058 8046 8059
f 8059 8046 8060
f 8060 8046 8061
f 8061 8046 8062
f 8062 8046 8063
f 8063 8046 8064
f 8064 8046 8065
f 8065 8046 8066
f 8066 8046 8067
f 8067 8046 8068
f 8068 8046 8069
f 8069 8046 8070
f 8070 8046 8071
f 8071 8046 8072
f 8046 8045 8072
f 8073 8074 8075
f 8075 8074 8076
f 8076 8074 8077
f 8074 8078 8077
f 8077 8078 8079
f 8078 8080 8079
f 8079 8080 8081
f 8080 8082 8081
f 8081 8082 8083
f 8082 8084 8083
f 8083 8084 8085
f 8084 8086 8085
f 8085 8086 8087
f 8086 8088 8087
f 8087 8088 8089
f 8088 8090 8089
f 8089 8090 8091
f 8092 8093 8094
f 8094 8093 8095
f 8093 8096 8095
f 8095 8096 8097
f 8096 8098 8097
f 8098 8099 8097
f 8097 8099 8100
f 8099 8101 8100
f 8100 8101 8102
f 8101 8103 8102
f 8102 8103 8104
f 8103 8105 8104
f 8104 8105 8106
f 8105 8107 8106
f 8106 8107 8108
f 8107 8109 8108
f 8108 8109 8110
f 8109 8111 8110
f 8110 8111 8112
f 8111 8113 8112
f 8112 8113 8114
f 8113 8115 8114
f 8114 8115 8116
f 8115 8117 8116
f 8117 8118 8116
f 8116 8118 8119
f 8118 8091 8119
f 8091 8090 8119
f 8120 8121 8122
f 8122 8121 8123
f 8121 8124 8123
f 8123 8124 8125
f 8124 8126 8125
f 8125 8126 8127
f 8126 8128 8127
f 8127 8128 8129
f 8128 8130 8129
f 8129 8130 8131
f 8130 8132 8131
f 8131 8132 8133
f 8132 8134 8133
f 8133 8134 8135
f 8134 8136 8135
f 8135 8136 8137
f 8136 8138 8137
f 8137 8138 8139
f 8138 8140 8139
f 8139 8140 8141
f 8140 8142 8141
f 8141 8142 8143
f 8142 8144 8143
f 8143 8144 8145
f 8144 8146 8145
f 8145 8146 8147
f 8146 8148 8147
f 8147 8148 8149
f 8148 8150 8149
f 8149 8150 8151
f 8150 8152 8151
f 8151 8152 8153
f 8152 8154 8153
f 8153 8154 8155
f 8154 8156 8155
f 8155 8156 8157
f 8156 8158 8157
f 8157 8158 8159
f 8158 8160 8159
f 8159 8160 8161
f 8160 8162 8161
f 8161 8162 8163
f 8162 8164 8163
f 8163 8164 8165
f 8164 8166 8165
f 8165 8166 8167
f 8166 8168 8167
f 8167 8168 8169
f 8168 8170 8169
f 8169 8170 8171
f 8170 8172 8171
f 8171 8172 8173
f 8172 8120 8173
f 8120 8122 8173
f 8174 8175 8176
f 8176 8175 8177
f 8177 8175 8178
f 8175 8179 8178
f 8178 8179 8180
f 8179 8181 8180
f 8180 8181 8182
f 8181 8183 8182
f 8182 8183 8184
f 8183 8185 8184
f 8185 8186 8184
f 8186 8187 8184
f 8188 8189 8190
f 8190 8189 8191
f 8191 8189 8192
f 8192 8189 8193
f 8193 8189 8194
f 8194 8189 8195
f 8195 8189 8196
f 8197 8196 8198
f 8196 8189 8198
f 8198 8189 8199
f 8199 8189 8200
f 8200 8189 8201
f 8189 8202 8201
f 8202 8203 8201
f 8203 8184 8201
f 8184 8187 8201
f 8201 8187 8204
f 8204 8187 8205
f 8187 8206 8205
f 8205 8206 8207
f 8206 8208 8207
f 8208 8209 8207
f 8209 8210 8207
f 8210 8211 8207
f 8207 8211 8212
f 8211 8213 8212
f 8213 8214 8212
f 8214 8215 8212
f 8215 8216 8212
f 8217 8218 8219
f 8218 8220 8219
f 8221 8222 8223
f 8222 8224 8223
f 8224 8225 8223
f 8225 8226 8223
f 8226 8227 8223
f 8227 8228 8223
f 8228 8219 8223
f 8219 8220 8223
f 8220 8229 8223
f 8223 8229 8230
f 8229 8212 8230
f 8212 8216 8230
f 8216 8231 8230
f 8231 8232 8230
f 8232 8233 8230
f 8230 8233 8234
f 8233 8235 8234
f 8234 8235 8236
f 8236 8235 8237
f 8235 8238 8237
f 8237 8238 8239
f 8238 8240 8239
f 8239 8240 8241
f 8240 8242 8241
f 8241 8242 8243
f 8243 8242 8244
f 8242 8245 8244
f 8244 8245 8246
f 8245 8247 8246
f 8246 8247 8248
f 8247 8249 8248
f 8248 8249 8250
f 8250 8249 8251
f 8249 8174 8251
f 8174 8176 8251
f 8252 8253 8254
f 8254 8253 8255
f 8253 8256 8255
f 8255 8256 8257
f 8256 8258 8257
f 8257 8258 8259
f 8258 8260 8259
f 8259 8260 8261
f 8260 8262 8261
f 8261 8262 8263
f 8262 8264 8263
f 8264 8265 8263
f 8266 8267 8268
f 8267 8269 8268
f 8270 8271 8272
f 8272 8271 8273
f 8274 8275 8276
f 8276 8275 8277
f 8275 8278 8277
f 8277 8278 8279
f 8280 8281 8282
f 8282 8281 8283
f 8281 8284 8283
f 8283 8284 8285
f 8284 8286 8285
f 8285 8286 8287
f 8286 8288 8287
f 8287 8288 8289
f 8288 8290 8289
f 8289 8290 8291
f 8290 8292 8291
f 8291 8292 8293
f 8292 8294 8293
f 8293 8294 8295
f 8294 8296 8295
f 8295 8296 8297
f 8296 8298 8297
f 8297 8298 8299
f 8298 8300 8299
f 8299 8300 8301
f 8300 8302 8301
f 8301 8302 8303
f 8303 8302 8304
f 8302 8305 8304
f 8304 8305 8306
f 8305 8307 8306
f 8306 8307 8308
f 8307 8309 8308
f 8308 8309 8310
f 8309 8311 8310
f 8310 8311 8312
f 8311 8313 8312
f 8312 8313 8314
f 8313 8315 8314
f 8314 8315 8316
f 8315 8317 8316
f 8316 8317 8318
f 8317 8319 8318
f 8318 8319 8320
f 8319 8321 8320
f 8320 8321 8322
f 8321 8323 8322
f 8322 8323 8324
f 8323 8325 8324
f 8324 8325 8326
f 8325 8327 8326
f 8326 8327 8328
f 8327 8329 8328
f 8328 8329 8330
f 8329 8331 8330
f 8330 8331 8332
f 8331 8333 8332
f 8332 8333 8334
f 8333 8335 8334
f 8334 8335 8336
f 8335 8337 8336
f 8336 8337 8338
f 8337 8339 8338
f 8338 8339 8340
f 8339 8341 8340
f 8340 8341 8342
f 8341 8343 8342
f 8342 8343 8344
f 8343 8345 8344
f 8345 8346 8344
f 8344 8346 8347
f 8346 8348 8347
f 8347 8348 8349
f 8348 8350 8349
f 8349 8350 8351
f 8350 8352 8351
f 8351 8352 8353
f 8352 8354 8353
f 8353 8354 8355
f 8354 8356 8355
f 8355 8356 8357
f 8356 8358 8357
f 8357 8358 8359
f 8358 8360 8359
f 8359 8360 8361
f 8360 8279 8361
f 8279 8278 8361
f 8362 8363 8364
f 8363 8365 8364
f 8366 8364 8367
f 8364 8365 8367
f 8367 8365 8368
f 8365 8369 8368
f 8369 8370 8368
f 8368 8370 8371
f 8370 8372 8371
f 8371 8372 8373
f 8372 8374 8373
f 8373 8374 8375
f 8374 8376 8375
f 8375 8376 8377
f 8376 8378 8377
f 8377 8378 8379
f 8378 8380 8379
f 8380 8381 8379
f 8382 8383 8384
f 8383 8385 8384
f 8386 8387 8388
f 8388 8387 8389
f 8389 8387 8390
f 8391 8390 8392
f 8392 8390 8393
f 8393 8390 8394
f 8394 8390 8395
f 8395 8390 8396
f 8396 8390 8397
f 8398 8399 8400
f 8399 8401 8400
f 8401 8402 8400
f 8402 8403 8400
f 8400 8403 8404
f 8404 8403 8405
f 8405 8403 8406
f 8406 8403 8407
f 8407 8403 8408
f 8408 8403 8409
f 8409 8403 8410
f 8403 8397 8410
f 8410 8397 8411
f 8411 8397 8412
f 8397 8390 8412
f 8390 8387 8412
f 8387 8413 8412
f 8413 8414 8412
f 8414 8415 8412
f 8412 8415 8416
f 8415 8417 8416
f 8416 8417 8418
f 8417 8419 8418
f 8419 8420 8418
f 8418 8420 8421
f 8420 8422 8421
f 8421 8422 8423
f 8422 8424 8423
f 8423 8424 8425
f 8425 8424 8426
f 8426 8424 8427
f 8428 8429 8430
f 8430 8429 8431
f 8431 8429 8432
f 8432 8429 8433
f 8429 8434 8433
f 8434 8435 8433
f 8435 8436 8433
f 8436 8437 8433
f 8437 8438 8433
f 8433 8438 8439
f 8439 8438 8440
f 8438 8441 8440
f 8440 8441 8442
f 8441 8443 8442
f 8442 8443 8444
f 8444 8443 8445
f 8445 8443 8446
f 8443 8447 8446
f 8446 8447 8448
f 8448 8447 8449
f 8447 8450 8449
f 8450 8451 8449
f 8451 8452 8449
f 8453 8449 8454
f 8454 8449 8455
f 8449 8452 8455
f 8455 8452 8456
f 8452 8457 8456
f 8456 8457 8458
f 8458 8457 8459
f 8459 8457 8460
f 8460 8457 8461
f 8457 8462 8461
f 8462 8463 8461
f 8463 8464 8461
f 8464 8427 8461
f 8427 8424 8461
f 8424 8465 8461
f 8465 8466 8461
f 8461 8466 8467
f 8466 8468 8467
f 8467 8468 8469
f 8468 8470 8469
f 8469 8470 8471
f 8470 8472 8471
f 8471 8472 8473
f 8472 8474 8473
f 8473 8474 8475
f 8474 8476 8475
f 8476 8477 8475
f 8478 8479 8480
f 8479 8481 8480
f 8481 8475 8480
f 8475 8477 8480
f 8477 8482 8480
f 8480 8482 8483
f 8482 8484 8483
f 8483 8484 8485
f 8484 8486 8485
f 8485 8486 8487
f 8487 8486 8488
f 8488 8486 8489
f 8489 8486 8490
f 8486 8491 8490
f 8490 8491 8492
f 8491 8493 8492
f 8492 8493 8494
f 8493 8495 8494
f 8495 8496 8494
f 8496 8497 8494
f 8497 8498 8494
f 8498 8499 8494
f 8494 8499 8500
f 8500 8499 8501
f 8501 8499 8502
f 8499 8503 8502
f 8504 8505 8506
f 8505 8507 8506
f 8507 8508 8506
f 8506 8508 8509
f 8509 8508 8510
f 8508 8511 8510
f 8511 8512 8510
f 8512 8513 8510
f 8513 8514 8510
f 8514 8515 8510
f 8510 8515 8516
f 8515 8517 8516
f 8517 8518 8516
f 8516 8518 8519
f 8518 8520 8519
f 8519 8520 8521
f 8520 8522 8521
f 8522 8523 8521
f 8523 8524 8521
f 8521 8524 8525
f 8525 8524 8526
f 8526 8524 8527
f 8528 8529 8530
f 8530 8529 8531
f 8531 8529 8532
f 8532 8529 8533
f 8533 8529 8534
f 8534 8529 8535
f 8535 8529 8536
f 8536 8529 8537
f 8537 8529 8538
f 8539 8540 8541
f 8541 8540 8542
f 8542 8540 8543
f 8543 8540 8544
f 8544 8540 8545
f 8545 8540 8546
f 8546 8540 8547
f 8540 8548 8547
f 8548 8549 8547
f 8547 8549 8550
f 8549 8538 8550
f 8550 8538 8551
f 8538 8529 8551
f 8529 8552 8551
f 8552 8553 8551
f 8553 8554 8551
f 8551 8554 8555
f 8554 8556 8555
f 8556 8557 8555
f 8557 8558 8555
f 8559 8560 8561
f 8560 8562 8561
f 8562 8563 8561
f 8563 8564 8561
f 8561 8564 8565
f 8565 8564 8566
f 8566 8564 8567
f 8567 8564 8568
f 8568 8564 8569
f 8569 8564 8570
f 8564 8571 8570
f 8570 8571 8572
f 8572 8571 8573
f 8571 8574 8573
f 8573 8574 8575
f 8575 8574 8576
f 8574 8577 8576
f 8576 8577 8578
f 8578 8577 8579
f 8577 8580 8579
f 8580 8581 8579
f 8581 8582 8579
f 8583 8584 8585
f 8585 8584 8586
f 8586 8584 8587
f 8587 8584 8588
f 8588 8584 8589
f 8589 8584 8590
f 8590 8584 8591
f 8591 8584 8592
f 8592 8584 8593
f 8584 8594 8593
f 8593 8594 8595
f 8594 8596 8595
f 8595 8596 8597
f 8596 8598 8597
f 8598 8599 8597
f 8599 8600 8597
f 8600 8601 8597
f 8597 8601 8602
f 8601 8603 8602
f 8602 8603 8604
f 8603 8605 8604
f 8604 8605 8606
f 8606 8605 8607
f 8605 8579 8607
f 8607 8579 8608
f 8608 8579 8609
f 8609 8579 8610
f 8610 8579 8611
f 8611 8579 8612
f 8612 8579 8613
f 8613 8579 8614
f 8615 8616 8617
f 8617 8616 8618
f 8618 8616 8619
f 8620 8621 8622
f 8621 8623 8622
f 8623 8624 8622
f 8624 8625 8622
f 8625 8619 8622
f 8622 8619 8626
f 8627 8628 8629
f 8628 8630 8629
f 8630 8631 8629
f 8631 8632 8629
f 8629 8632 8633
f 8633 8632 8634
f 8634 8632 8635
f 8635 8632 8636
f 8636 8632 8637
f 8632 8638 8637
f 8637 8638 8639
f 8638 8626 8639
f 8639 8626 8640
f 8640 8626 8641
f 8626 8619 8641
f 8619 8616 8641
f 8616 8642 8641
f 8642 8643 8641
f 8643 8644 8641
f 8641 8644 8645
f 8644 8646 8645
f 8645 8646 8647
f 8646 8648 8647
f 8648 8649 8647
f 8647 8649 8650
f 8649 8651 8650
f 8651 8614 8650
f 8650 8614 8652
f 8652 8614 8653
f 8614 8579 8653
f 8653 8579 8654
f 8579 8582 8654
f 8582 8655 8654
f 8655 8656 8654
f 8656 8657 8654
f 8657 8658 8654
f 8654 8658 8659
f 8658 8660 8659
f 8660 8661 8659
f 8661 8662 8659
f 8662 8663 8659
f 8663 8664 8659
f 8664 8665 8659
f 8665 8555 8659
f 8555 8558 8659
f 8558 8666 8659
f 8666 8667 8659
f 8667 8668 8659
f 8659 8668 8669
f 8668 8670 8669
f 8670 8671 8669
f 8671 8672 8669
f 8672 8673 8669
f 8673 8527 8669
f 8527 8524 8669
f 8669 8524 8674
f 8674 8524 8675
f 8675 8524 8676
f 8676 8524 8677
f 8677 8524 8678
f 8524 8679 8678
f 8678 8679 8680
f 8680 8679 8681
f 8679 8682 8681
f 8682 8683 8681
f 8681 8683 8684
f 8683 8685 8684
f 8685 8686 8684
f 8686 8687 8684
f 8684 8687 8688
f 8687 8689 8688
f 8688 8689 8690
f 8689 8691 8690
f 8691 8692 8690
f 8690 8692 8693
f 8693 8692 8694
f 8694 8692 8695
f 8695 8692 8696
f 8696 8692 8697
f 8692 8698 8697
f 8699 8697 8700
f 8700 8697 8701
f 8697 8698 8701
f 8702 8703 8704
f 8704 8703 8705
f 8703 8706 8705
f 8705 8706 8707
f 8706 8708 8707
f 8707 8708 8709
f 8708 8710 8709
f 8709 8710 8711
f 8710 8712 8711
f 8711 8712 8713
f 8712 8714 8713
f 8713 8714 8715
f 8714 8716 8715
f 8715 8716 8717
f 8716 8718 8717
f 8717 8718 8719
f 8718 8720 8719
f 8719 8720 8721
f 8720 8722 8721
f 8721 8722 8723
f 8722 8724 8723
f 8723 8724 8725
f 8725 8724 8726
f 8724 8727 8726
f 8726 8727 8728
f 8727 8729 8728
f 8728 8729 8730
f 8729 8731 8730
f 8730 8731 8732
f 8731 8733 8732
f 8732 8733 8734
f 8733 8735 8734
f 8734 8735 8736
f 8735 8737 8736
f 8736 8737 8738
f 8737 8739 8738
f 8738 8739 8740
f 8739 8741 8740
f 8740 8741 8742
f 8741 8743 8742
f 8742 8743 8744
f 8743 8745 8744
f 8744 8745 8746
f 8745 8747 8746
f 8746 8747 8748
f 8747 8749 8748
f 8748 8749 8750
f 8749 8751 8750
f 8750 8751 8752
f 8751 8753 8752
f 8752 8753 8754
f 8753 8755 8754
f 8754 8755 8756
f 8755 8757 8756
f 8756 8757 8758
f 8757 8759 8758
f 8758 8759 8760
f 8759 8761 8760
f 8760 8761 8762
f 8761 8763 8762
f 8762 8763 8764
f 8763 8765 8764
f 8764 8765 8766
f 8765 8767 8766
f 8767 8768 8766
f 8766 8768 8769
f 8768 8770 8769
f 8769 8770 8771
f 8770 8772 8771
f 8771 8772 8773
f 8772 8774 8773
f 8773 8774 8775
f 8774 8776 8775
f 8775 8776 8777
f 8776 8778 8777
f 8777 8778 8779
f 8780 8781 8782
f 8782 8781 8783
f 8781 8784 8783
f 8783 8784 8785
f 8784 8786 8785
f 8785 8786 8787
f 8786 8788 8787
f 8787 8788 8789
f 8788 8779 8789
f 8779 8778 8789
f 8790 8791 8792
f 8792 8791 8793
f 8791 8794 8793
f 8793 8794 8795
f 8794 8796 8795
f 8795 8796 8797
f 8796 8798 8797
f 8797 8798 8799
f 8798 8800 8799
f 8799 8800 8801
f 8800 8802 8801
f 8801 8802 8803
f 8802 8804 8803
f 8803 8804 8805
f 8804 8806 8805
f 8805 8806 8807
f 8806 8808 8807
f 8807 8808 8809
f 8808 8810 8809
f 8809 8810 8811
f 8810 8812 8811
f 8811 8812 8813
f 8814 8813 8815
f 8813 8812 8815
f 8816 8817 8818
f 8817 8819 8818
f 8820 8821 8822
f 8821 8823 8822
f 8824 8825 8826
f 8825 8827 8826
f 8828 8829 8830
f 8829 8831 8830
f 8832 8833 8834
f 8833 8835 8834
f 8834 8835 8836
f 8835 8837 8836
f 8836 8837 8838
f 8837 8839 8838
f 8838 8839 8840
f 8839 8841 8840
f 8840 8841 8842
f 8841 8843 8842
f 8842 8843 8844
f 8843 8845 8844
f 8844 8845 8846
f 8845 8847 8846
f 8846 8847 8848
f 8847 8849 8848
f 8848 8849 8850
f 8849 8851 8850
f 8850 8851 8852
f 8852 8851 8853
f 8854 8855 8856
f 8855 8857 8856
f 8856 8857 8858
f 8857 8859 8858
f 8858 8859 8860
f 8859 8861 8860
f 8860 8861 8862
f 8861 8863 8862
f 8862 8863 8864
f 8863 8865 8864
f 8864 8865 8866
f 8865 8867 8866
f 8866 8867 8868
f 8867 8869 8868
f 8868 8869 8870
f 8869 8871 8870
f 8870 8871 8872
f 8871 8873 8872
f 8872 8873 8874
f 8874 8873 8875
f 8876 8877 8878
f 8877 8879 8878
f 8878 8879 8880
f 8879 8881 8880
f 8880 8881 8882
f 8881 8883 8882
f 8882 8883 8884
f 8883 8885 8884
f 8884 8885 8886
f 8885 8887 8886
f 8886 8887 8888
f 8887 8889 8888
f 8888 8889 8890
f 8889 8891 8890
f 8890 8891 8892
f 8891 8893 8892
f 8892 8893 8894
f 8895 8896 8897
f 8896 8898 8897
f 8897 8898 8899
f 8898 8900 8899
f 8899 8900 8901
f 8900 8902 8901
f 8901 8902 8903
f 8902 8904 8903
f 8903 8904 8905
f 8904 8906 8905
f 8905 8906 8907
f 8906 8908 8907
f 8907 8908 8909
f 8908 8910 8909
f 8909 8910 8911
f 8910 8912 8911
f 8911 8912 8913
f 8912 8914 8913
f 8913 8914 8915
f 8914 8916 8915
f 8915 8916 8917
f 8916 8918 8917
f 8917 8918 8919
f 8918 8920 8919
f 8919 8920 8921
f 8920 8894 8921
f 8894 8893 8921
f 8922 8923 8924
f 8923 8925 8924
f 8924 8925 8926
f 8926 8925 8927
f 8925 8928 8927
f 8928 8929 8927
f 8927 8929 8930
f 8930 8929 8931
f 8931 8929 8932
f 8932 8929 8933
f 8933 8929 8934
f 8929 8935 8934
f 8935 8936 8934
f 8936 8937 8934
f 8937 8938 8934
f 8934 8938 8939
f 8938 8940 8939
f 8940 8941 8939
f 8941 8942 8939
f 8942 8943 8939
f 8943 8944 8939
f 8939 8944 8945
f 8944 8946 8945
f 8945 8946 8947
f 8947 8946 8948
f 8948 8946 8949
f 8949 8946 8950
f 8950 8946 8951
f 8946 8952 8951
f 8951 8952 8953
f 8952 8954 8953
f 8954 8955 8953
f 8955 8956 8953
f 8953 8956 8957
f 8957 8956 8958
f 8958 8956 8959
f 8956 8960 8959
f 8959 8960 8961
f 8960 8962 8961
f 8962 8963 8961
f 8963 8964 8961
f 8964 8965 8961
f 8965 8966 8961
f 8961 8966 8967
f 8966 8968 8967
f 8967 8968 8969
f 8969 8968 8970
f 8970 8968 8971
f 8971 8968 8972
f 8968 8973 8972
f 8973 8974 8972
f 8974 8975 8972
f 8975 8976 8972
f 8976 8977 8972
f 8977 8978 8972
f 8972 8978 8979
f 8979 8978 8980
f 8978 8981 8980
f 8981 8982 8980
f 8982 8983 8980
f 8983 8984 8980
f 8985 8980 8986
f 8986 8980 8987
f 8987 8980 8988
f 8988 8980 8989
f 8980 8984 8989
f 8990 8991 8992
f 8991 8993 8992
f 8993 8994 8992
f 8994 8995 8992
f 8995 8996 8992
f 8996 8997 8992
f 8992 8997 8998
f 8997 8999 8998
f 8999 9000 8998
f 9000 9001 8998
f 9001 9002 8998
f 9002 9003 8998
f 8998 9003 9004
f 9003 9005 9004
f 9006 9007 9008
f 9008 9007 9009
f 9007 9010 9009
f 9011 9012 9013
f 9013 9012 9014
f 9012 9015 9014
f 9016 9017 9018
f 9018 9017 9019
f 9017 9020 9019
f 9019 9020 9021
f 9020 9022 9021
f 9021 9022 9023
f 9022 9024 9023
f 9023 9024 9025
f 9024 9026 9025
f 9025 9026 9027
f 9026 9028 9027
f 9027 9028 9029
f 9030 9029 9031
f 9029 9028 9031
f 9032 9033 9034
f 9033 9035 9034
f 9035 9036 9034
f 9036 9037 9034
f 9037 9038 9034
f 9038 9039 9034
f 9039 9040 9034
f 9040 9041 9034
f 9041 9042 9034
f 9042 9043 9034
f 9043 9044 9034
f 9034 9044 9045
f 9045 9044 9046
f 9044 9047 9046
f 9048 9046 9049
f 9046 9047 9049
f 9050 9051 9052
f 9051 9053 9052
f 9052 9053 9054
f 9053 9055 9054
f 9054 9055 9056
f 9055 9057 9056
f 9056 9057 9058
f 9057 9059 9058
f 9058 9059 9060
f 9059 9061 9060
f 9060 9061 9062
f 9061 9063 9062
f 9062 9063 9064
f 9063 9065 9064
f 9066 9067 9068
f 9067 9069 9068
f 9070 9068 9071
f 9068 9069 9071
f 9071 9069 9072
f 9069 9073 9072
f 9074 9075 9076
f 9075 9077 9076
f 9078 9076 9079
f 9076 9077 9079
f 9079 9077 9080
f 9077 9081 9080
f 9082 9083 9084
f 9083 9085 9084
f 9085 9086 9084
f 9087 9088 9089
f 9088 9090 9089
f 9089 9090 9091
f 9090 9092 9091
f 9091 9092 9093
f 9092 9094 9093
f 9093 9094 9095
f 9094 9096 9095
f 9095 9096 9097
f 9096 9098 9097
f 9097 9098 9099
f 9100 9101 9102
f 9101 9099 9102
f 9099 9098 9102
f 9103 9104 9105
f 9105 9104 9106
f 9104 9107 9106
f 9108 9109 9110
f 9109 9111 9110
f 9112 9113 9114
f 9114 9113 9115
f 9113 9116 9115
f 9117 9118 9119
f 9118 9120 9119
f 9119 9120 9121
f 9120 9122 9121
f 9121 9122 9123
f 9122 9124 9123
f 9123 9124 9125
f 9124 9126 9125
f 9125 9126 9127
f 9126 9128 9127
f 9127 9128 9129
f 9128 9130 9129
f 9129 9130 9131
f 9130 9132 9131
f 9133 9134 9135
f 9135 9134 9136
f 9136 9134 9137
f 9137 9134 9138
f 9138 9134 9139
f 9139 9134 9140
f 9140 9134 9141
f 9141 9134 9142
f 9143 9142 9144
f 9142 9134 9144
f 9144 9134 9145
f 9145 9134 9146
f 9146 9134 9147
f 9134 9148 9147
f 9149 9147 9150
f 9147 9148 9150
f 9151 9152 9153
f 9153 9152 9154
f 9152 9155 9154
f 9154 9155 9156
f 9157 9158 9159
f 9159 9158 9160
f 9158 9161 9160
f 9160 9161 9162
f 9161 9163 9162
f 9162 9163 9164
f 9163 9165 9164
f 9164 9165 9166
f 9165 9156 9166
f 9156 9155 9166
f 9167 9168 9169
f 9169 9168 9170
f 9168 9171 9170
f 9172 9173 9174
f 9173 9175 9174
f 9176 9177 9178
f 9178 9177 9179
f 9177 9180 9179
f 9181 9182 9183
f 9182 9184 9183
f 9185 9186 9187
f 9186 9188 9187
f 9187 9188 9189
f 9188 9190 9189
f 9190 9191 9189
f 9191 9192 9189
f 9193 9194 9195
f 9194 9196 9195
f 9195 9196 9197
f 9196 9198 9197
f 9198 9199 9197
f 9197 9199 9200
f 9199 9201 9200
f 9201 9202 9200
f 9202 9203 9200
f 9203 9189 9200
f 9200 9189 9204
f 9205 9206 9207
f 9206 9208 9207
f 9208 9209 9207
f 9207 9209 9210
f 9210 9209 9211
f 9211 9209 9212
f 9212 9209 9213
f 9213 9209 9214
f 9214 9209 9215
f 9215 9209 9216
f 9209 9217 9216
f 9217 9218 9216
f 9218 9204 9216
f 9204 9189 9216
f 9216 9189 9219
f 9189 9192 9219
f 9220 9219 9221
f 9221 9219 9222
f 9222 9219 9223
f 9223 9219 9224
f 9219 9192 9224
f 9225 9226 9227
f 9227 9226 9228
f 9226 9229 9228
f 9230 9231 9232
f 9231 9233 9232
f 9234 9235 9236
f 9235 9232 9236
f 9232 9233 9236
f 9236 9233 9237
f 9238 9239 9240
f 9239 9241 9240
f 9240 9241 9242
f 9241 9243 9242
f 9242 9243 9244
f 9243 9245 9244
f 9244 9245 9246
f 9245 9247 9246
f 9246 9247 9248
f 9247 9249 9248
f 9248 9249 9250
f 9249 9251 9250
f 9250 9251 9252
f 9251 9253 9252
f 9254 9255 9256
f 9255 9257 9256
f 9257 9258 9256
f 9258 9259 9256
f 9259 9260 9256
f 9260 9261 9256
f 9261 9262 9256
f 9262 9263 9256
f 9263 9264 9256
f 9264 9265 9256
f 9265 9266 9256
f 9256 9266 9267
f 9267 9266 9268
f 9268 9266 9269
f 9269 9266 9270
f 9266 9271 9270
f 9272 9273 9274
f 9274 9273 9275
f 9273 9276 9275
f 9275 9276 9277
f 9276 9278 9277
f 9277 9278 9279
f 9278 9280 9279
f 9279 9280 9281
f 9280 9282 9281
f 9281 9282 9283
f 9284 9285 9286
f 9286 9285 9287
f 9285 9283 9287
f 9283 9282 9287
f 9288 9289 9290
f 9289 9291 9290
f 9291 9292 9290
f 9292 9293 9290
f 9293 9294 9290
f 9294 9295 9290
f 9296 9297 9298
f 9297 9299 9298
f 9299 9300 9298
f 9298 9300 9301
f 9301 9300 9302
f 9302 9300 9303
f 9303 9300 9304
f 9305 9306 9307
f 9306 9308 9307
f 9308 9309 9307
f 9307 9309 9310
f 9310 9309 9311
f 9309 9304 9311
f 9304 9300 9311
f 9311 9300 9312
f 9300 9290 9312
f 9290 9295 9312
f 9295 9313 9312
f 9313 9314 9312
f 9314 9315 9312
f 9315 9316 9312
f 9312 9316 9317
f 9317 9316 9318
f 9316 9319 9318
f 9320 9321 9322
f 9321 9323 9322
f 9323 9324 9322
f 9324 9325 9322
f 9325 9326 9322
f 9326 9327 9322
f 9327 9328 9322
f 9328 9329 9322
f 9329 9330 9322
f 9330 9331 9322
f 9322 9331 9332
f 9332 9331 9333
f 9333 9331 9334
f 9331 9335 9334
f 9336 9334 9337
f 9334 9335 9337
f 9338 9339 9340
f 9340 9339 9341
f 9339 9342 9341
f 9341 9342 9343
f 9342 9344 9343
f 9343 9344 9345
f 9344 9346 9345
f 9345 9346 9347
f 9348 9349 9350
f 9350 9349 9351
f 9349 9352 9351
f 9351 9352 9353
f 9352 9347 9353
f 9347 9346 9353
f 9354 9355 9356
f 9355 9357 9356
f 9357 9358 9356
f 9358 9359 9356
f 9359 9360 9356
f 9360 9361 9356
f 9356 9361 9362
f 9361 9363 9362
f 9363 9364 9362
f 9364 9365 9362
f 9365 9366 9362
f 9366 9367 9362
f 9367 9368 9362
f 9368 9369 9362
f 9369 9370 9362
f 9370 9371 9362
f 9372 9362 9373
f 9362 9371 9373
f 9371 9374 9373
f 9374 9375 9373
f 9375 9376 9373
f 9376 9377 9373
f 9377 9378 9373
f 9379 9380 9381
f 9380 9373 9381
f 9373 9378 9381
f 9378 9382 9381
f 9383 9384 9385
f 9385 9384 9386
f 9386 9384 9387
f 9387 9384 9388
f 9388 9384 9389
f 9389 9384 9390
f 9390 9384 9391
f 9384 9381 9391
f 9391 9381 9392
f 9392 9381 9393
f 9393 9381 9394
f 9394 9381 9395
f 9395 9381 9396
f 9396 9381 9397
f 9381 9382 9397
f 9398 9399 9400
f 9400 9399 9401
f 9399 9402 9401
f 9401 9402 9403
f 9403 9402 9404
f 9405 9406 9407
f 9407 9406 9408
f 9409 9410 9411
f 9410 9412 9411
f 9411 9412 9413
f 9412 9414 9413
f 9413 9414 9415
f 9416 9417 9418
f 9417 9419 9418
f 9418 9419 9420
f 9421 9420 9422
f 9420 9419 9422
f 9422 9419 9423
f 9423 9419 9424
f 9419 9417 9424
f 9424 9417 9425
f 9425 9417 9426
f 9417 9416 9426
f 9426 9416 9427
f 9416 9428 9427
f 9428 9429 9427
f 9427 9429 9430
f 9429 9431 9430
f 9430 9431 9432
f 9431 9415 9432
f 9415 9414 9432
f 9432 9414 9433
f 9433 9414 9434
f 9414 9412 9434
f 9434 9412 9435
f 9412 9410 9435
f 9435 9410 9436
f 9436 9410 9437
f 9410 9409 9437
f 9437 9409 9438
f 9409 9439 9438
f 9439 9440 9438
f 9438 9440 9441
f 9440 9442 9441
f 9441 9442 9443
f 9442 9408 9443
f 9408 9406 9443
f 9443 9406 9444
f 9444 9406 9445
f 9406 9405 9445
f 9445 9405 9446
f 9447 9446 9448
f 9446 9405 9448
f 9448 9405 9449
f 9405 9407 9449
f 9449 9407 9450
f 9450 9407 9451
f 9407 9408 9451
f 9451 9408 9452
f 9408 9442 9452
f 9453 9452 9454
f 9452 9442 9454
f 9442 9440 9454
f 9454 9440 9455
f 9440 9439 9455
f 9455 9439 9456
f 9456 9439 9457
f 9439 9409 9457
f 9409 9411 9457
f 9457 9411 9458
f 9411 9413 9458
f 9458 9413 9459
f 9413 9415 9459
f 9459 9415 9460
f 9415 9431 9460
f 9461 9460 9462
f 9460 9431 9462
f 9431 9429 9462
f 9462 9429 9463
f 9429 9428 9463
f 9463 9428 9464
f 9464 9428 9465
f 9428 9416 9465
f 9416 9418 9465
f 9465 9418 9466
f 9418 9420 9466
f 9466 9420 9467
f 9420 9421 9467
f 9467 9421 9468
f 9421 9469 9468
f 9470 9468 9471
f 9468 9469 9471
f 9469 9472 9471
f 9471 9472 9473
f 9472 9474 9473
f 9473 9474 9475
f 9475 9474 9476
f 9474 9404 9476
f 9404 9402 9476
f 9476 9402 9477
f 9402 9399 9477
f 9477 9399 9478
f 9399 9398 9478
f 9478 9398 9479
f 9398 9480 9479
f 9481 9479 9482
f 9479 9480 9482
f 9480 9483 9482
f 9482 9483 9484
f 9485 9484 9486
f 9484 9483 9486
f 9486 9483 9487
f 9487 9483 9488
f 9483 9480 9488
f 9488 9480 9489
f 9480 9398 9489
f 9398 9400 9489
f 9489 9400 9490
f 9490 9400 9491
f 9400 9401 9491
f 9491 9401 9492
f 9401 9403 9492
f 9492 9403 9493
f 9493 9403 9494
f 9403 9404 9494
f 9494 9404 9495
f 9404 9474 9495
f 9474 9472 9495
f 9495 9472 9496
f 9472 9469 9496
f 9496 9469 9497
f 9469 9421 9497
f 9421 9422 9497
f 9497 9422 9498
f 9422 9423 9498
f 9498 9423 9499
f 9499 9423 9500
f 9423 9424 9500
f 9500 9424 9501
f 9424 9425 9501
f 9501 9425 9502
f 9502 9425 9503
f 9425 9426 9503
f 9503 9426 9504
f 9426 9427 9504
f 9427 9430 9504
f 9504 9430 9505
f 9430 9432 9505
f 9432 9433 9505
f 9505 9433 9506
f 9506 9433 9507
f 9433 9434 9507
f 9507 9434 9508
f 9434 9435 9508
f 9508 9435 9509
f 9435 9436 9509
f 9509 9436 9510
f 9510 9436 9511
f 9436 9437 9511
f 9511 9437 9512
f 9437 9438 9512
f 9438 9441 9512
f 9512 9441 9513
f 9441 9443 9513
f 9443 9444 9513
f 9513 9444 9514
f 9514 9444 9515
f 9444 9445 9515
f 9515 9445 9516
f 9445 9446 9516
f 9516 9446 9517
f 9446 9447 9517
f 9517 9447 9518
f 9518 9447 9652
f 9652 9447 9519
f 9447 9448 9519
f 9519 9448 9520
f 9448 9449 9520
f 9520 9449 9521
f 9449 9450 9521
f 9522 9521 9523
f 9521 9450 9523
f 9523 9450 9524
f 9524 9450 9525
f 9450 9451 9525
f 9525 9451 9526
f 9451 9452 9526
f 9452 9453 9526
f 9527 9528 9529
f 9528 9530 9529
f 9529 9530 9531
f 9531 9530 9532
f 9530 9533 9532
f 9532 9533 9534
f 9533 9535 9534
f 9534 9535 9536
f 9536 9535 9537
f 9535 9526 9537
f 9526 9453 9537
f 9537 9453 9538
f 9539 9540 9541
f 9541 9540 9542
f 9542 9540 9543
f 9540 9544 9543
f 9543 9544 9545
f 9544 9546 9545
f 9545 9546 9547
f 9546 9538 9547
f 9538 9453 9547
f 9453 9454 9547
f 9547 9454 9548
f 9454 9455 9548
f 9548 9455 9549
f 9549 9455 9550
f 9455 9456 9550
f 9550 9456 9551
f 9552 9551 9553
f 9553 9551 9554
f 9551 9456 9554
f 9456 9457 9554
f 9554 9457 9555
f 9457 9458 9555
f 9555 9458 9556
f 9556 9458 9557
f 9458 9459 9557
f 9557 9459 9558
f 9459 9460 9558
f 9460 9461 9558
f 9559 9560 9561
f 9561 9560 9562
f 9562 9560 9563
f 9560 9564 9563
f 9563 9564 9565
f 9564 9566 9565
f 9565 9566 9567
f 9566 9558 9567
f 9567 9558 9568
f 9558 9461 9568
f 9568 9461 9569
f 9570 9571 9572
f 9572 9571 9573
f 9573 9571 9574
f 9571 9575 9574
f 9574 9575 9576
f 9575 9577 9576
f 9576 9577 9578
f 9577 9569 9578
f 9569 9461 9578
f 9461 9462 9578
f 9578 9462 9579
f 9462 9463 9579
f 9579 9463 9580
f 9580 9463 9581
f 9463 9464 9581
f 9581 9464 9582
f 9583 9582 9584
f 9584 9582 9585
f 9582 9464 9585
f 9464 9465 9585
f 9585 9465 9586
f 9465 9466 9586
f 9586 9466 9587
f 9587 9466 9588
f 9466 9467 9588
f 9588 9467 9589
f 9467 9468 9589
f 9468 9470 9589
f 9590 9591 9592
f 9592 9591 9593
f 9593 9591 9594
f 9591 9595 9594
f 9594 9595 9596
f 9595 9597 9596
f 9596 9597 9598
f 9597 9589 9598
f 9598 9589 9599
f 9589 9470 9599
f 9599 9470 9600
f 9601 9602 9603
f 9603 9602 9604
f 9604 9602 9605
f 9602 9606 9605
f 9605 9606 9607
f 9606 9608 9607
f 9607 9608 9609
f 9608 9600 9609
f 9600 9470 9609
f 9470 9471 9609
f 9609 9471 9610
f 9471 9473 9610
f 9610 9473 9611
f 9611 9473 9612
f 9473 9475 9612
f 9612 9475 9613
f 9614 9613 9615
f 9615 9613 9616
f 9613 9475 9616
f 9475 9476 9616
f 9616 9476 9617
f 9476 9477 9617
f 9617 9477 9618
f 9618 9477 9619
f 9477 9478 9619
f 9619 9478 9620
f 9478 9479 9620
f 9479 9481 9620
f 9621 9622 9623
f 9623 9622 9624
f 9624 9622 9625
f 9622 9626 9625
f 9625 9626 9627
f 9626 9628 9627
f 9627 9628 9629
f 9628 9620 9629
f 9629 9620 9630
f 9620 9481 9630
f 9630 9481 9631
f 9632 9633 9634
f 9634 9633 9635
f 9633 9636 9635
f 9635 9636 9637
f 9636 9638 9637
f 9637 9638 9639
f 9638 9640 9639
f 9640 9631 9639
f 9639 9631 9641
f 9631 9481 9641
f 9481 9482 9641
f 9641 9482 9642
f 9482 9484 9642
f 9642 9484 9643
f 9643 9484 9644
f 9484 9485 9644
f 9644 9485 9645
f 9646 9645 9647
f 9647 9645 9648
f 9645 9485 9648
f 9648 9485 9649
f 9485 9486 9649
f 9649 9486 9650
f 9486 9487 9650
f 9650 9487 9651
f 9652 9651 9653
f 9651 9487 9653
f 9487 9488 9653
f 9653 9488 9654
f 9488 9489 9654
f 9489 9490 9654
f 9654 9490 9655
f 9655 9490 9656
f 9490 9491 9656
f 9656 9491 9657
f 9491 9492 9657
f 9657 9492 9658
f 9492 9493 9658
f 9658 9493 9659
f 9659 9493 9660
f 9493 9494 9660
f 9660 9494 9661
f 9494 9495 9661
f 9495 9496 9661
f 9661 9496 9662
f 9496 9497 9662
f 9497 9498 9662
f 9662 9498 9663
f 9498 9499 9663
f 9663 9499 9664
f 9664 9499 9665
f 9499 9500 9665
f 9665 9500 9666
f 9500 9501 9666
f 9666 9501 9667
f 9501 9502 9667
f 9667 9502 9668
f 9669 9668 9670
f 9668 9502 9670
f 9502 9503 9670
f 9671 9670 9672
f 9672 9670 9673
f 9670 9503 9673
f 9503 9504 9673
f 9504 9505 9673
f 9505 9506 9673
f 9673 9506 9674
f 9674 9506 9675
f 9506 9507 9675
f 9675 9507 9676
f 9507 9508 9676
f 9676 9508 9677
f 9508 9509 9677
f 9677 9509 9678
f 9509 9510 9678
f 9678 9510 9679
f 9680 9679 9681
f 9679 9510 9681
f 9510 9511 9681
f 9682 9681 9683
f 9683 9681 9684
f 9681 9511 9684
f 9511 9512 9684
f 9512 9513 9684
f 9513 9514 9684
f 9684 9514 9685
f 9685 9514 9686
f 9514 9515 9686
f 9686 9515 9687
f 9515 9516 9687
f 9687 9516 9688
f 9516 9517 9688
f 9688 9517 9689
f 9517 9518 9689
f 9689 9518 9690
f 9691 9690 9692
f 9690 9518 9692
f 9518 9652 9692
f 9693 9692 9694
f 9694 9692 9695
f 9692 9652 9695
f 9652 9653 9695
f 9653 9654 9695
f 9654 9655 9695
f 9695 9655 9696
f 9696 9655 9697
f 9655 9656 9697
f 9697 9656 9698
f 9656 9657 9698
f 9698 9657 9699
f 9657 9658 9699
f 9699 9658 9700
f 9658 9659 9700
f 9700 9659 9701
f 9702 9701 9703
f 9701 9659 9703
f 9659 9660 9703
f 9704 9703 9705
f 9705 9703 9706
f 9703 9660 9706
f 9660 9661 9706
f 9661 9662 9706
f 9662 9663 9706
f 9706 9663 9707
f 9663 9664 9707
f 9708 9707 9709
f 9707 9664 9709
f 9664 9665 9709
f 9665 9666 9709
f 9666 9667 9709
f 9667 9668 9709
f 9709 9668 9710
f 9668 9669 9710
f 9710 9669 9711
f 9711 9669 9712
f 9713 9714 9715
f 9714 9716 9715
f 9715 9716 9717
f 9717 9716 9718
f 9718 9716 9719
f 9716 9720 9719
f 9720 9721 9719
f 9719 9721 9722
f 9721 9723 9722
f 9723 9712 9722
f 9712 9669 9722
f 9724 9725 9726
f 9725 9727 9726
f 9727 9728 9726
f 9728 9729 9726
f 9729 9730 9726
f 9726 9730 9731
f 9731 9730 9732
f 9730 9722 9732
f 9722 9669 9732
f 9732 9669 9733
f 9733 9669 9734
f 9669 9674 9734
f 9734 9674 9735
f 9735 9674 9736
f 9736 9674 9737
f 9674 9675 9737
f 9675 9676 9737
f 9676 9677 9737
f 9677 9678 9737
f 9678 9679 9737
f 9737 9679 9738
f 9679 9680 9738
f 9738 9680 9739
f 9739 9680 9740
f 9680 9685 9740
f 9740 9685 9741
f 9741 9685 9742
f 9742 9685 9743
f 9685 9686 9743
f 9686 9687 9743
f 9687 9688 9743
f 9688 9689 9743
f 9689 9690 9743
f 9743 9690 9744
f 9690 9691 9744
f 9744 9691 9745
f 9745 9691 9746
f 9691 9696 9746
f 9746 9696 9747
f 9747 9696 9748
f 9749 9750 9751
f 9750 9752 9751
f 9751 9752 9753
f 9753 9752 9754
f 9754 9752 9755
f 9752 9756 9755
f 9756 9748 9755
f 9755 9748 9757
f 9748 9696 9757
f 9758 9759 9760
f 9759 9761 9760
f 9761 9762 9760
f 9762 9763 9760
f 9763 9764 9760
f 9760 9764 9765
f 9765 9764 9766
f 9764 9757 9766
f 9766 9757 9767
f 9767 9757 9768
f 9757 9696 9768
f 9768 9696 9769
f 9769 9696 9770
f 9770 9696 9771
f 9696 9697 9771
f 9697 9698 9771
f 9698 9699 9771
f 9699 9700 9771
f 9700 9701 9771
f 9771 9701 9772
f 9701 9702 9772
f 9772 9702 9773
f 9773 9702 9774
f 9702 9707 9774
f 9774 9707 9775
f 9707 9708 9775
f 9776 9777 9778
f 9777 9779 9778
f 9778 9779 9780
f 9779 9781 9780
f 9780 9781 9782
f 9781 9783 9782
f 9782 9783 9784
f 9783 9785 9784
f 9784 9785 9786
f 9785 9787 9786
f 9786 9787 9788
f 9787 9789 9788
f 9788 9789 9790
f 9789 9791 9790
f 9790 9791 9792
f 9791 9793 9792
f 9792 9793 9794
f 9793 9795 9794
f 9794 9795 9796
f 9795 9797 9796
f 9796 9797 9798
f 9797 9799 9798
f 9798 9799 9800
f 9801 9802 9803
f 9802 9804 9803
f 9803 9804 9805
f 9804 9806 9805
f 9805 9806 9807
f 9806 9808 9807
f 9807 9808 9809
f 9808 9810 9809
f 9809 9810 9811
f 9810 9812 9811
f 9811 9812 9813
f 9812 9814 9813
f 9813 9814 9815
f 9814 9816 9815
f 9815 9816 9817
f 9816 9818 9817
f 9817 9818 9819
f 9818 9820 9819
f 9819 9820 9821
f 9820 9800 9821
f 9800 9799 9821
usemtl material_2
v 0.0172061 0.0420218 0.0084928
v 0.0172061 0.0320229 0.0084928
v 0.0172061 0.0420218 -0.0085072
v 0.0172061 0.0320229 -0.0085072
f 9822 9823 9824
f 9823 9825 9824
