# Botball Lab: metres, +Y up, centred XZ, base Y=0
s off
v 0.0032000 0.0096000 -0.0122000
v 0.0032000 0.0097826 -0.0112815
v 0.0032000 0.0090435 -0.0109754
v 0.0032000 0.0088000 -0.0122000
v 0.0032000 0.0103030 -0.0105030
v 0.0032000 0.0097373 -0.0099373
v 0.0032000 0.0110815 -0.0099826
v 0.0032000 0.0107754 -0.0092435
v 0.0032000 0.0120000 -0.0098000
v 0.0032000 0.0120000 -0.0090000
v 0.0032000 0.0129185 -0.0099826
v 0.0032000 0.0132246 -0.0092435
v 0.0032000 0.0136970 -0.0105030
v 0.0032000 0.0142627 -0.0099373
v 0.0032000 0.0142174 -0.0112815
v 0.0032000 0.0149565 -0.0109754
v 0.0032000 0.0144000 -0.0122000
v 0.0032000 0.0152000 -0.0122000
v 0.0032000 0.0142174 -0.0131185
v 0.0032000 0.0149565 -0.0134246
v 0.0032000 0.0136970 -0.0138970
v 0.0032000 0.0142627 -0.0144627
v 0.0032000 0.0129185 -0.0144174
v 0.0032000 0.0132246 -0.0151565
v 0.0032000 0.0120000 -0.0146000
v 0.0032000 0.0120000 -0.0154000
v 0.0032000 0.0110815 -0.0144174
v 0.0032000 0.0107754 -0.0151565
v 0.0032000 0.0103030 -0.0138970
v 0.0032000 0.0097373 -0.0144627
v 0.0032000 0.0097826 -0.0131185
v 0.0032000 0.0090435 -0.0134246
v 0.0040000 0.0107754 -0.0151565
v 0.0040000 0.0120000 -0.0154000
v 0.0040000 0.0097373 -0.0144627
v 0.0040000 0.0090435 -0.0134246
v 0.0040000 0.0088000 -0.0122000
v 0.0040000 0.0090435 -0.0109754
v 0.0040000 0.0097373 -0.0099373
v 0.0040000 0.0107754 -0.0092435
v 0.0040000 0.0120000 -0.0090000
v 0.0040000 0.0132246 -0.0092435
v 0.0040000 0.0142627 -0.0099373
v 0.0040000 0.0149565 -0.0109754
v 0.0040000 0.0152000 -0.0122000
v 0.0040000 0.0149565 -0.0134246
v 0.0040000 0.0142627 -0.0144627
v 0.0040000 0.0132246 -0.0151565
v 0.0040000 0.0120000 -0.0158000
v 0.0040000 0.0133777 -0.0155260
v 0.0040000 0.0145456 -0.0147456
v 0.0040000 0.0153260 -0.0135777
v 0.0040000 0.0156000 -0.0122000
v 0.0040000 0.0153260 -0.0108223
v 0.0040000 0.0145456 -0.0096544
v 0.0040000 0.0133777 -0.0088740
v 0.0040000 0.0120000 -0.0086000
v 0.0040000 0.0106223 -0.0088740
v 0.0040000 0.0094544 -0.0096544
v 0.0040000 0.0086740 -0.0108223
v 0.0040000 0.0084000 -0.0122000
v 0.0040000 0.0086740 -0.0135777
v 0.0040000 0.0094544 -0.0147456
v 0.0040000 0.0106223 -0.0155260
v -0.0032000 0.0110815 -0.0144174
v -0.0032000 0.0120000 -0.0146000
v -0.0032000 0.0103030 -0.0138970
v -0.0032000 0.0097826 -0.0131185
v -0.0032000 0.0096000 -0.0122000
v -0.0032000 0.0097826 -0.0112815
v -0.0032000 0.0103030 -0.0105030
v -0.0032000 0.0110815 -0.0099826
v -0.0032000 0.0120000 -0.0098000
v -0.0032000 0.0129185 -0.0099826
v -0.0032000 0.0136970 -0.0105030
v -0.0032000 0.0142174 -0.0112815
v -0.0032000 0.0144000 -0.0122000
v -0.0032000 0.0142174 -0.0131185
v -0.0032000 0.0136970 -0.0138970
v -0.0032000 0.0129185 -0.0144174
v -0.0040000 0.0120000 -0.0158000
v -0.0040000 0.0106223 -0.0155260
v -0.0040000 0.0107754 -0.0151565
v -0.0040000 0.0120000 -0.0154000
v -0.0040000 0.0094544 -0.0147456
v -0.0040000 0.0097373 -0.0144627
v -0.0040000 0.0086740 -0.0135777
v -0.0040000 0.0090435 -0.0134246
v -0.0040000 0.0084000 -0.0122000
v -0.0040000 0.0088000 -0.0122000
v -0.0040000 0.0086740 -0.0108223
v -0.0040000 0.0090435 -0.0109754
v -0.0040000 0.0094544 -0.0096544
v -0.0040000 0.0097373 -0.0099373
v -0.0040000 0.0106223 -0.0088740
v -0.0040000 0.0107754 -0.0092435
v -0.0040000 0.0120000 -0.0086000
v -0.0040000 0.0120000 -0.0090000
v -0.0040000 0.0133777 -0.0088740
v -0.0040000 0.0132246 -0.0092435
v -0.0040000 0.0145456 -0.0096544
v -0.0040000 0.0142627 -0.0099373
v -0.0040000 0.0153260 -0.0108223
v -0.0040000 0.0149565 -0.0109754
v -0.0040000 0.0156000 -0.0122000
v -0.0040000 0.0152000 -0.0122000
v -0.0040000 0.0153260 -0.0135777
v -0.0040000 0.0149565 -0.0134246
v -0.0040000 0.0145456 -0.0147456
v -0.0040000 0.0142627 -0.0144627
v -0.0040000 0.0133777 -0.0155260
v -0.0040000 0.0132246 -0.0151565
v -0.0032000 0.0090435 -0.0109754
v -0.0032000 0.0088000 -0.0122000
v -0.0032000 0.0097373 -0.0099373
v -0.0032000 0.0107754 -0.0092435
v -0.0032000 0.0120000 -0.0090000
v -0.0032000 0.0132246 -0.0092435
v -0.0032000 0.0142627 -0.0099373
v -0.0032000 0.0149565 -0.0109754
v -0.0032000 0.0152000 -0.0122000
v -0.0032000 0.0149565 -0.0134246
v -0.0032000 0.0142627 -0.0144627
v -0.0032000 0.0132246 -0.0151565
v -0.0032000 0.0120000 -0.0154000
v -0.0032000 0.0107754 -0.0151565
v -0.0032000 0.0097373 -0.0144627
v -0.0032000 0.0090435 -0.0134246
v -0.0036000 0.0080000 0.0038000
v -0.0033260 0.0080000 0.0051777
v -0.0033260 0.0084000 0.0051777
v -0.0036000 0.0084000 0.0038000
v -0.0025456 0.0080000 0.0063456
v -0.0025456 0.0084000 0.0063456
v -0.0013777 0.0080000 0.0071260
v -0.0013777 0.0084000 0.0071260
v 0.0000000 0.0080000 0.0074000
v 0.0000000 0.0084000 0.0074000
v 0.0013777 0.0080000 0.0071260
v 0.0013777 0.0084000 0.0071260
v 0.0025456 0.0080000 0.0063456
v 0.0025456 0.0084000 0.0063456
v 0.0033260 0.0080000 0.0051777
v 0.0033260 0.0084000 0.0051777
v 0.0036000 0.0080000 0.0038000
v 0.0036000 0.0084000 0.0038000
v 0.0036000 0.0080000 -0.0122000
v 0.0033260 0.0080000 -0.0135777
v 0.0033260 0.0084000 -0.0135777
v 0.0036000 0.0084000 -0.0122000
v 0.0025456 0.0080000 -0.0147456
v 0.0025456 0.0084000 -0.0147456
v 0.0013777 0.0080000 -0.0155260
v 0.0013777 0.0084000 -0.0155260
v 0.0000000 0.0080000 -0.0158000
v 0.0000000 0.0084000 -0.0158000
v -0.0013777 0.0080000 -0.0155260
v -0.0013777 0.0084000 -0.0155260
v -0.0025456 0.0080000 -0.0147456
v -0.0025456 0.0084000 -0.0147456
v -0.0033260 0.0080000 -0.0135777
v -0.0033260 0.0084000 -0.0135777
v -0.0036000 0.0080000 -0.0122000
v -0.0036000 0.0084000 -0.0122000
v -0.0036000 0.0153260 -0.0108223
v -0.0036000 0.0156000 -0.0122000
v -0.0036000 0.0145456 -0.0096544
v -0.0036000 0.0133777 -0.0088740
v -0.0036000 0.0120000 -0.0086000
v -0.0036000 0.0106223 -0.0088740
v -0.0036000 0.0094544 -0.0096544
v -0.0036000 0.0086740 -0.0108223
v -0.0036000 0.0086740 -0.0135777
v -0.0036000 0.0094544 -0.0147456
v -0.0036000 0.0106223 -0.0155260
v -0.0036000 0.0120000 -0.0158000
v 0.0036000 0.0153260 -0.0108223
v 0.0036000 0.0156000 -0.0122000
v 0.0036000 0.0145456 -0.0096544
v 0.0036000 0.0133777 -0.0088740
v 0.0036000 0.0120000 -0.0086000
v 0.0036000 0.0106223 -0.0088740
v 0.0036000 0.0094544 -0.0096544
v 0.0036000 0.0086740 -0.0108223
v 0.0036000 0.0086740 -0.0135777
v 0.0036000 0.0094544 -0.0147456
v 0.0036000 0.0106223 -0.0155260
v 0.0036000 0.0120000 -0.0158000
v 0.0033260 0.0086740 -0.0135777
v 0.0025456 0.0094544 -0.0147456
v 0.0013777 0.0106223 -0.0155260
v 0.0000000 0.0120000 -0.0158000
v -0.0033260 0.0086740 -0.0135777
v -0.0025456 0.0094544 -0.0147456
v -0.0013777 0.0106223 -0.0155260
v 0.0036000 0.0160000 -0.0074000
v 0.0036000 0.0145456 -0.0084636
v 0.0036000 0.0160000 -0.0098000
v 0.0036000 0.0152000 -0.0070000
v 0.0036000 0.0140000 -0.0082000
v 0.0036000 0.0160000 -0.0002000
v 0.0036000 0.0145456 0.0012544
v 0.0036000 0.0146000 0.0004000
v 0.0036000 0.0160000 -0.0010000
v 0.0036000 0.0140000 -0.0002000
v 0.0036000 0.0152000 -0.0014000
v 0.0034000 0.0140000 -0.0008000
v 0.0034000 0.0140000 -0.0076000
v -0.0034000 0.0140000 -0.0076000
v -0.0034000 0.0140000 -0.0008000
v -0.0036000 0.0140000 -0.0002000
v -0.0036000 0.0140000 -0.0082000
v -0.0036000 0.0160000 -0.0074000
v -0.0036000 0.0160000 -0.0098000
v -0.0036000 0.0145456 -0.0084636
v -0.0036000 0.0152000 -0.0070000
v -0.0036000 0.0160000 -0.0010000
v -0.0036000 0.0146000 0.0004000
v -0.0036000 0.0145456 0.0012544
v -0.0036000 0.0160000 -0.0002000
v -0.0036000 0.0152000 -0.0014000
v -0.0036000 0.0094544 0.0012544
v 0.0036000 0.0094544 0.0012544
v -0.0034000 0.0094544 -0.0008000
v -0.0034000 0.0094544 -0.0076000
v 0.0034000 0.0094544 -0.0076000
v 0.0034000 0.0094544 -0.0008000
v -0.0008000 0.0145456 -0.0074409
v -0.0008000 0.0145456 -0.0096543
v -0.0008000 0.0094544 -0.0096543
v -0.0008000 0.0094544 -0.0074409
v 0.0008000 0.0145456 -0.0096543
v 0.0008000 0.0145456 -0.0074409
v 0.0008000 0.0094544 -0.0074409
v 0.0008000 0.0094544 -0.0096543
v 0.0008000 0.0148000 0.0010000
v 0.0008000 0.0094544 0.0012544
v 0.0008000 0.0094544 -0.0009592
v 0.0008000 0.0148280 -0.0009592
v -0.0008000 0.0094544 0.0012544
v -0.0008000 0.0148000 0.0010000
v -0.0008000 0.0148280 -0.0009592
v -0.0008000 0.0094544 -0.0009592
v -0.0024000 0.0152000 -0.0066000
v -0.0024000 0.0152000 -0.0042000
v -0.0022174 0.0152000 -0.0051185
v -0.0016970 0.0152000 -0.0058970
v -0.0009185 0.0152000 -0.0064174
v 0.0000000 0.0152000 -0.0066000
v 0.0024000 0.0152000 -0.0066000
v 0.0009185 0.0152000 -0.0064174
v 0.0016970 0.0152000 -0.0058970
v 0.0022174 0.0152000 -0.0051185
v 0.0024000 0.0152000 -0.0042000
v 0.0024000 0.0152000 -0.0018000
v 0.0022174 0.0152000 -0.0032815
v 0.0016970 0.0152000 -0.0025030
v 0.0009185 0.0152000 -0.0019826
v 0.0000000 0.0152000 -0.0018000
v -0.0024000 0.0152000 -0.0018000
v -0.0009185 0.0152000 -0.0019826
v -0.0016970 0.0152000 -0.0025030
v -0.0022174 0.0152000 -0.0032815
v -0.0022174 0.0088000 -0.0032815
v -0.0024000 0.0088000 -0.0042000
v -0.0016970 0.0088000 -0.0025030
v -0.0009185 0.0088000 -0.0019826
v 0.0000000 0.0088000 -0.0018000
v 0.0009185 0.0088000 -0.0019826
v 0.0016970 0.0088000 -0.0025030
v 0.0022174 0.0088000 -0.0032815
v 0.0024000 0.0088000 -0.0042000
v 0.0022174 0.0088000 -0.0051185
v 0.0016970 0.0088000 -0.0058970
v 0.0009185 0.0088000 -0.0064174
v 0.0000000 0.0088000 -0.0066000
v -0.0009185 0.0088000 -0.0064174
v -0.0016970 0.0088000 -0.0058970
v -0.0022174 0.0088000 -0.0051185
v 0.0012246 0.0088000 -0.0012435
v 0.0000000 0.0088000 -0.0010000
v 0.0022627 0.0088000 -0.0019373
v 0.0029565 0.0088000 -0.0029754
v 0.0032000 0.0088000 -0.0042000
v 0.0029565 0.0088000 -0.0054246
v 0.0022627 0.0088000 -0.0064627
v 0.0012246 0.0088000 -0.0071565
v 0.0000000 0.0088000 -0.0074000
v -0.0012246 0.0088000 -0.0071565
v -0.0022627 0.0088000 -0.0064627
v -0.0029565 0.0088000 -0.0054246
v -0.0032000 0.0088000 -0.0042000
v -0.0029565 0.0088000 -0.0029754
v -0.0022627 0.0088000 -0.0019373
v -0.0012246 0.0088000 -0.0012435
v -0.0029565 0.0080000 -0.0029754
v -0.0032000 0.0080000 -0.0042000
v -0.0022627 0.0080000 -0.0019373
v -0.0012246 0.0080000 -0.0012435
v 0.0000000 0.0080000 -0.0010000
v 0.0012246 0.0080000 -0.0012435
v 0.0022627 0.0080000 -0.0019373
v 0.0029565 0.0080000 -0.0029754
v 0.0032000 0.0080000 -0.0042000
v 0.0029565 0.0080000 -0.0054246
v 0.0022627 0.0080000 -0.0064627
v 0.0012246 0.0080000 -0.0071565
v 0.0000000 0.0080000 -0.0074000
v -0.0012246 0.0080000 -0.0071565
v -0.0022627 0.0080000 -0.0064627
v -0.0029565 0.0080000 -0.0054246
v 0.0036000 0.0080000 -0.0042000
v 0.0033260 0.0080000 -0.0028223
v 0.0025456 0.0080000 -0.0016544
v 0.0013777 0.0080000 -0.0008740
v 0.0000000 0.0080000 -0.0006000
v -0.0013777 0.0080000 -0.0008740
v -0.0025456 0.0080000 -0.0016544
v -0.0033260 0.0080000 -0.0028223
v -0.0036000 0.0080000 -0.0042000
v -0.0033260 0.0080000 -0.0055777
v -0.0025456 0.0080000 -0.0067456
v -0.0013777 0.0080000 -0.0075260
v 0.0000000 0.0080000 -0.0078000
v 0.0013777 0.0080000 -0.0075260
v 0.0025456 0.0080000 -0.0067456
v 0.0033260 0.0080000 -0.0055777
v -0.0036000 0.0080000 -0.0078000
v 0.0036000 0.0080000 -0.0078000
v 0.0036000 0.0080000 -0.0006000
v -0.0036000 0.0080000 -0.0006000
v -0.0031413 0.0140000 -0.0055012
v -0.0031413 0.0094544 -0.0055012
v -0.0034000 0.0094544 -0.0042000
v -0.0034000 0.0140000 -0.0042000
v -0.0024041 0.0140000 -0.0066041
v -0.0024041 0.0094544 -0.0066041
v -0.0013012 0.0140000 -0.0073413
v -0.0013012 0.0094544 -0.0073413
v 0.0000000 0.0140000 -0.0076000
v 0.0000000 0.0094544 -0.0076000
v 0.0013012 0.0140000 -0.0073413
v 0.0013012 0.0094544 -0.0073413
v 0.0024041 0.0140000 -0.0066041
v 0.0024041 0.0094544 -0.0066041
v 0.0031413 0.0140000 -0.0055012
v 0.0031413 0.0094544 -0.0055012
v 0.0034000 0.0140000 -0.0042000
v 0.0034000 0.0094544 -0.0042000
v 0.0031413 0.0140000 -0.0028988
v 0.0031413 0.0094544 -0.0028988
v 0.0024041 0.0140000 -0.0017959
v 0.0024041 0.0094544 -0.0017959
v 0.0013012 0.0140000 -0.0010587
v 0.0013012 0.0094544 -0.0010587
v 0.0000000 0.0140000 -0.0008000
v 0.0000000 0.0094544 -0.0008000
v -0.0013012 0.0140000 -0.0010587
v -0.0013012 0.0094544 -0.0010587
v -0.0024041 0.0140000 -0.0017959
v -0.0024041 0.0094544 -0.0017959
v -0.0031413 0.0140000 -0.0028988
v -0.0031413 0.0094544 -0.0028988
v -0.0008000 0.0133777 0.0004739
v -0.0036000 0.0133777 0.0004739
v -0.0008000 0.0145456 0.0012544
v -0.0008000 0.0120000 0.0002000
v -0.0036000 0.0120000 0.0002000
v -0.0008000 0.0106223 0.0004739
v -0.0036000 0.0106223 0.0004739
v 0.0036000 0.0133777 0.0004739
v 0.0008000 0.0133777 0.0004739
v 0.0008000 0.0145456 0.0012544
v 0.0036000 0.0120000 0.0002000
v 0.0008000 0.0120000 0.0002000
v 0.0036000 0.0106223 0.0004739
v 0.0008000 0.0106223 0.0004739
v 0.0008000 0.0133777 -0.0088739
v 0.0036000 0.0133777 -0.0088739
v 0.0008000 0.0145456 -0.0096544
v 0.0008000 0.0120000 -0.0086000
v 0.0008000 0.0106223 -0.0088739
v 0.0036000 0.0106223 -0.0088739
v 0.0008000 0.0094544 -0.0096544
v -0.0036000 0.0133777 -0.0088739
v -0.0008000 0.0133777 -0.0088739
v -0.0008000 0.0145456 -0.0096544
v -0.0008000 0.0120000 -0.0086000
v -0.0036000 0.0106223 -0.0088739
v -0.0008000 0.0106223 -0.0088739
v -0.0008000 0.0094544 -0.0096544
v -0.0036000 0.0140000 -0.0081998
v -0.0036000 0.0145456 -0.0084634
v 0.0036000 0.0145456 -0.0084634
v 0.0036000 0.0140000 -0.0081998
v -0.0036000 0.0145456 -0.0084638
v -0.0036000 0.0145456 -0.0096546
v 0.0036000 0.0145456 -0.0096546
v 0.0036000 0.0145456 -0.0084638
v 0.0036000 0.0140662 0.0009338
v -0.0036000 0.0140662 0.0009338
v -0.0036000 0.0146002 0.0003998
v 0.0036000 0.0146002 0.0003998
v 0.0036000 0.0140660 0.0009340
v -0.0036000 0.0140660 0.0009340
v 0.0032000 0.0267754 0.0067565
v 0.0032000 0.0270815 0.0060174
v 0.0032000 0.0280000 0.0062000
v 0.0032000 0.0280000 0.0070000
v 0.0032000 0.0257373 0.0060627
v 0.0032000 0.0263030 0.0054970
v 0.0032000 0.0250435 0.0050246
v 0.0032000 0.0257826 0.0047185
v 0.0032000 0.0248000 0.0038000
v 0.0032000 0.0256000 0.0038000
v 0.0032000 0.0250435 0.0025754
v 0.0032000 0.0257826 0.0028815
v 0.0032000 0.0257373 0.0015373
v 0.0032000 0.0263030 0.0021030
v 0.0032000 0.0267754 0.0008435
v 0.0032000 0.0270815 0.0015826
v 0.0032000 0.0280000 0.0006000
v 0.0032000 0.0280000 0.0014000
v 0.0032000 0.0292246 0.0008435
v 0.0032000 0.0289185 0.0015826
v 0.0032000 0.0302627 0.0015373
v 0.0032000 0.0296970 0.0021030
v 0.0032000 0.0309565 0.0025754
v 0.0032000 0.0302174 0.0028815
v 0.0032000 0.0312000 0.0038000
v 0.0032000 0.0304000 0.0038000
v 0.0032000 0.0309565 0.0050246
v 0.0032000 0.0302174 0.0047185
v 0.0032000 0.0302627 0.0060627
v 0.0032000 0.0296970 0.0054970
v 0.0032000 0.0292246 0.0067565
v 0.0032000 0.0289185 0.0060174
v 0.0040000 0.0309565 0.0050246
v 0.0040000 0.0312000 0.0038000
v 0.0040000 0.0302627 0.0060627
v 0.0040000 0.0292246 0.0067565
v 0.0040000 0.0280000 0.0070000
v 0.0040000 0.0267754 0.0067565
v 0.0040000 0.0257373 0.0060627
v 0.0040000 0.0250435 0.0050246
v 0.0040000 0.0248000 0.0038000
v 0.0040000 0.0250435 0.0025754
v 0.0040000 0.0257373 0.0015373
v 0.0040000 0.0267754 0.0008435
v 0.0040000 0.0280000 0.0006000
v 0.0040000 0.0292246 0.0008435
v 0.0040000 0.0302627 0.0015373
v 0.0040000 0.0309565 0.0025754
v 0.0040000 0.0313260 0.0024223
v 0.0040000 0.0316000 0.0038000
v 0.0040000 0.0305456 0.0012544
v 0.0040000 0.0293777 0.0004740
v 0.0040000 0.0280000 0.0002000
v 0.0040000 0.0266223 0.0004740
v 0.0040000 0.0254544 0.0012544
v 0.0040000 0.0246740 0.0024223
v 0.0040000 0.0244000 0.0038000
v 0.0040000 0.0246740 0.0051777
v 0.0040000 0.0254544 0.0063456
v 0.0040000 0.0266223 0.0071260
v 0.0040000 0.0280000 0.0074000
v 0.0040000 0.0293777 0.0071260
v 0.0040000 0.0305456 0.0063456
v 0.0040000 0.0313260 0.0051777
v -0.0032000 0.0302174 0.0047185
v -0.0032000 0.0304000 0.0038000
v -0.0032000 0.0296970 0.0054970
v -0.0032000 0.0289185 0.0060174
v -0.0032000 0.0280000 0.0062000
v -0.0032000 0.0270815 0.0060174
v -0.0032000 0.0263030 0.0054970
v -0.0032000 0.0257826 0.0047185
v -0.0032000 0.0256000 0.0038000
v -0.0032000 0.0257826 0.0028815
v -0.0032000 0.0263030 0.0021030
v -0.0032000 0.0270815 0.0015826
v -0.0032000 0.0280000 0.0014000
v -0.0032000 0.0289185 0.0015826
v -0.0032000 0.0296970 0.0021030
v -0.0032000 0.0302174 0.0028815
v -0.0040000 0.0309565 0.0050246
v -0.0040000 0.0313260 0.0051777
v -0.0040000 0.0316000 0.0038000
v -0.0040000 0.0312000 0.0038000
v -0.0040000 0.0302627 0.0060627
v -0.0040000 0.0305456 0.0063456
v -0.0040000 0.0292246 0.0067565
v -0.0040000 0.0293777 0.0071260
v -0.0040000 0.0280000 0.0070000
v -0.0040000 0.0280000 0.0074000
v -0.0040000 0.0267754 0.0067565
v -0.0040000 0.0266223 0.0071260
v -0.0040000 0.0257373 0.0060627
v -0.0040000 0.0254544 0.0063456
v -0.0040000 0.0250435 0.0050246
v -0.0040000 0.0246740 0.0051777
v -0.0040000 0.0248000 0.0038000
v -0.0040000 0.0244000 0.0038000
v -0.0040000 0.0250435 0.0025754
v -0.0040000 0.0246740 0.0024223
v -0.0040000 0.0257373 0.0015373
v -0.0040000 0.0254544 0.0012544
v -0.0040000 0.0267754 0.0008435
v -0.0040000 0.0266223 0.0004740
v -0.0040000 0.0280000 0.0006000
v -0.0040000 0.0280000 0.0002000
v -0.0040000 0.0292246 0.0008435
v -0.0040000 0.0293777 0.0004740
v -0.0040000 0.0302627 0.0015373
v -0.0040000 0.0305456 0.0012544
v -0.0040000 0.0309565 0.0025754
v -0.0040000 0.0313260 0.0024223
v -0.0032000 0.0267754 0.0067565
v -0.0032000 0.0280000 0.0070000
v -0.0032000 0.0257373 0.0060627
v -0.0032000 0.0250435 0.0050246
v -0.0032000 0.0248000 0.0038000
v -0.0032000 0.0250435 0.0025754
v -0.0032000 0.0257373 0.0015373
v -0.0032000 0.0267754 0.0008435
v -0.0032000 0.0280000 0.0006000
v -0.0032000 0.0292246 0.0008435
v -0.0032000 0.0302627 0.0015373
v -0.0032000 0.0309565 0.0025754
v -0.0032000 0.0312000 0.0038000
v -0.0032000 0.0309565 0.0050246
v -0.0032000 0.0302627 0.0060627
v -0.0032000 0.0292246 0.0067565
v -0.0033260 0.0106223 0.0074000
v -0.0033260 0.0106223 0.0078000
v -0.0036000 0.0120000 0.0078000
v -0.0036000 0.0120000 0.0074000
v -0.0025456 0.0094544 0.0074000
v -0.0025456 0.0094544 0.0078000
v -0.0013777 0.0086740 0.0074000
v -0.0013777 0.0086740 0.0078000
v 0.0000000 0.0084000 0.0078000
v 0.0013777 0.0086740 0.0074000
v 0.0013777 0.0086740 0.0078000
v 0.0025456 0.0094544 0.0074000
v 0.0025456 0.0094544 0.0078000
v 0.0033260 0.0106223 0.0074000
v 0.0033260 0.0106223 0.0078000
v 0.0036000 0.0120000 0.0074000
v 0.0036000 0.0120000 0.0078000
v 0.0033260 0.0293777 0.0074000
v 0.0033260 0.0293777 0.0078000
v 0.0036000 0.0280000 0.0078000
v 0.0036000 0.0280000 0.0074000
v 0.0025456 0.0305456 0.0074000
v 0.0025456 0.0305456 0.0078000
v 0.0013777 0.0313260 0.0074000
v 0.0013777 0.0313260 0.0078000
v 0.0000000 0.0316000 0.0074000
v 0.0000000 0.0316000 0.0078000
v -0.0013777 0.0313260 0.0074000
v -0.0013777 0.0313260 0.0078000
v -0.0025456 0.0305456 0.0074000
v -0.0025456 0.0305456 0.0078000
v -0.0033260 0.0293777 0.0074000
v -0.0033260 0.0293777 0.0078000
v -0.0036000 0.0280000 0.0074000
v -0.0036000 0.0280000 0.0078000
v -0.0036000 0.0266223 0.0004740
v -0.0036000 0.0280000 0.0002000
v -0.0036000 0.0254544 0.0012544
v -0.0036000 0.0246740 0.0024223
v -0.0036000 0.0244000 0.0038000
v -0.0036000 0.0246740 0.0051777
v -0.0036000 0.0254544 0.0063456
v -0.0036000 0.0266223 0.0071260
v -0.0036000 0.0293777 0.0071260
v -0.0036000 0.0305456 0.0063456
v -0.0036000 0.0313260 0.0051777
v -0.0036000 0.0316000 0.0038000
v 0.0036000 0.0266223 0.0004740
v 0.0036000 0.0280000 0.0002000
v 0.0036000 0.0254544 0.0012544
v 0.0036000 0.0246740 0.0024223
v 0.0036000 0.0244000 0.0038000
v 0.0036000 0.0246740 0.0051777
v 0.0036000 0.0254544 0.0063456
v 0.0036000 0.0266223 0.0071260
v 0.0036000 0.0293777 0.0071260
v 0.0036000 0.0305456 0.0063456
v 0.0036000 0.0313260 0.0051777
v 0.0036000 0.0316000 0.0038000
v 0.0033260 0.0293777 0.0071260
v 0.0025456 0.0305456 0.0063456
v 0.0013777 0.0313260 0.0051777
v 0.0000000 0.0316000 0.0038000
v -0.0033260 0.0293777 0.0071260
v -0.0025456 0.0305456 0.0063456
v -0.0013777 0.0313260 0.0051777
v 0.0036000 0.0242636 0.0012544
v 0.0036000 0.0232000 -0.0002000
v 0.0036000 0.0256000 -0.0002000
v 0.0036000 0.0240000 0.0018000
v 0.0036000 0.0228000 0.0006000
v 0.0036000 0.0154000 0.0012000
v 0.0036000 0.0168000 -0.0002000
v 0.0036000 0.0172000 0.0006000
v 0.0036000 0.0160000 0.0018000
v 0.0034000 0.0234000 0.0018000
v 0.0034000 0.0166000 0.0018000
v -0.0036000 0.0160000 0.0018000
v -0.0034000 0.0166000 0.0018000
v -0.0034000 0.0234000 0.0018000
v -0.0036000 0.0240000 0.0018000
v -0.0036000 0.0256000 -0.0002000
v -0.0036000 0.0232000 -0.0002000
v -0.0036000 0.0242636 0.0012544
v -0.0036000 0.0228000 0.0006000
v -0.0036000 0.0154000 0.0012000
v -0.0036000 0.0168000 -0.0002000
v -0.0036000 0.0172000 0.0006000
v -0.0036000 0.0145456 0.0063456
v 0.0036000 0.0145456 0.0063456
v -0.0034000 0.0234000 0.0063456
v -0.0034000 0.0166000 0.0063456
v 0.0034000 0.0166000 0.0063456
v 0.0034000 0.0234000 0.0063456
v -0.0008000 0.0254543 0.0063456
v -0.0008000 0.0254543 0.0012544
v -0.0008000 0.0232409 0.0012544
v -0.0008000 0.0232409 0.0063456
v 0.0008000 0.0232409 0.0063456
v 0.0008000 0.0232409 0.0012544
v 0.0008000 0.0254543 0.0012544
v 0.0008000 0.0254543 0.0063456
v 0.0008000 0.0167592 0.0063456
v 0.0008000 0.0145456 0.0063456
v 0.0008000 0.0167592 0.0009720
v -0.0008000 0.0167592 0.0009720
v -0.0008000 0.0145456 0.0063456
v -0.0008000 0.0167592 0.0063456
v -0.0022174 0.0209185 0.0006000
v -0.0024000 0.0200000 0.0006000
v -0.0024000 0.0224000 0.0006000
v -0.0016970 0.0216970 0.0006000
v -0.0009185 0.0222174 0.0006000
v 0.0000000 0.0224000 0.0006000
v 0.0009185 0.0222174 0.0006000
v 0.0024000 0.0224000 0.0006000
v 0.0016970 0.0216970 0.0006000
v 0.0022174 0.0209185 0.0006000
v 0.0024000 0.0200000 0.0006000
v 0.0022174 0.0190815 0.0006000
v 0.0024000 0.0176000 0.0006000
v 0.0016970 0.0183030 0.0006000
v 0.0009185 0.0177826 0.0006000
v 0.0000000 0.0176000 0.0006000
v -0.0009185 0.0177826 0.0006000
v -0.0024000 0.0176000 0.0006000
v -0.0016970 0.0183030 0.0006000
v -0.0022174 0.0190815 0.0006000
v -0.0024000 0.0200000 0.0070000
v -0.0022174 0.0190815 0.0070000
v -0.0016970 0.0183030 0.0070000
v -0.0009185 0.0177826 0.0070000
v 0.0000000 0.0176000 0.0070000
v 0.0009185 0.0177826 0.0070000
v 0.0016970 0.0183030 0.0070000
v 0.0022174 0.0190815 0.0070000
v 0.0024000 0.0200000 0.0070000
v 0.0022174 0.0209185 0.0070000
v 0.0016970 0.0216970 0.0070000
v 0.0009185 0.0222174 0.0070000
v 0.0000000 0.0224000 0.0070000
v -0.0009185 0.0222174 0.0070000
v -0.0016970 0.0216970 0.0070000
v -0.0022174 0.0209185 0.0070000
v 0.0012246 0.0170435 0.0070000
v 0.0000000 0.0168000 0.0070000
v 0.0022627 0.0177373 0.0070000
v 0.0029565 0.0187754 0.0070000
v 0.0032000 0.0200000 0.0070000
v 0.0029565 0.0212246 0.0070000
v 0.0022627 0.0222627 0.0070000
v 0.0012246 0.0229565 0.0070000
v 0.0000000 0.0232000 0.0070000
v -0.0012246 0.0229565 0.0070000
v -0.0022627 0.0222627 0.0070000
v -0.0029565 0.0212246 0.0070000
v -0.0032000 0.0200000 0.0070000
v -0.0029565 0.0187754 0.0070000
v -0.0022627 0.0177373 0.0070000
v -0.0012246 0.0170435 0.0070000
v -0.0029565 0.0187754 0.0078000
v -0.0032000 0.0200000 0.0078000
v -0.0022627 0.0177373 0.0078000
v -0.0012246 0.0170435 0.0078000
v 0.0000000 0.0168000 0.0078000
v 0.0012246 0.0170435 0.0078000
v 0.0022627 0.0177373 0.0078000
v 0.0029565 0.0187754 0.0078000
v 0.0032000 0.0200000 0.0078000
v 0.0029565 0.0212246 0.0078000
v 0.0022627 0.0222627 0.0078000
v 0.0012246 0.0229565 0.0078000
v 0.0000000 0.0232000 0.0078000
v -0.0012246 0.0229565 0.0078000
v -0.0022627 0.0222627 0.0078000
v -0.0029565 0.0212246 0.0078000
v 0.0033260 0.0186223 0.0078000
v 0.0036000 0.0200000 0.0078000
v 0.0025456 0.0174544 0.0078000
v 0.0013777 0.0166740 0.0078000
v 0.0000000 0.0164000 0.0078000
v -0.0013777 0.0166740 0.0078000
v -0.0025456 0.0174544 0.0078000
v -0.0033260 0.0186223 0.0078000
v -0.0036000 0.0200000 0.0078000
v -0.0033260 0.0213777 0.0078000
v -0.0025456 0.0225456 0.0078000
v -0.0013777 0.0233260 0.0078000
v 0.0000000 0.0236000 0.0078000
v 0.0013777 0.0233260 0.0078000
v 0.0025456 0.0225456 0.0078000
v 0.0033260 0.0213777 0.0078000
v -0.0036000 0.0236000 0.0078000
v 0.0036000 0.0236000 0.0078000
v 0.0036000 0.0164000 0.0078000
v -0.0036000 0.0164000 0.0078000
v -0.0034000 0.0200000 0.0063456
v -0.0031413 0.0213012 0.0063456
v -0.0031413 0.0213012 0.0018000
v -0.0034000 0.0200000 0.0018000
v -0.0024041 0.0224041 0.0063456
v -0.0024041 0.0224041 0.0018000
v -0.0013012 0.0231413 0.0063456
v -0.0013012 0.0231413 0.0018000
v 0.0000000 0.0234000 0.0063456
v 0.0000000 0.0234000 0.0018000
v 0.0013012 0.0231413 0.0063456
v 0.0013012 0.0231413 0.0018000
v 0.0024041 0.0224041 0.0063456
v 0.0024041 0.0224041 0.0018000
v 0.0031413 0.0213012 0.0063456
v 0.0031413 0.0213012 0.0018000
v 0.0034000 0.0200000 0.0063456
v 0.0034000 0.0200000 0.0018000
v 0.0031413 0.0186988 0.0063456
v 0.0031413 0.0186988 0.0018000
v 0.0024041 0.0175959 0.0063456
v 0.0024041 0.0175959 0.0018000
v 0.0013012 0.0168587 0.0063456
v 0.0013012 0.0168587 0.0018000
v 0.0000000 0.0166000 0.0063456
v 0.0000000 0.0166000 0.0018000
v -0.0013012 0.0168587 0.0063456
v -0.0013012 0.0168587 0.0018000
v -0.0024041 0.0175959 0.0063456
v -0.0024041 0.0175959 0.0018000
v -0.0031413 0.0186988 0.0063456
v -0.0031413 0.0186988 0.0018000
v -0.0036000 0.0153261 0.0024223
v -0.0008000 0.0153261 0.0024223
v -0.0036000 0.0156000 0.0038000
v -0.0008000 0.0156000 0.0038000
v -0.0036000 0.0153261 0.0051777
v -0.0008000 0.0153261 0.0051777
v 0.0008000 0.0153261 0.0024223
v 0.0036000 0.0153261 0.0024223
v 0.0008000 0.0156000 0.0038000
v 0.0036000 0.0156000 0.0038000
v 0.0008000 0.0153261 0.0051777
v 0.0036000 0.0153261 0.0051777
v 0.0036000 0.0246739 0.0024223
v 0.0008000 0.0246739 0.0024223
v 0.0008000 0.0254544 0.0012544
v 0.0008000 0.0244000 0.0038000
v 0.0036000 0.0246739 0.0051777
v 0.0008000 0.0246739 0.0051777
v 0.0008000 0.0254544 0.0063456
v -0.0008000 0.0246739 0.0024223
v -0.0036000 0.0246739 0.0024223
v -0.0008000 0.0254544 0.0012544
v -0.0008000 0.0244000 0.0038000
v -0.0008000 0.0246739 0.0051777
v -0.0036000 0.0246739 0.0051777
v -0.0008000 0.0254544 0.0063456
v 0.0036000 0.0242634 0.0012544
v -0.0036000 0.0242634 0.0012544
v -0.0036000 0.0239998 0.0018000
v 0.0036000 0.0239998 0.0018000
v 0.0036000 0.0254546 0.0012544
v -0.0036000 0.0254546 0.0012544
v -0.0036000 0.0242638 0.0012544
v 0.0036000 0.0242638 0.0012544
v -0.0036000 0.0154002 0.0011998
v -0.0036000 0.0148662 0.0017338
v 0.0036000 0.0148662 0.0017338
v 0.0036000 0.0154002 0.0011998
v 0.0036000 0.0148660 0.0017340
v -0.0036000 0.0148660 0.0017340
v 0.0036000 0.0106223 0.0071260
v 0.0040000 0.0106223 0.0071260
v 0.0040000 0.0120000 0.0074000
v 0.0036000 0.0094544 0.0063456
v 0.0040000 0.0094544 0.0063456
v 0.0036000 0.0086740 0.0051777
v 0.0040000 0.0086740 0.0051777
v 0.0040000 0.0084000 0.0038000
v 0.0036000 0.0086740 0.0024223
v 0.0040000 0.0086740 0.0024223
v 0.0040000 0.0094544 0.0012544
v 0.0036000 0.0106223 0.0004740
v 0.0040000 0.0106223 0.0004740
v 0.0040000 0.0120000 0.0002000
v 0.0036000 0.0133777 0.0004740
v 0.0040000 0.0133777 0.0004740
v 0.0040000 0.0145456 0.0012544
v 0.0036000 0.0153260 0.0024223
v 0.0040000 0.0153260 0.0024223
v 0.0040000 0.0156000 0.0038000
v 0.0036000 0.0153260 0.0051777
v 0.0040000 0.0153260 0.0051777
v 0.0040000 0.0145456 0.0063456
v 0.0036000 0.0133777 0.0071260
v 0.0040000 0.0133777 0.0071260
v 0.0032000 0.0096000 0.0038000
v 0.0032000 0.0097826 0.0047185
v 0.0032000 0.0090435 0.0050246
v 0.0032000 0.0088000 0.0038000
v 0.0032000 0.0103030 0.0054970
v 0.0032000 0.0097373 0.0060627
v 0.0032000 0.0110815 0.0060174
v 0.0032000 0.0107754 0.0067565
v 0.0032000 0.0120000 0.0062000
v 0.0032000 0.0120000 0.0070000
v 0.0032000 0.0129185 0.0060174
v 0.0032000 0.0132246 0.0067565
v 0.0032000 0.0136970 0.0054970
v 0.0032000 0.0142627 0.0060627
v 0.0032000 0.0142174 0.0047185
v 0.0032000 0.0149565 0.0050246
v 0.0032000 0.0144000 0.0038000
v 0.0032000 0.0152000 0.0038000
v 0.0032000 0.0142174 0.0028815
v 0.0032000 0.0149565 0.0025754
v 0.0032000 0.0136970 0.0021030
v 0.0032000 0.0142627 0.0015373
v 0.0032000 0.0129185 0.0015826
v 0.0032000 0.0132246 0.0008435
v 0.0032000 0.0120000 0.0014000
v 0.0032000 0.0120000 0.0006000
v 0.0032000 0.0110815 0.0015826
v 0.0032000 0.0107754 0.0008435
v 0.0032000 0.0103030 0.0021030
v 0.0032000 0.0097373 0.0015373
v 0.0032000 0.0097826 0.0028815
v 0.0032000 0.0090435 0.0025754
v 0.0040000 0.0107754 0.0008435
v 0.0040000 0.0120000 0.0006000
v 0.0040000 0.0097373 0.0015373
v 0.0040000 0.0090435 0.0025754
v 0.0040000 0.0088000 0.0038000
v 0.0040000 0.0090435 0.0050246
v 0.0040000 0.0097373 0.0060627
v 0.0040000 0.0107754 0.0067565
v 0.0040000 0.0120000 0.0070000
v 0.0040000 0.0132246 0.0067565
v 0.0040000 0.0142627 0.0060627
v 0.0040000 0.0149565 0.0050246
v 0.0040000 0.0152000 0.0038000
v 0.0040000 0.0149565 0.0025754
v 0.0040000 0.0142627 0.0015373
v 0.0040000 0.0132246 0.0008435
v -0.0032000 0.0110815 0.0015826
v -0.0032000 0.0120000 0.0014000
v -0.0032000 0.0103030 0.0021030
v -0.0032000 0.0097826 0.0028815
v -0.0032000 0.0096000 0.0038000
v -0.0032000 0.0097826 0.0047185
v -0.0032000 0.0103030 0.0054970
v -0.0032000 0.0110815 0.0060174
v -0.0032000 0.0120000 0.0062000
v -0.0032000 0.0129185 0.0060174
v -0.0032000 0.0136970 0.0054970
v -0.0032000 0.0142174 0.0047185
v -0.0032000 0.0144000 0.0038000
v -0.0032000 0.0142174 0.0028815
v -0.0032000 0.0136970 0.0021030
v -0.0032000 0.0129185 0.0015826
v -0.0040000 0.0120000 0.0002000
v -0.0040000 0.0106223 0.0004740
v -0.0040000 0.0107754 0.0008435
v -0.0040000 0.0120000 0.0006000
v -0.0040000 0.0094544 0.0012544
v -0.0040000 0.0097373 0.0015373
v -0.0040000 0.0086740 0.0024223
v -0.0040000 0.0090435 0.0025754
v -0.0040000 0.0084000 0.0038000
v -0.0040000 0.0088000 0.0038000
v -0.0040000 0.0086740 0.0051777
v -0.0040000 0.0090435 0.0050246
v -0.0040000 0.0094544 0.0063456
v -0.0040000 0.0097373 0.0060627
v -0.0040000 0.0106223 0.0071260
v -0.0040000 0.0107754 0.0067565
v -0.0040000 0.0120000 0.0074000
v -0.0040000 0.0120000 0.0070000
v -0.0040000 0.0133777 0.0071260
v -0.0040000 0.0132246 0.0067565
v -0.0040000 0.0145456 0.0063456
v -0.0040000 0.0142627 0.0060627
v -0.0040000 0.0153260 0.0051777
v -0.0040000 0.0149565 0.0050246
v -0.0040000 0.0156000 0.0038000
v -0.0040000 0.0152000 0.0038000
v -0.0040000 0.0153260 0.0024223
v -0.0040000 0.0149565 0.0025754
v -0.0040000 0.0145456 0.0012544
v -0.0040000 0.0142627 0.0015373
v -0.0040000 0.0133777 0.0004740
v -0.0040000 0.0132246 0.0008435
v -0.0032000 0.0090435 0.0050246
v -0.0032000 0.0088000 0.0038000
v -0.0032000 0.0097373 0.0060627
v -0.0032000 0.0107754 0.0067565
v -0.0032000 0.0120000 0.0070000
v -0.0032000 0.0132246 0.0067565
v -0.0032000 0.0142627 0.0060627
v -0.0032000 0.0149565 0.0050246
v -0.0032000 0.0152000 0.0038000
v -0.0032000 0.0149565 0.0025754
v -0.0032000 0.0142627 0.0015373
v -0.0032000 0.0132246 0.0008435
v -0.0032000 0.0120000 0.0006000
v -0.0032000 0.0107754 0.0008435
v -0.0032000 0.0097373 0.0015373
v -0.0032000 0.0090435 0.0025754
v 0.0033260 0.0106223 0.0071260
v 0.0025456 0.0094544 0.0063456
v 0.0013777 0.0086740 0.0071260
v 0.0033260 0.0086740 0.0051777
v -0.0033260 0.0106223 0.0071260
v -0.0025456 0.0094544 0.0063456
v -0.0036000 0.0106223 0.0071260
v -0.0036000 0.0094544 0.0063456
v -0.0013777 0.0086740 0.0071260
v -0.0033260 0.0086740 0.0051777
v -0.0036000 0.0086740 0.0051777
v -0.0036000 0.0086740 0.0024223
v -0.0036000 0.0106223 0.0004740
v -0.0036000 0.0133777 0.0004740
v -0.0036000 0.0153260 0.0024223
v -0.0036000 0.0153260 0.0051777
v -0.0036000 0.0133777 0.0071260
v 0.0024000 0.0120000 0.0086000
v 0.0022174 0.0129185 0.0086000
v 0.0022174 0.0129185 0.0124000
v 0.0024000 0.0120000 0.0124000
v 0.0016970 0.0136970 0.0086000
v 0.0016970 0.0136970 0.0124000
v 0.0009185 0.0142174 0.0086000
v 0.0009185 0.0142174 0.0124000
v 0.0000000 0.0144000 0.0086000
v 0.0000000 0.0144000 0.0124000
v -0.0009185 0.0142174 0.0086000
v -0.0009185 0.0142174 0.0124000
v -0.0016970 0.0136970 0.0086000
v -0.0016970 0.0136970 0.0124000
v -0.0022174 0.0129185 0.0086000
v -0.0022174 0.0129185 0.0124000
v -0.0024000 0.0120000 0.0086000
v -0.0024000 0.0120000 0.0124000
v -0.0022174 0.0110815 0.0086000
v -0.0022174 0.0110815 0.0124000
v -0.0016970 0.0103030 0.0086000
v -0.0016970 0.0103030 0.0124000
v -0.0009185 0.0097826 0.0086000
v -0.0009185 0.0097826 0.0124000
v 0.0000000 0.0096000 0.0086000
v 0.0000000 0.0096000 0.0124000
v 0.0009185 0.0097826 0.0086000
v 0.0009185 0.0097826 0.0124000
v 0.0016970 0.0103030 0.0086000
v 0.0016970 0.0103030 0.0124000
v 0.0022174 0.0110815 0.0086000
v 0.0022174 0.0110815 0.0124000
v 0.0032000 0.0120000 0.0078000
v 0.0029565 0.0132246 0.0078000
v 0.0029565 0.0132246 0.0086000
v 0.0032000 0.0120000 0.0086000
v 0.0022627 0.0142627 0.0078000
v 0.0022627 0.0142627 0.0086000
v 0.0012246 0.0149565 0.0078000
v 0.0012246 0.0149565 0.0086000
v 0.0000000 0.0152000 0.0078000
v 0.0000000 0.0152000 0.0086000
v -0.0012246 0.0149565 0.0078000
v -0.0012246 0.0149565 0.0086000
v -0.0022627 0.0142627 0.0078000
v -0.0022627 0.0142627 0.0086000
v -0.0029565 0.0132246 0.0078000
v -0.0029565 0.0132246 0.0086000
v -0.0032000 0.0120000 0.0078000
v -0.0032000 0.0120000 0.0086000
v -0.0029565 0.0107754 0.0078000
v -0.0029565 0.0107754 0.0086000
v -0.0022627 0.0097373 0.0078000
v -0.0022627 0.0097373 0.0086000
v -0.0012246 0.0090435 0.0078000
v -0.0012246 0.0090435 0.0086000
v 0.0000000 0.0088000 0.0078000
v 0.0000000 0.0088000 0.0086000
v 0.0012246 0.0090435 0.0078000
v 0.0012246 0.0090435 0.0086000
v 0.0022627 0.0097373 0.0078000
v 0.0022627 0.0097373 0.0086000
v 0.0029565 0.0107754 0.0078000
v 0.0029565 0.0107754 0.0086000
v 0.0016971 0.0136971 0.0124000
v 0.0016971 0.0136971 0.0150000
v 0.0022173 0.0129184 0.0150000
v 0.0022173 0.0129184 0.0124000
v 0.0009184 0.0142173 0.0124000
v 0.0009184 0.0142173 0.0150000
v 0.0000000 0.0144001 0.0124000
v 0.0000000 0.0144001 0.0150000
v -0.0009184 0.0142173 0.0124000
v -0.0009184 0.0142173 0.0150000
v -0.0016971 0.0136971 0.0124000
v -0.0016971 0.0136971 0.0150000
v -0.0022173 0.0129184 0.0124000
v -0.0022173 0.0129184 0.0150000
v 0.0018385 0.0138385 0.0150000
v 0.0009950 0.0144022 0.0150000
v 0.0009950 0.0144022 0.0158000
v 0.0018385 0.0138385 0.0158000
v 0.0000000 0.0146000 0.0150000
v 0.0000000 0.0146000 0.0158000
v -0.0009950 0.0144022 0.0150000
v -0.0009950 0.0144022 0.0158000
v -0.0018385 0.0138385 0.0150000
v -0.0018385 0.0138385 0.0158000
v 0.0006123 0.0134783 0.0158000
v 0.0006123 0.0134783 0.0078000
v 0.0011314 0.0131314 0.0078000
v 0.0011314 0.0131314 0.0158000
v 0.0000000 0.0136000 0.0158000
v 0.0000000 0.0136000 0.0078000
v -0.0006123 0.0134783 0.0158000
v -0.0006123 0.0134783 0.0078000
v -0.0011314 0.0131314 0.0158000
v -0.0011314 0.0131314 0.0078000
v 0.0016971 0.0136971 0.0158000
v 0.0009184 0.0142174 0.0158000
v -0.0000000 0.0144000 0.0158000
v -0.0009185 0.0142174 0.0158000
v -0.0006123 0.0134782 0.0158000
v -0.0016971 0.0136971 0.0158000
v 0.0009184 0.0142174 0.0150000
v 0.0009950 0.0144021 0.0150000
v 0.0016970 0.0136970 0.0150000
v 0.0000000 0.0144000 0.0150000
v -0.0009184 0.0142174 0.0150000
v -0.0009950 0.0144021 0.0150000
v -0.0016970 0.0136970 0.0150000
v 0.0009950 0.0144021 0.0158000
v 0.0016970 0.0136970 0.0158000
v -0.0009950 0.0144021 0.0158000
v -0.0009184 0.0142174 0.0158000
v -0.0016970 0.0136970 0.0158000
v 0.0023204 0.0124000 0.0124000
v 0.0023437 0.0122828 0.0125172
v 0.0023204 0.0124000 0.0128000
v 0.0011312 0.0120000 0.0124000
v 0.0011312 0.0122828 0.0125172
v 0.0011312 0.0124000 0.0124000
v 0.0011312 0.0124000 0.0128000
v 0.0012108 0.0120000 0.0124000
v 0.0011545 0.0122828 0.0125172
v 0.0011314 0.0131314 0.0124000
v 0.0011314 0.0124000 0.0124000
v 0.0011314 0.0124000 0.0158000
v 0.0011314 0.0124000 0.0128000
v 0.0023204 0.0124000 0.0158000
v 0.0023204 0.0124000 0.0150000
v 0.0022000 0.0131600 0.0150000
v 0.0022000 0.0131600 0.0158000
v 0.0022173 0.0129185 0.0124000
v 0.0022173 0.0129185 0.0150000
v 0.0016970 0.0136971 0.0158000
v -0.0023437 0.0122828 0.0125172
v -0.0023204 0.0124000 0.0124000
v -0.0023204 0.0124000 0.0128000
v -0.0011312 0.0124000 0.0124000
v -0.0011312 0.0122828 0.0125172
v -0.0011312 0.0120000 0.0124000
v -0.0011312 0.0124000 0.0128000
v -0.0012108 0.0120000 0.0124000
v -0.0011545 0.0122828 0.0125172
v -0.0011314 0.0124000 0.0124000
v -0.0011314 0.0131314 0.0124000
v -0.0011314 0.0124000 0.0158000
v -0.0023204 0.0124000 0.0158000
v -0.0011314 0.0124000 0.0128000
v -0.0022000 0.0131600 0.0158000
v -0.0022000 0.0131600 0.0150000
v -0.0023204 0.0124000 0.0150000
v -0.0022173 0.0129185 0.0124000
v -0.0022173 0.0129185 0.0150000
v -0.0016970 0.0136971 0.0158000
v 0.0022173 0.0110816 0.0150000
v 0.0016971 0.0103029 0.0150000
v 0.0016971 0.0103029 0.0124000
v 0.0022173 0.0110816 0.0124000
v 0.0009184 0.0097827 0.0150000
v 0.0009184 0.0097827 0.0124000
v 0.0000000 0.0095999 0.0150000
v 0.0000000 0.0095999 0.0124000
v -0.0009184 0.0097827 0.0150000
v -0.0009184 0.0097827 0.0124000
v -0.0016971 0.0103029 0.0150000
v -0.0016971 0.0103029 0.0124000
v -0.0022173 0.0110816 0.0150000
v -0.0022173 0.0110816 0.0124000
v 0.0009950 0.0095978 0.0158000
v 0.0009950 0.0095978 0.0150000
v 0.0018385 0.0101615 0.0150000
v 0.0018385 0.0101615 0.0158000
v 0.0000000 0.0094000 0.0158000
v 0.0000000 0.0094000 0.0150000
v -0.0009950 0.0095978 0.0158000
v -0.0009950 0.0095978 0.0150000
v -0.0018385 0.0101615 0.0158000
v -0.0018385 0.0101615 0.0150000
v 0.0011314 0.0108686 0.0078000
v 0.0006123 0.0105217 0.0078000
v 0.0006123 0.0105217 0.0158000
v 0.0011314 0.0108686 0.0158000
v 0.0000000 0.0104000 0.0078000
v 0.0000000 0.0104000 0.0158000
v -0.0006123 0.0105217 0.0078000
v -0.0006123 0.0105217 0.0158000
v -0.0011314 0.0108686 0.0078000
v -0.0011314 0.0108686 0.0158000
v 0.0009184 0.0097826 0.0158000
v 0.0016971 0.0103029 0.0158000
v -0.0000000 0.0096000 0.0158000
v -0.0006123 0.0105218 0.0158000
v -0.0009185 0.0097826 0.0158000
v -0.0016971 0.0103029 0.0158000
v 0.0009950 0.0095979 0.0150000
v 0.0009184 0.0097826 0.0150000
v 0.0016970 0.0103030 0.0150000
v 0.0000000 0.0096000 0.0150000
v -0.0009950 0.0095979 0.0150000
v -0.0009184 0.0097826 0.0150000
v -0.0016970 0.0103030 0.0150000
v 0.0009950 0.0095979 0.0158000
v 0.0016970 0.0103030 0.0158000
v -0.0009184 0.0097826 0.0158000
v -0.0009950 0.0095979 0.0158000
v -0.0016970 0.0103030 0.0158000
v 0.0023437 0.0117172 0.0125172
v 0.0023204 0.0116000 0.0124000
v 0.0023204 0.0116000 0.0128000
v 0.0011312 0.0116000 0.0124000
v 0.0011312 0.0117172 0.0125172
v 0.0011312 0.0116000 0.0128000
v 0.0011545 0.0117172 0.0125172
v 0.0011314 0.0116000 0.0124000
v 0.0011314 0.0108686 0.0124000
v 0.0011314 0.0116000 0.0158000
v 0.0023204 0.0116000 0.0158000
v 0.0011314 0.0116000 0.0128000
v 0.0022000 0.0108400 0.0158000
v 0.0022000 0.0108400 0.0150000
v 0.0023204 0.0116000 0.0150000
v 0.0022173 0.0110815 0.0124000
v 0.0022173 0.0110815 0.0150000
v 0.0016970 0.0103029 0.0158000
v -0.0023204 0.0116000 0.0124000
v -0.0023437 0.0117172 0.0125172
v -0.0023204 0.0116000 0.0128000
v -0.0011312 0.0117172 0.0125172
v -0.0011312 0.0116000 0.0124000
v -0.0011312 0.0116000 0.0128000
v -0.0011545 0.0117172 0.0125172
v -0.0011314 0.0108686 0.0124000
v -0.0011314 0.0116000 0.0124000
v -0.0011314 0.0116000 0.0158000
v -0.0011314 0.0116000 0.0128000
v -0.0023204 0.0116000 0.0158000
v -0.0023204 0.0116000 0.0150000
v -0.0022000 0.0108400 0.0150000
v -0.0022000 0.0108400 0.0158000
v -0.0022173 0.0110815 0.0124000
v -0.0022173 0.0110815 0.0150000
v -0.0016970 0.0103029 0.0158000
v 0.0016264 0.0139092 0.0109680
v 0.0015275 0.0138104 0.0111600
v 0.0016970 0.0136970 0.0111600
v 0.0014266 0.0138792 0.0109680
v 0.0014266 0.0138792 0.0086000
v 0.0016264 0.0139092 0.0086000
v 0.0018104 0.0135275 0.0111600
v 0.0019092 0.0136264 0.0109680
v 0.0018792 0.0134266 0.0109680
v 0.0018792 0.0134266 0.0086000
v 0.0019092 0.0136264 0.0086000
v 0.0019092 0.0103736 0.0109680
v 0.0018104 0.0104725 0.0111600
v 0.0016970 0.0103030 0.0111600
v 0.0018792 0.0105734 0.0109680
v 0.0018792 0.0105734 0.0086000
v 0.0019092 0.0103736 0.0086000
v 0.0015275 0.0101896 0.0111600
v 0.0016264 0.0100908 0.0109680
v 0.0014266 0.0101208 0.0109680
v 0.0014266 0.0101208 0.0086000
v 0.0016264 0.0100908 0.0086000
v -0.0016264 0.0100908 0.0109680
v -0.0015275 0.0101896 0.0111600
v -0.0016970 0.0103030 0.0111600
v -0.0014266 0.0101208 0.0109680
v -0.0014266 0.0101208 0.0086000
v -0.0016264 0.0100908 0.0086000
v -0.0018104 0.0104725 0.0111600
v -0.0019092 0.0103736 0.0109680
v -0.0018792 0.0105734 0.0109680
v -0.0018792 0.0105734 0.0086000
v -0.0019092 0.0103736 0.0086000
v -0.0019092 0.0136264 0.0109680
v -0.0018104 0.0135275 0.0111600
v -0.0016970 0.0136970 0.0111600
v -0.0018792 0.0134266 0.0109680
v -0.0018792 0.0134266 0.0086000
v -0.0019092 0.0136264 0.0086000
v -0.0015275 0.0138104 0.0111600
v -0.0016264 0.0139092 0.0109680
v -0.0014266 0.0138792 0.0109680
v -0.0014266 0.0138792 0.0086000
v -0.0016264 0.0139092 0.0086000
v 0.0024000 0.0280000 0.0086000
v 0.0022174 0.0289185 0.0086000
v 0.0022174 0.0289185 0.0124000
v 0.0024000 0.0280000 0.0124000
v 0.0016970 0.0296970 0.0086000
v 0.0016970 0.0296970 0.0124000
v 0.0009185 0.0302174 0.0086000
v 0.0009185 0.0302174 0.0124000
v 0.0000000 0.0304000 0.0086000
v 0.0000000 0.0304000 0.0124000
v -0.0009185 0.0302174 0.0086000
v -0.0009185 0.0302174 0.0124000
v -0.0016970 0.0296970 0.0086000
v -0.0016970 0.0296970 0.0124000
v -0.0022174 0.0289185 0.0086000
v -0.0022174 0.0289185 0.0124000
v -0.0024000 0.0280000 0.0086000
v -0.0024000 0.0280000 0.0124000
v -0.0022174 0.0270815 0.0086000
v -0.0022174 0.0270815 0.0124000
v -0.0016970 0.0263030 0.0086000
v -0.0016970 0.0263030 0.0124000
v -0.0009185 0.0257826 0.0086000
v -0.0009185 0.0257826 0.0124000
v 0.0000000 0.0256000 0.0086000
v 0.0000000 0.0256000 0.0124000
v 0.0009185 0.0257826 0.0086000
v 0.0009185 0.0257826 0.0124000
v 0.0016970 0.0263030 0.0086000
v 0.0016970 0.0263030 0.0124000
v 0.0022174 0.0270815 0.0086000
v 0.0022174 0.0270815 0.0124000
v 0.0032000 0.0280000 0.0078000
v 0.0029565 0.0292246 0.0078000
v 0.0029565 0.0292246 0.0086000
v 0.0032000 0.0280000 0.0086000
v 0.0022627 0.0302627 0.0078000
v 0.0022627 0.0302627 0.0086000
v 0.0012246 0.0309565 0.0078000
v 0.0012246 0.0309565 0.0086000
v 0.0000000 0.0312000 0.0078000
v 0.0000000 0.0312000 0.0086000
v -0.0012246 0.0309565 0.0078000
v -0.0012246 0.0309565 0.0086000
v -0.0022627 0.0302627 0.0078000
v -0.0022627 0.0302627 0.0086000
v -0.0029565 0.0292246 0.0078000
v -0.0029565 0.0292246 0.0086000
v -0.0032000 0.0280000 0.0078000
v -0.0032000 0.0280000 0.0086000
v -0.0029565 0.0267754 0.0078000
v -0.0029565 0.0267754 0.0086000
v -0.0022627 0.0257373 0.0078000
v -0.0022627 0.0257373 0.0086000
v -0.0012246 0.0250435 0.0078000
v -0.0012246 0.0250435 0.0086000
v 0.0000000 0.0248000 0.0078000
v 0.0000000 0.0248000 0.0086000
v 0.0012246 0.0250435 0.0078000
v 0.0012246 0.0250435 0.0086000
v 0.0022627 0.0257373 0.0078000
v 0.0022627 0.0257373 0.0086000
v 0.0029565 0.0267754 0.0078000
v 0.0029565 0.0267754 0.0086000
v 0.0016971 0.0296971 0.0124000
v 0.0016971 0.0296971 0.0150000
v 0.0022173 0.0289184 0.0150000
v 0.0022173 0.0289184 0.0124000
v 0.0009184 0.0302173 0.0124000
v 0.0009184 0.0302173 0.0150000
v 0.0000000 0.0304001 0.0124000
v 0.0000000 0.0304001 0.0150000
v -0.0009184 0.0302173 0.0124000
v -0.0009184 0.0302173 0.0150000
v -0.0016971 0.0296971 0.0124000
v -0.0016971 0.0296971 0.0150000
v -0.0022173 0.0289184 0.0124000
v -0.0022173 0.0289184 0.0150000
v 0.0018385 0.0298385 0.0150000
v 0.0009950 0.0304022 0.0150000
v 0.0009950 0.0304022 0.0158000
v 0.0018385 0.0298385 0.0158000
v 0.0000000 0.0306000 0.0150000
v 0.0000000 0.0306000 0.0158000
v -0.0009950 0.0304022 0.0150000
v -0.0009950 0.0304022 0.0158000
v -0.0018385 0.0298385 0.0150000
v -0.0018385 0.0298385 0.0158000
v 0.0006123 0.0294783 0.0158000
v 0.0006123 0.0294783 0.0078000
v 0.0011314 0.0291314 0.0078000
v 0.0011314 0.0291314 0.0158000
v 0.0000000 0.0296000 0.0158000
v 0.0000000 0.0296000 0.0078000
v -0.0006123 0.0294783 0.0158000
v -0.0006123 0.0294783 0.0078000
v -0.0011314 0.0291314 0.0158000
v -0.0011314 0.0291314 0.0078000
v 0.0016971 0.0296971 0.0158000
v 0.0009184 0.0302174 0.0158000
v -0.0000000 0.0304000 0.0158000
v -0.0009185 0.0302174 0.0158000
v -0.0006123 0.0294782 0.0158000
v -0.0016971 0.0296971 0.0158000
v 0.0009184 0.0302174 0.0150000
v 0.0009950 0.0304021 0.0150000
v 0.0016970 0.0296970 0.0150000
v 0.0000000 0.0304000 0.0150000
v -0.0009184 0.0302174 0.0150000
v -0.0009950 0.0304021 0.0150000
v -0.0016970 0.0296970 0.0150000
v 0.0009950 0.0304021 0.0158000
v 0.0016970 0.0296970 0.0158000
v -0.0009950 0.0304021 0.0158000
v -0.0009184 0.0302174 0.0158000
v -0.0016970 0.0296970 0.0158000
v 0.0023204 0.0284000 0.0124000
v 0.0023437 0.0282828 0.0125172
v 0.0023204 0.0284000 0.0128000
v 0.0011312 0.0280000 0.0124000
v 0.0011312 0.0282828 0.0125172
v 0.0011312 0.0284000 0.0124000
v 0.0011312 0.0284000 0.0128000
v 0.0012108 0.0280000 0.0124000
v 0.0011545 0.0282828 0.0125172
v 0.0011314 0.0291314 0.0124000
v 0.0011314 0.0284000 0.0124000
v 0.0011314 0.0284000 0.0158000
v 0.0011314 0.0284000 0.0128000
v 0.0023204 0.0284000 0.0158000
v 0.0023204 0.0284000 0.0150000
v 0.0022000 0.0291600 0.0150000
v 0.0022000 0.0291600 0.0158000
v 0.0022173 0.0289185 0.0124000
v 0.0022173 0.0289185 0.0150000
v 0.0016970 0.0296971 0.0158000
v -0.0023437 0.0282828 0.0125172
v -0.0023204 0.0284000 0.0124000
v -0.0023204 0.0284000 0.0128000
v -0.0011312 0.0284000 0.0124000
v -0.0011312 0.0282828 0.0125172
v -0.0011312 0.0280000 0.0124000
v -0.0011312 0.0284000 0.0128000
v -0.0012108 0.0280000 0.0124000
v -0.0011545 0.0282828 0.0125172
v -0.0011314 0.0284000 0.0124000
v -0.0011314 0.0291314 0.0124000
v -0.0011314 0.0284000 0.0158000
v -0.0023204 0.0284000 0.0158000
v -0.0011314 0.0284000 0.0128000
v -0.0022000 0.0291600 0.0158000
v -0.0022000 0.0291600 0.0150000
v -0.0023204 0.0284000 0.0150000
v -0.0022173 0.0289185 0.0124000
v -0.0022173 0.0289185 0.0150000
v -0.0016970 0.0296971 0.0158000
v 0.0022173 0.0270816 0.0150000
v 0.0016971 0.0263029 0.0150000
v 0.0016971 0.0263029 0.0124000
v 0.0022173 0.0270816 0.0124000
v 0.0009184 0.0257827 0.0150000
v 0.0009184 0.0257827 0.0124000
v 0.0000000 0.0255999 0.0150000
v 0.0000000 0.0255999 0.0124000
v -0.0009184 0.0257827 0.0150000
v -0.0009184 0.0257827 0.0124000
v -0.0016971 0.0263029 0.0150000
v -0.0016971 0.0263029 0.0124000
v -0.0022173 0.0270816 0.0150000
v -0.0022173 0.0270816 0.0124000
v 0.0009950 0.0255978 0.0158000
v 0.0009950 0.0255978 0.0150000
v 0.0018385 0.0261615 0.0150000
v 0.0018385 0.0261615 0.0158000
v 0.0000000 0.0254000 0.0158000
v 0.0000000 0.0254000 0.0150000
v -0.0009950 0.0255978 0.0158000
v -0.0009950 0.0255978 0.0150000
v -0.0018385 0.0261615 0.0158000
v -0.0018385 0.0261615 0.0150000
v 0.0011314 0.0268686 0.0078000
v 0.0006123 0.0265217 0.0078000
v 0.0006123 0.0265217 0.0158000
v 0.0011314 0.0268686 0.0158000
v 0.0000000 0.0264000 0.0078000
v 0.0000000 0.0264000 0.0158000
v -0.0006123 0.0265217 0.0078000
v -0.0006123 0.0265217 0.0158000
v -0.0011314 0.0268686 0.0078000
v -0.0011314 0.0268686 0.0158000
v 0.0009184 0.0257826 0.0158000
v 0.0016971 0.0263029 0.0158000
v -0.0000000 0.0256000 0.0158000
v -0.0006123 0.0265218 0.0158000
v -0.0009185 0.0257826 0.0158000
v -0.0016971 0.0263029 0.0158000
v 0.0009950 0.0255979 0.0150000
v 0.0009184 0.0257826 0.0150000
v 0.0016970 0.0263030 0.0150000
v 0.0000000 0.0256000 0.0150000
v -0.0009950 0.0255979 0.0150000
v -0.0009184 0.0257826 0.0150000
v -0.0016970 0.0263030 0.0150000
v 0.0009950 0.0255979 0.0158000
v 0.0016970 0.0263030 0.0158000
v -0.0009184 0.0257826 0.0158000
v -0.0009950 0.0255979 0.0158000
v -0.0016970 0.0263030 0.0158000
v 0.0023437 0.0277172 0.0125172
v 0.0023204 0.0276000 0.0124000
v 0.0023204 0.0276000 0.0128000
v 0.0011312 0.0276000 0.0124000
v 0.0011312 0.0277172 0.0125172
v 0.0011312 0.0276000 0.0128000
v 0.0011545 0.0277172 0.0125172
v 0.0011314 0.0276000 0.0124000
v 0.0011314 0.0268686 0.0124000
v 0.0011314 0.0276000 0.0158000
v 0.0023204 0.0276000 0.0158000
v 0.0011314 0.0276000 0.0128000
v 0.0022000 0.0268400 0.0158000
v 0.0022000 0.0268400 0.0150000
v 0.0023204 0.0276000 0.0150000
v 0.0022173 0.0270815 0.0124000
v 0.0022173 0.0270815 0.0150000
v 0.0016970 0.0263029 0.0158000
v -0.0023204 0.0276000 0.0124000
v -0.0023437 0.0277172 0.0125172
v -0.0023204 0.0276000 0.0128000
v -0.0011312 0.0277172 0.0125172
v -0.0011312 0.0276000 0.0124000
v -0.0011312 0.0276000 0.0128000
v -0.0011545 0.0277172 0.0125172
v -0.0011314 0.0268686 0.0124000
v -0.0011314 0.0276000 0.0124000
v -0.0011314 0.0276000 0.0158000
v -0.0011314 0.0276000 0.0128000
v -0.0023204 0.0276000 0.0158000
v -0.0023204 0.0276000 0.0150000
v -0.0022000 0.0268400 0.0150000
v -0.0022000 0.0268400 0.0158000
v -0.0022173 0.0270815 0.0124000
v -0.0022173 0.0270815 0.0150000
v -0.0016970 0.0263029 0.0158000
v 0.0016264 0.0299092 0.0109680
v 0.0015275 0.0298104 0.0111600
v 0.0016970 0.0296970 0.0111600
v 0.0014266 0.0298792 0.0109680
v 0.0014266 0.0298792 0.0086000
v 0.0016264 0.0299092 0.0086000
v 0.0018104 0.0295275 0.0111600
v 0.0019092 0.0296264 0.0109680
v 0.0018792 0.0294266 0.0109680
v 0.0018792 0.0294266 0.0086000
v 0.0019092 0.0296264 0.0086000
v 0.0019092 0.0263736 0.0109680
v 0.0018104 0.0264725 0.0111600
v 0.0016970 0.0263030 0.0111600
v 0.0018792 0.0265734 0.0109680
v 0.0018792 0.0265734 0.0086000
v 0.0019092 0.0263736 0.0086000
v 0.0015275 0.0261896 0.0111600
v 0.0016264 0.0260908 0.0109680
v 0.0014266 0.0261208 0.0109680
v 0.0014266 0.0261208 0.0086000
v 0.0016264 0.0260908 0.0086000
v -0.0016264 0.0260908 0.0109680
v -0.0015275 0.0261896 0.0111600
v -0.0016970 0.0263030 0.0111600
v -0.0014266 0.0261208 0.0109680
v -0.0014266 0.0261208 0.0086000
v -0.0016264 0.0260908 0.0086000
v -0.0018104 0.0264725 0.0111600
v -0.0019092 0.0263736 0.0109680
v -0.0018792 0.0265734 0.0109680
v -0.0018792 0.0265734 0.0086000
v -0.0019092 0.0263736 0.0086000
v -0.0019092 0.0296264 0.0109680
v -0.0018104 0.0295275 0.0111600
v -0.0016970 0.0296970 0.0111600
v -0.0018792 0.0294266 0.0109680
v -0.0018792 0.0294266 0.0086000
v -0.0019092 0.0296264 0.0086000
v -0.0015275 0.0298104 0.0111600
v -0.0016264 0.0299092 0.0109680
v -0.0014266 0.0298792 0.0109680
v -0.0014266 0.0298792 0.0086000
v -0.0016264 0.0299092 0.0086000
v -0.0024000 0.0072000 0.0038000
v -0.0022174 0.0072000 0.0028815
v -0.0022174 0.0034000 0.0028815
v -0.0024000 0.0034000 0.0038000
v -0.0016970 0.0072000 0.0021030
v -0.0016970 0.0034000 0.0021030
v -0.0009185 0.0072000 0.0015826
v -0.0009185 0.0034000 0.0015826
v 0.0000000 0.0072000 0.0014000
v 0.0000000 0.0034000 0.0014000
v 0.0009185 0.0072000 0.0015826
v 0.0009185 0.0034000 0.0015826
v 0.0016970 0.0072000 0.0021030
v 0.0016970 0.0034000 0.0021030
v 0.0022174 0.0072000 0.0028815
v 0.0022174 0.0034000 0.0028815
v 0.0024000 0.0072000 0.0038000
v 0.0024000 0.0034000 0.0038000
v 0.0022174 0.0072000 0.0047185
v 0.0022174 0.0034000 0.0047185
v 0.0016970 0.0072000 0.0054970
v 0.0016970 0.0034000 0.0054970
v 0.0009185 0.0072000 0.0060174
v 0.0009185 0.0034000 0.0060174
v 0.0000000 0.0072000 0.0062000
v 0.0000000 0.0034000 0.0062000
v -0.0009185 0.0072000 0.0060174
v -0.0009185 0.0034000 0.0060174
v -0.0016970 0.0072000 0.0054970
v -0.0016970 0.0034000 0.0054970
v -0.0022174 0.0072000 0.0047185
v -0.0022174 0.0034000 0.0047185
v -0.0032000 0.0080000 0.0038000
v -0.0029565 0.0080000 0.0025754
v -0.0029565 0.0072000 0.0025754
v -0.0032000 0.0072000 0.0038000
v -0.0022627 0.0080000 0.0015373
v -0.0022627 0.0072000 0.0015373
v -0.0012246 0.0080000 0.0008435
v -0.0012246 0.0072000 0.0008435
v 0.0000000 0.0080000 0.0006000
v 0.0000000 0.0072000 0.0006000
v 0.0012246 0.0080000 0.0008435
v 0.0012246 0.0072000 0.0008435
v 0.0022627 0.0080000 0.0015373
v 0.0022627 0.0072000 0.0015373
v 0.0029565 0.0080000 0.0025754
v 0.0029565 0.0072000 0.0025754
v 0.0032000 0.0080000 0.0038000
v 0.0032000 0.0072000 0.0038000
v 0.0029565 0.0080000 0.0050246
v 0.0029565 0.0072000 0.0050246
v 0.0022627 0.0080000 0.0060627
v 0.0022627 0.0072000 0.0060627
v 0.0012246 0.0080000 0.0067565
v 0.0012246 0.0072000 0.0067565
v 0.0000000 0.0080000 0.0070000
v 0.0000000 0.0072000 0.0070000
v -0.0012246 0.0080000 0.0067565
v -0.0012246 0.0072000 0.0067565
v -0.0022627 0.0080000 0.0060627
v -0.0022627 0.0072000 0.0060627
v -0.0029565 0.0080000 0.0050246
v -0.0029565 0.0072000 0.0050246
v -0.0016971 0.0034000 0.0021029
v -0.0016971 0.0008000 0.0021029
v -0.0022173 0.0008000 0.0028816
v -0.0022173 0.0034000 0.0028816
v -0.0009184 0.0034000 0.0015827
v -0.0009184 0.0008000 0.0015827
v -0.0000000 0.0034000 0.0013999
v -0.0000000 0.0008000 0.0013999
v 0.0009184 0.0034000 0.0015827
v 0.0009184 0.0008000 0.0015827
v 0.0016971 0.0034000 0.0021029
v 0.0016971 0.0008000 0.0021029
v 0.0022173 0.0034000 0.0028816
v 0.0022173 0.0008000 0.0028816
v -0.0018385 0.0008000 0.0019615
v -0.0009950 0.0008000 0.0013978
v -0.0009950 0.0000000 0.0013978
v -0.0018385 0.0000000 0.0019615
v -0.0000000 0.0008000 0.0012000
v -0.0000000 0.0000000 0.0012000
v 0.0009950 0.0008000 0.0013978
v 0.0009950 0.0000000 0.0013978
v 0.0018385 0.0008000 0.0019615
v 0.0018385 0.0000000 0.0019615
v -0.0006123 0.0000000 0.0023217
v -0.0006123 0.0080000 0.0023217
v -0.0011314 0.0080000 0.0026686
v -0.0011314 0.0000000 0.0026686
v 0.0000000 0.0000000 0.0022000
v 0.0000000 0.0080000 0.0022000
v 0.0006123 0.0000000 0.0023217
v 0.0006123 0.0080000 0.0023217
v 0.0011314 0.0000000 0.0026686
v 0.0011314 0.0080000 0.0026686
v -0.0016971 0.0000000 0.0021029
v -0.0009184 0.0000000 0.0015826
v 0.0000000 0.0000000 0.0014000
v 0.0009185 0.0000000 0.0015826
v 0.0006123 0.0000000 0.0023218
v 0.0016971 0.0000000 0.0021029
v -0.0009184 0.0008000 0.0015826
v -0.0009950 0.0008000 0.0013979
v -0.0016970 0.0008000 0.0021030
v 0.0000000 0.0008000 0.0014000
v 0.0009184 0.0008000 0.0015826
v 0.0009950 0.0008000 0.0013979
v 0.0016970 0.0008000 0.0021030
v -0.0009950 0.0000000 0.0013979
v -0.0016970 0.0000000 0.0021030
v 0.0009950 0.0000000 0.0013979
v 0.0009184 0.0000000 0.0015826
v 0.0016970 0.0000000 0.0021030
v -0.0023204 0.0034000 0.0034000
v -0.0023437 0.0032828 0.0035172
v -0.0023204 0.0030000 0.0034000
v -0.0011312 0.0034000 0.0038000
v -0.0011312 0.0032828 0.0035172
v -0.0011312 0.0034000 0.0034000
v -0.0011312 0.0030000 0.0034000
v -0.0012108 0.0034000 0.0038000
v -0.0011545 0.0032828 0.0035172
v -0.0011314 0.0034000 0.0026686
v -0.0011314 0.0034000 0.0034000
v -0.0011314 0.0000000 0.0034000
v -0.0011314 0.0030000 0.0034000
v -0.0023204 0.0000000 0.0034000
v -0.0023204 0.0008000 0.0034000
v -0.0022000 0.0008000 0.0026400
v -0.0022000 0.0000000 0.0026400
v -0.0022173 0.0034000 0.0028815
v -0.0022173 0.0008000 0.0028815
v -0.0016970 0.0000000 0.0021029
v 0.0023437 0.0032828 0.0035172
v 0.0023204 0.0034000 0.0034000
v 0.0023204 0.0030000 0.0034000
v 0.0011312 0.0034000 0.0034000
v 0.0011312 0.0032828 0.0035172
v 0.0011312 0.0034000 0.0038000
v 0.0011312 0.0030000 0.0034000
v 0.0012108 0.0034000 0.0038000
v 0.0011545 0.0032828 0.0035172
v 0.0011314 0.0034000 0.0034000
v 0.0011314 0.0034000 0.0026686
v 0.0011314 0.0000000 0.0034000
v 0.0023204 0.0000000 0.0034000
v 0.0011314 0.0030000 0.0034000
v 0.0022000 0.0000000 0.0026400
v 0.0022000 0.0008000 0.0026400
v 0.0023204 0.0008000 0.0034000
v 0.0022173 0.0034000 0.0028815
v 0.0022173 0.0008000 0.0028815
v 0.0016970 0.0000000 0.0021029
v -0.0022173 0.0008000 0.0047184
v -0.0016971 0.0008000 0.0054971
v -0.0016971 0.0034000 0.0054971
v -0.0022173 0.0034000 0.0047184
v -0.0009184 0.0008000 0.0060173
v -0.0009184 0.0034000 0.0060173
v -0.0000000 0.0008000 0.0062001
v -0.0000000 0.0034000 0.0062001
v 0.0009184 0.0008000 0.0060173
v 0.0009184 0.0034000 0.0060173
v 0.0016971 0.0008000 0.0054971
v 0.0016971 0.0034000 0.0054971
v 0.0022173 0.0008000 0.0047184
v 0.0022173 0.0034000 0.0047184
v -0.0009950 0.0000000 0.0062022
v -0.0009950 0.0008000 0.0062022
v -0.0018385 0.0008000 0.0056385
v -0.0018385 0.0000000 0.0056385
v -0.0000000 0.0000000 0.0064000
v -0.0000000 0.0008000 0.0064000
v 0.0009950 0.0000000 0.0062022
v 0.0009950 0.0008000 0.0062022
v 0.0018385 0.0000000 0.0056385
v 0.0018385 0.0008000 0.0056385
v -0.0011314 0.0080000 0.0049314
v -0.0006123 0.0080000 0.0052783
v -0.0006123 0.0000000 0.0052783
v -0.0011314 0.0000000 0.0049314
v 0.0000000 0.0080000 0.0054000
v 0.0000000 0.0000000 0.0054000
v 0.0006123 0.0080000 0.0052783
v 0.0006123 0.0000000 0.0052783
v 0.0011314 0.0080000 0.0049314
v 0.0011314 0.0000000 0.0049314
v -0.0009184 0.0000000 0.0060174
v -0.0016971 0.0000000 0.0054971
v 0.0000000 0.0000000 0.0062000
v 0.0006123 0.0000000 0.0052782
v 0.0009185 0.0000000 0.0060174
v 0.0016971 0.0000000 0.0054971
v -0.0009950 0.0008000 0.0062021
v -0.0009184 0.0008000 0.0060174
v -0.0016970 0.0008000 0.0054970
v 0.0000000 0.0008000 0.0062000
v 0.0009950 0.0008000 0.0062021
v 0.0009184 0.0008000 0.0060174
v 0.0016970 0.0008000 0.0054970
v -0.0009950 0.0000000 0.0062021
v -0.0016970 0.0000000 0.0054970
v 0.0009184 0.0000000 0.0060174
v 0.0009950 0.0000000 0.0062021
v 0.0016970 0.0000000 0.0054970
v -0.0023437 0.0032828 0.0040828
v -0.0023204 0.0034000 0.0042000
v -0.0023204 0.0030000 0.0042000
v -0.0011312 0.0034000 0.0042000
v -0.0011312 0.0032828 0.0040828
v -0.0011312 0.0030000 0.0042000
v -0.0011545 0.0032828 0.0040828
v -0.0011314 0.0034000 0.0042000
v -0.0011314 0.0034000 0.0049314
v -0.0011314 0.0000000 0.0042000
v -0.0023204 0.0000000 0.0042000
v -0.0011314 0.0030000 0.0042000
v -0.0022000 0.0000000 0.0049600
v -0.0022000 0.0008000 0.0049600
v -0.0023204 0.0008000 0.0042000
v -0.0022173 0.0034000 0.0047185
v -0.0022173 0.0008000 0.0047185
v -0.0016970 0.0000000 0.0054971
v 0.0023204 0.0034000 0.0042000
v 0.0023437 0.0032828 0.0040828
v 0.0023204 0.0030000 0.0042000
v 0.0011312 0.0032828 0.0040828
v 0.0011312 0.0034000 0.0042000
v 0.0011312 0.0030000 0.0042000
v 0.0011545 0.0032828 0.0040828
v 0.0011314 0.0034000 0.0049314
v 0.0011314 0.0034000 0.0042000
v 0.0011314 0.0000000 0.0042000
v 0.0011314 0.0030000 0.0042000
v 0.0023204 0.0000000 0.0042000
v 0.0023204 0.0008000 0.0042000
v 0.0022000 0.0008000 0.0049600
v 0.0022000 0.0000000 0.0049600
v 0.0022173 0.0034000 0.0047185
v 0.0022173 0.0008000 0.0047185
v 0.0016970 0.0000000 0.0054971
v -0.0016264 0.0048320 0.0018908
v -0.0015275 0.0046400 0.0019896
v -0.0016970 0.0046400 0.0021030
v -0.0014266 0.0048320 0.0019208
v -0.0014266 0.0072000 0.0019208
v -0.0016264 0.0072000 0.0018908
v -0.0018104 0.0046400 0.0022725
v -0.0019092 0.0048320 0.0021736
v -0.0018792 0.0048320 0.0023734
v -0.0018792 0.0072000 0.0023734
v -0.0019092 0.0072000 0.0021736
v -0.0019092 0.0048320 0.0054264
v -0.0018104 0.0046400 0.0053275
v -0.0016970 0.0046400 0.0054970
v -0.0018792 0.0048320 0.0052266
v -0.0018792 0.0072000 0.0052266
v -0.0019092 0.0072000 0.0054264
v -0.0015275 0.0046400 0.0056104
v -0.0016264 0.0048320 0.0057092
v -0.0014266 0.0048320 0.0056792
v -0.0014266 0.0072000 0.0056792
v -0.0016264 0.0072000 0.0057092
v 0.0016264 0.0048320 0.0057092
v 0.0015275 0.0046400 0.0056104
v 0.0016970 0.0046400 0.0054970
v 0.0014266 0.0048320 0.0056792
v 0.0014266 0.0072000 0.0056792
v 0.0016264 0.0072000 0.0057092
v 0.0018104 0.0046400 0.0053275
v 0.0019092 0.0048320 0.0054264
v 0.0018792 0.0048320 0.0052266
v 0.0018792 0.0072000 0.0052266
v 0.0019092 0.0072000 0.0054264
v 0.0019092 0.0048320 0.0021736
v 0.0018104 0.0046400 0.0022725
v 0.0016970 0.0046400 0.0021030
v 0.0018792 0.0048320 0.0023734
v 0.0018792 0.0072000 0.0023734
v 0.0019092 0.0072000 0.0021736
v 0.0015275 0.0046400 0.0019896
v 0.0016264 0.0048320 0.0018908
v 0.0014266 0.0048320 0.0019208
v 0.0014266 0.0072000 0.0019208
v 0.0016264 0.0072000 0.0018908
v -0.0024000 0.0072000 -0.0122000
v -0.0022174 0.0072000 -0.0131185
v -0.0022174 0.0034000 -0.0131185
v -0.0024000 0.0034000 -0.0122000
v -0.0016970 0.0072000 -0.0138970
v -0.0016970 0.0034000 -0.0138970
v -0.0009185 0.0072000 -0.0144174
v -0.0009185 0.0034000 -0.0144174
v 0.0000000 0.0072000 -0.0146000
v 0.0000000 0.0034000 -0.0146000
v 0.0009185 0.0072000 -0.0144174
v 0.0009185 0.0034000 -0.0144174
v 0.0016970 0.0072000 -0.0138970
v 0.0016970 0.0034000 -0.0138970
v 0.0022174 0.0072000 -0.0131185
v 0.0022174 0.0034000 -0.0131185
v 0.0024000 0.0072000 -0.0122000
v 0.0024000 0.0034000 -0.0122000
v 0.0022174 0.0072000 -0.0112815
v 0.0022174 0.0034000 -0.0112815
v 0.0016970 0.0072000 -0.0105030
v 0.0016970 0.0034000 -0.0105030
v 0.0009185 0.0072000 -0.0099826
v 0.0009185 0.0034000 -0.0099826
v 0.0000000 0.0072000 -0.0098000
v 0.0000000 0.0034000 -0.0098000
v -0.0009185 0.0072000 -0.0099826
v -0.0009185 0.0034000 -0.0099826
v -0.0016970 0.0072000 -0.0105030
v -0.0016970 0.0034000 -0.0105030
v -0.0022174 0.0072000 -0.0112815
v -0.0022174 0.0034000 -0.0112815
v -0.0032000 0.0080000 -0.0122000
v -0.0029565 0.0080000 -0.0134246
v -0.0029565 0.0072000 -0.0134246
v -0.0032000 0.0072000 -0.0122000
v -0.0022627 0.0080000 -0.0144627
v -0.0022627 0.0072000 -0.0144627
v -0.0012246 0.0080000 -0.0151565
v -0.0012246 0.0072000 -0.0151565
v 0.0000000 0.0080000 -0.0154000
v 0.0000000 0.0072000 -0.0154000
v 0.0012246 0.0080000 -0.0151565
v 0.0012246 0.0072000 -0.0151565
v 0.0022627 0.0080000 -0.0144627
v 0.0022627 0.0072000 -0.0144627
v 0.0029565 0.0080000 -0.0134246
v 0.0029565 0.0072000 -0.0134246
v 0.0032000 0.0080000 -0.0122000
v 0.0032000 0.0072000 -0.0122000
v 0.0029565 0.0080000 -0.0109754
v 0.0029565 0.0072000 -0.0109754
v 0.0022627 0.0080000 -0.0099373
v 0.0022627 0.0072000 -0.0099373
v 0.0012246 0.0080000 -0.0092435
v 0.0012246 0.0072000 -0.0092435
v 0.0000000 0.0080000 -0.0090000
v 0.0000000 0.0072000 -0.0090000
v -0.0012246 0.0080000 -0.0092435
v -0.0012246 0.0072000 -0.0092435
v -0.0022627 0.0080000 -0.0099373
v -0.0022627 0.0072000 -0.0099373
v -0.0029565 0.0080000 -0.0109754
v -0.0029565 0.0072000 -0.0109754
v -0.0016971 0.0034000 -0.0138971
v -0.0016971 0.0008000 -0.0138971
v -0.0022173 0.0008000 -0.0131184
v -0.0022173 0.0034000 -0.0131184
v -0.0009184 0.0034000 -0.0144173
v -0.0009184 0.0008000 -0.0144173
v -0.0000000 0.0034000 -0.0146001
v -0.0000000 0.0008000 -0.0146001
v 0.0009184 0.0034000 -0.0144173
v 0.0009184 0.0008000 -0.0144173
v 0.0016971 0.0034000 -0.0138971
v 0.0016971 0.0008000 -0.0138971
v 0.0022173 0.0034000 -0.0131184
v 0.0022173 0.0008000 -0.0131184
v -0.0018385 0.0008000 -0.0140385
v -0.0009950 0.0008000 -0.0146022
v -0.0009950 0.0000000 -0.0146022
v -0.0018385 0.0000000 -0.0140385
v -0.0000000 0.0008000 -0.0148000
v -0.0000000 0.0000000 -0.0148000
v 0.0009950 0.0008000 -0.0146022
v 0.0009950 0.0000000 -0.0146022
v 0.0018385 0.0008000 -0.0140385
v 0.0018385 0.0000000 -0.0140385
v -0.0006123 0.0000000 -0.0136783
v -0.0006123 0.0080000 -0.0136783
v -0.0011314 0.0080000 -0.0133314
v -0.0011314 0.0000000 -0.0133314
v 0.0000000 0.0000000 -0.0138000
v 0.0000000 0.0080000 -0.0138000
v 0.0006123 0.0000000 -0.0136783
v 0.0006123 0.0080000 -0.0136783
v 0.0011314 0.0000000 -0.0133314
v 0.0011314 0.0080000 -0.0133314
v -0.0016971 0.0000000 -0.0138971
v -0.0009184 0.0000000 -0.0144174
v 0.0000000 0.0000000 -0.0146000
v 0.0009185 0.0000000 -0.0144174
v 0.0006123 0.0000000 -0.0136782
v 0.0016971 0.0000000 -0.0138971
v -0.0009184 0.0008000 -0.0144174
v -0.0009950 0.0008000 -0.0146021
v -0.0016970 0.0008000 -0.0138970
v 0.0000000 0.0008000 -0.0146000
v 0.0009184 0.0008000 -0.0144174
v 0.0009950 0.0008000 -0.0146021
v 0.0016970 0.0008000 -0.0138970
v -0.0009950 0.0000000 -0.0146021
v -0.0016970 0.0000000 -0.0138970
v 0.0009950 0.0000000 -0.0146021
v 0.0009184 0.0000000 -0.0144174
v 0.0016970 0.0000000 -0.0138970
v -0.0023204 0.0034000 -0.0126000
v -0.0023437 0.0032828 -0.0124828
v -0.0023204 0.0030000 -0.0126000
v -0.0011312 0.0034000 -0.0122000
v -0.0011312 0.0032828 -0.0124828
v -0.0011312 0.0034000 -0.0126000
v -0.0011312 0.0030000 -0.0126000
v -0.0012108 0.0034000 -0.0122000
v -0.0011545 0.0032828 -0.0124828
v -0.0011314 0.0034000 -0.0133314
v -0.0011314 0.0034000 -0.0126000
v -0.0011314 0.0000000 -0.0126000
v -0.0011314 0.0030000 -0.0126000
v -0.0023204 0.0000000 -0.0126000
v -0.0023204 0.0008000 -0.0126000
v -0.0022000 0.0008000 -0.0133600
v -0.0022000 0.0000000 -0.0133600
v -0.0022173 0.0034000 -0.0131185
v -0.0022173 0.0008000 -0.0131185
v -0.0016970 0.0000000 -0.0138971
v 0.0023437 0.0032828 -0.0124828
v 0.0023204 0.0034000 -0.0126000
v 0.0023204 0.0030000 -0.0126000
v 0.0011312 0.0034000 -0.0126000
v 0.0011312 0.0032828 -0.0124828
v 0.0011312 0.0034000 -0.0122000
v 0.0011312 0.0030000 -0.0126000
v 0.0012108 0.0034000 -0.0122000
v 0.0011545 0.0032828 -0.0124828
v 0.0011314 0.0034000 -0.0126000
v 0.0011314 0.0034000 -0.0133314
v 0.0011314 0.0000000 -0.0126000
v 0.0023204 0.0000000 -0.0126000
v 0.0011314 0.0030000 -0.0126000
v 0.0022000 0.0000000 -0.0133600
v 0.0022000 0.0008000 -0.0133600
v 0.0023204 0.0008000 -0.0126000
v 0.0022173 0.0034000 -0.0131185
v 0.0022173 0.0008000 -0.0131185
v 0.0016970 0.0000000 -0.0138971
v -0.0022173 0.0008000 -0.0112816
v -0.0016971 0.0008000 -0.0105029
v -0.0016971 0.0034000 -0.0105029
v -0.0022173 0.0034000 -0.0112816
v -0.0009184 0.0008000 -0.0099827
v -0.0009184 0.0034000 -0.0099827
v -0.0000000 0.0008000 -0.0097999
v -0.0000000 0.0034000 -0.0097999
v 0.0009184 0.0008000 -0.0099827
v 0.0009184 0.0034000 -0.0099827
v 0.0016971 0.0008000 -0.0105029
v 0.0016971 0.0034000 -0.0105029
v 0.0022173 0.0008000 -0.0112816
v 0.0022173 0.0034000 -0.0112816
v -0.0009950 0.0000000 -0.0097978
v -0.0009950 0.0008000 -0.0097978
v -0.0018385 0.0008000 -0.0103615
v -0.0018385 0.0000000 -0.0103615
v -0.0000000 0.0000000 -0.0096000
v -0.0000000 0.0008000 -0.0096000
v 0.0009950 0.0000000 -0.0097978
v 0.0009950 0.0008000 -0.0097978
v 0.0018385 0.0000000 -0.0103615
v 0.0018385 0.0008000 -0.0103615
v -0.0011314 0.0080000 -0.0110686
v -0.0006123 0.0080000 -0.0107217
v -0.0006123 0.0000000 -0.0107217
v -0.0011314 0.0000000 -0.0110686
v 0.0000000 0.0080000 -0.0106000
v 0.0000000 0.0000000 -0.0106000
v 0.0006123 0.0080000 -0.0107217
v 0.0006123 0.0000000 -0.0107217
v 0.0011314 0.0080000 -0.0110686
v 0.0011314 0.0000000 -0.0110686
v -0.0009184 0.0000000 -0.0099826
v -0.0016971 0.0000000 -0.0105029
v 0.0000000 0.0000000 -0.0098000
v 0.0006123 0.0000000 -0.0107218
v 0.0009185 0.0000000 -0.0099826
v 0.0016971 0.0000000 -0.0105029
v -0.0009950 0.0008000 -0.0097979
v -0.0009184 0.0008000 -0.0099826
v -0.0016970 0.0008000 -0.0105030
v 0.0000000 0.0008000 -0.0098000
v 0.0009950 0.0008000 -0.0097979
v 0.0009184 0.0008000 -0.0099826
v 0.0016970 0.0008000 -0.0105030
v -0.0009950 0.0000000 -0.0097979
v -0.0016970 0.0000000 -0.0105030
v 0.0009184 0.0000000 -0.0099826
v 0.0009950 0.0000000 -0.0097979
v 0.0016970 0.0000000 -0.0105030
v -0.0023437 0.0032828 -0.0119172
v -0.0023204 0.0034000 -0.0118000
v -0.0023204 0.0030000 -0.0118000
v -0.0011312 0.0034000 -0.0118000
v -0.0011312 0.0032828 -0.0119172
v -0.0011312 0.0030000 -0.0118000
v -0.0011545 0.0032828 -0.0119172
v -0.0011314 0.0034000 -0.0118000
v -0.0011314 0.0034000 -0.0110686
v -0.0011314 0.0000000 -0.0118000
v -0.0023204 0.0000000 -0.0118000
v -0.0011314 0.0030000 -0.0118000
v -0.0022000 0.0000000 -0.0110400
v -0.0022000 0.0008000 -0.0110400
v -0.0023204 0.0008000 -0.0118000
v -0.0022173 0.0034000 -0.0112815
v -0.0022173 0.0008000 -0.0112815
v -0.0016970 0.0000000 -0.0105029
v 0.0023204 0.0034000 -0.0118000
v 0.0023437 0.0032828 -0.0119172
v 0.0023204 0.0030000 -0.0118000
v 0.0011312 0.0032828 -0.0119172
v 0.0011312 0.0034000 -0.0118000
v 0.0011312 0.0030000 -0.0118000
v 0.0011545 0.0032828 -0.0119172
v 0.0011314 0.0034000 -0.0110686
v 0.0011314 0.0034000 -0.0118000
v 0.0011314 0.0000000 -0.0118000
v 0.0011314 0.0030000 -0.0118000
v 0.0023204 0.0000000 -0.0118000
v 0.0023204 0.0008000 -0.0118000
v 0.0022000 0.0008000 -0.0110400
v 0.0022000 0.0000000 -0.0110400
v 0.0022173 0.0034000 -0.0112815
v 0.0022173 0.0008000 -0.0112815
v 0.0016970 0.0000000 -0.0105029
v -0.0016264 0.0048320 -0.0141092
v -0.0015275 0.0046400 -0.0140104
v -0.0016970 0.0046400 -0.0138970
v -0.0014266 0.0048320 -0.0140792
v -0.0014266 0.0072000 -0.0140792
v -0.0016264 0.0072000 -0.0141092
v -0.0018104 0.0046400 -0.0137275
v -0.0019092 0.0048320 -0.0138264
v -0.0018792 0.0048320 -0.0136266
v -0.0018792 0.0072000 -0.0136266
v -0.0019092 0.0072000 -0.0138264
v -0.0019092 0.0048320 -0.0105736
v -0.0018104 0.0046400 -0.0106725
v -0.0016970 0.0046400 -0.0105030
v -0.0018792 0.0048320 -0.0107734
v -0.0018792 0.0072000 -0.0107734
v -0.0019092 0.0072000 -0.0105736
v -0.0015275 0.0046400 -0.0103896
v -0.0016264 0.0048320 -0.0102908
v -0.0014266 0.0048320 -0.0103208
v -0.0014266 0.0072000 -0.0103208
v -0.0016264 0.0072000 -0.0102908
v 0.0016264 0.0048320 -0.0102908
v 0.0015275 0.0046400 -0.0103896
v 0.0016970 0.0046400 -0.0105030
v 0.0014266 0.0048320 -0.0103208
v 0.0014266 0.0072000 -0.0103208
v 0.0016264 0.0072000 -0.0102908
v 0.0018104 0.0046400 -0.0106725
v 0.0019092 0.0048320 -0.0105736
v 0.0018792 0.0048320 -0.0107734
v 0.0018792 0.0072000 -0.0107734
v 0.0019092 0.0072000 -0.0105736
v 0.0019092 0.0048320 -0.0138264
v 0.0018104 0.0046400 -0.0137275
v 0.0016970 0.0046400 -0.0138970
v 0.0018792 0.0048320 -0.0136266
v 0.0018792 0.0072000 -0.0136266
v 0.0019092 0.0072000 -0.0138264
v 0.0015275 0.0046400 -0.0140104
v 0.0016264 0.0048320 -0.0141092
v 0.0014266 0.0048320 -0.0140792
v 0.0014266 0.0072000 -0.0140792
v 0.0016264 0.0072000 -0.0141092
f 1 2 3
f 4 1 3
f 2 5 6
f 3 2 6
f 5 7 8
f 6 5 8
f 7 9 10
f 8 7 10
f 9 11 12
f 10 9 12
f 11 13 14
f 12 11 14
f 13 15 16
f 14 13 16
f 15 17 18
f 16 15 18
f 17 19 20
f 18 17 20
f 19 21 22
f 20 19 22
f 21 23 24
f 22 21 24
f 23 25 26
f 24 23 26
f 25 27 28
f 26 25 28
f 27 29 30
f 28 27 30
f 29 31 32
f 30 29 32
f 31 1 4
f 32 31 4
f 26 28 33
f 26 33 34
f 28 30 35
f 28 35 33
f 30 32 36
f 30 36 35
f 32 4 37
f 32 37 36
f 4 3 38
f 4 38 37
f 3 6 39
f 3 39 38
f 6 8 40
f 6 40 39
f 8 10 41
f 8 41 40
f 10 12 42
f 10 42 41
f 12 14 43
f 12 43 42
f 14 16 44
f 14 44 43
f 16 18 45
f 16 45 44
f 18 20 46
f 18 46 45
f 20 22 47
f 20 47 46
f 22 24 48
f 22 48 47
f 24 26 34
f 24 34 48
f 49 50 48
f 49 48 34
f 50 51 47
f 50 47 48
f 51 52 46
f 51 46 47
f 52 53 45
f 52 45 46
f 53 54 44
f 53 44 45
f 54 55 43
f 54 43 44
f 55 56 42
f 55 42 43
f 56 57 41
f 56 41 42
f 57 58 40
f 57 40 41
f 58 59 39
f 58 39 40
f 59 60 38
f 59 38 39
f 60 61 37
f 60 37 38
f 61 62 36
f 61 36 37
f 62 63 35
f 62 35 36
f 63 64 33
f 63 33 35
f 64 49 34
f 64 34 33
f 65 27 25
f 66 65 25
f 67 29 27
f 65 67 27
f 68 31 29
f 67 68 29
f 69 1 31
f 68 69 31
f 70 2 1
f 69 70 1
f 71 5 2
f 70 71 2
f 72 7 5
f 71 72 5
f 73 9 7
f 72 73 7
f 74 11 9
f 73 74 9
f 75 13 11
f 74 75 11
f 76 15 13
f 75 76 13
f 77 17 15
f 76 77 15
f 78 19 17
f 77 78 17
f 79 21 19
f 78 79 19
f 80 23 21
f 79 80 21
f 66 25 23
f 80 66 23
f 81 82 83
f 81 83 84
f 82 85 86
f 82 86 83
f 85 87 88
f 85 88 86
f 87 89 90
f 87 90 88
f 89 91 92
f 89 92 90
f 91 93 94
f 91 94 92
f 93 95 96
f 93 96 94
f 95 97 98
f 95 98 96
f 97 99 100
f 97 100 98
f 99 101 102
f 99 102 100
f 101 103 104
f 101 104 102
f 103 105 106
f 103 106 104
f 105 107 108
f 105 108 106
f 107 109 110
f 107 110 108
f 109 111 112
f 109 112 110
f 111 81 84
f 111 84 112
f 113 70 69
f 113 69 114
f 115 71 70
f 115 70 113
f 116 72 71
f 116 71 115
f 117 73 72
f 117 72 116
f 118 74 73
f 118 73 117
f 119 75 74
f 119 74 118
f 120 76 75
f 120 75 119
f 121 77 76
f 121 76 120
f 122 78 77
f 122 77 121
f 123 79 78
f 123 78 122
f 124 80 79
f 124 79 123
f 125 66 80
f 125 80 124
f 126 65 66
f 126 66 125
f 127 67 65
f 127 65 126
f 128 68 67
f 128 67 127
f 114 69 68
f 114 68 128
f 83 126 125
f 84 83 125
f 86 127 126
f 83 86 126
f 88 128 127
f 86 88 127
f 90 114 128
f 88 90 128
f 92 113 114
f 90 92 114
f 94 115 113
f 92 94 113
f 96 116 115
f 94 96 115
f 98 117 116
f 96 98 116
f 100 118 117
f 98 100 117
f 102 119 118
f 100 102 118
f 104 120 119
f 102 104 119
f 106 121 120
f 104 106 120
f 108 122 121
f 106 108 121
f 110 123 122
f 108 110 122
f 112 124 123
f 110 112 123
f 84 125 124
f 112 84 124
f 129 130 131
f 132 129 131
f 130 133 134
f 131 130 134
f 133 135 136
f 134 133 136
f 135 137 138
f 136 135 138
f 137 139 140
f 138 137 140
f 139 141 142
f 140 139 142
f 141 143 144
f 142 141 144
f 143 145 146
f 144 143 146
f 145 143 130
f 129 145 130
f 143 141 133
f 130 143 133
f 141 139 135
f 133 141 135
f 135 139 137
f 147 148 149
f 150 147 149
f 148 151 152
f 149 148 152
f 151 153 154
f 152 151 154
f 153 155 156
f 154 153 156
f 155 157 158
f 156 155 158
f 157 159 160
f 158 157 160
f 159 161 162
f 160 159 162
f 161 163 164
f 162 161 164
f 105 103 165
f 166 105 165
f 103 101 167
f 165 103 167
f 101 99 168
f 167 101 168
f 99 97 169
f 168 99 169
f 97 95 170
f 169 97 170
f 95 93 171
f 170 95 171
f 93 91 172
f 171 93 172
f 91 89 164
f 172 91 164
f 89 87 173
f 164 89 173
f 87 85 174
f 173 87 174
f 85 82 175
f 174 85 175
f 82 81 176
f 175 82 176
f 177 54 53
f 177 53 178
f 179 55 54
f 179 54 177
f 180 56 55
f 180 55 179
f 181 57 56
f 181 56 180
f 182 58 57
f 182 57 181
f 183 59 58
f 183 58 182
f 184 60 59
f 184 59 183
f 150 61 60
f 150 60 184
f 185 62 61
f 185 61 150
f 186 63 62
f 186 62 185
f 187 64 63
f 187 63 186
f 188 49 64
f 188 64 187
f 163 161 148
f 147 163 148
f 161 159 151
f 148 161 151
f 159 157 153
f 151 159 153
f 153 157 155
f 150 149 189
f 152 190 189
f 149 152 189
f 154 191 190
f 152 154 190
f 156 192 191
f 154 156 191
f 193 162 164
f 193 194 160
f 193 160 162
f 194 195 158
f 194 158 160
f 195 192 156
f 195 156 158
f 52 107 105
f 53 52 105
f 51 109 107
f 52 51 107
f 50 111 109
f 51 50 109
f 49 81 111
f 50 49 111
f 189 185 150
f 189 190 186
f 189 186 185
f 190 191 187
f 190 187 186
f 191 192 188
f 191 188 187
f 164 173 193
f 174 194 193
f 173 174 193
f 175 195 194
f 174 175 194
f 176 192 195
f 175 176 195
f 196 197 179
f 196 179 198
f 178 198 179
f 196 199 200
f 196 200 197
f 201 202 203
f 201 203 204
f 203 205 206
f 203 206 204
f 206 205 200
f 206 200 199
f 207 208 200
f 207 200 205
f 209 210 211
f 209 211 212
f 213 214 167
f 213 167 215
f 214 166 167
f 215 212 216
f 215 216 213
f 217 218 219
f 217 219 220
f 217 221 211
f 217 211 218
f 216 212 211
f 216 211 221
f 132 222 171
f 132 171 164
f 150 183 223
f 150 223 146
f 132 164 163
f 132 163 129
f 150 146 145
f 150 145 147
f 224 225 171
f 224 171 222
f 183 226 227
f 183 227 223
f 228 229 230
f 228 230 231
f 232 233 234
f 232 234 235
f 236 237 238
f 236 238 239
f 240 241 242
f 240 242 243
f 244 245 246
f 244 246 247
f 244 247 248
f 244 248 249
f 250 249 251
f 250 251 252
f 250 252 253
f 250 253 254
f 255 254 256
f 255 256 257
f 255 257 258
f 255 258 259
f 260 259 261
f 260 261 262
f 260 262 263
f 260 263 245
f 263 264 265
f 245 263 265
f 262 266 264
f 263 262 264
f 261 267 266
f 262 261 266
f 259 268 267
f 261 259 267
f 258 269 268
f 259 258 268
f 257 270 269
f 258 257 269
f 256 271 270
f 257 256 270
f 254 272 271
f 256 254 271
f 253 273 272
f 254 253 272
f 252 274 273
f 253 252 273
f 251 275 274
f 252 251 274
f 249 276 275
f 251 249 275
f 248 277 276
f 249 248 276
f 247 278 277
f 248 247 277
f 246 279 278
f 247 246 278
f 245 265 279
f 246 245 279
f 268 269 280
f 281 268 280
f 269 270 282
f 280 269 282
f 270 271 283
f 282 270 283
f 271 272 284
f 283 271 284
f 272 273 285
f 284 272 285
f 273 274 286
f 285 273 286
f 274 275 287
f 286 274 287
f 275 276 288
f 287 275 288
f 276 277 289
f 288 276 289
f 277 278 290
f 289 277 290
f 278 279 291
f 290 278 291
f 279 265 292
f 291 279 292
f 265 264 293
f 292 265 293
f 264 266 294
f 293 264 294
f 266 267 295
f 294 266 295
f 267 268 281
f 295 267 281
f 292 293 296
f 292 296 297
f 293 294 298
f 293 298 296
f 294 295 299
f 294 299 298
f 295 281 300
f 295 300 299
f 281 280 301
f 281 301 300
f 280 282 302
f 280 302 301
f 282 283 303
f 282 303 302
f 283 284 304
f 283 304 303
f 284 285 305
f 284 305 304
f 285 286 306
f 285 306 305
f 286 287 307
f 286 307 306
f 287 288 308
f 287 308 307
f 288 289 309
f 288 309 308
f 289 290 310
f 289 310 309
f 290 291 311
f 290 311 310
f 291 292 297
f 291 297 311
f 312 313 303
f 312 303 304
f 313 314 302
f 313 302 303
f 314 315 301
f 314 301 302
f 315 316 300
f 315 300 301
f 316 317 299
f 316 299 300
f 317 318 298
f 317 298 299
f 318 319 296
f 318 296 298
f 319 320 297
f 319 297 296
f 320 321 311
f 320 311 297
f 321 322 310
f 321 310 311
f 322 323 309
f 322 309 310
f 323 324 308
f 323 308 309
f 324 325 307
f 324 307 308
f 325 326 306
f 325 306 307
f 326 327 305
f 326 305 306
f 327 312 304
f 327 304 305
f 321 320 328
f 322 321 328
f 323 322 328
f 324 323 328
f 325 324 329
f 326 325 329
f 327 326 329
f 312 327 329
f 313 312 330
f 314 313 330
f 315 314 330
f 316 315 330
f 317 316 331
f 318 317 331
f 319 318 331
f 320 319 331
f 329 328 163
f 329 163 147
f 330 145 129
f 330 129 331
f 332 333 334
f 335 332 334
f 336 337 333
f 332 336 333
f 338 339 337
f 336 338 337
f 340 341 339
f 338 340 339
f 342 343 341
f 340 342 341
f 344 345 343
f 342 344 343
f 346 347 345
f 344 346 345
f 348 349 347
f 346 348 347
f 350 351 349
f 348 350 349
f 352 353 351
f 350 352 351
f 354 355 353
f 352 354 353
f 356 357 355
f 354 356 355
f 358 359 357
f 356 358 357
f 360 361 359
f 358 360 359
f 362 363 361
f 360 362 361
f 335 334 363
f 362 335 363
f 364 365 219
f 366 364 219
f 367 368 365
f 364 367 365
f 369 370 368
f 367 369 368
f 240 222 370
f 369 240 370
f 202 371 372
f 202 372 373
f 371 374 375
f 371 375 372
f 374 376 377
f 374 377 375
f 376 223 237
f 376 237 377
f 378 379 179
f 380 378 179
f 381 181 379
f 378 381 379
f 382 383 181
f 381 382 181
f 384 183 383
f 382 384 383
f 167 385 386
f 167 386 387
f 385 169 388
f 385 388 386
f 169 389 390
f 169 390 388
f 389 171 391
f 389 391 390
f 332 335 209
f 336 332 209
f 338 336 209
f 340 338 209
f 342 340 208
f 344 342 208
f 346 344 208
f 348 346 208
f 350 348 207
f 352 350 207
f 354 352 207
f 356 354 207
f 358 356 210
f 360 358 210
f 362 360 210
f 335 362 210
f 392 393 394
f 392 394 395
f 209 212 200
f 209 200 208
f 211 205 203
f 211 203 218
f 210 207 205
f 210 205 211
f 225 334 333
f 225 333 337
f 225 337 339
f 225 339 341
f 226 341 343
f 226 343 345
f 226 345 347
f 226 347 349
f 227 349 351
f 227 351 353
f 227 353 355
f 227 355 357
f 224 357 359
f 224 359 361
f 224 361 363
f 224 363 334
f 396 397 398
f 396 398 399
f 400 401 402
f 400 402 403
f 404 203 202
f 405 219 218
f 222 223 227
f 222 227 224
f 183 171 225
f 183 225 226
f 199 196 213
f 199 213 216
f 166 214 198
f 166 198 178
f 214 213 196
f 214 196 198
f 199 250 255
f 199 255 206
f 244 216 221
f 244 221 260
f 199 216 244
f 199 244 250
f 255 260 221
f 255 221 206
f 221 217 204
f 221 204 206
f 220 201 204
f 220 204 217
f 406 407 408
f 406 408 409
f 410 411 407
f 410 407 406
f 412 413 411
f 412 411 410
f 414 415 413
f 414 413 412
f 416 417 415
f 416 415 414
f 418 419 417
f 418 417 416
f 420 421 419
f 420 419 418
f 422 423 421
f 422 421 420
f 424 425 423
f 424 423 422
f 426 427 425
f 426 425 424
f 428 429 427
f 428 427 426
f 430 431 429
f 430 429 428
f 432 433 431
f 432 431 430
f 434 435 433
f 434 433 432
f 436 437 435
f 436 435 434
f 409 408 437
f 409 437 436
f 438 432 430
f 439 438 430
f 440 434 432
f 438 440 432
f 441 436 434
f 440 441 434
f 442 409 436
f 441 442 436
f 443 406 409
f 442 443 409
f 444 410 406
f 443 444 406
f 445 412 410
f 444 445 410
f 446 414 412
f 445 446 412
f 447 416 414
f 446 447 414
f 448 418 416
f 447 448 416
f 449 420 418
f 448 449 418
f 450 422 420
f 449 450 420
f 451 424 422
f 450 451 422
f 452 426 424
f 451 452 424
f 453 428 426
f 452 453 426
f 439 430 428
f 453 439 428
f 453 454 455
f 439 453 455
f 452 456 454
f 453 452 454
f 451 457 456
f 452 451 456
f 450 458 457
f 451 450 457
f 449 459 458
f 450 449 458
f 448 460 459
f 449 448 459
f 447 461 460
f 448 447 460
f 446 462 461
f 447 446 461
f 445 463 462
f 446 445 462
f 444 464 463
f 445 444 463
f 443 465 464
f 444 443 464
f 442 466 465
f 443 442 465
f 441 467 466
f 442 441 466
f 440 468 467
f 441 440 467
f 438 469 468
f 440 438 468
f 439 455 469
f 438 439 469
f 431 433 470
f 431 470 471
f 433 435 472
f 433 472 470
f 435 437 473
f 435 473 472
f 437 408 474
f 437 474 473
f 408 407 475
f 408 475 474
f 407 411 476
f 407 476 475
f 411 413 477
f 411 477 476
f 413 415 478
f 413 478 477
f 415 417 479
f 415 479 478
f 417 419 480
f 417 480 479
f 419 421 481
f 419 481 480
f 421 423 482
f 421 482 481
f 423 425 483
f 423 483 482
f 425 427 484
f 425 484 483
f 427 429 485
f 427 485 484
f 429 431 471
f 429 471 485
f 486 487 488
f 489 486 488
f 490 491 487
f 486 490 487
f 492 493 491
f 490 492 491
f 494 495 493
f 492 494 493
f 496 497 495
f 494 496 495
f 498 499 497
f 496 498 497
f 500 501 499
f 498 500 499
f 502 503 501
f 500 502 501
f 504 505 503
f 502 504 503
f 506 507 505
f 504 506 505
f 508 509 507
f 506 508 507
f 510 511 509
f 508 510 509
f 512 513 511
f 510 512 511
f 514 515 513
f 512 514 513
f 516 517 515
f 514 516 515
f 489 488 517
f 516 489 517
f 474 475 518
f 519 474 518
f 475 476 520
f 518 475 520
f 476 477 521
f 520 476 521
f 477 478 522
f 521 477 522
f 478 479 523
f 522 478 523
f 479 480 524
f 523 479 524
f 480 481 525
f 524 480 525
f 481 482 526
f 525 481 526
f 482 483 527
f 526 482 527
f 483 484 528
f 527 483 528
f 484 485 529
f 528 484 529
f 485 471 530
f 529 485 530
f 471 470 531
f 530 471 531
f 470 472 532
f 531 470 532
f 472 473 533
f 532 472 533
f 473 474 519
f 533 473 519
f 530 531 486
f 530 486 489
f 531 532 490
f 531 490 486
f 532 533 492
f 532 492 490
f 533 519 494
f 533 494 492
f 519 518 496
f 519 496 494
f 518 520 498
f 518 498 496
f 520 521 500
f 520 500 498
f 521 522 502
f 521 502 500
f 522 523 504
f 522 504 502
f 523 524 506
f 523 506 504
f 524 525 508
f 524 508 506
f 525 526 510
f 525 510 508
f 526 527 512
f 526 512 510
f 527 528 514
f 527 514 512
f 528 529 516
f 528 516 514
f 529 530 489
f 529 489 516
f 534 535 536
f 534 536 537
f 538 539 535
f 538 535 534
f 540 541 539
f 540 539 538
f 138 542 541
f 138 541 540
f 543 544 542
f 543 542 138
f 545 546 544
f 545 544 543
f 547 548 546
f 547 546 545
f 549 550 548
f 549 548 547
f 535 548 550
f 535 550 536
f 539 546 548
f 539 548 535
f 541 544 546
f 541 546 539
f 542 544 541
f 551 552 553
f 551 553 554
f 555 556 552
f 555 552 551
f 557 558 556
f 557 556 555
f 559 560 558
f 559 558 557
f 561 562 560
f 561 560 559
f 563 564 562
f 563 562 561
f 565 566 564
f 565 564 563
f 567 568 566
f 567 566 565
f 569 509 511
f 569 511 570
f 571 507 509
f 571 509 569
f 572 505 507
f 572 507 571
f 573 503 505
f 573 505 572
f 574 501 503
f 574 503 573
f 575 499 501
f 575 501 574
f 576 497 499
f 576 499 575
f 567 495 497
f 567 497 576
f 577 493 495
f 577 495 567
f 578 491 493
f 578 493 577
f 579 487 491
f 579 491 578
f 580 488 487
f 580 487 579
f 458 459 581
f 582 458 581
f 459 460 583
f 581 459 583
f 460 461 584
f 583 460 584
f 461 462 585
f 584 461 585
f 462 463 586
f 585 462 586
f 463 464 587
f 586 463 587
f 464 465 588
f 587 464 588
f 465 466 554
f 588 465 554
f 466 467 589
f 554 466 589
f 467 468 590
f 589 467 590
f 468 469 591
f 590 468 591
f 469 455 592
f 591 469 592
f 552 566 568
f 552 568 553
f 556 564 566
f 556 566 552
f 558 562 564
f 558 564 556
f 560 562 558
f 593 551 554
f 593 594 555
f 593 555 551
f 594 595 557
f 594 557 555
f 595 596 559
f 595 559 557
f 567 565 597
f 563 598 597
f 565 563 597
f 561 599 598
f 563 561 598
f 559 596 599
f 561 559 599
f 511 513 457
f 511 457 458
f 513 515 456
f 513 456 457
f 515 517 454
f 515 454 456
f 517 488 455
f 517 455 454
f 554 589 593
f 590 594 593
f 589 590 593
f 591 595 594
f 590 591 594
f 592 596 595
f 591 592 595
f 597 577 567
f 597 598 578
f 597 578 577
f 598 599 579
f 598 579 578
f 599 596 580
f 599 580 579
f 583 600 601
f 602 583 601
f 583 602 582
f 603 604 601
f 600 603 601
f 605 202 201
f 606 605 201
f 607 608 605
f 606 607 605
f 603 608 607
f 604 603 607
f 603 609 610
f 608 603 610
f 611 612 613
f 614 611 613
f 571 615 616
f 617 571 616
f 571 570 615
f 618 614 617
f 616 618 617
f 219 619 620
f 220 219 620
f 611 621 620
f 619 611 620
f 611 614 618
f 621 611 618
f 575 622 537
f 567 575 537
f 623 587 554
f 549 623 554
f 568 567 537
f 536 568 537
f 550 549 554
f 553 550 554
f 575 624 625
f 622 575 625
f 626 627 587
f 623 626 587
f 628 629 630
f 631 628 630
f 632 633 634
f 635 632 634
f 636 637 236
f 638 636 236
f 639 241 640
f 641 639 640
f 642 643 644
f 645 642 644
f 646 645 644
f 647 646 644
f 648 647 649
f 650 648 649
f 651 650 649
f 652 651 649
f 653 652 654
f 655 653 654
f 656 655 654
f 657 656 654
f 658 657 659
f 660 658 659
f 661 660 659
f 643 661 659
f 662 663 661
f 662 661 643
f 663 664 660
f 663 660 661
f 664 665 658
f 664 658 660
f 665 666 657
f 665 657 658
f 666 667 656
f 666 656 657
f 667 668 655
f 667 655 656
f 668 669 653
f 668 653 655
f 669 670 652
f 669 652 653
f 670 671 651
f 670 651 652
f 671 672 650
f 671 650 651
f 672 673 648
f 672 648 650
f 673 674 647
f 673 647 648
f 674 675 646
f 674 646 647
f 675 676 645
f 675 645 646
f 676 677 642
f 676 642 645
f 677 662 643
f 677 643 642
f 678 667 666
f 678 666 679
f 680 668 667
f 680 667 678
f 681 669 668
f 681 668 680
f 682 670 669
f 682 669 681
f 683 671 670
f 683 670 682
f 684 672 671
f 684 671 683
f 685 673 672
f 685 672 684
f 686 674 673
f 686 673 685
f 687 675 674
f 687 674 686
f 688 676 675
f 688 675 687
f 689 677 676
f 689 676 688
f 690 662 677
f 690 677 689
f 691 663 662
f 691 662 690
f 692 664 663
f 692 663 691
f 693 665 664
f 693 664 692
f 679 666 665
f 679 665 693
f 694 691 690
f 695 694 690
f 696 692 691
f 694 696 691
f 697 693 692
f 696 697 692
f 698 679 693
f 697 698 693
f 699 678 679
f 698 699 679
f 700 680 678
f 699 700 678
f 701 681 680
f 700 701 680
f 702 682 681
f 701 702 681
f 703 683 682
f 702 703 682
f 704 684 683
f 703 704 683
f 705 685 684
f 704 705 684
f 706 686 685
f 705 706 685
f 707 687 686
f 706 707 686
f 708 688 687
f 707 708 687
f 709 689 688
f 708 709 688
f 695 690 689
f 709 695 689
f 701 710 711
f 702 701 711
f 700 712 710
f 701 700 710
f 699 713 712
f 700 699 712
f 698 714 713
f 699 698 713
f 697 715 714
f 698 697 714
f 696 716 715
f 697 696 715
f 694 717 716
f 696 694 716
f 695 718 717
f 694 695 717
f 709 719 718
f 695 709 718
f 708 720 719
f 709 708 719
f 707 721 720
f 708 707 720
f 706 722 721
f 707 706 721
f 705 723 722
f 706 705 722
f 704 724 723
f 705 704 723
f 703 725 724
f 704 703 724
f 702 711 725
f 703 702 725
f 726 718 719
f 726 719 720
f 726 720 721
f 726 721 722
f 727 722 723
f 727 723 724
f 727 724 725
f 727 725 711
f 728 711 710
f 728 710 712
f 728 712 713
f 728 713 714
f 729 714 715
f 729 715 716
f 729 716 717
f 729 717 718
f 568 726 727
f 553 568 727
f 536 550 728
f 729 536 728
f 730 731 732
f 730 732 733
f 731 734 735
f 731 735 732
f 734 736 737
f 734 737 735
f 736 738 739
f 736 739 737
f 738 740 741
f 738 741 739
f 740 742 743
f 740 743 741
f 742 744 745
f 742 745 743
f 744 746 747
f 744 747 745
f 746 748 749
f 746 749 747
f 748 750 751
f 748 751 749
f 750 752 753
f 750 753 751
f 752 754 755
f 752 755 753
f 754 756 757
f 754 757 755
f 756 758 759
f 756 759 757
f 758 760 761
f 758 761 759
f 760 730 733
f 760 733 761
f 219 762 763
f 219 763 366
f 762 764 765
f 762 765 763
f 764 766 767
f 764 767 765
f 766 622 640
f 766 640 767
f 768 769 202
f 373 768 202
f 770 771 769
f 768 770 769
f 772 773 771
f 770 772 771
f 637 623 773
f 772 637 773
f 583 774 775
f 583 775 776
f 774 585 777
f 774 777 775
f 585 778 779
f 585 779 777
f 778 587 780
f 778 780 779
f 781 782 571
f 783 781 571
f 784 573 782
f 781 784 782
f 785 786 573
f 784 785 573
f 787 575 786
f 785 787 786
f 613 733 732
f 613 732 735
f 613 735 737
f 613 737 739
f 609 739 741
f 609 741 743
f 609 743 745
f 609 745 747
f 610 747 749
f 610 749 751
f 610 751 753
f 610 753 755
f 612 755 757
f 612 757 759
f 612 759 761
f 612 761 733
f 788 789 790
f 791 788 790
f 603 614 613
f 609 603 613
f 605 608 611
f 619 605 611
f 608 610 612
f 611 608 612
f 731 730 624
f 734 731 624
f 736 734 624
f 738 736 624
f 740 738 627
f 742 740 627
f 744 742 627
f 746 744 627
f 748 746 626
f 750 748 626
f 752 750 626
f 754 752 626
f 756 754 625
f 758 756 625
f 760 758 625
f 730 760 625
f 792 793 794
f 795 792 794
f 796 797 798
f 799 796 798
f 202 605 800
f 619 219 801
f 626 623 622
f 625 626 622
f 624 575 587
f 627 624 587
f 616 601 604
f 618 616 604
f 602 615 570
f 582 602 570
f 601 616 615
f 602 601 615
f 654 649 604
f 607 654 604
f 621 618 644
f 659 621 644
f 644 618 604
f 649 644 604
f 621 659 654
f 607 621 654
f 606 620 621
f 607 606 621
f 606 201 220
f 620 606 220
f 802 803 804
f 549 802 804
f 805 806 803
f 802 805 803
f 807 808 806
f 805 807 806
f 146 809 808
f 807 146 808
f 810 811 809
f 146 810 809
f 223 812 811
f 810 223 811
f 813 814 812
f 223 813 812
f 374 815 814
f 813 374 814
f 816 817 815
f 374 816 815
f 202 818 817
f 816 202 817
f 819 820 818
f 202 819 818
f 771 821 820
f 819 771 820
f 822 823 821
f 771 822 821
f 623 824 823
f 822 623 823
f 825 826 824
f 623 825 824
f 549 804 826
f 825 549 826
f 827 828 829
f 830 827 829
f 828 831 832
f 829 828 832
f 831 833 834
f 832 831 834
f 833 835 836
f 834 833 836
f 835 837 838
f 836 835 838
f 837 839 840
f 838 837 840
f 839 841 842
f 840 839 842
f 841 843 844
f 842 841 844
f 843 845 846
f 844 843 846
f 845 847 848
f 846 845 848
f 847 849 850
f 848 847 850
f 849 851 852
f 850 849 852
f 851 853 854
f 852 851 854
f 853 855 856
f 854 853 856
f 855 857 858
f 856 855 858
f 857 827 830
f 858 857 830
f 852 854 859
f 852 859 860
f 854 856 861
f 854 861 859
f 856 858 862
f 856 862 861
f 858 830 863
f 858 863 862
f 830 829 864
f 830 864 863
f 829 832 865
f 829 865 864
f 832 834 866
f 832 866 865
f 834 836 867
f 834 867 866
f 836 838 868
f 836 868 867
f 838 840 869
f 838 869 868
f 840 842 870
f 840 870 869
f 842 844 871
f 842 871 870
f 844 846 872
f 844 872 871
f 846 848 873
f 846 873 872
f 848 850 874
f 848 874 873
f 850 852 860
f 850 860 874
f 815 817 874
f 815 874 860
f 817 818 873
f 817 873 874
f 818 820 872
f 818 872 873
f 820 821 871
f 820 871 872
f 821 823 870
f 821 870 871
f 823 824 869
f 823 869 870
f 824 826 868
f 824 868 869
f 826 804 867
f 826 867 868
f 804 803 866
f 804 866 867
f 803 806 865
f 803 865 866
f 806 808 864
f 806 864 865
f 808 809 863
f 808 863 864
f 809 811 862
f 809 862 863
f 811 812 861
f 811 861 862
f 812 814 859
f 812 859 861
f 814 815 860
f 814 860 859
f 875 853 851
f 876 875 851
f 877 855 853
f 875 877 853
f 878 857 855
f 877 878 855
f 879 827 857
f 878 879 857
f 880 828 827
f 879 880 827
f 881 831 828
f 880 881 828
f 882 833 831
f 881 882 831
f 883 835 833
f 882 883 833
f 884 837 835
f 883 884 835
f 885 839 837
f 884 885 837
f 886 841 839
f 885 886 839
f 887 843 841
f 886 887 841
f 888 845 843
f 887 888 843
f 889 847 845
f 888 889 845
f 890 849 847
f 889 890 847
f 876 851 849
f 890 876 849
f 891 892 893
f 891 893 894
f 892 895 896
f 892 896 893
f 895 897 898
f 895 898 896
f 897 899 900
f 897 900 898
f 899 901 902
f 899 902 900
f 901 903 904
f 901 904 902
f 903 905 906
f 903 906 904
f 905 907 908
f 905 908 906
f 907 909 910
f 907 910 908
f 909 911 912
f 909 912 910
f 911 913 914
f 911 914 912
f 913 915 916
f 913 916 914
f 915 917 918
f 915 918 916
f 917 919 920
f 917 920 918
f 919 921 922
f 919 922 920
f 921 891 894
f 921 894 922
f 923 880 879
f 923 879 924
f 925 881 880
f 925 880 923
f 926 882 881
f 926 881 925
f 927 883 882
f 927 882 926
f 928 884 883
f 928 883 927
f 929 885 884
f 929 884 928
f 930 886 885
f 930 885 929
f 931 887 886
f 931 886 930
f 932 888 887
f 932 887 931
f 933 889 888
f 933 888 932
f 934 890 889
f 934 889 933
f 935 876 890
f 935 890 934
f 936 875 876
f 936 876 935
f 937 877 875
f 937 875 936
f 938 878 877
f 938 877 937
f 924 879 878
f 924 878 938
f 893 936 935
f 894 893 935
f 896 937 936
f 893 896 936
f 898 938 937
f 896 898 937
f 900 924 938
f 898 900 938
f 902 923 924
f 900 902 924
f 904 925 923
f 902 904 923
f 906 926 925
f 904 906 925
f 908 927 926
f 906 908 926
f 910 928 927
f 908 910 927
f 912 929 928
f 910 912 928
f 914 930 929
f 912 914 929
f 916 931 930
f 914 916 930
f 918 932 931
f 916 918 931
f 920 933 932
f 918 920 932
f 922 934 933
f 920 922 933
f 894 935 934
f 922 894 934
f 547 939 549
f 545 940 939
f 547 545 939
f 549 939 802
f 939 940 805
f 939 805 802
f 138 941 543
f 941 940 545
f 941 545 543
f 140 941 138
f 142 940 941
f 140 142 941
f 807 942 146
f 805 940 942
f 807 805 942
f 146 942 144
f 942 940 142
f 942 142 144
f 537 943 534
f 943 944 538
f 943 538 534
f 945 943 537
f 946 944 943
f 945 946 943
f 540 947 138
f 538 944 947
f 540 538 947
f 138 947 136
f 947 944 134
f 947 134 136
f 132 948 949
f 948 944 946
f 948 946 949
f 131 948 132
f 134 944 948
f 131 134 948
f 907 905 945
f 907 945 537
f 905 903 946
f 905 946 945
f 903 901 949
f 903 949 946
f 901 899 132
f 901 132 949
f 899 897 950
f 899 950 132
f 897 895 222
f 897 222 950
f 895 892 951
f 895 951 222
f 892 891 368
f 892 368 951
f 891 921 952
f 891 952 368
f 921 919 219
f 921 219 952
f 919 917 953
f 919 953 219
f 917 915 764
f 917 764 953
f 915 913 954
f 915 954 764
f 913 911 622
f 913 622 954
f 911 909 955
f 911 955 622
f 909 907 537
f 909 537 955
f 956 957 958
f 956 958 959
f 957 960 961
f 957 961 958
f 960 962 963
f 960 963 961
f 962 964 965
f 962 965 963
f 964 966 967
f 964 967 965
f 966 968 969
f 966 969 967
f 968 970 971
f 968 971 969
f 970 972 973
f 970 973 971
f 972 974 975
f 972 975 973
f 974 976 977
f 974 977 975
f 976 978 979
f 976 979 977
f 978 980 981
f 978 981 979
f 980 982 983
f 980 983 981
f 982 984 985
f 982 985 983
f 984 986 987
f 984 987 985
f 986 956 959
f 986 959 987
f 988 989 990
f 988 990 991
f 989 992 993
f 989 993 990
f 992 994 995
f 992 995 993
f 994 996 997
f 994 997 995
f 996 998 999
f 996 999 997
f 998 1000 1001
f 998 1001 999
f 1000 1002 1003
f 1000 1003 1001
f 1002 1004 1005
f 1002 1005 1003
f 1004 1006 1007
f 1004 1007 1005
f 1006 1008 1009
f 1006 1009 1007
f 1008 1010 1011
f 1008 1011 1009
f 1010 1012 1013
f 1010 1013 1011
f 1012 1014 1015
f 1012 1015 1013
f 1014 1016 1017
f 1014 1017 1015
f 1016 1018 1019
f 1016 1019 1017
f 1018 988 991
f 1018 991 1019
f 999 966 964
f 999 964 997
f 1001 968 966
f 1001 966 999
f 1003 970 968
f 1003 968 1001
f 1005 972 970
f 1005 970 1003
f 1007 974 972
f 1007 972 1005
f 1009 976 974
f 1009 974 1007
f 1011 978 976
f 1011 976 1009
f 1013 980 978
f 1013 978 1011
f 1015 982 980
f 1015 980 1013
f 1017 984 982
f 1017 982 1015
f 1019 986 984
f 1019 984 1017
f 991 956 986
f 991 986 1019
f 990 957 956
f 990 956 991
f 993 960 957
f 993 957 990
f 995 962 960
f 995 960 993
f 997 964 962
f 997 962 995
f 1020 1021 1022
f 1020 1022 1023
f 1024 1025 1021
f 1024 1021 1020
f 1026 1027 1025
f 1026 1025 1024
f 1028 1029 1027
f 1028 1027 1026
f 1030 1031 1029
f 1030 1029 1028
f 1032 1033 1031
f 1032 1031 1030
f 1034 1035 1036
f 1034 1036 1037
f 1035 1038 1039
f 1035 1039 1036
f 1038 1040 1041
f 1038 1041 1039
f 1040 1042 1043
f 1040 1043 1041
f 1044 1045 1046
f 1047 1044 1046
f 1048 1049 1045
f 1044 1048 1045
f 1050 1051 1049
f 1048 1050 1049
f 1052 1053 1051
f 1050 1052 1051
f 1054 1055 1044
f 1054 1044 1047
f 1055 1056 1048
f 1055 1048 1044
f 1056 1057 1058
f 1056 1058 1048
f 1057 1059 1052
f 1057 1052 1058
f 1060 1061 1034
f 1062 1060 1034
f 1063 1038 1061
f 1060 1063 1061
f 1064 1065 1038
f 1063 1064 1038
f 1066 1042 1065
f 1064 1066 1065
f 1037 1067 1055
f 1037 1055 1068
f 1067 1039 1056
f 1067 1056 1055
f 1039 1069 1070
f 1039 1070 1056
f 1069 1043 1071
f 1069 1071 1070
f 1072 1073 959
f 1072 1074 1073
f 1075 1076 1077
f 1076 1078 1077
f 1079 959 1073
f 1080 1079 1073
f 1080 1073 1074
f 1078 1080 1074
f 1080 1078 1076
f 1080 1076 1075
f 1079 1080 1075
f 1081 1082 1083
f 1081 1083 1047
f 1084 1074 1085
f 1084 1085 1083
f 1086 1087 1088
f 1086 1088 1085
f 1087 1034 1037
f 1087 1037 1088
f 1086 1022 1087
f 1087 1022 1021
f 1087 1021 1034
f 1072 1089 1090
f 1072 1090 1086
f 1085 1091 1047
f 1085 1047 1083
f 1088 1037 1091
f 1088 1091 1085
f 973 1092 1093
f 1092 1094 1093
f 1095 1096 1097
f 1095 1098 1096
f 1092 973 1099
f 1092 1099 1100
f 1094 1092 1100
f 1094 1100 1098
f 1096 1098 1100
f 1097 1096 1100
f 1097 1100 1099
f 1101 1102 1052
f 1101 1052 1103
f 1104 1094 1105
f 1104 1105 1103
f 1104 1106 1107
f 1104 1107 1108
f 1106 1043 1042
f 1106 1042 1107
f 1107 1033 1108
f 1042 1031 1033
f 1042 1033 1107
f 1109 1093 1108
f 1109 1108 1110
f 1103 1052 1111
f 1103 1111 1104
f 1104 1111 1043
f 1104 1043 1106
f 1112 1113 1114
f 1115 1112 1114
f 1113 1116 1117
f 1114 1113 1117
f 1116 1118 1119
f 1117 1116 1119
f 1118 1120 1121
f 1119 1118 1121
f 1120 1122 1123
f 1121 1120 1123
f 1122 1124 1125
f 1123 1122 1125
f 1126 1127 1128
f 1129 1126 1128
f 1130 1131 1127
f 1126 1130 1127
f 1132 1133 1131
f 1130 1132 1131
f 1134 1135 1133
f 1132 1134 1133
f 1136 1137 1138
f 1136 1138 1139
f 1137 1140 1141
f 1137 1141 1138
f 1140 1142 1143
f 1140 1143 1141
f 1142 1144 1145
f 1142 1145 1143
f 1138 1146 1147
f 1139 1138 1147
f 1141 1148 1146
f 1138 1141 1146
f 1149 1150 1148
f 1141 1149 1148
f 1145 1151 1150
f 1149 1145 1150
f 1128 1152 1153
f 1128 1153 1154
f 1152 1131 1155
f 1152 1155 1153
f 1131 1156 1157
f 1131 1157 1155
f 1156 1135 1158
f 1156 1158 1157
f 1146 1159 1129
f 1160 1146 1129
f 1148 1130 1159
f 1146 1148 1159
f 1161 1162 1130
f 1148 1161 1130
f 1163 1134 1162
f 1161 1163 1162
f 959 1164 1165
f 1164 1166 1165
f 1167 1168 1075
f 1167 1169 1168
f 1164 959 1079
f 1164 1079 1170
f 1166 1164 1170
f 1166 1170 1169
f 1168 1169 1170
f 1075 1168 1170
f 1075 1170 1079
f 1171 1172 1139
f 1171 1139 1173
f 1136 1172 1081
f 1136 1081 1046
f 1174 1166 1175
f 1174 1175 1173
f 1174 1176 1177
f 1174 1177 1178
f 1176 1129 1128
f 1176 1128 1177
f 1177 1112 1178
f 1128 1113 1112
f 1128 1112 1177
f 1179 1165 1178
f 1179 1178 1180
f 1173 1139 1181
f 1173 1181 1174
f 1174 1181 1129
f 1174 1129 1176
f 1182 1183 973
f 1182 1184 1183
f 1097 1185 1186
f 1185 1187 1186
f 1099 973 1183
f 1188 1099 1183
f 1188 1183 1184
f 1187 1188 1184
f 1188 1187 1185
f 1188 1185 1097
f 1099 1188 1097
f 1189 1190 1191
f 1189 1191 1145
f 1053 1102 1189
f 1053 1189 1144
f 1192 1184 1193
f 1192 1193 1191
f 1194 1195 1196
f 1194 1196 1193
f 1195 1135 1134
f 1195 1134 1196
f 1194 1124 1195
f 1195 1124 1122
f 1195 1122 1135
f 1182 1197 1198
f 1182 1198 1194
f 1193 1199 1145
f 1193 1145 1191
f 1196 1134 1199
f 1196 1199 1193
f 1200 1201 1202
f 1201 1200 1203
f 1204 1203 1200
f 1204 1200 1205
f 1206 1207 1202
f 1207 1206 1208
f 1207 1208 1209
f 1207 1209 1210
f 1200 1202 1207
f 1200 1207 1210
f 1200 1210 1205
f 1211 1212 1213
f 1212 1211 1214
f 1215 1214 1211
f 1215 1211 1216
f 1217 1218 1213
f 1218 1217 1219
f 1218 1219 1220
f 1218 1220 1221
f 1211 1213 1218
f 1211 1218 1221
f 1211 1221 1216
f 1222 1223 1224
f 1223 1222 1225
f 1226 1225 1222
f 1226 1222 1227
f 1228 1229 1224
f 1229 1228 1230
f 1229 1230 1231
f 1229 1231 1232
f 1222 1224 1229
f 1222 1229 1232
f 1222 1232 1227
f 1233 1234 1235
f 1234 1233 1236
f 1237 1236 1233
f 1237 1233 1238
f 1239 1240 1235
f 1240 1239 1241
f 1240 1241 1242
f 1240 1242 1243
f 1233 1235 1240
f 1233 1240 1243
f 1233 1243 1238
f 1244 1245 1246
f 1244 1246 1247
f 1245 1248 1249
f 1245 1249 1246
f 1248 1250 1251
f 1248 1251 1249
f 1250 1252 1253
f 1250 1253 1251
f 1252 1254 1255
f 1252 1255 1253
f 1254 1256 1257
f 1254 1257 1255
f 1256 1258 1259
f 1256 1259 1257
f 1258 1260 1261
f 1258 1261 1259
f 1260 1262 1263
f 1260 1263 1261
f 1262 1264 1265
f 1262 1265 1263
f 1264 1266 1267
f 1264 1267 1265
f 1266 1268 1269
f 1266 1269 1267
f 1268 1270 1271
f 1268 1271 1269
f 1270 1272 1273
f 1270 1273 1271
f 1272 1274 1275
f 1272 1275 1273
f 1274 1244 1247
f 1274 1247 1275
f 1276 1277 1278
f 1276 1278 1279
f 1277 1280 1281
f 1277 1281 1278
f 1280 1282 1283
f 1280 1283 1281
f 1282 1284 1285
f 1282 1285 1283
f 1284 1286 1287
f 1284 1287 1285
f 1286 1288 1289
f 1286 1289 1287
f 1288 1290 1291
f 1288 1291 1289
f 1290 1292 1293
f 1290 1293 1291
f 1292 1294 1295
f 1292 1295 1293
f 1294 1296 1297
f 1294 1297 1295
f 1296 1298 1299
f 1296 1299 1297
f 1298 1300 1301
f 1298 1301 1299
f 1300 1302 1303
f 1300 1303 1301
f 1302 1304 1305
f 1302 1305 1303
f 1304 1306 1307
f 1304 1307 1305
f 1306 1276 1279
f 1306 1279 1307
f 1287 1254 1252
f 1287 1252 1285
f 1289 1256 1254
f 1289 1254 1287
f 1291 1258 1256
f 1291 1256 1289
f 1293 1260 1258
f 1293 1258 1291
f 1295 1262 1260
f 1295 1260 1293
f 1297 1264 1262
f 1297 1262 1295
f 1299 1266 1264
f 1299 1264 1297
f 1301 1268 1266
f 1301 1266 1299
f 1303 1270 1268
f 1303 1268 1301
f 1305 1272 1270
f 1305 1270 1303
f 1307 1274 1272
f 1307 1272 1305
f 1279 1244 1274
f 1279 1274 1307
f 1278 1245 1244
f 1278 1244 1279
f 1281 1248 1245
f 1281 1245 1278
f 1283 1250 1248
f 1283 1248 1281
f 1285 1252 1250
f 1285 1250 1283
f 1308 1309 1310
f 1308 1310 1311
f 1312 1313 1309
f 1312 1309 1308
f 1314 1315 1313
f 1314 1313 1312
f 1316 1317 1315
f 1316 1315 1314
f 1318 1319 1317
f 1318 1317 1316
f 1320 1321 1319
f 1320 1319 1318
f 1322 1323 1324
f 1322 1324 1325
f 1323 1326 1327
f 1323 1327 1324
f 1326 1328 1329
f 1326 1329 1327
f 1328 1330 1331
f 1328 1331 1329
f 1332 1333 1334
f 1335 1332 1334
f 1336 1337 1333
f 1332 1336 1333
f 1338 1339 1337
f 1336 1338 1337
f 1340 1341 1339
f 1338 1340 1339
f 1342 1343 1332
f 1342 1332 1335
f 1343 1344 1336
f 1343 1336 1332
f 1344 1345 1346
f 1344 1346 1336
f 1345 1347 1340
f 1345 1340 1346
f 1348 1349 1322
f 1350 1348 1322
f 1351 1326 1349
f 1348 1351 1349
f 1352 1353 1326
f 1351 1352 1326
f 1354 1330 1353
f 1352 1354 1353
f 1325 1355 1343
f 1325 1343 1356
f 1355 1327 1344
f 1355 1344 1343
f 1327 1357 1358
f 1327 1358 1344
f 1357 1331 1359
f 1357 1359 1358
f 1360 1361 1247
f 1360 1362 1361
f 1363 1364 1365
f 1364 1366 1365
f 1367 1247 1361
f 1368 1367 1361
f 1368 1361 1362
f 1366 1368 1362
f 1368 1366 1364
f 1368 1364 1363
f 1367 1368 1363
f 1369 1370 1371
f 1369 1371 1335
f 1372 1362 1373
f 1372 1373 1371
f 1374 1375 1376
f 1374 1376 1373
f 1375 1322 1325
f 1375 1325 1376
f 1374 1310 1375
f 1375 1310 1309
f 1375 1309 1322
f 1360 1377 1378
f 1360 1378 1374
f 1373 1379 1335
f 1373 1335 1371
f 1376 1325 1379
f 1376 1379 1373
f 1261 1380 1381
f 1380 1382 1381
f 1383 1384 1385
f 1383 1386 1384
f 1380 1261 1387
f 1380 1387 1388
f 1382 1380 1388
f 1382 1388 1386
f 1384 1386 1388
f 1385 1384 1388
f 1385 1388 1387
f 1389 1390 1340
f 1389 1340 1391
f 1392 1382 1393
f 1392 1393 1391
f 1392 1394 1395
f 1392 1395 1396
f 1394 1331 1330
f 1394 1330 1395
f 1395 1321 1396
f 1330 1319 1321
f 1330 1321 1395
f 1397 1381 1396
f 1397 1396 1398
f 1391 1340 1399
f 1391 1399 1392
f 1392 1399 1331
f 1392 1331 1394
f 1400 1401 1402
f 1403 1400 1402
f 1401 1404 1405
f 1402 1401 1405
f 1404 1406 1407
f 1405 1404 1407
f 1406 1408 1409
f 1407 1406 1409
f 1408 1410 1411
f 1409 1408 1411
f 1410 1412 1413
f 1411 1410 1413
f 1414 1415 1416
f 1417 1414 1416
f 1418 1419 1415
f 1414 1418 1415
f 1420 1421 1419
f 1418 1420 1419
f 1422 1423 1421
f 1420 1422 1421
f 1424 1425 1426
f 1424 1426 1427
f 1425 1428 1429
f 1425 1429 1426
f 1428 1430 1431
f 1428 1431 1429
f 1430 1432 1433
f 1430 1433 1431
f 1426 1434 1435
f 1427 1426 1435
f 1429 1436 1434
f 1426 1429 1434
f 1437 1438 1436
f 1429 1437 1436
f 1433 1439 1438
f 1437 1433 1438
f 1416 1440 1441
f 1416 1441 1442
f 1440 1419 1443
f 1440 1443 1441
f 1419 1444 1445
f 1419 1445 1443
f 1444 1423 1446
f 1444 1446 1445
f 1434 1447 1417
f 1448 1434 1417
f 1436 1418 1447
f 1434 1436 1447
f 1449 1450 1418
f 1436 1449 1418
f 1451 1422 1450
f 1449 1451 1450
f 1247 1452 1453
f 1452 1454 1453
f 1455 1456 1363
f 1455 1457 1456
f 1452 1247 1367
f 1452 1367 1458
f 1454 1452 1458
f 1454 1458 1457
f 1456 1457 1458
f 1363 1456 1458
f 1363 1458 1367
f 1459 1460 1427
f 1459 1427 1461
f 1424 1460 1369
f 1424 1369 1334
f 1462 1454 1463
f 1462 1463 1461
f 1462 1464 1465
f 1462 1465 1466
f 1464 1417 1416
f 1464 1416 1465
f 1465 1400 1466
f 1416 1401 1400
f 1416 1400 1465
f 1467 1453 1466
f 1467 1466 1468
f 1461 1427 1469
f 1461 1469 1462
f 1462 1469 1417
f 1462 1417 1464
f 1470 1471 1261
f 1470 1472 1471
f 1385 1473 1474
f 1473 1475 1474
f 1387 1261 1471
f 1476 1387 1471
f 1476 1471 1472
f 1475 1476 1472
f 1476 1475 1473
f 1476 1473 1385
f 1387 1476 1385
f 1477 1478 1479
f 1477 1479 1433
f 1341 1390 1477
f 1341 1477 1432
f 1480 1472 1481
f 1480 1481 1479
f 1482 1483 1484
f 1482 1484 1481
f 1483 1423 1422
f 1483 1422 1484
f 1482 1412 1483
f 1483 1412 1410
f 1483 1410 1423
f 1470 1485 1486
f 1470 1486 1482
f 1481 1487 1433
f 1481 1433 1479
f 1484 1422 1487
f 1484 1487 1481
f 1488 1489 1490
f 1489 1488 1491
f 1492 1491 1488
f 1492 1488 1493
f 1494 1495 1490
f 1495 1494 1496
f 1495 1496 1497
f 1495 1497 1498
f 1488 1490 1495
f 1488 1495 1498
f 1488 1498 1493
f 1499 1500 1501
f 1500 1499 1502
f 1503 1502 1499
f 1503 1499 1504
f 1505 1506 1501
f 1506 1505 1507
f 1506 1507 1508
f 1506 1508 1509
f 1499 1501 1506
f 1499 1506 1509
f 1499 1509 1504
f 1510 1511 1512
f 1511 1510 1513
f 1514 1513 1510
f 1514 1510 1515
f 1516 1517 1512
f 1517 1516 1518
f 1517 1518 1519
f 1517 1519 1520
f 1510 1512 1517
f 1510 1517 1520
f 1510 1520 1515
f 1521 1522 1523
f 1522 1521 1524
f 1525 1524 1521
f 1525 1521 1526
f 1527 1528 1523
f 1528 1527 1529
f 1528 1529 1530
f 1528 1530 1531
f 1521 1523 1528
f 1521 1528 1531
f 1521 1531 1526
f 1532 1533 1534
f 1532 1534 1535
f 1533 1536 1537
f 1533 1537 1534
f 1536 1538 1539
f 1536 1539 1537
f 1538 1540 1541
f 1538 1541 1539
f 1540 1542 1543
f 1540 1543 1541
f 1542 1544 1545
f 1542 1545 1543
f 1544 1546 1547
f 1544 1547 1545
f 1546 1548 1549
f 1546 1549 1547
f 1548 1550 1551
f 1548 1551 1549
f 1550 1552 1553
f 1550 1553 1551
f 1552 1554 1555
f 1552 1555 1553
f 1554 1556 1557
f 1554 1557 1555
f 1556 1558 1559
f 1556 1559 1557
f 1558 1560 1561
f 1558 1561 1559
f 1560 1562 1563
f 1560 1563 1561
f 1562 1532 1535
f 1562 1535 1563
f 1564 1565 1566
f 1564 1566 1567
f 1565 1568 1569
f 1565 1569 1566
f 1568 1570 1571
f 1568 1571 1569
f 1570 1572 1573
f 1570 1573 1571
f 1572 1574 1575
f 1572 1575 1573
f 1574 1576 1577
f 1574 1577 1575
f 1576 1578 1579
f 1576 1579 1577
f 1578 1580 1581
f 1578 1581 1579
f 1580 1582 1583
f 1580 1583 1581
f 1582 1584 1585
f 1582 1585 1583
f 1584 1586 1587
f 1584 1587 1585
f 1586 1588 1589
f 1586 1589 1587
f 1588 1590 1591
f 1588 1591 1589
f 1590 1592 1593
f 1590 1593 1591
f 1592 1594 1595
f 1592 1595 1593
f 1594 1564 1567
f 1594 1567 1595
f 1575 1542 1540
f 1575 1540 1573
f 1577 1544 1542
f 1577 1542 1575
f 1579 1546 1544
f 1579 1544 1577
f 1581 1548 1546
f 1581 1546 1579
f 1583 1550 1548
f 1583 1548 1581
f 1585 1552 1550
f 1585 1550 1583
f 1587 1554 1552
f 1587 1552 1585
f 1589 1556 1554
f 1589 1554 1587
f 1591 1558 1556
f 1591 1556 1589
f 1593 1560 1558
f 1593 1558 1591
f 1595 1562 1560
f 1595 1560 1593
f 1567 1532 1562
f 1567 1562 1595
f 1566 1533 1532
f 1566 1532 1567
f 1569 1536 1533
f 1569 1533 1566
f 1571 1538 1536
f 1571 1536 1569
f 1573 1540 1538
f 1573 1538 1571
f 1596 1597 1598
f 1596 1598 1599
f 1600 1601 1597
f 1600 1597 1596
f 1602 1603 1601
f 1602 1601 1600
f 1604 1605 1603
f 1604 1603 1602
f 1606 1607 1605
f 1606 1605 1604
f 1608 1609 1607
f 1608 1607 1606
f 1610 1611 1612
f 1610 1612 1613
f 1611 1614 1615
f 1611 1615 1612
f 1614 1616 1617
f 1614 1617 1615
f 1616 1618 1619
f 1616 1619 1617
f 1620 1621 1622
f 1623 1620 1622
f 1624 1625 1621
f 1620 1624 1621
f 1626 1627 1625
f 1624 1626 1625
f 1628 1629 1627
f 1626 1628 1627
f 1630 1631 1620
f 1630 1620 1623
f 1631 1632 1624
f 1631 1624 1620
f 1632 1633 1634
f 1632 1634 1624
f 1633 1635 1628
f 1633 1628 1634
f 1636 1637 1610
f 1638 1636 1610
f 1639 1614 1637
f 1636 1639 1637
f 1640 1641 1614
f 1639 1640 1614
f 1642 1618 1641
f 1640 1642 1641
f 1613 1643 1631
f 1613 1631 1644
f 1643 1615 1632
f 1643 1632 1631
f 1615 1645 1646
f 1615 1646 1632
f 1645 1619 1647
f 1645 1647 1646
f 1648 1649 1535
f 1648 1650 1649
f 1651 1652 1653
f 1652 1654 1653
f 1655 1535 1649
f 1656 1655 1649
f 1656 1649 1650
f 1654 1656 1650
f 1656 1654 1652
f 1656 1652 1651
f 1655 1656 1651
f 1657 1658 1659
f 1657 1659 1623
f 1660 1650 1661
f 1660 1661 1659
f 1662 1663 1664
f 1662 1664 1661
f 1663 1610 1613
f 1663 1613 1664
f 1662 1598 1663
f 1663 1598 1597
f 1663 1597 1610
f 1648 1665 1666
f 1648 1666 1662
f 1661 1667 1623
f 1661 1623 1659
f 1664 1613 1667
f 1664 1667 1661
f 1549 1668 1669
f 1668 1670 1669
f 1671 1672 1673
f 1671 1674 1672
f 1668 1549 1675
f 1668 1675 1676
f 1670 1668 1676
f 1670 1676 1674
f 1672 1674 1676
f 1673 1672 1676
f 1673 1676 1675
f 1677 1678 1628
f 1677 1628 1679
f 1680 1670 1681
f 1680 1681 1679
f 1680 1682 1683
f 1680 1683 1684
f 1682 1619 1618
f 1682 1618 1683
f 1683 1609 1684
f 1618 1607 1609
f 1618 1609 1683
f 1685 1669 1684
f 1685 1684 1686
f 1679 1628 1687
f 1679 1687 1680
f 1680 1687 1619
f 1680 1619 1682
f 1688 1689 1690
f 1691 1688 1690
f 1689 1692 1693
f 1690 1689 1693
f 1692 1694 1695
f 1693 1692 1695
f 1694 1696 1697
f 1695 1694 1697
f 1696 1698 1699
f 1697 1696 1699
f 1698 1700 1701
f 1699 1698 1701
f 1702 1703 1704
f 1705 1702 1704
f 1706 1707 1703
f 1702 1706 1703
f 1708 1709 1707
f 1706 1708 1707
f 1710 1711 1709
f 1708 1710 1709
f 1712 1713 1714
f 1712 1714 1715
f 1713 1716 1717
f 1713 1717 1714
f 1716 1718 1719
f 1716 1719 1717
f 1718 1720 1721
f 1718 1721 1719
f 1714 1722 1723
f 1715 1714 1723
f 1717 1724 1722
f 1714 1717 1722
f 1725 1726 1724
f 1717 1725 1724
f 1721 1727 1726
f 1725 1721 1726
f 1704 1728 1729
f 1704 1729 1730
f 1728 1707 1731
f 1728 1731 1729
f 1707 1732 1733
f 1707 1733 1731
f 1732 1711 1734
f 1732 1734 1733
f 1722 1735 1705
f 1736 1722 1705
f 1724 1706 1735
f 1722 1724 1735
f 1737 1738 1706
f 1724 1737 1706
f 1739 1710 1738
f 1737 1739 1738
f 1535 1740 1741
f 1740 1742 1741
f 1743 1744 1651
f 1743 1745 1744
f 1740 1535 1655
f 1740 1655 1746
f 1742 1740 1746
f 1742 1746 1745
f 1744 1745 1746
f 1651 1744 1746
f 1651 1746 1655
f 1747 1748 1715
f 1747 1715 1749
f 1712 1748 1657
f 1712 1657 1622
f 1750 1742 1751
f 1750 1751 1749
f 1750 1752 1753
f 1750 1753 1754
f 1752 1705 1704
f 1752 1704 1753
f 1753 1688 1754
f 1704 1689 1688
f 1704 1688 1753
f 1755 1741 1754
f 1755 1754 1756
f 1749 1715 1757
f 1749 1757 1750
f 1750 1757 1705
f 1750 1705 1752
f 1758 1759 1549
f 1758 1760 1759
f 1673 1761 1762
f 1761 1763 1762
f 1675 1549 1759
f 1764 1675 1759
f 1764 1759 1760
f 1763 1764 1760
f 1764 1763 1761
f 1764 1761 1673
f 1675 1764 1673
f 1765 1766 1767
f 1765 1767 1721
f 1629 1678 1765
f 1629 1765 1720
f 1768 1760 1769
f 1768 1769 1767
f 1770 1771 1772
f 1770 1772 1769
f 1771 1711 1710
f 1771 1710 1772
f 1770 1700 1771
f 1771 1700 1698
f 1771 1698 1711
f 1758 1773 1774
f 1758 1774 1770
f 1769 1775 1721
f 1769 1721 1767
f 1772 1710 1775
f 1772 1775 1769
f 1776 1777 1778
f 1777 1776 1779
f 1780 1779 1776
f 1780 1776 1781
f 1782 1783 1778
f 1783 1782 1784
f 1783 1784 1785
f 1783 1785 1786
f 1776 1778 1783
f 1776 1783 1786
f 1776 1786 1781
f 1787 1788 1789
f 1788 1787 1790
f 1791 1790 1787
f 1791 1787 1792
f 1793 1794 1789
f 1794 1793 1795
f 1794 1795 1796
f 1794 1796 1797
f 1787 1789 1794
f 1787 1794 1797
f 1787 1797 1792
f 1798 1799 1800
f 1799 1798 1801
f 1802 1801 1798
f 1802 1798 1803
f 1804 1805 1800
f 1805 1804 1806
f 1805 1806 1807
f 1805 1807 1808
f 1798 1800 1805
f 1798 1805 1808
f 1798 1808 1803
f 1809 1810 1811
f 1810 1809 1812
f 1813 1812 1809
f 1813 1809 1814
f 1815 1816 1811
f 1816 1815 1817
f 1816 1817 1818
f 1816 1818 1819
f 1809 1811 1816
f 1809 1816 1819
f 1809 1819 1814
f 1820 1821 1822
f 1820 1822 1823
f 1821 1824 1825
f 1821 1825 1822
f 1824 1826 1827
f 1824 1827 1825
f 1826 1828 1829
f 1826 1829 1827
f 1828 1830 1831
f 1828 1831 1829
f 1830 1832 1833
f 1830 1833 1831
f 1832 1834 1835
f 1832 1835 1833
f 1834 1836 1837
f 1834 1837 1835
f 1836 1838 1839
f 1836 1839 1837
f 1838 1840 1841
f 1838 1841 1839
f 1840 1842 1843
f 1840 1843 1841
f 1842 1844 1845
f 1842 1845 1843
f 1844 1846 1847
f 1844 1847 1845
f 1846 1848 1849
f 1846 1849 1847
f 1848 1850 1851
f 1848 1851 1849
f 1850 1820 1823
f 1850 1823 1851
f 1852 1853 1854
f 1852 1854 1855
f 1853 1856 1857
f 1853 1857 1854
f 1856 1858 1859
f 1856 1859 1857
f 1858 1860 1861
f 1858 1861 1859
f 1860 1862 1863
f 1860 1863 1861
f 1862 1864 1865
f 1862 1865 1863
f 1864 1866 1867
f 1864 1867 1865
f 1866 1868 1869
f 1866 1869 1867
f 1868 1870 1871
f 1868 1871 1869
f 1870 1872 1873
f 1870 1873 1871
f 1872 1874 1875
f 1872 1875 1873
f 1874 1876 1877
f 1874 1877 1875
f 1876 1878 1879
f 1876 1879 1877
f 1878 1880 1881
f 1878 1881 1879
f 1880 1882 1883
f 1880 1883 1881
f 1882 1852 1855
f 1882 1855 1883
f 1863 1830 1828
f 1863 1828 1861
f 1865 1832 1830
f 1865 1830 1863
f 1867 1834 1832
f 1867 1832 1865
f 1869 1836 1834
f 1869 1834 1867
f 1871 1838 1836
f 1871 1836 1869
f 1873 1840 1838
f 1873 1838 1871
f 1875 1842 1840
f 1875 1840 1873
f 1877 1844 1842
f 1877 1842 1875
f 1879 1846 1844
f 1879 1844 1877
f 1881 1848 1846
f 1881 1846 1879
f 1883 1850 1848
f 1883 1848 1881
f 1855 1820 1850
f 1855 1850 1883
f 1854 1821 1820
f 1854 1820 1855
f 1857 1824 1821
f 1857 1821 1854
f 1859 1826 1824
f 1859 1824 1857
f 1861 1828 1826
f 1861 1826 1859
f 1884 1885 1886
f 1884 1886 1887
f 1888 1889 1885
f 1888 1885 1884
f 1890 1891 1889
f 1890 1889 1888
f 1892 1893 1891
f 1892 1891 1890
f 1894 1895 1893
f 1894 1893 1892
f 1896 1897 1895
f 1896 1895 1894
f 1898 1899 1900
f 1898 1900 1901
f 1899 1902 1903
f 1899 1903 1900
f 1902 1904 1905
f 1902 1905 1903
f 1904 1906 1907
f 1904 1907 1905
f 1908 1909 1910
f 1911 1908 1910
f 1912 1913 1909
f 1908 1912 1909
f 1914 1915 1913
f 1912 1914 1913
f 1916 1917 1915
f 1914 1916 1915
f 1918 1919 1908
f 1918 1908 1911
f 1919 1920 1912
f 1919 1912 1908
f 1920 1921 1922
f 1920 1922 1912
f 1921 1923 1916
f 1921 1916 1922
f 1924 1925 1898
f 1926 1924 1898
f 1927 1902 1925
f 1924 1927 1925
f 1928 1929 1902
f 1927 1928 1902
f 1930 1906 1929
f 1928 1930 1929
f 1901 1931 1919
f 1901 1919 1932
f 1931 1903 1920
f 1931 1920 1919
f 1903 1933 1934
f 1903 1934 1920
f 1933 1907 1935
f 1933 1935 1934
f 1936 1937 1823
f 1936 1938 1937
f 1939 1940 1941
f 1940 1942 1941
f 1943 1823 1937
f 1944 1943 1937
f 1944 1937 1938
f 1942 1944 1938
f 1944 1942 1940
f 1944 1940 1939
f 1943 1944 1939
f 1945 1946 1947
f 1945 1947 1911
f 1948 1938 1949
f 1948 1949 1947
f 1950 1951 1952
f 1950 1952 1949
f 1951 1898 1901
f 1951 1901 1952
f 1950 1886 1951
f 1951 1886 1885
f 1951 1885 1898
f 1936 1953 1954
f 1936 1954 1950
f 1949 1955 1911
f 1949 1911 1947
f 1952 1901 1955
f 1952 1955 1949
f 1837 1956 1957
f 1956 1958 1957
f 1959 1960 1961
f 1959 1962 1960
f 1956 1837 1963
f 1956 1963 1964
f 1958 1956 1964
f 1958 1964 1962
f 1960 1962 1964
f 1961 1960 1964
f 1961 1964 1963
f 1965 1966 1916
f 1965 1916 1967
f 1968 1958 1969
f 1968 1969 1967
f 1968 1970 1971
f 1968 1971 1972
f 1970 1907 1906
f 1970 1906 1971
f 1971 1897 1972
f 1906 1895 1897
f 1906 1897 1971
f 1973 1957 1972
f 1973 1972 1974
f 1967 1916 1975
f 1967 1975 1968
f 1968 1975 1907
f 1968 1907 1970
f 1976 1977 1978
f 1979 1976 1978
f 1977 1980 1981
f 1978 1977 1981
f 1980 1982 1983
f 1981 1980 1983
f 1982 1984 1985
f 1983 1982 1985
f 1984 1986 1987
f 1985 1984 1987
f 1986 1988 1989
f 1987 1986 1989
f 1990 1991 1992
f 1993 1990 1992
f 1994 1995 1991
f 1990 1994 1991
f 1996 1997 1995
f 1994 1996 1995
f 1998 1999 1997
f 1996 1998 1997
f 2000 2001 2002
f 2000 2002 2003
f 2001 2004 2005
f 2001 2005 2002
f 2004 2006 2007
f 2004 2007 2005
f 2006 2008 2009
f 2006 2009 2007
f 2002 2010 2011
f 2003 2002 2011
f 2005 2012 2010
f 2002 2005 2010
f 2013 2014 2012
f 2005 2013 2012
f 2009 2015 2014
f 2013 2009 2014
f 1992 2016 2017
f 1992 2017 2018
f 2016 1995 2019
f 2016 2019 2017
f 1995 2020 2021
f 1995 2021 2019
f 2020 1999 2022
f 2020 2022 2021
f 2010 2023 1993
f 2024 2010 1993
f 2012 1994 2023
f 2010 2012 2023
f 2025 2026 1994
f 2012 2025 1994
f 2027 1998 2026
f 2025 2027 2026
f 1823 2028 2029
f 2028 2030 2029
f 2031 2032 1939
f 2031 2033 2032
f 2028 1823 1943
f 2028 1943 2034
f 2030 2028 2034
f 2030 2034 2033
f 2032 2033 2034
f 1939 2032 2034
f 1939 2034 1943
f 2035 2036 2003
f 2035 2003 2037
f 2000 2036 1945
f 2000 1945 1910
f 2038 2030 2039
f 2038 2039 2037
f 2038 2040 2041
f 2038 2041 2042
f 2040 1993 1992
f 2040 1992 2041
f 2041 1976 2042
f 1992 1977 1976
f 1992 1976 2041
f 2043 2029 2042
f 2043 2042 2044
f 2037 2003 2045
f 2037 2045 2038
f 2038 2045 1993
f 2038 1993 2040
f 2046 2047 1837
f 2046 2048 2047
f 1961 2049 2050
f 2049 2051 2050
f 1963 1837 2047
f 2052 1963 2047
f 2052 2047 2048
f 2051 2052 2048
f 2052 2051 2049
f 2052 2049 1961
f 1963 2052 1961
f 2053 2054 2055
f 2053 2055 2009
f 1917 1966 2053
f 1917 2053 2008
f 2056 2048 2057
f 2056 2057 2055
f 2058 2059 2060
f 2058 2060 2057
f 2059 1999 1998
f 2059 1998 2060
f 2058 1988 2059
f 2059 1988 1986
f 2059 1986 1999
f 2046 2061 2062
f 2046 2062 2058
f 2057 2063 2009
f 2057 2009 2055
f 2060 1998 2063
f 2060 2063 2057
f 2064 2065 2066
f 2065 2064 2067
f 2068 2067 2064
f 2068 2064 2069
f 2070 2071 2066
f 2071 2070 2072
f 2071 2072 2073
f 2071 2073 2074
f 2064 2066 2071
f 2064 2071 2074
f 2064 2074 2069
f 2075 2076 2077
f 2076 2075 2078
f 2079 2078 2075
f 2079 2075 2080
f 2081 2082 2077
f 2082 2081 2083
f 2082 2083 2084
f 2082 2084 2085
f 2075 2077 2082
f 2075 2082 2085
f 2075 2085 2080
f 2086 2087 2088
f 2087 2086 2089
f 2090 2089 2086
f 2090 2086 2091
f 2092 2093 2088
f 2093 2092 2094
f 2093 2094 2095
f 2093 2095 2096
f 2086 2088 2093
f 2086 2093 2096
f 2086 2096 2091
f 2097 2098 2099
f 2098 2097 2100
f 2101 2100 2097
f 2101 2097 2102
f 2103 2104 2099
f 2104 2103 2105
f 2104 2105 2106
f 2104 2106 2107
f 2097 2099 2104
f 2097 2104 2107
f 2097 2107 2102
