# Botball Lab: metres, +Y up, centred XZ, base Y=0
s off
v 0.0094782 0.0000000 -0.0006123
v 0.0096000 0.0000000 -0.0000000
v 0.0080000 0.0000000 -0.0000000
v 0.0091314 0.0000000 -0.0011314
v 0.0086123 0.0000000 -0.0014782
v 0.0080000 0.0000000 -0.0016000
v 0.0073877 0.0000000 -0.0014782
v 0.0068686 0.0000000 -0.0011314
v 0.0065218 0.0000000 -0.0006123
v 0.0064000 0.0000000 -0.0000000
v 0.0065218 0.0000000 0.0006123
v 0.0068686 0.0000000 0.0011314
v 0.0073877 0.0000000 0.0014782
v 0.0080000 0.0000000 0.0016000
v 0.0086123 0.0000000 0.0014782
v 0.0091314 0.0000000 0.0011314
v 0.0094782 0.0000000 0.0006123
v 0.0094782 0.0024000 -0.0006123
v 0.0096000 0.0024000 -0.0000000
v 0.0091314 0.0024000 -0.0011314
v 0.0086123 0.0024000 -0.0014782
v 0.0080000 0.0024000 -0.0016000
v 0.0073877 0.0024000 -0.0014782
v 0.0068686 0.0024000 -0.0011314
v 0.0065218 0.0024000 -0.0006123
v 0.0064000 0.0024000 -0.0000000
v 0.0065218 0.0024000 0.0006123
v 0.0068686 0.0024000 0.0011314
v 0.0073877 0.0024000 0.0014782
v 0.0080000 0.0024000 0.0016000
v 0.0086123 0.0024000 0.0014782
v 0.0091314 0.0024000 0.0011314
v 0.0094782 0.0024000 0.0006123
v 0.0014782 0.0000000 -0.0006123
v 0.0016000 0.0000000 -0.0000000
v 0.0000000 0.0000000 -0.0000000
v 0.0011314 0.0000000 -0.0011314
v 0.0006123 0.0000000 -0.0014782
v 0.0000000 0.0000000 -0.0016000
v -0.0006123 0.0000000 -0.0014782
v -0.0011314 0.0000000 -0.0011314
v -0.0014782 0.0000000 -0.0006123
v -0.0016000 0.0000000 -0.0000000
v -0.0014782 0.0000000 0.0006123
v -0.0011314 0.0000000 0.0011314
v -0.0006123 0.0000000 0.0014782
v 0.0000000 0.0000000 0.0016000
v 0.0006123 0.0000000 0.0014782
v 0.0011314 0.0000000 0.0011314
v 0.0014782 0.0000000 0.0006123
v 0.0014782 0.0024000 -0.0006123
v 0.0016000 0.0024000 -0.0000000
v 0.0011314 0.0024000 -0.0011314
v 0.0006123 0.0024000 -0.0014782
v 0.0000000 0.0024000 -0.0016000
v -0.0006123 0.0024000 -0.0014782
v -0.0011314 0.0024000 -0.0011314
v -0.0014782 0.0024000 -0.0006123
v -0.0016000 0.0024000 -0.0000000
v -0.0014782 0.0024000 0.0006123
v -0.0011314 0.0024000 0.0011314
v -0.0006123 0.0024000 0.0014782
v 0.0000000 0.0024000 0.0016000
v 0.0006123 0.0024000 0.0014782
v 0.0011314 0.0024000 0.0011314
v 0.0014782 0.0024000 0.0006123
v -0.0065218 0.0000000 -0.0006123
v -0.0064000 0.0000000 -0.0000000
v -0.0080000 0.0000000 -0.0000000
v -0.0068686 0.0000000 -0.0011314
v -0.0073877 0.0000000 -0.0014782
v -0.0080000 0.0000000 -0.0016000
v -0.0086123 0.0000000 -0.0014782
v -0.0091314 0.0000000 -0.0011314
v -0.0094782 0.0000000 -0.0006123
v -0.0096000 0.0000000 -0.0000000
v -0.0094782 0.0000000 0.0006123
v -0.0091314 0.0000000 0.0011314
v -0.0086123 0.0000000 0.0014782
v -0.0080000 0.0000000 0.0016000
v -0.0073877 0.0000000 0.0014782
v -0.0068686 0.0000000 0.0011314
v -0.0065218 0.0000000 0.0006123
v -0.0065218 0.0024000 -0.0006123
v -0.0064000 0.0024000 -0.0000000
v -0.0068686 0.0024000 -0.0011314
v -0.0073877 0.0024000 -0.0014782
v -0.0080000 0.0024000 -0.0016000
v -0.0086123 0.0024000 -0.0014782
v -0.0091314 0.0024000 -0.0011314
v -0.0094782 0.0024000 -0.0006123
v -0.0096000 0.0024000 -0.0000000
v -0.0094782 0.0024000 0.0006123
v -0.0091314 0.0024000 0.0011314
v -0.0086123 0.0024000 0.0014782
v -0.0080000 0.0024000 0.0016000
v -0.0073877 0.0024000 0.0014782
v -0.0068686 0.0024000 0.0011314
v -0.0065218 0.0024000 0.0006123
v -0.0065218 0.0028130 -0.0006123
v -0.0064000 0.0028944 -0.0000000
v -0.0067754 0.0026435 -0.0009918
v -0.0068686 0.0026250 -0.0011314
v -0.0073877 0.0025218 -0.0014782
v -0.0086123 0.0025218 -0.0014782
v -0.0091314 0.0026250 -0.0011314
v -0.0092246 0.0026435 -0.0009918
v -0.0094782 0.0028130 -0.0006123
v -0.0096000 0.0028944 -0.0000000
v -0.0094782 0.0028130 0.0006123
v -0.0092246 0.0026435 0.0009918
v -0.0091314 0.0026250 0.0011314
v -0.0086123 0.0025218 0.0014782
v -0.0073877 0.0025218 0.0014782
v -0.0068686 0.0026250 0.0011314
v -0.0067754 0.0026435 0.0009918
v -0.0065218 0.0028130 0.0006123
v -0.0145218 0.0000000 -0.0006123
v -0.0144000 0.0000000 -0.0000000
v -0.0160000 0.0000000 -0.0000000
v -0.0148686 0.0000000 -0.0011314
v -0.0153877 0.0000000 -0.0014782
v -0.0160000 0.0000000 -0.0016000
v -0.0166123 0.0000000 -0.0014782
v -0.0171314 0.0000000 -0.0011314
v -0.0174782 0.0000000 -0.0006123
v -0.0176000 0.0000000 -0.0000000
v -0.0174782 0.0000000 0.0006123
v -0.0171314 0.0000000 0.0011314
v -0.0166123 0.0000000 0.0014782
v -0.0160000 0.0000000 0.0016000
v -0.0153877 0.0000000 0.0014782
v -0.0148686 0.0000000 0.0011314
v -0.0145218 0.0000000 0.0006123
v -0.0145218 0.0024000 -0.0006123
v -0.0144000 0.0024000 -0.0000000
v -0.0148686 0.0024000 -0.0011314
v -0.0153877 0.0024000 -0.0014782
v -0.0160000 0.0024000 -0.0016000
v -0.0166123 0.0024000 -0.0014782
v -0.0171314 0.0024000 -0.0011314
v -0.0174782 0.0024000 -0.0006123
v -0.0176000 0.0024000 -0.0000000
v -0.0174782 0.0024000 0.0006123
v -0.0171314 0.0024000 0.0011314
v -0.0166123 0.0024000 0.0014782
v -0.0160000 0.0024000 0.0016000
v -0.0153877 0.0024000 0.0014782
v -0.0148686 0.0024000 0.0011314
v -0.0145218 0.0024000 0.0006123
v -0.0145218 0.0028130 -0.0006123
v -0.0144000 0.0028944 -0.0000000
v -0.0147754 0.0026435 -0.0009918
v -0.0148686 0.0026250 -0.0011314
v -0.0153877 0.0025218 -0.0014782
v -0.0166123 0.0025218 -0.0014782
v -0.0171314 0.0026250 -0.0011314
v -0.0172246 0.0026435 -0.0009918
v -0.0174782 0.0028130 -0.0006123
v -0.0176000 0.0028944 -0.0000000
v -0.0174782 0.0028130 0.0006123
v -0.0172246 0.0026435 0.0009918
v -0.0171314 0.0026250 0.0011314
v -0.0166123 0.0025218 0.0014782
v -0.0153877 0.0025218 0.0014782
v -0.0148686 0.0026250 0.0011314
v -0.0147754 0.0026435 0.0009918
v -0.0145218 0.0028130 0.0006123
v -0.0225218 0.0000000 -0.0006123
v -0.0224000 0.0000000 -0.0000000
v -0.0240000 0.0000000 -0.0000000
v -0.0228686 0.0000000 -0.0011314
v -0.0233877 0.0000000 -0.0014782
v -0.0240000 0.0000000 -0.0016000
v -0.0246123 0.0000000 -0.0014782
v -0.0251314 0.0000000 -0.0011314
v -0.0254782 0.0000000 -0.0006123
v -0.0256000 0.0000000 -0.0000000
v -0.0254782 0.0000000 0.0006123
v -0.0251314 0.0000000 0.0011314
v -0.0246123 0.0000000 0.0014782
v -0.0240000 0.0000000 0.0016000
v -0.0233877 0.0000000 0.0014782
v -0.0228686 0.0000000 0.0011314
v -0.0225218 0.0000000 0.0006123
v -0.0225218 0.0024000 -0.0006123
v -0.0224000 0.0024000 -0.0000000
v -0.0228686 0.0024000 -0.0011314
v -0.0233877 0.0024000 -0.0014782
v -0.0240000 0.0024000 -0.0016000
v -0.0246123 0.0024000 -0.0014782
v -0.0251314 0.0024000 -0.0011314
v -0.0254782 0.0024000 -0.0006123
v -0.0256000 0.0024000 -0.0000000
v -0.0254782 0.0024000 0.0006123
v -0.0251314 0.0024000 0.0011314
v -0.0246123 0.0024000 0.0014782
v -0.0240000 0.0024000 0.0016000
v -0.0233877 0.0024000 0.0014782
v -0.0228686 0.0024000 0.0011314
v -0.0225218 0.0024000 0.0006123
v -0.0225218 0.0028130 -0.0006123
v -0.0224000 0.0028944 -0.0000000
v -0.0227754 0.0026435 -0.0009918
v -0.0228686 0.0026250 -0.0011314
v -0.0233877 0.0025218 -0.0014782
v -0.0246123 0.0025218 -0.0014782
v -0.0251314 0.0026250 -0.0011314
v -0.0252246 0.0026435 -0.0009918
v -0.0254782 0.0028130 -0.0006123
v -0.0256000 0.0028944 -0.0000000
v -0.0254782 0.0028130 0.0006123
v -0.0252246 0.0026435 0.0009918
v -0.0251314 0.0026250 0.0011314
v -0.0246123 0.0025218 0.0014782
v -0.0233877 0.0025218 0.0014782
v -0.0228686 0.0026250 0.0011314
v -0.0227754 0.0026435 0.0009918
v -0.0225218 0.0028130 0.0006123
v -0.0305218 0.0000000 -0.0006123
v -0.0304000 0.0000000 -0.0000000
v -0.0320000 0.0000000 -0.0000000
v -0.0308686 0.0000000 -0.0011314
v -0.0313877 0.0000000 -0.0014782
v -0.0320000 0.0000000 -0.0016000
v -0.0326123 0.0000000 -0.0014782
v -0.0331314 0.0000000 -0.0011314
v -0.0334782 0.0000000 -0.0006123
v -0.0336000 0.0000000 -0.0000000
v -0.0334782 0.0000000 0.0006123
v -0.0331314 0.0000000 0.0011314
v -0.0326123 0.0000000 0.0014782
v -0.0320000 0.0000000 0.0016000
v -0.0313877 0.0000000 0.0014782
v -0.0308686 0.0000000 0.0011314
v -0.0305218 0.0000000 0.0006123
v -0.0305218 0.0024000 -0.0006123
v -0.0304000 0.0024000 -0.0000000
v -0.0308686 0.0024000 -0.0011314
v -0.0313877 0.0024000 -0.0014782
v -0.0320000 0.0024000 -0.0016000
v -0.0326123 0.0024000 -0.0014782
v -0.0331314 0.0024000 -0.0011314
v -0.0334782 0.0024000 -0.0006123
v -0.0336000 0.0024000 -0.0000000
v -0.0334782 0.0024000 0.0006123
v -0.0331314 0.0024000 0.0011314
v -0.0326123 0.0024000 0.0014782
v -0.0320000 0.0024000 0.0016000
v -0.0313877 0.0024000 0.0014782
v -0.0308686 0.0024000 0.0011314
v -0.0305218 0.0024000 0.0006123
v -0.0305218 0.0028130 -0.0006123
v -0.0304000 0.0028944 -0.0000000
v -0.0307754 0.0026435 -0.0009918
v -0.0308686 0.0026250 -0.0011314
v -0.0313877 0.0025218 -0.0014782
v -0.0326123 0.0025218 -0.0014782
v -0.0331314 0.0026250 -0.0011314
v -0.0332246 0.0026435 -0.0009918
v -0.0334782 0.0028130 -0.0006123
v -0.0336000 0.0028944 -0.0000000
v -0.0334782 0.0028130 0.0006123
v -0.0332246 0.0026435 0.0009918
v -0.0331314 0.0026250 0.0011314
v -0.0326123 0.0025218 0.0014782
v -0.0313877 0.0025218 0.0014782
v -0.0308686 0.0026250 0.0011314
v -0.0307754 0.0026435 0.0009918
v -0.0305218 0.0028130 0.0006123
v -0.0385218 0.0000000 -0.0006123
v -0.0384000 0.0000000 -0.0000000
v -0.0400000 0.0000000 -0.0000000
v -0.0388686 0.0000000 -0.0011314
v -0.0393877 0.0000000 -0.0014782
v -0.0400000 0.0000000 -0.0016000
v -0.0406123 0.0000000 -0.0014782
v -0.0411314 0.0000000 -0.0011314
v -0.0414782 0.0000000 -0.0006123
v -0.0416000 0.0000000 -0.0000000
v -0.0414782 0.0000000 0.0006123
v -0.0411314 0.0000000 0.0011314
v -0.0406123 0.0000000 0.0014782
v -0.0400000 0.0000000 0.0016000
v -0.0393877 0.0000000 0.0014782
v -0.0388686 0.0000000 0.0011314
v -0.0385218 0.0000000 0.0006123
v -0.0385218 0.0024000 -0.0006123
v -0.0384000 0.0024000 -0.0000000
v -0.0388686 0.0024000 -0.0011314
v -0.0393877 0.0024000 -0.0014782
v -0.0400000 0.0024000 -0.0016000
v -0.0406123 0.0024000 -0.0014782
v -0.0411314 0.0024000 -0.0011314
v -0.0414782 0.0024000 -0.0006123
v -0.0416000 0.0024000 -0.0000000
v -0.0414782 0.0024000 0.0006123
v -0.0411314 0.0024000 0.0011314
v -0.0406123 0.0024000 0.0014782
v -0.0400000 0.0024000 0.0016000
v -0.0393877 0.0024000 0.0014782
v -0.0388686 0.0024000 0.0011314
v -0.0385218 0.0024000 0.0006123
v -0.0385218 0.0028130 -0.0006123
v -0.0384000 0.0028944 -0.0000000
v -0.0387754 0.0026435 -0.0009918
v -0.0388686 0.0026250 -0.0011314
v -0.0393877 0.0025218 -0.0014782
v -0.0406123 0.0025218 -0.0014782
v -0.0411314 0.0026250 -0.0011314
v -0.0412246 0.0026435 -0.0009918
v -0.0414782 0.0028130 -0.0006123
v -0.0416000 0.0028944 -0.0000000
v -0.0414782 0.0028130 0.0006123
v -0.0412246 0.0026435 0.0009918
v -0.0411314 0.0026250 0.0011314
v -0.0406123 0.0025218 0.0014782
v -0.0393877 0.0025218 0.0014782
v -0.0388686 0.0026250 0.0011314
v -0.0387754 0.0026435 0.0009918
v -0.0385218 0.0028130 0.0006123
v -0.0465218 0.0000000 -0.0006123
v -0.0464000 0.0000000 -0.0000000
v -0.0480000 0.0000000 -0.0000000
v -0.0468686 0.0000000 -0.0011314
v -0.0473877 0.0000000 -0.0014782
v -0.0480000 0.0000000 -0.0016000
v -0.0486123 0.0000000 -0.0014782
v -0.0491314 0.0000000 -0.0011314
v -0.0494782 0.0000000 -0.0006123
v -0.0496000 0.0000000 -0.0000000
v -0.0494782 0.0000000 0.0006123
v -0.0491314 0.0000000 0.0011314
v -0.0486123 0.0000000 0.0014782
v -0.0480000 0.0000000 0.0016000
v -0.0473877 0.0000000 0.0014782
v -0.0468686 0.0000000 0.0011314
v -0.0465218 0.0000000 0.0006123
v -0.0465218 0.0024000 -0.0006123
v -0.0464000 0.0024000 -0.0000000
v -0.0468686 0.0024000 -0.0011314
v -0.0473877 0.0024000 -0.0014782
v -0.0480000 0.0024000 -0.0016000
v -0.0486123 0.0024000 -0.0014782
v -0.0491314 0.0024000 -0.0011314
v -0.0494782 0.0024000 -0.0006123
v -0.0496000 0.0024000 -0.0000000
v -0.0494782 0.0024000 0.0006123
v -0.0491314 0.0024000 0.0011314
v -0.0486123 0.0024000 0.0014782
v -0.0480000 0.0024000 0.0016000
v -0.0473877 0.0024000 0.0014782
v -0.0468686 0.0024000 0.0011314
v -0.0465218 0.0024000 0.0006123
v -0.0465218 0.0028130 -0.0006123
v -0.0464000 0.0028944 -0.0000000
v -0.0467754 0.0026435 -0.0009918
v -0.0468686 0.0026250 -0.0011314
v -0.0473877 0.0025218 -0.0014782
v -0.0486123 0.0025218 -0.0014782
v -0.0491314 0.0026250 -0.0011314
v -0.0492246 0.0026435 -0.0009918
v -0.0494782 0.0028130 -0.0006123
v -0.0496000 0.0028944 -0.0000000
v -0.0494782 0.0028130 0.0006123
v -0.0492246 0.0026435 0.0009918
v -0.0491314 0.0026250 0.0011314
v -0.0486123 0.0025218 0.0014782
v -0.0473877 0.0025218 0.0014782
v -0.0468686 0.0026250 0.0011314
v -0.0467754 0.0026435 0.0009918
v -0.0465218 0.0028130 0.0006123
v 0.0014782 0.0028130 -0.0006123
v 0.0016000 0.0028944 -0.0000000
v 0.0012246 0.0026435 -0.0009918
v 0.0011314 0.0026250 -0.0011314
v 0.0006123 0.0025218 -0.0014782
v -0.0006123 0.0025218 -0.0014782
v -0.0011314 0.0026250 -0.0011314
v -0.0012246 0.0026435 -0.0009918
v -0.0014782 0.0028130 -0.0006123
v -0.0016000 0.0028944 -0.0000000
v -0.0014782 0.0028130 0.0006123
v -0.0012246 0.0026435 0.0009918
v -0.0011314 0.0026250 0.0011314
v -0.0006123 0.0025218 0.0014782
v 0.0006123 0.0025218 0.0014782
v 0.0011314 0.0026250 0.0011314
v 0.0012246 0.0026435 0.0009918
v 0.0014782 0.0028130 0.0006123
v 0.0094782 0.0028130 -0.0006123
v 0.0096000 0.0028944 -0.0000000
v 0.0092246 0.0026435 -0.0009918
v 0.0091314 0.0026250 -0.0011314
v 0.0086123 0.0025218 -0.0014782
v 0.0073877 0.0025218 -0.0014782
v 0.0068686 0.0026250 -0.0011314
v 0.0067754 0.0026435 -0.0009918
v 0.0065218 0.0028130 -0.0006123
v 0.0064000 0.0028944 -0.0000000
v 0.0065218 0.0028130 0.0006123
v 0.0067754 0.0026435 0.0009918
v 0.0068686 0.0026250 0.0011314
v 0.0073877 0.0025218 0.0014782
v 0.0086123 0.0025218 0.0014782
v 0.0091314 0.0026250 0.0011314
v 0.0092246 0.0026435 0.0009918
v 0.0094782 0.0028130 0.0006123
v 0.0174782 0.0000000 -0.0006123
v 0.0176000 0.0000000 -0.0000000
v 0.0160000 0.0000000 -0.0000000
v 0.0171314 0.0000000 -0.0011314
v 0.0166123 0.0000000 -0.0014782
v 0.0160000 0.0000000 -0.0016000
v 0.0153877 0.0000000 -0.0014782
v 0.0148686 0.0000000 -0.0011314
v 0.0145218 0.0000000 -0.0006123
v 0.0144000 0.0000000 -0.0000000
v 0.0145218 0.0000000 0.0006123
v 0.0148686 0.0000000 0.0011314
v 0.0153877 0.0000000 0.0014782
v 0.0160000 0.0000000 0.0016000
v 0.0166123 0.0000000 0.0014782
v 0.0171314 0.0000000 0.0011314
v 0.0174782 0.0000000 0.0006123
v 0.0174782 0.0024000 -0.0006123
v 0.0176000 0.0024000 -0.0000000
v 0.0171314 0.0024000 -0.0011314
v 0.0166123 0.0024000 -0.0014782
v 0.0160000 0.0024000 -0.0016000
v 0.0153877 0.0024000 -0.0014782
v 0.0148686 0.0024000 -0.0011314
v 0.0145218 0.0024000 -0.0006123
v 0.0144000 0.0024000 -0.0000000
v 0.0145218 0.0024000 0.0006123
v 0.0148686 0.0024000 0.0011314
v 0.0153877 0.0024000 0.0014782
v 0.0160000 0.0024000 0.0016000
v 0.0166123 0.0024000 0.0014782
v 0.0171314 0.0024000 0.0011314
v 0.0174782 0.0024000 0.0006123
v 0.0174782 0.0028130 -0.0006123
v 0.0176000 0.0028944 -0.0000000
v 0.0172246 0.0026435 -0.0009918
v 0.0171314 0.0026250 -0.0011314
v 0.0166123 0.0025218 -0.0014782
v 0.0153877 0.0025218 -0.0014782
v 0.0148686 0.0026250 -0.0011314
v 0.0147754 0.0026435 -0.0009918
v 0.0145218 0.0028130 -0.0006123
v 0.0144000 0.0028944 -0.0000000
v 0.0145218 0.0028130 0.0006123
v 0.0147754 0.0026435 0.0009918
v 0.0148686 0.0026250 0.0011314
v 0.0153877 0.0025218 0.0014782
v 0.0166123 0.0025218 0.0014782
v 0.0171314 0.0026250 0.0011314
v 0.0172246 0.0026435 0.0009918
v 0.0174782 0.0028130 0.0006123
v 0.0254782 0.0000000 -0.0006123
v 0.0256000 0.0000000 -0.0000000
v 0.0240000 0.0000000 -0.0000000
v 0.0251314 0.0000000 -0.0011314
v 0.0246123 0.0000000 -0.0014782
v 0.0240000 0.0000000 -0.0016000
v 0.0233877 0.0000000 -0.0014782
v 0.0228686 0.0000000 -0.0011314
v 0.0225218 0.0000000 -0.0006123
v 0.0224000 0.0000000 -0.0000000
v 0.0225218 0.0000000 0.0006123
v 0.0228686 0.0000000 0.0011314
v 0.0233877 0.0000000 0.0014782
v 0.0240000 0.0000000 0.0016000
v 0.0246123 0.0000000 0.0014782
v 0.0251314 0.0000000 0.0011314
v 0.0254782 0.0000000 0.0006123
v 0.0254782 0.0024000 -0.0006123
v 0.0256000 0.0024000 -0.0000000
v 0.0251314 0.0024000 -0.0011314
v 0.0246123 0.0024000 -0.0014782
v 0.0240000 0.0024000 -0.0016000
v 0.0233877 0.0024000 -0.0014782
v 0.0228686 0.0024000 -0.0011314
v 0.0225218 0.0024000 -0.0006123
v 0.0224000 0.0024000 -0.0000000
v 0.0225218 0.0024000 0.0006123
v 0.0228686 0.0024000 0.0011314
v 0.0233877 0.0024000 0.0014782
v 0.0240000 0.0024000 0.0016000
v 0.0246123 0.0024000 0.0014782
v 0.0251314 0.0024000 0.0011314
v 0.0254782 0.0024000 0.0006123
v 0.0254782 0.0028130 -0.0006123
v 0.0256000 0.0028944 -0.0000000
v 0.0252246 0.0026435 -0.0009918
v 0.0251314 0.0026250 -0.0011314
v 0.0246123 0.0025218 -0.0014782
v 0.0233877 0.0025218 -0.0014782
v 0.0228686 0.0026250 -0.0011314
v 0.0227754 0.0026435 -0.0009918
v 0.0225218 0.0028130 -0.0006123
v 0.0224000 0.0028944 -0.0000000
v 0.0225218 0.0028130 0.0006123
v 0.0227754 0.0026435 0.0009918
v 0.0228686 0.0026250 0.0011314
v 0.0233877 0.0025218 0.0014782
v 0.0246123 0.0025218 0.0014782
v 0.0251314 0.0026250 0.0011314
v 0.0252246 0.0026435 0.0009918
v 0.0254782 0.0028130 0.0006123
v 0.0334782 0.0000000 -0.0006123
v 0.0336000 0.0000000 -0.0000000
v 0.0320000 0.0000000 -0.0000000
v 0.0331314 0.0000000 -0.0011314
v 0.0326123 0.0000000 -0.0014782
v 0.0320000 0.0000000 -0.0016000
v 0.0313877 0.0000000 -0.0014782
v 0.0308686 0.0000000 -0.0011314
v 0.0305218 0.0000000 -0.0006123
v 0.0304000 0.0000000 -0.0000000
v 0.0305218 0.0000000 0.0006123
v 0.0308686 0.0000000 0.0011314
v 0.0313877 0.0000000 0.0014782
v 0.0320000 0.0000000 0.0016000
v 0.0326123 0.0000000 0.0014782
v 0.0331314 0.0000000 0.0011314
v 0.0334782 0.0000000 0.0006123
v 0.0334782 0.0024000 -0.0006123
v 0.0336000 0.0024000 -0.0000000
v 0.0331314 0.0024000 -0.0011314
v 0.0326123 0.0024000 -0.0014782
v 0.0320000 0.0024000 -0.0016000
v 0.0313877 0.0024000 -0.0014782
v 0.0308686 0.0024000 -0.0011314
v 0.0305218 0.0024000 -0.0006123
v 0.0304000 0.0024000 -0.0000000
v 0.0305218 0.0024000 0.0006123
v 0.0308686 0.0024000 0.0011314
v 0.0313877 0.0024000 0.0014782
v 0.0320000 0.0024000 0.0016000
v 0.0326123 0.0024000 0.0014782
v 0.0331314 0.0024000 0.0011314
v 0.0334782 0.0024000 0.0006123
v 0.0334782 0.0028130 -0.0006123
v 0.0336000 0.0028944 -0.0000000
v 0.0332246 0.0026435 -0.0009918
v 0.0331314 0.0026250 -0.0011314
v 0.0326123 0.0025218 -0.0014782
v 0.0313877 0.0025218 -0.0014782
v 0.0308686 0.0026250 -0.0011314
v 0.0307754 0.0026435 -0.0009918
v 0.0305218 0.0028130 -0.0006123
v 0.0304000 0.0028944 -0.0000000
v 0.0305218 0.0028130 0.0006123
v 0.0307754 0.0026435 0.0009918
v 0.0308686 0.0026250 0.0011314
v 0.0313877 0.0025218 0.0014782
v 0.0326123 0.0025218 0.0014782
v 0.0331314 0.0026250 0.0011314
v 0.0332246 0.0026435 0.0009918
v 0.0334782 0.0028130 0.0006123
v 0.0414782 0.0000000 -0.0006123
v 0.0416000 0.0000000 -0.0000000
v 0.0400000 0.0000000 -0.0000000
v 0.0411314 0.0000000 -0.0011314
v 0.0406123 0.0000000 -0.0014782
v 0.0400000 0.0000000 -0.0016000
v 0.0393877 0.0000000 -0.0014782
v 0.0388686 0.0000000 -0.0011314
v 0.0385218 0.0000000 -0.0006123
v 0.0384000 0.0000000 -0.0000000
v 0.0385218 0.0000000 0.0006123
v 0.0388686 0.0000000 0.0011314
v 0.0393877 0.0000000 0.0014782
v 0.0400000 0.0000000 0.0016000
v 0.0406123 0.0000000 0.0014782
v 0.0411314 0.0000000 0.0011314
v 0.0414782 0.0000000 0.0006123
v 0.0414782 0.0024000 -0.0006123
v 0.0416000 0.0024000 -0.0000000
v 0.0411314 0.0024000 -0.0011314
v 0.0406123 0.0024000 -0.0014782
v 0.0400000 0.0024000 -0.0016000
v 0.0393877 0.0024000 -0.0014782
v 0.0388686 0.0024000 -0.0011314
v 0.0385218 0.0024000 -0.0006123
v 0.0384000 0.0024000 -0.0000000
v 0.0385218 0.0024000 0.0006123
v 0.0388686 0.0024000 0.0011314
v 0.0393877 0.0024000 0.0014782
v 0.0400000 0.0024000 0.0016000
v 0.0406123 0.0024000 0.0014782
v 0.0411314 0.0024000 0.0011314
v 0.0414782 0.0024000 0.0006123
v 0.0414782 0.0028130 -0.0006123
v 0.0416000 0.0028944 -0.0000000
v 0.0412246 0.0026435 -0.0009918
v 0.0411314 0.0026250 -0.0011314
v 0.0406123 0.0025218 -0.0014782
v 0.0393877 0.0025218 -0.0014782
v 0.0388686 0.0026250 -0.0011314
v 0.0387754 0.0026435 -0.0009918
v 0.0385218 0.0028130 -0.0006123
v 0.0384000 0.0028944 -0.0000000
v 0.0385218 0.0028130 0.0006123
v 0.0387754 0.0026435 0.0009918
v 0.0388686 0.0026250 0.0011314
v 0.0393877 0.0025218 0.0014782
v 0.0406123 0.0025218 0.0014782
v 0.0411314 0.0026250 0.0011314
v 0.0412246 0.0026435 0.0009918
v 0.0414782 0.0028130 0.0006123
v 0.0494782 0.0000000 -0.0006123
v 0.0496000 0.0000000 -0.0000000
v 0.0480000 0.0000000 -0.0000000
v 0.0491314 0.0000000 -0.0011314
v 0.0486123 0.0000000 -0.0014782
v 0.0480000 0.0000000 -0.0016000
v 0.0473877 0.0000000 -0.0014782
v 0.0468686 0.0000000 -0.0011314
v 0.0465218 0.0000000 -0.0006123
v 0.0464000 0.0000000 -0.0000000
v 0.0465218 0.0000000 0.0006123
v 0.0468686 0.0000000 0.0011314
v 0.0473877 0.0000000 0.0014782
v 0.0480000 0.0000000 0.0016000
v 0.0486123 0.0000000 0.0014782
v 0.0491314 0.0000000 0.0011314
v 0.0494782 0.0000000 0.0006123
v 0.0494782 0.0024000 -0.0006123
v 0.0496000 0.0024000 -0.0000000
v 0.0491314 0.0024000 -0.0011314
v 0.0486123 0.0024000 -0.0014782
v 0.0480000 0.0024000 -0.0016000
v 0.0473877 0.0024000 -0.0014782
v 0.0468686 0.0024000 -0.0011314
v 0.0465218 0.0024000 -0.0006123
v 0.0464000 0.0024000 -0.0000000
v 0.0465218 0.0024000 0.0006123
v 0.0468686 0.0024000 0.0011314
v 0.0473877 0.0024000 0.0014782
v 0.0480000 0.0024000 0.0016000
v 0.0486123 0.0024000 0.0014782
v 0.0491314 0.0024000 0.0011314
v 0.0494782 0.0024000 0.0006123
v 0.0494782 0.0028130 -0.0006123
v 0.0496000 0.0028944 -0.0000000
v 0.0492246 0.0026435 -0.0009918
v 0.0491314 0.0026250 -0.0011314
v 0.0486123 0.0025218 -0.0014782
v 0.0473877 0.0025218 -0.0014782
v 0.0468686 0.0026250 -0.0011314
v 0.0467754 0.0026435 -0.0009918
v 0.0465218 0.0028130 -0.0006123
v 0.0464000 0.0028944 -0.0000000
v 0.0465218 0.0028130 0.0006123
v 0.0467754 0.0026435 0.0009918
v 0.0468686 0.0026250 0.0011314
v 0.0473877 0.0025218 0.0014782
v 0.0486123 0.0025218 0.0014782
v 0.0491314 0.0026250 0.0011314
v 0.0492246 0.0026435 0.0009918
v 0.0494782 0.0028130 0.0006123
v 0.0067754 0.0026435 -0.0032000
v 0.0070815 0.0033826 -0.0032000
v 0.0080000 0.0032000 -0.0032000
v 0.0080000 0.0024000 -0.0032000
v 0.0057373 0.0033373 -0.0032000
v 0.0063030 0.0039030 -0.0032000
v 0.0050435 0.0043754 -0.0032000
v 0.0057826 0.0046815 -0.0032000
v 0.0048000 0.0056000 -0.0032000
v 0.0056000 0.0056000 -0.0032000
v 0.0050435 0.0068246 -0.0032000
v 0.0057826 0.0065185 -0.0032000
v 0.0057373 0.0078627 -0.0032000
v 0.0063030 0.0072970 -0.0032000
v 0.0067754 0.0085565 -0.0032000
v 0.0070815 0.0078174 -0.0032000
v 0.0080000 0.0088000 -0.0032000
v 0.0080000 0.0080000 -0.0032000
v 0.0092246 0.0085565 -0.0032000
v 0.0089185 0.0078174 -0.0032000
v 0.0102627 0.0078627 -0.0032000
v 0.0096970 0.0072970 -0.0032000
v 0.0109565 0.0068246 -0.0032000
v 0.0102174 0.0065185 -0.0032000
v 0.0112000 0.0056000 -0.0032000
v 0.0104000 0.0056000 -0.0032000
v 0.0109565 0.0043754 -0.0032000
v 0.0102174 0.0046815 -0.0032000
v 0.0102627 0.0033373 -0.0032000
v 0.0096970 0.0039030 -0.0032000
v 0.0092246 0.0026435 -0.0032000
v 0.0089185 0.0033826 -0.0032000
v 0.0109565 0.0043754 -0.0040000
v 0.0112000 0.0056000 -0.0040000
v 0.0102627 0.0033373 -0.0040000
v 0.0092246 0.0026435 -0.0040000
v 0.0080000 0.0024000 -0.0040000
v 0.0067754 0.0026435 -0.0040000
v 0.0057373 0.0033373 -0.0040000
v 0.0050435 0.0043754 -0.0040000
v 0.0048000 0.0056000 -0.0040000
v 0.0050435 0.0068246 -0.0040000
v 0.0057373 0.0078627 -0.0040000
v 0.0067754 0.0085565 -0.0040000
v 0.0080000 0.0088000 -0.0040000
v 0.0092246 0.0085565 -0.0040000
v 0.0102627 0.0078627 -0.0040000
v 0.0109565 0.0068246 -0.0040000
v 0.0080000 0.0032000 0.0032000
v 0.0070815 0.0033826 0.0032000
v 0.0067754 0.0026435 0.0032000
v 0.0080000 0.0024000 0.0032000
v 0.0063030 0.0039030 0.0032000
v 0.0057373 0.0033373 0.0032000
v 0.0057826 0.0046815 0.0032000
v 0.0050435 0.0043754 0.0032000
v 0.0056000 0.0056000 0.0032000
v 0.0048000 0.0056000 0.0032000
v 0.0057826 0.0065185 0.0032000
v 0.0050435 0.0068246 0.0032000
v 0.0063030 0.0072970 0.0032000
v 0.0057373 0.0078627 0.0032000
v 0.0070815 0.0078174 0.0032000
v 0.0067754 0.0085565 0.0032000
v 0.0080000 0.0080000 0.0032000
v 0.0080000 0.0088000 0.0032000
v 0.0089185 0.0078174 0.0032000
v 0.0092246 0.0085565 0.0032000
v 0.0096970 0.0072970 0.0032000
v 0.0102627 0.0078627 0.0032000
v 0.0102174 0.0065185 0.0032000
v 0.0109565 0.0068246 0.0032000
v 0.0104000 0.0056000 0.0032000
v 0.0112000 0.0056000 0.0032000
v 0.0102174 0.0046815 0.0032000
v 0.0109565 0.0043754 0.0032000
v 0.0096970 0.0039030 0.0032000
v 0.0102627 0.0033373 0.0032000
v 0.0089185 0.0033826 0.0032000
v 0.0092246 0.0026435 0.0032000
v 0.0109565 0.0043754 0.0040000
v 0.0112000 0.0056000 0.0040000
v 0.0102627 0.0033373 0.0040000
v 0.0092246 0.0026435 0.0040000
v 0.0080000 0.0024000 0.0040000
v 0.0067754 0.0026435 0.0040000
v 0.0057373 0.0033373 0.0040000
v 0.0050435 0.0043754 0.0040000
v 0.0048000 0.0056000 0.0040000
v 0.0050435 0.0068246 0.0040000
v 0.0057373 0.0078627 0.0040000
v 0.0067754 0.0085565 0.0040000
v 0.0080000 0.0088000 0.0040000
v 0.0092246 0.0085565 0.0040000
v 0.0102627 0.0078627 0.0040000
v 0.0109565 0.0068246 0.0040000
v 0.0147754 0.0026435 -0.0032000
v 0.0150815 0.0033826 -0.0032000
v 0.0160000 0.0032000 -0.0032000
v 0.0160000 0.0024000 -0.0032000
v 0.0137373 0.0033373 -0.0032000
v 0.0143030 0.0039030 -0.0032000
v 0.0130435 0.0043754 -0.0032000
v 0.0137826 0.0046815 -0.0032000
v 0.0128000 0.0056000 -0.0032000
v 0.0136000 0.0056000 -0.0032000
v 0.0130435 0.0068246 -0.0032000
v 0.0137826 0.0065185 -0.0032000
v 0.0137373 0.0078627 -0.0032000
v 0.0143030 0.0072970 -0.0032000
v 0.0147754 0.0085565 -0.0032000
v 0.0150815 0.0078174 -0.0032000
v 0.0160000 0.0088000 -0.0032000
v 0.0160000 0.0080000 -0.0032000
v 0.0172246 0.0085565 -0.0032000
v 0.0169185 0.0078174 -0.0032000
v 0.0182627 0.0078627 -0.0032000
v 0.0176970 0.0072970 -0.0032000
v 0.0189565 0.0068246 -0.0032000
v 0.0182174 0.0065185 -0.0032000
v 0.0192000 0.0056000 -0.0032000
v 0.0184000 0.0056000 -0.0032000
v 0.0189565 0.0043754 -0.0032000
v 0.0182174 0.0046815 -0.0032000
v 0.0182627 0.0033373 -0.0032000
v 0.0176970 0.0039030 -0.0032000
v 0.0172246 0.0026435 -0.0032000
v 0.0169185 0.0033826 -0.0032000
v 0.0189565 0.0043754 -0.0040000
v 0.0192000 0.0056000 -0.0040000
v 0.0182627 0.0033373 -0.0040000
v 0.0172246 0.0026435 -0.0040000
v 0.0160000 0.0024000 -0.0040000
v 0.0147754 0.0026435 -0.0040000
v 0.0137373 0.0033373 -0.0040000
v 0.0130435 0.0043754 -0.0040000
v 0.0128000 0.0056000 -0.0040000
v 0.0130435 0.0068246 -0.0040000
v 0.0137373 0.0078627 -0.0040000
v 0.0147754 0.0085565 -0.0040000
v 0.0160000 0.0088000 -0.0040000
v 0.0172246 0.0085565 -0.0040000
v 0.0182627 0.0078627 -0.0040000
v 0.0189565 0.0068246 -0.0040000
v 0.0160000 0.0032000 0.0032000
v 0.0150815 0.0033826 0.0032000
v 0.0147754 0.0026435 0.0032000
v 0.0160000 0.0024000 0.0032000
v 0.0143030 0.0039030 0.0032000
v 0.0137373 0.0033373 0.0032000
v 0.0137826 0.0046815 0.0032000
v 0.0130435 0.0043754 0.0032000
v 0.0136000 0.0056000 0.0032000
v 0.0128000 0.0056000 0.0032000
v 0.0137826 0.0065185 0.0032000
v 0.0130435 0.0068246 0.0032000
v 0.0143030 0.0072970 0.0032000
v 0.0137373 0.0078627 0.0032000
v 0.0150815 0.0078174 0.0032000
v 0.0147754 0.0085565 0.0032000
v 0.0160000 0.0080000 0.0032000
v 0.0160000 0.0088000 0.0032000
v 0.0169185 0.0078174 0.0032000
v 0.0172246 0.0085565 0.0032000
v 0.0176970 0.0072970 0.0032000
v 0.0182627 0.0078627 0.0032000
v 0.0182174 0.0065185 0.0032000
v 0.0189565 0.0068246 0.0032000
v 0.0184000 0.0056000 0.0032000
v 0.0192000 0.0056000 0.0032000
v 0.0182174 0.0046815 0.0032000
v 0.0189565 0.0043754 0.0032000
v 0.0176970 0.0039030 0.0032000
v 0.0182627 0.0033373 0.0032000
v 0.0169185 0.0033826 0.0032000
v 0.0172246 0.0026435 0.0032000
v 0.0189565 0.0043754 0.0040000
v 0.0192000 0.0056000 0.0040000
v 0.0182627 0.0033373 0.0040000
v 0.0172246 0.0026435 0.0040000
v 0.0160000 0.0024000 0.0040000
v 0.0147754 0.0026435 0.0040000
v 0.0137373 0.0033373 0.0040000
v 0.0130435 0.0043754 0.0040000
v 0.0128000 0.0056000 0.0040000
v 0.0130435 0.0068246 0.0040000
v 0.0137373 0.0078627 0.0040000
v 0.0147754 0.0085565 0.0040000
v 0.0160000 0.0088000 0.0040000
v 0.0172246 0.0085565 0.0040000
v 0.0182627 0.0078627 0.0040000
v 0.0189565 0.0068246 0.0040000
v 0.0227754 0.0026435 -0.0032000
v 0.0230815 0.0033826 -0.0032000
v 0.0240000 0.0032000 -0.0032000
v 0.0240000 0.0024000 -0.0032000
v 0.0217373 0.0033373 -0.0032000
v 0.0223030 0.0039030 -0.0032000
v 0.0210435 0.0043754 -0.0032000
v 0.0217826 0.0046815 -0.0032000
v 0.0208000 0.0056000 -0.0032000
v 0.0216000 0.0056000 -0.0032000
v 0.0210435 0.0068246 -0.0032000
v 0.0217826 0.0065185 -0.0032000
v 0.0217373 0.0078627 -0.0032000
v 0.0223030 0.0072970 -0.0032000
v 0.0227754 0.0085565 -0.0032000
v 0.0230815 0.0078174 -0.0032000
v 0.0240000 0.0088000 -0.0032000
v 0.0240000 0.0080000 -0.0032000
v 0.0252246 0.0085565 -0.0032000
v 0.0249185 0.0078174 -0.0032000
v 0.0262627 0.0078627 -0.0032000
v 0.0256970 0.0072970 -0.0032000
v 0.0269565 0.0068246 -0.0032000
v 0.0262174 0.0065185 -0.0032000
v 0.0272000 0.0056000 -0.0032000
v 0.0264000 0.0056000 -0.0032000
v 0.0269565 0.0043754 -0.0032000
v 0.0262174 0.0046815 -0.0032000
v 0.0262627 0.0033373 -0.0032000
v 0.0256970 0.0039030 -0.0032000
v 0.0252246 0.0026435 -0.0032000
v 0.0249185 0.0033826 -0.0032000
v 0.0269565 0.0043754 -0.0040000
v 0.0272000 0.0056000 -0.0040000
v 0.0262627 0.0033373 -0.0040000
v 0.0252246 0.0026435 -0.0040000
v 0.0240000 0.0024000 -0.0040000
v 0.0227754 0.0026435 -0.0040000
v 0.0217373 0.0033373 -0.0040000
v 0.0210435 0.0043754 -0.0040000
v 0.0208000 0.0056000 -0.0040000
v 0.0210435 0.0068246 -0.0040000
v 0.0217373 0.0078627 -0.0040000
v 0.0227754 0.0085565 -0.0040000
v 0.0240000 0.0088000 -0.0040000
v 0.0252246 0.0085565 -0.0040000
v 0.0262627 0.0078627 -0.0040000
v 0.0269565 0.0068246 -0.0040000
v 0.0240000 0.0032000 0.0032000
v 0.0230815 0.0033826 0.0032000
v 0.0227754 0.0026435 0.0032000
v 0.0240000 0.0024000 0.0032000
v 0.0223030 0.0039030 0.0032000
v 0.0217373 0.0033373 0.0032000
v 0.0217826 0.0046815 0.0032000
v 0.0210435 0.0043754 0.0032000
v 0.0216000 0.0056000 0.0032000
v 0.0208000 0.0056000 0.0032000
v 0.0217826 0.0065185 0.0032000
v 0.0210435 0.0068246 0.0032000
v 0.0223030 0.0072970 0.0032000
v 0.0217373 0.0078627 0.0032000
v 0.0230815 0.0078174 0.0032000
v 0.0227754 0.0085565 0.0032000
v 0.0240000 0.0080000 0.0032000
v 0.0240000 0.0088000 0.0032000
v 0.0249185 0.0078174 0.0032000
v 0.0252246 0.0085565 0.0032000
v 0.0256970 0.0072970 0.0032000
v 0.0262627 0.0078627 0.0032000
v 0.0262174 0.0065185 0.0032000
v 0.0269565 0.0068246 0.0032000
v 0.0264000 0.0056000 0.0032000
v 0.0272000 0.0056000 0.0032000
v 0.0262174 0.0046815 0.0032000
v 0.0269565 0.0043754 0.0032000
v 0.0256970 0.0039030 0.0032000
v 0.0262627 0.0033373 0.0032000
v 0.0249185 0.0033826 0.0032000
v 0.0252246 0.0026435 0.0032000
v 0.0269565 0.0043754 0.0040000
v 0.0272000 0.0056000 0.0040000
v 0.0262627 0.0033373 0.0040000
v 0.0252246 0.0026435 0.0040000
v 0.0240000 0.0024000 0.0040000
v 0.0227754 0.0026435 0.0040000
v 0.0217373 0.0033373 0.0040000
v 0.0210435 0.0043754 0.0040000
v 0.0208000 0.0056000 0.0040000
v 0.0210435 0.0068246 0.0040000
v 0.0217373 0.0078627 0.0040000
v 0.0227754 0.0085565 0.0040000
v 0.0240000 0.0088000 0.0040000
v 0.0252246 0.0085565 0.0040000
v 0.0262627 0.0078627 0.0040000
v 0.0269565 0.0068246 0.0040000
v 0.0307754 0.0026435 -0.0032000
v 0.0310815 0.0033826 -0.0032000
v 0.0320000 0.0032000 -0.0032000
v 0.0320000 0.0024000 -0.0032000
v 0.0297373 0.0033373 -0.0032000
v 0.0303030 0.0039030 -0.0032000
v 0.0290435 0.0043754 -0.0032000
v 0.0297826 0.0046815 -0.0032000
v 0.0288000 0.0056000 -0.0032000
v 0.0296000 0.0056000 -0.0032000
v 0.0290435 0.0068246 -0.0032000
v 0.0297826 0.0065185 -0.0032000
v 0.0297373 0.0078627 -0.0032000
v 0.0303030 0.0072970 -0.0032000
v 0.0307754 0.0085565 -0.0032000
v 0.0310815 0.0078174 -0.0032000
v 0.0320000 0.0088000 -0.0032000
v 0.0320000 0.0080000 -0.0032000
v 0.0332246 0.0085565 -0.0032000
v 0.0329185 0.0078174 -0.0032000
v 0.0342627 0.0078627 -0.0032000
v 0.0336970 0.0072970 -0.0032000
v 0.0349565 0.0068246 -0.0032000
v 0.0342174 0.0065185 -0.0032000
v 0.0352000 0.0056000 -0.0032000
v 0.0344000 0.0056000 -0.0032000
v 0.0349565 0.0043754 -0.0032000
v 0.0342174 0.0046815 -0.0032000
v 0.0342627 0.0033373 -0.0032000
v 0.0336970 0.0039030 -0.0032000
v 0.0332246 0.0026435 -0.0032000
v 0.0329185 0.0033826 -0.0032000
v 0.0349565 0.0043754 -0.0040000
v 0.0352000 0.0056000 -0.0040000
v 0.0342627 0.0033373 -0.0040000
v 0.0332246 0.0026435 -0.0040000
v 0.0320000 0.0024000 -0.0040000
v 0.0307754 0.0026435 -0.0040000
v 0.0297373 0.0033373 -0.0040000
v 0.0290435 0.0043754 -0.0040000
v 0.0288000 0.0056000 -0.0040000
v 0.0290435 0.0068246 -0.0040000
v 0.0297373 0.0078627 -0.0040000
v 0.0307754 0.0085565 -0.0040000
v 0.0320000 0.0088000 -0.0040000
v 0.0332246 0.0085565 -0.0040000
v 0.0342627 0.0078627 -0.0040000
v 0.0349565 0.0068246 -0.0040000
v 0.0320000 0.0032000 0.0032000
v 0.0310815 0.0033826 0.0032000
v 0.0307754 0.0026435 0.0032000
v 0.0320000 0.0024000 0.0032000
v 0.0303030 0.0039030 0.0032000
v 0.0297373 0.0033373 0.0032000
v 0.0297826 0.0046815 0.0032000
v 0.0290435 0.0043754 0.0032000
v 0.0296000 0.0056000 0.0032000
v 0.0288000 0.0056000 0.0032000
v 0.0297826 0.0065185 0.0032000
v 0.0290435 0.0068246 0.0032000
v 0.0303030 0.0072970 0.0032000
v 0.0297373 0.0078627 0.0032000
v 0.0310815 0.0078174 0.0032000
v 0.0307754 0.0085565 0.0032000
v 0.0320000 0.0080000 0.0032000
v 0.0320000 0.0088000 0.0032000
v 0.0329185 0.0078174 0.0032000
v 0.0332246 0.0085565 0.0032000
v 0.0336970 0.0072970 0.0032000
v 0.0342627 0.0078627 0.0032000
v 0.0342174 0.0065185 0.0032000
v 0.0349565 0.0068246 0.0032000
v 0.0344000 0.0056000 0.0032000
v 0.0352000 0.0056000 0.0032000
v 0.0342174 0.0046815 0.0032000
v 0.0349565 0.0043754 0.0032000
v 0.0336970 0.0039030 0.0032000
v 0.0342627 0.0033373 0.0032000
v 0.0329185 0.0033826 0.0032000
v 0.0332246 0.0026435 0.0032000
v 0.0349565 0.0043754 0.0040000
v 0.0352000 0.0056000 0.0040000
v 0.0342627 0.0033373 0.0040000
v 0.0332246 0.0026435 0.0040000
v 0.0320000 0.0024000 0.0040000
v 0.0307754 0.0026435 0.0040000
v 0.0297373 0.0033373 0.0040000
v 0.0290435 0.0043754 0.0040000
v 0.0288000 0.0056000 0.0040000
v 0.0290435 0.0068246 0.0040000
v 0.0297373 0.0078627 0.0040000
v 0.0307754 0.0085565 0.0040000
v 0.0320000 0.0088000 0.0040000
v 0.0332246 0.0085565 0.0040000
v 0.0342627 0.0078627 0.0040000
v 0.0349565 0.0068246 0.0040000
v 0.0387754 0.0026435 -0.0032000
v 0.0390815 0.0033826 -0.0032000
v 0.0400000 0.0032000 -0.0032000
v 0.0400000 0.0024000 -0.0032000
v 0.0377373 0.0033373 -0.0032000
v 0.0383030 0.0039030 -0.0032000
v 0.0370435 0.0043754 -0.0032000
v 0.0377826 0.0046815 -0.0032000
v 0.0368000 0.0056000 -0.0032000
v 0.0376000 0.0056000 -0.0032000
v 0.0370435 0.0068246 -0.0032000
v 0.0377826 0.0065185 -0.0032000
v 0.0377373 0.0078627 -0.0032000
v 0.0383030 0.0072970 -0.0032000
v 0.0387754 0.0085565 -0.0032000
v 0.0390815 0.0078174 -0.0032000
v 0.0400000 0.0088000 -0.0032000
v 0.0400000 0.0080000 -0.0032000
v 0.0412246 0.0085565 -0.0032000
v 0.0409185 0.0078174 -0.0032000
v 0.0422627 0.0078627 -0.0032000
v 0.0416970 0.0072970 -0.0032000
v 0.0429565 0.0068246 -0.0032000
v 0.0422174 0.0065185 -0.0032000
v 0.0432000 0.0056000 -0.0032000
v 0.0424000 0.0056000 -0.0032000
v 0.0429565 0.0043754 -0.0032000
v 0.0422174 0.0046815 -0.0032000
v 0.0422627 0.0033373 -0.0032000
v 0.0416970 0.0039030 -0.0032000
v 0.0412246 0.0026435 -0.0032000
v 0.0409185 0.0033826 -0.0032000
v 0.0429565 0.0043754 -0.0040000
v 0.0432000 0.0056000 -0.0040000
v 0.0422627 0.0033373 -0.0040000
v 0.0412246 0.0026435 -0.0040000
v 0.0400000 0.0024000 -0.0040000
v 0.0387754 0.0026435 -0.0040000
v 0.0377373 0.0033373 -0.0040000
v 0.0370435 0.0043754 -0.0040000
v 0.0368000 0.0056000 -0.0040000
v 0.0370435 0.0068246 -0.0040000
v 0.0377373 0.0078627 -0.0040000
v 0.0387754 0.0085565 -0.0040000
v 0.0400000 0.0088000 -0.0040000
v 0.0412246 0.0085565 -0.0040000
v 0.0422627 0.0078627 -0.0040000
v 0.0429565 0.0068246 -0.0040000
v 0.0400000 0.0032000 0.0032000
v 0.0390815 0.0033826 0.0032000
v 0.0387754 0.0026435 0.0032000
v 0.0400000 0.0024000 0.0032000
v 0.0383030 0.0039030 0.0032000
v 0.0377373 0.0033373 0.0032000
v 0.0377826 0.0046815 0.0032000
v 0.0370435 0.0043754 0.0032000
v 0.0376000 0.0056000 0.0032000
v 0.0368000 0.0056000 0.0032000
v 0.0377826 0.0065185 0.0032000
v 0.0370435 0.0068246 0.0032000
v 0.0383030 0.0072970 0.0032000
v 0.0377373 0.0078627 0.0032000
v 0.0390815 0.0078174 0.0032000
v 0.0387754 0.0085565 0.0032000
v 0.0400000 0.0080000 0.0032000
v 0.0400000 0.0088000 0.0032000
v 0.0409185 0.0078174 0.0032000
v 0.0412246 0.0085565 0.0032000
v 0.0416970 0.0072970 0.0032000
v 0.0422627 0.0078627 0.0032000
v 0.0422174 0.0065185 0.0032000
v 0.0429565 0.0068246 0.0032000
v 0.0424000 0.0056000 0.0032000
v 0.0432000 0.0056000 0.0032000
v 0.0422174 0.0046815 0.0032000
v 0.0429565 0.0043754 0.0032000
v 0.0416970 0.0039030 0.0032000
v 0.0422627 0.0033373 0.0032000
v 0.0409185 0.0033826 0.0032000
v 0.0412246 0.0026435 0.0032000
v 0.0429565 0.0043754 0.0040000
v 0.0432000 0.0056000 0.0040000
v 0.0422627 0.0033373 0.0040000
v 0.0412246 0.0026435 0.0040000
v 0.0400000 0.0024000 0.0040000
v 0.0387754 0.0026435 0.0040000
v 0.0377373 0.0033373 0.0040000
v 0.0370435 0.0043754 0.0040000
v 0.0368000 0.0056000 0.0040000
v 0.0370435 0.0068246 0.0040000
v 0.0377373 0.0078627 0.0040000
v 0.0387754 0.0085565 0.0040000
v 0.0400000 0.0088000 0.0040000
v 0.0412246 0.0085565 0.0040000
v 0.0422627 0.0078627 0.0040000
v 0.0429565 0.0068246 0.0040000
v 0.0467754 0.0026435 -0.0032000
v 0.0470815 0.0033826 -0.0032000
v 0.0480000 0.0032000 -0.0032000
v 0.0480000 0.0024000 -0.0032000
v 0.0457373 0.0033373 -0.0032000
v 0.0463030 0.0039030 -0.0032000
v 0.0450435 0.0043754 -0.0032000
v 0.0457826 0.0046815 -0.0032000
v 0.0448000 0.0056000 -0.0032000
v 0.0456000 0.0056000 -0.0032000
v 0.0450435 0.0068246 -0.0032000
v 0.0457826 0.0065185 -0.0032000
v 0.0457373 0.0078627 -0.0032000
v 0.0463030 0.0072970 -0.0032000
v 0.0467754 0.0085565 -0.0032000
v 0.0470815 0.0078174 -0.0032000
v 0.0480000 0.0088000 -0.0032000
v 0.0480000 0.0080000 -0.0032000
v 0.0492246 0.0085565 -0.0032000
v 0.0489185 0.0078174 -0.0032000
v 0.0502627 0.0078627 -0.0032000
v 0.0496970 0.0072970 -0.0032000
v 0.0509565 0.0068246 -0.0032000
v 0.0502174 0.0065185 -0.0032000
v 0.0512000 0.0056000 -0.0032000
v 0.0504000 0.0056000 -0.0032000
v 0.0509565 0.0043754 -0.0032000
v 0.0502174 0.0046815 -0.0032000
v 0.0502627 0.0033373 -0.0032000
v 0.0496970 0.0039030 -0.0032000
v 0.0492246 0.0026435 -0.0032000
v 0.0489185 0.0033826 -0.0032000
v 0.0509565 0.0043754 -0.0040000
v 0.0512000 0.0056000 -0.0040000
v 0.0502627 0.0033373 -0.0040000
v 0.0492246 0.0026435 -0.0040000
v 0.0480000 0.0024000 -0.0040000
v 0.0467754 0.0026435 -0.0040000
v 0.0457373 0.0033373 -0.0040000
v 0.0450435 0.0043754 -0.0040000
v 0.0448000 0.0056000 -0.0040000
v 0.0450435 0.0068246 -0.0040000
v 0.0457373 0.0078627 -0.0040000
v 0.0467754 0.0085565 -0.0040000
v 0.0480000 0.0088000 -0.0040000
v 0.0492246 0.0085565 -0.0040000
v 0.0502627 0.0078627 -0.0040000
v 0.0509565 0.0068246 -0.0040000
v 0.0480000 0.0032000 0.0032000
v 0.0470815 0.0033826 0.0032000
v 0.0467754 0.0026435 0.0032000
v 0.0480000 0.0024000 0.0032000
v 0.0463030 0.0039030 0.0032000
v 0.0457373 0.0033373 0.0032000
v 0.0457826 0.0046815 0.0032000
v 0.0450435 0.0043754 0.0032000
v 0.0456000 0.0056000 0.0032000
v 0.0448000 0.0056000 0.0032000
v 0.0457826 0.0065185 0.0032000
v 0.0450435 0.0068246 0.0032000
v 0.0463030 0.0072970 0.0032000
v 0.0457373 0.0078627 0.0032000
v 0.0470815 0.0078174 0.0032000
v 0.0467754 0.0085565 0.0032000
v 0.0480000 0.0080000 0.0032000
v 0.0480000 0.0088000 0.0032000
v 0.0489185 0.0078174 0.0032000
v 0.0492246 0.0085565 0.0032000
v 0.0496970 0.0072970 0.0032000
v 0.0502627 0.0078627 0.0032000
v 0.0502174 0.0065185 0.0032000
v 0.0509565 0.0068246 0.0032000
v 0.0504000 0.0056000 0.0032000
v 0.0512000 0.0056000 0.0032000
v 0.0502174 0.0046815 0.0032000
v 0.0509565 0.0043754 0.0032000
v 0.0496970 0.0039030 0.0032000
v 0.0502627 0.0033373 0.0032000
v 0.0489185 0.0033826 0.0032000
v 0.0492246 0.0026435 0.0032000
v 0.0509565 0.0043754 0.0040000
v 0.0512000 0.0056000 0.0040000
v 0.0502627 0.0033373 0.0040000
v 0.0492246 0.0026435 0.0040000
v 0.0480000 0.0024000 0.0040000
v 0.0467754 0.0026435 0.0040000
v 0.0457373 0.0033373 0.0040000
v 0.0450435 0.0043754 0.0040000
v 0.0448000 0.0056000 0.0040000
v 0.0450435 0.0068246 0.0040000
v 0.0457373 0.0078627 0.0040000
v 0.0467754 0.0085565 0.0040000
v 0.0480000 0.0088000 0.0040000
v 0.0492246 0.0085565 0.0040000
v 0.0502627 0.0078627 0.0040000
v 0.0509565 0.0068246 0.0040000
v -0.0012246 0.0026435 -0.0032000
v -0.0009185 0.0033826 -0.0032000
v 0.0000000 0.0032000 -0.0032000
v 0.0000000 0.0024000 -0.0032000
v -0.0022627 0.0033373 -0.0032000
v -0.0016970 0.0039030 -0.0032000
v -0.0029565 0.0043754 -0.0032000
v -0.0022174 0.0046815 -0.0032000
v -0.0032000 0.0056000 -0.0032000
v -0.0024000 0.0056000 -0.0032000
v -0.0029565 0.0068246 -0.0032000
v -0.0022174 0.0065185 -0.0032000
v -0.0022627 0.0078627 -0.0032000
v -0.0016970 0.0072970 -0.0032000
v -0.0012246 0.0085565 -0.0032000
v -0.0009185 0.0078174 -0.0032000
v 0.0000000 0.0088000 -0.0032000
v 0.0000000 0.0080000 -0.0032000
v 0.0012246 0.0085565 -0.0032000
v 0.0009185 0.0078174 -0.0032000
v 0.0022627 0.0078627 -0.0032000
v 0.0016970 0.0072970 -0.0032000
v 0.0029565 0.0068246 -0.0032000
v 0.0022174 0.0065185 -0.0032000
v 0.0032000 0.0056000 -0.0032000
v 0.0024000 0.0056000 -0.0032000
v 0.0029565 0.0043754 -0.0032000
v 0.0022174 0.0046815 -0.0032000
v 0.0022627 0.0033373 -0.0032000
v 0.0016970 0.0039030 -0.0032000
v 0.0012246 0.0026435 -0.0032000
v 0.0009185 0.0033826 -0.0032000
v 0.0029565 0.0043754 -0.0040000
v 0.0032000 0.0056000 -0.0040000
v 0.0022627 0.0033373 -0.0040000
v 0.0012246 0.0026435 -0.0040000
v 0.0000000 0.0024000 -0.0040000
v -0.0012246 0.0026435 -0.0040000
v -0.0022627 0.0033373 -0.0040000
v -0.0029565 0.0043754 -0.0040000
v -0.0032000 0.0056000 -0.0040000
v -0.0029565 0.0068246 -0.0040000
v -0.0022627 0.0078627 -0.0040000
v -0.0012246 0.0085565 -0.0040000
v 0.0000000 0.0088000 -0.0040000
v 0.0012246 0.0085565 -0.0040000
v 0.0022627 0.0078627 -0.0040000
v 0.0029565 0.0068246 -0.0040000
v 0.0000000 0.0032000 0.0032000
v -0.0009185 0.0033826 0.0032000
v -0.0012246 0.0026435 0.0032000
v 0.0000000 0.0024000 0.0032000
v -0.0016970 0.0039030 0.0032000
v -0.0022627 0.0033373 0.0032000
v -0.0022174 0.0046815 0.0032000
v -0.0029565 0.0043754 0.0032000
v -0.0024000 0.0056000 0.0032000
v -0.0032000 0.0056000 0.0032000
v -0.0022174 0.0065185 0.0032000
v -0.0029565 0.0068246 0.0032000
v -0.0016970 0.0072970 0.0032000
v -0.0022627 0.0078627 0.0032000
v -0.0009185 0.0078174 0.0032000
v -0.0012246 0.0085565 0.0032000
v 0.0000000 0.0080000 0.0032000
v 0.0000000 0.0088000 0.0032000
v 0.0009185 0.0078174 0.0032000
v 0.0012246 0.0085565 0.0032000
v 0.0016970 0.0072970 0.0032000
v 0.0022627 0.0078627 0.0032000
v 0.0022174 0.0065185 0.0032000
v 0.0029565 0.0068246 0.0032000
v 0.0024000 0.0056000 0.0032000
v 0.0032000 0.0056000 0.0032000
v 0.0022174 0.0046815 0.0032000
v 0.0029565 0.0043754 0.0032000
v 0.0016970 0.0039030 0.0032000
v 0.0022627 0.0033373 0.0032000
v 0.0009185 0.0033826 0.0032000
v 0.0012246 0.0026435 0.0032000
v 0.0029565 0.0043754 0.0040000
v 0.0032000 0.0056000 0.0040000
v 0.0022627 0.0033373 0.0040000
v 0.0012246 0.0026435 0.0040000
v 0.0000000 0.0024000 0.0040000
v -0.0012246 0.0026435 0.0040000
v -0.0022627 0.0033373 0.0040000
v -0.0029565 0.0043754 0.0040000
v -0.0032000 0.0056000 0.0040000
v -0.0029565 0.0068246 0.0040000
v -0.0022627 0.0078627 0.0040000
v -0.0012246 0.0085565 0.0040000
v 0.0000000 0.0088000 0.0040000
v 0.0012246 0.0085565 0.0040000
v 0.0022627 0.0078627 0.0040000
v 0.0029565 0.0068246 0.0040000
v -0.0092246 0.0026435 -0.0032000
v -0.0089185 0.0033826 -0.0032000
v -0.0080000 0.0032000 -0.0032000
v -0.0080000 0.0024000 -0.0032000
v -0.0102627 0.0033373 -0.0032000
v -0.0096970 0.0039030 -0.0032000
v -0.0109565 0.0043754 -0.0032000
v -0.0102174 0.0046815 -0.0032000
v -0.0112000 0.0056000 -0.0032000
v -0.0104000 0.0056000 -0.0032000
v -0.0109565 0.0068246 -0.0032000
v -0.0102174 0.0065185 -0.0032000
v -0.0102627 0.0078627 -0.0032000
v -0.0096970 0.0072970 -0.0032000
v -0.0092246 0.0085565 -0.0032000
v -0.0089185 0.0078174 -0.0032000
v -0.0080000 0.0088000 -0.0032000
v -0.0080000 0.0080000 -0.0032000
v -0.0067754 0.0085565 -0.0032000
v -0.0070815 0.0078174 -0.0032000
v -0.0057373 0.0078627 -0.0032000
v -0.0063030 0.0072970 -0.0032000
v -0.0050435 0.0068246 -0.0032000
v -0.0057826 0.0065185 -0.0032000
v -0.0048000 0.0056000 -0.0032000
v -0.0056000 0.0056000 -0.0032000
v -0.0050435 0.0043754 -0.0032000
v -0.0057826 0.0046815 -0.0032000
v -0.0057373 0.0033373 -0.0032000
v -0.0063030 0.0039030 -0.0032000
v -0.0067754 0.0026435 -0.0032000
v -0.0070815 0.0033826 -0.0032000
v -0.0050435 0.0043754 -0.0040000
v -0.0048000 0.0056000 -0.0040000
v -0.0057373 0.0033373 -0.0040000
v -0.0067754 0.0026435 -0.0040000
v -0.0080000 0.0024000 -0.0040000
v -0.0092246 0.0026435 -0.0040000
v -0.0102627 0.0033373 -0.0040000
v -0.0109565 0.0043754 -0.0040000
v -0.0112000 0.0056000 -0.0040000
v -0.0109565 0.0068246 -0.0040000
v -0.0102627 0.0078627 -0.0040000
v -0.0092246 0.0085565 -0.0040000
v -0.0080000 0.0088000 -0.0040000
v -0.0067754 0.0085565 -0.0040000
v -0.0057373 0.0078627 -0.0040000
v -0.0050435 0.0068246 -0.0040000
v -0.0080000 0.0032000 0.0032000
v -0.0089185 0.0033826 0.0032000
v -0.0092246 0.0026435 0.0032000
v -0.0080000 0.0024000 0.0032000
v -0.0096970 0.0039030 0.0032000
v -0.0102627 0.0033373 0.0032000
v -0.0102174 0.0046815 0.0032000
v -0.0109565 0.0043754 0.0032000
v -0.0104000 0.0056000 0.0032000
v -0.0112000 0.0056000 0.0032000
v -0.0102174 0.0065185 0.0032000
v -0.0109565 0.0068246 0.0032000
v -0.0096970 0.0072970 0.0032000
v -0.0102627 0.0078627 0.0032000
v -0.0089185 0.0078174 0.0032000
v -0.0092246 0.0085565 0.0032000
v -0.0080000 0.0080000 0.0032000
v -0.0080000 0.0088000 0.0032000
v -0.0070815 0.0078174 0.0032000
v -0.0067754 0.0085565 0.0032000
v -0.0063030 0.0072970 0.0032000
v -0.0057373 0.0078627 0.0032000
v -0.0057826 0.0065185 0.0032000
v -0.0050435 0.0068246 0.0032000
v -0.0056000 0.0056000 0.0032000
v -0.0048000 0.0056000 0.0032000
v -0.0057826 0.0046815 0.0032000
v -0.0050435 0.0043754 0.0032000
v -0.0063030 0.0039030 0.0032000
v -0.0057373 0.0033373 0.0032000
v -0.0070815 0.0033826 0.0032000
v -0.0067754 0.0026435 0.0032000
v -0.0050435 0.0043754 0.0040000
v -0.0048000 0.0056000 0.0040000
v -0.0057373 0.0033373 0.0040000
v -0.0067754 0.0026435 0.0040000
v -0.0080000 0.0024000 0.0040000
v -0.0092246 0.0026435 0.0040000
v -0.0102627 0.0033373 0.0040000
v -0.0109565 0.0043754 0.0040000
v -0.0112000 0.0056000 0.0040000
v -0.0109565 0.0068246 0.0040000
v -0.0102627 0.0078627 0.0040000
v -0.0092246 0.0085565 0.0040000
v -0.0080000 0.0088000 0.0040000
v -0.0067754 0.0085565 0.0040000
v -0.0057373 0.0078627 0.0040000
v -0.0050435 0.0068246 0.0040000
v -0.0172246 0.0026435 -0.0032000
v -0.0169185 0.0033826 -0.0032000
v -0.0160000 0.0032000 -0.0032000
v -0.0160000 0.0024000 -0.0032000
v -0.0182627 0.0033373 -0.0032000
v -0.0176970 0.0039030 -0.0032000
v -0.0189565 0.0043754 -0.0032000
v -0.0182174 0.0046815 -0.0032000
v -0.0192000 0.0056000 -0.0032000
v -0.0184000 0.0056000 -0.0032000
v -0.0189565 0.0068246 -0.0032000
v -0.0182174 0.0065185 -0.0032000
v -0.0182627 0.0078627 -0.0032000
v -0.0176970 0.0072970 -0.0032000
v -0.0172246 0.0085565 -0.0032000
v -0.0169185 0.0078174 -0.0032000
v -0.0160000 0.0088000 -0.0032000
v -0.0160000 0.0080000 -0.0032000
v -0.0147754 0.0085565 -0.0032000
v -0.0150815 0.0078174 -0.0032000
v -0.0137373 0.0078627 -0.0032000
v -0.0143030 0.0072970 -0.0032000
v -0.0130435 0.0068246 -0.0032000
v -0.0137826 0.0065185 -0.0032000
v -0.0128000 0.0056000 -0.0032000
v -0.0136000 0.0056000 -0.0032000
v -0.0130435 0.0043754 -0.0032000
v -0.0137826 0.0046815 -0.0032000
v -0.0137373 0.0033373 -0.0032000
v -0.0143030 0.0039030 -0.0032000
v -0.0147754 0.0026435 -0.0032000
v -0.0150815 0.0033826 -0.0032000
v -0.0130435 0.0043754 -0.0040000
v -0.0128000 0.0056000 -0.0040000
v -0.0137373 0.0033373 -0.0040000
v -0.0147754 0.0026435 -0.0040000
v -0.0160000 0.0024000 -0.0040000
v -0.0172246 0.0026435 -0.0040000
v -0.0182627 0.0033373 -0.0040000
v -0.0189565 0.0043754 -0.0040000
v -0.0192000 0.0056000 -0.0040000
v -0.0189565 0.0068246 -0.0040000
v -0.0182627 0.0078627 -0.0040000
v -0.0172246 0.0085565 -0.0040000
v -0.0160000 0.0088000 -0.0040000
v -0.0147754 0.0085565 -0.0040000
v -0.0137373 0.0078627 -0.0040000
v -0.0130435 0.0068246 -0.0040000
v -0.0160000 0.0032000 0.0032000
v -0.0169185 0.0033826 0.0032000
v -0.0172246 0.0026435 0.0032000
v -0.0160000 0.0024000 0.0032000
v -0.0176970 0.0039030 0.0032000
v -0.0182627 0.0033373 0.0032000
v -0.0182174 0.0046815 0.0032000
v -0.0189565 0.0043754 0.0032000
v -0.0184000 0.0056000 0.0032000
v -0.0192000 0.0056000 0.0032000
v -0.0182174 0.0065185 0.0032000
v -0.0189565 0.0068246 0.0032000
v -0.0176970 0.0072970 0.0032000
v -0.0182627 0.0078627 0.0032000
v -0.0169185 0.0078174 0.0032000
v -0.0172246 0.0085565 0.0032000
v -0.0160000 0.0080000 0.0032000
v -0.0160000 0.0088000 0.0032000
v -0.0150815 0.0078174 0.0032000
v -0.0147754 0.0085565 0.0032000
v -0.0143030 0.0072970 0.0032000
v -0.0137373 0.0078627 0.0032000
v -0.0137826 0.0065185 0.0032000
v -0.0130435 0.0068246 0.0032000
v -0.0136000 0.0056000 0.0032000
v -0.0128000 0.0056000 0.0032000
v -0.0137826 0.0046815 0.0032000
v -0.0130435 0.0043754 0.0032000
v -0.0143030 0.0039030 0.0032000
v -0.0137373 0.0033373 0.0032000
v -0.0150815 0.0033826 0.0032000
v -0.0147754 0.0026435 0.0032000
v -0.0130435 0.0043754 0.0040000
v -0.0128000 0.0056000 0.0040000
v -0.0137373 0.0033373 0.0040000
v -0.0147754 0.0026435 0.0040000
v -0.0160000 0.0024000 0.0040000
v -0.0172246 0.0026435 0.0040000
v -0.0182627 0.0033373 0.0040000
v -0.0189565 0.0043754 0.0040000
v -0.0192000 0.0056000 0.0040000
v -0.0189565 0.0068246 0.0040000
v -0.0182627 0.0078627 0.0040000
v -0.0172246 0.0085565 0.0040000
v -0.0160000 0.0088000 0.0040000
v -0.0147754 0.0085565 0.0040000
v -0.0137373 0.0078627 0.0040000
v -0.0130435 0.0068246 0.0040000
v -0.0252246 0.0026435 -0.0032000
v -0.0249185 0.0033826 -0.0032000
v -0.0240000 0.0032000 -0.0032000
v -0.0240000 0.0024000 -0.0032000
v -0.0262627 0.0033373 -0.0032000
v -0.0256970 0.0039030 -0.0032000
v -0.0269565 0.0043754 -0.0032000
v -0.0262174 0.0046815 -0.0032000
v -0.0272000 0.0056000 -0.0032000
v -0.0264000 0.0056000 -0.0032000
v -0.0269565 0.0068246 -0.0032000
v -0.0262174 0.0065185 -0.0032000
v -0.0262627 0.0078627 -0.0032000
v -0.0256970 0.0072970 -0.0032000
v -0.0252246 0.0085565 -0.0032000
v -0.0249185 0.0078174 -0.0032000
v -0.0240000 0.0088000 -0.0032000
v -0.0240000 0.0080000 -0.0032000
v -0.0227754 0.0085565 -0.0032000
v -0.0230815 0.0078174 -0.0032000
v -0.0217373 0.0078627 -0.0032000
v -0.0223030 0.0072970 -0.0032000
v -0.0210435 0.0068246 -0.0032000
v -0.0217826 0.0065185 -0.0032000
v -0.0208000 0.0056000 -0.0032000
v -0.0216000 0.0056000 -0.0032000
v -0.0210435 0.0043754 -0.0032000
v -0.0217826 0.0046815 -0.0032000
v -0.0217373 0.0033373 -0.0032000
v -0.0223030 0.0039030 -0.0032000
v -0.0227754 0.0026435 -0.0032000
v -0.0230815 0.0033826 -0.0032000
v -0.0210435 0.0043754 -0.0040000
v -0.0208000 0.0056000 -0.0040000
v -0.0217373 0.0033373 -0.0040000
v -0.0227754 0.0026435 -0.0040000
v -0.0240000 0.0024000 -0.0040000
v -0.0252246 0.0026435 -0.0040000
v -0.0262627 0.0033373 -0.0040000
v -0.0269565 0.0043754 -0.0040000
v -0.0272000 0.0056000 -0.0040000
v -0.0269565 0.0068246 -0.0040000
v -0.0262627 0.0078627 -0.0040000
v -0.0252246 0.0085565 -0.0040000
v -0.0240000 0.0088000 -0.0040000
v -0.0227754 0.0085565 -0.0040000
v -0.0217373 0.0078627 -0.0040000
v -0.0210435 0.0068246 -0.0040000
v -0.0240000 0.0032000 0.0032000
v -0.0249185 0.0033826 0.0032000
v -0.0252246 0.0026435 0.0032000
v -0.0240000 0.0024000 0.0032000
v -0.0256970 0.0039030 0.0032000
v -0.0262627 0.0033373 0.0032000
v -0.0262174 0.0046815 0.0032000
v -0.0269565 0.0043754 0.0032000
v -0.0264000 0.0056000 0.0032000
v -0.0272000 0.0056000 0.0032000
v -0.0262174 0.0065185 0.0032000
v -0.0269565 0.0068246 0.0032000
v -0.0256970 0.0072970 0.0032000
v -0.0262627 0.0078627 0.0032000
v -0.0249185 0.0078174 0.0032000
v -0.0252246 0.0085565 0.0032000
v -0.0240000 0.0080000 0.0032000
v -0.0240000 0.0088000 0.0032000
v -0.0230815 0.0078174 0.0032000
v -0.0227754 0.0085565 0.0032000
v -0.0223030 0.0072970 0.0032000
v -0.0217373 0.0078627 0.0032000
v -0.0217826 0.0065185 0.0032000
v -0.0210435 0.0068246 0.0032000
v -0.0216000 0.0056000 0.0032000
v -0.0208000 0.0056000 0.0032000
v -0.0217826 0.0046815 0.0032000
v -0.0210435 0.0043754 0.0032000
v -0.0223030 0.0039030 0.0032000
v -0.0217373 0.0033373 0.0032000
v -0.0230815 0.0033826 0.0032000
v -0.0227754 0.0026435 0.0032000
v -0.0210435 0.0043754 0.0040000
v -0.0208000 0.0056000 0.0040000
v -0.0217373 0.0033373 0.0040000
v -0.0227754 0.0026435 0.0040000
v -0.0240000 0.0024000 0.0040000
v -0.0252246 0.0026435 0.0040000
v -0.0262627 0.0033373 0.0040000
v -0.0269565 0.0043754 0.0040000
v -0.0272000 0.0056000 0.0040000
v -0.0269565 0.0068246 0.0040000
v -0.0262627 0.0078627 0.0040000
v -0.0252246 0.0085565 0.0040000
v -0.0240000 0.0088000 0.0040000
v -0.0227754 0.0085565 0.0040000
v -0.0217373 0.0078627 0.0040000
v -0.0210435 0.0068246 0.0040000
v -0.0332246 0.0026435 -0.0032000
v -0.0329185 0.0033826 -0.0032000
v -0.0320000 0.0032000 -0.0032000
v -0.0320000 0.0024000 -0.0032000
v -0.0342627 0.0033373 -0.0032000
v -0.0336970 0.0039030 -0.0032000
v -0.0349565 0.0043754 -0.0032000
v -0.0342174 0.0046815 -0.0032000
v -0.0352000 0.0056000 -0.0032000
v -0.0344000 0.0056000 -0.0032000
v -0.0349565 0.0068246 -0.0032000
v -0.0342174 0.0065185 -0.0032000
v -0.0342627 0.0078627 -0.0032000
v -0.0336970 0.0072970 -0.0032000
v -0.0332246 0.0085565 -0.0032000
v -0.0329185 0.0078174 -0.0032000
v -0.0320000 0.0088000 -0.0032000
v -0.0320000 0.0080000 -0.0032000
v -0.0307754 0.0085565 -0.0032000
v -0.0310815 0.0078174 -0.0032000
v -0.0297373 0.0078627 -0.0032000
v -0.0303030 0.0072970 -0.0032000
v -0.0290435 0.0068246 -0.0032000
v -0.0297826 0.0065185 -0.0032000
v -0.0288000 0.0056000 -0.0032000
v -0.0296000 0.0056000 -0.0032000
v -0.0290435 0.0043754 -0.0032000
v -0.0297826 0.0046815 -0.0032000
v -0.0297373 0.0033373 -0.0032000
v -0.0303030 0.0039030 -0.0032000
v -0.0307754 0.0026435 -0.0032000
v -0.0310815 0.0033826 -0.0032000
v -0.0290435 0.0043754 -0.0040000
v -0.0288000 0.0056000 -0.0040000
v -0.0297373 0.0033373 -0.0040000
v -0.0307754 0.0026435 -0.0040000
v -0.0320000 0.0024000 -0.0040000
v -0.0332246 0.0026435 -0.0040000
v -0.0342627 0.0033373 -0.0040000
v -0.0349565 0.0043754 -0.0040000
v -0.0352000 0.0056000 -0.0040000
v -0.0349565 0.0068246 -0.0040000
v -0.0342627 0.0078627 -0.0040000
v -0.0332246 0.0085565 -0.0040000
v -0.0320000 0.0088000 -0.0040000
v -0.0307754 0.0085565 -0.0040000
v -0.0297373 0.0078627 -0.0040000
v -0.0290435 0.0068246 -0.0040000
v -0.0320000 0.0032000 0.0032000
v -0.0329185 0.0033826 0.0032000
v -0.0332246 0.0026435 0.0032000
v -0.0320000 0.0024000 0.0032000
v -0.0336970 0.0039030 0.0032000
v -0.0342627 0.0033373 0.0032000
v -0.0342174 0.0046815 0.0032000
v -0.0349565 0.0043754 0.0032000
v -0.0344000 0.0056000 0.0032000
v -0.0352000 0.0056000 0.0032000
v -0.0342174 0.0065185 0.0032000
v -0.0349565 0.0068246 0.0032000
v -0.0336970 0.0072970 0.0032000
v -0.0342627 0.0078627 0.0032000
v -0.0329185 0.0078174 0.0032000
v -0.0332246 0.0085565 0.0032000
v -0.0320000 0.0080000 0.0032000
v -0.0320000 0.0088000 0.0032000
v -0.0310815 0.0078174 0.0032000
v -0.0307754 0.0085565 0.0032000
v -0.0303030 0.0072970 0.0032000
v -0.0297373 0.0078627 0.0032000
v -0.0297826 0.0065185 0.0032000
v -0.0290435 0.0068246 0.0032000
v -0.0296000 0.0056000 0.0032000
v -0.0288000 0.0056000 0.0032000
v -0.0297826 0.0046815 0.0032000
v -0.0290435 0.0043754 0.0032000
v -0.0303030 0.0039030 0.0032000
v -0.0297373 0.0033373 0.0032000
v -0.0310815 0.0033826 0.0032000
v -0.0307754 0.0026435 0.0032000
v -0.0290435 0.0043754 0.0040000
v -0.0288000 0.0056000 0.0040000
v -0.0297373 0.0033373 0.0040000
v -0.0307754 0.0026435 0.0040000
v -0.0320000 0.0024000 0.0040000
v -0.0332246 0.0026435 0.0040000
v -0.0342627 0.0033373 0.0040000
v -0.0349565 0.0043754 0.0040000
v -0.0352000 0.0056000 0.0040000
v -0.0349565 0.0068246 0.0040000
v -0.0342627 0.0078627 0.0040000
v -0.0332246 0.0085565 0.0040000
v -0.0320000 0.0088000 0.0040000
v -0.0307754 0.0085565 0.0040000
v -0.0297373 0.0078627 0.0040000
v -0.0290435 0.0068246 0.0040000
v -0.0412246 0.0026435 -0.0032000
v -0.0409185 0.0033826 -0.0032000
v -0.0400000 0.0032000 -0.0032000
v -0.0400000 0.0024000 -0.0032000
v -0.0422627 0.0033373 -0.0032000
v -0.0416970 0.0039030 -0.0032000
v -0.0429565 0.0043754 -0.0032000
v -0.0422174 0.0046815 -0.0032000
v -0.0432000 0.0056000 -0.0032000
v -0.0424000 0.0056000 -0.0032000
v -0.0429565 0.0068246 -0.0032000
v -0.0422174 0.0065185 -0.0032000
v -0.0422627 0.0078627 -0.0032000
v -0.0416970 0.0072970 -0.0032000
v -0.0412246 0.0085565 -0.0032000
v -0.0409185 0.0078174 -0.0032000
v -0.0400000 0.0088000 -0.0032000
v -0.0400000 0.0080000 -0.0032000
v -0.0387754 0.0085565 -0.0032000
v -0.0390815 0.0078174 -0.0032000
v -0.0377373 0.0078627 -0.0032000
v -0.0383030 0.0072970 -0.0032000
v -0.0370435 0.0068246 -0.0032000
v -0.0377826 0.0065185 -0.0032000
v -0.0368000 0.0056000 -0.0032000
v -0.0376000 0.0056000 -0.0032000
v -0.0370435 0.0043754 -0.0032000
v -0.0377826 0.0046815 -0.0032000
v -0.0377373 0.0033373 -0.0032000
v -0.0383030 0.0039030 -0.0032000
v -0.0387754 0.0026435 -0.0032000
v -0.0390815 0.0033826 -0.0032000
v -0.0370435 0.0043754 -0.0040000
v -0.0368000 0.0056000 -0.0040000
v -0.0377373 0.0033373 -0.0040000
v -0.0387754 0.0026435 -0.0040000
v -0.0400000 0.0024000 -0.0040000
v -0.0412246 0.0026435 -0.0040000
v -0.0422627 0.0033373 -0.0040000
v -0.0429565 0.0043754 -0.0040000
v -0.0432000 0.0056000 -0.0040000
v -0.0429565 0.0068246 -0.0040000
v -0.0422627 0.0078627 -0.0040000
v -0.0412246 0.0085565 -0.0040000
v -0.0400000 0.0088000 -0.0040000
v -0.0387754 0.0085565 -0.0040000
v -0.0377373 0.0078627 -0.0040000
v -0.0370435 0.0068246 -0.0040000
v -0.0400000 0.0032000 0.0032000
v -0.0409185 0.0033826 0.0032000
v -0.0412246 0.0026435 0.0032000
v -0.0400000 0.0024000 0.0032000
v -0.0416970 0.0039030 0.0032000
v -0.0422627 0.0033373 0.0032000
v -0.0422174 0.0046815 0.0032000
v -0.0429565 0.0043754 0.0032000
v -0.0424000 0.0056000 0.0032000
v -0.0432000 0.0056000 0.0032000
v -0.0422174 0.0065185 0.0032000
v -0.0429565 0.0068246 0.0032000
v -0.0416970 0.0072970 0.0032000
v -0.0422627 0.0078627 0.0032000
v -0.0409185 0.0078174 0.0032000
v -0.0412246 0.0085565 0.0032000
v -0.0400000 0.0080000 0.0032000
v -0.0400000 0.0088000 0.0032000
v -0.0390815 0.0078174 0.0032000
v -0.0387754 0.0085565 0.0032000
v -0.0383030 0.0072970 0.0032000
v -0.0377373 0.0078627 0.0032000
v -0.0377826 0.0065185 0.0032000
v -0.0370435 0.0068246 0.0032000
v -0.0376000 0.0056000 0.0032000
v -0.0368000 0.0056000 0.0032000
v -0.0377826 0.0046815 0.0032000
v -0.0370435 0.0043754 0.0032000
v -0.0383030 0.0039030 0.0032000
v -0.0377373 0.0033373 0.0032000
v -0.0390815 0.0033826 0.0032000
v -0.0387754 0.0026435 0.0032000
v -0.0370435 0.0043754 0.0040000
v -0.0368000 0.0056000 0.0040000
v -0.0377373 0.0033373 0.0040000
v -0.0387754 0.0026435 0.0040000
v -0.0400000 0.0024000 0.0040000
v -0.0412246 0.0026435 0.0040000
v -0.0422627 0.0033373 0.0040000
v -0.0429565 0.0043754 0.0040000
v -0.0432000 0.0056000 0.0040000
v -0.0429565 0.0068246 0.0040000
v -0.0422627 0.0078627 0.0040000
v -0.0412246 0.0085565 0.0040000
v -0.0400000 0.0088000 0.0040000
v -0.0387754 0.0085565 0.0040000
v -0.0377373 0.0078627 0.0040000
v -0.0370435 0.0068246 0.0040000
v -0.0492246 0.0026435 -0.0032000
v -0.0489185 0.0033826 -0.0032000
v -0.0480000 0.0032000 -0.0032000
v -0.0480000 0.0024000 -0.0032000
v -0.0502627 0.0033373 -0.0032000
v -0.0496970 0.0039030 -0.0032000
v -0.0509565 0.0043754 -0.0032000
v -0.0502174 0.0046815 -0.0032000
v -0.0512000 0.0056000 -0.0032000
v -0.0504000 0.0056000 -0.0032000
v -0.0509565 0.0068246 -0.0032000
v -0.0502174 0.0065185 -0.0032000
v -0.0502627 0.0078627 -0.0032000
v -0.0496970 0.0072970 -0.0032000
v -0.0492246 0.0085565 -0.0032000
v -0.0489185 0.0078174 -0.0032000
v -0.0480000 0.0088000 -0.0032000
v -0.0480000 0.0080000 -0.0032000
v -0.0467754 0.0085565 -0.0032000
v -0.0470815 0.0078174 -0.0032000
v -0.0457373 0.0078627 -0.0032000
v -0.0463030 0.0072970 -0.0032000
v -0.0450435 0.0068246 -0.0032000
v -0.0457826 0.0065185 -0.0032000
v -0.0448000 0.0056000 -0.0032000
v -0.0456000 0.0056000 -0.0032000
v -0.0450435 0.0043754 -0.0032000
v -0.0457826 0.0046815 -0.0032000
v -0.0457373 0.0033373 -0.0032000
v -0.0463030 0.0039030 -0.0032000
v -0.0467754 0.0026435 -0.0032000
v -0.0470815 0.0033826 -0.0032000
v -0.0450435 0.0043754 -0.0040000
v -0.0448000 0.0056000 -0.0040000
v -0.0457373 0.0033373 -0.0040000
v -0.0467754 0.0026435 -0.0040000
v -0.0480000 0.0024000 -0.0040000
v -0.0492246 0.0026435 -0.0040000
v -0.0502627 0.0033373 -0.0040000
v -0.0509565 0.0043754 -0.0040000
v -0.0512000 0.0056000 -0.0040000
v -0.0509565 0.0068246 -0.0040000
v -0.0502627 0.0078627 -0.0040000
v -0.0492246 0.0085565 -0.0040000
v -0.0480000 0.0088000 -0.0040000
v -0.0467754 0.0085565 -0.0040000
v -0.0457373 0.0078627 -0.0040000
v -0.0450435 0.0068246 -0.0040000
v -0.0480000 0.0032000 0.0032000
v -0.0489185 0.0033826 0.0032000
v -0.0492246 0.0026435 0.0032000
v -0.0480000 0.0024000 0.0032000
v -0.0496970 0.0039030 0.0032000
v -0.0502627 0.0033373 0.0032000
v -0.0502174 0.0046815 0.0032000
v -0.0509565 0.0043754 0.0032000
v -0.0504000 0.0056000 0.0032000
v -0.0512000 0.0056000 0.0032000
v -0.0502174 0.0065185 0.0032000
v -0.0509565 0.0068246 0.0032000
v -0.0496970 0.0072970 0.0032000
v -0.0502627 0.0078627 0.0032000
v -0.0489185 0.0078174 0.0032000
v -0.0492246 0.0085565 0.0032000
v -0.0480000 0.0080000 0.0032000
v -0.0480000 0.0088000 0.0032000
v -0.0470815 0.0078174 0.0032000
v -0.0467754 0.0085565 0.0032000
v -0.0463030 0.0072970 0.0032000
v -0.0457373 0.0078627 0.0032000
v -0.0457826 0.0065185 0.0032000
v -0.0450435 0.0068246 0.0032000
v -0.0456000 0.0056000 0.0032000
v -0.0448000 0.0056000 0.0032000
v -0.0457826 0.0046815 0.0032000
v -0.0450435 0.0043754 0.0032000
v -0.0463030 0.0039030 0.0032000
v -0.0457373 0.0033373 0.0032000
v -0.0470815 0.0033826 0.0032000
v -0.0467754 0.0026435 0.0032000
v -0.0450435 0.0043754 0.0040000
v -0.0448000 0.0056000 0.0040000
v -0.0457373 0.0033373 0.0040000
v -0.0467754 0.0026435 0.0040000
v -0.0480000 0.0024000 0.0040000
v -0.0492246 0.0026435 0.0040000
v -0.0502627 0.0033373 0.0040000
v -0.0509565 0.0043754 0.0040000
v -0.0512000 0.0056000 0.0040000
v -0.0509565 0.0068246 0.0040000
v -0.0502627 0.0078627 0.0040000
v -0.0492246 0.0085565 0.0040000
v -0.0480000 0.0088000 0.0040000
v -0.0467754 0.0085565 0.0040000
v -0.0457373 0.0078627 0.0040000
v -0.0450435 0.0068246 0.0040000
v 0.0048000 0.0080000 -0.0024000
v 0.0048000 0.0080000 0.0024000
v 0.0032000 0.0080000 0.0024000
v 0.0032000 0.0080000 -0.0024000
v 0.0032000 0.0056000 0.0024000
v 0.0032000 0.0056000 -0.0024000
v 0.0048000 0.0056000 -0.0024000
v 0.0048000 0.0056000 0.0024000
v 0.0128000 0.0080000 -0.0024000
v 0.0128000 0.0080000 0.0024000
v 0.0112000 0.0080000 0.0024000
v 0.0112000 0.0080000 -0.0024000
v 0.0112000 0.0056000 0.0024000
v 0.0112000 0.0056000 -0.0024000
v 0.0128000 0.0056000 -0.0024000
v 0.0128000 0.0056000 0.0024000
v 0.0208000 0.0080000 -0.0024000
v 0.0208000 0.0080000 0.0024000
v 0.0192000 0.0080000 0.0024000
v 0.0192000 0.0080000 -0.0024000
v 0.0192000 0.0056000 0.0024000
v 0.0192000 0.0056000 -0.0024000
v 0.0208000 0.0056000 -0.0024000
v 0.0208000 0.0056000 0.0024000
v 0.0288000 0.0080000 -0.0024000
v 0.0288000 0.0080000 0.0024000
v 0.0272000 0.0080000 0.0024000
v 0.0272000 0.0080000 -0.0024000
v 0.0272000 0.0056000 0.0024000
v 0.0272000 0.0056000 -0.0024000
v 0.0288000 0.0056000 -0.0024000
v 0.0288000 0.0056000 0.0024000
v 0.0368000 0.0080000 -0.0024000
v 0.0368000 0.0080000 0.0024000
v 0.0352000 0.0080000 0.0024000
v 0.0352000 0.0080000 -0.0024000
v 0.0352000 0.0056000 0.0024000
v 0.0352000 0.0056000 -0.0024000
v 0.0368000 0.0056000 -0.0024000
v 0.0368000 0.0056000 0.0024000
v 0.0448000 0.0080000 -0.0024000
v 0.0448000 0.0080000 0.0024000
v 0.0432000 0.0080000 0.0024000
v 0.0432000 0.0080000 -0.0024000
v 0.0432000 0.0056000 0.0024000
v 0.0432000 0.0056000 -0.0024000
v 0.0448000 0.0056000 -0.0024000
v 0.0448000 0.0056000 0.0024000
v -0.0032000 0.0080000 -0.0024000
v -0.0032000 0.0080000 0.0024000
v -0.0048000 0.0080000 0.0024000
v -0.0048000 0.0080000 -0.0024000
v -0.0048000 0.0056000 0.0024000
v -0.0048000 0.0056000 -0.0024000
v -0.0032000 0.0056000 -0.0024000
v -0.0032000 0.0056000 0.0024000
v -0.0112000 0.0080000 -0.0024000
v -0.0112000 0.0080000 0.0024000
v -0.0128000 0.0080000 0.0024000
v -0.0128000 0.0080000 -0.0024000
v -0.0128000 0.0056000 0.0024000
v -0.0128000 0.0056000 -0.0024000
v -0.0112000 0.0056000 -0.0024000
v -0.0112000 0.0056000 0.0024000
v -0.0192000 0.0080000 -0.0024000
v -0.0192000 0.0080000 0.0024000
v -0.0208000 0.0080000 0.0024000
v -0.0208000 0.0080000 -0.0024000
v -0.0208000 0.0056000 0.0024000
v -0.0208000 0.0056000 -0.0024000
v -0.0192000 0.0056000 -0.0024000
v -0.0192000 0.0056000 0.0024000
v -0.0272000 0.0080000 -0.0024000
v -0.0272000 0.0080000 0.0024000
v -0.0288000 0.0080000 0.0024000
v -0.0288000 0.0080000 -0.0024000
v -0.0288000 0.0056000 0.0024000
v -0.0288000 0.0056000 -0.0024000
v -0.0272000 0.0056000 -0.0024000
v -0.0272000 0.0056000 0.0024000
v -0.0352000 0.0080000 -0.0024000
v -0.0352000 0.0080000 0.0024000
v -0.0368000 0.0080000 0.0024000
v -0.0368000 0.0080000 -0.0024000
v -0.0368000 0.0056000 0.0024000
v -0.0368000 0.0056000 -0.0024000
v -0.0352000 0.0056000 -0.0024000
v -0.0352000 0.0056000 0.0024000
v -0.0432000 0.0080000 -0.0024000
v -0.0432000 0.0080000 0.0024000
v -0.0448000 0.0080000 0.0024000
v -0.0448000 0.0080000 -0.0024000
v -0.0448000 0.0056000 0.0024000
v -0.0448000 0.0056000 -0.0024000
v -0.0432000 0.0056000 -0.0024000
v -0.0432000 0.0056000 0.0024000
v 0.0544000 0.0080000 0.0024000
v 0.0512000 0.0080000 0.0024000
v 0.0512000 0.0080000 -0.0024000
v 0.0544000 0.0080000 -0.0024000
v 0.0544000 0.0000000 -0.0024000
v 0.0544000 0.0000000 0.0024000
v -0.0544000 0.0080000 -0.0024000
v -0.0512000 0.0080000 -0.0024000
v -0.0512000 0.0080000 0.0024000
v -0.0544000 0.0080000 0.0024000
v -0.0544000 0.0000000 0.0024000
v -0.0544000 0.0000000 -0.0024000
v 0.0109565 0.0043754 0.0024000
v 0.0109565 0.0043754 -0.0024000
v 0.0102627 0.0033373 0.0024000
v 0.0102627 0.0033373 -0.0024000
v 0.0092246 0.0026435 0.0024000
v 0.0092246 0.0026435 -0.0024000
v 0.0080000 0.0024000 0.0024000
v 0.0080000 0.0024000 -0.0024000
v 0.0067754 0.0026435 0.0024000
v 0.0067754 0.0026435 -0.0024000
v 0.0057373 0.0033373 0.0024000
v 0.0057373 0.0033373 -0.0024000
v 0.0050435 0.0043754 0.0024000
v 0.0050435 0.0043754 -0.0024000
v 0.0189565 0.0043754 0.0024000
v 0.0189565 0.0043754 -0.0024000
v 0.0182627 0.0033373 0.0024000
v 0.0182627 0.0033373 -0.0024000
v 0.0172246 0.0026435 0.0024000
v 0.0172246 0.0026435 -0.0024000
v 0.0160000 0.0024000 0.0024000
v 0.0160000 0.0024000 -0.0024000
v 0.0147754 0.0026435 0.0024000
v 0.0147754 0.0026435 -0.0024000
v 0.0137373 0.0033373 0.0024000
v 0.0137373 0.0033373 -0.0024000
v 0.0130435 0.0043754 0.0024000
v 0.0130435 0.0043754 -0.0024000
v 0.0269565 0.0043754 0.0024000
v 0.0269565 0.0043754 -0.0024000
v 0.0262627 0.0033373 0.0024000
v 0.0262627 0.0033373 -0.0024000
v 0.0252246 0.0026435 0.0024000
v 0.0252246 0.0026435 -0.0024000
v 0.0240000 0.0024000 0.0024000
v 0.0240000 0.0024000 -0.0024000
v 0.0227754 0.0026435 0.0024000
v 0.0227754 0.0026435 -0.0024000
v 0.0217373 0.0033373 0.0024000
v 0.0217373 0.0033373 -0.0024000
v 0.0210435 0.0043754 0.0024000
v 0.0210435 0.0043754 -0.0024000
v 0.0349565 0.0043754 0.0024000
v 0.0349565 0.0043754 -0.0024000
v 0.0342627 0.0033373 0.0024000
v 0.0342627 0.0033373 -0.0024000
v 0.0332246 0.0026435 0.0024000
v 0.0332246 0.0026435 -0.0024000
v 0.0320000 0.0024000 0.0024000
v 0.0320000 0.0024000 -0.0024000
v 0.0307754 0.0026435 0.0024000
v 0.0307754 0.0026435 -0.0024000
v 0.0297373 0.0033373 0.0024000
v 0.0297373 0.0033373 -0.0024000
v 0.0290435 0.0043754 0.0024000
v 0.0290435 0.0043754 -0.0024000
v 0.0429565 0.0043754 0.0024000
v 0.0429565 0.0043754 -0.0024000
v 0.0422627 0.0033373 0.0024000
v 0.0422627 0.0033373 -0.0024000
v 0.0412246 0.0026435 0.0024000
v 0.0412246 0.0026435 -0.0024000
v 0.0400000 0.0024000 0.0024000
v 0.0400000 0.0024000 -0.0024000
v 0.0387754 0.0026435 0.0024000
v 0.0387754 0.0026435 -0.0024000
v 0.0377373 0.0033373 0.0024000
v 0.0377373 0.0033373 -0.0024000
v 0.0370435 0.0043754 0.0024000
v 0.0370435 0.0043754 -0.0024000
v 0.0509565 0.0043754 0.0024000
v 0.0509565 0.0043754 -0.0024000
v 0.0512000 0.0056000 -0.0024000
v 0.0512000 0.0056000 0.0024000
v 0.0502627 0.0033373 0.0024000
v 0.0502627 0.0033373 -0.0024000
v 0.0492246 0.0026435 0.0024000
v 0.0492246 0.0026435 -0.0024000
v 0.0480000 0.0024000 0.0024000
v 0.0480000 0.0024000 -0.0024000
v 0.0467754 0.0026435 0.0024000
v 0.0467754 0.0026435 -0.0024000
v 0.0457373 0.0033373 0.0024000
v 0.0457373 0.0033373 -0.0024000
v 0.0450435 0.0043754 0.0024000
v 0.0450435 0.0043754 -0.0024000
v 0.0029565 0.0043754 0.0024000
v 0.0029565 0.0043754 -0.0024000
v 0.0022627 0.0033373 0.0024000
v 0.0022627 0.0033373 -0.0024000
v 0.0012246 0.0026435 0.0024000
v 0.0012246 0.0026435 -0.0024000
v 0.0000000 0.0024000 0.0024000
v 0.0000000 0.0024000 -0.0024000
v -0.0012246 0.0026435 0.0024000
v -0.0012246 0.0026435 -0.0024000
v -0.0022627 0.0033373 0.0024000
v -0.0022627 0.0033373 -0.0024000
v -0.0029565 0.0043754 0.0024000
v -0.0029565 0.0043754 -0.0024000
v -0.0050435 0.0043754 0.0024000
v -0.0050435 0.0043754 -0.0024000
v -0.0057373 0.0033373 0.0024000
v -0.0057373 0.0033373 -0.0024000
v -0.0067754 0.0026435 0.0024000
v -0.0067754 0.0026435 -0.0024000
v -0.0080000 0.0024000 0.0024000
v -0.0080000 0.0024000 -0.0024000
v -0.0092246 0.0026435 0.0024000
v -0.0092246 0.0026435 -0.0024000
v -0.0102627 0.0033373 0.0024000
v -0.0102627 0.0033373 -0.0024000
v -0.0109565 0.0043754 0.0024000
v -0.0109565 0.0043754 -0.0024000
v -0.0130435 0.0043754 0.0024000
v -0.0130435 0.0043754 -0.0024000
v -0.0137373 0.0033373 0.0024000
v -0.0137373 0.0033373 -0.0024000
v -0.0147754 0.0026435 0.0024000
v -0.0147754 0.0026435 -0.0024000
v -0.0160000 0.0024000 0.0024000
v -0.0160000 0.0024000 -0.0024000
v -0.0172246 0.0026435 0.0024000
v -0.0172246 0.0026435 -0.0024000
v -0.0182627 0.0033373 0.0024000
v -0.0182627 0.0033373 -0.0024000
v -0.0189565 0.0043754 0.0024000
v -0.0189565 0.0043754 -0.0024000
v -0.0210435 0.0043754 0.0024000
v -0.0210435 0.0043754 -0.0024000
v -0.0217373 0.0033373 0.0024000
v -0.0217373 0.0033373 -0.0024000
v -0.0227754 0.0026435 0.0024000
v -0.0227754 0.0026435 -0.0024000
v -0.0240000 0.0024000 0.0024000
v -0.0240000 0.0024000 -0.0024000
v -0.0252246 0.0026435 0.0024000
v -0.0252246 0.0026435 -0.0024000
v -0.0262627 0.0033373 0.0024000
v -0.0262627 0.0033373 -0.0024000
v -0.0269565 0.0043754 0.0024000
v -0.0269565 0.0043754 -0.0024000
v -0.0290435 0.0043754 0.0024000
v -0.0290435 0.0043754 -0.0024000
v -0.0297373 0.0033373 0.0024000
v -0.0297373 0.0033373 -0.0024000
v -0.0307754 0.0026435 0.0024000
v -0.0307754 0.0026435 -0.0024000
v -0.0320000 0.0024000 0.0024000
v -0.0320000 0.0024000 -0.0024000
v -0.0332246 0.0026435 0.0024000
v -0.0332246 0.0026435 -0.0024000
v -0.0342627 0.0033373 0.0024000
v -0.0342627 0.0033373 -0.0024000
v -0.0349565 0.0043754 0.0024000
v -0.0349565 0.0043754 -0.0024000
v -0.0370435 0.0043754 0.0024000
v -0.0370435 0.0043754 -0.0024000
v -0.0377373 0.0033373 0.0024000
v -0.0377373 0.0033373 -0.0024000
v -0.0387754 0.0026435 0.0024000
v -0.0387754 0.0026435 -0.0024000
v -0.0400000 0.0024000 0.0024000
v -0.0400000 0.0024000 -0.0024000
v -0.0412246 0.0026435 0.0024000
v -0.0412246 0.0026435 -0.0024000
v -0.0422627 0.0033373 0.0024000
v -0.0422627 0.0033373 -0.0024000
v -0.0429565 0.0043754 0.0024000
v -0.0429565 0.0043754 -0.0024000
v -0.0450435 0.0043754 0.0024000
v -0.0450435 0.0043754 -0.0024000
v -0.0457373 0.0033373 0.0024000
v -0.0457373 0.0033373 -0.0024000
v -0.0467754 0.0026435 0.0024000
v -0.0467754 0.0026435 -0.0024000
v -0.0480000 0.0024000 0.0024000
v -0.0480000 0.0024000 -0.0024000
v -0.0492246 0.0026435 0.0024000
v -0.0492246 0.0026435 -0.0024000
v -0.0502627 0.0033373 0.0024000
v -0.0502627 0.0033373 -0.0024000
v -0.0509565 0.0043754 0.0024000
v -0.0509565 0.0043754 -0.0024000
v -0.0512000 0.0056000 0.0024000
v -0.0512000 0.0056000 -0.0024000
v 0.0112000 0.0024000 -0.0024000
v 0.0048000 0.0024000 -0.0024000
v 0.0112000 0.0024000 0.0024000
v 0.0048000 0.0024000 0.0024000
v 0.0192000 0.0024000 -0.0024000
v 0.0128000 0.0024000 -0.0024000
v 0.0192000 0.0024000 0.0024000
v 0.0128000 0.0024000 0.0024000
v 0.0272000 0.0024000 -0.0024000
v 0.0208000 0.0024000 -0.0024000
v 0.0272000 0.0024000 0.0024000
v 0.0208000 0.0024000 0.0024000
v 0.0352000 0.0024000 -0.0024000
v 0.0288000 0.0024000 -0.0024000
v 0.0352000 0.0024000 0.0024000
v 0.0288000 0.0024000 0.0024000
v 0.0432000 0.0024000 -0.0024000
v 0.0368000 0.0024000 -0.0024000
v 0.0432000 0.0024000 0.0024000
v 0.0368000 0.0024000 0.0024000
v 0.0512000 0.0024000 -0.0024000
v 0.0448000 0.0024000 -0.0024000
v 0.0512000 0.0024000 0.0024000
v 0.0448000 0.0024000 0.0024000
v 0.0032000 0.0024000 -0.0024000
v -0.0032000 0.0024000 -0.0024000
v 0.0032000 0.0024000 0.0024000
v -0.0032000 0.0024000 0.0024000
v -0.0048000 0.0024000 -0.0024000
v -0.0112000 0.0024000 -0.0024000
v -0.0048000 0.0024000 0.0024000
v -0.0112000 0.0024000 0.0024000
v -0.0128000 0.0024000 -0.0024000
v -0.0192000 0.0024000 -0.0024000
v -0.0128000 0.0024000 0.0024000
v -0.0192000 0.0024000 0.0024000
v -0.0208000 0.0024000 -0.0024000
v -0.0272000 0.0024000 -0.0024000
v -0.0208000 0.0024000 0.0024000
v -0.0272000 0.0024000 0.0024000
v -0.0288000 0.0024000 -0.0024000
v -0.0352000 0.0024000 -0.0024000
v -0.0288000 0.0024000 0.0024000
v -0.0352000 0.0024000 0.0024000
v -0.0368000 0.0024000 -0.0024000
v -0.0432000 0.0024000 -0.0024000
v -0.0368000 0.0024000 0.0024000
v -0.0432000 0.0024000 0.0024000
v -0.0448000 0.0024000 -0.0024000
v -0.0512000 0.0024000 -0.0024000
v -0.0448000 0.0024000 0.0024000
v -0.0512000 0.0024000 0.0024000
v 0.0560000 0.0000000 -0.0040000
v -0.0560000 0.0000000 -0.0040000
v 0.0560000 0.0000000 0.0040000
v -0.0560000 0.0000000 0.0040000
v 0.0560000 0.0096000 -0.0040000
v -0.0560000 0.0096000 -0.0040000
v -0.0560000 0.0096000 0.0040000
v 0.0560000 0.0096000 0.0040000
v 0.0112000 0.0024000 -0.0040000
v 0.0048000 0.0024000 -0.0040000
v 0.0048000 0.0088000 -0.0040000
v 0.0112000 0.0088000 -0.0040000
v 0.0112000 0.0024000 0.0040000
v 0.0048000 0.0024000 0.0040000
v 0.0048000 0.0088000 0.0040000
v 0.0112000 0.0088000 0.0040000
v 0.0192000 0.0024000 -0.0040000
v 0.0128000 0.0024000 -0.0040000
v 0.0128000 0.0088000 -0.0040000
v 0.0192000 0.0088000 -0.0040000
v 0.0192000 0.0024000 0.0040000
v 0.0128000 0.0024000 0.0040000
v 0.0128000 0.0088000 0.0040000
v 0.0192000 0.0088000 0.0040000
v 0.0272000 0.0024000 -0.0040000
v 0.0208000 0.0024000 -0.0040000
v 0.0208000 0.0088000 -0.0040000
v 0.0272000 0.0088000 -0.0040000
v 0.0272000 0.0024000 0.0040000
v 0.0208000 0.0024000 0.0040000
v 0.0208000 0.0088000 0.0040000
v 0.0272000 0.0088000 0.0040000
v 0.0352000 0.0024000 -0.0040000
v 0.0288000 0.0024000 -0.0040000
v 0.0288000 0.0088000 -0.0040000
v 0.0352000 0.0088000 -0.0040000
v 0.0352000 0.0024000 0.0040000
v 0.0288000 0.0024000 0.0040000
v 0.0288000 0.0088000 0.0040000
v 0.0352000 0.0088000 0.0040000
v 0.0432000 0.0024000 -0.0040000
v 0.0368000 0.0024000 -0.0040000
v 0.0368000 0.0088000 -0.0040000
v 0.0432000 0.0088000 -0.0040000
v 0.0432000 0.0024000 0.0040000
v 0.0368000 0.0024000 0.0040000
v 0.0368000 0.0088000 0.0040000
v 0.0432000 0.0088000 0.0040000
v 0.0512000 0.0024000 -0.0040000
v 0.0448000 0.0024000 -0.0040000
v 0.0448000 0.0088000 -0.0040000
v 0.0512000 0.0088000 -0.0040000
v 0.0512000 0.0024000 0.0040000
v 0.0448000 0.0024000 0.0040000
v 0.0448000 0.0088000 0.0040000
v 0.0512000 0.0088000 0.0040000
v 0.0032000 0.0024000 -0.0040000
v -0.0032000 0.0024000 -0.0040000
v -0.0032000 0.0088000 -0.0040000
v 0.0032000 0.0088000 -0.0040000
v 0.0032000 0.0024000 0.0040000
v -0.0032000 0.0024000 0.0040000
v -0.0032000 0.0088000 0.0040000
v 0.0032000 0.0088000 0.0040000
v -0.0048000 0.0024000 -0.0040000
v -0.0112000 0.0024000 -0.0040000
v -0.0112000 0.0088000 -0.0040000
v -0.0048000 0.0088000 -0.0040000
v -0.0048000 0.0024000 0.0040000
v -0.0112000 0.0024000 0.0040000
v -0.0112000 0.0088000 0.0040000
v -0.0048000 0.0088000 0.0040000
v -0.0128000 0.0024000 -0.0040000
v -0.0192000 0.0024000 -0.0040000
v -0.0192000 0.0088000 -0.0040000
v -0.0128000 0.0088000 -0.0040000
v -0.0128000 0.0024000 0.0040000
v -0.0192000 0.0024000 0.0040000
v -0.0192000 0.0088000 0.0040000
v -0.0128000 0.0088000 0.0040000
v -0.0208000 0.0024000 -0.0040000
v -0.0272000 0.0024000 -0.0040000
v -0.0272000 0.0088000 -0.0040000
v -0.0208000 0.0088000 -0.0040000
v -0.0208000 0.0024000 0.0040000
v -0.0272000 0.0024000 0.0040000
v -0.0272000 0.0088000 0.0040000
v -0.0208000 0.0088000 0.0040000
v -0.0288000 0.0024000 -0.0040000
v -0.0352000 0.0024000 -0.0040000
v -0.0352000 0.0088000 -0.0040000
v -0.0288000 0.0088000 -0.0040000
v -0.0288000 0.0024000 0.0040000
v -0.0352000 0.0024000 0.0040000
v -0.0352000 0.0088000 0.0040000
v -0.0288000 0.0088000 0.0040000
v -0.0368000 0.0024000 -0.0040000
v -0.0432000 0.0024000 -0.0040000
v -0.0432000 0.0088000 -0.0040000
v -0.0368000 0.0088000 -0.0040000
v -0.0368000 0.0024000 0.0040000
v -0.0432000 0.0024000 0.0040000
v -0.0432000 0.0088000 0.0040000
v -0.0368000 0.0088000 0.0040000
v -0.0448000 0.0024000 -0.0040000
v -0.0512000 0.0024000 -0.0040000
v -0.0512000 0.0088000 -0.0040000
v -0.0448000 0.0088000 -0.0040000
v -0.0448000 0.0024000 0.0040000
v -0.0512000 0.0024000 0.0040000
v -0.0512000 0.0088000 0.0040000
v -0.0448000 0.0088000 0.0040000
v 0.0134782 0.0112000 -0.0006123
v 0.0134782 0.0096000 -0.0006123
v 0.0136000 0.0096000 -0.0000000
v 0.0136000 0.0112000 -0.0000000
v 0.0131314 0.0112000 -0.0011314
v 0.0131314 0.0096000 -0.0011314
v 0.0126123 0.0112000 -0.0014782
v 0.0126123 0.0096000 -0.0014782
v 0.0120000 0.0112000 -0.0016000
v 0.0120000 0.0096000 -0.0016000
v 0.0113877 0.0112000 -0.0014782
v 0.0113877 0.0096000 -0.0014782
v 0.0108686 0.0112000 -0.0011314
v 0.0108686 0.0096000 -0.0011314
v 0.0105218 0.0112000 -0.0006123
v 0.0105218 0.0096000 -0.0006123
v 0.0104000 0.0112000 -0.0000000
v 0.0104000 0.0096000 -0.0000000
v 0.0105218 0.0112000 0.0006123
v 0.0105218 0.0096000 0.0006123
v 0.0108686 0.0112000 0.0011314
v 0.0108686 0.0096000 0.0011314
v 0.0113877 0.0112000 0.0014782
v 0.0113877 0.0096000 0.0014782
v 0.0120000 0.0112000 0.0016000
v 0.0120000 0.0096000 0.0016000
v 0.0126123 0.0112000 0.0014782
v 0.0126123 0.0096000 0.0014782
v 0.0131314 0.0112000 0.0011314
v 0.0131314 0.0096000 0.0011314
v 0.0134782 0.0112000 0.0006123
v 0.0134782 0.0096000 0.0006123
v 0.0144000 0.0096000 -0.0000000
v 0.0142174 0.0096000 -0.0009185
v 0.0142174 0.0112000 -0.0009185
v 0.0144000 0.0112000 -0.0000000
v 0.0136970 0.0096000 -0.0016970
v 0.0136970 0.0112000 -0.0016970
v 0.0129185 0.0096000 -0.0022174
v 0.0129185 0.0112000 -0.0022174
v 0.0120000 0.0096000 -0.0024000
v 0.0120000 0.0112000 -0.0024000
v 0.0110815 0.0096000 -0.0022174
v 0.0110815 0.0112000 -0.0022174
v 0.0103030 0.0096000 -0.0016970
v 0.0103030 0.0112000 -0.0016970
v 0.0097826 0.0096000 -0.0009185
v 0.0097826 0.0112000 -0.0009185
v 0.0096000 0.0096000 -0.0000000
v 0.0096000 0.0112000 -0.0000000
v 0.0097826 0.0096000 0.0009185
v 0.0097826 0.0112000 0.0009185
v 0.0103030 0.0096000 0.0016970
v 0.0103030 0.0112000 0.0016970
v 0.0110815 0.0096000 0.0022174
v 0.0110815 0.0112000 0.0022174
v 0.0120000 0.0096000 0.0024000
v 0.0120000 0.0112000 0.0024000
v 0.0129185 0.0096000 0.0022174
v 0.0129185 0.0112000 0.0022174
v 0.0136970 0.0096000 0.0016970
v 0.0136970 0.0112000 0.0016970
v 0.0142174 0.0096000 0.0009185
v 0.0142174 0.0112000 0.0009185
v 0.0214782 0.0112000 -0.0006123
v 0.0214782 0.0096000 -0.0006123
v 0.0216000 0.0096000 -0.0000000
v 0.0216000 0.0112000 -0.0000000
v 0.0211314 0.0112000 -0.0011314
v 0.0211314 0.0096000 -0.0011314
v 0.0206123 0.0112000 -0.0014782
v 0.0206123 0.0096000 -0.0014782
v 0.0200000 0.0112000 -0.0016000
v 0.0200000 0.0096000 -0.0016000
v 0.0193877 0.0112000 -0.0014782
v 0.0193877 0.0096000 -0.0014782
v 0.0188686 0.0112000 -0.0011314
v 0.0188686 0.0096000 -0.0011314
v 0.0185218 0.0112000 -0.0006123
v 0.0185218 0.0096000 -0.0006123
v 0.0184000 0.0112000 -0.0000000
v 0.0184000 0.0096000 -0.0000000
v 0.0185218 0.0112000 0.0006123
v 0.0185218 0.0096000 0.0006123
v 0.0188686 0.0112000 0.0011314
v 0.0188686 0.0096000 0.0011314
v 0.0193877 0.0112000 0.0014782
v 0.0193877 0.0096000 0.0014782
v 0.0200000 0.0112000 0.0016000
v 0.0200000 0.0096000 0.0016000
v 0.0206123 0.0112000 0.0014782
v 0.0206123 0.0096000 0.0014782
v 0.0211314 0.0112000 0.0011314
v 0.0211314 0.0096000 0.0011314
v 0.0214782 0.0112000 0.0006123
v 0.0214782 0.0096000 0.0006123
v 0.0224000 0.0096000 -0.0000000
v 0.0222174 0.0096000 -0.0009185
v 0.0222174 0.0112000 -0.0009185
v 0.0224000 0.0112000 -0.0000000
v 0.0216970 0.0096000 -0.0016970
v 0.0216970 0.0112000 -0.0016970
v 0.0209185 0.0096000 -0.0022174
v 0.0209185 0.0112000 -0.0022174
v 0.0200000 0.0096000 -0.0024000
v 0.0200000 0.0112000 -0.0024000
v 0.0190815 0.0096000 -0.0022174
v 0.0190815 0.0112000 -0.0022174
v 0.0183030 0.0096000 -0.0016970
v 0.0183030 0.0112000 -0.0016970
v 0.0177826 0.0096000 -0.0009185
v 0.0177826 0.0112000 -0.0009185
v 0.0176000 0.0096000 -0.0000000
v 0.0176000 0.0112000 -0.0000000
v 0.0177826 0.0096000 0.0009185
v 0.0177826 0.0112000 0.0009185
v 0.0183030 0.0096000 0.0016970
v 0.0183030 0.0112000 0.0016970
v 0.0190815 0.0096000 0.0022174
v 0.0190815 0.0112000 0.0022174
v 0.0200000 0.0096000 0.0024000
v 0.0200000 0.0112000 0.0024000
v 0.0209185 0.0096000 0.0022174
v 0.0209185 0.0112000 0.0022174
v 0.0216970 0.0096000 0.0016970
v 0.0216970 0.0112000 0.0016970
v 0.0222174 0.0096000 0.0009185
v 0.0222174 0.0112000 0.0009185
v 0.0294782 0.0112000 -0.0006123
v 0.0294782 0.0096000 -0.0006123
v 0.0296000 0.0096000 -0.0000000
v 0.0296000 0.0112000 -0.0000000
v 0.0291314 0.0112000 -0.0011314
v 0.0291314 0.0096000 -0.0011314
v 0.0286123 0.0112000 -0.0014782
v 0.0286123 0.0096000 -0.0014782
v 0.0280000 0.0112000 -0.0016000
v 0.0280000 0.0096000 -0.0016000
v 0.0273877 0.0112000 -0.0014782
v 0.0273877 0.0096000 -0.0014782
v 0.0268686 0.0112000 -0.0011314
v 0.0268686 0.0096000 -0.0011314
v 0.0265218 0.0112000 -0.0006123
v 0.0265218 0.0096000 -0.0006123
v 0.0264000 0.0112000 -0.0000000
v 0.0264000 0.0096000 -0.0000000
v 0.0265218 0.0112000 0.0006123
v 0.0265218 0.0096000 0.0006123
v 0.0268686 0.0112000 0.0011314
v 0.0268686 0.0096000 0.0011314
v 0.0273877 0.0112000 0.0014782
v 0.0273877 0.0096000 0.0014782
v 0.0280000 0.0112000 0.0016000
v 0.0280000 0.0096000 0.0016000
v 0.0286123 0.0112000 0.0014782
v 0.0286123 0.0096000 0.0014782
v 0.0291314 0.0112000 0.0011314
v 0.0291314 0.0096000 0.0011314
v 0.0294782 0.0112000 0.0006123
v 0.0294782 0.0096000 0.0006123
v 0.0304000 0.0096000 -0.0000000
v 0.0302174 0.0096000 -0.0009185
v 0.0302174 0.0112000 -0.0009185
v 0.0304000 0.0112000 -0.0000000
v 0.0296970 0.0096000 -0.0016970
v 0.0296970 0.0112000 -0.0016970
v 0.0289185 0.0096000 -0.0022174
v 0.0289185 0.0112000 -0.0022174
v 0.0280000 0.0096000 -0.0024000
v 0.0280000 0.0112000 -0.0024000
v 0.0270815 0.0096000 -0.0022174
v 0.0270815 0.0112000 -0.0022174
v 0.0263030 0.0096000 -0.0016970
v 0.0263030 0.0112000 -0.0016970
v 0.0257826 0.0096000 -0.0009185
v 0.0257826 0.0112000 -0.0009185
v 0.0256000 0.0096000 -0.0000000
v 0.0256000 0.0112000 -0.0000000
v 0.0257826 0.0096000 0.0009185
v 0.0257826 0.0112000 0.0009185
v 0.0263030 0.0096000 0.0016970
v 0.0263030 0.0112000 0.0016970
v 0.0270815 0.0096000 0.0022174
v 0.0270815 0.0112000 0.0022174
v 0.0280000 0.0096000 0.0024000
v 0.0280000 0.0112000 0.0024000
v 0.0289185 0.0096000 0.0022174
v 0.0289185 0.0112000 0.0022174
v 0.0296970 0.0096000 0.0016970
v 0.0296970 0.0112000 0.0016970
v 0.0302174 0.0096000 0.0009185
v 0.0302174 0.0112000 0.0009185
v 0.0374782 0.0112000 -0.0006123
v 0.0374782 0.0096000 -0.0006123
v 0.0376000 0.0096000 -0.0000000
v 0.0376000 0.0112000 -0.0000000
v 0.0371314 0.0112000 -0.0011314
v 0.0371314 0.0096000 -0.0011314
v 0.0366123 0.0112000 -0.0014782
v 0.0366123 0.0096000 -0.0014782
v 0.0360000 0.0112000 -0.0016000
v 0.0360000 0.0096000 -0.0016000
v 0.0353877 0.0112000 -0.0014782
v 0.0353877 0.0096000 -0.0014782
v 0.0348686 0.0112000 -0.0011314
v 0.0348686 0.0096000 -0.0011314
v 0.0345218 0.0112000 -0.0006123
v 0.0345218 0.0096000 -0.0006123
v 0.0344000 0.0112000 -0.0000000
v 0.0344000 0.0096000 -0.0000000
v 0.0345218 0.0112000 0.0006123
v 0.0345218 0.0096000 0.0006123
v 0.0348686 0.0112000 0.0011314
v 0.0348686 0.0096000 0.0011314
v 0.0353877 0.0112000 0.0014782
v 0.0353877 0.0096000 0.0014782
v 0.0360000 0.0112000 0.0016000
v 0.0360000 0.0096000 0.0016000
v 0.0366123 0.0112000 0.0014782
v 0.0366123 0.0096000 0.0014782
v 0.0371314 0.0112000 0.0011314
v 0.0371314 0.0096000 0.0011314
v 0.0374782 0.0112000 0.0006123
v 0.0374782 0.0096000 0.0006123
v 0.0384000 0.0096000 -0.0000000
v 0.0382174 0.0096000 -0.0009185
v 0.0382174 0.0112000 -0.0009185
v 0.0384000 0.0112000 -0.0000000
v 0.0376970 0.0096000 -0.0016970
v 0.0376970 0.0112000 -0.0016970
v 0.0369185 0.0096000 -0.0022174
v 0.0369185 0.0112000 -0.0022174
v 0.0360000 0.0096000 -0.0024000
v 0.0360000 0.0112000 -0.0024000
v 0.0350815 0.0096000 -0.0022174
v 0.0350815 0.0112000 -0.0022174
v 0.0343030 0.0096000 -0.0016970
v 0.0343030 0.0112000 -0.0016970
v 0.0337826 0.0096000 -0.0009185
v 0.0337826 0.0112000 -0.0009185
v 0.0336000 0.0096000 -0.0000000
v 0.0336000 0.0112000 -0.0000000
v 0.0337826 0.0096000 0.0009185
v 0.0337826 0.0112000 0.0009185
v 0.0343030 0.0096000 0.0016970
v 0.0343030 0.0112000 0.0016970
v 0.0350815 0.0096000 0.0022174
v 0.0350815 0.0112000 0.0022174
v 0.0360000 0.0096000 0.0024000
v 0.0360000 0.0112000 0.0024000
v 0.0369185 0.0096000 0.0022174
v 0.0369185 0.0112000 0.0022174
v 0.0376970 0.0096000 0.0016970
v 0.0376970 0.0112000 0.0016970
v 0.0382174 0.0096000 0.0009185
v 0.0382174 0.0112000 0.0009185
v 0.0454782 0.0112000 -0.0006123
v 0.0454782 0.0096000 -0.0006123
v 0.0456000 0.0096000 -0.0000000
v 0.0456000 0.0112000 -0.0000000
v 0.0451314 0.0112000 -0.0011314
v 0.0451314 0.0096000 -0.0011314
v 0.0446123 0.0112000 -0.0014782
v 0.0446123 0.0096000 -0.0014782
v 0.0440000 0.0112000 -0.0016000
v 0.0440000 0.0096000 -0.0016000
v 0.0433877 0.0112000 -0.0014782
v 0.0433877 0.0096000 -0.0014782
v 0.0428686 0.0112000 -0.0011314
v 0.0428686 0.0096000 -0.0011314
v 0.0425218 0.0112000 -0.0006123
v 0.0425218 0.0096000 -0.0006123
v 0.0424000 0.0112000 -0.0000000
v 0.0424000 0.0096000 -0.0000000
v 0.0425218 0.0112000 0.0006123
v 0.0425218 0.0096000 0.0006123
v 0.0428686 0.0112000 0.0011314
v 0.0428686 0.0096000 0.0011314
v 0.0433877 0.0112000 0.0014782
v 0.0433877 0.0096000 0.0014782
v 0.0440000 0.0112000 0.0016000
v 0.0440000 0.0096000 0.0016000
v 0.0446123 0.0112000 0.0014782
v 0.0446123 0.0096000 0.0014782
v 0.0451314 0.0112000 0.0011314
v 0.0451314 0.0096000 0.0011314
v 0.0454782 0.0112000 0.0006123
v 0.0454782 0.0096000 0.0006123
v 0.0464000 0.0096000 -0.0000000
v 0.0462174 0.0096000 -0.0009185
v 0.0462174 0.0112000 -0.0009185
v 0.0464000 0.0112000 -0.0000000
v 0.0456970 0.0096000 -0.0016970
v 0.0456970 0.0112000 -0.0016970
v 0.0449185 0.0096000 -0.0022174
v 0.0449185 0.0112000 -0.0022174
v 0.0440000 0.0096000 -0.0024000
v 0.0440000 0.0112000 -0.0024000
v 0.0430815 0.0096000 -0.0022174
v 0.0430815 0.0112000 -0.0022174
v 0.0423030 0.0096000 -0.0016970
v 0.0423030 0.0112000 -0.0016970
v 0.0417826 0.0096000 -0.0009185
v 0.0417826 0.0112000 -0.0009185
v 0.0416000 0.0096000 -0.0000000
v 0.0416000 0.0112000 -0.0000000
v 0.0417826 0.0096000 0.0009185
v 0.0417826 0.0112000 0.0009185
v 0.0423030 0.0096000 0.0016970
v 0.0423030 0.0112000 0.0016970
v 0.0430815 0.0096000 0.0022174
v 0.0430815 0.0112000 0.0022174
v 0.0440000 0.0096000 0.0024000
v 0.0440000 0.0112000 0.0024000
v 0.0449185 0.0096000 0.0022174
v 0.0449185 0.0112000 0.0022174
v 0.0456970 0.0096000 0.0016970
v 0.0456970 0.0112000 0.0016970
v 0.0462174 0.0096000 0.0009185
v 0.0462174 0.0112000 0.0009185
v 0.0534782 0.0112000 -0.0006123
v 0.0534782 0.0096000 -0.0006123
v 0.0536000 0.0096000 -0.0000000
v 0.0536000 0.0112000 -0.0000000
v 0.0531314 0.0112000 -0.0011314
v 0.0531314 0.0096000 -0.0011314
v 0.0526123 0.0112000 -0.0014782
v 0.0526123 0.0096000 -0.0014782
v 0.0520000 0.0112000 -0.0016000
v 0.0520000 0.0096000 -0.0016000
v 0.0513877 0.0112000 -0.0014782
v 0.0513877 0.0096000 -0.0014782
v 0.0508686 0.0112000 -0.0011314
v 0.0508686 0.0096000 -0.0011314
v 0.0505218 0.0112000 -0.0006123
v 0.0505218 0.0096000 -0.0006123
v 0.0504000 0.0112000 -0.0000000
v 0.0504000 0.0096000 -0.0000000
v 0.0505218 0.0112000 0.0006123
v 0.0505218 0.0096000 0.0006123
v 0.0508686 0.0112000 0.0011314
v 0.0508686 0.0096000 0.0011314
v 0.0513877 0.0112000 0.0014782
v 0.0513877 0.0096000 0.0014782
v 0.0520000 0.0112000 0.0016000
v 0.0520000 0.0096000 0.0016000
v 0.0526123 0.0112000 0.0014782
v 0.0526123 0.0096000 0.0014782
v 0.0531314 0.0112000 0.0011314
v 0.0531314 0.0096000 0.0011314
v 0.0534782 0.0112000 0.0006123
v 0.0534782 0.0096000 0.0006123
v 0.0544000 0.0096000 -0.0000000
v 0.0542174 0.0096000 -0.0009185
v 0.0542174 0.0112000 -0.0009185
v 0.0544000 0.0112000 -0.0000000
v 0.0536970 0.0096000 -0.0016970
v 0.0536970 0.0112000 -0.0016970
v 0.0529185 0.0096000 -0.0022174
v 0.0529185 0.0112000 -0.0022174
v 0.0520000 0.0096000 -0.0024000
v 0.0520000 0.0112000 -0.0024000
v 0.0510815 0.0096000 -0.0022174
v 0.0510815 0.0112000 -0.0022174
v 0.0503030 0.0096000 -0.0016970
v 0.0503030 0.0112000 -0.0016970
v 0.0497826 0.0096000 -0.0009185
v 0.0497826 0.0112000 -0.0009185
v 0.0496000 0.0096000 -0.0000000
v 0.0496000 0.0112000 -0.0000000
v 0.0497826 0.0096000 0.0009185
v 0.0497826 0.0112000 0.0009185
v 0.0503030 0.0096000 0.0016970
v 0.0503030 0.0112000 0.0016970
v 0.0510815 0.0096000 0.0022174
v 0.0510815 0.0112000 0.0022174
v 0.0520000 0.0096000 0.0024000
v 0.0520000 0.0112000 0.0024000
v 0.0529185 0.0096000 0.0022174
v 0.0529185 0.0112000 0.0022174
v 0.0536970 0.0096000 0.0016970
v 0.0536970 0.0112000 0.0016970
v 0.0542174 0.0096000 0.0009185
v 0.0542174 0.0112000 0.0009185
v 0.0054782 0.0112000 -0.0006123
v 0.0054782 0.0096000 -0.0006123
v 0.0056000 0.0096000 -0.0000000
v 0.0056000 0.0112000 -0.0000000
v 0.0051314 0.0112000 -0.0011314
v 0.0051314 0.0096000 -0.0011314
v 0.0046123 0.0112000 -0.0014782
v 0.0046123 0.0096000 -0.0014782
v 0.0040000 0.0112000 -0.0016000
v 0.0040000 0.0096000 -0.0016000
v 0.0033877 0.0112000 -0.0014782
v 0.0033877 0.0096000 -0.0014782
v 0.0028686 0.0112000 -0.0011314
v 0.0028686 0.0096000 -0.0011314
v 0.0025218 0.0112000 -0.0006123
v 0.0025218 0.0096000 -0.0006123
v 0.0024000 0.0112000 -0.0000000
v 0.0024000 0.0096000 -0.0000000
v 0.0025218 0.0112000 0.0006123
v 0.0025218 0.0096000 0.0006123
v 0.0028686 0.0112000 0.0011314
v 0.0028686 0.0096000 0.0011314
v 0.0033877 0.0112000 0.0014782
v 0.0033877 0.0096000 0.0014782
v 0.0040000 0.0112000 0.0016000
v 0.0040000 0.0096000 0.0016000
v 0.0046123 0.0112000 0.0014782
v 0.0046123 0.0096000 0.0014782
v 0.0051314 0.0112000 0.0011314
v 0.0051314 0.0096000 0.0011314
v 0.0054782 0.0112000 0.0006123
v 0.0054782 0.0096000 0.0006123
v 0.0064000 0.0096000 -0.0000000
v 0.0062174 0.0096000 -0.0009185
v 0.0062174 0.0112000 -0.0009185
v 0.0064000 0.0112000 -0.0000000
v 0.0056970 0.0096000 -0.0016970
v 0.0056970 0.0112000 -0.0016970
v 0.0049185 0.0096000 -0.0022174
v 0.0049185 0.0112000 -0.0022174
v 0.0040000 0.0096000 -0.0024000
v 0.0040000 0.0112000 -0.0024000
v 0.0030815 0.0096000 -0.0022174
v 0.0030815 0.0112000 -0.0022174
v 0.0023030 0.0096000 -0.0016970
v 0.0023030 0.0112000 -0.0016970
v 0.0017826 0.0096000 -0.0009185
v 0.0017826 0.0112000 -0.0009185
v 0.0016000 0.0096000 -0.0000000
v 0.0016000 0.0112000 -0.0000000
v 0.0017826 0.0096000 0.0009185
v 0.0017826 0.0112000 0.0009185
v 0.0023030 0.0096000 0.0016970
v 0.0023030 0.0112000 0.0016970
v 0.0030815 0.0096000 0.0022174
v 0.0030815 0.0112000 0.0022174
v 0.0040000 0.0096000 0.0024000
v 0.0040000 0.0112000 0.0024000
v 0.0049185 0.0096000 0.0022174
v 0.0049185 0.0112000 0.0022174
v 0.0056970 0.0096000 0.0016970
v 0.0056970 0.0112000 0.0016970
v 0.0062174 0.0096000 0.0009185
v 0.0062174 0.0112000 0.0009185
v -0.0025218 0.0112000 -0.0006123
v -0.0025218 0.0096000 -0.0006123
v -0.0024000 0.0096000 -0.0000000
v -0.0024000 0.0112000 -0.0000000
v -0.0028686 0.0112000 -0.0011314
v -0.0028686 0.0096000 -0.0011314
v -0.0033877 0.0112000 -0.0014782
v -0.0033877 0.0096000 -0.0014782
v -0.0040000 0.0112000 -0.0016000
v -0.0040000 0.0096000 -0.0016000
v -0.0046123 0.0112000 -0.0014782
v -0.0046123 0.0096000 -0.0014782
v -0.0051314 0.0112000 -0.0011314
v -0.0051314 0.0096000 -0.0011314
v -0.0054782 0.0112000 -0.0006123
v -0.0054782 0.0096000 -0.0006123
v -0.0056000 0.0112000 -0.0000000
v -0.0056000 0.0096000 -0.0000000
v -0.0054782 0.0112000 0.0006123
v -0.0054782 0.0096000 0.0006123
v -0.0051314 0.0112000 0.0011314
v -0.0051314 0.0096000 0.0011314
v -0.0046123 0.0112000 0.0014782
v -0.0046123 0.0096000 0.0014782
v -0.0040000 0.0112000 0.0016000
v -0.0040000 0.0096000 0.0016000
v -0.0033877 0.0112000 0.0014782
v -0.0033877 0.0096000 0.0014782
v -0.0028686 0.0112000 0.0011314
v -0.0028686 0.0096000 0.0011314
v -0.0025218 0.0112000 0.0006123
v -0.0025218 0.0096000 0.0006123
v -0.0016000 0.0096000 -0.0000000
v -0.0017826 0.0096000 -0.0009185
v -0.0017826 0.0112000 -0.0009185
v -0.0016000 0.0112000 -0.0000000
v -0.0023030 0.0096000 -0.0016970
v -0.0023030 0.0112000 -0.0016970
v -0.0030815 0.0096000 -0.0022174
v -0.0030815 0.0112000 -0.0022174
v -0.0040000 0.0096000 -0.0024000
v -0.0040000 0.0112000 -0.0024000
v -0.0049185 0.0096000 -0.0022174
v -0.0049185 0.0112000 -0.0022174
v -0.0056970 0.0096000 -0.0016970
v -0.0056970 0.0112000 -0.0016970
v -0.0062174 0.0096000 -0.0009185
v -0.0062174 0.0112000 -0.0009185
v -0.0064000 0.0096000 -0.0000000
v -0.0064000 0.0112000 -0.0000000
v -0.0062174 0.0096000 0.0009185
v -0.0062174 0.0112000 0.0009185
v -0.0056970 0.0096000 0.0016970
v -0.0056970 0.0112000 0.0016970
v -0.0049185 0.0096000 0.0022174
v -0.0049185 0.0112000 0.0022174
v -0.0040000 0.0096000 0.0024000
v -0.0040000 0.0112000 0.0024000
v -0.0030815 0.0096000 0.0022174
v -0.0030815 0.0112000 0.0022174
v -0.0023030 0.0096000 0.0016970
v -0.0023030 0.0112000 0.0016970
v -0.0017826 0.0096000 0.0009185
v -0.0017826 0.0112000 0.0009185
v -0.0105218 0.0112000 -0.0006123
v -0.0105218 0.0096000 -0.0006123
v -0.0104000 0.0096000 -0.0000000
v -0.0104000 0.0112000 -0.0000000
v -0.0108686 0.0112000 -0.0011314
v -0.0108686 0.0096000 -0.0011314
v -0.0113877 0.0112000 -0.0014782
v -0.0113877 0.0096000 -0.0014782
v -0.0120000 0.0112000 -0.0016000
v -0.0120000 0.0096000 -0.0016000
v -0.0126123 0.0112000 -0.0014782
v -0.0126123 0.0096000 -0.0014782
v -0.0131314 0.0112000 -0.0011314
v -0.0131314 0.0096000 -0.0011314
v -0.0134782 0.0112000 -0.0006123
v -0.0134782 0.0096000 -0.0006123
v -0.0136000 0.0112000 -0.0000000
v -0.0136000 0.0096000 -0.0000000
v -0.0134782 0.0112000 0.0006123
v -0.0134782 0.0096000 0.0006123
v -0.0131314 0.0112000 0.0011314
v -0.0131314 0.0096000 0.0011314
v -0.0126123 0.0112000 0.0014782
v -0.0126123 0.0096000 0.0014782
v -0.0120000 0.0112000 0.0016000
v -0.0120000 0.0096000 0.0016000
v -0.0113877 0.0112000 0.0014782
v -0.0113877 0.0096000 0.0014782
v -0.0108686 0.0112000 0.0011314
v -0.0108686 0.0096000 0.0011314
v -0.0105218 0.0112000 0.0006123
v -0.0105218 0.0096000 0.0006123
v -0.0096000 0.0096000 -0.0000000
v -0.0097826 0.0096000 -0.0009185
v -0.0097826 0.0112000 -0.0009185
v -0.0096000 0.0112000 -0.0000000
v -0.0103030 0.0096000 -0.0016970
v -0.0103030 0.0112000 -0.0016970
v -0.0110815 0.0096000 -0.0022174
v -0.0110815 0.0112000 -0.0022174
v -0.0120000 0.0096000 -0.0024000
v -0.0120000 0.0112000 -0.0024000
v -0.0129185 0.0096000 -0.0022174
v -0.0129185 0.0112000 -0.0022174
v -0.0136970 0.0096000 -0.0016970
v -0.0136970 0.0112000 -0.0016970
v -0.0142174 0.0096000 -0.0009185
v -0.0142174 0.0112000 -0.0009185
v -0.0144000 0.0096000 -0.0000000
v -0.0144000 0.0112000 -0.0000000
v -0.0142174 0.0096000 0.0009185
v -0.0142174 0.0112000 0.0009185
v -0.0136970 0.0096000 0.0016970
v -0.0136970 0.0112000 0.0016970
v -0.0129185 0.0096000 0.0022174
v -0.0129185 0.0112000 0.0022174
v -0.0120000 0.0096000 0.0024000
v -0.0120000 0.0112000 0.0024000
v -0.0110815 0.0096000 0.0022174
v -0.0110815 0.0112000 0.0022174
v -0.0103030 0.0096000 0.0016970
v -0.0103030 0.0112000 0.0016970
v -0.0097826 0.0096000 0.0009185
v -0.0097826 0.0112000 0.0009185
v -0.0185218 0.0112000 -0.0006123
v -0.0185218 0.0096000 -0.0006123
v -0.0184000 0.0096000 -0.0000000
v -0.0184000 0.0112000 -0.0000000
v -0.0188686 0.0112000 -0.0011314
v -0.0188686 0.0096000 -0.0011314
v -0.0193877 0.0112000 -0.0014782
v -0.0193877 0.0096000 -0.0014782
v -0.0200000 0.0112000 -0.0016000
v -0.0200000 0.0096000 -0.0016000
v -0.0206123 0.0112000 -0.0014782
v -0.0206123 0.0096000 -0.0014782
v -0.0211314 0.0112000 -0.0011314
v -0.0211314 0.0096000 -0.0011314
v -0.0214782 0.0112000 -0.0006123
v -0.0214782 0.0096000 -0.0006123
v -0.0216000 0.0112000 -0.0000000
v -0.0216000 0.0096000 -0.0000000
v -0.0214782 0.0112000 0.0006123
v -0.0214782 0.0096000 0.0006123
v -0.0211314 0.0112000 0.0011314
v -0.0211314 0.0096000 0.0011314
v -0.0206123 0.0112000 0.0014782
v -0.0206123 0.0096000 0.0014782
v -0.0200000 0.0112000 0.0016000
v -0.0200000 0.0096000 0.0016000
v -0.0193877 0.0112000 0.0014782
v -0.0193877 0.0096000 0.0014782
v -0.0188686 0.0112000 0.0011314
v -0.0188686 0.0096000 0.0011314
v -0.0185218 0.0112000 0.0006123
v -0.0185218 0.0096000 0.0006123
v -0.0176000 0.0096000 -0.0000000
v -0.0177826 0.0096000 -0.0009185
v -0.0177826 0.0112000 -0.0009185
v -0.0176000 0.0112000 -0.0000000
v -0.0183030 0.0096000 -0.0016970
v -0.0183030 0.0112000 -0.0016970
v -0.0190815 0.0096000 -0.0022174
v -0.0190815 0.0112000 -0.0022174
v -0.0200000 0.0096000 -0.0024000
v -0.0200000 0.0112000 -0.0024000
v -0.0209185 0.0096000 -0.0022174
v -0.0209185 0.0112000 -0.0022174
v -0.0216970 0.0096000 -0.0016970
v -0.0216970 0.0112000 -0.0016970
v -0.0222174 0.0096000 -0.0009185
v -0.0222174 0.0112000 -0.0009185
v -0.0224000 0.0096000 -0.0000000
v -0.0224000 0.0112000 -0.0000000
v -0.0222174 0.0096000 0.0009185
v -0.0222174 0.0112000 0.0009185
v -0.0216970 0.0096000 0.0016970
v -0.0216970 0.0112000 0.0016970
v -0.0209185 0.0096000 0.0022174
v -0.0209185 0.0112000 0.0022174
v -0.0200000 0.0096000 0.0024000
v -0.0200000 0.0112000 0.0024000
v -0.0190815 0.0096000 0.0022174
v -0.0190815 0.0112000 0.0022174
v -0.0183030 0.0096000 0.0016970
v -0.0183030 0.0112000 0.0016970
v -0.0177826 0.0096000 0.0009185
v -0.0177826 0.0112000 0.0009185
v -0.0265218 0.0112000 -0.0006123
v -0.0265218 0.0096000 -0.0006123
v -0.0264000 0.0096000 -0.0000000
v -0.0264000 0.0112000 -0.0000000
v -0.0268686 0.0112000 -0.0011314
v -0.0268686 0.0096000 -0.0011314
v -0.0273877 0.0112000 -0.0014782
v -0.0273877 0.0096000 -0.0014782
v -0.0280000 0.0112000 -0.0016000
v -0.0280000 0.0096000 -0.0016000
v -0.0286123 0.0112000 -0.0014782
v -0.0286123 0.0096000 -0.0014782
v -0.0291314 0.0112000 -0.0011314
v -0.0291314 0.0096000 -0.0011314
v -0.0294782 0.0112000 -0.0006123
v -0.0294782 0.0096000 -0.0006123
v -0.0296000 0.0112000 -0.0000000
v -0.0296000 0.0096000 -0.0000000
v -0.0294782 0.0112000 0.0006123
v -0.0294782 0.0096000 0.0006123
v -0.0291314 0.0112000 0.0011314
v -0.0291314 0.0096000 0.0011314
v -0.0286123 0.0112000 0.0014782
v -0.0286123 0.0096000 0.0014782
v -0.0280000 0.0112000 0.0016000
v -0.0280000 0.0096000 0.0016000
v -0.0273877 0.0112000 0.0014782
v -0.0273877 0.0096000 0.0014782
v -0.0268686 0.0112000 0.0011314
v -0.0268686 0.0096000 0.0011314
v -0.0265218 0.0112000 0.0006123
v -0.0265218 0.0096000 0.0006123
v -0.0256000 0.0096000 -0.0000000
v -0.0257826 0.0096000 -0.0009185
v -0.0257826 0.0112000 -0.0009185
v -0.0256000 0.0112000 -0.0000000
v -0.0263030 0.0096000 -0.0016970
v -0.0263030 0.0112000 -0.0016970
v -0.0270815 0.0096000 -0.0022174
v -0.0270815 0.0112000 -0.0022174
v -0.0280000 0.0096000 -0.0024000
v -0.0280000 0.0112000 -0.0024000
v -0.0289185 0.0096000 -0.0022174
v -0.0289185 0.0112000 -0.0022174
v -0.0296970 0.0096000 -0.0016970
v -0.0296970 0.0112000 -0.0016970
v -0.0302174 0.0096000 -0.0009185
v -0.0302174 0.0112000 -0.0009185
v -0.0304000 0.0096000 -0.0000000
v -0.0304000 0.0112000 -0.0000000
v -0.0302174 0.0096000 0.0009185
v -0.0302174 0.0112000 0.0009185
v -0.0296970 0.0096000 0.0016970
v -0.0296970 0.0112000 0.0016970
v -0.0289185 0.0096000 0.0022174
v -0.0289185 0.0112000 0.0022174
v -0.0280000 0.0096000 0.0024000
v -0.0280000 0.0112000 0.0024000
v -0.0270815 0.0096000 0.0022174
v -0.0270815 0.0112000 0.0022174
v -0.0263030 0.0096000 0.0016970
v -0.0263030 0.0112000 0.0016970
v -0.0257826 0.0096000 0.0009185
v -0.0257826 0.0112000 0.0009185
v -0.0345218 0.0112000 -0.0006123
v -0.0345218 0.0096000 -0.0006123
v -0.0344000 0.0096000 -0.0000000
v -0.0344000 0.0112000 -0.0000000
v -0.0348686 0.0112000 -0.0011314
v -0.0348686 0.0096000 -0.0011314
v -0.0353877 0.0112000 -0.0014782
v -0.0353877 0.0096000 -0.0014782
v -0.0360000 0.0112000 -0.0016000
v -0.0360000 0.0096000 -0.0016000
v -0.0366123 0.0112000 -0.0014782
v -0.0366123 0.0096000 -0.0014782
v -0.0371314 0.0112000 -0.0011314
v -0.0371314 0.0096000 -0.0011314
v -0.0374782 0.0112000 -0.0006123
v -0.0374782 0.0096000 -0.0006123
v -0.0376000 0.0112000 -0.0000000
v -0.0376000 0.0096000 -0.0000000
v -0.0374782 0.0112000 0.0006123
v -0.0374782 0.0096000 0.0006123
v -0.0371314 0.0112000 0.0011314
v -0.0371314 0.0096000 0.0011314
v -0.0366123 0.0112000 0.0014782
v -0.0366123 0.0096000 0.0014782
v -0.0360000 0.0112000 0.0016000
v -0.0360000 0.0096000 0.0016000
v -0.0353877 0.0112000 0.0014782
v -0.0353877 0.0096000 0.0014782
v -0.0348686 0.0112000 0.0011314
v -0.0348686 0.0096000 0.0011314
v -0.0345218 0.0112000 0.0006123
v -0.0345218 0.0096000 0.0006123
v -0.0336000 0.0096000 -0.0000000
v -0.0337826 0.0096000 -0.0009185
v -0.0337826 0.0112000 -0.0009185
v -0.0336000 0.0112000 -0.0000000
v -0.0343030 0.0096000 -0.0016970
v -0.0343030 0.0112000 -0.0016970
v -0.0350815 0.0096000 -0.0022174
v -0.0350815 0.0112000 -0.0022174
v -0.0360000 0.0096000 -0.0024000
v -0.0360000 0.0112000 -0.0024000
v -0.0369185 0.0096000 -0.0022174
v -0.0369185 0.0112000 -0.0022174
v -0.0376970 0.0096000 -0.0016970
v -0.0376970 0.0112000 -0.0016970
v -0.0382174 0.0096000 -0.0009185
v -0.0382174 0.0112000 -0.0009185
v -0.0384000 0.0096000 -0.0000000
v -0.0384000 0.0112000 -0.0000000
v -0.0382174 0.0096000 0.0009185
v -0.0382174 0.0112000 0.0009185
v -0.0376970 0.0096000 0.0016970
v -0.0376970 0.0112000 0.0016970
v -0.0369185 0.0096000 0.0022174
v -0.0369185 0.0112000 0.0022174
v -0.0360000 0.0096000 0.0024000
v -0.0360000 0.0112000 0.0024000
v -0.0350815 0.0096000 0.0022174
v -0.0350815 0.0112000 0.0022174
v -0.0343030 0.0096000 0.0016970
v -0.0343030 0.0112000 0.0016970
v -0.0337826 0.0096000 0.0009185
v -0.0337826 0.0112000 0.0009185
v -0.0425218 0.0112000 -0.0006123
v -0.0425218 0.0096000 -0.0006123
v -0.0424000 0.0096000 -0.0000000
v -0.0424000 0.0112000 -0.0000000
v -0.0428686 0.0112000 -0.0011314
v -0.0428686 0.0096000 -0.0011314
v -0.0433877 0.0112000 -0.0014782
v -0.0433877 0.0096000 -0.0014782
v -0.0440000 0.0112000 -0.0016000
v -0.0440000 0.0096000 -0.0016000
v -0.0446123 0.0112000 -0.0014782
v -0.0446123 0.0096000 -0.0014782
v -0.0451314 0.0112000 -0.0011314
v -0.0451314 0.0096000 -0.0011314
v -0.0454782 0.0112000 -0.0006123
v -0.0454782 0.0096000 -0.0006123
v -0.0456000 0.0112000 -0.0000000
v -0.0456000 0.0096000 -0.0000000
v -0.0454782 0.0112000 0.0006123
v -0.0454782 0.0096000 0.0006123
v -0.0451314 0.0112000 0.0011314
v -0.0451314 0.0096000 0.0011314
v -0.0446123 0.0112000 0.0014782
v -0.0446123 0.0096000 0.0014782
v -0.0440000 0.0112000 0.0016000
v -0.0440000 0.0096000 0.0016000
v -0.0433877 0.0112000 0.0014782
v -0.0433877 0.0096000 0.0014782
v -0.0428686 0.0112000 0.0011314
v -0.0428686 0.0096000 0.0011314
v -0.0425218 0.0112000 0.0006123
v -0.0425218 0.0096000 0.0006123
v -0.0416000 0.0096000 -0.0000000
v -0.0417826 0.0096000 -0.0009185
v -0.0417826 0.0112000 -0.0009185
v -0.0416000 0.0112000 -0.0000000
v -0.0423030 0.0096000 -0.0016970
v -0.0423030 0.0112000 -0.0016970
v -0.0430815 0.0096000 -0.0022174
v -0.0430815 0.0112000 -0.0022174
v -0.0440000 0.0096000 -0.0024000
v -0.0440000 0.0112000 -0.0024000
v -0.0449185 0.0096000 -0.0022174
v -0.0449185 0.0112000 -0.0022174
v -0.0456970 0.0096000 -0.0016970
v -0.0456970 0.0112000 -0.0016970
v -0.0462174 0.0096000 -0.0009185
v -0.0462174 0.0112000 -0.0009185
v -0.0464000 0.0096000 -0.0000000
v -0.0464000 0.0112000 -0.0000000
v -0.0462174 0.0096000 0.0009185
v -0.0462174 0.0112000 0.0009185
v -0.0456970 0.0096000 0.0016970
v -0.0456970 0.0112000 0.0016970
v -0.0449185 0.0096000 0.0022174
v -0.0449185 0.0112000 0.0022174
v -0.0440000 0.0096000 0.0024000
v -0.0440000 0.0112000 0.0024000
v -0.0430815 0.0096000 0.0022174
v -0.0430815 0.0112000 0.0022174
v -0.0423030 0.0096000 0.0016970
v -0.0423030 0.0112000 0.0016970
v -0.0417826 0.0096000 0.0009185
v -0.0417826 0.0112000 0.0009185
v -0.0505218 0.0112000 -0.0006123
v -0.0505218 0.0096000 -0.0006123
v -0.0504000 0.0096000 -0.0000000
v -0.0504000 0.0112000 -0.0000000
v -0.0508686 0.0112000 -0.0011314
v -0.0508686 0.0096000 -0.0011314
v -0.0513877 0.0112000 -0.0014782
v -0.0513877 0.0096000 -0.0014782
v -0.0520000 0.0112000 -0.0016000
v -0.0520000 0.0096000 -0.0016000
v -0.0526123 0.0112000 -0.0014782
v -0.0526123 0.0096000 -0.0014782
v -0.0531314 0.0112000 -0.0011314
v -0.0531314 0.0096000 -0.0011314
v -0.0534782 0.0112000 -0.0006123
v -0.0534782 0.0096000 -0.0006123
v -0.0536000 0.0112000 -0.0000000
v -0.0536000 0.0096000 -0.0000000
v -0.0534782 0.0112000 0.0006123
v -0.0534782 0.0096000 0.0006123
v -0.0531314 0.0112000 0.0011314
v -0.0531314 0.0096000 0.0011314
v -0.0526123 0.0112000 0.0014782
v -0.0526123 0.0096000 0.0014782
v -0.0520000 0.0112000 0.0016000
v -0.0520000 0.0096000 0.0016000
v -0.0513877 0.0112000 0.0014782
v -0.0513877 0.0096000 0.0014782
v -0.0508686 0.0112000 0.0011314
v -0.0508686 0.0096000 0.0011314
v -0.0505218 0.0112000 0.0006123
v -0.0505218 0.0096000 0.0006123
v -0.0496000 0.0096000 -0.0000000
v -0.0497826 0.0096000 -0.0009185
v -0.0497826 0.0112000 -0.0009185
v -0.0496000 0.0112000 -0.0000000
v -0.0503030 0.0096000 -0.0016970
v -0.0503030 0.0112000 -0.0016970
v -0.0510815 0.0096000 -0.0022174
v -0.0510815 0.0112000 -0.0022174
v -0.0520000 0.0096000 -0.0024000
v -0.0520000 0.0112000 -0.0024000
v -0.0529185 0.0096000 -0.0022174
v -0.0529185 0.0112000 -0.0022174
v -0.0536970 0.0096000 -0.0016970
v -0.0536970 0.0112000 -0.0016970
v -0.0542174 0.0096000 -0.0009185
v -0.0542174 0.0112000 -0.0009185
v -0.0544000 0.0096000 -0.0000000
v -0.0544000 0.0112000 -0.0000000
v -0.0542174 0.0096000 0.0009185
v -0.0542174 0.0112000 0.0009185
v -0.0536970 0.0096000 0.0016970
v -0.0536970 0.0112000 0.0016970
v -0.0529185 0.0096000 0.0022174
v -0.0529185 0.0112000 0.0022174
v -0.0520000 0.0096000 0.0024000
v -0.0520000 0.0112000 0.0024000
v -0.0510815 0.0096000 0.0022174
v -0.0510815 0.0112000 0.0022174
v -0.0503030 0.0096000 0.0016970
v -0.0503030 0.0112000 0.0016970
v -0.0497826 0.0096000 0.0009185
v -0.0497826 0.0112000 0.0009185
vn 0.0 -1.0 0.0
vn 0.9471789 0.0 -0.3207056
vn 0.8981164 6.6e-06 -0.4397578
vn 0.9978908 0.0 -0.0649152
vn 0.9978089 0.0 0.0661621
vn 0.7523546 0.0 -0.6587584
vn 0.660077 0.0 -0.7511979
vn 0.442928 0.0 -0.8965572
vn 0.322751 0.0 -0.9464839
vn 0.0661621 0.0 -0.9978089
vn -0.0640059 0.0 -0.9979495
vn -0.3207056 0.0 -0.9471789
vn -0.4445198 0.0 -0.895769
vn -0.6587584 0.0 -0.7523546
vn -0.7497893 0.0 -0.6616767
vn -0.8965572 0.0 -0.442928
vn -0.9456884 6.2e-06 -0.3250746
vn -0.9978089 0.0 -0.0661621
vn -0.9978908 0.0 0.0649152
vn -0.9471789 0.0 0.3207056
vn -0.8981164 6.6e-06 0.4397578
vn -0.7523546 0.0 0.6587584
vn -0.660077 0.0 0.7511979
vn -0.442928 0.0 0.8965572
vn -0.322751 0.0 0.9464839
vn -0.0661621 0.0 0.9978089
vn 0.0640059 0.0 0.9979495
vn 0.3207056 0.0 0.9471789
vn 0.4445198 0.0 0.895769
vn 0.6587584 0.0 0.7523546
vn 0.7497893 0.0 0.6616767
vn 0.8965572 0.0 0.442928
vn 0.9456884 6.2e-06 0.3250746
vn 0.9572482 0.0 -0.2892678
vn 0.998287 0.0 0.0585063
vn 0.8314844 0.0001394 -0.5555481
vn 0.7278218 0.0001023 -0.6857662
vn 0.4687443 0.0 -0.8833339
vn -0.3826547 0.0 -0.9238914
vn -0.6978137 8.32e-05 -0.7162793
vn -0.8314844 0.0001394 -0.5555481
vn -0.9352474 0.0 -0.3539946
vn -0.998287 0.0 -0.0585063
vn -0.9572482 0.0 0.2892678
vn -0.8314844 0.0001394 0.5555481
vn -0.7278218 0.0001023 0.6857662
vn -0.4687443 0.0 0.8833339
vn 0.3826547 0.0 0.9238914
vn 0.6978137 8.32e-05 0.7162793
vn 0.8314844 0.0001394 0.5555481
vn 0.9352474 0.0 0.3539946
vn 0.0 0.0 -1.0
vn -0.9471761 0.3207139 0.0
vn -0.8965142 0.4430151 0.0
vn -0.9978107 0.066135 0.0
vn -0.9978107 -0.066135 0.0
vn -0.7523142 0.6588045 0.0
vn -0.6588045 0.7523142 0.0
vn -0.4430151 0.8965142 0.0
vn -0.3207139 0.9471761 0.0
vn -0.066135 0.9978107 0.0
vn 0.066135 0.9978107 0.0
vn 0.3207139 0.9471761 0.0
vn 0.4430151 0.8965142 0.0
vn 0.6588045 0.7523142 0.0
vn 0.7523142 0.6588045 0.0
vn 0.8965142 0.4430151 0.0
vn 0.9471761 0.3207139 0.0
vn 0.9978107 0.066135 0.0
vn 0.9978107 -0.066135 0.0
vn 0.9471761 -0.3207139 0.0
vn 0.8965142 -0.4430151 0.0
vn 0.7523142 -0.6588045 0.0
vn 0.6588045 -0.7523142 0.0
vn 0.4430151 -0.8965142 0.0
vn 0.3207139 -0.9471761 0.0
vn 0.066135 -0.9978107 0.0
vn -0.066135 -0.9978107 0.0
vn -0.3207139 -0.9471761 0.0
vn -0.4430151 -0.8965142 0.0
vn -0.6588045 -0.7523142 0.0
vn -0.7523142 -0.6588045 0.0
vn -0.8965142 -0.4430151 0.0
vn -0.9471761 -0.3207139 0.0
vn 0.0 0.0 1.0
vn 1.0 0.0 0.0
vn 0.9991842 -0.0403846 0.0
vn 0.9949948 -0.0999263 0.0
vn -1.0 0.0 0.0
vn -0.9991842 -0.0403846 0.0
vn -0.9949948 -0.0999263 0.0
vn -0.947177 0.3207111 0.0
vn -0.8964963 0.4430513 0.0
vn -0.9978115 0.0661224 0.0
vn -0.9978115 -0.0661224 0.0
vn -0.752294 0.6588276 0.0
vn -0.6588276 0.752294 0.0
vn -0.4430513 0.8964963 0.0
vn -0.3207111 0.947177 0.0
vn -0.0661224 0.9978115 0.0
vn 0.0661224 0.9978115 0.0
vn 0.3207111 0.947177 0.0
vn 0.4430513 0.8964963 0.0
vn 0.6588276 0.752294 0.0
vn 0.752294 0.6588276 0.0
vn 0.8964963 0.4430513 0.0
vn 0.947177 0.3207111 0.0
vn 0.9978115 0.0661224 0.0
vn 0.9978115 -0.0661224 0.0
vn 0.947177 -0.3207111 0.0
vn 0.8964963 -0.4430513 0.0
vn 0.752294 -0.6588276 0.0
vn 0.6588276 -0.752294 0.0
vn 0.4430513 -0.8964963 0.0
vn 0.3207111 -0.947177 0.0
vn 0.0661224 -0.9978115 0.0
vn -0.0661224 -0.9978115 0.0
vn -0.3207111 -0.947177 0.0
vn -0.4430513 -0.8964963 0.0
vn -0.6588276 -0.752294 0.0
vn -0.752294 -0.6588276 0.0
vn -0.8964963 -0.4430513 0.0
vn -0.947177 -0.3207111 0.0
vn 0.0 1.0 0.0
vn -0.8965572 0.0 0.442928
vn -0.9978089 0.0 0.0661621
vn -0.6587584 0.0 0.7523546
vn -0.3207056 0.0 0.9471789
vn 0.0661621 0.0 0.9978089
vn 0.442928 0.0 0.8965572
vn 0.7523546 0.0 0.6587584
vn 0.9471789 0.0 0.3207056
vn 0.9978089 0.0 -0.0661621
vn 0.8965572 0.0 -0.442928
vn 0.6587584 0.0 -0.7523546
vn 0.3207056 0.0 -0.9471789
vn -0.0661621 0.0 -0.9978089
vn -0.442928 0.0 -0.8965572
vn -0.7523546 0.0 -0.6587584
vn -0.9471789 0.0 -0.3207056
vn 0.9978115 0.0 -0.0661224
vn 0.8964963 0.0 -0.4430513
vn 0.947177 0.0 -0.3207111
vn 0.9978115 0.0 0.0661224
vn 0.6588276 0.0 -0.752294
vn 0.752294 0.0 -0.6588276
vn 0.3207111 0.0 -0.947177
vn 0.4430513 0.0 -0.8964963
vn -0.0661224 0.0 -0.9978115
vn 0.0661224 0.0 -0.9978115
vn -0.4430513 0.0 -0.8964963
vn -0.3207111 0.0 -0.947177
vn -0.752294 0.0 -0.6588276
vn -0.6588276 0.0 -0.752294
vn -0.947177 0.0 -0.3207111
vn -0.8964963 0.0 -0.4430513
vn -0.9978115 0.0 0.0661224
vn -0.9978115 0.0 -0.0661224
vn -0.8964963 0.0 0.4430513
vn -0.947177 0.0 0.3207111
vn -0.6588276 0.0 0.752294
vn -0.752294 0.0 0.6588276
vn -0.3207111 0.0 0.947177
vn -0.4430513 0.0 0.8964963
vn 0.0661224 0.0 0.9978115
vn -0.0661224 0.0 0.9978115
vn 0.4430513 0.0 0.8964963
vn 0.3207111 0.0 0.947177
vn 0.752294 0.0 0.6588276
vn 0.6588276 0.0 0.752294
vn 0.947177 0.0 0.3207111
vn 0.8964963 0.0 0.4430513
f 1//1 2//1 3//1
f 4//1 1//1 3//1
f 5//1 4//1 3//1
f 6//1 5//1 3//1
f 7//1 6//1 3//1
f 8//1 7//1 3//1
f 9//1 8//1 3//1
f 10//1 9//1 3//1
f 11//1 10//1 3//1
f 12//1 11//1 3//1
f 13//1 12//1 3//1
f 14//1 13//1 3//1
f 15//1 14//1 3//1
f 16//1 15//1 3//1
f 17//1 16//1 3//1
f 2//1 17//1 3//1
f 1//2 18//3 19//4
f 2//5 1//2 19//4
f 4//6 20//7 18//3
f 1//2 4//6 18//3
f 5//8 21//9 20//7
f 4//6 5//8 20//7
f 6//10 22//11 21//9
f 5//8 6//10 21//9
f 7//12 23//13 22//11
f 6//10 7//12 22//11
f 8//14 24//15 23//13
f 7//12 8//14 23//13
f 9//16 25//17 24//15
f 8//14 9//16 24//15
f 10//18 26//19 25//17
f 9//16 10//18 25//17
f 11//20 27//21 26//19
f 10//18 11//20 26//19
f 12//22 28//23 27//21
f 11//20 12//22 27//21
f 13//24 29//25 28//23
f 12//22 13//24 28//23
f 14//26 30//27 29//25
f 13//24 14//26 29//25
f 15//28 31//29 30//27
f 14//26 15//28 30//27
f 16//30 32//31 31//29
f 15//28 16//30 31//29
f 17//32 33//33 32//31
f 16//30 17//32 32//31
f 2//5 19//4 33//33
f 17//32 2//5 33//33
f 34//1 35//1 36//1
f 37//1 34//1 36//1
f 38//1 37//1 36//1
f 39//1 38//1 36//1
f 40//1 39//1 36//1
f 41//1 40//1 36//1
f 42//1 41//1 36//1
f 43//1 42//1 36//1
f 44//1 43//1 36//1
f 45//1 44//1 36//1
f 46//1 45//1 36//1
f 47//1 46//1 36//1
f 48//1 47//1 36//1
f 49//1 48//1 36//1
f 50//1 49//1 36//1
f 35//1 50//1 36//1
f 34//2 51//3 52//4
f 35//5 34//2 52//4
f 37//6 53//7 51//3
f 34//2 37//6 51//3
f 38//8 54//9 53//7
f 37//6 38//8 53//7
f 39//10 55//11 54//9
f 38//8 39//10 54//9
f 40//12 56//13 55//11
f 39//10 40//12 55//11
f 41//14 57//15 56//13
f 40//12 41//14 56//13
f 42//16 58//17 57//15
f 41//14 42//16 57//15
f 43//18 59//19 58//17
f 42//16 43//18 58//17
f 44//20 60//21 59//19
f 43//18 44//20 59//19
f 45//22 61//23 60//21
f 44//20 45//22 60//21
f 46//24 62//25 61//23
f 45//22 46//24 61//23
f 47//26 63//27 62//25
f 46//24 47//26 62//25
f 48//28 64//29 63//27
f 47//26 48//28 63//27
f 49//30 65//31 64//29
f 48//28 49//30 64//29
f 50//32 66//33 65//31
f 49//30 50//32 65//31
f 35//5 52//4 66//33
f 50//32 35//5 66//33
f 67//1 68//1 69//1
f 70//1 67//1 69//1
f 71//1 70//1 69//1
f 72//1 71//1 69//1
f 73//1 72//1 69//1
f 74//1 73//1 69//1
f 75//1 74//1 69//1
f 76//1 75//1 69//1
f 77//1 76//1 69//1
f 78//1 77//1 69//1
f 79//1 78//1 69//1
f 80//1 79//1 69//1
f 81//1 80//1 69//1
f 82//1 81//1 69//1
f 83//1 82//1 69//1
f 68//1 83//1 69//1
f 67//2 84//3 85//4
f 68//5 67//2 85//4
f 70//6 86//7 84//3
f 67//2 70//6 84//3
f 71//8 87//9 86//7
f 70//6 71//8 86//7
f 72//10 88//11 87//9
f 71//8 72//10 87//9
f 73//12 89//13 88//11
f 72//10 73//12 88//11
f 74//14 90//15 89//13
f 73//12 74//14 89//13
f 75//16 91//17 90//15
f 74//14 75//16 90//15
f 76//18 92//19 91//17
f 75//16 76//18 91//17
f 77//20 93//21 92//19
f 76//18 77//20 92//19
f 78//22 94//23 93//21
f 77//20 78//22 93//21
f 79//24 95//25 94//23
f 78//22 79//24 94//23
f 80//26 96//27 95//25
f 79//24 80//26 95//25
f 81//28 97//29 96//27
f 80//26 81//28 96//27
f 82//30 98//31 97//29
f 81//28 82//30 97//29
f 83//32 99//33 98//31
f 82//30 83//32 98//31
f 68//5 85//4 99//33
f 83//32 68//5 99//33
f 85//4 84//3 100//34
f 85//4 100//34 101//35
f 102//36 100//34 84//3
f 84//3 86//7 103//37
f 84//3 103//37 102//36
f 86//7 87//9 104//38
f 86//7 104//38 103//37
f 87//9 88//11 104//38
f 88//11 89//13 105//39
f 89//13 90//15 106//40
f 89//13 106//40 105//39
f 91//17 107//41 106//40
f 91//17 106//40 90//15
f 108//42 107//41 91//17
f 91//17 92//19 109//43
f 91//17 109//43 108//42
f 92//19 93//21 110//44
f 92//19 110//44 109//43
f 111//45 110//44 93//21
f 93//21 94//23 112//46
f 93//21 112//46 111//45
f 94//23 95//25 113//47
f 94//23 113//47 112//46
f 95//25 96//27 113//47
f 96//27 97//29 114//48
f 97//29 98//31 115//49
f 97//29 115//49 114//48
f 99//33 116//50 115//49
f 99//33 115//49 98//31
f 117//51 116//50 99//33
f 99//33 85//4 101//35
f 99//33 101//35 117//51
f 118//1 119//1 120//1
f 121//1 118//1 120//1
f 122//1 121//1 120//1
f 123//1 122//1 120//1
f 124//1 123//1 120//1
f 125//1 124//1 120//1
f 126//1 125//1 120//1
f 127//1 126//1 120//1
f 128//1 127//1 120//1
f 129//1 128//1 120//1
f 130//1 129//1 120//1
f 131//1 130//1 120//1
f 132//1 131//1 120//1
f 133//1 132//1 120//1
f 134//1 133//1 120//1
f 119//1 134//1 120//1
f 118//2 135//3 136//4
f 119//5 118//2 136//4
f 121//6 137//7 135//3
f 118//2 121//6 135//3
f 122//8 138//9 137//7
f 121//6 122//8 137//7
f 123//10 139//11 138//9
f 122//8 123//10 138//9
f 124//12 140//13 139//11
f 123//10 124//12 139//11
f 125//14 141//15 140//13
f 124//12 125//14 140//13
f 126//16 142//17 141//15
f 125//14 126//16 141//15
f 127//18 143//19 142//17
f 126//16 127//18 142//17
f 128//20 144//21 143//19
f 127//18 128//20 143//19
f 129//22 145//23 144//21
f 128//20 129//22 144//21
f 130//24 146//25 145//23
f 129//22 130//24 145//23
f 131//26 147//27 146//25
f 130//24 131//26 146//25
f 132//28 148//29 147//27
f 131//26 132//28 147//27
f 133//30 149//31 148//29
f 132//28 133//30 148//29
f 134//32 150//33 149//31
f 133//30 134//32 149//31
f 119//5 136//4 150//33
f 134//32 119//5 150//33
f 136//4 135//3 151//34
f 136//4 151//34 152//35
f 153//36 151//34 135//3
f 135//3 137//7 154//37
f 135//3 154//37 153//36
f 137//7 138//9 155//38
f 137//7 155//38 154//37
f 138//9 139//11 155//38
f 139//11 140//13 156//39
f 140//13 141//15 157//40
f 140//13 157//40 156//39
f 142//17 158//41 157//40
f 142//17 157//40 141//15
f 159//42 158//41 142//17
f 142//17 143//19 160//43
f 142//17 160//43 159//42
f 143//19 144//21 161//44
f 143//19 161//44 160//43
f 162//45 161//44 144//21
f 144//21 145//23 163//46
f 144//21 163//46 162//45
f 145//23 146//25 164//47
f 145//23 164//47 163//46
f 146//25 147//27 164//47
f 147//27 148//29 165//48
f 148//29 149//31 166//49
f 148//29 166//49 165//48
f 150//33 167//50 166//49
f 150//33 166//49 149//31
f 168//51 167//50 150//33
f 150//33 136//4 152//35
f 150//33 152//35 168//51
f 169//1 170//1 171//1
f 172//1 169//1 171//1
f 173//1 172//1 171//1
f 174//1 173//1 171//1
f 175//1 174//1 171//1
f 176//1 175//1 171//1
f 177//1 176//1 171//1
f 178//1 177//1 171//1
f 179//1 178//1 171//1
f 180//1 179//1 171//1
f 181//1 180//1 171//1
f 182//1 181//1 171//1
f 183//1 182//1 171//1
f 184//1 183//1 171//1
f 185//1 184//1 171//1
f 170//1 185//1 171//1
f 169//2 186//3 187//4
f 170//5 169//2 187//4
f 172//6 188//7 186//3
f 169//2 172//6 186//3
f 173//8 189//9 188//7
f 172//6 173//8 188//7
f 174//10 190//11 189//9
f 173//8 174//10 189//9
f 175//12 191//13 190//11
f 174//10 175//12 190//11
f 176//14 192//15 191//13
f 175//12 176//14 191//13
f 177//16 193//17 192//15
f 176//14 177//16 192//15
f 178//18 194//19 193//17
f 177//16 178//18 193//17
f 179//20 195//21 194//19
f 178//18 179//20 194//19
f 180//22 196//23 195//21
f 179//20 180//22 195//21
f 181//24 197//25 196//23
f 180//22 181//24 196//23
f 182//26 198//27 197//25
f 181//24 182//26 197//25
f 183//28 199//29 198//27
f 182//26 183//28 198//27
f 184//30 200//31 199//29
f 183//28 184//30 199//29
f 185//32 201//33 200//31
f 184//30 185//32 200//31
f 170//5 187//4 201//33
f 185//32 170//5 201//33
f 187//4 186//3 202//34
f 187//4 202//34 203//35
f 204//36 202//34 186//3
f 186//3 188//7 205//37
f 186//3 205//37 204//36
f 188//7 189//9 206//38
f 188//7 206//38 205//37
f 189//9 190//11 206//38
f 190//11 191//13 207//39
f 191//13 192//15 208//40
f 191//13 208//40 207//39
f 193//17 209//41 208//40
f 193//17 208//40 192//15
f 210//42 209//41 193//17
f 193//17 194//19 211//43
f 193//17 211//43 210//42
f 194//19 195//21 212//44
f 194//19 212//44 211//43
f 213//45 212//44 195//21
f 195//21 196//23 214//46
f 195//21 214//46 213//45
f 196//23 197//25 215//47
f 196//23 215//47 214//46
f 197//25 198//27 215//47
f 198//27 199//29 216//48
f 199//29 200//31 217//49
f 199//29 217//49 216//48
f 201//33 218//50 217//49
f 201//33 217//49 200//31
f 219//51 218//50 201//33
f 201//33 187//4 203//35
f 201//33 203//35 219//51
f 220//1 221//1 222//1
f 223//1 220//1 222//1
f 224//1 223//1 222//1
f 225//1 224//1 222//1
f 226//1 225//1 222//1
f 227//1 226//1 222//1
f 228//1 227//1 222//1
f 229//1 228//1 222//1
f 230//1 229//1 222//1
f 231//1 230//1 222//1
f 232//1 231//1 222//1
f 233//1 232//1 222//1
f 234//1 233//1 222//1
f 235//1 234//1 222//1
f 236//1 235//1 222//1
f 221//1 236//1 222//1
f 220//2 237//3 238//4
f 221//5 220//2 238//4
f 223//6 239//7 237//3
f 220//2 223//6 237//3
f 224//8 240//9 239//7
f 223//6 224//8 239//7
f 225//10 241//11 240//9
f 224//8 225//10 240//9
f 226//12 242//13 241//11
f 225//10 226//12 241//11
f 227//14 243//15 242//13
f 226//12 227//14 242//13
f 228//16 244//17 243//15
f 227//14 228//16 243//15
f 229//18 245//19 244//17
f 228//16 229//18 244//17
f 230//20 246//21 245//19
f 229//18 230//20 245//19
f 231//22 247//23 246//21
f 230//20 231//22 246//21
f 232//24 248//25 247//23
f 231//22 232//24 247//23
f 233//26 249//27 248//25
f 232//24 233//26 248//25
f 234//28 250//29 249//27
f 233//26 234//28 249//27
f 235//30 251//31 250//29
f 234//28 235//30 250//29
f 236//32 252//33 251//31
f 235//30 236//32 251//31
f 221//5 238//4 252//33
f 236//32 221//5 252//33
f 238//4 237//3 253//34
f 238//4 253//34 254//35
f 255//36 253//34 237//3
f 237//3 239//7 256//37
f 237//3 256//37 255//36
f 239//7 240//9 257//38
f 239//7 257//38 256//37
f 240//9 241//11 257//38
f 241//11 242//13 258//39
f 242//13 243//15 259//40
f 242//13 259//40 258//39
f 244//17 260//41 259//40
f 244//17 259//40 243//15
f 261//42 260//41 244//17
f 244//17 245//19 262//43
f 244//17 262//43 261//42
f 245//19 246//21 263//44
f 245//19 263//44 262//43
f 264//45 263//44 246//21
f 246//21 247//23 265//46
f 246//21 265//46 264//45
f 247//23 248//25 266//47
f 247//23 266//47 265//46
f 248//25 249//27 266//47
f 249//27 250//29 267//48
f 250//29 251//31 268//49
f 250//29 268//49 267//48
f 252//33 269//50 268//49
f 252//33 268//49 251//31
f 270//51 269//50 252//33
f 252//33 238//4 254//35
f 252//33 254//35 270//51
f 271//1 272//1 273//1
f 274//1 271//1 273//1
f 275//1 274//1 273//1
f 276//1 275//1 273//1
f 277//1 276//1 273//1
f 278//1 277//1 273//1
f 279//1 278//1 273//1
f 280//1 279//1 273//1
f 281//1 280//1 273//1
f 282//1 281//1 273//1
f 283//1 282//1 273//1
f 284//1 283//1 273//1
f 285//1 284//1 273//1
f 286//1 285//1 273//1
f 287//1 286//1 273//1
f 272//1 287//1 273//1
f 271//2 288//3 289//4
f 272//5 271//2 289//4
f 274//6 290//7 288//3
f 271//2 274//6 288//3
f 275//8 291//9 290//7
f 274//6 275//8 290//7
f 276//10 292//11 291//9
f 275//8 276//10 291//9
f 277//12 293//13 292//11
f 276//10 277//12 292//11
f 278//14 294//15 293//13
f 277//12 278//14 293//13
f 279//16 295//17 294//15
f 278//14 279//16 294//15
f 280//18 296//19 295//17
f 279//16 280//18 295//17
f 281//20 297//21 296//19
f 280//18 281//20 296//19
f 282//22 298//23 297//21
f 281//20 282//22 297//21
f 283//24 299//25 298//23
f 282//22 283//24 298//23
f 284//26 300//27 299//25
f 283//24 284//26 299//25
f 285//28 301//29 300//27
f 284//26 285//28 300//27
f 286//30 302//31 301//29
f 285//28 286//30 301//29
f 287//32 303//33 302//31
f 286//30 287//32 302//31
f 272//5 289//4 303//33
f 287//32 272//5 303//33
f 289//4 288//3 304//34
f 289//4 304//34 305//35
f 306//36 304//34 288//3
f 288//3 290//7 307//37
f 288//3 307//37 306//36
f 290//7 291//9 308//38
f 290//7 308//38 307//37
f 291//9 292//11 308//38
f 292//11 293//13 309//39
f 293//13 294//15 310//40
f 293//13 310//40 309//39
f 295//17 311//41 310//40
f 295//17 310//40 294//15
f 312//42 311//41 295//17
f 295//17 296//19 313//43
f 295//17 313//43 312//42
f 296//19 297//21 314//44
f 296//19 314//44 313//43
f 315//45 314//44 297//21
f 297//21 298//23 316//46
f 297//21 316//46 315//45
f 298//23 299//25 317//47
f 298//23 317//47 316//46
f 299//25 300//27 317//47
f 300//27 301//29 318//48
f 301//29 302//31 319//49
f 301//29 319//49 318//48
f 303//33 320//50 319//49
f 303//33 319//49 302//31
f 321//51 320//50 303//33
f 303//33 289//4 305//35
f 303//33 305//35 321//51
f 322//1 323//1 324//1
f 325//1 322//1 324//1
f 326//1 325//1 324//1
f 327//1 326//1 324//1
f 328//1 327//1 324//1
f 329//1 328//1 324//1
f 330//1 329//1 324//1
f 331//1 330//1 324//1
f 332//1 331//1 324//1
f 333//1 332//1 324//1
f 334//1 333//1 324//1
f 335//1 334//1 324//1
f 336//1 335//1 324//1
f 337//1 336//1 324//1
f 338//1 337//1 324//1
f 323//1 338//1 324//1
f 322//2 339//3 340//4
f 323//5 322//2 340//4
f 325//6 341//7 339//3
f 322//2 325//6 339//3
f 326//8 342//9 341//7
f 325//6 326//8 341//7
f 327//10 343//11 342//9
f 326//8 327//10 342//9
f 328//12 344//13 343//11
f 327//10 328//12 343//11
f 329//14 345//15 344//13
f 328//12 329//14 344//13
f 330//16 346//17 345//15
f 329//14 330//16 345//15
f 331//18 347//19 346//17
f 330//16 331//18 346//17
f 332//20 348//21 347//19
f 331//18 332//20 347//19
f 333//22 349//23 348//21
f 332//20 333//22 348//21
f 334//24 350//25 349//23
f 333//22 334//24 349//23
f 335//26 351//27 350//25
f 334//24 335//26 350//25
f 336//28 352//29 351//27
f 335//26 336//28 351//27
f 337//30 353//31 352//29
f 336//28 337//30 352//29
f 338//32 354//33 353//31
f 337//30 338//32 353//31
f 323//5 340//4 354//33
f 338//32 323//5 354//33
f 340//4 339//3 355//34
f 340//4 355//34 356//35
f 357//36 355//34 339//3
f 339//3 341//7 358//37
f 339//3 358//37 357//36
f 341//7 342//9 359//38
f 341//7 359//38 358//37
f 342//9 343//11 359//38
f 343//11 344//13 360//39
f 344//13 345//15 361//40
f 344//13 361//40 360//39
f 346//17 362//41 361//40
f 346//17 361//40 345//15
f 363//42 362//41 346//17
f 346//17 347//19 364//43
f 346//17 364//43 363//42
f 347//19 348//21 365//44
f 347//19 365//44 364//43
f 366//45 365//44 348//21
f 348//21 349//23 367//46
f 348//21 367//46 366//45
f 349//23 350//25 368//47
f 349//23 368//47 367//46
f 350//25 351//27 368//47
f 351//27 352//29 369//48
f 352//29 353//31 370//49
f 352//29 370//49 369//48
f 354//33 371//50 370//49
f 354//33 370//49 353//31
f 372//51 371//50 354//33
f 354//33 340//4 356//35
f 354//33 356//35 372//51
f 52//4 51//3 373//34
f 52//4 373//34 374//35
f 375//36 373//34 51//3
f 51//3 53//7 376//37
f 51//3 376//37 375//36
f 53//7 54//9 377//38
f 53//7 377//38 376//37
f 54//9 55//11 377//38
f 55//11 56//13 378//39
f 56//13 57//15 379//40
f 56//13 379//40 378//39
f 58//17 380//41 379//40
f 58//17 379//40 57//15
f 381//42 380//41 58//17
f 58//17 59//19 382//43
f 58//17 382//43 381//42
f 59//19 60//21 383//44
f 59//19 383//44 382//43
f 384//45 383//44 60//21
f 60//21 61//23 385//46
f 60//21 385//46 384//45
f 61//23 62//25 386//47
f 61//23 386//47 385//46
f 62//25 63//27 386//47
f 63//27 64//29 387//48
f 64//29 65//31 388//49
f 64//29 388//49 387//48
f 66//33 389//50 388//49
f 66//33 388//49 65//31
f 390//51 389//50 66//33
f 66//33 52//4 374//35
f 66//33 374//35 390//51
f 19//4 18//3 391//34
f 19//4 391//34 392//35
f 393//36 391//34 18//3
f 18//3 20//7 394//37
f 18//3 394//37 393//36
f 20//7 21//9 395//38
f 20//7 395//38 394//37
f 21//9 22//11 395//38
f 22//11 23//13 396//39
f 23//13 24//15 397//40
f 23//13 397//40 396//39
f 25//17 398//41 397//40
f 25//17 397//40 24//15
f 399//42 398//41 25//17
f 25//17 26//19 400//43
f 25//17 400//43 399//42
f 26//19 27//21 401//44
f 26//19 401//44 400//43
f 402//45 401//44 27//21
f 27//21 28//23 403//46
f 27//21 403//46 402//45
f 28//23 29//25 404//47
f 28//23 404//47 403//46
f 29//25 30//27 404//47
f 30//27 31//29 405//48
f 31//29 32//31 406//49
f 31//29 406//49 405//48
f 33//33 407//50 406//49
f 33//33 406//49 32//31
f 408//51 407//50 33//33
f 33//33 19//4 392//35
f 33//33 392//35 408//51
f 409//1 410//1 411//1
f 412//1 409//1 411//1
f 413//1 412//1 411//1
f 414//1 413//1 411//1
f 415//1 414//1 411//1
f 416//1 415//1 411//1
f 417//1 416//1 411//1
f 418//1 417//1 411//1
f 419//1 418//1 411//1
f 420//1 419//1 411//1
f 421//1 420//1 411//1
f 422//1 421//1 411//1
f 423//1 422//1 411//1
f 424//1 423//1 411//1
f 425//1 424//1 411//1
f 410//1 425//1 411//1
f 409//2 426//3 427//4
f 410//5 409//2 427//4
f 412//6 428//7 426//3
f 409//2 412//6 426//3
f 413//8 429//9 428//7
f 412//6 413//8 428//7
f 414//10 430//11 429//9
f 413//8 414//10 429//9
f 415//12 431//13 430//11
f 414//10 415//12 430//11
f 416//14 432//15 431//13
f 415//12 416//14 431//13
f 417//16 433//17 432//15
f 416//14 417//16 432//15
f 418//18 434//19 433//17
f 417//16 418//18 433//17
f 419//20 435//21 434//19
f 418//18 419//20 434//19
f 420//22 436//23 435//21
f 419//20 420//22 435//21
f 421//24 437//25 436//23
f 420//22 421//24 436//23
f 422//26 438//27 437//25
f 421//24 422//26 437//25
f 423//28 439//29 438//27
f 422//26 423//28 438//27
f 424//30 440//31 439//29
f 423//28 424//30 439//29
f 425//32 441//33 440//31
f 424//30 425//32 440//31
f 410//5 427//4 441//33
f 425//32 410//5 441//33
f 427//4 426//3 442//34
f 427//4 442//34 443//35
f 444//36 442//34 426//3
f 426//3 428//7 445//37
f 426//3 445//37 444//36
f 428//7 429//9 446//38
f 428//7 446//38 445//37
f 429//9 430//11 446//38
f 430//11 431//13 447//39
f 431//13 432//15 448//40
f 431//13 448//40 447//39
f 433//17 449//41 448//40
f 433//17 448//40 432//15
f 450//42 449//41 433//17
f 433//17 434//19 451//43
f 433//17 451//43 450//42
f 434//19 435//21 452//44
f 434//19 452//44 451//43
f 453//45 452//44 435//21
f 435//21 436//23 454//46
f 435//21 454//46 453//45
f 436//23 437//25 455//47
f 436//23 455//47 454//46
f 437//25 438//27 455//47
f 438//27 439//29 456//48
f 439//29 440//31 457//49
f 439//29 457//49 456//48
f 441//33 458//50 457//49
f 441//33 457//49 440//31
f 459//51 458//50 441//33
f 441//33 427//4 443//35
f 441//33 443//35 459//51
f 460//1 461//1 462//1
f 463//1 460//1 462//1
f 464//1 463//1 462//1
f 465//1 464//1 462//1
f 466//1 465//1 462//1
f 467//1 466//1 462//1
f 468//1 467//1 462//1
f 469//1 468//1 462//1
f 470//1 469//1 462//1
f 471//1 470//1 462//1
f 472//1 471//1 462//1
f 473//1 472//1 462//1
f 474//1 473//1 462//1
f 475//1 474//1 462//1
f 476//1 475//1 462//1
f 461//1 476//1 462//1
f 460//2 477//3 478//4
f 461//5 460//2 478//4
f 463//6 479//7 477//3
f 460//2 463//6 477//3
f 464//8 480//9 479//7
f 463//6 464//8 479//7
f 465//10 481//11 480//9
f 464//8 465//10 480//9
f 466//12 482//13 481//11
f 465//10 466//12 481//11
f 467//14 483//15 482//13
f 466//12 467//14 482//13
f 468//16 484//17 483//15
f 467//14 468//16 483//15
f 469//18 485//19 484//17
f 468//16 469//18 484//17
f 470//20 486//21 485//19
f 469//18 470//20 485//19
f 471//22 487//23 486//21
f 470//20 471//22 486//21
f 472//24 488//25 487//23
f 471//22 472//24 487//23
f 473//26 489//27 488//25
f 472//24 473//26 488//25
f 474//28 490//29 489//27
f 473//26 474//28 489//27
f 475//30 491//31 490//29
f 474//28 475//30 490//29
f 476//32 492//33 491//31
f 475//30 476//32 491//31
f 461//5 478//4 492//33
f 476//32 461//5 492//33
f 478//4 477//3 493//34
f 478//4 493//34 494//35
f 495//36 493//34 477//3
f 477//3 479//7 496//37
f 477//3 496//37 495//36
f 479//7 480//9 497//38
f 479//7 497//38 496//37
f 480//9 481//11 497//38
f 481//11 482//13 498//39
f 482//13 483//15 499//40
f 482//13 499//40 498//39
f 484//17 500//41 499//40
f 484//17 499//40 483//15
f 501//42 500//41 484//17
f 484//17 485//19 502//43
f 484//17 502//43 501//42
f 485//19 486//21 503//44
f 485//19 503//44 502//43
f 504//45 503//44 486//21
f 486//21 487//23 505//46
f 486//21 505//46 504//45
f 487//23 488//25 506//47
f 487//23 506//47 505//46
f 488//25 489//27 506//47
f 489//27 490//29 507//48
f 490//29 491//31 508//49
f 490//29 508//49 507//48
f 492//33 509//50 508//49
f 492//33 508//49 491//31
f 510//51 509//50 492//33
f 492//33 478//4 494//35
f 492//33 494//35 510//51
f 511//1 512//1 513//1
f 514//1 511//1 513//1
f 515//1 514//1 513//1
f 516//1 515//1 513//1
f 517//1 516//1 513//1
f 518//1 517//1 513//1
f 519//1 518//1 513//1
f 520//1 519//1 513//1
f 521//1 520//1 513//1
f 522//1 521//1 513//1
f 523//1 522//1 513//1
f 524//1 523//1 513//1
f 525//1 524//1 513//1
f 526//1 525//1 513//1
f 527//1 526//1 513//1
f 512//1 527//1 513//1
f 511//2 528//3 529//4
f 512//5 511//2 529//4
f 514//6 530//7 528//3
f 511//2 514//6 528//3
f 515//8 531//9 530//7
f 514//6 515//8 530//7
f 516//10 532//11 531//9
f 515//8 516//10 531//9
f 517//12 533//13 532//11
f 516//10 517//12 532//11
f 518//14 534//15 533//13
f 517//12 518//14 533//13
f 519//16 535//17 534//15
f 518//14 519//16 534//15
f 520//18 536//19 535//17
f 519//16 520//18 535//17
f 521//20 537//21 536//19
f 520//18 521//20 536//19
f 522//22 538//23 537//21
f 521//20 522//22 537//21
f 523//24 539//25 538//23
f 522//22 523//24 538//23
f 524//26 540//27 539//25
f 523//24 524//26 539//25
f 525//28 541//29 540//27
f 524//26 525//28 540//27
f 526//30 542//31 541//29
f 525//28 526//30 541//29
f 527//32 543//33 542//31
f 526//30 527//32 542//31
f 512//5 529//4 543//33
f 527//32 512//5 543//33
f 529//4 528//3 544//34
f 529//4 544//34 545//35
f 546//36 544//34 528//3
f 528//3 530//7 547//37
f 528//3 547//37 546//36
f 530//7 531//9 548//38
f 530//7 548//38 547//37
f 531//9 532//11 548//38
f 532//11 533//13 549//39
f 533//13 534//15 550//40
f 533//13 550//40 549//39
f 535//17 551//41 550//40
f 535//17 550//40 534//15
f 552//42 551//41 535//17
f 535//17 536//19 553//43
f 535//17 553//43 552//42
f 536//19 537//21 554//44
f 536//19 554//44 553//43
f 555//45 554//44 537//21
f 537//21 538//23 556//46
f 537//21 556//46 555//45
f 538//23 539//25 557//47
f 538//23 557//47 556//46
f 539//25 540//27 557//47
f 540//27 541//29 558//48
f 541//29 542//31 559//49
f 541//29 559//49 558//48
f 543//33 560//50 559//49
f 543//33 559//49 542//31
f 561//51 560//50 543//33
f 543//33 529//4 545//35
f 543//33 545//35 561//51
f 562//1 563//1 564//1
f 565//1 562//1 564//1
f 566//1 565//1 564//1
f 567//1 566//1 564//1
f 568//1 567//1 564//1
f 569//1 568//1 564//1
f 570//1 569//1 564//1
f 571//1 570//1 564//1
f 572//1 571//1 564//1
f 573//1 572//1 564//1
f 574//1 573//1 564//1
f 575//1 574//1 564//1
f 576//1 575//1 564//1
f 577//1 576//1 564//1
f 578//1 577//1 564//1
f 563//1 578//1 564//1
f 562//2 579//3 580//4
f 563//5 562//2 580//4
f 565//6 581//7 579//3
f 562//2 565//6 579//3
f 566//8 582//9 581//7
f 565//6 566//8 581//7
f 567//10 583//11 582//9
f 566//8 567//10 582//9
f 568//12 584//13 583//11
f 567//10 568//12 583//11
f 569//14 585//15 584//13
f 568//12 569//14 584//13
f 570//16 586//17 585//15
f 569//14 570//16 585//15
f 571//18 587//19 586//17
f 570//16 571//18 586//17
f 572//20 588//21 587//19
f 571//18 572//20 587//19
f 573//22 589//23 588//21
f 572//20 573//22 588//21
f 574//24 590//25 589//23
f 573//22 574//24 589//23
f 575//26 591//27 590//25
f 574//24 575//26 590//25
f 576//28 592//29 591//27
f 575//26 576//28 591//27
f 577//30 593//31 592//29
f 576//28 577//30 592//29
f 578//32 594//33 593//31
f 577//30 578//32 593//31
f 563//5 580//4 594//33
f 578//32 563//5 594//33
f 580//4 579//3 595//34
f 580//4 595//34 596//35
f 597//36 595//34 579//3
f 579//3 581//7 598//37
f 579//3 598//37 597//36
f 581//7 582//9 599//38
f 581//7 599//38 598//37
f 582//9 583//11 599//38
f 583//11 584//13 600//39
f 584//13 585//15 601//40
f 584//13 601//40 600//39
f 586//17 602//41 601//40
f 586//17 601//40 585//15
f 603//42 602//41 586//17
f 586//17 587//19 604//43
f 586//17 604//43 603//42
f 587//19 588//21 605//44
f 587//19 605//44 604//43
f 606//45 605//44 588//21
f 588//21 589//23 607//46
f 588//21 607//46 606//45
f 589//23 590//25 608//47
f 589//23 608//47 607//46
f 590//25 591//27 608//47
f 591//27 592//29 609//48
f 592//29 593//31 610//49
f 592//29 610//49 609//48
f 594//33 611//50 610//49
f 594//33 610//49 593//31
f 612//51 611//50 594//33
f 594//33 580//4 596//35
f 594//33 596//35 612//51
f 613//1 614//1 615//1
f 616//1 613//1 615//1
f 617//1 616//1 615//1
f 618//1 617//1 615//1
f 619//1 618//1 615//1
f 620//1 619//1 615//1
f 621//1 620//1 615//1
f 622//1 621//1 615//1
f 623//1 622//1 615//1
f 624//1 623//1 615//1
f 625//1 624//1 615//1
f 626//1 625//1 615//1
f 627//1 626//1 615//1
f 628//1 627//1 615//1
f 629//1 628//1 615//1
f 614//1 629//1 615//1
f 613//2 630//3 631//4
f 614//5 613//2 631//4
f 616//6 632//7 630//3
f 613//2 616//6 630//3
f 617//8 633//9 632//7
f 616//6 617//8 632//7
f 618//10 634//11 633//9
f 617//8 618//10 633//9
f 619//12 635//13 634//11
f 618//10 619//12 634//11
f 620//14 636//15 635//13
f 619//12 620//14 635//13
f 621//16 637//17 636//15
f 620//14 621//16 636//15
f 622//18 638//19 637//17
f 621//16 622//18 637//17
f 623//20 639//21 638//19
f 622//18 623//20 638//19
f 624//22 640//23 639//21
f 623//20 624//22 639//21
f 625//24 641//25 640//23
f 624//22 625//24 640//23
f 626//26 642//27 641//25
f 625//24 626//26 641//25
f 627//28 643//29 642//27
f 626//26 627//28 642//27
f 628//30 644//31 643//29
f 627//28 628//30 643//29
f 629//32 645//33 644//31
f 628//30 629//32 644//31
f 614//5 631//4 645//33
f 629//32 614//5 645//33
f 631//4 630//3 646//34
f 631//4 646//34 647//35
f 648//36 646//34 630//3
f 630//3 632//7 649//37
f 630//3 649//37 648//36
f 632//7 633//9 650//38
f 632//7 650//38 649//37
f 633//9 634//11 650//38
f 634//11 635//13 651//39
f 635//13 636//15 652//40
f 635//13 652//40 651//39
f 637//17 653//41 652//40
f 637//17 652//40 636//15
f 654//42 653//41 637//17
f 637//17 638//19 655//43
f 637//17 655//43 654//42
f 638//19 639//21 656//44
f 638//19 656//44 655//43
f 657//45 656//44 639//21
f 639//21 640//23 658//46
f 639//21 658//46 657//45
f 640//23 641//25 659//47
f 640//23 659//47 658//46
f 641//25 642//27 659//47
f 642//27 643//29 660//48
f 643//29 644//31 661//49
f 643//29 661//49 660//48
f 645//33 662//50 661//49
f 645//33 661//49 644//31
f 663//51 662//50 645//33
f 645//33 631//4 647//35
f 645//33 647//35 663//51
f 664//52 665//52 666//52
f 664//52 666//52 667//52
f 668//52 669//52 665//52
f 668//52 665//52 664//52
f 670//52 671//52 669//52
f 670//52 669//52 668//52
f 672//52 673//52 671//52
f 672//52 671//52 670//52
f 674//52 675//52 673//52
f 674//52 673//52 672//52
f 676//52 677//52 675//52
f 676//52 675//52 674//52
f 678//52 679//52 677//52
f 678//52 677//52 676//52
f 680//52 681//52 679//52
f 680//52 679//52 678//52
f 682//52 683//52 681//52
f 682//52 681//52 680//52
f 684//52 685//52 683//52
f 684//52 683//52 682//52
f 686//52 687//52 685//52
f 686//52 685//52 684//52
f 688//52 689//52 687//52
f 688//52 687//52 686//52
f 690//52 691//52 689//52
f 690//52 689//52 688//52
f 692//52 693//52 691//52
f 692//52 691//52 690//52
f 694//52 695//52 693//52
f 694//52 693//52 692//52
f 667//52 666//52 695//52
f 667//52 695//52 694//52
f 696//53 690//54 688//55
f 697//56 696//53 688//55
f 698//57 692//58 690//54
f 696//53 698//57 690//54
f 699//59 694//60 692//58
f 698//57 699//59 692//58
f 700//61 667//62 694//60
f 699//59 700//61 694//60
f 701//63 664//64 667//62
f 700//61 701//63 667//62
f 702//65 668//66 664//64
f 701//63 702//65 664//64
f 703//67 670//68 668//66
f 702//65 703//67 668//66
f 704//69 672//70 670//68
f 703//67 704//69 670//68
f 705//71 674//72 672//70
f 704//69 705//71 672//70
f 706//73 676//74 674//72
f 705//71 706//73 674//72
f 707//75 678//76 676//74
f 706//73 707//75 676//74
f 708//77 680//78 678//76
f 707//75 708//77 678//76
f 709//79 682//80 680//78
f 708//77 709//79 680//78
f 710//81 684//82 682//80
f 709//79 710//81 682//80
f 711//83 686//84 684//82
f 710//81 711//83 684//82
f 697//56 688//55 686//84
f 711//83 697//56 686//84
f 712//85 713//85 714//85
f 715//85 712//85 714//85
f 713//85 716//85 717//85
f 714//85 713//85 717//85
f 716//85 718//85 719//85
f 717//85 716//85 719//85
f 718//85 720//85 721//85
f 719//85 718//85 721//85
f 720//85 722//85 723//85
f 721//85 720//85 723//85
f 722//85 724//85 725//85
f 723//85 722//85 725//85
f 724//85 726//85 727//85
f 725//85 724//85 727//85
f 726//85 728//85 729//85
f 727//85 726//85 729//85
f 728//85 730//85 731//85
f 729//85 728//85 731//85
f 730//85 732//85 733//85
f 731//85 730//85 733//85
f 732//85 734//85 735//85
f 733//85 732//85 735//85
f 734//85 736//85 737//85
f 735//85 734//85 737//85
f 736//85 738//85 739//85
f 737//85 736//85 739//85
f 738//85 740//85 741//85
f 739//85 738//85 741//85
f 740//85 742//85 743//85
f 741//85 740//85 743//85
f 742//85 712//85 715//85
f 743//85 742//85 715//85
f 737//55 739//54 744//53
f 737//55 744//53 745//56
f 739//54 741//58 746//57
f 739//54 746//57 744//53
f 741//58 743//60 747//59
f 741//58 747//59 746//57
f 743//60 715//62 748//61
f 743//60 748//61 747//59
f 715//62 714//64 749//63
f 715//62 749//63 748//61
f 714//64 717//66 750//65
f 714//64 750//65 749//63
f 717//66 719//68 751//67
f 717//66 751//67 750//65
f 719//68 721//70 752//69
f 719//68 752//69 751//67
f 721//70 723//72 753//71
f 721//70 753//71 752//69
f 723//72 725//74 754//73
f 723//72 754//73 753//71
f 725//74 727//76 755//75
f 725//74 755//75 754//73
f 727//76 729//78 756//77
f 727//76 756//77 755//75
f 729//78 731//80 757//79
f 729//78 757//79 756//77
f 731//80 733//82 758//81
f 731//80 758//81 757//79
f 733//82 735//84 759//83
f 733//82 759//83 758//81
f 735//84 737//55 745//56
f 735//84 745//56 759//83
f 760//52 761//52 762//52
f 760//52 762//52 763//52
f 764//52 765//52 761//52
f 764//52 761//52 760//52
f 766//52 767//52 765//52
f 766//52 765//52 764//52
f 768//52 769//52 767//52
f 768//52 767//52 766//52
f 770//52 771//52 769//52
f 770//52 769//52 768//52
f 772//52 773//52 771//52
f 772//52 771//52 770//52
f 774//52 775//52 773//52
f 774//52 773//52 772//52
f 776//52 777//52 775//52
f 776//52 775//52 774//52
f 778//52 779//52 777//52
f 778//52 777//52 776//52
f 780//52 781//52 779//52
f 780//52 779//52 778//52
f 782//52 783//52 781//52
f 782//52 781//52 780//52
f 784//52 785//52 783//52
f 784//52 783//52 782//52
f 786//52 787//52 785//52
f 786//52 785//52 784//52
f 788//52 789//52 787//52
f 788//52 787//52 786//52
f 790//52 791//52 789//52
f 790//52 789//52 788//52
f 763//52 762//52 791//52
f 763//52 791//52 790//52
f 792//53 786//54 784//55
f 793//56 792//53 784//55
f 794//57 788//58 786//54
f 792//53 794//57 786//54
f 795//59 790//60 788//58
f 794//57 795//59 788//58
f 796//61 763//62 790//60
f 795//59 796//61 790//60
f 797//63 760//64 763//62
f 796//61 797//63 763//62
f 798//65 764//66 760//64
f 797//63 798//65 760//64
f 799//67 766//68 764//66
f 798//65 799//67 764//66
f 800//69 768//70 766//68
f 799//67 800//69 766//68
f 801//71 770//72 768//70
f 800//69 801//71 768//70
f 802//73 772//74 770//72
f 801//71 802//73 770//72
f 803//75 774//76 772//74
f 802//73 803//75 772//74
f 804//77 776//78 774//76
f 803//75 804//77 774//76
f 805//79 778//80 776//78
f 804//77 805//79 776//78
f 806//81 780//82 778//80
f 805//79 806//81 778//80
f 807//83 782//84 780//82
f 806//81 807//83 780//82
f 793//56 784//55 782//84
f 807//83 793//56 782//84
f 808//85 809//85 810//85
f 811//85 808//85 810//85
f 809//85 812//85 813//85
f 810//85 809//85 813//85
f 812//85 814//85 815//85
f 813//85 812//85 815//85
f 814//85 816//85 817//85
f 815//85 814//85 817//85
f 816//85 818//85 819//85
f 817//85 816//85 819//85
f 818//85 820//85 821//85
f 819//85 818//85 821//85
f 820//85 822//85 823//85
f 821//85 820//85 823//85
f 822//85 824//85 825//85
f 823//85 822//85 825//85
f 824//85 826//85 827//85
f 825//85 824//85 827//85
f 826//85 828//85 829//85
f 827//85 826//85 829//85
f 828//85 830//85 831//85
f 829//85 828//85 831//85
f 830//85 832//85 833//85
f 831//85 830//85 833//85
f 832//85 834//85 835//85
f 833//85 832//85 835//85
f 834//85 836//85 837//85
f 835//85 834//85 837//85
f 836//85 838//85 839//85
f 837//85 836//85 839//85
f 838//85 808//85 811//85
f 839//85 838//85 811//85
f 833//55 835//54 840//53
f 833//55 840//53 841//56
f 835//54 837//58 842//57
f 835//54 842//57 840//53
f 837//58 839//60 843//59
f 837//58 843//59 842//57
f 839//60 811//62 844//61
f 839//60 844//61 843//59
f 811//62 810//64 845//63
f 811//62 845//63 844//61
f 810//64 813//66 846//65
f 810//64 846//65 845//63
f 813//66 815//68 847//67
f 813//66 847//67 846//65
f 815//68 817//70 848//69
f 815//68 848//69 847//67
f 817//70 819//72 849//71
f 817//70 849//71 848//69
f 819//72 821//74 850//73
f 819//72 850//73 849//71
f 821//74 823//76 851//75
f 821//74 851//75 850//73
f 823//76 825//78 852//77
f 823//76 852//77 851//75
f 825//78 827//80 853//79
f 825//78 853//79 852//77
f 827//80 829//82 854//81
f 827//80 854//81 853//79
f 829//82 831//84 855//83
f 829//82 855//83 854//81
f 831//84 833//55 841//56
f 831//84 841//56 855//83
f 856//52 857//52 858//52
f 856//52 858//52 859//52
f 860//52 861//52 857//52
f 860//52 857//52 856//52
f 862//52 863//52 861//52
f 862//52 861//52 860//52
f 864//52 865//52 863//52
f 864//52 863//52 862//52
f 866//52 867//52 865//52
f 866//52 865//52 864//52
f 868//52 869//52 867//52
f 868//52 867//52 866//52
f 870//52 871//52 869//52
f 870//52 869//52 868//52
f 872//52 873//52 871//52
f 872//52 871//52 870//52
f 874//52 875//52 873//52
f 874//52 873//52 872//52
f 876//52 877//52 875//52
f 876//52 875//52 874//52
f 878//52 879//52 877//52
f 878//52 877//52 876//52
f 880//52 881//52 879//52
f 880//52 879//52 878//52
f 882//52 883//52 881//52
f 882//52 881//52 880//52
f 884//52 885//52 883//52
f 884//52 883//52 882//52
f 886//52 887//52 885//52
f 886//52 885//52 884//52
f 859//52 858//52 887//52
f 859//52 887//52 886//52
f 888//53 882//54 880//55
f 889//56 888//53 880//55
f 890//57 884//58 882//54
f 888//53 890//57 882//54
f 891//59 886//60 884//58
f 890//57 891//59 884//58
f 892//61 859//62 886//60
f 891//59 892//61 886//60
f 893//63 856//64 859//62
f 892//61 893//63 859//62
f 894//65 860//66 856//64
f 893//63 894//65 856//64
f 895//67 862//68 860//66
f 894//65 895//67 860//66
f 896//69 864//70 862//68
f 895//67 896//69 862//68
f 897//71 866//72 864//70
f 896//69 897//71 864//70
f 898//73 868//74 866//72
f 897//71 898//73 866//72
f 899//75 870//76 868//74
f 898//73 899//75 868//74
f 900//77 872//78 870//76
f 899//75 900//77 870//76
f 901//79 874//80 872//78
f 900//77 901//79 872//78
f 902//81 876//82 874//80
f 901//79 902//81 874//80
f 903//83 878//84 876//82
f 902//81 903//83 876//82
f 889//56 880//55 878//84
f 903//83 889//56 878//84
f 904//85 905//85 906//85
f 907//85 904//85 906//85
f 905//85 908//85 909//85
f 906//85 905//85 909//85
f 908//85 910//85 911//85
f 909//85 908//85 911//85
f 910//85 912//85 913//85
f 911//85 910//85 913//85
f 912//85 914//85 915//85
f 913//85 912//85 915//85
f 914//85 916//85 917//85
f 915//85 914//85 917//85
f 916//85 918//85 919//85
f 917//85 916//85 919//85
f 918//85 920//85 921//85
f 919//85 918//85 921//85
f 920//85 922//85 923//85
f 921//85 920//85 923//85
f 922//85 924//85 925//85
f 923//85 922//85 925//85
f 924//85 926//85 927//85
f 925//85 924//85 927//85
f 926//85 928//85 929//85
f 927//85 926//85 929//85
f 928//85 930//85 931//85
f 929//85 928//85 931//85
f 930//85 932//85 933//85
f 931//85 930//85 933//85
f 932//85 934//85 935//85
f 933//85 932//85 935//85
f 934//85 904//85 907//85
f 935//85 934//85 907//85
f 929//55 931//54 936//53
f 929//55 936//53 937//56
f 931//54 933//58 938//57
f 931//54 938//57 936//53
f 933//58 935//60 939//59
f 933//58 939//59 938//57
f 935//60 907//62 940//61
f 935//60 940//61 939//59
f 907//62 906//64 941//63
f 907//62 941//63 940//61
f 906//64 909//66 942//65
f 906//64 942//65 941//63
f 909//66 911//68 943//67
f 909//66 943//67 942//65
f 911//68 913//70 944//69
f 911//68 944//69 943//67
f 913//70 915//72 945//71
f 913//70 945//71 944//69
f 915//72 917//74 946//73
f 915//72 946//73 945//71
f 917//74 919//76 947//75
f 917//74 947//75 946//73
f 919//76 921//78 948//77
f 919//76 948//77 947//75
f 921//78 923//80 949//79
f 921//78 949//79 948//77
f 923//80 925//82 950//81
f 923//80 950//81 949//79
f 925//82 927//84 951//83
f 925//82 951//83 950//81
f 927//84 929//55 937//56
f 927//84 937//56 951//83
f 952//52 953//52 954//52
f 952//52 954//52 955//52
f 956//52 957//52 953//52
f 956//52 953//52 952//52
f 958//52 959//52 957//52
f 958//52 957//52 956//52
f 960//52 961//52 959//52
f 960//52 959//52 958//52
f 962//52 963//52 961//52
f 962//52 961//52 960//52
f 964//52 965//52 963//52
f 964//52 963//52 962//52
f 966//52 967//52 965//52
f 966//52 965//52 964//52
f 968//52 969//52 967//52
f 968//52 967//52 966//52
f 970//52 971//52 969//52
f 970//52 969//52 968//52
f 972//52 973//52 971//52
f 972//52 971//52 970//52
f 974//52 975//52 973//52
f 974//52 973//52 972//52
f 976//52 977//52 975//52
f 976//52 975//52 974//52
f 978//52 979//52 977//52
f 978//52 977//52 976//52
f 980//52 981//52 979//52
f 980//52 979//52 978//52
f 982//52 983//52 981//52
f 982//52 981//52 980//52
f 955//52 954//52 983//52
f 955//52 983//52 982//52
f 984//53 978//54 976//55
f 985//56 984//53 976//55
f 986//57 980//58 978//54
f 984//53 986//57 978//54
f 987//59 982//60 980//58
f 986//57 987//59 980//58
f 988//61 955//62 982//60
f 987//59 988//61 982//60
f 989//63 952//64 955//62
f 988//61 989//63 955//62
f 990//65 956//66 952//64
f 989//63 990//65 952//64
f 991//67 958//68 956//66
f 990//65 991//67 956//66
f 992//69 960//70 958//68
f 991//67 992//69 958//68
f 993//71 962//72 960//70
f 992//69 993//71 960//70
f 994//73 964//74 962//72
f 993//71 994//73 962//72
f 995//75 966//76 964//74
f 994//73 995//75 964//74
f 996//77 968//78 966//76
f 995//75 996//77 966//76
f 997//79 970//80 968//78
f 996//77 997//79 968//78
f 998//81 972//82 970//80
f 997//79 998//81 970//80
f 999//83 974//84 972//82
f 998//81 999//83 972//82
f 985//56 976//55 974//84
f 999//83 985//56 974//84
f 1000//85 1001//85 1002//85
f 1003//85 1000//85 1002//85
f 1001//85 1004//85 1005//85
f 1002//85 1001//85 1005//85
f 1004//85 1006//85 1007//85
f 1005//85 1004//85 1007//85
f 1006//85 1008//85 1009//85
f 1007//85 1006//85 1009//85
f 1008//85 1010//85 1011//85
f 1009//85 1008//85 1011//85
f 1010//85 1012//85 1013//85
f 1011//85 1010//85 1013//85
f 1012//85 1014//85 1015//85
f 1013//85 1012//85 1015//85
f 1014//85 1016//85 1017//85
f 1015//85 1014//85 1017//85
f 1016//85 1018//85 1019//85
f 1017//85 1016//85 1019//85
f 1018//85 1020//85 1021//85
f 1019//85 1018//85 1021//85
f 1020//85 1022//85 1023//85
f 1021//85 1020//85 1023//85
f 1022//85 1024//85 1025//85
f 1023//85 1022//85 1025//85
f 1024//85 1026//85 1027//85
f 1025//85 1024//85 1027//85
f 1026//85 1028//85 1029//85
f 1027//85 1026//85 1029//85
f 1028//85 1030//85 1031//85
f 1029//85 1028//85 1031//85
f 1030//85 1000//85 1003//85
f 1031//85 1030//85 1003//85
f 1025//55 1027//54 1032//53
f 1025//55 1032//53 1033//56
f 1027//54 1029//58 1034//57
f 1027//54 1034//57 1032//53
f 1029//58 1031//60 1035//59
f 1029//58 1035//59 1034//57
f 1031//60 1003//62 1036//61
f 1031//60 1036//61 1035//59
f 1003//62 1002//64 1037//63
f 1003//62 1037//63 1036//61
f 1002//64 1005//66 1038//65
f 1002//64 1038//65 1037//63
f 1005//66 1007//68 1039//67
f 1005//66 1039//67 1038//65
f 1007//68 1009//70 1040//69
f 1007//68 1040//69 1039//67
f 1009//70 1011//72 1041//71
f 1009//70 1041//71 1040//69
f 1011//72 1013//74 1042//73
f 1011//72 1042//73 1041//71
f 1013//74 1015//76 1043//75
f 1013//74 1043//75 1042//73
f 1015//76 1017//78 1044//77
f 1015//76 1044//77 1043//75
f 1017//78 1019//80 1045//79
f 1017//78 1045//79 1044//77
f 1019//80 1021//82 1046//81
f 1019//80 1046//81 1045//79
f 1021//82 1023//84 1047//83
f 1021//82 1047//83 1046//81
f 1023//84 1025//55 1033//56
f 1023//84 1033//56 1047//83
f 1048//52 1049//52 1050//52
f 1048//52 1050//52 1051//52
f 1052//52 1053//52 1049//52
f 1052//52 1049//52 1048//52
f 1054//52 1055//52 1053//52
f 1054//52 1053//52 1052//52
f 1056//52 1057//52 1055//52
f 1056//52 1055//52 1054//52
f 1058//52 1059//52 1057//52
f 1058//52 1057//52 1056//52
f 1060//52 1061//52 1059//52
f 1060//52 1059//52 1058//52
f 1062//52 1063//52 1061//52
f 1062//52 1061//52 1060//52
f 1064//52 1065//52 1063//52
f 1064//52 1063//52 1062//52
f 1066//52 1067//52 1065//52
f 1066//52 1065//52 1064//52
f 1068//52 1069//52 1067//52
f 1068//52 1067//52 1066//52
f 1070//52 1071//52 1069//52
f 1070//52 1069//52 1068//52
f 1072//52 1073//52 1071//52
f 1072//52 1071//52 1070//52
f 1074//52 1075//52 1073//52
f 1074//52 1073//52 1072//52
f 1076//52 1077//52 1075//52
f 1076//52 1075//52 1074//52
f 1078//52 1079//52 1077//52
f 1078//52 1077//52 1076//52
f 1051//52 1050//52 1079//52
f 1051//52 1079//52 1078//52
f 1080//53 1074//54 1072//55
f 1081//56 1080//53 1072//55
f 1082//57 1076//58 1074//54
f 1080//53 1082//57 1074//54
f 1083//59 1078//60 1076//58
f 1082//57 1083//59 1076//58
f 1084//61 1051//62 1078//60
f 1083//59 1084//61 1078//60
f 1085//63 1048//64 1051//62
f 1084//61 1085//63 1051//62
f 1086//65 1052//66 1048//64
f 1085//63 1086//65 1048//64
f 1087//67 1054//68 1052//66
f 1086//65 1087//67 1052//66
f 1088//69 1056//70 1054//68
f 1087//67 1088//69 1054//68
f 1089//71 1058//72 1056//70
f 1088//69 1089//71 1056//70
f 1090//73 1060//74 1058//72
f 1089//71 1090//73 1058//72
f 1091//75 1062//76 1060//74
f 1090//73 1091//75 1060//74
f 1092//77 1064//78 1062//76
f 1091//75 1092//77 1062//76
f 1093//79 1066//80 1064//78
f 1092//77 1093//79 1064//78
f 1094//81 1068//82 1066//80
f 1093//79 1094//81 1066//80
f 1095//83 1070//84 1068//82
f 1094//81 1095//83 1068//82
f 1081//56 1072//55 1070//84
f 1095//83 1081//56 1070//84
f 1096//85 1097//85 1098//85
f 1099//85 1096//85 1098//85
f 1097//85 1100//85 1101//85
f 1098//85 1097//85 1101//85
f 1100//85 1102//85 1103//85
f 1101//85 1100//85 1103//85
f 1102//85 1104//85 1105//85
f 1103//85 1102//85 1105//85
f 1104//85 1106//85 1107//85
f 1105//85 1104//85 1107//85
f 1106//85 1108//85 1109//85
f 1107//85 1106//85 1109//85
f 1108//85 1110//85 1111//85
f 1109//85 1108//85 1111//85
f 1110//85 1112//85 1113//85
f 1111//85 1110//85 1113//85
f 1112//85 1114//85 1115//85
f 1113//85 1112//85 1115//85
f 1114//85 1116//85 1117//85
f 1115//85 1114//85 1117//85
f 1116//85 1118//85 1119//85
f 1117//85 1116//85 1119//85
f 1118//85 1120//85 1121//85
f 1119//85 1118//85 1121//85
f 1120//85 1122//85 1123//85
f 1121//85 1120//85 1123//85
f 1122//85 1124//85 1125//85
f 1123//85 1122//85 1125//85
f 1124//85 1126//85 1127//85
f 1125//85 1124//85 1127//85
f 1126//85 1096//85 1099//85
f 1127//85 1126//85 1099//85
f 1121//55 1123//54 1128//53
f 1121//55 1128//53 1129//56
f 1123//54 1125//58 1130//57
f 1123//54 1130//57 1128//53
f 1125//58 1127//60 1131//59
f 1125//58 1131//59 1130//57
f 1127//60 1099//62 1132//61
f 1127//60 1132//61 1131//59
f 1099//62 1098//64 1133//63
f 1099//62 1133//63 1132//61
f 1098//64 1101//66 1134//65
f 1098//64 1134//65 1133//63
f 1101//66 1103//68 1135//67
f 1101//66 1135//67 1134//65
f 1103//68 1105//70 1136//69
f 1103//68 1136//69 1135//67
f 1105//70 1107//72 1137//71
f 1105//70 1137//71 1136//69
f 1107//72 1109//74 1138//73
f 1107//72 1138//73 1137//71
f 1109//74 1111//76 1139//75
f 1109//74 1139//75 1138//73
f 1111//76 1113//78 1140//77
f 1111//76 1140//77 1139//75
f 1113//78 1115//80 1141//79
f 1113//78 1141//79 1140//77
f 1115//80 1117//82 1142//81
f 1115//80 1142//81 1141//79
f 1117//82 1119//84 1143//83
f 1117//82 1143//83 1142//81
f 1119//84 1121//55 1129//56
f 1119//84 1129//56 1143//83
f 1144//52 1145//52 1146//52
f 1144//52 1146//52 1147//52
f 1148//52 1149//52 1145//52
f 1148//52 1145//52 1144//52
f 1150//52 1151//52 1149//52
f 1150//52 1149//52 1148//52
f 1152//52 1153//52 1151//52
f 1152//52 1151//52 1150//52
f 1154//52 1155//52 1153//52
f 1154//52 1153//52 1152//52
f 1156//52 1157//52 1155//52
f 1156//52 1155//52 1154//52
f 1158//52 1159//52 1157//52
f 1158//52 1157//52 1156//52
f 1160//52 1161//52 1159//52
f 1160//52 1159//52 1158//52
f 1162//52 1163//52 1161//52
f 1162//52 1161//52 1160//52
f 1164//52 1165//52 1163//52
f 1164//52 1163//52 1162//52
f 1166//52 1167//52 1165//52
f 1166//52 1165//52 1164//52
f 1168//52 1169//52 1167//52
f 1168//52 1167//52 1166//52
f 1170//52 1171//52 1169//52
f 1170//52 1169//52 1168//52
f 1172//52 1173//52 1171//52
f 1172//52 1171//52 1170//52
f 1174//52 1175//52 1173//52
f 1174//52 1173//52 1172//52
f 1147//52 1146//52 1175//52
f 1147//52 1175//52 1174//52
f 1176//53 1170//54 1168//55
f 1177//56 1176//53 1168//55
f 1178//57 1172//58 1170//54
f 1176//53 1178//57 1170//54
f 1179//59 1174//60 1172//58
f 1178//57 1179//59 1172//58
f 1180//61 1147//62 1174//60
f 1179//59 1180//61 1174//60
f 1181//63 1144//64 1147//62
f 1180//61 1181//63 1147//62
f 1182//65 1148//66 1144//64
f 1181//63 1182//65 1144//64
f 1183//67 1150//68 1148//66
f 1182//65 1183//67 1148//66
f 1184//69 1152//70 1150//68
f 1183//67 1184//69 1150//68
f 1185//71 1154//72 1152//70
f 1184//69 1185//71 1152//70
f 1186//73 1156//74 1154//72
f 1185//71 1186//73 1154//72
f 1187//75 1158//76 1156//74
f 1186//73 1187//75 1156//74
f 1188//77 1160//78 1158//76
f 1187//75 1188//77 1158//76
f 1189//79 1162//80 1160//78
f 1188//77 1189//79 1160//78
f 1190//81 1164//82 1162//80
f 1189//79 1190//81 1162//80
f 1191//83 1166//84 1164//82
f 1190//81 1191//83 1164//82
f 1177//56 1168//55 1166//84
f 1191//83 1177//56 1166//84
f 1192//85 1193//85 1194//85
f 1195//85 1192//85 1194//85
f 1193//85 1196//85 1197//85
f 1194//85 1193//85 1197//85
f 1196//85 1198//85 1199//85
f 1197//85 1196//85 1199//85
f 1198//85 1200//85 1201//85
f 1199//85 1198//85 1201//85
f 1200//85 1202//85 1203//85
f 1201//85 1200//85 1203//85
f 1202//85 1204//85 1205//85
f 1203//85 1202//85 1205//85
f 1204//85 1206//85 1207//85
f 1205//85 1204//85 1207//85
f 1206//85 1208//85 1209//85
f 1207//85 1206//85 1209//85
f 1208//85 1210//85 1211//85
f 1209//85 1208//85 1211//85
f 1210//85 1212//85 1213//85
f 1211//85 1210//85 1213//85
f 1212//85 1214//85 1215//85
f 1213//85 1212//85 1215//85
f 1214//85 1216//85 1217//85
f 1215//85 1214//85 1217//85
f 1216//85 1218//85 1219//85
f 1217//85 1216//85 1219//85
f 1218//85 1220//85 1221//85
f 1219//85 1218//85 1221//85
f 1220//85 1222//85 1223//85
f 1221//85 1220//85 1223//85
f 1222//85 1192//85 1195//85
f 1223//85 1222//85 1195//85
f 1217//55 1219//54 1224//53
f 1217//55 1224//53 1225//56
f 1219//54 1221//58 1226//57
f 1219//54 1226//57 1224//53
f 1221//58 1223//60 1227//59
f 1221//58 1227//59 1226//57
f 1223//60 1195//62 1228//61
f 1223//60 1228//61 1227//59
f 1195//62 1194//64 1229//63
f 1195//62 1229//63 1228//61
f 1194//64 1197//66 1230//65
f 1194//64 1230//65 1229//63
f 1197//66 1199//68 1231//67
f 1197//66 1231//67 1230//65
f 1199//68 1201//70 1232//69
f 1199//68 1232//69 1231//67
f 1201//70 1203//72 1233//71
f 1201//70 1233//71 1232//69
f 1203//72 1205//74 1234//73
f 1203//72 1234//73 1233//71
f 1205//74 1207//76 1235//75
f 1205//74 1235//75 1234//73
f 1207//76 1209//78 1236//77
f 1207//76 1236//77 1235//75
f 1209//78 1211//80 1237//79
f 1209//78 1237//79 1236//77
f 1211//80 1213//82 1238//81
f 1211//80 1238//81 1237//79
f 1213//82 1215//84 1239//83
f 1213//82 1239//83 1238//81
f 1215//84 1217//55 1225//56
f 1215//84 1225//56 1239//83
f 1240//52 1241//52 1242//52
f 1240//52 1242//52 1243//52
f 1244//52 1245//52 1241//52
f 1244//52 1241//52 1240//52
f 1246//52 1247//52 1245//52
f 1246//52 1245//52 1244//52
f 1248//52 1249//52 1247//52
f 1248//52 1247//52 1246//52
f 1250//52 1251//52 1249//52
f 1250//52 1249//52 1248//52
f 1252//52 1253//52 1251//52
f 1252//52 1251//52 1250//52
f 1254//52 1255//52 1253//52
f 1254//52 1253//52 1252//52
f 1256//52 1257//52 1255//52
f 1256//52 1255//52 1254//52
f 1258//52 1259//52 1257//52
f 1258//52 1257//52 1256//52
f 1260//52 1261//52 1259//52
f 1260//52 1259//52 1258//52
f 1262//52 1263//52 1261//52
f 1262//52 1261//52 1260//52
f 1264//52 1265//52 1263//52
f 1264//52 1263//52 1262//52
f 1266//52 1267//52 1265//52
f 1266//52 1265//52 1264//52
f 1268//52 1269//52 1267//52
f 1268//52 1267//52 1266//52
f 1270//52 1271//52 1269//52
f 1270//52 1269//52 1268//52
f 1243//52 1242//52 1271//52
f 1243//52 1271//52 1270//52
f 1272//53 1266//54 1264//55
f 1273//56 1272//53 1264//55
f 1274//57 1268//58 1266//54
f 1272//53 1274//57 1266//54
f 1275//59 1270//60 1268//58
f 1274//57 1275//59 1268//58
f 1276//61 1243//62 1270//60
f 1275//59 1276//61 1270//60
f 1277//63 1240//64 1243//62
f 1276//61 1277//63 1243//62
f 1278//65 1244//66 1240//64
f 1277//63 1278//65 1240//64
f 1279//67 1246//68 1244//66
f 1278//65 1279//67 1244//66
f 1280//69 1248//70 1246//68
f 1279//67 1280//69 1246//68
f 1281//71 1250//72 1248//70
f 1280//69 1281//71 1248//70
f 1282//73 1252//74 1250//72
f 1281//71 1282//73 1250//72
f 1283//75 1254//76 1252//74
f 1282//73 1283//75 1252//74
f 1284//77 1256//78 1254//76
f 1283//75 1284//77 1254//76
f 1285//79 1258//80 1256//78
f 1284//77 1285//79 1256//78
f 1286//81 1260//82 1258//80
f 1285//79 1286//81 1258//80
f 1287//83 1262//84 1260//82
f 1286//81 1287//83 1260//82
f 1273//56 1264//55 1262//84
f 1287//83 1273//56 1262//84
f 1288//85 1289//85 1290//85
f 1291//85 1288//85 1290//85
f 1289//85 1292//85 1293//85
f 1290//85 1289//85 1293//85
f 1292//85 1294//85 1295//85
f 1293//85 1292//85 1295//85
f 1294//85 1296//85 1297//85
f 1295//85 1294//85 1297//85
f 1296//85 1298//85 1299//85
f 1297//85 1296//85 1299//85
f 1298//85 1300//85 1301//85
f 1299//85 1298//85 1301//85
f 1300//85 1302//85 1303//85
f 1301//85 1300//85 1303//85
f 1302//85 1304//85 1305//85
f 1303//85 1302//85 1305//85
f 1304//85 1306//85 1307//85
f 1305//85 1304//85 1307//85
f 1306//85 1308//85 1309//85
f 1307//85 1306//85 1309//85
f 1308//85 1310//85 1311//85
f 1309//85 1308//85 1311//85
f 1310//85 1312//85 1313//85
f 1311//85 1310//85 1313//85
f 1312//85 1314//85 1315//85
f 1313//85 1312//85 1315//85
f 1314//85 1316//85 1317//85
f 1315//85 1314//85 1317//85
f 1316//85 1318//85 1319//85
f 1317//85 1316//85 1319//85
f 1318//85 1288//85 1291//85
f 1319//85 1318//85 1291//85
f 1313//55 1315//54 1320//53
f 1313//55 1320//53 1321//56
f 1315//54 1317//58 1322//57
f 1315//54 1322//57 1320//53
f 1317//58 1319//60 1323//59
f 1317//58 1323//59 1322//57
f 1319//60 1291//62 1324//61
f 1319//60 1324//61 1323//59
f 1291//62 1290//64 1325//63
f 1291//62 1325//63 1324//61
f 1290//64 1293//66 1326//65
f 1290//64 1326//65 1325//63
f 1293//66 1295//68 1327//67
f 1293//66 1327//67 1326//65
f 1295//68 1297//70 1328//69
f 1295//68 1328//69 1327//67
f 1297//70 1299//72 1329//71
f 1297//70 1329//71 1328//69
f 1299//72 1301//74 1330//73
f 1299//72 1330//73 1329//71
f 1301//74 1303//76 1331//75
f 1301//74 1331//75 1330//73
f 1303//76 1305//78 1332//77
f 1303//76 1332//77 1331//75
f 1305//78 1307//80 1333//79
f 1305//78 1333//79 1332//77
f 1307//80 1309//82 1334//81
f 1307//80 1334//81 1333//79
f 1309//82 1311//84 1335//83
f 1309//82 1335//83 1334//81
f 1311//84 1313//55 1321//56
f 1311//84 1321//56 1335//83
f 1336//52 1337//52 1338//52
f 1336//52 1338//52 1339//52
f 1340//52 1341//52 1337//52
f 1340//52 1337//52 1336//52
f 1342//52 1343//52 1341//52
f 1342//52 1341//52 1340//52
f 1344//52 1345//52 1343//52
f 1344//52 1343//52 1342//52
f 1346//52 1347//52 1345//52
f 1346//52 1345//52 1344//52
f 1348//52 1349//52 1347//52
f 1348//52 1347//52 1346//52
f 1350//52 1351//52 1349//52
f 1350//52 1349//52 1348//52
f 1352//52 1353//52 1351//52
f 1352//52 1351//52 1350//52
f 1354//52 1355//52 1353//52
f 1354//52 1353//52 1352//52
f 1356//52 1357//52 1355//52
f 1356//52 1355//52 1354//52
f 1358//52 1359//52 1357//52
f 1358//52 1357//52 1356//52
f 1360//52 1361//52 1359//52
f 1360//52 1359//52 1358//52
f 1362//52 1363//52 1361//52
f 1362//52 1361//52 1360//52
f 1364//52 1365//52 1363//52
f 1364//52 1363//52 1362//52
f 1366//52 1367//52 1365//52
f 1366//52 1365//52 1364//52
f 1339//52 1338//52 1367//52
f 1339//52 1367//52 1366//52
f 1368//53 1362//54 1360//55
f 1369//56 1368//53 1360//55
f 1370//57 1364//58 1362//54
f 1368//53 1370//57 1362//54
f 1371//59 1366//60 1364//58
f 1370//57 1371//59 1364//58
f 1372//61 1339//62 1366//60
f 1371//59 1372//61 1366//60
f 1373//63 1336//64 1339//62
f 1372//61 1373//63 1339//62
f 1374//65 1340//66 1336//64
f 1373//63 1374//65 1336//64
f 1375//67 1342//68 1340//66
f 1374//65 1375//67 1340//66
f 1376//69 1344//70 1342//68
f 1375//67 1376//69 1342//68
f 1377//71 1346//72 1344//70
f 1376//69 1377//71 1344//70
f 1378//73 1348//74 1346//72
f 1377//71 1378//73 1346//72
f 1379//75 1350//76 1348//74
f 1378//73 1379//75 1348//74
f 1380//77 1352//78 1350//76
f 1379//75 1380//77 1350//76
f 1381//79 1354//80 1352//78
f 1380//77 1381//79 1352//78
f 1382//81 1356//82 1354//80
f 1381//79 1382//81 1354//80
f 1383//83 1358//84 1356//82
f 1382//81 1383//83 1356//82
f 1369//56 1360//55 1358//84
f 1383//83 1369//56 1358//84
f 1384//85 1385//85 1386//85
f 1387//85 1384//85 1386//85
f 1385//85 1388//85 1389//85
f 1386//85 1385//85 1389//85
f 1388//85 1390//85 1391//85
f 1389//85 1388//85 1391//85
f 1390//85 1392//85 1393//85
f 1391//85 1390//85 1393//85
f 1392//85 1394//85 1395//85
f 1393//85 1392//85 1395//85
f 1394//85 1396//85 1397//85
f 1395//85 1394//85 1397//85
f 1396//85 1398//85 1399//85
f 1397//85 1396//85 1399//85
f 1398//85 1400//85 1401//85
f 1399//85 1398//85 1401//85
f 1400//85 1402//85 1403//85
f 1401//85 1400//85 1403//85
f 1402//85 1404//85 1405//85
f 1403//85 1402//85 1405//85
f 1404//85 1406//85 1407//85
f 1405//85 1404//85 1407//85
f 1406//85 1408//85 1409//85
f 1407//85 1406//85 1409//85
f 1408//85 1410//85 1411//85
f 1409//85 1408//85 1411//85
f 1410//85 1412//85 1413//85
f 1411//85 1410//85 1413//85
f 1412//85 1414//85 1415//85
f 1413//85 1412//85 1415//85
f 1414//85 1384//85 1387//85
f 1415//85 1414//85 1387//85
f 1409//55 1411//54 1416//53
f 1409//55 1416//53 1417//56
f 1411//54 1413//58 1418//57
f 1411//54 1418//57 1416//53
f 1413//58 1415//60 1419//59
f 1413//58 1419//59 1418//57
f 1415//60 1387//62 1420//61
f 1415//60 1420//61 1419//59
f 1387//62 1386//64 1421//63
f 1387//62 1421//63 1420//61
f 1386//64 1389//66 1422//65
f 1386//64 1422//65 1421//63
f 1389//66 1391//68 1423//67
f 1389//66 1423//67 1422//65
f 1391//68 1393//70 1424//69
f 1391//68 1424//69 1423//67
f 1393//70 1395//72 1425//71
f 1393//70 1425//71 1424//69
f 1395//72 1397//74 1426//73
f 1395//72 1426//73 1425//71
f 1397//74 1399//76 1427//75
f 1397//74 1427//75 1426//73
f 1399//76 1401//78 1428//77
f 1399//76 1428//77 1427//75
f 1401//78 1403//80 1429//79
f 1401//78 1429//79 1428//77
f 1403//80 1405//82 1430//81
f 1403//80 1430//81 1429//79
f 1405//82 1407//84 1431//83
f 1405//82 1431//83 1430//81
f 1407//84 1409//55 1417//56
f 1407//84 1417//56 1431//83
f 1432//52 1433//52 1434//52
f 1432//52 1434//52 1435//52
f 1436//52 1437//52 1433//52
f 1436//52 1433//52 1432//52
f 1438//52 1439//52 1437//52
f 1438//52 1437//52 1436//52
f 1440//52 1441//52 1439//52
f 1440//52 1439//52 1438//52
f 1442//52 1443//52 1441//52
f 1442//52 1441//52 1440//52
f 1444//52 1445//52 1443//52
f 1444//52 1443//52 1442//52
f 1446//52 1447//52 1445//52
f 1446//52 1445//52 1444//52
f 1448//52 1449//52 1447//52
f 1448//52 1447//52 1446//52
f 1450//52 1451//52 1449//52
f 1450//52 1449//52 1448//52
f 1452//52 1453//52 1451//52
f 1452//52 1451//52 1450//52
f 1454//52 1455//52 1453//52
f 1454//52 1453//52 1452//52
f 1456//52 1457//52 1455//52
f 1456//52 1455//52 1454//52
f 1458//52 1459//52 1457//52
f 1458//52 1457//52 1456//52
f 1460//52 1461//52 1459//52
f 1460//52 1459//52 1458//52
f 1462//52 1463//52 1461//52
f 1462//52 1461//52 1460//52
f 1435//52 1434//52 1463//52
f 1435//52 1463//52 1462//52
f 1464//53 1458//54 1456//55
f 1465//56 1464//53 1456//55
f 1466//57 1460//58 1458//54
f 1464//53 1466//57 1458//54
f 1467//59 1462//60 1460//58
f 1466//57 1467//59 1460//58
f 1468//61 1435//62 1462//60
f 1467//59 1468//61 1462//60
f 1469//63 1432//64 1435//62
f 1468//61 1469//63 1435//62
f 1470//65 1436//66 1432//64
f 1469//63 1470//65 1432//64
f 1471//67 1438//68 1436//66
f 1470//65 1471//67 1436//66
f 1472//69 1440//70 1438//68
f 1471//67 1472//69 1438//68
f 1473//71 1442//72 1440//70
f 1472//69 1473//71 1440//70
f 1474//73 1444//74 1442//72
f 1473//71 1474//73 1442//72
f 1475//75 1446//76 1444//74
f 1474//73 1475//75 1444//74
f 1476//77 1448//78 1446//76
f 1475//75 1476//77 1446//76
f 1477//79 1450//80 1448//78
f 1476//77 1477//79 1448//78
f 1478//81 1452//82 1450//80
f 1477//79 1478//81 1450//80
f 1479//83 1454//84 1452//82
f 1478//81 1479//83 1452//82
f 1465//56 1456//55 1454//84
f 1479//83 1465//56 1454//84
f 1480//85 1481//85 1482//85
f 1483//85 1480//85 1482//85
f 1481//85 1484//85 1485//85
f 1482//85 1481//85 1485//85
f 1484//85 1486//85 1487//85
f 1485//85 1484//85 1487//85
f 1486//85 1488//85 1489//85
f 1487//85 1486//85 1489//85
f 1488//85 1490//85 1491//85
f 1489//85 1488//85 1491//85
f 1490//85 1492//85 1493//85
f 1491//85 1490//85 1493//85
f 1492//85 1494//85 1495//85
f 1493//85 1492//85 1495//85
f 1494//85 1496//85 1497//85
f 1495//85 1494//85 1497//85
f 1496//85 1498//85 1499//85
f 1497//85 1496//85 1499//85
f 1498//85 1500//85 1501//85
f 1499//85 1498//85 1501//85
f 1500//85 1502//85 1503//85
f 1501//85 1500//85 1503//85
f 1502//85 1504//85 1505//85
f 1503//85 1502//85 1505//85
f 1504//85 1506//85 1507//85
f 1505//85 1504//85 1507//85
f 1506//85 1508//85 1509//85
f 1507//85 1506//85 1509//85
f 1508//85 1510//85 1511//85
f 1509//85 1508//85 1511//85
f 1510//85 1480//85 1483//85
f 1511//85 1510//85 1483//85
f 1505//55 1507//54 1512//53
f 1505//55 1512//53 1513//56
f 1507//54 1509//58 1514//57
f 1507//54 1514//57 1512//53
f 1509//58 1511//60 1515//59
f 1509//58 1515//59 1514//57
f 1511//60 1483//62 1516//61
f 1511//60 1516//61 1515//59
f 1483//62 1482//64 1517//63
f 1483//62 1517//63 1516//61
f 1482//64 1485//66 1518//65
f 1482//64 1518//65 1517//63
f 1485//66 1487//68 1519//67
f 1485//66 1519//67 1518//65
f 1487//68 1489//70 1520//69
f 1487//68 1520//69 1519//67
f 1489//70 1491//72 1521//71
f 1489//70 1521//71 1520//69
f 1491//72 1493//74 1522//73
f 1491//72 1522//73 1521//71
f 1493//74 1495//76 1523//75
f 1493//74 1523//75 1522//73
f 1495//76 1497//78 1524//77
f 1495//76 1524//77 1523//75
f 1497//78 1499//80 1525//79
f 1497//78 1525//79 1524//77
f 1499//80 1501//82 1526//81
f 1499//80 1526//81 1525//79
f 1501//82 1503//84 1527//83
f 1501//82 1527//83 1526//81
f 1503//84 1505//55 1513//56
f 1503//84 1513//56 1527//83
f 1528//52 1529//52 1530//52
f 1528//52 1530//52 1531//52
f 1532//52 1533//52 1529//52
f 1532//52 1529//52 1528//52
f 1534//52 1535//52 1533//52
f 1534//52 1533//52 1532//52
f 1536//52 1537//52 1535//52
f 1536//52 1535//52 1534//52
f 1538//52 1539//52 1537//52
f 1538//52 1537//52 1536//52
f 1540//52 1541//52 1539//52
f 1540//52 1539//52 1538//52
f 1542//52 1543//52 1541//52
f 1542//52 1541//52 1540//52
f 1544//52 1545//52 1543//52
f 1544//52 1543//52 1542//52
f 1546//52 1547//52 1545//52
f 1546//52 1545//52 1544//52
f 1548//52 1549//52 1547//52
f 1548//52 1547//52 1546//52
f 1550//52 1551//52 1549//52
f 1550//52 1549//52 1548//52
f 1552//52 1553//52 1551//52
f 1552//52 1551//52 1550//52
f 1554//52 1555//52 1553//52
f 1554//52 1553//52 1552//52
f 1556//52 1557//52 1555//52
f 1556//52 1555//52 1554//52
f 1558//52 1559//52 1557//52
f 1558//52 1557//52 1556//52
f 1531//52 1530//52 1559//52
f 1531//52 1559//52 1558//52
f 1560//53 1554//54 1552//55
f 1561//56 1560//53 1552//55
f 1562//57 1556//58 1554//54
f 1560//53 1562//57 1554//54
f 1563//59 1558//60 1556//58
f 1562//57 1563//59 1556//58
f 1564//61 1531//62 1558//60
f 1563//59 1564//61 1558//60
f 1565//63 1528//64 1531//62
f 1564//61 1565//63 1531//62
f 1566//65 1532//66 1528//64
f 1565//63 1566//65 1528//64
f 1567//67 1534//68 1532//66
f 1566//65 1567//67 1532//66
f 1568//69 1536//70 1534//68
f 1567//67 1568//69 1534//68
f 1569//71 1538//72 1536//70
f 1568//69 1569//71 1536//70
f 1570//73 1540//74 1538//72
f 1569//71 1570//73 1538//72
f 1571//75 1542//76 1540//74
f 1570//73 1571//75 1540//74
f 1572//77 1544//78 1542//76
f 1571//75 1572//77 1542//76
f 1573//79 1546//80 1544//78
f 1572//77 1573//79 1544//78
f 1574//81 1548//82 1546//80
f 1573//79 1574//81 1546//80
f 1575//83 1550//84 1548//82
f 1574//81 1575//83 1548//82
f 1561//56 1552//55 1550//84
f 1575//83 1561//56 1550//84
f 1576//85 1577//85 1578//85
f 1579//85 1576//85 1578//85
f 1577//85 1580//85 1581//85
f 1578//85 1577//85 1581//85
f 1580//85 1582//85 1583//85
f 1581//85 1580//85 1583//85
f 1582//85 1584//85 1585//85
f 1583//85 1582//85 1585//85
f 1584//85 1586//85 1587//85
f 1585//85 1584//85 1587//85
f 1586//85 1588//85 1589//85
f 1587//85 1586//85 1589//85
f 1588//85 1590//85 1591//85
f 1589//85 1588//85 1591//85
f 1590//85 1592//85 1593//85
f 1591//85 1590//85 1593//85
f 1592//85 1594//85 1595//85
f 1593//85 1592//85 1595//85
f 1594//85 1596//85 1597//85
f 1595//85 1594//85 1597//85
f 1596//85 1598//85 1599//85
f 1597//85 1596//85 1599//85
f 1598//85 1600//85 1601//85
f 1599//85 1598//85 1601//85
f 1600//85 1602//85 1603//85
f 1601//85 1600//85 1603//85
f 1602//85 1604//85 1605//85
f 1603//85 1602//85 1605//85
f 1604//85 1606//85 1607//85
f 1605//85 1604//85 1607//85
f 1606//85 1576//85 1579//85
f 1607//85 1606//85 1579//85
f 1601//55 1603//54 1608//53
f 1601//55 1608//53 1609//56
f 1603//54 1605//58 1610//57
f 1603//54 1610//57 1608//53
f 1605//58 1607//60 1611//59
f 1605//58 1611//59 1610//57
f 1607//60 1579//62 1612//61
f 1607//60 1612//61 1611//59
f 1579//62 1578//64 1613//63
f 1579//62 1613//63 1612//61
f 1578//64 1581//66 1614//65
f 1578//64 1614//65 1613//63
f 1581//66 1583//68 1615//67
f 1581//66 1615//67 1614//65
f 1583//68 1585//70 1616//69
f 1583//68 1616//69 1615//67
f 1585//70 1587//72 1617//71
f 1585//70 1617//71 1616//69
f 1587//72 1589//74 1618//73
f 1587//72 1618//73 1617//71
f 1589//74 1591//76 1619//75
f 1589//74 1619//75 1618//73
f 1591//76 1593//78 1620//77
f 1591//76 1620//77 1619//75
f 1593//78 1595//80 1621//79
f 1593//78 1621//79 1620//77
f 1595//80 1597//82 1622//81
f 1595//80 1622//81 1621//79
f 1597//82 1599//84 1623//83
f 1597//82 1623//83 1622//81
f 1599//84 1601//55 1609//56
f 1599//84 1609//56 1623//83
f 1624//52 1625//52 1626//52
f 1624//52 1626//52 1627//52
f 1628//52 1629//52 1625//52
f 1628//52 1625//52 1624//52
f 1630//52 1631//52 1629//52
f 1630//52 1629//52 1628//52
f 1632//52 1633//52 1631//52
f 1632//52 1631//52 1630//52
f 1634//52 1635//52 1633//52
f 1634//52 1633//52 1632//52
f 1636//52 1637//52 1635//52
f 1636//52 1635//52 1634//52
f 1638//52 1639//52 1637//52
f 1638//52 1637//52 1636//52
f 1640//52 1641//52 1639//52
f 1640//52 1639//52 1638//52
f 1642//52 1643//52 1641//52
f 1642//52 1641//52 1640//52
f 1644//52 1645//52 1643//52
f 1644//52 1643//52 1642//52
f 1646//52 1647//52 1645//52
f 1646//52 1645//52 1644//52
f 1648//52 1649//52 1647//52
f 1648//52 1647//52 1646//52
f 1650//52 1651//52 1649//52
f 1650//52 1649//52 1648//52
f 1652//52 1653//52 1651//52
f 1652//52 1651//52 1650//52
f 1654//52 1655//52 1653//52
f 1654//52 1653//52 1652//52
f 1627//52 1626//52 1655//52
f 1627//52 1655//52 1654//52
f 1656//53 1650//54 1648//55
f 1657//56 1656//53 1648//55
f 1658//57 1652//58 1650//54
f 1656//53 1658//57 1650//54
f 1659//59 1654//60 1652//58
f 1658//57 1659//59 1652//58
f 1660//61 1627//62 1654//60
f 1659//59 1660//61 1654//60
f 1661//63 1624//64 1627//62
f 1660//61 1661//63 1627//62
f 1662//65 1628//66 1624//64
f 1661//63 1662//65 1624//64
f 1663//67 1630//68 1628//66
f 1662//65 1663//67 1628//66
f 1664//69 1632//70 1630//68
f 1663//67 1664//69 1630//68
f 1665//71 1634//72 1632//70
f 1664//69 1665//71 1632//70
f 1666//73 1636//74 1634//72
f 1665//71 1666//73 1634//72
f 1667//75 1638//76 1636//74
f 1666//73 1667//75 1636//74
f 1668//77 1640//78 1638//76
f 1667//75 1668//77 1638//76
f 1669//79 1642//80 1640//78
f 1668//77 1669//79 1640//78
f 1670//81 1644//82 1642//80
f 1669//79 1670//81 1642//80
f 1671//83 1646//84 1644//82
f 1670//81 1671//83 1644//82
f 1657//56 1648//55 1646//84
f 1671//83 1657//56 1646//84
f 1672//85 1673//85 1674//85
f 1675//85 1672//85 1674//85
f 1673//85 1676//85 1677//85
f 1674//85 1673//85 1677//85
f 1676//85 1678//85 1679//85
f 1677//85 1676//85 1679//85
f 1678//85 1680//85 1681//85
f 1679//85 1678//85 1681//85
f 1680//85 1682//85 1683//85
f 1681//85 1680//85 1683//85
f 1682//85 1684//85 1685//85
f 1683//85 1682//85 1685//85
f 1684//85 1686//85 1687//85
f 1685//85 1684//85 1687//85
f 1686//85 1688//85 1689//85
f 1687//85 1686//85 1689//85
f 1688//85 1690//85 1691//85
f 1689//85 1688//85 1691//85
f 1690//85 1692//85 1693//85
f 1691//85 1690//85 1693//85
f 1692//85 1694//85 1695//85
f 1693//85 1692//85 1695//85
f 1694//85 1696//85 1697//85
f 1695//85 1694//85 1697//85
f 1696//85 1698//85 1699//85
f 1697//85 1696//85 1699//85
f 1698//85 1700//85 1701//85
f 1699//85 1698//85 1701//85
f 1700//85 1702//85 1703//85
f 1701//85 1700//85 1703//85
f 1702//85 1672//85 1675//85
f 1703//85 1702//85 1675//85
f 1697//55 1699//54 1704//53
f 1697//55 1704//53 1705//56
f 1699//54 1701//58 1706//57
f 1699//54 1706//57 1704//53
f 1701//58 1703//60 1707//59
f 1701//58 1707//59 1706//57
f 1703//60 1675//62 1708//61
f 1703//60 1708//61 1707//59
f 1675//62 1674//64 1709//63
f 1675//62 1709//63 1708//61
f 1674//64 1677//66 1710//65
f 1674//64 1710//65 1709//63
f 1677//66 1679//68 1711//67
f 1677//66 1711//67 1710//65
f 1679//68 1681//70 1712//69
f 1679//68 1712//69 1711//67
f 1681//70 1683//72 1713//71
f 1681//70 1713//71 1712//69
f 1683//72 1685//74 1714//73
f 1683//72 1714//73 1713//71
f 1685//74 1687//76 1715//75
f 1685//74 1715//75 1714//73
f 1687//76 1689//78 1716//77
f 1687//76 1716//77 1715//75
f 1689//78 1691//80 1717//79
f 1689//78 1717//79 1716//77
f 1691//80 1693//82 1718//81
f 1691//80 1718//81 1717//79
f 1693//82 1695//84 1719//83
f 1693//82 1719//83 1718//81
f 1695//84 1697//55 1705//56
f 1695//84 1705//56 1719//83
f 1720//52 1721//52 1722//52
f 1720//52 1722//52 1723//52
f 1724//52 1725//52 1721//52
f 1724//52 1721//52 1720//52
f 1726//52 1727//52 1725//52
f 1726//52 1725//52 1724//52
f 1728//52 1729//52 1727//52
f 1728//52 1727//52 1726//52
f 1730//52 1731//52 1729//52
f 1730//52 1729//52 1728//52
f 1732//52 1733//52 1731//52
f 1732//52 1731//52 1730//52
f 1734//52 1735//52 1733//52
f 1734//52 1733//52 1732//52
f 1736//52 1737//52 1735//52
f 1736//52 1735//52 1734//52
f 1738//52 1739//52 1737//52
f 1738//52 1737//52 1736//52
f 1740//52 1741//52 1739//52
f 1740//52 1739//52 1738//52
f 1742//52 1743//52 1741//52
f 1742//52 1741//52 1740//52
f 1744//52 1745//52 1743//52
f 1744//52 1743//52 1742//52
f 1746//52 1747//52 1745//52
f 1746//52 1745//52 1744//52
f 1748//52 1749//52 1747//52
f 1748//52 1747//52 1746//52
f 1750//52 1751//52 1749//52
f 1750//52 1749//52 1748//52
f 1723//52 1722//52 1751//52
f 1723//52 1751//52 1750//52
f 1752//53 1746//54 1744//55
f 1753//56 1752//53 1744//55
f 1754//57 1748//58 1746//54
f 1752//53 1754//57 1746//54
f 1755//59 1750//60 1748//58
f 1754//57 1755//59 1748//58
f 1756//61 1723//62 1750//60
f 1755//59 1756//61 1750//60
f 1757//63 1720//64 1723//62
f 1756//61 1757//63 1723//62
f 1758//65 1724//66 1720//64
f 1757//63 1758//65 1720//64
f 1759//67 1726//68 1724//66
f 1758//65 1759//67 1724//66
f 1760//69 1728//70 1726//68
f 1759//67 1760//69 1726//68
f 1761//71 1730//72 1728//70
f 1760//69 1761//71 1728//70
f 1762//73 1732//74 1730//72
f 1761//71 1762//73 1730//72
f 1763//75 1734//76 1732//74
f 1762//73 1763//75 1732//74
f 1764//77 1736//78 1734//76
f 1763//75 1764//77 1734//76
f 1765//79 1738//80 1736//78
f 1764//77 1765//79 1736//78
f 1766//81 1740//82 1738//80
f 1765//79 1766//81 1738//80
f 1767//83 1742//84 1740//82
f 1766//81 1767//83 1740//82
f 1753//56 1744//55 1742//84
f 1767//83 1753//56 1742//84
f 1768//85 1769//85 1770//85
f 1771//85 1768//85 1770//85
f 1769//85 1772//85 1773//85
f 1770//85 1769//85 1773//85
f 1772//85 1774//85 1775//85
f 1773//85 1772//85 1775//85
f 1774//85 1776//85 1777//85
f 1775//85 1774//85 1777//85
f 1776//85 1778//85 1779//85
f 1777//85 1776//85 1779//85
f 1778//85 1780//85 1781//85
f 1779//85 1778//85 1781//85
f 1780//85 1782//85 1783//85
f 1781//85 1780//85 1783//85
f 1782//85 1784//85 1785//85
f 1783//85 1782//85 1785//85
f 1784//85 1786//85 1787//85
f 1785//85 1784//85 1787//85
f 1786//85 1788//85 1789//85
f 1787//85 1786//85 1789//85
f 1788//85 1790//85 1791//85
f 1789//85 1788//85 1791//85
f 1790//85 1792//85 1793//85
f 1791//85 1790//85 1793//85
f 1792//85 1794//85 1795//85
f 1793//85 1792//85 1795//85
f 1794//85 1796//85 1797//85
f 1795//85 1794//85 1797//85
f 1796//85 1798//85 1799//85
f 1797//85 1796//85 1799//85
f 1798//85 1768//85 1771//85
f 1799//85 1798//85 1771//85
f 1793//55 1795//54 1800//53
f 1793//55 1800//53 1801//56
f 1795//54 1797//58 1802//57
f 1795//54 1802//57 1800//53
f 1797//58 1799//60 1803//59
f 1797//58 1803//59 1802//57
f 1799//60 1771//62 1804//61
f 1799//60 1804//61 1803//59
f 1771//62 1770//64 1805//63
f 1771//62 1805//63 1804//61
f 1770//64 1773//66 1806//65
f 1770//64 1806//65 1805//63
f 1773//66 1775//68 1807//67
f 1773//66 1807//67 1806//65
f 1775//68 1777//70 1808//69
f 1775//68 1808//69 1807//67
f 1777//70 1779//72 1809//71
f 1777//70 1809//71 1808//69
f 1779//72 1781//74 1810//73
f 1779//72 1810//73 1809//71
f 1781//74 1783//76 1811//75
f 1781//74 1811//75 1810//73
f 1783//76 1785//78 1812//77
f 1783//76 1812//77 1811//75
f 1785//78 1787//80 1813//79
f 1785//78 1813//79 1812//77
f 1787//80 1789//82 1814//81
f 1787//80 1814//81 1813//79
f 1789//82 1791//84 1815//83
f 1789//82 1815//83 1814//81
f 1791//84 1793//55 1801//56
f 1791//84 1801//56 1815//83
f 1816//52 1817//52 1818//52
f 1816//52 1818//52 1819//52
f 1820//52 1821//52 1817//52
f 1820//52 1817//52 1816//52
f 1822//52 1823//52 1821//52
f 1822//52 1821//52 1820//52
f 1824//52 1825//52 1823//52
f 1824//52 1823//52 1822//52
f 1826//52 1827//52 1825//52
f 1826//52 1825//52 1824//52
f 1828//52 1829//52 1827//52
f 1828//52 1827//52 1826//52
f 1830//52 1831//52 1829//52
f 1830//52 1829//52 1828//52
f 1832//52 1833//52 1831//52
f 1832//52 1831//52 1830//52
f 1834//52 1835//52 1833//52
f 1834//52 1833//52 1832//52
f 1836//52 1837//52 1835//52
f 1836//52 1835//52 1834//52
f 1838//52 1839//52 1837//52
f 1838//52 1837//52 1836//52
f 1840//52 1841//52 1839//52
f 1840//52 1839//52 1838//52
f 1842//52 1843//52 1841//52
f 1842//52 1841//52 1840//52
f 1844//52 1845//52 1843//52
f 1844//52 1843//52 1842//52
f 1846//52 1847//52 1845//52
f 1846//52 1845//52 1844//52
f 1819//52 1818//52 1847//52
f 1819//52 1847//52 1846//52
f 1848//53 1842//54 1840//55
f 1849//56 1848//53 1840//55
f 1850//57 1844//58 1842//54
f 1848//53 1850//57 1842//54
f 1851//59 1846//60 1844//58
f 1850//57 1851//59 1844//58
f 1852//61 1819//62 1846//60
f 1851//59 1852//61 1846//60
f 1853//63 1816//64 1819//62
f 1852//61 1853//63 1819//62
f 1854//65 1820//66 1816//64
f 1853//63 1854//65 1816//64
f 1855//67 1822//68 1820//66
f 1854//65 1855//67 1820//66
f 1856//69 1824//70 1822//68
f 1855//67 1856//69 1822//68
f 1857//71 1826//72 1824//70
f 1856//69 1857//71 1824//70
f 1858//73 1828//74 1826//72
f 1857//71 1858//73 1826//72
f 1859//75 1830//76 1828//74
f 1858//73 1859//75 1828//74
f 1860//77 1832//78 1830//76
f 1859//75 1860//77 1830//76
f 1861//79 1834//80 1832//78
f 1860//77 1861//79 1832//78
f 1862//81 1836//82 1834//80
f 1861//79 1862//81 1834//80
f 1863//83 1838//84 1836//82
f 1862//81 1863//83 1836//82
f 1849//56 1840//55 1838//84
f 1863//83 1849//56 1838//84
f 1864//85 1865//85 1866//85
f 1867//85 1864//85 1866//85
f 1865//85 1868//85 1869//85
f 1866//85 1865//85 1869//85
f 1868//85 1870//85 1871//85
f 1869//85 1868//85 1871//85
f 1870//85 1872//85 1873//85
f 1871//85 1870//85 1873//85
f 1872//85 1874//85 1875//85
f 1873//85 1872//85 1875//85
f 1874//85 1876//85 1877//85
f 1875//85 1874//85 1877//85
f 1876//85 1878//85 1879//85
f 1877//85 1876//85 1879//85
f 1878//85 1880//85 1881//85
f 1879//85 1878//85 1881//85
f 1880//85 1882//85 1883//85
f 1881//85 1880//85 1883//85
f 1882//85 1884//85 1885//85
f 1883//85 1882//85 1885//85
f 1884//85 1886//85 1887//85
f 1885//85 1884//85 1887//85
f 1886//85 1888//85 1889//85
f 1887//85 1886//85 1889//85
f 1888//85 1890//85 1891//85
f 1889//85 1888//85 1891//85
f 1890//85 1892//85 1893//85
f 1891//85 1890//85 1893//85
f 1892//85 1894//85 1895//85
f 1893//85 1892//85 1895//85
f 1894//85 1864//85 1867//85
f 1895//85 1894//85 1867//85
f 1889//55 1891//54 1896//53
f 1889//55 1896//53 1897//56
f 1891//54 1893//58 1898//57
f 1891//54 1898//57 1896//53
f 1893//58 1895//60 1899//59
f 1893//58 1899//59 1898//57
f 1895//60 1867//62 1900//61
f 1895//60 1900//61 1899//59
f 1867//62 1866//64 1901//63
f 1867//62 1901//63 1900//61
f 1866//64 1869//66 1902//65
f 1866//64 1902//65 1901//63
f 1869//66 1871//68 1903//67
f 1869//66 1903//67 1902//65
f 1871//68 1873//70 1904//69
f 1871//68 1904//69 1903//67
f 1873//70 1875//72 1905//71
f 1873//70 1905//71 1904//69
f 1875//72 1877//74 1906//73
f 1875//72 1906//73 1905//71
f 1877//74 1879//76 1907//75
f 1877//74 1907//75 1906//73
f 1879//76 1881//78 1908//77
f 1879//76 1908//77 1907//75
f 1881//78 1883//80 1909//79
f 1881//78 1909//79 1908//77
f 1883//80 1885//82 1910//81
f 1883//80 1910//81 1909//79
f 1885//82 1887//84 1911//83
f 1885//82 1911//83 1910//81
f 1887//84 1889//55 1897//56
f 1887//84 1897//56 1911//83
f 1912//1 1913//1 1914//1
f 1912//1 1914//1 1915//1
f 1915//86 1914//86 1916//87
f 1915//86 1916//87 1917//88
f 1913//89 1912//89 1918//90
f 1913//89 1918//90 1919//91
f 1912//85 1915//85 1917//85
f 1912//85 1917//85 1918//85
f 1914//52 1913//52 1919//52
f 1914//52 1919//52 1916//52
f 1920//1 1921//1 1922//1
f 1920//1 1922//1 1923//1
f 1923//86 1922//86 1924//87
f 1923//86 1924//87 1925//88
f 1921//89 1920//89 1926//90
f 1921//89 1926//90 1927//91
f 1920//85 1923//85 1925//85
f 1920//85 1925//85 1926//85
f 1922//52 1921//52 1927//52
f 1922//52 1927//52 1924//52
f 1928//1 1929//1 1930//1
f 1928//1 1930//1 1931//1
f 1931//86 1930//86 1932//87
f 1931//86 1932//87 1933//88
f 1929//89 1928//89 1934//90
f 1929//89 1934//90 1935//91
f 1928//85 1931//85 1933//85
f 1928//85 1933//85 1934//85
f 1930//52 1929//52 1935//52
f 1930//52 1935//52 1932//52
f 1936//1 1937//1 1938//1
f 1936//1 1938//1 1939//1
f 1939//86 1938//86 1940//87
f 1939//86 1940//87 1941//88
f 1937//89 1936//89 1942//90
f 1937//89 1942//90 1943//91
f 1936//85 1939//85 1941//85
f 1936//85 1941//85 1942//85
f 1938//52 1937//52 1943//52
f 1938//52 1943//52 1940//52
f 1944//1 1945//1 1946//1
f 1944//1 1946//1 1947//1
f 1947//86 1946//86 1948//87
f 1947//86 1948//87 1949//88
f 1945//89 1944//89 1950//90
f 1945//89 1950//90 1951//91
f 1944//85 1947//85 1949//85
f 1944//85 1949//85 1950//85
f 1946//52 1945//52 1951//52
f 1946//52 1951//52 1948//52
f 1952//1 1953//1 1954//1
f 1952//1 1954//1 1955//1
f 1955//86 1954//86 1956//87
f 1955//86 1956//87 1957//88
f 1953//89 1952//89 1958//90
f 1953//89 1958//90 1959//91
f 1952//85 1955//85 1957//85
f 1952//85 1957//85 1958//85
f 1954//52 1953//52 1959//52
f 1954//52 1959//52 1956//52
f 1960//1 1961//1 1962//1
f 1960//1 1962//1 1963//1
f 1963//86 1962//86 1964//87
f 1963//86 1964//87 1965//88
f 1961//89 1960//89 1966//90
f 1961//89 1966//90 1967//91
f 1960//85 1963//85 1965//85
f 1960//85 1965//85 1966//85
f 1962//52 1961//52 1967//52
f 1962//52 1967//52 1964//52
f 1968//1 1969//1 1970//1
f 1968//1 1970//1 1971//1
f 1971//86 1970//86 1972//87
f 1971//86 1972//87 1973//88
f 1969//89 1968//89 1974//90
f 1969//89 1974//90 1975//91
f 1968//85 1971//85 1973//85
f 1968//85 1973//85 1974//85
f 1970//52 1969//52 1975//52
f 1970//52 1975//52 1972//52
f 1976//1 1977//1 1978//1
f 1976//1 1978//1 1979//1
f 1979//86 1978//86 1980//87
f 1979//86 1980//87 1981//88
f 1977//89 1976//89 1982//90
f 1977//89 1982//90 1983//91
f 1976//85 1979//85 1981//85
f 1976//85 1981//85 1982//85
f 1978//52 1977//52 1983//52
f 1978//52 1983//52 1980//52
f 1984//1 1985//1 1986//1
f 1984//1 1986//1 1987//1
f 1987//86 1986//86 1988//87
f 1987//86 1988//87 1989//88
f 1985//89 1984//89 1990//90
f 1985//89 1990//90 1991//91
f 1984//85 1987//85 1989//85
f 1984//85 1989//85 1990//85
f 1986//52 1985//52 1991//52
f 1986//52 1991//52 1988//52
f 1992//1 1993//1 1994//1
f 1992//1 1994//1 1995//1
f 1995//86 1994//86 1996//87
f 1995//86 1996//87 1997//88
f 1993//89 1992//89 1998//90
f 1993//89 1998//90 1999//91
f 1992//85 1995//85 1997//85
f 1992//85 1997//85 1998//85
f 1994//52 1993//52 1999//52
f 1994//52 1999//52 1996//52
f 2000//1 2001//1 2002//1
f 2000//1 2002//1 2003//1
f 2003//86 2002//86 2004//87
f 2003//86 2004//87 2005//88
f 2001//89 2000//89 2006//90
f 2001//89 2006//90 2007//91
f 2000//85 2003//85 2005//85
f 2000//85 2005//85 2006//85
f 2002//52 2001//52 2007//52
f 2002//52 2007//52 2004//52
f 2008//1 2009//1 2010//1
f 2008//1 2010//1 2011//1
f 2008//89 2011//89 2012//89
f 2008//89 2012//89 2013//89
f 2014//1 2015//1 2016//1
f 2014//1 2016//1 2017//1
f 2014//86 2017//86 2018//86
f 2014//86 2018//86 2019//86
f 2020//71 2021//72 1925//88
f 2020//71 1925//88 1924//87
f 2022//73 2023//74 2021//72
f 2022//73 2021//72 2020//71
f 2024//75 2025//76 2023//74
f 2024//75 2023//74 2022//73
f 2026//77 2027//78 2025//76
f 2026//77 2025//76 2024//75
f 2028//79 2029//80 2027//78
f 2028//79 2027//78 2026//77
f 2030//81 2031//82 2029//80
f 2030//81 2029//80 2028//79
f 2032//83 2033//84 2031//82
f 2032//83 2031//82 2030//81
f 1919//91 1918//90 2033//84
f 1919//91 2033//84 2032//83
f 2034//71 2035//72 1933//88
f 2034//71 1933//88 1932//87
f 2036//73 2037//74 2035//72
f 2036//73 2035//72 2034//71
f 2038//75 2039//76 2037//74
f 2038//75 2037//74 2036//73
f 2040//77 2041//78 2039//76
f 2040//77 2039//76 2038//75
f 2042//79 2043//80 2041//78
f 2042//79 2041//78 2040//77
f 2044//81 2045//82 2043//80
f 2044//81 2043//80 2042//79
f 2046//83 2047//84 2045//82
f 2046//83 2045//82 2044//81
f 1927//91 1926//90 2047//84
f 1927//91 2047//84 2046//83
f 2048//71 2049//72 1941//88
f 2048//71 1941//88 1940//87
f 2050//73 2051//74 2049//72
f 2050//73 2049//72 2048//71
f 2052//75 2053//76 2051//74
f 2052//75 2051//74 2050//73
f 2054//77 2055//78 2053//76
f 2054//77 2053//76 2052//75
f 2056//79 2057//80 2055//78
f 2056//79 2055//78 2054//77
f 2058//81 2059//82 2057//80
f 2058//81 2057//80 2056//79
f 2060//83 2061//84 2059//82
f 2060//83 2059//82 2058//81
f 1935//91 1934//90 2061//84
f 1935//91 2061//84 2060//83
f 2062//71 2063//72 1949//88
f 2062//71 1949//88 1948//87
f 2064//73 2065//74 2063//72
f 2064//73 2063//72 2062//71
f 2066//75 2067//76 2065//74
f 2066//75 2065//74 2064//73
f 2068//77 2069//78 2067//76
f 2068//77 2067//76 2066//75
f 2070//79 2071//80 2069//78
f 2070//79 2069//78 2068//77
f 2072//81 2073//82 2071//80
f 2072//81 2071//80 2070//79
f 2074//83 2075//84 2073//82
f 2074//83 2073//82 2072//81
f 1943//91 1942//90 2075//84
f 1943//91 2075//84 2074//83
f 2076//71 2077//72 1957//88
f 2076//71 1957//88 1956//87
f 2078//73 2079//74 2077//72
f 2078//73 2077//72 2076//71
f 2080//75 2081//76 2079//74
f 2080//75 2079//74 2078//73
f 2082//77 2083//78 2081//76
f 2082//77 2081//76 2080//75
f 2084//79 2085//80 2083//78
f 2084//79 2083//78 2082//77
f 2086//81 2087//82 2085//80
f 2086//81 2085//80 2084//79
f 2088//83 2089//84 2087//82
f 2088//83 2087//82 2086//81
f 1951//91 1950//90 2089//84
f 1951//91 2089//84 2088//83
f 2090//71 2091//72 2092//88
f 2090//71 2092//88 2093//87
f 2094//73 2095//74 2091//72
f 2094//73 2091//72 2090//71
f 2096//75 2097//76 2095//74
f 2096//75 2095//74 2094//73
f 2098//77 2099//78 2097//76
f 2098//77 2097//76 2096//75
f 2100//79 2101//80 2099//78
f 2100//79 2099//78 2098//77
f 2102//81 2103//82 2101//80
f 2102//81 2101//80 2100//79
f 2104//83 2105//84 2103//82
f 2104//83 2103//82 2102//81
f 1959//91 1958//90 2105//84
f 1959//91 2105//84 2104//83
f 2106//71 2107//72 1917//88
f 2106//71 1917//88 1916//87
f 2108//73 2109//74 2107//72
f 2108//73 2107//72 2106//71
f 2110//75 2111//76 2109//74
f 2110//75 2109//74 2108//73
f 2112//77 2113//78 2111//76
f 2112//77 2111//76 2110//75
f 2114//79 2115//80 2113//78
f 2114//79 2113//78 2112//77
f 2116//81 2117//82 2115//80
f 2116//81 2115//80 2114//79
f 2118//83 2119//84 2117//82
f 2118//83 2117//82 2116//81
f 1967//91 1966//90 2119//84
f 1967//91 2119//84 2118//83
f 2120//71 2121//72 1965//88
f 2120//71 1965//88 1964//87
f 2122//73 2123//74 2121//72
f 2122//73 2121//72 2120//71
f 2124//75 2125//76 2123//74
f 2124//75 2123//74 2122//73
f 2126//77 2127//78 2125//76
f 2126//77 2125//76 2124//75
f 2128//79 2129//80 2127//78
f 2128//79 2127//78 2126//77
f 2130//81 2131//82 2129//80
f 2130//81 2129//80 2128//79
f 2132//83 2133//84 2131//82
f 2132//83 2131//82 2130//81
f 1975//91 1974//90 2133//84
f 1975//91 2133//84 2132//83
f 2134//71 2135//72 1973//88
f 2134//71 1973//88 1972//87
f 2136//73 2137//74 2135//72
f 2136//73 2135//72 2134//71
f 2138//75 2139//76 2137//74
f 2138//75 2137//74 2136//73
f 2140//77 2141//78 2139//76
f 2140//77 2139//76 2138//75
f 2142//79 2143//80 2141//78
f 2142//79 2141//78 2140//77
f 2144//81 2145//82 2143//80
f 2144//81 2143//80 2142//79
f 2146//83 2147//84 2145//82
f 2146//83 2145//82 2144//81
f 1983//91 1982//90 2147//84
f 1983//91 2147//84 2146//83
f 2148//71 2149//72 1981//88
f 2148//71 1981//88 1980//87
f 2150//73 2151//74 2149//72
f 2150//73 2149//72 2148//71
f 2152//75 2153//76 2151//74
f 2152//75 2151//74 2150//73
f 2154//77 2155//78 2153//76
f 2154//77 2153//76 2152//75
f 2156//79 2157//80 2155//78
f 2156//79 2155//78 2154//77
f 2158//81 2159//82 2157//80
f 2158//81 2157//80 2156//79
f 2160//83 2161//84 2159//82
f 2160//83 2159//82 2158//81
f 1991//91 1990//90 2161//84
f 1991//91 2161//84 2160//83
f 2162//71 2163//72 1989//88
f 2162//71 1989//88 1988//87
f 2164//73 2165//74 2163//72
f 2164//73 2163//72 2162//71
f 2166//75 2167//76 2165//74
f 2166//75 2165//74 2164//73
f 2168//77 2169//78 2167//76
f 2168//77 2167//76 2166//75
f 2170//79 2171//80 2169//78
f 2170//79 2169//78 2168//77
f 2172//81 2173//82 2171//80
f 2172//81 2171//80 2170//79
f 2174//83 2175//84 2173//82
f 2174//83 2173//82 2172//81
f 1999//91 1998//90 2175//84
f 1999//91 2175//84 2174//83
f 2176//71 2177//72 1997//88
f 2176//71 1997//88 1996//87
f 2178//73 2179//74 2177//72
f 2178//73 2177//72 2176//71
f 2180//75 2181//76 2179//74
f 2180//75 2179//74 2178//73
f 2182//77 2183//78 2181//76
f 2182//77 2181//76 2180//75
f 2184//79 2185//80 2183//78
f 2184//79 2183//78 2182//77
f 2186//81 2187//82 2185//80
f 2186//81 2185//80 2184//79
f 2188//83 2189//84 2187//82
f 2188//83 2187//82 2186//81
f 2007//91 2006//90 2189//84
f 2007//91 2189//84 2188//83
f 2190//71 2191//72 2005//88
f 2190//71 2005//88 2004//87
f 2192//73 2193//74 2191//72
f 2192//73 2191//72 2190//71
f 2194//75 2195//76 2193//74
f 2194//75 2193//74 2192//73
f 2196//77 2197//78 2195//76
f 2196//77 2195//76 2194//75
f 2198//79 2199//80 2197//78
f 2198//79 2197//78 2196//77
f 2200//81 2201//82 2199//80
f 2200//81 2199//80 2198//79
f 2202//83 2203//84 2201//82
f 2202//83 2201//82 2200//81
f 2204//91 2205//90 2203//84
f 2204//91 2203//84 2202//83
f 2093//87 2092//88 2010//86
f 2093//87 2010//86 2009//86
f 2205//90 2204//91 2016//89
f 2205//90 2016//89 2015//89
f 2206//85 1925//85 2021//85
f 2206//85 2021//85 2023//85
f 2206//85 2023//85 2025//85
f 2206//85 2025//85 2027//85
f 2207//85 2027//85 2029//85
f 2207//85 2029//85 2031//85
f 2207//85 2031//85 2033//85
f 2207//85 2033//85 1918//85
f 2020//52 1924//52 2208//52
f 2022//52 2020//52 2208//52
f 2024//52 2022//52 2208//52
f 2026//52 2024//52 2208//52
f 2028//52 2026//52 2209//52
f 2030//52 2028//52 2209//52
f 2032//52 2030//52 2209//52
f 1919//52 2032//52 2209//52
f 2210//85 1933//85 2035//85
f 2210//85 2035//85 2037//85
f 2210//85 2037//85 2039//85
f 2210//85 2039//85 2041//85
f 2211//85 2041//85 2043//85
f 2211//85 2043//85 2045//85
f 2211//85 2045//85 2047//85
f 2211//85 2047//85 1926//85
f 2034//52 1932//52 2212//52
f 2036//52 2034//52 2212//52
f 2038//52 2036//52 2212//52
f 2040//52 2038//52 2212//52
f 2042//52 2040//52 2213//52
f 2044//52 2042//52 2213//52
f 2046//52 2044//52 2213//52
f 1927//52 2046//52 2213//52
f 2214//85 1941//85 2049//85
f 2214//85 2049//85 2051//85
f 2214//85 2051//85 2053//85
f 2214//85 2053//85 2055//85
f 2215//85 2055//85 2057//85
f 2215//85 2057//85 2059//85
f 2215//85 2059//85 2061//85
f 2215//85 2061//85 1934//85
f 2048//52 1940//52 2216//52
f 2050//52 2048//52 2216//52
f 2052//52 2050//52 2216//52
f 2054//52 2052//52 2216//52
f 2056//52 2054//52 2217//52
f 2058//52 2056//52 2217//52
f 2060//52 2058//52 2217//52
f 1935//52 2060//52 2217//52
f 2218//85 1949//85 2063//85
f 2218//85 2063//85 2065//85
f 2218//85 2065//85 2067//85
f 2218//85 2067//85 2069//85
f 2219//85 2069//85 2071//85
f 2219//85 2071//85 2073//85
f 2219//85 2073//85 2075//85
f 2219//85 2075//85 1942//85
f 2062//52 1948//52 2220//52
f 2064//52 2062//52 2220//52
f 2066//52 2064//52 2220//52
f 2068//52 2066//52 2220//52
f 2070//52 2068//52 2221//52
f 2072//52 2070//52 2221//52
f 2074//52 2072//52 2221//52
f 1943//52 2074//52 2221//52
f 2222//85 1957//85 2077//85
f 2222//85 2077//85 2079//85
f 2222//85 2079//85 2081//85
f 2222//85 2081//85 2083//85
f 2223//85 2083//85 2085//85
f 2223//85 2085//85 2087//85
f 2223//85 2087//85 2089//85
f 2223//85 2089//85 1950//85
f 2076//52 1956//52 2224//52
f 2078//52 2076//52 2224//52
f 2080//52 2078//52 2224//52
f 2082//52 2080//52 2224//52
f 2084//52 2082//52 2225//52
f 2086//52 2084//52 2225//52
f 2088//52 2086//52 2225//52
f 1951//52 2088//52 2225//52
f 2226//85 2092//85 2091//85
f 2226//85 2091//85 2095//85
f 2226//85 2095//85 2097//85
f 2226//85 2097//85 2099//85
f 2227//85 2099//85 2101//85
f 2227//85 2101//85 2103//85
f 2227//85 2103//85 2105//85
f 2227//85 2105//85 1958//85
f 2090//52 2093//52 2228//52
f 2094//52 2090//52 2228//52
f 2096//52 2094//52 2228//52
f 2098//52 2096//52 2228//52
f 2100//52 2098//52 2229//52
f 2102//52 2100//52 2229//52
f 2104//52 2102//52 2229//52
f 1959//52 2104//52 2229//52
f 2230//85 1917//85 2107//85
f 2230//85 2107//85 2109//85
f 2230//85 2109//85 2111//85
f 2230//85 2111//85 2113//85
f 2231//85 2113//85 2115//85
f 2231//85 2115//85 2117//85
f 2231//85 2117//85 2119//85
f 2231//85 2119//85 1966//85
f 2106//52 1916//52 2232//52
f 2108//52 2106//52 2232//52
f 2110//52 2108//52 2232//52
f 2112//52 2110//52 2232//52
f 2114//52 2112//52 2233//52
f 2116//52 2114//52 2233//52
f 2118//52 2116//52 2233//52
f 1967//52 2118//52 2233//52
f 2234//85 1965//85 2121//85
f 2234//85 2121//85 2123//85
f 2234//85 2123//85 2125//85
f 2234//85 2125//85 2127//85
f 2235//85 2127//85 2129//85
f 2235//85 2129//85 2131//85
f 2235//85 2131//85 2133//85
f 2235//85 2133//85 1974//85
f 2120//52 1964//52 2236//52
f 2122//52 2120//52 2236//52
f 2124//52 2122//52 2236//52
f 2126//52 2124//52 2236//52
f 2128//52 2126//52 2237//52
f 2130//52 2128//52 2237//52
f 2132//52 2130//52 2237//52
f 1975//52 2132//52 2237//52
f 2238//85 1973//85 2135//85
f 2238//85 2135//85 2137//85
f 2238//85 2137//85 2139//85
f 2238//85 2139//85 2141//85
f 2239//85 2141//85 2143//85
f 2239//85 2143//85 2145//85
f 2239//85 2145//85 2147//85
f 2239//85 2147//85 1982//85
f 2134//52 1972//52 2240//52
f 2136//52 2134//52 2240//52
f 2138//52 2136//52 2240//52
f 2140//52 2138//52 2240//52
f 2142//52 2140//52 2241//52
f 2144//52 2142//52 2241//52
f 2146//52 2144//52 2241//52
f 1983//52 2146//52 2241//52
f 2242//85 1981//85 2149//85
f 2242//85 2149//85 2151//85
f 2242//85 2151//85 2153//85
f 2242//85 2153//85 2155//85
f 2243//85 2155//85 2157//85
f 2243//85 2157//85 2159//85
f 2243//85 2159//85 2161//85
f 2243//85 2161//85 1990//85
f 2148//52 1980//52 2244//52
f 2150//52 2148//52 2244//52
f 2152//52 2150//52 2244//52
f 2154//52 2152//52 2244//52
f 2156//52 2154//52 2245//52
f 2158//52 2156//52 2245//52
f 2160//52 2158//52 2245//52
f 1991//52 2160//52 2245//52
f 2246//85 1989//85 2163//85
f 2246//85 2163//85 2165//85
f 2246//85 2165//85 2167//85
f 2246//85 2167//85 2169//85
f 2247//85 2169//85 2171//85
f 2247//85 2171//85 2173//85
f 2247//85 2173//85 2175//85
f 2247//85 2175//85 1998//85
f 2162//52 1988//52 2248//52
f 2164//52 2162//52 2248//52
f 2166//52 2164//52 2248//52
f 2168//52 2166//52 2248//52
f 2170//52 2168//52 2249//52
f 2172//52 2170//52 2249//52
f 2174//52 2172//52 2249//52
f 1999//52 2174//52 2249//52
f 2250//85 1997//85 2177//85
f 2250//85 2177//85 2179//85
f 2250//85 2179//85 2181//85
f 2250//85 2181//85 2183//85
f 2251//85 2183//85 2185//85
f 2251//85 2185//85 2187//85
f 2251//85 2187//85 2189//85
f 2251//85 2189//85 2006//85
f 2176//52 1996//52 2252//52
f 2178//52 2176//52 2252//52
f 2180//52 2178//52 2252//52
f 2182//52 2180//52 2252//52
f 2184//52 2182//52 2253//52
f 2186//52 2184//52 2253//52
f 2188//52 2186//52 2253//52
f 2007//52 2188//52 2253//52
f 2254//85 2005//85 2191//85
f 2254//85 2191//85 2193//85
f 2254//85 2193//85 2195//85
f 2254//85 2195//85 2197//85
f 2255//85 2197//85 2199//85
f 2255//85 2199//85 2201//85
f 2255//85 2201//85 2203//85
f 2255//85 2203//85 2205//85
f 2190//52 2004//52 2256//52
f 2192//52 2190//52 2256//52
f 2194//52 2192//52 2256//52
f 2196//52 2194//52 2256//52
f 2198//52 2196//52 2257//52
f 2200//52 2198//52 2257//52
f 2202//52 2200//52 2257//52
f 2204//52 2202//52 2257//52
f 2207//85 1918//85 1917//85
f 2207//85 1917//85 2230//85
f 2209//52 2232//52 1916//52
f 2209//52 1916//52 1919//52
f 2211//85 1926//85 1925//85
f 2211//85 1925//85 2206//85
f 2213//52 2208//52 1924//52
f 2213//52 1924//52 1927//52
f 2215//85 1934//85 1933//85
f 2215//85 1933//85 2210//85
f 2217//52 2212//52 1932//52
f 2217//52 1932//52 1935//52
f 2219//85 1942//85 1941//85
f 2219//85 1941//85 2214//85
f 2221//52 2216//52 1940//52
f 2221//52 1940//52 1943//52
f 2223//85 1950//85 1949//85
f 2223//85 1949//85 2218//85
f 2225//52 2220//52 1948//52
f 2225//52 1948//52 1951//52
f 2227//85 1958//85 1957//85
f 2227//85 1957//85 2222//85
f 2229//52 2224//52 1956//52
f 2229//52 1956//52 1959//52
f 2231//85 1966//85 1965//85
f 2231//85 1965//85 2234//85
f 2233//52 2236//52 1964//52
f 2233//52 1964//52 1967//52
f 2235//85 1974//85 1973//85
f 2235//85 1973//85 2238//85
f 2237//52 2240//52 1972//52
f 2237//52 1972//52 1975//52
f 2239//85 1982//85 1981//85
f 2239//85 1981//85 2242//85
f 2241//52 2244//52 1980//52
f 2241//52 1980//52 1983//52
f 2243//85 1990//85 1989//85
f 2243//85 1989//85 2246//85
f 2245//52 2248//52 1988//52
f 2245//52 1988//52 1991//52
f 2247//85 1998//85 1997//85
f 2247//85 1997//85 2250//85
f 2249//52 2252//52 1996//52
f 2249//52 1996//52 1999//52
f 2251//85 2006//85 2005//85
f 2251//85 2005//85 2254//85
f 2253//52 2256//52 2004//52
f 2253//52 2004//52 2007//52
f 2012//85 2011//85 2010//85
f 2012//85 2010//85 2226//85
f 2013//52 2228//52 2009//52
f 2013//52 2009//52 2008//52
f 2255//85 2015//85 2014//85
f 2255//85 2014//85 2019//85
f 2257//52 2018//52 2017//52
f 2257//52 2017//52 2016//52
f 2012//85 2226//85 2255//85
f 2012//85 2255//85 2019//85
f 2013//52 2018//52 2257//52
f 2013//52 2257//52 2228//52
f 2258//1 2012//1 2019//1
f 2258//1 2019//1 2259//1
f 2260//1 2261//1 2018//1
f 2260//1 2018//1 2013//1
f 2258//1 2260//1 2013//1
f 2258//1 2013//1 2012//1
f 2259//1 2019//1 2018//1
f 2259//1 2018//1 2261//1
f 691//92 738//93 736//94
f 689//95 691//92 736//94
f 693//96 740//97 738//93
f 691//92 693//96 738//93
f 695//98 742//99 740//97
f 693//96 695//98 740//97
f 666//100 712//101 742//99
f 695//98 666//100 742//99
f 665//102 713//103 712//101
f 666//100 665//102 712//101
f 669//104 716//105 713//103
f 665//102 669//104 713//103
f 671//106 718//107 716//105
f 669//104 671//106 716//105
f 673//108 720//109 718//107
f 671//106 673//108 718//107
f 675//110 722//111 720//109
f 673//108 675//110 720//109
f 677//112 724//113 722//111
f 675//110 677//112 722//111
f 679//114 726//115 724//113
f 677//112 679//114 724//113
f 681//116 728//117 726//115
f 679//114 681//116 726//115
f 683//118 730//119 728//117
f 681//116 683//118 728//117
f 685//120 732//121 730//119
f 683//118 685//120 730//119
f 687//122 734//123 732//121
f 685//120 687//122 732//121
f 689//95 736//94 734//123
f 687//122 689//95 734//123
f 787//92 834//93 832//94
f 785//95 787//92 832//94
f 789//96 836//97 834//93
f 787//92 789//96 834//93
f 791//98 838//99 836//97
f 789//96 791//98 836//97
f 762//100 808//101 838//99
f 791//98 762//100 838//99
f 761//102 809//103 808//101
f 762//100 761//102 808//101
f 765//104 812//105 809//103
f 761//102 765//104 809//103
f 767//106 814//107 812//105
f 765//104 767//106 812//105
f 769//108 816//109 814//107
f 767//106 769//108 814//107
f 771//110 818//111 816//109
f 769//108 771//110 816//109
f 773//112 820//113 818//111
f 771//110 773//112 818//111
f 775//114 822//115 820//113
f 773//112 775//114 820//113
f 777//116 824//117 822//115
f 775//114 777//116 822//115
f 779//118 826//119 824//117
f 777//116 779//118 824//117
f 781//120 828//121 826//119
f 779//118 781//120 826//119
f 783//122 830//123 828//121
f 781//120 783//122 828//121
f 785//95 832//94 830//123
f 783//122 785//95 830//123
f 883//92 930//93 928//94
f 881//95 883//92 928//94
f 885//96 932//97 930//93
f 883//92 885//96 930//93
f 887//98 934//99 932//97
f 885//96 887//98 932//97
f 858//100 904//101 934//99
f 887//98 858//100 934//99
f 857//102 905//103 904//101
f 858//100 857//102 904//101
f 861//104 908//105 905//103
f 857//102 861//104 905//103
f 863//106 910//107 908//105
f 861//104 863//106 908//105
f 865//108 912//109 910//107
f 863//106 865//108 910//107
f 867//110 914//111 912//109
f 865//108 867//110 912//109
f 869//112 916//113 914//111
f 867//110 869//112 914//111
f 871//114 918//115 916//113
f 869//112 871//114 916//113
f 873//116 920//117 918//115
f 871//114 873//116 918//115
f 875//118 922//119 920//117
f 873//116 875//118 920//117
f 877//120 924//121 922//119
f 875//118 877//120 922//119
f 879//122 926//123 924//121
f 877//120 879//122 924//121
f 881//95 928//94 926//123
f 879//122 881//95 926//123
f 979//92 1026//93 1024//94
f 977//95 979//92 1024//94
f 981//96 1028//97 1026//93
f 979//92 981//96 1026//93
f 983//98 1030//99 1028//97
f 981//96 983//98 1028//97
f 954//100 1000//101 1030//99
f 983//98 954//100 1030//99
f 953//102 1001//103 1000//101
f 954//100 953//102 1000//101
f 957//104 1004//105 1001//103
f 953//102 957//104 1001//103
f 959//106 1006//107 1004//105
f 957//104 959//106 1004//105
f 961//108 1008//109 1006//107
f 959//106 961//108 1006//107
f 963//110 1010//111 1008//109
f 961//108 963//110 1008//109
f 965//112 1012//113 1010//111
f 963//110 965//112 1010//111
f 967//114 1014//115 1012//113
f 965//112 967//114 1012//113
f 969//116 1016//117 1014//115
f 967//114 969//116 1014//115
f 971//118 1018//119 1016//117
f 969//116 971//118 1016//117
f 973//120 1020//121 1018//119
f 971//118 973//120 1018//119
f 975//122 1022//123 1020//121
f 973//120 975//122 1020//121
f 977//95 1024//94 1022//123
f 975//122 977//95 1022//123
f 1075//92 1122//93 1120//94
f 1073//95 1075//92 1120//94
f 1077//96 1124//97 1122//93
f 1075//92 1077//96 1122//93
f 1079//98 1126//99 1124//97
f 1077//96 1079//98 1124//97
f 1050//100 1096//101 1126//99
f 1079//98 1050//100 1126//99
f 1049//102 1097//103 1096//101
f 1050//100 1049//102 1096//101
f 1053//104 1100//105 1097//103
f 1049//102 1053//104 1097//103
f 1055//106 1102//107 1100//105
f 1053//104 1055//106 1100//105
f 1057//108 1104//109 1102//107
f 1055//106 1057//108 1102//107
f 1059//110 1106//111 1104//109
f 1057//108 1059//110 1104//109
f 1061//112 1108//113 1106//111
f 1059//110 1061//112 1106//111
f 1063//114 1110//115 1108//113
f 1061//112 1063//114 1108//113
f 1065//116 1112//117 1110//115
f 1063//114 1065//116 1110//115
f 1067//118 1114//119 1112//117
f 1065//116 1067//118 1112//117
f 1069//120 1116//121 1114//119
f 1067//118 1069//120 1114//119
f 1071//122 1118//123 1116//121
f 1069//120 1071//122 1116//121
f 1073//95 1120//94 1118//123
f 1071//122 1073//95 1118//123
f 1171//92 1218//93 1216//94
f 1169//95 1171//92 1216//94
f 1173//96 1220//97 1218//93
f 1171//92 1173//96 1218//93
f 1175//98 1222//99 1220//97
f 1173//96 1175//98 1220//97
f 1146//100 1192//101 1222//99
f 1175//98 1146//100 1222//99
f 1145//102 1193//103 1192//101
f 1146//100 1145//102 1192//101
f 1149//104 1196//105 1193//103
f 1145//102 1149//104 1193//103
f 1151//106 1198//107 1196//105
f 1149//104 1151//106 1196//105
f 1153//108 1200//109 1198//107
f 1151//106 1153//108 1198//107
f 1155//110 1202//111 1200//109
f 1153//108 1155//110 1200//109
f 1157//112 1204//113 1202//111
f 1155//110 1157//112 1202//111
f 1159//114 1206//115 1204//113
f 1157//112 1159//114 1204//113
f 1161//116 1208//117 1206//115
f 1159//114 1161//116 1206//115
f 1163//118 1210//119 1208//117
f 1161//116 1163//118 1208//117
f 1165//120 1212//121 1210//119
f 1163//118 1165//120 1210//119
f 1167//122 1214//123 1212//121
f 1165//120 1167//122 1212//121
f 1169//95 1216//94 1214//123
f 1167//122 1169//95 1214//123
f 1267//92 1314//93 1312//94
f 1265//95 1267//92 1312//94
f 1269//96 1316//97 1314//93
f 1267//92 1269//96 1314//93
f 1271//98 1318//99 1316//97
f 1269//96 1271//98 1316//97
f 1242//100 1288//101 1318//99
f 1271//98 1242//100 1318//99
f 1241//102 1289//103 1288//101
f 1242//100 1241//102 1288//101
f 1245//104 1292//105 1289//103
f 1241//102 1245//104 1289//103
f 1247//106 1294//107 1292//105
f 1245//104 1247//106 1292//105
f 1249//108 1296//109 1294//107
f 1247//106 1249//108 1294//107
f 1251//110 1298//111 1296//109
f 1249//108 1251//110 1296//109
f 1253//112 1300//113 1298//111
f 1251//110 1253//112 1298//111
f 1255//114 1302//115 1300//113
f 1253//112 1255//114 1300//113
f 1257//116 1304//117 1302//115
f 1255//114 1257//116 1302//115
f 1259//118 1306//119 1304//117
f 1257//116 1259//118 1304//117
f 1261//120 1308//121 1306//119
f 1259//118 1261//120 1306//119
f 1263//122 1310//123 1308//121
f 1261//120 1263//122 1308//121
f 1265//95 1312//94 1310//123
f 1263//122 1265//95 1310//123
f 1363//92 1410//93 1408//94
f 1361//95 1363//92 1408//94
f 1365//96 1412//97 1410//93
f 1363//92 1365//96 1410//93
f 1367//98 1414//99 1412//97
f 1365//96 1367//98 1412//97
f 1338//100 1384//101 1414//99
f 1367//98 1338//100 1414//99
f 1337//102 1385//103 1384//101
f 1338//100 1337//102 1384//101
f 1341//104 1388//105 1385//103
f 1337//102 1341//104 1385//103
f 1343//106 1390//107 1388//105
f 1341//104 1343//106 1388//105
f 1345//108 1392//109 1390//107
f 1343//106 1345//108 1390//107
f 1347//110 1394//111 1392//109
f 1345//108 1347//110 1392//109
f 1349//112 1396//113 1394//111
f 1347//110 1349//112 1394//111
f 1351//114 1398//115 1396//113
f 1349//112 1351//114 1396//113
f 1353//116 1400//117 1398//115
f 1351//114 1353//116 1398//115
f 1355//118 1402//119 1400//117
f 1353//116 1355//118 1400//117
f 1357//120 1404//121 1402//119
f 1355//118 1357//120 1402//119
f 1359//122 1406//123 1404//121
f 1357//120 1359//122 1404//121
f 1361//95 1408//94 1406//123
f 1359//122 1361//95 1406//123
f 1459//92 1506//93 1504//94
f 1457//95 1459//92 1504//94
f 1461//96 1508//97 1506//93
f 1459//92 1461//96 1506//93
f 1463//98 1510//99 1508//97
f 1461//96 1463//98 1508//97
f 1434//100 1480//101 1510//99
f 1463//98 1434//100 1510//99
f 1433//102 1481//103 1480//101
f 1434//100 1433//102 1480//101
f 1437//104 1484//105 1481//103
f 1433//102 1437//104 1481//103
f 1439//106 1486//107 1484//105
f 1437//104 1439//106 1484//105
f 1441//108 1488//109 1486//107
f 1439//106 1441//108 1486//107
f 1443//110 1490//111 1488//109
f 1441//108 1443//110 1488//109
f 1445//112 1492//113 1490//111
f 1443//110 1445//112 1490//111
f 1447//114 1494//115 1492//113
f 1445//112 1447//114 1492//113
f 1449//116 1496//117 1494//115
f 1447//114 1449//116 1494//115
f 1451//118 1498//119 1496//117
f 1449//116 1451//118 1496//117
f 1453//120 1500//121 1498//119
f 1451//118 1453//120 1498//119
f 1455//122 1502//123 1500//121
f 1453//120 1455//122 1500//121
f 1457//95 1504//94 1502//123
f 1455//122 1457//95 1502//123
f 1555//92 1602//93 1600//94
f 1553//95 1555//92 1600//94
f 1557//96 1604//97 1602//93
f 1555//92 1557//96 1602//93
f 1559//98 1606//99 1604//97
f 1557//96 1559//98 1604//97
f 1530//100 1576//101 1606//99
f 1559//98 1530//100 1606//99
f 1529//102 1577//103 1576//101
f 1530//100 1529//102 1576//101
f 1533//104 1580//105 1577//103
f 1529//102 1533//104 1577//103
f 1535//106 1582//107 1580//105
f 1533//104 1535//106 1580//105
f 1537//108 1584//109 1582//107
f 1535//106 1537//108 1582//107
f 1539//110 1586//111 1584//109
f 1537//108 1539//110 1584//109
f 1541//112 1588//113 1586//111
f 1539//110 1541//112 1586//111
f 1543//114 1590//115 1588//113
f 1541//112 1543//114 1588//113
f 1545//116 1592//117 1590//115
f 1543//114 1545//116 1590//115
f 1547//118 1594//119 1592//117
f 1545//116 1547//118 1592//117
f 1549//120 1596//121 1594//119
f 1547//118 1549//120 1594//119
f 1551//122 1598//123 1596//121
f 1549//120 1551//122 1596//121
f 1553//95 1600//94 1598//123
f 1551//122 1553//95 1598//123
f 1651//92 1698//93 1696//94
f 1649//95 1651//92 1696//94
f 1653//96 1700//97 1698//93
f 1651//92 1653//96 1698//93
f 1655//98 1702//99 1700//97
f 1653//96 1655//98 1700//97
f 1626//100 1672//101 1702//99
f 1655//98 1626//100 1702//99
f 1625//102 1673//103 1672//101
f 1626//100 1625//102 1672//101
f 1629//104 1676//105 1673//103
f 1625//102 1629//104 1673//103
f 1631//106 1678//107 1676//105
f 1629//104 1631//106 1676//105
f 1633//108 1680//109 1678//107
f 1631//106 1633//108 1678//107
f 1635//110 1682//111 1680//109
f 1633//108 1635//110 1680//109
f 1637//112 1684//113 1682//111
f 1635//110 1637//112 1682//111
f 1639//114 1686//115 1684//113
f 1637//112 1639//114 1684//113
f 1641//116 1688//117 1686//115
f 1639//114 1641//116 1686//115
f 1643//118 1690//119 1688//117
f 1641//116 1643//118 1688//117
f 1645//120 1692//121 1690//119
f 1643//118 1645//120 1690//119
f 1647//122 1694//123 1692//121
f 1645//120 1647//122 1692//121
f 1649//95 1696//94 1694//123
f 1647//122 1649//95 1694//123
f 1747//92 1794//93 1792//94
f 1745//95 1747//92 1792//94
f 1749//96 1796//97 1794//93
f 1747//92 1749//96 1794//93
f 1751//98 1798//99 1796//97
f 1749//96 1751//98 1796//97
f 1722//100 1768//101 1798//99
f 1751//98 1722//100 1798//99
f 1721//102 1769//103 1768//101
f 1722//100 1721//102 1768//101
f 1725//104 1772//105 1769//103
f 1721//102 1725//104 1769//103
f 1727//106 1774//107 1772//105
f 1725//104 1727//106 1772//105
f 1729//108 1776//109 1774//107
f 1727//106 1729//108 1774//107
f 1731//110 1778//111 1776//109
f 1729//108 1731//110 1776//109
f 1733//112 1780//113 1778//111
f 1731//110 1733//112 1778//111
f 1735//114 1782//115 1780//113
f 1733//112 1735//114 1780//113
f 1737//116 1784//117 1782//115
f 1735//114 1737//116 1782//115
f 1739//118 1786//119 1784//117
f 1737//116 1739//118 1784//117
f 1741//120 1788//121 1786//119
f 1739//118 1741//120 1786//119
f 1743//122 1790//123 1788//121
f 1741//120 1743//122 1788//121
f 1745//95 1792//94 1790//123
f 1743//122 1745//95 1790//123
f 1843//92 1890//93 1888//94
f 1841//95 1843//92 1888//94
f 1845//96 1892//97 1890//93
f 1843//92 1845//96 1890//93
f 1847//98 1894//99 1892//97
f 1845//96 1847//98 1892//97
f 1818//100 1864//101 1894//99
f 1847//98 1818//100 1894//99
f 1817//102 1865//103 1864//101
f 1818//100 1817//102 1864//101
f 1821//104 1868//105 1865//103
f 1817//102 1821//104 1865//103
f 1823//106 1870//107 1868//105
f 1821//104 1823//106 1868//105
f 1825//108 1872//109 1870//107
f 1823//106 1825//108 1870//107
f 1827//110 1874//111 1872//109
f 1825//108 1827//110 1872//109
f 1829//112 1876//113 1874//111
f 1827//110 1829//112 1874//111
f 1831//114 1878//115 1876//113
f 1829//112 1831//114 1876//113
f 1833//116 1880//117 1878//115
f 1831//114 1833//116 1878//115
f 1835//118 1882//119 1880//117
f 1833//116 1835//118 1880//117
f 1837//120 1884//121 1882//119
f 1835//118 1837//120 1882//119
f 1839//122 1886//123 1884//121
f 1837//120 1839//122 1884//121
f 1841//95 1888//94 1886//123
f 1839//122 1841//95 1886//123
f 2262//124 2263//124 2264//124
f 2262//124 2264//124 2265//124
f 2263//89 2259//89 2261//89
f 2263//89 2261//89 2264//89
f 2265//86 2260//86 2258//86
f 2265//86 2258//86 2262//86
f 696//52 697//52 2266//52
f 698//52 696//52 2266//52
f 699//52 698//52 2266//52
f 700//52 699//52 2266//52
f 701//52 700//52 2267//52
f 702//52 701//52 2267//52
f 703//52 702//52 2267//52
f 704//52 703//52 2267//52
f 705//52 704//52 2268//52
f 706//52 705//52 2268//52
f 707//52 706//52 2268//52
f 708//52 707//52 2268//52
f 709//52 708//52 2269//52
f 710//52 709//52 2269//52
f 711//52 710//52 2269//52
f 697//52 711//52 2269//52
f 2270//85 745//85 744//85
f 2270//85 744//85 746//85
f 2270//85 746//85 747//85
f 2270//85 747//85 748//85
f 2271//85 748//85 749//85
f 2271//85 749//85 750//85
f 2271//85 750//85 751//85
f 2271//85 751//85 752//85
f 2272//85 752//85 753//85
f 2272//85 753//85 754//85
f 2272//85 754//85 755//85
f 2272//85 755//85 756//85
f 2273//85 756//85 757//85
f 2273//85 757//85 758//85
f 2273//85 758//85 759//85
f 2273//85 759//85 745//85
f 792//52 793//52 2274//52
f 794//52 792//52 2274//52
f 795//52 794//52 2274//52
f 796//52 795//52 2274//52
f 797//52 796//52 2275//52
f 798//52 797//52 2275//52
f 799//52 798//52 2275//52
f 800//52 799//52 2275//52
f 801//52 800//52 2276//52
f 802//52 801//52 2276//52
f 803//52 802//52 2276//52
f 804//52 803//52 2276//52
f 805//52 804//52 2277//52
f 806//52 805//52 2277//52
f 807//52 806//52 2277//52
f 793//52 807//52 2277//52
f 2278//85 841//85 840//85
f 2278//85 840//85 842//85
f 2278//85 842//85 843//85
f 2278//85 843//85 844//85
f 2279//85 844//85 845//85
f 2279//85 845//85 846//85
f 2279//85 846//85 847//85
f 2279//85 847//85 848//85
f 2280//85 848//85 849//85
f 2280//85 849//85 850//85
f 2280//85 850//85 851//85
f 2280//85 851//85 852//85
f 2281//85 852//85 853//85
f 2281//85 853//85 854//85
f 2281//85 854//85 855//85
f 2281//85 855//85 841//85
f 888//52 889//52 2282//52
f 890//52 888//52 2282//52
f 891//52 890//52 2282//52
f 892//52 891//52 2282//52
f 893//52 892//52 2283//52
f 894//52 893//52 2283//52
f 895//52 894//52 2283//52
f 896//52 895//52 2283//52
f 897//52 896//52 2284//52
f 898//52 897//52 2284//52
f 899//52 898//52 2284//52
f 900//52 899//52 2284//52
f 901//52 900//52 2285//52
f 902//52 901//52 2285//52
f 903//52 902//52 2285//52
f 889//52 903//52 2285//52
f 2286//85 937//85 936//85
f 2286//85 936//85 938//85
f 2286//85 938//85 939//85
f 2286//85 939//85 940//85
f 2287//85 940//85 941//85
f 2287//85 941//85 942//85
f 2287//85 942//85 943//85
f 2287//85 943//85 944//85
f 2288//85 944//85 945//85
f 2288//85 945//85 946//85
f 2288//85 946//85 947//85
f 2288//85 947//85 948//85
f 2289//85 948//85 949//85
f 2289//85 949//85 950//85
f 2289//85 950//85 951//85
f 2289//85 951//85 937//85
f 984//52 985//52 2290//52
f 986//52 984//52 2290//52
f 987//52 986//52 2290//52
f 988//52 987//52 2290//52
f 989//52 988//52 2291//52
f 990//52 989//52 2291//52
f 991//52 990//52 2291//52
f 992//52 991//52 2291//52
f 993//52 992//52 2292//52
f 994//52 993//52 2292//52
f 995//52 994//52 2292//52
f 996//52 995//52 2292//52
f 997//52 996//52 2293//52
f 998//52 997//52 2293//52
f 999//52 998//52 2293//52
f 985//52 999//52 2293//52
f 2294//85 1033//85 1032//85
f 2294//85 1032//85 1034//85
f 2294//85 1034//85 1035//85
f 2294//85 1035//85 1036//85
f 2295//85 1036//85 1037//85
f 2295//85 1037//85 1038//85
f 2295//85 1038//85 1039//85
f 2295//85 1039//85 1040//85
f 2296//85 1040//85 1041//85
f 2296//85 1041//85 1042//85
f 2296//85 1042//85 1043//85
f 2296//85 1043//85 1044//85
f 2297//85 1044//85 1045//85
f 2297//85 1045//85 1046//85
f 2297//85 1046//85 1047//85
f 2297//85 1047//85 1033//85
f 1080//52 1081//52 2298//52
f 1082//52 1080//52 2298//52
f 1083//52 1082//52 2298//52
f 1084//52 1083//52 2298//52
f 1085//52 1084//52 2299//52
f 1086//52 1085//52 2299//52
f 1087//52 1086//52 2299//52
f 1088//52 1087//52 2299//52
f 1089//52 1088//52 2300//52
f 1090//52 1089//52 2300//52
f 1091//52 1090//52 2300//52
f 1092//52 1091//52 2300//52
f 1093//52 1092//52 2301//52
f 1094//52 1093//52 2301//52
f 1095//52 1094//52 2301//52
f 1081//52 1095//52 2301//52
f 2302//85 1129//85 1128//85
f 2302//85 1128//85 1130//85
f 2302//85 1130//85 1131//85
f 2302//85 1131//85 1132//85
f 2303//85 1132//85 1133//85
f 2303//85 1133//85 1134//85
f 2303//85 1134//85 1135//85
f 2303//85 1135//85 1136//85
f 2304//85 1136//85 1137//85
f 2304//85 1137//85 1138//85
f 2304//85 1138//85 1139//85
f 2304//85 1139//85 1140//85
f 2305//85 1140//85 1141//85
f 2305//85 1141//85 1142//85
f 2305//85 1142//85 1143//85
f 2305//85 1143//85 1129//85
f 1176//52 1177//52 2306//52
f 1178//52 1176//52 2306//52
f 1179//52 1178//52 2306//52
f 1180//52 1179//52 2306//52
f 1181//52 1180//52 2307//52
f 1182//52 1181//52 2307//52
f 1183//52 1182//52 2307//52
f 1184//52 1183//52 2307//52
f 1185//52 1184//52 2308//52
f 1186//52 1185//52 2308//52
f 1187//52 1186//52 2308//52
f 1188//52 1187//52 2308//52
f 1189//52 1188//52 2309//52
f 1190//52 1189//52 2309//52
f 1191//52 1190//52 2309//52
f 1177//52 1191//52 2309//52
f 2310//85 1225//85 1224//85
f 2310//85 1224//85 1226//85
f 2310//85 1226//85 1227//85
f 2310//85 1227//85 1228//85
f 2311//85 1228//85 1229//85
f 2311//85 1229//85 1230//85
f 2311//85 1230//85 1231//85
f 2311//85 1231//85 1232//85
f 2312//85 1232//85 1233//85
f 2312//85 1233//85 1234//85
f 2312//85 1234//85 1235//85
f 2312//85 1235//85 1236//85
f 2313//85 1236//85 1237//85
f 2313//85 1237//85 1238//85
f 2313//85 1238//85 1239//85
f 2313//85 1239//85 1225//85
f 1272//52 1273//52 2314//52
f 1274//52 1272//52 2314//52
f 1275//52 1274//52 2314//52
f 1276//52 1275//52 2314//52
f 1277//52 1276//52 2315//52
f 1278//52 1277//52 2315//52
f 1279//52 1278//52 2315//52
f 1280//52 1279//52 2315//52
f 1281//52 1280//52 2316//52
f 1282//52 1281//52 2316//52
f 1283//52 1282//52 2316//52
f 1284//52 1283//52 2316//52
f 1285//52 1284//52 2317//52
f 1286//52 1285//52 2317//52
f 1287//52 1286//52 2317//52
f 1273//52 1287//52 2317//52
f 2318//85 1321//85 1320//85
f 2318//85 1320//85 1322//85
f 2318//85 1322//85 1323//85
f 2318//85 1323//85 1324//85
f 2319//85 1324//85 1325//85
f 2319//85 1325//85 1326//85
f 2319//85 1326//85 1327//85
f 2319//85 1327//85 1328//85
f 2320//85 1328//85 1329//85
f 2320//85 1329//85 1330//85
f 2320//85 1330//85 1331//85
f 2320//85 1331//85 1332//85
f 2321//85 1332//85 1333//85
f 2321//85 1333//85 1334//85
f 2321//85 1334//85 1335//85
f 2321//85 1335//85 1321//85
f 1368//52 1369//52 2322//52
f 1370//52 1368//52 2322//52
f 1371//52 1370//52 2322//52
f 1372//52 1371//52 2322//52
f 1373//52 1372//52 2323//52
f 1374//52 1373//52 2323//52
f 1375//52 1374//52 2323//52
f 1376//52 1375//52 2323//52
f 1377//52 1376//52 2324//52
f 1378//52 1377//52 2324//52
f 1379//52 1378//52 2324//52
f 1380//52 1379//52 2324//52
f 1381//52 1380//52 2325//52
f 1382//52 1381//52 2325//52
f 1383//52 1382//52 2325//52
f 1369//52 1383//52 2325//52
f 2326//85 1417//85 1416//85
f 2326//85 1416//85 1418//85
f 2326//85 1418//85 1419//85
f 2326//85 1419//85 1420//85
f 2327//85 1420//85 1421//85
f 2327//85 1421//85 1422//85
f 2327//85 1422//85 1423//85
f 2327//85 1423//85 1424//85
f 2328//85 1424//85 1425//85
f 2328//85 1425//85 1426//85
f 2328//85 1426//85 1427//85
f 2328//85 1427//85 1428//85
f 2329//85 1428//85 1429//85
f 2329//85 1429//85 1430//85
f 2329//85 1430//85 1431//85
f 2329//85 1431//85 1417//85
f 1464//52 1465//52 2330//52
f 1466//52 1464//52 2330//52
f 1467//52 1466//52 2330//52
f 1468//52 1467//52 2330//52
f 1469//52 1468//52 2331//52
f 1470//52 1469//52 2331//52
f 1471//52 1470//52 2331//52
f 1472//52 1471//52 2331//52
f 1473//52 1472//52 2332//52
f 1474//52 1473//52 2332//52
f 1475//52 1474//52 2332//52
f 1476//52 1475//52 2332//52
f 1477//52 1476//52 2333//52
f 1478//52 1477//52 2333//52
f 1479//52 1478//52 2333//52
f 1465//52 1479//52 2333//52
f 2334//85 1513//85 1512//85
f 2334//85 1512//85 1514//85
f 2334//85 1514//85 1515//85
f 2334//85 1515//85 1516//85
f 2335//85 1516//85 1517//85
f 2335//85 1517//85 1518//85
f 2335//85 1518//85 1519//85
f 2335//85 1519//85 1520//85
f 2336//85 1520//85 1521//85
f 2336//85 1521//85 1522//85
f 2336//85 1522//85 1523//85
f 2336//85 1523//85 1524//85
f 2337//85 1524//85 1525//85
f 2337//85 1525//85 1526//85
f 2337//85 1526//85 1527//85
f 2337//85 1527//85 1513//85
f 1560//52 1561//52 2338//52
f 1562//52 1560//52 2338//52
f 1563//52 1562//52 2338//52
f 1564//52 1563//52 2338//52
f 1565//52 1564//52 2339//52
f 1566//52 1565//52 2339//52
f 1567//52 1566//52 2339//52
f 1568//52 1567//52 2339//52
f 1569//52 1568//52 2340//52
f 1570//52 1569//52 2340//52
f 1571//52 1570//52 2340//52
f 1572//52 1571//52 2340//52
f 1573//52 1572//52 2341//52
f 1574//52 1573//52 2341//52
f 1575//52 1574//52 2341//52
f 1561//52 1575//52 2341//52
f 2342//85 1609//85 1608//85
f 2342//85 1608//85 1610//85
f 2342//85 1610//85 1611//85
f 2342//85 1611//85 1612//85
f 2343//85 1612//85 1613//85
f 2343//85 1613//85 1614//85
f 2343//85 1614//85 1615//85
f 2343//85 1615//85 1616//85
f 2344//85 1616//85 1617//85
f 2344//85 1617//85 1618//85
f 2344//85 1618//85 1619//85
f 2344//85 1619//85 1620//85
f 2345//85 1620//85 1621//85
f 2345//85 1621//85 1622//85
f 2345//85 1622//85 1623//85
f 2345//85 1623//85 1609//85
f 1656//52 1657//52 2346//52
f 1658//52 1656//52 2346//52
f 1659//52 1658//52 2346//52
f 1660//52 1659//52 2346//52
f 1661//52 1660//52 2347//52
f 1662//52 1661//52 2347//52
f 1663//52 1662//52 2347//52
f 1664//52 1663//52 2347//52
f 1665//52 1664//52 2348//52
f 1666//52 1665//52 2348//52
f 1667//52 1666//52 2348//52
f 1668//52 1667//52 2348//52
f 1669//52 1668//52 2349//52
f 1670//52 1669//52 2349//52
f 1671//52 1670//52 2349//52
f 1657//52 1671//52 2349//52
f 2350//85 1705//85 1704//85
f 2350//85 1704//85 1706//85
f 2350//85 1706//85 1707//85
f 2350//85 1707//85 1708//85
f 2351//85 1708//85 1709//85
f 2351//85 1709//85 1710//85
f 2351//85 1710//85 1711//85
f 2351//85 1711//85 1712//85
f 2352//85 1712//85 1713//85
f 2352//85 1713//85 1714//85
f 2352//85 1714//85 1715//85
f 2352//85 1715//85 1716//85
f 2353//85 1716//85 1717//85
f 2353//85 1717//85 1718//85
f 2353//85 1718//85 1719//85
f 2353//85 1719//85 1705//85
f 1752//52 1753//52 2354//52
f 1754//52 1752//52 2354//52
f 1755//52 1754//52 2354//52
f 1756//52 1755//52 2354//52
f 1757//52 1756//52 2355//52
f 1758//52 1757//52 2355//52
f 1759//52 1758//52 2355//52
f 1760//52 1759//52 2355//52
f 1761//52 1760//52 2356//52
f 1762//52 1761//52 2356//52
f 1763//52 1762//52 2356//52
f 1764//52 1763//52 2356//52
f 1765//52 1764//52 2357//52
f 1766//52 1765//52 2357//52
f 1767//52 1766//52 2357//52
f 1753//52 1767//52 2357//52
f 2358//85 1801//85 1800//85
f 2358//85 1800//85 1802//85
f 2358//85 1802//85 1803//85
f 2358//85 1803//85 1804//85
f 2359//85 1804//85 1805//85
f 2359//85 1805//85 1806//85
f 2359//85 1806//85 1807//85
f 2359//85 1807//85 1808//85
f 2360//85 1808//85 1809//85
f 2360//85 1809//85 1810//85
f 2360//85 1810//85 1811//85
f 2360//85 1811//85 1812//85
f 2361//85 1812//85 1813//85
f 2361//85 1813//85 1814//85
f 2361//85 1814//85 1815//85
f 2361//85 1815//85 1801//85
f 1848//52 1849//52 2362//52
f 1850//52 1848//52 2362//52
f 1851//52 1850//52 2362//52
f 1852//52 1851//52 2362//52
f 1853//52 1852//52 2363//52
f 1854//52 1853//52 2363//52
f 1855//52 1854//52 2363//52
f 1856//52 1855//52 2363//52
f 1857//52 1856//52 2364//52
f 1858//52 1857//52 2364//52
f 1859//52 1858//52 2364//52
f 1860//52 1859//52 2364//52
f 1861//52 1860//52 2365//52
f 1862//52 1861//52 2365//52
f 1863//52 1862//52 2365//52
f 1849//52 1863//52 2365//52
f 2366//85 1897//85 1896//85
f 2366//85 1896//85 1898//85
f 2366//85 1898//85 1899//85
f 2366//85 1899//85 1900//85
f 2367//85 1900//85 1901//85
f 2367//85 1901//85 1902//85
f 2367//85 1902//85 1903//85
f 2367//85 1903//85 1904//85
f 2368//85 1904//85 1905//85
f 2368//85 1905//85 1906//85
f 2368//85 1906//85 1907//85
f 2368//85 1907//85 1908//85
f 2369//85 1908//85 1909//85
f 2369//85 1909//85 1910//85
f 2369//85 1910//85 1911//85
f 2369//85 1911//85 1897//85
f 2267//52 2314//52 2317//52
f 2267//52 2317//52 2268//52
f 2271//85 2272//85 2321//85
f 2271//85 2321//85 2318//85
f 2275//52 2266//52 2269//52
f 2275//52 2269//52 2276//52
f 2279//85 2280//85 2273//85
f 2279//85 2273//85 2270//85
f 2283//52 2274//52 2277//52
f 2283//52 2277//52 2284//52
f 2287//85 2288//85 2281//85
f 2287//85 2281//85 2278//85
f 2291//52 2282//52 2285//52
f 2291//52 2285//52 2292//52
f 2295//85 2296//85 2289//85
f 2295//85 2289//85 2286//85
f 2299//52 2290//52 2293//52
f 2299//52 2293//52 2300//52
f 2303//85 2304//85 2297//85
f 2303//85 2297//85 2294//85
f 2307//52 2298//52 2301//52
f 2307//52 2301//52 2308//52
f 2311//85 2312//85 2305//85
f 2311//85 2305//85 2302//85
f 2315//52 2322//52 2325//52
f 2315//52 2325//52 2316//52
f 2319//85 2320//85 2329//85
f 2319//85 2329//85 2326//85
f 2323//52 2330//52 2333//52
f 2323//52 2333//52 2324//52
f 2327//85 2328//85 2337//85
f 2327//85 2337//85 2334//85
f 2331//52 2338//52 2341//52
f 2331//52 2341//52 2332//52
f 2335//85 2336//85 2345//85
f 2335//85 2345//85 2342//85
f 2339//52 2346//52 2349//52
f 2339//52 2349//52 2340//52
f 2343//85 2344//85 2353//85
f 2343//85 2353//85 2350//85
f 2347//52 2354//52 2357//52
f 2347//52 2357//52 2348//52
f 2351//85 2352//85 2361//85
f 2351//85 2361//85 2358//85
f 2355//52 2362//52 2365//52
f 2355//52 2365//52 2356//52
f 2359//85 2360//85 2369//85
f 2359//85 2369//85 2366//85
f 2258//52 2259//52 2363//52
f 2258//52 2363//52 2306//52
f 2260//85 2310//85 2367//85
f 2260//85 2367//85 2261//85
f 2262//52 2309//52 2364//52
f 2262//52 2364//52 2263//52
f 2265//85 2264//85 2368//85
f 2265//85 2368//85 2313//85
f 2258//52 2306//52 2309//52
f 2258//52 2309//52 2262//52
f 2260//85 2265//85 2313//85
f 2260//85 2313//85 2310//85
f 2259//52 2263//52 2364//52
f 2259//52 2364//52 2363//52
f 2261//85 2367//85 2368//85
f 2261//85 2368//85 2264//85
f 2370//20 2371//125 2372//126
f 2373//18 2370//20 2372//126
f 2374//22 2375//127 2371//125
f 2370//20 2374//22 2371//125
f 2376//24 2377//128 2375//127
f 2374//22 2376//24 2375//127
f 2378//26 2379//129 2377//128
f 2376//24 2378//26 2377//128
f 2380//28 2381//130 2379//129
f 2378//26 2380//28 2379//129
f 2382//30 2383//131 2381//130
f 2380//28 2382//30 2381//130
f 2384//32 2385//132 2383//131
f 2382//30 2384//32 2383//131
f 2386//5 2387//133 2385//132
f 2384//32 2386//5 2385//132
f 2388//2 2389//134 2387//133
f 2386//5 2388//2 2387//133
f 2390//6 2391//135 2389//134
f 2388//2 2390//6 2389//134
f 2392//8 2393//136 2391//135
f 2390//6 2392//8 2391//135
f 2394//10 2395//137 2393//136
f 2392//8 2394//10 2393//136
f 2396//12 2397//138 2395//137
f 2394//10 2396//12 2395//137
f 2398//14 2399//139 2397//138
f 2396//12 2398//14 2397//138
f 2400//16 2401//140 2399//139
f 2398//14 2400//16 2399//139
f 2373//18 2372//126 2401//140
f 2400//16 2373//18 2401//140
f 2402//141 2403//142 2404//143
f 2402//141 2404//143 2405//144
f 2403//142 2406//145 2407//146
f 2403//142 2407//146 2404//143
f 2406//145 2408//147 2409//148
f 2406//145 2409//148 2407//146
f 2408//147 2410//149 2411//150
f 2408//147 2411//150 2409//148
f 2410//149 2412//151 2413//152
f 2410//149 2413//152 2411//150
f 2412//151 2414//153 2415//154
f 2412//151 2415//154 2413//152
f 2414//153 2416//155 2417//156
f 2414//153 2417//156 2415//154
f 2416//155 2418//157 2419//158
f 2416//155 2419//158 2417//156
f 2418//157 2420//159 2421//160
f 2418//157 2421//160 2419//158
f 2420//159 2422//161 2423//162
f 2420//159 2423//162 2421//160
f 2422//161 2424//163 2425//164
f 2422//161 2425//164 2423//162
f 2424//163 2426//165 2427//166
f 2424//163 2427//166 2425//164
f 2426//165 2428//167 2429//168
f 2426//165 2429//168 2427//166
f 2428//167 2430//169 2431//170
f 2428//167 2431//170 2429//168
f 2430//169 2432//171 2433//172
f 2430//169 2433//172 2431//170
f 2432//171 2402//141 2405//144
f 2432//171 2405//144 2433//172
f 2413//124 2380//124 2378//124
f 2413//124 2378//124 2411//124
f 2415//124 2382//124 2380//124
f 2415//124 2380//124 2413//124
f 2417//124 2384//124 2382//124
f 2417//124 2382//124 2415//124
f 2419//124 2386//124 2384//124
f 2419//124 2384//124 2417//124
f 2421//124 2388//124 2386//124
f 2421//124 2386//124 2419//124
f 2423//124 2390//124 2388//124
f 2423//124 2388//124 2421//124
f 2425//124 2392//124 2390//124
f 2425//124 2390//124 2423//124
f 2427//124 2394//124 2392//124
f 2427//124 2392//124 2425//124
f 2429//124 2396//124 2394//124
f 2429//124 2394//124 2427//124
f 2431//124 2398//124 2396//124
f 2431//124 2396//124 2429//124
f 2433//124 2400//124 2398//124
f 2433//124 2398//124 2431//124
f 2405//124 2373//124 2400//124
f 2405//124 2400//124 2433//124
f 2404//124 2370//124 2373//124
f 2404//124 2373//124 2405//124
f 2407//124 2374//124 2370//124
f 2407//124 2370//124 2404//124
f 2409//124 2376//124 2374//124
f 2409//124 2374//124 2407//124
f 2411//124 2378//124 2376//124
f 2411//124 2376//124 2409//124
f 2434//20 2435//125 2436//126
f 2437//18 2434//20 2436//126
f 2438//22 2439//127 2435//125
f 2434//20 2438//22 2435//125
f 2440//24 2441//128 2439//127
f 2438//22 2440//24 2439//127
f 2442//26 2443//129 2441//128
f 2440//24 2442//26 2441//128
f 2444//28 2445//130 2443//129
f 2442//26 2444//28 2443//129
f 2446//30 2447//131 2445//130
f 2444//28 2446//30 2445//130
f 2448//32 2449//132 2447//131
f 2446//30 2448//32 2447//131
f 2450//5 2451//133 2449//132
f 2448//32 2450//5 2449//132
f 2452//2 2453//134 2451//133
f 2450//5 2452//2 2451//133
f 2454//6 2455//135 2453//134
f 2452//2 2454//6 2453//134
f 2456//8 2457//136 2455//135
f 2454//6 2456//8 2455//135
f 2458//10 2459//137 2457//136
f 2456//8 2458//10 2457//136
f 2460//12 2461//138 2459//137
f 2458//10 2460//12 2459//137
f 2462//14 2463//139 2461//138
f 2460//12 2462//14 2461//138
f 2464//16 2465//140 2463//139
f 2462//14 2464//16 2463//139
f 2437//18 2436//126 2465//140
f 2464//16 2437//18 2465//140
f 2466//141 2467//142 2468//143
f 2466//141 2468//143 2469//144
f 2467//142 2470//145 2471//146
f 2467//142 2471//146 2468//143
f 2470//145 2472//147 2473//148
f 2470//145 2473//148 2471//146
f 2472//147 2474//149 2475//150
f 2472//147 2475//150 2473//148
f 2474//149 2476//151 2477//152
f 2474//149 2477//152 2475//150
f 2476//151 2478//153 2479//154
f 2476//151 2479//154 2477//152
f 2478//153 2480//155 2481//156
f 2478//153 2481//156 2479//154
f 2480//155 2482//157 2483//158
f 2480//155 2483//158 2481//156
f 2482//157 2484//159 2485//160
f 2482//157 2485//160 2483//158
f 2484//159 2486//161 2487//162
f 2484//159 2487//162 2485//160
f 2486//161 2488//163 2489//164
f 2486//161 2489//164 2487//162
f 2488//163 2490//165 2491//166
f 2488//163 2491//166 2489//164
f 2490//165 2492//167 2493//168
f 2490//165 2493//168 2491//166
f 2492//167 2494//169 2495//170
f 2492//167 2495//170 2493//168
f 2494//169 2496//171 2497//172
f 2494//169 2497//172 2495//170
f 2496//171 2466//141 2469//144
f 2496//171 2469//144 2497//172
f 2477//124 2444//124 2442//124
f 2477//124 2442//124 2475//124
f 2479//124 2446//124 2444//124
f 2479//124 2444//124 2477//124
f 2481//124 2448//124 2446//124
f 2481//124 2446//124 2479//124
f 2483//124 2450//124 2448//124
f 2483//124 2448//124 2481//124
f 2485//124 2452//124 2450//124
f 2485//124 2450//124 2483//124
f 2487//124 2454//124 2452//124
f 2487//124 2452//124 2485//124
f 2489//124 2456//124 2454//124
f 2489//124 2454//124 2487//124
f 2491//124 2458//124 2456//124
f 2491//124 2456//124 2489//124
f 2493//124 2460//124 2458//124
f 2493//124 2458//124 2491//124
f 2495//124 2462//124 2460//124
f 2495//124 2460//124 2493//124
f 2497//124 2464//124 2462//124
f 2497//124 2462//124 2495//124
f 2469//124 2437//124 2464//124
f 2469//124 2464//124 2497//124
f 2468//124 2434//124 2437//124
f 2468//124 2437//124 2469//124
f 2471//124 2438//124 2434//124
f 2471//124 2434//124 2468//124
f 2473//124 2440//124 2438//124
f 2473//124 2438//124 2471//124
f 2475//124 2442//124 2440//124
f 2475//124 2440//124 2473//124
f 2498//20 2499//125 2500//126
f 2501//18 2498//20 2500//126
f 2502//22 2503//127 2499//125
f 2498//20 2502//22 2499//125
f 2504//24 2505//128 2503//127
f 2502//22 2504//24 2503//127
f 2506//26 2507//129 2505//128
f 2504//24 2506//26 2505//128
f 2508//28 2509//130 2507//129
f 2506//26 2508//28 2507//129
f 2510//30 2511//131 2509//130
f 2508//28 2510//30 2509//130
f 2512//32 2513//132 2511//131
f 2510//30 2512//32 2511//131
f 2514//5 2515//133 2513//132
f 2512//32 2514//5 2513//132
f 2516//2 2517//134 2515//133
f 2514//5 2516//2 2515//133
f 2518//6 2519//135 2517//134
f 2516//2 2518//6 2517//134
f 2520//8 2521//136 2519//135
f 2518//6 2520//8 2519//135
f 2522//10 2523//137 2521//136
f 2520//8 2522//10 2521//136
f 2524//12 2525//138 2523//137
f 2522//10 2524//12 2523//137
f 2526//14 2527//139 2525//138
f 2524//12 2526//14 2525//138
f 2528//16 2529//140 2527//139
f 2526//14 2528//16 2527//139
f 2501//18 2500//126 2529//140
f 2528//16 2501//18 2529//140
f 2530//141 2531//142 2532//143
f 2530//141 2532//143 2533//144
f 2531//142 2534//145 2535//146
f 2531//142 2535//146 2532//143
f 2534//145 2536//147 2537//148
f 2534//145 2537//148 2535//146
f 2536//147 2538//149 2539//150
f 2536//147 2539//150 2537//148
f 2538//149 2540//151 2541//152
f 2538//149 2541//152 2539//150
f 2540//151 2542//153 2543//154
f 2540//151 2543//154 2541//152
f 2542//153 2544//155 2545//156
f 2542//153 2545//156 2543//154
f 2544//155 2546//157 2547//158
f 2544//155 2547//158 2545//156
f 2546//157 2548//159 2549//160
f 2546//157 2549//160 2547//158
f 2548//159 2550//161 2551//162
f 2548//159 2551//162 2549//160
f 2550//161 2552//163 2553//164
f 2550//161 2553//164 2551//162
f 2552//163 2554//165 2555//166
f 2552//163 2555//166 2553//164
f 2554//165 2556//167 2557//168
f 2554//165 2557//168 2555//166
f 2556//167 2558//169 2559//170
f 2556//167 2559//170 2557//168
f 2558//169 2560//171 2561//172
f 2558//169 2561//172 2559//170
f 2560//171 2530//141 2533//144
f 2560//171 2533//144 2561//172
f 2541//124 2508//124 2506//124
f 2541//124 2506//124 2539//124
f 2543//124 2510//124 2508//124
f 2543//124 2508//124 2541//124
f 2545//124 2512//124 2510//124
f 2545//124 2510//124 2543//124
f 2547//124 2514//124 2512//124
f 2547//124 2512//124 2545//124
f 2549//124 2516//124 2514//124
f 2549//124 2514//124 2547//124
f 2551//124 2518//124 2516//124
f 2551//124 2516//124 2549//124
f 2553//124 2520//124 2518//124
f 2553//124 2518//124 2551//124
f 2555//124 2522//124 2520//124
f 2555//124 2520//124 2553//124
f 2557//124 2524//124 2522//124
f 2557//124 2522//124 2555//124
f 2559//124 2526//124 2524//124
f 2559//124 2524//124 2557//124
f 2561//124 2528//124 2526//124
f 2561//124 2526//124 2559//124
f 2533//124 2501//124 2528//124
f 2533//124 2528//124 2561//124
f 2532//124 2498//124 2501//124
f 2532//124 2501//124 2533//124
f 2535//124 2502//124 2498//124
f 2535//124 2498//124 2532//124
f 2537//124 2504//124 2502//124
f 2537//124 2502//124 2535//124
f 2539//124 2506//124 2504//124
f 2539//124 2504//124 2537//124
f 2562//20 2563//125 2564//126
f 2565//18 2562//20 2564//126
f 2566//22 2567//127 2563//125
f 2562//20 2566//22 2563//125
f 2568//24 2569//128 2567//127
f 2566//22 2568//24 2567//127
f 2570//26 2571//129 2569//128
f 2568//24 2570//26 2569//128
f 2572//28 2573//130 2571//129
f 2570//26 2572//28 2571//129
f 2574//30 2575//131 2573//130
f 2572//28 2574//30 2573//130
f 2576//32 2577//132 2575//131
f 2574//30 2576//32 2575//131
f 2578//5 2579//133 2577//132
f 2576//32 2578//5 2577//132
f 2580//2 2581//134 2579//133
f 2578//5 2580//2 2579//133
f 2582//6 2583//135 2581//134
f 2580//2 2582//6 2581//134
f 2584//8 2585//136 2583//135
f 2582//6 2584//8 2583//135
f 2586//10 2587//137 2585//136
f 2584//8 2586//10 2585//136
f 2588//12 2589//138 2587//137
f 2586//10 2588//12 2587//137
f 2590//14 2591//139 2589//138
f 2588//12 2590//14 2589//138
f 2592//16 2593//140 2591//139
f 2590//14 2592//16 2591//139
f 2565//18 2564//126 2593//140
f 2592//16 2565//18 2593//140
f 2594//141 2595//142 2596//143
f 2594//141 2596//143 2597//144
f 2595//142 2598//145 2599//146
f 2595//142 2599//146 2596//143
f 2598//145 2600//147 2601//148
f 2598//145 2601//148 2599//146
f 2600//147 2602//149 2603//150
f 2600//147 2603//150 2601//148
f 2602//149 2604//151 2605//152
f 2602//149 2605//152 2603//150
f 2604//151 2606//153 2607//154
f 2604//151 2607//154 2605//152
f 2606//153 2608//155 2609//156
f 2606//153 2609//156 2607//154
f 2608//155 2610//157 2611//158
f 2608//155 2611//158 2609//156
f 2610//157 2612//159 2613//160
f 2610//157 2613//160 2611//158
f 2612//159 2614//161 2615//162
f 2612//159 2615//162 2613//160
f 2614//161 2616//163 2617//164
f 2614//161 2617//164 2615//162
f 2616//163 2618//165 2619//166
f 2616//163 2619//166 2617//164
f 2618//165 2620//167 2621//168
f 2618//165 2621//168 2619//166
f 2620//167 2622//169 2623//170
f 2620//167 2623//170 2621//168
f 2622//169 2624//171 2625//172
f 2622//169 2625//172 2623//170
f 2624//171 2594//141 2597//144
f 2624//171 2597//144 2625//172
f 2605//124 2572//124 2570//124
f 2605//124 2570//124 2603//124
f 2607//124 2574//124 2572//124
f 2607//124 2572//124 2605//124
f 2609//124 2576//124 2574//124
f 2609//124 2574//124 2607//124
f 2611//124 2578//124 2576//124
f 2611//124 2576//124 2609//124
f 2613//124 2580//124 2578//124
f 2613//124 2578//124 2611//124
f 2615//124 2582//124 2580//124
f 2615//124 2580//124 2613//124
f 2617//124 2584//124 2582//124
f 2617//124 2582//124 2615//124
f 2619//124 2586//124 2584//124
f 2619//124 2584//124 2617//124
f 2621//124 2588//124 2586//124
f 2621//124 2586//124 2619//124
f 2623//124 2590//124 2588//124
f 2623//124 2588//124 2621//124
f 2625//124 2592//124 2590//124
f 2625//124 2590//124 2623//124
f 2597//124 2565//124 2592//124
f 2597//124 2592//124 2625//124
f 2596//124 2562//124 2565//124
f 2596//124 2565//124 2597//124
f 2599//124 2566//124 2562//124
f 2599//124 2562//124 2596//124
f 2601//124 2568//124 2566//124
f 2601//124 2566//124 2599//124
f 2603//124 2570//124 2568//124
f 2603//124 2568//124 2601//124
f 2626//20 2627//125 2628//126
f 2629//18 2626//20 2628//126
f 2630//22 2631//127 2627//125
f 2626//20 2630//22 2627//125
f 2632//24 2633//128 2631//127
f 2630//22 2632//24 2631//127
f 2634//26 2635//129 2633//128
f 2632//24 2634//26 2633//128
f 2636//28 2637//130 2635//129
f 2634//26 2636//28 2635//129
f 2638//30 2639//131 2637//130
f 2636//28 2638//30 2637//130
f 2640//32 2641//132 2639//131
f 2638//30 2640//32 2639//131
f 2642//5 2643//133 2641//132
f 2640//32 2642//5 2641//132
f 2644//2 2645//134 2643//133
f 2642//5 2644//2 2643//133
f 2646//6 2647//135 2645//134
f 2644//2 2646//6 2645//134
f 2648//8 2649//136 2647//135
f 2646//6 2648//8 2647//135
f 2650//10 2651//137 2649//136
f 2648//8 2650//10 2649//136
f 2652//12 2653//138 2651//137
f 2650//10 2652//12 2651//137
f 2654//14 2655//139 2653//138
f 2652//12 2654//14 2653//138
f 2656//16 2657//140 2655//139
f 2654//14 2656//16 2655//139
f 2629//18 2628//126 2657//140
f 2656//16 2629//18 2657//140
f 2658//141 2659//142 2660//143
f 2658//141 2660//143 2661//144
f 2659//142 2662//145 2663//146
f 2659//142 2663//146 2660//143
f 2662//145 2664//147 2665//148
f 2662//145 2665//148 2663//146
f 2664//147 2666//149 2667//150
f 2664//147 2667//150 2665//148
f 2666//149 2668//151 2669//152
f 2666//149 2669//152 2667//150
f 2668//151 2670//153 2671//154
f 2668//151 2671//154 2669//152
f 2670//153 2672//155 2673//156
f 2670//153 2673//156 2671//154
f 2672//155 2674//157 2675//158
f 2672//155 2675//158 2673//156
f 2674//157 2676//159 2677//160
f 2674//157 2677//160 2675//158
f 2676//159 2678//161 2679//162
f 2676//159 2679//162 2677//160
f 2678//161 2680//163 2681//164
f 2678//161 2681//164 2679//162
f 2680//163 2682//165 2683//166
f 2680//163 2683//166 2681//164
f 2682//165 2684//167 2685//168
f 2682//165 2685//168 2683//166
f 2684//167 2686//169 2687//170
f 2684//167 2687//170 2685//168
f 2686//169 2688//171 2689//172
f 2686//169 2689//172 2687//170
f 2688//171 2658//141 2661//144
f 2688//171 2661//144 2689//172
f 2669//124 2636//124 2634//124
f 2669//124 2634//124 2667//124
f 2671//124 2638//124 2636//124
f 2671//124 2636//124 2669//124
f 2673//124 2640//124 2638//124
f 2673//124 2638//124 2671//124
f 2675//124 2642//124 2640//124
f 2675//124 2640//124 2673//124
f 2677//124 2644//124 2642//124
f 2677//124 2642//124 2675//124
f 2679//124 2646//124 2644//124
f 2679//124 2644//124 2677//124
f 2681//124 2648//124 2646//124
f 2681//124 2646//124 2679//124
f 2683//124 2650//124 2648//124
f 2683//124 2648//124 2681//124
f 2685//124 2652//124 2650//124
f 2685//124 2650//124 2683//124
f 2687//124 2654//124 2652//124
f 2687//124 2652//124 2685//124
f 2689//124 2656//124 2654//124
f 2689//124 2654//124 2687//124
f 2661//124 2629//124 2656//124
f 2661//124 2656//124 2689//124
f 2660//124 2626//124 2629//124
f 2660//124 2629//124 2661//124
f 2663//124 2630//124 2626//124
f 2663//124 2626//124 2660//124
f 2665//124 2632//124 2630//124
f 2665//124 2630//124 2663//124
f 2667//124 2634//124 2632//124
f 2667//124 2632//124 2665//124
f 2690//20 2691//125 2692//126
f 2693//18 2690//20 2692//126
f 2694//22 2695//127 2691//125
f 2690//20 2694//22 2691//125
f 2696//24 2697//128 2695//127
f 2694//22 2696//24 2695//127
f 2698//26 2699//129 2697//128
f 2696//24 2698//26 2697//128
f 2700//28 2701//130 2699//129
f 2698//26 2700//28 2699//129
f 2702//30 2703//131 2701//130
f 2700//28 2702//30 2701//130
f 2704//32 2705//132 2703//131
f 2702//30 2704//32 2703//131
f 2706//5 2707//133 2705//132
f 2704//32 2706//5 2705//132
f 2708//2 2709//134 2707//133
f 2706//5 2708//2 2707//133
f 2710//6 2711//135 2709//134
f 2708//2 2710//6 2709//134
f 2712//8 2713//136 2711//135
f 2710//6 2712//8 2711//135
f 2714//10 2715//137 2713//136
f 2712//8 2714//10 2713//136
f 2716//12 2717//138 2715//137
f 2714//10 2716//12 2715//137
f 2718//14 2719//139 2717//138
f 2716//12 2718//14 2717//138
f 2720//16 2721//140 2719//139
f 2718//14 2720//16 2719//139
f 2693//18 2692//126 2721//140
f 2720//16 2693//18 2721//140
f 2722//141 2723//142 2724//143
f 2722//141 2724//143 2725//144
f 2723//142 2726//145 2727//146
f 2723//142 2727//146 2724//143
f 2726//145 2728//147 2729//148
f 2726//145 2729//148 2727//146
f 2728//147 2730//149 2731//150
f 2728//147 2731//150 2729//148
f 2730//149 2732//151 2733//152
f 2730//149 2733//152 2731//150
f 2732//151 2734//153 2735//154
f 2732//151 2735//154 2733//152
f 2734//153 2736//155 2737//156
f 2734//153 2737//156 2735//154
f 2736//155 2738//157 2739//158
f 2736//155 2739//158 2737//156
f 2738//157 2740//159 2741//160
f 2738//157 2741//160 2739//158
f 2740//159 2742//161 2743//162
f 2740//159 2743//162 2741//160
f 2742//161 2744//163 2745//164
f 2742//161 2745//164 2743//162
f 2744//163 2746//165 2747//166
f 2744//163 2747//166 2745//164
f 2746//165 2748//167 2749//168
f 2746//165 2749//168 2747//166
f 2748//167 2750//169 2751//170
f 2748//167 2751//170 2749//168
f 2750//169 2752//171 2753//172
f 2750//169 2753//172 2751//170
f 2752//171 2722//141 2725//144
f 2752//171 2725//144 2753//172
f 2733//124 2700//124 2698//124
f 2733//124 2698//124 2731//124
f 2735//124 2702//124 2700//124
f 2735//124 2700//124 2733//124
f 2737//124 2704//124 2702//124
f 2737//124 2702//124 2735//124
f 2739//124 2706//124 2704//124
f 2739//124 2704//124 2737//124
f 2741//124 2708//124 2706//124
f 2741//124 2706//124 2739//124
f 2743//124 2710//124 2708//124
f 2743//124 2708//124 2741//124
f 2745//124 2712//124 2710//124
f 2745//124 2710//124 2743//124
f 2747//124 2714//124 2712//124
f 2747//124 2712//124 2745//124
f 2749//124 2716//124 2714//124
f 2749//124 2714//124 2747//124
f 2751//124 2718//124 2716//124
f 2751//124 2716//124 2749//124
f 2753//124 2720//124 2718//124
f 2753//124 2718//124 2751//124
f 2725//124 2693//124 2720//124
f 2725//124 2720//124 2753//124
f 2724//124 2690//124 2693//124
f 2724//124 2693//124 2725//124
f 2727//124 2694//124 2690//124
f 2727//124 2690//124 2724//124
f 2729//124 2696//124 2694//124
f 2729//124 2694//124 2727//124
f 2731//124 2698//124 2696//124
f 2731//124 2696//124 2729//124
f 2754//20 2755//125 2756//126
f 2757//18 2754//20 2756//126
f 2758//22 2759//127 2755//125
f 2754//20 2758//22 2755//125
f 2760//24 2761//128 2759//127
f 2758//22 2760//24 2759//127
f 2762//26 2763//129 2761//128
f 2760//24 2762//26 2761//128
f 2764//28 2765//130 2763//129
f 2762//26 2764//28 2763//129
f 2766//30 2767//131 2765//130
f 2764//28 2766//30 2765//130
f 2768//32 2769//132 2767//131
f 2766//30 2768//32 2767//131
f 2770//5 2771//133 2769//132
f 2768//32 2770//5 2769//132
f 2772//2 2773//134 2771//133
f 2770//5 2772//2 2771//133
f 2774//6 2775//135 2773//134
f 2772//2 2774//6 2773//134
f 2776//8 2777//136 2775//135
f 2774//6 2776//8 2775//135
f 2778//10 2779//137 2777//136
f 2776//8 2778//10 2777//136
f 2780//12 2781//138 2779//137
f 2778//10 2780//12 2779//137
f 2782//14 2783//139 2781//138
f 2780//12 2782//14 2781//138
f 2784//16 2785//140 2783//139
f 2782//14 2784//16 2783//139
f 2757//18 2756//126 2785//140
f 2784//16 2757//18 2785//140
f 2786//141 2787//142 2788//143
f 2786//141 2788//143 2789//144
f 2787//142 2790//145 2791//146
f 2787//142 2791//146 2788//143
f 2790//145 2792//147 2793//148
f 2790//145 2793//148 2791//146
f 2792//147 2794//149 2795//150
f 2792//147 2795//150 2793//148
f 2794//149 2796//151 2797//152
f 2794//149 2797//152 2795//150
f 2796//151 2798//153 2799//154
f 2796//151 2799//154 2797//152
f 2798//153 2800//155 2801//156
f 2798//153 2801//156 2799//154
f 2800//155 2802//157 2803//158
f 2800//155 2803//158 2801//156
f 2802//157 2804//159 2805//160
f 2802//157 2805//160 2803//158
f 2804//159 2806//161 2807//162
f 2804//159 2807//162 2805//160
f 2806//161 2808//163 2809//164
f 2806//161 2809//164 2807//162
f 2808//163 2810//165 2811//166
f 2808//163 2811//166 2809//164
f 2810//165 2812//167 2813//168
f 2810//165 2813//168 2811//166
f 2812//167 2814//169 2815//170
f 2812//167 2815//170 2813//168
f 2814//169 2816//171 2817//172
f 2814//169 2817//172 2815//170
f 2816//171 2786//141 2789//144
f 2816//171 2789//144 2817//172
f 2797//124 2764//124 2762//124
f 2797//124 2762//124 2795//124
f 2799//124 2766//124 2764//124
f 2799//124 2764//124 2797//124
f 2801//124 2768//124 2766//124
f 2801//124 2766//124 2799//124
f 2803//124 2770//124 2768//124
f 2803//124 2768//124 2801//124
f 2805//124 2772//124 2770//124
f 2805//124 2770//124 2803//124
f 2807//124 2774//124 2772//124
f 2807//124 2772//124 2805//124
f 2809//124 2776//124 2774//124
f 2809//124 2774//124 2807//124
f 2811//124 2778//124 2776//124
f 2811//124 2776//124 2809//124
f 2813//124 2780//124 2778//124
f 2813//124 2778//124 2811//124
f 2815//124 2782//124 2780//124
f 2815//124 2780//124 2813//124
f 2817//124 2784//124 2782//124
f 2817//124 2782//124 2815//124
f 2789//124 2757//124 2784//124
f 2789//124 2784//124 2817//124
f 2788//124 2754//124 2757//124
f 2788//124 2757//124 2789//124
f 2791//124 2758//124 2754//124
f 2791//124 2754//124 2788//124
f 2793//124 2760//124 2758//124
f 2793//124 2758//124 2791//124
f 2795//124 2762//124 2760//124
f 2795//124 2760//124 2793//124
f 2818//20 2819//125 2820//126
f 2821//18 2818//20 2820//126
f 2822//22 2823//127 2819//125
f 2818//20 2822//22 2819//125
f 2824//24 2825//128 2823//127
f 2822//22 2824//24 2823//127
f 2826//26 2827//129 2825//128
f 2824//24 2826//26 2825//128
f 2828//28 2829//130 2827//129
f 2826//26 2828//28 2827//129
f 2830//30 2831//131 2829//130
f 2828//28 2830//30 2829//130
f 2832//32 2833//132 2831//131
f 2830//30 2832//32 2831//131
f 2834//5 2835//133 2833//132
f 2832//32 2834//5 2833//132
f 2836//2 2837//134 2835//133
f 2834//5 2836//2 2835//133
f 2838//6 2839//135 2837//134
f 2836//2 2838//6 2837//134
f 2840//8 2841//136 2839//135
f 2838//6 2840//8 2839//135
f 2842//10 2843//137 2841//136
f 2840//8 2842//10 2841//136
f 2844//12 2845//138 2843//137
f 2842//10 2844//12 2843//137
f 2846//14 2847//139 2845//138
f 2844//12 2846//14 2845//138
f 2848//16 2849//140 2847//139
f 2846//14 2848//16 2847//139
f 2821//18 2820//126 2849//140
f 2848//16 2821//18 2849//140
f 2850//141 2851//142 2852//143
f 2850//141 2852//143 2853//144
f 2851//142 2854//145 2855//146
f 2851//142 2855//146 2852//143
f 2854//145 2856//147 2857//148
f 2854//145 2857//148 2855//146
f 2856//147 2858//149 2859//150
f 2856//147 2859//150 2857//148
f 2858//149 2860//151 2861//152
f 2858//149 2861//152 2859//150
f 2860//151 2862//153 2863//154
f 2860//151 2863//154 2861//152
f 2862//153 2864//155 2865//156
f 2862//153 2865//156 2863//154
f 2864//155 2866//157 2867//158
f 2864//155 2867//158 2865//156
f 2866//157 2868//159 2869//160
f 2866//157 2869//160 2867//158
f 2868//159 2870//161 2871//162
f 2868//159 2871//162 2869//160
f 2870//161 2872//163 2873//164
f 2870//161 2873//164 2871//162
f 2872//163 2874//165 2875//166
f 2872//163 2875//166 2873//164
f 2874//165 2876//167 2877//168
f 2874//165 2877//168 2875//166
f 2876//167 2878//169 2879//170
f 2876//167 2879//170 2877//168
f 2878//169 2880//171 2881//172
f 2878//169 2881//172 2879//170
f 2880//171 2850//141 2853//144
f 2880//171 2853//144 2881//172
f 2861//124 2828//124 2826//124
f 2861//124 2826//124 2859//124
f 2863//124 2830//124 2828//124
f 2863//124 2828//124 2861//124
f 2865//124 2832//124 2830//124
f 2865//124 2830//124 2863//124
f 2867//124 2834//124 2832//124
f 2867//124 2832//124 2865//124
f 2869//124 2836//124 2834//124
f 2869//124 2834//124 2867//124
f 2871//124 2838//124 2836//124
f 2871//124 2836//124 2869//124
f 2873//124 2840//124 2838//124
f 2873//124 2838//124 2871//124
f 2875//124 2842//124 2840//124
f 2875//124 2840//124 2873//124
f 2877//124 2844//124 2842//124
f 2877//124 2842//124 2875//124
f 2879//124 2846//124 2844//124
f 2879//124 2844//124 2877//124
f 2881//124 2848//124 2846//124
f 2881//124 2846//124 2879//124
f 2853//124 2821//124 2848//124
f 2853//124 2848//124 2881//124
f 2852//124 2818//124 2821//124
f 2852//124 2821//124 2853//124
f 2855//124 2822//124 2818//124
f 2855//124 2818//124 2852//124
f 2857//124 2824//124 2822//124
f 2857//124 2822//124 2855//124
f 2859//124 2826//124 2824//124
f 2859//124 2824//124 2857//124
f 2882//20 2883//125 2884//126
f 2885//18 2882//20 2884//126
f 2886//22 2887//127 2883//125
f 2882//20 2886//22 2883//125
f 2888//24 2889//128 2887//127
f 2886//22 2888//24 2887//127
f 2890//26 2891//129 2889//128
f 2888//24 2890//26 2889//128
f 2892//28 2893//130 2891//129
f 2890//26 2892//28 2891//129
f 2894//30 2895//131 2893//130
f 2892//28 2894//30 2893//130
f 2896//32 2897//132 2895//131
f 2894//30 2896//32 2895//131
f 2898//5 2899//133 2897//132
f 2896//32 2898//5 2897//132
f 2900//2 2901//134 2899//133
f 2898//5 2900//2 2899//133
f 2902//6 2903//135 2901//134
f 2900//2 2902//6 2901//134
f 2904//8 2905//136 2903//135
f 2902//6 2904//8 2903//135
f 2906//10 2907//137 2905//136
f 2904//8 2906//10 2905//136
f 2908//12 2909//138 2907//137
f 2906//10 2908//12 2907//137
f 2910//14 2911//139 2909//138
f 2908//12 2910//14 2909//138
f 2912//16 2913//140 2911//139
f 2910//14 2912//16 2911//139
f 2885//18 2884//126 2913//140
f 2912//16 2885//18 2913//140
f 2914//141 2915//142 2916//143
f 2914//141 2916//143 2917//144
f 2915//142 2918//145 2919//146
f 2915//142 2919//146 2916//143
f 2918//145 2920//147 2921//148
f 2918//145 2921//148 2919//146
f 2920//147 2922//149 2923//150
f 2920//147 2923//150 2921//148
f 2922//149 2924//151 2925//152
f 2922//149 2925//152 2923//150
f 2924//151 2926//153 2927//154
f 2924//151 2927//154 2925//152
f 2926//153 2928//155 2929//156
f 2926//153 2929//156 2927//154
f 2928//155 2930//157 2931//158
f 2928//155 2931//158 2929//156
f 2930//157 2932//159 2933//160
f 2930//157 2933//160 2931//158
f 2932//159 2934//161 2935//162
f 2932//159 2935//162 2933//160
f 2934//161 2936//163 2937//164
f 2934//161 2937//164 2935//162
f 2936//163 2938//165 2939//166
f 2936//163 2939//166 2937//164
f 2938//165 2940//167 2941//168
f 2938//165 2941//168 2939//166
f 2940//167 2942//169 2943//170
f 2940//167 2943//170 2941//168
f 2942//169 2944//171 2945//172
f 2942//169 2945//172 2943//170
f 2944//171 2914//141 2917//144
f 2944//171 2917//144 2945//172
f 2925//124 2892//124 2890//124
f 2925//124 2890//124 2923//124
f 2927//124 2894//124 2892//124
f 2927//124 2892//124 2925//124
f 2929//124 2896//124 2894//124
f 2929//124 2894//124 2927//124
f 2931//124 2898//124 2896//124
f 2931//124 2896//124 2929//124
f 2933//124 2900//124 2898//124
f 2933//124 2898//124 2931//124
f 2935//124 2902//124 2900//124
f 2935//124 2900//124 2933//124
f 2937//124 2904//124 2902//124
f 2937//124 2902//124 2935//124
f 2939//124 2906//124 2904//124
f 2939//124 2904//124 2937//124
f 2941//124 2908//124 2906//124
f 2941//124 2906//124 2939//124
f 2943//124 2910//124 2908//124
f 2943//124 2908//124 2941//124
f 2945//124 2912//124 2910//124
f 2945//124 2910//124 2943//124
f 2917//124 2885//124 2912//124
f 2917//124 2912//124 2945//124
f 2916//124 2882//124 2885//124
f 2916//124 2885//124 2917//124
f 2919//124 2886//124 2882//124
f 2919//124 2882//124 2916//124
f 2921//124 2888//124 2886//124
f 2921//124 2886//124 2919//124
f 2923//124 2890//124 2888//124
f 2923//124 2888//124 2921//124
f 2946//20 2947//125 2948//126
f 2949//18 2946//20 2948//126
f 2950//22 2951//127 2947//125
f 2946//20 2950//22 2947//125
f 2952//24 2953//128 2951//127
f 2950//22 2952//24 2951//127
f 2954//26 2955//129 2953//128
f 2952//24 2954//26 2953//128
f 2956//28 2957//130 2955//129
f 2954//26 2956//28 2955//129
f 2958//30 2959//131 2957//130
f 2956//28 2958//30 2957//130
f 2960//32 2961//132 2959//131
f 2958//30 2960//32 2959//131
f 2962//5 2963//133 2961//132
f 2960//32 2962//5 2961//132
f 2964//2 2965//134 2963//133
f 2962//5 2964//2 2963//133
f 2966//6 2967//135 2965//134
f 2964//2 2966//6 2965//134
f 2968//8 2969//136 2967//135
f 2966//6 2968//8 2967//135
f 2970//10 2971//137 2969//136
f 2968//8 2970//10 2969//136
f 2972//12 2973//138 2971//137
f 2970//10 2972//12 2971//137
f 2974//14 2975//139 2973//138
f 2972//12 2974//14 2973//138
f 2976//16 2977//140 2975//139
f 2974//14 2976//16 2975//139
f 2949//18 2948//126 2977//140
f 2976//16 2949//18 2977//140
f 2978//141 2979//142 2980//143
f 2978//141 2980//143 2981//144
f 2979//142 2982//145 2983//146
f 2979//142 2983//146 2980//143
f 2982//145 2984//147 2985//148
f 2982//145 2985//148 2983//146
f 2984//147 2986//149 2987//150
f 2984//147 2987//150 2985//148
f 2986//149 2988//151 2989//152
f 2986//149 2989//152 2987//150
f 2988//151 2990//153 2991//154
f 2988//151 2991//154 2989//152
f 2990//153 2992//155 2993//156
f 2990//153 2993//156 2991//154
f 2992//155 2994//157 2995//158
f 2992//155 2995//158 2993//156
f 2994//157 2996//159 2997//160
f 2994//157 2997//160 2995//158
f 2996//159 2998//161 2999//162
f 2996//159 2999//162 2997//160
f 2998//161 3000//163 3001//164
f 2998//161 3001//164 2999//162
f 3000//163 3002//165 3003//166
f 3000//163 3003//166 3001//164
f 3002//165 3004//167 3005//168
f 3002//165 3005//168 3003//166
f 3004//167 3006//169 3007//170
f 3004//167 3007//170 3005//168
f 3006//169 3008//171 3009//172
f 3006//169 3009//172 3007//170
f 3008//171 2978//141 2981//144
f 3008//171 2981//144 3009//172
f 2989//124 2956//124 2954//124
f 2989//124 2954//124 2987//124
f 2991//124 2958//124 2956//124
f 2991//124 2956//124 2989//124
f 2993//124 2960//124 2958//124
f 2993//124 2958//124 2991//124
f 2995//124 2962//124 2960//124
f 2995//124 2960//124 2993//124
f 2997//124 2964//124 2962//124
f 2997//124 2962//124 2995//124
f 2999//124 2966//124 2964//124
f 2999//124 2964//124 2997//124
f 3001//124 2968//124 2966//124
f 3001//124 2966//124 2999//124
f 3003//124 2970//124 2968//124
f 3003//124 2968//124 3001//124
f 3005//124 2972//124 2970//124
f 3005//124 2970//124 3003//124
f 3007//124 2974//124 2972//124
f 3007//124 2972//124 3005//124
f 3009//124 2976//124 2974//124
f 3009//124 2974//124 3007//124
f 2981//124 2949//124 2976//124
f 2981//124 2976//124 3009//124
f 2980//124 2946//124 2949//124
f 2980//124 2949//124 2981//124
f 2983//124 2950//124 2946//124
f 2983//124 2946//124 2980//124
f 2985//124 2952//124 2950//124
f 2985//124 2950//124 2983//124
f 2987//124 2954//124 2952//124
f 2987//124 2952//124 2985//124
f 3010//20 3011//125 3012//126
f 3013//18 3010//20 3012//126
f 3014//22 3015//127 3011//125
f 3010//20 3014//22 3011//125
f 3016//24 3017//128 3015//127
f 3014//22 3016//24 3015//127
f 3018//26 3019//129 3017//128
f 3016//24 3018//26 3017//128
f 3020//28 3021//130 3019//129
f 3018//26 3020//28 3019//129
f 3022//30 3023//131 3021//130
f 3020//28 3022//30 3021//130
f 3024//32 3025//132 3023//131
f 3022//30 3024//32 3023//131
f 3026//5 3027//133 3025//132
f 3024//32 3026//5 3025//132
f 3028//2 3029//134 3027//133
f 3026//5 3028//2 3027//133
f 3030//6 3031//135 3029//134
f 3028//2 3030//6 3029//134
f 3032//8 3033//136 3031//135
f 3030//6 3032//8 3031//135
f 3034//10 3035//137 3033//136
f 3032//8 3034//10 3033//136
f 3036//12 3037//138 3035//137
f 3034//10 3036//12 3035//137
f 3038//14 3039//139 3037//138
f 3036//12 3038//14 3037//138
f 3040//16 3041//140 3039//139
f 3038//14 3040//16 3039//139
f 3013//18 3012//126 3041//140
f 3040//16 3013//18 3041//140
f 3042//141 3043//142 3044//143
f 3042//141 3044//143 3045//144
f 3043//142 3046//145 3047//146
f 3043//142 3047//146 3044//143
f 3046//145 3048//147 3049//148
f 3046//145 3049//148 3047//146
f 3048//147 3050//149 3051//150
f 3048//147 3051//150 3049//148
f 3050//149 3052//151 3053//152
f 3050//149 3053//152 3051//150
f 3052//151 3054//153 3055//154
f 3052//151 3055//154 3053//152
f 3054//153 3056//155 3057//156
f 3054//153 3057//156 3055//154
f 3056//155 3058//157 3059//158
f 3056//155 3059//158 3057//156
f 3058//157 3060//159 3061//160
f 3058//157 3061//160 3059//158
f 3060//159 3062//161 3063//162
f 3060//159 3063//162 3061//160
f 3062//161 3064//163 3065//164
f 3062//161 3065//164 3063//162
f 3064//163 3066//165 3067//166
f 3064//163 3067//166 3065//164
f 3066//165 3068//167 3069//168
f 3066//165 3069//168 3067//166
f 3068//167 3070//169 3071//170
f 3068//167 3071//170 3069//168
f 3070//169 3072//171 3073//172
f 3070//169 3073//172 3071//170
f 3072//171 3042//141 3045//144
f 3072//171 3045//144 3073//172
f 3053//124 3020//124 3018//124
f 3053//124 3018//124 3051//124
f 3055//124 3022//124 3020//124
f 3055//124 3020//124 3053//124
f 3057//124 3024//124 3022//124
f 3057//124 3022//124 3055//124
f 3059//124 3026//124 3024//124
f 3059//124 3024//124 3057//124
f 3061//124 3028//124 3026//124
f 3061//124 3026//124 3059//124
f 3063//124 3030//124 3028//124
f 3063//124 3028//124 3061//124
f 3065//124 3032//124 3030//124
f 3065//124 3030//124 3063//124
f 3067//124 3034//124 3032//124
f 3067//124 3032//124 3065//124
f 3069//124 3036//124 3034//124
f 3069//124 3034//124 3067//124
f 3071//124 3038//124 3036//124
f 3071//124 3036//124 3069//124
f 3073//124 3040//124 3038//124
f 3073//124 3038//124 3071//124
f 3045//124 3013//124 3040//124
f 3045//124 3040//124 3073//124
f 3044//124 3010//124 3013//124
f 3044//124 3013//124 3045//124
f 3047//124 3014//124 3010//124
f 3047//124 3010//124 3044//124
f 3049//124 3016//124 3014//124
f 3049//124 3014//124 3047//124
f 3051//124 3018//124 3016//124
f 3051//124 3016//124 3049//124
f 3074//20 3075//125 3076//126
f 3077//18 3074//20 3076//126
f 3078//22 3079//127 3075//125
f 3074//20 3078//22 3075//125
f 3080//24 3081//128 3079//127
f 3078//22 3080//24 3079//127
f 3082//26 3083//129 3081//128
f 3080//24 3082//26 3081//128
f 3084//28 3085//130 3083//129
f 3082//26 3084//28 3083//129
f 3086//30 3087//131 3085//130
f 3084//28 3086//30 3085//130
f 3088//32 3089//132 3087//131
f 3086//30 3088//32 3087//131
f 3090//5 3091//133 3089//132
f 3088//32 3090//5 3089//132
f 3092//2 3093//134 3091//133
f 3090//5 3092//2 3091//133
f 3094//6 3095//135 3093//134
f 3092//2 3094//6 3093//134
f 3096//8 3097//136 3095//135
f 3094//6 3096//8 3095//135
f 3098//10 3099//137 3097//136
f 3096//8 3098//10 3097//136
f 3100//12 3101//138 3099//137
f 3098//10 3100//12 3099//137
f 3102//14 3103//139 3101//138
f 3100//12 3102//14 3101//138
f 3104//16 3105//140 3103//139
f 3102//14 3104//16 3103//139
f 3077//18 3076//126 3105//140
f 3104//16 3077//18 3105//140
f 3106//141 3107//142 3108//143
f 3106//141 3108//143 3109//144
f 3107//142 3110//145 3111//146
f 3107//142 3111//146 3108//143
f 3110//145 3112//147 3113//148
f 3110//145 3113//148 3111//146
f 3112//147 3114//149 3115//150
f 3112//147 3115//150 3113//148
f 3114//149 3116//151 3117//152
f 3114//149 3117//152 3115//150
f 3116//151 3118//153 3119//154
f 3116//151 3119//154 3117//152
f 3118//153 3120//155 3121//156
f 3118//153 3121//156 3119//154
f 3120//155 3122//157 3123//158
f 3120//155 3123//158 3121//156
f 3122//157 3124//159 3125//160
f 3122//157 3125//160 3123//158
f 3124//159 3126//161 3127//162
f 3124//159 3127//162 3125//160
f 3126//161 3128//163 3129//164
f 3126//161 3129//164 3127//162
f 3128//163 3130//165 3131//166
f 3128//163 3131//166 3129//164
f 3130//165 3132//167 3133//168
f 3130//165 3133//168 3131//166
f 3132//167 3134//169 3135//170
f 3132//167 3135//170 3133//168
f 3134//169 3136//171 3137//172
f 3134//169 3137//172 3135//170
f 3136//171 3106//141 3109//144
f 3136//171 3109//144 3137//172
f 3117//124 3084//124 3082//124
f 3117//124 3082//124 3115//124
f 3119//124 3086//124 3084//124
f 3119//124 3084//124 3117//124
f 3121//124 3088//124 3086//124
f 3121//124 3086//124 3119//124
f 3123//124 3090//124 3088//124
f 3123//124 3088//124 3121//124
f 3125//124 3092//124 3090//124
f 3125//124 3090//124 3123//124
f 3127//124 3094//124 3092//124
f 3127//124 3092//124 3125//124
f 3129//124 3096//124 3094//124
f 3129//124 3094//124 3127//124
f 3131//124 3098//124 3096//124
f 3131//124 3096//124 3129//124
f 3133//124 3100//124 3098//124
f 3133//124 3098//124 3131//124
f 3135//124 3102//124 3100//124
f 3135//124 3100//124 3133//124
f 3137//124 3104//124 3102//124
f 3137//124 3102//124 3135//124
f 3109//124 3077//124 3104//124
f 3109//124 3104//124 3137//124
f 3108//124 3074//124 3077//124
f 3108//124 3077//124 3109//124
f 3111//124 3078//124 3074//124
f 3111//124 3074//124 3108//124
f 3113//124 3080//124 3078//124
f 3113//124 3078//124 3111//124
f 3115//124 3082//124 3080//124
f 3115//124 3080//124 3113//124
f 3138//20 3139//125 3140//126
f 3141//18 3138//20 3140//126
f 3142//22 3143//127 3139//125
f 3138//20 3142//22 3139//125
f 3144//24 3145//128 3143//127
f 3142//22 3144//24 3143//127
f 3146//26 3147//129 3145//128
f 3144//24 3146//26 3145//128
f 3148//28 3149//130 3147//129
f 3146//26 3148//28 3147//129
f 3150//30 3151//131 3149//130
f 3148//28 3150//30 3149//130
f 3152//32 3153//132 3151//131
f 3150//30 3152//32 3151//131
f 3154//5 3155//133 3153//132
f 3152//32 3154//5 3153//132
f 3156//2 3157//134 3155//133
f 3154//5 3156//2 3155//133
f 3158//6 3159//135 3157//134
f 3156//2 3158//6 3157//134
f 3160//8 3161//136 3159//135
f 3158//6 3160//8 3159//135
f 3162//10 3163//137 3161//136
f 3160//8 3162//10 3161//136
f 3164//12 3165//138 3163//137
f 3162//10 3164//12 3163//137
f 3166//14 3167//139 3165//138
f 3164//12 3166//14 3165//138
f 3168//16 3169//140 3167//139
f 3166//14 3168//16 3167//139
f 3141//18 3140//126 3169//140
f 3168//16 3141//18 3169//140
f 3170//141 3171//142 3172//143
f 3170//141 3172//143 3173//144
f 3171//142 3174//145 3175//146
f 3171//142 3175//146 3172//143
f 3174//145 3176//147 3177//148
f 3174//145 3177//148 3175//146
f 3176//147 3178//149 3179//150
f 3176//147 3179//150 3177//148
f 3178//149 3180//151 3181//152
f 3178//149 3181//152 3179//150
f 3180//151 3182//153 3183//154
f 3180//151 3183//154 3181//152
f 3182//153 3184//155 3185//156
f 3182//153 3185//156 3183//154
f 3184//155 3186//157 3187//158
f 3184//155 3187//158 3185//156
f 3186//157 3188//159 3189//160
f 3186//157 3189//160 3187//158
f 3188//159 3190//161 3191//162
f 3188//159 3191//162 3189//160
f 3190//161 3192//163 3193//164
f 3190//161 3193//164 3191//162
f 3192//163 3194//165 3195//166
f 3192//163 3195//166 3193//164
f 3194//165 3196//167 3197//168
f 3194//165 3197//168 3195//166
f 3196//167 3198//169 3199//170
f 3196//167 3199//170 3197//168
f 3198//169 3200//171 3201//172
f 3198//169 3201//172 3199//170
f 3200//171 3170//141 3173//144
f 3200//171 3173//144 3201//172
f 3181//124 3148//124 3146//124
f 3181//124 3146//124 3179//124
f 3183//124 3150//124 3148//124
f 3183//124 3148//124 3181//124
f 3185//124 3152//124 3150//124
f 3185//124 3150//124 3183//124
f 3187//124 3154//124 3152//124
f 3187//124 3152//124 3185//124
f 3189//124 3156//124 3154//124
f 3189//124 3154//124 3187//124
f 3191//124 3158//124 3156//124
f 3191//124 3156//124 3189//124
f 3193//124 3160//124 3158//124
f 3193//124 3158//124 3191//124
f 3195//124 3162//124 3160//124
f 3195//124 3160//124 3193//124
f 3197//124 3164//124 3162//124
f 3197//124 3162//124 3195//124
f 3199//124 3166//124 3164//124
f 3199//124 3164//124 3197//124
f 3201//124 3168//124 3166//124
f 3201//124 3166//124 3199//124
f 3173//124 3141//124 3168//124
f 3173//124 3168//124 3201//124
f 3172//124 3138//124 3141//124
f 3172//124 3141//124 3173//124
f 3175//124 3142//124 3138//124
f 3175//124 3138//124 3172//124
f 3177//124 3144//124 3142//124
f 3177//124 3142//124 3175//124
f 3179//124 3146//124 3144//124
f 3179//124 3144//124 3177//124
f 3202//20 3203//125 3204//126
f 3205//18 3202//20 3204//126
f 3206//22 3207//127 3203//125
f 3202//20 3206//22 3203//125
f 3208//24 3209//128 3207//127
f 3206//22 3208//24 3207//127
f 3210//26 3211//129 3209//128
f 3208//24 3210//26 3209//128
f 3212//28 3213//130 3211//129
f 3210//26 3212//28 3211//129
f 3214//30 3215//131 3213//130
f 3212//28 3214//30 3213//130
f 3216//32 3217//132 3215//131
f 3214//30 3216//32 3215//131
f 3218//5 3219//133 3217//132
f 3216//32 3218//5 3217//132
f 3220//2 3221//134 3219//133
f 3218//5 3220//2 3219//133
f 3222//6 3223//135 3221//134
f 3220//2 3222//6 3221//134
f 3224//8 3225//136 3223//135
f 3222//6 3224//8 3223//135
f 3226//10 3227//137 3225//136
f 3224//8 3226//10 3225//136
f 3228//12 3229//138 3227//137
f 3226//10 3228//12 3227//137
f 3230//14 3231//139 3229//138
f 3228//12 3230//14 3229//138
f 3232//16 3233//140 3231//139
f 3230//14 3232//16 3231//139
f 3205//18 3204//126 3233//140
f 3232//16 3205//18 3233//140
f 3234//141 3235//142 3236//143
f 3234//141 3236//143 3237//144
f 3235//142 3238//145 3239//146
f 3235//142 3239//146 3236//143
f 3238//145 3240//147 3241//148
f 3238//145 3241//148 3239//146
f 3240//147 3242//149 3243//150
f 3240//147 3243//150 3241//148
f 3242//149 3244//151 3245//152
f 3242//149 3245//152 3243//150
f 3244//151 3246//153 3247//154
f 3244//151 3247//154 3245//152
f 3246//153 3248//155 3249//156
f 3246//153 3249//156 3247//154
f 3248//155 3250//157 3251//158
f 3248//155 3251//158 3249//156
f 3250//157 3252//159 3253//160
f 3250//157 3253//160 3251//158
f 3252//159 3254//161 3255//162
f 3252//159 3255//162 3253//160
f 3254//161 3256//163 3257//164
f 3254//161 3257//164 3255//162
f 3256//163 3258//165 3259//166
f 3256//163 3259//166 3257//164
f 3258//165 3260//167 3261//168
f 3258//165 3261//168 3259//166
f 3260//167 3262//169 3263//170
f 3260//167 3263//170 3261//168
f 3262//169 3264//171 3265//172
f 3262//169 3265//172 3263//170
f 3264//171 3234//141 3237//144
f 3264//171 3237//144 3265//172
f 3245//124 3212//124 3210//124
f 3245//124 3210//124 3243//124
f 3247//124 3214//124 3212//124
f 3247//124 3212//124 3245//124
f 3249//124 3216//124 3214//124
f 3249//124 3214//124 3247//124
f 3251//124 3218//124 3216//124
f 3251//124 3216//124 3249//124
f 3253//124 3220//124 3218//124
f 3253//124 3218//124 3251//124
f 3255//124 3222//124 3220//124
f 3255//124 3220//124 3253//124
f 3257//124 3224//124 3222//124
f 3257//124 3222//124 3255//124
f 3259//124 3226//124 3224//124
f 3259//124 3224//124 3257//124
f 3261//124 3228//124 3226//124
f 3261//124 3226//124 3259//124
f 3263//124 3230//124 3228//124
f 3263//124 3228//124 3261//124
f 3265//124 3232//124 3230//124
f 3265//124 3230//124 3263//124
f 3237//124 3205//124 3232//124
f 3237//124 3232//124 3265//124
f 3236//124 3202//124 3205//124
f 3236//124 3205//124 3237//124
f 3239//124 3206//124 3202//124
f 3239//124 3202//124 3236//124
f 3241//124 3208//124 3206//124
f 3241//124 3206//124 3239//124
f 3243//124 3210//124 3208//124
f 3243//124 3208//124 3241//124
