# Botball Lab: metres, +Y up, centred XZ, base Y=0
s off
v -0.0027818 0.0080000 0.0287819
v -0.0030558 0.0080000 0.0301596
v -0.0030558 0.0000000 0.0301596
v -0.0027818 0.0000000 0.0287819
v -0.0038362 0.0080000 0.0313275
v -0.0038362 0.0000000 0.0313275
v -0.0050041 0.0080000 0.0321079
v -0.0050041 0.0000000 0.0321079
v -0.0063818 0.0080000 0.0323819
v -0.0063818 0.0000000 0.0323819
v -0.0077595 0.0080000 0.0321079
v -0.0077595 0.0000000 0.0321079
v -0.0089274 0.0080000 0.0313275
v -0.0089274 0.0000000 0.0313275
v -0.0097078 0.0080000 0.0301596
v -0.0097078 0.0000000 0.0301596
v -0.0099818 0.0080000 0.0287819
v -0.0099818 0.0000000 0.0287819
v -0.0041645 0.0080000 0.0278635
v -0.0046847 0.0080000 0.0270848
v -0.0054634 0.0080000 0.0265646
v -0.0073002 0.0080000 0.0265646
v -0.0080789 0.0080000 0.0270848
v -0.0085991 0.0080000 0.0278635
v -0.0085991 0.0080000 0.0297003
v -0.0080789 0.0080000 0.0304790
v -0.0073002 0.0080000 0.0309992
v -0.0054634 0.0080000 0.0309992
v -0.0046847 0.0080000 0.0304790
v -0.0041645 0.0080000 0.0297003
v -0.0053818 0.0080000 0.0277819
v -0.0047818 0.0080000 0.0279819
v -0.0041409 0.0080000 0.0279819
v -0.0055818 0.0080000 0.0271819
v -0.0055818 0.0080000 0.0265410
v -0.0073818 0.0080000 0.0277819
v -0.0071818 0.0080000 0.0271819
v -0.0071818 0.0080000 0.0265410
v -0.0086227 0.0080000 0.0279819
v -0.0079818 0.0080000 0.0279819
v -0.0079818 0.0080000 0.0295819
v -0.0086227 0.0080000 0.0295819
v -0.0073818 0.0080000 0.0297819
v -0.0071818 0.0080000 0.0310228
v -0.0071818 0.0080000 0.0303819
v -0.0053818 0.0080000 0.0297819
v -0.0055818 0.0080000 0.0310228
v -0.0055818 0.0080000 0.0303819
v -0.0047818 0.0080000 0.0295819
v -0.0041409 0.0080000 0.0295819
v -0.0041645 0.0000000 0.0297003
v -0.0046847 0.0000000 0.0304790
v -0.0054634 0.0000000 0.0309992
v -0.0073002 0.0000000 0.0309992
v -0.0080789 0.0000000 0.0304790
v -0.0085991 0.0000000 0.0297003
v -0.0085991 0.0000000 0.0278635
v -0.0080789 0.0000000 0.0270848
v -0.0073002 0.0000000 0.0265646
v -0.0054634 0.0000000 0.0265646
v -0.0046847 0.0000000 0.0270848
v -0.0041645 0.0000000 0.0278635
v -0.0053818 0.0000000 0.0297819
v -0.0047818 0.0000000 0.0295819
v -0.0041409 0.0000000 0.0295819
v -0.0055818 0.0000000 0.0303819
v -0.0055818 0.0000000 0.0310228
v -0.0073818 0.0000000 0.0297819
v -0.0071818 0.0000000 0.0303819
v -0.0071818 0.0000000 0.0310228
v -0.0086227 0.0000000 0.0295819
v -0.0079818 0.0000000 0.0295819
v -0.0079818 0.0000000 0.0279819
v -0.0086227 0.0000000 0.0279819
v -0.0073818 0.0000000 0.0277819
v -0.0071818 0.0000000 0.0265410
v -0.0071818 0.0000000 0.0271819
v -0.0053818 0.0000000 0.0277819
v -0.0055818 0.0000000 0.0265410
v -0.0055818 0.0000000 0.0271819
v -0.0047818 0.0000000 0.0279819
v -0.0041409 0.0000000 0.0279819
v -0.0039818 0.0000000 0.0287819
v -0.0039818 0.0080000 0.0287819
v -0.0087818 0.0080000 0.0287819
v -0.0087818 0.0000000 0.0287819
v -0.0063818 0.0080000 0.0311819
v -0.0063818 0.0000000 0.0311819
v -0.0085992 0.0080000 0.0297004
v -0.0080788 0.0080000 0.0304789
v -0.0073003 0.0080000 0.0309993
v -0.0054633 0.0080000 0.0309993
v -0.0046848 0.0080000 0.0304789
v -0.0041644 0.0080000 0.0297004
v -0.0085992 0.0000000 0.0297004
v -0.0080788 0.0000000 0.0304789
v -0.0073003 0.0000000 0.0309993
v -0.0054633 0.0000000 0.0309993
v -0.0046848 0.0000000 0.0304789
v -0.0041644 0.0000000 0.0297004
v -0.0038362 0.0000000 0.0241690
v -0.0038362 0.0080000 0.0241690
v -0.0039000 0.0080000 0.0239288
v -0.0039000 0.0000000 0.0239288
v -0.0041097 0.0080000 0.0237899
v -0.0041097 0.0000000 0.0237899
v -0.0043425 0.0080000 0.0238338
v -0.0043425 0.0000000 0.0238338
v -0.0050041 0.0080000 0.0241080
v -0.0038362 0.0080000 0.0233275
v -0.0038362 0.0000000 0.0233275
v -0.0050041 0.0000000 0.0241080
v -0.0050041 0.0000000 0.0241079
v -0.0050041 0.0080000 0.0241079
v -0.0063818 0.0080000 0.0243819
v -0.0063818 0.0000000 0.0243819
v -0.0077595 0.0080000 0.0241079
v -0.0077595 0.0000000 0.0241079
v -0.0088636 0.0080000 0.0239288
v -0.0089274 0.0080000 0.0241690
v -0.0089274 0.0000000 0.0241690
v -0.0088636 0.0000000 0.0239288
v -0.0086539 0.0080000 0.0237899
v -0.0086539 0.0000000 0.0237899
v -0.0084211 0.0080000 0.0238338
v -0.0084211 0.0000000 0.0238338
v -0.0089274 0.0080000 0.0233275
v -0.0077595 0.0080000 0.0241080
v -0.0077595 0.0000000 0.0241080
v -0.0089274 0.0000000 0.0233275
v -0.0038362 0.0000000 0.0253947
v -0.0038362 0.0080000 0.0253947
v -0.0089274 0.0080000 0.0253947
v -0.0089274 0.0000000 0.0253947
v -0.0039000 0.0080000 0.0256350
v -0.0039000 0.0000000 0.0256350
v -0.0041097 0.0080000 0.0257739
v -0.0041097 0.0000000 0.0257739
v -0.0043425 0.0080000 0.0257300
v -0.0043425 0.0000000 0.0257300
v -0.0038362 0.0080000 0.0262363
v -0.0038362 0.0000000 0.0262363
v -0.0039818 0.0080000 0.0265645
v -0.0041644 0.0080000 0.0278634
v -0.0046848 0.0080000 0.0270849
v -0.0054633 0.0080000 0.0265645
v -0.0030558 0.0080000 0.0274042
v -0.0050041 0.0080000 0.0254558
v -0.0088636 0.0080000 0.0256350
v -0.0088636 0.0000000 0.0256350
v -0.0086539 0.0080000 0.0257739
v -0.0086539 0.0000000 0.0257739
v -0.0084211 0.0080000 0.0257300
v -0.0084211 0.0000000 0.0257300
v -0.0089274 0.0080000 0.0262363
v -0.0089274 0.0000000 0.0262363
v -0.0041644 0.0000000 0.0278634
v -0.0039818 0.0000000 0.0265645
v -0.0046848 0.0000000 0.0270849
v -0.0054633 0.0000000 0.0265645
v -0.0030558 0.0000000 0.0274042
v -0.0050041 0.0000000 0.0254558
v -0.0085992 0.0080000 0.0278634
v -0.0087818 0.0080000 0.0265645
v -0.0080788 0.0080000 0.0270849
v -0.0073003 0.0080000 0.0265645
v -0.0097078 0.0080000 0.0274042
v -0.0077595 0.0080000 0.0254559
v -0.0087818 0.0000000 0.0265645
v -0.0085992 0.0000000 0.0278634
v -0.0080788 0.0000000 0.0270849
v -0.0073003 0.0000000 0.0265645
v -0.0097078 0.0000000 0.0274042
v -0.0077595 0.0000000 0.0254559
v -0.0071818 0.0000000 0.0253407
v -0.0071818 0.0080000 0.0253407
v -0.0055818 0.0080000 0.0253407
v -0.0055818 0.0000000 0.0253407
v -0.0027818 0.0080000 0.0251819
v -0.0027818 0.0080000 0.0243819
v -0.0027818 0.0080000 0.0207819
v -0.0030558 0.0080000 0.0221596
v -0.0097078 0.0080000 0.0221596
v -0.0099818 0.0080000 0.0207819
v -0.0099818 0.0080000 0.0243819
v -0.0099818 0.0080000 0.0251819
v -0.0027818 0.0000000 0.0251819
v -0.0030558 0.0000000 0.0221596
v -0.0027818 0.0000000 0.0207819
v -0.0027818 0.0000000 0.0243819
v -0.0099818 0.0000000 0.0243819
v -0.0099818 0.0000000 0.0207819
v -0.0097078 0.0000000 0.0221596
v -0.0099818 0.0000000 0.0251819
v -0.0030558 0.0080000 0.0194042
v -0.0034253 0.0080000 0.0195573
v -0.0031818 0.0080000 0.0207819
v -0.0038362 0.0080000 0.0182363
v -0.0041191 0.0080000 0.0185192
v -0.0050041 0.0080000 0.0174559
v -0.0051572 0.0080000 0.0178254
v -0.0063818 0.0080000 0.0171819
v -0.0063818 0.0080000 0.0175819
v -0.0077595 0.0080000 0.0174559
v -0.0076064 0.0080000 0.0178254
v -0.0089274 0.0080000 0.0182363
v -0.0086445 0.0080000 0.0185192
v -0.0097078 0.0080000 0.0194042
v -0.0093383 0.0080000 0.0195573
v -0.0095818 0.0080000 0.0207819
v -0.0093383 0.0080000 0.0220065
v -0.0086445 0.0080000 0.0230446
v -0.0076064 0.0080000 0.0237384
v -0.0063818 0.0080000 0.0239819
v -0.0051572 0.0080000 0.0237384
v -0.0041191 0.0080000 0.0230446
v -0.0034253 0.0080000 0.0220065
v -0.0050041 0.0048000 0.0161079
v -0.0050041 0.0080000 0.0161079
v -0.0063818 0.0080000 0.0163819
v -0.0063818 0.0048000 0.0163819
v -0.0038362 0.0048000 0.0167819
v -0.0038362 0.0080000 0.0167819
v -0.0038362 0.0080000 0.0161690
v -0.0038362 0.0048000 0.0161690
v -0.0039000 0.0080000 0.0159288
v -0.0039000 0.0048000 0.0159288
v -0.0041097 0.0080000 0.0157899
v -0.0041097 0.0048000 0.0157899
v -0.0043425 0.0080000 0.0158338
v -0.0043425 0.0048000 0.0158338
v -0.0050041 0.0080000 0.0161080
v -0.0038362 0.0080000 0.0153275
v -0.0038362 0.0080000 0.0161691
v -0.0077595 0.0080000 0.0161079
v -0.0077595 0.0048000 0.0161079
v -0.0089274 0.0080000 0.0161690
v -0.0089274 0.0080000 0.0167819
v -0.0089274 0.0048000 0.0167819
v -0.0089274 0.0048000 0.0161690
v -0.0089274 0.0048000 0.0161691
v -0.0084211 0.0048000 0.0158338
v -0.0088636 0.0080000 0.0159288
v -0.0088636 0.0048000 0.0159288
v -0.0086539 0.0080000 0.0157899
v -0.0086539 0.0048000 0.0157899
v -0.0084211 0.0080000 0.0158338
v -0.0089274 0.0080000 0.0153275
v -0.0077595 0.0080000 0.0161080
v -0.0089274 0.0080000 0.0161691
v -0.0038362 0.0048000 0.0161691
v -0.0027818 0.0080000 0.0163819
v -0.0027818 0.0080000 0.0127819
v -0.0030558 0.0080000 0.0141596
v -0.0097078 0.0080000 0.0141596
v -0.0099818 0.0080000 0.0127819
v -0.0099818 0.0080000 0.0163819
v -0.0027818 0.0080000 0.0167819
v -0.0099818 0.0080000 0.0167819
v -0.0050041 0.0048000 0.0174559
v -0.0063818 0.0048000 0.0171819
v -0.0038362 0.0080000 0.0173947
v -0.0038362 0.0048000 0.0173947
v -0.0039000 0.0080000 0.0176350
v -0.0039000 0.0048000 0.0176350
v -0.0041097 0.0080000 0.0177739
v -0.0041097 0.0048000 0.0177739
v -0.0043425 0.0080000 0.0177300
v -0.0043425 0.0048000 0.0177300
v -0.0050041 0.0080000 0.0174558
v -0.0077595 0.0048000 0.0174559
v -0.0089274 0.0080000 0.0173947
v -0.0089274 0.0048000 0.0173947
v -0.0084211 0.0048000 0.0177300
v -0.0088636 0.0080000 0.0176350
v -0.0088636 0.0048000 0.0176350
v -0.0086539 0.0080000 0.0177739
v -0.0086539 0.0048000 0.0177739
v -0.0084211 0.0080000 0.0177300
v -0.0077595 0.0080000 0.0174558
v -0.0027818 0.0080000 0.0171819
v -0.0099818 0.0080000 0.0171819
v -0.0076064 0.0072000 0.0178254
v -0.0073003 0.0072000 0.0185645
v -0.0063818 0.0072000 0.0183819
v -0.0063818 0.0072000 0.0175819
v -0.0086445 0.0072000 0.0185192
v -0.0080788 0.0072000 0.0190849
v -0.0093383 0.0072000 0.0195573
v -0.0085992 0.0072000 0.0198634
v -0.0095818 0.0072000 0.0207819
v -0.0087818 0.0072000 0.0207819
v -0.0093383 0.0072000 0.0220065
v -0.0085992 0.0072000 0.0217004
v -0.0086445 0.0072000 0.0230446
v -0.0080788 0.0072000 0.0224789
v -0.0076064 0.0072000 0.0237384
v -0.0073003 0.0072000 0.0229993
v -0.0063818 0.0072000 0.0239819
v -0.0063818 0.0072000 0.0231819
v -0.0051572 0.0072000 0.0237384
v -0.0054633 0.0072000 0.0229993
v -0.0041191 0.0072000 0.0230446
v -0.0046848 0.0072000 0.0224789
v -0.0034253 0.0072000 0.0220065
v -0.0041644 0.0072000 0.0217004
v -0.0031818 0.0072000 0.0207819
v -0.0039818 0.0072000 0.0207819
v -0.0034253 0.0072000 0.0195573
v -0.0041644 0.0072000 0.0198634
v -0.0041191 0.0072000 0.0185192
v -0.0046848 0.0072000 0.0190849
v -0.0051572 0.0072000 0.0178254
v -0.0054633 0.0072000 0.0185645
v -0.0041644 0.0008000 0.0198634
v -0.0039818 0.0008000 0.0207819
v -0.0046848 0.0008000 0.0190849
v -0.0054633 0.0008000 0.0185645
v -0.0063818 0.0008000 0.0183819
v -0.0073003 0.0008000 0.0185645
v -0.0080788 0.0008000 0.0190849
v -0.0085992 0.0008000 0.0198634
v -0.0087818 0.0008000 0.0207819
v -0.0085992 0.0008000 0.0217004
v -0.0080788 0.0008000 0.0224789
v -0.0073003 0.0008000 0.0229993
v -0.0063818 0.0008000 0.0231819
v -0.0054633 0.0008000 0.0229993
v -0.0046848 0.0008000 0.0224789
v -0.0041644 0.0008000 0.0217004
v -0.0076064 0.0008000 0.0178254
v -0.0063818 0.0008000 0.0175819
v -0.0086445 0.0008000 0.0185192
v -0.0093383 0.0008000 0.0195573
v -0.0095818 0.0008000 0.0207819
v -0.0093383 0.0008000 0.0220065
v -0.0086445 0.0008000 0.0230446
v -0.0076064 0.0008000 0.0237384
v -0.0063818 0.0008000 0.0239819
v -0.0051572 0.0008000 0.0237384
v -0.0041191 0.0008000 0.0230446
v -0.0034253 0.0008000 0.0220065
v -0.0031818 0.0008000 0.0207819
v -0.0034253 0.0008000 0.0195573
v -0.0041191 0.0008000 0.0185192
v -0.0051572 0.0008000 0.0178254
v -0.0034253 0.0000000 0.0195573
v -0.0031818 0.0000000 0.0207819
v -0.0041191 0.0000000 0.0185192
v -0.0051572 0.0000000 0.0178254
v -0.0063818 0.0000000 0.0175819
v -0.0076064 0.0000000 0.0178254
v -0.0086445 0.0000000 0.0185192
v -0.0093383 0.0000000 0.0195573
v -0.0095818 0.0000000 0.0207819
v -0.0093383 0.0000000 0.0220065
v -0.0086445 0.0000000 0.0230446
v -0.0076064 0.0000000 0.0237384
v -0.0063818 0.0000000 0.0239819
v -0.0051572 0.0000000 0.0237384
v -0.0041191 0.0000000 0.0230446
v -0.0034253 0.0000000 0.0220065
v -0.0063818 0.0000000 0.0163819
v -0.0050041 0.0000000 0.0161079
v -0.0050041 0.0032000 0.0161079
v -0.0063818 0.0032000 0.0163819
v -0.0038362 0.0000000 0.0161690
v -0.0038362 0.0000000 0.0167819
v -0.0038362 0.0032000 0.0167819
v -0.0038362 0.0032000 0.0161690
v -0.0039000 0.0000000 0.0159288
v -0.0039000 0.0032000 0.0159288
v -0.0041097 0.0000000 0.0157899
v -0.0041097 0.0032000 0.0157899
v -0.0043425 0.0000000 0.0158338
v -0.0043425 0.0032000 0.0158338
v -0.0038362 0.0000000 0.0153275
v -0.0050041 0.0000000 0.0161080
v -0.0038362 0.0000000 0.0161691
v -0.0077595 0.0032000 0.0161079
v -0.0077595 0.0000000 0.0161079
v -0.0089274 0.0032000 0.0167819
v -0.0089274 0.0000000 0.0167819
v -0.0089274 0.0000000 0.0161690
v -0.0089274 0.0032000 0.0161690
v -0.0089274 0.0032000 0.0161691
v -0.0084211 0.0032000 0.0158338
v -0.0088636 0.0000000 0.0159288
v -0.0088636 0.0032000 0.0159288
v -0.0086539 0.0000000 0.0157899
v -0.0086539 0.0032000 0.0157899
v -0.0084211 0.0000000 0.0158338
v -0.0077595 0.0000000 0.0161080
v -0.0089274 0.0000000 0.0153275
v -0.0089274 0.0000000 0.0161691
v -0.0038362 0.0032000 0.0161691
v -0.0030558 0.0000000 0.0141596
v -0.0027818 0.0000000 0.0127819
v -0.0027818 0.0000000 0.0163819
v -0.0099818 0.0000000 0.0163819
v -0.0099818 0.0000000 0.0127819
v -0.0097078 0.0000000 0.0141596
v -0.0027818 0.0000000 0.0167819
v -0.0099818 0.0000000 0.0167819
v -0.0050041 0.0032000 0.0174559
v -0.0050041 0.0000000 0.0174559
v -0.0063818 0.0000000 0.0171819
v -0.0063818 0.0032000 0.0171819
v -0.0038362 0.0000000 0.0173947
v -0.0038362 0.0032000 0.0173947
v -0.0039000 0.0000000 0.0176350
v -0.0039000 0.0032000 0.0176350
v -0.0041097 0.0000000 0.0177739
v -0.0041097 0.0032000 0.0177739
v -0.0043425 0.0000000 0.0177300
v -0.0043425 0.0032000 0.0177300
v -0.0050041 0.0000000 0.0174558
v -0.0038362 0.0000000 0.0182363
v -0.0077595 0.0000000 0.0174559
v -0.0077595 0.0032000 0.0174559
v -0.0089274 0.0000000 0.0173947
v -0.0089274 0.0032000 0.0173947
v -0.0084211 0.0032000 0.0177300
v -0.0088636 0.0000000 0.0176350
v -0.0088636 0.0032000 0.0176350
v -0.0086539 0.0000000 0.0177739
v -0.0086539 0.0032000 0.0177739
v -0.0084211 0.0000000 0.0177300
v -0.0089274 0.0000000 0.0182363
v -0.0077595 0.0000000 0.0174558
v -0.0027818 0.0000000 0.0171819
v -0.0030558 0.0000000 0.0194042
v -0.0097078 0.0000000 0.0194042
v -0.0099818 0.0000000 0.0171819
v -0.0030558 0.0080000 0.0114042
v -0.0034253 0.0080000 0.0115573
v -0.0031818 0.0080000 0.0127819
v -0.0038362 0.0080000 0.0102363
v -0.0041191 0.0080000 0.0105192
v -0.0050041 0.0080000 0.0094559
v -0.0051572 0.0080000 0.0098254
v -0.0063818 0.0080000 0.0091819
v -0.0063818 0.0080000 0.0095819
v -0.0077595 0.0080000 0.0094559
v -0.0076064 0.0080000 0.0098254
v -0.0089274 0.0080000 0.0102363
v -0.0086445 0.0080000 0.0105192
v -0.0097078 0.0080000 0.0114042
v -0.0093383 0.0080000 0.0115573
v -0.0095818 0.0080000 0.0127819
v -0.0093383 0.0080000 0.0140065
v -0.0086445 0.0080000 0.0150446
v -0.0076064 0.0080000 0.0157384
v -0.0063818 0.0080000 0.0159819
v -0.0051572 0.0080000 0.0157384
v -0.0041191 0.0080000 0.0150446
v -0.0034253 0.0080000 0.0140065
v -0.0050041 0.0048000 0.0081079
v -0.0050041 0.0080000 0.0081079
v -0.0063818 0.0080000 0.0083819
v -0.0063818 0.0048000 0.0083819
v -0.0038362 0.0048000 0.0087819
v -0.0038362 0.0080000 0.0087819
v -0.0038362 0.0080000 0.0081690
v -0.0038362 0.0048000 0.0081690
v -0.0039000 0.0080000 0.0079288
v -0.0039000 0.0048000 0.0079288
v -0.0041097 0.0080000 0.0077899
v -0.0041097 0.0048000 0.0077899
v -0.0043425 0.0080000 0.0078338
v -0.0043425 0.0048000 0.0078338
v -0.0050041 0.0080000 0.0081080
v -0.0038362 0.0080000 0.0073275
v -0.0038362 0.0080000 0.0081691
v -0.0077595 0.0080000 0.0081079
v -0.0077595 0.0048000 0.0081079
v -0.0089274 0.0080000 0.0081690
v -0.0089274 0.0080000 0.0087819
v -0.0089274 0.0048000 0.0087819
v -0.0089274 0.0048000 0.0081690
v -0.0089274 0.0048000 0.0081691
v -0.0084211 0.0048000 0.0078338
v -0.0088636 0.0080000 0.0079288
v -0.0088636 0.0048000 0.0079288
v -0.0086539 0.0080000 0.0077899
v -0.0086539 0.0048000 0.0077899
v -0.0084211 0.0080000 0.0078338
v -0.0089274 0.0080000 0.0073275
v -0.0077595 0.0080000 0.0081080
v -0.0089274 0.0080000 0.0081691
v -0.0038362 0.0048000 0.0081691
v -0.0027818 0.0080000 0.0083819
v -0.0027818 0.0080000 0.0047819
v -0.0030558 0.0080000 0.0061596
v -0.0097078 0.0080000 0.0061596
v -0.0099818 0.0080000 0.0047819
v -0.0099818 0.0080000 0.0083819
v -0.0027818 0.0080000 0.0087819
v -0.0099818 0.0080000 0.0087819
v -0.0050041 0.0048000 0.0094559
v -0.0063818 0.0048000 0.0091819
v -0.0038362 0.0080000 0.0093947
v -0.0038362 0.0048000 0.0093947
v -0.0039000 0.0080000 0.0096350
v -0.0039000 0.0048000 0.0096350
v -0.0041097 0.0080000 0.0097739
v -0.0041097 0.0048000 0.0097739
v -0.0043425 0.0080000 0.0097300
v -0.0043425 0.0048000 0.0097300
v -0.0050041 0.0080000 0.0094558
v -0.0077595 0.0048000 0.0094559
v -0.0089274 0.0080000 0.0093947
v -0.0089274 0.0048000 0.0093947
v -0.0084211 0.0048000 0.0097300
v -0.0088636 0.0080000 0.0096350
v -0.0088636 0.0048000 0.0096350
v -0.0086539 0.0080000 0.0097739
v -0.0086539 0.0048000 0.0097739
v -0.0084211 0.0080000 0.0097300
v -0.0077595 0.0080000 0.0094558
v -0.0027818 0.0080000 0.0091819
v -0.0099818 0.0080000 0.0091819
v -0.0076064 0.0072000 0.0098254
v -0.0073003 0.0072000 0.0105645
v -0.0063818 0.0072000 0.0103819
v -0.0063818 0.0072000 0.0095819
v -0.0086445 0.0072000 0.0105192
v -0.0080788 0.0072000 0.0110849
v -0.0093383 0.0072000 0.0115573
v -0.0085992 0.0072000 0.0118634
v -0.0095818 0.0072000 0.0127819
v -0.0087818 0.0072000 0.0127819
v -0.0093383 0.0072000 0.0140065
v -0.0085992 0.0072000 0.0137004
v -0.0086445 0.0072000 0.0150446
v -0.0080788 0.0072000 0.0144789
v -0.0076064 0.0072000 0.0157384
v -0.0073003 0.0072000 0.0149993
v -0.0063818 0.0072000 0.0159819
v -0.0063818 0.0072000 0.0151819
v -0.0051572 0.0072000 0.0157384
v -0.0054633 0.0072000 0.0149993
v -0.0041191 0.0072000 0.0150446
v -0.0046848 0.0072000 0.0144789
v -0.0034253 0.0072000 0.0140065
v -0.0041644 0.0072000 0.0137004
v -0.0031818 0.0072000 0.0127819
v -0.0039818 0.0072000 0.0127819
v -0.0034253 0.0072000 0.0115573
v -0.0041644 0.0072000 0.0118634
v -0.0041191 0.0072000 0.0105192
v -0.0046848 0.0072000 0.0110849
v -0.0051572 0.0072000 0.0098254
v -0.0054633 0.0072000 0.0105645
v -0.0041644 0.0008000 0.0118634
v -0.0039818 0.0008000 0.0127819
v -0.0046848 0.0008000 0.0110849
v -0.0054633 0.0008000 0.0105645
v -0.0063818 0.0008000 0.0103819
v -0.0073003 0.0008000 0.0105645
v -0.0080788 0.0008000 0.0110849
v -0.0085992 0.0008000 0.0118634
v -0.0087818 0.0008000 0.0127819
v -0.0085992 0.0008000 0.0137004
v -0.0080788 0.0008000 0.0144789
v -0.0073003 0.0008000 0.0149993
v -0.0063818 0.0008000 0.0151819
v -0.0054633 0.0008000 0.0149993
v -0.0046848 0.0008000 0.0144789
v -0.0041644 0.0008000 0.0137004
v -0.0076064 0.0008000 0.0098254
v -0.0063818 0.0008000 0.0095819
v -0.0086445 0.0008000 0.0105192
v -0.0093383 0.0008000 0.0115573
v -0.0095818 0.0008000 0.0127819
v -0.0093383 0.0008000 0.0140065
v -0.0086445 0.0008000 0.0150446
v -0.0076064 0.0008000 0.0157384
v -0.0063818 0.0008000 0.0159819
v -0.0051572 0.0008000 0.0157384
v -0.0041191 0.0008000 0.0150446
v -0.0034253 0.0008000 0.0140065
v -0.0031818 0.0008000 0.0127819
v -0.0034253 0.0008000 0.0115573
v -0.0041191 0.0008000 0.0105192
v -0.0051572 0.0008000 0.0098254
v -0.0034253 0.0000000 0.0115573
v -0.0031818 0.0000000 0.0127819
v -0.0041191 0.0000000 0.0105192
v -0.0051572 0.0000000 0.0098254
v -0.0063818 0.0000000 0.0095819
v -0.0076064 0.0000000 0.0098254
v -0.0086445 0.0000000 0.0105192
v -0.0093383 0.0000000 0.0115573
v -0.0095818 0.0000000 0.0127819
v -0.0093383 0.0000000 0.0140065
v -0.0086445 0.0000000 0.0150446
v -0.0076064 0.0000000 0.0157384
v -0.0063818 0.0000000 0.0159819
v -0.0051572 0.0000000 0.0157384
v -0.0041191 0.0000000 0.0150446
v -0.0034253 0.0000000 0.0140065
v -0.0063818 0.0000000 0.0083819
v -0.0050041 0.0000000 0.0081079
v -0.0050041 0.0032000 0.0081079
v -0.0063818 0.0032000 0.0083819
v -0.0038362 0.0000000 0.0081690
v -0.0038362 0.0000000 0.0087819
v -0.0038362 0.0032000 0.0087819
v -0.0038362 0.0032000 0.0081690
v -0.0039000 0.0000000 0.0079288
v -0.0039000 0.0032000 0.0079288
v -0.0041097 0.0000000 0.0077899
v -0.0041097 0.0032000 0.0077899
v -0.0043425 0.0000000 0.0078338
v -0.0043425 0.0032000 0.0078338
v -0.0038362 0.0000000 0.0073275
v -0.0050041 0.0000000 0.0081080
v -0.0038362 0.0000000 0.0081691
v -0.0077595 0.0032000 0.0081079
v -0.0077595 0.0000000 0.0081079
v -0.0089274 0.0032000 0.0087819
v -0.0089274 0.0000000 0.0087819
v -0.0089274 0.0000000 0.0081690
v -0.0089274 0.0032000 0.0081690
v -0.0089274 0.0032000 0.0081691
v -0.0084211 0.0032000 0.0078338
v -0.0088636 0.0000000 0.0079288
v -0.0088636 0.0032000 0.0079288
v -0.0086539 0.0000000 0.0077899
v -0.0086539 0.0032000 0.0077899
v -0.0084211 0.0000000 0.0078338
v -0.0077595 0.0000000 0.0081080
v -0.0089274 0.0000000 0.0073275
v -0.0089274 0.0000000 0.0081691
v -0.0038362 0.0032000 0.0081691
v -0.0030558 0.0000000 0.0061596
v -0.0027818 0.0000000 0.0047819
v -0.0027818 0.0000000 0.0083819
v -0.0099818 0.0000000 0.0083819
v -0.0099818 0.0000000 0.0047819
v -0.0097078 0.0000000 0.0061596
v -0.0027818 0.0000000 0.0087819
v -0.0099818 0.0000000 0.0087819
v -0.0050041 0.0032000 0.0094559
v -0.0050041 0.0000000 0.0094559
v -0.0063818 0.0000000 0.0091819
v -0.0063818 0.0032000 0.0091819
v -0.0038362 0.0000000 0.0093947
v -0.0038362 0.0032000 0.0093947
v -0.0039000 0.0000000 0.0096350
v -0.0039000 0.0032000 0.0096350
v -0.0041097 0.0000000 0.0097739
v -0.0041097 0.0032000 0.0097739
v -0.0043425 0.0000000 0.0097300
v -0.0043425 0.0032000 0.0097300
v -0.0050041 0.0000000 0.0094558
v -0.0038362 0.0000000 0.0102363
v -0.0077595 0.0000000 0.0094559
v -0.0077595 0.0032000 0.0094559
v -0.0089274 0.0000000 0.0093947
v -0.0089274 0.0032000 0.0093947
v -0.0084211 0.0032000 0.0097300
v -0.0088636 0.0000000 0.0096350
v -0.0088636 0.0032000 0.0096350
v -0.0086539 0.0000000 0.0097739
v -0.0086539 0.0032000 0.0097739
v -0.0084211 0.0000000 0.0097300
v -0.0089274 0.0000000 0.0102363
v -0.0077595 0.0000000 0.0094558
v -0.0027818 0.0000000 0.0091819
v -0.0030558 0.0000000 0.0114042
v -0.0097078 0.0000000 0.0114042
v -0.0099818 0.0000000 0.0091819
v -0.0030558 0.0080000 0.0034042
v -0.0034253 0.0080000 0.0035573
v -0.0031818 0.0080000 0.0047819
v -0.0038362 0.0080000 0.0022363
v -0.0041191 0.0080000 0.0025192
v -0.0050041 0.0080000 0.0014559
v -0.0051572 0.0080000 0.0018254
v -0.0063818 0.0080000 0.0011819
v -0.0063818 0.0080000 0.0015819
v -0.0077595 0.0080000 0.0014559
v -0.0076064 0.0080000 0.0018254
v -0.0089274 0.0080000 0.0022363
v -0.0086445 0.0080000 0.0025192
v -0.0097078 0.0080000 0.0034042
v -0.0093383 0.0080000 0.0035573
v -0.0095818 0.0080000 0.0047819
v -0.0093383 0.0080000 0.0060065
v -0.0086445 0.0080000 0.0070446
v -0.0076064 0.0080000 0.0077384
v -0.0063818 0.0080000 0.0079819
v -0.0051572 0.0080000 0.0077384
v -0.0041191 0.0080000 0.0070446
v -0.0034253 0.0080000 0.0060065
v -0.0050041 0.0048000 0.0001079
v -0.0050041 0.0080000 0.0001079
v -0.0063818 0.0080000 0.0003819
v -0.0063818 0.0048000 0.0003819
v -0.0038362 0.0048000 0.0007819
v -0.0038362 0.0080000 0.0007819
v -0.0038362 0.0080000 0.0001690
v -0.0038362 0.0048000 0.0001690
v -0.0039000 0.0080000 -0.0000712
v -0.0039000 0.0048000 -0.0000712
v -0.0041097 0.0080000 -0.0002101
v -0.0041097 0.0048000 -0.0002101
v -0.0043425 0.0080000 -0.0001662
v -0.0043425 0.0048000 -0.0001662
v -0.0050041 0.0080000 0.0001080
v -0.0038362 0.0080000 -0.0006725
v -0.0038362 0.0080000 0.0001691
v -0.0077595 0.0080000 0.0001079
v -0.0077595 0.0048000 0.0001079
v -0.0089274 0.0080000 0.0001690
v -0.0089274 0.0080000 0.0007819
v -0.0089274 0.0048000 0.0007819
v -0.0089274 0.0048000 0.0001690
v -0.0089274 0.0048000 0.0001691
v -0.0084211 0.0048000 -0.0001662
v -0.0088636 0.0080000 -0.0000712
v -0.0088636 0.0048000 -0.0000712
v -0.0086539 0.0080000 -0.0002101
v -0.0086539 0.0048000 -0.0002101
v -0.0084211 0.0080000 -0.0001662
v -0.0089274 0.0080000 -0.0006725
v -0.0077595 0.0080000 0.0001080
v -0.0089274 0.0080000 0.0001691
v -0.0038362 0.0048000 0.0001691
v -0.0027818 0.0080000 0.0003819
v -0.0027818 0.0080000 -0.0032181
v -0.0030558 0.0080000 -0.0018404
v -0.0097078 0.0080000 -0.0018404
v -0.0099818 0.0080000 -0.0032181
v -0.0099818 0.0080000 0.0003819
v -0.0027818 0.0080000 0.0007819
v -0.0099818 0.0080000 0.0007819
v -0.0050041 0.0048000 0.0014559
v -0.0063818 0.0048000 0.0011819
v -0.0038362 0.0080000 0.0013947
v -0.0038362 0.0048000 0.0013947
v -0.0039000 0.0080000 0.0016350
v -0.0039000 0.0048000 0.0016350
v -0.0041097 0.0080000 0.0017739
v -0.0041097 0.0048000 0.0017739
v -0.0043425 0.0080000 0.0017300
v -0.0043425 0.0048000 0.0017300
v -0.0050041 0.0080000 0.0014558
v -0.0077595 0.0048000 0.0014559
v -0.0089274 0.0080000 0.0013947
v -0.0089274 0.0048000 0.0013947
v -0.0084211 0.0048000 0.0017300
v -0.0088636 0.0080000 0.0016350
v -0.0088636 0.0048000 0.0016350
v -0.0086539 0.0080000 0.0017739
v -0.0086539 0.0048000 0.0017739
v -0.0084211 0.0080000 0.0017300
v -0.0077595 0.0080000 0.0014558
v -0.0027818 0.0080000 0.0011819
v -0.0099818 0.0080000 0.0011819
v -0.0076064 0.0072000 0.0018254
v -0.0073003 0.0072000 0.0025645
v -0.0063818 0.0072000 0.0023819
v -0.0063818 0.0072000 0.0015819
v -0.0086445 0.0072000 0.0025192
v -0.0080788 0.0072000 0.0030849
v -0.0093383 0.0072000 0.0035573
v -0.0085992 0.0072000 0.0038634
v -0.0095818 0.0072000 0.0047819
v -0.0087818 0.0072000 0.0047819
v -0.0093383 0.0072000 0.0060065
v -0.0085992 0.0072000 0.0057004
v -0.0086445 0.0072000 0.0070446
v -0.0080788 0.0072000 0.0064789
v -0.0076064 0.0072000 0.0077384
v -0.0073003 0.0072000 0.0069993
v -0.0063818 0.0072000 0.0079819
v -0.0063818 0.0072000 0.0071819
v -0.0051572 0.0072000 0.0077384
v -0.0054633 0.0072000 0.0069993
v -0.0041191 0.0072000 0.0070446
v -0.0046848 0.0072000 0.0064789
v -0.0034253 0.0072000 0.0060065
v -0.0041644 0.0072000 0.0057004
v -0.0031818 0.0072000 0.0047819
v -0.0039818 0.0072000 0.0047819
v -0.0034253 0.0072000 0.0035573
v -0.0041644 0.0072000 0.0038634
v -0.0041191 0.0072000 0.0025192
v -0.0046848 0.0072000 0.0030849
v -0.0051572 0.0072000 0.0018254
v -0.0054633 0.0072000 0.0025645
v -0.0041644 0.0008000 0.0038634
v -0.0039818 0.0008000 0.0047819
v -0.0046848 0.0008000 0.0030849
v -0.0054633 0.0008000 0.0025645
v -0.0063818 0.0008000 0.0023819
v -0.0073003 0.0008000 0.0025645
v -0.0080788 0.0008000 0.0030849
v -0.0085992 0.0008000 0.0038634
v -0.0087818 0.0008000 0.0047819
v -0.0085992 0.0008000 0.0057004
v -0.0080788 0.0008000 0.0064789
v -0.0073003 0.0008000 0.0069993
v -0.0063818 0.0008000 0.0071819
v -0.0054633 0.0008000 0.0069993
v -0.0046848 0.0008000 0.0064789
v -0.0041644 0.0008000 0.0057004
v -0.0076064 0.0008000 0.0018254
v -0.0063818 0.0008000 0.0015819
v -0.0086445 0.0008000 0.0025192
v -0.0093383 0.0008000 0.0035573
v -0.0095818 0.0008000 0.0047819
v -0.0093383 0.0008000 0.0060065
v -0.0086445 0.0008000 0.0070446
v -0.0076064 0.0008000 0.0077384
v -0.0063818 0.0008000 0.0079819
v -0.0051572 0.0008000 0.0077384
v -0.0041191 0.0008000 0.0070446
v -0.0034253 0.0008000 0.0060065
v -0.0031818 0.0008000 0.0047819
v -0.0034253 0.0008000 0.0035573
v -0.0041191 0.0008000 0.0025192
v -0.0051572 0.0008000 0.0018254
v -0.0034253 0.0000000 0.0035573
v -0.0031818 0.0000000 0.0047819
v -0.0041191 0.0000000 0.0025192
v -0.0051572 0.0000000 0.0018254
v -0.0063818 0.0000000 0.0015819
v -0.0076064 0.0000000 0.0018254
v -0.0086445 0.0000000 0.0025192
v -0.0093383 0.0000000 0.0035573
v -0.0095818 0.0000000 0.0047819
v -0.0093383 0.0000000 0.0060065
v -0.0086445 0.0000000 0.0070446
v -0.0076064 0.0000000 0.0077384
v -0.0063818 0.0000000 0.0079819
v -0.0051572 0.0000000 0.0077384
v -0.0041191 0.0000000 0.0070446
v -0.0034253 0.0000000 0.0060065
v -0.0063818 0.0000000 0.0003819
v -0.0050041 0.0000000 0.0001079
v -0.0050041 0.0032000 0.0001079
v -0.0063818 0.0032000 0.0003819
v -0.0038362 0.0000000 0.0001690
v -0.0038362 0.0000000 0.0007819
v -0.0038362 0.0032000 0.0007819
v -0.0038362 0.0032000 0.0001690
v -0.0039000 0.0000000 -0.0000712
v -0.0039000 0.0032000 -0.0000712
v -0.0041097 0.0000000 -0.0002101
v -0.0041097 0.0032000 -0.0002101
v -0.0043425 0.0000000 -0.0001662
v -0.0043425 0.0032000 -0.0001662
v -0.0038362 0.0000000 -0.0006725
v -0.0050041 0.0000000 0.0001080
v -0.0038362 0.0000000 0.0001691
v -0.0077595 0.0032000 0.0001079
v -0.0077595 0.0000000 0.0001079
v -0.0089274 0.0032000 0.0007819
v -0.0089274 0.0000000 0.0007819
v -0.0089274 0.0000000 0.0001690
v -0.0089274 0.0032000 0.0001690
v -0.0089274 0.0032000 0.0001691
v -0.0084211 0.0032000 -0.0001662
v -0.0088636 0.0000000 -0.0000712
v -0.0088636 0.0032000 -0.0000712
v -0.0086539 0.0000000 -0.0002101
v -0.0086539 0.0032000 -0.0002101
v -0.0084211 0.0000000 -0.0001662
v -0.0077595 0.0000000 0.0001080
v -0.0089274 0.0000000 -0.0006725
v -0.0089274 0.0000000 0.0001691
v -0.0038362 0.0032000 0.0001691
v -0.0030558 0.0000000 -0.0018404
v -0.0027818 0.0000000 -0.0032181
v -0.0027818 0.0000000 0.0003819
v -0.0099818 0.0000000 0.0003819
v -0.0099818 0.0000000 -0.0032181
v -0.0097078 0.0000000 -0.0018404
v -0.0027818 0.0000000 0.0007819
v -0.0099818 0.0000000 0.0007819
v -0.0050041 0.0032000 0.0014559
v -0.0050041 0.0000000 0.0014559
v -0.0063818 0.0000000 0.0011819
v -0.0063818 0.0032000 0.0011819
v -0.0038362 0.0000000 0.0013947
v -0.0038362 0.0032000 0.0013947
v -0.0039000 0.0000000 0.0016350
v -0.0039000 0.0032000 0.0016350
v -0.0041097 0.0000000 0.0017739
v -0.0041097 0.0032000 0.0017739
v -0.0043425 0.0000000 0.0017300
v -0.0043425 0.0032000 0.0017300
v -0.0050041 0.0000000 0.0014558
v -0.0038362 0.0000000 0.0022363
v -0.0077595 0.0000000 0.0014559
v -0.0077595 0.0032000 0.0014559
v -0.0089274 0.0000000 0.0013947
v -0.0089274 0.0032000 0.0013947
v -0.0084211 0.0032000 0.0017300
v -0.0088636 0.0000000 0.0016350
v -0.0088636 0.0032000 0.0016350
v -0.0086539 0.0000000 0.0017739
v -0.0086539 0.0032000 0.0017739
v -0.0084211 0.0000000 0.0017300
v -0.0089274 0.0000000 0.0022363
v -0.0077595 0.0000000 0.0014558
v -0.0027818 0.0000000 0.0011819
v -0.0030558 0.0000000 0.0034042
v -0.0097078 0.0000000 0.0034042
v -0.0099818 0.0000000 0.0011819
v -0.0030558 0.0080000 -0.0045958
v -0.0034253 0.0080000 -0.0044427
v -0.0031818 0.0080000 -0.0032181
v -0.0038362 0.0080000 -0.0057637
v -0.0041191 0.0080000 -0.0054808
v -0.0050041 0.0080000 -0.0065441
v -0.0051572 0.0080000 -0.0061746
v -0.0063818 0.0080000 -0.0068181
v -0.0063818 0.0080000 -0.0064181
v -0.0077595 0.0080000 -0.0065441
v -0.0076064 0.0080000 -0.0061746
v -0.0089274 0.0080000 -0.0057637
v -0.0086445 0.0080000 -0.0054808
v -0.0097078 0.0080000 -0.0045958
v -0.0093383 0.0080000 -0.0044427
v -0.0095818 0.0080000 -0.0032181
v -0.0093383 0.0080000 -0.0019935
v -0.0086445 0.0080000 -0.0009554
v -0.0076064 0.0080000 -0.0002616
v -0.0063818 0.0080000 -0.0000181
v -0.0051572 0.0080000 -0.0002616
v -0.0041191 0.0080000 -0.0009554
v -0.0034253 0.0080000 -0.0019935
v -0.0050041 0.0048000 -0.0078921
v -0.0050041 0.0080000 -0.0078921
v -0.0063818 0.0080000 -0.0076181
v -0.0063818 0.0048000 -0.0076181
v -0.0038362 0.0048000 -0.0072181
v -0.0038362 0.0080000 -0.0072181
v -0.0038362 0.0080000 -0.0078310
v -0.0038362 0.0048000 -0.0078310
v -0.0039000 0.0080000 -0.0080712
v -0.0039000 0.0048000 -0.0080712
v -0.0041097 0.0080000 -0.0082101
v -0.0041097 0.0048000 -0.0082101
v -0.0043425 0.0080000 -0.0081662
v -0.0043425 0.0048000 -0.0081662
v -0.0050041 0.0080000 -0.0078920
v -0.0038362 0.0080000 -0.0086725
v -0.0038362 0.0080000 -0.0078309
v -0.0077595 0.0080000 -0.0078921
v -0.0077595 0.0048000 -0.0078921
v -0.0089274 0.0080000 -0.0078310
v -0.0089274 0.0080000 -0.0072181
v -0.0089274 0.0048000 -0.0072181
v -0.0089274 0.0048000 -0.0078310
v -0.0089274 0.0048000 -0.0078309
v -0.0084211 0.0048000 -0.0081662
v -0.0088636 0.0080000 -0.0080712
v -0.0088636 0.0048000 -0.0080712
v -0.0086539 0.0080000 -0.0082101
v -0.0086539 0.0048000 -0.0082101
v -0.0084211 0.0080000 -0.0081662
v -0.0089274 0.0080000 -0.0086725
v -0.0077595 0.0080000 -0.0078920
v -0.0089274 0.0080000 -0.0078309
v -0.0038362 0.0048000 -0.0078309
v -0.0027818 0.0080000 -0.0076181
v -0.0027818 0.0080000 -0.0112181
v -0.0030558 0.0080000 -0.0098404
v -0.0097078 0.0080000 -0.0098404
v -0.0099818 0.0080000 -0.0112181
v -0.0099818 0.0080000 -0.0076181
v -0.0027818 0.0080000 -0.0072181
v -0.0099818 0.0080000 -0.0072181
v -0.0050041 0.0048000 -0.0065441
v -0.0063818 0.0048000 -0.0068181
v -0.0038362 0.0080000 -0.0066053
v -0.0038362 0.0048000 -0.0066053
v -0.0039000 0.0080000 -0.0063650
v -0.0039000 0.0048000 -0.0063650
v -0.0041097 0.0080000 -0.0062261
v -0.0041097 0.0048000 -0.0062261
v -0.0043425 0.0080000 -0.0062700
v -0.0043425 0.0048000 -0.0062700
v -0.0050041 0.0080000 -0.0065442
v -0.0077595 0.0048000 -0.0065441
v -0.0089274 0.0080000 -0.0066053
v -0.0089274 0.0048000 -0.0066053
v -0.0084211 0.0048000 -0.0062700
v -0.0088636 0.0080000 -0.0063650
v -0.0088636 0.0048000 -0.0063650
v -0.0086539 0.0080000 -0.0062261
v -0.0086539 0.0048000 -0.0062261
v -0.0084211 0.0080000 -0.0062700
v -0.0077595 0.0080000 -0.0065442
v -0.0027818 0.0080000 -0.0068181
v -0.0099818 0.0080000 -0.0068181
v -0.0076064 0.0072000 -0.0061746
v -0.0073003 0.0072000 -0.0054355
v -0.0063818 0.0072000 -0.0056181
v -0.0063818 0.0072000 -0.0064181
v -0.0086445 0.0072000 -0.0054808
v -0.0080788 0.0072000 -0.0049151
v -0.0093383 0.0072000 -0.0044427
v -0.0085992 0.0072000 -0.0041366
v -0.0095818 0.0072000 -0.0032181
v -0.0087818 0.0072000 -0.0032181
v -0.0093383 0.0072000 -0.0019935
v -0.0085992 0.0072000 -0.0022996
v -0.0086445 0.0072000 -0.0009554
v -0.0080788 0.0072000 -0.0015211
v -0.0076064 0.0072000 -0.0002616
v -0.0073003 0.0072000 -0.0010007
v -0.0063818 0.0072000 -0.0000181
v -0.0063818 0.0072000 -0.0008181
v -0.0051572 0.0072000 -0.0002616
v -0.0054633 0.0072000 -0.0010007
v -0.0041191 0.0072000 -0.0009554
v -0.0046848 0.0072000 -0.0015211
v -0.0034253 0.0072000 -0.0019935
v -0.0041644 0.0072000 -0.0022996
v -0.0031818 0.0072000 -0.0032181
v -0.0039818 0.0072000 -0.0032181
v -0.0034253 0.0072000 -0.0044427
v -0.0041644 0.0072000 -0.0041366
v -0.0041191 0.0072000 -0.0054808
v -0.0046848 0.0072000 -0.0049151
v -0.0051572 0.0072000 -0.0061746
v -0.0054633 0.0072000 -0.0054355
v -0.0041644 0.0008000 -0.0041366
v -0.0039818 0.0008000 -0.0032181
v -0.0046848 0.0008000 -0.0049151
v -0.0054633 0.0008000 -0.0054355
v -0.0063818 0.0008000 -0.0056181
v -0.0073003 0.0008000 -0.0054355
v -0.0080788 0.0008000 -0.0049151
v -0.0085992 0.0008000 -0.0041366
v -0.0087818 0.0008000 -0.0032181
v -0.0085992 0.0008000 -0.0022996
v -0.0080788 0.0008000 -0.0015211
v -0.0073003 0.0008000 -0.0010007
v -0.0063818 0.0008000 -0.0008181
v -0.0054633 0.0008000 -0.0010007
v -0.0046848 0.0008000 -0.0015211
v -0.0041644 0.0008000 -0.0022996
v -0.0076064 0.0008000 -0.0061746
v -0.0063818 0.0008000 -0.0064181
v -0.0086445 0.0008000 -0.0054808
v -0.0093383 0.0008000 -0.0044427
v -0.0095818 0.0008000 -0.0032181
v -0.0093383 0.0008000 -0.0019935
v -0.0086445 0.0008000 -0.0009554
v -0.0076064 0.0008000 -0.0002616
v -0.0063818 0.0008000 -0.0000181
v -0.0051572 0.0008000 -0.0002616
v -0.0041191 0.0008000 -0.0009554
v -0.0034253 0.0008000 -0.0019935
v -0.0031818 0.0008000 -0.0032181
v -0.0034253 0.0008000 -0.0044427
v -0.0041191 0.0008000 -0.0054808
v -0.0051572 0.0008000 -0.0061746
v -0.0034253 0.0000000 -0.0044427
v -0.0031818 0.0000000 -0.0032181
v -0.0041191 0.0000000 -0.0054808
v -0.0051572 0.0000000 -0.0061746
v -0.0063818 0.0000000 -0.0064181
v -0.0076064 0.0000000 -0.0061746
v -0.0086445 0.0000000 -0.0054808
v -0.0093383 0.0000000 -0.0044427
v -0.0095818 0.0000000 -0.0032181
v -0.0093383 0.0000000 -0.0019935
v -0.0086445 0.0000000 -0.0009554
v -0.0076064 0.0000000 -0.0002616
v -0.0063818 0.0000000 -0.0000181
v -0.0051572 0.0000000 -0.0002616
v -0.0041191 0.0000000 -0.0009554
v -0.0034253 0.0000000 -0.0019935
v -0.0063818 0.0000000 -0.0076181
v -0.0050041 0.0000000 -0.0078921
v -0.0050041 0.0032000 -0.0078921
v -0.0063818 0.0032000 -0.0076181
v -0.0038362 0.0000000 -0.0078310
v -0.0038362 0.0000000 -0.0072181
v -0.0038362 0.0032000 -0.0072181
v -0.0038362 0.0032000 -0.0078310
v -0.0039000 0.0000000 -0.0080712
v -0.0039000 0.0032000 -0.0080712
v -0.0041097 0.0000000 -0.0082101
v -0.0041097 0.0032000 -0.0082101
v -0.0043425 0.0000000 -0.0081662
v -0.0043425 0.0032000 -0.0081662
v -0.0038362 0.0000000 -0.0086725
v -0.0050041 0.0000000 -0.0078920
v -0.0038362 0.0000000 -0.0078309
v -0.0077595 0.0032000 -0.0078921
v -0.0077595 0.0000000 -0.0078921
v -0.0089274 0.0032000 -0.0072181
v -0.0089274 0.0000000 -0.0072181
v -0.0089274 0.0000000 -0.0078310
v -0.0089274 0.0032000 -0.0078310
v -0.0089274 0.0032000 -0.0078309
v -0.0084211 0.0032000 -0.0081662
v -0.0088636 0.0000000 -0.0080712
v -0.0088636 0.0032000 -0.0080712
v -0.0086539 0.0000000 -0.0082101
v -0.0086539 0.0032000 -0.0082101
v -0.0084211 0.0000000 -0.0081662
v -0.0077595 0.0000000 -0.0078920
v -0.0089274 0.0000000 -0.0086725
v -0.0089274 0.0000000 -0.0078309
v -0.0038362 0.0032000 -0.0078309
v -0.0030558 0.0000000 -0.0098404
v -0.0027818 0.0000000 -0.0112181
v -0.0027818 0.0000000 -0.0076181
v -0.0099818 0.0000000 -0.0076181
v -0.0099818 0.0000000 -0.0112181
v -0.0097078 0.0000000 -0.0098404
v -0.0027818 0.0000000 -0.0072181
v -0.0099818 0.0000000 -0.0072181
v -0.0050041 0.0032000 -0.0065441
v -0.0050041 0.0000000 -0.0065441
v -0.0063818 0.0000000 -0.0068181
v -0.0063818 0.0032000 -0.0068181
v -0.0038362 0.0000000 -0.0066053
v -0.0038362 0.0032000 -0.0066053
v -0.0039000 0.0000000 -0.0063650
v -0.0039000 0.0032000 -0.0063650
v -0.0041097 0.0000000 -0.0062261
v -0.0041097 0.0032000 -0.0062261
v -0.0043425 0.0000000 -0.0062700
v -0.0043425 0.0032000 -0.0062700
v -0.0050041 0.0000000 -0.0065442
v -0.0038362 0.0000000 -0.0057637
v -0.0077595 0.0000000 -0.0065441
v -0.0077595 0.0032000 -0.0065441
v -0.0089274 0.0000000 -0.0066053
v -0.0089274 0.0032000 -0.0066053
v -0.0084211 0.0032000 -0.0062700
v -0.0088636 0.0000000 -0.0063650
v -0.0088636 0.0032000 -0.0063650
v -0.0086539 0.0000000 -0.0062261
v -0.0086539 0.0032000 -0.0062261
v -0.0084211 0.0000000 -0.0062700
v -0.0089274 0.0000000 -0.0057637
v -0.0077595 0.0000000 -0.0065442
v -0.0027818 0.0000000 -0.0068181
v -0.0030558 0.0000000 -0.0045958
v -0.0097078 0.0000000 -0.0045958
v -0.0099818 0.0000000 -0.0068181
v -0.0063818 0.0008000 -0.0136181
v -0.0073003 0.0008000 -0.0134355
v -0.0076064 0.0008000 -0.0141746
v -0.0063818 0.0008000 -0.0144181
v -0.0080788 0.0008000 -0.0129151
v -0.0086445 0.0008000 -0.0134808
v -0.0085992 0.0008000 -0.0121366
v -0.0093383 0.0008000 -0.0124427
v -0.0087818 0.0008000 -0.0112181
v -0.0095818 0.0008000 -0.0112181
v -0.0085992 0.0008000 -0.0102996
v -0.0093383 0.0008000 -0.0099935
v -0.0080788 0.0008000 -0.0095211
v -0.0086445 0.0008000 -0.0089554
v -0.0073003 0.0008000 -0.0090007
v -0.0076064 0.0008000 -0.0082616
v -0.0063818 0.0008000 -0.0088181
v -0.0063818 0.0008000 -0.0080181
v -0.0054633 0.0008000 -0.0090007
v -0.0051572 0.0008000 -0.0082616
v -0.0046848 0.0008000 -0.0095211
v -0.0041191 0.0008000 -0.0089554
v -0.0041644 0.0008000 -0.0102996
v -0.0034253 0.0008000 -0.0099935
v -0.0039818 0.0008000 -0.0112181
v -0.0031818 0.0008000 -0.0112181
v -0.0041644 0.0008000 -0.0121366
v -0.0034253 0.0008000 -0.0124427
v -0.0046848 0.0008000 -0.0129151
v -0.0041191 0.0008000 -0.0134808
v -0.0054633 0.0008000 -0.0134355
v -0.0051572 0.0008000 -0.0141746
v -0.0034253 0.0000000 -0.0124427
v -0.0031818 0.0000000 -0.0112181
v -0.0041191 0.0000000 -0.0134808
v -0.0051572 0.0000000 -0.0141746
v -0.0063818 0.0000000 -0.0144181
v -0.0076064 0.0000000 -0.0141746
v -0.0086445 0.0000000 -0.0134808
v -0.0093383 0.0000000 -0.0124427
v -0.0095818 0.0000000 -0.0112181
v -0.0093383 0.0000000 -0.0099935
v -0.0086445 0.0000000 -0.0089554
v -0.0076064 0.0000000 -0.0082616
v -0.0063818 0.0000000 -0.0080181
v -0.0051572 0.0000000 -0.0082616
v -0.0041191 0.0000000 -0.0089554
v -0.0034253 0.0000000 -0.0099935
v -0.0097078 0.0000000 -0.0125958
v -0.0089274 0.0000000 -0.0137637
v -0.0077595 0.0000000 -0.0145441
v -0.0063818 0.0000000 -0.0148181
v -0.0050041 0.0000000 -0.0145441
v -0.0038362 0.0000000 -0.0137637
v -0.0030558 0.0000000 -0.0125958
v -0.0041644 0.0072000 -0.0121366
v -0.0039818 0.0072000 -0.0112181
v -0.0046848 0.0072000 -0.0129151
v -0.0054633 0.0072000 -0.0134355
v -0.0063818 0.0072000 -0.0136181
v -0.0073003 0.0072000 -0.0134355
v -0.0080788 0.0072000 -0.0129151
v -0.0085992 0.0072000 -0.0121366
v -0.0087818 0.0072000 -0.0112181
v -0.0085992 0.0072000 -0.0102996
v -0.0080788 0.0072000 -0.0095211
v -0.0073003 0.0072000 -0.0090007
v -0.0063818 0.0072000 -0.0088181
v -0.0054633 0.0072000 -0.0090007
v -0.0046848 0.0072000 -0.0095211
v -0.0041644 0.0072000 -0.0102996
v -0.0030558 0.0080000 -0.0125958
v -0.0034253 0.0080000 -0.0124427
v -0.0031818 0.0080000 -0.0112181
v -0.0038362 0.0080000 -0.0137637
v -0.0041191 0.0080000 -0.0134808
v -0.0050041 0.0080000 -0.0145441
v -0.0051572 0.0080000 -0.0141746
v -0.0063818 0.0080000 -0.0148181
v -0.0063818 0.0080000 -0.0144181
v -0.0077595 0.0080000 -0.0145441
v -0.0076064 0.0080000 -0.0141746
v -0.0089274 0.0080000 -0.0137637
v -0.0086445 0.0080000 -0.0134808
v -0.0097078 0.0080000 -0.0125958
v -0.0093383 0.0080000 -0.0124427
v -0.0095818 0.0080000 -0.0112181
v -0.0093383 0.0080000 -0.0099935
v -0.0086445 0.0080000 -0.0089554
v -0.0076064 0.0080000 -0.0082616
v -0.0063818 0.0080000 -0.0080181
v -0.0051572 0.0080000 -0.0082616
v -0.0041191 0.0080000 -0.0089554
v -0.0034253 0.0080000 -0.0099935
v -0.0076064 0.0072000 -0.0141746
v -0.0063818 0.0072000 -0.0144181
v -0.0086445 0.0072000 -0.0134808
v -0.0093383 0.0072000 -0.0124427
v -0.0095818 0.0072000 -0.0112181
v -0.0093383 0.0072000 -0.0099935
v -0.0086445 0.0072000 -0.0089554
v -0.0076064 0.0072000 -0.0082616
v -0.0063818 0.0072000 -0.0080181
v -0.0051572 0.0072000 -0.0082616
v -0.0041191 0.0072000 -0.0089554
v -0.0034253 0.0072000 -0.0099935
v -0.0031818 0.0072000 -0.0112181
v -0.0034253 0.0072000 -0.0124427
v -0.0041191 0.0072000 -0.0134808
v -0.0051572 0.0072000 -0.0141746
v -0.0050041 0.0048000 -0.0158921
v -0.0050041 0.0080000 -0.0158921
v -0.0063818 0.0080000 -0.0156181
v -0.0063818 0.0048000 -0.0156181
v -0.0038362 0.0048000 -0.0152181
v -0.0038362 0.0080000 -0.0152181
v -0.0038362 0.0080000 -0.0158310
v -0.0038362 0.0048000 -0.0158310
v -0.0039000 0.0080000 -0.0160712
v -0.0039000 0.0048000 -0.0160712
v -0.0041097 0.0080000 -0.0162101
v -0.0041097 0.0048000 -0.0162101
v -0.0043425 0.0080000 -0.0161662
v -0.0043425 0.0048000 -0.0161662
v -0.0050041 0.0080000 -0.0158920
v -0.0038362 0.0080000 -0.0166725
v -0.0038362 0.0080000 -0.0158309
v -0.0077595 0.0080000 -0.0158921
v -0.0077595 0.0048000 -0.0158921
v -0.0089274 0.0080000 -0.0158310
v -0.0089274 0.0080000 -0.0152181
v -0.0089274 0.0048000 -0.0152181
v -0.0089274 0.0048000 -0.0158310
v -0.0089274 0.0048000 -0.0158309
v -0.0084211 0.0048000 -0.0161662
v -0.0088636 0.0080000 -0.0160712
v -0.0088636 0.0048000 -0.0160712
v -0.0086539 0.0080000 -0.0162101
v -0.0086539 0.0048000 -0.0162101
v -0.0084211 0.0080000 -0.0161662
v -0.0089274 0.0080000 -0.0166725
v -0.0077595 0.0080000 -0.0158920
v -0.0089274 0.0080000 -0.0158309
v -0.0038362 0.0048000 -0.0158309
v -0.0050041 0.0048000 -0.0145441
v -0.0063818 0.0048000 -0.0148181
v -0.0038362 0.0080000 -0.0146053
v -0.0038362 0.0048000 -0.0146053
v -0.0039000 0.0080000 -0.0143650
v -0.0039000 0.0048000 -0.0143650
v -0.0041097 0.0080000 -0.0142261
v -0.0041097 0.0048000 -0.0142261
v -0.0043425 0.0080000 -0.0142700
v -0.0043425 0.0048000 -0.0142700
v -0.0050041 0.0080000 -0.0145442
v -0.0077595 0.0048000 -0.0145441
v -0.0089274 0.0080000 -0.0146053
v -0.0089274 0.0048000 -0.0146053
v -0.0084211 0.0048000 -0.0142700
v -0.0088636 0.0080000 -0.0143650
v -0.0088636 0.0048000 -0.0143650
v -0.0086539 0.0080000 -0.0142261
v -0.0086539 0.0048000 -0.0142261
v -0.0084211 0.0080000 -0.0142700
v -0.0077595 0.0080000 -0.0145442
v -0.0063818 0.0000000 -0.0156181
v -0.0050041 0.0000000 -0.0158921
v -0.0050041 0.0032000 -0.0158921
v -0.0063818 0.0032000 -0.0156181
v -0.0038362 0.0000000 -0.0158310
v -0.0038362 0.0000000 -0.0152181
v -0.0038362 0.0032000 -0.0152181
v -0.0038362 0.0032000 -0.0158310
v -0.0039000 0.0000000 -0.0160712
v -0.0039000 0.0032000 -0.0160712
v -0.0041097 0.0000000 -0.0162101
v -0.0041097 0.0032000 -0.0162101
v -0.0043425 0.0000000 -0.0161662
v -0.0043425 0.0032000 -0.0161662
v -0.0038362 0.0000000 -0.0166725
v -0.0050041 0.0000000 -0.0158920
v -0.0038362 0.0000000 -0.0158309
v -0.0077595 0.0032000 -0.0158921
v -0.0077595 0.0000000 -0.0158921
v -0.0089274 0.0032000 -0.0152181
v -0.0089274 0.0000000 -0.0152181
v -0.0089274 0.0000000 -0.0158310
v -0.0089274 0.0032000 -0.0158310
v -0.0089274 0.0032000 -0.0158309
v -0.0084211 0.0032000 -0.0161662
v -0.0088636 0.0000000 -0.0160712
v -0.0088636 0.0032000 -0.0160712
v -0.0086539 0.0000000 -0.0162101
v -0.0086539 0.0032000 -0.0162101
v -0.0084211 0.0000000 -0.0161662
v -0.0077595 0.0000000 -0.0158920
v -0.0089274 0.0000000 -0.0166725
v -0.0089274 0.0000000 -0.0158309
v -0.0038362 0.0032000 -0.0158309
v -0.0050041 0.0032000 -0.0145441
v -0.0063818 0.0032000 -0.0148181
v -0.0038362 0.0000000 -0.0146053
v -0.0038362 0.0032000 -0.0146053
v -0.0039000 0.0000000 -0.0143650
v -0.0039000 0.0032000 -0.0143650
v -0.0041097 0.0000000 -0.0142261
v -0.0041097 0.0032000 -0.0142261
v -0.0043425 0.0000000 -0.0142700
v -0.0043425 0.0032000 -0.0142700
v -0.0050041 0.0000000 -0.0145442
v -0.0077595 0.0032000 -0.0145441
v -0.0089274 0.0000000 -0.0146053
v -0.0089274 0.0032000 -0.0146053
v -0.0084211 0.0032000 -0.0142700
v -0.0088636 0.0000000 -0.0143650
v -0.0088636 0.0032000 -0.0143650
v -0.0086539 0.0000000 -0.0142261
v -0.0086539 0.0032000 -0.0142261
v -0.0084211 0.0000000 -0.0142700
v -0.0077595 0.0000000 -0.0145442
v -0.0089258 0.0080000 -0.0137621
v -0.0089258 0.0080000 -0.0166741
v -0.0099818 0.0080000 -0.0192181
v -0.0027818 0.0080000 -0.0174601
v -0.0038378 0.0080000 -0.0166741
v -0.0038378 0.0080000 -0.0137621
v -0.0099818 0.0000000 -0.0192181
v -0.0089258 0.0000000 -0.0166741
v -0.0089258 0.0000000 -0.0137621
v -0.0038378 0.0000000 -0.0137621
v -0.0038378 0.0000000 -0.0166741
v -0.0027818 0.0000000 -0.0174601
v -0.0027818 0.0080000 -0.0174181
v -0.0027818 0.0000000 -0.0174181
v -0.0076064 0.0072000 -0.0221746
v -0.0073003 0.0072000 -0.0214355
v -0.0063818 0.0072000 -0.0216181
v -0.0063818 0.0072000 -0.0224181
v -0.0086445 0.0072000 -0.0214808
v -0.0080788 0.0072000 -0.0209151
v -0.0093383 0.0072000 -0.0204427
v -0.0085992 0.0072000 -0.0201366
v -0.0095818 0.0072000 -0.0192181
v -0.0087818 0.0072000 -0.0192181
v -0.0093383 0.0072000 -0.0179935
v -0.0085992 0.0072000 -0.0182996
v -0.0086445 0.0072000 -0.0169554
v -0.0080788 0.0072000 -0.0175211
v -0.0076064 0.0072000 -0.0162616
v -0.0073003 0.0072000 -0.0170007
v -0.0063818 0.0072000 -0.0160181
v -0.0063818 0.0072000 -0.0168181
v -0.0051572 0.0072000 -0.0162616
v -0.0054633 0.0072000 -0.0170007
v -0.0041191 0.0072000 -0.0169554
v -0.0046848 0.0072000 -0.0175211
v -0.0034253 0.0072000 -0.0179935
v -0.0041644 0.0072000 -0.0182996
v -0.0031818 0.0072000 -0.0192181
v -0.0039818 0.0072000 -0.0192181
v -0.0034253 0.0072000 -0.0204427
v -0.0041644 0.0072000 -0.0201366
v -0.0041191 0.0072000 -0.0214808
v -0.0046848 0.0072000 -0.0209151
v -0.0051572 0.0072000 -0.0221746
v -0.0054633 0.0072000 -0.0214355
v -0.0034253 0.0080000 -0.0204427
v -0.0031818 0.0080000 -0.0192181
v -0.0041191 0.0080000 -0.0214808
v -0.0051572 0.0080000 -0.0221746
v -0.0063818 0.0080000 -0.0224181
v -0.0076064 0.0080000 -0.0221746
v -0.0086445 0.0080000 -0.0214808
v -0.0093383 0.0080000 -0.0204427
v -0.0095818 0.0080000 -0.0192181
v -0.0093383 0.0080000 -0.0179935
v -0.0086445 0.0080000 -0.0169554
v -0.0076064 0.0080000 -0.0162616
v -0.0063818 0.0080000 -0.0160181
v -0.0051572 0.0080000 -0.0162616
v -0.0041191 0.0080000 -0.0169554
v -0.0034253 0.0080000 -0.0179935
v -0.0076831 0.0080000 -0.0223598
v -0.0087863 0.0080000 -0.0216226
v -0.0086448 0.0080000 -0.0214811
v -0.0076066 0.0080000 -0.0221750
v -0.0063818 0.0080000 -0.0226185
v -0.0063818 0.0080000 -0.0224185
v -0.0050805 0.0080000 -0.0223598
v -0.0051570 0.0080000 -0.0221750
v -0.0039773 0.0080000 -0.0216226
v -0.0041188 0.0080000 -0.0214811
v -0.0032401 0.0080000 -0.0205194
v -0.0034249 0.0080000 -0.0204429
v -0.0029814 0.0080000 -0.0192181
v -0.0031814 0.0080000 -0.0192181
v -0.0032401 0.0080000 -0.0179168
v -0.0034249 0.0080000 -0.0179934
v -0.0039773 0.0080000 -0.0168136
v -0.0041188 0.0080000 -0.0169551
v -0.0097078 0.0080000 -0.0205958
v -0.0099820 0.0080000 -0.0192181
v -0.0095820 0.0080000 -0.0192181
v -0.0097078 0.0080000 -0.0178405
v -0.0089276 0.0080000 -0.0166724
v -0.0086447 0.0080000 -0.0169553
v -0.0063818 0.0080000 -0.0156179
v -0.0063818 0.0080000 -0.0160179
v -0.0038361 0.0080000 -0.0166724
v -0.0041190 0.0080000 -0.0169552
v -0.0030558 0.0080000 -0.0178404
v -0.0077595 0.0080000 -0.0225441
v -0.0089276 0.0080000 -0.0217638
v -0.0086447 0.0080000 -0.0214809
v -0.0032842 0.0080000 -0.0173841
v -0.0028180 0.0080000 -0.0187091
v -0.0030921 0.0080000 -0.0187483
v -0.0035224 0.0080000 -0.0175251
v -0.0028946 0.0080000 -0.0201116
v -0.0031629 0.0080000 -0.0200429
v -0.0035019 0.0080000 -0.0213781
v -0.0037234 0.0080000 -0.0212120
v -0.0045478 0.0080000 -0.0223157
v -0.0046888 0.0080000 -0.0220775
v -0.0058728 0.0080000 -0.0227819
v -0.0059120 0.0080000 -0.0225078
v -0.0072753 0.0080000 -0.0227053
v -0.0072066 0.0080000 -0.0224371
v -0.0041644 0.0008000 -0.0201366
v -0.0039818 0.0008000 -0.0192181
v -0.0046848 0.0008000 -0.0209151
v -0.0054633 0.0008000 -0.0214355
v -0.0063818 0.0008000 -0.0216181
v -0.0073003 0.0008000 -0.0214355
v -0.0080788 0.0008000 -0.0209151
v -0.0085992 0.0008000 -0.0201366
v -0.0087818 0.0008000 -0.0192181
v -0.0085992 0.0008000 -0.0182996
v -0.0080788 0.0008000 -0.0175211
v -0.0073003 0.0008000 -0.0170007
v -0.0063818 0.0008000 -0.0168181
v -0.0054633 0.0008000 -0.0170007
v -0.0046848 0.0008000 -0.0175211
v -0.0041644 0.0008000 -0.0182996
v -0.0076064 0.0008000 -0.0221746
v -0.0063818 0.0008000 -0.0224181
v -0.0086445 0.0008000 -0.0214808
v -0.0093383 0.0008000 -0.0204427
v -0.0095818 0.0008000 -0.0192181
v -0.0093383 0.0008000 -0.0179935
v -0.0086445 0.0008000 -0.0169554
v -0.0076064 0.0008000 -0.0162616
v -0.0063818 0.0008000 -0.0160181
v -0.0051572 0.0008000 -0.0162616
v -0.0041191 0.0008000 -0.0169554
v -0.0034253 0.0008000 -0.0179935
v -0.0031818 0.0008000 -0.0192181
v -0.0034253 0.0008000 -0.0204427
v -0.0041191 0.0008000 -0.0214808
v -0.0051572 0.0008000 -0.0221746
v -0.0034253 0.0000000 -0.0204427
v -0.0031818 0.0000000 -0.0192181
v -0.0041191 0.0000000 -0.0214808
v -0.0051572 0.0000000 -0.0221746
v -0.0063818 0.0000000 -0.0224181
v -0.0076064 0.0000000 -0.0221746
v -0.0086445 0.0000000 -0.0214808
v -0.0093383 0.0000000 -0.0204427
v -0.0095818 0.0000000 -0.0192181
v -0.0093383 0.0000000 -0.0179935
v -0.0086445 0.0000000 -0.0169554
v -0.0076064 0.0000000 -0.0162616
v -0.0063818 0.0000000 -0.0160181
v -0.0051572 0.0000000 -0.0162616
v -0.0041191 0.0000000 -0.0169554
v -0.0034253 0.0000000 -0.0179935
v -0.0086448 0.0000000 -0.0214811
v -0.0087863 0.0000000 -0.0216226
v -0.0076831 0.0000000 -0.0223598
v -0.0076066 0.0000000 -0.0221750
v -0.0063818 0.0000000 -0.0226185
v -0.0063818 0.0000000 -0.0224185
v -0.0050805 0.0000000 -0.0223598
v -0.0051570 0.0000000 -0.0221750
v -0.0039773 0.0000000 -0.0216226
v -0.0041188 0.0000000 -0.0214811
v -0.0032401 0.0000000 -0.0205194
v -0.0034249 0.0000000 -0.0204429
v -0.0029814 0.0000000 -0.0192181
v -0.0031814 0.0000000 -0.0192181
v -0.0032401 0.0000000 -0.0179168
v -0.0034249 0.0000000 -0.0179934
v -0.0039773 0.0000000 -0.0168136
v -0.0041188 0.0000000 -0.0169551
v -0.0095820 0.0000000 -0.0192181
v -0.0099820 0.0000000 -0.0192181
v -0.0097078 0.0000000 -0.0205958
v -0.0097078 0.0000000 -0.0178405
v -0.0086447 0.0000000 -0.0169553
v -0.0089276 0.0000000 -0.0166724
v -0.0063818 0.0000000 -0.0160179
v -0.0063818 0.0000000 -0.0156179
v -0.0041190 0.0000000 -0.0169552
v -0.0038361 0.0000000 -0.0166724
v -0.0030558 0.0000000 -0.0178404
v -0.0086447 0.0000000 -0.0214809
v -0.0089276 0.0000000 -0.0217638
v -0.0077595 0.0000000 -0.0225441
v -0.0030921 0.0000000 -0.0187483
v -0.0028180 0.0000000 -0.0187091
v -0.0032842 0.0000000 -0.0173841
v -0.0035224 0.0000000 -0.0175251
v -0.0031629 0.0000000 -0.0200429
v -0.0028946 0.0000000 -0.0201116
v -0.0037234 0.0000000 -0.0212120
v -0.0035019 0.0000000 -0.0213781
v -0.0046888 0.0000000 -0.0220775
v -0.0045478 0.0000000 -0.0223157
v -0.0059120 0.0000000 -0.0225078
v -0.0058728 0.0000000 -0.0227819
v -0.0072066 0.0000000 -0.0224371
v -0.0072753 0.0000000 -0.0227053
v -0.0089274 0.0080000 -0.0217637
v -0.0089274 0.0000000 -0.0217637
v -0.0035018 0.0080000 -0.0213781
v -0.0028943 0.0080000 -0.0201116
v -0.0028943 0.0048000 -0.0201116
v -0.0035018 0.0048000 -0.0213781
v -0.0021447 0.0080000 -0.0192140
v -0.0016545 0.0080000 -0.0195817
v -0.0016545 0.0048000 -0.0195817
v -0.0021447 0.0048000 -0.0192140
v -0.0028944 0.0048000 -0.0201115
v -0.0023753 0.0080000 -0.0191208
v -0.0023753 0.0048000 -0.0191208
v -0.0026122 0.0080000 -0.0192053
v -0.0026122 0.0048000 -0.0192053
v -0.0027167 0.0080000 -0.0194178
v -0.0027167 0.0048000 -0.0194178
v -0.0028180 0.0080000 -0.0187090
v -0.0045476 0.0048000 -0.0223159
v -0.0045476 0.0080000 -0.0223159
v -0.0047091 0.0048000 -0.0236546
v -0.0047091 0.0080000 -0.0236546
v -0.0051994 0.0080000 -0.0232868
v -0.0051994 0.0048000 -0.0232868
v -0.0045476 0.0048000 -0.0223158
v -0.0051994 0.0048000 -0.0232869
v -0.0051638 0.0048000 -0.0226807
v -0.0053534 0.0080000 -0.0230916
v -0.0053534 0.0048000 -0.0230916
v -0.0053386 0.0080000 -0.0228406
v -0.0053386 0.0048000 -0.0228406
v -0.0051639 0.0080000 -0.0226807
v -0.0051639 0.0048000 -0.0226807
v -0.0051638 0.0080000 -0.0226807
v -0.0058727 0.0080000 -0.0227819
v -0.0051994 0.0080000 -0.0232869
v -0.0018160 0.0048000 -0.0209203
v -0.0018160 0.0080000 -0.0209203
v -0.0028618 0.0080000 -0.0218581
v -0.0028618 0.0048000 -0.0218581
v -0.0011642 0.0080000 -0.0199494
v -0.0011642 0.0048000 -0.0199494
v -0.0018160 0.0048000 -0.0209204
v -0.0010102 0.0080000 -0.0201446
v -0.0010102 0.0048000 -0.0201446
v -0.0010250 0.0080000 -0.0203957
v -0.0010250 0.0048000 -0.0203957
v -0.0011997 0.0080000 -0.0205555
v -0.0011997 0.0048000 -0.0205555
v -0.0018161 0.0080000 -0.0209203
v -0.0011998 0.0080000 -0.0205556
v -0.0004909 0.0080000 -0.0204543
v -0.0034693 0.0080000 -0.0231247
v -0.0034693 0.0048000 -0.0231247
v -0.0042189 0.0080000 -0.0240223
v -0.0042189 0.0048000 -0.0240223
v -0.0034692 0.0048000 -0.0231247
v -0.0036469 0.0048000 -0.0238184
v -0.0039884 0.0080000 -0.0241154
v -0.0039884 0.0048000 -0.0241154
v -0.0037514 0.0080000 -0.0240310
v -0.0037514 0.0048000 -0.0240310
v -0.0036469 0.0080000 -0.0238184
v -0.0035456 0.0080000 -0.0245272
v -0.0034693 0.0080000 -0.0231246
v -0.0011998 0.0048000 -0.0205556
v -0.0028943 0.0032000 -0.0201116
v -0.0028943 0.0000000 -0.0201116
v -0.0035018 0.0000000 -0.0213781
v -0.0035018 0.0032000 -0.0213781
v -0.0016545 0.0032000 -0.0195817
v -0.0016545 0.0000000 -0.0195817
v -0.0021447 0.0000000 -0.0192140
v -0.0021447 0.0032000 -0.0192140
v -0.0028944 0.0032000 -0.0201115
v -0.0023753 0.0000000 -0.0191208
v -0.0023753 0.0032000 -0.0191208
v -0.0026122 0.0000000 -0.0192053
v -0.0026122 0.0032000 -0.0192053
v -0.0027167 0.0000000 -0.0194178
v -0.0027167 0.0032000 -0.0194178
v -0.0028180 0.0000000 -0.0187090
v -0.0045476 0.0000000 -0.0223159
v -0.0045476 0.0032000 -0.0223159
v -0.0051994 0.0000000 -0.0232868
v -0.0047091 0.0000000 -0.0236546
v -0.0047091 0.0032000 -0.0236546
v -0.0051994 0.0032000 -0.0232868
v -0.0051994 0.0032000 -0.0232869
v -0.0045476 0.0032000 -0.0223158
v -0.0051638 0.0032000 -0.0226807
v -0.0053534 0.0000000 -0.0230916
v -0.0053534 0.0032000 -0.0230916
v -0.0053386 0.0000000 -0.0228406
v -0.0053386 0.0032000 -0.0228406
v -0.0051639 0.0000000 -0.0226807
v -0.0051639 0.0032000 -0.0226807
v -0.0058727 0.0000000 -0.0227819
v -0.0051638 0.0000000 -0.0226807
v -0.0051994 0.0000000 -0.0232869
v -0.0028618 0.0000000 -0.0218581
v -0.0018160 0.0000000 -0.0209203
v -0.0018160 0.0032000 -0.0209203
v -0.0028618 0.0032000 -0.0218581
v -0.0011642 0.0000000 -0.0199494
v -0.0011642 0.0032000 -0.0199494
v -0.0018160 0.0032000 -0.0209204
v -0.0010102 0.0000000 -0.0201446
v -0.0010102 0.0032000 -0.0201446
v -0.0010250 0.0000000 -0.0203957
v -0.0010250 0.0032000 -0.0203957
v -0.0011997 0.0000000 -0.0205555
v -0.0011997 0.0032000 -0.0205555
v -0.0004909 0.0000000 -0.0204543
v -0.0011998 0.0000000 -0.0205556
v -0.0018161 0.0000000 -0.0209203
v -0.0034693 0.0032000 -0.0231247
v -0.0034693 0.0000000 -0.0231247
v -0.0042189 0.0000000 -0.0240223
v -0.0042189 0.0032000 -0.0240223
v -0.0034692 0.0032000 -0.0231247
v -0.0036469 0.0032000 -0.0238184
v -0.0039884 0.0000000 -0.0241154
v -0.0039884 0.0032000 -0.0241154
v -0.0037514 0.0000000 -0.0240310
v -0.0037514 0.0032000 -0.0240310
v -0.0036469 0.0000000 -0.0238184
v -0.0034693 0.0000000 -0.0231246
v -0.0035456 0.0000000 -0.0245272
v -0.0011998 0.0032000 -0.0205556
v 0.0019382 0.0008000 -0.0254581
v 0.0012410 0.0008000 -0.0260833
v 0.0016486 0.0008000 -0.0267717
v 0.0025782 0.0008000 -0.0259381
v 0.0003576 0.0008000 -0.0263940
v 0.0004707 0.0008000 -0.0271859
v -0.0005774 0.0008000 -0.0263431
v -0.0007760 0.0008000 -0.0271181
v -0.0014218 0.0008000 -0.0259381
v -0.0019018 0.0008000 -0.0265781
v -0.0020470 0.0008000 -0.0252409
v -0.0027354 0.0008000 -0.0256485
v -0.0023577 0.0008000 -0.0243575
v -0.0031496 0.0008000 -0.0244707
v -0.0023068 0.0008000 -0.0234225
v -0.0030818 0.0008000 -0.0232239
v -0.0019018 0.0008000 -0.0225781
v -0.0025418 0.0008000 -0.0220981
v -0.0012046 0.0008000 -0.0219529
v -0.0016122 0.0008000 -0.0212645
v -0.0003212 0.0008000 -0.0216423
v -0.0004343 0.0008000 -0.0208503
v 0.0006138 0.0008000 -0.0216931
v 0.0008124 0.0008000 -0.0209181
v 0.0014582 0.0008000 -0.0220981
v 0.0019382 0.0008000 -0.0214581
v 0.0020834 0.0008000 -0.0227953
v 0.0027718 0.0008000 -0.0223877
v 0.0023941 0.0008000 -0.0236787
v 0.0031860 0.0008000 -0.0235656
v 0.0023432 0.0008000 -0.0246137
v 0.0031182 0.0008000 -0.0248123
v 0.0027718 0.0000000 -0.0223877
v 0.0019382 0.0000000 -0.0214581
v 0.0031860 0.0000000 -0.0235656
v 0.0031182 0.0000000 -0.0248123
v 0.0025782 0.0000000 -0.0259381
v 0.0016486 0.0000000 -0.0267717
v 0.0004707 0.0000000 -0.0271859
v -0.0007760 0.0000000 -0.0271181
v -0.0019018 0.0000000 -0.0265781
v -0.0027354 0.0000000 -0.0256485
v -0.0031496 0.0000000 -0.0244707
v -0.0030818 0.0000000 -0.0232239
v -0.0025418 0.0000000 -0.0220981
v -0.0016122 0.0000000 -0.0212645
v -0.0004343 0.0000000 -0.0208503
v 0.0008124 0.0000000 -0.0209181
v 0.0021782 0.0000000 -0.0211381
v 0.0009116 0.0000000 -0.0205306
v -0.0030796 0.0000000 -0.0258523
v -0.0021418 0.0000000 -0.0268981
v -0.0008752 0.0000000 -0.0275056
v 0.0005273 0.0000000 -0.0275819
v 0.0018524 0.0000000 -0.0271159
v 0.0028982 0.0000000 -0.0261781
v 0.0035057 0.0000000 -0.0249116
v 0.0035820 0.0000000 -0.0235090
v 0.0031160 0.0000000 -0.0221839
v 0.0020834 0.0072000 -0.0227953
v 0.0014582 0.0072000 -0.0220981
v 0.0023941 0.0072000 -0.0236787
v 0.0023432 0.0072000 -0.0246137
v 0.0019382 0.0072000 -0.0254581
v 0.0012410 0.0072000 -0.0260833
v 0.0003576 0.0072000 -0.0263940
v -0.0005774 0.0072000 -0.0263431
v -0.0014218 0.0072000 -0.0259381
v -0.0020470 0.0072000 -0.0252409
v -0.0023577 0.0072000 -0.0243575
v -0.0023068 0.0072000 -0.0234225
v -0.0019018 0.0072000 -0.0225781
v -0.0012046 0.0072000 -0.0219529
v -0.0003212 0.0072000 -0.0216423
v 0.0006138 0.0072000 -0.0216931
v 0.0021782 0.0080000 -0.0211381
v 0.0031160 0.0080000 -0.0221839
v 0.0027718 0.0080000 -0.0223877
v 0.0019382 0.0080000 -0.0214581
v 0.0035820 0.0080000 -0.0235090
v 0.0031860 0.0080000 -0.0235656
v 0.0035057 0.0080000 -0.0249116
v 0.0031182 0.0080000 -0.0248123
v 0.0028982 0.0080000 -0.0261781
v 0.0025782 0.0080000 -0.0259381
v 0.0018524 0.0080000 -0.0271159
v 0.0016486 0.0080000 -0.0267717
v 0.0005273 0.0080000 -0.0275819
v 0.0004707 0.0080000 -0.0271859
v -0.0008752 0.0080000 -0.0275056
v -0.0007760 0.0080000 -0.0271181
v -0.0021418 0.0080000 -0.0268981
v -0.0019018 0.0080000 -0.0265781
v -0.0030796 0.0080000 -0.0258523
v -0.0027354 0.0080000 -0.0256485
v -0.0031496 0.0080000 -0.0244707
v -0.0030818 0.0080000 -0.0232239
v -0.0025418 0.0080000 -0.0220981
v -0.0016122 0.0080000 -0.0212645
v -0.0004343 0.0080000 -0.0208503
v 0.0009116 0.0080000 -0.0205306
v 0.0008124 0.0080000 -0.0209181
v 0.0016486 0.0072000 -0.0267717
v 0.0025782 0.0072000 -0.0259381
v 0.0004707 0.0072000 -0.0271859
v -0.0007760 0.0072000 -0.0271181
v -0.0019018 0.0072000 -0.0265781
v -0.0027354 0.0072000 -0.0256485
v -0.0031496 0.0072000 -0.0244707
v -0.0030818 0.0072000 -0.0232239
v -0.0025418 0.0072000 -0.0220981
v -0.0016122 0.0072000 -0.0212645
v -0.0004343 0.0072000 -0.0208503
v 0.0008124 0.0072000 -0.0209181
v 0.0019382 0.0072000 -0.0214581
v 0.0027718 0.0072000 -0.0223877
v 0.0031860 0.0072000 -0.0235656
v 0.0031182 0.0072000 -0.0248123
v -0.0028218 0.0080000 -0.0187101
v -0.0004898 0.0080000 -0.0204581
v -0.0028218 0.0000000 -0.0187101
v -0.0089270 0.0080000 -0.0217633
v -0.0058738 0.0080000 -0.0227781
v -0.0035418 0.0080000 -0.0245261
v -0.0004898 0.0000000 -0.0204581
v -0.0058738 0.0000000 -0.0227781
v -0.0089270 0.0000000 -0.0217633
v -0.0035418 0.0000000 -0.0245261
v 0.0095160 0.0000000 -0.0269839
v 0.0095160 0.0080000 -0.0269839
v 0.0085782 0.0080000 -0.0259381
v 0.0085782 0.0000000 -0.0259381
v 0.0099820 0.0000000 -0.0283090
v 0.0099820 0.0080000 -0.0283090
v 0.0099057 0.0000000 -0.0297116
v 0.0099057 0.0080000 -0.0297116
v 0.0092982 0.0000000 -0.0309781
v 0.0092982 0.0080000 -0.0309781
v 0.0082524 0.0000000 -0.0319159
v 0.0082524 0.0080000 -0.0319159
v 0.0069273 0.0000000 -0.0323819
v 0.0069273 0.0080000 -0.0323819
v 0.0055248 0.0000000 -0.0323056
v 0.0055248 0.0080000 -0.0323056
v 0.0042582 0.0000000 -0.0316981
v 0.0042582 0.0080000 -0.0316981
v 0.0051954 0.0080000 -0.0267530
v 0.0060788 0.0080000 -0.0264422
v 0.0070138 0.0080000 -0.0264932
v 0.0043531 0.0080000 -0.0300409
v 0.0040423 0.0080000 -0.0291575
v 0.0040933 0.0080000 -0.0282225
v 0.0076410 0.0080000 -0.0308832
v 0.0067576 0.0080000 -0.0311940
v 0.0058226 0.0080000 -0.0311430
v 0.0084833 0.0080000 -0.0275953
v 0.0087941 0.0080000 -0.0284787
v 0.0087431 0.0080000 -0.0294137
v 0.0062182 0.0080000 -0.0274181
v 0.0071228 0.0080000 -0.0265454
v 0.0067382 0.0080000 -0.0270581
v 0.0056182 0.0080000 -0.0272181
v 0.0051055 0.0080000 -0.0268336
v 0.0050182 0.0080000 -0.0290181
v 0.0041455 0.0080000 -0.0281136
v 0.0046582 0.0080000 -0.0284981
v 0.0048182 0.0080000 -0.0296181
v 0.0044336 0.0080000 -0.0301308
v 0.0057136 0.0080000 -0.0310908
v 0.0060982 0.0080000 -0.0305781
v 0.0066182 0.0080000 -0.0302181
v 0.0076410 0.0080000 -0.0308833
v 0.0072182 0.0080000 -0.0304181
v 0.0077309 0.0080000 -0.0308027
v 0.0078182 0.0080000 -0.0286181
v 0.0086909 0.0080000 -0.0295227
v 0.0081782 0.0080000 -0.0291381
v 0.0080182 0.0080000 -0.0280181
v 0.0084028 0.0080000 -0.0275054
v 0.0087431 0.0000000 -0.0294137
v 0.0087941 0.0000000 -0.0284787
v 0.0084833 0.0000000 -0.0275953
v 0.0058226 0.0000000 -0.0311430
v 0.0067576 0.0000000 -0.0311941
v 0.0076410 0.0000000 -0.0308832
v 0.0040933 0.0000000 -0.0282225
v 0.0040423 0.0000000 -0.0291575
v 0.0043531 0.0000000 -0.0300409
v 0.0070138 0.0000000 -0.0264932
v 0.0060788 0.0000000 -0.0264422
v 0.0051954 0.0000000 -0.0267530
v 0.0078182 0.0000000 -0.0286181
v 0.0084028 0.0000000 -0.0275054
v 0.0080182 0.0000000 -0.0280181
v 0.0081782 0.0000000 -0.0291381
v 0.0086909 0.0000000 -0.0295227
v 0.0076410 0.0000000 -0.0308833
v 0.0066182 0.0000000 -0.0302181
v 0.0077309 0.0000000 -0.0308027
v 0.0072182 0.0000000 -0.0304181
v 0.0060982 0.0000000 -0.0305781
v 0.0057136 0.0000000 -0.0310908
v 0.0044336 0.0000000 -0.0301308
v 0.0048182 0.0000000 -0.0296181
v 0.0050182 0.0000000 -0.0290181
v 0.0046582 0.0000000 -0.0284981
v 0.0041455 0.0000000 -0.0281136
v 0.0062182 0.0000000 -0.0274181
v 0.0051055 0.0000000 -0.0268336
v 0.0056182 0.0000000 -0.0272181
v 0.0067382 0.0000000 -0.0270581
v 0.0071228 0.0000000 -0.0265454
v 0.0078582 0.0080000 -0.0268981
v 0.0078582 0.0000000 -0.0268981
v 0.0049782 0.0000000 -0.0307381
v 0.0049782 0.0080000 -0.0307381
v 0.0083382 0.0000000 -0.0302581
v 0.0083382 0.0080000 -0.0302581
v 0.0058226 0.0080000 -0.0311431
v 0.0087432 0.0080000 -0.0294137
v 0.0084834 0.0080000 -0.0275953
v 0.0058226 0.0000000 -0.0311431
v 0.0067576 0.0000000 -0.0311940
v 0.0087432 0.0000000 -0.0294137
v 0.0084834 0.0000000 -0.0275953
v 0.0040247 0.0080000 -0.0239208
v 0.0042553 0.0080000 -0.0240140
v 0.0042553 0.0000000 -0.0240140
v 0.0040247 0.0000000 -0.0239208
v 0.0037878 0.0080000 -0.0240053
v 0.0037878 0.0000000 -0.0240053
v 0.0036833 0.0080000 -0.0242178
v 0.0036833 0.0000000 -0.0242178
v 0.0012006 0.0000000 -0.0280868
v 0.0012006 0.0080000 -0.0280868
v 0.0010466 0.0080000 -0.0278916
v 0.0010466 0.0000000 -0.0278916
v 0.0010614 0.0080000 -0.0276406
v 0.0010614 0.0000000 -0.0276406
v 0.0012361 0.0080000 -0.0274807
v 0.0012361 0.0000000 -0.0274807
v 0.0012362 0.0080000 -0.0274807
v 0.0012362 0.0000000 -0.0274807
v 0.0052358 0.0080000 -0.0247494
v 0.0052358 0.0000000 -0.0247494
v 0.0021811 0.0000000 -0.0288223
v 0.0021811 0.0080000 -0.0288223
v 0.0053898 0.0080000 -0.0249446
v 0.0053898 0.0000000 -0.0249446
v 0.0053750 0.0080000 -0.0251957
v 0.0053750 0.0000000 -0.0251957
v 0.0052003 0.0080000 -0.0253555
v 0.0052003 0.0000000 -0.0253555
v 0.0059091 0.0080000 -0.0252543
v 0.0059091 0.0000000 -0.0252543
v 0.0070138 0.0080000 -0.0264931
v 0.0060843 0.0080000 -0.0255677
v 0.0060788 0.0080000 -0.0264423
v 0.0051954 0.0080000 -0.0267529
v 0.0073116 0.0080000 -0.0253306
v 0.0052002 0.0080000 -0.0253556
v 0.0045839 0.0080000 -0.0257203
v 0.0024116 0.0080000 -0.0289154
v 0.0024116 0.0000000 -0.0289154
v 0.0026486 0.0080000 -0.0288310
v 0.0026486 0.0000000 -0.0288310
v 0.0027531 0.0080000 -0.0286184
v 0.0027531 0.0000000 -0.0286184
v 0.0028544 0.0080000 -0.0293272
v 0.0028544 0.0000000 -0.0293272
v 0.0060843 0.0000000 -0.0255677
v 0.0070138 0.0000000 -0.0264931
v 0.0060788 0.0000000 -0.0264423
v 0.0051954 0.0000000 -0.0267529
v 0.0073116 0.0000000 -0.0253306
v 0.0052002 0.0000000 -0.0253556
v 0.0045839 0.0000000 -0.0257203
v 0.0032043 0.0080000 -0.0294077
v 0.0043530 0.0080000 -0.0300409
v 0.0040932 0.0080000 -0.0282225
v 0.0033204 0.0080000 -0.0306523
v 0.0029307 0.0080000 -0.0279246
v 0.0043530 0.0000000 -0.0300409
v 0.0032043 0.0000000 -0.0294077
v 0.0040932 0.0000000 -0.0282225
v 0.0033204 0.0000000 -0.0306523
v 0.0029307 0.0000000 -0.0279246
v 0.0031852 0.0080000 -0.0273934
v 0.0031852 0.0000000 -0.0273934
v 0.0041452 0.0000000 -0.0261134
v 0.0041452 0.0080000 -0.0261134
v 0.0035056 0.0080000 -0.0249116
v 0.0056982 0.0080000 -0.0237781
v 0.0050582 0.0080000 -0.0232981
v 0.0007382 0.0080000 -0.0290581
v 0.0013782 0.0080000 -0.0295381
v 0.0056982 0.0000000 -0.0237781
v 0.0050582 0.0000000 -0.0232981
v 0.0007382 0.0000000 -0.0290581
v 0.0013782 0.0000000 -0.0295381
v 0.0042580 0.0080000 -0.0316981
v 0.0042580 0.0000000 -0.0316981
v -0.0089272 0.0000000 -0.0217637
v -0.0089272 0.0080000 -0.0217637
f 1 2 3
f 4 1 3
f 2 5 6
f 3 2 6
f 5 7 8
f 6 5 8
f 7 9 10
f 8 7 10
f 9 11 12
f 10 9 12
f 11 13 14
f 12 11 14
f 13 15 16
f 14 13 16
f 15 17 18
f 16 15 18
f 19 20 21
f 22 23 24
f 25 26 27
f 28 29 30
f 19 21 31
f 31 32 33
f 31 33 19
f 34 31 21
f 34 21 35
f 36 22 24
f 36 37 38
f 36 38 22
f 39 40 36
f 39 36 24
f 41 42 25
f 41 25 43
f 25 27 43
f 27 44 45
f 27 45 43
f 28 30 46
f 47 28 46
f 47 46 48
f 49 46 30
f 49 30 50
f 51 52 53
f 54 55 56
f 57 58 59
f 60 61 62
f 51 53 63
f 63 64 65
f 63 65 51
f 66 63 53
f 66 53 67
f 68 54 56
f 68 69 70
f 68 70 54
f 71 72 68
f 71 68 56
f 73 74 57
f 73 57 75
f 57 59 75
f 59 76 77
f 59 77 75
f 60 62 78
f 79 60 78
f 79 78 80
f 81 78 62
f 81 62 82
f 82 83 84
f 82 84 33
f 85 86 74
f 39 85 74
f 71 86 85
f 71 85 42
f 87 88 70
f 44 87 70
f 67 88 87
f 67 87 47
f 84 83 65
f 50 84 65
f 81 82 33
f 81 33 32
f 81 32 31
f 81 31 78
f 78 31 34
f 78 34 80
f 80 34 35
f 80 35 79
f 77 76 38
f 77 38 37
f 77 37 36
f 77 36 75
f 75 36 40
f 75 40 73
f 73 40 39
f 73 39 74
f 71 42 41
f 71 41 72
f 72 41 43
f 72 43 68
f 68 43 45
f 68 45 69
f 69 45 44
f 69 44 70
f 67 47 48
f 67 48 66
f 66 48 46
f 66 46 63
f 63 46 49
f 63 49 64
f 64 49 50
f 64 50 65
f 17 15 89
f 17 89 85
f 15 13 90
f 15 90 89
f 13 11 91
f 13 91 90
f 11 9 87
f 11 87 91
f 9 7 92
f 9 92 87
f 7 5 93
f 7 93 92
f 5 2 94
f 5 94 93
f 2 1 84
f 2 84 94
f 95 16 18
f 86 95 18
f 96 14 16
f 95 96 16
f 97 12 14
f 96 97 14
f 88 10 12
f 97 88 12
f 98 8 10
f 88 98 10
f 99 6 8
f 98 99 8
f 100 3 6
f 99 100 6
f 83 4 3
f 100 83 3
f 101 102 103
f 104 101 103
f 104 103 105
f 106 104 105
f 106 105 107
f 108 106 107
f 109 107 110
f 107 105 110
f 110 105 103
f 110 103 102
f 111 108 112
f 111 106 108
f 104 106 111
f 101 104 111
f 113 114 115
f 113 115 116
f 115 117 118
f 116 115 118
f 119 120 121
f 119 121 122
f 123 119 122
f 123 122 124
f 125 123 124
f 125 124 126
f 127 125 128
f 123 125 127
f 123 127 119
f 119 127 120
f 129 126 130
f 130 126 124
f 122 130 124
f 121 130 122
f 131 132 102
f 131 102 101
f 120 133 134
f 121 120 134
f 135 132 131
f 135 131 136
f 137 135 136
f 137 136 138
f 139 137 138
f 139 138 140
f 137 141 135
f 135 141 132
f 142 138 136
f 142 136 131
f 143 144 84
f 143 145 144
f 143 146 145
f 1 147 141
f 143 84 1
f 143 1 141
f 143 141 137
f 143 137 139
f 146 143 139
f 146 139 148
f 134 133 149
f 150 134 149
f 150 149 151
f 152 150 151
f 152 151 153
f 154 152 153
f 155 151 149
f 155 149 133
f 152 156 150
f 150 156 134
f 83 157 158
f 157 159 158
f 159 160 158
f 142 161 4
f 4 83 158
f 4 158 142
f 138 142 158
f 138 158 140
f 140 158 160
f 140 160 162
f 85 163 164
f 163 165 164
f 165 166 164
f 155 167 17
f 151 155 164
f 151 164 153
f 153 164 166
f 153 166 168
f 169 170 86
f 169 171 170
f 169 172 171
f 18 173 156
f 169 86 18
f 169 18 156
f 172 169 154
f 172 154 174
f 164 155 17
f 164 17 85
f 156 152 154
f 156 154 169
f 153 168 174
f 153 174 154
f 175 176 38
f 175 38 76
f 35 177 178
f 35 178 79
f 176 168 166
f 176 166 38
f 76 172 174
f 76 174 175
f 174 168 176
f 174 176 175
f 148 177 35
f 148 35 146
f 178 177 148
f 178 148 162
f 160 79 178
f 160 178 162
f 162 148 139
f 162 139 140
f 108 107 114
f 108 114 112
f 117 125 126
f 117 126 118
f 147 1 179
f 141 147 179
f 180 181 182
f 180 182 110
f 183 184 185
f 127 183 185
f 186 17 167
f 186 167 155
f 132 141 179
f 102 180 110
f 185 120 127
f 186 155 133
f 120 185 186
f 120 186 133
f 102 132 179
f 102 179 180
f 187 4 161
f 187 161 142
f 188 189 190
f 111 188 190
f 191 192 193
f 191 193 130
f 173 18 194
f 156 173 194
f 142 131 187
f 190 101 111
f 121 191 130
f 156 194 134
f 194 191 121
f 194 121 134
f 187 131 101
f 187 101 190
f 181 195 196
f 181 196 197
f 195 198 199
f 195 199 196
f 198 200 201
f 198 201 199
f 200 202 203
f 200 203 201
f 202 204 205
f 202 205 203
f 204 206 207
f 204 207 205
f 206 208 209
f 206 209 207
f 208 184 210
f 208 210 209
f 184 183 211
f 184 211 210
f 183 127 212
f 183 212 211
f 127 117 213
f 127 213 212
f 117 115 214
f 117 214 213
f 115 114 215
f 115 215 214
f 114 110 216
f 114 216 215
f 110 182 217
f 110 217 216
f 182 181 197
f 182 197 217
f 218 219 220
f 218 220 221
f 222 223 224
f 222 224 225
f 218 221 222
f 225 224 226
f 227 225 226
f 227 226 228
f 229 227 228
f 229 228 230
f 231 229 230
f 227 229 231
f 227 231 225
f 232 230 233
f 230 228 233
f 233 228 226
f 233 226 234
f 220 235 236
f 221 220 236
f 237 238 239
f 240 237 239
f 241 239 236
f 241 236 242
f 243 237 240
f 243 240 244
f 245 243 244
f 245 244 246
f 247 245 246
f 247 246 242
f 242 246 244
f 240 242 244
f 248 247 249
f 245 247 248
f 245 248 243
f 243 248 250
f 251 231 218
f 251 218 222
f 236 239 221
f 221 239 222
f 230 232 218
f 230 218 231
f 235 247 242
f 235 242 236
f 252 253 254
f 252 254 233
f 255 256 257
f 248 255 257
f 252 233 234
f 252 234 223
f 252 223 258
f 257 250 248
f 257 259 238
f 257 238 250
f 202 200 260
f 261 202 260
f 262 223 222
f 263 262 222
f 222 261 260
f 264 262 263
f 264 263 265
f 266 264 265
f 266 265 267
f 268 266 267
f 268 267 269
f 269 267 265
f 263 269 265
f 198 268 270
f 198 266 268
f 264 266 198
f 262 264 198
f 271 204 202
f 271 202 261
f 239 238 272
f 239 272 273
f 271 239 273
f 274 271 273
f 273 272 275
f 276 273 275
f 276 275 277
f 278 276 277
f 278 277 279
f 274 278 279
f 276 278 274
f 276 274 273
f 280 279 206
f 206 279 277
f 275 206 277
f 272 206 275
f 260 269 263
f 222 260 263
f 261 239 271
f 222 239 261
f 260 270 268
f 269 260 268
f 274 279 204
f 271 274 204
f 195 181 281
f 198 195 281
f 282 184 208
f 282 208 206
f 262 198 281
f 223 262 281
f 258 223 281
f 206 272 282
f 238 259 282
f 272 238 282
f 283 284 285
f 283 285 286
f 287 288 284
f 287 284 283
f 289 290 288
f 289 288 287
f 291 292 290
f 291 290 289
f 293 294 292
f 293 292 291
f 295 296 294
f 295 294 293
f 297 298 296
f 297 296 295
f 299 300 298
f 299 298 297
f 301 302 300
f 301 300 299
f 303 304 302
f 303 302 301
f 305 306 304
f 305 304 303
f 307 308 306
f 307 306 305
f 309 310 308
f 309 308 307
f 311 312 310
f 311 310 309
f 313 314 312
f 313 312 311
f 286 285 314
f 286 314 313
f 196 309 307
f 197 196 307
f 199 311 309
f 196 199 309
f 201 313 311
f 199 201 311
f 203 286 313
f 201 203 313
f 205 283 286
f 203 205 286
f 207 287 283
f 205 207 283
f 209 289 287
f 207 209 287
f 210 291 289
f 209 210 289
f 211 293 291
f 210 211 291
f 212 295 293
f 211 212 293
f 213 297 295
f 212 213 295
f 214 299 297
f 213 214 297
f 215 301 299
f 214 215 299
f 216 303 301
f 215 216 301
f 217 305 303
f 216 217 303
f 197 307 305
f 217 197 305
f 310 315 316
f 308 310 316
f 312 317 315
f 310 312 315
f 314 318 317
f 312 314 317
f 285 319 318
f 314 285 318
f 284 320 319
f 285 284 319
f 288 321 320
f 284 288 320
f 290 322 321
f 288 290 321
f 292 323 322
f 290 292 322
f 294 324 323
f 292 294 323
f 296 325 324
f 294 296 324
f 298 326 325
f 296 298 325
f 300 327 326
f 298 300 326
f 302 328 327
f 300 302 327
f 304 329 328
f 302 304 328
f 306 330 329
f 304 306 329
f 308 316 330
f 306 308 330
f 319 320 331
f 332 319 331
f 320 321 333
f 331 320 333
f 321 322 334
f 333 321 334
f 322 323 335
f 334 322 335
f 323 324 336
f 335 323 336
f 324 325 337
f 336 324 337
f 325 326 338
f 337 325 338
f 326 327 339
f 338 326 339
f 327 328 340
f 339 327 340
f 328 329 341
f 340 328 341
f 329 330 342
f 341 329 342
f 330 316 343
f 342 330 343
f 316 315 344
f 343 316 344
f 315 317 345
f 344 315 345
f 317 318 346
f 345 317 346
f 318 319 332
f 346 318 332
f 343 344 347
f 343 347 348
f 344 345 349
f 344 349 347
f 345 346 350
f 345 350 349
f 346 332 351
f 346 351 350
f 332 331 352
f 332 352 351
f 331 333 353
f 331 353 352
f 333 334 354
f 333 354 353
f 334 335 355
f 334 355 354
f 335 336 356
f 335 356 355
f 336 337 357
f 336 357 356
f 337 338 358
f 337 358 357
f 338 339 359
f 338 359 358
f 339 340 360
f 339 360 359
f 340 341 361
f 340 361 360
f 341 342 362
f 341 362 361
f 342 343 348
f 342 348 362
f 363 364 365
f 366 363 365
f 367 368 369
f 370 367 369
f 369 366 365
f 371 367 370
f 371 370 372
f 373 371 372
f 373 372 374
f 375 373 374
f 375 374 376
f 376 374 372
f 370 376 372
f 377 375 378
f 377 373 375
f 371 373 377
f 379 371 377
f 380 381 363
f 380 363 366
f 382 383 384
f 382 384 385
f 380 382 386
f 387 380 386
f 385 384 388
f 389 385 388
f 389 388 390
f 391 389 390
f 391 390 392
f 387 391 392
f 389 391 387
f 389 387 385
f 393 392 394
f 394 392 390
f 388 394 390
f 395 394 388
f 365 376 396
f 369 365 396
f 366 382 380
f 369 382 366
f 365 378 375
f 376 365 375
f 387 392 381
f 380 387 381
f 397 398 399
f 377 397 399
f 400 401 402
f 400 402 394
f 379 377 399
f 368 379 399
f 403 368 399
f 394 395 400
f 383 404 400
f 395 383 400
f 405 406 407
f 405 407 408
f 369 368 409
f 369 409 410
f 405 408 369
f 410 409 411
f 412 410 411
f 412 411 413
f 414 412 413
f 414 413 415
f 416 414 415
f 412 414 416
f 412 416 410
f 417 415 418
f 415 413 418
f 418 413 411
f 418 411 409
f 407 419 420
f 408 407 420
f 421 383 382
f 422 421 382
f 422 382 420
f 422 420 423
f 424 421 422
f 424 422 425
f 426 424 425
f 426 425 427
f 428 426 427
f 428 427 423
f 423 427 425
f 422 423 425
f 429 428 430
f 426 428 429
f 426 429 424
f 424 429 421
f 410 416 405
f 410 405 369
f 420 382 408
f 408 382 369
f 415 417 405
f 415 405 416
f 419 428 423
f 419 423 420
f 431 189 432
f 431 432 418
f 433 192 434
f 429 433 434
f 431 418 409
f 431 409 368
f 431 368 403
f 434 421 429
f 434 404 383
f 434 383 421
f 347 432 189
f 348 347 189
f 349 418 432
f 347 349 432
f 350 406 418
f 349 350 418
f 351 407 406
f 350 351 406
f 352 419 407
f 351 352 407
f 353 429 419
f 352 353 419
f 354 433 429
f 353 354 429
f 355 192 433
f 354 355 433
f 356 193 192
f 355 356 192
f 357 130 193
f 356 357 193
f 358 118 130
f 357 358 130
f 359 116 118
f 358 359 118
f 360 113 116
f 359 360 116
f 361 111 113
f 360 361 113
f 362 188 111
f 361 362 111
f 348 189 188
f 362 348 188
f 253 435 436
f 253 436 437
f 435 438 439
f 435 439 436
f 438 440 441
f 438 441 439
f 440 442 443
f 440 443 441
f 442 444 445
f 442 445 443
f 444 446 447
f 444 447 445
f 446 448 449
f 446 449 447
f 448 256 450
f 448 450 449
f 256 255 451
f 256 451 450
f 255 248 452
f 255 452 451
f 248 235 453
f 248 453 452
f 235 220 454
f 235 454 453
f 220 219 455
f 220 455 454
f 219 233 456
f 219 456 455
f 233 254 457
f 233 457 456
f 254 253 437
f 254 437 457
f 458 459 460
f 458 460 461
f 462 463 464
f 462 464 465
f 458 461 462
f 465 464 466
f 467 465 466
f 467 466 468
f 469 467 468
f 469 468 470
f 471 469 470
f 467 469 471
f 467 471 465
f 472 470 473
f 470 468 473
f 473 468 466
f 473 466 474
f 460 475 476
f 461 460 476
f 477 478 479
f 480 477 479
f 481 479 476
f 481 476 482
f 483 477 480
f 483 480 484
f 485 483 484
f 485 484 486
f 487 485 486
f 487 486 482
f 482 486 484
f 480 482 484
f 488 487 489
f 485 487 488
f 485 488 483
f 483 488 490
f 491 471 458
f 491 458 462
f 476 479 461
f 461 479 462
f 470 472 458
f 470 458 471
f 475 487 482
f 475 482 476
f 492 493 494
f 492 494 473
f 495 496 497
f 488 495 497
f 492 473 474
f 492 474 463
f 492 463 498
f 497 490 488
f 497 499 478
f 497 478 490
f 442 440 500
f 501 442 500
f 502 463 462
f 503 502 462
f 462 501 500
f 504 502 503
f 504 503 505
f 506 504 505
f 506 505 507
f 508 506 507
f 508 507 509
f 509 507 505
f 503 509 505
f 438 508 510
f 438 506 508
f 504 506 438
f 502 504 438
f 511 444 442
f 511 442 501
f 479 478 512
f 479 512 513
f 511 479 513
f 514 511 513
f 513 512 515
f 516 513 515
f 516 515 517
f 518 516 517
f 518 517 519
f 514 518 519
f 516 518 514
f 516 514 513
f 520 519 446
f 446 519 517
f 515 446 517
f 512 446 515
f 500 509 503
f 462 500 503
f 501 479 511
f 462 479 501
f 500 510 508
f 509 500 508
f 514 519 444
f 511 514 444
f 435 253 521
f 438 435 521
f 522 256 448
f 522 448 446
f 502 438 521
f 463 502 521
f 498 463 521
f 446 512 522
f 478 499 522
f 512 478 522
f 523 524 525
f 523 525 526
f 527 528 524
f 527 524 523
f 529 530 528
f 529 528 527
f 531 532 530
f 531 530 529
f 533 534 532
f 533 532 531
f 535 536 534
f 535 534 533
f 537 538 536
f 537 536 535
f 539 540 538
f 539 538 537
f 541 542 540
f 541 540 539
f 543 544 542
f 543 542 541
f 545 546 544
f 545 544 543
f 547 548 546
f 547 546 545
f 549 550 548
f 549 548 547
f 551 552 550
f 551 550 549
f 553 554 552
f 553 552 551
f 526 525 554
f 526 554 553
f 436 549 547
f 437 436 547
f 439 551 549
f 436 439 549
f 441 553 551
f 439 441 551
f 443 526 553
f 441 443 553
f 445 523 526
f 443 445 526
f 447 527 523
f 445 447 523
f 449 529 527
f 447 449 527
f 450 531 529
f 449 450 529
f 451 533 531
f 450 451 531
f 452 535 533
f 451 452 533
f 453 537 535
f 452 453 535
f 454 539 537
f 453 454 537
f 455 541 539
f 454 455 539
f 456 543 541
f 455 456 541
f 457 545 543
f 456 457 543
f 437 547 545
f 457 437 545
f 550 555 556
f 548 550 556
f 552 557 555
f 550 552 555
f 554 558 557
f 552 554 557
f 525 559 558
f 554 525 558
f 524 560 559
f 525 524 559
f 528 561 560
f 524 528 560
f 530 562 561
f 528 530 561
f 532 563 562
f 530 532 562
f 534 564 563
f 532 534 563
f 536 565 564
f 534 536 564
f 538 566 565
f 536 538 565
f 540 567 566
f 538 540 566
f 542 568 567
f 540 542 567
f 544 569 568
f 542 544 568
f 546 570 569
f 544 546 569
f 548 556 570
f 546 548 570
f 559 560 571
f 572 559 571
f 560 561 573
f 571 560 573
f 561 562 574
f 573 561 574
f 562 563 575
f 574 562 575
f 563 564 576
f 575 563 576
f 564 565 577
f 576 564 577
f 565 566 578
f 577 565 578
f 566 567 579
f 578 566 579
f 567 568 580
f 579 567 580
f 568 569 581
f 580 568 581
f 569 570 582
f 581 569 582
f 570 556 583
f 582 570 583
f 556 555 584
f 583 556 584
f 555 557 585
f 584 555 585
f 557 558 586
f 585 557 586
f 558 559 572
f 586 558 572
f 583 584 587
f 583 587 588
f 584 585 589
f 584 589 587
f 585 586 590
f 585 590 589
f 586 572 591
f 586 591 590
f 572 571 592
f 572 592 591
f 571 573 593
f 571 593 592
f 573 574 594
f 573 594 593
f 574 575 595
f 574 595 594
f 575 576 596
f 575 596 595
f 576 577 597
f 576 597 596
f 577 578 598
f 577 598 597
f 578 579 599
f 578 599 598
f 579 580 600
f 579 600 599
f 580 581 601
f 580 601 600
f 581 582 602
f 581 602 601
f 582 583 588
f 582 588 602
f 603 604 605
f 606 603 605
f 607 608 609
f 610 607 609
f 609 606 605
f 611 607 610
f 611 610 612
f 613 611 612
f 613 612 614
f 615 613 614
f 615 614 616
f 616 614 612
f 610 616 612
f 617 615 618
f 617 613 615
f 611 613 617
f 619 611 617
f 620 621 603
f 620 603 606
f 622 623 624
f 622 624 625
f 620 622 626
f 627 620 626
f 625 624 628
f 629 625 628
f 629 628 630
f 631 629 630
f 631 630 632
f 627 631 632
f 629 631 627
f 629 627 625
f 633 632 634
f 634 632 630
f 628 634 630
f 635 634 628
f 605 616 636
f 609 605 636
f 606 622 620
f 609 622 606
f 605 618 615
f 616 605 615
f 627 632 621
f 620 627 621
f 637 638 639
f 617 637 639
f 640 641 642
f 640 642 634
f 619 617 639
f 608 619 639
f 643 608 639
f 634 635 640
f 623 644 640
f 635 623 640
f 645 646 647
f 645 647 648
f 609 608 649
f 609 649 650
f 645 648 609
f 650 649 651
f 652 650 651
f 652 651 653
f 654 652 653
f 654 653 655
f 656 654 655
f 652 654 656
f 652 656 650
f 657 655 658
f 655 653 658
f 658 653 651
f 658 651 649
f 647 659 660
f 648 647 660
f 661 623 622
f 662 661 622
f 662 622 660
f 662 660 663
f 664 661 662
f 664 662 665
f 666 664 665
f 666 665 667
f 668 666 667
f 668 667 663
f 663 667 665
f 662 663 665
f 669 668 670
f 666 668 669
f 666 669 664
f 664 669 661
f 650 656 645
f 650 645 609
f 660 622 648
f 648 622 609
f 655 657 645
f 655 645 656
f 659 668 663
f 659 663 660
f 671 398 672
f 671 672 658
f 673 401 674
f 669 673 674
f 671 658 649
f 671 649 608
f 671 608 643
f 674 661 669
f 674 644 623
f 674 623 661
f 587 672 398
f 588 587 398
f 589 658 672
f 587 589 672
f 590 646 658
f 589 590 658
f 591 647 646
f 590 591 646
f 592 659 647
f 591 592 647
f 593 669 659
f 592 593 659
f 594 673 669
f 593 594 669
f 595 401 673
f 594 595 673
f 596 402 401
f 595 596 401
f 597 394 402
f 596 597 402
f 598 381 394
f 597 598 394
f 599 363 381
f 598 599 381
f 600 364 363
f 599 600 363
f 601 377 364
f 600 601 364
f 602 397 377
f 601 602 377
f 588 398 397
f 602 588 397
f 493 675 676
f 493 676 677
f 675 678 679
f 675 679 676
f 678 680 681
f 678 681 679
f 680 682 683
f 680 683 681
f 682 684 685
f 682 685 683
f 684 686 687
f 684 687 685
f 686 688 689
f 686 689 687
f 688 496 690
f 688 690 689
f 496 495 691
f 496 691 690
f 495 488 692
f 495 692 691
f 488 475 693
f 488 693 692
f 475 460 694
f 475 694 693
f 460 459 695
f 460 695 694
f 459 473 696
f 459 696 695
f 473 494 697
f 473 697 696
f 494 493 677
f 494 677 697
f 698 699 700
f 698 700 701
f 702 703 704
f 702 704 705
f 698 701 702
f 705 704 706
f 707 705 706
f 707 706 708
f 709 707 708
f 709 708 710
f 711 709 710
f 707 709 711
f 707 711 705
f 712 710 713
f 710 708 713
f 713 708 706
f 713 706 714
f 700 715 716
f 701 700 716
f 717 718 719
f 720 717 719
f 721 719 716
f 721 716 722
f 723 717 720
f 723 720 724
f 725 723 724
f 725 724 726
f 727 725 726
f 727 726 722
f 722 726 724
f 720 722 724
f 728 727 729
f 725 727 728
f 725 728 723
f 723 728 730
f 731 711 698
f 731 698 702
f 716 719 701
f 701 719 702
f 710 712 698
f 710 698 711
f 715 727 722
f 715 722 716
f 732 733 734
f 732 734 713
f 735 736 737
f 728 735 737
f 732 713 714
f 732 714 703
f 732 703 738
f 737 730 728
f 737 739 718
f 737 718 730
f 682 680 740
f 741 682 740
f 742 703 702
f 743 742 702
f 702 741 740
f 744 742 743
f 744 743 745
f 746 744 745
f 746 745 747
f 748 746 747
f 748 747 749
f 749 747 745
f 743 749 745
f 678 748 750
f 678 746 748
f 744 746 678
f 742 744 678
f 751 684 682
f 751 682 741
f 719 718 752
f 719 752 753
f 751 719 753
f 754 751 753
f 753 752 755
f 756 753 755
f 756 755 757
f 758 756 757
f 758 757 759
f 754 758 759
f 756 758 754
f 756 754 753
f 760 759 686
f 686 759 757
f 755 686 757
f 752 686 755
f 740 749 743
f 702 740 743
f 741 719 751
f 702 719 741
f 740 750 748
f 749 740 748
f 754 759 684
f 751 754 684
f 675 493 761
f 678 675 761
f 762 496 688
f 762 688 686
f 742 678 761
f 703 742 761
f 738 703 761
f 686 752 762
f 718 739 762
f 752 718 762
f 763 764 765
f 763 765 766
f 767 768 764
f 767 764 763
f 769 770 768
f 769 768 767
f 771 772 770
f 771 770 769
f 773 774 772
f 773 772 771
f 775 776 774
f 775 774 773
f 777 778 776
f 777 776 775
f 779 780 778
f 779 778 777
f 781 782 780
f 781 780 779
f 783 784 782
f 783 782 781
f 785 786 784
f 785 784 783
f 787 788 786
f 787 786 785
f 789 790 788
f 789 788 787
f 791 792 790
f 791 790 789
f 793 794 792
f 793 792 791
f 766 765 794
f 766 794 793
f 676 789 787
f 677 676 787
f 679 791 789
f 676 679 789
f 681 793 791
f 679 681 791
f 683 766 793
f 681 683 793
f 685 763 766
f 683 685 766
f 687 767 763
f 685 687 763
f 689 769 767
f 687 689 767
f 690 771 769
f 689 690 769
f 691 773 771
f 690 691 771
f 692 775 773
f 691 692 773
f 693 777 775
f 692 693 775
f 694 779 777
f 693 694 777
f 695 781 779
f 694 695 779
f 696 783 781
f 695 696 781
f 697 785 783
f 696 697 783
f 677 787 785
f 697 677 785
f 790 795 796
f 788 790 796
f 792 797 795
f 790 792 795
f 794 798 797
f 792 794 797
f 765 799 798
f 794 765 798
f 764 800 799
f 765 764 799
f 768 801 800
f 764 768 800
f 770 802 801
f 768 770 801
f 772 803 802
f 770 772 802
f 774 804 803
f 772 774 803
f 776 805 804
f 774 776 804
f 778 806 805
f 776 778 805
f 780 807 806
f 778 780 806
f 782 808 807
f 780 782 807
f 784 809 808
f 782 784 808
f 786 810 809
f 784 786 809
f 788 796 810
f 786 788 810
f 799 800 811
f 812 799 811
f 800 801 813
f 811 800 813
f 801 802 814
f 813 801 814
f 802 803 815
f 814 802 815
f 803 804 816
f 815 803 816
f 804 805 817
f 816 804 817
f 805 806 818
f 817 805 818
f 806 807 819
f 818 806 819
f 807 808 820
f 819 807 820
f 808 809 821
f 820 808 821
f 809 810 822
f 821 809 822
f 810 796 823
f 822 810 823
f 796 795 824
f 823 796 824
f 795 797 825
f 824 795 825
f 797 798 826
f 825 797 826
f 798 799 812
f 826 798 812
f 823 824 827
f 823 827 828
f 824 825 829
f 824 829 827
f 825 826 830
f 825 830 829
f 826 812 831
f 826 831 830
f 812 811 832
f 812 832 831
f 811 813 833
f 811 833 832
f 813 814 834
f 813 834 833
f 814 815 835
f 814 835 834
f 815 816 836
f 815 836 835
f 816 817 837
f 816 837 836
f 817 818 838
f 817 838 837
f 818 819 839
f 818 839 838
f 819 820 840
f 819 840 839
f 820 821 841
f 820 841 840
f 821 822 842
f 821 842 841
f 822 823 828
f 822 828 842
f 843 844 845
f 846 843 845
f 847 848 849
f 850 847 849
f 849 846 845
f 851 847 850
f 851 850 852
f 853 851 852
f 853 852 854
f 855 853 854
f 855 854 856
f 856 854 852
f 850 856 852
f 857 855 858
f 857 853 855
f 851 853 857
f 859 851 857
f 860 861 843
f 860 843 846
f 862 863 864
f 862 864 865
f 860 862 866
f 867 860 866
f 865 864 868
f 869 865 868
f 869 868 870
f 871 869 870
f 871 870 872
f 867 871 872
f 869 871 867
f 869 867 865
f 873 872 874
f 874 872 870
f 868 874 870
f 875 874 868
f 845 856 876
f 849 845 876
f 846 862 860
f 849 862 846
f 845 858 855
f 856 845 855
f 867 872 861
f 860 867 861
f 877 878 879
f 857 877 879
f 880 881 882
f 880 882 874
f 859 857 879
f 848 859 879
f 883 848 879
f 874 875 880
f 863 884 880
f 875 863 880
f 885 886 887
f 885 887 888
f 849 848 889
f 849 889 890
f 885 888 849
f 890 889 891
f 892 890 891
f 892 891 893
f 894 892 893
f 894 893 895
f 896 894 895
f 892 894 896
f 892 896 890
f 897 895 898
f 895 893 898
f 898 893 891
f 898 891 889
f 887 899 900
f 888 887 900
f 901 863 862
f 902 901 862
f 902 862 900
f 902 900 903
f 904 901 902
f 904 902 905
f 906 904 905
f 906 905 907
f 908 906 907
f 908 907 903
f 903 907 905
f 902 903 905
f 909 908 910
f 906 908 909
f 906 909 904
f 904 909 901
f 890 896 885
f 890 885 849
f 900 862 888
f 888 862 849
f 895 897 885
f 895 885 896
f 899 908 903
f 899 903 900
f 911 638 912
f 911 912 898
f 913 641 914
f 909 913 914
f 911 898 889
f 911 889 848
f 911 848 883
f 914 901 909
f 914 884 863
f 914 863 901
f 827 912 638
f 828 827 638
f 829 898 912
f 827 829 912
f 830 886 898
f 829 830 898
f 831 887 886
f 830 831 886
f 832 899 887
f 831 832 887
f 833 909 899
f 832 833 899
f 834 913 909
f 833 834 909
f 835 641 913
f 834 835 913
f 836 642 641
f 835 836 641
f 837 634 642
f 836 837 642
f 838 621 634
f 837 838 634
f 839 603 621
f 838 839 621
f 840 604 603
f 839 840 603
f 841 617 604
f 840 841 604
f 842 637 617
f 841 842 617
f 828 638 637
f 842 828 637
f 733 915 916
f 733 916 917
f 915 918 919
f 915 919 916
f 918 920 921
f 918 921 919
f 920 922 923
f 920 923 921
f 922 924 925
f 922 925 923
f 924 926 927
f 924 927 925
f 926 928 929
f 926 929 927
f 928 736 930
f 928 930 929
f 736 735 931
f 736 931 930
f 735 728 932
f 735 932 931
f 728 715 933
f 728 933 932
f 715 700 934
f 715 934 933
f 700 699 935
f 700 935 934
f 699 713 936
f 699 936 935
f 713 734 937
f 713 937 936
f 734 733 917
f 734 917 937
f 938 939 940
f 938 940 941
f 942 943 944
f 942 944 945
f 938 941 942
f 945 944 946
f 947 945 946
f 947 946 948
f 949 947 948
f 949 948 950
f 951 949 950
f 947 949 951
f 947 951 945
f 952 950 953
f 950 948 953
f 953 948 946
f 953 946 954
f 940 955 956
f 941 940 956
f 957 958 959
f 960 957 959
f 961 959 956
f 961 956 962
f 963 957 960
f 963 960 964
f 965 963 964
f 965 964 966
f 967 965 966
f 967 966 962
f 962 966 964
f 960 962 964
f 968 967 969
f 965 967 968
f 965 968 963
f 963 968 970
f 971 951 938
f 971 938 942
f 956 959 941
f 941 959 942
f 950 952 938
f 950 938 951
f 955 967 962
f 955 962 956
f 972 973 974
f 972 974 953
f 975 976 977
f 968 975 977
f 972 953 954
f 972 954 943
f 972 943 978
f 977 970 968
f 977 979 958
f 977 958 970
f 922 920 980
f 981 922 980
f 982 943 942
f 983 982 942
f 942 981 980
f 984 982 983
f 984 983 985
f 986 984 985
f 986 985 987
f 988 986 987
f 988 987 989
f 989 987 985
f 983 989 985
f 918 988 990
f 918 986 988
f 984 986 918
f 982 984 918
f 991 924 922
f 991 922 981
f 959 958 992
f 959 992 993
f 991 959 993
f 994 991 993
f 993 992 995
f 996 993 995
f 996 995 997
f 998 996 997
f 998 997 999
f 994 998 999
f 996 998 994
f 996 994 993
f 1000 999 926
f 926 999 997
f 995 926 997
f 992 926 995
f 980 989 983
f 942 980 983
f 981 959 991
f 942 959 981
f 980 990 988
f 989 980 988
f 994 999 924
f 991 994 924
f 915 733 1001
f 918 915 1001
f 1002 736 928
f 1002 928 926
f 982 918 1001
f 943 982 1001
f 978 943 1001
f 926 992 1002
f 958 979 1002
f 992 958 1002
f 1003 1004 1005
f 1003 1005 1006
f 1007 1008 1004
f 1007 1004 1003
f 1009 1010 1008
f 1009 1008 1007
f 1011 1012 1010
f 1011 1010 1009
f 1013 1014 1012
f 1013 1012 1011
f 1015 1016 1014
f 1015 1014 1013
f 1017 1018 1016
f 1017 1016 1015
f 1019 1020 1018
f 1019 1018 1017
f 1021 1022 1020
f 1021 1020 1019
f 1023 1024 1022
f 1023 1022 1021
f 1025 1026 1024
f 1025 1024 1023
f 1027 1028 1026
f 1027 1026 1025
f 1029 1030 1028
f 1029 1028 1027
f 1031 1032 1030
f 1031 1030 1029
f 1033 1034 1032
f 1033 1032 1031
f 1006 1005 1034
f 1006 1034 1033
f 916 1029 1027
f 917 916 1027
f 919 1031 1029
f 916 919 1029
f 921 1033 1031
f 919 921 1031
f 923 1006 1033
f 921 923 1033
f 925 1003 1006
f 923 925 1006
f 927 1007 1003
f 925 927 1003
f 929 1009 1007
f 927 929 1007
f 930 1011 1009
f 929 930 1009
f 931 1013 1011
f 930 931 1011
f 932 1015 1013
f 931 932 1013
f 933 1017 1015
f 932 933 1015
f 934 1019 1017
f 933 934 1017
f 935 1021 1019
f 934 935 1019
f 936 1023 1021
f 935 936 1021
f 937 1025 1023
f 936 937 1023
f 917 1027 1025
f 937 917 1025
f 1030 1035 1036
f 1028 1030 1036
f 1032 1037 1035
f 1030 1032 1035
f 1034 1038 1037
f 1032 1034 1037
f 1005 1039 1038
f 1034 1005 1038
f 1004 1040 1039
f 1005 1004 1039
f 1008 1041 1040
f 1004 1008 1040
f 1010 1042 1041
f 1008 1010 1041
f 1012 1043 1042
f 1010 1012 1042
f 1014 1044 1043
f 1012 1014 1043
f 1016 1045 1044
f 1014 1016 1044
f 1018 1046 1045
f 1016 1018 1045
f 1020 1047 1046
f 1018 1020 1046
f 1022 1048 1047
f 1020 1022 1047
f 1024 1049 1048
f 1022 1024 1048
f 1026 1050 1049
f 1024 1026 1049
f 1028 1036 1050
f 1026 1028 1050
f 1039 1040 1051
f 1052 1039 1051
f 1040 1041 1053
f 1051 1040 1053
f 1041 1042 1054
f 1053 1041 1054
f 1042 1043 1055
f 1054 1042 1055
f 1043 1044 1056
f 1055 1043 1056
f 1044 1045 1057
f 1056 1044 1057
f 1045 1046 1058
f 1057 1045 1058
f 1046 1047 1059
f 1058 1046 1059
f 1047 1048 1060
f 1059 1047 1060
f 1048 1049 1061
f 1060 1048 1061
f 1049 1050 1062
f 1061 1049 1062
f 1050 1036 1063
f 1062 1050 1063
f 1036 1035 1064
f 1063 1036 1064
f 1035 1037 1065
f 1064 1035 1065
f 1037 1038 1066
f 1065 1037 1066
f 1038 1039 1052
f 1066 1038 1052
f 1063 1064 1067
f 1063 1067 1068
f 1064 1065 1069
f 1064 1069 1067
f 1065 1066 1070
f 1065 1070 1069
f 1066 1052 1071
f 1066 1071 1070
f 1052 1051 1072
f 1052 1072 1071
f 1051 1053 1073
f 1051 1073 1072
f 1053 1054 1074
f 1053 1074 1073
f 1054 1055 1075
f 1054 1075 1074
f 1055 1056 1076
f 1055 1076 1075
f 1056 1057 1077
f 1056 1077 1076
f 1057 1058 1078
f 1057 1078 1077
f 1058 1059 1079
f 1058 1079 1078
f 1059 1060 1080
f 1059 1080 1079
f 1060 1061 1081
f 1060 1081 1080
f 1061 1062 1082
f 1061 1082 1081
f 1062 1063 1068
f 1062 1068 1082
f 1083 1084 1085
f 1086 1083 1085
f 1087 1088 1089
f 1090 1087 1089
f 1089 1086 1085
f 1091 1087 1090
f 1091 1090 1092
f 1093 1091 1092
f 1093 1092 1094
f 1095 1093 1094
f 1095 1094 1096
f 1096 1094 1092
f 1090 1096 1092
f 1097 1095 1098
f 1097 1093 1095
f 1091 1093 1097
f 1099 1091 1097
f 1100 1101 1083
f 1100 1083 1086
f 1102 1103 1104
f 1102 1104 1105
f 1100 1102 1106
f 1107 1100 1106
f 1105 1104 1108
f 1109 1105 1108
f 1109 1108 1110
f 1111 1109 1110
f 1111 1110 1112
f 1107 1111 1112
f 1109 1111 1107
f 1109 1107 1105
f 1113 1112 1114
f 1114 1112 1110
f 1108 1114 1110
f 1115 1114 1108
f 1085 1096 1116
f 1089 1085 1116
f 1086 1102 1100
f 1089 1102 1086
f 1085 1098 1095
f 1096 1085 1095
f 1107 1112 1101
f 1100 1107 1101
f 1117 1118 1119
f 1097 1117 1119
f 1120 1121 1122
f 1120 1122 1114
f 1099 1097 1119
f 1088 1099 1119
f 1123 1088 1119
f 1114 1115 1120
f 1103 1124 1120
f 1115 1103 1120
f 1125 1126 1127
f 1125 1127 1128
f 1089 1088 1129
f 1089 1129 1130
f 1125 1128 1089
f 1130 1129 1131
f 1132 1130 1131
f 1132 1131 1133
f 1134 1132 1133
f 1134 1133 1135
f 1136 1134 1135
f 1132 1134 1136
f 1132 1136 1130
f 1137 1135 1138
f 1135 1133 1138
f 1138 1133 1131
f 1138 1131 1129
f 1127 1139 1140
f 1128 1127 1140
f 1141 1103 1102
f 1142 1141 1102
f 1142 1102 1140
f 1142 1140 1143
f 1144 1141 1142
f 1144 1142 1145
f 1146 1144 1145
f 1146 1145 1147
f 1148 1146 1147
f 1148 1147 1143
f 1143 1147 1145
f 1142 1143 1145
f 1149 1148 1150
f 1146 1148 1149
f 1146 1149 1144
f 1144 1149 1141
f 1130 1136 1125
f 1130 1125 1089
f 1140 1102 1128
f 1128 1102 1089
f 1135 1137 1125
f 1135 1125 1136
f 1139 1148 1143
f 1139 1143 1140
f 1151 878 1152
f 1151 1152 1138
f 1153 881 1154
f 1149 1153 1154
f 1151 1138 1129
f 1151 1129 1088
f 1151 1088 1123
f 1154 1141 1149
f 1154 1124 1103
f 1154 1103 1141
f 1067 1152 878
f 1068 1067 878
f 1069 1138 1152
f 1067 1069 1152
f 1070 1126 1138
f 1069 1070 1138
f 1071 1127 1126
f 1070 1071 1126
f 1072 1139 1127
f 1071 1072 1127
f 1073 1149 1139
f 1072 1073 1139
f 1074 1153 1149
f 1073 1074 1149
f 1075 881 1153
f 1074 1075 1153
f 1076 882 881
f 1075 1076 881
f 1077 874 882
f 1076 1077 882
f 1078 861 874
f 1077 1078 874
f 1079 843 861
f 1078 1079 861
f 1080 844 843
f 1079 1080 843
f 1081 857 844
f 1080 1081 844
f 1082 877 857
f 1081 1082 857
f 1068 878 877
f 1082 1068 877
f 1155 1156 1157
f 1158 1155 1157
f 1156 1159 1160
f 1157 1156 1160
f 1159 1161 1162
f 1160 1159 1162
f 1161 1163 1164
f 1162 1161 1164
f 1163 1165 1166
f 1164 1163 1166
f 1165 1167 1168
f 1166 1165 1168
f 1167 1169 1170
f 1168 1167 1170
f 1169 1171 1172
f 1170 1169 1172
f 1171 1173 1174
f 1172 1171 1174
f 1173 1175 1176
f 1174 1173 1176
f 1175 1177 1178
f 1176 1175 1178
f 1177 1179 1180
f 1178 1177 1180
f 1179 1181 1182
f 1180 1179 1182
f 1181 1183 1184
f 1182 1181 1184
f 1183 1185 1186
f 1184 1183 1186
f 1185 1155 1158
f 1186 1185 1158
f 1180 1182 1187
f 1180 1187 1188
f 1182 1184 1189
f 1182 1189 1187
f 1184 1186 1190
f 1184 1190 1189
f 1186 1158 1191
f 1186 1191 1190
f 1158 1157 1192
f 1158 1192 1191
f 1157 1160 1193
f 1157 1193 1192
f 1160 1162 1194
f 1160 1194 1193
f 1162 1164 1195
f 1162 1195 1194
f 1164 1166 1196
f 1164 1196 1195
f 1166 1168 1197
f 1166 1197 1196
f 1168 1170 1198
f 1168 1198 1197
f 1170 1172 1199
f 1170 1199 1198
f 1172 1174 1200
f 1172 1200 1199
f 1174 1176 1201
f 1174 1201 1200
f 1176 1178 1202
f 1176 1202 1201
f 1178 1180 1188
f 1178 1188 1202
f 1118 1117 1202
f 1118 1202 1188
f 1117 1097 1201
f 1117 1201 1202
f 1097 1084 1200
f 1097 1200 1201
f 1084 1083 1199
f 1084 1199 1200
f 1083 1101 1198
f 1083 1198 1199
f 1101 1114 1197
f 1101 1197 1198
f 1114 1122 1196
f 1114 1196 1197
f 1122 1121 1195
f 1122 1195 1196
f 1121 1203 1194
f 1121 1194 1195
f 1203 1204 1193
f 1203 1193 1194
f 1204 1205 1192
f 1204 1192 1193
f 1205 1206 1191
f 1205 1191 1192
f 1206 1207 1190
f 1206 1190 1191
f 1207 1208 1189
f 1207 1189 1190
f 1208 1209 1187
f 1208 1187 1189
f 1209 1118 1188
f 1209 1188 1187
f 1210 1181 1179
f 1211 1210 1179
f 1212 1183 1181
f 1210 1212 1181
f 1213 1185 1183
f 1212 1213 1183
f 1214 1155 1185
f 1213 1214 1185
f 1215 1156 1155
f 1214 1215 1155
f 1216 1159 1156
f 1215 1216 1156
f 1217 1161 1159
f 1216 1217 1159
f 1218 1163 1161
f 1217 1218 1161
f 1219 1165 1163
f 1218 1219 1163
f 1220 1167 1165
f 1219 1220 1165
f 1221 1169 1167
f 1220 1221 1167
f 1222 1171 1169
f 1221 1222 1169
f 1223 1173 1171
f 1222 1223 1171
f 1224 1175 1173
f 1223 1224 1173
f 1225 1177 1175
f 1224 1225 1175
f 1211 1179 1177
f 1225 1211 1177
f 973 1226 1227
f 973 1227 1228
f 1226 1229 1230
f 1226 1230 1227
f 1229 1231 1232
f 1229 1232 1230
f 1231 1233 1234
f 1231 1234 1232
f 1233 1235 1236
f 1233 1236 1234
f 1235 1237 1238
f 1235 1238 1236
f 1237 1239 1240
f 1237 1240 1238
f 1239 976 1241
f 1239 1241 1240
f 976 975 1242
f 976 1242 1241
f 975 968 1243
f 975 1243 1242
f 968 955 1244
f 968 1244 1243
f 955 940 1245
f 955 1245 1244
f 940 939 1246
f 940 1246 1245
f 939 953 1247
f 939 1247 1246
f 953 974 1248
f 953 1248 1247
f 974 973 1228
f 974 1228 1248
f 1249 1215 1214
f 1249 1214 1250
f 1251 1216 1215
f 1251 1215 1249
f 1252 1217 1216
f 1252 1216 1251
f 1253 1218 1217
f 1253 1217 1252
f 1254 1219 1218
f 1254 1218 1253
f 1255 1220 1219
f 1255 1219 1254
f 1256 1221 1220
f 1256 1220 1255
f 1257 1222 1221
f 1257 1221 1256
f 1258 1223 1222
f 1258 1222 1257
f 1259 1224 1223
f 1259 1223 1258
f 1260 1225 1224
f 1260 1224 1259
f 1261 1211 1225
f 1261 1225 1260
f 1262 1210 1211
f 1262 1211 1261
f 1263 1212 1210
f 1263 1210 1262
f 1264 1213 1212
f 1264 1212 1263
f 1250 1214 1213
f 1250 1213 1264
f 1227 1262 1261
f 1228 1227 1261
f 1230 1263 1262
f 1227 1230 1262
f 1232 1264 1263
f 1230 1232 1263
f 1234 1250 1264
f 1232 1234 1264
f 1236 1249 1250
f 1234 1236 1250
f 1238 1251 1249
f 1236 1238 1249
f 1240 1252 1251
f 1238 1240 1251
f 1241 1253 1252
f 1240 1241 1252
f 1242 1254 1253
f 1241 1242 1253
f 1243 1255 1254
f 1242 1243 1254
f 1244 1256 1255
f 1243 1244 1255
f 1245 1257 1256
f 1244 1245 1256
f 1246 1258 1257
f 1245 1246 1257
f 1247 1259 1258
f 1246 1247 1258
f 1248 1260 1259
f 1247 1248 1259
f 1228 1261 1260
f 1248 1228 1260
f 1265 1266 1267
f 1265 1267 1268
f 1269 1270 1271
f 1269 1271 1272
f 1265 1268 1269
f 1272 1271 1273
f 1274 1272 1273
f 1274 1273 1275
f 1276 1274 1275
f 1276 1275 1277
f 1278 1276 1277
f 1274 1276 1278
f 1274 1278 1272
f 1279 1277 1280
f 1277 1275 1280
f 1280 1275 1273
f 1280 1273 1281
f 1267 1282 1283
f 1268 1267 1283
f 1284 1285 1286
f 1287 1284 1286
f 1288 1286 1283
f 1288 1283 1289
f 1290 1284 1287
f 1290 1287 1291
f 1292 1290 1291
f 1292 1291 1293
f 1294 1292 1293
f 1294 1293 1289
f 1289 1293 1291
f 1287 1289 1291
f 1295 1294 1296
f 1292 1294 1295
f 1292 1295 1290
f 1290 1295 1297
f 1298 1278 1265
f 1298 1265 1269
f 1283 1286 1268
f 1268 1286 1269
f 1277 1279 1265
f 1277 1265 1278
f 1282 1294 1289
f 1282 1289 1283
f 1233 1231 1299
f 1300 1233 1299
f 1301 1270 1269
f 1302 1301 1269
f 1269 1300 1299
f 1303 1301 1302
f 1303 1302 1304
f 1305 1303 1304
f 1305 1304 1306
f 1307 1305 1306
f 1307 1306 1308
f 1308 1306 1304
f 1302 1308 1304
f 1229 1307 1309
f 1229 1305 1307
f 1303 1305 1229
f 1301 1303 1229
f 1310 1235 1233
f 1310 1233 1300
f 1286 1285 1311
f 1286 1311 1312
f 1310 1286 1312
f 1313 1310 1312
f 1312 1311 1314
f 1315 1312 1314
f 1315 1314 1316
f 1317 1315 1316
f 1317 1316 1318
f 1313 1317 1318
f 1315 1317 1313
f 1315 1313 1312
f 1319 1318 1237
f 1237 1318 1316
f 1314 1237 1316
f 1311 1237 1314
f 1299 1308 1302
f 1269 1299 1302
f 1300 1286 1310
f 1269 1286 1300
f 1299 1309 1307
f 1308 1299 1307
f 1313 1318 1235
f 1310 1313 1235
f 1320 1321 1322
f 1323 1320 1322
f 1324 1325 1326
f 1327 1324 1326
f 1326 1323 1322
f 1328 1324 1327
f 1328 1327 1329
f 1330 1328 1329
f 1330 1329 1331
f 1332 1330 1331
f 1332 1331 1333
f 1333 1331 1329
f 1327 1333 1329
f 1334 1332 1335
f 1334 1330 1332
f 1328 1330 1334
f 1336 1328 1334
f 1337 1338 1320
f 1337 1320 1323
f 1339 1340 1341
f 1339 1341 1342
f 1337 1339 1343
f 1344 1337 1343
f 1342 1341 1345
f 1346 1342 1345
f 1346 1345 1347
f 1348 1346 1347
f 1348 1347 1349
f 1344 1348 1349
f 1346 1348 1344
f 1346 1344 1342
f 1350 1349 1351
f 1351 1349 1347
f 1345 1351 1347
f 1352 1351 1345
f 1322 1333 1353
f 1326 1322 1353
f 1323 1339 1337
f 1326 1339 1323
f 1322 1335 1332
f 1333 1322 1332
f 1344 1349 1338
f 1337 1344 1338
f 1354 1207 1206
f 1354 1206 1355
f 1326 1325 1356
f 1326 1356 1357
f 1354 1355 1326
f 1357 1356 1358
f 1359 1357 1358
f 1359 1358 1360
f 1361 1359 1360
f 1361 1360 1362
f 1363 1361 1362
f 1359 1361 1363
f 1359 1363 1357
f 1364 1362 1208
f 1362 1360 1208
f 1208 1360 1358
f 1208 1358 1356
f 1206 1205 1365
f 1355 1206 1365
f 1366 1340 1339
f 1367 1366 1339
f 1367 1339 1365
f 1367 1365 1368
f 1369 1366 1367
f 1369 1367 1370
f 1371 1369 1370
f 1371 1370 1372
f 1373 1371 1372
f 1373 1372 1368
f 1368 1372 1370
f 1367 1368 1370
f 1204 1373 1374
f 1371 1373 1204
f 1371 1204 1369
f 1369 1204 1366
f 1357 1363 1354
f 1357 1354 1326
f 1365 1339 1355
f 1355 1339 1326
f 1362 1364 1354
f 1362 1354 1363
f 1205 1373 1368
f 1205 1368 1365
f 976 1375 1376
f 976 1376 1377
f 1378 1379 1380
f 1378 1380 973
f 1381 1382 1383
f 1381 1383 1121
f 1118 1384 1385
f 1118 1385 1386
f 1387 1 4
f 1387 4 1388
f 1381 18 17
f 1377 1381 17
f 1389 1390 1391
f 1389 1391 1392
f 1393 1394 1390
f 1393 1390 1389
f 1395 1396 1394
f 1395 1394 1393
f 1397 1398 1396
f 1397 1396 1395
f 1399 1400 1398
f 1399 1398 1397
f 1401 1402 1400
f 1401 1400 1399
f 1403 1404 1402
f 1403 1402 1401
f 1405 1406 1404
f 1405 1404 1403
f 1407 1408 1406
f 1407 1406 1405
f 1409 1410 1408
f 1409 1408 1407
f 1411 1412 1410
f 1411 1410 1409
f 1413 1414 1412
f 1413 1412 1411
f 1415 1416 1414
f 1415 1414 1413
f 1417 1418 1416
f 1417 1416 1415
f 1419 1420 1418
f 1419 1418 1417
f 1392 1391 1420
f 1392 1420 1419
f 1421 1415 1413
f 1422 1421 1413
f 1423 1417 1415
f 1421 1423 1415
f 1424 1419 1417
f 1423 1424 1417
f 1425 1392 1419
f 1424 1425 1419
f 1426 1389 1392
f 1425 1426 1392
f 1427 1393 1389
f 1426 1427 1389
f 1428 1395 1393
f 1427 1428 1393
f 1429 1397 1395
f 1428 1429 1395
f 1430 1399 1397
f 1429 1430 1397
f 1431 1401 1399
f 1430 1431 1399
f 1432 1403 1401
f 1431 1432 1401
f 1433 1405 1403
f 1432 1433 1403
f 1434 1407 1405
f 1433 1434 1405
f 1435 1409 1407
f 1434 1435 1407
f 1436 1411 1409
f 1435 1436 1409
f 1422 1413 1411
f 1436 1422 1411
f 1437 1438 1439
f 1440 1437 1439
f 1441 1437 1440
f 1442 1441 1440
f 1443 1441 1442
f 1444 1443 1442
f 1445 1443 1444
f 1446 1445 1444
f 1447 1445 1446
f 1448 1447 1446
f 1449 1447 1448
f 1450 1449 1448
f 1451 1449 1450
f 1452 1451 1450
f 1453 1451 1452
f 1454 1453 1452
f 1455 1456 1457
f 1455 1457 1428
f 1456 1458 1430
f 1456 1430 1457
f 1458 1459 1460
f 1458 1460 1430
f 1459 1282 1432
f 1459 1432 1460
f 1282 1461 1462
f 1282 1462 1432
f 1461 1266 1434
f 1461 1434 1462
f 1266 1463 1464
f 1266 1464 1434
f 1463 1465 1436
f 1463 1436 1464
f 1466 1467 1468
f 1466 1468 1426
f 1467 1455 1428
f 1467 1428 1468
f 1469 1470 1471
f 1469 1471 1472
f 1470 1473 1474
f 1470 1474 1471
f 1473 1475 1476
f 1473 1476 1474
f 1475 1477 1478
f 1475 1478 1476
f 1477 1479 1480
f 1477 1480 1478
f 1479 1481 1482
f 1479 1482 1480
f 1416 1483 1484
f 1414 1416 1484
f 1418 1485 1483
f 1416 1418 1483
f 1420 1486 1485
f 1418 1420 1485
f 1391 1487 1486
f 1420 1391 1486
f 1390 1488 1487
f 1391 1390 1487
f 1394 1489 1488
f 1390 1394 1488
f 1396 1490 1489
f 1394 1396 1489
f 1398 1491 1490
f 1396 1398 1490
f 1400 1492 1491
f 1398 1400 1491
f 1402 1493 1492
f 1400 1402 1492
f 1404 1494 1493
f 1402 1404 1493
f 1406 1495 1494
f 1404 1406 1494
f 1408 1496 1495
f 1406 1408 1495
f 1410 1497 1496
f 1408 1410 1496
f 1412 1498 1497
f 1410 1412 1497
f 1414 1484 1498
f 1412 1414 1498
f 1487 1488 1499
f 1500 1487 1499
f 1488 1489 1501
f 1499 1488 1501
f 1489 1490 1502
f 1501 1489 1502
f 1490 1491 1503
f 1502 1490 1503
f 1491 1492 1504
f 1503 1491 1504
f 1492 1493 1505
f 1504 1492 1505
f 1493 1494 1506
f 1505 1493 1506
f 1494 1495 1507
f 1506 1494 1507
f 1495 1496 1508
f 1507 1495 1508
f 1496 1497 1509
f 1508 1496 1509
f 1497 1498 1510
f 1509 1497 1510
f 1498 1484 1511
f 1510 1498 1511
f 1484 1483 1512
f 1511 1484 1512
f 1483 1485 1513
f 1512 1483 1513
f 1485 1486 1514
f 1513 1485 1514
f 1486 1487 1500
f 1514 1486 1500
f 1511 1512 1515
f 1511 1515 1516
f 1512 1513 1517
f 1512 1517 1515
f 1513 1514 1518
f 1513 1518 1517
f 1514 1500 1519
f 1514 1519 1518
f 1500 1499 1520
f 1500 1520 1519
f 1499 1501 1521
f 1499 1521 1520
f 1501 1502 1522
f 1501 1522 1521
f 1502 1503 1523
f 1502 1523 1522
f 1503 1504 1524
f 1503 1524 1523
f 1504 1505 1525
f 1504 1525 1524
f 1505 1506 1526
f 1505 1526 1525
f 1506 1507 1527
f 1506 1527 1526
f 1507 1508 1528
f 1507 1528 1527
f 1508 1509 1529
f 1508 1529 1528
f 1509 1510 1530
f 1509 1530 1529
f 1510 1511 1516
f 1510 1516 1530
f 1531 1532 1533
f 1531 1533 1534
f 1534 1533 1535
f 1534 1535 1536
f 1536 1535 1537
f 1536 1537 1538
f 1538 1537 1539
f 1538 1539 1540
f 1540 1539 1541
f 1540 1541 1542
f 1542 1541 1543
f 1542 1543 1544
f 1544 1543 1545
f 1544 1545 1546
f 1546 1545 1547
f 1546 1547 1548
f 1549 1550 1551
f 1522 1549 1551
f 1524 1552 1550
f 1549 1524 1550
f 1553 1554 1552
f 1524 1553 1552
f 1526 1338 1554
f 1553 1526 1554
f 1555 1556 1338
f 1526 1555 1338
f 1528 1321 1556
f 1555 1528 1556
f 1557 1558 1321
f 1528 1557 1321
f 1530 1559 1558
f 1557 1530 1558
f 1560 1561 1562
f 1520 1560 1562
f 1522 1551 1561
f 1560 1522 1561
f 1563 1564 1565
f 1566 1563 1565
f 1567 1568 1564
f 1563 1567 1564
f 1569 1570 1568
f 1567 1569 1568
f 1571 1572 1570
f 1569 1571 1570
f 1573 1574 1572
f 1571 1573 1572
f 1575 1576 1574
f 1573 1575 1574
f 1455 1551 1381
f 1455 1381 1377
f 1577 1578 1551
f 1577 1551 1455
f 1579 1580 1581
f 1582 1579 1581
f 1583 1584 1585
f 1586 1583 1585
f 1585 1582 1587
f 1588 1583 1586
f 1588 1586 1589
f 1590 1588 1589
f 1590 1589 1591
f 1592 1590 1591
f 1592 1591 1593
f 1593 1591 1589
f 1586 1593 1589
f 1594 1592 1580
f 1594 1590 1592
f 1588 1590 1594
f 1583 1588 1594
f 1595 1596 1579
f 1595 1579 1582
f 1597 1598 1599
f 1597 1599 1600
f 1601 1597 1602
f 1603 1601 1602
f 1600 1599 1604
f 1605 1600 1604
f 1605 1604 1606
f 1607 1605 1606
f 1607 1606 1608
f 1609 1607 1608
f 1605 1607 1609
f 1605 1609 1600
f 1596 1610 1611
f 1611 1608 1606
f 1604 1611 1606
f 1612 1611 1604
f 1587 1593 1586
f 1585 1587 1586
f 1582 1597 1595
f 1585 1597 1582
f 1587 1580 1592
f 1593 1587 1592
f 1609 1608 1596
f 1595 1609 1596
f 1613 1614 1615
f 1613 1615 1616
f 1585 1584 1617
f 1585 1617 1618
f 1619 1616 1585
f 1618 1617 1620
f 1621 1618 1620
f 1621 1620 1622
f 1623 1621 1622
f 1623 1622 1624
f 1625 1623 1624
f 1621 1623 1625
f 1621 1625 1618
f 1626 1627 1628
f 1624 1622 1628
f 1628 1622 1620
f 1628 1620 1617
f 1615 1629 1630
f 1616 1615 1630
f 1631 1598 1597
f 1632 1631 1597
f 1632 1597 1633
f 1632 1633 1634
f 1635 1631 1632
f 1635 1632 1636
f 1637 1635 1636
f 1637 1636 1638
f 1639 1637 1638
f 1639 1638 1634
f 1634 1638 1636
f 1632 1634 1636
f 1640 1639 1641
f 1637 1639 1640
f 1637 1640 1635
f 1635 1640 1631
f 1618 1642 1619
f 1618 1619 1585
f 1630 1597 1616
f 1616 1597 1585
f 1627 1626 1619
f 1627 1619 1642
f 1629 1639 1634
f 1629 1634 1630
f 1643 1644 1645
f 1643 1645 1646
f 1647 1648 1649
f 1647 1649 1650
f 1651 1646 1647
f 1650 1649 1652
f 1653 1650 1652
f 1653 1652 1654
f 1655 1653 1654
f 1655 1654 1656
f 1657 1655 1656
f 1653 1655 1657
f 1653 1657 1650
f 1644 1656 1658
f 1656 1654 1658
f 1658 1654 1652
f 1658 1652 1649
f 1645 1659 1660
f 1646 1645 1660
f 1661 1662 1663
f 1664 1661 1663
f 1665 1663 1666
f 1665 1666 1667
f 1668 1661 1664
f 1668 1664 1669
f 1670 1668 1669
f 1670 1669 1671
f 1672 1670 1671
f 1672 1671 1673
f 1673 1671 1669
f 1664 1673 1669
f 1674 1675 1659
f 1670 1672 1674
f 1670 1674 1668
f 1668 1674 1676
f 1650 1657 1651
f 1650 1651 1647
f 1660 1663 1646
f 1646 1663 1647
f 1656 1644 1651
f 1656 1651 1657
f 1659 1672 1673
f 1659 1673 1660
f 1677 1678 1679
f 1680 1677 1679
f 1681 1648 1647
f 1682 1681 1647
f 1647 1680 1683
f 1684 1681 1682
f 1684 1682 1685
f 1686 1684 1685
f 1686 1685 1687
f 1688 1686 1687
f 1688 1687 1689
f 1689 1687 1685
f 1682 1689 1685
f 1690 1691 1692
f 1690 1686 1688
f 1684 1686 1690
f 1681 1684 1690
f 1693 1694 1677
f 1693 1677 1680
f 1663 1662 1695
f 1663 1695 1696
f 1697 1663 1696
f 1698 1697 1696
f 1696 1695 1699
f 1700 1696 1699
f 1700 1699 1701
f 1702 1700 1701
f 1702 1701 1703
f 1698 1702 1703
f 1700 1702 1698
f 1700 1698 1696
f 1704 1703 1705
f 1705 1703 1701
f 1699 1705 1701
f 1695 1705 1699
f 1683 1706 1682
f 1647 1683 1682
f 1680 1663 1693
f 1647 1663 1680
f 1683 1692 1691
f 1706 1683 1691
f 1698 1703 1694
f 1693 1698 1694
f 1707 1708 1709
f 1710 1707 1709
f 1708 1711 1712
f 1709 1708 1712
f 1711 1713 1714
f 1712 1711 1714
f 1713 1715 1716
f 1714 1713 1716
f 1715 1717 1718
f 1716 1715 1718
f 1717 1719 1720
f 1718 1717 1720
f 1719 1721 1722
f 1720 1719 1722
f 1721 1723 1724
f 1722 1721 1724
f 1723 1725 1726
f 1724 1723 1726
f 1725 1727 1728
f 1726 1725 1728
f 1727 1729 1730
f 1728 1727 1730
f 1729 1731 1732
f 1730 1729 1732
f 1731 1733 1734
f 1732 1731 1734
f 1733 1735 1736
f 1734 1733 1736
f 1735 1737 1738
f 1736 1735 1738
f 1737 1707 1710
f 1738 1737 1710
f 1732 1734 1739
f 1732 1739 1740
f 1734 1736 1741
f 1734 1741 1739
f 1736 1738 1742
f 1736 1742 1741
f 1738 1710 1743
f 1738 1743 1742
f 1710 1709 1744
f 1710 1744 1743
f 1709 1712 1745
f 1709 1745 1744
f 1712 1714 1746
f 1712 1746 1745
f 1714 1716 1747
f 1714 1747 1746
f 1716 1718 1748
f 1716 1748 1747
f 1718 1720 1749
f 1718 1749 1748
f 1720 1722 1750
f 1720 1750 1749
f 1722 1724 1751
f 1722 1751 1750
f 1724 1726 1752
f 1724 1752 1751
f 1726 1728 1753
f 1726 1753 1752
f 1728 1730 1754
f 1728 1754 1753
f 1730 1732 1740
f 1730 1740 1754
f 1755 1756 1754
f 1755 1754 1740
f 1756 1690 1753
f 1756 1753 1754
f 1690 1678 1752
f 1690 1752 1753
f 1678 1677 1751
f 1678 1751 1752
f 1677 1694 1750
f 1677 1750 1751
f 1694 1705 1749
f 1694 1749 1750
f 1705 1757 1748
f 1705 1748 1749
f 1757 1758 1747
f 1757 1747 1748
f 1758 1759 1746
f 1758 1746 1747
f 1759 1760 1745
f 1759 1745 1746
f 1760 1761 1744
f 1760 1744 1745
f 1761 1762 1743
f 1761 1743 1744
f 1762 1763 1742
f 1762 1742 1743
f 1763 1764 1741
f 1763 1741 1742
f 1764 1765 1739
f 1764 1739 1741
f 1765 1755 1740
f 1765 1740 1739
f 1766 1733 1731
f 1767 1766 1731
f 1768 1735 1733
f 1766 1768 1733
f 1769 1737 1735
f 1768 1769 1735
f 1770 1707 1737
f 1769 1770 1737
f 1771 1708 1707
f 1770 1771 1707
f 1772 1711 1708
f 1771 1772 1708
f 1773 1713 1711
f 1772 1773 1711
f 1774 1715 1713
f 1773 1774 1713
f 1775 1717 1715
f 1774 1775 1715
f 1776 1719 1717
f 1775 1776 1717
f 1777 1721 1719
f 1776 1777 1719
f 1778 1723 1721
f 1777 1778 1721
f 1779 1725 1723
f 1778 1779 1723
f 1780 1727 1725
f 1779 1780 1725
f 1781 1729 1727
f 1780 1781 1727
f 1767 1731 1729
f 1781 1767 1729
f 1782 1783 1784
f 1782 1784 1785
f 1783 1786 1787
f 1783 1787 1784
f 1786 1788 1789
f 1786 1789 1787
f 1788 1790 1791
f 1788 1791 1789
f 1790 1792 1793
f 1790 1793 1791
f 1792 1794 1795
f 1792 1795 1793
f 1794 1796 1797
f 1794 1797 1795
f 1796 1798 1799
f 1796 1799 1797
f 1798 1800 1801
f 1798 1801 1799
f 1800 1640 1802
f 1800 1802 1801
f 1640 1629 1803
f 1640 1803 1802
f 1629 1615 1804
f 1629 1804 1803
f 1615 1614 1805
f 1615 1805 1804
f 1614 1628 1806
f 1614 1806 1805
f 1628 1807 1808
f 1628 1808 1806
f 1807 1782 1785
f 1807 1785 1808
f 1809 1771 1770
f 1809 1770 1810
f 1811 1772 1771
f 1811 1771 1809
f 1812 1773 1772
f 1812 1772 1811
f 1813 1774 1773
f 1813 1773 1812
f 1814 1775 1774
f 1814 1774 1813
f 1815 1776 1775
f 1815 1775 1814
f 1816 1777 1776
f 1816 1776 1815
f 1817 1778 1777
f 1817 1777 1816
f 1818 1779 1778
f 1818 1778 1817
f 1819 1780 1779
f 1819 1779 1818
f 1820 1781 1780
f 1820 1780 1819
f 1821 1767 1781
f 1821 1781 1820
f 1822 1766 1767
f 1822 1767 1821
f 1823 1768 1766
f 1823 1766 1822
f 1824 1769 1768
f 1824 1768 1823
f 1810 1770 1769
f 1810 1769 1824
f 1784 1822 1821
f 1785 1784 1821
f 1787 1823 1822
f 1784 1787 1822
f 1789 1824 1823
f 1787 1789 1823
f 1791 1810 1824
f 1789 1791 1824
f 1793 1809 1810
f 1791 1793 1810
f 1795 1811 1809
f 1793 1795 1809
f 1797 1812 1811
f 1795 1797 1811
f 1799 1813 1812
f 1797 1799 1812
f 1801 1814 1813
f 1799 1801 1813
f 1802 1815 1814
f 1801 1802 1814
f 1803 1816 1815
f 1802 1803 1815
f 1804 1817 1816
f 1803 1804 1816
f 1805 1818 1817
f 1804 1805 1817
f 1806 1819 1818
f 1805 1806 1818
f 1808 1820 1819
f 1806 1808 1819
f 1785 1821 1820
f 1808 1785 1820
f 1825 1387 1782
f 1825 1782 1826
f 1825 1379 1387
f 1388 1385 1827
f 1828 1829 1830
f 1828 1830 1798
f 1388 1827 1831
f 1388 1831 1755
f 1832 1833 1758
f 1832 1758 1834
f 1835 1836 1837
f 1835 1837 1838
f 1839 1840 1836
f 1839 1836 1835
f 1841 1842 1840
f 1841 1840 1839
f 1843 1844 1842
f 1843 1842 1841
f 1845 1846 1844
f 1845 1844 1843
f 1847 1848 1846
f 1847 1846 1845
f 1849 1850 1848
f 1849 1848 1847
f 1851 1852 1850
f 1851 1850 1849
f 1853 1854 1855
f 1856 1857 1858
f 1859 1860 1861
f 1862 1863 1864
f 1865 1853 1855
f 1866 1867 1865
f 1855 1866 1865
f 1853 1865 1868
f 1869 1853 1868
f 1856 1858 1870
f 1871 1872 1870
f 1858 1871 1870
f 1870 1873 1874
f 1856 1870 1874
f 1861 1875 1876
f 1877 1861 1876
f 1877 1878 1861
f 1879 1880 1878
f 1877 1879 1878
f 1881 1862 1864
f 1881 1864 1882
f 1883 1881 1882
f 1862 1881 1884
f 1885 1862 1884
f 1886 1887 1888
f 1889 1890 1891
f 1892 1893 1894
f 1895 1896 1897
f 1898 1886 1888
f 1899 1900 1898
f 1888 1899 1898
f 1886 1898 1901
f 1902 1886 1901
f 1889 1903 1904
f 1905 1906 1904
f 1903 1905 1904
f 1904 1907 1908
f 1889 1904 1908
f 1894 1909 1910
f 1911 1894 1910
f 1911 1892 1894
f 1912 1913 1892
f 1911 1912 1892
f 1914 1895 1897
f 1914 1897 1915
f 1916 1914 1915
f 1895 1914 1917
f 1918 1895 1917
f 1919 1920 1918
f 1866 1919 1918
f 1909 1921 1922
f 1909 1922 1874
f 1922 1921 1908
f 1875 1922 1908
f 1905 1923 1924
f 1905 1924 1880
f 1924 1923 1902
f 1882 1924 1902
f 1899 1920 1919
f 1899 1919 1885
f 1866 1918 1917
f 1867 1866 1917
f 1865 1867 1917
f 1914 1865 1917
f 1868 1865 1914
f 1916 1868 1914
f 1869 1868 1916
f 1915 1869 1916
f 1871 1913 1912
f 1872 1871 1912
f 1870 1872 1912
f 1911 1870 1912
f 1873 1870 1911
f 1910 1873 1911
f 1874 1873 1910
f 1909 1874 1910
f 1876 1875 1908
f 1907 1876 1908
f 1877 1876 1907
f 1904 1877 1907
f 1879 1877 1904
f 1906 1879 1904
f 1880 1879 1906
f 1905 1880 1906
f 1883 1882 1902
f 1901 1883 1902
f 1881 1883 1901
f 1898 1881 1901
f 1884 1881 1898
f 1900 1884 1898
f 1885 1884 1900
f 1899 1885 1900
f 1925 1850 1852
f 1922 1925 1852
f 1860 1848 1850
f 1925 1860 1850
f 1878 1846 1848
f 1860 1878 1848
f 1924 1844 1846
f 1878 1924 1846
f 1926 1842 1844
f 1924 1926 1844
f 1863 1840 1842
f 1926 1863 1842
f 1927 1836 1840
f 1863 1927 1840
f 1919 1837 1836
f 1927 1919 1836
f 1851 1849 1928
f 1851 1928 1921
f 1849 1847 1929
f 1849 1929 1928
f 1847 1845 1903
f 1847 1903 1929
f 1845 1843 1923
f 1845 1923 1903
f 1843 1841 1930
f 1843 1930 1923
f 1841 1839 1887
f 1841 1887 1930
f 1839 1835 1931
f 1839 1931 1887
f 1835 1838 1920
f 1835 1920 1931
f 1932 1933 1934
f 1932 1934 1935
f 1936 1932 1935
f 1936 1935 1937
f 1938 1936 1937
f 1938 1937 1939
f 1786 1938 1788
f 1786 1936 1938
f 1932 1936 1786
f 1933 1932 1786
f 1763 1939 1764
f 1939 1937 1764
f 1764 1937 1935
f 1764 1935 1934
f 1790 1788 1763
f 1762 1790 1763
f 1761 1792 1790
f 1761 1790 1762
f 1940 1941 1942
f 1943 1940 1942
f 1943 1942 1944
f 1945 1943 1944
f 1945 1944 1946
f 1947 1945 1946
f 1792 1948 1794
f 1794 1946 1944
f 1942 1794 1944
f 1941 1794 1942
f 1760 1949 1761
f 1945 1947 1760
f 1945 1760 1943
f 1943 1760 1940
f 1933 1950 1951
f 1934 1933 1951
f 1952 1953 1941
f 1952 1941 1940
f 1951 1950 1954
f 1955 1951 1954
f 1955 1954 1956
f 1957 1955 1956
f 1957 1956 1958
f 1959 1957 1958
f 1954 1960 1956
f 1950 1960 1954
f 1955 1957 1961
f 1951 1955 1961
f 1919 1962 1963
f 1962 1964 1963
f 1964 1965 1963
f 1960 1966 1837
f 1837 1919 1963
f 1960 1837 1963
f 1956 1960 1963
f 1967 1956 1963
f 1967 1963 1965
f 1968 1967 1965
f 1969 1953 1952
f 1969 1952 1970
f 1971 1969 1970
f 1971 1970 1972
f 1973 1971 1972
f 1973 1972 1974
f 1969 1971 1975
f 1953 1969 1975
f 1970 1976 1972
f 1952 1976 1970
f 1977 1978 1920
f 1977 1979 1978
f 1977 1980 1979
f 1838 1981 1961
f 1977 1920 1838
f 1961 1977 1838
f 1977 1961 1957
f 1982 1977 1957
f 1980 1977 1982
f 1983 1980 1982
f 1984 1985 1922
f 1984 1857 1985
f 1984 1986 1857
f 1852 1987 1975
f 1984 1975 1971
f 1973 1984 1971
f 1986 1984 1973
f 1988 1986 1973
f 1921 1989 1990
f 1989 1893 1990
f 1893 1991 1990
f 1976 1992 1851
f 1851 1921 1990
f 1976 1851 1990
f 1974 1990 1991
f 1993 1974 1991
f 1852 1975 1984
f 1922 1852 1984
f 1974 1972 1976
f 1990 1974 1976
f 1993 1988 1973
f 1974 1993 1973
f 1871 1994 1995
f 1913 1871 1995
f 1996 1997 1869
f 1915 1996 1869
f 1986 1988 1994
f 1871 1986 1994
f 1993 1991 1913
f 1995 1993 1913
f 1994 1988 1993
f 1995 1994 1993
f 1869 1997 1968
f 1965 1869 1968
f 1968 1997 1996
f 1983 1968 1996
f 1996 1915 1980
f 1983 1996 1980
f 1967 1968 1983
f 1982 1967 1983
f 1998 1938 1939
f 1763 1998 1939
f 1947 1946 1792
f 1761 1947 1792
f 1999 1837 1966
f 1999 1966 1960
f 1783 1782 2000
f 1786 1783 2000
f 2001 1798 1796
f 2001 1796 1794
f 1987 1852 2002
f 1975 1987 2002
f 1999 1960 1950
f 1786 2000 1933
f 1794 1941 2001
f 1953 1975 2002
f 2002 2001 1941
f 1953 2002 1941
f 1999 1950 1933
f 2000 1999 1933
f 1981 1838 2003
f 1961 1981 2003
f 2004 1755 1765
f 2004 1765 1764
f 1759 1758 2005
f 1760 1759 2005
f 2006 1851 1992
f 2006 1992 1976
f 2003 1951 1961
f 1764 1934 2004
f 1760 2005 1940
f 1952 2006 1976
f 1940 2005 2006
f 1952 1940 2006
f 1934 1951 2003
f 2004 1934 2003
f 1838 1837 1387
f 1838 1387 1388
f 2007 2008 2009
f 2007 2009 2010
