# Botball Lab: metres, +Y up, centred XZ, base Y=0
s off
v -0.0124000 0.0080000 0.0320000
v -0.0126740 0.0080000 0.0333777
v -0.0126740 0.0000000 0.0333777
v -0.0124000 0.0000000 0.0320000
v -0.0134544 0.0080000 0.0345456
v -0.0134544 0.0000000 0.0345456
v -0.0146223 0.0080000 0.0353260
v -0.0146223 0.0000000 0.0353260
v -0.0160000 0.0080000 0.0356000
v -0.0160000 0.0000000 0.0356000
v -0.0173777 0.0080000 0.0353260
v -0.0173777 0.0000000 0.0353260
v -0.0185456 0.0080000 0.0345456
v -0.0185456 0.0000000 0.0345456
v -0.0193260 0.0080000 0.0333777
v -0.0193260 0.0000000 0.0333777
v -0.0196000 0.0080000 0.0320000
v -0.0196000 0.0000000 0.0320000
v -0.0124000 0.0000000 -0.0145080
v -0.0124000 0.0080000 -0.0145080
v 0.0014920 0.0000000 -0.0284000
v 0.0014920 0.0080000 -0.0284000
v 0.0160000 0.0000000 -0.0284000
v 0.0160000 0.0080000 -0.0284000
v 0.0160000 0.0080000 -0.0356000
v 0.0173777 0.0080000 -0.0353260
v 0.0173777 0.0000000 -0.0353260
v 0.0160000 0.0000000 -0.0356000
v 0.0185456 0.0080000 -0.0345456
v 0.0185456 0.0000000 -0.0345456
v 0.0193260 0.0080000 -0.0333777
v 0.0193260 0.0000000 -0.0333777
v 0.0196000 0.0080000 -0.0320000
v 0.0196000 0.0000000 -0.0320000
v 0.0193260 0.0080000 -0.0306223
v 0.0193260 0.0000000 -0.0306223
v 0.0185456 0.0080000 -0.0294544
v 0.0185456 0.0000000 -0.0294544
v 0.0173777 0.0080000 -0.0286740
v 0.0173777 0.0000000 -0.0286740
v 0.0000000 0.0080000 -0.0356000
v 0.0000000 0.0000000 -0.0356000
v -0.0013777 0.0000000 -0.0353260
v -0.0013777 0.0080000 -0.0353260
v -0.0025456 0.0000000 -0.0345456
v -0.0025456 0.0080000 -0.0345456
v -0.0185456 0.0000000 -0.0185456
v -0.0185456 0.0080000 -0.0185456
v -0.0196000 0.0080000 -0.0160000
v -0.0193260 0.0080000 -0.0173777
v -0.0193260 0.0000000 -0.0173777
v -0.0196000 0.0000000 -0.0160000
v -0.0137827 0.0080000 0.0310816
v -0.0143029 0.0080000 0.0303029
v -0.0150816 0.0080000 0.0297827
v -0.0169184 0.0080000 0.0297827
v -0.0176971 0.0080000 0.0303029
v -0.0182173 0.0080000 0.0310816
v -0.0182173 0.0080000 0.0329184
v -0.0176971 0.0080000 0.0336971
v -0.0169184 0.0080000 0.0342173
v -0.0150816 0.0080000 0.0342173
v -0.0143029 0.0080000 0.0336971
v -0.0137827 0.0080000 0.0329184
v -0.0150000 0.0080000 0.0310000
v -0.0144000 0.0080000 0.0312000
v -0.0137591 0.0080000 0.0312000
v -0.0152000 0.0080000 0.0304000
v -0.0152000 0.0080000 0.0297591
v -0.0170000 0.0080000 0.0310000
v -0.0168000 0.0080000 0.0304000
v -0.0168000 0.0080000 0.0297591
v -0.0182409 0.0080000 0.0312000
v -0.0176000 0.0080000 0.0312000
v -0.0176000 0.0080000 0.0328000
v -0.0182409 0.0080000 0.0328000
v -0.0170000 0.0080000 0.0330000
v -0.0168000 0.0080000 0.0342409
v -0.0168000 0.0080000 0.0336000
v -0.0150000 0.0080000 0.0330000
v -0.0152000 0.0080000 0.0342409
v -0.0152000 0.0080000 0.0336000
v -0.0144000 0.0080000 0.0328000
v -0.0137591 0.0080000 0.0328000
v -0.0137827 0.0000000 0.0329184
v -0.0143029 0.0000000 0.0336971
v -0.0150816 0.0000000 0.0342173
v -0.0169184 0.0000000 0.0342173
v -0.0176971 0.0000000 0.0336971
v -0.0182173 0.0000000 0.0329184
v -0.0182173 0.0000000 0.0310816
v -0.0176971 0.0000000 0.0303029
v -0.0169184 0.0000000 0.0297827
v -0.0150816 0.0000000 0.0297827
v -0.0143029 0.0000000 0.0303029
v -0.0137827 0.0000000 0.0310816
v -0.0150000 0.0000000 0.0330000
v -0.0144000 0.0000000 0.0328000
v -0.0137591 0.0000000 0.0328000
v -0.0152000 0.0000000 0.0336000
v -0.0152000 0.0000000 0.0342409
v -0.0170000 0.0000000 0.0330000
v -0.0168000 0.0000000 0.0336000
v -0.0168000 0.0000000 0.0342409
v -0.0182409 0.0000000 0.0328000
v -0.0176000 0.0000000 0.0328000
v -0.0176000 0.0000000 0.0312000
v -0.0182409 0.0000000 0.0312000
v -0.0170000 0.0000000 0.0310000
v -0.0168000 0.0000000 0.0297591
v -0.0168000 0.0000000 0.0304000
v -0.0150000 0.0000000 0.0310000
v -0.0152000 0.0000000 0.0297591
v -0.0152000 0.0000000 0.0304000
v -0.0144000 0.0000000 0.0312000
v -0.0137591 0.0000000 0.0312000
v -0.0136000 0.0000000 0.0320000
v -0.0136000 0.0080000 0.0320000
v -0.0184000 0.0080000 0.0320000
v -0.0184000 0.0000000 0.0320000
v -0.0160000 0.0080000 0.0344000
v -0.0160000 0.0000000 0.0344000
v -0.0182174 0.0080000 0.0329185
v -0.0176970 0.0080000 0.0336970
v -0.0169185 0.0080000 0.0342174
v -0.0150815 0.0080000 0.0342174
v -0.0143030 0.0080000 0.0336970
v -0.0137826 0.0080000 0.0329185
v -0.0182174 0.0000000 0.0329185
v -0.0176970 0.0000000 0.0336970
v -0.0169185 0.0000000 0.0342174
v -0.0150815 0.0000000 0.0342174
v -0.0143030 0.0000000 0.0336970
v -0.0137826 0.0000000 0.0329185
v -0.0134544 0.0000000 0.0273872
v -0.0134544 0.0080000 0.0273872
v -0.0135182 0.0080000 0.0271469
v -0.0135182 0.0000000 0.0271469
v -0.0137279 0.0080000 0.0270080
v -0.0137279 0.0000000 0.0270080
v -0.0139607 0.0080000 0.0270519
v -0.0139607 0.0000000 0.0270519
v -0.0146223 0.0080000 0.0273261
v -0.0134544 0.0080000 0.0265456
v -0.0134544 0.0000000 0.0265456
v -0.0146223 0.0000000 0.0273261
v -0.0146223 0.0000000 0.0273260
v -0.0146223 0.0080000 0.0273260
v -0.0160000 0.0080000 0.0276000
v -0.0160000 0.0000000 0.0276000
v -0.0173777 0.0080000 0.0273260
v -0.0173777 0.0000000 0.0273260
v -0.0184818 0.0080000 0.0271469
v -0.0185456 0.0080000 0.0273872
v -0.0185456 0.0000000 0.0273872
v -0.0184818 0.0000000 0.0271469
v -0.0182721 0.0080000 0.0270080
v -0.0182721 0.0000000 0.0270080
v -0.0180393 0.0080000 0.0270519
v -0.0180393 0.0000000 0.0270519
v -0.0185456 0.0080000 0.0265456
v -0.0173777 0.0080000 0.0273261
v -0.0173777 0.0000000 0.0273261
v -0.0185456 0.0000000 0.0265456
v -0.0134544 0.0000000 0.0286128
v -0.0134544 0.0080000 0.0286128
v -0.0185456 0.0080000 0.0286128
v -0.0185456 0.0000000 0.0286128
v -0.0135182 0.0080000 0.0288531
v -0.0135182 0.0000000 0.0288531
v -0.0137279 0.0080000 0.0289920
v -0.0137279 0.0000000 0.0289920
v -0.0139607 0.0080000 0.0289481
v -0.0139607 0.0000000 0.0289481
v -0.0134544 0.0080000 0.0294544
v -0.0134544 0.0000000 0.0294544
v -0.0136000 0.0080000 0.0297826
v -0.0137826 0.0080000 0.0310815
v -0.0143030 0.0080000 0.0303030
v -0.0150815 0.0080000 0.0297826
v -0.0126740 0.0080000 0.0306223
v -0.0146223 0.0080000 0.0286739
v -0.0184818 0.0080000 0.0288531
v -0.0184818 0.0000000 0.0288531
v -0.0182721 0.0080000 0.0289920
v -0.0182721 0.0000000 0.0289920
v -0.0180393 0.0080000 0.0289481
v -0.0180393 0.0000000 0.0289481
v -0.0185456 0.0080000 0.0294544
v -0.0185456 0.0000000 0.0294544
v -0.0137826 0.0000000 0.0310815
v -0.0136000 0.0000000 0.0297826
v -0.0143030 0.0000000 0.0303030
v -0.0150815 0.0000000 0.0297826
v -0.0126740 0.0000000 0.0306223
v -0.0146223 0.0000000 0.0286739
v -0.0182174 0.0080000 0.0310815
v -0.0184000 0.0080000 0.0297826
v -0.0176970 0.0080000 0.0303030
v -0.0169185 0.0080000 0.0297826
v -0.0193260 0.0080000 0.0306223
v -0.0173777 0.0080000 0.0286740
v -0.0184000 0.0000000 0.0297826
v -0.0182174 0.0000000 0.0310815
v -0.0176970 0.0000000 0.0303030
v -0.0169185 0.0000000 0.0297826
v -0.0193260 0.0000000 0.0306223
v -0.0173777 0.0000000 0.0286740
v -0.0168000 0.0000000 0.0285588
v -0.0168000 0.0080000 0.0285588
v -0.0152000 0.0080000 0.0285588
v -0.0152000 0.0000000 0.0285588
v -0.0124000 0.0080000 0.0284000
v -0.0124000 0.0080000 0.0276000
v -0.0124000 0.0080000 0.0240000
v -0.0126740 0.0080000 0.0253777
v -0.0193260 0.0080000 0.0253777
v -0.0196000 0.0080000 0.0240000
v -0.0196000 0.0080000 0.0276000
v -0.0196000 0.0080000 0.0284000
v -0.0124000 0.0000000 0.0284000
v -0.0126740 0.0000000 0.0253777
v -0.0124000 0.0000000 0.0240000
v -0.0124000 0.0000000 0.0276000
v -0.0196000 0.0000000 0.0276000
v -0.0196000 0.0000000 0.0240000
v -0.0193260 0.0000000 0.0253777
v -0.0196000 0.0000000 0.0284000
v -0.0160000 0.0008000 -0.0184000
v -0.0169185 0.0008000 -0.0182174
v -0.0172246 0.0008000 -0.0189565
v -0.0160000 0.0008000 -0.0192000
v -0.0176970 0.0008000 -0.0176970
v -0.0182627 0.0008000 -0.0182627
v -0.0182174 0.0008000 -0.0169185
v -0.0189565 0.0008000 -0.0172246
v -0.0184000 0.0008000 -0.0160000
v -0.0192000 0.0008000 -0.0160000
v -0.0182174 0.0008000 -0.0150815
v -0.0189565 0.0008000 -0.0147754
v -0.0176970 0.0008000 -0.0143030
v -0.0182627 0.0008000 -0.0137373
v -0.0169185 0.0008000 -0.0137826
v -0.0172246 0.0008000 -0.0130435
v -0.0160000 0.0008000 -0.0136000
v -0.0160000 0.0008000 -0.0128000
v -0.0150815 0.0008000 -0.0137826
v -0.0147754 0.0008000 -0.0130435
v -0.0143030 0.0008000 -0.0143030
v -0.0137373 0.0008000 -0.0137373
v -0.0137826 0.0008000 -0.0150815
v -0.0130435 0.0008000 -0.0147754
v -0.0136000 0.0008000 -0.0160000
v -0.0128000 0.0008000 -0.0160000
v -0.0137826 0.0008000 -0.0169185
v -0.0130435 0.0008000 -0.0172246
v -0.0143030 0.0008000 -0.0176970
v -0.0137373 0.0008000 -0.0182627
v -0.0150815 0.0008000 -0.0182174
v -0.0147754 0.0008000 -0.0189565
v -0.0130435 0.0000000 -0.0172246
v -0.0128000 0.0000000 -0.0160000
v -0.0137373 0.0000000 -0.0182627
v -0.0147754 0.0000000 -0.0189565
v -0.0160000 0.0000000 -0.0192000
v -0.0172246 0.0000000 -0.0189565
v -0.0182627 0.0000000 -0.0182627
v -0.0189565 0.0000000 -0.0172246
v -0.0192000 0.0000000 -0.0160000
v -0.0189565 0.0000000 -0.0147754
v -0.0182627 0.0000000 -0.0137373
v -0.0172246 0.0000000 -0.0130435
v -0.0160000 0.0000000 -0.0128000
v -0.0147754 0.0000000 -0.0130435
v -0.0137373 0.0000000 -0.0137373
v -0.0130435 0.0000000 -0.0147754
v -0.0124000 0.0000000 -0.0160000
v -0.0126740 0.0000000 -0.0146223
v -0.0134544 0.0000000 -0.0134544
v -0.0146223 0.0000000 -0.0126740
v -0.0160000 0.0000000 -0.0124000
v -0.0173777 0.0000000 -0.0126740
v -0.0185456 0.0000000 -0.0134544
v -0.0193260 0.0000000 -0.0146223
v -0.0173777 0.0000000 -0.0193260
v -0.0160000 0.0000000 -0.0196000
v -0.0146223 0.0000000 -0.0193260
v -0.0134544 0.0000000 -0.0185456
v -0.0126740 0.0000000 -0.0173777
v -0.0137826 0.0072000 -0.0169185
v -0.0136000 0.0072000 -0.0160000
v -0.0143030 0.0072000 -0.0176970
v -0.0150815 0.0072000 -0.0182174
v -0.0160000 0.0072000 -0.0184000
v -0.0169185 0.0072000 -0.0182174
v -0.0176970 0.0072000 -0.0176970
v -0.0182174 0.0072000 -0.0169185
v -0.0184000 0.0072000 -0.0160000
v -0.0182174 0.0072000 -0.0150815
v -0.0176970 0.0072000 -0.0143030
v -0.0169185 0.0072000 -0.0137826
v -0.0160000 0.0072000 -0.0136000
v -0.0150815 0.0072000 -0.0137826
v -0.0143030 0.0072000 -0.0143030
v -0.0137826 0.0072000 -0.0150815
v -0.0124000 0.0080000 -0.0160000
v -0.0126740 0.0080000 -0.0173777
v -0.0130435 0.0080000 -0.0172246
v -0.0128000 0.0080000 -0.0160000
v -0.0134544 0.0080000 -0.0185456
v -0.0137373 0.0080000 -0.0182627
v -0.0146223 0.0080000 -0.0193260
v -0.0147754 0.0080000 -0.0189565
v -0.0160000 0.0080000 -0.0196000
v -0.0160000 0.0080000 -0.0192000
v -0.0173777 0.0080000 -0.0193260
v -0.0172246 0.0080000 -0.0189565
v -0.0182627 0.0080000 -0.0182627
v -0.0189565 0.0080000 -0.0172246
v -0.0192000 0.0080000 -0.0160000
v -0.0193260 0.0080000 -0.0146223
v -0.0189565 0.0080000 -0.0147754
v -0.0185456 0.0080000 -0.0134544
v -0.0182627 0.0080000 -0.0137373
v -0.0173777 0.0080000 -0.0126740
v -0.0172246 0.0080000 -0.0130435
v -0.0160000 0.0080000 -0.0124000
v -0.0160000 0.0080000 -0.0128000
v -0.0146223 0.0080000 -0.0126740
v -0.0147754 0.0080000 -0.0130435
v -0.0134544 0.0080000 -0.0134544
v -0.0137373 0.0080000 -0.0137373
v -0.0126740 0.0080000 -0.0146223
v -0.0130435 0.0080000 -0.0147754
v -0.0172246 0.0072000 -0.0189565
v -0.0160000 0.0072000 -0.0192000
v -0.0182627 0.0072000 -0.0182627
v -0.0189565 0.0072000 -0.0172246
v -0.0192000 0.0072000 -0.0160000
v -0.0189565 0.0072000 -0.0147754
v -0.0182627 0.0072000 -0.0137373
v -0.0172246 0.0072000 -0.0130435
v -0.0160000 0.0072000 -0.0128000
v -0.0147754 0.0072000 -0.0130435
v -0.0137373 0.0072000 -0.0137373
v -0.0130435 0.0072000 -0.0147754
v -0.0128000 0.0072000 -0.0160000
v -0.0130435 0.0072000 -0.0172246
v -0.0137373 0.0072000 -0.0182627
v -0.0147754 0.0072000 -0.0189565
v 0.0033260 0.0048000 -0.0333777
v 0.0033260 0.0080000 -0.0333777
v 0.0036000 0.0080000 -0.0320000
v 0.0036000 0.0048000 -0.0320000
v 0.0040000 0.0048000 -0.0345456
v 0.0040000 0.0080000 -0.0345456
v 0.0033872 0.0080000 -0.0345456
v 0.0033872 0.0048000 -0.0345456
v 0.0031469 0.0080000 -0.0344818
v 0.0031469 0.0048000 -0.0344818
v 0.0030080 0.0080000 -0.0342721
v 0.0030080 0.0048000 -0.0342721
v 0.0030519 0.0080000 -0.0340393
v 0.0030519 0.0048000 -0.0340393
v 0.0033261 0.0080000 -0.0333777
v 0.0025456 0.0080000 -0.0345456
v 0.0033260 0.0080000 -0.0306223
v 0.0033260 0.0048000 -0.0306223
v 0.0033872 0.0080000 -0.0294544
v 0.0040000 0.0080000 -0.0294544
v 0.0040000 0.0048000 -0.0294544
v 0.0033872 0.0048000 -0.0294544
v 0.0030519 0.0048000 -0.0299607
v 0.0031469 0.0080000 -0.0295182
v 0.0031469 0.0048000 -0.0295182
v 0.0030080 0.0080000 -0.0297279
v 0.0030080 0.0048000 -0.0297279
v 0.0030519 0.0080000 -0.0299607
v 0.0025456 0.0080000 -0.0294544
v 0.0033261 0.0080000 -0.0306223
v 0.0036000 0.0080000 -0.0356000
v 0.0013777 0.0080000 -0.0353260
v 0.0000000 0.0080000 -0.0284000
v 0.0007160 0.0080000 -0.0284000
v 0.0013777 0.0080000 -0.0286740
v 0.0020394 0.0080000 -0.0289479
v 0.0040000 0.0080000 -0.0356000
v 0.0040000 0.0080000 -0.0284000
v 0.0044000 0.0080000 -0.0320000
v 0.0046740 0.0080000 -0.0333777
v 0.0046740 0.0048000 -0.0333777
v 0.0044000 0.0048000 -0.0320000
v 0.0046128 0.0080000 -0.0345456
v 0.0046128 0.0048000 -0.0345456
v 0.0048531 0.0080000 -0.0344818
v 0.0048531 0.0048000 -0.0344818
v 0.0049920 0.0080000 -0.0342721
v 0.0049920 0.0048000 -0.0342721
v 0.0049481 0.0080000 -0.0340393
v 0.0049481 0.0048000 -0.0340393
v 0.0054544 0.0080000 -0.0345456
v 0.0046739 0.0080000 -0.0333777
v 0.0046740 0.0048000 -0.0306223
v 0.0046740 0.0080000 -0.0306223
v 0.0046128 0.0080000 -0.0294544
v 0.0046128 0.0048000 -0.0294544
v 0.0049481 0.0048000 -0.0299607
v 0.0048531 0.0080000 -0.0295182
v 0.0048531 0.0048000 -0.0295182
v 0.0049920 0.0080000 -0.0297279
v 0.0049920 0.0048000 -0.0297279
v 0.0049481 0.0080000 -0.0299607
v 0.0046739 0.0080000 -0.0306223
v 0.0054544 0.0080000 -0.0294544
v 0.0066223 0.0080000 -0.0353260
v 0.0080000 0.0080000 -0.0356000
v 0.0044000 0.0080000 -0.0356000
v 0.0044000 0.0080000 -0.0284000
v 0.0080000 0.0080000 -0.0284000
v 0.0066223 0.0080000 -0.0286740
v 0.0033260 0.0032000 -0.0306223
v 0.0033260 0.0000000 -0.0306223
v 0.0036000 0.0000000 -0.0320000
v 0.0036000 0.0032000 -0.0320000
v 0.0040000 0.0032000 -0.0294544
v 0.0040000 0.0000000 -0.0294544
v 0.0033872 0.0000000 -0.0294544
v 0.0033872 0.0032000 -0.0294544
v 0.0031469 0.0000000 -0.0295182
v 0.0031469 0.0032000 -0.0295182
v 0.0030080 0.0000000 -0.0297279
v 0.0030080 0.0032000 -0.0297279
v 0.0030519 0.0000000 -0.0299607
v 0.0030519 0.0032000 -0.0299607
v 0.0033261 0.0000000 -0.0306223
v 0.0025456 0.0000000 -0.0294544
v 0.0033260 0.0000000 -0.0333777
v 0.0033260 0.0032000 -0.0333777
v 0.0033872 0.0000000 -0.0345456
v 0.0040000 0.0000000 -0.0345456
v 0.0040000 0.0032000 -0.0345456
v 0.0033872 0.0032000 -0.0345456
v 0.0030519 0.0032000 -0.0340393
v 0.0031469 0.0000000 -0.0344818
v 0.0031469 0.0032000 -0.0344818
v 0.0030080 0.0000000 -0.0342721
v 0.0030080 0.0032000 -0.0342721
v 0.0030519 0.0000000 -0.0340393
v 0.0025456 0.0000000 -0.0345456
v 0.0033261 0.0000000 -0.0333777
v 0.0013777 0.0000000 -0.0286740
v 0.0007160 0.0000000 -0.0284000
v 0.0000000 0.0000000 -0.0284000
v 0.0020394 0.0000000 -0.0289479
v 0.0013777 0.0000000 -0.0353260
v 0.0036000 0.0000000 -0.0356000
v 0.0040000 0.0000000 -0.0284000
v 0.0040000 0.0000000 -0.0356000
v 0.0044000 0.0000000 -0.0320000
v 0.0046740 0.0000000 -0.0306223
v 0.0046740 0.0032000 -0.0306223
v 0.0044000 0.0032000 -0.0320000
v 0.0046128 0.0000000 -0.0294544
v 0.0046128 0.0032000 -0.0294544
v 0.0048531 0.0000000 -0.0295182
v 0.0048531 0.0032000 -0.0295182
v 0.0049920 0.0000000 -0.0297279
v 0.0049920 0.0032000 -0.0297279
v 0.0049481 0.0000000 -0.0299607
v 0.0049481 0.0032000 -0.0299607
v 0.0054544 0.0000000 -0.0294544
v 0.0046739 0.0000000 -0.0306223
v 0.0046740 0.0032000 -0.0333777
v 0.0046740 0.0000000 -0.0333777
v 0.0046128 0.0000000 -0.0345456
v 0.0046128 0.0032000 -0.0345456
v 0.0049481 0.0032000 -0.0340393
v 0.0048531 0.0000000 -0.0344818
v 0.0048531 0.0032000 -0.0344818
v 0.0049920 0.0000000 -0.0342721
v 0.0049920 0.0032000 -0.0342721
v 0.0049481 0.0000000 -0.0340393
v 0.0046739 0.0000000 -0.0333777
v 0.0054544 0.0000000 -0.0345456
v 0.0066223 0.0000000 -0.0286740
v 0.0080000 0.0000000 -0.0284000
v 0.0044000 0.0000000 -0.0284000
v 0.0044000 0.0000000 -0.0356000
v 0.0080000 0.0000000 -0.0356000
v 0.0066223 0.0000000 -0.0353260
v 0.0056000 0.0008000 -0.0320000
v 0.0057826 0.0008000 -0.0310815
v 0.0050435 0.0008000 -0.0307754
v 0.0048000 0.0008000 -0.0320000
v 0.0063030 0.0008000 -0.0303030
v 0.0057373 0.0008000 -0.0297373
v 0.0070815 0.0008000 -0.0297826
v 0.0067754 0.0008000 -0.0290435
v 0.0080000 0.0008000 -0.0296000
v 0.0080000 0.0008000 -0.0288000
v 0.0089185 0.0008000 -0.0297826
v 0.0092246 0.0008000 -0.0290435
v 0.0096970 0.0008000 -0.0303030
v 0.0102627 0.0008000 -0.0297373
v 0.0102174 0.0008000 -0.0310815
v 0.0109565 0.0008000 -0.0307754
v 0.0104000 0.0008000 -0.0320000
v 0.0112000 0.0008000 -0.0320000
v 0.0102174 0.0008000 -0.0329185
v 0.0109565 0.0008000 -0.0332246
v 0.0096970 0.0008000 -0.0336970
v 0.0102627 0.0008000 -0.0342627
v 0.0089185 0.0008000 -0.0342174
v 0.0092246 0.0008000 -0.0349565
v 0.0080000 0.0008000 -0.0344000
v 0.0080000 0.0008000 -0.0352000
v 0.0070815 0.0008000 -0.0342174
v 0.0067754 0.0008000 -0.0349565
v 0.0063030 0.0008000 -0.0336970
v 0.0057373 0.0008000 -0.0342627
v 0.0057826 0.0008000 -0.0329185
v 0.0050435 0.0008000 -0.0332246
v 0.0067754 0.0000000 -0.0349565
v 0.0080000 0.0000000 -0.0352000
v 0.0057373 0.0000000 -0.0342627
v 0.0050435 0.0000000 -0.0332246
v 0.0048000 0.0000000 -0.0320000
v 0.0050435 0.0000000 -0.0307754
v 0.0057373 0.0000000 -0.0297373
v 0.0067754 0.0000000 -0.0290435
v 0.0080000 0.0000000 -0.0288000
v 0.0092246 0.0000000 -0.0290435
v 0.0102627 0.0000000 -0.0297373
v 0.0109565 0.0000000 -0.0307754
v 0.0112000 0.0000000 -0.0320000
v 0.0109565 0.0000000 -0.0332246
v 0.0102627 0.0000000 -0.0342627
v 0.0092246 0.0000000 -0.0349565
v 0.0093777 0.0000000 -0.0353260
v 0.0105456 0.0000000 -0.0345456
v 0.0113260 0.0000000 -0.0333777
v 0.0116000 0.0000000 -0.0320000
v 0.0113260 0.0000000 -0.0306223
v 0.0105456 0.0000000 -0.0294544
v 0.0093777 0.0000000 -0.0286740
v 0.0070815 0.0072000 -0.0342174
v 0.0080000 0.0072000 -0.0344000
v 0.0063030 0.0072000 -0.0336970
v 0.0057826 0.0072000 -0.0329185
v 0.0056000 0.0072000 -0.0320000
v 0.0057826 0.0072000 -0.0310815
v 0.0063030 0.0072000 -0.0303030
v 0.0070815 0.0072000 -0.0297826
v 0.0080000 0.0072000 -0.0296000
v 0.0089185 0.0072000 -0.0297826
v 0.0096970 0.0072000 -0.0303030
v 0.0102174 0.0072000 -0.0310815
v 0.0104000 0.0072000 -0.0320000
v 0.0102174 0.0072000 -0.0329185
v 0.0096970 0.0072000 -0.0336970
v 0.0089185 0.0072000 -0.0342174
v 0.0067754 0.0080000 -0.0349565
v 0.0080000 0.0080000 -0.0352000
v 0.0057373 0.0080000 -0.0342627
v 0.0050435 0.0080000 -0.0332246
v 0.0048000 0.0080000 -0.0320000
v 0.0050435 0.0080000 -0.0307754
v 0.0057373 0.0080000 -0.0297373
v 0.0067754 0.0080000 -0.0290435
v 0.0080000 0.0080000 -0.0288000
v 0.0093777 0.0080000 -0.0286740
v 0.0092246 0.0080000 -0.0290435
v 0.0105456 0.0080000 -0.0294544
v 0.0102627 0.0080000 -0.0297373
v 0.0113260 0.0080000 -0.0306223
v 0.0109565 0.0080000 -0.0307754
v 0.0116000 0.0080000 -0.0320000
v 0.0112000 0.0080000 -0.0320000
v 0.0113260 0.0080000 -0.0333777
v 0.0109565 0.0080000 -0.0332246
v 0.0105456 0.0080000 -0.0345456
v 0.0102627 0.0080000 -0.0342627
v 0.0093777 0.0080000 -0.0353260
v 0.0092246 0.0080000 -0.0349565
v 0.0050435 0.0072000 -0.0307754
v 0.0048000 0.0072000 -0.0320000
v 0.0057373 0.0072000 -0.0297373
v 0.0067754 0.0072000 -0.0290435
v 0.0080000 0.0072000 -0.0288000
v 0.0092246 0.0072000 -0.0290435
v 0.0102627 0.0072000 -0.0297373
v 0.0109565 0.0072000 -0.0307754
v 0.0112000 0.0072000 -0.0320000
v 0.0109565 0.0072000 -0.0332246
v 0.0102627 0.0072000 -0.0342627
v 0.0092246 0.0072000 -0.0349565
v 0.0080000 0.0072000 -0.0352000
v 0.0067754 0.0072000 -0.0349565
v 0.0057373 0.0072000 -0.0342627
v 0.0050435 0.0072000 -0.0332246
v -0.0146223 0.0048000 -0.0126740
v -0.0160000 0.0048000 -0.0124000
v -0.0134544 0.0048000 -0.0120000
v -0.0134544 0.0080000 -0.0120000
v -0.0134544 0.0080000 -0.0126128
v -0.0134544 0.0048000 -0.0126128
v -0.0135182 0.0080000 -0.0128531
v -0.0135182 0.0048000 -0.0128531
v -0.0137279 0.0080000 -0.0129920
v -0.0137279 0.0048000 -0.0129920
v -0.0139607 0.0080000 -0.0129481
v -0.0139607 0.0048000 -0.0129481
v -0.0146223 0.0080000 -0.0126739
v -0.0173777 0.0048000 -0.0126740
v -0.0185456 0.0080000 -0.0126128
v -0.0185456 0.0080000 -0.0120000
v -0.0185456 0.0048000 -0.0120000
v -0.0185456 0.0048000 -0.0126128
v -0.0180393 0.0048000 -0.0129481
v -0.0184818 0.0080000 -0.0128531
v -0.0184818 0.0048000 -0.0128531
v -0.0182721 0.0080000 -0.0129920
v -0.0182721 0.0048000 -0.0129920
v -0.0180393 0.0080000 -0.0129481
v -0.0173777 0.0080000 -0.0126739
v -0.0124000 0.0080000 -0.0152840
v -0.0129479 0.0080000 -0.0139606
v -0.0196000 0.0080000 -0.0124000
v -0.0124000 0.0080000 -0.0120000
v -0.0196000 0.0080000 -0.0120000
v -0.0160000 0.0080000 -0.0116000
v -0.0146223 0.0080000 -0.0113260
v -0.0146223 0.0048000 -0.0113260
v -0.0160000 0.0048000 -0.0116000
v -0.0134544 0.0080000 -0.0113872
v -0.0134544 0.0048000 -0.0113872
v -0.0135182 0.0080000 -0.0111469
v -0.0135182 0.0048000 -0.0111469
v -0.0137279 0.0080000 -0.0110080
v -0.0137279 0.0048000 -0.0110080
v -0.0139607 0.0080000 -0.0110519
v -0.0139607 0.0048000 -0.0110519
v -0.0134544 0.0080000 -0.0105456
v -0.0146223 0.0080000 -0.0113261
v -0.0173777 0.0048000 -0.0113260
v -0.0173777 0.0080000 -0.0113260
v -0.0185456 0.0080000 -0.0113872
v -0.0185456 0.0048000 -0.0113872
v -0.0180393 0.0048000 -0.0110519
v -0.0184818 0.0080000 -0.0111469
v -0.0184818 0.0048000 -0.0111469
v -0.0182721 0.0080000 -0.0110080
v -0.0182721 0.0048000 -0.0110080
v -0.0180393 0.0080000 -0.0110519
v -0.0173777 0.0080000 -0.0113261
v -0.0185456 0.0080000 -0.0105456
v -0.0126740 0.0080000 -0.0093777
v -0.0124000 0.0080000 -0.0080000
v -0.0124000 0.0080000 -0.0116000
v -0.0196000 0.0080000 -0.0116000
v -0.0196000 0.0080000 -0.0080000
v -0.0193260 0.0080000 -0.0093777
v -0.0173777 0.0032000 -0.0126740
v -0.0160000 0.0032000 -0.0124000
v -0.0185456 0.0032000 -0.0120000
v -0.0185456 0.0000000 -0.0120000
v -0.0185456 0.0000000 -0.0126128
v -0.0185456 0.0032000 -0.0126128
v -0.0184818 0.0000000 -0.0128531
v -0.0184818 0.0032000 -0.0128531
v -0.0182721 0.0000000 -0.0129920
v -0.0182721 0.0032000 -0.0129920
v -0.0180393 0.0000000 -0.0129481
v -0.0180393 0.0032000 -0.0129481
v -0.0173777 0.0000000 -0.0126739
v -0.0146223 0.0032000 -0.0126740
v -0.0134544 0.0000000 -0.0126128
v -0.0134544 0.0000000 -0.0120000
v -0.0134544 0.0032000 -0.0120000
v -0.0134544 0.0032000 -0.0126128
v -0.0139607 0.0032000 -0.0129481
v -0.0135182 0.0000000 -0.0128531
v -0.0135182 0.0032000 -0.0128531
v -0.0137279 0.0000000 -0.0129920
v -0.0137279 0.0032000 -0.0129920
v -0.0139607 0.0000000 -0.0129481
v -0.0146223 0.0000000 -0.0126739
v -0.0196000 0.0000000 -0.0124000
v -0.0124000 0.0000000 -0.0152840
v -0.0129479 0.0000000 -0.0139606
v -0.0196000 0.0000000 -0.0120000
v -0.0124000 0.0000000 -0.0120000
v -0.0160000 0.0000000 -0.0116000
v -0.0173777 0.0000000 -0.0113260
v -0.0173777 0.0032000 -0.0113260
v -0.0160000 0.0032000 -0.0116000
v -0.0185456 0.0000000 -0.0113872
v -0.0185456 0.0032000 -0.0113872
v -0.0184818 0.0000000 -0.0111469
v -0.0184818 0.0032000 -0.0111469
v -0.0182721 0.0000000 -0.0110080
v -0.0182721 0.0032000 -0.0110080
v -0.0180393 0.0000000 -0.0110519
v -0.0180393 0.0032000 -0.0110519
v -0.0185456 0.0000000 -0.0105456
v -0.0173777 0.0000000 -0.0113261
v -0.0146223 0.0032000 -0.0113260
v -0.0146223 0.0000000 -0.0113260
v -0.0134544 0.0000000 -0.0113872
v -0.0134544 0.0032000 -0.0113872
v -0.0139607 0.0032000 -0.0110519
v -0.0135182 0.0000000 -0.0111469
v -0.0135182 0.0032000 -0.0111469
v -0.0137279 0.0000000 -0.0110080
v -0.0137279 0.0032000 -0.0110080
v -0.0139607 0.0000000 -0.0110519
v -0.0146223 0.0000000 -0.0113261
v -0.0134544 0.0000000 -0.0105456
v -0.0193260 0.0000000 -0.0093777
v -0.0196000 0.0000000 -0.0080000
v -0.0196000 0.0000000 -0.0116000
v -0.0124000 0.0000000 -0.0116000
v -0.0124000 0.0000000 -0.0080000
v -0.0126740 0.0000000 -0.0093777
v -0.0160000 0.0008000 -0.0104000
v -0.0169185 0.0008000 -0.0102174
v -0.0172246 0.0008000 -0.0109565
v -0.0160000 0.0008000 -0.0112000
v -0.0176970 0.0008000 -0.0096970
v -0.0182627 0.0008000 -0.0102627
v -0.0182174 0.0008000 -0.0089185
v -0.0189565 0.0008000 -0.0092246
v -0.0184000 0.0008000 -0.0080000
v -0.0192000 0.0008000 -0.0080000
v -0.0182174 0.0008000 -0.0070815
v -0.0189565 0.0008000 -0.0067754
v -0.0176970 0.0008000 -0.0063030
v -0.0182627 0.0008000 -0.0057373
v -0.0169185 0.0008000 -0.0057826
v -0.0172246 0.0008000 -0.0050435
v -0.0160000 0.0008000 -0.0056000
v -0.0160000 0.0008000 -0.0048000
v -0.0150815 0.0008000 -0.0057826
v -0.0147754 0.0008000 -0.0050435
v -0.0143030 0.0008000 -0.0063030
v -0.0137373 0.0008000 -0.0057373
v -0.0137826 0.0008000 -0.0070815
v -0.0130435 0.0008000 -0.0067754
v -0.0136000 0.0008000 -0.0080000
v -0.0128000 0.0008000 -0.0080000
v -0.0137826 0.0008000 -0.0089185
v -0.0130435 0.0008000 -0.0092246
v -0.0143030 0.0008000 -0.0096970
v -0.0137373 0.0008000 -0.0102627
v -0.0150815 0.0008000 -0.0102174
v -0.0147754 0.0008000 -0.0109565
v -0.0130435 0.0000000 -0.0092246
v -0.0128000 0.0000000 -0.0080000
v -0.0137373 0.0000000 -0.0102627
v -0.0147754 0.0000000 -0.0109565
v -0.0160000 0.0000000 -0.0112000
v -0.0172246 0.0000000 -0.0109565
v -0.0182627 0.0000000 -0.0102627
v -0.0189565 0.0000000 -0.0092246
v -0.0192000 0.0000000 -0.0080000
v -0.0189565 0.0000000 -0.0067754
v -0.0182627 0.0000000 -0.0057373
v -0.0172246 0.0000000 -0.0050435
v -0.0160000 0.0000000 -0.0048000
v -0.0147754 0.0000000 -0.0050435
v -0.0137373 0.0000000 -0.0057373
v -0.0130435 0.0000000 -0.0067754
v -0.0126740 0.0000000 -0.0066223
v -0.0134544 0.0000000 -0.0054544
v -0.0146223 0.0000000 -0.0046740
v -0.0160000 0.0000000 -0.0044000
v -0.0173777 0.0000000 -0.0046740
v -0.0185456 0.0000000 -0.0054544
v -0.0193260 0.0000000 -0.0066223
v -0.0137826 0.0072000 -0.0089185
v -0.0136000 0.0072000 -0.0080000
v -0.0143030 0.0072000 -0.0096970
v -0.0150815 0.0072000 -0.0102174
v -0.0160000 0.0072000 -0.0104000
v -0.0169185 0.0072000 -0.0102174
v -0.0176970 0.0072000 -0.0096970
v -0.0182174 0.0072000 -0.0089185
v -0.0184000 0.0072000 -0.0080000
v -0.0182174 0.0072000 -0.0070815
v -0.0176970 0.0072000 -0.0063030
v -0.0169185 0.0072000 -0.0057826
v -0.0160000 0.0072000 -0.0056000
v -0.0150815 0.0072000 -0.0057826
v -0.0143030 0.0072000 -0.0063030
v -0.0137826 0.0072000 -0.0070815
v -0.0130435 0.0080000 -0.0092246
v -0.0128000 0.0080000 -0.0080000
v -0.0137373 0.0080000 -0.0102627
v -0.0147754 0.0080000 -0.0109565
v -0.0160000 0.0080000 -0.0112000
v -0.0172246 0.0080000 -0.0109565
v -0.0182627 0.0080000 -0.0102627
v -0.0189565 0.0080000 -0.0092246
v -0.0192000 0.0080000 -0.0080000
v -0.0193260 0.0080000 -0.0066223
v -0.0189565 0.0080000 -0.0067754
v -0.0185456 0.0080000 -0.0054544
v -0.0182627 0.0080000 -0.0057373
v -0.0173777 0.0080000 -0.0046740
v -0.0172246 0.0080000 -0.0050435
v -0.0160000 0.0080000 -0.0044000
v -0.0160000 0.0080000 -0.0048000
v -0.0146223 0.0080000 -0.0046740
v -0.0147754 0.0080000 -0.0050435
v -0.0134544 0.0080000 -0.0054544
v -0.0137373 0.0080000 -0.0057373
v -0.0126740 0.0080000 -0.0066223
v -0.0130435 0.0080000 -0.0067754
v -0.0172246 0.0072000 -0.0109565
v -0.0160000 0.0072000 -0.0112000
v -0.0182627 0.0072000 -0.0102627
v -0.0189565 0.0072000 -0.0092246
v -0.0192000 0.0072000 -0.0080000
v -0.0189565 0.0072000 -0.0067754
v -0.0182627 0.0072000 -0.0057373
v -0.0172246 0.0072000 -0.0050435
v -0.0160000 0.0072000 -0.0048000
v -0.0147754 0.0072000 -0.0050435
v -0.0137373 0.0072000 -0.0057373
v -0.0130435 0.0072000 -0.0067754
v -0.0128000 0.0072000 -0.0080000
v -0.0130435 0.0072000 -0.0092246
v -0.0137373 0.0072000 -0.0102627
v -0.0147754 0.0072000 -0.0109565
v -0.0124000 0.0080000 0.0000000
v -0.0126740 0.0080000 -0.0013777
v -0.0130435 0.0080000 -0.0012246
v -0.0128000 0.0080000 0.0000000
v -0.0134544 0.0080000 -0.0025456
v -0.0137373 0.0080000 -0.0022627
v -0.0146223 0.0080000 -0.0033260
v -0.0147754 0.0080000 -0.0029565
v -0.0160000 0.0080000 -0.0036000
v -0.0160000 0.0080000 -0.0032000
v -0.0173777 0.0080000 -0.0033260
v -0.0172246 0.0080000 -0.0029565
v -0.0185456 0.0080000 -0.0025456
v -0.0182627 0.0080000 -0.0022627
v -0.0193260 0.0080000 -0.0013777
v -0.0189565 0.0080000 -0.0012246
v -0.0196000 0.0080000 0.0000000
v -0.0192000 0.0080000 0.0000000
v -0.0193260 0.0080000 0.0013777
v -0.0189565 0.0080000 0.0012246
v -0.0185456 0.0080000 0.0025456
v -0.0182627 0.0080000 0.0022627
v -0.0173777 0.0080000 0.0033260
v -0.0172246 0.0080000 0.0029565
v -0.0160000 0.0080000 0.0036000
v -0.0160000 0.0080000 0.0032000
v -0.0146223 0.0080000 0.0033260
v -0.0147754 0.0080000 0.0029565
v -0.0134544 0.0080000 0.0025456
v -0.0137373 0.0080000 0.0022627
v -0.0126740 0.0080000 0.0013777
v -0.0130435 0.0080000 0.0012246
v -0.0146223 0.0048000 -0.0046740
v -0.0160000 0.0048000 -0.0044000
v -0.0134544 0.0048000 -0.0040000
v -0.0134544 0.0080000 -0.0040000
v -0.0134544 0.0080000 -0.0046128
v -0.0134544 0.0048000 -0.0046128
v -0.0135182 0.0080000 -0.0048531
v -0.0135182 0.0048000 -0.0048531
v -0.0137279 0.0080000 -0.0049920
v -0.0137279 0.0048000 -0.0049920
v -0.0139607 0.0080000 -0.0049481
v -0.0139607 0.0048000 -0.0049481
v -0.0146223 0.0080000 -0.0046739
v -0.0173777 0.0048000 -0.0046740
v -0.0185456 0.0080000 -0.0046128
v -0.0185456 0.0080000 -0.0040000
v -0.0185456 0.0048000 -0.0040000
v -0.0185456 0.0048000 -0.0046128
v -0.0180393 0.0048000 -0.0049481
v -0.0184818 0.0080000 -0.0048531
v -0.0184818 0.0048000 -0.0048531
v -0.0182721 0.0080000 -0.0049920
v -0.0182721 0.0048000 -0.0049920
v -0.0180393 0.0080000 -0.0049481
v -0.0173777 0.0080000 -0.0046739
v -0.0124000 0.0080000 -0.0044000
v -0.0196000 0.0080000 -0.0044000
v -0.0124000 0.0080000 -0.0040000
v -0.0196000 0.0080000 -0.0040000
v -0.0146223 0.0048000 -0.0033260
v -0.0160000 0.0048000 -0.0036000
v -0.0134544 0.0080000 -0.0033872
v -0.0134544 0.0048000 -0.0033872
v -0.0135182 0.0080000 -0.0031469
v -0.0135182 0.0048000 -0.0031469
v -0.0137279 0.0080000 -0.0030080
v -0.0137279 0.0048000 -0.0030080
v -0.0139607 0.0080000 -0.0030519
v -0.0139607 0.0048000 -0.0030519
v -0.0146223 0.0080000 -0.0033261
v -0.0173777 0.0048000 -0.0033260
v -0.0185456 0.0080000 -0.0033872
v -0.0185456 0.0048000 -0.0033872
v -0.0180393 0.0048000 -0.0030519
v -0.0184818 0.0080000 -0.0031469
v -0.0184818 0.0048000 -0.0031469
v -0.0182721 0.0080000 -0.0030080
v -0.0182721 0.0048000 -0.0030080
v -0.0180393 0.0080000 -0.0030519
v -0.0173777 0.0080000 -0.0033261
v -0.0124000 0.0080000 -0.0036000
v -0.0196000 0.0080000 -0.0036000
v -0.0172246 0.0072000 -0.0029565
v -0.0169185 0.0072000 -0.0022174
v -0.0160000 0.0072000 -0.0024000
v -0.0160000 0.0072000 -0.0032000
v -0.0182627 0.0072000 -0.0022627
v -0.0176970 0.0072000 -0.0016970
v -0.0189565 0.0072000 -0.0012246
v -0.0182174 0.0072000 -0.0009185
v -0.0192000 0.0072000 0.0000000
v -0.0184000 0.0072000 0.0000000
v -0.0189565 0.0072000 0.0012246
v -0.0182174 0.0072000 0.0009185
v -0.0182627 0.0072000 0.0022627
v -0.0176970 0.0072000 0.0016970
v -0.0172246 0.0072000 0.0029565
v -0.0169185 0.0072000 0.0022174
v -0.0160000 0.0072000 0.0032000
v -0.0160000 0.0072000 0.0024000
v -0.0147754 0.0072000 0.0029565
v -0.0150815 0.0072000 0.0022174
v -0.0137373 0.0072000 0.0022627
v -0.0143030 0.0072000 0.0016970
v -0.0130435 0.0072000 0.0012246
v -0.0137826 0.0072000 0.0009185
v -0.0128000 0.0072000 0.0000000
v -0.0136000 0.0072000 0.0000000
v -0.0130435 0.0072000 -0.0012246
v -0.0137826 0.0072000 -0.0009185
v -0.0137373 0.0072000 -0.0022627
v -0.0143030 0.0072000 -0.0016970
v -0.0147754 0.0072000 -0.0029565
v -0.0150815 0.0072000 -0.0022174
v -0.0137826 0.0008000 -0.0009185
v -0.0136000 0.0008000 0.0000000
v -0.0143030 0.0008000 -0.0016970
v -0.0150815 0.0008000 -0.0022174
v -0.0160000 0.0008000 -0.0024000
v -0.0169185 0.0008000 -0.0022174
v -0.0176970 0.0008000 -0.0016970
v -0.0182174 0.0008000 -0.0009185
v -0.0184000 0.0008000 0.0000000
v -0.0182174 0.0008000 0.0009185
v -0.0176970 0.0008000 0.0016970
v -0.0169185 0.0008000 0.0022174
v -0.0160000 0.0008000 0.0024000
v -0.0150815 0.0008000 0.0022174
v -0.0143030 0.0008000 0.0016970
v -0.0137826 0.0008000 0.0009185
v -0.0172246 0.0008000 -0.0029565
v -0.0160000 0.0008000 -0.0032000
v -0.0182627 0.0008000 -0.0022627
v -0.0189565 0.0008000 -0.0012246
v -0.0192000 0.0008000 0.0000000
v -0.0189565 0.0008000 0.0012246
v -0.0182627 0.0008000 0.0022627
v -0.0172246 0.0008000 0.0029565
v -0.0160000 0.0008000 0.0032000
v -0.0147754 0.0008000 0.0029565
v -0.0137373 0.0008000 0.0022627
v -0.0130435 0.0008000 0.0012246
v -0.0128000 0.0008000 0.0000000
v -0.0130435 0.0008000 -0.0012246
v -0.0137373 0.0008000 -0.0022627
v -0.0147754 0.0008000 -0.0029565
v -0.0130435 0.0000000 -0.0012246
v -0.0128000 0.0000000 0.0000000
v -0.0137373 0.0000000 -0.0022627
v -0.0147754 0.0000000 -0.0029565
v -0.0160000 0.0000000 -0.0032000
v -0.0172246 0.0000000 -0.0029565
v -0.0182627 0.0000000 -0.0022627
v -0.0189565 0.0000000 -0.0012246
v -0.0192000 0.0000000 0.0000000
v -0.0189565 0.0000000 0.0012246
v -0.0182627 0.0000000 0.0022627
v -0.0172246 0.0000000 0.0029565
v -0.0160000 0.0000000 0.0032000
v -0.0147754 0.0000000 0.0029565
v -0.0137373 0.0000000 0.0022627
v -0.0130435 0.0000000 0.0012246
v -0.0146223 0.0032000 -0.0046740
v -0.0160000 0.0032000 -0.0044000
v -0.0134544 0.0000000 -0.0046128
v -0.0134544 0.0000000 -0.0040000
v -0.0134544 0.0032000 -0.0040000
v -0.0134544 0.0032000 -0.0046128
v -0.0135182 0.0000000 -0.0048531
v -0.0135182 0.0032000 -0.0048531
v -0.0137279 0.0000000 -0.0049920
v -0.0137279 0.0032000 -0.0049920
v -0.0139607 0.0000000 -0.0049481
v -0.0139607 0.0032000 -0.0049481
v -0.0146223 0.0000000 -0.0046739
v -0.0173777 0.0032000 -0.0046740
v -0.0185456 0.0032000 -0.0040000
v -0.0185456 0.0000000 -0.0040000
v -0.0185456 0.0000000 -0.0046128
v -0.0185456 0.0032000 -0.0046128
v -0.0180393 0.0032000 -0.0049481
v -0.0184818 0.0000000 -0.0048531
v -0.0184818 0.0032000 -0.0048531
v -0.0182721 0.0000000 -0.0049920
v -0.0182721 0.0032000 -0.0049920
v -0.0180393 0.0000000 -0.0049481
v -0.0173777 0.0000000 -0.0046739
v -0.0124000 0.0000000 -0.0044000
v -0.0196000 0.0000000 -0.0044000
v -0.0124000 0.0000000 -0.0040000
v -0.0196000 0.0000000 -0.0040000
v -0.0146223 0.0032000 -0.0033260
v -0.0146223 0.0000000 -0.0033260
v -0.0160000 0.0000000 -0.0036000
v -0.0160000 0.0032000 -0.0036000
v -0.0134544 0.0000000 -0.0033872
v -0.0134544 0.0032000 -0.0033872
v -0.0135182 0.0000000 -0.0031469
v -0.0135182 0.0032000 -0.0031469
v -0.0137279 0.0000000 -0.0030080
v -0.0137279 0.0032000 -0.0030080
v -0.0139607 0.0000000 -0.0030519
v -0.0139607 0.0032000 -0.0030519
v -0.0146223 0.0000000 -0.0033261
v -0.0134544 0.0000000 -0.0025456
v -0.0173777 0.0000000 -0.0033260
v -0.0173777 0.0032000 -0.0033260
v -0.0185456 0.0000000 -0.0033872
v -0.0185456 0.0032000 -0.0033872
v -0.0180393 0.0032000 -0.0030519
v -0.0184818 0.0000000 -0.0031469
v -0.0184818 0.0032000 -0.0031469
v -0.0182721 0.0000000 -0.0030080
v -0.0182721 0.0032000 -0.0030080
v -0.0180393 0.0000000 -0.0030519
v -0.0185456 0.0000000 -0.0025456
v -0.0173777 0.0000000 -0.0033261
v -0.0124000 0.0000000 -0.0036000
v -0.0124000 0.0000000 0.0000000
v -0.0126740 0.0000000 -0.0013777
v -0.0193260 0.0000000 -0.0013777
v -0.0196000 0.0000000 0.0000000
v -0.0196000 0.0000000 -0.0036000
v -0.0193260 0.0000000 0.0013777
v -0.0185456 0.0000000 0.0025456
v -0.0173777 0.0000000 0.0033260
v -0.0160000 0.0000000 0.0036000
v -0.0146223 0.0000000 0.0033260
v -0.0134544 0.0000000 0.0025456
v -0.0126740 0.0000000 0.0013777
v -0.0124000 0.0080000 0.0080000
v -0.0126740 0.0080000 0.0066223
v -0.0130435 0.0080000 0.0067754
v -0.0128000 0.0080000 0.0080000
v -0.0134544 0.0080000 0.0054544
v -0.0137373 0.0080000 0.0057373
v -0.0146223 0.0080000 0.0046740
v -0.0147754 0.0080000 0.0050435
v -0.0160000 0.0080000 0.0044000
v -0.0160000 0.0080000 0.0048000
v -0.0173777 0.0080000 0.0046740
v -0.0172246 0.0080000 0.0050435
v -0.0185456 0.0080000 0.0054544
v -0.0182627 0.0080000 0.0057373
v -0.0193260 0.0080000 0.0066223
v -0.0189565 0.0080000 0.0067754
v -0.0196000 0.0080000 0.0080000
v -0.0192000 0.0080000 0.0080000
v -0.0193260 0.0080000 0.0093777
v -0.0189565 0.0080000 0.0092246
v -0.0185456 0.0080000 0.0105456
v -0.0182627 0.0080000 0.0102627
v -0.0173777 0.0080000 0.0113260
v -0.0172246 0.0080000 0.0109565
v -0.0160000 0.0080000 0.0116000
v -0.0160000 0.0080000 0.0112000
v -0.0146223 0.0080000 0.0113260
v -0.0147754 0.0080000 0.0109565
v -0.0134544 0.0080000 0.0105456
v -0.0137373 0.0080000 0.0102627
v -0.0126740 0.0080000 0.0093777
v -0.0130435 0.0080000 0.0092246
v -0.0146223 0.0048000 0.0033260
v -0.0160000 0.0048000 0.0036000
v -0.0134544 0.0048000 0.0040000
v -0.0134544 0.0080000 0.0040000
v -0.0134544 0.0080000 0.0033872
v -0.0134544 0.0048000 0.0033872
v -0.0135182 0.0080000 0.0031469
v -0.0135182 0.0048000 0.0031469
v -0.0137279 0.0080000 0.0030080
v -0.0137279 0.0048000 0.0030080
v -0.0139607 0.0080000 0.0030519
v -0.0139607 0.0048000 0.0030519
v -0.0146223 0.0080000 0.0033261
v -0.0173777 0.0048000 0.0033260
v -0.0185456 0.0080000 0.0033872
v -0.0185456 0.0080000 0.0040000
v -0.0185456 0.0048000 0.0040000
v -0.0185456 0.0048000 0.0033872
v -0.0180393 0.0048000 0.0030519
v -0.0184818 0.0080000 0.0031469
v -0.0184818 0.0048000 0.0031469
v -0.0182721 0.0080000 0.0030080
v -0.0182721 0.0048000 0.0030080
v -0.0180393 0.0080000 0.0030519
v -0.0173777 0.0080000 0.0033261
v -0.0124000 0.0080000 0.0036000
v -0.0196000 0.0080000 0.0036000
v -0.0124000 0.0080000 0.0040000
v -0.0196000 0.0080000 0.0040000
v -0.0146223 0.0048000 0.0046740
v -0.0160000 0.0048000 0.0044000
v -0.0134544 0.0080000 0.0046128
v -0.0134544 0.0048000 0.0046128
v -0.0135182 0.0080000 0.0048531
v -0.0135182 0.0048000 0.0048531
v -0.0137279 0.0080000 0.0049920
v -0.0137279 0.0048000 0.0049920
v -0.0139607 0.0080000 0.0049481
v -0.0139607 0.0048000 0.0049481
v -0.0146223 0.0080000 0.0046739
v -0.0173777 0.0048000 0.0046740
v -0.0185456 0.0080000 0.0046128
v -0.0185456 0.0048000 0.0046128
v -0.0180393 0.0048000 0.0049481
v -0.0184818 0.0080000 0.0048531
v -0.0184818 0.0048000 0.0048531
v -0.0182721 0.0080000 0.0049920
v -0.0182721 0.0048000 0.0049920
v -0.0180393 0.0080000 0.0049481
v -0.0173777 0.0080000 0.0046739
v -0.0124000 0.0080000 0.0044000
v -0.0196000 0.0080000 0.0044000
v -0.0172246 0.0072000 0.0050435
v -0.0169185 0.0072000 0.0057826
v -0.0160000 0.0072000 0.0056000
v -0.0160000 0.0072000 0.0048000
v -0.0182627 0.0072000 0.0057373
v -0.0176970 0.0072000 0.0063030
v -0.0189565 0.0072000 0.0067754
v -0.0182174 0.0072000 0.0070815
v -0.0192000 0.0072000 0.0080000
v -0.0184000 0.0072000 0.0080000
v -0.0189565 0.0072000 0.0092246
v -0.0182174 0.0072000 0.0089185
v -0.0182627 0.0072000 0.0102627
v -0.0176970 0.0072000 0.0096970
v -0.0172246 0.0072000 0.0109565
v -0.0169185 0.0072000 0.0102174
v -0.0160000 0.0072000 0.0112000
v -0.0160000 0.0072000 0.0104000
v -0.0147754 0.0072000 0.0109565
v -0.0150815 0.0072000 0.0102174
v -0.0137373 0.0072000 0.0102627
v -0.0143030 0.0072000 0.0096970
v -0.0130435 0.0072000 0.0092246
v -0.0137826 0.0072000 0.0089185
v -0.0128000 0.0072000 0.0080000
v -0.0136000 0.0072000 0.0080000
v -0.0130435 0.0072000 0.0067754
v -0.0137826 0.0072000 0.0070815
v -0.0137373 0.0072000 0.0057373
v -0.0143030 0.0072000 0.0063030
v -0.0147754 0.0072000 0.0050435
v -0.0150815 0.0072000 0.0057826
v -0.0137826 0.0008000 0.0070815
v -0.0136000 0.0008000 0.0080000
v -0.0143030 0.0008000 0.0063030
v -0.0150815 0.0008000 0.0057826
v -0.0160000 0.0008000 0.0056000
v -0.0169185 0.0008000 0.0057826
v -0.0176970 0.0008000 0.0063030
v -0.0182174 0.0008000 0.0070815
v -0.0184000 0.0008000 0.0080000
v -0.0182174 0.0008000 0.0089185
v -0.0176970 0.0008000 0.0096970
v -0.0169185 0.0008000 0.0102174
v -0.0160000 0.0008000 0.0104000
v -0.0150815 0.0008000 0.0102174
v -0.0143030 0.0008000 0.0096970
v -0.0137826 0.0008000 0.0089185
v -0.0172246 0.0008000 0.0050435
v -0.0160000 0.0008000 0.0048000
v -0.0182627 0.0008000 0.0057373
v -0.0189565 0.0008000 0.0067754
v -0.0192000 0.0008000 0.0080000
v -0.0189565 0.0008000 0.0092246
v -0.0182627 0.0008000 0.0102627
v -0.0172246 0.0008000 0.0109565
v -0.0160000 0.0008000 0.0112000
v -0.0147754 0.0008000 0.0109565
v -0.0137373 0.0008000 0.0102627
v -0.0130435 0.0008000 0.0092246
v -0.0128000 0.0008000 0.0080000
v -0.0130435 0.0008000 0.0067754
v -0.0137373 0.0008000 0.0057373
v -0.0147754 0.0008000 0.0050435
v -0.0130435 0.0000000 0.0067754
v -0.0128000 0.0000000 0.0080000
v -0.0137373 0.0000000 0.0057373
v -0.0147754 0.0000000 0.0050435
v -0.0160000 0.0000000 0.0048000
v -0.0172246 0.0000000 0.0050435
v -0.0182627 0.0000000 0.0057373
v -0.0189565 0.0000000 0.0067754
v -0.0192000 0.0000000 0.0080000
v -0.0189565 0.0000000 0.0092246
v -0.0182627 0.0000000 0.0102627
v -0.0172246 0.0000000 0.0109565
v -0.0160000 0.0000000 0.0112000
v -0.0147754 0.0000000 0.0109565
v -0.0137373 0.0000000 0.0102627
v -0.0130435 0.0000000 0.0092246
v -0.0146223 0.0032000 0.0033260
v -0.0160000 0.0032000 0.0036000
v -0.0134544 0.0000000 0.0033872
v -0.0134544 0.0000000 0.0040000
v -0.0134544 0.0032000 0.0040000
v -0.0134544 0.0032000 0.0033872
v -0.0135182 0.0000000 0.0031469
v -0.0135182 0.0032000 0.0031469
v -0.0137279 0.0000000 0.0030080
v -0.0137279 0.0032000 0.0030080
v -0.0139607 0.0000000 0.0030519
v -0.0139607 0.0032000 0.0030519
v -0.0146223 0.0000000 0.0033261
v -0.0173777 0.0032000 0.0033260
v -0.0185456 0.0032000 0.0040000
v -0.0185456 0.0000000 0.0040000
v -0.0185456 0.0000000 0.0033872
v -0.0185456 0.0032000 0.0033872
v -0.0180393 0.0032000 0.0030519
v -0.0184818 0.0000000 0.0031469
v -0.0184818 0.0032000 0.0031469
v -0.0182721 0.0000000 0.0030080
v -0.0182721 0.0032000 0.0030080
v -0.0180393 0.0000000 0.0030519
v -0.0173777 0.0000000 0.0033261
v -0.0124000 0.0000000 0.0036000
v -0.0196000 0.0000000 0.0036000
v -0.0124000 0.0000000 0.0040000
v -0.0196000 0.0000000 0.0040000
v -0.0146223 0.0032000 0.0046740
v -0.0146223 0.0000000 0.0046740
v -0.0160000 0.0000000 0.0044000
v -0.0160000 0.0032000 0.0044000
v -0.0134544 0.0000000 0.0046128
v -0.0134544 0.0032000 0.0046128
v -0.0135182 0.0000000 0.0048531
v -0.0135182 0.0032000 0.0048531
v -0.0137279 0.0000000 0.0049920
v -0.0137279 0.0032000 0.0049920
v -0.0139607 0.0000000 0.0049481
v -0.0139607 0.0032000 0.0049481
v -0.0146223 0.0000000 0.0046739
v -0.0134544 0.0000000 0.0054544
v -0.0173777 0.0000000 0.0046740
v -0.0173777 0.0032000 0.0046740
v -0.0185456 0.0000000 0.0046128
v -0.0185456 0.0032000 0.0046128
v -0.0180393 0.0032000 0.0049481
v -0.0184818 0.0000000 0.0048531
v -0.0184818 0.0032000 0.0048531
v -0.0182721 0.0000000 0.0049920
v -0.0182721 0.0032000 0.0049920
v -0.0180393 0.0000000 0.0049481
v -0.0185456 0.0000000 0.0054544
v -0.0173777 0.0000000 0.0046739
v -0.0124000 0.0000000 0.0044000
v -0.0124000 0.0000000 0.0080000
v -0.0126740 0.0000000 0.0066223
v -0.0193260 0.0000000 0.0066223
v -0.0196000 0.0000000 0.0080000
v -0.0196000 0.0000000 0.0044000
v -0.0193260 0.0000000 0.0093777
v -0.0185456 0.0000000 0.0105456
v -0.0173777 0.0000000 0.0113260
v -0.0160000 0.0000000 0.0116000
v -0.0146223 0.0000000 0.0113260
v -0.0134544 0.0000000 0.0105456
v -0.0126740 0.0000000 0.0093777
v -0.0124000 0.0080000 0.0160000
v -0.0126740 0.0080000 0.0146223
v -0.0130435 0.0080000 0.0147754
v -0.0128000 0.0080000 0.0160000
v -0.0134544 0.0080000 0.0134544
v -0.0137373 0.0080000 0.0137373
v -0.0146223 0.0080000 0.0126740
v -0.0147754 0.0080000 0.0130435
v -0.0160000 0.0080000 0.0124000
v -0.0160000 0.0080000 0.0128000
v -0.0173777 0.0080000 0.0126740
v -0.0172246 0.0080000 0.0130435
v -0.0185456 0.0080000 0.0134544
v -0.0182627 0.0080000 0.0137373
v -0.0193260 0.0080000 0.0146223
v -0.0189565 0.0080000 0.0147754
v -0.0196000 0.0080000 0.0160000
v -0.0192000 0.0080000 0.0160000
v -0.0193260 0.0080000 0.0173777
v -0.0189565 0.0080000 0.0172246
v -0.0185456 0.0080000 0.0185456
v -0.0182627 0.0080000 0.0182627
v -0.0173777 0.0080000 0.0193260
v -0.0172246 0.0080000 0.0189565
v -0.0160000 0.0080000 0.0196000
v -0.0160000 0.0080000 0.0192000
v -0.0146223 0.0080000 0.0193260
v -0.0147754 0.0080000 0.0189565
v -0.0134544 0.0080000 0.0185456
v -0.0137373 0.0080000 0.0182627
v -0.0126740 0.0080000 0.0173777
v -0.0130435 0.0080000 0.0172246
v -0.0146223 0.0048000 0.0113260
v -0.0160000 0.0048000 0.0116000
v -0.0134544 0.0048000 0.0120000
v -0.0134544 0.0080000 0.0120000
v -0.0134544 0.0080000 0.0113872
v -0.0134544 0.0048000 0.0113872
v -0.0135182 0.0080000 0.0111469
v -0.0135182 0.0048000 0.0111469
v -0.0137279 0.0080000 0.0110080
v -0.0137279 0.0048000 0.0110080
v -0.0139607 0.0080000 0.0110519
v -0.0139607 0.0048000 0.0110519
v -0.0146223 0.0080000 0.0113261
v -0.0173777 0.0048000 0.0113260
v -0.0185456 0.0080000 0.0113872
v -0.0185456 0.0080000 0.0120000
v -0.0185456 0.0048000 0.0120000
v -0.0185456 0.0048000 0.0113872
v -0.0180393 0.0048000 0.0110519
v -0.0184818 0.0080000 0.0111469
v -0.0184818 0.0048000 0.0111469
v -0.0182721 0.0080000 0.0110080
v -0.0182721 0.0048000 0.0110080
v -0.0180393 0.0080000 0.0110519
v -0.0173777 0.0080000 0.0113261
v -0.0124000 0.0080000 0.0116000
v -0.0196000 0.0080000 0.0116000
v -0.0124000 0.0080000 0.0120000
v -0.0196000 0.0080000 0.0120000
v -0.0146223 0.0048000 0.0126740
v -0.0160000 0.0048000 0.0124000
v -0.0134544 0.0080000 0.0126128
v -0.0134544 0.0048000 0.0126128
v -0.0135182 0.0080000 0.0128531
v -0.0135182 0.0048000 0.0128531
v -0.0137279 0.0080000 0.0129920
v -0.0137279 0.0048000 0.0129920
v -0.0139607 0.0080000 0.0129481
v -0.0139607 0.0048000 0.0129481
v -0.0146223 0.0080000 0.0126739
v -0.0173777 0.0048000 0.0126740
v -0.0185456 0.0080000 0.0126128
v -0.0185456 0.0048000 0.0126128
v -0.0180393 0.0048000 0.0129481
v -0.0184818 0.0080000 0.0128531
v -0.0184818 0.0048000 0.0128531
v -0.0182721 0.0080000 0.0129920
v -0.0182721 0.0048000 0.0129920
v -0.0180393 0.0080000 0.0129481
v -0.0173777 0.0080000 0.0126739
v -0.0124000 0.0080000 0.0124000
v -0.0196000 0.0080000 0.0124000
v -0.0172246 0.0072000 0.0130435
v -0.0169185 0.0072000 0.0137826
v -0.0160000 0.0072000 0.0136000
v -0.0160000 0.0072000 0.0128000
v -0.0182627 0.0072000 0.0137373
v -0.0176970 0.0072000 0.0143030
v -0.0189565 0.0072000 0.0147754
v -0.0182174 0.0072000 0.0150815
v -0.0192000 0.0072000 0.0160000
v -0.0184000 0.0072000 0.0160000
v -0.0189565 0.0072000 0.0172246
v -0.0182174 0.0072000 0.0169185
v -0.0182627 0.0072000 0.0182627
v -0.0176970 0.0072000 0.0176970
v -0.0172246 0.0072000 0.0189565
v -0.0169185 0.0072000 0.0182174
v -0.0160000 0.0072000 0.0192000
v -0.0160000 0.0072000 0.0184000
v -0.0147754 0.0072000 0.0189565
v -0.0150815 0.0072000 0.0182174
v -0.0137373 0.0072000 0.0182627
v -0.0143030 0.0072000 0.0176970
v -0.0130435 0.0072000 0.0172246
v -0.0137826 0.0072000 0.0169185
v -0.0128000 0.0072000 0.0160000
v -0.0136000 0.0072000 0.0160000
v -0.0130435 0.0072000 0.0147754
v -0.0137826 0.0072000 0.0150815
v -0.0137373 0.0072000 0.0137373
v -0.0143030 0.0072000 0.0143030
v -0.0147754 0.0072000 0.0130435
v -0.0150815 0.0072000 0.0137826
v -0.0137826 0.0008000 0.0150815
v -0.0136000 0.0008000 0.0160000
v -0.0143030 0.0008000 0.0143030
v -0.0150815 0.0008000 0.0137826
v -0.0160000 0.0008000 0.0136000
v -0.0169185 0.0008000 0.0137826
v -0.0176970 0.0008000 0.0143030
v -0.0182174 0.0008000 0.0150815
v -0.0184000 0.0008000 0.0160000
v -0.0182174 0.0008000 0.0169185
v -0.0176970 0.0008000 0.0176970
v -0.0169185 0.0008000 0.0182174
v -0.0160000 0.0008000 0.0184000
v -0.0150815 0.0008000 0.0182174
v -0.0143030 0.0008000 0.0176970
v -0.0137826 0.0008000 0.0169185
v -0.0172246 0.0008000 0.0130435
v -0.0160000 0.0008000 0.0128000
v -0.0182627 0.0008000 0.0137373
v -0.0189565 0.0008000 0.0147754
v -0.0192000 0.0008000 0.0160000
v -0.0189565 0.0008000 0.0172246
v -0.0182627 0.0008000 0.0182627
v -0.0172246 0.0008000 0.0189565
v -0.0160000 0.0008000 0.0192000
v -0.0147754 0.0008000 0.0189565
v -0.0137373 0.0008000 0.0182627
v -0.0130435 0.0008000 0.0172246
v -0.0128000 0.0008000 0.0160000
v -0.0130435 0.0008000 0.0147754
v -0.0137373 0.0008000 0.0137373
v -0.0147754 0.0008000 0.0130435
v -0.0130435 0.0000000 0.0147754
v -0.0128000 0.0000000 0.0160000
v -0.0137373 0.0000000 0.0137373
v -0.0147754 0.0000000 0.0130435
v -0.0160000 0.0000000 0.0128000
v -0.0172246 0.0000000 0.0130435
v -0.0182627 0.0000000 0.0137373
v -0.0189565 0.0000000 0.0147754
v -0.0192000 0.0000000 0.0160000
v -0.0189565 0.0000000 0.0172246
v -0.0182627 0.0000000 0.0182627
v -0.0172246 0.0000000 0.0189565
v -0.0160000 0.0000000 0.0192000
v -0.0147754 0.0000000 0.0189565
v -0.0137373 0.0000000 0.0182627
v -0.0130435 0.0000000 0.0172246
v -0.0146223 0.0032000 0.0113260
v -0.0160000 0.0032000 0.0116000
v -0.0134544 0.0000000 0.0113872
v -0.0134544 0.0000000 0.0120000
v -0.0134544 0.0032000 0.0120000
v -0.0134544 0.0032000 0.0113872
v -0.0135182 0.0000000 0.0111469
v -0.0135182 0.0032000 0.0111469
v -0.0137279 0.0000000 0.0110080
v -0.0137279 0.0032000 0.0110080
v -0.0139607 0.0000000 0.0110519
v -0.0139607 0.0032000 0.0110519
v -0.0146223 0.0000000 0.0113261
v -0.0173777 0.0032000 0.0113260
v -0.0185456 0.0032000 0.0120000
v -0.0185456 0.0000000 0.0120000
v -0.0185456 0.0000000 0.0113872
v -0.0185456 0.0032000 0.0113872
v -0.0180393 0.0032000 0.0110519
v -0.0184818 0.0000000 0.0111469
v -0.0184818 0.0032000 0.0111469
v -0.0182721 0.0000000 0.0110080
v -0.0182721 0.0032000 0.0110080
v -0.0180393 0.0000000 0.0110519
v -0.0173777 0.0000000 0.0113261
v -0.0124000 0.0000000 0.0116000
v -0.0196000 0.0000000 0.0116000
v -0.0124000 0.0000000 0.0120000
v -0.0196000 0.0000000 0.0120000
v -0.0146223 0.0032000 0.0126740
v -0.0146223 0.0000000 0.0126740
v -0.0160000 0.0000000 0.0124000
v -0.0160000 0.0032000 0.0124000
v -0.0134544 0.0000000 0.0126128
v -0.0134544 0.0032000 0.0126128
v -0.0135182 0.0000000 0.0128531
v -0.0135182 0.0032000 0.0128531
v -0.0137279 0.0000000 0.0129920
v -0.0137279 0.0032000 0.0129920
v -0.0139607 0.0000000 0.0129481
v -0.0139607 0.0032000 0.0129481
v -0.0146223 0.0000000 0.0126739
v -0.0134544 0.0000000 0.0134544
v -0.0173777 0.0000000 0.0126740
v -0.0173777 0.0032000 0.0126740
v -0.0185456 0.0000000 0.0126128
v -0.0185456 0.0032000 0.0126128
v -0.0180393 0.0032000 0.0129481
v -0.0184818 0.0000000 0.0128531
v -0.0184818 0.0032000 0.0128531
v -0.0182721 0.0000000 0.0129920
v -0.0182721 0.0032000 0.0129920
v -0.0180393 0.0000000 0.0129481
v -0.0185456 0.0000000 0.0134544
v -0.0173777 0.0000000 0.0126739
v -0.0124000 0.0000000 0.0124000
v -0.0124000 0.0000000 0.0160000
v -0.0126740 0.0000000 0.0146223
v -0.0193260 0.0000000 0.0146223
v -0.0196000 0.0000000 0.0160000
v -0.0196000 0.0000000 0.0124000
v -0.0193260 0.0000000 0.0173777
v -0.0185456 0.0000000 0.0185456
v -0.0173777 0.0000000 0.0193260
v -0.0160000 0.0000000 0.0196000
v -0.0146223 0.0000000 0.0193260
v -0.0134544 0.0000000 0.0185456
v -0.0126740 0.0000000 0.0173777
v -0.0126740 0.0080000 0.0226223
v -0.0130435 0.0080000 0.0227754
v -0.0128000 0.0080000 0.0240000
v -0.0134544 0.0080000 0.0214544
v -0.0137373 0.0080000 0.0217373
v -0.0146223 0.0080000 0.0206740
v -0.0147754 0.0080000 0.0210435
v -0.0160000 0.0080000 0.0204000
v -0.0160000 0.0080000 0.0208000
v -0.0173777 0.0080000 0.0206740
v -0.0172246 0.0080000 0.0210435
v -0.0185456 0.0080000 0.0214544
v -0.0182627 0.0080000 0.0217373
v -0.0193260 0.0080000 0.0226223
v -0.0189565 0.0080000 0.0227754
v -0.0192000 0.0080000 0.0240000
v -0.0189565 0.0080000 0.0252246
v -0.0182627 0.0080000 0.0262627
v -0.0172246 0.0080000 0.0269565
v -0.0160000 0.0080000 0.0272000
v -0.0147754 0.0080000 0.0269565
v -0.0137373 0.0080000 0.0262627
v -0.0130435 0.0080000 0.0252246
v -0.0146223 0.0048000 0.0193260
v -0.0160000 0.0048000 0.0196000
v -0.0134544 0.0048000 0.0200000
v -0.0134544 0.0080000 0.0200000
v -0.0134544 0.0080000 0.0193872
v -0.0134544 0.0048000 0.0193872
v -0.0135182 0.0080000 0.0191469
v -0.0135182 0.0048000 0.0191469
v -0.0137279 0.0080000 0.0190080
v -0.0137279 0.0048000 0.0190080
v -0.0139607 0.0080000 0.0190519
v -0.0139607 0.0048000 0.0190519
v -0.0146223 0.0080000 0.0193261
v -0.0173777 0.0048000 0.0193260
v -0.0185456 0.0080000 0.0193872
v -0.0185456 0.0080000 0.0200000
v -0.0185456 0.0048000 0.0200000
v -0.0185456 0.0048000 0.0193872
v -0.0180393 0.0048000 0.0190519
v -0.0184818 0.0080000 0.0191469
v -0.0184818 0.0048000 0.0191469
v -0.0182721 0.0080000 0.0190080
v -0.0182721 0.0048000 0.0190080
v -0.0180393 0.0080000 0.0190519
v -0.0173777 0.0080000 0.0193261
v -0.0124000 0.0080000 0.0196000
v -0.0196000 0.0080000 0.0196000
v -0.0124000 0.0080000 0.0200000
v -0.0196000 0.0080000 0.0200000
v -0.0146223 0.0048000 0.0206740
v -0.0160000 0.0048000 0.0204000
v -0.0134544 0.0080000 0.0206128
v -0.0134544 0.0048000 0.0206128
v -0.0135182 0.0080000 0.0208531
v -0.0135182 0.0048000 0.0208531
v -0.0137279 0.0080000 0.0209920
v -0.0137279 0.0048000 0.0209920
v -0.0139607 0.0080000 0.0209481
v -0.0139607 0.0048000 0.0209481
v -0.0146223 0.0080000 0.0206739
v -0.0173777 0.0048000 0.0206740
v -0.0185456 0.0080000 0.0206128
v -0.0185456 0.0048000 0.0206128
v -0.0180393 0.0048000 0.0209481
v -0.0184818 0.0080000 0.0208531
v -0.0184818 0.0048000 0.0208531
v -0.0182721 0.0080000 0.0209920
v -0.0182721 0.0048000 0.0209920
v -0.0180393 0.0080000 0.0209481
v -0.0173777 0.0080000 0.0206739
v -0.0124000 0.0080000 0.0204000
v -0.0196000 0.0080000 0.0204000
v -0.0172246 0.0072000 0.0210435
v -0.0169185 0.0072000 0.0217826
v -0.0160000 0.0072000 0.0216000
v -0.0160000 0.0072000 0.0208000
v -0.0182627 0.0072000 0.0217373
v -0.0176970 0.0072000 0.0223030
v -0.0189565 0.0072000 0.0227754
v -0.0182174 0.0072000 0.0230815
v -0.0192000 0.0072000 0.0240000
v -0.0184000 0.0072000 0.0240000
v -0.0189565 0.0072000 0.0252246
v -0.0182174 0.0072000 0.0249185
v -0.0182627 0.0072000 0.0262627
v -0.0176970 0.0072000 0.0256970
v -0.0172246 0.0072000 0.0269565
v -0.0169185 0.0072000 0.0262174
v -0.0160000 0.0072000 0.0272000
v -0.0160000 0.0072000 0.0264000
v -0.0147754 0.0072000 0.0269565
v -0.0150815 0.0072000 0.0262174
v -0.0137373 0.0072000 0.0262627
v -0.0143030 0.0072000 0.0256970
v -0.0130435 0.0072000 0.0252246
v -0.0137826 0.0072000 0.0249185
v -0.0128000 0.0072000 0.0240000
v -0.0136000 0.0072000 0.0240000
v -0.0130435 0.0072000 0.0227754
v -0.0137826 0.0072000 0.0230815
v -0.0137373 0.0072000 0.0217373
v -0.0143030 0.0072000 0.0223030
v -0.0147754 0.0072000 0.0210435
v -0.0150815 0.0072000 0.0217826
v -0.0137826 0.0008000 0.0230815
v -0.0136000 0.0008000 0.0240000
v -0.0143030 0.0008000 0.0223030
v -0.0150815 0.0008000 0.0217826
v -0.0160000 0.0008000 0.0216000
v -0.0169185 0.0008000 0.0217826
v -0.0176970 0.0008000 0.0223030
v -0.0182174 0.0008000 0.0230815
v -0.0184000 0.0008000 0.0240000
v -0.0182174 0.0008000 0.0249185
v -0.0176970 0.0008000 0.0256970
v -0.0169185 0.0008000 0.0262174
v -0.0160000 0.0008000 0.0264000
v -0.0150815 0.0008000 0.0262174
v -0.0143030 0.0008000 0.0256970
v -0.0137826 0.0008000 0.0249185
v -0.0172246 0.0008000 0.0210435
v -0.0160000 0.0008000 0.0208000
v -0.0182627 0.0008000 0.0217373
v -0.0189565 0.0008000 0.0227754
v -0.0192000 0.0008000 0.0240000
v -0.0189565 0.0008000 0.0252246
v -0.0182627 0.0008000 0.0262627
v -0.0172246 0.0008000 0.0269565
v -0.0160000 0.0008000 0.0272000
v -0.0147754 0.0008000 0.0269565
v -0.0137373 0.0008000 0.0262627
v -0.0130435 0.0008000 0.0252246
v -0.0128000 0.0008000 0.0240000
v -0.0130435 0.0008000 0.0227754
v -0.0137373 0.0008000 0.0217373
v -0.0147754 0.0008000 0.0210435
v -0.0130435 0.0000000 0.0227754
v -0.0128000 0.0000000 0.0240000
v -0.0137373 0.0000000 0.0217373
v -0.0147754 0.0000000 0.0210435
v -0.0160000 0.0000000 0.0208000
v -0.0172246 0.0000000 0.0210435
v -0.0182627 0.0000000 0.0217373
v -0.0189565 0.0000000 0.0227754
v -0.0192000 0.0000000 0.0240000
v -0.0189565 0.0000000 0.0252246
v -0.0182627 0.0000000 0.0262627
v -0.0172246 0.0000000 0.0269565
v -0.0160000 0.0000000 0.0272000
v -0.0147754 0.0000000 0.0269565
v -0.0137373 0.0000000 0.0262627
v -0.0130435 0.0000000 0.0252246
v -0.0146223 0.0032000 0.0193260
v -0.0160000 0.0032000 0.0196000
v -0.0134544 0.0000000 0.0193872
v -0.0134544 0.0000000 0.0200000
v -0.0134544 0.0032000 0.0200000
v -0.0134544 0.0032000 0.0193872
v -0.0135182 0.0000000 0.0191469
v -0.0135182 0.0032000 0.0191469
v -0.0137279 0.0000000 0.0190080
v -0.0137279 0.0032000 0.0190080
v -0.0139607 0.0000000 0.0190519
v -0.0139607 0.0032000 0.0190519
v -0.0146223 0.0000000 0.0193261
v -0.0173777 0.0032000 0.0193260
v -0.0185456 0.0032000 0.0200000
v -0.0185456 0.0000000 0.0200000
v -0.0185456 0.0000000 0.0193872
v -0.0185456 0.0032000 0.0193872
v -0.0180393 0.0032000 0.0190519
v -0.0184818 0.0000000 0.0191469
v -0.0184818 0.0032000 0.0191469
v -0.0182721 0.0000000 0.0190080
v -0.0182721 0.0032000 0.0190080
v -0.0180393 0.0000000 0.0190519
v -0.0173777 0.0000000 0.0193261
v -0.0124000 0.0000000 0.0196000
v -0.0196000 0.0000000 0.0196000
v -0.0124000 0.0000000 0.0200000
v -0.0196000 0.0000000 0.0200000
v -0.0146223 0.0032000 0.0206740
v -0.0146223 0.0000000 0.0206740
v -0.0160000 0.0000000 0.0204000
v -0.0160000 0.0032000 0.0204000
v -0.0134544 0.0000000 0.0206128
v -0.0134544 0.0032000 0.0206128
v -0.0135182 0.0000000 0.0208531
v -0.0135182 0.0032000 0.0208531
v -0.0137279 0.0000000 0.0209920
v -0.0137279 0.0032000 0.0209920
v -0.0139607 0.0000000 0.0209481
v -0.0139607 0.0032000 0.0209481
v -0.0146223 0.0000000 0.0206739
v -0.0134544 0.0000000 0.0214544
v -0.0173777 0.0000000 0.0206740
v -0.0173777 0.0032000 0.0206740
v -0.0185456 0.0000000 0.0206128
v -0.0185456 0.0032000 0.0206128
v -0.0180393 0.0032000 0.0209481
v -0.0184818 0.0000000 0.0208531
v -0.0184818 0.0032000 0.0208531
v -0.0182721 0.0000000 0.0209920
v -0.0182721 0.0032000 0.0209920
v -0.0180393 0.0000000 0.0209481
v -0.0185456 0.0000000 0.0214544
v -0.0173777 0.0000000 0.0206739
v -0.0124000 0.0000000 0.0204000
v -0.0126740 0.0000000 0.0226223
v -0.0193260 0.0000000 0.0226223
v -0.0196000 0.0000000 0.0204000
v -0.0079197 0.0000000 -0.0286059
v -0.0079197 0.0008000 -0.0286059
v -0.0126059 0.0008000 -0.0239197
v -0.0126059 0.0000000 -0.0239197
v -0.0128891 0.0000000 -0.0242029
v -0.0082029 0.0000000 -0.0288891
v -0.0073539 0.0072000 -0.0280402
v -0.0120402 0.0072000 -0.0233539
v -0.0120402 0.0008000 -0.0233539
v -0.0073539 0.0008000 -0.0280402
v -0.0079197 0.0072000 -0.0286059
v -0.0126059 0.0072000 -0.0239197
v -0.0079197 0.0080000 -0.0286059
v -0.0126059 0.0080000 -0.0239197
v -0.0128891 0.0080000 -0.0242029
v -0.0082029 0.0080000 -0.0288891
v -0.0080803 0.0000000 -0.0193941
v -0.0080803 0.0008000 -0.0193941
v -0.0033941 0.0008000 -0.0240803
v -0.0033941 0.0000000 -0.0240803
v -0.0031109 0.0000000 -0.0237971
v -0.0077971 0.0000000 -0.0191109
v -0.0086461 0.0072000 -0.0199598
v -0.0039598 0.0072000 -0.0246461
v -0.0039598 0.0008000 -0.0246461
v -0.0086461 0.0008000 -0.0199598
v -0.0080803 0.0072000 -0.0193941
v -0.0033941 0.0072000 -0.0240803
v -0.0080803 0.0080000 -0.0193941
v -0.0033941 0.0080000 -0.0240803
v -0.0031109 0.0080000 -0.0237971
v -0.0077971 0.0080000 -0.0191109
v 0.0000000 0.0008000 -0.0344000
v -0.0009185 0.0008000 -0.0342174
v -0.0012246 0.0008000 -0.0349565
v 0.0000000 0.0008000 -0.0352000
v -0.0016970 0.0008000 -0.0336970
v -0.0022627 0.0008000 -0.0342627
v -0.0022174 0.0008000 -0.0329185
v -0.0029565 0.0008000 -0.0332246
v -0.0024000 0.0008000 -0.0320000
v -0.0032000 0.0008000 -0.0320000
v -0.0022174 0.0008000 -0.0310815
v -0.0029565 0.0008000 -0.0307754
v -0.0016970 0.0008000 -0.0303030
v -0.0022627 0.0008000 -0.0297373
v -0.0009185 0.0008000 -0.0297826
v -0.0012246 0.0008000 -0.0290435
v 0.0000000 0.0008000 -0.0296000
v 0.0000000 0.0008000 -0.0288000
v 0.0009185 0.0008000 -0.0297826
v 0.0012246 0.0008000 -0.0290435
v 0.0016970 0.0008000 -0.0303030
v 0.0022627 0.0008000 -0.0297373
v 0.0022174 0.0008000 -0.0310815
v 0.0029565 0.0008000 -0.0307754
v 0.0024000 0.0008000 -0.0320000
v 0.0032000 0.0008000 -0.0320000
v 0.0022174 0.0008000 -0.0329185
v 0.0029565 0.0008000 -0.0332246
v 0.0016970 0.0008000 -0.0336970
v 0.0022627 0.0008000 -0.0342627
v 0.0009185 0.0008000 -0.0342174
v 0.0012246 0.0008000 -0.0349565
v 0.0029565 0.0000000 -0.0332246
v 0.0032000 0.0000000 -0.0320000
v 0.0022627 0.0000000 -0.0342627
v 0.0012246 0.0000000 -0.0349565
v 0.0000000 0.0000000 -0.0352000
v -0.0012246 0.0000000 -0.0349565
v -0.0022627 0.0000000 -0.0342627
v -0.0029565 0.0000000 -0.0332246
v -0.0032000 0.0000000 -0.0320000
v -0.0029565 0.0000000 -0.0307754
v -0.0022627 0.0000000 -0.0297373
v -0.0012246 0.0000000 -0.0290435
v 0.0000000 0.0000000 -0.0288000
v 0.0012246 0.0000000 -0.0290435
v 0.0022627 0.0000000 -0.0297373
v 0.0029565 0.0000000 -0.0307754
v -0.0013777 0.0000000 -0.0286740
v -0.0025456 0.0000000 -0.0294544
v -0.0033260 0.0000000 -0.0306223
v -0.0036000 0.0000000 -0.0320000
v -0.0033260 0.0000000 -0.0333777
v 0.0022174 0.0072000 -0.0329185
v 0.0024000 0.0072000 -0.0320000
v 0.0016970 0.0072000 -0.0336970
v 0.0009185 0.0072000 -0.0342174
v 0.0000000 0.0072000 -0.0344000
v -0.0009185 0.0072000 -0.0342174
v -0.0016970 0.0072000 -0.0336970
v -0.0022174 0.0072000 -0.0329185
v -0.0024000 0.0072000 -0.0320000
v -0.0022174 0.0072000 -0.0310815
v -0.0016970 0.0072000 -0.0303030
v -0.0009185 0.0072000 -0.0297826
v 0.0000000 0.0072000 -0.0296000
v 0.0009185 0.0072000 -0.0297826
v 0.0016970 0.0072000 -0.0303030
v 0.0022174 0.0072000 -0.0310815
v 0.0029565 0.0080000 -0.0332246
v 0.0032000 0.0080000 -0.0320000
v 0.0022627 0.0080000 -0.0342627
v 0.0012246 0.0080000 -0.0349565
v 0.0000000 0.0080000 -0.0352000
v -0.0012246 0.0080000 -0.0349565
v -0.0022627 0.0080000 -0.0342627
v -0.0033260 0.0080000 -0.0333777
v -0.0029565 0.0080000 -0.0332246
v -0.0036000 0.0080000 -0.0320000
v -0.0032000 0.0080000 -0.0320000
v -0.0033260 0.0080000 -0.0306223
v -0.0029565 0.0080000 -0.0307754
v -0.0025456 0.0080000 -0.0294544
v -0.0022627 0.0080000 -0.0297373
v -0.0013777 0.0080000 -0.0286740
v -0.0012246 0.0080000 -0.0290435
v 0.0000000 0.0080000 -0.0288000
v 0.0012246 0.0080000 -0.0290435
v 0.0022627 0.0080000 -0.0297373
v 0.0029565 0.0080000 -0.0307754
v -0.0012246 0.0072000 -0.0349565
v 0.0000000 0.0072000 -0.0352000
v -0.0022627 0.0072000 -0.0342627
v -0.0029565 0.0072000 -0.0332246
v -0.0032000 0.0072000 -0.0320000
v -0.0029565 0.0072000 -0.0307754
v -0.0022627 0.0072000 -0.0297373
v -0.0012246 0.0072000 -0.0290435
v 0.0000000 0.0072000 -0.0288000
v 0.0012246 0.0072000 -0.0290435
v 0.0022627 0.0072000 -0.0297373
v 0.0029565 0.0072000 -0.0307754
v 0.0032000 0.0072000 -0.0320000
v 0.0029565 0.0072000 -0.0332246
v 0.0022627 0.0072000 -0.0342627
v 0.0012246 0.0072000 -0.0349565
v 0.0150816 0.0080000 -0.0342173
v 0.0143029 0.0080000 -0.0336971
v 0.0137827 0.0080000 -0.0329184
v 0.0137827 0.0080000 -0.0310816
v 0.0143029 0.0080000 -0.0303029
v 0.0150816 0.0080000 -0.0297827
v 0.0169184 0.0080000 -0.0297827
v 0.0176971 0.0080000 -0.0303029
v 0.0182173 0.0080000 -0.0310816
v 0.0182173 0.0080000 -0.0329184
v 0.0176971 0.0080000 -0.0336971
v 0.0169184 0.0080000 -0.0342173
v 0.0150000 0.0080000 -0.0330000
v 0.0152000 0.0080000 -0.0336000
v 0.0152000 0.0080000 -0.0342409
v 0.0144000 0.0080000 -0.0328000
v 0.0137591 0.0080000 -0.0328000
v 0.0150000 0.0080000 -0.0310000
v 0.0144000 0.0080000 -0.0312000
v 0.0137591 0.0080000 -0.0312000
v 0.0152000 0.0080000 -0.0297591
v 0.0152000 0.0080000 -0.0304000
v 0.0168000 0.0080000 -0.0304000
v 0.0168000 0.0080000 -0.0297591
v 0.0170000 0.0080000 -0.0310000
v 0.0182409 0.0080000 -0.0312000
v 0.0176000 0.0080000 -0.0312000
v 0.0170000 0.0080000 -0.0330000
v 0.0182409 0.0080000 -0.0328000
v 0.0176000 0.0080000 -0.0328000
v 0.0168000 0.0080000 -0.0336000
v 0.0168000 0.0080000 -0.0342409
v 0.0169184 0.0000000 -0.0342173
v 0.0176971 0.0000000 -0.0336971
v 0.0182173 0.0000000 -0.0329184
v 0.0182173 0.0000000 -0.0310816
v 0.0176971 0.0000000 -0.0303029
v 0.0169184 0.0000000 -0.0297827
v 0.0150816 0.0000000 -0.0297827
v 0.0143029 0.0000000 -0.0303029
v 0.0137827 0.0000000 -0.0310816
v 0.0137827 0.0000000 -0.0329184
v 0.0143029 0.0000000 -0.0336971
v 0.0150816 0.0000000 -0.0342173
v 0.0170000 0.0000000 -0.0330000
v 0.0168000 0.0000000 -0.0336000
v 0.0168000 0.0000000 -0.0342409
v 0.0176000 0.0000000 -0.0328000
v 0.0182409 0.0000000 -0.0328000
v 0.0170000 0.0000000 -0.0310000
v 0.0176000 0.0000000 -0.0312000
v 0.0182409 0.0000000 -0.0312000
v 0.0168000 0.0000000 -0.0297591
v 0.0168000 0.0000000 -0.0304000
v 0.0152000 0.0000000 -0.0304000
v 0.0152000 0.0000000 -0.0297591
v 0.0150000 0.0000000 -0.0310000
v 0.0137591 0.0000000 -0.0312000
v 0.0144000 0.0000000 -0.0312000
v 0.0150000 0.0000000 -0.0330000
v 0.0137591 0.0000000 -0.0328000
v 0.0144000 0.0000000 -0.0328000
v 0.0152000 0.0000000 -0.0336000
v 0.0152000 0.0000000 -0.0342409
v 0.0160000 0.0000000 -0.0344000
v 0.0160000 0.0080000 -0.0344000
v 0.0160000 0.0080000 -0.0296000
v 0.0160000 0.0000000 -0.0296000
v 0.0184000 0.0080000 -0.0320000
v 0.0184000 0.0000000 -0.0320000
v 0.0169185 0.0080000 -0.0297826
v 0.0176970 0.0080000 -0.0303030
v 0.0182174 0.0080000 -0.0310815
v 0.0182174 0.0080000 -0.0329185
v 0.0176970 0.0080000 -0.0336970
v 0.0169185 0.0080000 -0.0342174
v 0.0169185 0.0000000 -0.0297826
v 0.0176970 0.0000000 -0.0303030
v 0.0182174 0.0000000 -0.0310815
v 0.0182174 0.0000000 -0.0329185
v 0.0176970 0.0000000 -0.0336970
v 0.0169185 0.0000000 -0.0342174
v 0.0113872 0.0000000 -0.0345456
v 0.0113872 0.0080000 -0.0345456
v 0.0111469 0.0080000 -0.0344818
v 0.0111469 0.0000000 -0.0344818
v 0.0110080 0.0080000 -0.0342721
v 0.0110080 0.0000000 -0.0342721
v 0.0110519 0.0080000 -0.0340393
v 0.0110519 0.0000000 -0.0340393
v 0.0113261 0.0080000 -0.0333777
v 0.0113261 0.0000000 -0.0333777
v 0.0111469 0.0080000 -0.0295182
v 0.0113872 0.0080000 -0.0294544
v 0.0113872 0.0000000 -0.0294544
v 0.0111469 0.0000000 -0.0295182
v 0.0110080 0.0080000 -0.0297279
v 0.0110080 0.0000000 -0.0297279
v 0.0110519 0.0080000 -0.0299607
v 0.0110519 0.0000000 -0.0299607
v 0.0113261 0.0080000 -0.0306223
v 0.0113261 0.0000000 -0.0306223
v 0.0126128 0.0000000 -0.0345456
v 0.0126128 0.0080000 -0.0345456
v 0.0126128 0.0080000 -0.0294544
v 0.0126128 0.0000000 -0.0294544
v 0.0128531 0.0080000 -0.0344818
v 0.0128531 0.0000000 -0.0344818
v 0.0129920 0.0080000 -0.0342721
v 0.0129920 0.0000000 -0.0342721
v 0.0129481 0.0080000 -0.0340393
v 0.0129481 0.0000000 -0.0340393
v 0.0134544 0.0080000 -0.0345456
v 0.0134544 0.0000000 -0.0345456
v 0.0137826 0.0080000 -0.0344000
v 0.0150815 0.0080000 -0.0342174
v 0.0143030 0.0080000 -0.0336970
v 0.0137826 0.0080000 -0.0329185
v 0.0146223 0.0080000 -0.0353260
v 0.0126739 0.0080000 -0.0333777
v 0.0128531 0.0080000 -0.0295182
v 0.0128531 0.0000000 -0.0295182
v 0.0129920 0.0080000 -0.0297279
v 0.0129920 0.0000000 -0.0297279
v 0.0129481 0.0080000 -0.0299607
v 0.0129481 0.0000000 -0.0299607
v 0.0134544 0.0080000 -0.0294544
v 0.0134544 0.0000000 -0.0294544
v 0.0150815 0.0000000 -0.0342174
v 0.0137826 0.0000000 -0.0344000
v 0.0143030 0.0000000 -0.0336970
v 0.0137826 0.0000000 -0.0329185
v 0.0146223 0.0000000 -0.0353260
v 0.0126739 0.0000000 -0.0333777
v 0.0150815 0.0080000 -0.0297826
v 0.0137826 0.0080000 -0.0296000
v 0.0143030 0.0080000 -0.0303030
v 0.0137826 0.0080000 -0.0310815
v 0.0146223 0.0080000 -0.0286740
v 0.0126740 0.0080000 -0.0306223
v 0.0137826 0.0000000 -0.0296000
v 0.0150815 0.0000000 -0.0297826
v 0.0143030 0.0000000 -0.0303030
v 0.0137826 0.0000000 -0.0310815
v 0.0146223 0.0000000 -0.0286740
v 0.0126740 0.0000000 -0.0306223
v 0.0125588 0.0000000 -0.0312000
v 0.0125588 0.0080000 -0.0312000
v 0.0125588 0.0080000 -0.0328000
v 0.0125588 0.0000000 -0.0328000
v 0.0124000 0.0080000 -0.0356000
v 0.0116000 0.0080000 -0.0356000
v 0.0116000 0.0080000 -0.0284000
v 0.0124000 0.0080000 -0.0284000
v 0.0124000 0.0000000 -0.0356000
v 0.0116000 0.0000000 -0.0356000
v 0.0116000 0.0000000 -0.0284000
v 0.0124000 0.0000000 -0.0284000
v -0.0042792 0.0048000 -0.0296692
v -0.0042792 0.0080000 -0.0296692
v -0.0031113 0.0080000 -0.0288887
v -0.0031113 0.0048000 -0.0288887
v -0.0046284 0.0048000 -0.0309716
v -0.0046284 0.0080000 -0.0309716
v -0.0050618 0.0080000 -0.0305382
v -0.0050618 0.0048000 -0.0305382
v -0.0042792 0.0048000 -0.0296691
v -0.0051866 0.0080000 -0.0303232
v -0.0051866 0.0048000 -0.0303232
v -0.0051365 0.0080000 -0.0300767
v -0.0051365 0.0048000 -0.0300767
v -0.0049409 0.0080000 -0.0299432
v -0.0049409 0.0048000 -0.0299432
v -0.0049408 0.0080000 -0.0299431
v -0.0056569 0.0080000 -0.0299431
v -0.0049409 0.0080000 -0.0299431
v -0.0023308 0.0080000 -0.0277208
v -0.0023308 0.0048000 -0.0277208
v -0.0014618 0.0080000 -0.0269382
v -0.0010284 0.0080000 -0.0273716
v -0.0010284 0.0048000 -0.0273716
v -0.0014618 0.0048000 -0.0269382
v -0.0023309 0.0048000 -0.0277208
v -0.0020569 0.0048000 -0.0270592
v -0.0016768 0.0080000 -0.0268134
v -0.0016768 0.0048000 -0.0268134
v -0.0019233 0.0080000 -0.0268635
v -0.0019233 0.0048000 -0.0268635
v -0.0020568 0.0080000 -0.0270591
v -0.0020568 0.0048000 -0.0270591
v -0.0020569 0.0080000 -0.0263431
v -0.0020569 0.0080000 -0.0270592
v -0.0020569 0.0080000 -0.0270591
v -0.0049408 0.0048000 -0.0299431
v -0.0042791 0.0080000 -0.0296692
v -0.0020568 0.0080000 -0.0270592
v -0.0020568 0.0048000 -0.0270592
v -0.0056569 0.0080000 -0.0314343
v -0.0082025 0.0080000 -0.0288887
v -0.0070346 0.0080000 -0.0296692
v -0.0023308 0.0080000 -0.0249654
v -0.0031113 0.0080000 -0.0237975
v -0.0005657 0.0080000 -0.0263431
v -0.0053740 0.0080000 -0.0317172
v -0.0002828 0.0080000 -0.0266260
v -0.0033261 0.0080000 -0.0306223
v -0.0033261 0.0048000 -0.0306223
v -0.0025456 0.0048000 -0.0294544
v -0.0041951 0.0080000 -0.0314049
v -0.0041951 0.0048000 -0.0314049
v -0.0033260 0.0048000 -0.0306224
v -0.0039801 0.0080000 -0.0315297
v -0.0039801 0.0048000 -0.0315297
v -0.0037336 0.0080000 -0.0314796
v -0.0037336 0.0048000 -0.0314796
v -0.0036000 0.0080000 -0.0312840
v -0.0036000 0.0048000 -0.0312840
v -0.0013777 0.0048000 -0.0286739
v -0.0013777 0.0080000 -0.0286739
v -0.0005951 0.0080000 -0.0278049
v -0.0005951 0.0048000 -0.0278049
v -0.0013776 0.0048000 -0.0286740
v -0.0007160 0.0048000 -0.0284000
v -0.0004703 0.0080000 -0.0280199
v -0.0004703 0.0048000 -0.0280199
v -0.0005204 0.0080000 -0.0282664
v -0.0005204 0.0048000 -0.0282664
v -0.0007160 0.0080000 -0.0284000
v -0.0033261 0.0080000 -0.0333777
v -0.0050912 0.0080000 -0.0320000
v -0.0031113 0.0000000 -0.0288887
v -0.0042792 0.0000000 -0.0296692
v -0.0042792 0.0032000 -0.0296692
v -0.0031113 0.0032000 -0.0288887
v -0.0050618 0.0000000 -0.0305382
v -0.0046284 0.0000000 -0.0309716
v -0.0046284 0.0032000 -0.0309716
v -0.0050618 0.0032000 -0.0305382
v -0.0042792 0.0032000 -0.0296691
v -0.0051866 0.0000000 -0.0303232
v -0.0051866 0.0032000 -0.0303232
v -0.0051365 0.0000000 -0.0300767
v -0.0051365 0.0032000 -0.0300767
v -0.0049409 0.0000000 -0.0299432
v -0.0049409 0.0032000 -0.0299432
v -0.0056569 0.0000000 -0.0299431
v -0.0049408 0.0000000 -0.0299431
v -0.0049409 0.0000000 -0.0299431
v -0.0023308 0.0032000 -0.0277208
v -0.0023308 0.0000000 -0.0277208
v -0.0010284 0.0032000 -0.0273716
v -0.0010284 0.0000000 -0.0273716
v -0.0014618 0.0000000 -0.0269382
v -0.0014618 0.0032000 -0.0269382
v -0.0023309 0.0032000 -0.0277208
v -0.0020569 0.0032000 -0.0270592
v -0.0016768 0.0000000 -0.0268134
v -0.0016768 0.0032000 -0.0268134
v -0.0019233 0.0000000 -0.0268635
v -0.0019233 0.0032000 -0.0268635
v -0.0020568 0.0000000 -0.0270591
v -0.0020568 0.0032000 -0.0270591
v -0.0020569 0.0000000 -0.0270592
v -0.0020569 0.0000000 -0.0263431
v -0.0020569 0.0000000 -0.0270591
v -0.0049408 0.0032000 -0.0299431
v -0.0042791 0.0000000 -0.0296692
v -0.0020568 0.0032000 -0.0270592
v -0.0020568 0.0000000 -0.0270592
v -0.0070346 0.0000000 -0.0296692
v -0.0082025 0.0000000 -0.0288887
v -0.0056569 0.0000000 -0.0314343
v -0.0005657 0.0000000 -0.0263431
v -0.0031113 0.0000000 -0.0237975
v -0.0023308 0.0000000 -0.0249654
v -0.0053740 0.0000000 -0.0317172
v -0.0002828 0.0000000 -0.0266260
v -0.0033261 0.0032000 -0.0306223
v -0.0033261 0.0000000 -0.0306223
v -0.0025456 0.0032000 -0.0294544
v -0.0041951 0.0000000 -0.0314049
v -0.0041951 0.0032000 -0.0314049
v -0.0033260 0.0032000 -0.0306224
v -0.0039801 0.0000000 -0.0315297
v -0.0039801 0.0032000 -0.0315297
v -0.0037336 0.0000000 -0.0314796
v -0.0037336 0.0032000 -0.0314796
v -0.0036000 0.0000000 -0.0312840
v -0.0036000 0.0032000 -0.0312840
v -0.0013777 0.0000000 -0.0286739
v -0.0013777 0.0032000 -0.0286739
v -0.0005951 0.0000000 -0.0278049
v -0.0005951 0.0032000 -0.0278049
v -0.0013776 0.0032000 -0.0286740
v -0.0007160 0.0032000 -0.0284000
v -0.0004703 0.0000000 -0.0280199
v -0.0004703 0.0032000 -0.0280199
v -0.0005204 0.0000000 -0.0282664
v -0.0005204 0.0032000 -0.0282664
v -0.0007160 0.0000000 -0.0284000
v -0.0050912 0.0000000 -0.0320000
v -0.0033261 0.0000000 -0.0333777
v -0.0033941 0.0080000 -0.0240804
v -0.0027003 0.0080000 -0.0251186
v -0.0027003 0.0072000 -0.0251186
v -0.0033941 0.0072000 -0.0240804
v -0.0024569 0.0080000 -0.0263432
v -0.0024569 0.0072000 -0.0263432
v -0.0027003 0.0080000 -0.0275678
v -0.0027003 0.0072000 -0.0275678
v -0.0033941 0.0080000 -0.0286059
v -0.0033941 0.0072000 -0.0286059
v -0.0044322 0.0080000 -0.0292997
v -0.0044322 0.0072000 -0.0292997
v -0.0056568 0.0080000 -0.0295431
v -0.0056568 0.0072000 -0.0295431
v -0.0068814 0.0080000 -0.0292997
v -0.0068814 0.0072000 -0.0292997
v -0.0079196 0.0080000 -0.0286059
v -0.0079196 0.0072000 -0.0286059
v -0.0027003 0.0008000 -0.0251186
v -0.0027003 0.0000000 -0.0251186
v -0.0033941 0.0000000 -0.0240804
v -0.0033941 0.0008000 -0.0240804
v -0.0024569 0.0008000 -0.0263432
v -0.0024569 0.0000000 -0.0263432
v -0.0027003 0.0008000 -0.0275678
v -0.0027003 0.0000000 -0.0275678
v -0.0033941 0.0008000 -0.0286059
v -0.0033941 0.0000000 -0.0286059
v -0.0044322 0.0008000 -0.0292997
v -0.0044322 0.0000000 -0.0292997
v -0.0056568 0.0008000 -0.0295431
v -0.0056568 0.0000000 -0.0295431
v -0.0068814 0.0008000 -0.0292997
v -0.0068814 0.0000000 -0.0292997
v -0.0079196 0.0008000 -0.0286059
v -0.0079196 0.0000000 -0.0286059
v -0.0034395 0.0072000 -0.0254247
v -0.0034395 0.0008000 -0.0254247
v -0.0032569 0.0072000 -0.0263432
v -0.0032569 0.0008000 -0.0263432
v -0.0034395 0.0072000 -0.0272616
v -0.0034395 0.0008000 -0.0272616
v -0.0039598 0.0072000 -0.0280402
v -0.0039598 0.0008000 -0.0280402
v -0.0047384 0.0072000 -0.0285605
v -0.0047384 0.0008000 -0.0285605
v -0.0056568 0.0072000 -0.0287431
v -0.0056568 0.0008000 -0.0287431
v -0.0065753 0.0072000 -0.0285605
v -0.0065753 0.0008000 -0.0285605
v -0.0031112 0.0080000 -0.0237976
v -0.0023308 0.0080000 -0.0249655
v -0.0020569 0.0080000 -0.0263432
v -0.0031112 0.0080000 -0.0288888
v -0.0056568 0.0080000 -0.0299431
v -0.0070345 0.0080000 -0.0296692
v -0.0082024 0.0080000 -0.0288888
v -0.0023308 0.0000000 -0.0249655
v -0.0031112 0.0000000 -0.0237976
v -0.0020569 0.0000000 -0.0263432
v -0.0031112 0.0000000 -0.0288888
v -0.0056568 0.0000000 -0.0299431
v -0.0070345 0.0000000 -0.0296692
v -0.0082024 0.0000000 -0.0288888
v -0.0146223 0.0048000 -0.0193261
v -0.0146223 0.0080000 -0.0193261
v -0.0134544 0.0048000 -0.0185456
v -0.0149716 0.0048000 -0.0206284
v -0.0149716 0.0080000 -0.0206284
v -0.0154049 0.0080000 -0.0201951
v -0.0154049 0.0048000 -0.0201951
v -0.0146224 0.0048000 -0.0193260
v -0.0155297 0.0080000 -0.0199801
v -0.0155297 0.0048000 -0.0199801
v -0.0154796 0.0080000 -0.0197336
v -0.0154796 0.0048000 -0.0197336
v -0.0152840 0.0080000 -0.0196000
v -0.0152840 0.0048000 -0.0196000
v -0.0126739 0.0080000 -0.0173777
v -0.0126739 0.0048000 -0.0173777
v -0.0118049 0.0080000 -0.0165951
v -0.0113716 0.0080000 -0.0170284
v -0.0113716 0.0048000 -0.0170284
v -0.0118049 0.0048000 -0.0165951
v -0.0126740 0.0048000 -0.0173776
v -0.0124000 0.0048000 -0.0167160
v -0.0120199 0.0080000 -0.0164703
v -0.0120199 0.0048000 -0.0164703
v -0.0122664 0.0080000 -0.0165204
v -0.0122664 0.0048000 -0.0165204
v -0.0124000 0.0080000 -0.0167160
v -0.0160000 0.0080000 -0.0210912
v -0.0173777 0.0080000 -0.0193261
v -0.0157172 0.0080000 -0.0213740
v -0.0106260 0.0080000 -0.0162828
v -0.0128887 0.0080000 -0.0191113
v -0.0136692 0.0080000 -0.0202792
v -0.0136692 0.0048000 -0.0202792
v -0.0128887 0.0048000 -0.0191113
v -0.0145382 0.0080000 -0.0210618
v -0.0145382 0.0048000 -0.0210618
v -0.0136691 0.0048000 -0.0202792
v -0.0143232 0.0080000 -0.0211866
v -0.0143232 0.0048000 -0.0211866
v -0.0140767 0.0080000 -0.0211365
v -0.0140767 0.0048000 -0.0211365
v -0.0139432 0.0080000 -0.0209409
v -0.0139432 0.0048000 -0.0209409
v -0.0139431 0.0080000 -0.0216569
v -0.0139431 0.0080000 -0.0209408
v -0.0139431 0.0080000 -0.0209409
v -0.0117208 0.0048000 -0.0183308
v -0.0117208 0.0080000 -0.0183308
v -0.0109382 0.0080000 -0.0174618
v -0.0109382 0.0048000 -0.0174618
v -0.0117208 0.0048000 -0.0183309
v -0.0110592 0.0048000 -0.0180569
v -0.0108134 0.0080000 -0.0176768
v -0.0108134 0.0048000 -0.0176768
v -0.0108635 0.0080000 -0.0179233
v -0.0108635 0.0048000 -0.0179233
v -0.0110591 0.0080000 -0.0180568
v -0.0110591 0.0048000 -0.0180568
v -0.0110592 0.0080000 -0.0180569
v -0.0103431 0.0080000 -0.0180569
v -0.0110591 0.0080000 -0.0180569
v -0.0139431 0.0048000 -0.0209408
v -0.0136692 0.0080000 -0.0202791
v -0.0110592 0.0048000 -0.0180568
v -0.0110592 0.0080000 -0.0180568
v -0.0136692 0.0080000 -0.0230346
v -0.0128887 0.0080000 -0.0242025
v -0.0154343 0.0080000 -0.0216569
v -0.0103431 0.0080000 -0.0165657
v -0.0077975 0.0080000 -0.0191113
v -0.0089654 0.0080000 -0.0183308
v -0.0146223 0.0000000 -0.0193261
v -0.0146223 0.0032000 -0.0193261
v -0.0134544 0.0032000 -0.0185456
v -0.0154049 0.0000000 -0.0201951
v -0.0149716 0.0000000 -0.0206284
v -0.0149716 0.0032000 -0.0206284
v -0.0154049 0.0032000 -0.0201951
v -0.0146224 0.0032000 -0.0193260
v -0.0155297 0.0000000 -0.0199801
v -0.0155297 0.0032000 -0.0199801
v -0.0154796 0.0000000 -0.0197336
v -0.0154796 0.0032000 -0.0197336
v -0.0152840 0.0000000 -0.0196000
v -0.0152840 0.0032000 -0.0196000
v -0.0126739 0.0032000 -0.0173777
v -0.0126739 0.0000000 -0.0173777
v -0.0113716 0.0032000 -0.0170284
v -0.0113716 0.0000000 -0.0170284
v -0.0118049 0.0000000 -0.0165951
v -0.0118049 0.0032000 -0.0165951
v -0.0126740 0.0032000 -0.0173776
v -0.0124000 0.0032000 -0.0167160
v -0.0120199 0.0000000 -0.0164703
v -0.0120199 0.0032000 -0.0164703
v -0.0122664 0.0000000 -0.0165204
v -0.0122664 0.0032000 -0.0165204
v -0.0124000 0.0000000 -0.0167160
v -0.0173777 0.0000000 -0.0193261
v -0.0160000 0.0000000 -0.0210912
v -0.0157172 0.0000000 -0.0213740
v -0.0106260 0.0000000 -0.0162828
v -0.0136692 0.0032000 -0.0202792
v -0.0136692 0.0000000 -0.0202792
v -0.0128887 0.0000000 -0.0191113
v -0.0128887 0.0032000 -0.0191113
v -0.0145382 0.0000000 -0.0210618
v -0.0145382 0.0032000 -0.0210618
v -0.0136691 0.0032000 -0.0202792
v -0.0143232 0.0000000 -0.0211866
v -0.0143232 0.0032000 -0.0211866
v -0.0140767 0.0000000 -0.0211365
v -0.0140767 0.0032000 -0.0211365
v -0.0139432 0.0000000 -0.0209409
v -0.0139432 0.0032000 -0.0209409
v -0.0139431 0.0000000 -0.0209408
v -0.0139431 0.0000000 -0.0216569
v -0.0139431 0.0000000 -0.0209409
v -0.0117208 0.0000000 -0.0183308
v -0.0117208 0.0032000 -0.0183308
v -0.0109382 0.0000000 -0.0174618
v -0.0109382 0.0032000 -0.0174618
v -0.0117208 0.0032000 -0.0183309
v -0.0110592 0.0032000 -0.0180569
v -0.0108134 0.0000000 -0.0176768
v -0.0108134 0.0032000 -0.0176768
v -0.0108635 0.0000000 -0.0179233
v -0.0108635 0.0032000 -0.0179233
v -0.0110591 0.0000000 -0.0180568
v -0.0110591 0.0032000 -0.0180568
v -0.0103431 0.0000000 -0.0180569
v -0.0110592 0.0000000 -0.0180569
v -0.0110591 0.0000000 -0.0180569
v -0.0139431 0.0032000 -0.0209408
v -0.0136692 0.0000000 -0.0202791
v -0.0110592 0.0000000 -0.0180568
v -0.0110592 0.0032000 -0.0180568
v -0.0154343 0.0000000 -0.0216569
v -0.0128887 0.0000000 -0.0242025
v -0.0136692 0.0000000 -0.0230346
v -0.0089654 0.0000000 -0.0183308
v -0.0077975 0.0000000 -0.0191113
v -0.0103431 0.0000000 -0.0165657
v -0.0128888 0.0080000 -0.0242024
v -0.0136692 0.0080000 -0.0230345
v -0.0132997 0.0080000 -0.0228814
v -0.0126059 0.0080000 -0.0239196
v -0.0139431 0.0080000 -0.0216568
v -0.0135431 0.0080000 -0.0216568
v -0.0132997 0.0080000 -0.0204322
v -0.0128888 0.0080000 -0.0191112
v -0.0126059 0.0080000 -0.0193941
v -0.0115678 0.0080000 -0.0187003
v -0.0103432 0.0080000 -0.0180569
v -0.0103432 0.0080000 -0.0184569
v -0.0089655 0.0080000 -0.0183308
v -0.0091186 0.0080000 -0.0187003
v -0.0077976 0.0080000 -0.0191112
v -0.0080804 0.0080000 -0.0193941
v -0.0132997 0.0000000 -0.0228814
v -0.0136692 0.0000000 -0.0230345
v -0.0128888 0.0000000 -0.0242024
v -0.0126059 0.0000000 -0.0239196
v -0.0135431 0.0000000 -0.0216568
v -0.0139431 0.0000000 -0.0216568
v -0.0132997 0.0000000 -0.0204322
v -0.0126059 0.0000000 -0.0193941
v -0.0128888 0.0000000 -0.0191112
v -0.0115678 0.0000000 -0.0187003
v -0.0103432 0.0000000 -0.0184569
v -0.0103432 0.0000000 -0.0180569
v -0.0091186 0.0000000 -0.0187003
v -0.0089655 0.0000000 -0.0183308
v -0.0080804 0.0000000 -0.0193941
v -0.0077976 0.0000000 -0.0191112
v -0.0126059 0.0072000 -0.0239196
v -0.0132997 0.0072000 -0.0228814
v -0.0125605 0.0072000 -0.0225753
v -0.0135431 0.0072000 -0.0216568
v -0.0127431 0.0072000 -0.0216568
v -0.0132997 0.0072000 -0.0204322
v -0.0125605 0.0072000 -0.0207384
v -0.0126059 0.0072000 -0.0193941
v -0.0120402 0.0072000 -0.0199598
v -0.0115678 0.0072000 -0.0187003
v -0.0112616 0.0072000 -0.0194395
v -0.0103432 0.0072000 -0.0184569
v -0.0103432 0.0072000 -0.0192569
v -0.0091186 0.0072000 -0.0187003
v -0.0094247 0.0072000 -0.0194395
v -0.0080804 0.0072000 -0.0193941
v -0.0125605 0.0008000 -0.0225753
v -0.0132997 0.0008000 -0.0228814
v -0.0126059 0.0008000 -0.0239196
v -0.0127431 0.0008000 -0.0216568
v -0.0135431 0.0008000 -0.0216568
v -0.0125605 0.0008000 -0.0207384
v -0.0132997 0.0008000 -0.0204322
v -0.0120402 0.0008000 -0.0199598
v -0.0126059 0.0008000 -0.0193941
v -0.0112616 0.0008000 -0.0194395
v -0.0115678 0.0008000 -0.0187003
v -0.0103432 0.0008000 -0.0192569
v -0.0103432 0.0008000 -0.0184569
v -0.0094247 0.0008000 -0.0194395
v -0.0091186 0.0008000 -0.0187003
v -0.0080804 0.0008000 -0.0193941
f 1 2 3
f 4 1 3
f 2 5 6
f 3 2 6
f 5 7 8
f 6 5 8
f 7 9 10
f 8 7 10
f 9 11 12
f 10 9 12
f 11 13 14
f 12 11 14
f 13 15 16
f 14 13 16
f 15 17 18
f 16 15 18
f 19 20 1
f 19 1 4
f 21 22 20
f 21 20 19
f 23 24 22
f 23 22 21
f 25 26 27
f 28 25 27
f 26 29 30
f 27 26 30
f 29 31 32
f 30 29 32
f 31 33 34
f 32 31 34
f 33 35 36
f 34 33 36
f 35 37 38
f 36 35 38
f 37 39 40
f 38 37 40
f 39 24 23
f 40 39 23
f 41 25 28
f 42 41 28
f 43 44 41
f 43 41 42
f 45 46 44
f 45 44 43
f 47 48 46
f 47 46 45
f 49 50 51
f 52 49 51
f 50 48 47
f 51 50 47
f 17 49 52
f 18 17 52
f 53 54 55
f 56 57 58
f 59 60 61
f 62 63 64
f 53 55 65
f 65 66 67
f 65 67 53
f 68 65 55
f 68 55 69
f 70 56 58
f 70 71 72
f 70 72 56
f 73 74 70
f 73 70 58
f 75 76 59
f 75 59 77
f 59 61 77
f 61 78 79
f 61 79 77
f 62 64 80
f 81 62 80
f 81 80 82
f 83 80 64
f 83 64 84
f 85 86 87
f 88 89 90
f 91 92 93
f 94 95 96
f 85 87 97
f 97 98 99
f 97 99 85
f 100 97 87
f 100 87 101
f 102 88 90
f 102 103 104
f 102 104 88
f 105 106 102
f 105 102 90
f 107 108 91
f 107 91 109
f 91 93 109
f 93 110 111
f 93 111 109
f 94 96 112
f 113 94 112
f 113 112 114
f 115 112 96
f 115 96 116
f 116 117 118
f 116 118 67
f 119 120 108
f 73 119 108
f 105 120 119
f 105 119 76
f 121 122 104
f 78 121 104
f 101 122 121
f 101 121 81
f 118 117 99
f 84 118 99
f 115 116 67
f 115 67 66
f 115 66 65
f 115 65 112
f 112 65 68
f 112 68 114
f 114 68 69
f 114 69 113
f 111 110 72
f 111 72 71
f 111 71 70
f 111 70 109
f 109 70 74
f 109 74 107
f 107 74 73
f 107 73 108
f 105 76 75
f 105 75 106
f 106 75 77
f 106 77 102
f 102 77 79
f 102 79 103
f 103 79 78
f 103 78 104
f 101 81 82
f 101 82 100
f 100 82 80
f 100 80 97
f 97 80 83
f 97 83 98
f 98 83 84
f 98 84 99
f 17 15 123
f 17 123 119
f 15 13 124
f 15 124 123
f 13 11 125
f 13 125 124
f 11 9 121
f 11 121 125
f 9 7 126
f 9 126 121
f 7 5 127
f 7 127 126
f 5 2 128
f 5 128 127
f 2 1 118
f 2 118 128
f 129 16 18
f 120 129 18
f 130 14 16
f 129 130 16
f 131 12 14
f 130 131 14
f 122 10 12
f 131 122 12
f 132 8 10
f 122 132 10
f 133 6 8
f 132 133 8
f 134 3 6
f 133 134 6
f 117 4 3
f 134 117 3
f 135 136 137
f 138 135 137
f 138 137 139
f 140 138 139
f 140 139 141
f 142 140 141
f 143 141 144
f 141 139 144
f 144 139 137
f 144 137 136
f 145 142 146
f 145 140 142
f 138 140 145
f 135 138 145
f 147 148 149
f 147 149 150
f 149 151 152
f 150 149 152
f 153 154 155
f 153 155 156
f 157 153 156
f 157 156 158
f 159 157 158
f 159 158 160
f 161 159 162
f 157 159 161
f 157 161 153
f 153 161 154
f 163 160 164
f 164 160 158
f 156 164 158
f 155 164 156
f 165 166 136
f 165 136 135
f 154 167 168
f 155 154 168
f 169 166 165
f 169 165 170
f 171 169 170
f 171 170 172
f 173 171 172
f 173 172 174
f 171 175 169
f 169 175 166
f 176 172 170
f 176 170 165
f 177 178 118
f 177 179 178
f 177 180 179
f 1 181 175
f 177 118 1
f 177 1 175
f 177 175 171
f 177 171 173
f 180 177 173
f 180 173 182
f 168 167 183
f 184 168 183
f 184 183 185
f 186 184 185
f 186 185 187
f 188 186 187
f 189 185 183
f 189 183 167
f 186 190 184
f 184 190 168
f 117 191 192
f 191 193 192
f 193 194 192
f 176 195 4
f 4 117 192
f 4 192 176
f 172 176 192
f 172 192 174
f 174 192 194
f 174 194 196
f 119 197 198
f 197 199 198
f 199 200 198
f 189 201 17
f 185 189 198
f 185 198 187
f 187 198 200
f 187 200 202
f 203 204 120
f 203 205 204
f 203 206 205
f 18 207 190
f 203 120 18
f 203 18 190
f 206 203 188
f 206 188 208
f 198 189 17
f 198 17 119
f 190 186 188
f 190 188 203
f 187 202 208
f 187 208 188
f 209 210 72
f 209 72 110
f 69 211 212
f 69 212 113
f 210 202 200
f 210 200 72
f 110 206 208
f 110 208 209
f 208 202 210
f 208 210 209
f 182 211 69
f 182 69 180
f 212 211 182
f 212 182 196
f 194 113 212
f 194 212 196
f 196 182 173
f 196 173 174
f 142 141 148
f 142 148 146
f 151 159 160
f 151 160 152
f 181 1 213
f 175 181 213
f 214 215 216
f 214 216 144
f 217 218 219
f 161 217 219
f 220 17 201
f 220 201 189
f 166 175 213
f 136 214 144
f 219 154 161
f 220 189 167
f 154 219 220
f 154 220 167
f 136 166 213
f 136 213 214
f 221 4 195
f 221 195 176
f 222 223 224
f 145 222 224
f 225 226 227
f 225 227 164
f 207 18 228
f 190 207 228
f 176 165 221
f 224 135 145
f 155 225 164
f 190 228 168
f 228 225 155
f 228 155 168
f 221 165 135
f 221 135 224
f 229 230 231
f 232 229 231
f 230 233 234
f 231 230 234
f 233 235 236
f 234 233 236
f 235 237 238
f 236 235 238
f 237 239 240
f 238 237 240
f 239 241 242
f 240 239 242
f 241 243 244
f 242 241 244
f 243 245 246
f 244 243 246
f 245 247 248
f 246 245 248
f 247 249 250
f 248 247 250
f 249 251 252
f 250 249 252
f 251 253 254
f 252 251 254
f 253 255 256
f 254 253 256
f 255 257 258
f 256 255 258
f 257 259 260
f 258 257 260
f 259 229 232
f 260 259 232
f 254 256 261
f 254 261 262
f 256 258 263
f 256 263 261
f 258 260 264
f 258 264 263
f 260 232 265
f 260 265 264
f 232 231 266
f 232 266 265
f 231 234 267
f 231 267 266
f 234 236 268
f 234 268 267
f 236 238 269
f 236 269 268
f 238 240 270
f 238 270 269
f 240 242 271
f 240 271 270
f 242 244 272
f 242 272 271
f 244 246 273
f 244 273 272
f 246 248 274
f 246 274 273
f 248 250 275
f 248 275 274
f 250 252 276
f 250 276 275
f 252 254 262
f 252 262 276
f 277 278 276
f 277 276 262
f 278 279 275
f 278 275 276
f 279 280 274
f 279 274 275
f 280 281 273
f 280 273 274
f 281 282 272
f 281 272 273
f 282 283 271
f 282 271 272
f 283 284 270
f 283 270 271
f 284 52 269
f 284 269 270
f 52 51 268
f 52 268 269
f 51 47 267
f 51 267 268
f 47 285 266
f 47 266 267
f 285 286 265
f 285 265 266
f 286 287 264
f 286 264 265
f 287 288 263
f 287 263 264
f 288 289 261
f 288 261 263
f 289 277 262
f 289 262 261
f 290 255 253
f 291 290 253
f 292 257 255
f 290 292 255
f 293 259 257
f 292 293 257
f 294 229 259
f 293 294 259
f 295 230 229
f 294 295 229
f 296 233 230
f 295 296 230
f 297 235 233
f 296 297 233
f 298 237 235
f 297 298 235
f 299 239 237
f 298 299 237
f 300 241 239
f 299 300 239
f 301 243 241
f 300 301 241
f 302 245 243
f 301 302 243
f 303 247 245
f 302 303 245
f 304 249 247
f 303 304 247
f 305 251 249
f 304 305 249
f 291 253 251
f 305 291 251
f 306 307 308
f 306 308 309
f 307 310 311
f 307 311 308
f 310 312 313
f 310 313 311
f 312 314 315
f 312 315 313
f 314 316 317
f 314 317 315
f 316 48 318
f 316 318 317
f 48 50 319
f 48 319 318
f 50 49 320
f 50 320 319
f 49 321 322
f 49 322 320
f 321 323 324
f 321 324 322
f 323 325 326
f 323 326 324
f 325 327 328
f 325 328 326
f 327 329 330
f 327 330 328
f 329 331 332
f 329 332 330
f 331 333 334
f 331 334 332
f 333 306 309
f 333 309 334
f 335 295 294
f 335 294 336
f 337 296 295
f 337 295 335
f 338 297 296
f 338 296 337
f 339 298 297
f 339 297 338
f 340 299 298
f 340 298 339
f 341 300 299
f 341 299 340
f 342 301 300
f 342 300 341
f 343 302 301
f 343 301 342
f 344 303 302
f 344 302 343
f 345 304 303
f 345 303 344
f 346 305 304
f 346 304 345
f 347 291 305
f 347 305 346
f 348 290 291
f 348 291 347
f 349 292 290
f 349 290 348
f 350 293 292
f 350 292 349
f 336 294 293
f 336 293 350
f 308 348 347
f 309 308 347
f 311 349 348
f 308 311 348
f 313 350 349
f 311 313 349
f 315 336 350
f 313 315 350
f 317 335 336
f 315 317 336
f 318 337 335
f 317 318 335
f 319 338 337
f 318 319 337
f 320 339 338
f 319 320 338
f 322 340 339
f 320 322 339
f 324 341 340
f 322 324 340
f 326 342 341
f 324 326 341
f 328 343 342
f 326 328 342
f 330 344 343
f 328 330 343
f 332 345 344
f 330 332 344
f 334 346 345
f 332 334 345
f 309 347 346
f 334 309 346
f 351 352 353
f 351 353 354
f 355 356 357
f 355 357 358
f 351 354 355
f 358 357 359
f 360 358 359
f 360 359 361
f 362 360 361
f 362 361 363
f 364 362 363
f 360 362 364
f 360 364 358
f 365 363 366
f 363 361 366
f 366 361 359
f 366 359 357
f 353 367 368
f 354 353 368
f 369 370 371
f 372 369 371
f 372 371 368
f 372 368 373
f 374 369 372
f 374 372 375
f 376 374 375
f 376 375 377
f 378 376 377
f 378 377 373
f 373 377 375
f 372 373 375
f 379 378 380
f 376 378 379
f 376 379 374
f 374 379 369
f 358 364 351
f 358 351 355
f 368 371 354
f 354 371 355
f 363 365 351
f 363 351 364
f 367 378 373
f 367 373 368
f 381 41 382
f 381 382 366
f 383 384 385
f 385 386 379
f 381 366 357
f 381 357 356
f 381 356 387
f 386 369 379
f 386 388 370
f 386 370 369
f 388 386 385
f 388 385 22
f 389 390 391
f 392 389 391
f 393 356 355
f 394 393 355
f 355 392 391
f 395 393 394
f 395 394 396
f 397 395 396
f 397 396 398
f 399 397 398
f 399 398 400
f 400 398 396
f 394 400 396
f 401 399 402
f 401 397 399
f 395 397 401
f 393 395 401
f 403 404 389
f 403 389 392
f 371 370 405
f 371 405 406
f 403 371 406
f 407 403 406
f 406 405 408
f 409 406 408
f 409 408 410
f 411 409 410
f 411 410 412
f 407 411 412
f 409 411 407
f 409 407 406
f 413 412 414
f 414 412 410
f 408 414 410
f 405 414 408
f 391 400 394
f 355 391 394
f 392 371 403
f 355 371 392
f 391 402 399
f 400 391 399
f 407 412 404
f 403 407 404
f 415 416 417
f 401 415 417
f 418 419 420
f 418 420 414
f 393 401 417
f 356 393 417
f 387 356 417
f 414 405 418
f 370 388 418
f 405 370 418
f 421 422 423
f 421 423 424
f 425 426 427
f 425 427 428
f 421 424 425
f 428 427 429
f 430 428 429
f 430 429 431
f 432 430 431
f 432 431 433
f 434 432 433
f 430 432 434
f 430 434 428
f 435 433 436
f 433 431 436
f 436 431 429
f 436 429 427
f 423 437 438
f 424 423 438
f 439 440 441
f 442 439 441
f 442 441 438
f 442 438 443
f 444 439 442
f 444 442 445
f 446 444 445
f 446 445 447
f 448 446 447
f 448 447 443
f 443 447 445
f 442 443 445
f 449 448 450
f 446 448 449
f 446 449 444
f 444 449 439
f 428 434 421
f 428 421 425
f 438 441 424
f 424 441 425
f 433 435 421
f 433 421 434
f 437 448 443
f 437 443 438
f 451 452 453
f 436 454 451
f 455 42 456
f 449 455 456
f 454 436 427
f 454 427 426
f 454 426 457
f 456 439 449
f 456 458 440
f 456 440 439
f 451 454 457
f 451 457 21
f 459 460 461
f 462 459 461
f 463 426 425
f 464 463 425
f 425 462 461
f 465 463 464
f 465 464 466
f 467 465 466
f 467 466 468
f 469 467 468
f 469 468 470
f 470 468 466
f 464 470 466
f 471 469 472
f 471 467 469
f 465 467 471
f 463 465 471
f 473 474 459
f 473 459 462
f 441 440 475
f 441 475 476
f 473 441 476
f 477 473 476
f 476 475 478
f 479 476 478
f 479 478 480
f 481 479 480
f 481 480 482
f 477 481 482
f 479 481 477
f 479 477 476
f 483 482 484
f 484 482 480
f 478 484 480
f 475 484 478
f 461 470 464
f 425 461 464
f 462 441 473
f 425 441 462
f 461 472 469
f 470 461 469
f 477 482 474
f 473 477 474
f 485 486 487
f 471 485 487
f 488 489 490
f 488 490 484
f 463 471 487
f 426 463 487
f 457 426 487
f 484 475 488
f 440 458 488
f 475 440 488
f 491 492 493
f 494 491 493
f 492 495 496
f 493 492 496
f 495 497 498
f 496 495 498
f 497 499 500
f 498 497 500
f 499 501 502
f 500 499 502
f 501 503 504
f 502 501 504
f 503 505 506
f 504 503 506
f 505 507 508
f 506 505 508
f 507 509 510
f 508 507 510
f 509 511 512
f 510 509 512
f 511 513 514
f 512 511 514
f 513 515 516
f 514 513 516
f 515 517 518
f 516 515 518
f 517 519 520
f 518 517 520
f 519 521 522
f 520 519 522
f 521 491 494
f 522 521 494
f 516 518 523
f 516 523 524
f 518 520 525
f 518 525 523
f 520 522 526
f 520 526 525
f 522 494 527
f 522 527 526
f 494 493 528
f 494 528 527
f 493 496 529
f 493 529 528
f 496 498 530
f 496 530 529
f 498 500 531
f 498 531 530
f 500 502 532
f 500 532 531
f 502 504 533
f 502 533 532
f 504 506 534
f 504 534 533
f 506 508 535
f 506 535 534
f 508 510 536
f 508 536 535
f 510 512 537
f 510 537 536
f 512 514 538
f 512 538 537
f 514 516 524
f 514 524 538
f 489 539 538
f 489 538 524
f 539 540 537
f 539 537 538
f 540 541 536
f 540 536 537
f 541 542 535
f 541 535 536
f 542 543 534
f 542 534 535
f 543 544 533
f 543 533 534
f 544 545 532
f 544 532 533
f 545 486 531
f 545 531 532
f 486 485 530
f 486 530 531
f 485 471 529
f 485 529 530
f 471 460 528
f 471 528 529
f 460 459 527
f 460 527 528
f 459 474 526
f 459 526 527
f 474 484 525
f 474 525 526
f 484 490 523
f 484 523 525
f 490 489 524
f 490 524 523
f 546 517 515
f 547 546 515
f 548 519 517
f 546 548 517
f 549 521 519
f 548 549 519
f 550 491 521
f 549 550 521
f 551 492 491
f 550 551 491
f 552 495 492
f 551 552 492
f 553 497 495
f 552 553 495
f 554 499 497
f 553 554 497
f 555 501 499
f 554 555 499
f 556 503 501
f 555 556 501
f 557 505 503
f 556 557 503
f 558 507 505
f 557 558 505
f 559 509 507
f 558 559 507
f 560 511 509
f 559 560 509
f 561 513 511
f 560 561 511
f 547 515 513
f 561 547 513
f 416 415 562
f 416 562 563
f 415 401 564
f 415 564 562
f 401 390 565
f 401 565 564
f 390 389 566
f 390 566 565
f 389 404 567
f 389 567 566
f 404 414 568
f 404 568 567
f 414 420 569
f 414 569 568
f 420 419 570
f 420 570 569
f 419 571 572
f 419 572 570
f 571 573 574
f 571 574 572
f 573 575 576
f 573 576 574
f 575 577 578
f 575 578 576
f 577 579 580
f 577 580 578
f 579 581 582
f 579 582 580
f 581 583 584
f 581 584 582
f 583 416 563
f 583 563 584
f 585 551 550
f 585 550 586
f 587 552 551
f 587 551 585
f 588 553 552
f 588 552 587
f 589 554 553
f 589 553 588
f 590 555 554
f 590 554 589
f 591 556 555
f 591 555 590
f 592 557 556
f 592 556 591
f 593 558 557
f 593 557 592
f 594 559 558
f 594 558 593
f 595 560 559
f 595 559 594
f 596 561 560
f 596 560 595
f 597 547 561
f 597 561 596
f 598 546 547
f 598 547 597
f 599 548 546
f 599 546 598
f 600 549 548
f 600 548 599
f 586 550 549
f 586 549 600
f 562 598 597
f 563 562 597
f 564 599 598
f 562 564 598
f 565 600 599
f 564 565 599
f 566 586 600
f 565 566 600
f 567 585 586
f 566 567 586
f 568 587 585
f 567 568 585
f 569 588 587
f 568 569 587
f 570 589 588
f 569 570 588
f 572 590 589
f 570 572 589
f 574 591 590
f 572 574 590
f 576 592 591
f 574 576 591
f 578 593 592
f 576 578 592
f 580 594 593
f 578 580 593
f 582 595 594
f 580 582 594
f 584 596 595
f 582 584 595
f 563 597 596
f 584 563 596
f 601 329 327
f 601 327 602
f 603 604 605
f 603 605 606
f 601 602 603
f 606 605 607
f 608 606 607
f 608 607 609
f 610 608 609
f 610 609 611
f 612 610 611
f 608 610 612
f 608 612 606
f 613 611 331
f 611 609 331
f 331 609 607
f 331 607 605
f 327 325 614
f 602 327 614
f 615 616 617
f 618 615 617
f 618 617 614
f 618 614 619
f 620 615 618
f 620 618 621
f 622 620 621
f 622 621 623
f 624 622 623
f 624 623 619
f 619 623 621
f 618 619 621
f 323 624 625
f 622 624 323
f 622 323 620
f 620 323 615
f 606 612 601
f 606 601 603
f 614 617 602
f 602 617 603
f 611 613 601
f 611 601 612
f 325 624 619
f 325 619 614
f 333 626 306
f 331 627 333
f 321 49 628
f 323 321 628
f 627 331 605
f 627 605 604
f 627 604 629
f 628 615 323
f 628 630 616
f 628 616 615
f 333 627 629
f 333 629 20
f 631 632 633
f 634 631 633
f 635 604 603
f 636 635 603
f 603 634 633
f 637 635 636
f 637 636 638
f 639 637 638
f 639 638 640
f 641 639 640
f 641 640 642
f 642 640 638
f 636 642 638
f 643 641 644
f 643 639 641
f 637 639 643
f 635 637 643
f 645 646 631
f 645 631 634
f 617 616 647
f 617 647 648
f 645 617 648
f 649 645 648
f 648 647 650
f 651 648 650
f 651 650 652
f 653 651 652
f 653 652 654
f 649 653 654
f 651 653 649
f 651 649 648
f 655 654 656
f 656 654 652
f 650 656 652
f 647 656 650
f 633 642 636
f 603 633 636
f 634 617 645
f 603 617 634
f 633 644 641
f 642 633 641
f 649 654 646
f 645 649 646
f 657 658 659
f 643 657 659
f 660 661 662
f 660 662 656
f 635 643 659
f 604 635 659
f 629 604 659
f 656 647 660
f 616 630 660
f 647 616 660
f 663 282 281
f 663 281 664
f 665 666 667
f 665 667 668
f 663 664 665
f 668 667 669
f 670 668 669
f 670 669 671
f 672 670 671
f 672 671 673
f 674 672 673
f 670 672 674
f 670 674 668
f 675 673 283
f 673 671 283
f 283 671 669
f 283 669 667
f 281 280 676
f 664 281 676
f 677 678 679
f 680 677 679
f 680 679 676
f 680 676 681
f 682 677 680
f 682 680 683
f 684 682 683
f 684 683 685
f 686 684 685
f 686 685 681
f 681 685 683
f 680 681 683
f 279 686 687
f 684 686 279
f 684 279 682
f 682 279 677
f 668 674 663
f 668 663 665
f 676 679 664
f 664 679 665
f 673 675 663
f 673 663 674
f 280 686 681
f 280 681 676
f 688 52 284
f 688 284 283
f 277 689 278
f 278 690 279
f 688 283 667
f 688 667 666
f 688 666 691
f 690 677 279
f 690 692 678
f 690 678 677
f 278 19 692
f 278 692 690
f 693 694 695
f 696 693 695
f 697 666 665
f 698 697 665
f 665 696 695
f 699 697 698
f 699 698 700
f 701 699 700
f 701 700 702
f 703 701 702
f 703 702 704
f 704 702 700
f 698 704 700
f 705 703 706
f 705 701 703
f 699 701 705
f 697 699 705
f 707 708 693
f 707 693 696
f 679 678 709
f 679 709 710
f 707 679 710
f 711 707 710
f 710 709 712
f 713 710 712
f 713 712 714
f 715 713 714
f 715 714 716
f 711 715 716
f 713 715 711
f 713 711 710
f 717 716 718
f 718 716 714
f 712 718 714
f 709 718 712
f 695 704 698
f 665 695 698
f 696 679 707
f 665 679 696
f 695 706 703
f 704 695 703
f 711 716 708
f 707 711 708
f 719 720 721
f 705 719 721
f 722 723 724
f 722 724 718
f 697 705 721
f 666 697 721
f 691 666 721
f 718 709 722
f 678 692 722
f 709 678 722
f 725 726 727
f 728 725 727
f 726 729 730
f 727 726 730
f 729 731 732
f 730 729 732
f 731 733 734
f 732 731 734
f 733 735 736
f 734 733 736
f 735 737 738
f 736 735 738
f 737 739 740
f 738 737 740
f 739 741 742
f 740 739 742
f 741 743 744
f 742 741 744
f 743 745 746
f 744 743 746
f 745 747 748
f 746 745 748
f 747 749 750
f 748 747 750
f 749 751 752
f 750 749 752
f 751 753 754
f 752 751 754
f 753 755 756
f 754 753 756
f 755 725 728
f 756 755 728
f 750 752 757
f 750 757 758
f 752 754 759
f 752 759 757
f 754 756 760
f 754 760 759
f 756 728 761
f 756 761 760
f 728 727 762
f 728 762 761
f 727 730 763
f 727 763 762
f 730 732 764
f 730 764 763
f 732 734 765
f 732 765 764
f 734 736 766
f 734 766 765
f 736 738 767
f 736 767 766
f 738 740 768
f 738 768 767
f 740 742 769
f 740 769 768
f 742 744 770
f 742 770 769
f 744 746 771
f 744 771 770
f 746 748 772
f 746 772 771
f 748 750 758
f 748 758 772
f 723 773 772
f 723 772 758
f 773 774 771
f 773 771 772
f 774 775 770
f 774 770 771
f 775 776 769
f 775 769 770
f 776 777 768
f 776 768 769
f 777 778 767
f 777 767 768
f 778 779 766
f 778 766 767
f 779 720 765
f 779 765 766
f 720 719 764
f 720 764 765
f 719 705 763
f 719 763 764
f 705 694 762
f 705 762 763
f 694 693 761
f 694 761 762
f 693 708 760
f 693 760 761
f 708 718 759
f 708 759 760
f 718 724 757
f 718 757 759
f 724 723 758
f 724 758 757
f 780 751 749
f 781 780 749
f 782 753 751
f 780 782 751
f 783 755 753
f 782 783 753
f 784 725 755
f 783 784 755
f 785 726 725
f 784 785 725
f 786 729 726
f 785 786 726
f 787 731 729
f 786 787 729
f 788 733 731
f 787 788 731
f 789 735 733
f 788 789 733
f 790 737 735
f 789 790 735
f 791 739 737
f 790 791 737
f 792 741 739
f 791 792 739
f 793 743 741
f 792 793 741
f 794 745 743
f 793 794 743
f 795 747 745
f 794 795 745
f 781 749 747
f 795 781 747
f 658 657 796
f 658 796 797
f 657 643 798
f 657 798 796
f 643 632 799
f 643 799 798
f 632 631 800
f 632 800 799
f 631 646 801
f 631 801 800
f 646 656 802
f 646 802 801
f 656 662 803
f 656 803 802
f 662 661 804
f 662 804 803
f 661 805 806
f 661 806 804
f 805 807 808
f 805 808 806
f 807 809 810
f 807 810 808
f 809 811 812
f 809 812 810
f 811 813 814
f 811 814 812
f 813 815 816
f 813 816 814
f 815 817 818
f 815 818 816
f 817 658 797
f 817 797 818
f 819 785 784
f 819 784 820
f 821 786 785
f 821 785 819
f 822 787 786
f 822 786 821
f 823 788 787
f 823 787 822
f 824 789 788
f 824 788 823
f 825 790 789
f 825 789 824
f 826 791 790
f 826 790 825
f 827 792 791
f 827 791 826
f 828 793 792
f 828 792 827
f 829 794 793
f 829 793 828
f 830 795 794
f 830 794 829
f 831 781 795
f 831 795 830
f 832 780 781
f 832 781 831
f 833 782 780
f 833 780 832
f 834 783 782
f 834 782 833
f 820 784 783
f 820 783 834
f 796 832 831
f 797 796 831
f 798 833 832
f 796 798 832
f 799 834 833
f 798 799 833
f 800 820 834
f 799 800 834
f 801 819 820
f 800 801 820
f 802 821 819
f 801 802 819
f 803 822 821
f 802 803 821
f 804 823 822
f 803 804 822
f 806 824 823
f 804 806 823
f 808 825 824
f 806 808 824
f 810 826 825
f 808 810 825
f 812 827 826
f 810 812 826
f 814 828 827
f 812 814 827
f 816 829 828
f 814 816 828
f 818 830 829
f 816 818 829
f 797 831 830
f 818 797 830
f 835 836 837
f 835 837 838
f 836 839 840
f 836 840 837
f 839 841 842
f 839 842 840
f 841 843 844
f 841 844 842
f 843 845 846
f 843 846 844
f 845 847 848
f 845 848 846
f 847 849 850
f 847 850 848
f 849 851 852
f 849 852 850
f 851 853 854
f 851 854 852
f 853 855 856
f 853 856 854
f 855 857 858
f 855 858 856
f 857 859 860
f 857 860 858
f 859 861 862
f 859 862 860
f 861 863 864
f 861 864 862
f 863 865 866
f 863 866 864
f 865 835 838
f 865 838 866
f 867 813 811
f 867 811 868
f 869 870 871
f 869 871 872
f 867 868 869
f 872 871 873
f 874 872 873
f 874 873 875
f 876 874 875
f 876 875 877
f 878 876 877
f 874 876 878
f 874 878 872
f 879 877 815
f 877 875 815
f 815 875 873
f 815 873 871
f 811 809 880
f 868 811 880
f 881 882 883
f 884 881 883
f 884 883 880
f 884 880 885
f 886 881 884
f 886 884 887
f 888 886 887
f 888 887 889
f 890 888 889
f 890 889 885
f 885 889 887
f 884 885 887
f 807 890 891
f 888 890 807
f 888 807 886
f 886 807 881
f 872 878 867
f 872 867 869
f 880 883 868
f 868 883 869
f 877 879 867
f 877 867 878
f 809 890 885
f 809 885 880
f 892 658 817
f 892 817 815
f 805 661 893
f 807 805 893
f 892 815 871
f 892 871 870
f 892 870 894
f 893 881 807
f 893 895 882
f 893 882 881
f 843 841 896
f 897 843 896
f 898 870 869
f 899 898 869
f 869 897 896
f 900 898 899
f 900 899 901
f 902 900 901
f 902 901 903
f 904 902 903
f 904 903 905
f 905 903 901
f 899 905 901
f 839 904 906
f 839 902 904
f 900 902 839
f 898 900 839
f 907 845 843
f 907 843 897
f 883 882 908
f 883 908 909
f 907 883 909
f 910 907 909
f 909 908 911
f 912 909 911
f 912 911 913
f 914 912 913
f 914 913 915
f 910 914 915
f 912 914 910
f 912 910 909
f 916 915 847
f 847 915 913
f 911 847 913
f 908 847 911
f 896 905 899
f 869 896 899
f 897 883 907
f 869 883 897
f 896 906 904
f 905 896 904
f 910 915 845
f 907 910 845
f 836 835 917
f 839 836 917
f 918 851 849
f 918 849 847
f 898 839 917
f 870 898 917
f 894 870 917
f 847 908 918
f 882 895 918
f 908 882 918
f 919 920 921
f 919 921 922
f 923 924 920
f 923 920 919
f 925 926 924
f 925 924 923
f 927 928 926
f 927 926 925
f 929 930 928
f 929 928 927
f 931 932 930
f 931 930 929
f 933 934 932
f 933 932 931
f 935 936 934
f 935 934 933
f 937 938 936
f 937 936 935
f 939 940 938
f 939 938 937
f 941 942 940
f 941 940 939
f 943 944 942
f 943 942 941
f 945 946 944
f 945 944 943
f 947 948 946
f 947 946 945
f 949 950 948
f 949 948 947
f 922 921 950
f 922 950 949
f 837 945 943
f 838 837 943
f 840 947 945
f 837 840 945
f 842 949 947
f 840 842 947
f 844 922 949
f 842 844 949
f 846 919 922
f 844 846 922
f 848 923 919
f 846 848 919
f 850 925 923
f 848 850 923
f 852 927 925
f 850 852 925
f 854 929 927
f 852 854 927
f 856 931 929
f 854 856 929
f 858 933 931
f 856 858 931
f 860 935 933
f 858 860 933
f 862 937 935
f 860 862 935
f 864 939 937
f 862 864 937
f 866 941 939
f 864 866 939
f 838 943 941
f 866 838 941
f 946 951 952
f 944 946 952
f 948 953 951
f 946 948 951
f 950 954 953
f 948 950 953
f 921 955 954
f 950 921 954
f 920 956 955
f 921 920 955
f 924 957 956
f 920 924 956
f 926 958 957
f 924 926 957
f 928 959 958
f 926 928 958
f 930 960 959
f 928 930 959
f 932 961 960
f 930 932 960
f 934 962 961
f 932 934 961
f 936 963 962
f 934 936 962
f 938 964 963
f 936 938 963
f 940 965 964
f 938 940 964
f 942 966 965
f 940 942 965
f 944 952 966
f 942 944 966
f 955 956 967
f 968 955 967
f 956 957 969
f 967 956 969
f 957 958 970
f 969 957 970
f 958 959 971
f 970 958 971
f 959 960 972
f 971 959 972
f 960 961 973
f 972 960 973
f 961 962 974
f 973 961 974
f 962 963 975
f 974 962 975
f 963 964 976
f 975 963 976
f 964 965 977
f 976 964 977
f 965 966 978
f 977 965 978
f 966 952 979
f 978 966 979
f 952 951 980
f 979 952 980
f 951 953 981
f 980 951 981
f 953 954 982
f 981 953 982
f 954 955 968
f 982 954 968
f 979 980 983
f 979 983 984
f 980 981 985
f 980 985 983
f 981 982 986
f 981 986 985
f 982 968 987
f 982 987 986
f 968 967 988
f 968 988 987
f 967 969 989
f 967 989 988
f 969 970 990
f 969 990 989
f 970 971 991
f 970 991 990
f 971 972 992
f 971 992 991
f 972 973 993
f 972 993 992
f 973 974 994
f 973 994 993
f 974 975 995
f 974 995 994
f 975 976 996
f 975 996 995
f 976 977 997
f 976 997 996
f 977 978 998
f 977 998 997
f 978 979 984
f 978 984 998
f 776 775 999
f 1000 776 999
f 1001 1002 1003
f 1004 1001 1003
f 1003 1000 999
f 1005 1001 1004
f 1005 1004 1006
f 1007 1005 1006
f 1007 1006 1008
f 1009 1007 1008
f 1009 1008 1010
f 1010 1008 1006
f 1004 1010 1006
f 774 1009 1011
f 774 1007 1009
f 1005 1007 774
f 1001 1005 774
f 1012 777 776
f 1012 776 1000
f 1013 1014 1015
f 1013 1015 1016
f 1012 1013 1016
f 1017 1012 1016
f 1016 1015 1018
f 1019 1016 1018
f 1019 1018 1020
f 1021 1019 1020
f 1021 1020 1022
f 1017 1021 1022
f 1019 1021 1017
f 1019 1017 1016
f 1023 1022 778
f 778 1022 1020
f 1018 778 1020
f 1015 778 1018
f 999 1010 1004
f 1003 999 1004
f 1000 1013 1012
f 1003 1013 1000
f 999 1011 1009
f 1010 999 1009
f 1017 1022 777
f 1012 1017 777
f 773 723 1024
f 774 773 1024
f 1025 720 779
f 1025 779 778
f 1001 774 1024
f 1002 1001 1024
f 1026 1002 1024
f 778 1015 1025
f 1014 1027 1025
f 1015 1014 1025
f 1028 1029 1030
f 1028 1030 1031
f 1003 1002 1032
f 1003 1032 1033
f 1028 1031 1003
f 1033 1032 1034
f 1035 1033 1034
f 1035 1034 1036
f 1037 1035 1036
f 1037 1036 1038
f 1039 1037 1038
f 1035 1037 1039
f 1035 1039 1033
f 1040 1038 1041
f 1038 1036 1041
f 1041 1036 1034
f 1041 1034 1032
f 1030 1042 1043
f 1031 1030 1043
f 1044 1014 1013
f 1045 1044 1013
f 1045 1013 1043
f 1045 1043 1046
f 1047 1044 1045
f 1047 1045 1048
f 1049 1047 1048
f 1049 1048 1050
f 1051 1049 1050
f 1051 1050 1046
f 1046 1050 1048
f 1045 1046 1048
f 1052 1051 1053
f 1049 1051 1052
f 1049 1052 1047
f 1047 1052 1044
f 1033 1039 1028
f 1033 1028 1003
f 1043 1013 1031
f 1031 1013 1003
f 1038 1040 1028
f 1038 1028 1039
f 1042 1051 1046
f 1042 1046 1043
f 1054 1055 1056
f 1054 1056 1041
f 1057 1058 1059
f 1052 1057 1059
f 1054 1041 1032
f 1054 1032 1002
f 1054 1002 1026
f 1059 1044 1052
f 1059 1027 1014
f 1059 1014 1044
f 983 1056 1055
f 984 983 1055
f 985 1041 1056
f 983 985 1056
f 986 1029 1041
f 985 986 1041
f 987 1030 1029
f 986 987 1029
f 988 1042 1030
f 987 988 1030
f 989 1052 1042
f 988 989 1042
f 990 1057 1052
f 989 990 1052
f 991 1058 1057
f 990 991 1057
f 992 1060 1058
f 991 992 1058
f 993 1061 1060
f 992 993 1060
f 994 1062 1061
f 993 994 1061
f 995 1063 1062
f 994 995 1062
f 996 1064 1063
f 995 996 1063
f 997 1065 1064
f 996 997 1064
f 998 1066 1065
f 997 998 1065
f 984 1055 1066
f 998 984 1066
f 1067 1068 1069
f 1067 1069 1070
f 1068 1071 1072
f 1068 1072 1069
f 1071 1073 1074
f 1071 1074 1072
f 1073 1075 1076
f 1073 1076 1074
f 1075 1077 1078
f 1075 1078 1076
f 1077 1079 1080
f 1077 1080 1078
f 1079 1081 1082
f 1079 1082 1080
f 1081 1083 1084
f 1081 1084 1082
f 1083 1085 1086
f 1083 1086 1084
f 1085 1087 1088
f 1085 1088 1086
f 1087 1089 1090
f 1087 1090 1088
f 1089 1091 1092
f 1089 1092 1090
f 1091 1093 1094
f 1091 1094 1092
f 1093 1095 1096
f 1093 1096 1094
f 1095 1097 1098
f 1095 1098 1096
f 1097 1067 1070
f 1097 1070 1098
f 1099 861 859
f 1099 859 1100
f 1101 1102 1103
f 1101 1103 1104
f 1099 1100 1101
f 1104 1103 1105
f 1106 1104 1105
f 1106 1105 1107
f 1108 1106 1107
f 1108 1107 1109
f 1110 1108 1109
f 1106 1108 1110
f 1106 1110 1104
f 1111 1109 863
f 1109 1107 863
f 863 1107 1105
f 863 1105 1103
f 859 857 1112
f 1100 859 1112
f 1113 1114 1115
f 1116 1113 1115
f 1116 1115 1112
f 1116 1112 1117
f 1118 1113 1116
f 1118 1116 1119
f 1120 1118 1119
f 1120 1119 1121
f 1122 1120 1121
f 1122 1121 1117
f 1117 1121 1119
f 1116 1117 1119
f 855 1122 1123
f 1120 1122 855
f 1120 855 1118
f 1118 855 1113
f 1104 1110 1099
f 1104 1099 1101
f 1112 1115 1100
f 1100 1115 1101
f 1109 1111 1099
f 1109 1099 1110
f 857 1122 1117
f 857 1117 1112
f 1124 835 865
f 1124 865 863
f 853 851 1125
f 855 853 1125
f 1124 863 1103
f 1124 1103 1102
f 1124 1102 1126
f 1125 1113 855
f 1125 1127 1114
f 1125 1114 1113
f 1075 1073 1128
f 1129 1075 1128
f 1130 1102 1101
f 1131 1130 1101
f 1101 1129 1128
f 1132 1130 1131
f 1132 1131 1133
f 1134 1132 1133
f 1134 1133 1135
f 1136 1134 1135
f 1136 1135 1137
f 1137 1135 1133
f 1131 1137 1133
f 1071 1136 1138
f 1071 1134 1136
f 1132 1134 1071
f 1130 1132 1071
f 1139 1077 1075
f 1139 1075 1129
f 1115 1114 1140
f 1115 1140 1141
f 1139 1115 1141
f 1142 1139 1141
f 1141 1140 1143
f 1144 1141 1143
f 1144 1143 1145
f 1146 1144 1145
f 1146 1145 1147
f 1142 1146 1147
f 1144 1146 1142
f 1144 1142 1141
f 1148 1147 1079
f 1079 1147 1145
f 1143 1079 1145
f 1140 1079 1143
f 1128 1137 1131
f 1101 1128 1131
f 1129 1115 1139
f 1101 1115 1129
f 1128 1138 1136
f 1137 1128 1136
f 1142 1147 1077
f 1139 1142 1077
f 1068 1067 1149
f 1071 1068 1149
f 1150 1083 1081
f 1150 1081 1079
f 1130 1071 1149
f 1102 1130 1149
f 1126 1102 1149
f 1079 1140 1150
f 1114 1127 1150
f 1140 1114 1150
f 1151 1152 1153
f 1151 1153 1154
f 1155 1156 1152
f 1155 1152 1151
f 1157 1158 1156
f 1157 1156 1155
f 1159 1160 1158
f 1159 1158 1157
f 1161 1162 1160
f 1161 1160 1159
f 1163 1164 1162
f 1163 1162 1161
f 1165 1166 1164
f 1165 1164 1163
f 1167 1168 1166
f 1167 1166 1165
f 1169 1170 1168
f 1169 1168 1167
f 1171 1172 1170
f 1171 1170 1169
f 1173 1174 1172
f 1173 1172 1171
f 1175 1176 1174
f 1175 1174 1173
f 1177 1178 1176
f 1177 1176 1175
f 1179 1180 1178
f 1179 1178 1177
f 1181 1182 1180
f 1181 1180 1179
f 1154 1153 1182
f 1154 1182 1181
f 1069 1177 1175
f 1070 1069 1175
f 1072 1179 1177
f 1069 1072 1177
f 1074 1181 1179
f 1072 1074 1179
f 1076 1154 1181
f 1074 1076 1181
f 1078 1151 1154
f 1076 1078 1154
f 1080 1155 1151
f 1078 1080 1151
f 1082 1157 1155
f 1080 1082 1155
f 1084 1159 1157
f 1082 1084 1157
f 1086 1161 1159
f 1084 1086 1159
f 1088 1163 1161
f 1086 1088 1161
f 1090 1165 1163
f 1088 1090 1163
f 1092 1167 1165
f 1090 1092 1165
f 1094 1169 1167
f 1092 1094 1167
f 1096 1171 1169
f 1094 1096 1169
f 1098 1173 1171
f 1096 1098 1171
f 1070 1175 1173
f 1098 1070 1173
f 1178 1183 1184
f 1176 1178 1184
f 1180 1185 1183
f 1178 1180 1183
f 1182 1186 1185
f 1180 1182 1185
f 1153 1187 1186
f 1182 1153 1186
f 1152 1188 1187
f 1153 1152 1187
f 1156 1189 1188
f 1152 1156 1188
f 1158 1190 1189
f 1156 1158 1189
f 1160 1191 1190
f 1158 1160 1190
f 1162 1192 1191
f 1160 1162 1191
f 1164 1193 1192
f 1162 1164 1192
f 1166 1194 1193
f 1164 1166 1193
f 1168 1195 1194
f 1166 1168 1194
f 1170 1196 1195
f 1168 1170 1195
f 1172 1197 1196
f 1170 1172 1196
f 1174 1198 1197
f 1172 1174 1197
f 1176 1184 1198
f 1174 1176 1198
f 1187 1188 1199
f 1200 1187 1199
f 1188 1189 1201
f 1199 1188 1201
f 1189 1190 1202
f 1201 1189 1202
f 1190 1191 1203
f 1202 1190 1203
f 1191 1192 1204
f 1203 1191 1204
f 1192 1193 1205
f 1204 1192 1205
f 1193 1194 1206
f 1205 1193 1206
f 1194 1195 1207
f 1206 1194 1207
f 1195 1196 1208
f 1207 1195 1208
f 1196 1197 1209
f 1208 1196 1209
f 1197 1198 1210
f 1209 1197 1210
f 1198 1184 1211
f 1210 1198 1211
f 1184 1183 1212
f 1211 1184 1212
f 1183 1185 1213
f 1212 1183 1213
f 1185 1186 1214
f 1213 1185 1214
f 1186 1187 1200
f 1214 1186 1200
f 1211 1212 1215
f 1211 1215 1216
f 1212 1213 1217
f 1212 1217 1215
f 1213 1214 1218
f 1213 1218 1217
f 1214 1200 1219
f 1214 1219 1218
f 1200 1199 1220
f 1200 1220 1219
f 1199 1201 1221
f 1199 1221 1220
f 1201 1202 1222
f 1201 1222 1221
f 1202 1203 1223
f 1202 1223 1222
f 1203 1204 1224
f 1203 1224 1223
f 1204 1205 1225
f 1204 1225 1224
f 1205 1206 1226
f 1205 1226 1225
f 1206 1207 1227
f 1206 1227 1226
f 1207 1208 1228
f 1207 1228 1227
f 1208 1209 1229
f 1208 1229 1228
f 1209 1210 1230
f 1209 1230 1229
f 1210 1211 1216
f 1210 1216 1230
f 1063 1064 1231
f 1232 1063 1231
f 1233 1234 1235
f 1236 1233 1235
f 1235 1232 1231
f 1237 1233 1236
f 1237 1236 1238
f 1239 1237 1238
f 1239 1238 1240
f 1241 1239 1240
f 1241 1240 1242
f 1242 1240 1238
f 1236 1242 1238
f 1065 1241 1243
f 1065 1239 1241
f 1237 1239 1065
f 1233 1237 1065
f 1244 1062 1063
f 1244 1063 1232
f 1245 1246 1247
f 1245 1247 1248
f 1244 1245 1248
f 1249 1244 1248
f 1248 1247 1250
f 1251 1248 1250
f 1251 1250 1252
f 1253 1251 1252
f 1253 1252 1254
f 1249 1253 1254
f 1251 1253 1249
f 1251 1249 1248
f 1255 1254 1061
f 1061 1254 1252
f 1250 1061 1252
f 1247 1061 1250
f 1231 1242 1236
f 1235 1231 1236
f 1232 1245 1244
f 1235 1245 1232
f 1231 1243 1241
f 1242 1231 1241
f 1249 1254 1062
f 1244 1249 1062
f 1066 1055 1256
f 1065 1066 1256
f 1257 1058 1060
f 1257 1060 1061
f 1233 1065 1256
f 1234 1233 1256
f 1258 1234 1256
f 1061 1247 1257
f 1246 1259 1257
f 1247 1246 1257
f 1260 1261 1262
f 1260 1262 1263
f 1235 1234 1264
f 1235 1264 1265
f 1260 1263 1235
f 1265 1264 1266
f 1267 1265 1266
f 1267 1266 1268
f 1269 1267 1268
f 1269 1268 1270
f 1271 1269 1270
f 1267 1269 1271
f 1267 1271 1265
f 1272 1270 1273
f 1270 1268 1273
f 1273 1268 1266
f 1273 1266 1264
f 1262 1274 1275
f 1263 1262 1275
f 1276 1246 1245
f 1277 1276 1245
f 1277 1245 1275
f 1277 1275 1278
f 1279 1276 1277
f 1279 1277 1280
f 1281 1279 1280
f 1281 1280 1282
f 1283 1281 1282
f 1283 1282 1278
f 1278 1282 1280
f 1277 1278 1280
f 1284 1283 1285
f 1281 1283 1284
f 1281 1284 1279
f 1279 1284 1276
f 1265 1271 1260
f 1265 1260 1235
f 1275 1245 1263
f 1263 1245 1235
f 1270 1272 1260
f 1270 1260 1271
f 1274 1283 1278
f 1274 1278 1275
f 1286 1287 1288
f 1286 1288 1273
f 1289 1290 1291
f 1284 1289 1291
f 1286 1273 1264
f 1286 1264 1234
f 1286 1234 1258
f 1291 1276 1284
f 1291 1259 1246
f 1291 1246 1276
f 1215 1288 1287
f 1216 1215 1287
f 1217 1273 1288
f 1215 1217 1288
f 1218 1261 1273
f 1217 1218 1273
f 1219 1262 1261
f 1218 1219 1261
f 1220 1274 1262
f 1219 1220 1262
f 1221 1284 1274
f 1220 1221 1274
f 1222 1289 1284
f 1221 1222 1284
f 1223 1290 1289
f 1222 1223 1289
f 1224 1292 1290
f 1223 1224 1290
f 1225 1293 1292
f 1224 1225 1292
f 1226 1294 1293
f 1225 1226 1293
f 1227 1295 1294
f 1226 1227 1294
f 1228 1296 1295
f 1227 1228 1295
f 1229 1297 1296
f 1228 1229 1296
f 1230 1298 1297
f 1229 1230 1297
f 1216 1287 1298
f 1230 1216 1298
f 1299 1300 1301
f 1299 1301 1302
f 1300 1303 1304
f 1300 1304 1301
f 1303 1305 1306
f 1303 1306 1304
f 1305 1307 1308
f 1305 1308 1306
f 1307 1309 1310
f 1307 1310 1308
f 1309 1311 1312
f 1309 1312 1310
f 1311 1313 1314
f 1311 1314 1312
f 1313 1315 1316
f 1313 1316 1314
f 1315 1317 1318
f 1315 1318 1316
f 1317 1319 1320
f 1317 1320 1318
f 1319 1321 1322
f 1319 1322 1320
f 1321 1323 1324
f 1321 1324 1322
f 1323 1325 1326
f 1323 1326 1324
f 1325 1327 1328
f 1325 1328 1326
f 1327 1329 1330
f 1327 1330 1328
f 1329 1299 1302
f 1329 1302 1330
f 1331 1093 1091
f 1331 1091 1332
f 1333 1334 1335
f 1333 1335 1336
f 1331 1332 1333
f 1336 1335 1337
f 1338 1336 1337
f 1338 1337 1339
f 1340 1338 1339
f 1340 1339 1341
f 1342 1340 1341
f 1338 1340 1342
f 1338 1342 1336
f 1343 1341 1095
f 1341 1339 1095
f 1095 1339 1337
f 1095 1337 1335
f 1091 1089 1344
f 1332 1091 1344
f 1345 1346 1347
f 1348 1345 1347
f 1348 1347 1344
f 1348 1344 1349
f 1350 1345 1348
f 1350 1348 1351
f 1352 1350 1351
f 1352 1351 1353
f 1354 1352 1353
f 1354 1353 1349
f 1349 1353 1351
f 1348 1349 1351
f 1087 1354 1355
f 1352 1354 1087
f 1352 1087 1350
f 1350 1087 1345
f 1336 1342 1331
f 1336 1331 1333
f 1344 1347 1332
f 1332 1347 1333
f 1341 1343 1331
f 1341 1331 1342
f 1089 1354 1349
f 1089 1349 1344
f 1356 1067 1097
f 1356 1097 1095
f 1085 1083 1357
f 1087 1085 1357
f 1356 1095 1335
f 1356 1335 1334
f 1356 1334 1358
f 1357 1345 1087
f 1357 1359 1346
f 1357 1346 1345
f 1307 1305 1360
f 1361 1307 1360
f 1362 1334 1333
f 1363 1362 1333
f 1333 1361 1360
f 1364 1362 1363
f 1364 1363 1365
f 1366 1364 1365
f 1366 1365 1367
f 1368 1366 1367
f 1368 1367 1369
f 1369 1367 1365
f 1363 1369 1365
f 1303 1368 1370
f 1303 1366 1368
f 1364 1366 1303
f 1362 1364 1303
f 1371 1309 1307
f 1371 1307 1361
f 1347 1346 1372
f 1347 1372 1373
f 1371 1347 1373
f 1374 1371 1373
f 1373 1372 1375
f 1376 1373 1375
f 1376 1375 1377
f 1378 1376 1377
f 1378 1377 1379
f 1374 1378 1379
f 1376 1378 1374
f 1376 1374 1373
f 1380 1379 1311
f 1311 1379 1377
f 1375 1311 1377
f 1372 1311 1375
f 1360 1369 1363
f 1333 1360 1363
f 1361 1347 1371
f 1333 1347 1361
f 1360 1370 1368
f 1369 1360 1368
f 1374 1379 1309
f 1371 1374 1309
f 1300 1299 1381
f 1303 1300 1381
f 1382 1315 1313
f 1382 1313 1311
f 1362 1303 1381
f 1334 1362 1381
f 1358 1334 1381
f 1311 1372 1382
f 1346 1359 1382
f 1372 1346 1382
f 1383 1384 1385
f 1383 1385 1386
f 1387 1388 1384
f 1387 1384 1383
f 1389 1390 1388
f 1389 1388 1387
f 1391 1392 1390
f 1391 1390 1389
f 1393 1394 1392
f 1393 1392 1391
f 1395 1396 1394
f 1395 1394 1393
f 1397 1398 1396
f 1397 1396 1395
f 1399 1400 1398
f 1399 1398 1397
f 1401 1402 1400
f 1401 1400 1399
f 1403 1404 1402
f 1403 1402 1401
f 1405 1406 1404
f 1405 1404 1403
f 1407 1408 1406
f 1407 1406 1405
f 1409 1410 1408
f 1409 1408 1407
f 1411 1412 1410
f 1411 1410 1409
f 1413 1414 1412
f 1413 1412 1411
f 1386 1385 1414
f 1386 1414 1413
f 1301 1409 1407
f 1302 1301 1407
f 1304 1411 1409
f 1301 1304 1409
f 1306 1413 1411
f 1304 1306 1411
f 1308 1386 1413
f 1306 1308 1413
f 1310 1383 1386
f 1308 1310 1386
f 1312 1387 1383
f 1310 1312 1383
f 1314 1389 1387
f 1312 1314 1387
f 1316 1391 1389
f 1314 1316 1389
f 1318 1393 1391
f 1316 1318 1391
f 1320 1395 1393
f 1318 1320 1393
f 1322 1397 1395
f 1320 1322 1395
f 1324 1399 1397
f 1322 1324 1397
f 1326 1401 1399
f 1324 1326 1399
f 1328 1403 1401
f 1326 1328 1401
f 1330 1405 1403
f 1328 1330 1403
f 1302 1407 1405
f 1330 1302 1405
f 1410 1415 1416
f 1408 1410 1416
f 1412 1417 1415
f 1410 1412 1415
f 1414 1418 1417
f 1412 1414 1417
f 1385 1419 1418
f 1414 1385 1418
f 1384 1420 1419
f 1385 1384 1419
f 1388 1421 1420
f 1384 1388 1420
f 1390 1422 1421
f 1388 1390 1421
f 1392 1423 1422
f 1390 1392 1422
f 1394 1424 1423
f 1392 1394 1423
f 1396 1425 1424
f 1394 1396 1424
f 1398 1426 1425
f 1396 1398 1425
f 1400 1427 1426
f 1398 1400 1426
f 1402 1428 1427
f 1400 1402 1427
f 1404 1429 1428
f 1402 1404 1428
f 1406 1430 1429
f 1404 1406 1429
f 1408 1416 1430
f 1406 1408 1430
f 1419 1420 1431
f 1432 1419 1431
f 1420 1421 1433
f 1431 1420 1433
f 1421 1422 1434
f 1433 1421 1434
f 1422 1423 1435
f 1434 1422 1435
f 1423 1424 1436
f 1435 1423 1436
f 1424 1425 1437
f 1436 1424 1437
f 1425 1426 1438
f 1437 1425 1438
f 1426 1427 1439
f 1438 1426 1439
f 1427 1428 1440
f 1439 1427 1440
f 1428 1429 1441
f 1440 1428 1441
f 1429 1430 1442
f 1441 1429 1442
f 1430 1416 1443
f 1442 1430 1443
f 1416 1415 1444
f 1443 1416 1444
f 1415 1417 1445
f 1444 1415 1445
f 1417 1418 1446
f 1445 1417 1446
f 1418 1419 1432
f 1446 1418 1432
f 1443 1444 1447
f 1443 1447 1448
f 1444 1445 1449
f 1444 1449 1447
f 1445 1446 1450
f 1445 1450 1449
f 1446 1432 1451
f 1446 1451 1450
f 1432 1431 1452
f 1432 1452 1451
f 1431 1433 1453
f 1431 1453 1452
f 1433 1434 1454
f 1433 1454 1453
f 1434 1435 1455
f 1434 1455 1454
f 1435 1436 1456
f 1435 1456 1455
f 1436 1437 1457
f 1436 1457 1456
f 1437 1438 1458
f 1437 1458 1457
f 1438 1439 1459
f 1438 1459 1458
f 1439 1440 1460
f 1439 1460 1459
f 1440 1441 1461
f 1440 1461 1460
f 1441 1442 1462
f 1441 1462 1461
f 1442 1443 1448
f 1442 1448 1462
f 1295 1296 1463
f 1464 1295 1463
f 1465 1466 1467
f 1468 1465 1467
f 1467 1464 1463
f 1469 1465 1468
f 1469 1468 1470
f 1471 1469 1470
f 1471 1470 1472
f 1473 1471 1472
f 1473 1472 1474
f 1474 1472 1470
f 1468 1474 1470
f 1297 1473 1475
f 1297 1471 1473
f 1469 1471 1297
f 1465 1469 1297
f 1476 1294 1295
f 1476 1295 1464
f 1477 1478 1479
f 1477 1479 1480
f 1476 1477 1480
f 1481 1476 1480
f 1480 1479 1482
f 1483 1480 1482
f 1483 1482 1484
f 1485 1483 1484
f 1485 1484 1486
f 1481 1485 1486
f 1483 1485 1481
f 1483 1481 1480
f 1487 1486 1293
f 1293 1486 1484
f 1482 1293 1484
f 1479 1293 1482
f 1463 1474 1468
f 1467 1463 1468
f 1464 1477 1476
f 1467 1477 1464
f 1463 1475 1473
f 1474 1463 1473
f 1481 1486 1294
f 1476 1481 1294
f 1298 1287 1488
f 1297 1298 1488
f 1489 1290 1292
f 1489 1292 1293
f 1465 1297 1488
f 1466 1465 1488
f 1490 1466 1488
f 1293 1479 1489
f 1478 1491 1489
f 1479 1478 1489
f 1492 1493 1494
f 1492 1494 1495
f 1467 1466 1496
f 1467 1496 1497
f 1492 1495 1467
f 1497 1496 1498
f 1499 1497 1498
f 1499 1498 1500
f 1501 1499 1500
f 1501 1500 1502
f 1503 1501 1502
f 1499 1501 1503
f 1499 1503 1497
f 1504 1502 1505
f 1502 1500 1505
f 1505 1500 1498
f 1505 1498 1496
f 1494 1506 1507
f 1495 1494 1507
f 1508 1478 1477
f 1509 1508 1477
f 1509 1477 1507
f 1509 1507 1510
f 1511 1508 1509
f 1511 1509 1512
f 1513 1511 1512
f 1513 1512 1514
f 1515 1513 1514
f 1515 1514 1510
f 1510 1514 1512
f 1509 1510 1512
f 1516 1515 1517
f 1513 1515 1516
f 1513 1516 1511
f 1511 1516 1508
f 1497 1503 1492
f 1497 1492 1467
f 1507 1477 1495
f 1495 1477 1467
f 1502 1504 1492
f 1502 1492 1503
f 1506 1515 1510
f 1506 1510 1507
f 1518 1519 1520
f 1518 1520 1505
f 1521 1522 1523
f 1516 1521 1523
f 1518 1505 1496
f 1518 1496 1466
f 1518 1466 1490
f 1523 1508 1516
f 1523 1491 1478
f 1523 1478 1508
f 1447 1520 1519
f 1448 1447 1519
f 1449 1505 1520
f 1447 1449 1520
f 1450 1493 1505
f 1449 1450 1505
f 1451 1494 1493
f 1450 1451 1493
f 1452 1506 1494
f 1451 1452 1494
f 1453 1516 1506
f 1452 1453 1506
f 1454 1521 1516
f 1453 1454 1516
f 1455 1522 1521
f 1454 1455 1521
f 1456 1524 1522
f 1455 1456 1522
f 1457 1525 1524
f 1456 1457 1524
f 1458 1526 1525
f 1457 1458 1525
f 1459 1527 1526
f 1458 1459 1526
f 1460 1528 1527
f 1459 1460 1527
f 1461 1529 1528
f 1460 1461 1528
f 1462 1530 1529
f 1461 1462 1529
f 1448 1519 1530
f 1462 1448 1530
f 215 1531 1532
f 215 1532 1533
f 1531 1534 1535
f 1531 1535 1532
f 1534 1536 1537
f 1534 1537 1535
f 1536 1538 1539
f 1536 1539 1537
f 1538 1540 1541
f 1538 1541 1539
f 1540 1542 1543
f 1540 1543 1541
f 1542 1544 1545
f 1542 1545 1543
f 1544 218 1546
f 1544 1546 1545
f 218 217 1547
f 218 1547 1546
f 217 161 1548
f 217 1548 1547
f 161 151 1549
f 161 1549 1548
f 151 149 1550
f 151 1550 1549
f 149 148 1551
f 149 1551 1550
f 148 144 1552
f 148 1552 1551
f 144 216 1553
f 144 1553 1552
f 216 215 1533
f 216 1533 1553
f 1554 1325 1323
f 1554 1323 1555
f 1556 1557 1558
f 1556 1558 1559
f 1554 1555 1556
f 1559 1558 1560
f 1561 1559 1560
f 1561 1560 1562
f 1563 1561 1562
f 1563 1562 1564
f 1565 1563 1564
f 1561 1563 1565
f 1561 1565 1559
f 1566 1564 1327
f 1564 1562 1327
f 1327 1562 1560
f 1327 1560 1558
f 1323 1321 1567
f 1555 1323 1567
f 1568 1569 1570
f 1571 1568 1570
f 1571 1570 1567
f 1571 1567 1572
f 1573 1568 1571
f 1573 1571 1574
f 1575 1573 1574
f 1575 1574 1576
f 1577 1575 1576
f 1577 1576 1572
f 1572 1576 1574
f 1571 1572 1574
f 1319 1577 1578
f 1575 1577 1319
f 1575 1319 1573
f 1573 1319 1568
f 1559 1565 1554
f 1559 1554 1556
f 1567 1570 1555
f 1555 1570 1556
f 1564 1566 1554
f 1564 1554 1565
f 1321 1577 1572
f 1321 1572 1567
f 1579 1299 1329
f 1579 1329 1327
f 1317 1315 1580
f 1319 1317 1580
f 1579 1327 1558
f 1579 1558 1557
f 1579 1557 1581
f 1580 1568 1319
f 1580 1582 1569
f 1580 1569 1568
f 1538 1536 1583
f 1584 1538 1583
f 1585 1557 1556
f 1586 1585 1556
f 1556 1584 1583
f 1587 1585 1586
f 1587 1586 1588
f 1589 1587 1588
f 1589 1588 1590
f 1591 1589 1590
f 1591 1590 1592
f 1592 1590 1588
f 1586 1592 1588
f 1534 1591 1593
f 1534 1589 1591
f 1587 1589 1534
f 1585 1587 1534
f 1594 1540 1538
f 1594 1538 1584
f 1570 1569 1595
f 1570 1595 1596
f 1594 1570 1596
f 1597 1594 1596
f 1596 1595 1598
f 1599 1596 1598
f 1599 1598 1600
f 1601 1599 1600
f 1601 1600 1602
f 1597 1601 1602
f 1599 1601 1597
f 1599 1597 1596
f 1603 1602 1542
f 1542 1602 1600
f 1598 1542 1600
f 1595 1542 1598
f 1583 1592 1586
f 1556 1583 1586
f 1584 1570 1594
f 1556 1570 1584
f 1583 1593 1591
f 1592 1583 1591
f 1597 1602 1540
f 1594 1597 1540
f 1531 215 1604
f 1534 1531 1604
f 1605 218 1544
f 1605 1544 1542
f 1585 1534 1604
f 1557 1585 1604
f 1581 1557 1604
f 1542 1595 1605
f 1569 1582 1605
f 1595 1569 1605
f 1606 1607 1608
f 1606 1608 1609
f 1610 1611 1607
f 1610 1607 1606
f 1612 1613 1611
f 1612 1611 1610
f 1614 1615 1613
f 1614 1613 1612
f 1616 1617 1615
f 1616 1615 1614
f 1618 1619 1617
f 1618 1617 1616
f 1620 1621 1619
f 1620 1619 1618
f 1622 1623 1621
f 1622 1621 1620
f 1624 1625 1623
f 1624 1623 1622
f 1626 1627 1625
f 1626 1625 1624
f 1628 1629 1627
f 1628 1627 1626
f 1630 1631 1629
f 1630 1629 1628
f 1632 1633 1631
f 1632 1631 1630
f 1634 1635 1633
f 1634 1633 1632
f 1636 1637 1635
f 1636 1635 1634
f 1609 1608 1637
f 1609 1637 1636
f 1532 1632 1630
f 1533 1532 1630
f 1535 1634 1632
f 1532 1535 1632
f 1537 1636 1634
f 1535 1537 1634
f 1539 1609 1636
f 1537 1539 1636
f 1541 1606 1609
f 1539 1541 1609
f 1543 1610 1606
f 1541 1543 1606
f 1545 1612 1610
f 1543 1545 1610
f 1546 1614 1612
f 1545 1546 1612
f 1547 1616 1614
f 1546 1547 1614
f 1548 1618 1616
f 1547 1548 1616
f 1549 1620 1618
f 1548 1549 1618
f 1550 1622 1620
f 1549 1550 1620
f 1551 1624 1622
f 1550 1551 1622
f 1552 1626 1624
f 1551 1552 1624
f 1553 1628 1626
f 1552 1553 1626
f 1533 1630 1628
f 1553 1533 1628
f 1633 1638 1639
f 1631 1633 1639
f 1635 1640 1638
f 1633 1635 1638
f 1637 1641 1640
f 1635 1637 1640
f 1608 1642 1641
f 1637 1608 1641
f 1607 1643 1642
f 1608 1607 1642
f 1611 1644 1643
f 1607 1611 1643
f 1613 1645 1644
f 1611 1613 1644
f 1615 1646 1645
f 1613 1615 1645
f 1617 1647 1646
f 1615 1617 1646
f 1619 1648 1647
f 1617 1619 1647
f 1621 1649 1648
f 1619 1621 1648
f 1623 1650 1649
f 1621 1623 1649
f 1625 1651 1650
f 1623 1625 1650
f 1627 1652 1651
f 1625 1627 1651
f 1629 1653 1652
f 1627 1629 1652
f 1631 1639 1653
f 1629 1631 1653
f 1642 1643 1654
f 1655 1642 1654
f 1643 1644 1656
f 1654 1643 1656
f 1644 1645 1657
f 1656 1644 1657
f 1645 1646 1658
f 1657 1645 1658
f 1646 1647 1659
f 1658 1646 1659
f 1647 1648 1660
f 1659 1647 1660
f 1648 1649 1661
f 1660 1648 1661
f 1649 1650 1662
f 1661 1649 1662
f 1650 1651 1663
f 1662 1650 1663
f 1651 1652 1664
f 1663 1651 1664
f 1652 1653 1665
f 1664 1652 1665
f 1653 1639 1666
f 1665 1653 1666
f 1639 1638 1667
f 1666 1639 1667
f 1638 1640 1668
f 1667 1638 1668
f 1640 1641 1669
f 1668 1640 1669
f 1641 1642 1655
f 1669 1641 1655
f 1666 1667 1670
f 1666 1670 1671
f 1667 1668 1672
f 1667 1672 1670
f 1668 1669 1673
f 1668 1673 1672
f 1669 1655 1674
f 1669 1674 1673
f 1655 1654 1675
f 1655 1675 1674
f 1654 1656 1676
f 1654 1676 1675
f 1656 1657 1677
f 1656 1677 1676
f 1657 1658 1678
f 1657 1678 1677
f 1658 1659 1679
f 1658 1679 1678
f 1659 1660 1680
f 1659 1680 1679
f 1660 1661 1681
f 1660 1681 1680
f 1661 1662 1682
f 1661 1682 1681
f 1662 1663 1683
f 1662 1683 1682
f 1663 1664 1684
f 1663 1684 1683
f 1664 1665 1685
f 1664 1685 1684
f 1665 1666 1671
f 1665 1671 1685
f 1527 1528 1686
f 1687 1527 1686
f 1688 1689 1690
f 1691 1688 1690
f 1690 1687 1686
f 1692 1688 1691
f 1692 1691 1693
f 1694 1692 1693
f 1694 1693 1695
f 1696 1694 1695
f 1696 1695 1697
f 1697 1695 1693
f 1691 1697 1693
f 1529 1696 1698
f 1529 1694 1696
f 1692 1694 1529
f 1688 1692 1529
f 1699 1526 1527
f 1699 1527 1687
f 1700 1701 1702
f 1700 1702 1703
f 1699 1700 1703
f 1704 1699 1703
f 1703 1702 1705
f 1706 1703 1705
f 1706 1705 1707
f 1708 1706 1707
f 1708 1707 1709
f 1704 1708 1709
f 1706 1708 1704
f 1706 1704 1703
f 1710 1709 1525
f 1525 1709 1707
f 1705 1525 1707
f 1702 1525 1705
f 1686 1697 1691
f 1690 1686 1691
f 1687 1700 1699
f 1690 1700 1687
f 1686 1698 1696
f 1697 1686 1696
f 1704 1709 1526
f 1699 1704 1526
f 1530 1519 1711
f 1529 1530 1711
f 1712 1522 1524
f 1712 1524 1525
f 1688 1529 1711
f 1689 1688 1711
f 1713 1689 1711
f 1525 1702 1712
f 1701 1714 1712
f 1702 1701 1712
f 1715 1716 1717
f 1715 1717 1718
f 1690 1689 1719
f 1690 1719 1720
f 1715 1718 1690
f 1720 1719 1721
f 1722 1720 1721
f 1722 1721 1723
f 1724 1722 1723
f 1724 1723 1725
f 1726 1724 1725
f 1722 1724 1726
f 1722 1726 1720
f 1727 1725 1728
f 1725 1723 1728
f 1728 1723 1721
f 1728 1721 1719
f 1717 1729 1730
f 1718 1717 1730
f 1731 1701 1700
f 1732 1731 1700
f 1732 1700 1730
f 1732 1730 1733
f 1734 1731 1732
f 1734 1732 1735
f 1736 1734 1735
f 1736 1735 1737
f 1738 1736 1737
f 1738 1737 1733
f 1733 1737 1735
f 1732 1733 1735
f 1739 1738 1740
f 1736 1738 1739
f 1736 1739 1734
f 1734 1739 1731
f 1720 1726 1715
f 1720 1715 1690
f 1730 1700 1718
f 1718 1700 1690
f 1725 1727 1715
f 1725 1715 1726
f 1729 1738 1733
f 1729 1733 1730
f 1741 223 1742
f 1741 1742 1728
f 1743 226 1744
f 1739 1743 1744
f 1741 1728 1719
f 1741 1719 1689
f 1741 1689 1713
f 1744 1731 1739
f 1744 1714 1701
f 1744 1701 1731
f 1670 1742 223
f 1671 1670 223
f 1672 1728 1742
f 1670 1672 1742
f 1673 1716 1728
f 1672 1673 1728
f 1674 1717 1716
f 1673 1674 1716
f 1675 1729 1717
f 1674 1675 1717
f 1676 1739 1729
f 1675 1676 1729
f 1677 1743 1739
f 1676 1677 1739
f 1678 226 1743
f 1677 1678 1743
f 1679 227 226
f 1678 1679 226
f 1680 164 227
f 1679 1680 227
f 1681 152 164
f 1680 1681 164
f 1682 150 152
f 1681 1682 152
f 1683 147 150
f 1682 1683 150
f 1684 145 147
f 1683 1684 147
f 1685 222 145
f 1684 1685 145
f 1671 223 222
f 1685 1671 222
f 1745 1746 1747
f 1745 1747 1748
f 1745 1748 1749
f 1745 1749 1750
f 1751 1752 1753
f 1751 1753 1754
f 1753 1747 1746
f 1753 1746 1754
f 1751 1755 1756
f 1751 1756 1752
f 1756 1755 1757
f 1758 1756 1757
f 1759 1758 1757
f 1760 1759 1757
f 1761 1762 1763
f 1761 1763 1764
f 1761 1764 1765
f 1761 1765 1766
f 1767 1768 1769
f 1767 1769 1770
f 1769 1763 1762
f 1769 1762 1770
f 1767 1771 1772
f 1767 1772 1768
f 1772 1771 1773
f 1774 1772 1773
f 1775 1774 1773
f 1776 1775 1773
f 1777 1778 1779
f 1780 1777 1779
f 1778 1781 1782
f 1779 1778 1782
f 1781 1783 1784
f 1782 1781 1784
f 1783 1785 1786
f 1784 1783 1786
f 1785 1787 1788
f 1786 1785 1788
f 1787 1789 1790
f 1788 1787 1790
f 1789 1791 1792
f 1790 1789 1792
f 1791 1793 1794
f 1792 1791 1794
f 1793 1795 1796
f 1794 1793 1796
f 1795 1797 1798
f 1796 1795 1798
f 1797 1799 1800
f 1798 1797 1800
f 1799 1801 1802
f 1800 1799 1802
f 1801 1803 1804
f 1802 1801 1804
f 1803 1805 1806
f 1804 1803 1806
f 1805 1807 1808
f 1806 1805 1808
f 1807 1777 1780
f 1808 1807 1780
f 1802 1804 1809
f 1802 1809 1810
f 1804 1806 1811
f 1804 1811 1809
f 1806 1808 1812
f 1806 1812 1811
f 1808 1780 1813
f 1808 1813 1812
f 1780 1779 1814
f 1780 1814 1813
f 1779 1782 1815
f 1779 1815 1814
f 1782 1784 1816
f 1782 1816 1815
f 1784 1786 1817
f 1784 1817 1816
f 1786 1788 1818
f 1786 1818 1817
f 1788 1790 1819
f 1788 1819 1818
f 1790 1792 1820
f 1790 1820 1819
f 1792 1794 1821
f 1792 1821 1820
f 1794 1796 1822
f 1794 1822 1821
f 1796 1798 1823
f 1796 1823 1822
f 1798 1800 1824
f 1798 1824 1823
f 1800 1802 1810
f 1800 1810 1824
f 423 422 1824
f 423 1824 1810
f 422 436 1823
f 422 1823 1824
f 436 451 1822
f 436 1822 1823
f 451 453 1821
f 451 1821 1822
f 453 1825 1820
f 453 1820 1821
f 1825 1826 1819
f 1825 1819 1820
f 1826 1827 1818
f 1826 1818 1819
f 1827 1828 1817
f 1827 1817 1818
f 1828 1829 1816
f 1828 1816 1817
f 1829 45 1815
f 1829 1815 1816
f 45 43 1814
f 45 1814 1815
f 43 42 1813
f 43 1813 1814
f 42 455 1812
f 42 1812 1813
f 455 449 1811
f 455 1811 1812
f 449 437 1809
f 449 1809 1811
f 437 423 1810
f 437 1810 1809
f 1830 1803 1801
f 1831 1830 1801
f 1832 1805 1803
f 1830 1832 1803
f 1833 1807 1805
f 1832 1833 1805
f 1834 1777 1807
f 1833 1834 1807
f 1835 1778 1777
f 1834 1835 1777
f 1836 1781 1778
f 1835 1836 1778
f 1837 1783 1781
f 1836 1837 1781
f 1838 1785 1783
f 1837 1838 1783
f 1839 1787 1785
f 1838 1839 1785
f 1840 1789 1787
f 1839 1840 1787
f 1841 1791 1789
f 1840 1841 1789
f 1842 1793 1791
f 1841 1842 1791
f 1843 1795 1793
f 1842 1843 1793
f 1844 1797 1795
f 1843 1844 1795
f 1845 1799 1797
f 1844 1845 1797
f 1831 1801 1799
f 1845 1831 1799
f 353 352 1846
f 353 1846 1847
f 352 366 1848
f 352 1848 1846
f 366 382 1849
f 366 1849 1848
f 382 41 1850
f 382 1850 1849
f 41 44 1851
f 41 1851 1850
f 44 46 1852
f 44 1852 1851
f 46 1853 1854
f 46 1854 1852
f 1853 1855 1856
f 1853 1856 1854
f 1855 1857 1858
f 1855 1858 1856
f 1857 1859 1860
f 1857 1860 1858
f 1859 1861 1862
f 1859 1862 1860
f 1861 383 1863
f 1861 1863 1862
f 383 385 1864
f 383 1864 1863
f 385 379 1865
f 385 1865 1864
f 379 367 1866
f 379 1866 1865
f 367 353 1847
f 367 1847 1866
f 1867 1835 1834
f 1867 1834 1868
f 1869 1836 1835
f 1869 1835 1867
f 1870 1837 1836
f 1870 1836 1869
f 1871 1838 1837
f 1871 1837 1870
f 1872 1839 1838
f 1872 1838 1871
f 1873 1840 1839
f 1873 1839 1872
f 1874 1841 1840
f 1874 1840 1873
f 1875 1842 1841
f 1875 1841 1874
f 1876 1843 1842
f 1876 1842 1875
f 1877 1844 1843
f 1877 1843 1876
f 1878 1845 1844
f 1878 1844 1877
f 1879 1831 1845
f 1879 1845 1878
f 1880 1830 1831
f 1880 1831 1879
f 1881 1832 1830
f 1881 1830 1880
f 1882 1833 1832
f 1882 1832 1881
f 1868 1834 1833
f 1868 1833 1882
f 1846 1880 1879
f 1847 1846 1879
f 1848 1881 1880
f 1846 1848 1880
f 1849 1882 1881
f 1848 1849 1881
f 1850 1868 1882
f 1849 1850 1882
f 1851 1867 1868
f 1850 1851 1868
f 1852 1869 1867
f 1851 1852 1867
f 1854 1870 1869
f 1852 1854 1869
f 1856 1871 1870
f 1854 1856 1870
f 1858 1872 1871
f 1856 1858 1871
f 1860 1873 1872
f 1858 1860 1872
f 1862 1874 1873
f 1860 1862 1873
f 1863 1875 1874
f 1862 1863 1874
f 1864 1876 1875
f 1863 1864 1875
f 1865 1877 1876
f 1864 1865 1876
f 1866 1878 1877
f 1865 1866 1877
f 1847 1879 1878
f 1866 1847 1878
f 1883 1884 1885
f 1886 1887 1888
f 1889 1890 1891
f 1892 1893 1894
f 1883 1885 1895
f 1895 1896 1897
f 1895 1897 1883
f 1898 1895 1885
f 1898 1885 1899
f 1900 1886 1888
f 1900 1901 1902
f 1900 1902 1886
f 1903 1904 1900
f 1903 1900 1888
f 1905 1906 1889
f 1905 1889 1907
f 1889 1891 1907
f 1891 1908 1909
f 1891 1909 1907
f 1892 1894 1910
f 1911 1892 1910
f 1911 1910 1912
f 1913 1910 1894
f 1913 1894 1914
f 1915 1916 1917
f 1918 1919 1920
f 1921 1922 1923
f 1924 1925 1926
f 1915 1917 1927
f 1927 1928 1929
f 1927 1929 1915
f 1930 1927 1917
f 1930 1917 1931
f 1932 1918 1920
f 1932 1933 1934
f 1932 1934 1918
f 1935 1936 1932
f 1935 1932 1920
f 1937 1938 1921
f 1937 1921 1939
f 1921 1923 1939
f 1923 1940 1941
f 1923 1941 1939
f 1924 1926 1942
f 1943 1924 1942
f 1943 1942 1944
f 1945 1942 1926
f 1945 1926 1946
f 1946 1947 1948
f 1946 1948 1897
f 1949 1950 1938
f 1903 1949 1938
f 1935 1950 1949
f 1935 1949 1906
f 1951 1952 1934
f 1908 1951 1934
f 1931 1952 1951
f 1931 1951 1911
f 1948 1947 1929
f 1914 1948 1929
f 1945 1946 1897
f 1945 1897 1896
f 1945 1896 1895
f 1945 1895 1942
f 1942 1895 1898
f 1942 1898 1944
f 1944 1898 1899
f 1944 1899 1943
f 1941 1940 1902
f 1941 1902 1901
f 1941 1901 1900
f 1941 1900 1939
f 1939 1900 1904
f 1939 1904 1937
f 1937 1904 1903
f 1937 1903 1938
f 1935 1906 1905
f 1935 1905 1936
f 1936 1905 1907
f 1936 1907 1932
f 1932 1907 1909
f 1932 1909 1933
f 1933 1909 1908
f 1933 1908 1934
f 1931 1911 1912
f 1931 1912 1930
f 1930 1912 1910
f 1930 1910 1927
f 1927 1910 1913
f 1927 1913 1928
f 1928 1913 1914
f 1928 1914 1929
f 24 39 1953
f 24 1953 1949
f 39 37 1954
f 39 1954 1953
f 37 35 1955
f 37 1955 1954
f 35 33 1951
f 35 1951 1955
f 33 31 1956
f 33 1956 1951
f 31 29 1957
f 31 1957 1956
f 29 26 1958
f 29 1958 1957
f 26 25 1948
f 26 1948 1958
f 1959 40 23
f 1950 1959 23
f 1960 38 40
f 1959 1960 40
f 1961 36 38
f 1960 1961 38
f 1952 34 36
f 1961 1952 36
f 1962 32 34
f 1952 1962 34
f 1963 30 32
f 1962 1963 32
f 1964 27 30
f 1963 1964 30
f 1947 28 27
f 1964 1947 27
f 1965 1966 1967
f 1968 1965 1967
f 1968 1967 1969
f 1970 1968 1969
f 1970 1969 1971
f 1972 1970 1971
f 1973 1971 581
f 1971 1969 581
f 581 1969 1967
f 581 1967 1966
f 540 1972 1974
f 540 1970 1972
f 1968 1970 540
f 1965 1968 540
f 541 579 577
f 541 577 542
f 577 575 543
f 542 577 543
f 1975 1976 1977
f 1975 1977 1978
f 1979 1975 1978
f 1979 1978 1980
f 1981 1979 1980
f 1981 1980 1982
f 573 1981 1983
f 1979 1981 573
f 1979 573 1975
f 1975 573 1976
f 1984 1982 544
f 544 1982 1980
f 1978 544 1980
f 1977 544 1978
f 1985 1986 1966
f 1985 1966 1965
f 1976 1987 1988
f 1977 1976 1988
f 1989 1986 1985
f 1989 1985 1990
f 1991 1989 1990
f 1991 1990 1992
f 1993 1991 1992
f 1993 1992 1994
f 1991 1995 1989
f 1989 1995 1986
f 1996 1992 1990
f 1996 1990 1985
f 1997 1998 1948
f 1997 1999 1998
f 1997 2000 1999
f 25 2001 1995
f 1997 1948 25
f 1997 25 1995
f 1997 1995 1991
f 1997 1991 1993
f 2000 1997 1993
f 2000 1993 2002
f 1988 1987 2003
f 2004 1988 2003
f 2004 2003 2005
f 2006 2004 2005
f 2006 2005 2007
f 2008 2006 2007
f 2009 2005 2003
f 2009 2003 1987
f 2006 2010 2004
f 2004 2010 1988
f 1947 2011 2012
f 2011 2013 2012
f 2013 2014 2012
f 1996 2015 28
f 28 1947 2012
f 28 2012 1996
f 1992 1996 2012
f 1992 2012 1994
f 1994 2012 2014
f 1994 2014 2016
f 1949 2017 2018
f 2017 2019 2018
f 2019 2020 2018
f 2009 2021 24
f 2005 2009 2018
f 2005 2018 2007
f 2007 2018 2020
f 2007 2020 2022
f 2023 2024 1950
f 2023 2025 2024
f 2023 2026 2025
f 23 2027 2010
f 2023 1950 23
f 2023 23 2010
f 2026 2023 2008
f 2026 2008 2028
f 2018 2009 24
f 2018 24 1949
f 2010 2006 2008
f 2010 2008 2023
f 2007 2022 2028
f 2007 2028 2008
f 2029 2030 1902
f 2029 1902 1940
f 1899 2031 2032
f 1899 2032 1943
f 2030 2022 2020
f 2030 2020 1902
f 1940 2026 2028
f 1940 2028 2029
f 2028 2022 2030
f 2028 2030 2029
f 2002 2031 1899
f 2002 1899 2000
f 2032 2031 2002
f 2032 2002 2016
f 2014 1943 2032
f 2014 2032 2016
f 2016 2002 1993
f 2016 1993 1994
f 1972 1971 579
f 1972 579 1974
f 575 1981 1982
f 575 1982 543
f 2001 25 2033
f 1995 2001 2033
f 2034 416 583
f 2034 583 581
f 571 419 2035
f 573 571 2035
f 2036 24 2021
f 2036 2021 2009
f 1986 1995 2033
f 1966 2034 581
f 2035 1976 573
f 2036 2009 1987
f 1976 2035 2036
f 1976 2036 1987
f 1966 1986 2033
f 1966 2033 2034
f 2037 28 2015
f 2037 2015 1996
f 539 489 2038
f 540 539 2038
f 2039 486 545
f 2039 545 544
f 2027 23 2040
f 2010 2027 2040
f 1996 1985 2037
f 2038 1965 540
f 1977 2039 544
f 2010 2040 1988
f 2040 2039 1977
f 2040 1977 1988
f 2037 1985 1965
f 2037 1965 2038
f 2041 2042 2043
f 2041 2043 2044
f 2045 2046 2047
f 2045 2047 2048
f 2049 2044 2045
f 2048 2047 2050
f 2051 2048 2050
f 2051 2050 2052
f 2053 2051 2052
f 2053 2052 2054
f 2055 2053 2054
f 2051 2053 2055
f 2051 2055 2048
f 2042 2056 2057
f 2058 2052 2057
f 2057 2052 2050
f 2057 2050 2047
f 2043 2059 2060
f 2044 2043 2060
f 2061 2062 2063
f 2064 2061 2063
f 2064 2063 2065
f 2064 2065 2066
f 2067 2061 2064
f 2067 2064 2068
f 2069 2067 2068
f 2069 2068 2070
f 2071 2069 2070
f 2071 2070 2072
f 2072 2070 2068
f 2064 2072 2068
f 2073 2074 2059
f 2069 2075 2073
f 2069 2073 2067
f 2067 2073 2061
f 2048 2076 2049
f 2048 2049 2045
f 2060 2063 2044
f 2044 2063 2045
f 2056 2077 2049
f 2056 2049 2076
f 2059 2078 2079
f 2059 2079 2060
f 2080 2081 2082
f 2080 2082 2057
f 2083 2084 2085
f 2073 2083 2085
f 2080 2057 2047
f 2080 2047 2046
f 2080 2046 2086
f 2085 2061 2073
f 2085 2087 2062
f 2085 2062 2061
f 1859 2088 2089
f 2090 1859 2089
f 2091 2046 2045
f 2092 2091 2045
f 2045 2090 2093
f 2094 2091 2092
f 2094 2092 2095
f 2096 2094 2095
f 2096 2095 2097
f 2098 2096 2097
f 2098 2097 2099
f 2099 2097 2095
f 2092 2099 2095
f 1855 2098 2088
f 1855 2096 2098
f 2094 2096 1855
f 2091 2094 1855
f 2100 2101 1859
f 2100 1859 2090
f 2063 2062 2102
f 2063 2102 2103
f 2104 2063 2103
f 2105 2104 2103
f 2103 2102 2106
f 2107 2103 2106
f 2107 2106 2108
f 2109 2107 2108
f 2109 2108 2110
f 2105 2109 2110
f 2107 2109 2105
f 2107 2105 2103
f 2101 2110 383
f 383 2110 2108
f 2106 383 2108
f 2102 383 2106
f 2093 2099 2092
f 2045 2093 2092
f 2090 2063 2100
f 2045 2063 2090
f 2093 2088 2098
f 2099 2093 2098
f 2105 2110 2101
f 2100 2105 2101
f 2111 46 2112
f 1855 2111 2112
f 1855 2112 2091
f 2112 2086 2046
f 2112 2046 2091
f 2102 384 383
f 384 2102 2062
f 384 2062 2087
f 385 384 2087
f 385 2087 22
f 2113 2114 2115
f 2116 2113 2115
f 2117 2118 2119
f 2120 2117 2119
f 2119 2116 2121
f 2122 2117 2120
f 2122 2120 2123
f 2124 2122 2123
f 2124 2123 2125
f 2126 2124 2125
f 2126 2125 2127
f 2127 2125 2123
f 2120 2127 2123
f 2128 2129 2114
f 2128 2124 2130
f 2122 2124 2128
f 2117 2122 2128
f 2131 2132 2113
f 2131 2113 2116
f 2133 2134 2135
f 2133 2135 2136
f 2137 2133 2136
f 2138 2137 2136
f 2136 2135 2139
f 2140 2136 2139
f 2140 2139 2141
f 2142 2140 2141
f 2142 2141 2143
f 2144 2142 2143
f 2140 2142 2144
f 2140 2144 2136
f 2132 2145 2146
f 2146 2147 2141
f 2139 2146 2141
f 2135 2146 2139
f 2121 2148 2120
f 2119 2121 2120
f 2116 2133 2131
f 2119 2133 2116
f 2121 2149 2129
f 2148 2121 2129
f 2150 2151 2132
f 2131 2150 2132
f 2152 2153 2154
f 2128 2152 2154
f 2155 2156 2157
f 2155 2157 2146
f 2117 2128 2154
f 2118 2117 2154
f 2158 2118 2154
f 2146 2135 2155
f 2134 2159 2155
f 2135 2134 2155
f 2160 2161 1826
f 2160 1826 2162
f 2119 2118 2163
f 2119 2163 2164
f 2165 2162 2119
f 2164 2163 2166
f 2167 2164 2166
f 2167 2166 2168
f 2169 2167 2168
f 2169 2168 2170
f 2171 2169 2170
f 2167 2169 2171
f 2167 2171 2164
f 2161 2170 1828
f 2170 2168 1828
f 1828 2168 2166
f 1828 2166 2163
f 1826 2172 2173
f 2162 1826 2173
f 2174 2134 2133
f 2175 2174 2133
f 2175 2133 2176
f 2175 2176 2177
f 2178 2174 2175
f 2178 2175 2179
f 2180 2178 2179
f 2180 2179 2181
f 2182 2180 2181
f 2182 2181 2177
f 2177 2181 2179
f 2175 2177 2179
f 453 2182 2172
f 2180 2182 453
f 2180 453 2178
f 2178 453 2174
f 2164 2171 2165
f 2164 2165 2119
f 2173 2133 2162
f 2162 2133 2119
f 2170 2161 2165
f 2170 2165 2171
f 2172 2182 2177
f 2172 2177 2173
f 2183 45 2184
f 2183 2184 1828
f 2183 1828 2163
f 2183 2163 2118
f 2183 2118 2158
f 452 2174 453
f 452 2159 2134
f 452 2134 2174
f 2159 452 451
f 2159 451 21
f 2185 2186 2187
f 2188 2185 2187
f 2186 2189 2190
f 2187 2186 2190
f 2189 2191 2192
f 2190 2189 2192
f 2191 2193 2194
f 2192 2191 2194
f 2193 2195 2196
f 2194 2193 2196
f 2195 2197 2198
f 2196 2195 2198
f 2197 2199 2200
f 2198 2197 2200
f 2199 2201 2202
f 2200 2199 2202
f 2203 2204 2205
f 2203 2205 2206
f 2207 2208 2204
f 2207 2204 2203
f 2209 2210 2208
f 2209 2208 2207
f 2211 2212 2210
f 2211 2210 2209
f 2213 2214 2212
f 2213 2212 2211
f 2215 2216 2214
f 2215 2214 2213
f 2217 2218 2216
f 2217 2216 2215
f 2219 2220 2218
f 2219 2218 2217
f 1768 2221 2222
f 1769 1768 2222
f 2221 2223 2224
f 2222 2221 2224
f 2223 2225 2226
f 2224 2223 2226
f 2225 2227 2228
f 2226 2225 2228
f 2227 2229 2230
f 2228 2227 2230
f 2229 2231 2232
f 2230 2229 2232
f 2231 2233 2234
f 2232 2231 2234
f 2233 1751 1754
f 2234 2233 1754
f 2235 2236 2186
f 2235 2186 2185
f 2236 2237 2189
f 2236 2189 2186
f 2237 2059 2191
f 2237 2191 2189
f 2059 2238 2193
f 2059 2193 2191
f 2238 2042 2195
f 2238 2195 2193
f 2042 2239 2197
f 2042 2197 2195
f 2239 2240 2199
f 2239 2199 2197
f 2240 2241 2201
f 2240 2201 2199
f 2204 2242 2243
f 2205 2204 2243
f 2208 2244 2242
f 2204 2208 2242
f 2210 2132 2244
f 2208 2210 2244
f 2212 2245 2132
f 2210 2212 2132
f 2214 2114 2245
f 2212 2214 2245
f 2216 2246 2114
f 2214 2216 2114
f 2218 2247 2246
f 2216 2218 2246
f 2220 2248 2247
f 2218 2220 2247
f 2188 2187 2221
f 2188 2221 1768
f 2187 2190 2223
f 2187 2223 2221
f 2190 2192 2225
f 2190 2225 2223
f 2192 2194 2227
f 2192 2227 2225
f 2194 2196 2229
f 2194 2229 2227
f 2196 2198 2231
f 2196 2231 2229
f 2198 2200 2233
f 2198 2233 2231
f 2200 2202 1751
f 2200 1751 2233
f 2222 2203 2206
f 1769 2222 2206
f 2224 2207 2203
f 2222 2224 2203
f 2226 2209 2207
f 2224 2226 2207
f 2228 2211 2209
f 2226 2228 2209
f 2230 2213 2211
f 2228 2230 2211
f 2232 2215 2213
f 2230 2232 2213
f 2234 2217 2215
f 2232 2234 2215
f 1754 2219 2217
f 2234 1754 2217
f 2249 2250 310
f 2249 310 2251
f 2252 2253 2254
f 2252 2254 2255
f 2256 2251 2252
f 2255 2254 2257
f 2258 2255 2257
f 2258 2257 2259
f 2260 2258 2259
f 2260 2259 2261
f 2262 2260 2261
f 2258 2260 2262
f 2258 2262 2255
f 2250 2261 314
f 2261 2259 314
f 314 2259 2257
f 314 2257 2254
f 310 2263 2264
f 2251 310 2264
f 2265 2266 2267
f 2268 2265 2267
f 2268 2267 2269
f 2268 2269 2270
f 2271 2265 2268
f 2271 2268 2272
f 2273 2271 2272
f 2273 2272 2274
f 2275 2273 2274
f 2275 2274 2270
f 2270 2274 2272
f 2268 2270 2272
f 306 2275 2263
f 2273 2275 306
f 2273 306 2271
f 2271 306 2265
f 2255 2262 2256
f 2255 2256 2252
f 2264 2267 2251
f 2251 2267 2252
f 2261 2250 2256
f 2261 2256 2262
f 2263 2275 2270
f 2263 2270 2264
f 2276 48 2277
f 2276 2277 314
f 2276 314 2254
f 2276 2254 2253
f 2276 2253 2278
f 626 2265 306
f 626 2279 2266
f 626 2266 2265
f 2279 626 333
f 2279 333 20
f 2280 2281 2282
f 2283 2280 2282
f 2284 2253 2252
f 2285 2284 2252
f 2252 2283 2286
f 2287 2284 2285
f 2287 2285 2288
f 2289 2287 2288
f 2289 2288 2290
f 2291 2289 2290
f 2291 2290 2292
f 2292 2290 2288
f 2285 2292 2288
f 2293 2294 2281
f 2293 2289 2295
f 2287 2289 2293
f 2284 2287 2293
f 2296 2297 2280
f 2296 2280 2283
f 2267 2266 2298
f 2267 2298 2299
f 2300 2267 2299
f 2301 2300 2299
f 2299 2298 2302
f 2303 2299 2302
f 2303 2302 2304
f 2305 2303 2304
f 2305 2304 2306
f 2307 2305 2306
f 2303 2305 2307
f 2303 2307 2299
f 2297 2308 2309
f 2309 2310 2304
f 2302 2309 2304
f 2298 2309 2302
f 2286 2311 2285
f 2252 2286 2285
f 2283 2267 2296
f 2252 2267 2283
f 2286 2312 2294
f 2311 2286 2294
f 2313 2314 2297
f 2296 2313 2297
f 2315 2316 2317
f 2293 2315 2317
f 2318 2319 2320
f 2318 2320 2309
f 2284 2293 2317
f 2253 2284 2317
f 2278 2253 2317
f 2309 2298 2318
f 2266 2279 2318
f 2298 2266 2318
f 288 2321 2322
f 2323 288 2322
f 2324 2325 2326
f 2327 2324 2326
f 2326 2323 2328
f 2329 2324 2327
f 2329 2327 2330
f 2331 2329 2330
f 2331 2330 2332
f 2333 2331 2332
f 2333 2332 2334
f 2334 2332 2330
f 2327 2334 2330
f 286 2333 2321
f 286 2331 2333
f 2329 2331 286
f 2324 2329 286
f 2335 2336 288
f 2335 288 2323
f 2337 2338 2339
f 2337 2339 2340
f 2341 2337 2340
f 2342 2341 2340
f 2340 2339 2343
f 2344 2340 2343
f 2344 2343 2345
f 2346 2344 2345
f 2346 2345 2347
f 2342 2346 2347
f 2344 2346 2342
f 2344 2342 2340
f 2336 2347 277
f 277 2347 2345
f 2343 277 2345
f 2339 277 2343
f 2328 2334 2327
f 2326 2328 2327
f 2323 2337 2335
f 2326 2337 2323
f 2328 2321 2333
f 2334 2328 2333
f 2342 2347 2336
f 2335 2342 2336
f 2348 47 2349
f 286 2348 2349
f 286 2349 2324
f 2325 2324 2349
f 2325 2349 2350
f 2339 689 277
f 2338 2351 689
f 2338 689 2339
f 2351 19 278
f 2351 278 689
f 2352 2353 2354
f 2352 2354 2355
f 2326 2325 2356
f 2326 2356 2357
f 2358 2355 2326
f 2357 2356 2359
f 2360 2357 2359
f 2360 2359 2361
f 2362 2360 2361
f 2362 2361 2363
f 2364 2362 2363
f 2360 2362 2364
f 2360 2364 2357
f 2353 2365 2366
f 2367 2361 2366
f 2366 2361 2359
f 2366 2359 2356
f 2354 2368 2369
f 2355 2354 2369
f 2370 2338 2337
f 2371 2370 2337
f 2371 2337 2372
f 2371 2372 2373
f 2374 2370 2371
f 2374 2371 2375
f 2376 2374 2375
f 2376 2375 2377
f 2378 2376 2377
f 2378 2377 2379
f 2379 2377 2375
f 2371 2379 2375
f 2380 2381 2368
f 2376 2382 2380
f 2376 2380 2374
f 2374 2380 2370
f 2357 2383 2358
f 2357 2358 2326
f 2369 2337 2355
f 2355 2337 2326
f 2365 2384 2358
f 2365 2358 2383
f 2368 2385 2386
f 2368 2386 2369
f 2387 2388 2389
f 2387 2389 2366
f 2390 2391 2392
f 2380 2390 2392
f 2387 2366 2356
f 2387 2356 2325
f 2387 2325 2350
f 2392 2370 2380
f 2392 2351 2338
f 2392 2338 2370
f 2393 2394 2395
f 2393 2395 2396
f 2394 2397 2398
f 2394 2398 2395
f 2397 2281 2399
f 2397 2399 2398
f 2281 2400 2401
f 2281 2401 2399
f 2400 2297 2402
f 2400 2402 2401
f 2297 2403 2404
f 2297 2404 2402
f 2403 2405 2406
f 2403 2406 2404
f 2405 2407 2408
f 2405 2408 2406
f 2409 2410 2411
f 2412 2409 2411
f 2413 2414 2410
f 2409 2413 2410
f 2415 2353 2414
f 2413 2415 2414
f 2416 2417 2353
f 2415 2416 2353
f 2418 2368 2417
f 2416 2418 2417
f 2419 2420 2368
f 2418 2419 2368
f 2421 2422 2420
f 2419 2421 2420
f 2423 2424 2422
f 2421 2423 2422
f 2425 2426 2427
f 2425 2427 1752
f 2426 2428 2429
f 2426 2429 2427
f 2428 2430 2431
f 2428 2431 2429
f 2430 2432 2433
f 2430 2433 2431
f 2432 2434 2435
f 2432 2435 2433
f 2434 2436 2437
f 2434 2437 2435
f 2436 2438 2439
f 2436 2439 2437
f 2438 2440 1767
f 2438 1767 2439
f 2441 2442 2443
f 1753 2441 2443
f 2444 2445 2442
f 2441 2444 2442
f 2446 2447 2445
f 2444 2446 2445
f 2448 2449 2447
f 2446 2448 2447
f 2450 2451 2449
f 2448 2450 2449
f 2452 2453 2451
f 2450 2452 2451
f 2454 2455 2453
f 2452 2454 2453
f 1770 2456 2455
f 2454 1770 2455
f 2396 2395 2426
f 2425 2396 2426
f 2395 2398 2428
f 2426 2395 2428
f 2398 2399 2430
f 2428 2398 2430
f 2399 2401 2432
f 2430 2399 2432
f 2401 2402 2434
f 2432 2401 2434
f 2402 2404 2436
f 2434 2402 2436
f 2404 2406 2438
f 2436 2404 2438
f 2406 2408 2440
f 2438 2406 2440
f 2442 2409 2412
f 2442 2412 2443
f 2445 2413 2409
f 2445 2409 2442
f 2447 2415 2413
f 2447 2413 2445
f 2449 2416 2415
f 2449 2415 2447
f 2451 2418 2416
f 2451 2416 2449
f 2453 2419 2418
f 2453 2418 2451
f 2455 2421 2419
f 2455 2419 2453
f 2456 2423 2421
f 2456 2421 2455
f 1752 2427 2441
f 1753 1752 2441
f 2427 2429 2444
f 2441 2427 2444
f 2429 2431 2446
f 2444 2429 2446
f 2431 2433 2448
f 2446 2431 2448
f 2433 2435 2450
f 2448 2433 2450
f 2435 2437 2452
f 2450 2435 2452
f 2437 2439 2454
f 2452 2437 2454
f 2439 1767 1770
f 2454 2439 1770
