# Botball Lab: metres, +Y up, centred XZ, base Y=0
s off
v 0.0036000 0.0080000 0.0400000
v 0.0033260 0.0080000 0.0413777
v 0.0033260 0.0000000 0.0413777
v 0.0036000 0.0000000 0.0400000
v 0.0025456 0.0080000 0.0425456
v 0.0025456 0.0000000 0.0425456
v 0.0013777 0.0080000 0.0433260
v 0.0013777 0.0000000 0.0433260
v 0.0000000 0.0080000 0.0436000
v 0.0000000 0.0000000 0.0436000
v -0.0013777 0.0080000 0.0433260
v -0.0013777 0.0000000 0.0433260
v -0.0025456 0.0080000 0.0425456
v -0.0025456 0.0000000 0.0425456
v -0.0033260 0.0080000 0.0413777
v -0.0033260 0.0000000 0.0413777
v -0.0036000 0.0080000 0.0400000
v -0.0036000 0.0000000 0.0400000
v 0.0036000 0.0080000 -0.0400000
v 0.0036000 0.0000000 -0.0400000
v -0.0036000 0.0080000 -0.0400000
v -0.0036000 0.0000000 -0.0400000
v -0.0033260 0.0080000 -0.0413777
v -0.0033260 0.0000000 -0.0413777
v -0.0025456 0.0080000 -0.0425456
v -0.0025456 0.0000000 -0.0425456
v -0.0013777 0.0080000 -0.0433260
v -0.0013777 0.0000000 -0.0433260
v 0.0000000 0.0080000 -0.0436000
v 0.0000000 0.0000000 -0.0436000
v 0.0013777 0.0080000 -0.0433260
v 0.0013777 0.0000000 -0.0433260
v 0.0025456 0.0080000 -0.0425456
v 0.0025456 0.0000000 -0.0425456
v 0.0033260 0.0080000 -0.0413777
v 0.0033260 0.0000000 -0.0413777
v 0.0022174 0.0072000 -0.0409185
v 0.0022174 0.0008000 -0.0409185
v 0.0024000 0.0008000 -0.0400000
v 0.0024000 0.0072000 -0.0400000
v 0.0016970 0.0072000 -0.0416970
v 0.0016970 0.0008000 -0.0416970
v 0.0009185 0.0072000 -0.0422174
v 0.0009185 0.0008000 -0.0422174
v 0.0000000 0.0072000 -0.0424000
v 0.0000000 0.0008000 -0.0424000
v -0.0009185 0.0072000 -0.0422174
v -0.0009185 0.0008000 -0.0422174
v -0.0016970 0.0072000 -0.0416970
v -0.0016970 0.0008000 -0.0416970
v -0.0022174 0.0072000 -0.0409185
v -0.0022174 0.0008000 -0.0409185
v -0.0024000 0.0072000 -0.0400000
v -0.0024000 0.0008000 -0.0400000
v -0.0022174 0.0072000 -0.0390815
v -0.0022174 0.0008000 -0.0390815
v -0.0016970 0.0072000 -0.0383030
v -0.0016970 0.0008000 -0.0383030
v -0.0009185 0.0072000 -0.0377826
v -0.0009185 0.0008000 -0.0377826
v 0.0000000 0.0072000 -0.0376000
v 0.0000000 0.0008000 -0.0376000
v 0.0009185 0.0072000 -0.0377826
v 0.0009185 0.0008000 -0.0377826
v 0.0016970 0.0072000 -0.0383030
v 0.0016970 0.0008000 -0.0383030
v 0.0022174 0.0072000 -0.0390815
v 0.0022174 0.0008000 -0.0390815
v 0.0029565 0.0080000 -0.0412246
v 0.0032000 0.0080000 -0.0400000
v 0.0022627 0.0080000 -0.0422627
v 0.0012246 0.0080000 -0.0429565
v 0.0000000 0.0080000 -0.0432000
v -0.0012246 0.0080000 -0.0429565
v -0.0022627 0.0080000 -0.0422627
v -0.0029565 0.0080000 -0.0412246
v -0.0032000 0.0080000 -0.0400000
v -0.0033260 0.0080000 -0.0386223
v -0.0029565 0.0080000 -0.0387754
v -0.0025456 0.0080000 -0.0374544
v -0.0022627 0.0080000 -0.0377373
v -0.0013777 0.0080000 -0.0366740
v -0.0012246 0.0080000 -0.0370435
v 0.0000000 0.0080000 -0.0364000
v 0.0000000 0.0080000 -0.0368000
v 0.0013777 0.0080000 -0.0366740
v 0.0012246 0.0080000 -0.0370435
v 0.0025456 0.0080000 -0.0374544
v 0.0022627 0.0080000 -0.0377373
v 0.0033260 0.0080000 -0.0386223
v 0.0029565 0.0080000 -0.0387754
v -0.0029565 0.0000000 -0.0412246
v -0.0032000 0.0000000 -0.0400000
v -0.0022627 0.0000000 -0.0422627
v -0.0012246 0.0000000 -0.0429565
v 0.0000000 0.0000000 -0.0432000
v 0.0012246 0.0000000 -0.0429565
v 0.0022627 0.0000000 -0.0422627
v 0.0029565 0.0000000 -0.0412246
v 0.0032000 0.0000000 -0.0400000
v 0.0033260 0.0000000 -0.0386223
v 0.0029565 0.0000000 -0.0387754
v 0.0025456 0.0000000 -0.0374544
v 0.0022627 0.0000000 -0.0377373
v 0.0013777 0.0000000 -0.0366740
v 0.0012246 0.0000000 -0.0370435
v 0.0000000 0.0000000 -0.0364000
v 0.0000000 0.0000000 -0.0368000
v -0.0013777 0.0000000 -0.0366740
v -0.0012246 0.0000000 -0.0370435
v -0.0025456 0.0000000 -0.0374544
v -0.0022627 0.0000000 -0.0377373
v -0.0033260 0.0000000 -0.0386223
v -0.0029565 0.0000000 -0.0387754
v -0.0012246 0.0072000 -0.0429565
v 0.0000000 0.0072000 -0.0432000
v -0.0022627 0.0072000 -0.0422627
v -0.0029565 0.0072000 -0.0412246
v -0.0032000 0.0072000 -0.0400000
v -0.0029565 0.0072000 -0.0387754
v -0.0022627 0.0072000 -0.0377373
v -0.0012246 0.0072000 -0.0370435
v 0.0000000 0.0072000 -0.0368000
v 0.0012246 0.0072000 -0.0370435
v 0.0022627 0.0072000 -0.0377373
v 0.0029565 0.0072000 -0.0387754
v 0.0032000 0.0072000 -0.0400000
v 0.0029565 0.0072000 -0.0412246
v 0.0022627 0.0072000 -0.0422627
v 0.0012246 0.0072000 -0.0429565
v -0.0012246 0.0008000 -0.0429565
v 0.0000000 0.0008000 -0.0432000
v -0.0022627 0.0008000 -0.0422627
v -0.0029565 0.0008000 -0.0412246
v -0.0032000 0.0008000 -0.0400000
v -0.0029565 0.0008000 -0.0387754
v -0.0022627 0.0008000 -0.0377373
v -0.0012246 0.0008000 -0.0370435
v 0.0000000 0.0008000 -0.0368000
v 0.0012246 0.0008000 -0.0370435
v 0.0022627 0.0008000 -0.0377373
v 0.0029565 0.0008000 -0.0387754
v 0.0032000 0.0008000 -0.0400000
v 0.0029565 0.0008000 -0.0412246
v 0.0022627 0.0008000 -0.0422627
v 0.0012246 0.0008000 -0.0429565
v 0.0029565 0.0000000 -0.0332246
v 0.0033260 0.0000000 -0.0333777
v 0.0036000 0.0000000 -0.0320000
v 0.0032000 0.0000000 -0.0320000
v 0.0022627 0.0000000 -0.0342627
v 0.0025456 0.0000000 -0.0345456
v 0.0012246 0.0000000 -0.0349565
v 0.0013777 0.0000000 -0.0353260
v 0.0000000 0.0000000 -0.0352000
v 0.0000000 0.0000000 -0.0356000
v -0.0012246 0.0000000 -0.0349565
v -0.0013777 0.0000000 -0.0353260
v -0.0022627 0.0000000 -0.0342627
v -0.0025456 0.0000000 -0.0345456
v -0.0029565 0.0000000 -0.0332246
v -0.0033260 0.0000000 -0.0333777
v -0.0032000 0.0000000 -0.0320000
v -0.0036000 0.0000000 -0.0320000
v -0.0029565 0.0000000 -0.0307754
v -0.0033260 0.0000000 -0.0306223
v -0.0022627 0.0000000 -0.0297373
v -0.0025456 0.0000000 -0.0294544
v -0.0012246 0.0000000 -0.0290435
v -0.0013777 0.0000000 -0.0286740
v 0.0000000 0.0000000 -0.0288000
v 0.0000000 0.0000000 -0.0284000
v 0.0012246 0.0000000 -0.0290435
v 0.0013777 0.0000000 -0.0286740
v 0.0022627 0.0000000 -0.0297373
v 0.0025456 0.0000000 -0.0294544
v 0.0029565 0.0000000 -0.0307754
v 0.0033260 0.0000000 -0.0306223
v 0.0013777 0.0032000 -0.0366740
v 0.0000000 0.0032000 -0.0364000
v 0.0025456 0.0000000 -0.0366128
v 0.0025456 0.0000000 -0.0360000
v 0.0025456 0.0032000 -0.0360000
v 0.0025456 0.0032000 -0.0366128
v 0.0024818 0.0000000 -0.0368531
v 0.0024818 0.0032000 -0.0368531
v 0.0022721 0.0000000 -0.0369920
v 0.0022721 0.0032000 -0.0369920
v 0.0020393 0.0000000 -0.0369481
v 0.0020393 0.0032000 -0.0369481
v 0.0013777 0.0000000 -0.0366739
v -0.0013777 0.0032000 -0.0366740
v -0.0025456 0.0032000 -0.0360000
v -0.0025456 0.0000000 -0.0360000
v -0.0025456 0.0000000 -0.0366128
v -0.0025456 0.0032000 -0.0366128
v -0.0020393 0.0032000 -0.0369481
v -0.0024818 0.0000000 -0.0368531
v -0.0024818 0.0032000 -0.0368531
v -0.0022721 0.0000000 -0.0369920
v -0.0022721 0.0032000 -0.0369920
v -0.0020393 0.0000000 -0.0369481
v -0.0013777 0.0000000 -0.0366739
v 0.0036000 0.0000000 -0.0364000
v -0.0036000 0.0000000 -0.0364000
v 0.0036000 0.0000000 -0.0360000
v -0.0036000 0.0000000 -0.0360000
v 0.0013777 0.0032000 -0.0353260
v 0.0000000 0.0032000 -0.0356000
v 0.0025456 0.0000000 -0.0353872
v 0.0025456 0.0032000 -0.0353872
v 0.0024818 0.0000000 -0.0351469
v 0.0024818 0.0032000 -0.0351469
v 0.0022721 0.0000000 -0.0350080
v 0.0022721 0.0032000 -0.0350080
v 0.0020393 0.0000000 -0.0350519
v 0.0020393 0.0032000 -0.0350519
v 0.0013777 0.0000000 -0.0353261
v -0.0013777 0.0032000 -0.0353260
v -0.0025456 0.0000000 -0.0353872
v -0.0025456 0.0032000 -0.0353872
v -0.0020393 0.0032000 -0.0350519
v -0.0024818 0.0000000 -0.0351469
v -0.0024818 0.0032000 -0.0351469
v -0.0022721 0.0000000 -0.0350080
v -0.0022721 0.0032000 -0.0350080
v -0.0020393 0.0000000 -0.0350519
v -0.0013777 0.0000000 -0.0353261
v 0.0036000 0.0000000 -0.0356000
v -0.0036000 0.0000000 -0.0356000
v 0.0000000 0.0008000 -0.0344000
v -0.0009185 0.0008000 -0.0342174
v -0.0012246 0.0008000 -0.0349565
v 0.0000000 0.0008000 -0.0352000
v -0.0016970 0.0008000 -0.0336970
v -0.0022627 0.0008000 -0.0342627
v -0.0022174 0.0008000 -0.0329185
v -0.0029565 0.0008000 -0.0332246
v -0.0024000 0.0008000 -0.0320000
v -0.0032000 0.0008000 -0.0320000
v -0.0022174 0.0008000 -0.0310815
v -0.0029565 0.0008000 -0.0307754
v -0.0016970 0.0008000 -0.0303030
v -0.0022627 0.0008000 -0.0297373
v -0.0009185 0.0008000 -0.0297826
v -0.0012246 0.0008000 -0.0290435
v 0.0000000 0.0008000 -0.0296000
v 0.0000000 0.0008000 -0.0288000
v 0.0009185 0.0008000 -0.0297826
v 0.0012246 0.0008000 -0.0290435
v 0.0016970 0.0008000 -0.0303030
v 0.0022627 0.0008000 -0.0297373
v 0.0022174 0.0008000 -0.0310815
v 0.0029565 0.0008000 -0.0307754
v 0.0024000 0.0008000 -0.0320000
v 0.0032000 0.0008000 -0.0320000
v 0.0022174 0.0008000 -0.0329185
v 0.0029565 0.0008000 -0.0332246
v 0.0016970 0.0008000 -0.0336970
v 0.0022627 0.0008000 -0.0342627
v 0.0009185 0.0008000 -0.0342174
v 0.0012246 0.0008000 -0.0349565
v 0.0024000 0.0072000 -0.0320000
v 0.0022174 0.0072000 -0.0329185
v 0.0016970 0.0072000 -0.0336970
v 0.0009185 0.0072000 -0.0342174
v 0.0000000 0.0072000 -0.0344000
v -0.0009185 0.0072000 -0.0342174
v -0.0016970 0.0072000 -0.0336970
v -0.0022174 0.0072000 -0.0329185
v -0.0024000 0.0072000 -0.0320000
v -0.0022174 0.0072000 -0.0310815
v -0.0016970 0.0072000 -0.0303030
v -0.0009185 0.0072000 -0.0297826
v 0.0000000 0.0072000 -0.0296000
v 0.0009185 0.0072000 -0.0297826
v 0.0016970 0.0072000 -0.0303030
v 0.0022174 0.0072000 -0.0310815
v -0.0012246 0.0072000 -0.0349565
v 0.0000000 0.0072000 -0.0352000
v -0.0022627 0.0072000 -0.0342627
v -0.0029565 0.0072000 -0.0332246
v -0.0032000 0.0072000 -0.0320000
v -0.0029565 0.0072000 -0.0307754
v -0.0022627 0.0072000 -0.0297373
v -0.0012246 0.0072000 -0.0290435
v 0.0000000 0.0072000 -0.0288000
v 0.0012246 0.0072000 -0.0290435
v 0.0022627 0.0072000 -0.0297373
v 0.0029565 0.0072000 -0.0307754
v 0.0032000 0.0072000 -0.0320000
v 0.0029565 0.0072000 -0.0332246
v 0.0022627 0.0072000 -0.0342627
v 0.0012246 0.0072000 -0.0349565
v 0.0029565 0.0080000 -0.0332246
v 0.0032000 0.0080000 -0.0320000
v 0.0022627 0.0080000 -0.0342627
v 0.0012246 0.0080000 -0.0349565
v 0.0000000 0.0080000 -0.0352000
v -0.0012246 0.0080000 -0.0349565
v -0.0022627 0.0080000 -0.0342627
v -0.0029565 0.0080000 -0.0332246
v -0.0032000 0.0080000 -0.0320000
v -0.0029565 0.0080000 -0.0307754
v -0.0022627 0.0080000 -0.0297373
v -0.0012246 0.0080000 -0.0290435
v 0.0000000 0.0080000 -0.0288000
v 0.0012246 0.0080000 -0.0290435
v 0.0022627 0.0080000 -0.0297373
v 0.0029565 0.0080000 -0.0307754
v 0.0013777 0.0048000 -0.0366740
v 0.0000000 0.0048000 -0.0364000
v 0.0025456 0.0048000 -0.0360000
v 0.0025456 0.0080000 -0.0360000
v 0.0025456 0.0080000 -0.0366128
v 0.0025456 0.0048000 -0.0366128
v 0.0024818 0.0080000 -0.0368531
v 0.0024818 0.0048000 -0.0368531
v 0.0022721 0.0080000 -0.0369920
v 0.0022721 0.0048000 -0.0369920
v 0.0020393 0.0080000 -0.0369481
v 0.0020393 0.0048000 -0.0369481
v 0.0013777 0.0080000 -0.0366739
v -0.0013777 0.0048000 -0.0366740
v -0.0025456 0.0080000 -0.0366128
v -0.0025456 0.0080000 -0.0360000
v -0.0025456 0.0048000 -0.0360000
v -0.0025456 0.0048000 -0.0366128
v -0.0020393 0.0048000 -0.0369481
v -0.0024818 0.0080000 -0.0368531
v -0.0024818 0.0048000 -0.0368531
v -0.0022721 0.0080000 -0.0369920
v -0.0022721 0.0048000 -0.0369920
v -0.0020393 0.0080000 -0.0369481
v -0.0013777 0.0080000 -0.0366739
v 0.0036000 0.0080000 -0.0364000
v -0.0036000 0.0080000 -0.0364000
v 0.0036000 0.0080000 -0.0360000
v -0.0036000 0.0080000 -0.0360000
v 0.0000000 0.0080000 -0.0356000
v 0.0013777 0.0080000 -0.0353260
v 0.0013777 0.0048000 -0.0353260
v 0.0000000 0.0048000 -0.0356000
v 0.0025456 0.0080000 -0.0353872
v 0.0025456 0.0048000 -0.0353872
v 0.0024818 0.0080000 -0.0351469
v 0.0024818 0.0048000 -0.0351469
v 0.0022721 0.0080000 -0.0350080
v 0.0022721 0.0048000 -0.0350080
v 0.0020393 0.0080000 -0.0350519
v 0.0020393 0.0048000 -0.0350519
v 0.0025456 0.0080000 -0.0345456
v 0.0013777 0.0080000 -0.0353261
v -0.0013777 0.0048000 -0.0353260
v -0.0013777 0.0080000 -0.0353260
v -0.0025456 0.0080000 -0.0353872
v -0.0025456 0.0048000 -0.0353872
v -0.0020393 0.0048000 -0.0350519
v -0.0024818 0.0080000 -0.0351469
v -0.0024818 0.0048000 -0.0351469
v -0.0022721 0.0080000 -0.0350080
v -0.0022721 0.0048000 -0.0350080
v -0.0020393 0.0080000 -0.0350519
v -0.0013777 0.0080000 -0.0353261
v -0.0025456 0.0080000 -0.0345456
v 0.0033260 0.0080000 -0.0333777
v 0.0036000 0.0080000 -0.0320000
v 0.0036000 0.0080000 -0.0356000
v -0.0036000 0.0080000 -0.0356000
v -0.0036000 0.0080000 -0.0320000
v -0.0033260 0.0080000 -0.0333777
v -0.0033260 0.0080000 -0.0306223
v -0.0025456 0.0080000 -0.0294544
v -0.0013777 0.0080000 -0.0286740
v 0.0000000 0.0080000 -0.0284000
v 0.0013777 0.0080000 -0.0286740
v 0.0025456 0.0080000 -0.0294544
v 0.0033260 0.0080000 -0.0306223
v 0.0029565 0.0000000 -0.0252246
v 0.0033260 0.0000000 -0.0253777
v 0.0036000 0.0000000 -0.0240000
v 0.0032000 0.0000000 -0.0240000
v 0.0022627 0.0000000 -0.0262627
v 0.0025456 0.0000000 -0.0265456
v 0.0012246 0.0000000 -0.0269565
v 0.0013777 0.0000000 -0.0273260
v 0.0000000 0.0000000 -0.0272000
v 0.0000000 0.0000000 -0.0276000
v -0.0012246 0.0000000 -0.0269565
v -0.0013777 0.0000000 -0.0273260
v -0.0022627 0.0000000 -0.0262627
v -0.0025456 0.0000000 -0.0265456
v -0.0029565 0.0000000 -0.0252246
v -0.0033260 0.0000000 -0.0253777
v -0.0032000 0.0000000 -0.0240000
v -0.0036000 0.0000000 -0.0240000
v -0.0029565 0.0000000 -0.0227754
v -0.0033260 0.0000000 -0.0226223
v -0.0022627 0.0000000 -0.0217373
v -0.0025456 0.0000000 -0.0214544
v -0.0012246 0.0000000 -0.0210435
v -0.0013777 0.0000000 -0.0206740
v 0.0000000 0.0000000 -0.0208000
v 0.0000000 0.0000000 -0.0204000
v 0.0012246 0.0000000 -0.0210435
v 0.0013777 0.0000000 -0.0206740
v 0.0022627 0.0000000 -0.0217373
v 0.0025456 0.0000000 -0.0214544
v 0.0029565 0.0000000 -0.0227754
v 0.0033260 0.0000000 -0.0226223
v 0.0013777 0.0032000 -0.0286740
v 0.0000000 0.0032000 -0.0284000
v 0.0025456 0.0000000 -0.0286128
v 0.0025456 0.0000000 -0.0280000
v 0.0025456 0.0032000 -0.0280000
v 0.0025456 0.0032000 -0.0286128
v 0.0024818 0.0000000 -0.0288531
v 0.0024818 0.0032000 -0.0288531
v 0.0022721 0.0000000 -0.0289920
v 0.0022721 0.0032000 -0.0289920
v 0.0020393 0.0000000 -0.0289481
v 0.0020393 0.0032000 -0.0289481
v 0.0013777 0.0000000 -0.0286739
v -0.0013777 0.0032000 -0.0286740
v -0.0025456 0.0032000 -0.0280000
v -0.0025456 0.0000000 -0.0280000
v -0.0025456 0.0000000 -0.0286128
v -0.0025456 0.0032000 -0.0286128
v -0.0020393 0.0032000 -0.0289481
v -0.0024818 0.0000000 -0.0288531
v -0.0024818 0.0032000 -0.0288531
v -0.0022721 0.0000000 -0.0289920
v -0.0022721 0.0032000 -0.0289920
v -0.0020393 0.0000000 -0.0289481
v -0.0013777 0.0000000 -0.0286739
v 0.0036000 0.0000000 -0.0284000
v -0.0036000 0.0000000 -0.0284000
v 0.0036000 0.0000000 -0.0280000
v -0.0036000 0.0000000 -0.0280000
v 0.0013777 0.0032000 -0.0273260
v 0.0000000 0.0032000 -0.0276000
v 0.0025456 0.0000000 -0.0273872
v 0.0025456 0.0032000 -0.0273872
v 0.0024818 0.0000000 -0.0271469
v 0.0024818 0.0032000 -0.0271469
v 0.0022721 0.0000000 -0.0270080
v 0.0022721 0.0032000 -0.0270080
v 0.0020393 0.0000000 -0.0270519
v 0.0020393 0.0032000 -0.0270519
v 0.0013777 0.0000000 -0.0273261
v -0.0013777 0.0032000 -0.0273260
v -0.0025456 0.0000000 -0.0273872
v -0.0025456 0.0032000 -0.0273872
v -0.0020393 0.0032000 -0.0270519
v -0.0024818 0.0000000 -0.0271469
v -0.0024818 0.0032000 -0.0271469
v -0.0022721 0.0000000 -0.0270080
v -0.0022721 0.0032000 -0.0270080
v -0.0020393 0.0000000 -0.0270519
v -0.0013777 0.0000000 -0.0273261
v 0.0036000 0.0000000 -0.0276000
v -0.0036000 0.0000000 -0.0276000
v 0.0000000 0.0008000 -0.0264000
v -0.0009185 0.0008000 -0.0262174
v -0.0012246 0.0008000 -0.0269565
v 0.0000000 0.0008000 -0.0272000
v -0.0016970 0.0008000 -0.0256970
v -0.0022627 0.0008000 -0.0262627
v -0.0022174 0.0008000 -0.0249185
v -0.0029565 0.0008000 -0.0252246
v -0.0024000 0.0008000 -0.0240000
v -0.0032000 0.0008000 -0.0240000
v -0.0022174 0.0008000 -0.0230815
v -0.0029565 0.0008000 -0.0227754
v -0.0016970 0.0008000 -0.0223030
v -0.0022627 0.0008000 -0.0217373
v -0.0009185 0.0008000 -0.0217826
v -0.0012246 0.0008000 -0.0210435
v 0.0000000 0.0008000 -0.0216000
v 0.0000000 0.0008000 -0.0208000
v 0.0009185 0.0008000 -0.0217826
v 0.0012246 0.0008000 -0.0210435
v 0.0016970 0.0008000 -0.0223030
v 0.0022627 0.0008000 -0.0217373
v 0.0022174 0.0008000 -0.0230815
v 0.0029565 0.0008000 -0.0227754
v 0.0024000 0.0008000 -0.0240000
v 0.0032000 0.0008000 -0.0240000
v 0.0022174 0.0008000 -0.0249185
v 0.0029565 0.0008000 -0.0252246
v 0.0016970 0.0008000 -0.0256970
v 0.0022627 0.0008000 -0.0262627
v 0.0009185 0.0008000 -0.0262174
v 0.0012246 0.0008000 -0.0269565
v 0.0024000 0.0072000 -0.0240000
v 0.0022174 0.0072000 -0.0249185
v 0.0016970 0.0072000 -0.0256970
v 0.0009185 0.0072000 -0.0262174
v 0.0000000 0.0072000 -0.0264000
v -0.0009185 0.0072000 -0.0262174
v -0.0016970 0.0072000 -0.0256970
v -0.0022174 0.0072000 -0.0249185
v -0.0024000 0.0072000 -0.0240000
v -0.0022174 0.0072000 -0.0230815
v -0.0016970 0.0072000 -0.0223030
v -0.0009185 0.0072000 -0.0217826
v 0.0000000 0.0072000 -0.0216000
v 0.0009185 0.0072000 -0.0217826
v 0.0016970 0.0072000 -0.0223030
v 0.0022174 0.0072000 -0.0230815
v -0.0012246 0.0072000 -0.0269565
v 0.0000000 0.0072000 -0.0272000
v -0.0022627 0.0072000 -0.0262627
v -0.0029565 0.0072000 -0.0252246
v -0.0032000 0.0072000 -0.0240000
v -0.0029565 0.0072000 -0.0227754
v -0.0022627 0.0072000 -0.0217373
v -0.0012246 0.0072000 -0.0210435
v 0.0000000 0.0072000 -0.0208000
v 0.0012246 0.0072000 -0.0210435
v 0.0022627 0.0072000 -0.0217373
v 0.0029565 0.0072000 -0.0227754
v 0.0032000 0.0072000 -0.0240000
v 0.0029565 0.0072000 -0.0252246
v 0.0022627 0.0072000 -0.0262627
v 0.0012246 0.0072000 -0.0269565
v 0.0029565 0.0080000 -0.0252246
v 0.0032000 0.0080000 -0.0240000
v 0.0022627 0.0080000 -0.0262627
v 0.0012246 0.0080000 -0.0269565
v 0.0000000 0.0080000 -0.0272000
v -0.0012246 0.0080000 -0.0269565
v -0.0022627 0.0080000 -0.0262627
v -0.0029565 0.0080000 -0.0252246
v -0.0032000 0.0080000 -0.0240000
v -0.0029565 0.0080000 -0.0227754
v -0.0022627 0.0080000 -0.0217373
v -0.0012246 0.0080000 -0.0210435
v 0.0000000 0.0080000 -0.0208000
v 0.0012246 0.0080000 -0.0210435
v 0.0022627 0.0080000 -0.0217373
v 0.0029565 0.0080000 -0.0227754
v 0.0013777 0.0048000 -0.0286740
v 0.0000000 0.0048000 -0.0284000
v 0.0025456 0.0048000 -0.0280000
v 0.0025456 0.0080000 -0.0280000
v 0.0025456 0.0080000 -0.0286128
v 0.0025456 0.0048000 -0.0286128
v 0.0024818 0.0080000 -0.0288531
v 0.0024818 0.0048000 -0.0288531
v 0.0022721 0.0080000 -0.0289920
v 0.0022721 0.0048000 -0.0289920
v 0.0020393 0.0080000 -0.0289481
v 0.0020393 0.0048000 -0.0289481
v 0.0013777 0.0080000 -0.0286739
v -0.0013777 0.0048000 -0.0286740
v -0.0025456 0.0080000 -0.0286128
v -0.0025456 0.0080000 -0.0280000
v -0.0025456 0.0048000 -0.0280000
v -0.0025456 0.0048000 -0.0286128
v -0.0020393 0.0048000 -0.0289481
v -0.0024818 0.0080000 -0.0288531
v -0.0024818 0.0048000 -0.0288531
v -0.0022721 0.0080000 -0.0289920
v -0.0022721 0.0048000 -0.0289920
v -0.0020393 0.0080000 -0.0289481
v -0.0013777 0.0080000 -0.0286739
v 0.0036000 0.0080000 -0.0284000
v -0.0036000 0.0080000 -0.0284000
v 0.0036000 0.0080000 -0.0280000
v -0.0036000 0.0080000 -0.0280000
v 0.0000000 0.0080000 -0.0276000
v 0.0013777 0.0080000 -0.0273260
v 0.0013777 0.0048000 -0.0273260
v 0.0000000 0.0048000 -0.0276000
v 0.0025456 0.0080000 -0.0273872
v 0.0025456 0.0048000 -0.0273872
v 0.0024818 0.0080000 -0.0271469
v 0.0024818 0.0048000 -0.0271469
v 0.0022721 0.0080000 -0.0270080
v 0.0022721 0.0048000 -0.0270080
v 0.0020393 0.0080000 -0.0270519
v 0.0020393 0.0048000 -0.0270519
v 0.0025456 0.0080000 -0.0265456
v 0.0013777 0.0080000 -0.0273261
v -0.0013777 0.0048000 -0.0273260
v -0.0013777 0.0080000 -0.0273260
v -0.0025456 0.0080000 -0.0273872
v -0.0025456 0.0048000 -0.0273872
v -0.0020393 0.0048000 -0.0270519
v -0.0024818 0.0080000 -0.0271469
v -0.0024818 0.0048000 -0.0271469
v -0.0022721 0.0080000 -0.0270080
v -0.0022721 0.0048000 -0.0270080
v -0.0020393 0.0080000 -0.0270519
v -0.0013777 0.0080000 -0.0273261
v -0.0025456 0.0080000 -0.0265456
v 0.0033260 0.0080000 -0.0253777
v 0.0036000 0.0080000 -0.0240000
v 0.0036000 0.0080000 -0.0276000
v -0.0036000 0.0080000 -0.0276000
v -0.0036000 0.0080000 -0.0240000
v -0.0033260 0.0080000 -0.0253777
v -0.0033260 0.0080000 -0.0226223
v -0.0025456 0.0080000 -0.0214544
v -0.0013777 0.0080000 -0.0206740
v 0.0000000 0.0080000 -0.0204000
v 0.0013777 0.0080000 -0.0206740
v 0.0025456 0.0080000 -0.0214544
v 0.0033260 0.0080000 -0.0226223
v 0.0029565 0.0000000 -0.0172246
v 0.0033260 0.0000000 -0.0173777
v 0.0036000 0.0000000 -0.0160000
v 0.0032000 0.0000000 -0.0160000
v 0.0022627 0.0000000 -0.0182627
v 0.0025456 0.0000000 -0.0185456
v 0.0012246 0.0000000 -0.0189565
v 0.0013777 0.0000000 -0.0193260
v 0.0000000 0.0000000 -0.0192000
v 0.0000000 0.0000000 -0.0196000
v -0.0012246 0.0000000 -0.0189565
v -0.0013777 0.0000000 -0.0193260
v -0.0022627 0.0000000 -0.0182627
v -0.0025456 0.0000000 -0.0185456
v -0.0029565 0.0000000 -0.0172246
v -0.0033260 0.0000000 -0.0173777
v -0.0032000 0.0000000 -0.0160000
v -0.0036000 0.0000000 -0.0160000
v -0.0029565 0.0000000 -0.0147754
v -0.0033260 0.0000000 -0.0146223
v -0.0022627 0.0000000 -0.0137373
v -0.0025456 0.0000000 -0.0134544
v -0.0012246 0.0000000 -0.0130435
v -0.0013777 0.0000000 -0.0126740
v 0.0000000 0.0000000 -0.0128000
v 0.0000000 0.0000000 -0.0124000
v 0.0012246 0.0000000 -0.0130435
v 0.0013777 0.0000000 -0.0126740
v 0.0022627 0.0000000 -0.0137373
v 0.0025456 0.0000000 -0.0134544
v 0.0029565 0.0000000 -0.0147754
v 0.0033260 0.0000000 -0.0146223
v 0.0013777 0.0032000 -0.0206740
v 0.0000000 0.0032000 -0.0204000
v 0.0025456 0.0000000 -0.0206128
v 0.0025456 0.0000000 -0.0200000
v 0.0025456 0.0032000 -0.0200000
v 0.0025456 0.0032000 -0.0206128
v 0.0024818 0.0000000 -0.0208531
v 0.0024818 0.0032000 -0.0208531
v 0.0022721 0.0000000 -0.0209920
v 0.0022721 0.0032000 -0.0209920
v 0.0020393 0.0000000 -0.0209481
v 0.0020393 0.0032000 -0.0209481
v 0.0013777 0.0000000 -0.0206739
v -0.0013777 0.0032000 -0.0206740
v -0.0025456 0.0032000 -0.0200000
v -0.0025456 0.0000000 -0.0200000
v -0.0025456 0.0000000 -0.0206128
v -0.0025456 0.0032000 -0.0206128
v -0.0020393 0.0032000 -0.0209481
v -0.0024818 0.0000000 -0.0208531
v -0.0024818 0.0032000 -0.0208531
v -0.0022721 0.0000000 -0.0209920
v -0.0022721 0.0032000 -0.0209920
v -0.0020393 0.0000000 -0.0209481
v -0.0013777 0.0000000 -0.0206739
v 0.0036000 0.0000000 -0.0204000
v -0.0036000 0.0000000 -0.0204000
v 0.0036000 0.0000000 -0.0200000
v -0.0036000 0.0000000 -0.0200000
v 0.0013777 0.0032000 -0.0193260
v 0.0000000 0.0032000 -0.0196000
v 0.0025456 0.0000000 -0.0193872
v 0.0025456 0.0032000 -0.0193872
v 0.0024818 0.0000000 -0.0191469
v 0.0024818 0.0032000 -0.0191469
v 0.0022721 0.0000000 -0.0190080
v 0.0022721 0.0032000 -0.0190080
v 0.0020393 0.0000000 -0.0190519
v 0.0020393 0.0032000 -0.0190519
v 0.0013777 0.0000000 -0.0193261
v -0.0013777 0.0032000 -0.0193260
v -0.0025456 0.0000000 -0.0193872
v -0.0025456 0.0032000 -0.0193872
v -0.0020393 0.0032000 -0.0190519
v -0.0024818 0.0000000 -0.0191469
v -0.0024818 0.0032000 -0.0191469
v -0.0022721 0.0000000 -0.0190080
v -0.0022721 0.0032000 -0.0190080
v -0.0020393 0.0000000 -0.0190519
v -0.0013777 0.0000000 -0.0193261
v 0.0036000 0.0000000 -0.0196000
v -0.0036000 0.0000000 -0.0196000
v 0.0000000 0.0008000 -0.0184000
v -0.0009185 0.0008000 -0.0182174
v -0.0012246 0.0008000 -0.0189565
v 0.0000000 0.0008000 -0.0192000
v -0.0016970 0.0008000 -0.0176970
v -0.0022627 0.0008000 -0.0182627
v -0.0022174 0.0008000 -0.0169185
v -0.0029565 0.0008000 -0.0172246
v -0.0024000 0.0008000 -0.0160000
v -0.0032000 0.0008000 -0.0160000
v -0.0022174 0.0008000 -0.0150815
v -0.0029565 0.0008000 -0.0147754
v -0.0016970 0.0008000 -0.0143030
v -0.0022627 0.0008000 -0.0137373
v -0.0009185 0.0008000 -0.0137826
v -0.0012246 0.0008000 -0.0130435
v 0.0000000 0.0008000 -0.0136000
v 0.0000000 0.0008000 -0.0128000
v 0.0009185 0.0008000 -0.0137826
v 0.0012246 0.0008000 -0.0130435
v 0.0016970 0.0008000 -0.0143030
v 0.0022627 0.0008000 -0.0137373
v 0.0022174 0.0008000 -0.0150815
v 0.0029565 0.0008000 -0.0147754
v 0.0024000 0.0008000 -0.0160000
v 0.0032000 0.0008000 -0.0160000
v 0.0022174 0.0008000 -0.0169185
v 0.0029565 0.0008000 -0.0172246
v 0.0016970 0.0008000 -0.0176970
v 0.0022627 0.0008000 -0.0182627
v 0.0009185 0.0008000 -0.0182174
v 0.0012246 0.0008000 -0.0189565
v 0.0024000 0.0072000 -0.0160000
v 0.0022174 0.0072000 -0.0169185
v 0.0016970 0.0072000 -0.0176970
v 0.0009185 0.0072000 -0.0182174
v 0.0000000 0.0072000 -0.0184000
v -0.0009185 0.0072000 -0.0182174
v -0.0016970 0.0072000 -0.0176970
v -0.0022174 0.0072000 -0.0169185
v -0.0024000 0.0072000 -0.0160000
v -0.0022174 0.0072000 -0.0150815
v -0.0016970 0.0072000 -0.0143030
v -0.0009185 0.0072000 -0.0137826
v 0.0000000 0.0072000 -0.0136000
v 0.0009185 0.0072000 -0.0137826
v 0.0016970 0.0072000 -0.0143030
v 0.0022174 0.0072000 -0.0150815
v -0.0012246 0.0072000 -0.0189565
v 0.0000000 0.0072000 -0.0192000
v -0.0022627 0.0072000 -0.0182627
v -0.0029565 0.0072000 -0.0172246
v -0.0032000 0.0072000 -0.0160000
v -0.0029565 0.0072000 -0.0147754
v -0.0022627 0.0072000 -0.0137373
v -0.0012246 0.0072000 -0.0130435
v 0.0000000 0.0072000 -0.0128000
v 0.0012246 0.0072000 -0.0130435
v 0.0022627 0.0072000 -0.0137373
v 0.0029565 0.0072000 -0.0147754
v 0.0032000 0.0072000 -0.0160000
v 0.0029565 0.0072000 -0.0172246
v 0.0022627 0.0072000 -0.0182627
v 0.0012246 0.0072000 -0.0189565
v 0.0029565 0.0080000 -0.0172246
v 0.0032000 0.0080000 -0.0160000
v 0.0022627 0.0080000 -0.0182627
v 0.0012246 0.0080000 -0.0189565
v 0.0000000 0.0080000 -0.0192000
v -0.0012246 0.0080000 -0.0189565
v -0.0022627 0.0080000 -0.0182627
v -0.0029565 0.0080000 -0.0172246
v -0.0032000 0.0080000 -0.0160000
v -0.0029565 0.0080000 -0.0147754
v -0.0022627 0.0080000 -0.0137373
v -0.0012246 0.0080000 -0.0130435
v 0.0000000 0.0080000 -0.0128000
v 0.0012246 0.0080000 -0.0130435
v 0.0022627 0.0080000 -0.0137373
v 0.0029565 0.0080000 -0.0147754
v 0.0013777 0.0048000 -0.0206740
v 0.0000000 0.0048000 -0.0204000
v 0.0025456 0.0048000 -0.0200000
v 0.0025456 0.0080000 -0.0200000
v 0.0025456 0.0080000 -0.0206128
v 0.0025456 0.0048000 -0.0206128
v 0.0024818 0.0080000 -0.0208531
v 0.0024818 0.0048000 -0.0208531
v 0.0022721 0.0080000 -0.0209920
v 0.0022721 0.0048000 -0.0209920
v 0.0020393 0.0080000 -0.0209481
v 0.0020393 0.0048000 -0.0209481
v 0.0013777 0.0080000 -0.0206739
v -0.0013777 0.0048000 -0.0206740
v -0.0025456 0.0080000 -0.0206128
v -0.0025456 0.0080000 -0.0200000
v -0.0025456 0.0048000 -0.0200000
v -0.0025456 0.0048000 -0.0206128
v -0.0020393 0.0048000 -0.0209481
v -0.0024818 0.0080000 -0.0208531
v -0.0024818 0.0048000 -0.0208531
v -0.0022721 0.0080000 -0.0209920
v -0.0022721 0.0048000 -0.0209920
v -0.0020393 0.0080000 -0.0209481
v -0.0013777 0.0080000 -0.0206739
v 0.0036000 0.0080000 -0.0204000
v -0.0036000 0.0080000 -0.0204000
v 0.0036000 0.0080000 -0.0200000
v -0.0036000 0.0080000 -0.0200000
v 0.0000000 0.0080000 -0.0196000
v 0.0013777 0.0080000 -0.0193260
v 0.0013777 0.0048000 -0.0193260
v 0.0000000 0.0048000 -0.0196000
v 0.0025456 0.0080000 -0.0193872
v 0.0025456 0.0048000 -0.0193872
v 0.0024818 0.0080000 -0.0191469
v 0.0024818 0.0048000 -0.0191469
v 0.0022721 0.0080000 -0.0190080
v 0.0022721 0.0048000 -0.0190080
v 0.0020393 0.0080000 -0.0190519
v 0.0020393 0.0048000 -0.0190519
v 0.0025456 0.0080000 -0.0185456
v 0.0013777 0.0080000 -0.0193261
v -0.0013777 0.0048000 -0.0193260
v -0.0013777 0.0080000 -0.0193260
v -0.0025456 0.0080000 -0.0193872
v -0.0025456 0.0048000 -0.0193872
v -0.0020393 0.0048000 -0.0190519
v -0.0024818 0.0080000 -0.0191469
v -0.0024818 0.0048000 -0.0191469
v -0.0022721 0.0080000 -0.0190080
v -0.0022721 0.0048000 -0.0190080
v -0.0020393 0.0080000 -0.0190519
v -0.0013777 0.0080000 -0.0193261
v -0.0025456 0.0080000 -0.0185456
v 0.0033260 0.0080000 -0.0173777
v 0.0036000 0.0080000 -0.0160000
v 0.0036000 0.0080000 -0.0196000
v -0.0036000 0.0080000 -0.0196000
v -0.0036000 0.0080000 -0.0160000
v -0.0033260 0.0080000 -0.0173777
v -0.0033260 0.0080000 -0.0146223
v -0.0025456 0.0080000 -0.0134544
v -0.0013777 0.0080000 -0.0126740
v 0.0000000 0.0080000 -0.0124000
v 0.0013777 0.0080000 -0.0126740
v 0.0025456 0.0080000 -0.0134544
v 0.0033260 0.0080000 -0.0146223
v 0.0029565 0.0000000 -0.0092246
v 0.0033260 0.0000000 -0.0093777
v 0.0036000 0.0000000 -0.0080000
v 0.0032000 0.0000000 -0.0080000
v 0.0022627 0.0000000 -0.0102627
v 0.0025456 0.0000000 -0.0105456
v 0.0012246 0.0000000 -0.0109565
v 0.0013777 0.0000000 -0.0113260
v 0.0000000 0.0000000 -0.0112000
v 0.0000000 0.0000000 -0.0116000
v -0.0012246 0.0000000 -0.0109565
v -0.0013777 0.0000000 -0.0113260
v -0.0022627 0.0000000 -0.0102627
v -0.0025456 0.0000000 -0.0105456
v -0.0029565 0.0000000 -0.0092246
v -0.0033260 0.0000000 -0.0093777
v -0.0032000 0.0000000 -0.0080000
v -0.0036000 0.0000000 -0.0080000
v -0.0029565 0.0000000 -0.0067754
v -0.0033260 0.0000000 -0.0066223
v -0.0022627 0.0000000 -0.0057373
v -0.0025456 0.0000000 -0.0054544
v -0.0012246 0.0000000 -0.0050435
v -0.0013777 0.0000000 -0.0046740
v 0.0000000 0.0000000 -0.0048000
v 0.0000000 0.0000000 -0.0044000
v 0.0012246 0.0000000 -0.0050435
v 0.0013777 0.0000000 -0.0046740
v 0.0022627 0.0000000 -0.0057373
v 0.0025456 0.0000000 -0.0054544
v 0.0029565 0.0000000 -0.0067754
v 0.0033260 0.0000000 -0.0066223
v 0.0013777 0.0032000 -0.0126740
v 0.0000000 0.0032000 -0.0124000
v 0.0025456 0.0000000 -0.0126128
v 0.0025456 0.0000000 -0.0120000
v 0.0025456 0.0032000 -0.0120000
v 0.0025456 0.0032000 -0.0126128
v 0.0024818 0.0000000 -0.0128531
v 0.0024818 0.0032000 -0.0128531
v 0.0022721 0.0000000 -0.0129920
v 0.0022721 0.0032000 -0.0129920
v 0.0020393 0.0000000 -0.0129481
v 0.0020393 0.0032000 -0.0129481
v 0.0013777 0.0000000 -0.0126739
v -0.0013777 0.0032000 -0.0126740
v -0.0025456 0.0032000 -0.0120000
v -0.0025456 0.0000000 -0.0120000
v -0.0025456 0.0000000 -0.0126128
v -0.0025456 0.0032000 -0.0126128
v -0.0020393 0.0032000 -0.0129481
v -0.0024818 0.0000000 -0.0128531
v -0.0024818 0.0032000 -0.0128531
v -0.0022721 0.0000000 -0.0129920
v -0.0022721 0.0032000 -0.0129920
v -0.0020393 0.0000000 -0.0129481
v -0.0013777 0.0000000 -0.0126739
v 0.0036000 0.0000000 -0.0124000
v -0.0036000 0.0000000 -0.0124000
v 0.0036000 0.0000000 -0.0120000
v -0.0036000 0.0000000 -0.0120000
v 0.0013777 0.0032000 -0.0113260
v 0.0000000 0.0032000 -0.0116000
v 0.0025456 0.0000000 -0.0113872
v 0.0025456 0.0032000 -0.0113872
v 0.0024818 0.0000000 -0.0111469
v 0.0024818 0.0032000 -0.0111469
v 0.0022721 0.0000000 -0.0110080
v 0.0022721 0.0032000 -0.0110080
v 0.0020393 0.0000000 -0.0110519
v 0.0020393 0.0032000 -0.0110519
v 0.0013777 0.0000000 -0.0113261
v -0.0013777 0.0032000 -0.0113260
v -0.0025456 0.0000000 -0.0113872
v -0.0025456 0.0032000 -0.0113872
v -0.0020393 0.0032000 -0.0110519
v -0.0024818 0.0000000 -0.0111469
v -0.0024818 0.0032000 -0.0111469
v -0.0022721 0.0000000 -0.0110080
v -0.0022721 0.0032000 -0.0110080
v -0.0020393 0.0000000 -0.0110519
v -0.0013777 0.0000000 -0.0113261
v 0.0036000 0.0000000 -0.0116000
v -0.0036000 0.0000000 -0.0116000
v 0.0000000 0.0008000 -0.0104000
v -0.0009185 0.0008000 -0.0102174
v -0.0012246 0.0008000 -0.0109565
v 0.0000000 0.0008000 -0.0112000
v -0.0016970 0.0008000 -0.0096970
v -0.0022627 0.0008000 -0.0102627
v -0.0022174 0.0008000 -0.0089185
v -0.0029565 0.0008000 -0.0092246
v -0.0024000 0.0008000 -0.0080000
v -0.0032000 0.0008000 -0.0080000
v -0.0022174 0.0008000 -0.0070815
v -0.0029565 0.0008000 -0.0067754
v -0.0016970 0.0008000 -0.0063030
v -0.0022627 0.0008000 -0.0057373
v -0.0009185 0.0008000 -0.0057826
v -0.0012246 0.0008000 -0.0050435
v 0.0000000 0.0008000 -0.0056000
v 0.0000000 0.0008000 -0.0048000
v 0.0009185 0.0008000 -0.0057826
v 0.0012246 0.0008000 -0.0050435
v 0.0016970 0.0008000 -0.0063030
v 0.0022627 0.0008000 -0.0057373
v 0.0022174 0.0008000 -0.0070815
v 0.0029565 0.0008000 -0.0067754
v 0.0024000 0.0008000 -0.0080000
v 0.0032000 0.0008000 -0.0080000
v 0.0022174 0.0008000 -0.0089185
v 0.0029565 0.0008000 -0.0092246
v 0.0016970 0.0008000 -0.0096970
v 0.0022627 0.0008000 -0.0102627
v 0.0009185 0.0008000 -0.0102174
v 0.0012246 0.0008000 -0.0109565
v 0.0024000 0.0072000 -0.0080000
v 0.0022174 0.0072000 -0.0089185
v 0.0016970 0.0072000 -0.0096970
v 0.0009185 0.0072000 -0.0102174
v 0.0000000 0.0072000 -0.0104000
v -0.0009185 0.0072000 -0.0102174
v -0.0016970 0.0072000 -0.0096970
v -0.0022174 0.0072000 -0.0089185
v -0.0024000 0.0072000 -0.0080000
v -0.0022174 0.0072000 -0.0070815
v -0.0016970 0.0072000 -0.0063030
v -0.0009185 0.0072000 -0.0057826
v 0.0000000 0.0072000 -0.0056000
v 0.0009185 0.0072000 -0.0057826
v 0.0016970 0.0072000 -0.0063030
v 0.0022174 0.0072000 -0.0070815
v -0.0012246 0.0072000 -0.0109565
v 0.0000000 0.0072000 -0.0112000
v -0.0022627 0.0072000 -0.0102627
v -0.0029565 0.0072000 -0.0092246
v -0.0032000 0.0072000 -0.0080000
v -0.0029565 0.0072000 -0.0067754
v -0.0022627 0.0072000 -0.0057373
v -0.0012246 0.0072000 -0.0050435
v 0.0000000 0.0072000 -0.0048000
v 0.0012246 0.0072000 -0.0050435
v 0.0022627 0.0072000 -0.0057373
v 0.0029565 0.0072000 -0.0067754
v 0.0032000 0.0072000 -0.0080000
v 0.0029565 0.0072000 -0.0092246
v 0.0022627 0.0072000 -0.0102627
v 0.0012246 0.0072000 -0.0109565
v 0.0029565 0.0080000 -0.0092246
v 0.0032000 0.0080000 -0.0080000
v 0.0022627 0.0080000 -0.0102627
v 0.0012246 0.0080000 -0.0109565
v 0.0000000 0.0080000 -0.0112000
v -0.0012246 0.0080000 -0.0109565
v -0.0022627 0.0080000 -0.0102627
v -0.0029565 0.0080000 -0.0092246
v -0.0032000 0.0080000 -0.0080000
v -0.0029565 0.0080000 -0.0067754
v -0.0022627 0.0080000 -0.0057373
v -0.0012246 0.0080000 -0.0050435
v 0.0000000 0.0080000 -0.0048000
v 0.0012246 0.0080000 -0.0050435
v 0.0022627 0.0080000 -0.0057373
v 0.0029565 0.0080000 -0.0067754
v 0.0013777 0.0048000 -0.0126740
v 0.0000000 0.0048000 -0.0124000
v 0.0025456 0.0048000 -0.0120000
v 0.0025456 0.0080000 -0.0120000
v 0.0025456 0.0080000 -0.0126128
v 0.0025456 0.0048000 -0.0126128
v 0.0024818 0.0080000 -0.0128531
v 0.0024818 0.0048000 -0.0128531
v 0.0022721 0.0080000 -0.0129920
v 0.0022721 0.0048000 -0.0129920
v 0.0020393 0.0080000 -0.0129481
v 0.0020393 0.0048000 -0.0129481
v 0.0013777 0.0080000 -0.0126739
v -0.0013777 0.0048000 -0.0126740
v -0.0025456 0.0080000 -0.0126128
v -0.0025456 0.0080000 -0.0120000
v -0.0025456 0.0048000 -0.0120000
v -0.0025456 0.0048000 -0.0126128
v -0.0020393 0.0048000 -0.0129481
v -0.0024818 0.0080000 -0.0128531
v -0.0024818 0.0048000 -0.0128531
v -0.0022721 0.0080000 -0.0129920
v -0.0022721 0.0048000 -0.0129920
v -0.0020393 0.0080000 -0.0129481
v -0.0013777 0.0080000 -0.0126739
v 0.0036000 0.0080000 -0.0124000
v -0.0036000 0.0080000 -0.0124000
v 0.0036000 0.0080000 -0.0120000
v -0.0036000 0.0080000 -0.0120000
v 0.0000000 0.0080000 -0.0116000
v 0.0013777 0.0080000 -0.0113260
v 0.0013777 0.0048000 -0.0113260
v 0.0000000 0.0048000 -0.0116000
v 0.0025456 0.0080000 -0.0113872
v 0.0025456 0.0048000 -0.0113872
v 0.0024818 0.0080000 -0.0111469
v 0.0024818 0.0048000 -0.0111469
v 0.0022721 0.0080000 -0.0110080
v 0.0022721 0.0048000 -0.0110080
v 0.0020393 0.0080000 -0.0110519
v 0.0020393 0.0048000 -0.0110519
v 0.0025456 0.0080000 -0.0105456
v 0.0013777 0.0080000 -0.0113261
v -0.0013777 0.0048000 -0.0113260
v -0.0013777 0.0080000 -0.0113260
v -0.0025456 0.0080000 -0.0113872
v -0.0025456 0.0048000 -0.0113872
v -0.0020393 0.0048000 -0.0110519
v -0.0024818 0.0080000 -0.0111469
v -0.0024818 0.0048000 -0.0111469
v -0.0022721 0.0080000 -0.0110080
v -0.0022721 0.0048000 -0.0110080
v -0.0020393 0.0080000 -0.0110519
v -0.0013777 0.0080000 -0.0113261
v -0.0025456 0.0080000 -0.0105456
v 0.0033260 0.0080000 -0.0093777
v 0.0036000 0.0080000 -0.0080000
v 0.0036000 0.0080000 -0.0116000
v -0.0036000 0.0080000 -0.0116000
v -0.0036000 0.0080000 -0.0080000
v -0.0033260 0.0080000 -0.0093777
v -0.0033260 0.0080000 -0.0066223
v -0.0025456 0.0080000 -0.0054544
v -0.0013777 0.0080000 -0.0046740
v 0.0000000 0.0080000 -0.0044000
v 0.0013777 0.0080000 -0.0046740
v 0.0025456 0.0080000 -0.0054544
v 0.0033260 0.0080000 -0.0066223
v 0.0029565 0.0000000 -0.0012246
v 0.0033260 0.0000000 -0.0013777
v 0.0036000 0.0000000 -0.0000000
v 0.0032000 0.0000000 -0.0000000
v 0.0022627 0.0000000 -0.0022627
v 0.0025456 0.0000000 -0.0025456
v 0.0012246 0.0000000 -0.0029565
v 0.0013777 0.0000000 -0.0033260
v 0.0000000 0.0000000 -0.0032000
v 0.0000000 0.0000000 -0.0036000
v -0.0012246 0.0000000 -0.0029565
v -0.0013777 0.0000000 -0.0033260
v -0.0022627 0.0000000 -0.0022627
v -0.0025456 0.0000000 -0.0025456
v -0.0029565 0.0000000 -0.0012246
v -0.0033260 0.0000000 -0.0013777
v -0.0032000 0.0000000 -0.0000000
v -0.0036000 0.0000000 -0.0000000
v -0.0029565 0.0000000 0.0012246
v -0.0033260 0.0000000 0.0013777
v -0.0022627 0.0000000 0.0022627
v -0.0025456 0.0000000 0.0025456
v -0.0012246 0.0000000 0.0029565
v -0.0013777 0.0000000 0.0033260
v 0.0000000 0.0000000 0.0032000
v 0.0000000 0.0000000 0.0036000
v 0.0012246 0.0000000 0.0029565
v 0.0013777 0.0000000 0.0033260
v 0.0022627 0.0000000 0.0022627
v 0.0025456 0.0000000 0.0025456
v 0.0029565 0.0000000 0.0012246
v 0.0033260 0.0000000 0.0013777
v 0.0013777 0.0032000 -0.0046740
v 0.0000000 0.0032000 -0.0044000
v 0.0025456 0.0000000 -0.0046128
v 0.0025456 0.0000000 -0.0040000
v 0.0025456 0.0032000 -0.0040000
v 0.0025456 0.0032000 -0.0046128
v 0.0024818 0.0000000 -0.0048531
v 0.0024818 0.0032000 -0.0048531
v 0.0022721 0.0000000 -0.0049920
v 0.0022721 0.0032000 -0.0049920
v 0.0020393 0.0000000 -0.0049481
v 0.0020393 0.0032000 -0.0049481
v 0.0013777 0.0000000 -0.0046739
v -0.0013777 0.0032000 -0.0046740
v -0.0025456 0.0032000 -0.0040000
v -0.0025456 0.0000000 -0.0040000
v -0.0025456 0.0000000 -0.0046128
v -0.0025456 0.0032000 -0.0046128
v -0.0020393 0.0032000 -0.0049481
v -0.0024818 0.0000000 -0.0048531
v -0.0024818 0.0032000 -0.0048531
v -0.0022721 0.0000000 -0.0049920
v -0.0022721 0.0032000 -0.0049920
v -0.0020393 0.0000000 -0.0049481
v -0.0013777 0.0000000 -0.0046739
v 0.0036000 0.0000000 -0.0044000
v -0.0036000 0.0000000 -0.0044000
v 0.0036000 0.0000000 -0.0040000
v -0.0036000 0.0000000 -0.0040000
v 0.0013777 0.0032000 -0.0033260
v 0.0000000 0.0032000 -0.0036000
v 0.0025456 0.0000000 -0.0033872
v 0.0025456 0.0032000 -0.0033872
v 0.0024818 0.0000000 -0.0031469
v 0.0024818 0.0032000 -0.0031469
v 0.0022721 0.0000000 -0.0030080
v 0.0022721 0.0032000 -0.0030080
v 0.0020393 0.0000000 -0.0030519
v 0.0020393 0.0032000 -0.0030519
v 0.0013777 0.0000000 -0.0033261
v -0.0013777 0.0032000 -0.0033260
v -0.0025456 0.0000000 -0.0033872
v -0.0025456 0.0032000 -0.0033872
v -0.0020393 0.0032000 -0.0030519
v -0.0024818 0.0000000 -0.0031469
v -0.0024818 0.0032000 -0.0031469
v -0.0022721 0.0000000 -0.0030080
v -0.0022721 0.0032000 -0.0030080
v -0.0020393 0.0000000 -0.0030519
v -0.0013777 0.0000000 -0.0033261
v 0.0036000 0.0000000 -0.0036000
v -0.0036000 0.0000000 -0.0036000
v 0.0000000 0.0008000 -0.0024000
v -0.0009185 0.0008000 -0.0022174
v -0.0012246 0.0008000 -0.0029565
v 0.0000000 0.0008000 -0.0032000
v -0.0016970 0.0008000 -0.0016970
v -0.0022627 0.0008000 -0.0022627
v -0.0022174 0.0008000 -0.0009185
v -0.0029565 0.0008000 -0.0012246
v -0.0024000 0.0008000 -0.0000000
v -0.0032000 0.0008000 -0.0000000
v -0.0022174 0.0008000 0.0009185
v -0.0029565 0.0008000 0.0012246
v -0.0016970 0.0008000 0.0016970
v -0.0022627 0.0008000 0.0022627
v -0.0009185 0.0008000 0.0022174
v -0.0012246 0.0008000 0.0029565
v 0.0000000 0.0008000 0.0024000
v 0.0000000 0.0008000 0.0032000
v 0.0009185 0.0008000 0.0022174
v 0.0012246 0.0008000 0.0029565
v 0.0016970 0.0008000 0.0016970
v 0.0022627 0.0008000 0.0022627
v 0.0022174 0.0008000 0.0009185
v 0.0029565 0.0008000 0.0012246
v 0.0024000 0.0008000 -0.0000000
v 0.0032000 0.0008000 -0.0000000
v 0.0022174 0.0008000 -0.0009185
v 0.0029565 0.0008000 -0.0012246
v 0.0016970 0.0008000 -0.0016970
v 0.0022627 0.0008000 -0.0022627
v 0.0009185 0.0008000 -0.0022174
v 0.0012246 0.0008000 -0.0029565
v 0.0024000 0.0072000 -0.0000000
v 0.0022174 0.0072000 -0.0009185
v 0.0016970 0.0072000 -0.0016970
v 0.0009185 0.0072000 -0.0022174
v 0.0000000 0.0072000 -0.0024000
v -0.0009185 0.0072000 -0.0022174
v -0.0016970 0.0072000 -0.0016970
v -0.0022174 0.0072000 -0.0009185
v -0.0024000 0.0072000 -0.0000000
v -0.0022174 0.0072000 0.0009185
v -0.0016970 0.0072000 0.0016970
v -0.0009185 0.0072000 0.0022174
v 0.0000000 0.0072000 0.0024000
v 0.0009185 0.0072000 0.0022174
v 0.0016970 0.0072000 0.0016970
v 0.0022174 0.0072000 0.0009185
v -0.0012246 0.0072000 -0.0029565
v 0.0000000 0.0072000 -0.0032000
v -0.0022627 0.0072000 -0.0022627
v -0.0029565 0.0072000 -0.0012246
v -0.0032000 0.0072000 -0.0000000
v -0.0029565 0.0072000 0.0012246
v -0.0022627 0.0072000 0.0022627
v -0.0012246 0.0072000 0.0029565
v 0.0000000 0.0072000 0.0032000
v 0.0012246 0.0072000 0.0029565
v 0.0022627 0.0072000 0.0022627
v 0.0029565 0.0072000 0.0012246
v 0.0032000 0.0072000 -0.0000000
v 0.0029565 0.0072000 -0.0012246
v 0.0022627 0.0072000 -0.0022627
v 0.0012246 0.0072000 -0.0029565
v 0.0029565 0.0080000 -0.0012246
v 0.0032000 0.0080000 -0.0000000
v 0.0022627 0.0080000 -0.0022627
v 0.0012246 0.0080000 -0.0029565
v 0.0000000 0.0080000 -0.0032000
v -0.0012246 0.0080000 -0.0029565
v -0.0022627 0.0080000 -0.0022627
v -0.0029565 0.0080000 -0.0012246
v -0.0032000 0.0080000 -0.0000000
v -0.0029565 0.0080000 0.0012246
v -0.0022627 0.0080000 0.0022627
v -0.0012246 0.0080000 0.0029565
v 0.0000000 0.0080000 0.0032000
v 0.0012246 0.0080000 0.0029565
v 0.0022627 0.0080000 0.0022627
v 0.0029565 0.0080000 0.0012246
v 0.0013777 0.0048000 -0.0046740
v 0.0000000 0.0048000 -0.0044000
v 0.0025456 0.0048000 -0.0040000
v 0.0025456 0.0080000 -0.0040000
v 0.0025456 0.0080000 -0.0046128
v 0.0025456 0.0048000 -0.0046128
v 0.0024818 0.0080000 -0.0048531
v 0.0024818 0.0048000 -0.0048531
v 0.0022721 0.0080000 -0.0049920
v 0.0022721 0.0048000 -0.0049920
v 0.0020393 0.0080000 -0.0049481
v 0.0020393 0.0048000 -0.0049481
v 0.0013777 0.0080000 -0.0046739
v -0.0013777 0.0048000 -0.0046740
v -0.0025456 0.0080000 -0.0046128
v -0.0025456 0.0080000 -0.0040000
v -0.0025456 0.0048000 -0.0040000
v -0.0025456 0.0048000 -0.0046128
v -0.0020393 0.0048000 -0.0049481
v -0.0024818 0.0080000 -0.0048531
v -0.0024818 0.0048000 -0.0048531
v -0.0022721 0.0080000 -0.0049920
v -0.0022721 0.0048000 -0.0049920
v -0.0020393 0.0080000 -0.0049481
v -0.0013777 0.0080000 -0.0046739
v 0.0036000 0.0080000 -0.0044000
v -0.0036000 0.0080000 -0.0044000
v 0.0036000 0.0080000 -0.0040000
v -0.0036000 0.0080000 -0.0040000
v 0.0000000 0.0080000 -0.0036000
v 0.0013777 0.0080000 -0.0033260
v 0.0013777 0.0048000 -0.0033260
v 0.0000000 0.0048000 -0.0036000
v 0.0025456 0.0080000 -0.0033872
v 0.0025456 0.0048000 -0.0033872
v 0.0024818 0.0080000 -0.0031469
v 0.0024818 0.0048000 -0.0031469
v 0.0022721 0.0080000 -0.0030080
v 0.0022721 0.0048000 -0.0030080
v 0.0020393 0.0080000 -0.0030519
v 0.0020393 0.0048000 -0.0030519
v 0.0025456 0.0080000 -0.0025456
v 0.0013777 0.0080000 -0.0033261
v -0.0013777 0.0048000 -0.0033260
v -0.0013777 0.0080000 -0.0033260
v -0.0025456 0.0080000 -0.0033872
v -0.0025456 0.0048000 -0.0033872
v -0.0020393 0.0048000 -0.0030519
v -0.0024818 0.0080000 -0.0031469
v -0.0024818 0.0048000 -0.0031469
v -0.0022721 0.0080000 -0.0030080
v -0.0022721 0.0048000 -0.0030080
v -0.0020393 0.0080000 -0.0030519
v -0.0013777 0.0080000 -0.0033261
v -0.0025456 0.0080000 -0.0025456
v 0.0033260 0.0080000 -0.0013777
v 0.0036000 0.0080000 -0.0000000
v 0.0036000 0.0080000 -0.0036000
v -0.0036000 0.0080000 -0.0036000
v -0.0036000 0.0080000 -0.0000000
v -0.0033260 0.0080000 -0.0013777
v -0.0033260 0.0080000 0.0013777
v -0.0025456 0.0080000 0.0025456
v -0.0013777 0.0080000 0.0033260
v 0.0000000 0.0080000 0.0036000
v 0.0013777 0.0080000 0.0033260
v 0.0025456 0.0080000 0.0025456
v 0.0033260 0.0080000 0.0013777
v 0.0029565 0.0000000 0.0067754
v 0.0033260 0.0000000 0.0066223
v 0.0036000 0.0000000 0.0080000
v 0.0032000 0.0000000 0.0080000
v 0.0022627 0.0000000 0.0057373
v 0.0025456 0.0000000 0.0054544
v 0.0012246 0.0000000 0.0050435
v 0.0013777 0.0000000 0.0046740
v 0.0000000 0.0000000 0.0048000
v 0.0000000 0.0000000 0.0044000
v -0.0012246 0.0000000 0.0050435
v -0.0013777 0.0000000 0.0046740
v -0.0022627 0.0000000 0.0057373
v -0.0025456 0.0000000 0.0054544
v -0.0029565 0.0000000 0.0067754
v -0.0033260 0.0000000 0.0066223
v -0.0032000 0.0000000 0.0080000
v -0.0036000 0.0000000 0.0080000
v -0.0029565 0.0000000 0.0092246
v -0.0033260 0.0000000 0.0093777
v -0.0022627 0.0000000 0.0102627
v -0.0025456 0.0000000 0.0105456
v -0.0012246 0.0000000 0.0109565
v -0.0013777 0.0000000 0.0113260
v 0.0000000 0.0000000 0.0112000
v 0.0000000 0.0000000 0.0116000
v 0.0012246 0.0000000 0.0109565
v 0.0013777 0.0000000 0.0113260
v 0.0022627 0.0000000 0.0102627
v 0.0025456 0.0000000 0.0105456
v 0.0029565 0.0000000 0.0092246
v 0.0033260 0.0000000 0.0093777
v 0.0013777 0.0032000 0.0033260
v 0.0000000 0.0032000 0.0036000
v 0.0025456 0.0000000 0.0033872
v 0.0025456 0.0000000 0.0040000
v 0.0025456 0.0032000 0.0040000
v 0.0025456 0.0032000 0.0033872
v 0.0024818 0.0000000 0.0031469
v 0.0024818 0.0032000 0.0031469
v 0.0022721 0.0000000 0.0030080
v 0.0022721 0.0032000 0.0030080
v 0.0020393 0.0000000 0.0030519
v 0.0020393 0.0032000 0.0030519
v 0.0013777 0.0000000 0.0033261
v -0.0013777 0.0032000 0.0033260
v -0.0025456 0.0032000 0.0040000
v -0.0025456 0.0000000 0.0040000
v -0.0025456 0.0000000 0.0033872
v -0.0025456 0.0032000 0.0033872
v -0.0020393 0.0032000 0.0030519
v -0.0024818 0.0000000 0.0031469
v -0.0024818 0.0032000 0.0031469
v -0.0022721 0.0000000 0.0030080
v -0.0022721 0.0032000 0.0030080
v -0.0020393 0.0000000 0.0030519
v -0.0013777 0.0000000 0.0033261
v 0.0036000 0.0000000 0.0036000
v -0.0036000 0.0000000 0.0036000
v 0.0036000 0.0000000 0.0040000
v -0.0036000 0.0000000 0.0040000
v 0.0013777 0.0032000 0.0046740
v 0.0000000 0.0032000 0.0044000
v 0.0025456 0.0000000 0.0046128
v 0.0025456 0.0032000 0.0046128
v 0.0024818 0.0000000 0.0048531
v 0.0024818 0.0032000 0.0048531
v 0.0022721 0.0000000 0.0049920
v 0.0022721 0.0032000 0.0049920
v 0.0020393 0.0000000 0.0049481
v 0.0020393 0.0032000 0.0049481
v 0.0013777 0.0000000 0.0046739
v -0.0013777 0.0032000 0.0046740
v -0.0025456 0.0000000 0.0046128
v -0.0025456 0.0032000 0.0046128
v -0.0020393 0.0032000 0.0049481
v -0.0024818 0.0000000 0.0048531
v -0.0024818 0.0032000 0.0048531
v -0.0022721 0.0000000 0.0049920
v -0.0022721 0.0032000 0.0049920
v -0.0020393 0.0000000 0.0049481
v -0.0013777 0.0000000 0.0046739
v 0.0036000 0.0000000 0.0044000
v -0.0036000 0.0000000 0.0044000
v 0.0000000 0.0008000 0.0056000
v -0.0009185 0.0008000 0.0057826
v -0.0012246 0.0008000 0.0050435
v 0.0000000 0.0008000 0.0048000
v -0.0016970 0.0008000 0.0063030
v -0.0022627 0.0008000 0.0057373
v -0.0022174 0.0008000 0.0070815
v -0.0029565 0.0008000 0.0067754
v -0.0024000 0.0008000 0.0080000
v -0.0032000 0.0008000 0.0080000
v -0.0022174 0.0008000 0.0089185
v -0.0029565 0.0008000 0.0092246
v -0.0016970 0.0008000 0.0096970
v -0.0022627 0.0008000 0.0102627
v -0.0009185 0.0008000 0.0102174
v -0.0012246 0.0008000 0.0109565
v 0.0000000 0.0008000 0.0104000
v 0.0000000 0.0008000 0.0112000
v 0.0009185 0.0008000 0.0102174
v 0.0012246 0.0008000 0.0109565
v 0.0016970 0.0008000 0.0096970
v 0.0022627 0.0008000 0.0102627
v 0.0022174 0.0008000 0.0089185
v 0.0029565 0.0008000 0.0092246
v 0.0024000 0.0008000 0.0080000
v 0.0032000 0.0008000 0.0080000
v 0.0022174 0.0008000 0.0070815
v 0.0029565 0.0008000 0.0067754
v 0.0016970 0.0008000 0.0063030
v 0.0022627 0.0008000 0.0057373
v 0.0009185 0.0008000 0.0057826
v 0.0012246 0.0008000 0.0050435
v 0.0024000 0.0072000 0.0080000
v 0.0022174 0.0072000 0.0070815
v 0.0016970 0.0072000 0.0063030
v 0.0009185 0.0072000 0.0057826
v 0.0000000 0.0072000 0.0056000
v -0.0009185 0.0072000 0.0057826
v -0.0016970 0.0072000 0.0063030
v -0.0022174 0.0072000 0.0070815
v -0.0024000 0.0072000 0.0080000
v -0.0022174 0.0072000 0.0089185
v -0.0016970 0.0072000 0.0096970
v -0.0009185 0.0072000 0.0102174
v 0.0000000 0.0072000 0.0104000
v 0.0009185 0.0072000 0.0102174
v 0.0016970 0.0072000 0.0096970
v 0.0022174 0.0072000 0.0089185
v -0.0012246 0.0072000 0.0050435
v 0.0000000 0.0072000 0.0048000
v -0.0022627 0.0072000 0.0057373
v -0.0029565 0.0072000 0.0067754
v -0.0032000 0.0072000 0.0080000
v -0.0029565 0.0072000 0.0092246
v -0.0022627 0.0072000 0.0102627
v -0.0012246 0.0072000 0.0109565
v 0.0000000 0.0072000 0.0112000
v 0.0012246 0.0072000 0.0109565
v 0.0022627 0.0072000 0.0102627
v 0.0029565 0.0072000 0.0092246
v 0.0032000 0.0072000 0.0080000
v 0.0029565 0.0072000 0.0067754
v 0.0022627 0.0072000 0.0057373
v 0.0012246 0.0072000 0.0050435
v 0.0029565 0.0080000 0.0067754
v 0.0032000 0.0080000 0.0080000
v 0.0022627 0.0080000 0.0057373
v 0.0012246 0.0080000 0.0050435
v 0.0000000 0.0080000 0.0048000
v -0.0012246 0.0080000 0.0050435
v -0.0022627 0.0080000 0.0057373
v -0.0029565 0.0080000 0.0067754
v -0.0032000 0.0080000 0.0080000
v -0.0029565 0.0080000 0.0092246
v -0.0022627 0.0080000 0.0102627
v -0.0012246 0.0080000 0.0109565
v 0.0000000 0.0080000 0.0112000
v 0.0012246 0.0080000 0.0109565
v 0.0022627 0.0080000 0.0102627
v 0.0029565 0.0080000 0.0092246
v 0.0013777 0.0048000 0.0033260
v 0.0000000 0.0048000 0.0036000
v 0.0025456 0.0048000 0.0040000
v 0.0025456 0.0080000 0.0040000
v 0.0025456 0.0080000 0.0033872
v 0.0025456 0.0048000 0.0033872
v 0.0024818 0.0080000 0.0031469
v 0.0024818 0.0048000 0.0031469
v 0.0022721 0.0080000 0.0030080
v 0.0022721 0.0048000 0.0030080
v 0.0020393 0.0080000 0.0030519
v 0.0020393 0.0048000 0.0030519
v 0.0013777 0.0080000 0.0033261
v -0.0013777 0.0048000 0.0033260
v -0.0025456 0.0080000 0.0033872
v -0.0025456 0.0080000 0.0040000
v -0.0025456 0.0048000 0.0040000
v -0.0025456 0.0048000 0.0033872
v -0.0020393 0.0048000 0.0030519
v -0.0024818 0.0080000 0.0031469
v -0.0024818 0.0048000 0.0031469
v -0.0022721 0.0080000 0.0030080
v -0.0022721 0.0048000 0.0030080
v -0.0020393 0.0080000 0.0030519
v -0.0013777 0.0080000 0.0033261
v 0.0036000 0.0080000 0.0036000
v -0.0036000 0.0080000 0.0036000
v 0.0036000 0.0080000 0.0040000
v -0.0036000 0.0080000 0.0040000
v 0.0000000 0.0080000 0.0044000
v 0.0013777 0.0080000 0.0046740
v 0.0013777 0.0048000 0.0046740
v 0.0000000 0.0048000 0.0044000
v 0.0025456 0.0080000 0.0046128
v 0.0025456 0.0048000 0.0046128
v 0.0024818 0.0080000 0.0048531
v 0.0024818 0.0048000 0.0048531
v 0.0022721 0.0080000 0.0049920
v 0.0022721 0.0048000 0.0049920
v 0.0020393 0.0080000 0.0049481
v 0.0020393 0.0048000 0.0049481
v 0.0025456 0.0080000 0.0054544
v 0.0013777 0.0080000 0.0046739
v -0.0013777 0.0048000 0.0046740
v -0.0013777 0.0080000 0.0046740
v -0.0025456 0.0080000 0.0046128
v -0.0025456 0.0048000 0.0046128
v -0.0020393 0.0048000 0.0049481
v -0.0024818 0.0080000 0.0048531
v -0.0024818 0.0048000 0.0048531
v -0.0022721 0.0080000 0.0049920
v -0.0022721 0.0048000 0.0049920
v -0.0020393 0.0080000 0.0049481
v -0.0013777 0.0080000 0.0046739
v -0.0025456 0.0080000 0.0054544
v 0.0033260 0.0080000 0.0066223
v 0.0036000 0.0080000 0.0080000
v 0.0036000 0.0080000 0.0044000
v -0.0036000 0.0080000 0.0044000
v -0.0036000 0.0080000 0.0080000
v -0.0033260 0.0080000 0.0066223
v -0.0033260 0.0080000 0.0093777
v -0.0025456 0.0080000 0.0105456
v -0.0013777 0.0080000 0.0113260
v 0.0000000 0.0080000 0.0116000
v 0.0013777 0.0080000 0.0113260
v 0.0025456 0.0080000 0.0105456
v 0.0033260 0.0080000 0.0093777
v 0.0029565 0.0000000 0.0147754
v 0.0033260 0.0000000 0.0146223
v 0.0036000 0.0000000 0.0160000
v 0.0032000 0.0000000 0.0160000
v 0.0022627 0.0000000 0.0137373
v 0.0025456 0.0000000 0.0134544
v 0.0012246 0.0000000 0.0130435
v 0.0013777 0.0000000 0.0126740
v 0.0000000 0.0000000 0.0128000
v 0.0000000 0.0000000 0.0124000
v -0.0012246 0.0000000 0.0130435
v -0.0013777 0.0000000 0.0126740
v -0.0022627 0.0000000 0.0137373
v -0.0025456 0.0000000 0.0134544
v -0.0029565 0.0000000 0.0147754
v -0.0033260 0.0000000 0.0146223
v -0.0032000 0.0000000 0.0160000
v -0.0036000 0.0000000 0.0160000
v -0.0029565 0.0000000 0.0172246
v -0.0033260 0.0000000 0.0173777
v -0.0022627 0.0000000 0.0182627
v -0.0025456 0.0000000 0.0185456
v -0.0012246 0.0000000 0.0189565
v -0.0013777 0.0000000 0.0193260
v 0.0000000 0.0000000 0.0192000
v 0.0000000 0.0000000 0.0196000
v 0.0012246 0.0000000 0.0189565
v 0.0013777 0.0000000 0.0193260
v 0.0022627 0.0000000 0.0182627
v 0.0025456 0.0000000 0.0185456
v 0.0029565 0.0000000 0.0172246
v 0.0033260 0.0000000 0.0173777
v 0.0013777 0.0032000 0.0113260
v 0.0000000 0.0032000 0.0116000
v 0.0025456 0.0000000 0.0113872
v 0.0025456 0.0000000 0.0120000
v 0.0025456 0.0032000 0.0120000
v 0.0025456 0.0032000 0.0113872
v 0.0024818 0.0000000 0.0111469
v 0.0024818 0.0032000 0.0111469
v 0.0022721 0.0000000 0.0110080
v 0.0022721 0.0032000 0.0110080
v 0.0020393 0.0000000 0.0110519
v 0.0020393 0.0032000 0.0110519
v 0.0013777 0.0000000 0.0113261
v -0.0013777 0.0032000 0.0113260
v -0.0025456 0.0032000 0.0120000
v -0.0025456 0.0000000 0.0120000
v -0.0025456 0.0000000 0.0113872
v -0.0025456 0.0032000 0.0113872
v -0.0020393 0.0032000 0.0110519
v -0.0024818 0.0000000 0.0111469
v -0.0024818 0.0032000 0.0111469
v -0.0022721 0.0000000 0.0110080
v -0.0022721 0.0032000 0.0110080
v -0.0020393 0.0000000 0.0110519
v -0.0013777 0.0000000 0.0113261
v 0.0036000 0.0000000 0.0116000
v -0.0036000 0.0000000 0.0116000
v 0.0036000 0.0000000 0.0120000
v -0.0036000 0.0000000 0.0120000
v 0.0013777 0.0032000 0.0126740
v 0.0000000 0.0032000 0.0124000
v 0.0025456 0.0000000 0.0126128
v 0.0025456 0.0032000 0.0126128
v 0.0024818 0.0000000 0.0128531
v 0.0024818 0.0032000 0.0128531
v 0.0022721 0.0000000 0.0129920
v 0.0022721 0.0032000 0.0129920
v 0.0020393 0.0000000 0.0129481
v 0.0020393 0.0032000 0.0129481
v 0.0013777 0.0000000 0.0126739
v -0.0013777 0.0032000 0.0126740
v -0.0025456 0.0000000 0.0126128
v -0.0025456 0.0032000 0.0126128
v -0.0020393 0.0032000 0.0129481
v -0.0024818 0.0000000 0.0128531
v -0.0024818 0.0032000 0.0128531
v -0.0022721 0.0000000 0.0129920
v -0.0022721 0.0032000 0.0129920
v -0.0020393 0.0000000 0.0129481
v -0.0013777 0.0000000 0.0126739
v 0.0036000 0.0000000 0.0124000
v -0.0036000 0.0000000 0.0124000
v 0.0000000 0.0008000 0.0136000
v -0.0009185 0.0008000 0.0137826
v -0.0012246 0.0008000 0.0130435
v 0.0000000 0.0008000 0.0128000
v -0.0016970 0.0008000 0.0143030
v -0.0022627 0.0008000 0.0137373
v -0.0022174 0.0008000 0.0150815
v -0.0029565 0.0008000 0.0147754
v -0.0024000 0.0008000 0.0160000
v -0.0032000 0.0008000 0.0160000
v -0.0022174 0.0008000 0.0169185
v -0.0029565 0.0008000 0.0172246
v -0.0016970 0.0008000 0.0176970
v -0.0022627 0.0008000 0.0182627
v -0.0009185 0.0008000 0.0182174
v -0.0012246 0.0008000 0.0189565
v 0.0000000 0.0008000 0.0184000
v 0.0000000 0.0008000 0.0192000
v 0.0009185 0.0008000 0.0182174
v 0.0012246 0.0008000 0.0189565
v 0.0016970 0.0008000 0.0176970
v 0.0022627 0.0008000 0.0182627
v 0.0022174 0.0008000 0.0169185
v 0.0029565 0.0008000 0.0172246
v 0.0024000 0.0008000 0.0160000
v 0.0032000 0.0008000 0.0160000
v 0.0022174 0.0008000 0.0150815
v 0.0029565 0.0008000 0.0147754
v 0.0016970 0.0008000 0.0143030
v 0.0022627 0.0008000 0.0137373
v 0.0009185 0.0008000 0.0137826
v 0.0012246 0.0008000 0.0130435
v 0.0024000 0.0072000 0.0160000
v 0.0022174 0.0072000 0.0150815
v 0.0016970 0.0072000 0.0143030
v 0.0009185 0.0072000 0.0137826
v 0.0000000 0.0072000 0.0136000
v -0.0009185 0.0072000 0.0137826
v -0.0016970 0.0072000 0.0143030
v -0.0022174 0.0072000 0.0150815
v -0.0024000 0.0072000 0.0160000
v -0.0022174 0.0072000 0.0169185
v -0.0016970 0.0072000 0.0176970
v -0.0009185 0.0072000 0.0182174
v 0.0000000 0.0072000 0.0184000
v 0.0009185 0.0072000 0.0182174
v 0.0016970 0.0072000 0.0176970
v 0.0022174 0.0072000 0.0169185
v -0.0012246 0.0072000 0.0130435
v 0.0000000 0.0072000 0.0128000
v -0.0022627 0.0072000 0.0137373
v -0.0029565 0.0072000 0.0147754
v -0.0032000 0.0072000 0.0160000
v -0.0029565 0.0072000 0.0172246
v -0.0022627 0.0072000 0.0182627
v -0.0012246 0.0072000 0.0189565
v 0.0000000 0.0072000 0.0192000
v 0.0012246 0.0072000 0.0189565
v 0.0022627 0.0072000 0.0182627
v 0.0029565 0.0072000 0.0172246
v 0.0032000 0.0072000 0.0160000
v 0.0029565 0.0072000 0.0147754
v 0.0022627 0.0072000 0.0137373
v 0.0012246 0.0072000 0.0130435
v 0.0029565 0.0080000 0.0147754
v 0.0032000 0.0080000 0.0160000
v 0.0022627 0.0080000 0.0137373
v 0.0012246 0.0080000 0.0130435
v 0.0000000 0.0080000 0.0128000
v -0.0012246 0.0080000 0.0130435
v -0.0022627 0.0080000 0.0137373
v -0.0029565 0.0080000 0.0147754
v -0.0032000 0.0080000 0.0160000
v -0.0029565 0.0080000 0.0172246
v -0.0022627 0.0080000 0.0182627
v -0.0012246 0.0080000 0.0189565
v 0.0000000 0.0080000 0.0192000
v 0.0012246 0.0080000 0.0189565
v 0.0022627 0.0080000 0.0182627
v 0.0029565 0.0080000 0.0172246
v 0.0013777 0.0048000 0.0113260
v 0.0000000 0.0048000 0.0116000
v 0.0025456 0.0048000 0.0120000
v 0.0025456 0.0080000 0.0120000
v 0.0025456 0.0080000 0.0113872
v 0.0025456 0.0048000 0.0113872
v 0.0024818 0.0080000 0.0111469
v 0.0024818 0.0048000 0.0111469
v 0.0022721 0.0080000 0.0110080
v 0.0022721 0.0048000 0.0110080
v 0.0020393 0.0080000 0.0110519
v 0.0020393 0.0048000 0.0110519
v 0.0013777 0.0080000 0.0113261
v -0.0013777 0.0048000 0.0113260
v -0.0025456 0.0080000 0.0113872
v -0.0025456 0.0080000 0.0120000
v -0.0025456 0.0048000 0.0120000
v -0.0025456 0.0048000 0.0113872
v -0.0020393 0.0048000 0.0110519
v -0.0024818 0.0080000 0.0111469
v -0.0024818 0.0048000 0.0111469
v -0.0022721 0.0080000 0.0110080
v -0.0022721 0.0048000 0.0110080
v -0.0020393 0.0080000 0.0110519
v -0.0013777 0.0080000 0.0113261
v 0.0036000 0.0080000 0.0116000
v -0.0036000 0.0080000 0.0116000
v 0.0036000 0.0080000 0.0120000
v -0.0036000 0.0080000 0.0120000
v 0.0000000 0.0080000 0.0124000
v 0.0013777 0.0080000 0.0126740
v 0.0013777 0.0048000 0.0126740
v 0.0000000 0.0048000 0.0124000
v 0.0025456 0.0080000 0.0126128
v 0.0025456 0.0048000 0.0126128
v 0.0024818 0.0080000 0.0128531
v 0.0024818 0.0048000 0.0128531
v 0.0022721 0.0080000 0.0129920
v 0.0022721 0.0048000 0.0129920
v 0.0020393 0.0080000 0.0129481
v 0.0020393 0.0048000 0.0129481
v 0.0025456 0.0080000 0.0134544
v 0.0013777 0.0080000 0.0126739
v -0.0013777 0.0048000 0.0126740
v -0.0013777 0.0080000 0.0126740
v -0.0025456 0.0080000 0.0126128
v -0.0025456 0.0048000 0.0126128
v -0.0020393 0.0048000 0.0129481
v -0.0024818 0.0080000 0.0128531
v -0.0024818 0.0048000 0.0128531
v -0.0022721 0.0080000 0.0129920
v -0.0022721 0.0048000 0.0129920
v -0.0020393 0.0080000 0.0129481
v -0.0013777 0.0080000 0.0126739
v -0.0025456 0.0080000 0.0134544
v 0.0033260 0.0080000 0.0146223
v 0.0036000 0.0080000 0.0160000
v 0.0036000 0.0080000 0.0124000
v -0.0036000 0.0080000 0.0124000
v -0.0036000 0.0080000 0.0160000
v -0.0033260 0.0080000 0.0146223
v -0.0033260 0.0080000 0.0173777
v -0.0025456 0.0080000 0.0185456
v -0.0013777 0.0080000 0.0193260
v 0.0000000 0.0080000 0.0196000
v 0.0013777 0.0080000 0.0193260
v 0.0025456 0.0080000 0.0185456
v 0.0033260 0.0080000 0.0173777
v 0.0029565 0.0000000 0.0227754
v 0.0033260 0.0000000 0.0226223
v 0.0036000 0.0000000 0.0240000
v 0.0032000 0.0000000 0.0240000
v 0.0022627 0.0000000 0.0217373
v 0.0025456 0.0000000 0.0214544
v 0.0012246 0.0000000 0.0210435
v 0.0013777 0.0000000 0.0206740
v 0.0000000 0.0000000 0.0208000
v 0.0000000 0.0000000 0.0204000
v -0.0012246 0.0000000 0.0210435
v -0.0013777 0.0000000 0.0206740
v -0.0022627 0.0000000 0.0217373
v -0.0025456 0.0000000 0.0214544
v -0.0029565 0.0000000 0.0227754
v -0.0033260 0.0000000 0.0226223
v -0.0032000 0.0000000 0.0240000
v -0.0036000 0.0000000 0.0240000
v -0.0029565 0.0000000 0.0252246
v -0.0033260 0.0000000 0.0253777
v -0.0022627 0.0000000 0.0262627
v -0.0025456 0.0000000 0.0265456
v -0.0012246 0.0000000 0.0269565
v -0.0013777 0.0000000 0.0273260
v 0.0000000 0.0000000 0.0272000
v 0.0000000 0.0000000 0.0276000
v 0.0012246 0.0000000 0.0269565
v 0.0013777 0.0000000 0.0273260
v 0.0022627 0.0000000 0.0262627
v 0.0025456 0.0000000 0.0265456
v 0.0029565 0.0000000 0.0252246
v 0.0033260 0.0000000 0.0253777
v 0.0013777 0.0032000 0.0193260
v 0.0000000 0.0032000 0.0196000
v 0.0025456 0.0000000 0.0193872
v 0.0025456 0.0000000 0.0200000
v 0.0025456 0.0032000 0.0200000
v 0.0025456 0.0032000 0.0193872
v 0.0024818 0.0000000 0.0191469
v 0.0024818 0.0032000 0.0191469
v 0.0022721 0.0000000 0.0190080
v 0.0022721 0.0032000 0.0190080
v 0.0020393 0.0000000 0.0190519
v 0.0020393 0.0032000 0.0190519
v 0.0013777 0.0000000 0.0193261
v -0.0013777 0.0032000 0.0193260
v -0.0025456 0.0032000 0.0200000
v -0.0025456 0.0000000 0.0200000
v -0.0025456 0.0000000 0.0193872
v -0.0025456 0.0032000 0.0193872
v -0.0020393 0.0032000 0.0190519
v -0.0024818 0.0000000 0.0191469
v -0.0024818 0.0032000 0.0191469
v -0.0022721 0.0000000 0.0190080
v -0.0022721 0.0032000 0.0190080
v -0.0020393 0.0000000 0.0190519
v -0.0013777 0.0000000 0.0193261
v 0.0036000 0.0000000 0.0196000
v -0.0036000 0.0000000 0.0196000
v 0.0036000 0.0000000 0.0200000
v -0.0036000 0.0000000 0.0200000
v 0.0013777 0.0032000 0.0206740
v 0.0000000 0.0032000 0.0204000
v 0.0025456 0.0000000 0.0206128
v 0.0025456 0.0032000 0.0206128
v 0.0024818 0.0000000 0.0208531
v 0.0024818 0.0032000 0.0208531
v 0.0022721 0.0000000 0.0209920
v 0.0022721 0.0032000 0.0209920
v 0.0020393 0.0000000 0.0209481
v 0.0020393 0.0032000 0.0209481
v 0.0013777 0.0000000 0.0206739
v -0.0013777 0.0032000 0.0206740
v -0.0025456 0.0000000 0.0206128
v -0.0025456 0.0032000 0.0206128
v -0.0020393 0.0032000 0.0209481
v -0.0024818 0.0000000 0.0208531
v -0.0024818 0.0032000 0.0208531
v -0.0022721 0.0000000 0.0209920
v -0.0022721 0.0032000 0.0209920
v -0.0020393 0.0000000 0.0209481
v -0.0013777 0.0000000 0.0206739
v 0.0036000 0.0000000 0.0204000
v -0.0036000 0.0000000 0.0204000
v 0.0000000 0.0008000 0.0216000
v -0.0009185 0.0008000 0.0217826
v -0.0012246 0.0008000 0.0210435
v 0.0000000 0.0008000 0.0208000
v -0.0016970 0.0008000 0.0223030
v -0.0022627 0.0008000 0.0217373
v -0.0022174 0.0008000 0.0230815
v -0.0029565 0.0008000 0.0227754
v -0.0024000 0.0008000 0.0240000
v -0.0032000 0.0008000 0.0240000
v -0.0022174 0.0008000 0.0249185
v -0.0029565 0.0008000 0.0252246
v -0.0016970 0.0008000 0.0256970
v -0.0022627 0.0008000 0.0262627
v -0.0009185 0.0008000 0.0262174
v -0.0012246 0.0008000 0.0269565
v 0.0000000 0.0008000 0.0264000
v 0.0000000 0.0008000 0.0272000
v 0.0009185 0.0008000 0.0262174
v 0.0012246 0.0008000 0.0269565
v 0.0016970 0.0008000 0.0256970
v 0.0022627 0.0008000 0.0262627
v 0.0022174 0.0008000 0.0249185
v 0.0029565 0.0008000 0.0252246
v 0.0024000 0.0008000 0.0240000
v 0.0032000 0.0008000 0.0240000
v 0.0022174 0.0008000 0.0230815
v 0.0029565 0.0008000 0.0227754
v 0.0016970 0.0008000 0.0223030
v 0.0022627 0.0008000 0.0217373
v 0.0009185 0.0008000 0.0217826
v 0.0012246 0.0008000 0.0210435
v 0.0024000 0.0072000 0.0240000
v 0.0022174 0.0072000 0.0230815
v 0.0016970 0.0072000 0.0223030
v 0.0009185 0.0072000 0.0217826
v 0.0000000 0.0072000 0.0216000
v -0.0009185 0.0072000 0.0217826
v -0.0016970 0.0072000 0.0223030
v -0.0022174 0.0072000 0.0230815
v -0.0024000 0.0072000 0.0240000
v -0.0022174 0.0072000 0.0249185
v -0.0016970 0.0072000 0.0256970
v -0.0009185 0.0072000 0.0262174
v 0.0000000 0.0072000 0.0264000
v 0.0009185 0.0072000 0.0262174
v 0.0016970 0.0072000 0.0256970
v 0.0022174 0.0072000 0.0249185
v -0.0012246 0.0072000 0.0210435
v 0.0000000 0.0072000 0.0208000
v -0.0022627 0.0072000 0.0217373
v -0.0029565 0.0072000 0.0227754
v -0.0032000 0.0072000 0.0240000
v -0.0029565 0.0072000 0.0252246
v -0.0022627 0.0072000 0.0262627
v -0.0012246 0.0072000 0.0269565
v 0.0000000 0.0072000 0.0272000
v 0.0012246 0.0072000 0.0269565
v 0.0022627 0.0072000 0.0262627
v 0.0029565 0.0072000 0.0252246
v 0.0032000 0.0072000 0.0240000
v 0.0029565 0.0072000 0.0227754
v 0.0022627 0.0072000 0.0217373
v 0.0012246 0.0072000 0.0210435
v 0.0029565 0.0080000 0.0227754
v 0.0032000 0.0080000 0.0240000
v 0.0022627 0.0080000 0.0217373
v 0.0012246 0.0080000 0.0210435
v 0.0000000 0.0080000 0.0208000
v -0.0012246 0.0080000 0.0210435
v -0.0022627 0.0080000 0.0217373
v -0.0029565 0.0080000 0.0227754
v -0.0032000 0.0080000 0.0240000
v -0.0029565 0.0080000 0.0252246
v -0.0022627 0.0080000 0.0262627
v -0.0012246 0.0080000 0.0269565
v 0.0000000 0.0080000 0.0272000
v 0.0012246 0.0080000 0.0269565
v 0.0022627 0.0080000 0.0262627
v 0.0029565 0.0080000 0.0252246
v 0.0013777 0.0048000 0.0193260
v 0.0000000 0.0048000 0.0196000
v 0.0025456 0.0048000 0.0200000
v 0.0025456 0.0080000 0.0200000
v 0.0025456 0.0080000 0.0193872
v 0.0025456 0.0048000 0.0193872
v 0.0024818 0.0080000 0.0191469
v 0.0024818 0.0048000 0.0191469
v 0.0022721 0.0080000 0.0190080
v 0.0022721 0.0048000 0.0190080
v 0.0020393 0.0080000 0.0190519
v 0.0020393 0.0048000 0.0190519
v 0.0013777 0.0080000 0.0193261
v -0.0013777 0.0048000 0.0193260
v -0.0025456 0.0080000 0.0193872
v -0.0025456 0.0080000 0.0200000
v -0.0025456 0.0048000 0.0200000
v -0.0025456 0.0048000 0.0193872
v -0.0020393 0.0048000 0.0190519
v -0.0024818 0.0080000 0.0191469
v -0.0024818 0.0048000 0.0191469
v -0.0022721 0.0080000 0.0190080
v -0.0022721 0.0048000 0.0190080
v -0.0020393 0.0080000 0.0190519
v -0.0013777 0.0080000 0.0193261
v 0.0036000 0.0080000 0.0196000
v -0.0036000 0.0080000 0.0196000
v 0.0036000 0.0080000 0.0200000
v -0.0036000 0.0080000 0.0200000
v 0.0000000 0.0080000 0.0204000
v 0.0013777 0.0080000 0.0206740
v 0.0013777 0.0048000 0.0206740
v 0.0000000 0.0048000 0.0204000
v 0.0025456 0.0080000 0.0206128
v 0.0025456 0.0048000 0.0206128
v 0.0024818 0.0080000 0.0208531
v 0.0024818 0.0048000 0.0208531
v 0.0022721 0.0080000 0.0209920
v 0.0022721 0.0048000 0.0209920
v 0.0020393 0.0080000 0.0209481
v 0.0020393 0.0048000 0.0209481
v 0.0025456 0.0080000 0.0214544
v 0.0013777 0.0080000 0.0206739
v -0.0013777 0.0048000 0.0206740
v -0.0013777 0.0080000 0.0206740
v -0.0025456 0.0080000 0.0206128
v -0.0025456 0.0048000 0.0206128
v -0.0020393 0.0048000 0.0209481
v -0.0024818 0.0080000 0.0208531
v -0.0024818 0.0048000 0.0208531
v -0.0022721 0.0080000 0.0209920
v -0.0022721 0.0048000 0.0209920
v -0.0020393 0.0080000 0.0209481
v -0.0013777 0.0080000 0.0206739
v -0.0025456 0.0080000 0.0214544
v 0.0033260 0.0080000 0.0226223
v 0.0036000 0.0080000 0.0240000
v 0.0036000 0.0080000 0.0204000
v -0.0036000 0.0080000 0.0204000
v -0.0036000 0.0080000 0.0240000
v -0.0033260 0.0080000 0.0226223
v -0.0033260 0.0080000 0.0253777
v -0.0025456 0.0080000 0.0265456
v -0.0013777 0.0080000 0.0273260
v 0.0000000 0.0080000 0.0276000
v 0.0013777 0.0080000 0.0273260
v 0.0025456 0.0080000 0.0265456
v 0.0033260 0.0080000 0.0253777
v 0.0029565 0.0000000 0.0307754
v 0.0033260 0.0000000 0.0306223
v 0.0036000 0.0000000 0.0320000
v 0.0032000 0.0000000 0.0320000
v 0.0022627 0.0000000 0.0297373
v 0.0025456 0.0000000 0.0294544
v 0.0012246 0.0000000 0.0290435
v 0.0013777 0.0000000 0.0286740
v 0.0000000 0.0000000 0.0288000
v 0.0000000 0.0000000 0.0284000
v -0.0012246 0.0000000 0.0290435
v -0.0013777 0.0000000 0.0286740
v -0.0022627 0.0000000 0.0297373
v -0.0025456 0.0000000 0.0294544
v -0.0029565 0.0000000 0.0307754
v -0.0033260 0.0000000 0.0306223
v -0.0032000 0.0000000 0.0320000
v -0.0036000 0.0000000 0.0320000
v -0.0029565 0.0000000 0.0332246
v -0.0033260 0.0000000 0.0333777
v -0.0022627 0.0000000 0.0342627
v -0.0025456 0.0000000 0.0345456
v -0.0012246 0.0000000 0.0349565
v -0.0013777 0.0000000 0.0353260
v 0.0000000 0.0000000 0.0352000
v 0.0000000 0.0000000 0.0356000
v 0.0012246 0.0000000 0.0349565
v 0.0013777 0.0000000 0.0353260
v 0.0022627 0.0000000 0.0342627
v 0.0025456 0.0000000 0.0345456
v 0.0029565 0.0000000 0.0332246
v 0.0033260 0.0000000 0.0333777
v 0.0013777 0.0032000 0.0273260
v 0.0000000 0.0032000 0.0276000
v 0.0025456 0.0000000 0.0273872
v 0.0025456 0.0000000 0.0280000
v 0.0025456 0.0032000 0.0280000
v 0.0025456 0.0032000 0.0273872
v 0.0024818 0.0000000 0.0271469
v 0.0024818 0.0032000 0.0271469
v 0.0022721 0.0000000 0.0270080
v 0.0022721 0.0032000 0.0270080
v 0.0020393 0.0000000 0.0270519
v 0.0020393 0.0032000 0.0270519
v 0.0013777 0.0000000 0.0273261
v -0.0013777 0.0032000 0.0273260
v -0.0025456 0.0032000 0.0280000
v -0.0025456 0.0000000 0.0280000
v -0.0025456 0.0000000 0.0273872
v -0.0025456 0.0032000 0.0273872
v -0.0020393 0.0032000 0.0270519
v -0.0024818 0.0000000 0.0271469
v -0.0024818 0.0032000 0.0271469
v -0.0022721 0.0000000 0.0270080
v -0.0022721 0.0032000 0.0270080
v -0.0020393 0.0000000 0.0270519
v -0.0013777 0.0000000 0.0273261
v 0.0036000 0.0000000 0.0276000
v -0.0036000 0.0000000 0.0276000
v 0.0036000 0.0000000 0.0280000
v -0.0036000 0.0000000 0.0280000
v 0.0013777 0.0032000 0.0286740
v 0.0000000 0.0032000 0.0284000
v 0.0025456 0.0000000 0.0286128
v 0.0025456 0.0032000 0.0286128
v 0.0024818 0.0000000 0.0288531
v 0.0024818 0.0032000 0.0288531
v 0.0022721 0.0000000 0.0289920
v 0.0022721 0.0032000 0.0289920
v 0.0020393 0.0000000 0.0289481
v 0.0020393 0.0032000 0.0289481
v 0.0013777 0.0000000 0.0286739
v -0.0013777 0.0032000 0.0286740
v -0.0025456 0.0000000 0.0286128
v -0.0025456 0.0032000 0.0286128
v -0.0020393 0.0032000 0.0289481
v -0.0024818 0.0000000 0.0288531
v -0.0024818 0.0032000 0.0288531
v -0.0022721 0.0000000 0.0289920
v -0.0022721 0.0032000 0.0289920
v -0.0020393 0.0000000 0.0289481
v -0.0013777 0.0000000 0.0286739
v 0.0036000 0.0000000 0.0284000
v -0.0036000 0.0000000 0.0284000
v 0.0000000 0.0008000 0.0296000
v -0.0009185 0.0008000 0.0297826
v -0.0012246 0.0008000 0.0290435
v 0.0000000 0.0008000 0.0288000
v -0.0016970 0.0008000 0.0303030
v -0.0022627 0.0008000 0.0297373
v -0.0022174 0.0008000 0.0310815
v -0.0029565 0.0008000 0.0307754
v -0.0024000 0.0008000 0.0320000
v -0.0032000 0.0008000 0.0320000
v -0.0022174 0.0008000 0.0329185
v -0.0029565 0.0008000 0.0332246
v -0.0016970 0.0008000 0.0336970
v -0.0022627 0.0008000 0.0342627
v -0.0009185 0.0008000 0.0342174
v -0.0012246 0.0008000 0.0349565
v 0.0000000 0.0008000 0.0344000
v 0.0000000 0.0008000 0.0352000
v 0.0009185 0.0008000 0.0342174
v 0.0012246 0.0008000 0.0349565
v 0.0016970 0.0008000 0.0336970
v 0.0022627 0.0008000 0.0342627
v 0.0022174 0.0008000 0.0329185
v 0.0029565 0.0008000 0.0332246
v 0.0024000 0.0008000 0.0320000
v 0.0032000 0.0008000 0.0320000
v 0.0022174 0.0008000 0.0310815
v 0.0029565 0.0008000 0.0307754
v 0.0016970 0.0008000 0.0303030
v 0.0022627 0.0008000 0.0297373
v 0.0009185 0.0008000 0.0297826
v 0.0012246 0.0008000 0.0290435
v 0.0024000 0.0072000 0.0320000
v 0.0022174 0.0072000 0.0310815
v 0.0016970 0.0072000 0.0303030
v 0.0009185 0.0072000 0.0297826
v 0.0000000 0.0072000 0.0296000
v -0.0009185 0.0072000 0.0297826
v -0.0016970 0.0072000 0.0303030
v -0.0022174 0.0072000 0.0310815
v -0.0024000 0.0072000 0.0320000
v -0.0022174 0.0072000 0.0329185
v -0.0016970 0.0072000 0.0336970
v -0.0009185 0.0072000 0.0342174
v 0.0000000 0.0072000 0.0344000
v 0.0009185 0.0072000 0.0342174
v 0.0016970 0.0072000 0.0336970
v 0.0022174 0.0072000 0.0329185
v -0.0012246 0.0072000 0.0290435
v 0.0000000 0.0072000 0.0288000
v -0.0022627 0.0072000 0.0297373
v -0.0029565 0.0072000 0.0307754
v -0.0032000 0.0072000 0.0320000
v -0.0029565 0.0072000 0.0332246
v -0.0022627 0.0072000 0.0342627
v -0.0012246 0.0072000 0.0349565
v 0.0000000 0.0072000 0.0352000
v 0.0012246 0.0072000 0.0349565
v 0.0022627 0.0072000 0.0342627
v 0.0029565 0.0072000 0.0332246
v 0.0032000 0.0072000 0.0320000
v 0.0029565 0.0072000 0.0307754
v 0.0022627 0.0072000 0.0297373
v 0.0012246 0.0072000 0.0290435
v 0.0029565 0.0080000 0.0307754
v 0.0032000 0.0080000 0.0320000
v 0.0022627 0.0080000 0.0297373
v 0.0012246 0.0080000 0.0290435
v 0.0000000 0.0080000 0.0288000
v -0.0012246 0.0080000 0.0290435
v -0.0022627 0.0080000 0.0297373
v -0.0029565 0.0080000 0.0307754
v -0.0032000 0.0080000 0.0320000
v -0.0029565 0.0080000 0.0332246
v -0.0022627 0.0080000 0.0342627
v -0.0012246 0.0080000 0.0349565
v 0.0000000 0.0080000 0.0352000
v 0.0012246 0.0080000 0.0349565
v 0.0022627 0.0080000 0.0342627
v 0.0029565 0.0080000 0.0332246
v 0.0013777 0.0048000 0.0273260
v 0.0000000 0.0048000 0.0276000
v 0.0025456 0.0048000 0.0280000
v 0.0025456 0.0080000 0.0280000
v 0.0025456 0.0080000 0.0273872
v 0.0025456 0.0048000 0.0273872
v 0.0024818 0.0080000 0.0271469
v 0.0024818 0.0048000 0.0271469
v 0.0022721 0.0080000 0.0270080
v 0.0022721 0.0048000 0.0270080
v 0.0020393 0.0080000 0.0270519
v 0.0020393 0.0048000 0.0270519
v 0.0013777 0.0080000 0.0273261
v -0.0013777 0.0048000 0.0273260
v -0.0025456 0.0080000 0.0273872
v -0.0025456 0.0080000 0.0280000
v -0.0025456 0.0048000 0.0280000
v -0.0025456 0.0048000 0.0273872
v -0.0020393 0.0048000 0.0270519
v -0.0024818 0.0080000 0.0271469
v -0.0024818 0.0048000 0.0271469
v -0.0022721 0.0080000 0.0270080
v -0.0022721 0.0048000 0.0270080
v -0.0020393 0.0080000 0.0270519
v -0.0013777 0.0080000 0.0273261
v 0.0036000 0.0080000 0.0276000
v -0.0036000 0.0080000 0.0276000
v 0.0036000 0.0080000 0.0280000
v -0.0036000 0.0080000 0.0280000
v 0.0000000 0.0080000 0.0284000
v 0.0013777 0.0080000 0.0286740
v 0.0013777 0.0048000 0.0286740
v 0.0000000 0.0048000 0.0284000
v 0.0025456 0.0080000 0.0286128
v 0.0025456 0.0048000 0.0286128
v 0.0024818 0.0080000 0.0288531
v 0.0024818 0.0048000 0.0288531
v 0.0022721 0.0080000 0.0289920
v 0.0022721 0.0048000 0.0289920
v 0.0020393 0.0080000 0.0289481
v 0.0020393 0.0048000 0.0289481
v 0.0025456 0.0080000 0.0294544
v 0.0013777 0.0080000 0.0286739
v -0.0013777 0.0048000 0.0286740
v -0.0013777 0.0080000 0.0286740
v -0.0025456 0.0080000 0.0286128
v -0.0025456 0.0048000 0.0286128
v -0.0020393 0.0048000 0.0289481
v -0.0024818 0.0080000 0.0288531
v -0.0024818 0.0048000 0.0288531
v -0.0022721 0.0080000 0.0289920
v -0.0022721 0.0048000 0.0289920
v -0.0020393 0.0080000 0.0289481
v -0.0013777 0.0080000 0.0286739
v -0.0025456 0.0080000 0.0294544
v 0.0033260 0.0080000 0.0306223
v 0.0036000 0.0080000 0.0320000
v 0.0036000 0.0080000 0.0284000
v -0.0036000 0.0080000 0.0284000
v -0.0036000 0.0080000 0.0320000
v -0.0033260 0.0080000 0.0306223
v -0.0033260 0.0080000 0.0333777
v -0.0025456 0.0080000 0.0345456
v -0.0013777 0.0080000 0.0353260
v 0.0000000 0.0080000 0.0356000
v 0.0013777 0.0080000 0.0353260
v 0.0025456 0.0080000 0.0345456
v 0.0033260 0.0080000 0.0333777
v 0.0029565 0.0000000 0.0387754
v 0.0033260 0.0000000 0.0386223
v 0.0032000 0.0000000 0.0400000
v 0.0022627 0.0000000 0.0377373
v 0.0025456 0.0000000 0.0374544
v 0.0012246 0.0000000 0.0370435
v 0.0013777 0.0000000 0.0366740
v 0.0000000 0.0000000 0.0368000
v 0.0000000 0.0000000 0.0364000
v -0.0012246 0.0000000 0.0370435
v -0.0013777 0.0000000 0.0366740
v -0.0022627 0.0000000 0.0377373
v -0.0025456 0.0000000 0.0374544
v -0.0029565 0.0000000 0.0387754
v -0.0033260 0.0000000 0.0386223
v -0.0032000 0.0000000 0.0400000
v -0.0029565 0.0000000 0.0412246
v -0.0022627 0.0000000 0.0422627
v -0.0012246 0.0000000 0.0429565
v 0.0000000 0.0000000 0.0432000
v 0.0012246 0.0000000 0.0429565
v 0.0022627 0.0000000 0.0422627
v 0.0029565 0.0000000 0.0412246
v 0.0013777 0.0032000 0.0353260
v 0.0000000 0.0032000 0.0356000
v 0.0025456 0.0000000 0.0353872
v 0.0025456 0.0000000 0.0360000
v 0.0025456 0.0032000 0.0360000
v 0.0025456 0.0032000 0.0353872
v 0.0024818 0.0000000 0.0351469
v 0.0024818 0.0032000 0.0351469
v 0.0022721 0.0000000 0.0350080
v 0.0022721 0.0032000 0.0350080
v 0.0020393 0.0000000 0.0350519
v 0.0020393 0.0032000 0.0350519
v 0.0013777 0.0000000 0.0353261
v -0.0013777 0.0032000 0.0353260
v -0.0025456 0.0032000 0.0360000
v -0.0025456 0.0000000 0.0360000
v -0.0025456 0.0000000 0.0353872
v -0.0025456 0.0032000 0.0353872
v -0.0020393 0.0032000 0.0350519
v -0.0024818 0.0000000 0.0351469
v -0.0024818 0.0032000 0.0351469
v -0.0022721 0.0000000 0.0350080
v -0.0022721 0.0032000 0.0350080
v -0.0020393 0.0000000 0.0350519
v -0.0013777 0.0000000 0.0353261
v 0.0036000 0.0000000 0.0356000
v -0.0036000 0.0000000 0.0356000
v 0.0036000 0.0000000 0.0360000
v -0.0036000 0.0000000 0.0360000
v 0.0013777 0.0032000 0.0366740
v 0.0000000 0.0032000 0.0364000
v 0.0025456 0.0000000 0.0366128
v 0.0025456 0.0032000 0.0366128
v 0.0024818 0.0000000 0.0368531
v 0.0024818 0.0032000 0.0368531
v 0.0022721 0.0000000 0.0369920
v 0.0022721 0.0032000 0.0369920
v 0.0020393 0.0000000 0.0369481
v 0.0020393 0.0032000 0.0369481
v 0.0013777 0.0000000 0.0366739
v -0.0013777 0.0032000 0.0366740
v -0.0025456 0.0000000 0.0366128
v -0.0025456 0.0032000 0.0366128
v -0.0020393 0.0032000 0.0369481
v -0.0024818 0.0000000 0.0368531
v -0.0024818 0.0032000 0.0368531
v -0.0022721 0.0000000 0.0369920
v -0.0022721 0.0032000 0.0369920
v -0.0020393 0.0000000 0.0369481
v -0.0013777 0.0000000 0.0366739
v 0.0036000 0.0000000 0.0364000
v -0.0036000 0.0000000 0.0364000
v 0.0000000 0.0008000 0.0376000
v -0.0009185 0.0008000 0.0377826
v -0.0012246 0.0008000 0.0370435
v 0.0000000 0.0008000 0.0368000
v -0.0016970 0.0008000 0.0383030
v -0.0022627 0.0008000 0.0377373
v -0.0022174 0.0008000 0.0390815
v -0.0029565 0.0008000 0.0387754
v -0.0024000 0.0008000 0.0400000
v -0.0032000 0.0008000 0.0400000
v -0.0022174 0.0008000 0.0409185
v -0.0029565 0.0008000 0.0412246
v -0.0016970 0.0008000 0.0416970
v -0.0022627 0.0008000 0.0422627
v -0.0009185 0.0008000 0.0422174
v -0.0012246 0.0008000 0.0429565
v 0.0000000 0.0008000 0.0424000
v 0.0000000 0.0008000 0.0432000
v 0.0009185 0.0008000 0.0422174
v 0.0012246 0.0008000 0.0429565
v 0.0016970 0.0008000 0.0416970
v 0.0022627 0.0008000 0.0422627
v 0.0022174 0.0008000 0.0409185
v 0.0029565 0.0008000 0.0412246
v 0.0024000 0.0008000 0.0400000
v 0.0032000 0.0008000 0.0400000
v 0.0022174 0.0008000 0.0390815
v 0.0029565 0.0008000 0.0387754
v 0.0016970 0.0008000 0.0383030
v 0.0022627 0.0008000 0.0377373
v 0.0009185 0.0008000 0.0377826
v 0.0012246 0.0008000 0.0370435
v 0.0024000 0.0072000 0.0400000
v 0.0022174 0.0072000 0.0390815
v 0.0016970 0.0072000 0.0383030
v 0.0009185 0.0072000 0.0377826
v 0.0000000 0.0072000 0.0376000
v -0.0009185 0.0072000 0.0377826
v -0.0016970 0.0072000 0.0383030
v -0.0022174 0.0072000 0.0390815
v -0.0024000 0.0072000 0.0400000
v -0.0022174 0.0072000 0.0409185
v -0.0016970 0.0072000 0.0416970
v -0.0009185 0.0072000 0.0422174
v 0.0000000 0.0072000 0.0424000
v 0.0009185 0.0072000 0.0422174
v 0.0016970 0.0072000 0.0416970
v 0.0022174 0.0072000 0.0409185
v -0.0012246 0.0072000 0.0370435
v 0.0000000 0.0072000 0.0368000
v -0.0022627 0.0072000 0.0377373
v -0.0029565 0.0072000 0.0387754
v -0.0032000 0.0072000 0.0400000
v -0.0029565 0.0072000 0.0412246
v -0.0022627 0.0072000 0.0422627
v -0.0012246 0.0072000 0.0429565
v 0.0000000 0.0072000 0.0432000
v 0.0012246 0.0072000 0.0429565
v 0.0022627 0.0072000 0.0422627
v 0.0029565 0.0072000 0.0412246
v 0.0032000 0.0072000 0.0400000
v 0.0029565 0.0072000 0.0387754
v 0.0022627 0.0072000 0.0377373
v 0.0012246 0.0072000 0.0370435
v 0.0029565 0.0080000 0.0387754
v 0.0032000 0.0080000 0.0400000
v 0.0022627 0.0080000 0.0377373
v 0.0012246 0.0080000 0.0370435
v 0.0000000 0.0080000 0.0368000
v -0.0012246 0.0080000 0.0370435
v -0.0022627 0.0080000 0.0377373
v -0.0029565 0.0080000 0.0387754
v -0.0032000 0.0080000 0.0400000
v -0.0029565 0.0080000 0.0412246
v -0.0022627 0.0080000 0.0422627
v -0.0012246 0.0080000 0.0429565
v 0.0000000 0.0080000 0.0432000
v 0.0012246 0.0080000 0.0429565
v 0.0022627 0.0080000 0.0422627
v 0.0029565 0.0080000 0.0412246
v 0.0013777 0.0048000 0.0353260
v 0.0000000 0.0048000 0.0356000
v 0.0025456 0.0048000 0.0360000
v 0.0025456 0.0080000 0.0360000
v 0.0025456 0.0080000 0.0353872
v 0.0025456 0.0048000 0.0353872
v 0.0024818 0.0080000 0.0351469
v 0.0024818 0.0048000 0.0351469
v 0.0022721 0.0080000 0.0350080
v 0.0022721 0.0048000 0.0350080
v 0.0020393 0.0080000 0.0350519
v 0.0020393 0.0048000 0.0350519
v 0.0013777 0.0080000 0.0353261
v -0.0013777 0.0048000 0.0353260
v -0.0025456 0.0080000 0.0353872
v -0.0025456 0.0080000 0.0360000
v -0.0025456 0.0048000 0.0360000
v -0.0025456 0.0048000 0.0353872
v -0.0020393 0.0048000 0.0350519
v -0.0024818 0.0080000 0.0351469
v -0.0024818 0.0048000 0.0351469
v -0.0022721 0.0080000 0.0350080
v -0.0022721 0.0048000 0.0350080
v -0.0020393 0.0080000 0.0350519
v -0.0013777 0.0080000 0.0353261
v 0.0036000 0.0080000 0.0356000
v -0.0036000 0.0080000 0.0356000
v 0.0036000 0.0080000 0.0360000
v -0.0036000 0.0080000 0.0360000
v 0.0000000 0.0080000 0.0364000
v 0.0013777 0.0080000 0.0366740
v 0.0013777 0.0048000 0.0366740
v 0.0000000 0.0048000 0.0364000
v 0.0025456 0.0080000 0.0366128
v 0.0025456 0.0048000 0.0366128
v 0.0024818 0.0080000 0.0368531
v 0.0024818 0.0048000 0.0368531
v 0.0022721 0.0080000 0.0369920
v 0.0022721 0.0048000 0.0369920
v 0.0020393 0.0080000 0.0369481
v 0.0020393 0.0048000 0.0369481
v 0.0025456 0.0080000 0.0374544
v 0.0013777 0.0080000 0.0366739
v -0.0013777 0.0048000 0.0366740
v -0.0013777 0.0080000 0.0366740
v -0.0025456 0.0080000 0.0366128
v -0.0025456 0.0048000 0.0366128
v -0.0020393 0.0048000 0.0369481
v -0.0024818 0.0080000 0.0368531
v -0.0024818 0.0048000 0.0368531
v -0.0022721 0.0080000 0.0369920
v -0.0022721 0.0048000 0.0369920
v -0.0020393 0.0080000 0.0369481
v -0.0013777 0.0080000 0.0366739
v -0.0025456 0.0080000 0.0374544
v 0.0033260 0.0080000 0.0386223
v 0.0036000 0.0080000 0.0364000
v -0.0036000 0.0080000 0.0364000
v -0.0033260 0.0080000 0.0386223
vn 0.9999781 0.0 0.0066218
vn 0.8965369 0.0 0.4429691
vn 0.9471783 0.0 0.3207075
vn 0.9999986 0.0 0.0016979
vn 0.6587815 0.0 0.7523344
vn 0.7523344 0.0 0.6587815
vn 0.3207075 0.0 0.9471783
vn 0.4429691 0.0 0.8965369
vn -0.0661489 0.0 0.9978098
vn 0.0661489 0.0 0.9978098
vn -0.4429691 0.0 0.8965369
vn -0.3207075 0.0 0.9471783
vn -0.7523344 0.0 0.6587815
vn -0.6587815 0.0 0.7523344
vn -0.9471783 0.0 0.3207075
vn -0.8965369 0.0 0.4429691
vn -0.9999986 0.0 0.0016979
vn -0.9999781 0.0 0.0066218
vn 0.9999986 0.0 -0.0016979
vn 0.9999781 0.0 -0.0066218
vn -0.9999781 0.0 -0.0066218
vn -0.9999986 0.0 -0.0016979
vn -0.8965369 0.0 -0.4429691
vn -0.9471783 0.0 -0.3207075
vn -0.6587815 0.0 -0.7523344
vn -0.7523344 0.0 -0.6587815
vn -0.3207075 0.0 -0.9471783
vn -0.4429691 0.0 -0.8965369
vn 0.0661489 0.0 -0.9978098
vn -0.0661489 0.0 -0.9978098
vn 0.4429691 0.0 -0.8965369
vn 0.3207075 0.0 -0.9471783
vn 0.7523344 0.0 -0.6587815
vn 0.6587815 0.0 -0.7523344
vn 0.9471783 0.0 -0.3207075
vn 0.8965369 0.0 -0.4429691
vn -0.947177 0.0 0.3207111
vn -0.8964963 0.0 0.4430513
vn -0.9978115 0.0 0.0661224
vn -0.9978115 0.0 -0.0661224
vn -0.752294 0.0 0.6588276
vn -0.6588276 0.0 0.752294
vn -0.4430513 0.0 0.8964963
vn -0.3207111 0.0 0.947177
vn -0.0661224 0.0 0.9978115
vn 0.0661224 0.0 0.9978115
vn 0.3207111 0.0 0.947177
vn 0.4430513 0.0 0.8964963
vn 0.6588276 0.0 0.752294
vn 0.752294 0.0 0.6588276
vn 0.8964963 0.0 0.4430513
vn 0.947177 0.0 0.3207111
vn 0.9978115 0.0 0.0661224
vn 0.9978115 0.0 -0.0661224
vn 0.947177 0.0 -0.3207111
vn 0.8964963 0.0 -0.4430513
vn 0.752294 0.0 -0.6588276
vn 0.6588276 0.0 -0.752294
vn 0.4430513 0.0 -0.8964963
vn 0.3207111 0.0 -0.947177
vn 0.0661224 0.0 -0.9978115
vn -0.0661224 0.0 -0.9978115
vn -0.3207111 0.0 -0.947177
vn -0.4430513 0.0 -0.8964963
vn -0.6588276 0.0 -0.752294
vn -0.752294 0.0 -0.6588276
vn -0.8964963 0.0 -0.4430513
vn -0.947177 0.0 -0.3207111
vn 0.0 1.0 0.0
vn 0.0 -1.0 0.0
vn -0.9471761 0.0 0.3207139
vn -0.8965142 0.0 0.4430151
vn -0.9978107 0.0 0.066135
vn -0.9978107 0.0 -0.066135
vn -0.7523142 0.0 0.6588045
vn -0.6588045 0.0 0.7523142
vn -0.4430151 0.0 0.8965142
vn -0.3207139 0.0 0.9471761
vn -0.066135 0.0 0.9978107
vn 0.066135 0.0 0.9978107
vn 0.3207139 0.0 0.9471761
vn 0.4430151 0.0 0.8965142
vn 0.6588045 0.0 0.7523142
vn 0.7523142 0.0 0.6588045
vn 0.8965142 0.0 0.4430151
vn 0.9471761 0.0 0.3207139
vn 0.9978107 0.0 0.066135
vn 0.9978107 0.0 -0.066135
vn 0.9471761 0.0 -0.3207139
vn 0.8965142 0.0 -0.4430151
vn 0.7523142 0.0 -0.6588045
vn 0.6588045 0.0 -0.7523142
vn 0.4430151 0.0 -0.8965142
vn 0.3207139 0.0 -0.9471761
vn 0.066135 0.0 -0.9978107
vn -0.066135 0.0 -0.9978107
vn -0.3207139 0.0 -0.9471761
vn -0.4430151 0.0 -0.8965142
vn -0.6588045 0.0 -0.7523142
vn -0.7523142 0.0 -0.6588045
vn -0.8965142 0.0 -0.4430151
vn -0.9471761 0.0 -0.3207139
vn 0.0 0.0 1.0
vn 0.1950619 0.0 0.9807909
vn 0.2595795 4.9e-06 0.9657218
vn -0.9990542 0.0 0.0434816
vn -1.0 0.0 0.0
vn -0.9932593 0.0 0.1159136
vn -0.8782583 0.0 0.4781865
vn -0.7313087 0.0 0.6820466
vn -0.3375795 0.0 0.941297
vn -0.0754544 0.0 0.9971493
vn 0.3350481 1.09e-05 0.942201
vn 0.3350014 0.0 0.9422176
vn -0.2339164 0.0 0.9722567
vn -0.2912222 0.0 0.9566554
vn 1.0 0.0 0.0
vn 0.9990542 0.0 0.0434816
vn 0.9932593 0.0 0.1159136
vn 0.8782583 0.0 0.4781865
vn 0.7313087 0.0 0.6820466
vn 0.3375795 0.0 0.941297
vn 0.0754544 0.0 0.9971493
vn -0.305692 0.0 0.9521305
vn -0.3556481 0.0 0.9346199
vn 0.3828697 2.89e-05 0.9238023
vn 0.2595795 4.9e-06 -0.9657218
vn 0.1950619 0.0 -0.9807909
vn 0.0 0.0 -1.0
vn -0.9990542 0.0 -0.0434816
vn -0.9932593 0.0 -0.1159136
vn -0.8782583 0.0 -0.4781865
vn -0.7313087 0.0 -0.6820466
vn -0.3375795 0.0 -0.941297
vn -0.0754544 0.0 -0.9971493
vn 0.3350481 1.09e-05 -0.942201
vn 0.3350014 0.0 -0.9422176
vn -0.2912222 0.0 -0.9566554
vn -0.2339164 0.0 -0.9722567
vn 0.9990542 0.0 -0.0434816
vn 0.9932593 0.0 -0.1159136
vn 0.8782583 0.0 -0.4781865
vn 0.7313087 0.0 -0.6820466
vn 0.3375795 0.0 -0.941297
vn 0.0754544 0.0 -0.9971493
vn -0.305692 0.0 -0.9521305
vn -0.3556481 0.0 -0.9346199
vn 0.3828697 2.89e-05 -0.9238023
vn 0.2595795 -4.9e-06 0.9657218
vn 0.3350481 -1.09e-05 0.942201
vn 0.3828697 -2.89e-05 0.9238023
vn 0.2595795 -4.9e-06 -0.9657218
vn 0.3350481 -1.09e-05 -0.942201
vn 0.3828697 -2.89e-05 -0.9238023
f 1//1 2//2 3//3
f 4//4 1//1 3//3
f 2//2 5//5 6//6
f 3//3 2//2 6//6
f 5//5 7//7 8//8
f 6//6 5//5 8//8
f 7//7 9//9 10//10
f 8//8 7//7 10//10
f 9//9 11//11 12//12
f 10//10 9//9 12//12
f 11//11 13//13 14//14
f 12//12 11//11 14//14
f 13//13 15//15 16//16
f 14//14 13//13 16//16
f 15//15 17//17 18//18
f 16//16 15//15 18//18
f 19//19 1//1 4//4
f 20//20 19//19 4//4
f 17//17 21//21 22//22
f 18//18 17//17 22//22
f 21//21 23//23 24//24
f 22//22 21//21 24//24
f 23//23 25//25 26//26
f 24//24 23//23 26//26
f 25//25 27//27 28//28
f 26//26 25//25 28//28
f 27//27 29//29 30//30
f 28//28 27//27 30//30
f 29//29 31//31 32//32
f 30//30 29//29 32//32
f 31//31 33//33 34//34
f 32//32 31//31 34//34
f 33//33 35//35 36//36
f 34//34 33//33 36//36
f 35//35 19//19 20//20
f 36//36 35//35 20//20
f 37//37 38//38 39//39
f 40//40 37//37 39//39
f 41//41 42//42 38//38
f 37//37 41//41 38//38
f 43//43 44//44 42//42
f 41//41 43//43 42//42
f 45//45 46//46 44//44
f 43//43 45//45 44//44
f 47//47 48//48 46//46
f 45//45 47//47 46//46
f 49//49 50//50 48//48
f 47//47 49//49 48//48
f 51//51 52//52 50//50
f 49//49 51//51 50//50
f 53//53 54//54 52//52
f 51//51 53//53 52//52
f 55//55 56//56 54//54
f 53//53 55//55 54//54
f 57//57 58//58 56//56
f 55//55 57//57 56//56
f 59//59 60//60 58//58
f 57//57 59//59 58//58
f 61//61 62//62 60//60
f 59//59 61//61 60//60
f 63//63 64//64 62//62
f 61//61 63//63 62//62
f 65//65 66//66 64//64
f 63//63 65//65 64//64
f 67//67 68//68 66//66
f 65//65 67//67 66//66
f 40//40 39//39 68//68
f 67//67 40//40 68//68
f 19//69 35//69 69//69
f 19//69 69//69 70//69
f 35//69 33//69 71//69
f 35//69 71//69 69//69
f 33//69 31//69 72//69
f 33//69 72//69 71//69
f 31//69 29//69 73//69
f 31//69 73//69 72//69
f 29//69 27//69 74//69
f 29//69 74//69 73//69
f 27//69 25//69 75//69
f 27//69 75//69 74//69
f 25//69 23//69 76//69
f 25//69 76//69 75//69
f 23//69 21//69 77//69
f 23//69 77//69 76//69
f 21//69 78//69 79//69
f 21//69 79//69 77//69
f 78//69 80//69 81//69
f 78//69 81//69 79//69
f 80//69 82//69 83//69
f 80//69 83//69 81//69
f 82//69 84//69 85//69
f 82//69 85//69 83//69
f 84//69 86//69 87//69
f 84//69 87//69 85//69
f 86//69 88//69 89//69
f 86//69 89//69 87//69
f 88//69 90//69 91//69
f 88//69 91//69 89//69
f 90//69 19//69 70//69
f 90//69 70//69 91//69
f 22//70 24//70 92//70
f 22//70 92//70 93//70
f 24//70 26//70 94//70
f 24//70 94//70 92//70
f 26//70 28//70 95//70
f 26//70 95//70 94//70
f 28//70 30//70 96//70
f 28//70 96//70 95//70
f 30//70 32//70 97//70
f 30//70 97//70 96//70
f 32//70 34//70 98//70
f 32//70 98//70 97//70
f 34//70 36//70 99//70
f 34//70 99//70 98//70
f 36//70 20//70 100//70
f 36//70 100//70 99//70
f 20//70 101//70 102//70
f 20//70 102//70 100//70
f 101//70 103//70 104//70
f 101//70 104//70 102//70
f 103//70 105//70 106//70
f 103//70 106//70 104//70
f 105//70 107//70 108//70
f 105//70 108//70 106//70
f 107//70 109//70 110//70
f 107//70 110//70 108//70
f 109//70 111//70 112//70
f 109//70 112//70 110//70
f 111//70 113//70 114//70
f 111//70 114//70 112//70
f 113//70 22//70 93//70
f 113//70 93//70 114//70
f 115//69 47//69 45//69
f 115//69 45//69 116//69
f 117//69 49//69 47//69
f 117//69 47//69 115//69
f 118//69 51//69 49//69
f 118//69 49//69 117//69
f 119//69 53//69 51//69
f 119//69 51//69 118//69
f 120//69 55//69 53//69
f 120//69 53//69 119//69
f 121//69 57//69 55//69
f 121//69 55//69 120//69
f 122//69 59//69 57//69
f 122//69 57//69 121//69
f 123//69 61//69 59//69
f 123//69 59//69 122//69
f 124//69 63//69 61//69
f 124//69 61//69 123//69
f 125//69 65//69 63//69
f 125//69 63//69 124//69
f 126//69 67//69 65//69
f 126//69 65//69 125//69
f 127//69 40//69 67//69
f 127//69 67//69 126//69
f 128//69 37//69 40//69
f 128//69 40//69 127//69
f 129//69 41//69 37//69
f 129//69 37//69 128//69
f 130//69 43//69 41//69
f 130//69 41//69 129//69
f 116//69 45//69 43//69
f 116//69 43//69 130//69
f 69//71 128//72 127//73
f 70//74 69//71 127//73
f 71//75 129//76 128//72
f 69//71 71//75 128//72
f 72//77 130//78 129//76
f 71//75 72//77 129//76
f 73//79 116//80 130//78
f 72//77 73//79 130//78
f 74//81 115//82 116//80
f 73//79 74//81 116//80
f 75//83 117//84 115//82
f 74//81 75//83 115//82
f 76//85 118//86 117//84
f 75//83 76//85 117//84
f 77//87 119//88 118//86
f 76//85 77//87 118//86
f 79//89 120//90 119//88
f 77//87 79//89 119//88
f 81//91 121//92 120//90
f 79//89 81//91 120//90
f 83//93 122//94 121//92
f 81//91 83//93 121//92
f 85//95 123//96 122//94
f 83//93 85//95 122//94
f 87//97 124//98 123//96
f 85//95 87//97 123//96
f 89//99 125//100 124//98
f 87//97 89//99 124//98
f 91//101 126//102 125//100
f 89//99 91//101 125//100
f 70//74 127//73 126//102
f 91//101 70//74 126//102
f 46//70 48//70 131//70
f 132//70 46//70 131//70
f 48//70 50//70 133//70
f 131//70 48//70 133//70
f 50//70 52//70 134//70
f 133//70 50//70 134//70
f 52//70 54//70 135//70
f 134//70 52//70 135//70
f 54//70 56//70 136//70
f 135//70 54//70 136//70
f 56//70 58//70 137//70
f 136//70 56//70 137//70
f 58//70 60//70 138//70
f 137//70 58//70 138//70
f 60//70 62//70 139//70
f 138//70 60//70 139//70
f 62//70 64//70 140//70
f 139//70 62//70 140//70
f 64//70 66//70 141//70
f 140//70 64//70 141//70
f 66//70 68//70 142//70
f 141//70 66//70 142//70
f 68//70 39//70 143//70
f 142//70 68//70 143//70
f 39//70 38//70 144//70
f 143//70 39//70 144//70
f 38//70 42//70 145//70
f 144//70 38//70 145//70
f 42//70 44//70 146//70
f 145//70 42//70 146//70
f 44//70 46//70 132//70
f 146//70 44//70 132//70
f 143//73 144//72 99//71
f 143//73 99//71 100//74
f 144//72 145//76 98//75
f 144//72 98//75 99//71
f 145//76 146//78 97//77
f 145//76 97//77 98//75
f 146//78 132//80 96//79
f 146//78 96//79 97//77
f 132//80 131//82 95//81
f 132//80 95//81 96//79
f 131//82 133//84 94//83
f 131//82 94//83 95//81
f 133//84 134//86 92//85
f 133//84 92//85 94//83
f 134//86 135//88 93//87
f 134//86 93//87 92//85
f 135//88 136//90 114//89
f 135//88 114//89 93//87
f 136//90 137//92 112//91
f 136//90 112//91 114//89
f 137//92 138//94 110//93
f 137//92 110//93 112//91
f 138//94 139//96 108//95
f 138//94 108//95 110//93
f 139//96 140//98 106//97
f 139//96 106//97 108//95
f 140//98 141//100 104//99
f 140//98 104//99 106//97
f 141//100 142//102 102//101
f 141//100 102//101 104//99
f 142//102 143//73 100//74
f 142//102 100//74 102//101
f 147//70 148//70 149//70
f 150//70 147//70 149//70
f 151//70 152//70 148//70
f 147//70 151//70 148//70
f 153//70 154//70 152//70
f 151//70 153//70 152//70
f 155//70 156//70 154//70
f 153//70 155//70 154//70
f 157//70 158//70 156//70
f 155//70 157//70 156//70
f 159//70 160//70 158//70
f 157//70 159//70 158//70
f 161//70 162//70 160//70
f 159//70 161//70 160//70
f 163//70 164//70 162//70
f 161//70 163//70 162//70
f 165//70 166//70 164//70
f 163//70 165//70 164//70
f 167//70 168//70 166//70
f 165//70 167//70 166//70
f 169//70 170//70 168//70
f 167//70 169//70 168//70
f 171//70 172//70 170//70
f 169//70 171//70 170//70
f 173//70 174//70 172//70
f 171//70 173//70 172//70
f 175//70 176//70 174//70
f 173//70 175//70 174//70
f 177//70 178//70 176//70
f 175//70 177//70 176//70
f 150//70 149//70 178//70
f 177//70 150//70 178//70
f 107//103 105//104 179//105
f 180//103 107//103 179//105
f 181//106 182//107 183//107
f 184//108 181//106 183//107
f 183//70 180//70 179//70
f 185//109 181//106 184//108
f 185//109 184//108 186//110
f 187//111 185//109 186//110
f 187//111 186//110 188//112
f 189//113 187//111 188//112
f 189//113 188//112 190//114
f 190//70 188//70 186//70
f 184//70 190//70 186//70
f 103//70 189//70 191//70
f 103//70 187//70 189//70
f 185//70 187//70 103//70
f 181//70 185//70 103//70
f 192//115 109//116 107//103
f 192//115 107//103 180//103
f 193//117 194//117 195//118
f 193//117 195//118 196//119
f 192//70 193//70 196//70
f 197//70 192//70 196//70
f 196//119 195//118 198//120
f 199//121 196//119 198//120
f 199//121 198//120 200//122
f 201//123 199//121 200//122
f 201//123 200//122 202//124
f 197//125 201//123 202//124
f 199//70 201//70 197//70
f 199//70 197//70 196//70
f 203//70 202//70 111//70
f 111//70 202//70 200//70
f 198//70 111//70 200//70
f 195//70 111//70 198//70
f 179//70 190//70 184//70
f 183//70 179//70 184//70
f 180//70 193//70 192//70
f 183//70 193//70 180//70
f 179//105 191//126 189//113
f 190//114 179//105 189//113
f 197//125 202//124 109//116
f 192//115 197//125 109//116
f 101//70 20//70 204//70
f 103//70 101//70 204//70
f 205//70 22//70 113//70
f 205//70 113//70 111//70
f 181//70 103//70 204//70
f 182//70 181//70 204//70
f 206//70 182//70 204//70
f 111//70 195//70 205//70
f 194//70 207//70 205//70
f 195//70 194//70 205//70
f 208//127 154//128 156//129
f 208//127 156//129 209//129
f 183//107 182//107 210//130
f 183//107 210//130 211//131
f 208//70 209//70 183//70
f 211//131 210//130 212//132
f 213//133 211//131 212//132
f 213//133 212//132 214//134
f 215//135 213//133 214//134
f 215//135 214//134 216//136
f 217//137 215//135 216//136
f 213//70 215//70 217//70
f 213//70 217//70 211//70
f 218//70 216//70 152//70
f 216//70 214//70 152//70
f 152//70 214//70 212//70
f 152//70 212//70 210//70
f 156//129 158//138 219//139
f 209//129 156//129 219//139
f 220//140 194//117 193//117
f 221//141 220//140 193//117
f 221//70 193//70 219//70
f 221//70 219//70 222//70
f 223//142 220//140 221//141
f 223//142 221//141 224//143
f 225//144 223//142 224//143
f 225//144 224//143 226//145
f 227//146 225//144 226//145
f 227//146 226//145 222//147
f 222//70 226//70 224//70
f 221//70 222//70 224//70
f 160//70 227//70 228//70
f 225//70 227//70 160//70
f 225//70 160//70 223//70
f 223//70 160//70 220//70
f 211//70 217//70 208//70
f 211//70 208//70 183//70
f 219//70 193//70 209//70
f 209//70 193//70 183//70
f 216//136 218//148 208//127
f 216//136 208//127 217//137
f 158//138 227//146 222//147
f 158//138 222//147 219//139
f 229//70 149//70 148//70
f 229//70 148//70 152//70
f 162//70 164//70 230//70
f 160//70 162//70 230//70
f 229//70 152//70 210//70
f 229//70 210//70 182//70
f 229//70 182//70 206//70
f 230//70 220//70 160//70
f 230//70 207//70 194//70
f 230//70 194//70 220//70
f 231//70 232//70 233//70
f 234//70 231//70 233//70
f 232//70 235//70 236//70
f 233//70 232//70 236//70
f 235//70 237//70 238//70
f 236//70 235//70 238//70
f 237//70 239//70 240//70
f 238//70 237//70 240//70
f 239//70 241//70 242//70
f 240//70 239//70 242//70
f 241//70 243//70 244//70
f 242//70 241//70 244//70
f 243//70 245//70 246//70
f 244//70 243//70 246//70
f 245//70 247//70 248//70
f 246//70 245//70 248//70
f 247//70 249//70 250//70
f 248//70 247//70 250//70
f 249//70 251//70 252//70
f 250//70 249//70 252//70
f 251//70 253//70 254//70
f 252//70 251//70 254//70
f 253//70 255//70 256//70
f 254//70 253//70 256//70
f 255//70 257//70 258//70
f 256//70 255//70 258//70
f 257//70 259//70 260//70
f 258//70 257//70 260//70
f 259//70 261//70 262//70
f 260//70 259//70 262//70
f 261//70 231//70 234//70
f 262//70 261//70 234//70
f 256//73 258//72 147//71
f 256//73 147//71 150//74
f 258//72 260//76 151//75
f 258//72 151//75 147//71
f 260//76 262//78 153//77
f 260//76 153//77 151//75
f 262//78 234//80 155//79
f 262//78 155//79 153//77
f 234//80 233//82 157//81
f 234//80 157//81 155//79
f 233//82 236//84 159//83
f 233//82 159//83 157//81
f 236//84 238//86 161//85
f 236//84 161//85 159//83
f 238//86 240//88 163//87
f 238//86 163//87 161//85
f 240//88 242//90 165//89
f 240//88 165//89 163//87
f 242//90 244//92 167//91
f 242//90 167//91 165//89
f 244//92 246//94 169//93
f 244//92 169//93 167//91
f 246//94 248//96 171//95
f 246//94 171//95 169//93
f 248//96 250//98 173//97
f 248//96 173//97 171//95
f 250//98 252//100 175//99
f 250//98 175//99 173//97
f 252//100 254//102 177//101
f 252//100 177//101 175//99
f 254//102 256//73 150//74
f 254//102 150//74 177//101
f 263//39 264//38 257//37
f 263//39 257//37 255//40
f 264//38 265//42 259//41
f 264//38 259//41 257//37
f 265//42 266//44 261//43
f 265//42 261//43 259//41
f 266//44 267//46 231//45
f 266//44 231//45 261//43
f 267//46 268//48 232//47
f 267//46 232//47 231//45
f 268//48 269//50 235//49
f 268//48 235//49 232//47
f 269//50 270//52 237//51
f 269//50 237//51 235//49
f 270//52 271//54 239//53
f 270//52 239//53 237//51
f 271//54 272//56 241//55
f 271//54 241//55 239//53
f 272//56 273//58 243//57
f 272//56 243//57 241//55
f 273//58 274//60 245//59
f 273//58 245//59 243//57
f 274//60 275//62 247//61
f 274//60 247//61 245//59
f 275//62 276//64 249//63
f 275//62 249//63 247//61
f 276//64 277//66 251//65
f 276//64 251//65 249//63
f 277//66 278//68 253//67
f 277//66 253//67 251//65
f 278//68 263//39 255//40
f 278//68 255//40 253//67
f 279//69 268//69 267//69
f 279//69 267//69 280//69
f 281//69 269//69 268//69
f 281//69 268//69 279//69
f 282//69 270//69 269//69
f 282//69 269//69 281//69
f 283//69 271//69 270//69
f 283//69 270//69 282//69
f 284//69 272//69 271//69
f 284//69 271//69 283//69
f 285//69 273//69 272//69
f 285//69 272//69 284//69
f 286//69 274//69 273//69
f 286//69 273//69 285//69
f 287//69 275//69 274//69
f 287//69 274//69 286//69
f 288//69 276//69 275//69
f 288//69 275//69 287//69
f 289//69 277//69 276//69
f 289//69 276//69 288//69
f 290//69 278//69 277//69
f 290//69 277//69 289//69
f 291//69 263//69 278//69
f 291//69 278//69 290//69
f 292//69 264//69 263//69
f 292//69 263//69 291//69
f 293//69 265//69 264//69
f 293//69 264//69 292//69
f 294//69 266//69 265//69
f 294//69 265//69 293//69
f 280//69 267//69 266//69
f 280//69 266//69 294//69
f 295//71 292//72 291//73
f 296//74 295//71 291//73
f 297//75 293//76 292//72
f 295//71 297//75 292//72
f 298//77 294//78 293//76
f 297//75 298//77 293//76
f 299//79 280//80 294//78
f 298//77 299//79 294//78
f 300//81 279//82 280//80
f 299//79 300//81 280//80
f 301//83 281//84 279//82
f 300//81 301//83 279//82
f 302//85 282//86 281//84
f 301//83 302//85 281//84
f 303//87 283//88 282//86
f 302//85 303//87 282//86
f 304//89 284//90 283//88
f 303//87 304//89 283//88
f 305//91 285//92 284//90
f 304//89 305//91 284//90
f 306//93 286//94 285//92
f 305//91 306//93 285//92
f 307//95 287//96 286//94
f 306//93 307//95 286//94
f 308//97 288//98 287//96
f 307//95 308//97 287//96
f 309//99 289//100 288//98
f 308//97 309//99 288//98
f 310//101 290//102 289//100
f 309//99 310//101 289//100
f 296//74 291//73 290//102
f 310//101 296//74 290//102
f 311//149 86//104 84//103
f 311//149 84//103 312//103
f 313//107 314//107 315//106
f 313//107 315//106 316//108
f 311//69 312//69 313//69
f 316//108 315//106 317//109
f 318//110 316//108 317//109
f 318//110 317//109 319//111
f 320//112 318//110 319//111
f 320//112 319//111 321//150
f 322//114 320//112 321//150
f 318//69 320//69 322//69
f 318//69 322//69 316//69
f 323//69 321//69 88//69
f 321//69 319//69 88//69
f 88//69 319//69 317//69
f 88//69 317//69 315//69
f 84//103 82//116 324//115
f 312//103 84//103 324//115
f 325//118 326//117 327//117
f 328//119 325//118 327//117
f 328//69 327//69 324//69
f 328//69 324//69 329//69
f 330//120 325//118 328//119
f 330//120 328//119 331//121
f 332//122 330//120 331//121
f 332//122 331//121 333//123
f 334//124 332//122 333//123
f 334//124 333//123 329//125
f 329//69 333//69 331//69
f 328//69 329//69 331//69
f 80//69 334//69 335//69
f 332//69 334//69 80//69
f 332//69 80//69 330//69
f 330//69 80//69 325//69
f 316//69 322//69 311//69
f 316//69 311//69 313//69
f 324//69 327//69 312//69
f 312//69 327//69 313//69
f 321//150 323//151 311//149
f 321//150 311//149 322//114
f 82//116 334//124 329//125
f 82//116 329//125 324//115
f 336//69 19//69 90//69
f 336//69 90//69 88//69
f 78//69 21//69 337//69
f 80//69 78//69 337//69
f 336//69 88//69 315//69
f 336//69 315//69 314//69
f 336//69 314//69 338//69
f 337//69 325//69 80//69
f 337//69 339//69 326//69
f 337//69 326//69 325//69
f 340//129 341//128 342//152
f 343//129 340//129 342//152
f 344//130 314//107 313//107
f 345//131 344//130 313//107
f 313//69 343//69 342//69
f 346//132 344//130 345//131
f 346//132 345//131 347//133
f 348//134 346//132 347//133
f 348//134 347//133 349//135
f 350//153 348//134 349//135
f 350//153 349//135 351//137
f 351//69 349//69 347//69
f 345//69 351//69 347//69
f 352//69 350//69 353//69
f 352//69 348//69 350//69
f 346//69 348//69 352//69
f 344//69 346//69 352//69
f 354//139 355//138 340//129
f 354//139 340//129 343//129
f 327//117 326//117 356//140
f 327//117 356//140 357//141
f 354//69 327//69 357//69
f 358//69 354//69 357//69
f 357//141 356//140 359//142
f 360//143 357//141 359//142
f 360//143 359//142 361//144
f 362//145 360//143 361//144
f 362//145 361//144 363//146
f 358//147 362//145 363//146
f 360//69 362//69 358//69
f 360//69 358//69 357//69
f 364//69 363//69 365//69
f 365//69 363//69 361//69
f 359//69 365//69 361//69
f 356//69 365//69 359//69
f 342//69 351//69 345//69
f 313//69 342//69 345//69
f 343//69 327//69 354//69
f 313//69 327//69 343//69
f 342//152 353//154 350//153
f 351//137 342//152 350//153
f 358//147 363//146 355//138
f 354//139 358//147 355//138
f 366//69 367//69 368//69
f 352//69 366//69 368//69
f 369//69 370//69 371//69
f 369//69 371//69 365//69
f 344//69 352//69 368//69
f 314//69 344//69 368//69
f 338//69 314//69 368//69
f 365//69 356//69 369//69
f 326//69 339//69 369//69
f 356//69 326//69 369//69
f 367//69 366//69 295//69
f 367//69 295//69 296//69
f 366//69 352//69 297//69
f 366//69 297//69 295//69
f 352//69 341//69 298//69
f 352//69 298//69 297//69
f 341//69 340//69 299//69
f 341//69 299//69 298//69
f 340//69 355//69 300//69
f 340//69 300//69 299//69
f 355//69 365//69 301//69
f 355//69 301//69 300//69
f 365//69 371//69 302//69
f 365//69 302//69 301//69
f 371//69 370//69 303//69
f 371//69 303//69 302//69
f 370//69 372//69 304//69
f 370//69 304//69 303//69
f 372//69 373//69 305//69
f 372//69 305//69 304//69
f 373//69 374//69 306//69
f 373//69 306//69 305//69
f 374//69 375//69 307//69
f 374//69 307//69 306//69
f 375//69 376//69 308//69
f 375//69 308//69 307//69
f 376//69 377//69 309//69
f 376//69 309//69 308//69
f 377//69 378//69 310//69
f 377//69 310//69 309//69
f 378//69 367//69 296//69
f 378//69 296//69 310//69
f 379//70 380//70 381//70
f 382//70 379//70 381//70
f 383//70 384//70 380//70
f 379//70 383//70 380//70
f 385//70 386//70 384//70
f 383//70 385//70 384//70
f 387//70 388//70 386//70
f 385//70 387//70 386//70
f 389//70 390//70 388//70
f 387//70 389//70 388//70
f 391//70 392//70 390//70
f 389//70 391//70 390//70
f 393//70 394//70 392//70
f 391//70 393//70 392//70
f 395//70 396//70 394//70
f 393//70 395//70 394//70
f 397//70 398//70 396//70
f 395//70 397//70 396//70
f 399//70 400//70 398//70
f 397//70 399//70 398//70
f 401//70 402//70 400//70
f 399//70 401//70 400//70
f 403//70 404//70 402//70
f 401//70 403//70 402//70
f 405//70 406//70 404//70
f 403//70 405//70 404//70
f 407//70 408//70 406//70
f 405//70 407//70 406//70
f 409//70 410//70 408//70
f 407//70 409//70 408//70
f 382//70 381//70 410//70
f 409//70 382//70 410//70
f 172//103 174//104 411//105
f 412//103 172//103 411//105
f 413//106 414//107 415//107
f 416//108 413//106 415//107
f 415//70 412//70 411//70
f 417//109 413//106 416//108
f 417//109 416//108 418//110
f 419//111 417//109 418//110
f 419//111 418//110 420//112
f 421//113 419//111 420//112
f 421//113 420//112 422//114
f 422//70 420//70 418//70
f 416//70 422//70 418//70
f 176//70 421//70 423//70
f 176//70 419//70 421//70
f 417//70 419//70 176//70
f 413//70 417//70 176//70
f 424//115 170//116 172//103
f 424//115 172//103 412//103
f 425//117 426//117 427//118
f 425//117 427//118 428//119
f 424//70 425//70 428//70
f 429//70 424//70 428//70
f 428//119 427//118 430//120
f 431//121 428//119 430//120
f 431//121 430//120 432//122
f 433//123 431//121 432//122
f 433//123 432//122 434//124
f 429//125 433//123 434//124
f 431//70 433//70 429//70
f 431//70 429//70 428//70
f 435//70 434//70 168//70
f 168//70 434//70 432//70
f 430//70 168//70 432//70
f 427//70 168//70 430//70
f 411//70 422//70 416//70
f 415//70 411//70 416//70
f 412//70 425//70 424//70
f 415//70 425//70 412//70
f 411//105 423//126 421//113
f 422//114 411//105 421//113
f 429//125 434//124 170//116
f 424//115 429//125 170//116
f 178//70 149//70 436//70
f 176//70 178//70 436//70
f 437//70 164//70 166//70
f 437//70 166//70 168//70
f 413//70 176//70 436//70
f 414//70 413//70 436//70
f 438//70 414//70 436//70
f 168//70 427//70 437//70
f 426//70 439//70 437//70
f 427//70 426//70 437//70
f 440//127 386//128 388//129
f 440//127 388//129 441//129
f 415//107 414//107 442//130
f 415//107 442//130 443//131
f 440//70 441//70 415//70
f 443//131 442//130 444//132
f 445//133 443//131 444//132
f 445//133 444//132 446//134
f 447//135 445//133 446//134
f 447//135 446//134 448//136
f 449//137 447//135 448//136
f 445//70 447//70 449//70
f 445//70 449//70 443//70
f 450//70 448//70 384//70
f 448//70 446//70 384//70
f 384//70 446//70 444//70
f 384//70 444//70 442//70
f 388//129 390//138 451//139
f 441//129 388//129 451//139
f 452//140 426//117 425//117
f 453//141 452//140 425//117
f 453//70 425//70 451//70
f 453//70 451//70 454//70
f 455//142 452//140 453//141
f 455//142 453//141 456//143
f 457//144 455//142 456//143
f 457//144 456//143 458//145
f 459//146 457//144 458//145
f 459//146 458//145 454//147
f 454//70 458//70 456//70
f 453//70 454//70 456//70
f 392//70 459//70 460//70
f 457//70 459//70 392//70
f 457//70 392//70 455//70
f 455//70 392//70 452//70
f 443//70 449//70 440//70
f 443//70 440//70 415//70
f 451//70 425//70 441//70
f 441//70 425//70 415//70
f 448//136 450//148 440//127
f 448//136 440//127 449//137
f 390//138 459//146 454//147
f 390//138 454//147 451//139
f 461//70 381//70 380//70
f 461//70 380//70 384//70
f 394//70 396//70 462//70
f 392//70 394//70 462//70
f 461//70 384//70 442//70
f 461//70 442//70 414//70
f 461//70 414//70 438//70
f 462//70 452//70 392//70
f 462//70 439//70 426//70
f 462//70 426//70 452//70
f 463//70 464//70 465//70
f 466//70 463//70 465//70
f 464//70 467//70 468//70
f 465//70 464//70 468//70
f 467//70 469//70 470//70
f 468//70 467//70 470//70
f 469//70 471//70 472//70
f 470//70 469//70 472//70
f 471//70 473//70 474//70
f 472//70 471//70 474//70
f 473//70 475//70 476//70
f 474//70 473//70 476//70
f 475//70 477//70 478//70
f 476//70 475//70 478//70
f 477//70 479//70 480//70
f 478//70 477//70 480//70
f 479//70 481//70 482//70
f 480//70 479//70 482//70
f 481//70 483//70 484//70
f 482//70 481//70 484//70
f 483//70 485//70 486//70
f 484//70 483//70 486//70
f 485//70 487//70 488//70
f 486//70 485//70 488//70
f 487//70 489//70 490//70
f 488//70 487//70 490//70
f 489//70 491//70 492//70
f 490//70 489//70 492//70
f 491//70 493//70 494//70
f 492//70 491//70 494//70
f 493//70 463//70 466//70
f 494//70 493//70 466//70
f 488//73 490//72 379//71
f 488//73 379//71 382//74
f 490//72 492//76 383//75
f 490//72 383//75 379//71
f 492//76 494//78 385//77
f 492//76 385//77 383//75
f 494//78 466//80 387//79
f 494//78 387//79 385//77
f 466//80 465//82 389//81
f 466//80 389//81 387//79
f 465//82 468//84 391//83
f 465//82 391//83 389//81
f 468//84 470//86 393//85
f 468//84 393//85 391//83
f 470//86 472//88 395//87
f 470//86 395//87 393//85
f 472//88 474//90 397//89
f 472//88 397//89 395//87
f 474//90 476//92 399//91
f 474//90 399//91 397//89
f 476//92 478//94 401//93
f 476//92 401//93 399//91
f 478//94 480//96 403//95
f 478//94 403//95 401//93
f 480//96 482//98 405//97
f 480//96 405//97 403//95
f 482//98 484//100 407//99
f 482//98 407//99 405//97
f 484//100 486//102 409//101
f 484//100 409//101 407//99
f 486//102 488//73 382//74
f 486//102 382//74 409//101
f 495//39 496//38 489//37
f 495//39 489//37 487//40
f 496//38 497//42 491//41
f 496//38 491//41 489//37
f 497//42 498//44 493//43
f 497//42 493//43 491//41
f 498//44 499//46 463//45
f 498//44 463//45 493//43
f 499//46 500//48 464//47
f 499//46 464//47 463//45
f 500//48 501//50 467//49
f 500//48 467//49 464//47
f 501//50 502//52 469//51
f 501//50 469//51 467//49
f 502//52 503//54 471//53
f 502//52 471//53 469//51
f 503//54 504//56 473//55
f 503//54 473//55 471//53
f 504//56 505//58 475//57
f 504//56 475//57 473//55
f 505//58 506//60 477//59
f 505//58 477//59 475//57
f 506//60 507//62 479//61
f 506//60 479//61 477//59
f 507//62 508//64 481//63
f 507//62 481//63 479//61
f 508//64 509//66 483//65
f 508//64 483//65 481//63
f 509//66 510//68 485//67
f 509//66 485//67 483//65
f 510//68 495//39 487//40
f 510//68 487//40 485//67
f 511//69 500//69 499//69
f 511//69 499//69 512//69
f 513//69 501//69 500//69
f 513//69 500//69 511//69
f 514//69 502//69 501//69
f 514//69 501//69 513//69
f 515//69 503//69 502//69
f 515//69 502//69 514//69
f 516//69 504//69 503//69
f 516//69 503//69 515//69
f 517//69 505//69 504//69
f 517//69 504//69 516//69
f 518//69 506//69 505//69
f 518//69 505//69 517//69
f 519//69 507//69 506//69
f 519//69 506//69 518//69
f 520//69 508//69 507//69
f 520//69 507//69 519//69
f 521//69 509//69 508//69
f 521//69 508//69 520//69
f 522//69 510//69 509//69
f 522//69 509//69 521//69
f 523//69 495//69 510//69
f 523//69 510//69 522//69
f 524//69 496//69 495//69
f 524//69 495//69 523//69
f 525//69 497//69 496//69
f 525//69 496//69 524//69
f 526//69 498//69 497//69
f 526//69 497//69 525//69
f 512//69 499//69 498//69
f 512//69 498//69 526//69
f 527//71 524//72 523//73
f 528//74 527//71 523//73
f 529//75 525//76 524//72
f 527//71 529//75 524//72
f 530//77 526//78 525//76
f 529//75 530//77 525//76
f 531//79 512//80 526//78
f 530//77 531//79 526//78
f 532//81 511//82 512//80
f 531//79 532//81 512//80
f 533//83 513//84 511//82
f 532//81 533//83 511//82
f 534//85 514//86 513//84
f 533//83 534//85 513//84
f 535//87 515//88 514//86
f 534//85 535//87 514//86
f 536//89 516//90 515//88
f 535//87 536//89 515//88
f 537//91 517//92 516//90
f 536//89 537//91 516//90
f 538//93 518//94 517//92
f 537//91 538//93 517//92
f 539//95 519//96 518//94
f 538//93 539//95 518//94
f 540//97 520//98 519//96
f 539//95 540//97 519//96
f 541//99 521//100 520//98
f 540//97 541//99 520//98
f 542//101 522//102 521//100
f 541//99 542//101 521//100
f 528//74 523//73 522//102
f 542//101 528//74 522//102
f 543//149 376//104 375//103
f 543//149 375//103 544//103
f 545//107 546//107 547//106
f 545//107 547//106 548//108
f 543//69 544//69 545//69
f 548//108 547//106 549//109
f 550//110 548//108 549//109
f 550//110 549//109 551//111
f 552//112 550//110 551//111
f 552//112 551//111 553//150
f 554//114 552//112 553//150
f 550//69 552//69 554//69
f 550//69 554//69 548//69
f 555//69 553//69 377//69
f 553//69 551//69 377//69
f 377//69 551//69 549//69
f 377//69 549//69 547//69
f 375//103 374//116 556//115
f 544//103 375//103 556//115
f 557//118 558//117 559//117
f 560//119 557//118 559//117
f 560//69 559//69 556//69
f 560//69 556//69 561//69
f 562//120 557//118 560//119
f 562//120 560//119 563//121
f 564//122 562//120 563//121
f 564//122 563//121 565//123
f 566//124 564//122 565//123
f 566//124 565//123 561//125
f 561//69 565//69 563//69
f 560//69 561//69 563//69
f 373//69 566//69 567//69
f 564//69 566//69 373//69
f 564//69 373//69 562//69
f 562//69 373//69 557//69
f 548//69 554//69 543//69
f 548//69 543//69 545//69
f 556//69 559//69 544//69
f 544//69 559//69 545//69
f 553//150 555//151 543//149
f 553//150 543//149 554//114
f 374//116 566//124 561//125
f 374//116 561//125 556//115
f 568//69 367//69 378//69
f 568//69 378//69 377//69
f 372//69 370//69 569//69
f 373//69 372//69 569//69
f 568//69 377//69 547//69
f 568//69 547//69 546//69
f 568//69 546//69 570//69
f 569//69 557//69 373//69
f 569//69 571//69 558//69
f 569//69 558//69 557//69
f 572//129 573//128 574//152
f 575//129 572//129 574//152
f 576//130 546//107 545//107
f 577//131 576//130 545//107
f 545//69 575//69 574//69
f 578//132 576//130 577//131
f 578//132 577//131 579//133
f 580//134 578//132 579//133
f 580//134 579//133 581//135
f 582//153 580//134 581//135
f 582//153 581//135 583//137
f 583//69 581//69 579//69
f 577//69 583//69 579//69
f 584//69 582//69 585//69
f 584//69 580//69 582//69
f 578//69 580//69 584//69
f 576//69 578//69 584//69
f 586//139 587//138 572//129
f 586//139 572//129 575//129
f 559//117 558//117 588//140
f 559//117 588//140 589//141
f 586//69 559//69 589//69
f 590//69 586//69 589//69
f 589//141 588//140 591//142
f 592//143 589//141 591//142
f 592//143 591//142 593//144
f 594//145 592//143 593//144
f 594//145 593//144 595//146
f 590//147 594//145 595//146
f 592//69 594//69 590//69
f 592//69 590//69 589//69
f 596//69 595//69 597//69
f 597//69 595//69 593//69
f 591//69 597//69 593//69
f 588//69 597//69 591//69
f 574//69 583//69 577//69
f 545//69 574//69 577//69
f 575//69 559//69 586//69
f 545//69 559//69 575//69
f 574//152 585//154 582//153
f 583//137 574//152 582//153
f 590//147 595//146 587//138
f 586//139 590//147 587//138
f 598//69 599//69 600//69
f 584//69 598//69 600//69
f 601//69 602//69 603//69
f 601//69 603//69 597//69
f 576//69 584//69 600//69
f 546//69 576//69 600//69
f 570//69 546//69 600//69
f 597//69 588//69 601//69
f 558//69 571//69 601//69
f 588//69 558//69 601//69
f 599//69 598//69 527//69
f 599//69 527//69 528//69
f 598//69 584//69 529//69
f 598//69 529//69 527//69
f 584//69 573//69 530//69
f 584//69 530//69 529//69
f 573//69 572//69 531//69
f 573//69 531//69 530//69
f 572//69 587//69 532//69
f 572//69 532//69 531//69
f 587//69 597//69 533//69
f 587//69 533//69 532//69
f 597//69 603//69 534//69
f 597//69 534//69 533//69
f 603//69 602//69 535//69
f 603//69 535//69 534//69
f 602//69 604//69 536//69
f 602//69 536//69 535//69
f 604//69 605//69 537//69
f 604//69 537//69 536//69
f 605//69 606//69 538//69
f 605//69 538//69 537//69
f 606//69 607//69 539//69
f 606//69 539//69 538//69
f 607//69 608//69 540//69
f 607//69 540//69 539//69
f 608//69 609//69 541//69
f 608//69 541//69 540//69
f 609//69 610//69 542//69
f 609//69 542//69 541//69
f 610//69 599//69 528//69
f 610//69 528//69 542//69
f 611//70 612//70 613//70
f 614//70 611//70 613//70
f 615//70 616//70 612//70
f 611//70 615//70 612//70
f 617//70 618//70 616//70
f 615//70 617//70 616//70
f 619//70 620//70 618//70
f 617//70 619//70 618//70
f 621//70 622//70 620//70
f 619//70 621//70 620//70
f 623//70 624//70 622//70
f 621//70 623//70 622//70
f 625//70 626//70 624//70
f 623//70 625//70 624//70
f 627//70 628//70 626//70
f 625//70 627//70 626//70
f 629//70 630//70 628//70
f 627//70 629//70 628//70
f 631//70 632//70 630//70
f 629//70 631//70 630//70
f 633//70 634//70 632//70
f 631//70 633//70 632//70
f 635//70 636//70 634//70
f 633//70 635//70 634//70
f 637//70 638//70 636//70
f 635//70 637//70 636//70
f 639//70 640//70 638//70
f 637//70 639//70 638//70
f 641//70 642//70 640//70
f 639//70 641//70 640//70
f 614//70 613//70 642//70
f 641//70 614//70 642//70
f 404//103 406//104 643//105
f 644//103 404//103 643//105
f 645//106 646//107 647//107
f 648//108 645//106 647//107
f 647//70 644//70 643//70
f 649//109 645//106 648//108
f 649//109 648//108 650//110
f 651//111 649//109 650//110
f 651//111 650//110 652//112
f 653//113 651//111 652//112
f 653//113 652//112 654//114
f 654//70 652//70 650//70
f 648//70 654//70 650//70
f 408//70 653//70 655//70
f 408//70 651//70 653//70
f 649//70 651//70 408//70
f 645//70 649//70 408//70
f 656//115 402//116 404//103
f 656//115 404//103 644//103
f 657//117 658//117 659//118
f 657//117 659//118 660//119
f 656//70 657//70 660//70
f 661//70 656//70 660//70
f 660//119 659//118 662//120
f 663//121 660//119 662//120
f 663//121 662//120 664//122
f 665//123 663//121 664//122
f 665//123 664//122 666//124
f 661//125 665//123 666//124
f 663//70 665//70 661//70
f 663//70 661//70 660//70
f 667//70 666//70 400//70
f 400//70 666//70 664//70
f 662//70 400//70 664//70
f 659//70 400//70 662//70
f 643//70 654//70 648//70
f 647//70 643//70 648//70
f 644//70 657//70 656//70
f 647//70 657//70 644//70
f 643//105 655//126 653//113
f 654//114 643//105 653//113
f 661//125 666//124 402//116
f 656//115 661//125 402//116
f 410//70 381//70 668//70
f 408//70 410//70 668//70
f 669//70 396//70 398//70
f 669//70 398//70 400//70
f 645//70 408//70 668//70
f 646//70 645//70 668//70
f 670//70 646//70 668//70
f 400//70 659//70 669//70
f 658//70 671//70 669//70
f 659//70 658//70 669//70
f 672//127 618//128 620//129
f 672//127 620//129 673//129
f 647//107 646//107 674//130
f 647//107 674//130 675//131
f 672//70 673//70 647//70
f 675//131 674//130 676//132
f 677//133 675//131 676//132
f 677//133 676//132 678//134
f 679//135 677//133 678//134
f 679//135 678//134 680//136
f 681//137 679//135 680//136
f 677//70 679//70 681//70
f 677//70 681//70 675//70
f 682//70 680//70 616//70
f 680//70 678//70 616//70
f 616//70 678//70 676//70
f 616//70 676//70 674//70
f 620//129 622//138 683//139
f 673//129 620//129 683//139
f 684//140 658//117 657//117
f 685//141 684//140 657//117
f 685//70 657//70 683//70
f 685//70 683//70 686//70
f 687//142 684//140 685//141
f 687//142 685//141 688//143
f 689//144 687//142 688//143
f 689//144 688//143 690//145
f 691//146 689//144 690//145
f 691//146 690//145 686//147
f 686//70 690//70 688//70
f 685//70 686//70 688//70
f 624//70 691//70 692//70
f 689//70 691//70 624//70
f 689//70 624//70 687//70
f 687//70 624//70 684//70
f 675//70 681//70 672//70
f 675//70 672//70 647//70
f 683//70 657//70 673//70
f 673//70 657//70 647//70
f 680//136 682//148 672//127
f 680//136 672//127 681//137
f 622//138 691//146 686//147
f 622//138 686//147 683//139
f 693//70 613//70 612//70
f 693//70 612//70 616//70
f 626//70 628//70 694//70
f 624//70 626//70 694//70
f 693//70 616//70 674//70
f 693//70 674//70 646//70
f 693//70 646//70 670//70
f 694//70 684//70 624//70
f 694//70 671//70 658//70
f 694//70 658//70 684//70
f 695//70 696//70 697//70
f 698//70 695//70 697//70
f 696//70 699//70 700//70
f 697//70 696//70 700//70
f 699//70 701//70 702//70
f 700//70 699//70 702//70
f 701//70 703//70 704//70
f 702//70 701//70 704//70
f 703//70 705//70 706//70
f 704//70 703//70 706//70
f 705//70 707//70 708//70
f 706//70 705//70 708//70
f 707//70 709//70 710//70
f 708//70 707//70 710//70
f 709//70 711//70 712//70
f 710//70 709//70 712//70
f 711//70 713//70 714//70
f 712//70 711//70 714//70
f 713//70 715//70 716//70
f 714//70 713//70 716//70
f 715//70 717//70 718//70
f 716//70 715//70 718//70
f 717//70 719//70 720//70
f 718//70 717//70 720//70
f 719//70 721//70 722//70
f 720//70 719//70 722//70
f 721//70 723//70 724//70
f 722//70 721//70 724//70
f 723//70 725//70 726//70
f 724//70 723//70 726//70
f 725//70 695//70 698//70
f 726//70 725//70 698//70
f 720//73 722//72 611//71
f 720//73 611//71 614//74
f 722//72 724//76 615//75
f 722//72 615//75 611//71
f 724//76 726//78 617//77
f 724//76 617//77 615//75
f 726//78 698//80 619//79
f 726//78 619//79 617//77
f 698//80 697//82 621//81
f 698//80 621//81 619//79
f 697//82 700//84 623//83
f 697//82 623//83 621//81
f 700//84 702//86 625//85
f 700//84 625//85 623//83
f 702//86 704//88 627//87
f 702//86 627//87 625//85
f 704//88 706//90 629//89
f 704//88 629//89 627//87
f 706//90 708//92 631//91
f 706//90 631//91 629//89
f 708//92 710//94 633//93
f 708//92 633//93 631//91
f 710//94 712//96 635//95
f 710//94 635//95 633//93
f 712//96 714//98 637//97
f 712//96 637//97 635//95
f 714//98 716//100 639//99
f 714//98 639//99 637//97
f 716//100 718//102 641//101
f 716//100 641//101 639//99
f 718//102 720//73 614//74
f 718//102 614//74 641//101
f 727//39 728//38 721//37
f 727//39 721//37 719//40
f 728//38 729//42 723//41
f 728//38 723//41 721//37
f 729//42 730//44 725//43
f 729//42 725//43 723//41
f 730//44 731//46 695//45
f 730//44 695//45 725//43
f 731//46 732//48 696//47
f 731//46 696//47 695//45
f 732//48 733//50 699//49
f 732//48 699//49 696//47
f 733//50 734//52 701//51
f 733//50 701//51 699//49
f 734//52 735//54 703//53
f 734//52 703//53 701//51
f 735//54 736//56 705//55
f 735//54 705//55 703//53
f 736//56 737//58 707//57
f 736//56 707//57 705//55
f 737//58 738//60 709//59
f 737//58 709//59 707//57
f 738//60 739//62 711//61
f 738//60 711//61 709//59
f 739//62 740//64 713//63
f 739//62 713//63 711//61
f 740//64 741//66 715//65
f 740//64 715//65 713//63
f 741//66 742//68 717//67
f 741//66 717//67 715//65
f 742//68 727//39 719//40
f 742//68 719//40 717//67
f 743//69 732//69 731//69
f 743//69 731//69 744//69
f 745//69 733//69 732//69
f 745//69 732//69 743//69
f 746//69 734//69 733//69
f 746//69 733//69 745//69
f 747//69 735//69 734//69
f 747//69 734//69 746//69
f 748//69 736//69 735//69
f 748//69 735//69 747//69
f 749//69 737//69 736//69
f 749//69 736//69 748//69
f 750//69 738//69 737//69
f 750//69 737//69 749//69
f 751//69 739//69 738//69
f 751//69 738//69 750//69
f 752//69 740//69 739//69
f 752//69 739//69 751//69
f 753//69 741//69 740//69
f 753//69 740//69 752//69
f 754//69 742//69 741//69
f 754//69 741//69 753//69
f 755//69 727//69 742//69
f 755//69 742//69 754//69
f 756//69 728//69 727//69
f 756//69 727//69 755//69
f 757//69 729//69 728//69
f 757//69 728//69 756//69
f 758//69 730//69 729//69
f 758//69 729//69 757//69
f 744//69 731//69 730//69
f 744//69 730//69 758//69
f 759//71 756//72 755//73
f 760//74 759//71 755//73
f 761//75 757//76 756//72
f 759//71 761//75 756//72
f 762//77 758//78 757//76
f 761//75 762//77 757//76
f 763//79 744//80 758//78
f 762//77 763//79 758//78
f 764//81 743//82 744//80
f 763//79 764//81 744//80
f 765//83 745//84 743//82
f 764//81 765//83 743//82
f 766//85 746//86 745//84
f 765//83 766//85 745//84
f 767//87 747//88 746//86
f 766//85 767//87 746//86
f 768//89 748//90 747//88
f 767//87 768//89 747//88
f 769//91 749//92 748//90
f 768//89 769//91 748//90
f 770//93 750//94 749//92
f 769//91 770//93 749//92
f 771//95 751//96 750//94
f 770//93 771//95 750//94
f 772//97 752//98 751//96
f 771//95 772//97 751//96
f 773//99 753//100 752//98
f 772//97 773//99 752//98
f 774//101 754//102 753//100
f 773//99 774//101 753//100
f 760//74 755//73 754//102
f 774//101 760//74 754//102
f 775//149 608//104 607//103
f 775//149 607//103 776//103
f 777//107 778//107 779//106
f 777//107 779//106 780//108
f 775//69 776//69 777//69
f 780//108 779//106 781//109
f 782//110 780//108 781//109
f 782//110 781//109 783//111
f 784//112 782//110 783//111
f 784//112 783//111 785//150
f 786//114 784//112 785//150
f 782//69 784//69 786//69
f 782//69 786//69 780//69
f 787//69 785//69 609//69
f 785//69 783//69 609//69
f 609//69 783//69 781//69
f 609//69 781//69 779//69
f 607//103 606//116 788//115
f 776//103 607//103 788//115
f 789//118 790//117 791//117
f 792//119 789//118 791//117
f 792//69 791//69 788//69
f 792//69 788//69 793//69
f 794//120 789//118 792//119
f 794//120 792//119 795//121
f 796//122 794//120 795//121
f 796//122 795//121 797//123
f 798//124 796//122 797//123
f 798//124 797//123 793//125
f 793//69 797//69 795//69
f 792//69 793//69 795//69
f 605//69 798//69 799//69
f 796//69 798//69 605//69
f 796//69 605//69 794//69
f 794//69 605//69 789//69
f 780//69 786//69 775//69
f 780//69 775//69 777//69
f 788//69 791//69 776//69
f 776//69 791//69 777//69
f 785//150 787//151 775//149
f 785//150 775//149 786//114
f 606//116 798//124 793//125
f 606//116 793//125 788//115
f 800//69 599//69 610//69
f 800//69 610//69 609//69
f 604//69 602//69 801//69
f 605//69 604//69 801//69
f 800//69 609//69 779//69
f 800//69 779//69 778//69
f 800//69 778//69 802//69
f 801//69 789//69 605//69
f 801//69 803//69 790//69
f 801//69 790//69 789//69
f 804//129 805//128 806//152
f 807//129 804//129 806//152
f 808//130 778//107 777//107
f 809//131 808//130 777//107
f 777//69 807//69 806//69
f 810//132 808//130 809//131
f 810//132 809//131 811//133
f 812//134 810//132 811//133
f 812//134 811//133 813//135
f 814//153 812//134 813//135
f 814//153 813//135 815//137
f 815//69 813//69 811//69
f 809//69 815//69 811//69
f 816//69 814//69 817//69
f 816//69 812//69 814//69
f 810//69 812//69 816//69
f 808//69 810//69 816//69
f 818//139 819//138 804//129
f 818//139 804//129 807//129
f 791//117 790//117 820//140
f 791//117 820//140 821//141
f 818//69 791//69 821//69
f 822//69 818//69 821//69
f 821//141 820//140 823//142
f 824//143 821//141 823//142
f 824//143 823//142 825//144
f 826//145 824//143 825//144
f 826//145 825//144 827//146
f 822//147 826//145 827//146
f 824//69 826//69 822//69
f 824//69 822//69 821//69
f 828//69 827//69 829//69
f 829//69 827//69 825//69
f 823//69 829//69 825//69
f 820//69 829//69 823//69
f 806//69 815//69 809//69
f 777//69 806//69 809//69
f 807//69 791//69 818//69
f 777//69 791//69 807//69
f 806//152 817//154 814//153
f 815//137 806//152 814//153
f 822//147 827//146 819//138
f 818//139 822//147 819//138
f 830//69 831//69 832//69
f 816//69 830//69 832//69
f 833//69 834//69 835//69
f 833//69 835//69 829//69
f 808//69 816//69 832//69
f 778//69 808//69 832//69
f 802//69 778//69 832//69
f 829//69 820//69 833//69
f 790//69 803//69 833//69
f 820//69 790//69 833//69
f 831//69 830//69 759//69
f 831//69 759//69 760//69
f 830//69 816//69 761//69
f 830//69 761//69 759//69
f 816//69 805//69 762//69
f 816//69 762//69 761//69
f 805//69 804//69 763//69
f 805//69 763//69 762//69
f 804//69 819//69 764//69
f 804//69 764//69 763//69
f 819//69 829//69 765//69
f 819//69 765//69 764//69
f 829//69 835//69 766//69
f 829//69 766//69 765//69
f 835//69 834//69 767//69
f 835//69 767//69 766//69
f 834//69 836//69 768//69
f 834//69 768//69 767//69
f 836//69 837//69 769//69
f 836//69 769//69 768//69
f 837//69 838//69 770//69
f 837//69 770//69 769//69
f 838//69 839//69 771//69
f 838//69 771//69 770//69
f 839//69 840//69 772//69
f 839//69 772//69 771//69
f 840//69 841//69 773//69
f 840//69 773//69 772//69
f 841//69 842//69 774//69
f 841//69 774//69 773//69
f 842//69 831//69 760//69
f 842//69 760//69 774//69
f 843//70 844//70 845//70
f 846//70 843//70 845//70
f 847//70 848//70 844//70
f 843//70 847//70 844//70
f 849//70 850//70 848//70
f 847//70 849//70 848//70
f 851//70 852//70 850//70
f 849//70 851//70 850//70
f 853//70 854//70 852//70
f 851//70 853//70 852//70
f 855//70 856//70 854//70
f 853//70 855//70 854//70
f 857//70 858//70 856//70
f 855//70 857//70 856//70
f 859//70 860//70 858//70
f 857//70 859//70 858//70
f 861//70 862//70 860//70
f 859//70 861//70 860//70
f 863//70 864//70 862//70
f 861//70 863//70 862//70
f 865//70 866//70 864//70
f 863//70 865//70 864//70
f 867//70 868//70 866//70
f 865//70 867//70 866//70
f 869//70 870//70 868//70
f 867//70 869//70 868//70
f 871//70 872//70 870//70
f 869//70 871//70 870//70
f 873//70 874//70 872//70
f 871//70 873//70 872//70
f 846//70 845//70 874//70
f 873//70 846//70 874//70
f 636//103 638//104 875//105
f 876//103 636//103 875//105
f 877//106 878//107 879//107
f 880//108 877//106 879//107
f 879//70 876//70 875//70
f 881//109 877//106 880//108
f 881//109 880//108 882//110
f 883//111 881//109 882//110
f 883//111 882//110 884//112
f 885//113 883//111 884//112
f 885//113 884//112 886//114
f 886//70 884//70 882//70
f 880//70 886//70 882//70
f 640//70 885//70 887//70
f 640//70 883//70 885//70
f 881//70 883//70 640//70
f 877//70 881//70 640//70
f 888//115 634//116 636//103
f 888//115 636//103 876//103
f 889//117 890//117 891//118
f 889//117 891//118 892//119
f 888//70 889//70 892//70
f 893//70 888//70 892//70
f 892//119 891//118 894//120
f 895//121 892//119 894//120
f 895//121 894//120 896//122
f 897//123 895//121 896//122
f 897//123 896//122 898//124
f 893//125 897//123 898//124
f 895//70 897//70 893//70
f 895//70 893//70 892//70
f 899//70 898//70 632//70
f 632//70 898//70 896//70
f 894//70 632//70 896//70
f 891//70 632//70 894//70
f 875//70 886//70 880//70
f 879//70 875//70 880//70
f 876//70 889//70 888//70
f 879//70 889//70 876//70
f 875//105 887//126 885//113
f 886//114 875//105 885//113
f 893//125 898//124 634//116
f 888//115 893//125 634//116
f 642//70 613//70 900//70
f 640//70 642//70 900//70
f 901//70 628//70 630//70
f 901//70 630//70 632//70
f 877//70 640//70 900//70
f 878//70 877//70 900//70
f 902//70 878//70 900//70
f 632//70 891//70 901//70
f 890//70 903//70 901//70
f 891//70 890//70 901//70
f 904//127 850//128 852//129
f 904//127 852//129 905//129
f 879//107 878//107 906//130
f 879//107 906//130 907//131
f 904//70 905//70 879//70
f 907//131 906//130 908//132
f 909//133 907//131 908//132
f 909//133 908//132 910//134
f 911//135 909//133 910//134
f 911//135 910//134 912//136
f 913//137 911//135 912//136
f 909//70 911//70 913//70
f 909//70 913//70 907//70
f 914//70 912//70 848//70
f 912//70 910//70 848//70
f 848//70 910//70 908//70
f 848//70 908//70 906//70
f 852//129 854//138 915//139
f 905//129 852//129 915//139
f 916//140 890//117 889//117
f 917//141 916//140 889//117
f 917//70 889//70 915//70
f 917//70 915//70 918//70
f 919//142 916//140 917//141
f 919//142 917//141 920//143
f 921//144 919//142 920//143
f 921//144 920//143 922//145
f 923//146 921//144 922//145
f 923//146 922//145 918//147
f 918//70 922//70 920//70
f 917//70 918//70 920//70
f 856//70 923//70 924//70
f 921//70 923//70 856//70
f 921//70 856//70 919//70
f 919//70 856//70 916//70
f 907//70 913//70 904//70
f 907//70 904//70 879//70
f 915//70 889//70 905//70
f 905//70 889//70 879//70
f 912//136 914//148 904//127
f 912//136 904//127 913//137
f 854//138 923//146 918//147
f 854//138 918//147 915//139
f 925//70 845//70 844//70
f 925//70 844//70 848//70
f 858//70 860//70 926//70
f 856//70 858//70 926//70
f 925//70 848//70 906//70
f 925//70 906//70 878//70
f 925//70 878//70 902//70
f 926//70 916//70 856//70
f 926//70 903//70 890//70
f 926//70 890//70 916//70
f 927//70 928//70 929//70
f 930//70 927//70 929//70
f 928//70 931//70 932//70
f 929//70 928//70 932//70
f 931//70 933//70 934//70
f 932//70 931//70 934//70
f 933//70 935//70 936//70
f 934//70 933//70 936//70
f 935//70 937//70 938//70
f 936//70 935//70 938//70
f 937//70 939//70 940//70
f 938//70 937//70 940//70
f 939//70 941//70 942//70
f 940//70 939//70 942//70
f 941//70 943//70 944//70
f 942//70 941//70 944//70
f 943//70 945//70 946//70
f 944//70 943//70 946//70
f 945//70 947//70 948//70
f 946//70 945//70 948//70
f 947//70 949//70 950//70
f 948//70 947//70 950//70
f 949//70 951//70 952//70
f 950//70 949//70 952//70
f 951//70 953//70 954//70
f 952//70 951//70 954//70
f 953//70 955//70 956//70
f 954//70 953//70 956//70
f 955//70 957//70 958//70
f 956//70 955//70 958//70
f 957//70 927//70 930//70
f 958//70 957//70 930//70
f 952//73 954//72 843//71
f 952//73 843//71 846//74
f 954//72 956//76 847//75
f 954//72 847//75 843//71
f 956//76 958//78 849//77
f 956//76 849//77 847//75
f 958//78 930//80 851//79
f 958//78 851//79 849//77
f 930//80 929//82 853//81
f 930//80 853//81 851//79
f 929//82 932//84 855//83
f 929//82 855//83 853//81
f 932//84 934//86 857//85
f 932//84 857//85 855//83
f 934//86 936//88 859//87
f 934//86 859//87 857//85
f 936//88 938//90 861//89
f 936//88 861//89 859//87
f 938//90 940//92 863//91
f 938//90 863//91 861//89
f 940//92 942//94 865//93
f 940//92 865//93 863//91
f 942//94 944//96 867//95
f 942//94 867//95 865//93
f 944//96 946//98 869//97
f 944//96 869//97 867//95
f 946//98 948//100 871//99
f 946//98 871//99 869//97
f 948//100 950//102 873//101
f 948//100 873//101 871//99
f 950//102 952//73 846//74
f 950//102 846//74 873//101
f 959//39 960//38 953//37
f 959//39 953//37 951//40
f 960//38 961//42 955//41
f 960//38 955//41 953//37
f 961//42 962//44 957//43
f 961//42 957//43 955//41
f 962//44 963//46 927//45
f 962//44 927//45 957//43
f 963//46 964//48 928//47
f 963//46 928//47 927//45
f 964//48 965//50 931//49
f 964//48 931//49 928//47
f 965//50 966//52 933//51
f 965//50 933//51 931//49
f 966//52 967//54 935//53
f 966//52 935//53 933//51
f 967//54 968//56 937//55
f 967//54 937//55 935//53
f 968//56 969//58 939//57
f 968//56 939//57 937//55
f 969//58 970//60 941//59
f 969//58 941//59 939//57
f 970//60 971//62 943//61
f 970//60 943//61 941//59
f 971//62 972//64 945//63
f 971//62 945//63 943//61
f 972//64 973//66 947//65
f 972//64 947//65 945//63
f 973//66 974//68 949//67
f 973//66 949//67 947//65
f 974//68 959//39 951//40
f 974//68 951//40 949//67
f 975//69 964//69 963//69
f 975//69 963//69 976//69
f 977//69 965//69 964//69
f 977//69 964//69 975//69
f 978//69 966//69 965//69
f 978//69 965//69 977//69
f 979//69 967//69 966//69
f 979//69 966//69 978//69
f 980//69 968//69 967//69
f 980//69 967//69 979//69
f 981//69 969//69 968//69
f 981//69 968//69 980//69
f 982//69 970//69 969//69
f 982//69 969//69 981//69
f 983//69 971//69 970//69
f 983//69 970//69 982//69
f 984//69 972//69 971//69
f 984//69 971//69 983//69
f 985//69 973//69 972//69
f 985//69 972//69 984//69
f 986//69 974//69 973//69
f 986//69 973//69 985//69
f 987//69 959//69 974//69
f 987//69 974//69 986//69
f 988//69 960//69 959//69
f 988//69 959//69 987//69
f 989//69 961//69 960//69
f 989//69 960//69 988//69
f 990//69 962//69 961//69
f 990//69 961//69 989//69
f 976//69 963//69 962//69
f 976//69 962//69 990//69
f 991//71 988//72 987//73
f 992//74 991//71 987//73
f 993//75 989//76 988//72
f 991//71 993//75 988//72
f 994//77 990//78 989//76
f 993//75 994//77 989//76
f 995//79 976//80 990//78
f 994//77 995//79 990//78
f 996//81 975//82 976//80
f 995//79 996//81 976//80
f 997//83 977//84 975//82
f 996//81 997//83 975//82
f 998//85 978//86 977//84
f 997//83 998//85 977//84
f 999//87 979//88 978//86
f 998//85 999//87 978//86
f 1000//89 980//90 979//88
f 999//87 1000//89 979//88
f 1001//91 981//92 980//90
f 1000//89 1001//91 980//90
f 1002//93 982//94 981//92
f 1001//91 1002//93 981//92
f 1003//95 983//96 982//94
f 1002//93 1003//95 982//94
f 1004//97 984//98 983//96
f 1003//95 1004//97 983//96
f 1005//99 985//100 984//98
f 1004//97 1005//99 984//98
f 1006//101 986//102 985//100
f 1005//99 1006//101 985//100
f 992//74 987//73 986//102
f 1006//101 992//74 986//102
f 1007//149 840//104 839//103
f 1007//149 839//103 1008//103
f 1009//107 1010//107 1011//106
f 1009//107 1011//106 1012//108
f 1007//69 1008//69 1009//69
f 1012//108 1011//106 1013//109
f 1014//110 1012//108 1013//109
f 1014//110 1013//109 1015//111
f 1016//112 1014//110 1015//111
f 1016//112 1015//111 1017//150
f 1018//114 1016//112 1017//150
f 1014//69 1016//69 1018//69
f 1014//69 1018//69 1012//69
f 1019//69 1017//69 841//69
f 1017//69 1015//69 841//69
f 841//69 1015//69 1013//69
f 841//69 1013//69 1011//69
f 839//103 838//116 1020//115
f 1008//103 839//103 1020//115
f 1021//118 1022//117 1023//117
f 1024//119 1021//118 1023//117
f 1024//69 1023//69 1020//69
f 1024//69 1020//69 1025//69
f 1026//120 1021//118 1024//119
f 1026//120 1024//119 1027//121
f 1028//122 1026//120 1027//121
f 1028//122 1027//121 1029//123
f 1030//124 1028//122 1029//123
f 1030//124 1029//123 1025//125
f 1025//69 1029//69 1027//69
f 1024//69 1025//69 1027//69
f 837//69 1030//69 1031//69
f 1028//69 1030//69 837//69
f 1028//69 837//69 1026//69
f 1026//69 837//69 1021//69
f 1012//69 1018//69 1007//69
f 1012//69 1007//69 1009//69
f 1020//69 1023//69 1008//69
f 1008//69 1023//69 1009//69
f 1017//150 1019//151 1007//149
f 1017//150 1007//149 1018//114
f 838//116 1030//124 1025//125
f 838//116 1025//125 1020//115
f 1032//69 831//69 842//69
f 1032//69 842//69 841//69
f 836//69 834//69 1033//69
f 837//69 836//69 1033//69
f 1032//69 841//69 1011//69
f 1032//69 1011//69 1010//69
f 1032//69 1010//69 1034//69
f 1033//69 1021//69 837//69
f 1033//69 1035//69 1022//69
f 1033//69 1022//69 1021//69
f 1036//129 1037//128 1038//152
f 1039//129 1036//129 1038//152
f 1040//130 1010//107 1009//107
f 1041//131 1040//130 1009//107
f 1009//69 1039//69 1038//69
f 1042//132 1040//130 1041//131
f 1042//132 1041//131 1043//133
f 1044//134 1042//132 1043//133
f 1044//134 1043//133 1045//135
f 1046//153 1044//134 1045//135
f 1046//153 1045//135 1047//137
f 1047//69 1045//69 1043//69
f 1041//69 1047//69 1043//69
f 1048//69 1046//69 1049//69
f 1048//69 1044//69 1046//69
f 1042//69 1044//69 1048//69
f 1040//69 1042//69 1048//69
f 1050//139 1051//138 1036//129
f 1050//139 1036//129 1039//129
f 1023//117 1022//117 1052//140
f 1023//117 1052//140 1053//141
f 1050//69 1023//69 1053//69
f 1054//69 1050//69 1053//69
f 1053//141 1052//140 1055//142
f 1056//143 1053//141 1055//142
f 1056//143 1055//142 1057//144
f 1058//145 1056//143 1057//144
f 1058//145 1057//144 1059//146
f 1054//147 1058//145 1059//146
f 1056//69 1058//69 1054//69
f 1056//69 1054//69 1053//69
f 1060//69 1059//69 1061//69
f 1061//69 1059//69 1057//69
f 1055//69 1061//69 1057//69
f 1052//69 1061//69 1055//69
f 1038//69 1047//69 1041//69
f 1009//69 1038//69 1041//69
f 1039//69 1023//69 1050//69
f 1009//69 1023//69 1039//69
f 1038//152 1049//154 1046//153
f 1047//137 1038//152 1046//153
f 1054//147 1059//146 1051//138
f 1050//139 1054//147 1051//138
f 1062//69 1063//69 1064//69
f 1048//69 1062//69 1064//69
f 1065//69 1066//69 1067//69
f 1065//69 1067//69 1061//69
f 1040//69 1048//69 1064//69
f 1010//69 1040//69 1064//69
f 1034//69 1010//69 1064//69
f 1061//69 1052//69 1065//69
f 1022//69 1035//69 1065//69
f 1052//69 1022//69 1065//69
f 1063//69 1062//69 991//69
f 1063//69 991//69 992//69
f 1062//69 1048//69 993//69
f 1062//69 993//69 991//69
f 1048//69 1037//69 994//69
f 1048//69 994//69 993//69
f 1037//69 1036//69 995//69
f 1037//69 995//69 994//69
f 1036//69 1051//69 996//69
f 1036//69 996//69 995//69
f 1051//69 1061//69 997//69
f 1051//69 997//69 996//69
f 1061//69 1067//69 998//69
f 1061//69 998//69 997//69
f 1067//69 1066//69 999//69
f 1067//69 999//69 998//69
f 1066//69 1068//69 1000//69
f 1066//69 1000//69 999//69
f 1068//69 1069//69 1001//69
f 1068//69 1001//69 1000//69
f 1069//69 1070//69 1002//69
f 1069//69 1002//69 1001//69
f 1070//69 1071//69 1003//69
f 1070//69 1003//69 1002//69
f 1071//69 1072//69 1004//69
f 1071//69 1004//69 1003//69
f 1072//69 1073//69 1005//69
f 1072//69 1005//69 1004//69
f 1073//69 1074//69 1006//69
f 1073//69 1006//69 1005//69
f 1074//69 1063//69 992//69
f 1074//69 992//69 1006//69
f 1075//70 1076//70 1077//70
f 1078//70 1075//70 1077//70
f 1079//70 1080//70 1076//70
f 1075//70 1079//70 1076//70
f 1081//70 1082//70 1080//70
f 1079//70 1081//70 1080//70
f 1083//70 1084//70 1082//70
f 1081//70 1083//70 1082//70
f 1085//70 1086//70 1084//70
f 1083//70 1085//70 1084//70
f 1087//70 1088//70 1086//70
f 1085//70 1087//70 1086//70
f 1089//70 1090//70 1088//70
f 1087//70 1089//70 1088//70
f 1091//70 1092//70 1090//70
f 1089//70 1091//70 1090//70
f 1093//70 1094//70 1092//70
f 1091//70 1093//70 1092//70
f 1095//70 1096//70 1094//70
f 1093//70 1095//70 1094//70
f 1097//70 1098//70 1096//70
f 1095//70 1097//70 1096//70
f 1099//70 1100//70 1098//70
f 1097//70 1099//70 1098//70
f 1101//70 1102//70 1100//70
f 1099//70 1101//70 1100//70
f 1103//70 1104//70 1102//70
f 1101//70 1103//70 1102//70
f 1105//70 1106//70 1104//70
f 1103//70 1105//70 1104//70
f 1078//70 1077//70 1106//70
f 1105//70 1078//70 1106//70
f 868//103 870//104 1107//105
f 1108//103 868//103 1107//105
f 1109//106 1110//107 1111//107
f 1112//108 1109//106 1111//107
f 1111//70 1108//70 1107//70
f 1113//109 1109//106 1112//108
f 1113//109 1112//108 1114//110
f 1115//111 1113//109 1114//110
f 1115//111 1114//110 1116//112
f 1117//113 1115//111 1116//112
f 1117//113 1116//112 1118//114
f 1118//70 1116//70 1114//70
f 1112//70 1118//70 1114//70
f 872//70 1117//70 1119//70
f 872//70 1115//70 1117//70
f 1113//70 1115//70 872//70
f 1109//70 1113//70 872//70
f 1120//115 866//116 868//103
f 1120//115 868//103 1108//103
f 1121//117 1122//117 1123//118
f 1121//117 1123//118 1124//119
f 1120//70 1121//70 1124//70
f 1125//70 1120//70 1124//70
f 1124//119 1123//118 1126//120
f 1127//121 1124//119 1126//120
f 1127//121 1126//120 1128//122
f 1129//123 1127//121 1128//122
f 1129//123 1128//122 1130//124
f 1125//125 1129//123 1130//124
f 1127//70 1129//70 1125//70
f 1127//70 1125//70 1124//70
f 1131//70 1130//70 864//70
f 864//70 1130//70 1128//70
f 1126//70 864//70 1128//70
f 1123//70 864//70 1126//70
f 1107//70 1118//70 1112//70
f 1111//70 1107//70 1112//70
f 1108//70 1121//70 1120//70
f 1111//70 1121//70 1108//70
f 1107//105 1119//126 1117//113
f 1118//114 1107//105 1117//113
f 1125//125 1130//124 866//116
f 1120//115 1125//125 866//116
f 874//70 845//70 1132//70
f 872//70 874//70 1132//70
f 1133//70 860//70 862//70
f 1133//70 862//70 864//70
f 1109//70 872//70 1132//70
f 1110//70 1109//70 1132//70
f 1134//70 1110//70 1132//70
f 864//70 1123//70 1133//70
f 1122//70 1135//70 1133//70
f 1123//70 1122//70 1133//70
f 1136//127 1082//128 1084//129
f 1136//127 1084//129 1137//129
f 1111//107 1110//107 1138//130
f 1111//107 1138//130 1139//131
f 1136//70 1137//70 1111//70
f 1139//131 1138//130 1140//132
f 1141//133 1139//131 1140//132
f 1141//133 1140//132 1142//134
f 1143//135 1141//133 1142//134
f 1143//135 1142//134 1144//136
f 1145//137 1143//135 1144//136
f 1141//70 1143//70 1145//70
f 1141//70 1145//70 1139//70
f 1146//70 1144//70 1080//70
f 1144//70 1142//70 1080//70
f 1080//70 1142//70 1140//70
f 1080//70 1140//70 1138//70
f 1084//129 1086//138 1147//139
f 1137//129 1084//129 1147//139
f 1148//140 1122//117 1121//117
f 1149//141 1148//140 1121//117
f 1149//70 1121//70 1147//70
f 1149//70 1147//70 1150//70
f 1151//142 1148//140 1149//141
f 1151//142 1149//141 1152//143
f 1153//144 1151//142 1152//143
f 1153//144 1152//143 1154//145
f 1155//146 1153//144 1154//145
f 1155//146 1154//145 1150//147
f 1150//70 1154//70 1152//70
f 1149//70 1150//70 1152//70
f 1088//70 1155//70 1156//70
f 1153//70 1155//70 1088//70
f 1153//70 1088//70 1151//70
f 1151//70 1088//70 1148//70
f 1139//70 1145//70 1136//70
f 1139//70 1136//70 1111//70
f 1147//70 1121//70 1137//70
f 1137//70 1121//70 1111//70
f 1144//136 1146//148 1136//127
f 1144//136 1136//127 1145//137
f 1086//138 1155//146 1150//147
f 1086//138 1150//147 1147//139
f 1157//70 1077//70 1076//70
f 1157//70 1076//70 1080//70
f 1090//70 1092//70 1158//70
f 1088//70 1090//70 1158//70
f 1157//70 1080//70 1138//70
f 1157//70 1138//70 1110//70
f 1157//70 1110//70 1134//70
f 1158//70 1148//70 1088//70
f 1158//70 1135//70 1122//70
f 1158//70 1122//70 1148//70
f 1159//70 1160//70 1161//70
f 1162//70 1159//70 1161//70
f 1160//70 1163//70 1164//70
f 1161//70 1160//70 1164//70
f 1163//70 1165//70 1166//70
f 1164//70 1163//70 1166//70
f 1165//70 1167//70 1168//70
f 1166//70 1165//70 1168//70
f 1167//70 1169//70 1170//70
f 1168//70 1167//70 1170//70
f 1169//70 1171//70 1172//70
f 1170//70 1169//70 1172//70
f 1171//70 1173//70 1174//70
f 1172//70 1171//70 1174//70
f 1173//70 1175//70 1176//70
f 1174//70 1173//70 1176//70
f 1175//70 1177//70 1178//70
f 1176//70 1175//70 1178//70
f 1177//70 1179//70 1180//70
f 1178//70 1177//70 1180//70
f 1179//70 1181//70 1182//70
f 1180//70 1179//70 1182//70
f 1181//70 1183//70 1184//70
f 1182//70 1181//70 1184//70
f 1183//70 1185//70 1186//70
f 1184//70 1183//70 1186//70
f 1185//70 1187//70 1188//70
f 1186//70 1185//70 1188//70
f 1187//70 1189//70 1190//70
f 1188//70 1187//70 1190//70
f 1189//70 1159//70 1162//70
f 1190//70 1189//70 1162//70
f 1184//73 1186//72 1075//71
f 1184//73 1075//71 1078//74
f 1186//72 1188//76 1079//75
f 1186//72 1079//75 1075//71
f 1188//76 1190//78 1081//77
f 1188//76 1081//77 1079//75
f 1190//78 1162//80 1083//79
f 1190//78 1083//79 1081//77
f 1162//80 1161//82 1085//81
f 1162//80 1085//81 1083//79
f 1161//82 1164//84 1087//83
f 1161//82 1087//83 1085//81
f 1164//84 1166//86 1089//85
f 1164//84 1089//85 1087//83
f 1166//86 1168//88 1091//87
f 1166//86 1091//87 1089//85
f 1168//88 1170//90 1093//89
f 1168//88 1093//89 1091//87
f 1170//90 1172//92 1095//91
f 1170//90 1095//91 1093//89
f 1172//92 1174//94 1097//93
f 1172//92 1097//93 1095//91
f 1174//94 1176//96 1099//95
f 1174//94 1099//95 1097//93
f 1176//96 1178//98 1101//97
f 1176//96 1101//97 1099//95
f 1178//98 1180//100 1103//99
f 1178//98 1103//99 1101//97
f 1180//100 1182//102 1105//101
f 1180//100 1105//101 1103//99
f 1182//102 1184//73 1078//74
f 1182//102 1078//74 1105//101
f 1191//39 1192//38 1185//37
f 1191//39 1185//37 1183//40
f 1192//38 1193//42 1187//41
f 1192//38 1187//41 1185//37
f 1193//42 1194//44 1189//43
f 1193//42 1189//43 1187//41
f 1194//44 1195//46 1159//45
f 1194//44 1159//45 1189//43
f 1195//46 1196//48 1160//47
f 1195//46 1160//47 1159//45
f 1196//48 1197//50 1163//49
f 1196//48 1163//49 1160//47
f 1197//50 1198//52 1165//51
f 1197//50 1165//51 1163//49
f 1198//52 1199//54 1167//53
f 1198//52 1167//53 1165//51
f 1199//54 1200//56 1169//55
f 1199//54 1169//55 1167//53
f 1200//56 1201//58 1171//57
f 1200//56 1171//57 1169//55
f 1201//58 1202//60 1173//59
f 1201//58 1173//59 1171//57
f 1202//60 1203//62 1175//61
f 1202//60 1175//61 1173//59
f 1203//62 1204//64 1177//63
f 1203//62 1177//63 1175//61
f 1204//64 1205//66 1179//65
f 1204//64 1179//65 1177//63
f 1205//66 1206//68 1181//67
f 1205//66 1181//67 1179//65
f 1206//68 1191//39 1183//40
f 1206//68 1183//40 1181//67
f 1207//69 1196//69 1195//69
f 1207//69 1195//69 1208//69
f 1209//69 1197//69 1196//69
f 1209//69 1196//69 1207//69
f 1210//69 1198//69 1197//69
f 1210//69 1197//69 1209//69
f 1211//69 1199//69 1198//69
f 1211//69 1198//69 1210//69
f 1212//69 1200//69 1199//69
f 1212//69 1199//69 1211//69
f 1213//69 1201//69 1200//69
f 1213//69 1200//69 1212//69
f 1214//69 1202//69 1201//69
f 1214//69 1201//69 1213//69
f 1215//69 1203//69 1202//69
f 1215//69 1202//69 1214//69
f 1216//69 1204//69 1203//69
f 1216//69 1203//69 1215//69
f 1217//69 1205//69 1204//69
f 1217//69 1204//69 1216//69
f 1218//69 1206//69 1205//69
f 1218//69 1205//69 1217//69
f 1219//69 1191//69 1206//69
f 1219//69 1206//69 1218//69
f 1220//69 1192//69 1191//69
f 1220//69 1191//69 1219//69
f 1221//69 1193//69 1192//69
f 1221//69 1192//69 1220//69
f 1222//69 1194//69 1193//69
f 1222//69 1193//69 1221//69
f 1208//69 1195//69 1194//69
f 1208//69 1194//69 1222//69
f 1223//71 1220//72 1219//73
f 1224//74 1223//71 1219//73
f 1225//75 1221//76 1220//72
f 1223//71 1225//75 1220//72
f 1226//77 1222//78 1221//76
f 1225//75 1226//77 1221//76
f 1227//79 1208//80 1222//78
f 1226//77 1227//79 1222//78
f 1228//81 1207//82 1208//80
f 1227//79 1228//81 1208//80
f 1229//83 1209//84 1207//82
f 1228//81 1229//83 1207//82
f 1230//85 1210//86 1209//84
f 1229//83 1230//85 1209//84
f 1231//87 1211//88 1210//86
f 1230//85 1231//87 1210//86
f 1232//89 1212//90 1211//88
f 1231//87 1232//89 1211//88
f 1233//91 1213//92 1212//90
f 1232//89 1233//91 1212//90
f 1234//93 1214//94 1213//92
f 1233//91 1234//93 1213//92
f 1235//95 1215//96 1214//94
f 1234//93 1235//95 1214//94
f 1236//97 1216//98 1215//96
f 1235//95 1236//97 1215//96
f 1237//99 1217//100 1216//98
f 1236//97 1237//99 1216//98
f 1238//101 1218//102 1217//100
f 1237//99 1238//101 1217//100
f 1224//74 1219//73 1218//102
f 1238//101 1224//74 1218//102
f 1239//149 1072//104 1071//103
f 1239//149 1071//103 1240//103
f 1241//107 1242//107 1243//106
f 1241//107 1243//106 1244//108
f 1239//69 1240//69 1241//69
f 1244//108 1243//106 1245//109
f 1246//110 1244//108 1245//109
f 1246//110 1245//109 1247//111
f 1248//112 1246//110 1247//111
f 1248//112 1247//111 1249//150
f 1250//114 1248//112 1249//150
f 1246//69 1248//69 1250//69
f 1246//69 1250//69 1244//69
f 1251//69 1249//69 1073//69
f 1249//69 1247//69 1073//69
f 1073//69 1247//69 1245//69
f 1073//69 1245//69 1243//69
f 1071//103 1070//116 1252//115
f 1240//103 1071//103 1252//115
f 1253//118 1254//117 1255//117
f 1256//119 1253//118 1255//117
f 1256//69 1255//69 1252//69
f 1256//69 1252//69 1257//69
f 1258//120 1253//118 1256//119
f 1258//120 1256//119 1259//121
f 1260//122 1258//120 1259//121
f 1260//122 1259//121 1261//123
f 1262//124 1260//122 1261//123
f 1262//124 1261//123 1257//125
f 1257//69 1261//69 1259//69
f 1256//69 1257//69 1259//69
f 1069//69 1262//69 1263//69
f 1260//69 1262//69 1069//69
f 1260//69 1069//69 1258//69
f 1258//69 1069//69 1253//69
f 1244//69 1250//69 1239//69
f 1244//69 1239//69 1241//69
f 1252//69 1255//69 1240//69
f 1240//69 1255//69 1241//69
f 1249//150 1251//151 1239//149
f 1249//150 1239//149 1250//114
f 1070//116 1262//124 1257//125
f 1070//116 1257//125 1252//115
f 1264//69 1063//69 1074//69
f 1264//69 1074//69 1073//69
f 1068//69 1066//69 1265//69
f 1069//69 1068//69 1265//69
f 1264//69 1073//69 1243//69
f 1264//69 1243//69 1242//69
f 1264//69 1242//69 1266//69
f 1265//69 1253//69 1069//69
f 1265//69 1267//69 1254//69
f 1265//69 1254//69 1253//69
f 1268//129 1269//128 1270//152
f 1271//129 1268//129 1270//152
f 1272//130 1242//107 1241//107
f 1273//131 1272//130 1241//107
f 1241//69 1271//69 1270//69
f 1274//132 1272//130 1273//131
f 1274//132 1273//131 1275//133
f 1276//134 1274//132 1275//133
f 1276//134 1275//133 1277//135
f 1278//153 1276//134 1277//135
f 1278//153 1277//135 1279//137
f 1279//69 1277//69 1275//69
f 1273//69 1279//69 1275//69
f 1280//69 1278//69 1281//69
f 1280//69 1276//69 1278//69
f 1274//69 1276//69 1280//69
f 1272//69 1274//69 1280//69
f 1282//139 1283//138 1268//129
f 1282//139 1268//129 1271//129
f 1255//117 1254//117 1284//140
f 1255//117 1284//140 1285//141
f 1282//69 1255//69 1285//69
f 1286//69 1282//69 1285//69
f 1285//141 1284//140 1287//142
f 1288//143 1285//141 1287//142
f 1288//143 1287//142 1289//144
f 1290//145 1288//143 1289//144
f 1290//145 1289//144 1291//146
f 1286//147 1290//145 1291//146
f 1288//69 1290//69 1286//69
f 1288//69 1286//69 1285//69
f 1292//69 1291//69 1293//69
f 1293//69 1291//69 1289//69
f 1287//69 1293//69 1289//69
f 1284//69 1293//69 1287//69
f 1270//69 1279//69 1273//69
f 1241//69 1270//69 1273//69
f 1271//69 1255//69 1282//69
f 1241//69 1255//69 1271//69
f 1270//152 1281//154 1278//153
f 1279//137 1270//152 1278//153
f 1286//147 1291//146 1283//138
f 1282//139 1286//147 1283//138
f 1294//69 1295//69 1296//69
f 1280//69 1294//69 1296//69
f 1297//69 1298//69 1299//69
f 1297//69 1299//69 1293//69
f 1272//69 1280//69 1296//69
f 1242//69 1272//69 1296//69
f 1266//69 1242//69 1296//69
f 1293//69 1284//69 1297//69
f 1254//69 1267//69 1297//69
f 1284//69 1254//69 1297//69
f 1295//69 1294//69 1223//69
f 1295//69 1223//69 1224//69
f 1294//69 1280//69 1225//69
f 1294//69 1225//69 1223//69
f 1280//69 1269//69 1226//69
f 1280//69 1226//69 1225//69
f 1269//69 1268//69 1227//69
f 1269//69 1227//69 1226//69
f 1268//69 1283//69 1228//69
f 1268//69 1228//69 1227//69
f 1283//69 1293//69 1229//69
f 1283//69 1229//69 1228//69
f 1293//69 1299//69 1230//69
f 1293//69 1230//69 1229//69
f 1299//69 1298//69 1231//69
f 1299//69 1231//69 1230//69
f 1298//69 1300//69 1232//69
f 1298//69 1232//69 1231//69
f 1300//69 1301//69 1233//69
f 1300//69 1233//69 1232//69
f 1301//69 1302//69 1234//69
f 1301//69 1234//69 1233//69
f 1302//69 1303//69 1235//69
f 1302//69 1235//69 1234//69
f 1303//69 1304//69 1236//69
f 1303//69 1236//69 1235//69
f 1304//69 1305//69 1237//69
f 1304//69 1237//69 1236//69
f 1305//69 1306//69 1238//69
f 1305//69 1238//69 1237//69
f 1306//69 1295//69 1224//69
f 1306//69 1224//69 1238//69
f 1307//70 1308//70 1309//70
f 1310//70 1307//70 1309//70
f 1311//70 1312//70 1308//70
f 1307//70 1311//70 1308//70
f 1313//70 1314//70 1312//70
f 1311//70 1313//70 1312//70
f 1315//70 1316//70 1314//70
f 1313//70 1315//70 1314//70
f 1317//70 1318//70 1316//70
f 1315//70 1317//70 1316//70
f 1319//70 1320//70 1318//70
f 1317//70 1319//70 1318//70
f 1321//70 1322//70 1320//70
f 1319//70 1321//70 1320//70
f 1323//70 1324//70 1322//70
f 1321//70 1323//70 1322//70
f 1325//70 1326//70 1324//70
f 1323//70 1325//70 1324//70
f 1327//70 1328//70 1326//70
f 1325//70 1327//70 1326//70
f 1329//70 1330//70 1328//70
f 1327//70 1329//70 1328//70
f 1331//70 1332//70 1330//70
f 1329//70 1331//70 1330//70
f 1333//70 1334//70 1332//70
f 1331//70 1333//70 1332//70
f 1335//70 1336//70 1334//70
f 1333//70 1335//70 1334//70
f 1337//70 1338//70 1336//70
f 1335//70 1337//70 1336//70
f 1310//70 1309//70 1338//70
f 1337//70 1310//70 1338//70
f 1100//103 1102//104 1339//105
f 1340//103 1100//103 1339//105
f 1341//106 1342//107 1343//107
f 1344//108 1341//106 1343//107
f 1343//70 1340//70 1339//70
f 1345//109 1341//106 1344//108
f 1345//109 1344//108 1346//110
f 1347//111 1345//109 1346//110
f 1347//111 1346//110 1348//112
f 1349//113 1347//111 1348//112
f 1349//113 1348//112 1350//114
f 1350//70 1348//70 1346//70
f 1344//70 1350//70 1346//70
f 1104//70 1349//70 1351//70
f 1104//70 1347//70 1349//70
f 1345//70 1347//70 1104//70
f 1341//70 1345//70 1104//70
f 1352//115 1098//116 1100//103
f 1352//115 1100//103 1340//103
f 1353//117 1354//117 1355//118
f 1353//117 1355//118 1356//119
f 1352//70 1353//70 1356//70
f 1357//70 1352//70 1356//70
f 1356//119 1355//118 1358//120
f 1359//121 1356//119 1358//120
f 1359//121 1358//120 1360//122
f 1361//123 1359//121 1360//122
f 1361//123 1360//122 1362//124
f 1357//125 1361//123 1362//124
f 1359//70 1361//70 1357//70
f 1359//70 1357//70 1356//70
f 1363//70 1362//70 1096//70
f 1096//70 1362//70 1360//70
f 1358//70 1096//70 1360//70
f 1355//70 1096//70 1358//70
f 1339//70 1350//70 1344//70
f 1343//70 1339//70 1344//70
f 1340//70 1353//70 1352//70
f 1343//70 1353//70 1340//70
f 1339//105 1351//126 1349//113
f 1350//114 1339//105 1349//113
f 1357//125 1362//124 1098//116
f 1352//115 1357//125 1098//116
f 1106//70 1077//70 1364//70
f 1104//70 1106//70 1364//70
f 1365//70 1092//70 1094//70
f 1365//70 1094//70 1096//70
f 1341//70 1104//70 1364//70
f 1342//70 1341//70 1364//70
f 1366//70 1342//70 1364//70
f 1096//70 1355//70 1365//70
f 1354//70 1367//70 1365//70
f 1355//70 1354//70 1365//70
f 1368//127 1314//128 1316//129
f 1368//127 1316//129 1369//129
f 1343//107 1342//107 1370//130
f 1343//107 1370//130 1371//131
f 1368//70 1369//70 1343//70
f 1371//131 1370//130 1372//132
f 1373//133 1371//131 1372//132
f 1373//133 1372//132 1374//134
f 1375//135 1373//133 1374//134
f 1375//135 1374//134 1376//136
f 1377//137 1375//135 1376//136
f 1373//70 1375//70 1377//70
f 1373//70 1377//70 1371//70
f 1378//70 1376//70 1312//70
f 1376//70 1374//70 1312//70
f 1312//70 1374//70 1372//70
f 1312//70 1372//70 1370//70
f 1316//129 1318//138 1379//139
f 1369//129 1316//129 1379//139
f 1380//140 1354//117 1353//117
f 1381//141 1380//140 1353//117
f 1381//70 1353//70 1379//70
f 1381//70 1379//70 1382//70
f 1383//142 1380//140 1381//141
f 1383//142 1381//141 1384//143
f 1385//144 1383//142 1384//143
f 1385//144 1384//143 1386//145
f 1387//146 1385//144 1386//145
f 1387//146 1386//145 1382//147
f 1382//70 1386//70 1384//70
f 1381//70 1382//70 1384//70
f 1320//70 1387//70 1388//70
f 1385//70 1387//70 1320//70
f 1385//70 1320//70 1383//70
f 1383//70 1320//70 1380//70
f 1371//70 1377//70 1368//70
f 1371//70 1368//70 1343//70
f 1379//70 1353//70 1369//70
f 1369//70 1353//70 1343//70
f 1376//136 1378//148 1368//127
f 1376//136 1368//127 1377//137
f 1318//138 1387//146 1382//147
f 1318//138 1382//147 1379//139
f 1389//70 1309//70 1308//70
f 1389//70 1308//70 1312//70
f 1322//70 1324//70 1390//70
f 1320//70 1322//70 1390//70
f 1389//70 1312//70 1370//70
f 1389//70 1370//70 1342//70
f 1389//70 1342//70 1366//70
f 1390//70 1380//70 1320//70
f 1390//70 1367//70 1354//70
f 1390//70 1354//70 1380//70
f 1391//70 1392//70 1393//70
f 1394//70 1391//70 1393//70
f 1392//70 1395//70 1396//70
f 1393//70 1392//70 1396//70
f 1395//70 1397//70 1398//70
f 1396//70 1395//70 1398//70
f 1397//70 1399//70 1400//70
f 1398//70 1397//70 1400//70
f 1399//70 1401//70 1402//70
f 1400//70 1399//70 1402//70
f 1401//70 1403//70 1404//70
f 1402//70 1401//70 1404//70
f 1403//70 1405//70 1406//70
f 1404//70 1403//70 1406//70
f 1405//70 1407//70 1408//70
f 1406//70 1405//70 1408//70
f 1407//70 1409//70 1410//70
f 1408//70 1407//70 1410//70
f 1409//70 1411//70 1412//70
f 1410//70 1409//70 1412//70
f 1411//70 1413//70 1414//70
f 1412//70 1411//70 1414//70
f 1413//70 1415//70 1416//70
f 1414//70 1413//70 1416//70
f 1415//70 1417//70 1418//70
f 1416//70 1415//70 1418//70
f 1417//70 1419//70 1420//70
f 1418//70 1417//70 1420//70
f 1419//70 1421//70 1422//70
f 1420//70 1419//70 1422//70
f 1421//70 1391//70 1394//70
f 1422//70 1421//70 1394//70
f 1416//73 1418//72 1307//71
f 1416//73 1307//71 1310//74
f 1418//72 1420//76 1311//75
f 1418//72 1311//75 1307//71
f 1420//76 1422//78 1313//77
f 1420//76 1313//77 1311//75
f 1422//78 1394//80 1315//79
f 1422//78 1315//79 1313//77
f 1394//80 1393//82 1317//81
f 1394//80 1317//81 1315//79
f 1393//82 1396//84 1319//83
f 1393//82 1319//83 1317//81
f 1396//84 1398//86 1321//85
f 1396//84 1321//85 1319//83
f 1398//86 1400//88 1323//87
f 1398//86 1323//87 1321//85
f 1400//88 1402//90 1325//89
f 1400//88 1325//89 1323//87
f 1402//90 1404//92 1327//91
f 1402//90 1327//91 1325//89
f 1404//92 1406//94 1329//93
f 1404//92 1329//93 1327//91
f 1406//94 1408//96 1331//95
f 1406//94 1331//95 1329//93
f 1408//96 1410//98 1333//97
f 1408//96 1333//97 1331//95
f 1410//98 1412//100 1335//99
f 1410//98 1335//99 1333//97
f 1412//100 1414//102 1337//101
f 1412//100 1337//101 1335//99
f 1414//102 1416//73 1310//74
f 1414//102 1310//74 1337//101
f 1423//39 1424//38 1417//37
f 1423//39 1417//37 1415//40
f 1424//38 1425//42 1419//41
f 1424//38 1419//41 1417//37
f 1425//42 1426//44 1421//43
f 1425//42 1421//43 1419//41
f 1426//44 1427//46 1391//45
f 1426//44 1391//45 1421//43
f 1427//46 1428//48 1392//47
f 1427//46 1392//47 1391//45
f 1428//48 1429//50 1395//49
f 1428//48 1395//49 1392//47
f 1429//50 1430//52 1397//51
f 1429//50 1397//51 1395//49
f 1430//52 1431//54 1399//53
f 1430//52 1399//53 1397//51
f 1431//54 1432//56 1401//55
f 1431//54 1401//55 1399//53
f 1432//56 1433//58 1403//57
f 1432//56 1403//57 1401//55
f 1433//58 1434//60 1405//59
f 1433//58 1405//59 1403//57
f 1434//60 1435//62 1407//61
f 1434//60 1407//61 1405//59
f 1435//62 1436//64 1409//63
f 1435//62 1409//63 1407//61
f 1436//64 1437//66 1411//65
f 1436//64 1411//65 1409//63
f 1437//66 1438//68 1413//67
f 1437//66 1413//67 1411//65
f 1438//68 1423//39 1415//40
f 1438//68 1415//40 1413//67
f 1439//69 1428//69 1427//69
f 1439//69 1427//69 1440//69
f 1441//69 1429//69 1428//69
f 1441//69 1428//69 1439//69
f 1442//69 1430//69 1429//69
f 1442//69 1429//69 1441//69
f 1443//69 1431//69 1430//69
f 1443//69 1430//69 1442//69
f 1444//69 1432//69 1431//69
f 1444//69 1431//69 1443//69
f 1445//69 1433//69 1432//69
f 1445//69 1432//69 1444//69
f 1446//69 1434//69 1433//69
f 1446//69 1433//69 1445//69
f 1447//69 1435//69 1434//69
f 1447//69 1434//69 1446//69
f 1448//69 1436//69 1435//69
f 1448//69 1435//69 1447//69
f 1449//69 1437//69 1436//69
f 1449//69 1436//69 1448//69
f 1450//69 1438//69 1437//69
f 1450//69 1437//69 1449//69
f 1451//69 1423//69 1438//69
f 1451//69 1438//69 1450//69
f 1452//69 1424//69 1423//69
f 1452//69 1423//69 1451//69
f 1453//69 1425//69 1424//69
f 1453//69 1424//69 1452//69
f 1454//69 1426//69 1425//69
f 1454//69 1425//69 1453//69
f 1440//69 1427//69 1426//69
f 1440//69 1426//69 1454//69
f 1455//71 1452//72 1451//73
f 1456//74 1455//71 1451//73
f 1457//75 1453//76 1452//72
f 1455//71 1457//75 1452//72
f 1458//77 1454//78 1453//76
f 1457//75 1458//77 1453//76
f 1459//79 1440//80 1454//78
f 1458//77 1459//79 1454//78
f 1460//81 1439//82 1440//80
f 1459//79 1460//81 1440//80
f 1461//83 1441//84 1439//82
f 1460//81 1461//83 1439//82
f 1462//85 1442//86 1441//84
f 1461//83 1462//85 1441//84
f 1463//87 1443//88 1442//86
f 1462//85 1463//87 1442//86
f 1464//89 1444//90 1443//88
f 1463//87 1464//89 1443//88
f 1465//91 1445//92 1444//90
f 1464//89 1465//91 1444//90
f 1466//93 1446//94 1445//92
f 1465//91 1466//93 1445//92
f 1467//95 1447//96 1446//94
f 1466//93 1467//95 1446//94
f 1468//97 1448//98 1447//96
f 1467//95 1468//97 1447//96
f 1469//99 1449//100 1448//98
f 1468//97 1469//99 1448//98
f 1470//101 1450//102 1449//100
f 1469//99 1470//101 1449//100
f 1456//74 1451//73 1450//102
f 1470//101 1456//74 1450//102
f 1471//149 1304//104 1303//103
f 1471//149 1303//103 1472//103
f 1473//107 1474//107 1475//106
f 1473//107 1475//106 1476//108
f 1471//69 1472//69 1473//69
f 1476//108 1475//106 1477//109
f 1478//110 1476//108 1477//109
f 1478//110 1477//109 1479//111
f 1480//112 1478//110 1479//111
f 1480//112 1479//111 1481//150
f 1482//114 1480//112 1481//150
f 1478//69 1480//69 1482//69
f 1478//69 1482//69 1476//69
f 1483//69 1481//69 1305//69
f 1481//69 1479//69 1305//69
f 1305//69 1479//69 1477//69
f 1305//69 1477//69 1475//69
f 1303//103 1302//116 1484//115
f 1472//103 1303//103 1484//115
f 1485//118 1486//117 1487//117
f 1488//119 1485//118 1487//117
f 1488//69 1487//69 1484//69
f 1488//69 1484//69 1489//69
f 1490//120 1485//118 1488//119
f 1490//120 1488//119 1491//121
f 1492//122 1490//120 1491//121
f 1492//122 1491//121 1493//123
f 1494//124 1492//122 1493//123
f 1494//124 1493//123 1489//125
f 1489//69 1493//69 1491//69
f 1488//69 1489//69 1491//69
f 1301//69 1494//69 1495//69
f 1492//69 1494//69 1301//69
f 1492//69 1301//69 1490//69
f 1490//69 1301//69 1485//69
f 1476//69 1482//69 1471//69
f 1476//69 1471//69 1473//69
f 1484//69 1487//69 1472//69
f 1472//69 1487//69 1473//69
f 1481//150 1483//151 1471//149
f 1481//150 1471//149 1482//114
f 1302//116 1494//124 1489//125
f 1302//116 1489//125 1484//115
f 1496//69 1295//69 1306//69
f 1496//69 1306//69 1305//69
f 1300//69 1298//69 1497//69
f 1301//69 1300//69 1497//69
f 1496//69 1305//69 1475//69
f 1496//69 1475//69 1474//69
f 1496//69 1474//69 1498//69
f 1497//69 1485//69 1301//69
f 1497//69 1499//69 1486//69
f 1497//69 1486//69 1485//69
f 1500//129 1501//128 1502//152
f 1503//129 1500//129 1502//152
f 1504//130 1474//107 1473//107
f 1505//131 1504//130 1473//107
f 1473//69 1503//69 1502//69
f 1506//132 1504//130 1505//131
f 1506//132 1505//131 1507//133
f 1508//134 1506//132 1507//133
f 1508//134 1507//133 1509//135
f 1510//153 1508//134 1509//135
f 1510//153 1509//135 1511//137
f 1511//69 1509//69 1507//69
f 1505//69 1511//69 1507//69
f 1512//69 1510//69 1513//69
f 1512//69 1508//69 1510//69
f 1506//69 1508//69 1512//69
f 1504//69 1506//69 1512//69
f 1514//139 1515//138 1500//129
f 1514//139 1500//129 1503//129
f 1487//117 1486//117 1516//140
f 1487//117 1516//140 1517//141
f 1514//69 1487//69 1517//69
f 1518//69 1514//69 1517//69
f 1517//141 1516//140 1519//142
f 1520//143 1517//141 1519//142
f 1520//143 1519//142 1521//144
f 1522//145 1520//143 1521//144
f 1522//145 1521//144 1523//146
f 1518//147 1522//145 1523//146
f 1520//69 1522//69 1518//69
f 1520//69 1518//69 1517//69
f 1524//69 1523//69 1525//69
f 1525//69 1523//69 1521//69
f 1519//69 1525//69 1521//69
f 1516//69 1525//69 1519//69
f 1502//69 1511//69 1505//69
f 1473//69 1502//69 1505//69
f 1503//69 1487//69 1514//69
f 1473//69 1487//69 1503//69
f 1502//152 1513//154 1510//153
f 1511//137 1502//152 1510//153
f 1518//147 1523//146 1515//138
f 1514//139 1518//147 1515//138
f 1526//69 1527//69 1528//69
f 1512//69 1526//69 1528//69
f 1529//69 1530//69 1531//69
f 1529//69 1531//69 1525//69
f 1504//69 1512//69 1528//69
f 1474//69 1504//69 1528//69
f 1498//69 1474//69 1528//69
f 1525//69 1516//69 1529//69
f 1486//69 1499//69 1529//69
f 1516//69 1486//69 1529//69
f 1527//69 1526//69 1455//69
f 1527//69 1455//69 1456//69
f 1526//69 1512//69 1457//69
f 1526//69 1457//69 1455//69
f 1512//69 1501//69 1458//69
f 1512//69 1458//69 1457//69
f 1501//69 1500//69 1459//69
f 1501//69 1459//69 1458//69
f 1500//69 1515//69 1460//69
f 1500//69 1460//69 1459//69
f 1515//69 1525//69 1461//69
f 1515//69 1461//69 1460//69
f 1525//69 1531//69 1462//69
f 1525//69 1462//69 1461//69
f 1531//69 1530//69 1463//69
f 1531//69 1463//69 1462//69
f 1530//69 1532//69 1464//69
f 1530//69 1464//69 1463//69
f 1532//69 1533//69 1465//69
f 1532//69 1465//69 1464//69
f 1533//69 1534//69 1466//69
f 1533//69 1466//69 1465//69
f 1534//69 1535//69 1467//69
f 1534//69 1467//69 1466//69
f 1535//69 1536//69 1468//69
f 1535//69 1468//69 1467//69
f 1536//69 1537//69 1469//69
f 1536//69 1469//69 1468//69
f 1537//69 1538//69 1470//69
f 1537//69 1470//69 1469//69
f 1538//69 1527//69 1456//69
f 1538//69 1456//69 1470//69
f 1539//70 1540//70 1541//70
f 1542//70 1539//70 1541//70
f 1543//70 1544//70 1540//70
f 1539//70 1543//70 1540//70
f 1545//70 1546//70 1544//70
f 1543//70 1545//70 1544//70
f 1547//70 1548//70 1546//70
f 1545//70 1547//70 1546//70
f 1549//70 1550//70 1548//70
f 1547//70 1549//70 1548//70
f 1551//70 1552//70 1550//70
f 1549//70 1551//70 1550//70
f 1553//70 1554//70 1552//70
f 1551//70 1553//70 1552//70
f 1555//70 1556//70 1554//70
f 1553//70 1555//70 1554//70
f 1557//70 1558//70 1556//70
f 1555//70 1557//70 1556//70
f 1559//70 1560//70 1558//70
f 1557//70 1559//70 1558//70
f 1561//70 1562//70 1560//70
f 1559//70 1561//70 1560//70
f 1563//70 1564//70 1562//70
f 1561//70 1563//70 1562//70
f 1565//70 1566//70 1564//70
f 1563//70 1565//70 1564//70
f 1567//70 1568//70 1566//70
f 1565//70 1567//70 1566//70
f 1569//70 1570//70 1568//70
f 1567//70 1569//70 1568//70
f 1542//70 1541//70 1570//70
f 1569//70 1542//70 1570//70
f 1332//103 1334//104 1571//105
f 1572//103 1332//103 1571//105
f 1573//106 1574//107 1575//107
f 1576//108 1573//106 1575//107
f 1575//70 1572//70 1571//70
f 1577//109 1573//106 1576//108
f 1577//109 1576//108 1578//110
f 1579//111 1577//109 1578//110
f 1579//111 1578//110 1580//112
f 1581//113 1579//111 1580//112
f 1581//113 1580//112 1582//114
f 1582//70 1580//70 1578//70
f 1576//70 1582//70 1578//70
f 1336//70 1581//70 1583//70
f 1336//70 1579//70 1581//70
f 1577//70 1579//70 1336//70
f 1573//70 1577//70 1336//70
f 1584//115 1330//116 1332//103
f 1584//115 1332//103 1572//103
f 1585//117 1586//117 1587//118
f 1585//117 1587//118 1588//119
f 1584//70 1585//70 1588//70
f 1589//70 1584//70 1588//70
f 1588//119 1587//118 1590//120
f 1591//121 1588//119 1590//120
f 1591//121 1590//120 1592//122
f 1593//123 1591//121 1592//122
f 1593//123 1592//122 1594//124
f 1589//125 1593//123 1594//124
f 1591//70 1593//70 1589//70
f 1591//70 1589//70 1588//70
f 1595//70 1594//70 1328//70
f 1328//70 1594//70 1592//70
f 1590//70 1328//70 1592//70
f 1587//70 1328//70 1590//70
f 1571//70 1582//70 1576//70
f 1575//70 1571//70 1576//70
f 1572//70 1585//70 1584//70
f 1575//70 1585//70 1572//70
f 1571//105 1583//126 1581//113
f 1582//114 1571//105 1581//113
f 1589//125 1594//124 1330//116
f 1584//115 1589//125 1330//116
f 1338//70 1309//70 1596//70
f 1336//70 1338//70 1596//70
f 1597//70 1324//70 1326//70
f 1597//70 1326//70 1328//70
f 1573//70 1336//70 1596//70
f 1574//70 1573//70 1596//70
f 1598//70 1574//70 1596//70
f 1328//70 1587//70 1597//70
f 1586//70 1599//70 1597//70
f 1587//70 1586//70 1597//70
f 1600//127 1546//128 1548//129
f 1600//127 1548//129 1601//129
f 1575//107 1574//107 1602//130
f 1575//107 1602//130 1603//131
f 1600//70 1601//70 1575//70
f 1603//131 1602//130 1604//132
f 1605//133 1603//131 1604//132
f 1605//133 1604//132 1606//134
f 1607//135 1605//133 1606//134
f 1607//135 1606//134 1608//136
f 1609//137 1607//135 1608//136
f 1605//70 1607//70 1609//70
f 1605//70 1609//70 1603//70
f 1610//70 1608//70 1544//70
f 1608//70 1606//70 1544//70
f 1544//70 1606//70 1604//70
f 1544//70 1604//70 1602//70
f 1548//129 1550//138 1611//139
f 1601//129 1548//129 1611//139
f 1612//140 1586//117 1585//117
f 1613//141 1612//140 1585//117
f 1613//70 1585//70 1611//70
f 1613//70 1611//70 1614//70
f 1615//142 1612//140 1613//141
f 1615//142 1613//141 1616//143
f 1617//144 1615//142 1616//143
f 1617//144 1616//143 1618//145
f 1619//146 1617//144 1618//145
f 1619//146 1618//145 1614//147
f 1614//70 1618//70 1616//70
f 1613//70 1614//70 1616//70
f 1552//70 1619//70 1620//70
f 1617//70 1619//70 1552//70
f 1617//70 1552//70 1615//70
f 1615//70 1552//70 1612//70
f 1603//70 1609//70 1600//70
f 1603//70 1600//70 1575//70
f 1611//70 1585//70 1601//70
f 1601//70 1585//70 1575//70
f 1608//136 1610//148 1600//127
f 1608//136 1600//127 1609//137
f 1550//138 1619//146 1614//147
f 1550//138 1614//147 1611//139
f 1621//70 1541//70 1540//70
f 1621//70 1540//70 1544//70
f 1554//70 1556//70 1622//70
f 1552//70 1554//70 1622//70
f 1621//70 1544//70 1602//70
f 1621//70 1602//70 1574//70
f 1621//70 1574//70 1598//70
f 1622//70 1612//70 1552//70
f 1622//70 1599//70 1586//70
f 1622//70 1586//70 1612//70
f 1623//70 1624//70 1625//70
f 1626//70 1623//70 1625//70
f 1624//70 1627//70 1628//70
f 1625//70 1624//70 1628//70
f 1627//70 1629//70 1630//70
f 1628//70 1627//70 1630//70
f 1629//70 1631//70 1632//70
f 1630//70 1629//70 1632//70
f 1631//70 1633//70 1634//70
f 1632//70 1631//70 1634//70
f 1633//70 1635//70 1636//70
f 1634//70 1633//70 1636//70
f 1635//70 1637//70 1638//70
f 1636//70 1635//70 1638//70
f 1637//70 1639//70 1640//70
f 1638//70 1637//70 1640//70
f 1639//70 1641//70 1642//70
f 1640//70 1639//70 1642//70
f 1641//70 1643//70 1644//70
f 1642//70 1641//70 1644//70
f 1643//70 1645//70 1646//70
f 1644//70 1643//70 1646//70
f 1645//70 1647//70 1648//70
f 1646//70 1645//70 1648//70
f 1647//70 1649//70 1650//70
f 1648//70 1647//70 1650//70
f 1649//70 1651//70 1652//70
f 1650//70 1649//70 1652//70
f 1651//70 1653//70 1654//70
f 1652//70 1651//70 1654//70
f 1653//70 1623//70 1626//70
f 1654//70 1653//70 1626//70
f 1648//73 1650//72 1539//71
f 1648//73 1539//71 1542//74
f 1650//72 1652//76 1543//75
f 1650//72 1543//75 1539//71
f 1652//76 1654//78 1545//77
f 1652//76 1545//77 1543//75
f 1654//78 1626//80 1547//79
f 1654//78 1547//79 1545//77
f 1626//80 1625//82 1549//81
f 1626//80 1549//81 1547//79
f 1625//82 1628//84 1551//83
f 1625//82 1551//83 1549//81
f 1628//84 1630//86 1553//85
f 1628//84 1553//85 1551//83
f 1630//86 1632//88 1555//87
f 1630//86 1555//87 1553//85
f 1632//88 1634//90 1557//89
f 1632//88 1557//89 1555//87
f 1634//90 1636//92 1559//91
f 1634//90 1559//91 1557//89
f 1636//92 1638//94 1561//93
f 1636//92 1561//93 1559//91
f 1638//94 1640//96 1563//95
f 1638//94 1563//95 1561//93
f 1640//96 1642//98 1565//97
f 1640//96 1565//97 1563//95
f 1642//98 1644//100 1567//99
f 1642//98 1567//99 1565//97
f 1644//100 1646//102 1569//101
f 1644//100 1569//101 1567//99
f 1646//102 1648//73 1542//74
f 1646//102 1542//74 1569//101
f 1655//39 1656//38 1649//37
f 1655//39 1649//37 1647//40
f 1656//38 1657//42 1651//41
f 1656//38 1651//41 1649//37
f 1657//42 1658//44 1653//43
f 1657//42 1653//43 1651//41
f 1658//44 1659//46 1623//45
f 1658//44 1623//45 1653//43
f 1659//46 1660//48 1624//47
f 1659//46 1624//47 1623//45
f 1660//48 1661//50 1627//49
f 1660//48 1627//49 1624//47
f 1661//50 1662//52 1629//51
f 1661//50 1629//51 1627//49
f 1662//52 1663//54 1631//53
f 1662//52 1631//53 1629//51
f 1663//54 1664//56 1633//55
f 1663//54 1633//55 1631//53
f 1664//56 1665//58 1635//57
f 1664//56 1635//57 1633//55
f 1665//58 1666//60 1637//59
f 1665//58 1637//59 1635//57
f 1666//60 1667//62 1639//61
f 1666//60 1639//61 1637//59
f 1667//62 1668//64 1641//63
f 1667//62 1641//63 1639//61
f 1668//64 1669//66 1643//65
f 1668//64 1643//65 1641//63
f 1669//66 1670//68 1645//67
f 1669//66 1645//67 1643//65
f 1670//68 1655//39 1647//40
f 1670//68 1647//40 1645//67
f 1671//69 1660//69 1659//69
f 1671//69 1659//69 1672//69
f 1673//69 1661//69 1660//69
f 1673//69 1660//69 1671//69
f 1674//69 1662//69 1661//69
f 1674//69 1661//69 1673//69
f 1675//69 1663//69 1662//69
f 1675//69 1662//69 1674//69
f 1676//69 1664//69 1663//69
f 1676//69 1663//69 1675//69
f 1677//69 1665//69 1664//69
f 1677//69 1664//69 1676//69
f 1678//69 1666//69 1665//69
f 1678//69 1665//69 1677//69
f 1679//69 1667//69 1666//69
f 1679//69 1666//69 1678//69
f 1680//69 1668//69 1667//69
f 1680//69 1667//69 1679//69
f 1681//69 1669//69 1668//69
f 1681//69 1668//69 1680//69
f 1682//69 1670//69 1669//69
f 1682//69 1669//69 1681//69
f 1683//69 1655//69 1670//69
f 1683//69 1670//69 1682//69
f 1684//69 1656//69 1655//69
f 1684//69 1655//69 1683//69
f 1685//69 1657//69 1656//69
f 1685//69 1656//69 1684//69
f 1686//69 1658//69 1657//69
f 1686//69 1657//69 1685//69
f 1672//69 1659//69 1658//69
f 1672//69 1658//69 1686//69
f 1687//71 1684//72 1683//73
f 1688//74 1687//71 1683//73
f 1689//75 1685//76 1684//72
f 1687//71 1689//75 1684//72
f 1690//77 1686//78 1685//76
f 1689//75 1690//77 1685//76
f 1691//79 1672//80 1686//78
f 1690//77 1691//79 1686//78
f 1692//81 1671//82 1672//80
f 1691//79 1692//81 1672//80
f 1693//83 1673//84 1671//82
f 1692//81 1693//83 1671//82
f 1694//85 1674//86 1673//84
f 1693//83 1694//85 1673//84
f 1695//87 1675//88 1674//86
f 1694//85 1695//87 1674//86
f 1696//89 1676//90 1675//88
f 1695//87 1696//89 1675//88
f 1697//91 1677//92 1676//90
f 1696//89 1697//91 1676//90
f 1698//93 1678//94 1677//92
f 1697//91 1698//93 1677//92
f 1699//95 1679//96 1678//94
f 1698//93 1699//95 1678//94
f 1700//97 1680//98 1679//96
f 1699//95 1700//97 1679//96
f 1701//99 1681//100 1680//98
f 1700//97 1701//99 1680//98
f 1702//101 1682//102 1681//100
f 1701//99 1702//101 1681//100
f 1688//74 1683//73 1682//102
f 1702//101 1688//74 1682//102
f 1703//149 1536//104 1535//103
f 1703//149 1535//103 1704//103
f 1705//107 1706//107 1707//106
f 1705//107 1707//106 1708//108
f 1703//69 1704//69 1705//69
f 1708//108 1707//106 1709//109
f 1710//110 1708//108 1709//109
f 1710//110 1709//109 1711//111
f 1712//112 1710//110 1711//111
f 1712//112 1711//111 1713//150
f 1714//114 1712//112 1713//150
f 1710//69 1712//69 1714//69
f 1710//69 1714//69 1708//69
f 1715//69 1713//69 1537//69
f 1713//69 1711//69 1537//69
f 1537//69 1711//69 1709//69
f 1537//69 1709//69 1707//69
f 1535//103 1534//116 1716//115
f 1704//103 1535//103 1716//115
f 1717//118 1718//117 1719//117
f 1720//119 1717//118 1719//117
f 1720//69 1719//69 1716//69
f 1720//69 1716//69 1721//69
f 1722//120 1717//118 1720//119
f 1722//120 1720//119 1723//121
f 1724//122 1722//120 1723//121
f 1724//122 1723//121 1725//123
f 1726//124 1724//122 1725//123
f 1726//124 1725//123 1721//125
f 1721//69 1725//69 1723//69
f 1720//69 1721//69 1723//69
f 1533//69 1726//69 1727//69
f 1724//69 1726//69 1533//69
f 1724//69 1533//69 1722//69
f 1722//69 1533//69 1717//69
f 1708//69 1714//69 1703//69
f 1708//69 1703//69 1705//69
f 1716//69 1719//69 1704//69
f 1704//69 1719//69 1705//69
f 1713//150 1715//151 1703//149
f 1713//150 1703//149 1714//114
f 1534//116 1726//124 1721//125
f 1534//116 1721//125 1716//115
f 1728//69 1527//69 1538//69
f 1728//69 1538//69 1537//69
f 1532//69 1530//69 1729//69
f 1533//69 1532//69 1729//69
f 1728//69 1537//69 1707//69
f 1728//69 1707//69 1706//69
f 1728//69 1706//69 1730//69
f 1729//69 1717//69 1533//69
f 1729//69 1731//69 1718//69
f 1729//69 1718//69 1717//69
f 1732//129 1733//128 1734//152
f 1735//129 1732//129 1734//152
f 1736//130 1706//107 1705//107
f 1737//131 1736//130 1705//107
f 1705//69 1735//69 1734//69
f 1738//132 1736//130 1737//131
f 1738//132 1737//131 1739//133
f 1740//134 1738//132 1739//133
f 1740//134 1739//133 1741//135
f 1742//153 1740//134 1741//135
f 1742//153 1741//135 1743//137
f 1743//69 1741//69 1739//69
f 1737//69 1743//69 1739//69
f 1744//69 1742//69 1745//69
f 1744//69 1740//69 1742//69
f 1738//69 1740//69 1744//69
f 1736//69 1738//69 1744//69
f 1746//139 1747//138 1732//129
f 1746//139 1732//129 1735//129
f 1719//117 1718//117 1748//140
f 1719//117 1748//140 1749//141
f 1746//69 1719//69 1749//69
f 1750//69 1746//69 1749//69
f 1749//141 1748//140 1751//142
f 1752//143 1749//141 1751//142
f 1752//143 1751//142 1753//144
f 1754//145 1752//143 1753//144
f 1754//145 1753//144 1755//146
f 1750//147 1754//145 1755//146
f 1752//69 1754//69 1750//69
f 1752//69 1750//69 1749//69
f 1756//69 1755//69 1757//69
f 1757//69 1755//69 1753//69
f 1751//69 1757//69 1753//69
f 1748//69 1757//69 1751//69
f 1734//69 1743//69 1737//69
f 1705//69 1734//69 1737//69
f 1735//69 1719//69 1746//69
f 1705//69 1719//69 1735//69
f 1734//152 1745//154 1742//153
f 1743//137 1734//152 1742//153
f 1750//147 1755//146 1747//138
f 1746//139 1750//147 1747//138
f 1758//69 1759//69 1760//69
f 1744//69 1758//69 1760//69
f 1761//69 1762//69 1763//69
f 1761//69 1763//69 1757//69
f 1736//69 1744//69 1760//69
f 1706//69 1736//69 1760//69
f 1730//69 1706//69 1760//69
f 1757//69 1748//69 1761//69
f 1718//69 1731//69 1761//69
f 1748//69 1718//69 1761//69
f 1759//69 1758//69 1687//69
f 1759//69 1687//69 1688//69
f 1758//69 1744//69 1689//69
f 1758//69 1689//69 1687//69
f 1744//69 1733//69 1690//69
f 1744//69 1690//69 1689//69
f 1733//69 1732//69 1691//69
f 1733//69 1691//69 1690//69
f 1732//69 1747//69 1692//69
f 1732//69 1692//69 1691//69
f 1747//69 1757//69 1693//69
f 1747//69 1693//69 1692//69
f 1757//69 1763//69 1694//69
f 1757//69 1694//69 1693//69
f 1763//69 1762//69 1695//69
f 1763//69 1695//69 1694//69
f 1762//69 1764//69 1696//69
f 1762//69 1696//69 1695//69
f 1764//69 1765//69 1697//69
f 1764//69 1697//69 1696//69
f 1765//69 1766//69 1698//69
f 1765//69 1698//69 1697//69
f 1766//69 1767//69 1699//69
f 1766//69 1699//69 1698//69
f 1767//69 1768//69 1700//69
f 1767//69 1700//69 1699//69
f 1768//69 1769//69 1701//69
f 1768//69 1701//69 1700//69
f 1769//69 1770//69 1702//69
f 1769//69 1702//69 1701//69
f 1770//69 1759//69 1688//69
f 1770//69 1688//69 1702//69
f 1771//70 1772//70 1773//70
f 1774//70 1771//70 1773//70
f 1775//70 1776//70 1772//70
f 1771//70 1775//70 1772//70
f 1777//70 1778//70 1776//70
f 1775//70 1777//70 1776//70
f 1779//70 1780//70 1778//70
f 1777//70 1779//70 1778//70
f 1781//70 1782//70 1780//70
f 1779//70 1781//70 1780//70
f 1783//70 1784//70 1782//70
f 1781//70 1783//70 1782//70
f 1785//70 1786//70 1784//70
f 1783//70 1785//70 1784//70
f 1787//70 1788//70 1786//70
f 1785//70 1787//70 1786//70
f 1789//70 1790//70 1788//70
f 1787//70 1789//70 1788//70
f 1791//70 1792//70 1790//70
f 1789//70 1791//70 1790//70
f 1793//70 1794//70 1792//70
f 1791//70 1793//70 1792//70
f 1795//70 1796//70 1794//70
f 1793//70 1795//70 1794//70
f 1797//70 1798//70 1796//70
f 1795//70 1797//70 1796//70
f 1799//70 1800//70 1798//70
f 1797//70 1799//70 1798//70
f 1801//70 1802//70 1800//70
f 1799//70 1801//70 1800//70
f 1774//70 1773//70 1802//70
f 1801//70 1774//70 1802//70
f 1564//103 1566//104 1803//105
f 1804//103 1564//103 1803//105
f 1805//106 1806//107 1807//107
f 1808//108 1805//106 1807//107
f 1807//70 1804//70 1803//70
f 1809//109 1805//106 1808//108
f 1809//109 1808//108 1810//110
f 1811//111 1809//109 1810//110
f 1811//111 1810//110 1812//112
f 1813//113 1811//111 1812//112
f 1813//113 1812//112 1814//114
f 1814//70 1812//70 1810//70
f 1808//70 1814//70 1810//70
f 1568//70 1813//70 1815//70
f 1568//70 1811//70 1813//70
f 1809//70 1811//70 1568//70
f 1805//70 1809//70 1568//70
f 1816//115 1562//116 1564//103
f 1816//115 1564//103 1804//103
f 1817//117 1818//117 1819//118
f 1817//117 1819//118 1820//119
f 1816//70 1817//70 1820//70
f 1821//70 1816//70 1820//70
f 1820//119 1819//118 1822//120
f 1823//121 1820//119 1822//120
f 1823//121 1822//120 1824//122
f 1825//123 1823//121 1824//122
f 1825//123 1824//122 1826//124
f 1821//125 1825//123 1826//124
f 1823//70 1825//70 1821//70
f 1823//70 1821//70 1820//70
f 1827//70 1826//70 1560//70
f 1560//70 1826//70 1824//70
f 1822//70 1560//70 1824//70
f 1819//70 1560//70 1822//70
f 1803//70 1814//70 1808//70
f 1807//70 1803//70 1808//70
f 1804//70 1817//70 1816//70
f 1807//70 1817//70 1804//70
f 1803//105 1815//126 1813//113
f 1814//114 1803//105 1813//113
f 1821//125 1826//124 1562//116
f 1816//115 1821//125 1562//116
f 1570//70 1541//70 1828//70
f 1568//70 1570//70 1828//70
f 1829//70 1556//70 1558//70
f 1829//70 1558//70 1560//70
f 1805//70 1568//70 1828//70
f 1806//70 1805//70 1828//70
f 1830//70 1806//70 1828//70
f 1560//70 1819//70 1829//70
f 1818//70 1831//70 1829//70
f 1819//70 1818//70 1829//70
f 1832//127 1778//128 1780//129
f 1832//127 1780//129 1833//129
f 1807//107 1806//107 1834//130
f 1807//107 1834//130 1835//131
f 1832//70 1833//70 1807//70
f 1835//131 1834//130 1836//132
f 1837//133 1835//131 1836//132
f 1837//133 1836//132 1838//134
f 1839//135 1837//133 1838//134
f 1839//135 1838//134 1840//136
f 1841//137 1839//135 1840//136
f 1837//70 1839//70 1841//70
f 1837//70 1841//70 1835//70
f 1842//70 1840//70 1776//70
f 1840//70 1838//70 1776//70
f 1776//70 1838//70 1836//70
f 1776//70 1836//70 1834//70
f 1780//129 1782//138 1843//139
f 1833//129 1780//129 1843//139
f 1844//140 1818//117 1817//117
f 1845//141 1844//140 1817//117
f 1845//70 1817//70 1843//70
f 1845//70 1843//70 1846//70
f 1847//142 1844//140 1845//141
f 1847//142 1845//141 1848//143
f 1849//144 1847//142 1848//143
f 1849//144 1848//143 1850//145
f 1851//146 1849//144 1850//145
f 1851//146 1850//145 1846//147
f 1846//70 1850//70 1848//70
f 1845//70 1846//70 1848//70
f 1784//70 1851//70 1852//70
f 1849//70 1851//70 1784//70
f 1849//70 1784//70 1847//70
f 1847//70 1784//70 1844//70
f 1835//70 1841//70 1832//70
f 1835//70 1832//70 1807//70
f 1843//70 1817//70 1833//70
f 1833//70 1817//70 1807//70
f 1840//136 1842//148 1832//127
f 1840//136 1832//127 1841//137
f 1782//138 1851//146 1846//147
f 1782//138 1846//147 1843//139
f 1853//70 1773//70 1772//70
f 1853//70 1772//70 1776//70
f 1786//70 1788//70 1854//70
f 1784//70 1786//70 1854//70
f 1853//70 1776//70 1834//70
f 1853//70 1834//70 1806//70
f 1853//70 1806//70 1830//70
f 1854//70 1844//70 1784//70
f 1854//70 1831//70 1818//70
f 1854//70 1818//70 1844//70
f 1855//70 1856//70 1857//70
f 1858//70 1855//70 1857//70
f 1856//70 1859//70 1860//70
f 1857//70 1856//70 1860//70
f 1859//70 1861//70 1862//70
f 1860//70 1859//70 1862//70
f 1861//70 1863//70 1864//70
f 1862//70 1861//70 1864//70
f 1863//70 1865//70 1866//70
f 1864//70 1863//70 1866//70
f 1865//70 1867//70 1868//70
f 1866//70 1865//70 1868//70
f 1867//70 1869//70 1870//70
f 1868//70 1867//70 1870//70
f 1869//70 1871//70 1872//70
f 1870//70 1869//70 1872//70
f 1871//70 1873//70 1874//70
f 1872//70 1871//70 1874//70
f 1873//70 1875//70 1876//70
f 1874//70 1873//70 1876//70
f 1875//70 1877//70 1878//70
f 1876//70 1875//70 1878//70
f 1877//70 1879//70 1880//70
f 1878//70 1877//70 1880//70
f 1879//70 1881//70 1882//70
f 1880//70 1879//70 1882//70
f 1881//70 1883//70 1884//70
f 1882//70 1881//70 1884//70
f 1883//70 1885//70 1886//70
f 1884//70 1883//70 1886//70
f 1885//70 1855//70 1858//70
f 1886//70 1885//70 1858//70
f 1880//73 1882//72 1771//71
f 1880//73 1771//71 1774//74
f 1882//72 1884//76 1775//75
f 1882//72 1775//75 1771//71
f 1884//76 1886//78 1777//77
f 1884//76 1777//77 1775//75
f 1886//78 1858//80 1779//79
f 1886//78 1779//79 1777//77
f 1858//80 1857//82 1781//81
f 1858//80 1781//81 1779//79
f 1857//82 1860//84 1783//83
f 1857//82 1783//83 1781//81
f 1860//84 1862//86 1785//85
f 1860//84 1785//85 1783//83
f 1862//86 1864//88 1787//87
f 1862//86 1787//87 1785//85
f 1864//88 1866//90 1789//89
f 1864//88 1789//89 1787//87
f 1866//90 1868//92 1791//91
f 1866//90 1791//91 1789//89
f 1868//92 1870//94 1793//93
f 1868//92 1793//93 1791//91
f 1870//94 1872//96 1795//95
f 1870//94 1795//95 1793//93
f 1872//96 1874//98 1797//97
f 1872//96 1797//97 1795//95
f 1874//98 1876//100 1799//99
f 1874//98 1799//99 1797//97
f 1876//100 1878//102 1801//101
f 1876//100 1801//101 1799//99
f 1878//102 1880//73 1774//74
f 1878//102 1774//74 1801//101
f 1887//39 1888//38 1881//37
f 1887//39 1881//37 1879//40
f 1888//38 1889//42 1883//41
f 1888//38 1883//41 1881//37
f 1889//42 1890//44 1885//43
f 1889//42 1885//43 1883//41
f 1890//44 1891//46 1855//45
f 1890//44 1855//45 1885//43
f 1891//46 1892//48 1856//47
f 1891//46 1856//47 1855//45
f 1892//48 1893//50 1859//49
f 1892//48 1859//49 1856//47
f 1893//50 1894//52 1861//51
f 1893//50 1861//51 1859//49
f 1894//52 1895//54 1863//53
f 1894//52 1863//53 1861//51
f 1895//54 1896//56 1865//55
f 1895//54 1865//55 1863//53
f 1896//56 1897//58 1867//57
f 1896//56 1867//57 1865//55
f 1897//58 1898//60 1869//59
f 1897//58 1869//59 1867//57
f 1898//60 1899//62 1871//61
f 1898//60 1871//61 1869//59
f 1899//62 1900//64 1873//63
f 1899//62 1873//63 1871//61
f 1900//64 1901//66 1875//65
f 1900//64 1875//65 1873//63
f 1901//66 1902//68 1877//67
f 1901//66 1877//67 1875//65
f 1902//68 1887//39 1879//40
f 1902//68 1879//40 1877//67
f 1903//69 1892//69 1891//69
f 1903//69 1891//69 1904//69
f 1905//69 1893//69 1892//69
f 1905//69 1892//69 1903//69
f 1906//69 1894//69 1893//69
f 1906//69 1893//69 1905//69
f 1907//69 1895//69 1894//69
f 1907//69 1894//69 1906//69
f 1908//69 1896//69 1895//69
f 1908//69 1895//69 1907//69
f 1909//69 1897//69 1896//69
f 1909//69 1896//69 1908//69
f 1910//69 1898//69 1897//69
f 1910//69 1897//69 1909//69
f 1911//69 1899//69 1898//69
f 1911//69 1898//69 1910//69
f 1912//69 1900//69 1899//69
f 1912//69 1899//69 1911//69
f 1913//69 1901//69 1900//69
f 1913//69 1900//69 1912//69
f 1914//69 1902//69 1901//69
f 1914//69 1901//69 1913//69
f 1915//69 1887//69 1902//69
f 1915//69 1902//69 1914//69
f 1916//69 1888//69 1887//69
f 1916//69 1887//69 1915//69
f 1917//69 1889//69 1888//69
f 1917//69 1888//69 1916//69
f 1918//69 1890//69 1889//69
f 1918//69 1889//69 1917//69
f 1904//69 1891//69 1890//69
f 1904//69 1890//69 1918//69
f 1919//71 1916//72 1915//73
f 1920//74 1919//71 1915//73
f 1921//75 1917//76 1916//72
f 1919//71 1921//75 1916//72
f 1922//77 1918//78 1917//76
f 1921//75 1922//77 1917//76
f 1923//79 1904//80 1918//78
f 1922//77 1923//79 1918//78
f 1924//81 1903//82 1904//80
f 1923//79 1924//81 1904//80
f 1925//83 1905//84 1903//82
f 1924//81 1925//83 1903//82
f 1926//85 1906//86 1905//84
f 1925//83 1926//85 1905//84
f 1927//87 1907//88 1906//86
f 1926//85 1927//87 1906//86
f 1928//89 1908//90 1907//88
f 1927//87 1928//89 1907//88
f 1929//91 1909//92 1908//90
f 1928//89 1929//91 1908//90
f 1930//93 1910//94 1909//92
f 1929//91 1930//93 1909//92
f 1931//95 1911//96 1910//94
f 1930//93 1931//95 1910//94
f 1932//97 1912//98 1911//96
f 1931//95 1932//97 1911//96
f 1933//99 1913//100 1912//98
f 1932//97 1933//99 1912//98
f 1934//101 1914//102 1913//100
f 1933//99 1934//101 1913//100
f 1920//74 1915//73 1914//102
f 1934//101 1920//74 1914//102
f 1935//149 1768//104 1767//103
f 1935//149 1767//103 1936//103
f 1937//107 1938//107 1939//106
f 1937//107 1939//106 1940//108
f 1935//69 1936//69 1937//69
f 1940//108 1939//106 1941//109
f 1942//110 1940//108 1941//109
f 1942//110 1941//109 1943//111
f 1944//112 1942//110 1943//111
f 1944//112 1943//111 1945//150
f 1946//114 1944//112 1945//150
f 1942//69 1944//69 1946//69
f 1942//69 1946//69 1940//69
f 1947//69 1945//69 1769//69
f 1945//69 1943//69 1769//69
f 1769//69 1943//69 1941//69
f 1769//69 1941//69 1939//69
f 1767//103 1766//116 1948//115
f 1936//103 1767//103 1948//115
f 1949//118 1950//117 1951//117
f 1952//119 1949//118 1951//117
f 1952//69 1951//69 1948//69
f 1952//69 1948//69 1953//69
f 1954//120 1949//118 1952//119
f 1954//120 1952//119 1955//121
f 1956//122 1954//120 1955//121
f 1956//122 1955//121 1957//123
f 1958//124 1956//122 1957//123
f 1958//124 1957//123 1953//125
f 1953//69 1957//69 1955//69
f 1952//69 1953//69 1955//69
f 1765//69 1958//69 1959//69
f 1956//69 1958//69 1765//69
f 1956//69 1765//69 1954//69
f 1954//69 1765//69 1949//69
f 1940//69 1946//69 1935//69
f 1940//69 1935//69 1937//69
f 1948//69 1951//69 1936//69
f 1936//69 1951//69 1937//69
f 1945//150 1947//151 1935//149
f 1945//150 1935//149 1946//114
f 1766//116 1958//124 1953//125
f 1766//116 1953//125 1948//115
f 1960//69 1759//69 1770//69
f 1960//69 1770//69 1769//69
f 1764//69 1762//69 1961//69
f 1765//69 1764//69 1961//69
f 1960//69 1769//69 1939//69
f 1960//69 1939//69 1938//69
f 1960//69 1938//69 1962//69
f 1961//69 1949//69 1765//69
f 1961//69 1963//69 1950//69
f 1961//69 1950//69 1949//69
f 1964//129 1965//128 1966//152
f 1967//129 1964//129 1966//152
f 1968//130 1938//107 1937//107
f 1969//131 1968//130 1937//107
f 1937//69 1967//69 1966//69
f 1970//132 1968//130 1969//131
f 1970//132 1969//131 1971//133
f 1972//134 1970//132 1971//133
f 1972//134 1971//133 1973//135
f 1974//153 1972//134 1973//135
f 1974//153 1973//135 1975//137
f 1975//69 1973//69 1971//69
f 1969//69 1975//69 1971//69
f 1976//69 1974//69 1977//69
f 1976//69 1972//69 1974//69
f 1970//69 1972//69 1976//69
f 1968//69 1970//69 1976//69
f 1978//139 1979//138 1964//129
f 1978//139 1964//129 1967//129
f 1951//117 1950//117 1980//140
f 1951//117 1980//140 1981//141
f 1978//69 1951//69 1981//69
f 1982//69 1978//69 1981//69
f 1981//141 1980//140 1983//142
f 1984//143 1981//141 1983//142
f 1984//143 1983//142 1985//144
f 1986//145 1984//143 1985//144
f 1986//145 1985//144 1987//146
f 1982//147 1986//145 1987//146
f 1984//69 1986//69 1982//69
f 1984//69 1982//69 1981//69
f 1988//69 1987//69 1989//69
f 1989//69 1987//69 1985//69
f 1983//69 1989//69 1985//69
f 1980//69 1989//69 1983//69
f 1966//69 1975//69 1969//69
f 1937//69 1966//69 1969//69
f 1967//69 1951//69 1978//69
f 1937//69 1951//69 1967//69
f 1966//152 1977//154 1974//153
f 1975//137 1966//152 1974//153
f 1982//147 1987//146 1979//138
f 1978//139 1982//147 1979//138
f 1990//69 1991//69 1992//69
f 1976//69 1990//69 1992//69
f 1993//69 1994//69 1995//69
f 1993//69 1995//69 1989//69
f 1968//69 1976//69 1992//69
f 1938//69 1968//69 1992//69
f 1962//69 1938//69 1992//69
f 1989//69 1980//69 1993//69
f 1950//69 1963//69 1993//69
f 1980//69 1950//69 1993//69
f 1991//69 1990//69 1919//69
f 1991//69 1919//69 1920//69
f 1990//69 1976//69 1921//69
f 1990//69 1921//69 1919//69
f 1976//69 1965//69 1922//69
f 1976//69 1922//69 1921//69
f 1965//69 1964//69 1923//69
f 1965//69 1923//69 1922//69
f 1964//69 1979//69 1924//69
f 1964//69 1924//69 1923//69
f 1979//69 1989//69 1925//69
f 1979//69 1925//69 1924//69
f 1989//69 1995//69 1926//69
f 1989//69 1926//69 1925//69
f 1995//69 1994//69 1927//69
f 1995//69 1927//69 1926//69
f 1994//69 1996//69 1928//69
f 1994//69 1928//69 1927//69
f 1996//69 1997//69 1929//69
f 1996//69 1929//69 1928//69
f 1997//69 1998//69 1930//69
f 1997//69 1930//69 1929//69
f 1998//69 1999//69 1931//69
f 1998//69 1931//69 1930//69
f 1999//69 2000//69 1932//69
f 1999//69 1932//69 1931//69
f 2000//69 2001//69 1933//69
f 2000//69 1933//69 1932//69
f 2001//69 2002//69 1934//69
f 2001//69 1934//69 1933//69
f 2002//69 1991//69 1920//69
f 2002//69 1920//69 1934//69
f 2003//70 2004//70 2005//70
f 2006//70 2003//70 2005//70
f 2007//70 2008//70 2004//70
f 2003//70 2007//70 2004//70
f 2009//70 2010//70 2008//70
f 2007//70 2009//70 2008//70
f 2011//70 2012//70 2010//70
f 2009//70 2011//70 2010//70
f 2013//70 2014//70 2012//70
f 2011//70 2013//70 2012//70
f 2015//70 2016//70 2014//70
f 2013//70 2015//70 2014//70
f 2017//70 2018//70 2016//70
f 2015//70 2017//70 2016//70
f 2019//70 2020//70 2018//70
f 2017//70 2019//70 2018//70
f 2021//70 2022//70 2020//70
f 2019//70 2021//70 2020//70
f 2023//70 2024//70 2022//70
f 2021//70 2023//70 2022//70
f 2025//70 2026//70 2024//70
f 2023//70 2025//70 2024//70
f 2027//70 2028//70 2026//70
f 2025//70 2027//70 2026//70
f 2029//70 2030//70 2028//70
f 2027//70 2029//70 2028//70
f 2031//70 2032//70 2030//70
f 2029//70 2031//70 2030//70
f 2033//70 2034//70 2032//70
f 2031//70 2033//70 2032//70
f 2006//70 2005//70 2034//70
f 2033//70 2006//70 2034//70
f 1796//103 1798//104 2035//105
f 2036//103 1796//103 2035//105
f 2037//106 2038//107 2039//107
f 2040//108 2037//106 2039//107
f 2039//70 2036//70 2035//70
f 2041//109 2037//106 2040//108
f 2041//109 2040//108 2042//110
f 2043//111 2041//109 2042//110
f 2043//111 2042//110 2044//112
f 2045//113 2043//111 2044//112
f 2045//113 2044//112 2046//114
f 2046//70 2044//70 2042//70
f 2040//70 2046//70 2042//70
f 1800//70 2045//70 2047//70
f 1800//70 2043//70 2045//70
f 2041//70 2043//70 1800//70
f 2037//70 2041//70 1800//70
f 2048//115 1794//116 1796//103
f 2048//115 1796//103 2036//103
f 2049//117 2050//117 2051//118
f 2049//117 2051//118 2052//119
f 2048//70 2049//70 2052//70
f 2053//70 2048//70 2052//70
f 2052//119 2051//118 2054//120
f 2055//121 2052//119 2054//120
f 2055//121 2054//120 2056//122
f 2057//123 2055//121 2056//122
f 2057//123 2056//122 2058//124
f 2053//125 2057//123 2058//124
f 2055//70 2057//70 2053//70
f 2055//70 2053//70 2052//70
f 2059//70 2058//70 1792//70
f 1792//70 2058//70 2056//70
f 2054//70 1792//70 2056//70
f 2051//70 1792//70 2054//70
f 2035//70 2046//70 2040//70
f 2039//70 2035//70 2040//70
f 2036//70 2049//70 2048//70
f 2039//70 2049//70 2036//70
f 2035//105 2047//126 2045//113
f 2046//114 2035//105 2045//113
f 2053//125 2058//124 1794//116
f 2048//115 2053//125 1794//116
f 1802//70 1773//70 2060//70
f 1800//70 1802//70 2060//70
f 2061//70 1788//70 1790//70
f 2061//70 1790//70 1792//70
f 2037//70 1800//70 2060//70
f 2038//70 2037//70 2060//70
f 2062//70 2038//70 2060//70
f 1792//70 2051//70 2061//70
f 2050//70 2063//70 2061//70
f 2051//70 2050//70 2061//70
f 2064//127 2010//128 2012//129
f 2064//127 2012//129 2065//129
f 2039//107 2038//107 2066//130
f 2039//107 2066//130 2067//131
f 2064//70 2065//70 2039//70
f 2067//131 2066//130 2068//132
f 2069//133 2067//131 2068//132
f 2069//133 2068//132 2070//134
f 2071//135 2069//133 2070//134
f 2071//135 2070//134 2072//136
f 2073//137 2071//135 2072//136
f 2069//70 2071//70 2073//70
f 2069//70 2073//70 2067//70
f 2074//70 2072//70 2008//70
f 2072//70 2070//70 2008//70
f 2008//70 2070//70 2068//70
f 2008//70 2068//70 2066//70
f 2012//129 2014//138 2075//139
f 2065//129 2012//129 2075//139
f 2076//140 2050//117 2049//117
f 2077//141 2076//140 2049//117
f 2077//70 2049//70 2075//70
f 2077//70 2075//70 2078//70
f 2079//142 2076//140 2077//141
f 2079//142 2077//141 2080//143
f 2081//144 2079//142 2080//143
f 2081//144 2080//143 2082//145
f 2083//146 2081//144 2082//145
f 2083//146 2082//145 2078//147
f 2078//70 2082//70 2080//70
f 2077//70 2078//70 2080//70
f 2016//70 2083//70 2084//70
f 2081//70 2083//70 2016//70
f 2081//70 2016//70 2079//70
f 2079//70 2016//70 2076//70
f 2067//70 2073//70 2064//70
f 2067//70 2064//70 2039//70
f 2075//70 2049//70 2065//70
f 2065//70 2049//70 2039//70
f 2072//136 2074//148 2064//127
f 2072//136 2064//127 2073//137
f 2014//138 2083//146 2078//147
f 2014//138 2078//147 2075//139
f 2085//70 2005//70 2004//70
f 2085//70 2004//70 2008//70
f 2018//70 2020//70 2086//70
f 2016//70 2018//70 2086//70
f 2085//70 2008//70 2066//70
f 2085//70 2066//70 2038//70
f 2085//70 2038//70 2062//70
f 2086//70 2076//70 2016//70
f 2086//70 2063//70 2050//70
f 2086//70 2050//70 2076//70
f 2087//70 2088//70 2089//70
f 2090//70 2087//70 2089//70
f 2088//70 2091//70 2092//70
f 2089//70 2088//70 2092//70
f 2091//70 2093//70 2094//70
f 2092//70 2091//70 2094//70
f 2093//70 2095//70 2096//70
f 2094//70 2093//70 2096//70
f 2095//70 2097//70 2098//70
f 2096//70 2095//70 2098//70
f 2097//70 2099//70 2100//70
f 2098//70 2097//70 2100//70
f 2099//70 2101//70 2102//70
f 2100//70 2099//70 2102//70
f 2101//70 2103//70 2104//70
f 2102//70 2101//70 2104//70
f 2103//70 2105//70 2106//70
f 2104//70 2103//70 2106//70
f 2105//70 2107//70 2108//70
f 2106//70 2105//70 2108//70
f 2107//70 2109//70 2110//70
f 2108//70 2107//70 2110//70
f 2109//70 2111//70 2112//70
f 2110//70 2109//70 2112//70
f 2111//70 2113//70 2114//70
f 2112//70 2111//70 2114//70
f 2113//70 2115//70 2116//70
f 2114//70 2113//70 2116//70
f 2115//70 2117//70 2118//70
f 2116//70 2115//70 2118//70
f 2117//70 2087//70 2090//70
f 2118//70 2117//70 2090//70
f 2112//73 2114//72 2003//71
f 2112//73 2003//71 2006//74
f 2114//72 2116//76 2007//75
f 2114//72 2007//75 2003//71
f 2116//76 2118//78 2009//77
f 2116//76 2009//77 2007//75
f 2118//78 2090//80 2011//79
f 2118//78 2011//79 2009//77
f 2090//80 2089//82 2013//81
f 2090//80 2013//81 2011//79
f 2089//82 2092//84 2015//83
f 2089//82 2015//83 2013//81
f 2092//84 2094//86 2017//85
f 2092//84 2017//85 2015//83
f 2094//86 2096//88 2019//87
f 2094//86 2019//87 2017//85
f 2096//88 2098//90 2021//89
f 2096//88 2021//89 2019//87
f 2098//90 2100//92 2023//91
f 2098//90 2023//91 2021//89
f 2100//92 2102//94 2025//93
f 2100//92 2025//93 2023//91
f 2102//94 2104//96 2027//95
f 2102//94 2027//95 2025//93
f 2104//96 2106//98 2029//97
f 2104//96 2029//97 2027//95
f 2106//98 2108//100 2031//99
f 2106//98 2031//99 2029//97
f 2108//100 2110//102 2033//101
f 2108//100 2033//101 2031//99
f 2110//102 2112//73 2006//74
f 2110//102 2006//74 2033//101
f 2119//39 2120//38 2113//37
f 2119//39 2113//37 2111//40
f 2120//38 2121//42 2115//41
f 2120//38 2115//41 2113//37
f 2121//42 2122//44 2117//43
f 2121//42 2117//43 2115//41
f 2122//44 2123//46 2087//45
f 2122//44 2087//45 2117//43
f 2123//46 2124//48 2088//47
f 2123//46 2088//47 2087//45
f 2124//48 2125//50 2091//49
f 2124//48 2091//49 2088//47
f 2125//50 2126//52 2093//51
f 2125//50 2093//51 2091//49
f 2126//52 2127//54 2095//53
f 2126//52 2095//53 2093//51
f 2127//54 2128//56 2097//55
f 2127//54 2097//55 2095//53
f 2128//56 2129//58 2099//57
f 2128//56 2099//57 2097//55
f 2129//58 2130//60 2101//59
f 2129//58 2101//59 2099//57
f 2130//60 2131//62 2103//61
f 2130//60 2103//61 2101//59
f 2131//62 2132//64 2105//63
f 2131//62 2105//63 2103//61
f 2132//64 2133//66 2107//65
f 2132//64 2107//65 2105//63
f 2133//66 2134//68 2109//67
f 2133//66 2109//67 2107//65
f 2134//68 2119//39 2111//40
f 2134//68 2111//40 2109//67
f 2135//69 2124//69 2123//69
f 2135//69 2123//69 2136//69
f 2137//69 2125//69 2124//69
f 2137//69 2124//69 2135//69
f 2138//69 2126//69 2125//69
f 2138//69 2125//69 2137//69
f 2139//69 2127//69 2126//69
f 2139//69 2126//69 2138//69
f 2140//69 2128//69 2127//69
f 2140//69 2127//69 2139//69
f 2141//69 2129//69 2128//69
f 2141//69 2128//69 2140//69
f 2142//69 2130//69 2129//69
f 2142//69 2129//69 2141//69
f 2143//69 2131//69 2130//69
f 2143//69 2130//69 2142//69
f 2144//69 2132//69 2131//69
f 2144//69 2131//69 2143//69
f 2145//69 2133//69 2132//69
f 2145//69 2132//69 2144//69
f 2146//69 2134//69 2133//69
f 2146//69 2133//69 2145//69
f 2147//69 2119//69 2134//69
f 2147//69 2134//69 2146//69
f 2148//69 2120//69 2119//69
f 2148//69 2119//69 2147//69
f 2149//69 2121//69 2120//69
f 2149//69 2120//69 2148//69
f 2150//69 2122//69 2121//69
f 2150//69 2121//69 2149//69
f 2136//69 2123//69 2122//69
f 2136//69 2122//69 2150//69
f 2151//71 2148//72 2147//73
f 2152//74 2151//71 2147//73
f 2153//75 2149//76 2148//72
f 2151//71 2153//75 2148//72
f 2154//77 2150//78 2149//76
f 2153//75 2154//77 2149//76
f 2155//79 2136//80 2150//78
f 2154//77 2155//79 2150//78
f 2156//81 2135//82 2136//80
f 2155//79 2156//81 2136//80
f 2157//83 2137//84 2135//82
f 2156//81 2157//83 2135//82
f 2158//85 2138//86 2137//84
f 2157//83 2158//85 2137//84
f 2159//87 2139//88 2138//86
f 2158//85 2159//87 2138//86
f 2160//89 2140//90 2139//88
f 2159//87 2160//89 2139//88
f 2161//91 2141//92 2140//90
f 2160//89 2161//91 2140//90
f 2162//93 2142//94 2141//92
f 2161//91 2162//93 2141//92
f 2163//95 2143//96 2142//94
f 2162//93 2163//95 2142//94
f 2164//97 2144//98 2143//96
f 2163//95 2164//97 2143//96
f 2165//99 2145//100 2144//98
f 2164//97 2165//99 2144//98
f 2166//101 2146//102 2145//100
f 2165//99 2166//101 2145//100
f 2152//74 2147//73 2146//102
f 2166//101 2152//74 2146//102
f 2167//149 2000//104 1999//103
f 2167//149 1999//103 2168//103
f 2169//107 2170//107 2171//106
f 2169//107 2171//106 2172//108
f 2167//69 2168//69 2169//69
f 2172//108 2171//106 2173//109
f 2174//110 2172//108 2173//109
f 2174//110 2173//109 2175//111
f 2176//112 2174//110 2175//111
f 2176//112 2175//111 2177//150
f 2178//114 2176//112 2177//150
f 2174//69 2176//69 2178//69
f 2174//69 2178//69 2172//69
f 2179//69 2177//69 2001//69
f 2177//69 2175//69 2001//69
f 2001//69 2175//69 2173//69
f 2001//69 2173//69 2171//69
f 1999//103 1998//116 2180//115
f 2168//103 1999//103 2180//115
f 2181//118 2182//117 2183//117
f 2184//119 2181//118 2183//117
f 2184//69 2183//69 2180//69
f 2184//69 2180//69 2185//69
f 2186//120 2181//118 2184//119
f 2186//120 2184//119 2187//121
f 2188//122 2186//120 2187//121
f 2188//122 2187//121 2189//123
f 2190//124 2188//122 2189//123
f 2190//124 2189//123 2185//125
f 2185//69 2189//69 2187//69
f 2184//69 2185//69 2187//69
f 1997//69 2190//69 2191//69
f 2188//69 2190//69 1997//69
f 2188//69 1997//69 2186//69
f 2186//69 1997//69 2181//69
f 2172//69 2178//69 2167//69
f 2172//69 2167//69 2169//69
f 2180//69 2183//69 2168//69
f 2168//69 2183//69 2169//69
f 2177//150 2179//151 2167//149
f 2177//150 2167//149 2178//114
f 1998//116 2190//124 2185//125
f 1998//116 2185//125 2180//115
f 2192//69 1991//69 2002//69
f 2192//69 2002//69 2001//69
f 1996//69 1994//69 2193//69
f 1997//69 1996//69 2193//69
f 2192//69 2001//69 2171//69
f 2192//69 2171//69 2170//69
f 2192//69 2170//69 2194//69
f 2193//69 2181//69 1997//69
f 2193//69 2195//69 2182//69
f 2193//69 2182//69 2181//69
f 2196//129 2197//128 2198//152
f 2199//129 2196//129 2198//152
f 2200//130 2170//107 2169//107
f 2201//131 2200//130 2169//107
f 2169//69 2199//69 2198//69
f 2202//132 2200//130 2201//131
f 2202//132 2201//131 2203//133
f 2204//134 2202//132 2203//133
f 2204//134 2203//133 2205//135
f 2206//153 2204//134 2205//135
f 2206//153 2205//135 2207//137
f 2207//69 2205//69 2203//69
f 2201//69 2207//69 2203//69
f 2208//69 2206//69 2209//69
f 2208//69 2204//69 2206//69
f 2202//69 2204//69 2208//69
f 2200//69 2202//69 2208//69
f 2210//139 2211//138 2196//129
f 2210//139 2196//129 2199//129
f 2183//117 2182//117 2212//140
f 2183//117 2212//140 2213//141
f 2210//69 2183//69 2213//69
f 2214//69 2210//69 2213//69
f 2213//141 2212//140 2215//142
f 2216//143 2213//141 2215//142
f 2216//143 2215//142 2217//144
f 2218//145 2216//143 2217//144
f 2218//145 2217//144 2219//146
f 2214//147 2218//145 2219//146
f 2216//69 2218//69 2214//69
f 2216//69 2214//69 2213//69
f 2220//69 2219//69 2221//69
f 2221//69 2219//69 2217//69
f 2215//69 2221//69 2217//69
f 2212//69 2221//69 2215//69
f 2198//69 2207//69 2201//69
f 2169//69 2198//69 2201//69
f 2199//69 2183//69 2210//69
f 2169//69 2183//69 2199//69
f 2198//152 2209//154 2206//153
f 2207//137 2198//152 2206//153
f 2214//147 2219//146 2211//138
f 2210//139 2214//147 2211//138
f 2222//69 2223//69 2224//69
f 2208//69 2222//69 2224//69
f 2225//69 2226//69 2227//69
f 2225//69 2227//69 2221//69
f 2200//69 2208//69 2224//69
f 2170//69 2200//69 2224//69
f 2194//69 2170//69 2224//69
f 2221//69 2212//69 2225//69
f 2182//69 2195//69 2225//69
f 2212//69 2182//69 2225//69
f 2223//69 2222//69 2151//69
f 2223//69 2151//69 2152//69
f 2222//69 2208//69 2153//69
f 2222//69 2153//69 2151//69
f 2208//69 2197//69 2154//69
f 2208//69 2154//69 2153//69
f 2197//69 2196//69 2155//69
f 2197//69 2155//69 2154//69
f 2196//69 2211//69 2156//69
f 2196//69 2156//69 2155//69
f 2211//69 2221//69 2157//69
f 2211//69 2157//69 2156//69
f 2221//69 2227//69 2158//69
f 2221//69 2158//69 2157//69
f 2227//69 2226//69 2159//69
f 2227//69 2159//69 2158//69
f 2226//69 2228//69 2160//69
f 2226//69 2160//69 2159//69
f 2228//69 2229//69 2161//69
f 2228//69 2161//69 2160//69
f 2229//69 2230//69 2162//69
f 2229//69 2162//69 2161//69
f 2230//69 2231//69 2163//69
f 2230//69 2163//69 2162//69
f 2231//69 2232//69 2164//69
f 2231//69 2164//69 2163//69
f 2232//69 2233//69 2165//69
f 2232//69 2165//69 2164//69
f 2233//69 2234//69 2166//69
f 2233//69 2166//69 2165//69
f 2234//69 2223//69 2152//69
f 2234//69 2152//69 2166//69
f 2235//70 2236//70 4//70
f 2237//70 2235//70 4//70
f 2238//70 2239//70 2236//70
f 2235//70 2238//70 2236//70
f 2240//70 2241//70 2239//70
f 2238//70 2240//70 2239//70
f 2242//70 2243//70 2241//70
f 2240//70 2242//70 2241//70
f 2244//70 2245//70 2243//70
f 2242//70 2244//70 2243//70
f 2246//70 2247//70 2245//70
f 2244//70 2246//70 2245//70
f 2248//70 2249//70 2247//70
f 2246//70 2248//70 2247//70
f 2250//70 18//70 2249//70
f 2248//70 2250//70 2249//70
f 2251//70 16//70 18//70
f 2250//70 2251//70 18//70
f 2252//70 14//70 16//70
f 2251//70 2252//70 16//70
f 2253//70 12//70 14//70
f 2252//70 2253//70 14//70
f 2254//70 10//70 12//70
f 2253//70 2254//70 12//70
f 2255//70 8//70 10//70
f 2254//70 2255//70 10//70
f 2256//70 6//70 8//70
f 2255//70 2256//70 8//70
f 2257//70 3//70 6//70
f 2256//70 2257//70 6//70
f 2237//70 4//70 3//70
f 2257//70 2237//70 3//70
f 2028//103 2030//104 2258//105
f 2259//103 2028//103 2258//105
f 2260//106 2261//107 2262//107
f 2263//108 2260//106 2262//107
f 2262//70 2259//70 2258//70
f 2264//109 2260//106 2263//108
f 2264//109 2263//108 2265//110
f 2266//111 2264//109 2265//110
f 2266//111 2265//110 2267//112
f 2268//113 2266//111 2267//112
f 2268//113 2267//112 2269//114
f 2269//70 2267//70 2265//70
f 2263//70 2269//70 2265//70
f 2032//70 2268//70 2270//70
f 2032//70 2266//70 2268//70
f 2264//70 2266//70 2032//70
f 2260//70 2264//70 2032//70
f 2271//115 2026//116 2028//103
f 2271//115 2028//103 2259//103
f 2272//117 2273//117 2274//118
f 2272//117 2274//118 2275//119
f 2271//70 2272//70 2275//70
f 2276//70 2271//70 2275//70
f 2275//119 2274//118 2277//120
f 2278//121 2275//119 2277//120
f 2278//121 2277//120 2279//122
f 2280//123 2278//121 2279//122
f 2280//123 2279//122 2281//124
f 2276//125 2280//123 2281//124
f 2278//70 2280//70 2276//70
f 2278//70 2276//70 2275//70
f 2282//70 2281//70 2024//70
f 2024//70 2281//70 2279//70
f 2277//70 2024//70 2279//70
f 2274//70 2024//70 2277//70
f 2258//70 2269//70 2263//70
f 2262//70 2258//70 2263//70
f 2259//70 2272//70 2271//70
f 2262//70 2272//70 2259//70
f 2258//105 2270//126 2268//113
f 2269//114 2258//105 2268//113
f 2276//125 2281//124 2026//116
f 2271//115 2276//125 2026//116
f 2034//70 2005//70 2283//70
f 2032//70 2034//70 2283//70
f 2284//70 2020//70 2022//70
f 2284//70 2022//70 2024//70
f 2260//70 2032//70 2283//70
f 2261//70 2260//70 2283//70
f 2285//70 2261//70 2283//70
f 2024//70 2274//70 2284//70
f 2273//70 2286//70 2284//70
f 2274//70 2273//70 2284//70
f 2287//127 2241//128 2243//129
f 2287//127 2243//129 2288//129
f 2262//107 2261//107 2289//130
f 2262//107 2289//130 2290//131
f 2287//70 2288//70 2262//70
f 2290//131 2289//130 2291//132
f 2292//133 2290//131 2291//132
f 2292//133 2291//132 2293//134
f 2294//135 2292//133 2293//134
f 2294//135 2293//134 2295//136
f 2296//137 2294//135 2295//136
f 2292//70 2294//70 2296//70
f 2292//70 2296//70 2290//70
f 2297//70 2295//70 2239//70
f 2295//70 2293//70 2239//70
f 2239//70 2293//70 2291//70
f 2239//70 2291//70 2289//70
f 2243//129 2245//138 2298//139
f 2288//129 2243//129 2298//139
f 2299//140 2273//117 2272//117
f 2300//141 2299//140 2272//117
f 2300//70 2272//70 2298//70
f 2300//70 2298//70 2301//70
f 2302//142 2299//140 2300//141
f 2302//142 2300//141 2303//143
f 2304//144 2302//142 2303//143
f 2304//144 2303//143 2305//145
f 2306//146 2304//144 2305//145
f 2306//146 2305//145 2301//147
f 2301//70 2305//70 2303//70
f 2300//70 2301//70 2303//70
f 2247//70 2306//70 2307//70
f 2304//70 2306//70 2247//70
f 2304//70 2247//70 2302//70
f 2302//70 2247//70 2299//70
f 2290//70 2296//70 2287//70
f 2290//70 2287//70 2262//70
f 2298//70 2272//70 2288//70
f 2288//70 2272//70 2262//70
f 2295//136 2297//148 2287//127
f 2295//136 2287//127 2296//137
f 2245//138 2306//146 2301//147
f 2245//138 2301//147 2298//139
f 2308//70 4//70 2236//70
f 2308//70 2236//70 2239//70
f 2249//70 18//70 2309//70
f 2247//70 2249//70 2309//70
f 2308//70 2239//70 2289//70
f 2308//70 2289//70 2261//70
f 2308//70 2261//70 2285//70
f 2309//70 2299//70 2247//70
f 2309//70 2286//70 2273//70
f 2309//70 2273//70 2299//70
f 2310//70 2311//70 2312//70
f 2313//70 2310//70 2312//70
f 2311//70 2314//70 2315//70
f 2312//70 2311//70 2315//70
f 2314//70 2316//70 2317//70
f 2315//70 2314//70 2317//70
f 2316//70 2318//70 2319//70
f 2317//70 2316//70 2319//70
f 2318//70 2320//70 2321//70
f 2319//70 2318//70 2321//70
f 2320//70 2322//70 2323//70
f 2321//70 2320//70 2323//70
f 2322//70 2324//70 2325//70
f 2323//70 2322//70 2325//70
f 2324//70 2326//70 2327//70
f 2325//70 2324//70 2327//70
f 2326//70 2328//70 2329//70
f 2327//70 2326//70 2329//70
f 2328//70 2330//70 2331//70
f 2329//70 2328//70 2331//70
f 2330//70 2332//70 2333//70
f 2331//70 2330//70 2333//70
f 2332//70 2334//70 2335//70
f 2333//70 2332//70 2335//70
f 2334//70 2336//70 2337//70
f 2335//70 2334//70 2337//70
f 2336//70 2338//70 2339//70
f 2337//70 2336//70 2339//70
f 2338//70 2340//70 2341//70
f 2339//70 2338//70 2341//70
f 2340//70 2310//70 2313//70
f 2341//70 2340//70 2313//70
f 2335//73 2337//72 2235//71
f 2335//73 2235//71 2237//74
f 2337//72 2339//76 2238//75
f 2337//72 2238//75 2235//71
f 2339//76 2341//78 2240//77
f 2339//76 2240//77 2238//75
f 2341//78 2313//80 2242//79
f 2341//78 2242//79 2240//77
f 2313//80 2312//82 2244//81
f 2313//80 2244//81 2242//79
f 2312//82 2315//84 2246//83
f 2312//82 2246//83 2244//81
f 2315//84 2317//86 2248//85
f 2315//84 2248//85 2246//83
f 2317//86 2319//88 2250//87
f 2317//86 2250//87 2248//85
f 2319//88 2321//90 2251//89
f 2319//88 2251//89 2250//87
f 2321//90 2323//92 2252//91
f 2321//90 2252//91 2251//89
f 2323//92 2325//94 2253//93
f 2323//92 2253//93 2252//91
f 2325//94 2327//96 2254//95
f 2325//94 2254//95 2253//93
f 2327//96 2329//98 2255//97
f 2327//96 2255//97 2254//95
f 2329//98 2331//100 2256//99
f 2329//98 2256//99 2255//97
f 2331//100 2333//102 2257//101
f 2331//100 2257//101 2256//99
f 2333//102 2335//73 2237//74
f 2333//102 2237//74 2257//101
f 2342//39 2343//38 2336//37
f 2342//39 2336//37 2334//40
f 2343//38 2344//42 2338//41
f 2343//38 2338//41 2336//37
f 2344//42 2345//44 2340//43
f 2344//42 2340//43 2338//41
f 2345//44 2346//46 2310//45
f 2345//44 2310//45 2340//43
f 2346//46 2347//48 2311//47
f 2346//46 2311//47 2310//45
f 2347//48 2348//50 2314//49
f 2347//48 2314//49 2311//47
f 2348//50 2349//52 2316//51
f 2348//50 2316//51 2314//49
f 2349//52 2350//54 2318//53
f 2349//52 2318//53 2316//51
f 2350//54 2351//56 2320//55
f 2350//54 2320//55 2318//53
f 2351//56 2352//58 2322//57
f 2351//56 2322//57 2320//55
f 2352//58 2353//60 2324//59
f 2352//58 2324//59 2322//57
f 2353//60 2354//62 2326//61
f 2353//60 2326//61 2324//59
f 2354//62 2355//64 2328//63
f 2354//62 2328//63 2326//61
f 2355//64 2356//66 2330//65
f 2355//64 2330//65 2328//63
f 2356//66 2357//68 2332//67
f 2356//66 2332//67 2330//65
f 2357//68 2342//39 2334//40
f 2357//68 2334//40 2332//67
f 2358//69 2347//69 2346//69
f 2358//69 2346//69 2359//69
f 2360//69 2348//69 2347//69
f 2360//69 2347//69 2358//69
f 2361//69 2349//69 2348//69
f 2361//69 2348//69 2360//69
f 2362//69 2350//69 2349//69
f 2362//69 2349//69 2361//69
f 2363//69 2351//69 2350//69
f 2363//69 2350//69 2362//69
f 2364//69 2352//69 2351//69
f 2364//69 2351//69 2363//69
f 2365//69 2353//69 2352//69
f 2365//69 2352//69 2364//69
f 2366//69 2354//69 2353//69
f 2366//69 2353//69 2365//69
f 2367//69 2355//69 2354//69
f 2367//69 2354//69 2366//69
f 2368//69 2356//69 2355//69
f 2368//69 2355//69 2367//69
f 2369//69 2357//69 2356//69
f 2369//69 2356//69 2368//69
f 2370//69 2342//69 2357//69
f 2370//69 2357//69 2369//69
f 2371//69 2343//69 2342//69
f 2371//69 2342//69 2370//69
f 2372//69 2344//69 2343//69
f 2372//69 2343//69 2371//69
f 2373//69 2345//69 2344//69
f 2373//69 2344//69 2372//69
f 2359//69 2346//69 2345//69
f 2359//69 2345//69 2373//69
f 2374//71 2371//72 2370//73
f 2375//74 2374//71 2370//73
f 2376//75 2372//76 2371//72
f 2374//71 2376//75 2371//72
f 2377//77 2373//78 2372//76
f 2376//75 2377//77 2372//76
f 2378//79 2359//80 2373//78
f 2377//77 2378//79 2373//78
f 2379//81 2358//82 2359//80
f 2378//79 2379//81 2359//80
f 2380//83 2360//84 2358//82
f 2379//81 2380//83 2358//82
f 2381//85 2361//86 2360//84
f 2380//83 2381//85 2360//84
f 2382//87 2362//88 2361//86
f 2381//85 2382//87 2361//86
f 2383//89 2363//90 2362//88
f 2382//87 2383//89 2362//88
f 2384//91 2364//92 2363//90
f 2383//89 2384//91 2363//90
f 2385//93 2365//94 2364//92
f 2384//91 2385//93 2364//92
f 2386//95 2366//96 2365//94
f 2385//93 2386//95 2365//94
f 2387//97 2367//98 2366//96
f 2386//95 2387//97 2366//96
f 2388//99 2368//100 2367//98
f 2387//97 2388//99 2367//98
f 2389//101 2369//102 2368//100
f 2388//99 2389//101 2368//100
f 2375//74 2370//73 2369//102
f 2389//101 2375//74 2369//102
f 2390//149 2232//104 2231//103
f 2390//149 2231//103 2391//103
f 2392//107 2393//107 2394//106
f 2392//107 2394//106 2395//108
f 2390//69 2391//69 2392//69
f 2395//108 2394//106 2396//109
f 2397//110 2395//108 2396//109
f 2397//110 2396//109 2398//111
f 2399//112 2397//110 2398//111
f 2399//112 2398//111 2400//150
f 2401//114 2399//112 2400//150
f 2397//69 2399//69 2401//69
f 2397//69 2401//69 2395//69
f 2402//69 2400//69 2233//69
f 2400//69 2398//69 2233//69
f 2233//69 2398//69 2396//69
f 2233//69 2396//69 2394//69
f 2231//103 2230//116 2403//115
f 2391//103 2231//103 2403//115
f 2404//118 2405//117 2406//117
f 2407//119 2404//118 2406//117
f 2407//69 2406//69 2403//69
f 2407//69 2403//69 2408//69
f 2409//120 2404//118 2407//119
f 2409//120 2407//119 2410//121
f 2411//122 2409//120 2410//121
f 2411//122 2410//121 2412//123
f 2413//124 2411//122 2412//123
f 2413//124 2412//123 2408//125
f 2408//69 2412//69 2410//69
f 2407//69 2408//69 2410//69
f 2229//69 2413//69 2414//69
f 2411//69 2413//69 2229//69
f 2411//69 2229//69 2409//69
f 2409//69 2229//69 2404//69
f 2395//69 2401//69 2390//69
f 2395//69 2390//69 2392//69
f 2403//69 2406//69 2391//69
f 2391//69 2406//69 2392//69
f 2400//150 2402//151 2390//149
f 2400//150 2390//149 2401//114
f 2230//116 2413//124 2408//125
f 2230//116 2408//125 2403//115
f 2415//69 2223//69 2234//69
f 2415//69 2234//69 2233//69
f 2228//69 2226//69 2416//69
f 2229//69 2228//69 2416//69
f 2415//69 2233//69 2394//69
f 2415//69 2394//69 2393//69
f 2415//69 2393//69 2417//69
f 2416//69 2404//69 2229//69
f 2416//69 2418//69 2405//69
f 2416//69 2405//69 2404//69
f 2419//129 2420//128 2421//152
f 2422//129 2419//129 2421//152
f 2423//130 2393//107 2392//107
f 2424//131 2423//130 2392//107
f 2392//69 2422//69 2421//69
f 2425//132 2423//130 2424//131
f 2425//132 2424//131 2426//133
f 2427//134 2425//132 2426//133
f 2427//134 2426//133 2428//135
f 2429//153 2427//134 2428//135
f 2429//153 2428//135 2430//137
f 2430//69 2428//69 2426//69
f 2424//69 2430//69 2426//69
f 2431//69 2429//69 2432//69
f 2431//69 2427//69 2429//69
f 2425//69 2427//69 2431//69
f 2423//69 2425//69 2431//69
f 2433//139 2434//138 2419//129
f 2433//139 2419//129 2422//129
f 2406//117 2405//117 2435//140
f 2406//117 2435//140 2436//141
f 2433//69 2406//69 2436//69
f 2437//69 2433//69 2436//69
f 2436//141 2435//140 2438//142
f 2439//143 2436//141 2438//142
f 2439//143 2438//142 2440//144
f 2441//145 2439//143 2440//144
f 2441//145 2440//144 2442//146
f 2437//147 2441//145 2442//146
f 2439//69 2441//69 2437//69
f 2439//69 2437//69 2436//69
f 2443//69 2442//69 2444//69
f 2444//69 2442//69 2440//69
f 2438//69 2444//69 2440//69
f 2435//69 2444//69 2438//69
f 2421//69 2430//69 2424//69
f 2392//69 2421//69 2424//69
f 2422//69 2406//69 2433//69
f 2392//69 2406//69 2422//69
f 2421//152 2432//154 2429//153
f 2430//137 2421//152 2429//153
f 2437//147 2442//146 2434//138
f 2433//139 2437//147 2434//138
f 2445//69 1//69 2446//69
f 2431//69 2445//69 2446//69
f 2447//69 17//69 2448//69
f 2447//69 2448//69 2444//69
f 2423//69 2431//69 2446//69
f 2393//69 2423//69 2446//69
f 2417//69 2393//69 2446//69
f 2444//69 2435//69 2447//69
f 2405//69 2418//69 2447//69
f 2435//69 2405//69 2447//69
f 1//69 2445//69 2374//69
f 1//69 2374//69 2375//69
f 2445//69 2431//69 2376//69
f 2445//69 2376//69 2374//69
f 2431//69 2420//69 2377//69
f 2431//69 2377//69 2376//69
f 2420//69 2419//69 2378//69
f 2420//69 2378//69 2377//69
f 2419//69 2434//69 2379//69
f 2419//69 2379//69 2378//69
f 2434//69 2444//69 2380//69
f 2434//69 2380//69 2379//69
f 2444//69 2448//69 2381//69
f 2444//69 2381//69 2380//69
f 2448//69 17//69 2382//69
f 2448//69 2382//69 2381//69
f 17//69 15//69 2383//69
f 17//69 2383//69 2382//69
f 15//69 13//69 2384//69
f 15//69 2384//69 2383//69
f 13//69 11//69 2385//69
f 13//69 2385//69 2384//69
f 11//69 9//69 2386//69
f 11//69 2386//69 2385//69
f 9//69 7//69 2387//69
f 9//69 2387//69 2386//69
f 7//69 5//69 2388//69
f 7//69 2388//69 2387//69
f 5//69 2//69 2389//69
f 5//69 2389//69 2388//69
f 2//69 1//69 2375//69
f 2//69 2375//69 2389//69
