# Botball Lab: metres, +Y up, centred XZ, base Y=0
s off
v -0.0082663 0.0016438 -0.0056000
v 0.0000000 0.0000000 -0.0056000
v -0.0028188 0.0001858 -0.0056000
v -0.0055901 0.0007366 -0.0056000
v -0.0152734 0.0063266 -0.0056000
v -0.0108000 0.0028944 -0.0056000
v -0.0131501 0.0044626 -0.0056000
v 0.0000000 0.0040000 -0.0108000
v -0.0035006 0.0040000 -0.0108000
v -0.0022968 0.0041514 -0.0108000
v -0.0045549 0.0046002 -0.0108000
v -0.0067355 0.0053394 -0.0108000
v -0.0099704 0.0066787 -0.0108000
v -0.0088000 0.0063584 -0.0108000
v -0.0107149 0.0076362 -0.0108000
v -0.0124450 0.0091550 -0.0108000
v -0.0007932 0.0001044 -0.0096000
v -0.0020020 0.0002636 -0.0096000
v -0.0018984 0.0010500 -0.0108000
v -0.0006896 0.0008908 -0.0108000
v -0.0034848 0.0012588 -0.0108000
v -0.0035884 0.0004724 -0.0096000
v -0.0047972 0.0006316 -0.0096000
v -0.0046936 0.0014180 -0.0108000
v -0.0020020 0.0002636 -0.0076000
v -0.0035884 0.0004724 -0.0076000
v -0.0034848 0.0012588 -0.0076000
v -0.0018984 0.0010500 -0.0076000
v -0.0053830 0.0015093 -0.0056000
v -0.0053830 0.0015093 -0.0108000
v -0.0046940 0.0014180 -0.0064000
v 0.0000000 0.0008000 -0.0056000
v -0.0006896 0.0008908 -0.0064000
v 0.0000000 0.0008000 -0.0108000
v -0.0047972 0.0006316 -0.0064000
v -0.0007932 0.0001044 -0.0064000
v -0.0060262 0.0017751 -0.0108000
v -0.0086310 0.0028540 -0.0108000
v -0.0089344 0.0021211 -0.0096000
v -0.0100609 0.0025877 -0.0096000
v -0.0097574 0.0033206 -0.0108000
v -0.0063297 0.0010422 -0.0096000
v -0.0074562 0.0015088 -0.0096000
v -0.0071527 0.0022416 -0.0108000
v -0.0071527 0.0022416 -0.0076000
v -0.0074562 0.0015087 -0.0076000
v -0.0089344 0.0021211 -0.0076000
v -0.0086310 0.0028540 -0.0076000
v -0.0086309 0.0028540 -0.0076000
v -0.0086309 0.0028540 -0.0108000
v -0.0060259 0.0017749 -0.0064000
v -0.0104000 0.0035872 -0.0056000
v -0.0097574 0.0033205 -0.0064000
v -0.0104000 0.0035872 -0.0108000
v -0.0063297 0.0010422 -0.0064000
v -0.0100609 0.0025877 -0.0064000
v -0.0109518 0.0040102 -0.0108000
v -0.0114347 0.0033809 -0.0096000
v -0.0124020 0.0041231 -0.0096000
v -0.0119190 0.0047524 -0.0108000
v -0.0131885 0.0057264 -0.0108000
v -0.0136714 0.0050972 -0.0096000
v -0.0146387 0.0058394 -0.0096000
v -0.0141558 0.0064687 -0.0108000
v -0.0124020 0.0041231 -0.0076000
v -0.0136714 0.0050971 -0.0076000
v -0.0131885 0.0057264 -0.0076000
v -0.0119190 0.0047524 -0.0076000
v -0.0119191 0.0047524 -0.0076000
v -0.0119191 0.0047524 -0.0108000
v -0.0147077 0.0068923 -0.0056000
v -0.0147077 0.0068923 -0.0108000
v -0.0141561 0.0064689 -0.0064000
v -0.0109518 0.0040101 -0.0064000
v -0.0146387 0.0058394 -0.0064000
v -0.0114347 0.0033809 -0.0064000
v -0.0214142 0.0187812 -0.0056000
v -0.0216000 0.0216000 -0.0056000
v -0.0199562 0.0133337 -0.0056000
v -0.0208634 0.0160099 -0.0056000
v -0.0187056 0.0108000 -0.0056000
v -0.0171374 0.0084499 -0.0056000
v -0.0174486 0.0193032 -0.0108000
v -0.0176000 0.0180994 -0.0108000
v -0.0176000 0.0216000 -0.0108000
v -0.0169998 0.0170451 -0.0108000
v -0.0162606 0.0148645 -0.0108000
v -0.0152416 0.0128000 -0.0108000
v -0.0149213 0.0116296 -0.0108000
v -0.0139638 0.0108851 -0.0108000
v -0.0205500 0.0197016 -0.0108000
v -0.0213364 0.0195980 -0.0096000
v -0.0214956 0.0208068 -0.0096000
v -0.0207092 0.0209104 -0.0108000
v -0.0209684 0.0168028 -0.0096000
v -0.0211276 0.0180116 -0.0096000
v -0.0203412 0.0181152 -0.0108000
v -0.0201820 0.0169064 -0.0108000
v -0.0203412 0.0181152 -0.0076000
v -0.0211276 0.0180116 -0.0076000
v -0.0213364 0.0195980 -0.0076000
v -0.0205500 0.0197016 -0.0076000
v -0.0200907 0.0162170 -0.0108000
v -0.0200907 0.0162170 -0.0056000
v -0.0201820 0.0169060 -0.0064000
v -0.0208000 0.0216000 -0.0056000
v -0.0207092 0.0209104 -0.0064000
v -0.0208000 0.0216000 -0.0108000
v -0.0209684 0.0168028 -0.0064000
v -0.0214956 0.0208068 -0.0064000
v -0.0198249 0.0155738 -0.0108000
v -0.0190123 0.0115391 -0.0096000
v -0.0194789 0.0126656 -0.0096000
v -0.0187460 0.0129690 -0.0108000
v -0.0182794 0.0118426 -0.0108000
v -0.0193584 0.0144473 -0.0108000
v -0.0200912 0.0141438 -0.0096000
v -0.0205578 0.0152703 -0.0096000
v -0.0194789 0.0126656 -0.0076000
v -0.0200913 0.0141438 -0.0076000
v -0.0193584 0.0144473 -0.0076000
v -0.0187460 0.0129690 -0.0076000
v -0.0187460 0.0129691 -0.0076000
v -0.0187460 0.0129691 -0.0108000
v -0.0198251 0.0155741 -0.0064000
v -0.0180128 0.0112000 -0.0056000
v -0.0182795 0.0118426 -0.0064000
v -0.0180128 0.0112000 -0.0108000
v -0.0205578 0.0152703 -0.0064000
v -0.0190123 0.0115391 -0.0064000
v -0.0175898 0.0106482 -0.0108000
v -0.0168476 0.0096810 -0.0108000
v -0.0174769 0.0091980 -0.0096000
v -0.0182191 0.0101653 -0.0096000
v -0.0157606 0.0069613 -0.0096000
v -0.0165028 0.0079286 -0.0096000
v -0.0158736 0.0084115 -0.0108000
v -0.0151313 0.0074442 -0.0108000
v -0.0158736 0.0084115 -0.0076000
v -0.0165029 0.0079286 -0.0076000
v -0.0174769 0.0091980 -0.0076000
v -0.0168476 0.0096810 -0.0076000
v -0.0168476 0.0096809 -0.0076000
v -0.0168476 0.0096809 -0.0108000
v -0.0151311 0.0074439 -0.0064000
v -0.0175899 0.0106482 -0.0064000
v -0.0157606 0.0069613 -0.0064000
v -0.0182191 0.0101653 -0.0064000
v -0.0199562 0.0298663 -0.0056000
v -0.0214142 0.0244188 -0.0056000
v -0.0208634 0.0271901 -0.0056000
v -0.0152734 0.0368734 -0.0056000
v -0.0187056 0.0324000 -0.0056000
v -0.0171374 0.0347501 -0.0056000
v -0.0176000 0.0251006 -0.0108000
v -0.0174486 0.0238968 -0.0108000
v -0.0169998 0.0261549 -0.0108000
v -0.0162606 0.0283355 -0.0108000
v -0.0149213 0.0315704 -0.0108000
v -0.0152416 0.0304000 -0.0108000
v -0.0139638 0.0323149 -0.0108000
v -0.0124450 0.0340450 -0.0108000
v -0.0214956 0.0223932 -0.0096000
v -0.0213364 0.0236020 -0.0096000
v -0.0205500 0.0234984 -0.0108000
v -0.0207092 0.0222896 -0.0108000
v -0.0203412 0.0250848 -0.0108000
v -0.0211276 0.0251884 -0.0096000
v -0.0209684 0.0263972 -0.0096000
v -0.0201820 0.0262936 -0.0108000
v -0.0213364 0.0236020 -0.0076000
v -0.0211276 0.0251884 -0.0076000
v -0.0203412 0.0250848 -0.0076000
v -0.0205500 0.0234984 -0.0076000
v -0.0200907 0.0269830 -0.0056000
v -0.0200907 0.0269830 -0.0108000
v -0.0201820 0.0262940 -0.0064000
v -0.0207092 0.0222896 -0.0064000
v -0.0209684 0.0263972 -0.0064000
v -0.0214956 0.0223932 -0.0064000
v -0.0198249 0.0276262 -0.0108000
v -0.0187460 0.0302310 -0.0108000
v -0.0194789 0.0305344 -0.0096000
v -0.0190123 0.0316609 -0.0096000
v -0.0182794 0.0313574 -0.0108000
v -0.0205578 0.0279297 -0.0096000
v -0.0200912 0.0290562 -0.0096000
v -0.0193584 0.0287527 -0.0108000
v -0.0193584 0.0287527 -0.0076000
v -0.0200913 0.0290562 -0.0076000
v -0.0194789 0.0305344 -0.0076000
v -0.0187460 0.0302310 -0.0076000
v -0.0187460 0.0302309 -0.0076000
v -0.0187460 0.0302309 -0.0108000
v -0.0198251 0.0276259 -0.0064000
v -0.0180128 0.0320000 -0.0056000
v -0.0182795 0.0313574 -0.0064000
v -0.0180128 0.0320000 -0.0108000
v -0.0205578 0.0279297 -0.0064000
v -0.0190123 0.0316609 -0.0064000
v -0.0175898 0.0325518 -0.0108000
v -0.0182191 0.0330347 -0.0096000
v -0.0174769 0.0340020 -0.0096000
v -0.0168476 0.0335190 -0.0108000
v -0.0158736 0.0347885 -0.0108000
v -0.0165028 0.0352714 -0.0096000
v -0.0157606 0.0362387 -0.0096000
v -0.0151313 0.0357558 -0.0108000
v -0.0174769 0.0340020 -0.0076000
v -0.0165029 0.0352714 -0.0076000
v -0.0158736 0.0347885 -0.0076000
v -0.0168476 0.0335190 -0.0076000
v -0.0168476 0.0335191 -0.0076000
v -0.0168476 0.0335191 -0.0108000
v -0.0147077 0.0363077 -0.0056000
v -0.0147077 0.0363077 -0.0108000
v -0.0151311 0.0357561 -0.0064000
v -0.0175899 0.0325518 -0.0064000
v -0.0157606 0.0362387 -0.0064000
v -0.0182191 0.0330347 -0.0064000
v -0.0028188 0.0430142 -0.0056000
v 0.0000000 0.0432000 -0.0056000
v -0.0082663 0.0415562 -0.0056000
v -0.0055901 0.0424634 -0.0056000
v -0.0108000 0.0403056 -0.0056000
v -0.0131501 0.0387374 -0.0056000
v -0.0022968 0.0390486 -0.0108000
v -0.0035006 0.0392000 -0.0108000
v 0.0000000 0.0392000 -0.0108000
v -0.0045549 0.0385998 -0.0108000
v -0.0067355 0.0378606 -0.0108000
v -0.0088000 0.0368416 -0.0108000
v -0.0099704 0.0365213 -0.0108000
v -0.0107149 0.0355638 -0.0108000
v -0.0018984 0.0421500 -0.0108000
v -0.0020020 0.0429364 -0.0096000
v -0.0007932 0.0430956 -0.0096000
v -0.0006896 0.0423092 -0.0108000
v -0.0047972 0.0425684 -0.0096000
v -0.0035884 0.0427276 -0.0096000
v -0.0034848 0.0419412 -0.0108000
v -0.0046936 0.0417820 -0.0108000
v -0.0034848 0.0419412 -0.0076000
v -0.0035884 0.0427276 -0.0076000
v -0.0020020 0.0429364 -0.0076000
v -0.0018984 0.0421500 -0.0076000
v -0.0053830 0.0416907 -0.0108000
v -0.0053830 0.0416907 -0.0056000
v -0.0046940 0.0417820 -0.0064000
v 0.0000000 0.0424000 -0.0056000
v -0.0006896 0.0423092 -0.0064000
v 0.0000000 0.0424000 -0.0108000
v -0.0047972 0.0425684 -0.0064000
v -0.0007932 0.0430956 -0.0064000
v -0.0060262 0.0414249 -0.0108000
v -0.0100609 0.0406123 -0.0096000
v -0.0089344 0.0410789 -0.0096000
v -0.0086310 0.0403460 -0.0108000
v -0.0097574 0.0398794 -0.0108000
v -0.0071527 0.0409584 -0.0108000
v -0.0074562 0.0416912 -0.0096000
v -0.0063297 0.0421578 -0.0096000
v -0.0089344 0.0410789 -0.0076000
v -0.0074562 0.0416913 -0.0076000
v -0.0071527 0.0409584 -0.0076000
v -0.0086310 0.0403460 -0.0076000
v -0.0086309 0.0403460 -0.0076000
v -0.0086309 0.0403460 -0.0108000
v -0.0060259 0.0414251 -0.0064000
v -0.0104000 0.0396128 -0.0056000
v -0.0097574 0.0398795 -0.0064000
v -0.0104000 0.0396128 -0.0108000
v -0.0063297 0.0421578 -0.0064000
v -0.0100609 0.0406123 -0.0064000
v -0.0109518 0.0391898 -0.0108000
v -0.0119190 0.0384476 -0.0108000
v -0.0124020 0.0390769 -0.0096000
v -0.0114347 0.0398191 -0.0096000
v -0.0146387 0.0373606 -0.0096000
v -0.0136714 0.0381028 -0.0096000
v -0.0131885 0.0374736 -0.0108000
v -0.0141558 0.0367313 -0.0108000
v -0.0131885 0.0374736 -0.0076000
v -0.0136714 0.0381029 -0.0076000
v -0.0124020 0.0390769 -0.0076000
v -0.0119190 0.0384476 -0.0076000
v -0.0119191 0.0384476 -0.0076000
v -0.0119191 0.0384476 -0.0108000
v -0.0141561 0.0367311 -0.0064000
v -0.0109518 0.0391899 -0.0064000
v -0.0146387 0.0373606 -0.0064000
v -0.0114347 0.0398191 -0.0064000
v 0.0082663 0.0415562 -0.0056000
v 0.0028188 0.0430142 -0.0056000
v 0.0055901 0.0424634 -0.0056000
v 0.0152734 0.0368734 -0.0056000
v 0.0108000 0.0403056 -0.0056000
v 0.0131501 0.0387374 -0.0056000
v 0.0035006 0.0392000 -0.0108000
v 0.0022968 0.0390486 -0.0108000
v 0.0045549 0.0385998 -0.0108000
v 0.0067355 0.0378606 -0.0108000
v 0.0099704 0.0365213 -0.0108000
v 0.0088000 0.0368416 -0.0108000
v 0.0107149 0.0355638 -0.0108000
v 0.0124450 0.0340450 -0.0108000
v 0.0007932 0.0430956 -0.0096000
v 0.0020020 0.0429364 -0.0096000
v 0.0018984 0.0421500 -0.0108000
v 0.0006896 0.0423092 -0.0108000
v 0.0034848 0.0419412 -0.0108000
v 0.0035884 0.0427276 -0.0096000
v 0.0047972 0.0425684 -0.0096000
v 0.0046936 0.0417820 -0.0108000
v 0.0020020 0.0429364 -0.0076000
v 0.0035884 0.0427276 -0.0076000
v 0.0034848 0.0419412 -0.0076000
v 0.0018984 0.0421500 -0.0076000
v 0.0053830 0.0416907 -0.0056000
v 0.0053830 0.0416907 -0.0108000
v 0.0046940 0.0417820 -0.0064000
v 0.0006896 0.0423092 -0.0064000
v 0.0047972 0.0425684 -0.0064000
v 0.0007932 0.0430956 -0.0064000
v 0.0060262 0.0414249 -0.0108000
v 0.0086310 0.0403460 -0.0108000
v 0.0089344 0.0410789 -0.0096000
v 0.0100609 0.0406123 -0.0096000
v 0.0097574 0.0398794 -0.0108000
v 0.0063297 0.0421578 -0.0096000
v 0.0074562 0.0416912 -0.0096000
v 0.0071527 0.0409584 -0.0108000
v 0.0071527 0.0409584 -0.0076000
v 0.0074562 0.0416913 -0.0076000
v 0.0089344 0.0410789 -0.0076000
v 0.0086310 0.0403460 -0.0076000
v 0.0086309 0.0403460 -0.0076000
v 0.0086309 0.0403460 -0.0108000
v 0.0060259 0.0414251 -0.0064000
v 0.0104000 0.0396128 -0.0056000
v 0.0097574 0.0398795 -0.0064000
v 0.0104000 0.0396128 -0.0108000
v 0.0063297 0.0421578 -0.0064000
v 0.0100609 0.0406123 -0.0064000
v 0.0109518 0.0391898 -0.0108000
v 0.0114347 0.0398191 -0.0096000
v 0.0124020 0.0390769 -0.0096000
v 0.0119190 0.0384476 -0.0108000
v 0.0131885 0.0374736 -0.0108000
v 0.0136714 0.0381028 -0.0096000
v 0.0146387 0.0373606 -0.0096000
v 0.0141558 0.0367313 -0.0108000
v 0.0124020 0.0390769 -0.0076000
v 0.0136714 0.0381029 -0.0076000
v 0.0131885 0.0374736 -0.0076000
v 0.0119190 0.0384476 -0.0076000
v 0.0119191 0.0384476 -0.0076000
v 0.0119191 0.0384476 -0.0108000
v 0.0147077 0.0363077 -0.0056000
v 0.0147077 0.0363077 -0.0108000
v 0.0141561 0.0367311 -0.0064000
v 0.0109518 0.0391899 -0.0064000
v 0.0146387 0.0373606 -0.0064000
v 0.0114347 0.0398191 -0.0064000
v 0.0214142 0.0244188 -0.0056000
v 0.0216000 0.0216000 -0.0056000
v 0.0199562 0.0298663 -0.0056000
v 0.0208634 0.0271901 -0.0056000
v 0.0187056 0.0324000 -0.0056000
v 0.0171374 0.0347501 -0.0056000
v 0.0174486 0.0238968 -0.0108000
v 0.0176000 0.0251006 -0.0108000
v 0.0176000 0.0216000 -0.0108000
v 0.0169998 0.0261549 -0.0108000
v 0.0162606 0.0283355 -0.0108000
v 0.0152416 0.0304000 -0.0108000
v 0.0149213 0.0315704 -0.0108000
v 0.0139638 0.0323149 -0.0108000
v 0.0205500 0.0234984 -0.0108000
v 0.0213364 0.0236020 -0.0096000
v 0.0214956 0.0223932 -0.0096000
v 0.0207092 0.0222896 -0.0108000
v 0.0209684 0.0263972 -0.0096000
v 0.0211276 0.0251884 -0.0096000
v 0.0203412 0.0250848 -0.0108000
v 0.0201820 0.0262936 -0.0108000
v 0.0203412 0.0250848 -0.0076000
v 0.0211276 0.0251884 -0.0076000
v 0.0213364 0.0236020 -0.0076000
v 0.0205500 0.0234984 -0.0076000
v 0.0200907 0.0269830 -0.0108000
v 0.0200907 0.0269830 -0.0056000
v 0.0201820 0.0262940 -0.0064000
v 0.0208000 0.0216000 -0.0056000
v 0.0207092 0.0222896 -0.0064000
v 0.0208000 0.0216000 -0.0108000
v 0.0209684 0.0263972 -0.0064000
v 0.0214956 0.0223932 -0.0064000
v 0.0198249 0.0276262 -0.0108000
v 0.0190123 0.0316609 -0.0096000
v 0.0194789 0.0305344 -0.0096000
v 0.0187460 0.0302310 -0.0108000
v 0.0182794 0.0313574 -0.0108000
v 0.0193584 0.0287527 -0.0108000
v 0.0200912 0.0290562 -0.0096000
v 0.0205578 0.0279297 -0.0096000
v 0.0194789 0.0305344 -0.0076000
v 0.0200913 0.0290562 -0.0076000
v 0.0193584 0.0287527 -0.0076000
v 0.0187460 0.0302310 -0.0076000
v 0.0187460 0.0302309 -0.0076000
v 0.0187460 0.0302309 -0.0108000
v 0.0198251 0.0276259 -0.0064000
v 0.0180128 0.0320000 -0.0056000
v 0.0182795 0.0313574 -0.0064000
v 0.0180128 0.0320000 -0.0108000
v 0.0205578 0.0279297 -0.0064000
v 0.0190123 0.0316609 -0.0064000
v 0.0175898 0.0325518 -0.0108000
v 0.0168476 0.0335190 -0.0108000
v 0.0174769 0.0340020 -0.0096000
v 0.0182191 0.0330347 -0.0096000
v 0.0157606 0.0362387 -0.0096000
v 0.0165028 0.0352714 -0.0096000
v 0.0158736 0.0347885 -0.0108000
v 0.0151313 0.0357558 -0.0108000
v 0.0158736 0.0347885 -0.0076000
v 0.0165029 0.0352714 -0.0076000
v 0.0174769 0.0340020 -0.0076000
v 0.0168476 0.0335190 -0.0076000
v 0.0168476 0.0335191 -0.0076000
v 0.0168476 0.0335191 -0.0108000
v 0.0151311 0.0357561 -0.0064000
v 0.0175899 0.0325518 -0.0064000
v 0.0157606 0.0362387 -0.0064000
v 0.0182191 0.0330347 -0.0064000
v 0.0199562 0.0133337 -0.0056000
v 0.0214142 0.0187812 -0.0056000
v 0.0208634 0.0160099 -0.0056000
v 0.0152734 0.0063266 -0.0056000
v 0.0187056 0.0108000 -0.0056000
v 0.0171374 0.0084499 -0.0056000
v 0.0176000 0.0180994 -0.0108000
v 0.0174486 0.0193032 -0.0108000
v 0.0169998 0.0170451 -0.0108000
v 0.0162606 0.0148645 -0.0108000
v 0.0149213 0.0116296 -0.0108000
v 0.0152416 0.0128000 -0.0108000
v 0.0139638 0.0108851 -0.0108000
v 0.0124450 0.0091550 -0.0108000
v 0.0214956 0.0208068 -0.0096000
v 0.0213364 0.0195980 -0.0096000
v 0.0205500 0.0197016 -0.0108000
v 0.0207092 0.0209104 -0.0108000
v 0.0203412 0.0181152 -0.0108000
v 0.0211276 0.0180116 -0.0096000
v 0.0209684 0.0168028 -0.0096000
v 0.0201820 0.0169064 -0.0108000
v 0.0213364 0.0195980 -0.0076000
v 0.0211276 0.0180116 -0.0076000
v 0.0203412 0.0181152 -0.0076000
v 0.0205500 0.0197016 -0.0076000
v 0.0200907 0.0162170 -0.0056000
v 0.0200907 0.0162170 -0.0108000
v 0.0201820 0.0169060 -0.0064000
v 0.0207092 0.0209104 -0.0064000
v 0.0209684 0.0168028 -0.0064000
v 0.0214956 0.0208068 -0.0064000
v 0.0198249 0.0155738 -0.0108000
v 0.0187460 0.0129690 -0.0108000
v 0.0194789 0.0126656 -0.0096000
v 0.0190123 0.0115391 -0.0096000
v 0.0182794 0.0118426 -0.0108000
v 0.0205578 0.0152703 -0.0096000
v 0.0200912 0.0141438 -0.0096000
v 0.0193584 0.0144473 -0.0108000
v 0.0193584 0.0144473 -0.0076000
v 0.0200913 0.0141438 -0.0076000
v 0.0194789 0.0126656 -0.0076000
v 0.0187460 0.0129690 -0.0076000
v 0.0187460 0.0129691 -0.0076000
v 0.0187460 0.0129691 -0.0108000
v 0.0198251 0.0155741 -0.0064000
v 0.0180128 0.0112000 -0.0056000
v 0.0182795 0.0118426 -0.0064000
v 0.0180128 0.0112000 -0.0108000
v 0.0205578 0.0152703 -0.0064000
v 0.0190123 0.0115391 -0.0064000
v 0.0175898 0.0106482 -0.0108000
v 0.0182191 0.0101653 -0.0096000
v 0.0174769 0.0091980 -0.0096000
v 0.0168476 0.0096810 -0.0108000
v 0.0158736 0.0084115 -0.0108000
v 0.0165028 0.0079286 -0.0096000
v 0.0157606 0.0069613 -0.0096000
v 0.0151313 0.0074442 -0.0108000
v 0.0174769 0.0091980 -0.0076000
v 0.0165029 0.0079286 -0.0076000
v 0.0158736 0.0084115 -0.0076000
v 0.0168476 0.0096810 -0.0076000
v 0.0168476 0.0096809 -0.0076000
v 0.0168476 0.0096809 -0.0108000
v 0.0147077 0.0068923 -0.0056000
v 0.0147077 0.0068923 -0.0108000
v 0.0151311 0.0074439 -0.0064000
v 0.0175899 0.0106482 -0.0064000
v 0.0157606 0.0069613 -0.0064000
v 0.0182191 0.0101653 -0.0064000
v 0.0028188 0.0001858 -0.0056000
v 0.0082663 0.0016438 -0.0056000
v 0.0055901 0.0007366 -0.0056000
v 0.0108000 0.0028944 -0.0056000
v 0.0131501 0.0044626 -0.0056000
v 0.0022968 0.0041514 -0.0108000
v 0.0035006 0.0040000 -0.0108000
v 0.0045549 0.0046002 -0.0108000
v 0.0067355 0.0053394 -0.0108000
v 0.0088000 0.0063584 -0.0108000
v 0.0099704 0.0066787 -0.0108000
v 0.0107149 0.0076362 -0.0108000
v 0.0018984 0.0010500 -0.0108000
v 0.0020020 0.0002636 -0.0096000
v 0.0007932 0.0001044 -0.0096000
v 0.0006896 0.0008908 -0.0108000
v 0.0047972 0.0006316 -0.0096000
v 0.0035884 0.0004724 -0.0096000
v 0.0034848 0.0012588 -0.0108000
v 0.0046936 0.0014180 -0.0108000
v 0.0034848 0.0012588 -0.0076000
v 0.0035884 0.0004724 -0.0076000
v 0.0020020 0.0002636 -0.0076000
v 0.0018984 0.0010500 -0.0076000
v 0.0053830 0.0015093 -0.0108000
v 0.0053830 0.0015093 -0.0056000
v 0.0046940 0.0014180 -0.0064000
v 0.0006896 0.0008908 -0.0064000
v 0.0047972 0.0006316 -0.0064000
v 0.0007932 0.0001044 -0.0064000
v 0.0060262 0.0017751 -0.0108000
v 0.0100609 0.0025877 -0.0096000
v 0.0089344 0.0021211 -0.0096000
v 0.0086310 0.0028540 -0.0108000
v 0.0097574 0.0033206 -0.0108000
v 0.0071527 0.0022416 -0.0108000
v 0.0074562 0.0015088 -0.0096000
v 0.0063297 0.0010422 -0.0096000
v 0.0089344 0.0021211 -0.0076000
v 0.0074562 0.0015087 -0.0076000
v 0.0071527 0.0022416 -0.0076000
v 0.0086310 0.0028540 -0.0076000
v 0.0086309 0.0028540 -0.0076000
v 0.0086309 0.0028540 -0.0108000
v 0.0060259 0.0017749 -0.0064000
v 0.0104000 0.0035872 -0.0056000
v 0.0097574 0.0033205 -0.0064000
v 0.0104000 0.0035872 -0.0108000
v 0.0063297 0.0010422 -0.0064000
v 0.0100609 0.0025877 -0.0064000
v 0.0109518 0.0040102 -0.0108000
v 0.0119190 0.0047524 -0.0108000
v 0.0124020 0.0041231 -0.0096000
v 0.0114347 0.0033809 -0.0096000
v 0.0146387 0.0058394 -0.0096000
v 0.0136714 0.0050972 -0.0096000
v 0.0131885 0.0057264 -0.0108000
v 0.0141558 0.0064687 -0.0108000
v 0.0131885 0.0057264 -0.0076000
v 0.0136714 0.0050971 -0.0076000
v 0.0124020 0.0041231 -0.0076000
v 0.0119190 0.0047524 -0.0076000
v 0.0119191 0.0047524 -0.0076000
v 0.0119191 0.0047524 -0.0108000
v 0.0141561 0.0064689 -0.0064000
v 0.0109518 0.0040101 -0.0064000
v 0.0146387 0.0058394 -0.0064000
v 0.0114347 0.0033809 -0.0064000
v -0.0028188 0.0001858 0.0056000
v 0.0000000 0.0000000 0.0056000
v -0.0082663 0.0016438 0.0056000
v -0.0055901 0.0007366 0.0056000
v -0.0108000 0.0028944 0.0056000
v -0.0152734 0.0063266 0.0056000
v -0.0131501 0.0044626 0.0056000
v -0.0022968 0.0041514 0.0108000
v -0.0035006 0.0040000 0.0108000
v 0.0000000 0.0040000 0.0108000
v -0.0045549 0.0046002 0.0108000
v -0.0067355 0.0053394 0.0108000
v -0.0088000 0.0063584 0.0108000
v -0.0099704 0.0066787 0.0108000
v -0.0107149 0.0076362 0.0108000
v -0.0124450 0.0091550 0.0108000
v -0.0018984 0.0010500 0.0108000
v -0.0020020 0.0002636 0.0096000
v -0.0007932 0.0001044 0.0096000
v -0.0006896 0.0008908 0.0108000
v -0.0047972 0.0006316 0.0096000
v -0.0035884 0.0004724 0.0096000
v -0.0034848 0.0012588 0.0108000
v -0.0046936 0.0014180 0.0108000
v -0.0034848 0.0012588 0.0076000
v -0.0035884 0.0004724 0.0076000
v -0.0020020 0.0002636 0.0076000
v -0.0018984 0.0010500 0.0076000
v -0.0053830 0.0015093 0.0108000
v -0.0053830 0.0015093 0.0056000
v -0.0046940 0.0014180 0.0064000
v 0.0000000 0.0008000 0.0056000
v -0.0006896 0.0008908 0.0064000
v 0.0000000 0.0008000 0.0108000
v -0.0047972 0.0006316 0.0064000
v -0.0007932 0.0001044 0.0064000
v -0.0060262 0.0017751 0.0108000
v -0.0100609 0.0025877 0.0096000
v -0.0089344 0.0021211 0.0096000
v -0.0086310 0.0028540 0.0108000
v -0.0097574 0.0033206 0.0108000
v -0.0071527 0.0022416 0.0108000
v -0.0074562 0.0015088 0.0096000
v -0.0063297 0.0010422 0.0096000
v -0.0089344 0.0021211 0.0076000
v -0.0074562 0.0015087 0.0076000
v -0.0071527 0.0022416 0.0076000
v -0.0086310 0.0028540 0.0076000
v -0.0086309 0.0028540 0.0076000
v -0.0086309 0.0028540 0.0108000
v -0.0060259 0.0017749 0.0064000
v -0.0104000 0.0035872 0.0056000
v -0.0097574 0.0033205 0.0064000
v -0.0104000 0.0035872 0.0108000
v -0.0063297 0.0010422 0.0064000
v -0.0100609 0.0025877 0.0064000
v -0.0109518 0.0040102 0.0108000
v -0.0119190 0.0047524 0.0108000
v -0.0124020 0.0041231 0.0096000
v -0.0114347 0.0033809 0.0096000
v -0.0146387 0.0058394 0.0096000
v -0.0136714 0.0050972 0.0096000
v -0.0131885 0.0057264 0.0108000
v -0.0141558 0.0064687 0.0108000
v -0.0131885 0.0057264 0.0076000
v -0.0136714 0.0050971 0.0076000
v -0.0124020 0.0041231 0.0076000
v -0.0119190 0.0047524 0.0076000
v -0.0119191 0.0047524 0.0076000
v -0.0119191 0.0047524 0.0108000
v -0.0147077 0.0068923 0.0108000
v -0.0147077 0.0068923 0.0056000
v -0.0141561 0.0064689 0.0064000
v -0.0109518 0.0040101 0.0064000
v -0.0146387 0.0058394 0.0064000
v -0.0114347 0.0033809 0.0064000
v -0.0199562 0.0133337 0.0056000
v -0.0216000 0.0216000 0.0056000
v -0.0214142 0.0187812 0.0056000
v -0.0208634 0.0160099 0.0056000
v -0.0187056 0.0108000 0.0056000
v -0.0171374 0.0084499 0.0056000
v -0.0176000 0.0216000 0.0108000
v -0.0176000 0.0180994 0.0108000
v -0.0174486 0.0193032 0.0108000
v -0.0169998 0.0170451 0.0108000
v -0.0162606 0.0148645 0.0108000
v -0.0149213 0.0116296 0.0108000
v -0.0152416 0.0128000 0.0108000
v -0.0139638 0.0108851 0.0108000
v -0.0214956 0.0208068 0.0096000
v -0.0213364 0.0195980 0.0096000
v -0.0205500 0.0197016 0.0108000
v -0.0207092 0.0209104 0.0108000
v -0.0203412 0.0181152 0.0108000
v -0.0211276 0.0180116 0.0096000
v -0.0209684 0.0168028 0.0096000
v -0.0201820 0.0169064 0.0108000
v -0.0213364 0.0195980 0.0076000
v -0.0211276 0.0180116 0.0076000
v -0.0203412 0.0181152 0.0076000
v -0.0205500 0.0197016 0.0076000
v -0.0200907 0.0162170 0.0056000
v -0.0200907 0.0162170 0.0108000
v -0.0201820 0.0169060 0.0064000
v -0.0208000 0.0216000 0.0056000
v -0.0207092 0.0209104 0.0064000
v -0.0208000 0.0216000 0.0108000
v -0.0209684 0.0168028 0.0064000
v -0.0214956 0.0208068 0.0064000
v -0.0198249 0.0155738 0.0108000
v -0.0187460 0.0129690 0.0108000
v -0.0194789 0.0126656 0.0096000
v -0.0190123 0.0115391 0.0096000
v -0.0182794 0.0118426 0.0108000
v -0.0205578 0.0152703 0.0096000
v -0.0200912 0.0141438 0.0096000
v -0.0193584 0.0144473 0.0108000
v -0.0193584 0.0144473 0.0076000
v -0.0200913 0.0141438 0.0076000
v -0.0194789 0.0126656 0.0076000
v -0.0187460 0.0129690 0.0076000
v -0.0187460 0.0129691 0.0076000
v -0.0187460 0.0129691 0.0108000
v -0.0198251 0.0155741 0.0064000
v -0.0180128 0.0112000 0.0056000
v -0.0182795 0.0118426 0.0064000
v -0.0180128 0.0112000 0.0108000
v -0.0205578 0.0152703 0.0064000
v -0.0190123 0.0115391 0.0064000
v -0.0175898 0.0106482 0.0108000
v -0.0182191 0.0101653 0.0096000
v -0.0174769 0.0091980 0.0096000
v -0.0168476 0.0096810 0.0108000
v -0.0158736 0.0084115 0.0108000
v -0.0165028 0.0079286 0.0096000
v -0.0157606 0.0069613 0.0096000
v -0.0151313 0.0074442 0.0108000
v -0.0174769 0.0091980 0.0076000
v -0.0165029 0.0079286 0.0076000
v -0.0158736 0.0084115 0.0076000
v -0.0168476 0.0096810 0.0076000
v -0.0168476 0.0096809 0.0076000
v -0.0168476 0.0096809 0.0108000
v -0.0151311 0.0074439 0.0064000
v -0.0175899 0.0106482 0.0064000
v -0.0157606 0.0069613 0.0064000
v -0.0182191 0.0101653 0.0064000
v -0.0214142 0.0244188 0.0056000
v -0.0199562 0.0298663 0.0056000
v -0.0208634 0.0271901 0.0056000
v -0.0187056 0.0324000 0.0056000
v -0.0152734 0.0368734 0.0056000
v -0.0171374 0.0347501 0.0056000
v -0.0174486 0.0238968 0.0108000
v -0.0176000 0.0251006 0.0108000
v -0.0169998 0.0261549 0.0108000
v -0.0162606 0.0283355 0.0108000
v -0.0152416 0.0304000 0.0108000
v -0.0149213 0.0315704 0.0108000
v -0.0139638 0.0323149 0.0108000
v -0.0124450 0.0340450 0.0108000
v -0.0205500 0.0234984 0.0108000
v -0.0213364 0.0236020 0.0096000
v -0.0214956 0.0223932 0.0096000
v -0.0207092 0.0222896 0.0108000
v -0.0209684 0.0263972 0.0096000
v -0.0211276 0.0251884 0.0096000
v -0.0203412 0.0250848 0.0108000
v -0.0201820 0.0262936 0.0108000
v -0.0203412 0.0250848 0.0076000
v -0.0211276 0.0251884 0.0076000
v -0.0213364 0.0236020 0.0076000
v -0.0205500 0.0234984 0.0076000
v -0.0200907 0.0269830 0.0108000
v -0.0200907 0.0269830 0.0056000
v -0.0201820 0.0262940 0.0064000
v -0.0207092 0.0222896 0.0064000
v -0.0209684 0.0263972 0.0064000
v -0.0214956 0.0223932 0.0064000
v -0.0198249 0.0276262 0.0108000
v -0.0190123 0.0316609 0.0096000
v -0.0194789 0.0305344 0.0096000
v -0.0187460 0.0302310 0.0108000
v -0.0182794 0.0313574 0.0108000
v -0.0193584 0.0287527 0.0108000
v -0.0200912 0.0290562 0.0096000
v -0.0205578 0.0279297 0.0096000
v -0.0194789 0.0305344 0.0076000
v -0.0200913 0.0290562 0.0076000
v -0.0193584 0.0287527 0.0076000
v -0.0187460 0.0302310 0.0076000
v -0.0187460 0.0302309 0.0076000
v -0.0187460 0.0302309 0.0108000
v -0.0198251 0.0276259 0.0064000
v -0.0180128 0.0320000 0.0056000
v -0.0182795 0.0313574 0.0064000
v -0.0180128 0.0320000 0.0108000
v -0.0205578 0.0279297 0.0064000
v -0.0190123 0.0316609 0.0064000
v -0.0175898 0.0325518 0.0108000
v -0.0168476 0.0335190 0.0108000
v -0.0174769 0.0340020 0.0096000
v -0.0182191 0.0330347 0.0096000
v -0.0157606 0.0362387 0.0096000
v -0.0165028 0.0352714 0.0096000
v -0.0158736 0.0347885 0.0108000
v -0.0151313 0.0357558 0.0108000
v -0.0158736 0.0347885 0.0076000
v -0.0165029 0.0352714 0.0076000
v -0.0174769 0.0340020 0.0076000
v -0.0168476 0.0335190 0.0076000
v -0.0168476 0.0335191 0.0076000
v -0.0168476 0.0335191 0.0108000
v -0.0147077 0.0363077 0.0108000
v -0.0147077 0.0363077 0.0056000
v -0.0151311 0.0357561 0.0064000
v -0.0175899 0.0325518 0.0064000
v -0.0157606 0.0362387 0.0064000
v -0.0182191 0.0330347 0.0064000
v -0.0082663 0.0415562 0.0056000
v 0.0000000 0.0432000 0.0056000
v -0.0028188 0.0430142 0.0056000
v -0.0055901 0.0424634 0.0056000
v -0.0108000 0.0403056 0.0056000
v -0.0131501 0.0387374 0.0056000
v 0.0000000 0.0392000 0.0108000
v -0.0035006 0.0392000 0.0108000
v -0.0022968 0.0390486 0.0108000
v -0.0045549 0.0385998 0.0108000
v -0.0067355 0.0378606 0.0108000
v -0.0099704 0.0365213 0.0108000
v -0.0088000 0.0368416 0.0108000
v -0.0107149 0.0355638 0.0108000
v -0.0007932 0.0430956 0.0096000
v -0.0020020 0.0429364 0.0096000
v -0.0018984 0.0421500 0.0108000
v -0.0006896 0.0423092 0.0108000
v -0.0034848 0.0419412 0.0108000
v -0.0035884 0.0427276 0.0096000
v -0.0047972 0.0425684 0.0096000
v -0.0046936 0.0417820 0.0108000
v -0.0020020 0.0429364 0.0076000
v -0.0035884 0.0427276 0.0076000
v -0.0034848 0.0419412 0.0076000
v -0.0018984 0.0421500 0.0076000
v -0.0053830 0.0416907 0.0056000
v -0.0053830 0.0416907 0.0108000
v -0.0046940 0.0417820 0.0064000
v 0.0000000 0.0424000 0.0056000
v -0.0006896 0.0423092 0.0064000
v 0.0000000 0.0424000 0.0108000
v -0.0047972 0.0425684 0.0064000
v -0.0007932 0.0430956 0.0064000
v -0.0060262 0.0414249 0.0108000
v -0.0086310 0.0403460 0.0108000
v -0.0089344 0.0410789 0.0096000
v -0.0100609 0.0406123 0.0096000
v -0.0097574 0.0398794 0.0108000
v -0.0063297 0.0421578 0.0096000
v -0.0074562 0.0416912 0.0096000
v -0.0071527 0.0409584 0.0108000
v -0.0071527 0.0409584 0.0076000
v -0.0074562 0.0416913 0.0076000
v -0.0089344 0.0410789 0.0076000
v -0.0086310 0.0403460 0.0076000
v -0.0086309 0.0403460 0.0076000
v -0.0086309 0.0403460 0.0108000
v -0.0060259 0.0414251 0.0064000
v -0.0104000 0.0396128 0.0056000
v -0.0097574 0.0398795 0.0064000
v -0.0104000 0.0396128 0.0108000
v -0.0063297 0.0421578 0.0064000
v -0.0100609 0.0406123 0.0064000
v -0.0109518 0.0391898 0.0108000
v -0.0114347 0.0398191 0.0096000
v -0.0124020 0.0390769 0.0096000
v -0.0119190 0.0384476 0.0108000
v -0.0131885 0.0374736 0.0108000
v -0.0136714 0.0381028 0.0096000
v -0.0146387 0.0373606 0.0096000
v -0.0141558 0.0367313 0.0108000
v -0.0124020 0.0390769 0.0076000
v -0.0136714 0.0381029 0.0076000
v -0.0131885 0.0374736 0.0076000
v -0.0119190 0.0384476 0.0076000
v -0.0119191 0.0384476 0.0076000
v -0.0119191 0.0384476 0.0108000
v -0.0141561 0.0367311 0.0064000
v -0.0109518 0.0391899 0.0064000
v -0.0146387 0.0373606 0.0064000
v -0.0114347 0.0398191 0.0064000
v 0.0028188 0.0430142 0.0056000
v 0.0082663 0.0415562 0.0056000
v 0.0055901 0.0424634 0.0056000
v 0.0108000 0.0403056 0.0056000
v 0.0152734 0.0368734 0.0056000
v 0.0131501 0.0387374 0.0056000
v 0.0022968 0.0390486 0.0108000
v 0.0035006 0.0392000 0.0108000
v 0.0045549 0.0385998 0.0108000
v 0.0067355 0.0378606 0.0108000
v 0.0088000 0.0368416 0.0108000
v 0.0099704 0.0365213 0.0108000
v 0.0107149 0.0355638 0.0108000
v 0.0124450 0.0340450 0.0108000
v 0.0018984 0.0421500 0.0108000
v 0.0020020 0.0429364 0.0096000
v 0.0007932 0.0430956 0.0096000
v 0.0006896 0.0423092 0.0108000
v 0.0047972 0.0425684 0.0096000
v 0.0035884 0.0427276 0.0096000
v 0.0034848 0.0419412 0.0108000
v 0.0046936 0.0417820 0.0108000
v 0.0034848 0.0419412 0.0076000
v 0.0035884 0.0427276 0.0076000
v 0.0020020 0.0429364 0.0076000
v 0.0018984 0.0421500 0.0076000
v 0.0053830 0.0416907 0.0108000
v 0.0053830 0.0416907 0.0056000
v 0.0046940 0.0417820 0.0064000
v 0.0006896 0.0423092 0.0064000
v 0.0047972 0.0425684 0.0064000
v 0.0007932 0.0430956 0.0064000
v 0.0060262 0.0414249 0.0108000
v 0.0100609 0.0406123 0.0096000
v 0.0089344 0.0410789 0.0096000
v 0.0086310 0.0403460 0.0108000
v 0.0097574 0.0398794 0.0108000
v 0.0071527 0.0409584 0.0108000
v 0.0074562 0.0416912 0.0096000
v 0.0063297 0.0421578 0.0096000
v 0.0089344 0.0410789 0.0076000
v 0.0074562 0.0416913 0.0076000
v 0.0071527 0.0409584 0.0076000
v 0.0086310 0.0403460 0.0076000
v 0.0086309 0.0403460 0.0076000
v 0.0086309 0.0403460 0.0108000
v 0.0060259 0.0414251 0.0064000
v 0.0104000 0.0396128 0.0056000
v 0.0097574 0.0398795 0.0064000
v 0.0104000 0.0396128 0.0108000
v 0.0063297 0.0421578 0.0064000
v 0.0100609 0.0406123 0.0064000
v 0.0109518 0.0391898 0.0108000
v 0.0119190 0.0384476 0.0108000
v 0.0124020 0.0390769 0.0096000
v 0.0114347 0.0398191 0.0096000
v 0.0146387 0.0373606 0.0096000
v 0.0136714 0.0381028 0.0096000
v 0.0131885 0.0374736 0.0108000
v 0.0141558 0.0367313 0.0108000
v 0.0131885 0.0374736 0.0076000
v 0.0136714 0.0381029 0.0076000
v 0.0124020 0.0390769 0.0076000
v 0.0119190 0.0384476 0.0076000
v 0.0119191 0.0384476 0.0076000
v 0.0119191 0.0384476 0.0108000
v 0.0147077 0.0363077 0.0108000
v 0.0147077 0.0363077 0.0056000
v 0.0141561 0.0367311 0.0064000
v 0.0109518 0.0391899 0.0064000
v 0.0146387 0.0373606 0.0064000
v 0.0114347 0.0398191 0.0064000
v 0.0199562 0.0298663 0.0056000
v 0.0216000 0.0216000 0.0056000
v 0.0214142 0.0244188 0.0056000
v 0.0208634 0.0271901 0.0056000
v 0.0187056 0.0324000 0.0056000
v 0.0171374 0.0347501 0.0056000
v 0.0176000 0.0216000 0.0108000
v 0.0176000 0.0251006 0.0108000
v 0.0174486 0.0238968 0.0108000
v 0.0169998 0.0261549 0.0108000
v 0.0162606 0.0283355 0.0108000
v 0.0149213 0.0315704 0.0108000
v 0.0152416 0.0304000 0.0108000
v 0.0139638 0.0323149 0.0108000
v 0.0214956 0.0223932 0.0096000
v 0.0213364 0.0236020 0.0096000
v 0.0205500 0.0234984 0.0108000
v 0.0207092 0.0222896 0.0108000
v 0.0203412 0.0250848 0.0108000
v 0.0211276 0.0251884 0.0096000
v 0.0209684 0.0263972 0.0096000
v 0.0201820 0.0262936 0.0108000
v 0.0213364 0.0236020 0.0076000
v 0.0211276 0.0251884 0.0076000
v 0.0203412 0.0250848 0.0076000
v 0.0205500 0.0234984 0.0076000
v 0.0200907 0.0269830 0.0056000
v 0.0200907 0.0269830 0.0108000
v 0.0201820 0.0262940 0.0064000
v 0.0208000 0.0216000 0.0056000
v 0.0207092 0.0222896 0.0064000
v 0.0208000 0.0216000 0.0108000
v 0.0209684 0.0263972 0.0064000
v 0.0214956 0.0223932 0.0064000
v 0.0198249 0.0276262 0.0108000
v 0.0187460 0.0302310 0.0108000
v 0.0194789 0.0305344 0.0096000
v 0.0190123 0.0316609 0.0096000
v 0.0182794 0.0313574 0.0108000
v 0.0205578 0.0279297 0.0096000
v 0.0200912 0.0290562 0.0096000
v 0.0193584 0.0287527 0.0108000
v 0.0193584 0.0287527 0.0076000
v 0.0200913 0.0290562 0.0076000
v 0.0194789 0.0305344 0.0076000
v 0.0187460 0.0302310 0.0076000
v 0.0187460 0.0302309 0.0076000
v 0.0187460 0.0302309 0.0108000
v 0.0198251 0.0276259 0.0064000
v 0.0180128 0.0320000 0.0056000
v 0.0182795 0.0313574 0.0064000
v 0.0180128 0.0320000 0.0108000
v 0.0205578 0.0279297 0.0064000
v 0.0190123 0.0316609 0.0064000
v 0.0175898 0.0325518 0.0108000
v 0.0182191 0.0330347 0.0096000
v 0.0174769 0.0340020 0.0096000
v 0.0168476 0.0335190 0.0108000
v 0.0158736 0.0347885 0.0108000
v 0.0165028 0.0352714 0.0096000
v 0.0157606 0.0362387 0.0096000
v 0.0151313 0.0357558 0.0108000
v 0.0174769 0.0340020 0.0076000
v 0.0165029 0.0352714 0.0076000
v 0.0158736 0.0347885 0.0076000
v 0.0168476 0.0335190 0.0076000
v 0.0168476 0.0335191 0.0076000
v 0.0168476 0.0335191 0.0108000
v 0.0151311 0.0357561 0.0064000
v 0.0175899 0.0325518 0.0064000
v 0.0157606 0.0362387 0.0064000
v 0.0182191 0.0330347 0.0064000
v 0.0214142 0.0187812 0.0056000
v 0.0199562 0.0133337 0.0056000
v 0.0208634 0.0160099 0.0056000
v 0.0187056 0.0108000 0.0056000
v 0.0152734 0.0063266 0.0056000
v 0.0171374 0.0084499 0.0056000
v 0.0174486 0.0193032 0.0108000
v 0.0176000 0.0180994 0.0108000
v 0.0169998 0.0170451 0.0108000
v 0.0162606 0.0148645 0.0108000
v 0.0152416 0.0128000 0.0108000
v 0.0149213 0.0116296 0.0108000
v 0.0139638 0.0108851 0.0108000
v 0.0124450 0.0091550 0.0108000
v 0.0205500 0.0197016 0.0108000
v 0.0213364 0.0195980 0.0096000
v 0.0214956 0.0208068 0.0096000
v 0.0207092 0.0209104 0.0108000
v 0.0209684 0.0168028 0.0096000
v 0.0211276 0.0180116 0.0096000
v 0.0203412 0.0181152 0.0108000
v 0.0201820 0.0169064 0.0108000
v 0.0203412 0.0181152 0.0076000
v 0.0211276 0.0180116 0.0076000
v 0.0213364 0.0195980 0.0076000
v 0.0205500 0.0197016 0.0076000
v 0.0200907 0.0162170 0.0108000
v 0.0200907 0.0162170 0.0056000
v 0.0201820 0.0169060 0.0064000
v 0.0207092 0.0209104 0.0064000
v 0.0209684 0.0168028 0.0064000
v 0.0214956 0.0208068 0.0064000
v 0.0198249 0.0155738 0.0108000
v 0.0190123 0.0115391 0.0096000
v 0.0194789 0.0126656 0.0096000
v 0.0187460 0.0129690 0.0108000
v 0.0182794 0.0118426 0.0108000
v 0.0193584 0.0144473 0.0108000
v 0.0200912 0.0141438 0.0096000
v 0.0205578 0.0152703 0.0096000
v 0.0194789 0.0126656 0.0076000
v 0.0200913 0.0141438 0.0076000
v 0.0193584 0.0144473 0.0076000
v 0.0187460 0.0129690 0.0076000
v 0.0187460 0.0129691 0.0076000
v 0.0187460 0.0129691 0.0108000
v 0.0198251 0.0155741 0.0064000
v 0.0180128 0.0112000 0.0056000
v 0.0182795 0.0118426 0.0064000
v 0.0180128 0.0112000 0.0108000
v 0.0205578 0.0152703 0.0064000
v 0.0190123 0.0115391 0.0064000
v 0.0175898 0.0106482 0.0108000
v 0.0168476 0.0096810 0.0108000
v 0.0174769 0.0091980 0.0096000
v 0.0182191 0.0101653 0.0096000
v 0.0157606 0.0069613 0.0096000
v 0.0165028 0.0079286 0.0096000
v 0.0158736 0.0084115 0.0108000
v 0.0151313 0.0074442 0.0108000
v 0.0158736 0.0084115 0.0076000
v 0.0165029 0.0079286 0.0076000
v 0.0174769 0.0091980 0.0076000
v 0.0168476 0.0096810 0.0076000
v 0.0168476 0.0096809 0.0076000
v 0.0168476 0.0096809 0.0108000
v 0.0147077 0.0068923 0.0108000
v 0.0147077 0.0068923 0.0056000
v 0.0151311 0.0074439 0.0064000
v 0.0175899 0.0106482 0.0064000
v 0.0157606 0.0069613 0.0064000
v 0.0182191 0.0101653 0.0064000
v 0.0082663 0.0016438 0.0056000
v 0.0028188 0.0001858 0.0056000
v 0.0055901 0.0007366 0.0056000
v 0.0108000 0.0028944 0.0056000
v 0.0131501 0.0044626 0.0056000
v 0.0035006 0.0040000 0.0108000
v 0.0022968 0.0041514 0.0108000
v 0.0045549 0.0046002 0.0108000
v 0.0067355 0.0053394 0.0108000
v 0.0099704 0.0066787 0.0108000
v 0.0088000 0.0063584 0.0108000
v 0.0107149 0.0076362 0.0108000
v 0.0007932 0.0001044 0.0096000
v 0.0020020 0.0002636 0.0096000
v 0.0018984 0.0010500 0.0108000
v 0.0006896 0.0008908 0.0108000
v 0.0034848 0.0012588 0.0108000
v 0.0035884 0.0004724 0.0096000
v 0.0047972 0.0006316 0.0096000
v 0.0046936 0.0014180 0.0108000
v 0.0020020 0.0002636 0.0076000
v 0.0035884 0.0004724 0.0076000
v 0.0034848 0.0012588 0.0076000
v 0.0018984 0.0010500 0.0076000
v 0.0053830 0.0015093 0.0056000
v 0.0053830 0.0015093 0.0108000
v 0.0046940 0.0014180 0.0064000
v 0.0006896 0.0008908 0.0064000
v 0.0047972 0.0006316 0.0064000
v 0.0007932 0.0001044 0.0064000
v 0.0060262 0.0017751 0.0108000
v 0.0086310 0.0028540 0.0108000
v 0.0089344 0.0021211 0.0096000
v 0.0100609 0.0025877 0.0096000
v 0.0097574 0.0033206 0.0108000
v 0.0063297 0.0010422 0.0096000
v 0.0074562 0.0015088 0.0096000
v 0.0071527 0.0022416 0.0108000
v 0.0071527 0.0022416 0.0076000
v 0.0074562 0.0015087 0.0076000
v 0.0089344 0.0021211 0.0076000
v 0.0086310 0.0028540 0.0076000
v 0.0086309 0.0028540 0.0076000
v 0.0086309 0.0028540 0.0108000
v 0.0060259 0.0017749 0.0064000
v 0.0104000 0.0035872 0.0056000
v 0.0097574 0.0033205 0.0064000
v 0.0104000 0.0035872 0.0108000
v 0.0063297 0.0010422 0.0064000
v 0.0100609 0.0025877 0.0064000
v 0.0109518 0.0040102 0.0108000
v 0.0114347 0.0033809 0.0096000
v 0.0124020 0.0041231 0.0096000
v 0.0119190 0.0047524 0.0108000
v 0.0131885 0.0057264 0.0108000
v 0.0136714 0.0050972 0.0096000
v 0.0146387 0.0058394 0.0096000
v 0.0141558 0.0064687 0.0108000
v 0.0124020 0.0041231 0.0076000
v 0.0136714 0.0050971 0.0076000
v 0.0131885 0.0057264 0.0076000
v 0.0119190 0.0047524 0.0076000
v 0.0119191 0.0047524 0.0076000
v 0.0119191 0.0047524 0.0108000
v 0.0141561 0.0064689 0.0064000
v 0.0109518 0.0040101 0.0064000
v 0.0146387 0.0058394 0.0064000
v 0.0114347 0.0033809 0.0064000
v 0.0165762 0.0194180 -0.0106533
v 0.0150693 0.0196164 -0.0104000
v 0.0152000 0.0216000 -0.0104000
v 0.0167200 0.0216000 -0.0106533
v 0.0161498 0.0172729 -0.0106533
v 0.0146817 0.0176662 -0.0104000
v 0.0154476 0.0152013 -0.0106533
v 0.0140433 0.0157830 -0.0104000
v 0.0144795 0.0132400 -0.0106533
v 0.0131632 0.0140000 -0.0104000
v 0.0132656 0.0114209 -0.0106533
v 0.0120597 0.0123462 -0.0104000
v 0.0118227 0.0097773 -0.0106533
v 0.0107479 0.0108521 -0.0104000
v 0.0101791 0.0083344 -0.0106533
v 0.0092538 0.0095403 -0.0104000
v 0.0083600 0.0071205 -0.0106533
v 0.0076000 0.0084368 -0.0104000
v 0.0063987 0.0061524 -0.0106533
v 0.0058170 0.0075567 -0.0104000
v 0.0043271 0.0054502 -0.0106533
v 0.0039338 0.0069183 -0.0104000
v 0.0021820 0.0050238 -0.0106533
v 0.0019836 0.0065307 -0.0104000
v 0.0000000 0.0048800 -0.0106533
v 0.0000000 0.0064000 -0.0104000
v -0.0021820 0.0050238 -0.0106533
v -0.0019836 0.0065307 -0.0104000
v -0.0043271 0.0054502 -0.0106533
v -0.0039338 0.0069183 -0.0104000
v -0.0063987 0.0061524 -0.0106533
v -0.0058170 0.0075567 -0.0104000
v -0.0083600 0.0071205 -0.0106533
v -0.0076000 0.0084368 -0.0104000
v -0.0101791 0.0083344 -0.0106533
v -0.0092538 0.0095403 -0.0104000
v -0.0118227 0.0097773 -0.0106533
v -0.0107479 0.0108521 -0.0104000
v -0.0132656 0.0114209 -0.0106533
v -0.0120597 0.0123462 -0.0104000
v -0.0144795 0.0132400 -0.0106533
v -0.0131632 0.0140000 -0.0104000
v -0.0154476 0.0152013 -0.0106533
v -0.0140433 0.0157830 -0.0104000
v -0.0161498 0.0172729 -0.0106533
v -0.0146817 0.0176662 -0.0104000
v -0.0165762 0.0194180 -0.0106533
v -0.0150693 0.0196164 -0.0104000
v -0.0167200 0.0216000 -0.0106533
v -0.0152000 0.0216000 -0.0104000
v -0.0165762 0.0237820 -0.0106533
v -0.0150693 0.0235836 -0.0104000
v -0.0161498 0.0259271 -0.0106533
v -0.0146817 0.0255338 -0.0104000
v -0.0154476 0.0279987 -0.0106533
v -0.0140433 0.0274170 -0.0104000
v -0.0144795 0.0299600 -0.0106533
v -0.0131632 0.0292000 -0.0104000
v -0.0132656 0.0317791 -0.0106533
v -0.0120597 0.0308538 -0.0104000
v -0.0118227 0.0334227 -0.0106533
v -0.0107479 0.0323479 -0.0104000
v -0.0101791 0.0348656 -0.0106533
v -0.0092538 0.0336597 -0.0104000
v -0.0083600 0.0360795 -0.0106533
v -0.0076000 0.0347632 -0.0104000
v -0.0063987 0.0370476 -0.0106533
v -0.0058170 0.0356433 -0.0104000
v -0.0043271 0.0377498 -0.0106533
v -0.0039338 0.0362817 -0.0104000
v -0.0021820 0.0381762 -0.0106533
v -0.0019836 0.0366693 -0.0104000
v 0.0000000 0.0383200 -0.0106533
v 0.0000000 0.0368000 -0.0104000
v 0.0021820 0.0381762 -0.0106533
v 0.0019836 0.0366693 -0.0104000
v 0.0043271 0.0377498 -0.0106533
v 0.0039338 0.0362817 -0.0104000
v 0.0063987 0.0370476 -0.0106533
v 0.0058170 0.0356433 -0.0104000
v 0.0083600 0.0360795 -0.0106533
v 0.0076000 0.0347632 -0.0104000
v 0.0101791 0.0348656 -0.0106533
v 0.0092538 0.0336597 -0.0104000
v 0.0118227 0.0334227 -0.0106533
v 0.0107479 0.0323479 -0.0104000
v 0.0132656 0.0317791 -0.0106533
v 0.0120597 0.0308538 -0.0104000
v 0.0144795 0.0299600 -0.0106533
v 0.0131632 0.0292000 -0.0104000
v 0.0154476 0.0279987 -0.0106533
v 0.0140433 0.0274170 -0.0104000
v 0.0161498 0.0259271 -0.0106533
v 0.0146817 0.0255338 -0.0104000
v 0.0165762 0.0237820 -0.0106533
v 0.0150693 0.0235836 -0.0104000
v 0.0152000 0.0216000 -0.0084000
v 0.0150693 0.0196164 -0.0084000
v 0.0146817 0.0176662 -0.0084000
v 0.0140433 0.0157830 -0.0084000
v 0.0131632 0.0140000 -0.0084000
v 0.0120597 0.0123462 -0.0084000
v 0.0107479 0.0108521 -0.0084000
v 0.0092538 0.0095403 -0.0084000
v 0.0076000 0.0084368 -0.0084000
v 0.0058170 0.0075567 -0.0084000
v 0.0039338 0.0069183 -0.0084000
v 0.0019836 0.0065307 -0.0084000
v 0.0000000 0.0064000 -0.0084000
v -0.0019836 0.0065307 -0.0084000
v -0.0039338 0.0069183 -0.0084000
v -0.0058170 0.0075567 -0.0084000
v -0.0076000 0.0084368 -0.0084000
v -0.0092538 0.0095403 -0.0084000
v -0.0107479 0.0108521 -0.0084000
v -0.0120597 0.0123462 -0.0084000
v -0.0131632 0.0140000 -0.0084000
v -0.0140433 0.0157830 -0.0084000
v -0.0146817 0.0176662 -0.0084000
v -0.0150693 0.0196164 -0.0084000
v -0.0152000 0.0216000 -0.0084000
v -0.0150693 0.0235836 -0.0084000
v -0.0146817 0.0255338 -0.0084000
v -0.0140433 0.0274170 -0.0084000
v -0.0131632 0.0292000 -0.0084000
v -0.0120597 0.0308538 -0.0084000
v -0.0107479 0.0323479 -0.0084000
v -0.0092538 0.0336597 -0.0084000
v -0.0076000 0.0347632 -0.0084000
v -0.0058170 0.0356433 -0.0084000
v -0.0039338 0.0362817 -0.0084000
v -0.0019836 0.0366693 -0.0084000
v 0.0000000 0.0368000 -0.0084000
v 0.0019836 0.0366693 -0.0084000
v 0.0039338 0.0362817 -0.0084000
v 0.0058170 0.0356433 -0.0084000
v 0.0076000 0.0347632 -0.0084000
v 0.0092538 0.0336597 -0.0084000
v 0.0107479 0.0323479 -0.0084000
v 0.0120597 0.0308538 -0.0084000
v 0.0131632 0.0292000 -0.0084000
v 0.0140433 0.0274170 -0.0084000
v 0.0146817 0.0255338 -0.0084000
v 0.0150693 0.0235836 -0.0084000
v 0.0142762 0.0197208 -0.0084000
v 0.0144000 0.0216000 -0.0084000
v 0.0139090 0.0178733 -0.0084000
v 0.0133042 0.0160891 -0.0084000
v 0.0124704 0.0144000 -0.0084000
v 0.0114250 0.0128333 -0.0084000
v 0.0101822 0.0114178 -0.0084000
v 0.0087667 0.0101750 -0.0084000
v 0.0072000 0.0091296 -0.0084000
v 0.0055109 0.0082958 -0.0084000
v 0.0037267 0.0076910 -0.0084000
v 0.0018792 0.0073238 -0.0084000
v 0.0000000 0.0072000 -0.0084000
v -0.0018792 0.0073238 -0.0084000
v -0.0037267 0.0076910 -0.0084000
v -0.0055109 0.0082958 -0.0084000
v -0.0072000 0.0091296 -0.0084000
v -0.0087667 0.0101750 -0.0084000
v -0.0101822 0.0114178 -0.0084000
v -0.0114250 0.0128333 -0.0084000
v -0.0124704 0.0144000 -0.0084000
v -0.0133042 0.0160891 -0.0084000
v -0.0139090 0.0178733 -0.0084000
v -0.0142762 0.0197208 -0.0084000
v -0.0144000 0.0216000 -0.0084000
v -0.0142762 0.0234792 -0.0084000
v -0.0139090 0.0253267 -0.0084000
v -0.0133042 0.0271109 -0.0084000
v -0.0124704 0.0288000 -0.0084000
v -0.0114250 0.0303667 -0.0084000
v -0.0101822 0.0317822 -0.0084000
v -0.0087667 0.0330250 -0.0084000
v -0.0072000 0.0340704 -0.0084000
v -0.0055109 0.0349042 -0.0084000
v -0.0037267 0.0355090 -0.0084000
v -0.0018792 0.0358762 -0.0084000
v 0.0000000 0.0360000 -0.0084000
v 0.0018792 0.0358762 -0.0084000
v 0.0037267 0.0355090 -0.0084000
v 0.0055109 0.0349042 -0.0084000
v 0.0072000 0.0340704 -0.0084000
v 0.0087667 0.0330250 -0.0084000
v 0.0101822 0.0317822 -0.0084000
v 0.0114250 0.0303667 -0.0084000
v 0.0124704 0.0288000 -0.0084000
v 0.0133042 0.0271109 -0.0084000
v 0.0139090 0.0253267 -0.0084000
v 0.0142762 0.0234792 -0.0084000
v 0.0134830 0.0198252 -0.0084000
v 0.0136000 0.0216000 -0.0084000
v 0.0131362 0.0180803 -0.0084000
v 0.0125650 0.0163953 -0.0084000
v 0.0117776 0.0148000 -0.0084000
v 0.0107902 0.0133203 -0.0084000
v 0.0096166 0.0119834 -0.0084000
v 0.0082797 0.0108098 -0.0084000
v 0.0068000 0.0098224 -0.0084000
v 0.0052047 0.0090350 -0.0084000
v 0.0035197 0.0084638 -0.0084000
v 0.0017748 0.0081170 -0.0084000
v 0.0000000 0.0080000 -0.0084000
v -0.0017748 0.0081170 -0.0084000
v -0.0035197 0.0084638 -0.0084000
v -0.0052047 0.0090350 -0.0084000
v -0.0068000 0.0098224 -0.0084000
v -0.0082797 0.0108098 -0.0084000
v -0.0096166 0.0119834 -0.0084000
v -0.0107902 0.0133203 -0.0084000
v -0.0117776 0.0148000 -0.0084000
v -0.0125650 0.0163953 -0.0084000
v -0.0131362 0.0180803 -0.0084000
v -0.0134830 0.0198252 -0.0084000
v -0.0136000 0.0216000 -0.0084000
v -0.0134830 0.0233748 -0.0084000
v -0.0131362 0.0251197 -0.0084000
v -0.0125650 0.0268047 -0.0084000
v -0.0117776 0.0284000 -0.0084000
v -0.0107902 0.0298797 -0.0084000
v -0.0096166 0.0312166 -0.0084000
v -0.0082797 0.0323902 -0.0084000
v -0.0068000 0.0333776 -0.0084000
v -0.0052047 0.0341650 -0.0084000
v -0.0035197 0.0347362 -0.0084000
v -0.0017748 0.0350830 -0.0084000
v 0.0000000 0.0352000 -0.0084000
v 0.0017748 0.0350830 -0.0084000
v 0.0035197 0.0347362 -0.0084000
v 0.0052047 0.0341650 -0.0084000
v 0.0068000 0.0333776 -0.0084000
v 0.0082797 0.0323902 -0.0084000
v 0.0096166 0.0312166 -0.0084000
v 0.0107902 0.0298797 -0.0084000
v 0.0117776 0.0284000 -0.0084000
v 0.0125650 0.0268047 -0.0084000
v 0.0131362 0.0251197 -0.0084000
v 0.0134830 0.0233748 -0.0084000
v 0.0136000 0.0216000 -0.0060000
v 0.0134830 0.0198252 -0.0060000
v 0.0131362 0.0180803 -0.0060000
v 0.0125650 0.0163953 -0.0060000
v 0.0117776 0.0148000 -0.0060000
v 0.0107902 0.0133203 -0.0060000
v 0.0096166 0.0119834 -0.0060000
v 0.0082797 0.0108098 -0.0060000
v 0.0068000 0.0098224 -0.0060000
v 0.0052047 0.0090350 -0.0060000
v 0.0035197 0.0084638 -0.0060000
v 0.0017748 0.0081170 -0.0060000
v 0.0000000 0.0080000 -0.0060000
v -0.0017748 0.0081170 -0.0060000
v -0.0035197 0.0084638 -0.0060000
v -0.0052047 0.0090350 -0.0060000
v -0.0068000 0.0098224 -0.0060000
v -0.0082797 0.0108098 -0.0060000
v -0.0096166 0.0119834 -0.0060000
v -0.0107902 0.0133203 -0.0060000
v -0.0117776 0.0148000 -0.0060000
v -0.0125650 0.0163953 -0.0060000
v -0.0131362 0.0180803 -0.0060000
v -0.0134830 0.0198252 -0.0060000
v -0.0136000 0.0216000 -0.0060000
v -0.0134830 0.0233748 -0.0060000
v -0.0131362 0.0251197 -0.0060000
v -0.0125650 0.0268047 -0.0060000
v -0.0117776 0.0284000 -0.0060000
v -0.0107902 0.0298797 -0.0060000
v -0.0096166 0.0312166 -0.0060000
v -0.0082797 0.0323902 -0.0060000
v -0.0068000 0.0333776 -0.0060000
v -0.0052047 0.0341650 -0.0060000
v -0.0035197 0.0347362 -0.0060000
v -0.0017748 0.0350830 -0.0060000
v 0.0000000 0.0352000 -0.0060000
v 0.0017748 0.0350830 -0.0060000
v 0.0035197 0.0347362 -0.0060000
v 0.0052047 0.0341650 -0.0060000
v 0.0068000 0.0333776 -0.0060000
v 0.0082797 0.0323902 -0.0060000
v 0.0096166 0.0312166 -0.0060000
v 0.0107902 0.0298797 -0.0060000
v 0.0117776 0.0284000 -0.0060000
v 0.0125650 0.0268047 -0.0060000
v 0.0131362 0.0251197 -0.0060000
v 0.0134830 0.0233748 -0.0060000
v 0.0142762 0.0197208 -0.0060000
v 0.0144000 0.0216000 -0.0060000
v 0.0139090 0.0178733 -0.0060000
v 0.0133042 0.0160891 -0.0060000
v 0.0124704 0.0144000 -0.0060000
v 0.0114250 0.0128333 -0.0060000
v 0.0101822 0.0114178 -0.0060000
v 0.0087667 0.0101750 -0.0060000
v 0.0072000 0.0091296 -0.0060000
v 0.0055109 0.0082958 -0.0060000
v 0.0037267 0.0076910 -0.0060000
v 0.0018792 0.0073238 -0.0060000
v 0.0000000 0.0072000 -0.0060000
v -0.0018792 0.0073238 -0.0060000
v -0.0037267 0.0076910 -0.0060000
v -0.0055109 0.0082958 -0.0060000
v -0.0072000 0.0091296 -0.0060000
v -0.0087667 0.0101750 -0.0060000
v -0.0101822 0.0114178 -0.0060000
v -0.0114250 0.0128333 -0.0060000
v -0.0124704 0.0144000 -0.0060000
v -0.0133042 0.0160891 -0.0060000
v -0.0139090 0.0178733 -0.0060000
v -0.0142762 0.0197208 -0.0060000
v -0.0144000 0.0216000 -0.0060000
v -0.0142762 0.0234792 -0.0060000
v -0.0139090 0.0253267 -0.0060000
v -0.0133042 0.0271109 -0.0060000
v -0.0124704 0.0288000 -0.0060000
v -0.0114250 0.0303667 -0.0060000
v -0.0101822 0.0317822 -0.0060000
v -0.0087667 0.0330250 -0.0060000
v -0.0072000 0.0340704 -0.0060000
v -0.0055109 0.0349042 -0.0060000
v -0.0037267 0.0355090 -0.0060000
v -0.0018792 0.0358762 -0.0060000
v 0.0000000 0.0360000 -0.0060000
v 0.0018792 0.0358762 -0.0060000
v 0.0037267 0.0355090 -0.0060000
v 0.0055109 0.0349042 -0.0060000
v 0.0072000 0.0340704 -0.0060000
v 0.0087667 0.0330250 -0.0060000
v 0.0101822 0.0317822 -0.0060000
v 0.0114250 0.0303667 -0.0060000
v 0.0124704 0.0288000 -0.0060000
v 0.0133042 0.0271109 -0.0060000
v 0.0139090 0.0253267 -0.0060000
v 0.0142762 0.0234792 -0.0060000
v 0.0166555 0.0194076 -0.0060000
v 0.0168000 0.0216000 -0.0060000
v 0.0162271 0.0172522 -0.0060000
v 0.0155215 0.0151706 -0.0060000
v 0.0145488 0.0132000 -0.0060000
v 0.0133291 0.0113722 -0.0060000
v 0.0118793 0.0097207 -0.0060000
v 0.0102278 0.0082709 -0.0060000
v 0.0084000 0.0070512 -0.0060000
v 0.0064294 0.0060785 -0.0060000
v 0.0043478 0.0053729 -0.0060000
v 0.0021924 0.0049445 -0.0060000
v 0.0000000 0.0048000 -0.0060000
v -0.0021924 0.0049445 -0.0060000
v -0.0043478 0.0053729 -0.0060000
v -0.0064294 0.0060785 -0.0060000
v -0.0084000 0.0070512 -0.0060000
v -0.0102278 0.0082709 -0.0060000
v -0.0118793 0.0097207 -0.0060000
v -0.0133291 0.0113722 -0.0060000
v -0.0145488 0.0132000 -0.0060000
v -0.0155215 0.0151706 -0.0060000
v -0.0162271 0.0172522 -0.0060000
v -0.0166555 0.0194076 -0.0060000
v -0.0168000 0.0216000 -0.0060000
v -0.0166555 0.0237924 -0.0060000
v -0.0162271 0.0259478 -0.0060000
v -0.0155215 0.0280294 -0.0060000
v -0.0145488 0.0300000 -0.0060000
v -0.0133291 0.0318278 -0.0060000
v -0.0118793 0.0334793 -0.0060000
v -0.0102278 0.0349291 -0.0060000
v -0.0084000 0.0361488 -0.0060000
v -0.0064294 0.0371215 -0.0060000
v -0.0043478 0.0378271 -0.0060000
v -0.0021924 0.0382555 -0.0060000
v 0.0000000 0.0384000 -0.0060000
v 0.0021924 0.0382555 -0.0060000
v 0.0043478 0.0378271 -0.0060000
v 0.0064294 0.0371215 -0.0060000
v 0.0084000 0.0361488 -0.0060000
v 0.0102278 0.0349291 -0.0060000
v 0.0118793 0.0334793 -0.0060000
v 0.0133291 0.0318278 -0.0060000
v 0.0145488 0.0300000 -0.0060000
v 0.0155215 0.0280294 -0.0060000
v 0.0162271 0.0259478 -0.0060000
v 0.0166555 0.0237924 -0.0060000
v 0.0168000 0.0216000 -0.0092000
v 0.0166555 0.0194076 -0.0092000
v 0.0162271 0.0172522 -0.0092000
v 0.0155215 0.0151706 -0.0092000
v 0.0145488 0.0132000 -0.0092000
v 0.0133291 0.0113722 -0.0092000
v 0.0118793 0.0097207 -0.0092000
v 0.0102278 0.0082709 -0.0092000
v 0.0084000 0.0070512 -0.0092000
v 0.0064294 0.0060785 -0.0092000
v 0.0043478 0.0053729 -0.0092000
v 0.0021924 0.0049445 -0.0092000
v 0.0000000 0.0048000 -0.0092000
v -0.0021924 0.0049445 -0.0092000
v -0.0043478 0.0053729 -0.0092000
v -0.0064294 0.0060785 -0.0092000
v -0.0084000 0.0070512 -0.0092000
v -0.0102278 0.0082709 -0.0092000
v -0.0118793 0.0097207 -0.0092000
v -0.0133291 0.0113722 -0.0092000
v -0.0145488 0.0132000 -0.0092000
v -0.0155215 0.0151706 -0.0092000
v -0.0162271 0.0172522 -0.0092000
v -0.0166555 0.0194076 -0.0092000
v -0.0168000 0.0216000 -0.0092000
v -0.0166555 0.0237924 -0.0092000
v -0.0162271 0.0259478 -0.0092000
v -0.0155215 0.0280294 -0.0092000
v -0.0145488 0.0300000 -0.0092000
v -0.0133291 0.0318278 -0.0092000
v -0.0118793 0.0334793 -0.0092000
v -0.0102278 0.0349291 -0.0092000
v -0.0084000 0.0361488 -0.0092000
v -0.0064294 0.0371215 -0.0092000
v -0.0043478 0.0378271 -0.0092000
v -0.0021924 0.0382555 -0.0092000
v 0.0000000 0.0384000 -0.0092000
v 0.0021924 0.0382555 -0.0092000
v 0.0043478 0.0378271 -0.0092000
v 0.0064294 0.0371215 -0.0092000
v 0.0084000 0.0361488 -0.0092000
v 0.0102278 0.0349291 -0.0092000
v 0.0118793 0.0334793 -0.0092000
v 0.0133291 0.0318278 -0.0092000
v 0.0145488 0.0300000 -0.0092000
v 0.0155215 0.0280294 -0.0092000
v 0.0162271 0.0259478 -0.0092000
v 0.0166555 0.0237924 -0.0092000
v 0.0190349 0.0190944 -0.0092000
v 0.0192000 0.0216000 -0.0092000
v 0.0185453 0.0166310 -0.0092000
v 0.0177389 0.0142522 -0.0092000
v 0.0166272 0.0120000 -0.0092000
v 0.0152333 0.0099110 -0.0092000
v 0.0135763 0.0080237 -0.0092000
v 0.0116890 0.0063667 -0.0092000
v 0.0096000 0.0049728 -0.0092000
v 0.0073478 0.0038611 -0.0092000
v 0.0049690 0.0030547 -0.0092000
v 0.0025056 0.0025651 -0.0092000
v 0.0000000 0.0024000 -0.0092000
v -0.0025056 0.0025651 -0.0092000
v -0.0049690 0.0030547 -0.0092000
v -0.0073478 0.0038611 -0.0092000
v -0.0096000 0.0049728 -0.0092000
v -0.0116890 0.0063667 -0.0092000
v -0.0135763 0.0080237 -0.0092000
v -0.0152333 0.0099110 -0.0092000
v -0.0166272 0.0120000 -0.0092000
v -0.0177389 0.0142522 -0.0092000
v -0.0185453 0.0166310 -0.0092000
v -0.0190349 0.0190944 -0.0092000
v -0.0192000 0.0216000 -0.0092000
v -0.0190349 0.0241056 -0.0092000
v -0.0185453 0.0265690 -0.0092000
v -0.0177389 0.0289478 -0.0092000
v -0.0166272 0.0312000 -0.0092000
v -0.0152333 0.0332890 -0.0092000
v -0.0135763 0.0351763 -0.0092000
v -0.0116890 0.0368333 -0.0092000
v -0.0096000 0.0382272 -0.0092000
v -0.0073478 0.0393389 -0.0092000
v -0.0049690 0.0401453 -0.0092000
v -0.0025056 0.0406349 -0.0092000
v 0.0000000 0.0408000 -0.0092000
v 0.0025056 0.0406349 -0.0092000
v 0.0049690 0.0401453 -0.0092000
v 0.0073478 0.0393389 -0.0092000
v 0.0096000 0.0382272 -0.0092000
v 0.0116890 0.0368333 -0.0092000
v 0.0135763 0.0351763 -0.0092000
v 0.0152333 0.0332890 -0.0092000
v 0.0166272 0.0312000 -0.0092000
v 0.0177389 0.0289478 -0.0092000
v 0.0185453 0.0265690 -0.0092000
v 0.0190349 0.0241056 -0.0092000
v 0.0192000 0.0216000 0.0092000
v 0.0190349 0.0190944 0.0092000
v 0.0185453 0.0166310 0.0092000
v 0.0177389 0.0142522 0.0092000
v 0.0166272 0.0120000 0.0092000
v 0.0152333 0.0099110 0.0092000
v 0.0135763 0.0080237 0.0092000
v 0.0116890 0.0063667 0.0092000
v 0.0096000 0.0049728 0.0092000
v 0.0073478 0.0038611 0.0092000
v 0.0049690 0.0030547 0.0092000
v 0.0025056 0.0025651 0.0092000
v 0.0000000 0.0024000 0.0092000
v -0.0025056 0.0025651 0.0092000
v -0.0049690 0.0030547 0.0092000
v -0.0073478 0.0038611 0.0092000
v -0.0096000 0.0049728 0.0092000
v -0.0116890 0.0063667 0.0092000
v -0.0135763 0.0080237 0.0092000
v -0.0152333 0.0099110 0.0092000
v -0.0166272 0.0120000 0.0092000
v -0.0177389 0.0142522 0.0092000
v -0.0185453 0.0166310 0.0092000
v -0.0190349 0.0190944 0.0092000
v -0.0192000 0.0216000 0.0092000
v -0.0190349 0.0241056 0.0092000
v -0.0185453 0.0265690 0.0092000
v -0.0177389 0.0289478 0.0092000
v -0.0166272 0.0312000 0.0092000
v -0.0152333 0.0332890 0.0092000
v -0.0135763 0.0351763 0.0092000
v -0.0116890 0.0368333 0.0092000
v -0.0096000 0.0382272 0.0092000
v -0.0073478 0.0393389 0.0092000
v -0.0049690 0.0401453 0.0092000
v -0.0025056 0.0406349 0.0092000
v 0.0000000 0.0408000 0.0092000
v 0.0025056 0.0406349 0.0092000
v 0.0049690 0.0401453 0.0092000
v 0.0073478 0.0393389 0.0092000
v 0.0096000 0.0382272 0.0092000
v 0.0116890 0.0368333 0.0092000
v 0.0135763 0.0351763 0.0092000
v 0.0152333 0.0332890 0.0092000
v 0.0166272 0.0312000 0.0092000
v 0.0177389 0.0289478 0.0092000
v 0.0185453 0.0265690 0.0092000
v 0.0190349 0.0241056 0.0092000
v 0.0166555 0.0194076 0.0092000
v 0.0168000 0.0216000 0.0092000
v 0.0162271 0.0172522 0.0092000
v 0.0155215 0.0151706 0.0092000
v 0.0145488 0.0132000 0.0092000
v 0.0133291 0.0113722 0.0092000
v 0.0118793 0.0097207 0.0092000
v 0.0102278 0.0082709 0.0092000
v 0.0084000 0.0070512 0.0092000
v 0.0064294 0.0060785 0.0092000
v 0.0043478 0.0053729 0.0092000
v 0.0021924 0.0049445 0.0092000
v 0.0000000 0.0048000 0.0092000
v -0.0021924 0.0049445 0.0092000
v -0.0043478 0.0053729 0.0092000
v -0.0064294 0.0060785 0.0092000
v -0.0084000 0.0070512 0.0092000
v -0.0102278 0.0082709 0.0092000
v -0.0118793 0.0097207 0.0092000
v -0.0133291 0.0113722 0.0092000
v -0.0145488 0.0132000 0.0092000
v -0.0155215 0.0151706 0.0092000
v -0.0162271 0.0172522 0.0092000
v -0.0166555 0.0194076 0.0092000
v -0.0168000 0.0216000 0.0092000
v -0.0166555 0.0237924 0.0092000
v -0.0162271 0.0259478 0.0092000
v -0.0155215 0.0280294 0.0092000
v -0.0145488 0.0300000 0.0092000
v -0.0133291 0.0318278 0.0092000
v -0.0118793 0.0334793 0.0092000
v -0.0102278 0.0349291 0.0092000
v -0.0084000 0.0361488 0.0092000
v -0.0064294 0.0371215 0.0092000
v -0.0043478 0.0378271 0.0092000
v -0.0021924 0.0382555 0.0092000
v 0.0000000 0.0384000 0.0092000
v 0.0021924 0.0382555 0.0092000
v 0.0043478 0.0378271 0.0092000
v 0.0064294 0.0371215 0.0092000
v 0.0084000 0.0361488 0.0092000
v 0.0102278 0.0349291 0.0092000
v 0.0118793 0.0334793 0.0092000
v 0.0133291 0.0318278 0.0092000
v 0.0145488 0.0300000 0.0092000
v 0.0155215 0.0280294 0.0092000
v 0.0162271 0.0259478 0.0092000
v 0.0166555 0.0237924 0.0092000
v 0.0166555 0.0194076 0.0060000
v 0.0168000 0.0216000 0.0060000
v 0.0162271 0.0172522 0.0060000
v 0.0155215 0.0151706 0.0060000
v 0.0145488 0.0132000 0.0060000
v 0.0133291 0.0113722 0.0060000
v 0.0118793 0.0097207 0.0060000
v 0.0102278 0.0082709 0.0060000
v 0.0084000 0.0070512 0.0060000
v 0.0064294 0.0060785 0.0060000
v 0.0043478 0.0053729 0.0060000
v 0.0021924 0.0049445 0.0060000
v 0.0000000 0.0048000 0.0060000
v -0.0021924 0.0049445 0.0060000
v -0.0043478 0.0053729 0.0060000
v -0.0064294 0.0060785 0.0060000
v -0.0084000 0.0070512 0.0060000
v -0.0102278 0.0082709 0.0060000
v -0.0118793 0.0097207 0.0060000
v -0.0133291 0.0113722 0.0060000
v -0.0145488 0.0132000 0.0060000
v -0.0155215 0.0151706 0.0060000
v -0.0162271 0.0172522 0.0060000
v -0.0166555 0.0194076 0.0060000
v -0.0168000 0.0216000 0.0060000
v -0.0166555 0.0237924 0.0060000
v -0.0162271 0.0259478 0.0060000
v -0.0155215 0.0280294 0.0060000
v -0.0145488 0.0300000 0.0060000
v -0.0133291 0.0318278 0.0060000
v -0.0118793 0.0334793 0.0060000
v -0.0102278 0.0349291 0.0060000
v -0.0084000 0.0361488 0.0060000
v -0.0064294 0.0371215 0.0060000
v -0.0043478 0.0378271 0.0060000
v -0.0021924 0.0382555 0.0060000
v 0.0000000 0.0384000 0.0060000
v 0.0021924 0.0382555 0.0060000
v 0.0043478 0.0378271 0.0060000
v 0.0064294 0.0371215 0.0060000
v 0.0084000 0.0361488 0.0060000
v 0.0102278 0.0349291 0.0060000
v 0.0118793 0.0334793 0.0060000
v 0.0133291 0.0318278 0.0060000
v 0.0145488 0.0300000 0.0060000
v 0.0155215 0.0280294 0.0060000
v 0.0162271 0.0259478 0.0060000
v 0.0166555 0.0237924 0.0060000
v 0.0142762 0.0197208 0.0060000
v 0.0144000 0.0216000 0.0060000
v 0.0139090 0.0178733 0.0060000
v 0.0133042 0.0160891 0.0060000
v 0.0124704 0.0144000 0.0060000
v 0.0114250 0.0128333 0.0060000
v 0.0101822 0.0114178 0.0060000
v 0.0087667 0.0101750 0.0060000
v 0.0072000 0.0091296 0.0060000
v 0.0055109 0.0082958 0.0060000
v 0.0037267 0.0076910 0.0060000
v 0.0018792 0.0073238 0.0060000
v 0.0000000 0.0072000 0.0060000
v -0.0018792 0.0073238 0.0060000
v -0.0037267 0.0076910 0.0060000
v -0.0055109 0.0082958 0.0060000
v -0.0072000 0.0091296 0.0060000
v -0.0087667 0.0101750 0.0060000
v -0.0101822 0.0114178 0.0060000
v -0.0114250 0.0128333 0.0060000
v -0.0124704 0.0144000 0.0060000
v -0.0133042 0.0160891 0.0060000
v -0.0139090 0.0178733 0.0060000
v -0.0142762 0.0197208 0.0060000
v -0.0144000 0.0216000 0.0060000
v -0.0142762 0.0234792 0.0060000
v -0.0139090 0.0253267 0.0060000
v -0.0133042 0.0271109 0.0060000
v -0.0124704 0.0288000 0.0060000
v -0.0114250 0.0303667 0.0060000
v -0.0101822 0.0317822 0.0060000
v -0.0087667 0.0330250 0.0060000
v -0.0072000 0.0340704 0.0060000
v -0.0055109 0.0349042 0.0060000
v -0.0037267 0.0355090 0.0060000
v -0.0018792 0.0358762 0.0060000
v 0.0000000 0.0360000 0.0060000
v 0.0018792 0.0358762 0.0060000
v 0.0037267 0.0355090 0.0060000
v 0.0055109 0.0349042 0.0060000
v 0.0072000 0.0340704 0.0060000
v 0.0087667 0.0330250 0.0060000
v 0.0101822 0.0317822 0.0060000
v 0.0114250 0.0303667 0.0060000
v 0.0124704 0.0288000 0.0060000
v 0.0133042 0.0271109 0.0060000
v 0.0139090 0.0253267 0.0060000
v 0.0142762 0.0234792 0.0060000
v 0.0134830 0.0198252 0.0060000
v 0.0136000 0.0216000 0.0060000
v 0.0131362 0.0180803 0.0060000
v 0.0125650 0.0163953 0.0060000
v 0.0117776 0.0148000 0.0060000
v 0.0107902 0.0133203 0.0060000
v 0.0096166 0.0119834 0.0060000
v 0.0082797 0.0108098 0.0060000
v 0.0068000 0.0098224 0.0060000
v 0.0052047 0.0090350 0.0060000
v 0.0035197 0.0084638 0.0060000
v 0.0017748 0.0081170 0.0060000
v 0.0000000 0.0080000 0.0060000
v -0.0017748 0.0081170 0.0060000
v -0.0035197 0.0084638 0.0060000
v -0.0052047 0.0090350 0.0060000
v -0.0068000 0.0098224 0.0060000
v -0.0082797 0.0108098 0.0060000
v -0.0096166 0.0119834 0.0060000
v -0.0107902 0.0133203 0.0060000
v -0.0117776 0.0148000 0.0060000
v -0.0125650 0.0163953 0.0060000
v -0.0131362 0.0180803 0.0060000
v -0.0134830 0.0198252 0.0060000
v -0.0136000 0.0216000 0.0060000
v -0.0134830 0.0233748 0.0060000
v -0.0131362 0.0251197 0.0060000
v -0.0125650 0.0268047 0.0060000
v -0.0117776 0.0284000 0.0060000
v -0.0107902 0.0298797 0.0060000
v -0.0096166 0.0312166 0.0060000
v -0.0082797 0.0323902 0.0060000
v -0.0068000 0.0333776 0.0060000
v -0.0052047 0.0341650 0.0060000
v -0.0035197 0.0347362 0.0060000
v -0.0017748 0.0350830 0.0060000
v 0.0000000 0.0352000 0.0060000
v 0.0017748 0.0350830 0.0060000
v 0.0035197 0.0347362 0.0060000
v 0.0052047 0.0341650 0.0060000
v 0.0068000 0.0333776 0.0060000
v 0.0082797 0.0323902 0.0060000
v 0.0096166 0.0312166 0.0060000
v 0.0107902 0.0298797 0.0060000
v 0.0117776 0.0284000 0.0060000
v 0.0125650 0.0268047 0.0060000
v 0.0131362 0.0251197 0.0060000
v 0.0134830 0.0233748 0.0060000
v 0.0134830 0.0198252 0.0084000
v 0.0136000 0.0216000 0.0084000
v 0.0131362 0.0180803 0.0084000
v 0.0125650 0.0163953 0.0084000
v 0.0117776 0.0148000 0.0084000
v 0.0107902 0.0133203 0.0084000
v 0.0096166 0.0119834 0.0084000
v 0.0082797 0.0108098 0.0084000
v 0.0068000 0.0098224 0.0084000
v 0.0052047 0.0090350 0.0084000
v 0.0035197 0.0084638 0.0084000
v 0.0017748 0.0081170 0.0084000
v 0.0000000 0.0080000 0.0084000
v -0.0017748 0.0081170 0.0084000
v -0.0035197 0.0084638 0.0084000
v -0.0052047 0.0090350 0.0084000
v -0.0068000 0.0098224 0.0084000
v -0.0082797 0.0108098 0.0084000
v -0.0096166 0.0119834 0.0084000
v -0.0107902 0.0133203 0.0084000
v -0.0117776 0.0148000 0.0084000
v -0.0125650 0.0163953 0.0084000
v -0.0131362 0.0180803 0.0084000
v -0.0134830 0.0198252 0.0084000
v -0.0136000 0.0216000 0.0084000
v -0.0134830 0.0233748 0.0084000
v -0.0131362 0.0251197 0.0084000
v -0.0125650 0.0268047 0.0084000
v -0.0117776 0.0284000 0.0084000
v -0.0107902 0.0298797 0.0084000
v -0.0096166 0.0312166 0.0084000
v -0.0082797 0.0323902 0.0084000
v -0.0068000 0.0333776 0.0084000
v -0.0052047 0.0341650 0.0084000
v -0.0035197 0.0347362 0.0084000
v -0.0017748 0.0350830 0.0084000
v 0.0000000 0.0352000 0.0084000
v 0.0017748 0.0350830 0.0084000
v 0.0035197 0.0347362 0.0084000
v 0.0052047 0.0341650 0.0084000
v 0.0068000 0.0333776 0.0084000
v 0.0082797 0.0323902 0.0084000
v 0.0096166 0.0312166 0.0084000
v 0.0107902 0.0298797 0.0084000
v 0.0117776 0.0284000 0.0084000
v 0.0125650 0.0268047 0.0084000
v 0.0131362 0.0251197 0.0084000
v 0.0134830 0.0233748 0.0084000
v 0.0142762 0.0197208 0.0084000
v 0.0144000 0.0216000 0.0084000
v 0.0139090 0.0178733 0.0084000
v 0.0133042 0.0160891 0.0084000
v 0.0124704 0.0144000 0.0084000
v 0.0114250 0.0128333 0.0084000
v 0.0101822 0.0114178 0.0084000
v 0.0087667 0.0101750 0.0084000
v 0.0072000 0.0091296 0.0084000
v 0.0055109 0.0082958 0.0084000
v 0.0037267 0.0076910 0.0084000
v 0.0018792 0.0073238 0.0084000
v 0.0000000 0.0072000 0.0084000
v -0.0018792 0.0073238 0.0084000
v -0.0037267 0.0076910 0.0084000
v -0.0055109 0.0082958 0.0084000
v -0.0072000 0.0091296 0.0084000
v -0.0087667 0.0101750 0.0084000
v -0.0101822 0.0114178 0.0084000
v -0.0114250 0.0128333 0.0084000
v -0.0124704 0.0144000 0.0084000
v -0.0133042 0.0160891 0.0084000
v -0.0139090 0.0178733 0.0084000
v -0.0142762 0.0197208 0.0084000
v -0.0144000 0.0216000 0.0084000
v -0.0142762 0.0234792 0.0084000
v -0.0139090 0.0253267 0.0084000
v -0.0133042 0.0271109 0.0084000
v -0.0124704 0.0288000 0.0084000
v -0.0114250 0.0303667 0.0084000
v -0.0101822 0.0317822 0.0084000
v -0.0087667 0.0330250 0.0084000
v -0.0072000 0.0340704 0.0084000
v -0.0055109 0.0349042 0.0084000
v -0.0037267 0.0355090 0.0084000
v -0.0018792 0.0358762 0.0084000
v 0.0000000 0.0360000 0.0084000
v 0.0018792 0.0358762 0.0084000
v 0.0037267 0.0355090 0.0084000
v 0.0055109 0.0349042 0.0084000
v 0.0072000 0.0340704 0.0084000
v 0.0087667 0.0330250 0.0084000
v 0.0101822 0.0317822 0.0084000
v 0.0114250 0.0303667 0.0084000
v 0.0124704 0.0288000 0.0084000
v 0.0133042 0.0271109 0.0084000
v 0.0139090 0.0253267 0.0084000
v 0.0142762 0.0234792 0.0084000
v 0.0150693 0.0196164 0.0084000
v 0.0152000 0.0216000 0.0084000
v 0.0146817 0.0176662 0.0084000
v 0.0140433 0.0157830 0.0084000
v 0.0131632 0.0140000 0.0084000
v 0.0120597 0.0123462 0.0084000
v 0.0107479 0.0108521 0.0084000
v 0.0092538 0.0095403 0.0084000
v 0.0076000 0.0084368 0.0084000
v 0.0058170 0.0075567 0.0084000
v 0.0039338 0.0069183 0.0084000
v 0.0019836 0.0065307 0.0084000
v 0.0000000 0.0064000 0.0084000
v -0.0019836 0.0065307 0.0084000
v -0.0039338 0.0069183 0.0084000
v -0.0058170 0.0075567 0.0084000
v -0.0076000 0.0084368 0.0084000
v -0.0092538 0.0095403 0.0084000
v -0.0107479 0.0108521 0.0084000
v -0.0120597 0.0123462 0.0084000
v -0.0131632 0.0140000 0.0084000
v -0.0140433 0.0157830 0.0084000
v -0.0146817 0.0176662 0.0084000
v -0.0150693 0.0196164 0.0084000
v -0.0152000 0.0216000 0.0084000
v -0.0150693 0.0235836 0.0084000
v -0.0146817 0.0255338 0.0084000
v -0.0140433 0.0274170 0.0084000
v -0.0131632 0.0292000 0.0084000
v -0.0120597 0.0308538 0.0084000
v -0.0107479 0.0323479 0.0084000
v -0.0092538 0.0336597 0.0084000
v -0.0076000 0.0347632 0.0084000
v -0.0058170 0.0356433 0.0084000
v -0.0039338 0.0362817 0.0084000
v -0.0019836 0.0366693 0.0084000
v 0.0000000 0.0368000 0.0084000
v 0.0019836 0.0366693 0.0084000
v 0.0039338 0.0362817 0.0084000
v 0.0058170 0.0356433 0.0084000
v 0.0076000 0.0347632 0.0084000
v 0.0092538 0.0336597 0.0084000
v 0.0107479 0.0323479 0.0084000
v 0.0120597 0.0308538 0.0084000
v 0.0131632 0.0292000 0.0084000
v 0.0140433 0.0274170 0.0084000
v 0.0146817 0.0255338 0.0084000
v 0.0150693 0.0235836 0.0084000
v 0.0150693 0.0196164 0.0104000
v 0.0152000 0.0216000 0.0104000
v 0.0146817 0.0176662 0.0104000
v 0.0140433 0.0157830 0.0104000
v 0.0131632 0.0140000 0.0104000
v 0.0120597 0.0123462 0.0104000
v 0.0107479 0.0108521 0.0104000
v 0.0092538 0.0095403 0.0104000
v 0.0076000 0.0084368 0.0104000
v 0.0058170 0.0075567 0.0104000
v 0.0039338 0.0069183 0.0104000
v 0.0019836 0.0065307 0.0104000
v 0.0000000 0.0064000 0.0104000
v -0.0019836 0.0065307 0.0104000
v -0.0039338 0.0069183 0.0104000
v -0.0058170 0.0075567 0.0104000
v -0.0076000 0.0084368 0.0104000
v -0.0092538 0.0095403 0.0104000
v -0.0107479 0.0108521 0.0104000
v -0.0120597 0.0123462 0.0104000
v -0.0131632 0.0140000 0.0104000
v -0.0140433 0.0157830 0.0104000
v -0.0146817 0.0176662 0.0104000
v -0.0150693 0.0196164 0.0104000
v -0.0152000 0.0216000 0.0104000
v -0.0150693 0.0235836 0.0104000
v -0.0146817 0.0255338 0.0104000
v -0.0140433 0.0274170 0.0104000
v -0.0131632 0.0292000 0.0104000
v -0.0120597 0.0308538 0.0104000
v -0.0107479 0.0323479 0.0104000
v -0.0092538 0.0336597 0.0104000
v -0.0076000 0.0347632 0.0104000
v -0.0058170 0.0356433 0.0104000
v -0.0039338 0.0362817 0.0104000
v -0.0019836 0.0366693 0.0104000
v 0.0000000 0.0368000 0.0104000
v 0.0019836 0.0366693 0.0104000
v 0.0039338 0.0362817 0.0104000
v 0.0058170 0.0356433 0.0104000
v 0.0076000 0.0347632 0.0104000
v 0.0092538 0.0336597 0.0104000
v 0.0107479 0.0323479 0.0104000
v 0.0120597 0.0308538 0.0104000
v 0.0131632 0.0292000 0.0104000
v 0.0140433 0.0274170 0.0104000
v 0.0146817 0.0255338 0.0104000
v 0.0150693 0.0235836 0.0104000
v 0.0167200 0.0216000 0.0106533
v 0.0165762 0.0194180 0.0106533
v 0.0161498 0.0172729 0.0106533
v 0.0154476 0.0152013 0.0106533
v 0.0144795 0.0132400 0.0106533
v 0.0132656 0.0114209 0.0106533
v 0.0118227 0.0097773 0.0106533
v 0.0101791 0.0083344 0.0106533
v 0.0083600 0.0071205 0.0106533
v 0.0063987 0.0061524 0.0106533
v 0.0043271 0.0054502 0.0106533
v 0.0021820 0.0050238 0.0106533
v 0.0000000 0.0048800 0.0106533
v -0.0021820 0.0050238 0.0106533
v -0.0043271 0.0054502 0.0106533
v -0.0063987 0.0061524 0.0106533
v -0.0083600 0.0071205 0.0106533
v -0.0101791 0.0083344 0.0106533
v -0.0118227 0.0097773 0.0106533
v -0.0132656 0.0114209 0.0106533
v -0.0144795 0.0132400 0.0106533
v -0.0154476 0.0152013 0.0106533
v -0.0161498 0.0172729 0.0106533
v -0.0165762 0.0194180 0.0106533
v -0.0167200 0.0216000 0.0106533
v -0.0165762 0.0237820 0.0106533
v -0.0161498 0.0259271 0.0106533
v -0.0154476 0.0279987 0.0106533
v -0.0144795 0.0299600 0.0106533
v -0.0132656 0.0317791 0.0106533
v -0.0118227 0.0334227 0.0106533
v -0.0101791 0.0348656 0.0106533
v -0.0083600 0.0360795 0.0106533
v -0.0063987 0.0370476 0.0106533
v -0.0043271 0.0377498 0.0106533
v -0.0021820 0.0381762 0.0106533
v 0.0000000 0.0383200 0.0106533
v 0.0021820 0.0381762 0.0106533
v 0.0043271 0.0377498 0.0106533
v 0.0063987 0.0370476 0.0106533
v 0.0083600 0.0360795 0.0106533
v 0.0101791 0.0348656 0.0106533
v 0.0118227 0.0334227 0.0106533
v 0.0132656 0.0317791 0.0106533
v 0.0144795 0.0299600 0.0106533
v 0.0154476 0.0279987 0.0106533
v 0.0161498 0.0259271 0.0106533
v 0.0165762 0.0237820 0.0106533
v 0.0216000 0.0216000 -0.0024000
v 0.0214142 0.0187812 -0.0024000
v 0.0208634 0.0160099 -0.0024000
v 0.0199562 0.0133337 -0.0024000
v 0.0187056 0.0108000 -0.0024000
v 0.0171374 0.0084499 -0.0024000
v 0.0152734 0.0063266 -0.0024000
v 0.0131501 0.0044626 -0.0024000
v 0.0108000 0.0028944 -0.0024000
v 0.0082663 0.0016438 -0.0024000
v 0.0055901 0.0007366 -0.0024000
v 0.0028188 0.0001858 -0.0024000
v 0.0000000 0.0000000 -0.0024000
v -0.0028188 0.0001858 -0.0024000
v -0.0055901 0.0007366 -0.0024000
v -0.0082663 0.0016438 -0.0024000
v -0.0108000 0.0028944 -0.0024000
v -0.0131501 0.0044626 -0.0024000
v -0.0152734 0.0063266 -0.0024000
v -0.0171374 0.0084499 -0.0024000
v -0.0187056 0.0108000 -0.0024000
v -0.0199562 0.0133337 -0.0024000
v -0.0208634 0.0160099 -0.0024000
v -0.0214142 0.0187812 -0.0024000
v -0.0216000 0.0216000 -0.0024000
v -0.0214142 0.0244188 -0.0024000
v -0.0208634 0.0271901 -0.0024000
v -0.0199562 0.0298663 -0.0024000
v -0.0187056 0.0324000 -0.0024000
v -0.0171374 0.0347501 -0.0024000
v -0.0152734 0.0368734 -0.0024000
v -0.0131501 0.0387374 -0.0024000
v -0.0108000 0.0403056 -0.0024000
v -0.0082663 0.0415562 -0.0024000
v -0.0055901 0.0424634 -0.0024000
v -0.0028188 0.0430142 -0.0024000
v 0.0000000 0.0432000 -0.0024000
v 0.0028188 0.0430142 -0.0024000
v 0.0055901 0.0424634 -0.0024000
v 0.0082663 0.0415562 -0.0024000
v 0.0108000 0.0403056 -0.0024000
v 0.0131501 0.0387374 -0.0024000
v 0.0152734 0.0368734 -0.0024000
v 0.0171374 0.0347501 -0.0024000
v 0.0187056 0.0324000 -0.0024000
v 0.0199562 0.0298663 -0.0024000
v 0.0208634 0.0271901 -0.0024000
v 0.0214142 0.0244188 -0.0024000
v 0.0206211 0.0188856 -0.0024000
v 0.0208000 0.0216000 -0.0024000
v 0.0200907 0.0162170 -0.0024000
v 0.0192171 0.0136398 -0.0024000
v 0.0180128 0.0112000 -0.0024000
v 0.0165027 0.0089370 -0.0024000
v 0.0147077 0.0068923 -0.0024000
v 0.0126630 0.0050973 -0.0024000
v 0.0104000 0.0035872 -0.0024000
v 0.0079602 0.0023829 -0.0024000
v 0.0053830 0.0015093 -0.0024000
v 0.0027144 0.0009789 -0.0024000
v 0.0000000 0.0008000 -0.0024000
v -0.0027144 0.0009789 -0.0024000
v -0.0053830 0.0015093 -0.0024000
v -0.0079602 0.0023829 -0.0024000
v -0.0104000 0.0035872 -0.0024000
v -0.0126630 0.0050973 -0.0024000
v -0.0147077 0.0068923 -0.0024000
v -0.0165027 0.0089370 -0.0024000
v -0.0180128 0.0112000 -0.0024000
v -0.0192171 0.0136398 -0.0024000
v -0.0200907 0.0162170 -0.0024000
v -0.0206211 0.0188856 -0.0024000
v -0.0208000 0.0216000 -0.0024000
v -0.0206211 0.0243144 -0.0024000
v -0.0200907 0.0269830 -0.0024000
v -0.0192171 0.0295602 -0.0024000
v -0.0180128 0.0320000 -0.0024000
v -0.0165027 0.0342630 -0.0024000
v -0.0147077 0.0363077 -0.0024000
v -0.0126630 0.0381027 -0.0024000
v -0.0104000 0.0396128 -0.0024000
v -0.0079602 0.0408171 -0.0024000
v -0.0053830 0.0416907 -0.0024000
v -0.0027144 0.0422211 -0.0024000
v 0.0000000 0.0424000 -0.0024000
v 0.0027144 0.0422211 -0.0024000
v 0.0053830 0.0416907 -0.0024000
v 0.0079602 0.0408171 -0.0024000
v 0.0104000 0.0396128 -0.0024000
v 0.0126630 0.0381027 -0.0024000
v 0.0147077 0.0363077 -0.0024000
v 0.0165027 0.0342630 -0.0024000
v 0.0180128 0.0320000 -0.0024000
v 0.0192171 0.0295602 -0.0024000
v 0.0200907 0.0269830 -0.0024000
v 0.0206211 0.0243144 -0.0024000
v 0.0208000 0.0216000 -0.0016000
v 0.0206211 0.0188856 -0.0016000
v 0.0200907 0.0162170 -0.0016000
v 0.0192171 0.0136398 -0.0016000
v 0.0180128 0.0112000 -0.0016000
v 0.0165027 0.0089370 -0.0016000
v 0.0147077 0.0068923 -0.0016000
v 0.0126630 0.0050973 -0.0016000
v 0.0104000 0.0035872 -0.0016000
v 0.0079602 0.0023829 -0.0016000
v 0.0053830 0.0015093 -0.0016000
v 0.0027144 0.0009789 -0.0016000
v 0.0000000 0.0008000 -0.0016000
v -0.0027144 0.0009789 -0.0016000
v -0.0053830 0.0015093 -0.0016000
v -0.0079602 0.0023829 -0.0016000
v -0.0104000 0.0035872 -0.0016000
v -0.0126630 0.0050973 -0.0016000
v -0.0147077 0.0068923 -0.0016000
v -0.0165027 0.0089370 -0.0016000
v -0.0180128 0.0112000 -0.0016000
v -0.0192171 0.0136398 -0.0016000
v -0.0200907 0.0162170 -0.0016000
v -0.0206211 0.0188856 -0.0016000
v -0.0208000 0.0216000 -0.0016000
v -0.0206211 0.0243144 -0.0016000
v -0.0200907 0.0269830 -0.0016000
v -0.0192171 0.0295602 -0.0016000
v -0.0180128 0.0320000 -0.0016000
v -0.0165027 0.0342630 -0.0016000
v -0.0147077 0.0363077 -0.0016000
v -0.0126630 0.0381027 -0.0016000
v -0.0104000 0.0396128 -0.0016000
v -0.0079602 0.0408171 -0.0016000
v -0.0053830 0.0416907 -0.0016000
v -0.0027144 0.0422211 -0.0016000
v 0.0000000 0.0424000 -0.0016000
v 0.0027144 0.0422211 -0.0016000
v 0.0053830 0.0416907 -0.0016000
v 0.0079602 0.0408171 -0.0016000
v 0.0104000 0.0396128 -0.0016000
v 0.0126630 0.0381027 -0.0016000
v 0.0147077 0.0363077 -0.0016000
v 0.0165027 0.0342630 -0.0016000
v 0.0180128 0.0320000 -0.0016000
v 0.0192171 0.0295602 -0.0016000
v 0.0200907 0.0269830 -0.0016000
v 0.0206211 0.0243144 -0.0016000
v 0.0216000 0.0216000 -0.0016000
v 0.0214142 0.0187812 -0.0016000
v 0.0208634 0.0160099 -0.0016000
v 0.0199562 0.0133337 -0.0016000
v 0.0187056 0.0108000 -0.0016000
v 0.0171374 0.0084499 -0.0016000
v 0.0152734 0.0063266 -0.0016000
v 0.0131501 0.0044626 -0.0016000
v 0.0108000 0.0028944 -0.0016000
v 0.0082663 0.0016438 -0.0016000
v 0.0055901 0.0007366 -0.0016000
v 0.0028188 0.0001858 -0.0016000
v 0.0000000 0.0000000 -0.0016000
v -0.0028188 0.0001858 -0.0016000
v -0.0055901 0.0007366 -0.0016000
v -0.0082663 0.0016438 -0.0016000
v -0.0108000 0.0028944 -0.0016000
v -0.0131501 0.0044626 -0.0016000
v -0.0152734 0.0063266 -0.0016000
v -0.0171374 0.0084499 -0.0016000
v -0.0187056 0.0108000 -0.0016000
v -0.0199562 0.0133337 -0.0016000
v -0.0208634 0.0160099 -0.0016000
v -0.0214142 0.0187812 -0.0016000
v -0.0216000 0.0216000 -0.0016000
v -0.0214142 0.0244188 -0.0016000
v -0.0208634 0.0271901 -0.0016000
v -0.0199562 0.0298663 -0.0016000
v -0.0187056 0.0324000 -0.0016000
v -0.0171374 0.0347501 -0.0016000
v -0.0152734 0.0368734 -0.0016000
v -0.0131501 0.0387374 -0.0016000
v -0.0108000 0.0403056 -0.0016000
v -0.0082663 0.0415562 -0.0016000
v -0.0055901 0.0424634 -0.0016000
v -0.0028188 0.0430142 -0.0016000
v 0.0000000 0.0432000 -0.0016000
v 0.0028188 0.0430142 -0.0016000
v 0.0055901 0.0424634 -0.0016000
v 0.0082663 0.0415562 -0.0016000
v 0.0108000 0.0403056 -0.0016000
v 0.0131501 0.0387374 -0.0016000
v 0.0152734 0.0368734 -0.0016000
v 0.0171374 0.0347501 -0.0016000
v 0.0187056 0.0324000 -0.0016000
v 0.0199562 0.0298663 -0.0016000
v 0.0208634 0.0271901 -0.0016000
v 0.0214142 0.0244188 -0.0016000
v 0.0216000 0.0216000 0.0016000
v 0.0214142 0.0187812 0.0016000
v 0.0208634 0.0160099 0.0016000
v 0.0199562 0.0133337 0.0016000
v 0.0187056 0.0108000 0.0016000
v 0.0171374 0.0084499 0.0016000
v 0.0152734 0.0063266 0.0016000
v 0.0131501 0.0044626 0.0016000
v 0.0108000 0.0028944 0.0016000
v 0.0082663 0.0016438 0.0016000
v 0.0055901 0.0007366 0.0016000
v 0.0028188 0.0001858 0.0016000
v 0.0000000 0.0000000 0.0016000
v -0.0028188 0.0001858 0.0016000
v -0.0055901 0.0007366 0.0016000
v -0.0082663 0.0016438 0.0016000
v -0.0108000 0.0028944 0.0016000
v -0.0131501 0.0044626 0.0016000
v -0.0152734 0.0063266 0.0016000
v -0.0171374 0.0084499 0.0016000
v -0.0187056 0.0108000 0.0016000
v -0.0199562 0.0133337 0.0016000
v -0.0208634 0.0160099 0.0016000
v -0.0214142 0.0187812 0.0016000
v -0.0216000 0.0216000 0.0016000
v -0.0214142 0.0244188 0.0016000
v -0.0208634 0.0271901 0.0016000
v -0.0199562 0.0298663 0.0016000
v -0.0187056 0.0324000 0.0016000
v -0.0171374 0.0347501 0.0016000
v -0.0152734 0.0368734 0.0016000
v -0.0131501 0.0387374 0.0016000
v -0.0108000 0.0403056 0.0016000
v -0.0082663 0.0415562 0.0016000
v -0.0055901 0.0424634 0.0016000
v -0.0028188 0.0430142 0.0016000
v 0.0000000 0.0432000 0.0016000
v 0.0028188 0.0430142 0.0016000
v 0.0055901 0.0424634 0.0016000
v 0.0082663 0.0415562 0.0016000
v 0.0108000 0.0403056 0.0016000
v 0.0131501 0.0387374 0.0016000
v 0.0152734 0.0368734 0.0016000
v 0.0171374 0.0347501 0.0016000
v 0.0187056 0.0324000 0.0016000
v 0.0199562 0.0298663 0.0016000
v 0.0208634 0.0271901 0.0016000
v 0.0214142 0.0244188 0.0016000
v 0.0206211 0.0188856 0.0016000
v 0.0208000 0.0216000 0.0016000
v 0.0200907 0.0162170 0.0016000
v 0.0192171 0.0136398 0.0016000
v 0.0180128 0.0112000 0.0016000
v 0.0165027 0.0089370 0.0016000
v 0.0147077 0.0068923 0.0016000
v 0.0126630 0.0050973 0.0016000
v 0.0104000 0.0035872 0.0016000
v 0.0079602 0.0023829 0.0016000
v 0.0053830 0.0015093 0.0016000
v 0.0027144 0.0009789 0.0016000
v 0.0000000 0.0008000 0.0016000
v -0.0027144 0.0009789 0.0016000
v -0.0053830 0.0015093 0.0016000
v -0.0079602 0.0023829 0.0016000
v -0.0104000 0.0035872 0.0016000
v -0.0126630 0.0050973 0.0016000
v -0.0147077 0.0068923 0.0016000
v -0.0165027 0.0089370 0.0016000
v -0.0180128 0.0112000 0.0016000
v -0.0192171 0.0136398 0.0016000
v -0.0200907 0.0162170 0.0016000
v -0.0206211 0.0188856 0.0016000
v -0.0208000 0.0216000 0.0016000
v -0.0206211 0.0243144 0.0016000
v -0.0200907 0.0269830 0.0016000
v -0.0192171 0.0295602 0.0016000
v -0.0180128 0.0320000 0.0016000
v -0.0165027 0.0342630 0.0016000
v -0.0147077 0.0363077 0.0016000
v -0.0126630 0.0381027 0.0016000
v -0.0104000 0.0396128 0.0016000
v -0.0079602 0.0408171 0.0016000
v -0.0053830 0.0416907 0.0016000
v -0.0027144 0.0422211 0.0016000
v 0.0000000 0.0424000 0.0016000
v 0.0027144 0.0422211 0.0016000
v 0.0053830 0.0416907 0.0016000
v 0.0079602 0.0408171 0.0016000
v 0.0104000 0.0396128 0.0016000
v 0.0126630 0.0381027 0.0016000
v 0.0147077 0.0363077 0.0016000
v 0.0165027 0.0342630 0.0016000
v 0.0180128 0.0320000 0.0016000
v 0.0192171 0.0295602 0.0016000
v 0.0200907 0.0269830 0.0016000
v 0.0206211 0.0243144 0.0016000
v 0.0208000 0.0216000 0.0024000
v 0.0206211 0.0188856 0.0024000
v 0.0200907 0.0162170 0.0024000
v 0.0192171 0.0136398 0.0024000
v 0.0180128 0.0112000 0.0024000
v 0.0165027 0.0089370 0.0024000
v 0.0147077 0.0068923 0.0024000
v 0.0126630 0.0050973 0.0024000
v 0.0104000 0.0035872 0.0024000
v 0.0079602 0.0023829 0.0024000
v 0.0053830 0.0015093 0.0024000
v 0.0027144 0.0009789 0.0024000
v 0.0000000 0.0008000 0.0024000
v -0.0027144 0.0009789 0.0024000
v -0.0053830 0.0015093 0.0024000
v -0.0079602 0.0023829 0.0024000
v -0.0104000 0.0035872 0.0024000
v -0.0126630 0.0050973 0.0024000
v -0.0147077 0.0068923 0.0024000
v -0.0165027 0.0089370 0.0024000
v -0.0180128 0.0112000 0.0024000
v -0.0192171 0.0136398 0.0024000
v -0.0200907 0.0162170 0.0024000
v -0.0206211 0.0188856 0.0024000
v -0.0208000 0.0216000 0.0024000
v -0.0206211 0.0243144 0.0024000
v -0.0200907 0.0269830 0.0024000
v -0.0192171 0.0295602 0.0024000
v -0.0180128 0.0320000 0.0024000
v -0.0165027 0.0342630 0.0024000
v -0.0147077 0.0363077 0.0024000
v -0.0126630 0.0381027 0.0024000
v -0.0104000 0.0396128 0.0024000
v -0.0079602 0.0408171 0.0024000
v -0.0053830 0.0416907 0.0024000
v -0.0027144 0.0422211 0.0024000
v 0.0000000 0.0424000 0.0024000
v 0.0027144 0.0422211 0.0024000
v 0.0053830 0.0416907 0.0024000
v 0.0079602 0.0408171 0.0024000
v 0.0104000 0.0396128 0.0024000
v 0.0126630 0.0381027 0.0024000
v 0.0147077 0.0363077 0.0024000
v 0.0165027 0.0342630 0.0024000
v 0.0180128 0.0320000 0.0024000
v 0.0192171 0.0295602 0.0024000
v 0.0200907 0.0269830 0.0024000
v 0.0206211 0.0243144 0.0024000
v 0.0216000 0.0216000 0.0024000
v 0.0214142 0.0187812 0.0024000
v 0.0208634 0.0160099 0.0024000
v 0.0199562 0.0133337 0.0024000
v 0.0187056 0.0108000 0.0024000
v 0.0171374 0.0084499 0.0024000
v 0.0152734 0.0063266 0.0024000
v 0.0131501 0.0044626 0.0024000
v 0.0108000 0.0028944 0.0024000
v 0.0082663 0.0016438 0.0024000
v 0.0055901 0.0007366 0.0024000
v 0.0028188 0.0001858 0.0024000
v 0.0000000 0.0000000 0.0024000
v -0.0028188 0.0001858 0.0024000
v -0.0055901 0.0007366 0.0024000
v -0.0082663 0.0016438 0.0024000
v -0.0108000 0.0028944 0.0024000
v -0.0131501 0.0044626 0.0024000
v -0.0152734 0.0063266 0.0024000
v -0.0171374 0.0084499 0.0024000
v -0.0187056 0.0108000 0.0024000
v -0.0199562 0.0133337 0.0024000
v -0.0208634 0.0160099 0.0024000
v -0.0214142 0.0187812 0.0024000
v -0.0216000 0.0216000 0.0024000
v -0.0214142 0.0244188 0.0024000
v -0.0208634 0.0271901 0.0024000
v -0.0199562 0.0298663 0.0024000
v -0.0187056 0.0324000 0.0024000
v -0.0171374 0.0347501 0.0024000
v -0.0152734 0.0368734 0.0024000
v -0.0131501 0.0387374 0.0024000
v -0.0108000 0.0403056 0.0024000
v -0.0082663 0.0415562 0.0024000
v -0.0055901 0.0424634 0.0024000
v -0.0028188 0.0430142 0.0024000
v 0.0000000 0.0432000 0.0024000
v 0.0028188 0.0430142 0.0024000
v 0.0055901 0.0424634 0.0024000
v 0.0082663 0.0415562 0.0024000
v 0.0108000 0.0403056 0.0024000
v 0.0131501 0.0387374 0.0024000
v 0.0152734 0.0368734 0.0024000
v 0.0171374 0.0347501 0.0024000
v 0.0187056 0.0324000 0.0024000
v 0.0199562 0.0298663 0.0024000
v 0.0208634 0.0271901 0.0024000
v 0.0214142 0.0244188 0.0024000
f 1 2 3
f 1 3 4
f 5 1 6
f 5 6 7
f 8 9 10
f 10 9 11
f 12 11 9
f 12 13 14
f 14 13 15
f 16 15 13
f 17 18 19
f 20 17 19
f 21 22 23
f 24 21 23
f 25 26 27
f 28 25 27
f 28 27 21
f 19 28 21
f 29 30 24
f 31 29 24
f 32 29 31
f 33 32 31
f 34 32 33
f 20 34 33
f 35 23 22
f 26 35 22
f 36 35 26
f 25 36 26
f 17 36 25
f 18 17 25
f 20 33 36
f 17 20 36
f 25 28 19
f 18 25 19
f 21 27 26
f 22 21 26
f 35 31 24
f 23 35 24
f 31 35 36
f 33 31 36
f 2 1 29
f 32 2 29
f 8 34 20
f 9 8 20
f 19 9 20
f 21 9 19
f 24 9 21
f 24 30 37
f 9 24 37
f 38 39 40
f 38 40 41
f 42 43 44
f 42 44 37
f 45 46 47
f 45 47 48
f 44 45 49
f 44 49 50
f 37 30 29
f 51 37 29
f 51 29 52
f 53 51 52
f 53 52 54
f 41 53 54
f 43 42 55
f 46 43 55
f 46 55 56
f 47 46 56
f 47 56 40
f 39 47 40
f 56 53 41
f 40 56 41
f 50 49 47
f 39 50 47
f 46 45 44
f 43 46 44
f 37 51 55
f 42 37 55
f 56 55 51
f 53 56 51
f 52 29 1
f 41 54 57
f 13 41 57
f 50 41 13
f 12 50 13
f 44 50 12
f 44 12 9
f 37 44 9
f 58 59 60
f 57 58 60
f 61 62 63
f 64 61 63
f 65 66 67
f 68 65 67
f 69 67 61
f 70 69 61
f 71 72 64
f 73 71 64
f 52 71 73
f 74 52 73
f 54 52 74
f 57 54 74
f 75 63 62
f 66 75 62
f 76 75 66
f 65 76 66
f 58 76 65
f 59 58 65
f 57 74 76
f 58 57 76
f 65 68 60
f 59 65 60
f 61 67 66
f 62 61 66
f 75 73 64
f 63 75 64
f 73 75 76
f 74 73 76
f 1 5 71
f 52 1 71
f 60 13 57
f 61 13 60
f 64 13 61
f 64 72 16
f 13 64 16
f 77 78 79
f 80 77 79
f 81 79 5
f 82 81 5
f 83 84 85
f 86 84 83
f 84 86 87
f 88 89 87
f 90 89 88
f 89 90 16
f 91 92 93
f 91 93 94
f 95 96 97
f 95 97 98
f 99 100 101
f 99 101 102
f 97 99 102
f 97 102 91
f 98 103 104
f 98 104 105
f 105 104 106
f 105 106 107
f 107 106 108
f 107 108 94
f 96 95 109
f 96 109 100
f 100 109 110
f 100 110 101
f 101 110 93
f 101 93 92
f 110 107 94
f 110 94 93
f 91 102 101
f 91 101 92
f 100 99 97
f 100 97 96
f 98 105 109
f 98 109 95
f 110 109 105
f 110 105 107
f 104 79 78
f 104 78 106
f 94 108 85
f 94 85 84
f 94 84 91
f 91 84 97
f 97 84 98
f 111 103 98
f 111 98 84
f 112 113 114
f 115 112 114
f 116 117 118
f 111 116 118
f 119 120 121
f 122 119 121
f 123 121 116
f 124 123 116
f 104 103 111
f 104 111 125
f 126 104 125
f 126 125 127
f 128 126 127
f 128 127 115
f 129 118 117
f 129 117 120
f 130 129 120
f 130 120 119
f 112 130 119
f 112 119 113
f 115 127 130
f 115 130 112
f 119 123 124
f 119 124 113
f 116 121 120
f 116 120 117
f 129 125 111
f 129 111 118
f 125 129 130
f 125 130 127
f 79 104 126
f 131 128 115
f 131 115 89
f 89 115 124
f 89 124 87
f 87 124 116
f 84 87 116
f 84 116 111
f 132 133 134
f 132 134 131
f 135 136 137
f 135 137 138
f 139 140 141
f 139 141 142
f 137 139 143
f 137 143 144
f 138 72 71
f 138 71 145
f 145 71 126
f 145 126 146
f 146 126 128
f 146 128 131
f 136 135 147
f 136 147 140
f 140 147 148
f 140 148 141
f 141 148 134
f 141 134 133
f 148 146 131
f 148 131 134
f 132 142 141
f 132 141 133
f 140 139 137
f 140 137 136
f 138 145 147
f 138 147 135
f 148 147 145
f 148 145 146
f 71 5 79
f 71 79 126
f 131 89 132
f 132 89 137
f 137 89 138
f 16 72 138
f 16 138 89
f 149 78 150
f 149 150 151
f 152 149 153
f 152 153 154
f 85 155 156
f 156 155 157
f 158 157 155
f 158 159 160
f 160 159 161
f 162 161 159
f 163 164 165
f 166 163 165
f 167 168 169
f 170 167 169
f 171 172 173
f 174 171 173
f 174 173 167
f 165 174 167
f 175 176 170
f 177 175 170
f 106 175 177
f 178 106 177
f 108 106 178
f 166 108 178
f 179 169 168
f 172 179 168
f 180 179 172
f 171 180 172
f 163 180 171
f 164 163 171
f 166 178 180
f 163 166 180
f 171 174 165
f 164 171 165
f 167 173 172
f 168 167 172
f 179 177 170
f 169 179 170
f 177 179 180
f 178 177 180
f 78 149 175
f 106 78 175
f 85 108 166
f 155 85 166
f 165 155 166
f 167 155 165
f 170 155 167
f 170 176 181
f 155 170 181
f 182 183 184
f 182 184 185
f 186 187 188
f 186 188 181
f 189 190 191
f 189 191 192
f 188 189 193
f 188 193 194
f 181 176 175
f 195 181 175
f 195 175 196
f 197 195 196
f 197 196 198
f 185 197 198
f 187 186 199
f 190 187 199
f 190 199 200
f 191 190 200
f 191 200 184
f 183 191 184
f 200 197 185
f 184 200 185
f 194 193 191
f 183 194 191
f 190 189 188
f 187 190 188
f 181 195 199
f 186 181 199
f 200 199 195
f 197 200 195
f 196 175 149
f 185 198 201
f 159 185 201
f 194 185 159
f 158 194 159
f 188 194 158
f 188 158 155
f 181 188 155
f 202 203 204
f 201 202 204
f 205 206 207
f 208 205 207
f 209 210 211
f 212 209 211
f 213 211 205
f 214 213 205
f 215 216 208
f 217 215 208
f 196 215 217
f 218 196 217
f 198 196 218
f 201 198 218
f 219 207 206
f 210 219 206
f 220 219 210
f 209 220 210
f 202 220 209
f 203 202 209
f 201 218 220
f 202 201 220
f 209 212 204
f 203 209 204
f 205 211 210
f 206 205 210
f 219 217 208
f 207 219 208
f 217 219 220
f 218 217 220
f 149 152 215
f 196 149 215
f 204 159 201
f 205 159 204
f 208 159 205
f 208 216 162
f 159 208 162
f 221 222 223
f 224 221 223
f 225 223 152
f 226 225 152
f 227 228 229
f 230 228 227
f 228 230 231
f 232 233 231
f 234 233 232
f 233 234 162
f 235 236 237
f 235 237 238
f 239 240 241
f 239 241 242
f 243 244 245
f 243 245 246
f 241 243 246
f 241 246 235
f 242 247 248
f 242 248 249
f 249 248 250
f 249 250 251
f 251 250 252
f 251 252 238
f 240 239 253
f 240 253 244
f 244 253 254
f 244 254 245
f 245 254 237
f 245 237 236
f 254 251 238
f 254 238 237
f 235 246 245
f 235 245 236
f 244 243 241
f 244 241 240
f 242 249 253
f 242 253 239
f 254 253 249
f 254 249 251
f 248 223 222
f 248 222 250
f 238 252 229
f 238 229 228
f 238 228 235
f 235 228 241
f 241 228 242
f 255 247 242
f 255 242 228
f 256 257 258
f 259 256 258
f 260 261 262
f 255 260 262
f 263 264 265
f 266 263 265
f 267 265 260
f 268 267 260
f 248 247 255
f 248 255 269
f 270 248 269
f 270 269 271
f 272 270 271
f 272 271 259
f 273 262 261
f 273 261 264
f 274 273 264
f 274 264 263
f 256 274 263
f 256 263 257
f 259 271 274
f 259 274 256
f 263 267 268
f 263 268 257
f 260 265 264
f 260 264 261
f 273 269 255
f 273 255 262
f 269 273 274
f 269 274 271
f 223 248 270
f 275 272 259
f 275 259 233
f 233 259 268
f 233 268 231
f 231 268 260
f 228 231 260
f 228 260 255
f 276 277 278
f 276 278 275
f 279 280 281
f 279 281 282
f 283 284 285
f 283 285 286
f 281 283 287
f 281 287 288
f 282 216 215
f 282 215 289
f 289 215 270
f 289 270 290
f 290 270 272
f 290 272 275
f 280 279 291
f 280 291 284
f 284 291 292
f 284 292 285
f 285 292 278
f 285 278 277
f 292 290 275
f 292 275 278
f 276 286 285
f 276 285 277
f 284 283 281
f 284 281 280
f 282 289 291
f 282 291 279
f 292 291 289
f 292 289 290
f 215 152 223
f 215 223 270
f 275 233 276
f 276 233 281
f 281 233 282
f 162 216 282
f 162 282 233
f 293 222 294
f 293 294 295
f 296 293 297
f 296 297 298
f 229 299 300
f 300 299 301
f 302 301 299
f 302 303 304
f 304 303 305
f 306 305 303
f 307 308 309
f 310 307 309
f 311 312 313
f 314 311 313
f 315 316 317
f 318 315 317
f 318 317 311
f 309 318 311
f 319 320 314
f 321 319 314
f 250 319 321
f 322 250 321
f 252 250 322
f 310 252 322
f 323 313 312
f 316 323 312
f 324 323 316
f 315 324 316
f 307 324 315
f 308 307 315
f 310 322 324
f 307 310 324
f 315 318 309
f 308 315 309
f 311 317 316
f 312 311 316
f 323 321 314
f 313 323 314
f 321 323 324
f 322 321 324
f 222 293 319
f 250 222 319
f 229 252 310
f 299 229 310
f 309 299 310
f 311 299 309
f 314 299 311
f 314 320 325
f 299 314 325
f 326 327 328
f 326 328 329
f 330 331 332
f 330 332 325
f 333 334 335
f 333 335 336
f 332 333 337
f 332 337 338
f 325 320 319
f 339 325 319
f 339 319 340
f 341 339 340
f 341 340 342
f 329 341 342
f 331 330 343
f 334 331 343
f 334 343 344
f 335 334 344
f 335 344 328
f 327 335 328
f 344 341 329
f 328 344 329
f 338 337 335
f 327 338 335
f 334 333 332
f 331 334 332
f 325 339 343
f 330 325 343
f 344 343 339
f 341 344 339
f 340 319 293
f 329 342 345
f 303 329 345
f 338 329 303
f 302 338 303
f 332 338 302
f 332 302 299
f 325 332 299
f 346 347 348
f 345 346 348
f 349 350 351
f 352 349 351
f 353 354 355
f 356 353 355
f 357 355 349
f 358 357 349
f 359 360 352
f 361 359 352
f 340 359 361
f 362 340 361
f 342 340 362
f 345 342 362
f 363 351 350
f 354 363 350
f 364 363 354
f 353 364 354
f 346 364 353
f 347 346 353
f 345 362 364
f 346 345 364
f 353 356 348
f 347 353 348
f 349 355 354
f 350 349 354
f 363 361 352
f 351 363 352
f 361 363 364
f 362 361 364
f 293 296 359
f 340 293 359
f 348 303 345
f 349 303 348
f 352 303 349
f 352 360 306
f 303 352 306
f 365 366 367
f 368 365 367
f 369 367 296
f 370 369 296
f 371 372 373
f 374 372 371
f 372 374 375
f 376 377 375
f 378 377 376
f 377 378 306
f 379 380 381
f 379 381 382
f 383 384 385
f 383 385 386
f 387 388 389
f 387 389 390
f 385 387 390
f 385 390 379
f 386 391 392
f 386 392 393
f 393 392 394
f 393 394 395
f 395 394 396
f 395 396 382
f 384 383 397
f 384 397 388
f 388 397 398
f 388 398 389
f 389 398 381
f 389 381 380
f 398 395 382
f 398 382 381
f 379 390 389
f 379 389 380
f 388 387 385
f 388 385 384
f 386 393 397
f 386 397 383
f 398 397 393
f 398 393 395
f 392 367 366
f 392 366 394
f 382 396 373
f 382 373 372
f 382 372 379
f 379 372 385
f 385 372 386
f 399 391 386
f 399 386 372
f 400 401 402
f 403 400 402
f 404 405 406
f 399 404 406
f 407 408 409
f 410 407 409
f 411 409 404
f 412 411 404
f 392 391 399
f 392 399 413
f 414 392 413
f 414 413 415
f 416 414 415
f 416 415 403
f 417 406 405
f 417 405 408
f 418 417 408
f 418 408 407
f 400 418 407
f 400 407 401
f 403 415 418
f 403 418 400
f 407 411 412
f 407 412 401
f 404 409 408
f 404 408 405
f 417 413 399
f 417 399 406
f 413 417 418
f 413 418 415
f 367 392 414
f 419 416 403
f 419 403 377
f 377 403 412
f 377 412 375
f 375 412 404
f 372 375 404
f 372 404 399
f 420 421 422
f 420 422 419
f 423 424 425
f 423 425 426
f 427 428 429
f 427 429 430
f 425 427 431
f 425 431 432
f 426 360 359
f 426 359 433
f 433 359 414
f 433 414 434
f 434 414 416
f 434 416 419
f 424 423 435
f 424 435 428
f 428 435 436
f 428 436 429
f 429 436 422
f 429 422 421
f 436 434 419
f 436 419 422
f 420 430 429
f 420 429 421
f 428 427 425
f 428 425 424
f 426 433 435
f 426 435 423
f 436 435 433
f 436 433 434
f 359 296 367
f 359 367 414
f 419 377 420
f 420 377 425
f 425 377 426
f 306 360 426
f 306 426 377
f 437 366 438
f 437 438 439
f 440 437 441
f 440 441 442
f 373 443 444
f 444 443 445
f 446 445 443
f 446 447 448
f 448 447 449
f 450 449 447
f 451 452 453
f 454 451 453
f 455 456 457
f 458 455 457
f 459 460 461
f 462 459 461
f 462 461 455
f 453 462 455
f 463 464 458
f 465 463 458
f 394 463 465
f 466 394 465
f 396 394 466
f 454 396 466
f 467 457 456
f 460 467 456
f 468 467 460
f 459 468 460
f 451 468 459
f 452 451 459
f 454 466 468
f 451 454 468
f 459 462 453
f 452 459 453
f 455 461 460
f 456 455 460
f 467 465 458
f 457 467 458
f 465 467 468
f 466 465 468
f 366 437 463
f 394 366 463
f 373 396 454
f 443 373 454
f 453 443 454
f 455 443 453
f 458 443 455
f 458 464 469
f 443 458 469
f 470 471 472
f 470 472 473
f 474 475 476
f 474 476 469
f 477 478 479
f 477 479 480
f 476 477 481
f 476 481 482
f 469 464 463
f 483 469 463
f 483 463 484
f 485 483 484
f 485 484 486
f 473 485 486
f 475 474 487
f 478 475 487
f 478 487 488
f 479 478 488
f 479 488 472
f 471 479 472
f 488 485 473
f 472 488 473
f 482 481 479
f 471 482 479
f 478 477 476
f 475 478 476
f 469 483 487
f 474 469 487
f 488 487 483
f 485 488 483
f 484 463 437
f 473 486 489
f 447 473 489
f 482 473 447
f 446 482 447
f 476 482 446
f 476 446 443
f 469 476 443
f 490 491 492
f 489 490 492
f 493 494 495
f 496 493 495
f 497 498 499
f 500 497 499
f 501 499 493
f 502 501 493
f 503 504 496
f 505 503 496
f 484 503 505
f 506 484 505
f 486 484 506
f 489 486 506
f 507 495 494
f 498 507 494
f 508 507 498
f 497 508 498
f 490 508 497
f 491 490 497
f 489 506 508
f 490 489 508
f 497 500 492
f 491 497 492
f 493 499 498
f 494 493 498
f 507 505 496
f 495 507 496
f 505 507 508
f 506 505 508
f 437 440 503
f 484 437 503
f 492 447 489
f 493 447 492
f 496 447 493
f 496 504 450
f 447 496 450
f 509 2 510
f 511 509 510
f 512 510 440
f 513 512 440
f 514 515 8
f 516 515 514
f 515 516 517
f 518 519 517
f 520 519 518
f 519 520 450
f 521 522 523
f 521 523 524
f 525 526 527
f 525 527 528
f 529 530 531
f 529 531 532
f 527 529 532
f 527 532 521
f 528 533 534
f 528 534 535
f 535 534 32
f 535 32 536
f 536 32 34
f 536 34 524
f 526 525 537
f 526 537 530
f 530 537 538
f 530 538 531
f 531 538 523
f 531 523 522
f 538 536 524
f 538 524 523
f 521 532 531
f 521 531 522
f 530 529 527
f 530 527 526
f 528 535 537
f 528 537 525
f 538 537 535
f 538 535 536
f 534 510 2
f 534 2 32
f 524 34 8
f 524 8 515
f 524 515 521
f 521 515 527
f 527 515 528
f 539 533 528
f 539 528 515
f 540 541 542
f 543 540 542
f 544 545 546
f 539 544 546
f 547 548 549
f 550 547 549
f 551 549 544
f 552 551 544
f 534 533 539
f 534 539 553
f 554 534 553
f 554 553 555
f 556 554 555
f 556 555 543
f 557 546 545
f 557 545 548
f 558 557 548
f 558 548 547
f 540 558 547
f 540 547 541
f 543 555 558
f 543 558 540
f 547 551 552
f 547 552 541
f 544 549 548
f 544 548 545
f 557 553 539
f 557 539 546
f 553 557 558
f 553 558 555
f 510 534 554
f 559 556 543
f 559 543 519
f 519 543 552
f 519 552 517
f 517 552 544
f 515 517 544
f 515 544 539
f 560 561 562
f 560 562 559
f 563 564 565
f 563 565 566
f 567 568 569
f 567 569 570
f 565 567 571
f 565 571 572
f 566 504 503
f 566 503 573
f 573 503 554
f 573 554 574
f 574 554 556
f 574 556 559
f 564 563 575
f 564 575 568
f 568 575 576
f 568 576 569
f 569 576 562
f 569 562 561
f 576 574 559
f 576 559 562
f 560 570 569
f 560 569 561
f 568 567 565
f 568 565 564
f 566 573 575
f 566 575 563
f 576 575 573
f 576 573 574
f 503 440 510
f 503 510 554
f 559 519 560
f 560 519 565
f 565 519 566
f 450 504 566
f 450 566 519
f 577 578 579
f 580 577 579
f 581 579 582
f 583 581 582
f 584 585 586
f 587 585 584
f 585 587 588
f 589 590 588
f 591 590 589
f 590 591 592
f 593 594 595
f 593 595 596
f 597 598 599
f 597 599 600
f 601 602 603
f 601 603 604
f 599 601 604
f 599 604 593
f 600 605 606
f 600 606 607
f 607 606 608
f 607 608 609
f 609 608 610
f 609 610 596
f 598 597 611
f 598 611 602
f 602 611 612
f 602 612 603
f 603 612 595
f 603 595 594
f 612 609 596
f 612 596 595
f 593 604 603
f 593 603 594
f 602 601 599
f 602 599 598
f 600 607 611
f 600 611 597
f 612 611 607
f 612 607 609
f 606 579 578
f 606 578 608
f 596 610 586
f 596 586 585
f 596 585 593
f 593 585 599
f 599 585 600
f 613 605 600
f 613 600 585
f 614 615 616
f 617 614 616
f 618 619 620
f 613 618 620
f 621 622 623
f 624 621 623
f 625 623 618
f 626 625 618
f 606 605 613
f 606 613 627
f 628 606 627
f 628 627 629
f 630 628 629
f 630 629 617
f 631 620 619
f 631 619 622
f 632 631 622
f 632 622 621
f 614 632 621
f 614 621 615
f 617 629 632
f 617 632 614
f 621 625 626
f 621 626 615
f 618 623 622
f 618 622 619
f 631 627 613
f 631 613 620
f 627 631 632
f 627 632 629
f 579 606 628
f 633 630 617
f 633 617 590
f 590 617 626
f 590 626 588
f 588 626 618
f 585 588 618
f 585 618 613
f 634 635 636
f 634 636 633
f 637 638 639
f 637 639 640
f 641 642 643
f 641 643 644
f 639 641 645
f 639 645 646
f 640 647 648
f 640 648 649
f 649 648 628
f 649 628 650
f 650 628 630
f 650 630 633
f 638 637 651
f 638 651 642
f 642 651 652
f 642 652 643
f 643 652 636
f 643 636 635
f 652 650 633
f 652 633 636
f 634 644 643
f 634 643 635
f 642 641 639
f 642 639 638
f 640 649 651
f 640 651 637
f 652 651 649
f 652 649 650
f 648 582 579
f 648 579 628
f 633 590 634
f 634 590 639
f 639 590 640
f 592 647 640
f 592 640 590
f 653 654 655
f 653 655 656
f 582 653 657
f 582 657 658
f 659 660 661
f 661 660 662
f 663 662 660
f 663 664 665
f 665 664 666
f 592 666 664
f 667 668 669
f 670 667 669
f 671 672 673
f 674 671 673
f 675 676 677
f 678 675 677
f 678 677 671
f 669 678 671
f 679 680 674
f 681 679 674
f 682 679 681
f 683 682 681
f 684 682 683
f 670 684 683
f 685 673 672
f 676 685 672
f 686 685 676
f 675 686 676
f 667 686 675
f 668 667 675
f 670 683 686
f 667 670 686
f 675 678 669
f 668 675 669
f 671 677 676
f 672 671 676
f 685 681 674
f 673 685 674
f 681 685 686
f 683 681 686
f 654 653 679
f 682 654 679
f 659 684 670
f 660 659 670
f 669 660 670
f 671 660 669
f 674 660 671
f 674 680 687
f 660 674 687
f 688 689 690
f 688 690 691
f 692 693 694
f 692 694 687
f 695 696 697
f 695 697 698
f 694 695 699
f 694 699 700
f 687 680 679
f 701 687 679
f 701 679 702
f 703 701 702
f 703 702 704
f 691 703 704
f 693 692 705
f 696 693 705
f 696 705 706
f 697 696 706
f 697 706 690
f 689 697 690
f 706 703 691
f 690 706 691
f 700 699 697
f 689 700 697
f 696 695 694
f 693 696 694
f 687 701 705
f 692 687 705
f 706 705 701
f 703 706 701
f 702 679 653
f 691 704 707
f 664 691 707
f 700 691 664
f 663 700 664
f 694 700 663
f 694 663 660
f 687 694 660
f 708 709 710
f 707 708 710
f 711 712 713
f 714 711 713
f 715 716 717
f 718 715 717
f 719 717 711
f 720 719 711
f 648 647 714
f 721 648 714
f 702 648 721
f 722 702 721
f 704 702 722
f 707 704 722
f 723 713 712
f 716 723 712
f 724 723 716
f 715 724 716
f 708 724 715
f 709 708 715
f 707 722 724
f 708 707 724
f 715 718 710
f 709 715 710
f 711 717 716
f 712 711 716
f 723 721 714
f 713 723 714
f 721 723 724
f 722 721 724
f 653 582 648
f 702 653 648
f 710 664 707
f 711 664 710
f 714 664 711
f 714 647 592
f 664 714 592
f 725 654 726
f 727 725 726
f 728 726 729
f 730 728 729
f 731 732 659
f 733 732 731
f 732 733 734
f 735 736 734
f 737 736 735
f 736 737 738
f 739 740 741
f 739 741 742
f 743 744 745
f 743 745 746
f 747 748 749
f 747 749 750
f 745 747 750
f 745 750 739
f 746 751 752
f 746 752 753
f 753 752 682
f 753 682 754
f 754 682 684
f 754 684 742
f 744 743 755
f 744 755 748
f 748 755 756
f 748 756 749
f 749 756 741
f 749 741 740
f 756 754 742
f 756 742 741
f 739 750 749
f 739 749 740
f 748 747 745
f 748 745 744
f 746 753 755
f 746 755 743
f 756 755 753
f 756 753 754
f 752 726 654
f 752 654 682
f 742 684 659
f 742 659 732
f 742 732 739
f 739 732 745
f 745 732 746
f 757 751 746
f 757 746 732
f 758 759 760
f 761 758 760
f 762 763 764
f 757 762 764
f 765 766 767
f 768 765 767
f 769 767 762
f 770 769 762
f 752 751 757
f 752 757 771
f 772 752 771
f 772 771 773
f 774 772 773
f 774 773 761
f 775 764 763
f 775 763 766
f 776 775 766
f 776 766 765
f 758 776 765
f 758 765 759
f 761 773 776
f 761 776 758
f 765 769 770
f 765 770 759
f 762 767 766
f 762 766 763
f 775 771 757
f 775 757 764
f 771 775 776
f 771 776 773
f 726 752 772
f 777 774 761
f 777 761 736
f 736 761 770
f 736 770 734
f 734 770 762
f 732 734 762
f 732 762 757
f 778 779 780
f 778 780 777
f 781 782 783
f 781 783 784
f 785 786 787
f 785 787 788
f 783 785 789
f 783 789 790
f 784 791 792
f 784 792 793
f 793 792 772
f 793 772 794
f 794 772 774
f 794 774 777
f 782 781 795
f 782 795 786
f 786 795 796
f 786 796 787
f 787 796 780
f 787 780 779
f 796 794 777
f 796 777 780
f 778 788 787
f 778 787 779
f 786 785 783
f 786 783 782
f 784 793 795
f 784 795 781
f 796 795 793
f 796 793 794
f 792 729 726
f 792 726 772
f 777 736 778
f 778 736 783
f 783 736 784
f 738 791 784
f 738 784 736
f 797 798 799
f 797 799 800
f 729 797 801
f 729 801 802
f 803 804 805
f 805 804 806
f 807 806 804
f 807 808 809
f 809 808 810
f 738 810 808
f 811 812 813
f 814 811 813
f 815 816 817
f 818 815 817
f 819 820 821
f 822 819 821
f 822 821 815
f 813 822 815
f 823 824 818
f 825 823 818
f 826 823 825
f 827 826 825
f 828 826 827
f 814 828 827
f 829 817 816
f 820 829 816
f 830 829 820
f 819 830 820
f 811 830 819
f 812 811 819
f 814 827 830
f 811 814 830
f 819 822 813
f 812 819 813
f 815 821 820
f 816 815 820
f 829 825 818
f 817 829 818
f 825 829 830
f 827 825 830
f 798 797 823
f 826 798 823
f 803 828 814
f 804 803 814
f 813 804 814
f 815 804 813
f 818 804 815
f 818 824 831
f 804 818 831
f 832 833 834
f 832 834 835
f 836 837 838
f 836 838 831
f 839 840 841
f 839 841 842
f 838 839 843
f 838 843 844
f 831 824 823
f 845 831 823
f 845 823 846
f 847 845 846
f 847 846 848
f 835 847 848
f 837 836 849
f 840 837 849
f 840 849 850
f 841 840 850
f 841 850 834
f 833 841 834
f 850 847 835
f 834 850 835
f 844 843 841
f 833 844 841
f 840 839 838
f 837 840 838
f 831 845 849
f 836 831 849
f 850 849 845
f 847 850 845
f 846 823 797
f 835 848 851
f 808 835 851
f 844 835 808
f 807 844 808
f 838 844 807
f 838 807 804
f 831 838 804
f 852 853 854
f 851 852 854
f 855 856 857
f 858 855 857
f 859 860 861
f 862 859 861
f 863 861 855
f 864 863 855
f 792 791 858
f 865 792 858
f 846 792 865
f 866 846 865
f 848 846 866
f 851 848 866
f 867 857 856
f 860 867 856
f 868 867 860
f 859 868 860
f 852 868 859
f 853 852 859
f 851 866 868
f 852 851 868
f 859 862 854
f 853 859 854
f 855 861 860
f 856 855 860
f 867 865 858
f 857 867 858
f 865 867 868
f 866 865 868
f 797 729 792
f 846 797 792
f 854 808 851
f 855 808 854
f 858 808 855
f 858 791 738
f 808 858 738
f 869 798 870
f 871 869 870
f 872 870 873
f 874 872 873
f 875 876 803
f 877 876 875
f 876 877 878
f 879 880 878
f 881 880 879
f 880 881 882
f 883 884 885
f 883 885 886
f 887 888 889
f 887 889 890
f 891 892 893
f 891 893 894
f 889 891 894
f 889 894 883
f 890 895 896
f 890 896 897
f 897 896 826
f 897 826 898
f 898 826 828
f 898 828 886
f 888 887 899
f 888 899 892
f 892 899 900
f 892 900 893
f 893 900 885
f 893 885 884
f 900 898 886
f 900 886 885
f 883 894 893
f 883 893 884
f 892 891 889
f 892 889 888
f 890 897 899
f 890 899 887
f 900 899 897
f 900 897 898
f 896 870 798
f 896 798 826
f 886 828 803
f 886 803 876
f 886 876 883
f 883 876 889
f 889 876 890
f 901 895 890
f 901 890 876
f 902 903 904
f 905 902 904
f 906 907 908
f 901 906 908
f 909 910 911
f 912 909 911
f 913 911 906
f 914 913 906
f 896 895 901
f 896 901 915
f 916 896 915
f 916 915 917
f 918 916 917
f 918 917 905
f 919 908 907
f 919 907 910
f 920 919 910
f 920 910 909
f 902 920 909
f 902 909 903
f 905 917 920
f 905 920 902
f 909 913 914
f 909 914 903
f 906 911 910
f 906 910 907
f 919 915 901
f 919 901 908
f 915 919 920
f 915 920 917
f 870 896 916
f 921 918 905
f 921 905 880
f 880 905 914
f 880 914 878
f 878 914 906
f 876 878 906
f 876 906 901
f 922 923 924
f 922 924 921
f 925 926 927
f 925 927 928
f 929 930 931
f 929 931 932
f 927 929 933
f 927 933 934
f 928 935 936
f 928 936 937
f 937 936 916
f 937 916 938
f 938 916 918
f 938 918 921
f 926 925 939
f 926 939 930
f 930 939 940
f 930 940 931
f 931 940 924
f 931 924 923
f 940 938 921
f 940 921 924
f 922 932 931
f 922 931 923
f 930 929 927
f 930 927 926
f 928 937 939
f 928 939 925
f 940 939 937
f 940 937 938
f 936 873 870
f 936 870 916
f 921 880 922
f 922 880 927
f 927 880 928
f 882 935 928
f 882 928 880
f 941 942 943
f 941 943 944
f 873 941 945
f 873 945 946
f 947 948 949
f 949 948 950
f 951 950 948
f 951 952 953
f 953 952 954
f 882 954 952
f 955 956 957
f 958 955 957
f 959 960 961
f 962 959 961
f 963 964 965
f 966 963 965
f 966 965 959
f 957 966 959
f 967 968 962
f 969 967 962
f 970 967 969
f 971 970 969
f 972 970 971
f 958 972 971
f 973 961 960
f 964 973 960
f 974 973 964
f 963 974 964
f 955 974 963
f 956 955 963
f 958 971 974
f 955 958 974
f 963 966 957
f 956 963 957
f 959 965 964
f 960 959 964
f 973 969 962
f 961 973 962
f 969 973 974
f 971 969 974
f 942 941 967
f 970 942 967
f 947 972 958
f 948 947 958
f 957 948 958
f 959 948 957
f 962 948 959
f 962 968 975
f 948 962 975
f 976 977 978
f 976 978 979
f 980 981 982
f 980 982 975
f 983 984 985
f 983 985 986
f 982 983 987
f 982 987 988
f 975 968 967
f 989 975 967
f 989 967 990
f 991 989 990
f 991 990 992
f 979 991 992
f 981 980 993
f 984 981 993
f 984 993 994
f 985 984 994
f 985 994 978
f 977 985 978
f 994 991 979
f 978 994 979
f 988 987 985
f 977 988 985
f 984 983 982
f 981 984 982
f 975 989 993
f 980 975 993
f 994 993 989
f 991 994 989
f 990 967 941
f 979 992 995
f 952 979 995
f 988 979 952
f 951 988 952
f 982 988 951
f 982 951 948
f 975 982 948
f 996 997 998
f 995 996 998
f 999 1000 1001
f 1002 999 1001
f 1003 1004 1005
f 1006 1003 1005
f 1007 1005 999
f 1008 1007 999
f 936 935 1002
f 1009 936 1002
f 990 936 1009
f 1010 990 1009
f 992 990 1010
f 995 992 1010
f 1011 1001 1000
f 1004 1011 1000
f 1012 1011 1004
f 1003 1012 1004
f 996 1012 1003
f 997 996 1003
f 995 1010 1012
f 996 995 1012
f 1003 1006 998
f 997 1003 998
f 999 1005 1004
f 1000 999 1004
f 1011 1009 1002
f 1001 1011 1002
f 1009 1011 1012
f 1010 1009 1012
f 941 873 936
f 990 941 936
f 998 952 995
f 999 952 998
f 1002 952 999
f 1002 935 882
f 952 1002 882
f 1013 942 1014
f 1015 1013 1014
f 1016 1014 1017
f 1018 1016 1017
f 1019 1020 947
f 1021 1020 1019
f 1020 1021 1022
f 1023 1024 1022
f 1025 1024 1023
f 1024 1025 1026
f 1027 1028 1029
f 1027 1029 1030
f 1031 1032 1033
f 1031 1033 1034
f 1035 1036 1037
f 1035 1037 1038
f 1033 1035 1038
f 1033 1038 1027
f 1034 1039 1040
f 1034 1040 1041
f 1041 1040 970
f 1041 970 1042
f 1042 970 972
f 1042 972 1030
f 1032 1031 1043
f 1032 1043 1036
f 1036 1043 1044
f 1036 1044 1037
f 1037 1044 1029
f 1037 1029 1028
f 1044 1042 1030
f 1044 1030 1029
f 1027 1038 1037
f 1027 1037 1028
f 1036 1035 1033
f 1036 1033 1032
f 1034 1041 1043
f 1034 1043 1031
f 1044 1043 1041
f 1044 1041 1042
f 1040 1014 942
f 1040 942 970
f 1030 972 947
f 1030 947 1020
f 1030 1020 1027
f 1027 1020 1033
f 1033 1020 1034
f 1045 1039 1034
f 1045 1034 1020
f 1046 1047 1048
f 1049 1046 1048
f 1050 1051 1052
f 1045 1050 1052
f 1053 1054 1055
f 1056 1053 1055
f 1057 1055 1050
f 1058 1057 1050
f 1040 1039 1045
f 1040 1045 1059
f 1060 1040 1059
f 1060 1059 1061
f 1062 1060 1061
f 1062 1061 1049
f 1063 1052 1051
f 1063 1051 1054
f 1064 1063 1054
f 1064 1054 1053
f 1046 1064 1053
f 1046 1053 1047
f 1049 1061 1064
f 1049 1064 1046
f 1053 1057 1058
f 1053 1058 1047
f 1050 1055 1054
f 1050 1054 1051
f 1063 1059 1045
f 1063 1045 1052
f 1059 1063 1064
f 1059 1064 1061
f 1014 1040 1060
f 1065 1062 1049
f 1065 1049 1024
f 1024 1049 1058
f 1024 1058 1022
f 1022 1058 1050
f 1020 1022 1050
f 1020 1050 1045
f 1066 1067 1068
f 1066 1068 1065
f 1069 1070 1071
f 1069 1071 1072
f 1073 1074 1075
f 1073 1075 1076
f 1071 1073 1077
f 1071 1077 1078
f 1072 1079 1080
f 1072 1080 1081
f 1081 1080 1060
f 1081 1060 1082
f 1082 1060 1062
f 1082 1062 1065
f 1070 1069 1083
f 1070 1083 1074
f 1074 1083 1084
f 1074 1084 1075
f 1075 1084 1068
f 1075 1068 1067
f 1084 1082 1065
f 1084 1065 1068
f 1066 1076 1075
f 1066 1075 1067
f 1074 1073 1071
f 1074 1071 1070
f 1072 1081 1083
f 1072 1083 1069
f 1084 1083 1081
f 1084 1081 1082
f 1080 1017 1014
f 1080 1014 1060
f 1065 1024 1066
f 1066 1024 1071
f 1071 1024 1072
f 1026 1079 1072
f 1026 1072 1024
f 1085 578 1086
f 1085 1086 1087
f 1017 1085 1088
f 1017 1088 1089
f 586 1090 1091
f 1091 1090 1092
f 1093 1092 1090
f 1093 1094 1095
f 1095 1094 1096
f 1026 1096 1094
f 1097 1098 1099
f 1100 1097 1099
f 1101 1102 1103
f 1104 1101 1103
f 1105 1106 1107
f 1108 1105 1107
f 1108 1107 1101
f 1099 1108 1101
f 1109 1110 1104
f 1111 1109 1104
f 608 1109 1111
f 1112 608 1111
f 610 608 1112
f 1100 610 1112
f 1113 1103 1102
f 1106 1113 1102
f 1114 1113 1106
f 1105 1114 1106
f 1097 1114 1105
f 1098 1097 1105
f 1100 1112 1114
f 1097 1100 1114
f 1105 1108 1099
f 1098 1105 1099
f 1101 1107 1106
f 1102 1101 1106
f 1113 1111 1104
f 1103 1113 1104
f 1111 1113 1114
f 1112 1111 1114
f 578 1085 1109
f 608 578 1109
f 586 610 1100
f 1090 586 1100
f 1099 1090 1100
f 1101 1090 1099
f 1104 1090 1101
f 1104 1110 1115
f 1090 1104 1115
f 1116 1117 1118
f 1116 1118 1119
f 1120 1121 1122
f 1120 1122 1115
f 1123 1124 1125
f 1123 1125 1126
f 1122 1123 1127
f 1122 1127 1128
f 1115 1110 1109
f 1129 1115 1109
f 1129 1109 1130
f 1131 1129 1130
f 1131 1130 1132
f 1119 1131 1132
f 1121 1120 1133
f 1124 1121 1133
f 1124 1133 1134
f 1125 1124 1134
f 1125 1134 1118
f 1117 1125 1118
f 1134 1131 1119
f 1118 1134 1119
f 1128 1127 1125
f 1117 1128 1125
f 1124 1123 1122
f 1121 1124 1122
f 1115 1129 1133
f 1120 1115 1133
f 1134 1133 1129
f 1131 1134 1129
f 1130 1109 1085
f 1119 1132 1135
f 1094 1119 1135
f 1128 1119 1094
f 1093 1128 1094
f 1122 1128 1093
f 1122 1093 1090
f 1115 1122 1090
f 1136 1137 1138
f 1135 1136 1138
f 1139 1140 1141
f 1142 1139 1141
f 1143 1144 1145
f 1146 1143 1145
f 1147 1145 1139
f 1148 1147 1139
f 1080 1079 1142
f 1149 1080 1142
f 1130 1080 1149
f 1150 1130 1149
f 1132 1130 1150
f 1135 1132 1150
f 1151 1141 1140
f 1144 1151 1140
f 1152 1151 1144
f 1143 1152 1144
f 1136 1152 1143
f 1137 1136 1143
f 1135 1150 1152
f 1136 1135 1152
f 1143 1146 1138
f 1137 1143 1138
f 1139 1145 1144
f 1140 1139 1144
f 1151 1149 1142
f 1141 1151 1142
f 1149 1151 1152
f 1150 1149 1152
f 1085 1017 1080
f 1130 1085 1080
f 1138 1094 1135
f 1139 1094 1138
f 1142 1094 1139
f 1142 1079 1026
f 1094 1142 1026
f 1153 1154 1155
f 1156 1153 1155
f 1157 1158 1154
f 1153 1157 1154
f 1159 1160 1158
f 1157 1159 1158
f 1161 1162 1160
f 1159 1161 1160
f 1163 1164 1162
f 1161 1163 1162
f 1165 1166 1164
f 1163 1165 1164
f 1167 1168 1166
f 1165 1167 1166
f 1169 1170 1168
f 1167 1169 1168
f 1171 1172 1170
f 1169 1171 1170
f 1173 1174 1172
f 1171 1173 1172
f 1175 1176 1174
f 1173 1175 1174
f 1177 1178 1176
f 1175 1177 1176
f 1179 1180 1178
f 1177 1179 1178
f 1181 1182 1180
f 1179 1181 1180
f 1183 1184 1182
f 1181 1183 1182
f 1185 1186 1184
f 1183 1185 1184
f 1187 1188 1186
f 1185 1187 1186
f 1189 1190 1188
f 1187 1189 1188
f 1191 1192 1190
f 1189 1191 1190
f 1193 1194 1192
f 1191 1193 1192
f 1195 1196 1194
f 1193 1195 1194
f 1197 1198 1196
f 1195 1197 1196
f 1199 1200 1198
f 1197 1199 1198
f 1201 1202 1200
f 1199 1201 1200
f 1203 1204 1202
f 1201 1203 1202
f 1205 1206 1204
f 1203 1205 1204
f 1207 1208 1206
f 1205 1207 1206
f 1209 1210 1208
f 1207 1209 1208
f 1211 1212 1210
f 1209 1211 1210
f 1213 1214 1212
f 1211 1213 1212
f 1215 1216 1214
f 1213 1215 1214
f 1217 1218 1216
f 1215 1217 1216
f 1219 1220 1218
f 1217 1219 1218
f 1221 1222 1220
f 1219 1221 1220
f 1223 1224 1222
f 1221 1223 1222
f 1225 1226 1224
f 1223 1225 1224
f 1227 1228 1226
f 1225 1227 1226
f 1229 1230 1228
f 1227 1229 1228
f 1231 1232 1230
f 1229 1231 1230
f 1233 1234 1232
f 1231 1233 1232
f 1235 1236 1234
f 1233 1235 1234
f 1237 1238 1236
f 1235 1237 1236
f 1239 1240 1238
f 1237 1239 1238
f 1241 1242 1240
f 1239 1241 1240
f 1243 1244 1242
f 1241 1243 1242
f 1245 1246 1244
f 1243 1245 1244
f 1247 1248 1246
f 1245 1247 1246
f 1156 1155 1248
f 1247 1156 1248
f 444 1153 1156
f 373 444 1156
f 445 1157 1153
f 444 445 1153
f 446 1159 1157
f 445 446 1157
f 448 1161 1159
f 446 448 1159
f 449 1163 1161
f 448 449 1161
f 450 1165 1163
f 449 450 1163
f 520 1167 1165
f 450 520 1165
f 518 1169 1167
f 520 518 1167
f 517 1171 1169
f 518 517 1169
f 516 1173 1171
f 517 516 1171
f 514 1175 1173
f 516 514 1173
f 8 1177 1175
f 514 8 1175
f 10 1179 1177
f 8 10 1177
f 11 1181 1179
f 10 11 1179
f 12 1183 1181
f 11 12 1181
f 14 1185 1183
f 12 14 1183
f 15 1187 1185
f 14 15 1185
f 16 1189 1187
f 15 16 1187
f 90 1191 1189
f 16 90 1189
f 88 1193 1191
f 90 88 1191
f 87 1195 1193
f 88 87 1193
f 86 1197 1195
f 87 86 1195
f 83 1199 1197
f 86 83 1197
f 85 1201 1199
f 83 85 1199
f 156 1203 1201
f 85 156 1201
f 157 1205 1203
f 156 157 1203
f 158 1207 1205
f 157 158 1205
f 160 1209 1207
f 158 160 1207
f 161 1211 1209
f 160 161 1209
f 162 1213 1211
f 161 162 1211
f 234 1215 1213
f 162 234 1213
f 232 1217 1215
f 234 232 1215
f 231 1219 1217
f 232 231 1217
f 230 1221 1219
f 231 230 1219
f 227 1223 1221
f 230 227 1221
f 229 1225 1223
f 227 229 1223
f 300 1227 1225
f 229 300 1225
f 301 1229 1227
f 300 301 1227
f 302 1231 1229
f 301 302 1229
f 304 1233 1231
f 302 304 1231
f 305 1235 1233
f 304 305 1233
f 306 1237 1235
f 305 306 1235
f 378 1239 1237
f 306 378 1237
f 376 1241 1239
f 378 376 1239
f 375 1243 1241
f 376 375 1241
f 374 1245 1243
f 375 374 1243
f 371 1247 1245
f 374 371 1245
f 373 1156 1247
f 371 373 1247
f 1249 1155 1154
f 1250 1249 1154
f 1250 1154 1158
f 1251 1250 1158
f 1251 1158 1160
f 1252 1251 1160
f 1252 1160 1162
f 1253 1252 1162
f 1253 1162 1164
f 1254 1253 1164
f 1254 1164 1166
f 1255 1254 1166
f 1255 1166 1168
f 1256 1255 1168
f 1256 1168 1170
f 1257 1256 1170
f 1257 1170 1172
f 1258 1257 1172
f 1258 1172 1174
f 1259 1258 1174
f 1259 1174 1176
f 1260 1259 1176
f 1260 1176 1178
f 1261 1260 1178
f 1261 1178 1180
f 1262 1261 1180
f 1262 1180 1182
f 1263 1262 1182
f 1263 1182 1184
f 1264 1263 1184
f 1264 1184 1186
f 1265 1264 1186
f 1265 1186 1188
f 1266 1265 1188
f 1266 1188 1190
f 1267 1266 1190
f 1267 1190 1192
f 1268 1267 1192
f 1268 1192 1194
f 1269 1268 1194
f 1269 1194 1196
f 1270 1269 1196
f 1270 1196 1198
f 1271 1270 1198
f 1271 1198 1200
f 1272 1271 1200
f 1272 1200 1202
f 1273 1272 1202
f 1273 1202 1204
f 1274 1273 1204
f 1274 1204 1206
f 1275 1274 1206
f 1275 1206 1208
f 1276 1275 1208
f 1276 1208 1210
f 1277 1276 1210
f 1277 1210 1212
f 1278 1277 1212
f 1278 1212 1214
f 1279 1278 1214
f 1279 1214 1216
f 1280 1279 1216
f 1280 1216 1218
f 1281 1280 1218
f 1281 1218 1220
f 1282 1281 1220
f 1282 1220 1222
f 1283 1282 1222
f 1283 1222 1224
f 1284 1283 1224
f 1284 1224 1226
f 1285 1284 1226
f 1285 1226 1228
f 1286 1285 1228
f 1286 1228 1230
f 1287 1286 1230
f 1287 1230 1232
f 1288 1287 1232
f 1288 1232 1234
f 1289 1288 1234
f 1289 1234 1236
f 1290 1289 1236
f 1290 1236 1238
f 1291 1290 1238
f 1291 1238 1240
f 1292 1291 1240
f 1292 1240 1242
f 1293 1292 1242
f 1293 1242 1244
f 1294 1293 1244
f 1294 1244 1246
f 1295 1294 1246
f 1295 1246 1248
f 1296 1295 1248
f 1296 1248 1155
f 1249 1296 1155
f 1249 1250 1297
f 1249 1297 1298
f 1250 1251 1299
f 1250 1299 1297
f 1251 1252 1300
f 1251 1300 1299
f 1252 1253 1301
f 1252 1301 1300
f 1253 1254 1302
f 1253 1302 1301
f 1254 1255 1303
f 1254 1303 1302
f 1255 1256 1304
f 1255 1304 1303
f 1256 1257 1305
f 1256 1305 1304
f 1257 1258 1306
f 1257 1306 1305
f 1258 1259 1307
f 1258 1307 1306
f 1259 1260 1308
f 1259 1308 1307
f 1260 1261 1309
f 1260 1309 1308
f 1261 1262 1310
f 1261 1310 1309
f 1262 1263 1311
f 1262 1311 1310
f 1263 1264 1312
f 1263 1312 1311
f 1264 1265 1313
f 1264 1313 1312
f 1265 1266 1314
f 1265 1314 1313
f 1266 1267 1315
f 1266 1315 1314
f 1267 1268 1316
f 1267 1316 1315
f 1268 1269 1317
f 1268 1317 1316
f 1269 1270 1318
f 1269 1318 1317
f 1270 1271 1319
f 1270 1319 1318
f 1271 1272 1320
f 1271 1320 1319
f 1272 1273 1321
f 1272 1321 1320
f 1273 1274 1322
f 1273 1322 1321
f 1274 1275 1323
f 1274 1323 1322
f 1275 1276 1324
f 1275 1324 1323
f 1276 1277 1325
f 1276 1325 1324
f 1277 1278 1326
f 1277 1326 1325
f 1278 1279 1327
f 1278 1327 1326
f 1279 1280 1328
f 1279 1328 1327
f 1280 1281 1329
f 1280 1329 1328
f 1281 1282 1330
f 1281 1330 1329
f 1282 1283 1331
f 1282 1331 1330
f 1283 1284 1332
f 1283 1332 1331
f 1284 1285 1333
f 1284 1333 1332
f 1285 1286 1334
f 1285 1334 1333
f 1286 1287 1335
f 1286 1335 1334
f 1287 1288 1336
f 1287 1336 1335
f 1288 1289 1337
f 1288 1337 1336
f 1289 1290 1338
f 1289 1338 1337
f 1290 1291 1339
f 1290 1339 1338
f 1291 1292 1340
f 1291 1340 1339
f 1292 1293 1341
f 1292 1341 1340
f 1293 1294 1342
f 1293 1342 1341
f 1294 1295 1343
f 1294 1343 1342
f 1295 1296 1344
f 1295 1344 1343
f 1296 1249 1298
f 1296 1298 1344
f 1298 1297 1345
f 1298 1345 1346
f 1297 1299 1347
f 1297 1347 1345
f 1299 1300 1348
f 1299 1348 1347
f 1300 1301 1349
f 1300 1349 1348
f 1301 1302 1350
f 1301 1350 1349
f 1302 1303 1351
f 1302 1351 1350
f 1303 1304 1352
f 1303 1352 1351
f 1304 1305 1353
f 1304 1353 1352
f 1305 1306 1354
f 1305 1354 1353
f 1306 1307 1355
f 1306 1355 1354
f 1307 1308 1356
f 1307 1356 1355
f 1308 1309 1357
f 1308 1357 1356
f 1309 1310 1358
f 1309 1358 1357
f 1310 1311 1359
f 1310 1359 1358
f 1311 1312 1360
f 1311 1360 1359
f 1312 1313 1361
f 1312 1361 1360
f 1313 1314 1362
f 1313 1362 1361
f 1314 1315 1363
f 1314 1363 1362
f 1315 1316 1364
f 1315 1364 1363
f 1316 1317 1365
f 1316 1365 1364
f 1317 1318 1366
f 1317 1366 1365
f 1318 1319 1367
f 1318 1367 1366
f 1319 1320 1368
f 1319 1368 1367
f 1320 1321 1369
f 1320 1369 1368
f 1321 1322 1370
f 1321 1370 1369
f 1322 1323 1371
f 1322 1371 1370
f 1323 1324 1372
f 1323 1372 1371
f 1324 1325 1373
f 1324 1373 1372
f 1325 1326 1374
f 1325 1374 1373
f 1326 1327 1375
f 1326 1375 1374
f 1327 1328 1376
f 1327 1376 1375
f 1328 1329 1377
f 1328 1377 1376
f 1329 1330 1378
f 1329 1378 1377
f 1330 1331 1379
f 1330 1379 1378
f 1331 1332 1380
f 1331 1380 1379
f 1332 1333 1381
f 1332 1381 1380
f 1333 1334 1382
f 1333 1382 1381
f 1334 1335 1383
f 1334 1383 1382
f 1335 1336 1384
f 1335 1384 1383
f 1336 1337 1385
f 1336 1385 1384
f 1337 1338 1386
f 1337 1386 1385
f 1338 1339 1387
f 1338 1387 1386
f 1339 1340 1388
f 1339 1388 1387
f 1340 1341 1389
f 1340 1389 1388
f 1341 1342 1390
f 1341 1390 1389
f 1342 1343 1391
f 1342 1391 1390
f 1343 1344 1392
f 1343 1392 1391
f 1344 1298 1346
f 1344 1346 1392
f 1393 1346 1345
f 1394 1393 1345
f 1394 1345 1347
f 1395 1394 1347
f 1395 1347 1348
f 1396 1395 1348
f 1396 1348 1349
f 1397 1396 1349
f 1397 1349 1350
f 1398 1397 1350
f 1398 1350 1351
f 1399 1398 1351
f 1399 1351 1352
f 1400 1399 1352
f 1400 1352 1353
f 1401 1400 1353
f 1401 1353 1354
f 1402 1401 1354
f 1402 1354 1355
f 1403 1402 1355
f 1403 1355 1356
f 1404 1403 1356
f 1404 1356 1357
f 1405 1404 1357
f 1405 1357 1358
f 1406 1405 1358
f 1406 1358 1359
f 1407 1406 1359
f 1407 1359 1360
f 1408 1407 1360
f 1408 1360 1361
f 1409 1408 1361
f 1409 1361 1362
f 1410 1409 1362
f 1410 1362 1363
f 1411 1410 1363
f 1411 1363 1364
f 1412 1411 1364
f 1412 1364 1365
f 1413 1412 1365
f 1413 1365 1366
f 1414 1413 1366
f 1414 1366 1367
f 1415 1414 1367
f 1415 1367 1368
f 1416 1415 1368
f 1416 1368 1369
f 1417 1416 1369
f 1417 1369 1370
f 1418 1417 1370
f 1418 1370 1371
f 1419 1418 1371
f 1419 1371 1372
f 1420 1419 1372
f 1420 1372 1373
f 1421 1420 1373
f 1421 1373 1374
f 1422 1421 1374
f 1422 1374 1375
f 1423 1422 1375
f 1423 1375 1376
f 1424 1423 1376
f 1424 1376 1377
f 1425 1424 1377
f 1425 1377 1378
f 1426 1425 1378
f 1426 1378 1379
f 1427 1426 1379
f 1427 1379 1380
f 1428 1427 1380
f 1428 1380 1381
f 1429 1428 1381
f 1429 1381 1382
f 1430 1429 1382
f 1430 1382 1383
f 1431 1430 1383
f 1431 1383 1384
f 1432 1431 1384
f 1432 1384 1385
f 1433 1432 1385
f 1433 1385 1386
f 1434 1433 1386
f 1434 1386 1387
f 1435 1434 1387
f 1435 1387 1388
f 1436 1435 1388
f 1436 1388 1389
f 1437 1436 1389
f 1437 1389 1390
f 1438 1437 1390
f 1438 1390 1391
f 1439 1438 1391
f 1439 1391 1392
f 1440 1439 1392
f 1440 1392 1346
f 1393 1440 1346
f 1394 1441 1442
f 1393 1394 1442
f 1395 1443 1441
f 1394 1395 1441
f 1396 1444 1443
f 1395 1396 1443
f 1397 1445 1444
f 1396 1397 1444
f 1398 1446 1445
f 1397 1398 1445
f 1399 1447 1446
f 1398 1399 1446
f 1400 1448 1447
f 1399 1400 1447
f 1401 1449 1448
f 1400 1401 1448
f 1402 1450 1449
f 1401 1402 1449
f 1403 1451 1450
f 1402 1403 1450
f 1404 1452 1451
f 1403 1404 1451
f 1405 1453 1452
f 1404 1405 1452
f 1406 1454 1453
f 1405 1406 1453
f 1407 1455 1454
f 1406 1407 1454
f 1408 1456 1455
f 1407 1408 1455
f 1409 1457 1456
f 1408 1409 1456
f 1410 1458 1457
f 1409 1410 1457
f 1411 1459 1458
f 1410 1411 1458
f 1412 1460 1459
f 1411 1412 1459
f 1413 1461 1460
f 1412 1413 1460
f 1414 1462 1461
f 1413 1414 1461
f 1415 1463 1462
f 1414 1415 1462
f 1416 1464 1463
f 1415 1416 1463
f 1417 1465 1464
f 1416 1417 1464
f 1418 1466 1465
f 1417 1418 1465
f 1419 1467 1466
f 1418 1419 1466
f 1420 1468 1467
f 1419 1420 1467
f 1421 1469 1468
f 1420 1421 1468
f 1422 1470 1469
f 1421 1422 1469
f 1423 1471 1470
f 1422 1423 1470
f 1424 1472 1471
f 1423 1424 1471
f 1425 1473 1472
f 1424 1425 1472
f 1426 1474 1473
f 1425 1426 1473
f 1427 1475 1474
f 1426 1427 1474
f 1428 1476 1475
f 1427 1428 1475
f 1429 1477 1476
f 1428 1429 1476
f 1430 1478 1477
f 1429 1430 1477
f 1431 1479 1478
f 1430 1431 1478
f 1432 1480 1479
f 1431 1432 1479
f 1433 1481 1480
f 1432 1433 1480
f 1434 1482 1481
f 1433 1434 1481
f 1435 1483 1482
f 1434 1435 1482
f 1436 1484 1483
f 1435 1436 1483
f 1437 1485 1484
f 1436 1437 1484
f 1438 1486 1485
f 1437 1438 1485
f 1439 1487 1486
f 1438 1439 1486
f 1440 1488 1487
f 1439 1440 1487
f 1393 1442 1488
f 1440 1393 1488
f 1441 1489 1490
f 1442 1441 1490
f 1443 1491 1489
f 1441 1443 1489
f 1444 1492 1491
f 1443 1444 1491
f 1445 1493 1492
f 1444 1445 1492
f 1446 1494 1493
f 1445 1446 1493
f 1447 1495 1494
f 1446 1447 1494
f 1448 1496 1495
f 1447 1448 1495
f 1449 1497 1496
f 1448 1449 1496
f 1450 1498 1497
f 1449 1450 1497
f 1451 1499 1498
f 1450 1451 1498
f 1452 1500 1499
f 1451 1452 1499
f 1453 1501 1500
f 1452 1453 1500
f 1454 1502 1501
f 1453 1454 1501
f 1455 1503 1502
f 1454 1455 1502
f 1456 1504 1503
f 1455 1456 1503
f 1457 1505 1504
f 1456 1457 1504
f 1458 1506 1505
f 1457 1458 1505
f 1459 1507 1506
f 1458 1459 1506
f 1460 1508 1507
f 1459 1460 1507
f 1461 1509 1508
f 1460 1461 1508
f 1462 1510 1509
f 1461 1462 1509
f 1463 1511 1510
f 1462 1463 1510
f 1464 1512 1511
f 1463 1464 1511
f 1465 1513 1512
f 1464 1465 1512
f 1466 1514 1513
f 1465 1466 1513
f 1467 1515 1514
f 1466 1467 1514
f 1468 1516 1515
f 1467 1468 1515
f 1469 1517 1516
f 1468 1469 1516
f 1470 1518 1517
f 1469 1470 1517
f 1471 1519 1518
f 1470 1471 1518
f 1472 1520 1519
f 1471 1472 1519
f 1473 1521 1520
f 1472 1473 1520
f 1474 1522 1521
f 1473 1474 1521
f 1475 1523 1522
f 1474 1475 1522
f 1476 1524 1523
f 1475 1476 1523
f 1477 1525 1524
f 1476 1477 1524
f 1478 1526 1525
f 1477 1478 1525
f 1479 1527 1526
f 1478 1479 1526
f 1480 1528 1527
f 1479 1480 1527
f 1481 1529 1528
f 1480 1481 1528
f 1482 1530 1529
f 1481 1482 1529
f 1483 1531 1530
f 1482 1483 1530
f 1484 1532 1531
f 1483 1484 1531
f 1485 1533 1532
f 1484 1485 1532
f 1486 1534 1533
f 1485 1486 1533
f 1487 1535 1534
f 1486 1487 1534
f 1488 1536 1535
f 1487 1488 1535
f 1442 1490 1536
f 1488 1442 1536
f 1537 1490 1489
f 1538 1537 1489
f 1538 1489 1491
f 1539 1538 1491
f 1539 1491 1492
f 1540 1539 1492
f 1540 1492 1493
f 1541 1540 1493
f 1541 1493 1494
f 1542 1541 1494
f 1542 1494 1495
f 1543 1542 1495
f 1543 1495 1496
f 1544 1543 1496
f 1544 1496 1497
f 1545 1544 1497
f 1545 1497 1498
f 1546 1545 1498
f 1546 1498 1499
f 1547 1546 1499
f 1547 1499 1500
f 1548 1547 1500
f 1548 1500 1501
f 1549 1548 1501
f 1549 1501 1502
f 1550 1549 1502
f 1550 1502 1503
f 1551 1550 1503
f 1551 1503 1504
f 1552 1551 1504
f 1552 1504 1505
f 1553 1552 1505
f 1553 1505 1506
f 1554 1553 1506
f 1554 1506 1507
f 1555 1554 1507
f 1555 1507 1508
f 1556 1555 1508
f 1556 1508 1509
f 1557 1556 1509
f 1557 1509 1510
f 1558 1557 1510
f 1558 1510 1511
f 1559 1558 1511
f 1559 1511 1512
f 1560 1559 1512
f 1560 1512 1513
f 1561 1560 1513
f 1561 1513 1514
f 1562 1561 1514
f 1562 1514 1515
f 1563 1562 1515
f 1563 1515 1516
f 1564 1563 1516
f 1564 1516 1517
f 1565 1564 1517
f 1565 1517 1518
f 1566 1565 1518
f 1566 1518 1519
f 1567 1566 1519
f 1567 1519 1520
f 1568 1567 1520
f 1568 1520 1521
f 1569 1568 1521
f 1569 1521 1522
f 1570 1569 1522
f 1570 1522 1523
f 1571 1570 1523
f 1571 1523 1524
f 1572 1571 1524
f 1572 1524 1525
f 1573 1572 1525
f 1573 1525 1526
f 1574 1573 1526
f 1574 1526 1527
f 1575 1574 1527
f 1575 1527 1528
f 1576 1575 1528
f 1576 1528 1529
f 1577 1576 1529
f 1577 1529 1530
f 1578 1577 1530
f 1578 1530 1531
f 1579 1578 1531
f 1579 1531 1532
f 1580 1579 1532
f 1580 1532 1533
f 1581 1580 1533
f 1581 1533 1534
f 1582 1581 1534
f 1582 1534 1535
f 1583 1582 1535
f 1583 1535 1536
f 1584 1583 1536
f 1584 1536 1490
f 1537 1584 1490
f 1538 1585 1586
f 1537 1538 1586
f 1539 1587 1585
f 1538 1539 1585
f 1540 1588 1587
f 1539 1540 1587
f 1541 1589 1588
f 1540 1541 1588
f 1542 1590 1589
f 1541 1542 1589
f 1543 1591 1590
f 1542 1543 1590
f 1544 1592 1591
f 1543 1544 1591
f 1545 1593 1592
f 1544 1545 1592
f 1546 1594 1593
f 1545 1546 1593
f 1547 1595 1594
f 1546 1547 1594
f 1548 1596 1595
f 1547 1548 1595
f 1549 1597 1596
f 1548 1549 1596
f 1550 1598 1597
f 1549 1550 1597
f 1551 1599 1598
f 1550 1551 1598
f 1552 1600 1599
f 1551 1552 1599
f 1553 1601 1600
f 1552 1553 1600
f 1554 1602 1601
f 1553 1554 1601
f 1555 1603 1602
f 1554 1555 1602
f 1556 1604 1603
f 1555 1556 1603
f 1557 1605 1604
f 1556 1557 1604
f 1558 1606 1605
f 1557 1558 1605
f 1559 1607 1606
f 1558 1559 1606
f 1560 1608 1607
f 1559 1560 1607
f 1561 1609 1608
f 1560 1561 1608
f 1562 1610 1609
f 1561 1562 1609
f 1563 1611 1610
f 1562 1563 1610
f 1564 1612 1611
f 1563 1564 1611
f 1565 1613 1612
f 1564 1565 1612
f 1566 1614 1613
f 1565 1566 1613
f 1567 1615 1614
f 1566 1567 1614
f 1568 1616 1615
f 1567 1568 1615
f 1569 1617 1616
f 1568 1569 1616
f 1570 1618 1617
f 1569 1570 1617
f 1571 1619 1618
f 1570 1571 1618
f 1572 1620 1619
f 1571 1572 1619
f 1573 1621 1620
f 1572 1573 1620
f 1574 1622 1621
f 1573 1574 1621
f 1575 1623 1622
f 1574 1575 1622
f 1576 1624 1623
f 1575 1576 1623
f 1577 1625 1624
f 1576 1577 1624
f 1578 1626 1625
f 1577 1578 1625
f 1579 1627 1626
f 1578 1579 1626
f 1580 1628 1627
f 1579 1580 1627
f 1581 1629 1628
f 1580 1581 1628
f 1582 1630 1629
f 1581 1582 1629
f 1583 1631 1630
f 1582 1583 1630
f 1584 1632 1631
f 1583 1584 1631
f 1537 1586 1632
f 1584 1537 1632
f 1633 1586 1585
f 1634 1633 1585
f 1634 1585 1587
f 1635 1634 1587
f 1635 1587 1588
f 1636 1635 1588
f 1636 1588 1589
f 1637 1636 1589
f 1637 1589 1590
f 1638 1637 1590
f 1638 1590 1591
f 1639 1638 1591
f 1639 1591 1592
f 1640 1639 1592
f 1640 1592 1593
f 1641 1640 1593
f 1641 1593 1594
f 1642 1641 1594
f 1642 1594 1595
f 1643 1642 1595
f 1643 1595 1596
f 1644 1643 1596
f 1644 1596 1597
f 1645 1644 1597
f 1645 1597 1598
f 1646 1645 1598
f 1646 1598 1599
f 1647 1646 1599
f 1647 1599 1600
f 1648 1647 1600
f 1648 1600 1601
f 1649 1648 1601
f 1649 1601 1602
f 1650 1649 1602
f 1650 1602 1603
f 1651 1650 1603
f 1651 1603 1604
f 1652 1651 1604
f 1652 1604 1605
f 1653 1652 1605
f 1653 1605 1606
f 1654 1653 1606
f 1654 1606 1607
f 1655 1654 1607
f 1655 1607 1608
f 1656 1655 1608
f 1656 1608 1609
f 1657 1656 1609
f 1657 1609 1610
f 1658 1657 1610
f 1658 1610 1611
f 1659 1658 1611
f 1659 1611 1612
f 1660 1659 1612
f 1660 1612 1613
f 1661 1660 1613
f 1661 1613 1614
f 1662 1661 1614
f 1662 1614 1615
f 1663 1662 1615
f 1663 1615 1616
f 1664 1663 1616
f 1664 1616 1617
f 1665 1664 1617
f 1665 1617 1618
f 1666 1665 1618
f 1666 1618 1619
f 1667 1666 1619
f 1667 1619 1620
f 1668 1667 1620
f 1668 1620 1621
f 1669 1668 1621
f 1669 1621 1622
f 1670 1669 1622
f 1670 1622 1623
f 1671 1670 1623
f 1671 1623 1624
f 1672 1671 1624
f 1672 1624 1625
f 1673 1672 1625
f 1673 1625 1626
f 1674 1673 1626
f 1674 1626 1627
f 1675 1674 1627
f 1675 1627 1628
f 1676 1675 1628
f 1676 1628 1629
f 1677 1676 1629
f 1677 1629 1630
f 1678 1677 1630
f 1678 1630 1631
f 1679 1678 1631
f 1679 1631 1632
f 1680 1679 1632
f 1680 1632 1586
f 1633 1680 1586
f 1633 1634 1681
f 1633 1681 1682
f 1634 1635 1683
f 1634 1683 1681
f 1635 1636 1684
f 1635 1684 1683
f 1636 1637 1685
f 1636 1685 1684
f 1637 1638 1686
f 1637 1686 1685
f 1638 1639 1687
f 1638 1687 1686
f 1639 1640 1688
f 1639 1688 1687
f 1640 1641 1689
f 1640 1689 1688
f 1641 1642 1690
f 1641 1690 1689
f 1642 1643 1691
f 1642 1691 1690
f 1643 1644 1692
f 1643 1692 1691
f 1644 1645 1693
f 1644 1693 1692
f 1645 1646 1694
f 1645 1694 1693
f 1646 1647 1695
f 1646 1695 1694
f 1647 1648 1696
f 1647 1696 1695
f 1648 1649 1697
f 1648 1697 1696
f 1649 1650 1698
f 1649 1698 1697
f 1650 1651 1699
f 1650 1699 1698
f 1651 1652 1700
f 1651 1700 1699
f 1652 1653 1701
f 1652 1701 1700
f 1653 1654 1702
f 1653 1702 1701
f 1654 1655 1703
f 1654 1703 1702
f 1655 1656 1704
f 1655 1704 1703
f 1656 1657 1705
f 1656 1705 1704
f 1657 1658 1706
f 1657 1706 1705
f 1658 1659 1707
f 1658 1707 1706
f 1659 1660 1708
f 1659 1708 1707
f 1660 1661 1709
f 1660 1709 1708
f 1661 1662 1710
f 1661 1710 1709
f 1662 1663 1711
f 1662 1711 1710
f 1663 1664 1712
f 1663 1712 1711
f 1664 1665 1713
f 1664 1713 1712
f 1665 1666 1714
f 1665 1714 1713
f 1666 1667 1715
f 1666 1715 1714
f 1667 1668 1716
f 1667 1716 1715
f 1668 1669 1717
f 1668 1717 1716
f 1669 1670 1718
f 1669 1718 1717
f 1670 1671 1719
f 1670 1719 1718
f 1671 1672 1720
f 1671 1720 1719
f 1672 1673 1721
f 1672 1721 1720
f 1673 1674 1722
f 1673 1722 1721
f 1674 1675 1723
f 1674 1723 1722
f 1675 1676 1724
f 1675 1724 1723
f 1676 1677 1725
f 1676 1725 1724
f 1677 1678 1726
f 1677 1726 1725
f 1678 1679 1727
f 1678 1727 1726
f 1679 1680 1728
f 1679 1728 1727
f 1680 1633 1682
f 1680 1682 1728
f 1729 1730 1682
f 1729 1682 1681
f 1731 1729 1681
f 1731 1681 1683
f 1732 1731 1683
f 1732 1683 1684
f 1733 1732 1684
f 1733 1684 1685
f 1734 1733 1685
f 1734 1685 1686
f 1735 1734 1686
f 1735 1686 1687
f 1736 1735 1687
f 1736 1687 1688
f 1737 1736 1688
f 1737 1688 1689
f 1738 1737 1689
f 1738 1689 1690
f 1739 1738 1690
f 1739 1690 1691
f 1740 1739 1691
f 1740 1691 1692
f 1741 1740 1692
f 1741 1692 1693
f 1742 1741 1693
f 1742 1693 1694
f 1743 1742 1694
f 1743 1694 1695
f 1744 1743 1695
f 1744 1695 1696
f 1745 1744 1696
f 1745 1696 1697
f 1746 1745 1697
f 1746 1697 1698
f 1747 1746 1698
f 1747 1698 1699
f 1748 1747 1699
f 1748 1699 1700
f 1749 1748 1700
f 1749 1700 1701
f 1750 1749 1701
f 1750 1701 1702
f 1751 1750 1702
f 1751 1702 1703
f 1752 1751 1703
f 1752 1703 1704
f 1753 1752 1704
f 1753 1704 1705
f 1754 1753 1705
f 1754 1705 1706
f 1755 1754 1706
f 1755 1706 1707
f 1756 1755 1707
f 1756 1707 1708
f 1757 1756 1708
f 1757 1708 1709
f 1758 1757 1709
f 1758 1709 1710
f 1759 1758 1710
f 1759 1710 1711
f 1760 1759 1711
f 1760 1711 1712
f 1761 1760 1712
f 1761 1712 1713
f 1762 1761 1713
f 1762 1713 1714
f 1763 1762 1714
f 1763 1714 1715
f 1764 1763 1715
f 1764 1715 1716
f 1765 1764 1716
f 1765 1716 1717
f 1766 1765 1717
f 1766 1717 1718
f 1767 1766 1718
f 1767 1718 1719
f 1768 1767 1719
f 1768 1719 1720
f 1769 1768 1720
f 1769 1720 1721
f 1770 1769 1721
f 1770 1721 1722
f 1771 1770 1722
f 1771 1722 1723
f 1772 1771 1723
f 1772 1723 1724
f 1773 1772 1724
f 1773 1724 1725
f 1774 1773 1725
f 1774 1725 1726
f 1775 1774 1726
f 1775 1726 1727
f 1776 1775 1727
f 1776 1727 1728
f 1730 1776 1728
f 1730 1728 1682
f 1730 1729 1777
f 1730 1777 1778
f 1729 1731 1779
f 1729 1779 1777
f 1731 1732 1780
f 1731 1780 1779
f 1732 1733 1781
f 1732 1781 1780
f 1733 1734 1782
f 1733 1782 1781
f 1734 1735 1783
f 1734 1783 1782
f 1735 1736 1784
f 1735 1784 1783
f 1736 1737 1785
f 1736 1785 1784
f 1737 1738 1786
f 1737 1786 1785
f 1738 1739 1787
f 1738 1787 1786
f 1739 1740 1788
f 1739 1788 1787
f 1740 1741 1789
f 1740 1789 1788
f 1741 1742 1790
f 1741 1790 1789
f 1742 1743 1791
f 1742 1791 1790
f 1743 1744 1792
f 1743 1792 1791
f 1744 1745 1793
f 1744 1793 1792
f 1745 1746 1794
f 1745 1794 1793
f 1746 1747 1795
f 1746 1795 1794
f 1747 1748 1796
f 1747 1796 1795
f 1748 1749 1797
f 1748 1797 1796
f 1749 1750 1798
f 1749 1798 1797
f 1750 1751 1799
f 1750 1799 1798
f 1751 1752 1800
f 1751 1800 1799
f 1752 1753 1801
f 1752 1801 1800
f 1753 1754 1802
f 1753 1802 1801
f 1754 1755 1803
f 1754 1803 1802
f 1755 1756 1804
f 1755 1804 1803
f 1756 1757 1805
f 1756 1805 1804
f 1757 1758 1806
f 1757 1806 1805
f 1758 1759 1807
f 1758 1807 1806
f 1759 1760 1808
f 1759 1808 1807
f 1760 1761 1809
f 1760 1809 1808
f 1761 1762 1810
f 1761 1810 1809
f 1762 1763 1811
f 1762 1811 1810
f 1763 1764 1812
f 1763 1812 1811
f 1764 1765 1813
f 1764 1813 1812
f 1765 1766 1814
f 1765 1814 1813
f 1766 1767 1815
f 1766 1815 1814
f 1767 1768 1816
f 1767 1816 1815
f 1768 1769 1817
f 1768 1817 1816
f 1769 1770 1818
f 1769 1818 1817
f 1770 1771 1819
f 1770 1819 1818
f 1771 1772 1820
f 1771 1820 1819
f 1772 1773 1821
f 1772 1821 1820
f 1773 1774 1822
f 1773 1822 1821
f 1774 1775 1823
f 1774 1823 1822
f 1775 1776 1824
f 1775 1824 1823
f 1776 1730 1778
f 1776 1778 1824
f 1778 1777 1825
f 1778 1825 1826
f 1777 1779 1827
f 1777 1827 1825
f 1779 1780 1828
f 1779 1828 1827
f 1780 1781 1829
f 1780 1829 1828
f 1781 1782 1830
f 1781 1830 1829
f 1782 1783 1831
f 1782 1831 1830
f 1783 1784 1832
f 1783 1832 1831
f 1784 1785 1833
f 1784 1833 1832
f 1785 1786 1834
f 1785 1834 1833
f 1786 1787 1835
f 1786 1835 1834
f 1787 1788 1836
f 1787 1836 1835
f 1788 1789 1837
f 1788 1837 1836
f 1789 1790 1838
f 1789 1838 1837
f 1790 1791 1839
f 1790 1839 1838
f 1791 1792 1840
f 1791 1840 1839
f 1792 1793 1841
f 1792 1841 1840
f 1793 1794 1842
f 1793 1842 1841
f 1794 1795 1843
f 1794 1843 1842
f 1795 1796 1844
f 1795 1844 1843
f 1796 1797 1845
f 1796 1845 1844
f 1797 1798 1846
f 1797 1846 1845
f 1798 1799 1847
f 1798 1847 1846
f 1799 1800 1848
f 1799 1848 1847
f 1800 1801 1849
f 1800 1849 1848
f 1801 1802 1850
f 1801 1850 1849
f 1802 1803 1851
f 1802 1851 1850
f 1803 1804 1852
f 1803 1852 1851
f 1804 1805 1853
f 1804 1853 1852
f 1805 1806 1854
f 1805 1854 1853
f 1806 1807 1855
f 1806 1855 1854
f 1807 1808 1856
f 1807 1856 1855
f 1808 1809 1857
f 1808 1857 1856
f 1809 1810 1858
f 1809 1858 1857
f 1810 1811 1859
f 1810 1859 1858
f 1811 1812 1860
f 1811 1860 1859
f 1812 1813 1861
f 1812 1861 1860
f 1813 1814 1862
f 1813 1862 1861
f 1814 1815 1863
f 1814 1863 1862
f 1815 1816 1864
f 1815 1864 1863
f 1816 1817 1865
f 1816 1865 1864
f 1817 1818 1866
f 1817 1866 1865
f 1818 1819 1867
f 1818 1867 1866
f 1819 1820 1868
f 1819 1868 1867
f 1820 1821 1869
f 1820 1869 1868
f 1821 1822 1870
f 1821 1870 1869
f 1822 1823 1871
f 1822 1871 1870
f 1823 1824 1872
f 1823 1872 1871
f 1824 1778 1826
f 1824 1826 1872
f 1873 1874 1826
f 1873 1826 1825
f 1875 1873 1825
f 1875 1825 1827
f 1876 1875 1827
f 1876 1827 1828
f 1877 1876 1828
f 1877 1828 1829
f 1878 1877 1829
f 1878 1829 1830
f 1879 1878 1830
f 1879 1830 1831
f 1880 1879 1831
f 1880 1831 1832
f 1881 1880 1832
f 1881 1832 1833
f 1882 1881 1833
f 1882 1833 1834
f 1883 1882 1834
f 1883 1834 1835
f 1884 1883 1835
f 1884 1835 1836
f 1885 1884 1836
f 1885 1836 1837
f 1886 1885 1837
f 1886 1837 1838
f 1887 1886 1838
f 1887 1838 1839
f 1888 1887 1839
f 1888 1839 1840
f 1889 1888 1840
f 1889 1840 1841
f 1890 1889 1841
f 1890 1841 1842
f 1891 1890 1842
f 1891 1842 1843
f 1892 1891 1843
f 1892 1843 1844
f 1893 1892 1844
f 1893 1844 1845
f 1894 1893 1845
f 1894 1845 1846
f 1895 1894 1846
f 1895 1846 1847
f 1896 1895 1847
f 1896 1847 1848
f 1897 1896 1848
f 1897 1848 1849
f 1898 1897 1849
f 1898 1849 1850
f 1899 1898 1850
f 1899 1850 1851
f 1900 1899 1851
f 1900 1851 1852
f 1901 1900 1852
f 1901 1852 1853
f 1902 1901 1853
f 1902 1853 1854
f 1903 1902 1854
f 1903 1854 1855
f 1904 1903 1855
f 1904 1855 1856
f 1905 1904 1856
f 1905 1856 1857
f 1906 1905 1857
f 1906 1857 1858
f 1907 1906 1858
f 1907 1858 1859
f 1908 1907 1859
f 1908 1859 1860
f 1909 1908 1860
f 1909 1860 1861
f 1910 1909 1861
f 1910 1861 1862
f 1911 1910 1862
f 1911 1862 1863
f 1912 1911 1863
f 1912 1863 1864
f 1913 1912 1864
f 1913 1864 1865
f 1914 1913 1865
f 1914 1865 1866
f 1915 1914 1866
f 1915 1866 1867
f 1916 1915 1867
f 1916 1867 1868
f 1917 1916 1868
f 1917 1868 1869
f 1918 1917 1869
f 1918 1869 1870
f 1919 1918 1870
f 1919 1870 1871
f 1920 1919 1871
f 1920 1871 1872
f 1874 1920 1872
f 1874 1872 1826
f 1873 1921 1922
f 1874 1873 1922
f 1875 1923 1921
f 1873 1875 1921
f 1876 1924 1923
f 1875 1876 1923
f 1877 1925 1924
f 1876 1877 1924
f 1878 1926 1925
f 1877 1878 1925
f 1879 1927 1926
f 1878 1879 1926
f 1880 1928 1927
f 1879 1880 1927
f 1881 1929 1928
f 1880 1881 1928
f 1882 1930 1929
f 1881 1882 1929
f 1883 1931 1930
f 1882 1883 1930
f 1884 1932 1931
f 1883 1884 1931
f 1885 1933 1932
f 1884 1885 1932
f 1886 1934 1933
f 1885 1886 1933
f 1887 1935 1934
f 1886 1887 1934
f 1888 1936 1935
f 1887 1888 1935
f 1889 1937 1936
f 1888 1889 1936
f 1890 1938 1937
f 1889 1890 1937
f 1891 1939 1938
f 1890 1891 1938
f 1892 1940 1939
f 1891 1892 1939
f 1893 1941 1940
f 1892 1893 1940
f 1894 1942 1941
f 1893 1894 1941
f 1895 1943 1942
f 1894 1895 1942
f 1896 1944 1943
f 1895 1896 1943
f 1897 1945 1944
f 1896 1897 1944
f 1898 1946 1945
f 1897 1898 1945
f 1899 1947 1946
f 1898 1899 1946
f 1900 1948 1947
f 1899 1900 1947
f 1901 1949 1948
f 1900 1901 1948
f 1902 1950 1949
f 1901 1902 1949
f 1903 1951 1950
f 1902 1903 1950
f 1904 1952 1951
f 1903 1904 1951
f 1905 1953 1952
f 1904 1905 1952
f 1906 1954 1953
f 1905 1906 1953
f 1907 1955 1954
f 1906 1907 1954
f 1908 1956 1955
f 1907 1908 1955
f 1909 1957 1956
f 1908 1909 1956
f 1910 1958 1957
f 1909 1910 1957
f 1911 1959 1958
f 1910 1911 1958
f 1912 1960 1959
f 1911 1912 1959
f 1913 1961 1960
f 1912 1913 1960
f 1914 1962 1961
f 1913 1914 1961
f 1915 1963 1962
f 1914 1915 1962
f 1916 1964 1963
f 1915 1916 1963
f 1917 1965 1964
f 1916 1917 1964
f 1918 1966 1965
f 1917 1918 1965
f 1919 1967 1966
f 1918 1919 1966
f 1920 1968 1967
f 1919 1920 1967
f 1874 1922 1968
f 1920 1874 1968
f 1921 1969 1970
f 1922 1921 1970
f 1923 1971 1969
f 1921 1923 1969
f 1924 1972 1971
f 1923 1924 1971
f 1925 1973 1972
f 1924 1925 1972
f 1926 1974 1973
f 1925 1926 1973
f 1927 1975 1974
f 1926 1927 1974
f 1928 1976 1975
f 1927 1928 1975
f 1929 1977 1976
f 1928 1929 1976
f 1930 1978 1977
f 1929 1930 1977
f 1931 1979 1978
f 1930 1931 1978
f 1932 1980 1979
f 1931 1932 1979
f 1933 1981 1980
f 1932 1933 1980
f 1934 1982 1981
f 1933 1934 1981
f 1935 1983 1982
f 1934 1935 1982
f 1936 1984 1983
f 1935 1936 1983
f 1937 1985 1984
f 1936 1937 1984
f 1938 1986 1985
f 1937 1938 1985
f 1939 1987 1986
f 1938 1939 1986
f 1940 1988 1987
f 1939 1940 1987
f 1941 1989 1988
f 1940 1941 1988
f 1942 1990 1989
f 1941 1942 1989
f 1943 1991 1990
f 1942 1943 1990
f 1944 1992 1991
f 1943 1944 1991
f 1945 1993 1992
f 1944 1945 1992
f 1946 1994 1993
f 1945 1946 1993
f 1947 1995 1994
f 1946 1947 1994
f 1948 1996 1995
f 1947 1948 1995
f 1949 1997 1996
f 1948 1949 1996
f 1950 1998 1997
f 1949 1950 1997
f 1951 1999 1998
f 1950 1951 1998
f 1952 2000 1999
f 1951 1952 1999
f 1953 2001 2000
f 1952 1953 2000
f 1954 2002 2001
f 1953 1954 2001
f 1955 2003 2002
f 1954 1955 2002
f 1956 2004 2003
f 1955 1956 2003
f 1957 2005 2004
f 1956 1957 2004
f 1958 2006 2005
f 1957 1958 2005
f 1959 2007 2006
f 1958 1959 2006
f 1960 2008 2007
f 1959 1960 2007
f 1961 2009 2008
f 1960 1961 2008
f 1962 2010 2009
f 1961 1962 2009
f 1963 2011 2010
f 1962 1963 2010
f 1964 2012 2011
f 1963 1964 2011
f 1965 2013 2012
f 1964 1965 2012
f 1966 2014 2013
f 1965 1966 2013
f 1967 2015 2014
f 1966 1967 2014
f 1968 2016 2015
f 1967 1968 2015
f 1922 1970 2016
f 1968 1922 2016
f 2017 2018 1970
f 2017 1970 1969
f 2019 2017 1969
f 2019 1969 1971
f 2020 2019 1971
f 2020 1971 1972
f 2021 2020 1972
f 2021 1972 1973
f 2022 2021 1973
f 2022 1973 1974
f 2023 2022 1974
f 2023 1974 1975
f 2024 2023 1975
f 2024 1975 1976
f 2025 2024 1976
f 2025 1976 1977
f 2026 2025 1977
f 2026 1977 1978
f 2027 2026 1978
f 2027 1978 1979
f 2028 2027 1979
f 2028 1979 1980
f 2029 2028 1980
f 2029 1980 1981
f 2030 2029 1981
f 2030 1981 1982
f 2031 2030 1982
f 2031 1982 1983
f 2032 2031 1983
f 2032 1983 1984
f 2033 2032 1984
f 2033 1984 1985
f 2034 2033 1985
f 2034 1985 1986
f 2035 2034 1986
f 2035 1986 1987
f 2036 2035 1987
f 2036 1987 1988
f 2037 2036 1988
f 2037 1988 1989
f 2038 2037 1989
f 2038 1989 1990
f 2039 2038 1990
f 2039 1990 1991
f 2040 2039 1991
f 2040 1991 1992
f 2041 2040 1992
f 2041 1992 1993
f 2042 2041 1993
f 2042 1993 1994
f 2043 2042 1994
f 2043 1994 1995
f 2044 2043 1995
f 2044 1995 1996
f 2045 2044 1996
f 2045 1996 1997
f 2046 2045 1997
f 2046 1997 1998
f 2047 2046 1998
f 2047 1998 1999
f 2048 2047 1999
f 2048 1999 2000
f 2049 2048 2000
f 2049 2000 2001
f 2050 2049 2001
f 2050 2001 2002
f 2051 2050 2002
f 2051 2002 2003
f 2052 2051 2003
f 2052 2003 2004
f 2053 2052 2004
f 2053 2004 2005
f 2054 2053 2005
f 2054 2005 2006
f 2055 2054 2006
f 2055 2006 2007
f 2056 2055 2007
f 2056 2007 2008
f 2057 2056 2008
f 2057 2008 2009
f 2058 2057 2009
f 2058 2009 2010
f 2059 2058 2010
f 2059 2010 2011
f 2060 2059 2011
f 2060 2011 2012
f 2061 2060 2012
f 2061 2012 2013
f 2062 2061 2013
f 2062 2013 2014
f 2063 2062 2014
f 2063 2014 2015
f 2064 2063 2015
f 2064 2015 2016
f 2018 2064 2016
f 2018 2016 1970
f 2065 2066 1019
f 2065 1019 947
f 2066 2067 1021
f 2066 1021 1019
f 2067 2068 1022
f 2067 1022 1021
f 2068 2069 1023
f 2068 1023 1022
f 2069 2070 1025
f 2069 1025 1023
f 2070 2071 1026
f 2070 1026 1025
f 2071 2072 1096
f 2071 1096 1026
f 2072 2073 1095
f 2072 1095 1096
f 2073 2074 1093
f 2073 1093 1095
f 2074 2075 1092
f 2074 1092 1093
f 2075 2076 1091
f 2075 1091 1092
f 2076 2077 586
f 2076 586 1091
f 2077 2078 584
f 2077 584 586
f 2078 2079 587
f 2078 587 584
f 2079 2080 588
f 2079 588 587
f 2080 2081 589
f 2080 589 588
f 2081 2082 591
f 2081 591 589
f 2082 2083 592
f 2082 592 591
f 2083 2084 666
f 2083 666 592
f 2084 2085 665
f 2084 665 666
f 2085 2086 663
f 2085 663 665
f 2086 2087 662
f 2086 662 663
f 2087 2088 661
f 2087 661 662
f 2088 2089 659
f 2088 659 661
f 2089 2090 731
f 2089 731 659
f 2090 2091 733
f 2090 733 731
f 2091 2092 734
f 2091 734 733
f 2092 2093 735
f 2092 735 734
f 2093 2094 737
f 2093 737 735
f 2094 2095 738
f 2094 738 737
f 2095 2096 810
f 2095 810 738
f 2096 2097 809
f 2096 809 810
f 2097 2098 807
f 2097 807 809
f 2098 2099 806
f 2098 806 807
f 2099 2100 805
f 2099 805 806
f 2100 2101 803
f 2100 803 805
f 2101 2102 875
f 2101 875 803
f 2102 2103 877
f 2102 877 875
f 2103 2104 878
f 2103 878 877
f 2104 2105 879
f 2104 879 878
f 2105 2106 881
f 2105 881 879
f 2106 2107 882
f 2106 882 881
f 2107 2108 954
f 2107 954 882
f 2108 2109 953
f 2108 953 954
f 2109 2110 951
f 2109 951 953
f 2110 2111 950
f 2110 950 951
f 2111 2112 949
f 2111 949 950
f 2112 2065 947
f 2112 947 949
f 2018 2017 2066
f 2018 2066 2065
f 2017 2019 2067
f 2017 2067 2066
f 2019 2020 2068
f 2019 2068 2067
f 2020 2021 2069
f 2020 2069 2068
f 2021 2022 2070
f 2021 2070 2069
f 2022 2023 2071
f 2022 2071 2070
f 2023 2024 2072
f 2023 2072 2071
f 2024 2025 2073
f 2024 2073 2072
f 2025 2026 2074
f 2025 2074 2073
f 2026 2027 2075
f 2026 2075 2074
f 2027 2028 2076
f 2027 2076 2075
f 2028 2029 2077
f 2028 2077 2076
f 2029 2030 2078
f 2029 2078 2077
f 2030 2031 2079
f 2030 2079 2078
f 2031 2032 2080
f 2031 2080 2079
f 2032 2033 2081
f 2032 2081 2080
f 2033 2034 2082
f 2033 2082 2081
f 2034 2035 2083
f 2034 2083 2082
f 2035 2036 2084
f 2035 2084 2083
f 2036 2037 2085
f 2036 2085 2084
f 2037 2038 2086
f 2037 2086 2085
f 2038 2039 2087
f 2038 2087 2086
f 2039 2040 2088
f 2039 2088 2087
f 2040 2041 2089
f 2040 2089 2088
f 2041 2042 2090
f 2041 2090 2089
f 2042 2043 2091
f 2042 2091 2090
f 2043 2044 2092
f 2043 2092 2091
f 2044 2045 2093
f 2044 2093 2092
f 2045 2046 2094
f 2045 2094 2093
f 2046 2047 2095
f 2046 2095 2094
f 2047 2048 2096
f 2047 2096 2095
f 2048 2049 2097
f 2048 2097 2096
f 2049 2050 2098
f 2049 2098 2097
f 2050 2051 2099
f 2050 2099 2098
f 2051 2052 2100
f 2051 2100 2099
f 2052 2053 2101
f 2052 2101 2100
f 2053 2054 2102
f 2053 2102 2101
f 2054 2055 2103
f 2054 2103 2102
f 2055 2056 2104
f 2055 2104 2103
f 2056 2057 2105
f 2056 2105 2104
f 2057 2058 2106
f 2057 2106 2105
f 2058 2059 2107
f 2058 2107 2106
f 2059 2060 2108
f 2059 2108 2107
f 2060 2061 2109
f 2060 2109 2108
f 2061 2062 2110
f 2061 2110 2109
f 2062 2063 2111
f 2062 2111 2110
f 2063 2064 2112
f 2063 2112 2111
f 2064 2018 2065
f 2064 2065 2112
f 366 2113 2114
f 438 366 2114
f 438 2114 2115
f 439 438 2115
f 439 2115 2116
f 437 439 2116
f 437 2116 2117
f 441 437 2117
f 441 2117 2118
f 442 441 2118
f 442 2118 2119
f 440 442 2119
f 440 2119 2120
f 513 440 2120
f 513 2120 2121
f 512 513 2121
f 512 2121 2122
f 510 512 2122
f 510 2122 2123
f 511 510 2123
f 511 2123 2124
f 509 511 2124
f 509 2124 2125
f 2 509 2125
f 2 2125 2126
f 3 2 2126
f 3 2126 2127
f 4 3 2127
f 4 2127 2128
f 1 4 2128
f 1 2128 2129
f 6 1 2129
f 6 2129 2130
f 7 6 2130
f 7 2130 2131
f 5 7 2131
f 5 2131 2132
f 82 5 2132
f 82 2132 2133
f 81 82 2133
f 81 2133 2134
f 79 81 2134
f 79 2134 2135
f 80 79 2135
f 80 2135 2136
f 77 80 2136
f 77 2136 2137
f 78 77 2137
f 78 2137 2138
f 150 78 2138
f 150 2138 2139
f 151 150 2139
f 151 2139 2140
f 149 151 2140
f 149 2140 2141
f 153 149 2141
f 153 2141 2142
f 154 153 2142
f 154 2142 2143
f 152 154 2143
f 152 2143 2144
f 226 152 2144
f 226 2144 2145
f 225 226 2145
f 225 2145 2146
f 223 225 2146
f 223 2146 2147
f 224 223 2147
f 224 2147 2148
f 221 224 2148
f 221 2148 2149
f 222 221 2149
f 222 2149 2150
f 294 222 2150
f 294 2150 2151
f 295 294 2151
f 295 2151 2152
f 293 295 2152
f 293 2152 2153
f 297 293 2153
f 297 2153 2154
f 298 297 2154
f 298 2154 2155
f 296 298 2155
f 296 2155 2156
f 370 296 2156
f 370 2156 2157
f 369 370 2157
f 369 2157 2158
f 367 369 2158
f 367 2158 2159
f 368 367 2159
f 368 2159 2160
f 365 368 2160
f 365 2160 2113
f 366 365 2113
f 2161 2114 2113
f 2162 2161 2113
f 2163 2115 2114
f 2161 2163 2114
f 2164 2116 2115
f 2163 2164 2115
f 2165 2117 2116
f 2164 2165 2116
f 2166 2118 2117
f 2165 2166 2117
f 2167 2119 2118
f 2166 2167 2118
f 2168 2120 2119
f 2167 2168 2119
f 2169 2121 2120
f 2168 2169 2120
f 2170 2122 2121
f 2169 2170 2121
f 2171 2123 2122
f 2170 2171 2122
f 2172 2124 2123
f 2171 2172 2123
f 2173 2125 2124
f 2172 2173 2124
f 2174 2126 2125
f 2173 2174 2125
f 2175 2127 2126
f 2174 2175 2126
f 2176 2128 2127
f 2175 2176 2127
f 2177 2129 2128
f 2176 2177 2128
f 2178 2130 2129
f 2177 2178 2129
f 2179 2131 2130
f 2178 2179 2130
f 2180 2132 2131
f 2179 2180 2131
f 2181 2133 2132
f 2180 2181 2132
f 2182 2134 2133
f 2181 2182 2133
f 2183 2135 2134
f 2182 2183 2134
f 2184 2136 2135
f 2183 2184 2135
f 2185 2137 2136
f 2184 2185 2136
f 2186 2138 2137
f 2185 2186 2137
f 2187 2139 2138
f 2186 2187 2138
f 2188 2140 2139
f 2187 2188 2139
f 2189 2141 2140
f 2188 2189 2140
f 2190 2142 2141
f 2189 2190 2141
f 2191 2143 2142
f 2190 2191 2142
f 2192 2144 2143
f 2191 2192 2143
f 2193 2145 2144
f 2192 2193 2144
f 2194 2146 2145
f 2193 2194 2145
f 2195 2147 2146
f 2194 2195 2146
f 2196 2148 2147
f 2195 2196 2147
f 2197 2149 2148
f 2196 2197 2148
f 2198 2150 2149
f 2197 2198 2149
f 2199 2151 2150
f 2198 2199 2150
f 2200 2152 2151
f 2199 2200 2151
f 2201 2153 2152
f 2200 2201 2152
f 2202 2154 2153
f 2201 2202 2153
f 2203 2155 2154
f 2202 2203 2154
f 2204 2156 2155
f 2203 2204 2155
f 2205 2157 2156
f 2204 2205 2156
f 2206 2158 2157
f 2205 2206 2157
f 2207 2159 2158
f 2206 2207 2158
f 2208 2160 2159
f 2207 2208 2159
f 2162 2113 2160
f 2208 2162 2160
f 2162 2209 2210
f 2161 2162 2210
f 2161 2210 2211
f 2163 2161 2211
f 2163 2211 2212
f 2164 2163 2212
f 2164 2212 2213
f 2165 2164 2213
f 2165 2213 2214
f 2166 2165 2214
f 2166 2214 2215
f 2167 2166 2215
f 2167 2215 2216
f 2168 2167 2216
f 2168 2216 2217
f 2169 2168 2217
f 2169 2217 2218
f 2170 2169 2218
f 2170 2218 2219
f 2171 2170 2219
f 2171 2219 2220
f 2172 2171 2220
f 2172 2220 2221
f 2173 2172 2221
f 2173 2221 2222
f 2174 2173 2222
f 2174 2222 2223
f 2175 2174 2223
f 2175 2223 2224
f 2176 2175 2224
f 2176 2224 2225
f 2177 2176 2225
f 2177 2225 2226
f 2178 2177 2226
f 2178 2226 2227
f 2179 2178 2227
f 2179 2227 2228
f 2180 2179 2228
f 2180 2228 2229
f 2181 2180 2229
f 2181 2229 2230
f 2182 2181 2230
f 2182 2230 2231
f 2183 2182 2231
f 2183 2231 2232
f 2184 2183 2232
f 2184 2232 2233
f 2185 2184 2233
f 2185 2233 2234
f 2186 2185 2234
f 2186 2234 2235
f 2187 2186 2235
f 2187 2235 2236
f 2188 2187 2236
f 2188 2236 2237
f 2189 2188 2237
f 2189 2237 2238
f 2190 2189 2238
f 2190 2238 2239
f 2191 2190 2239
f 2191 2239 2240
f 2192 2191 2240
f 2192 2240 2241
f 2193 2192 2241
f 2193 2241 2242
f 2194 2193 2242
f 2194 2242 2243
f 2195 2194 2243
f 2195 2243 2244
f 2196 2195 2244
f 2196 2244 2245
f 2197 2196 2245
f 2197 2245 2246
f 2198 2197 2246
f 2198 2246 2247
f 2199 2198 2247
f 2199 2247 2248
f 2200 2199 2248
f 2200 2248 2249
f 2201 2200 2249
f 2201 2249 2250
f 2202 2201 2250
f 2202 2250 2251
f 2203 2202 2251
f 2203 2251 2252
f 2204 2203 2252
f 2204 2252 2253
f 2205 2204 2253
f 2205 2253 2254
f 2206 2205 2254
f 2206 2254 2255
f 2207 2206 2255
f 2207 2255 2256
f 2208 2207 2256
f 2208 2256 2209
f 2162 2208 2209
f 2257 2258 2210
f 2257 2210 2209
f 2258 2259 2211
f 2258 2211 2210
f 2259 2260 2212
f 2259 2212 2211
f 2260 2261 2213
f 2260 2213 2212
f 2261 2262 2214
f 2261 2214 2213
f 2262 2263 2215
f 2262 2215 2214
f 2263 2264 2216
f 2263 2216 2215
f 2264 2265 2217
f 2264 2217 2216
f 2265 2266 2218
f 2265 2218 2217
f 2266 2267 2219
f 2266 2219 2218
f 2267 2268 2220
f 2267 2220 2219
f 2268 2269 2221
f 2268 2221 2220
f 2269 2270 2222
f 2269 2222 2221
f 2270 2271 2223
f 2270 2223 2222
f 2271 2272 2224
f 2271 2224 2223
f 2272 2273 2225
f 2272 2225 2224
f 2273 2274 2226
f 2273 2226 2225
f 2274 2275 2227
f 2274 2227 2226
f 2275 2276 2228
f 2275 2228 2227
f 2276 2277 2229
f 2276 2229 2228
f 2277 2278 2230
f 2277 2230 2229
f 2278 2279 2231
f 2278 2231 2230
f 2279 2280 2232
f 2279 2232 2231
f 2280 2281 2233
f 2280 2233 2232
f 2281 2282 2234
f 2281 2234 2233
f 2282 2283 2235
f 2282 2235 2234
f 2283 2284 2236
f 2283 2236 2235
f 2284 2285 2237
f 2284 2237 2236
f 2285 2286 2238
f 2285 2238 2237
f 2286 2287 2239
f 2286 2239 2238
f 2287 2288 2240
f 2287 2240 2239
f 2288 2289 2241
f 2288 2241 2240
f 2289 2290 2242
f 2289 2242 2241
f 2290 2291 2243
f 2290 2243 2242
f 2291 2292 2244
f 2291 2244 2243
f 2292 2293 2245
f 2292 2245 2244
f 2293 2294 2246
f 2293 2246 2245
f 2294 2295 2247
f 2294 2247 2246
f 2295 2296 2248
f 2295 2248 2247
f 2296 2297 2249
f 2296 2249 2248
f 2297 2298 2250
f 2297 2250 2249
f 2298 2299 2251
f 2298 2251 2250
f 2299 2300 2252
f 2299 2252 2251
f 2300 2301 2253
f 2300 2253 2252
f 2301 2302 2254
f 2301 2254 2253
f 2302 2303 2255
f 2302 2255 2254
f 2303 2304 2256
f 2303 2256 2255
f 2304 2257 2209
f 2304 2209 2256
f 2258 2257 2305
f 2258 2305 2306
f 2259 2258 2306
f 2259 2306 2307
f 2260 2259 2307
f 2260 2307 2308
f 2261 2260 2308
f 2261 2308 2309
f 2262 2261 2309
f 2262 2309 2310
f 2263 2262 2310
f 2263 2310 2311
f 2264 2263 2311
f 2264 2311 2312
f 2265 2264 2312
f 2265 2312 2313
f 2266 2265 2313
f 2266 2313 2314
f 2267 2266 2314
f 2267 2314 2315
f 2268 2267 2315
f 2268 2315 2316
f 2269 2268 2316
f 2269 2316 2317
f 2270 2269 2317
f 2270 2317 2318
f 2271 2270 2318
f 2271 2318 2319
f 2272 2271 2319
f 2272 2319 2320
f 2273 2272 2320
f 2273 2320 2321
f 2274 2273 2321
f 2274 2321 2322
f 2275 2274 2322
f 2275 2322 2323
f 2276 2275 2323
f 2276 2323 2324
f 2277 2276 2324
f 2277 2324 2325
f 2278 2277 2325
f 2278 2325 2326
f 2279 2278 2326
f 2279 2326 2327
f 2280 2279 2327
f 2280 2327 2328
f 2281 2280 2328
f 2281 2328 2329
f 2282 2281 2329
f 2282 2329 2330
f 2283 2282 2330
f 2283 2330 2331
f 2284 2283 2331
f 2284 2331 2332
f 2285 2284 2332
f 2285 2332 2333
f 2286 2285 2333
f 2286 2333 2334
f 2287 2286 2334
f 2287 2334 2335
f 2288 2287 2335
f 2288 2335 2336
f 2289 2288 2336
f 2289 2336 2337
f 2290 2289 2337
f 2290 2337 2338
f 2291 2290 2338
f 2291 2338 2339
f 2292 2291 2339
f 2292 2339 2340
f 2293 2292 2340
f 2293 2340 2341
f 2294 2293 2341
f 2294 2341 2342
f 2295 2294 2342
f 2295 2342 2343
f 2296 2295 2343
f 2296 2343 2344
f 2297 2296 2344
f 2297 2344 2345
f 2298 2297 2345
f 2298 2345 2346
f 2299 2298 2346
f 2299 2346 2347
f 2300 2299 2347
f 2300 2347 2348
f 2301 2300 2348
f 2301 2348 2349
f 2302 2301 2349
f 2302 2349 2350
f 2303 2302 2350
f 2303 2350 2351
f 2304 2303 2351
f 2304 2351 2352
f 2257 2304 2352
f 2257 2352 2305
f 2353 2306 2305
f 2354 2353 2305
f 2355 2307 2306
f 2353 2355 2306
f 2356 2308 2307
f 2355 2356 2307
f 2357 2309 2308
f 2356 2357 2308
f 2358 2310 2309
f 2357 2358 2309
f 2359 2311 2310
f 2358 2359 2310
f 2360 2312 2311
f 2359 2360 2311
f 2361 2313 2312
f 2360 2361 2312
f 2362 2314 2313
f 2361 2362 2313
f 2363 2315 2314
f 2362 2363 2314
f 2364 2316 2315
f 2363 2364 2315
f 2365 2317 2316
f 2364 2365 2316
f 2366 2318 2317
f 2365 2366 2317
f 2367 2319 2318
f 2366 2367 2318
f 2368 2320 2319
f 2367 2368 2319
f 2369 2321 2320
f 2368 2369 2320
f 2370 2322 2321
f 2369 2370 2321
f 2371 2323 2322
f 2370 2371 2322
f 2372 2324 2323
f 2371 2372 2323
f 2373 2325 2324
f 2372 2373 2324
f 2374 2326 2325
f 2373 2374 2325
f 2375 2327 2326
f 2374 2375 2326
f 2376 2328 2327
f 2375 2376 2327
f 2377 2329 2328
f 2376 2377 2328
f 2378 2330 2329
f 2377 2378 2329
f 2379 2331 2330
f 2378 2379 2330
f 2380 2332 2331
f 2379 2380 2331
f 2381 2333 2332
f 2380 2381 2332
f 2382 2334 2333
f 2381 2382 2333
f 2383 2335 2334
f 2382 2383 2334
f 2384 2336 2335
f 2383 2384 2335
f 2385 2337 2336
f 2384 2385 2336
f 2386 2338 2337
f 2385 2386 2337
f 2387 2339 2338
f 2386 2387 2338
f 2388 2340 2339
f 2387 2388 2339
f 2389 2341 2340
f 2388 2389 2340
f 2390 2342 2341
f 2389 2390 2341
f 2391 2343 2342
f 2390 2391 2342
f 2392 2344 2343
f 2391 2392 2343
f 2393 2345 2344
f 2392 2393 2344
f 2394 2346 2345
f 2393 2394 2345
f 2395 2347 2346
f 2394 2395 2346
f 2396 2348 2347
f 2395 2396 2347
f 2397 2349 2348
f 2396 2397 2348
f 2398 2350 2349
f 2397 2398 2349
f 2399 2351 2350
f 2398 2399 2350
f 2400 2352 2351
f 2399 2400 2351
f 2354 2305 2352
f 2400 2354 2352
f 2353 2354 2401
f 2353 2401 2402
f 2355 2353 2402
f 2355 2402 2403
f 2356 2355 2403
f 2356 2403 2404
f 2357 2356 2404
f 2357 2404 2405
f 2358 2357 2405
f 2358 2405 2406
f 2359 2358 2406
f 2359 2406 2407
f 2360 2359 2407
f 2360 2407 2408
f 2361 2360 2408
f 2361 2408 2409
f 2362 2361 2409
f 2362 2409 2410
f 2363 2362 2410
f 2363 2410 2411
f 2364 2363 2411
f 2364 2411 2412
f 2365 2364 2412
f 2365 2412 2413
f 2366 2365 2413
f 2366 2413 2414
f 2367 2366 2414
f 2367 2414 2415
f 2368 2367 2415
f 2368 2415 2416
f 2369 2368 2416
f 2369 2416 2417
f 2370 2369 2417
f 2370 2417 2418
f 2371 2370 2418
f 2371 2418 2419
f 2372 2371 2419
f 2372 2419 2420
f 2373 2372 2420
f 2373 2420 2421
f 2374 2373 2421
f 2374 2421 2422
f 2375 2374 2422
f 2375 2422 2423
f 2376 2375 2423
f 2376 2423 2424
f 2377 2376 2424
f 2377 2424 2425
f 2378 2377 2425
f 2378 2425 2426
f 2379 2378 2426
f 2379 2426 2427
f 2380 2379 2427
f 2380 2427 2428
f 2381 2380 2428
f 2381 2428 2429
f 2382 2381 2429
f 2382 2429 2430
f 2383 2382 2430
f 2383 2430 2431
f 2384 2383 2431
f 2384 2431 2432
f 2385 2384 2432
f 2385 2432 2433
f 2386 2385 2433
f 2386 2433 2434
f 2387 2386 2434
f 2387 2434 2435
f 2388 2387 2435
f 2388 2435 2436
f 2389 2388 2436
f 2389 2436 2437
f 2390 2389 2437
f 2390 2437 2438
f 2391 2390 2438
f 2391 2438 2439
f 2392 2391 2439
f 2392 2439 2440
f 2393 2392 2440
f 2393 2440 2441
f 2394 2393 2441
f 2394 2441 2442
f 2395 2394 2442
f 2395 2442 2443
f 2396 2395 2443
f 2396 2443 2444
f 2397 2396 2444
f 2397 2444 2445
f 2398 2397 2445
f 2398 2445 2446
f 2399 2398 2446
f 2399 2446 2447
f 2400 2399 2447
f 2400 2447 2448
f 2354 2400 2448
f 2354 2448 2401
f 2449 2450 2402
f 2449 2402 2401
f 2450 2451 2403
f 2450 2403 2402
f 2451 2452 2404
f 2451 2404 2403
f 2452 2453 2405
f 2452 2405 2404
f 2453 2454 2406
f 2453 2406 2405
f 2454 2455 2407
f 2454 2407 2406
f 2455 2456 2408
f 2455 2408 2407
f 2456 2457 2409
f 2456 2409 2408
f 2457 2458 2410
f 2457 2410 2409
f 2458 2459 2411
f 2458 2411 2410
f 2459 2460 2412
f 2459 2412 2411
f 2460 2461 2413
f 2460 2413 2412
f 2461 2462 2414
f 2461 2414 2413
f 2462 2463 2415
f 2462 2415 2414
f 2463 2464 2416
f 2463 2416 2415
f 2464 2465 2417
f 2464 2417 2416
f 2465 2466 2418
f 2465 2418 2417
f 2466 2467 2419
f 2466 2419 2418
f 2467 2468 2420
f 2467 2420 2419
f 2468 2469 2421
f 2468 2421 2420
f 2469 2470 2422
f 2469 2422 2421
f 2470 2471 2423
f 2470 2423 2422
f 2471 2472 2424
f 2471 2424 2423
f 2472 2473 2425
f 2472 2425 2424
f 2473 2474 2426
f 2473 2426 2425
f 2474 2475 2427
f 2474 2427 2426
f 2475 2476 2428
f 2475 2428 2427
f 2476 2477 2429
f 2476 2429 2428
f 2477 2478 2430
f 2477 2430 2429
f 2478 2479 2431
f 2478 2431 2430
f 2479 2480 2432
f 2479 2432 2431
f 2480 2481 2433
f 2480 2433 2432
f 2481 2482 2434
f 2481 2434 2433
f 2482 2483 2435
f 2482 2435 2434
f 2483 2484 2436
f 2483 2436 2435
f 2484 2485 2437
f 2484 2437 2436
f 2485 2486 2438
f 2485 2438 2437
f 2486 2487 2439
f 2486 2439 2438
f 2487 2488 2440
f 2487 2440 2439
f 2488 2489 2441
f 2488 2441 2440
f 2489 2490 2442
f 2489 2442 2441
f 2490 2491 2443
f 2490 2443 2442
f 2491 2492 2444
f 2491 2444 2443
f 2492 2493 2445
f 2492 2445 2444
f 2493 2494 2446
f 2493 2446 2445
f 2494 2495 2447
f 2494 2447 2446
f 2495 2496 2448
f 2495 2448 2447
f 2496 2449 2401
f 2496 2401 2448
f 2450 2449 942
f 2450 942 1013
f 2451 2450 1013
f 2451 1013 1015
f 2452 2451 1015
f 2452 1015 1014
f 2453 2452 1014
f 2453 1014 1016
f 2454 2453 1016
f 2454 1016 1018
f 2455 2454 1018
f 2455 1018 1017
f 2456 2455 1017
f 2456 1017 1089
f 2457 2456 1089
f 2457 1089 1088
f 2458 2457 1088
f 2458 1088 1085
f 2459 2458 1085
f 2459 1085 1087
f 2460 2459 1087
f 2460 1087 1086
f 2461 2460 1086
f 2461 1086 578
f 2462 2461 578
f 2462 578 577
f 2463 2462 577
f 2463 577 580
f 2464 2463 580
f 2464 580 579
f 2465 2464 579
f 2465 579 581
f 2466 2465 581
f 2466 581 583
f 2467 2466 583
f 2467 583 582
f 2468 2467 582
f 2468 582 658
f 2469 2468 658
f 2469 658 657
f 2470 2469 657
f 2470 657 653
f 2471 2470 653
f 2471 653 656
f 2472 2471 656
f 2472 656 655
f 2473 2472 655
f 2473 655 654
f 2474 2473 654
f 2474 654 725
f 2475 2474 725
f 2475 725 727
f 2476 2475 727
f 2476 727 726
f 2477 2476 726
f 2477 726 728
f 2478 2477 728
f 2478 728 730
f 2479 2478 730
f 2479 730 729
f 2480 2479 729
f 2480 729 802
f 2481 2480 802
f 2481 802 801
f 2482 2481 801
f 2482 801 797
f 2483 2482 797
f 2483 797 800
f 2484 2483 800
f 2484 800 799
f 2485 2484 799
f 2485 799 798
f 2486 2485 798
f 2486 798 869
f 2487 2486 869
f 2487 869 871
f 2488 2487 871
f 2488 871 870
f 2489 2488 870
f 2489 870 872
f 2490 2489 872
f 2490 872 874
f 2491 2490 874
f 2491 874 873
f 2492 2491 873
f 2492 873 946
f 2493 2492 946
f 2493 946 945
f 2494 2493 945
f 2494 945 941
f 2495 2494 941
f 2495 941 944
f 2496 2495 944
f 2496 944 943
f 2449 2496 943
f 2449 943 942
