# Botball Lab: metres, +Y up, centred XZ, base Y=0
s off
v -0.0004000 0.0028526 -0.0024000
v -0.0004000 0.0028526 -0.0032000
v -0.0004000 0.0016526 -0.0044000
v -0.0004000 0.0002225 -0.0044000
v -0.0004000 0.0032225 0.0024000
v -0.0004000 0.0032225 -0.0024000
v -0.0004000 0.0028526 0.0024000
v -0.0004000 0.0002225 0.0044000
v -0.0004000 0.0016526 0.0044000
v -0.0004000 0.0028526 0.0032000
v 0.0004000 0.0016526 -0.0044000
v 0.0004000 0.0028526 -0.0032000
v 0.0004000 0.0028526 -0.0024000
v 0.0004000 0.0032225 -0.0024000
v 0.0004000 0.0032225 0.0024000
v 0.0004000 0.0028526 0.0024000
v 0.0004000 0.0028526 0.0032000
v 0.0004000 0.0016526 0.0044000
v 0.0004000 0.0002225 0.0044000
v 0.0004000 0.0002225 -0.0044000
v 0.0035199 0.0020634 0.0044000
v 0.0039340 0.0005179 0.0044000
v -0.0035199 0.0020634 0.0044000
v -0.0039340 0.0005179 0.0044000
v 0.0000000 0.0000000 0.0044000
v 0.0035199 0.0020634 0.0084000
v 0.0039340 0.0005179 0.0084000
v 0.0000000 0.0000000 0.0084000
v 0.0000000 0.0016000 0.0084000
v -0.0039340 0.0005179 0.0084000
v -0.0035199 0.0020634 0.0084000
v -0.0035199 0.0020634 0.0060000
v -0.0039340 0.0005179 0.0060000
v 0.0000000 0.0000000 0.0060000
v 0.0000000 0.0016000 0.0060000
v 0.0039340 0.0005179 0.0060000
v 0.0035199 0.0020634 0.0060000
v -0.0035199 0.0020634 0.0100000
v -0.0039340 0.0005179 0.0100000
v 0.0000000 0.0000000 0.0100000
v 0.0000000 0.0016000 0.0100000
v 0.0039340 0.0005179 0.0100000
v 0.0035199 0.0020634 0.0100000
v -0.0035199 0.0020634 -0.0044000
v -0.0039340 0.0005179 -0.0044000
v 0.0035199 0.0020634 -0.0044000
v 0.0039340 0.0005179 -0.0044000
v 0.0000000 0.0000000 -0.0044000
v 0.0035199 0.0020634 -0.0060000
v 0.0039340 0.0005179 -0.0060000
v 0.0000000 0.0000000 -0.0060000
v 0.0000000 0.0016000 -0.0060000
v -0.0039340 0.0005179 -0.0060000
v -0.0035199 0.0020634 -0.0060000
v -0.0035199 0.0020634 -0.0084000
v -0.0039340 0.0005179 -0.0084000
v 0.0000000 0.0000000 -0.0084000
v 0.0000000 0.0016000 -0.0084000
v 0.0039340 0.0005179 -0.0084000
v 0.0035199 0.0020634 -0.0084000
v 0.0035199 0.0020634 -0.0100000
v 0.0039340 0.0005179 -0.0100000
v 0.0000000 0.0000000 -0.0100000
v 0.0000000 0.0016000 -0.0100000
v -0.0039340 0.0005179 -0.0100000
v -0.0035199 0.0020634 -0.0100000
v 0.0032094 0.0032225 -0.0032000
v 0.0032094 0.0032225 -0.0024000
v 0.0032094 0.0032225 0.0024000
v 0.0032094 0.0032225 0.0032000
v -0.0032094 0.0032225 -0.0024000
v -0.0032094 0.0032225 -0.0032000
v -0.0032094 0.0032225 0.0032000
v -0.0032094 0.0032225 0.0024000
v 0.0000000 0.0028000 0.0088000
v -0.0032094 0.0032225 0.0088000
v 0.0000000 0.0028000 0.0048000
v -0.0032094 0.0032225 0.0048000
v 0.0000000 0.0040000 0.0036000
v -0.0028988 0.0043816 0.0036000
v 0.0000000 0.0040000 -0.0036000
v -0.0028988 0.0043816 -0.0036000
v 0.0000000 0.0028000 -0.0048000
v -0.0032094 0.0032225 -0.0048000
v 0.0000000 0.0028000 -0.0088000
v -0.0032094 0.0032225 -0.0088000
v 0.0032094 0.0032225 0.0048000
v 0.0028988 0.0043816 0.0036000
v 0.0028988 0.0043816 -0.0036000
v 0.0032094 0.0032225 -0.0048000
v 0.0032094 0.0032225 -0.0088000
v 0.0032094 0.0032225 0.0088000
v 0.0039341 0.0005179 -0.0100000
v 0.0035200 0.0020634 -0.0100000
v 0.0068000 0.0034220 -0.0100000
v 0.0076000 0.0020363 -0.0100000
v 0.0035200 0.0020634 -0.0084000
v 0.0039341 0.0005179 -0.0084000
v 0.0076000 0.0020363 -0.0084000
v 0.0068000 0.0034220 -0.0084000
v 0.0039341 0.0005179 -0.0060000
v 0.0035200 0.0020634 -0.0060000
v 0.0068000 0.0034220 -0.0060000
v 0.0076000 0.0020363 -0.0060000
v 0.0035200 0.0020634 -0.0044000
v 0.0039341 0.0005179 -0.0044000
v 0.0076000 0.0020363 -0.0044000
v 0.0068000 0.0034220 -0.0044000
v 0.0062000 0.0044612 0.0048000
v 0.0056000 0.0055005 0.0036000
v 0.0056000 0.0055005 -0.0036000
v 0.0062000 0.0044612 -0.0048000
v 0.0062000 0.0044612 -0.0088000
v 0.0062000 0.0044612 -0.0032000
v 0.0062000 0.0044612 0.0032000
v 0.0035200 0.0020634 0.0044000
v 0.0068000 0.0034220 0.0044000
v 0.0076000 0.0020363 0.0044000
v 0.0039341 0.0005179 0.0044000
v 0.0039341 0.0005179 0.0060000
v 0.0076000 0.0020363 0.0060000
v 0.0068000 0.0034220 0.0060000
v 0.0035200 0.0020634 0.0060000
v 0.0035200 0.0020634 0.0084000
v 0.0068000 0.0034220 0.0084000
v 0.0076000 0.0020363 0.0084000
v 0.0039341 0.0005179 0.0084000
v 0.0039341 0.0005179 0.0100000
v 0.0076000 0.0020363 0.0100000
v 0.0068000 0.0034220 0.0100000
v 0.0035200 0.0020634 0.0100000
v 0.0062000 0.0044612 0.0088000
v 0.0030000 0.0100038 -0.0004212
v 0.0015529 0.0094044 -0.0004212
v 0.0015529 0.0094044 -0.0040000
v 0.0030000 0.0100038 -0.0040000
v 0.0096167 0.0055833 -0.0100000
v 0.0107480 0.0044519 -0.0100000
v 0.0107480 0.0044519 -0.0084000
v 0.0096167 0.0055833 -0.0084000
v 0.0096167 0.0055833 -0.0060000
v 0.0107480 0.0044519 -0.0060000
v 0.0107480 0.0044519 -0.0044000
v 0.0096167 0.0055833 -0.0044000
v 0.0087681 0.0064318 0.0048000
v 0.0079196 0.0072804 0.0036000
v 0.0079196 0.0072804 -0.0036000
v 0.0087681 0.0064318 -0.0048000
v 0.0087681 0.0064318 -0.0088000
v 0.0087681 0.0064318 -0.0032000
v 0.0087681 0.0064318 0.0032000
v 0.0096167 0.0055833 0.0044000
v 0.0107480 0.0044519 0.0044000
v 0.0107480 0.0044519 0.0060000
v 0.0096167 0.0055833 0.0060000
v 0.0096167 0.0055833 0.0084000
v 0.0107480 0.0044519 0.0084000
v 0.0107480 0.0044519 0.0100000
v 0.0096167 0.0055833 0.0100000
v 0.0087681 0.0064318 0.0088000
v 0.0042427 0.0109573 -0.0004212
v 0.0042427 0.0109573 -0.0040000
v 0.0107481 0.0044519 -0.0100000
v 0.0117780 0.0084000 -0.0100000
v 0.0131636 0.0076000 -0.0100000
v 0.0107481 0.0044519 -0.0084000
v 0.0131636 0.0076000 -0.0084000
v 0.0117780 0.0084000 -0.0084000
v 0.0107481 0.0044519 -0.0060000
v 0.0117780 0.0084000 -0.0060000
v 0.0131636 0.0076000 -0.0060000
v 0.0107481 0.0044519 -0.0044000
v 0.0131636 0.0076000 -0.0044000
v 0.0117780 0.0084000 -0.0044000
v 0.0087682 0.0064318 0.0048000
v 0.0107388 0.0090000 0.0048000
v 0.0096995 0.0096000 0.0036000
v 0.0096995 0.0096000 -0.0036000
v 0.0087682 0.0064318 -0.0048000
v 0.0107388 0.0090000 -0.0048000
v 0.0087682 0.0064318 -0.0088000
v 0.0107388 0.0090000 -0.0088000
v 0.0087682 0.0064318 -0.0032000
v 0.0107388 0.0090000 -0.0032000
v 0.0087682 0.0064318 0.0032000
v 0.0107388 0.0090000 0.0032000
v 0.0117780 0.0084000 0.0044000
v 0.0131636 0.0076000 0.0044000
v 0.0107481 0.0044519 0.0044000
v 0.0107481 0.0044519 0.0060000
v 0.0131636 0.0076000 0.0060000
v 0.0117780 0.0084000 0.0060000
v 0.0117780 0.0084000 0.0084000
v 0.0131636 0.0076000 0.0084000
v 0.0107481 0.0044519 0.0084000
v 0.0107481 0.0044519 0.0100000
v 0.0131636 0.0076000 0.0100000
v 0.0117780 0.0084000 0.0100000
v 0.0087682 0.0064318 0.0088000
v 0.0107388 0.0090000 0.0088000
v 0.0051962 0.0122000 -0.0004212
v 0.0051962 0.0122000 -0.0040000
v 0.0131637 0.0076000 -0.0100000
v 0.0131367 0.0116801 -0.0100000
v 0.0146821 0.0112660 -0.0100000
v 0.0131637 0.0076000 -0.0084000
v 0.0146821 0.0112660 -0.0084000
v 0.0131367 0.0116801 -0.0084000
v 0.0131637 0.0076000 -0.0060000
v 0.0131367 0.0116801 -0.0060000
v 0.0146821 0.0112660 -0.0060000
v 0.0131637 0.0076000 -0.0044000
v 0.0146821 0.0112660 -0.0044000
v 0.0131367 0.0116801 -0.0044000
v 0.0119775 0.0119907 0.0048000
v 0.0108184 0.0123012 0.0036000
v 0.0108184 0.0123012 -0.0036000
v 0.0119775 0.0119907 -0.0048000
v 0.0119775 0.0119907 -0.0088000
v 0.0119775 0.0119907 -0.0032000
v 0.0119775 0.0119907 0.0032000
v 0.0131367 0.0116801 0.0044000
v 0.0146821 0.0112660 0.0044000
v 0.0131637 0.0076000 0.0044000
v 0.0131637 0.0076000 0.0060000
v 0.0146821 0.0112660 0.0060000
v 0.0131367 0.0116801 0.0060000
v 0.0131367 0.0116801 0.0084000
v 0.0146821 0.0112660 0.0084000
v 0.0131637 0.0076000 0.0084000
v 0.0131637 0.0076000 0.0100000
v 0.0146821 0.0112660 0.0100000
v 0.0131367 0.0116801 0.0100000
v 0.0119775 0.0119907 0.0088000
v 0.0057956 0.0136471 -0.0004212
v 0.0057956 0.0136471 -0.0040000
v 0.0149775 0.0148000 0.0044000
v 0.0135474 0.0148000 0.0044000
v 0.0135474 0.0148000 -0.0044000
v 0.0149775 0.0148000 -0.0044000
v 0.0123474 0.0148000 0.0032000
v 0.0123474 0.0148000 -0.0032000
v 0.0149775 0.0156000 -0.0044000
v 0.0135474 0.0156000 -0.0044000
v 0.0135474 0.0156000 0.0044000
v 0.0149775 0.0156000 0.0044000
v 0.0123474 0.0156000 -0.0032000
v 0.0123474 0.0156000 0.0032000
v 0.0131366 0.0187200 0.0044000
v 0.0146821 0.0191340 0.0044000
v 0.0131366 0.0116800 0.0044000
v 0.0152000 0.0152000 0.0044000
v 0.0131366 0.0187200 0.0084000
v 0.0146821 0.0191340 0.0084000
v 0.0152000 0.0152000 0.0084000
v 0.0136000 0.0152000 0.0084000
v 0.0131366 0.0116800 0.0084000
v 0.0131366 0.0116800 0.0060000
v 0.0152000 0.0152000 0.0060000
v 0.0136000 0.0152000 0.0060000
v 0.0146821 0.0191340 0.0060000
v 0.0131366 0.0187200 0.0060000
v 0.0131366 0.0116800 0.0100000
v 0.0152000 0.0152000 0.0100000
v 0.0136000 0.0152000 0.0100000
v 0.0146821 0.0191340 0.0100000
v 0.0131366 0.0187200 0.0100000
v 0.0131366 0.0116800 -0.0044000
v 0.0131366 0.0187200 -0.0044000
v 0.0146821 0.0191340 -0.0044000
v 0.0152000 0.0152000 -0.0044000
v 0.0131366 0.0187200 -0.0060000
v 0.0146821 0.0191340 -0.0060000
v 0.0152000 0.0152000 -0.0060000
v 0.0136000 0.0152000 -0.0060000
v 0.0131366 0.0116800 -0.0060000
v 0.0131366 0.0116800 -0.0084000
v 0.0152000 0.0152000 -0.0084000
v 0.0136000 0.0152000 -0.0084000
v 0.0146821 0.0191340 -0.0084000
v 0.0131366 0.0187200 -0.0084000
v 0.0131366 0.0187200 -0.0100000
v 0.0146821 0.0191340 -0.0100000
v 0.0152000 0.0152000 -0.0100000
v 0.0136000 0.0152000 -0.0100000
v 0.0131366 0.0116800 -0.0100000
v 0.0119775 0.0184094 -0.0032000
v 0.0119775 0.0184094 0.0032000
v 0.0119775 0.0119906 0.0032000
v 0.0119775 0.0119906 -0.0032000
v 0.0124000 0.0152000 0.0088000
v 0.0119775 0.0119906 0.0088000
v 0.0124000 0.0152000 0.0048000
v 0.0119775 0.0119906 0.0048000
v 0.0112000 0.0152000 0.0036000
v 0.0112000 0.0152000 -0.0036000
v 0.0124000 0.0152000 -0.0048000
v 0.0119775 0.0119906 -0.0048000
v 0.0124000 0.0152000 -0.0088000
v 0.0119775 0.0119906 -0.0088000
v 0.0119775 0.0184094 0.0048000
v 0.0108184 0.0180988 0.0036000
v 0.0108184 0.0180988 -0.0036000
v 0.0119775 0.0184094 -0.0048000
v 0.0119775 0.0184094 -0.0088000
v 0.0119775 0.0184094 0.0088000
v 0.0060000 0.0152000 -0.0040000
v 0.0060000 0.0152000 -0.0004212
v 0.0057956 0.0167529 -0.0040000
v 0.0057956 0.0167529 -0.0004212
v 0.0107481 0.0259481 -0.0100000
v 0.0096167 0.0248167 -0.0100000
v 0.0068000 0.0269780 -0.0100000
v 0.0076000 0.0283636 -0.0100000
v 0.0096167 0.0248167 -0.0084000
v 0.0107481 0.0259481 -0.0084000
v 0.0076000 0.0283636 -0.0084000
v 0.0068000 0.0269780 -0.0084000
v 0.0107481 0.0259481 -0.0060000
v 0.0096167 0.0248167 -0.0060000
v 0.0068000 0.0269780 -0.0060000
v 0.0076000 0.0283636 -0.0060000
v 0.0096167 0.0248167 -0.0044000
v 0.0107481 0.0259481 -0.0044000
v 0.0076000 0.0283636 -0.0044000
v 0.0068000 0.0269780 -0.0044000
v 0.0079196 0.0231196 0.0036000
v 0.0087682 0.0239682 0.0048000
v 0.0062000 0.0259388 0.0048000
v 0.0056000 0.0248995 0.0036000
v 0.0079196 0.0231196 -0.0036000
v 0.0056000 0.0248995 -0.0036000
v 0.0087682 0.0239682 -0.0048000
v 0.0062000 0.0259388 -0.0048000
v 0.0087682 0.0239682 -0.0088000
v 0.0062000 0.0259388 -0.0088000
v 0.0087682 0.0239682 -0.0032000
v 0.0062000 0.0259388 -0.0032000
v 0.0087682 0.0239682 0.0032000
v 0.0062000 0.0259388 0.0032000
v 0.0096167 0.0248167 0.0044000
v 0.0068000 0.0269780 0.0044000
v 0.0076000 0.0283636 0.0044000
v 0.0107481 0.0259481 0.0044000
v 0.0107481 0.0259481 0.0060000
v 0.0076000 0.0283636 0.0060000
v 0.0068000 0.0269780 0.0060000
v 0.0096167 0.0248167 0.0060000
v 0.0096167 0.0248167 0.0084000
v 0.0068000 0.0269780 0.0084000
v 0.0076000 0.0283636 0.0084000
v 0.0107481 0.0259481 0.0084000
v 0.0107481 0.0259481 0.0100000
v 0.0076000 0.0283636 0.0100000
v 0.0068000 0.0269780 0.0100000
v 0.0096167 0.0248167 0.0100000
v 0.0087682 0.0239682 0.0088000
v 0.0062000 0.0259388 0.0088000
v 0.0030000 0.0203962 -0.0004212
v 0.0042427 0.0194427 -0.0004212
v 0.0042427 0.0194427 -0.0040000
v 0.0030000 0.0203962 -0.0040000
v 0.0076000 0.0283637 -0.0100000
v 0.0035199 0.0283367 -0.0100000
v 0.0039340 0.0298821 -0.0100000
v 0.0076000 0.0283637 -0.0084000
v 0.0039340 0.0298821 -0.0084000
v 0.0035199 0.0283367 -0.0084000
v 0.0076000 0.0283637 -0.0060000
v 0.0035199 0.0283367 -0.0060000
v 0.0039340 0.0298821 -0.0060000
v 0.0076000 0.0283637 -0.0044000
v 0.0039340 0.0298821 -0.0044000
v 0.0035199 0.0283367 -0.0044000
v 0.0032093 0.0271775 0.0048000
v 0.0028988 0.0260184 0.0036000
v 0.0028988 0.0260184 -0.0036000
v 0.0032093 0.0271775 -0.0048000
v 0.0032093 0.0271775 -0.0088000
v 0.0032093 0.0271775 -0.0032000
v 0.0032093 0.0271775 0.0032000
v 0.0035199 0.0283367 0.0044000
v 0.0039340 0.0298821 0.0044000
v 0.0076000 0.0283637 0.0044000
v 0.0076000 0.0283637 0.0060000
v 0.0039340 0.0298821 0.0060000
v 0.0035199 0.0283367 0.0060000
v 0.0035199 0.0283367 0.0084000
v 0.0039340 0.0298821 0.0084000
v 0.0076000 0.0283637 0.0084000
v 0.0076000 0.0283637 0.0100000
v 0.0039340 0.0298821 0.0100000
v 0.0035199 0.0283367 0.0100000
v 0.0032093 0.0271775 0.0088000
v 0.0015529 0.0209956 -0.0004212
v 0.0015529 0.0209956 -0.0040000
v 0.0004000 0.0275474 -0.0024000
v 0.0004000 0.0275474 -0.0032000
v 0.0004000 0.0287474 -0.0044000
v 0.0004000 0.0301775 -0.0044000
v 0.0004000 0.0271775 0.0024000
v 0.0004000 0.0271775 -0.0024000
v 0.0004000 0.0275474 0.0024000
v 0.0004000 0.0301775 0.0044000
v 0.0004000 0.0287474 0.0044000
v 0.0004000 0.0275474 0.0032000
v -0.0004000 0.0287474 -0.0044000
v -0.0004000 0.0275474 -0.0032000
v -0.0004000 0.0275474 -0.0024000
v -0.0004000 0.0271775 -0.0024000
v -0.0004000 0.0271775 0.0024000
v -0.0004000 0.0275474 0.0024000
v -0.0004000 0.0275474 0.0032000
v -0.0004000 0.0287474 0.0044000
v -0.0004000 0.0301775 0.0044000
v -0.0004000 0.0301775 -0.0044000
v -0.0035199 0.0283366 0.0044000
v -0.0039340 0.0298821 0.0044000
v 0.0035199 0.0283366 0.0044000
v 0.0000000 0.0304000 0.0044000
v -0.0035199 0.0283366 0.0084000
v -0.0039340 0.0298821 0.0084000
v 0.0000000 0.0304000 0.0084000
v 0.0000000 0.0288000 0.0084000
v 0.0035199 0.0283366 0.0084000
v 0.0035199 0.0283366 0.0060000
v 0.0000000 0.0304000 0.0060000
v 0.0000000 0.0288000 0.0060000
v -0.0039340 0.0298821 0.0060000
v -0.0035199 0.0283366 0.0060000
v 0.0035199 0.0283366 0.0100000
v 0.0000000 0.0304000 0.0100000
v 0.0000000 0.0288000 0.0100000
v -0.0039340 0.0298821 0.0100000
v -0.0035199 0.0283366 0.0100000
v 0.0035199 0.0283366 -0.0044000
v -0.0035199 0.0283366 -0.0044000
v -0.0039340 0.0298821 -0.0044000
v 0.0000000 0.0304000 -0.0044000
v -0.0035199 0.0283366 -0.0060000
v -0.0039340 0.0298821 -0.0060000
v 0.0000000 0.0304000 -0.0060000
v 0.0000000 0.0288000 -0.0060000
v 0.0035199 0.0283366 -0.0060000
v 0.0035199 0.0283366 -0.0084000
v 0.0000000 0.0304000 -0.0084000
v 0.0000000 0.0288000 -0.0084000
v -0.0039340 0.0298821 -0.0084000
v -0.0035199 0.0283366 -0.0084000
v -0.0035199 0.0283366 -0.0100000
v -0.0039340 0.0298821 -0.0100000
v 0.0000000 0.0304000 -0.0100000
v 0.0000000 0.0288000 -0.0100000
v 0.0035199 0.0283366 -0.0100000
v -0.0032094 0.0271775 -0.0032000
v -0.0032094 0.0271775 -0.0024000
v -0.0032094 0.0271775 0.0024000
v -0.0032094 0.0271775 0.0032000
v 0.0032094 0.0271775 -0.0024000
v 0.0032094 0.0271775 -0.0032000
v 0.0032094 0.0271775 0.0032000
v 0.0032094 0.0271775 0.0024000
v 0.0000000 0.0276000 0.0088000
v 0.0032094 0.0271775 0.0088000
v 0.0000000 0.0276000 0.0048000
v 0.0032094 0.0271775 0.0048000
v 0.0000000 0.0264000 0.0036000
v 0.0000000 0.0264000 -0.0036000
v 0.0000000 0.0276000 -0.0048000
v 0.0032094 0.0271775 -0.0048000
v 0.0000000 0.0276000 -0.0088000
v 0.0032094 0.0271775 -0.0088000
v -0.0032094 0.0271775 0.0048000
v -0.0028988 0.0260184 0.0036000
v -0.0028988 0.0260184 -0.0036000
v -0.0032094 0.0271775 -0.0048000
v -0.0032094 0.0271775 -0.0088000
v -0.0032094 0.0271775 0.0088000
v -0.0039341 0.0298821 -0.0100000
v -0.0035200 0.0283366 -0.0100000
v -0.0068000 0.0269780 -0.0100000
v -0.0076000 0.0283637 -0.0100000
v -0.0035200 0.0283366 -0.0084000
v -0.0039341 0.0298821 -0.0084000
v -0.0076000 0.0283637 -0.0084000
v -0.0068000 0.0269780 -0.0084000
v -0.0039341 0.0298821 -0.0060000
v -0.0035200 0.0283366 -0.0060000
v -0.0068000 0.0269780 -0.0060000
v -0.0076000 0.0283637 -0.0060000
v -0.0035200 0.0283366 -0.0044000
v -0.0039341 0.0298821 -0.0044000
v -0.0076000 0.0283637 -0.0044000
v -0.0068000 0.0269780 -0.0044000
v -0.0062000 0.0259388 0.0048000
v -0.0056000 0.0248995 0.0036000
v -0.0056000 0.0248995 -0.0036000
v -0.0062000 0.0259388 -0.0048000
v -0.0062000 0.0259388 -0.0088000
v -0.0062000 0.0259388 -0.0032000
v -0.0062000 0.0259388 0.0032000
v -0.0035200 0.0283366 0.0044000
v -0.0068000 0.0269780 0.0044000
v -0.0076000 0.0283637 0.0044000
v -0.0039341 0.0298821 0.0044000
v -0.0039341 0.0298821 0.0060000
v -0.0076000 0.0283637 0.0060000
v -0.0068000 0.0269780 0.0060000
v -0.0035200 0.0283366 0.0060000
v -0.0035200 0.0283366 0.0084000
v -0.0068000 0.0269780 0.0084000
v -0.0076000 0.0283637 0.0084000
v -0.0039341 0.0298821 0.0084000
v -0.0039341 0.0298821 0.0100000
v -0.0076000 0.0283637 0.0100000
v -0.0068000 0.0269780 0.0100000
v -0.0035200 0.0283366 0.0100000
v -0.0062000 0.0259388 0.0088000
v -0.0030000 0.0203962 -0.0004212
v -0.0015529 0.0209956 -0.0004212
v -0.0015529 0.0209956 -0.0040000
v -0.0030000 0.0203962 -0.0040000
v -0.0096167 0.0248167 -0.0100000
v -0.0107480 0.0259481 -0.0100000
v -0.0107480 0.0259481 -0.0084000
v -0.0096167 0.0248167 -0.0084000
v -0.0096167 0.0248167 -0.0060000
v -0.0107480 0.0259481 -0.0060000
v -0.0107480 0.0259481 -0.0044000
v -0.0096167 0.0248167 -0.0044000
v -0.0087681 0.0239682 0.0048000
v -0.0079196 0.0231196 0.0036000
v -0.0079196 0.0231196 -0.0036000
v -0.0087681 0.0239682 -0.0048000
v -0.0087681 0.0239682 -0.0088000
v -0.0087681 0.0239682 -0.0032000
v -0.0087681 0.0239682 0.0032000
v -0.0096167 0.0248167 0.0044000
v -0.0107480 0.0259481 0.0044000
v -0.0107480 0.0259481 0.0060000
v -0.0096167 0.0248167 0.0060000
v -0.0096167 0.0248167 0.0084000
v -0.0107480 0.0259481 0.0084000
v -0.0107480 0.0259481 0.0100000
v -0.0096167 0.0248167 0.0100000
v -0.0087681 0.0239682 0.0088000
v -0.0042427 0.0194427 -0.0004212
v -0.0042427 0.0194427 -0.0040000
v -0.0149775 0.0156000 0.0044000
v -0.0135474 0.0156000 0.0044000
v -0.0135474 0.0156000 -0.0044000
v -0.0149775 0.0156000 -0.0044000
v -0.0123474 0.0156000 0.0032000
v -0.0123474 0.0156000 -0.0032000
v -0.0149775 0.0148000 -0.0044000
v -0.0135474 0.0148000 -0.0044000
v -0.0135474 0.0148000 0.0044000
v -0.0149775 0.0148000 0.0044000
v -0.0123474 0.0148000 -0.0032000
v -0.0123474 0.0148000 0.0032000
v -0.0131366 0.0116800 0.0044000
v -0.0146821 0.0112660 0.0044000
v -0.0131366 0.0187200 0.0044000
v -0.0146821 0.0191340 0.0044000
v -0.0152000 0.0152000 0.0044000
v -0.0131366 0.0116800 0.0084000
v -0.0146821 0.0112660 0.0084000
v -0.0152000 0.0152000 0.0084000
v -0.0136000 0.0152000 0.0084000
v -0.0146821 0.0191340 0.0084000
v -0.0131366 0.0187200 0.0084000
v -0.0131366 0.0187200 0.0060000
v -0.0146821 0.0191340 0.0060000
v -0.0152000 0.0152000 0.0060000
v -0.0136000 0.0152000 0.0060000
v -0.0146821 0.0112660 0.0060000
v -0.0131366 0.0116800 0.0060000
v -0.0131366 0.0187200 0.0100000
v -0.0146821 0.0191340 0.0100000
v -0.0152000 0.0152000 0.0100000
v -0.0136000 0.0152000 0.0100000
v -0.0146821 0.0112660 0.0100000
v -0.0131366 0.0116800 0.0100000
v -0.0131366 0.0187200 -0.0044000
v -0.0146821 0.0191340 -0.0044000
v -0.0131366 0.0116800 -0.0044000
v -0.0146821 0.0112660 -0.0044000
v -0.0152000 0.0152000 -0.0044000
v -0.0131366 0.0116800 -0.0060000
v -0.0146821 0.0112660 -0.0060000
v -0.0152000 0.0152000 -0.0060000
v -0.0136000 0.0152000 -0.0060000
v -0.0146821 0.0191340 -0.0060000
v -0.0131366 0.0187200 -0.0060000
v -0.0131366 0.0187200 -0.0084000
v -0.0146821 0.0191340 -0.0084000
v -0.0152000 0.0152000 -0.0084000
v -0.0136000 0.0152000 -0.0084000
v -0.0146821 0.0112660 -0.0084000
v -0.0131366 0.0116800 -0.0084000
v -0.0131366 0.0116800 -0.0100000
v -0.0146821 0.0112660 -0.0100000
v -0.0152000 0.0152000 -0.0100000
v -0.0136000 0.0152000 -0.0100000
v -0.0146821 0.0191340 -0.0100000
v -0.0131366 0.0187200 -0.0100000
v -0.0119775 0.0119906 -0.0032000
v -0.0119775 0.0119906 0.0032000
v -0.0119775 0.0184094 0.0032000
v -0.0119775 0.0184094 -0.0032000
v -0.0124000 0.0152000 0.0088000
v -0.0119775 0.0184094 0.0088000
v -0.0124000 0.0152000 0.0048000
v -0.0119775 0.0184094 0.0048000
v -0.0112000 0.0152000 0.0036000
v -0.0108184 0.0180988 0.0036000
v -0.0112000 0.0152000 -0.0036000
v -0.0108184 0.0180988 -0.0036000
v -0.0124000 0.0152000 -0.0048000
v -0.0119775 0.0184094 -0.0048000
v -0.0124000 0.0152000 -0.0088000
v -0.0119775 0.0184094 -0.0088000
v -0.0119775 0.0119906 0.0048000
v -0.0108184 0.0123012 0.0036000
v -0.0108184 0.0123012 -0.0036000
v -0.0119775 0.0119906 -0.0048000
v -0.0119775 0.0119906 -0.0088000
v -0.0119775 0.0119906 0.0088000
v -0.0057956 0.0167529 -0.0004212
v -0.0057956 0.0167529 -0.0040000
v -0.0060000 0.0152000 -0.0040000
v -0.0060000 0.0152000 -0.0004212
v -0.0057956 0.0136471 -0.0040000
v -0.0057956 0.0136471 -0.0004212
v -0.0146821 0.0112659 -0.0100000
v -0.0117780 0.0084000 -0.0100000
v -0.0131637 0.0076000 -0.0100000
v -0.0146821 0.0112659 -0.0084000
v -0.0131637 0.0076000 -0.0084000
v -0.0117780 0.0084000 -0.0084000
v -0.0146821 0.0112659 -0.0060000
v -0.0117780 0.0084000 -0.0060000
v -0.0131637 0.0076000 -0.0060000
v -0.0146821 0.0112659 -0.0044000
v -0.0131637 0.0076000 -0.0044000
v -0.0117780 0.0084000 -0.0044000
v -0.0107388 0.0090000 0.0048000
v -0.0096995 0.0096000 0.0036000
v -0.0096995 0.0096000 -0.0036000
v -0.0107388 0.0090000 -0.0048000
v -0.0107388 0.0090000 -0.0088000
v -0.0107388 0.0090000 -0.0032000
v -0.0107388 0.0090000 0.0032000
v -0.0117780 0.0084000 0.0044000
v -0.0131637 0.0076000 0.0044000
v -0.0146821 0.0112659 0.0044000
v -0.0146821 0.0112659 0.0060000
v -0.0131637 0.0076000 0.0060000
v -0.0117780 0.0084000 0.0060000
v -0.0117780 0.0084000 0.0084000
v -0.0131637 0.0076000 0.0084000
v -0.0146821 0.0112659 0.0084000
v -0.0146821 0.0112659 0.0100000
v -0.0131637 0.0076000 0.0100000
v -0.0117780 0.0084000 0.0100000
v -0.0107388 0.0090000 0.0088000
v -0.0051962 0.0122000 -0.0004212
v -0.0051962 0.0122000 -0.0040000
v -0.0096167 0.0055833 -0.0100000
v -0.0107481 0.0044520 -0.0100000
v -0.0107481 0.0044520 -0.0084000
v -0.0096167 0.0055833 -0.0084000
v -0.0096167 0.0055833 -0.0060000
v -0.0107481 0.0044520 -0.0060000
v -0.0107481 0.0044520 -0.0044000
v -0.0096167 0.0055833 -0.0044000
v -0.0087682 0.0064319 0.0048000
v -0.0079196 0.0072804 0.0036000
v -0.0079196 0.0072804 -0.0036000
v -0.0087682 0.0064319 -0.0048000
v -0.0087682 0.0064319 -0.0088000
v -0.0087682 0.0064319 -0.0032000
v -0.0087682 0.0064319 0.0032000
v -0.0096167 0.0055833 0.0044000
v -0.0107481 0.0044520 0.0044000
v -0.0107481 0.0044520 0.0060000
v -0.0096167 0.0055833 0.0060000
v -0.0096167 0.0055833 0.0084000
v -0.0107481 0.0044520 0.0084000
v -0.0107481 0.0044520 0.0100000
v -0.0096167 0.0055833 0.0100000
v -0.0087682 0.0064319 0.0088000
v -0.0042427 0.0109573 -0.0004212
v -0.0042427 0.0109573 -0.0040000
v -0.0107481 0.0044519 -0.0100000
v -0.0068000 0.0034220 -0.0100000
v -0.0076000 0.0020364 -0.0100000
v -0.0107481 0.0044519 -0.0084000
v -0.0076000 0.0020364 -0.0084000
v -0.0068000 0.0034220 -0.0084000
v -0.0107481 0.0044519 -0.0060000
v -0.0068000 0.0034220 -0.0060000
v -0.0076000 0.0020364 -0.0060000
v -0.0107481 0.0044519 -0.0044000
v -0.0076000 0.0020364 -0.0044000
v -0.0068000 0.0034220 -0.0044000
v -0.0087682 0.0064318 0.0048000
v -0.0062000 0.0044612 0.0048000
v -0.0056000 0.0055005 0.0036000
v -0.0056000 0.0055005 -0.0036000
v -0.0087682 0.0064318 -0.0048000
v -0.0062000 0.0044612 -0.0048000
v -0.0087682 0.0064318 -0.0088000
v -0.0062000 0.0044612 -0.0088000
v -0.0087682 0.0064318 -0.0032000
v -0.0062000 0.0044612 -0.0032000
v -0.0087682 0.0064318 0.0032000
v -0.0062000 0.0044612 0.0032000
v -0.0068000 0.0034220 0.0044000
v -0.0076000 0.0020364 0.0044000
v -0.0107481 0.0044519 0.0044000
v -0.0107481 0.0044519 0.0060000
v -0.0076000 0.0020364 0.0060000
v -0.0068000 0.0034220 0.0060000
v -0.0068000 0.0034220 0.0084000
v -0.0076000 0.0020364 0.0084000
v -0.0107481 0.0044519 0.0084000
v -0.0107481 0.0044519 0.0100000
v -0.0076000 0.0020364 0.0100000
v -0.0068000 0.0034220 0.0100000
v -0.0087682 0.0064318 0.0088000
v -0.0062000 0.0044612 0.0088000
v -0.0030000 0.0100038 -0.0004212
v -0.0030000 0.0100038 -0.0040000
v -0.0076000 0.0020363 -0.0100000
v -0.0035199 0.0020633 -0.0100000
v -0.0076000 0.0020363 -0.0084000
v -0.0035199 0.0020633 -0.0084000
v -0.0076000 0.0020363 -0.0060000
v -0.0035199 0.0020633 -0.0060000
v -0.0076000 0.0020363 -0.0044000
v -0.0035199 0.0020633 -0.0044000
v -0.0032093 0.0032225 0.0048000
v -0.0032093 0.0032225 -0.0048000
v -0.0032093 0.0032225 -0.0088000
v -0.0032093 0.0032225 -0.0032000
v -0.0032093 0.0032225 0.0032000
v -0.0035199 0.0020633 0.0044000
v -0.0076000 0.0020363 0.0044000
v -0.0076000 0.0020363 0.0060000
v -0.0035199 0.0020633 0.0060000
v -0.0035199 0.0020633 0.0084000
v -0.0076000 0.0020363 0.0084000
v -0.0076000 0.0020363 0.0100000
v -0.0035199 0.0020633 0.0100000
v -0.0032093 0.0032225 0.0088000
v -0.0015529 0.0094044 -0.0004212
v -0.0015529 0.0094044 -0.0040000
v 0.0131637 0.0228000 -0.0100000
v 0.0117780 0.0220000 -0.0100000
v 0.0107481 0.0259480 -0.0100000
v 0.0117780 0.0220000 -0.0084000
v 0.0131637 0.0228000 -0.0084000
v 0.0107481 0.0259480 -0.0084000
v 0.0131637 0.0228000 -0.0060000
v 0.0117780 0.0220000 -0.0060000
v 0.0107481 0.0259480 -0.0060000
v 0.0117780 0.0220000 -0.0044000
v 0.0131637 0.0228000 -0.0044000
v 0.0107481 0.0259480 -0.0044000
v 0.0096995 0.0208000 0.0036000
v 0.0107388 0.0214000 0.0048000
v 0.0087682 0.0239681 0.0048000
v 0.0096995 0.0208000 -0.0036000
v 0.0107388 0.0214000 -0.0048000
v 0.0087682 0.0239681 -0.0048000
v 0.0107388 0.0214000 -0.0088000
v 0.0087682 0.0239681 -0.0088000
v 0.0107388 0.0214000 -0.0032000
v 0.0087682 0.0239681 -0.0032000
v 0.0107388 0.0214000 0.0032000
v 0.0087682 0.0239681 0.0032000
v 0.0117780 0.0220000 0.0044000
v 0.0107481 0.0259480 0.0044000
v 0.0131637 0.0228000 0.0044000
v 0.0131637 0.0228000 0.0060000
v 0.0107481 0.0259480 0.0060000
v 0.0117780 0.0220000 0.0060000
v 0.0117780 0.0220000 0.0084000
v 0.0107481 0.0259480 0.0084000
v 0.0131637 0.0228000 0.0084000
v 0.0131637 0.0228000 0.0100000
v 0.0107481 0.0259480 0.0100000
v 0.0117780 0.0220000 0.0100000
v 0.0107388 0.0214000 0.0088000
v 0.0087682 0.0239681 0.0088000
v 0.0051962 0.0182000 -0.0004212
v 0.0051962 0.0182000 -0.0040000
v 0.0131367 0.0187199 -0.0100000
v 0.0131367 0.0187199 -0.0084000
v 0.0131367 0.0187199 -0.0060000
v 0.0131367 0.0187199 -0.0044000
v 0.0119775 0.0184093 0.0048000
v 0.0119775 0.0184093 -0.0048000
v 0.0119775 0.0184093 -0.0088000
v 0.0119775 0.0184093 -0.0032000
v 0.0119775 0.0184093 0.0032000
v 0.0131367 0.0187199 0.0044000
v 0.0131367 0.0187199 0.0060000
v 0.0131367 0.0187199 0.0084000
v 0.0131367 0.0187199 0.0100000
v 0.0119775 0.0184093 0.0088000
v -0.0131637 0.0228000 -0.0100000
v -0.0117780 0.0220000 -0.0100000
v -0.0131367 0.0187199 -0.0100000
v -0.0117780 0.0220000 -0.0084000
v -0.0131637 0.0228000 -0.0084000
v -0.0131367 0.0187199 -0.0084000
v -0.0131637 0.0228000 -0.0060000
v -0.0117780 0.0220000 -0.0060000
v -0.0131367 0.0187199 -0.0060000
v -0.0117780 0.0220000 -0.0044000
v -0.0131637 0.0228000 -0.0044000
v -0.0131367 0.0187199 -0.0044000
v -0.0096995 0.0208000 0.0036000
v -0.0107388 0.0214000 0.0048000
v -0.0119775 0.0184093 0.0048000
v -0.0096995 0.0208000 -0.0036000
v -0.0107388 0.0214000 -0.0048000
v -0.0119775 0.0184093 -0.0048000
v -0.0107388 0.0214000 -0.0088000
v -0.0119775 0.0184093 -0.0088000
v -0.0107388 0.0214000 -0.0032000
v -0.0119775 0.0184093 -0.0032000
v -0.0107388 0.0214000 0.0032000
v -0.0119775 0.0184093 0.0032000
v -0.0117780 0.0220000 0.0044000
v -0.0131367 0.0187199 0.0044000
v -0.0131637 0.0228000 0.0044000
v -0.0131637 0.0228000 0.0060000
v -0.0131367 0.0187199 0.0060000
v -0.0117780 0.0220000 0.0060000
v -0.0117780 0.0220000 0.0084000
v -0.0131367 0.0187199 0.0084000
v -0.0131637 0.0228000 0.0084000
v -0.0131637 0.0228000 0.0100000
v -0.0131367 0.0187199 0.0100000
v -0.0117780 0.0220000 0.0100000
v -0.0107388 0.0214000 0.0088000
v -0.0119775 0.0184093 0.0088000
v -0.0051962 0.0182000 -0.0004212
v -0.0051962 0.0182000 -0.0040000
v -0.0107481 0.0259480 -0.0100000
v -0.0107481 0.0259480 -0.0084000
v -0.0107481 0.0259480 -0.0060000
v -0.0107481 0.0259480 -0.0044000
v -0.0087682 0.0239681 0.0048000
v -0.0087682 0.0239681 -0.0048000
v -0.0087682 0.0239681 -0.0088000
v -0.0087682 0.0239681 -0.0032000
v -0.0087682 0.0239681 0.0032000
v -0.0107481 0.0259480 0.0044000
v -0.0107481 0.0259480 0.0060000
v -0.0107481 0.0259480 0.0084000
v -0.0107481 0.0259480 0.0100000
v -0.0087682 0.0239681 0.0088000
v 0.0028254 0.0072311 0.0013956
v 0.0030260 0.0070024 0.0015586
v 0.0030260 0.0070024 0.0003018
v 0.0029506 0.0070884 0.0002406
v 0.0026144 0.0074718 0.0013206
v 0.0026144 0.0074718 0.0001211
v 0.0032000 0.0096574 -0.0003231
v 0.0027306 0.0092458 -0.0002734
v 0.0024545 0.0086859 -0.0001716
v 0.0024137 0.0080630 -0.0000330
v 0.0022511 0.0067987 0.0002406
v 0.0048000 0.0068862 0.0007467
v 0.0056000 0.0055005 0.0016442
v 0.0028988 0.0043816 0.0016442
v 0.0042088 0.0066855 0.0007236
v 0.0035859 0.0067263 0.0005674
v 0.0042088 0.0066855 0.0019804
v 0.0056000 0.0055005 0.0029010
v 0.0048000 0.0068862 0.0020035
v 0.0028988 0.0043816 0.0029010
v 0.0035859 0.0067263 0.0018242
v 0.0022042 0.0069738 0.0013956
v 0.0027306 0.0092458 0.0009261
v 0.0032000 0.0096574 0.0008765
v 0.0024000 0.0110431 0.0004840
v 0.0012424 0.0105636 0.0004840
v 0.0024545 0.0086859 0.0010280
v 0.0024137 0.0080630 0.0011665
v 0.0000000 0.0116000 0.0013993
v 0.0000000 0.0104000 0.0013993
v 0.0012424 0.0105636 0.0013993
v 0.0009318 0.0117227 0.0013993
v 0.0018000 0.0120823 0.0013993
v 0.0024000 0.0110431 0.0013993
v 0.0000000 0.0104000 0.0004840
v 0.0000000 0.0066836 0.0013956
v 0.0000000 0.0040000 0.0029010
v 0.0010353 0.0113363 -0.0040000
v 0.0010353 0.0113363 -0.0000000
v 0.0020000 0.0117359 -0.0000000
v 0.0020000 0.0117359 -0.0040000
v 0.0000000 0.0040000 0.0016442
v 0.0000000 0.0065023 0.0002406
v 0.0000000 0.0092000 -0.0004212
v 0.0000000 0.0112000 -0.0040000
v 0.0000000 0.0112000 -0.0000000
v -0.0030260 0.0070024 0.0003018
v -0.0030260 0.0070024 0.0015586
v -0.0028254 0.0072311 0.0013956
v -0.0029506 0.0070884 0.0002406
v -0.0026144 0.0074718 0.0013206
v -0.0026144 0.0074718 0.0001211
v -0.0032000 0.0096574 -0.0003231
v -0.0027306 0.0092458 -0.0002734
v -0.0024545 0.0086859 -0.0001716
v -0.0024137 0.0080630 -0.0000330
v -0.0022511 0.0067987 0.0002406
v -0.0028988 0.0043816 0.0016442
v -0.0056000 0.0055005 0.0016442
v -0.0048000 0.0068862 0.0007467
v -0.0042088 0.0066855 0.0007236
v -0.0035859 0.0067263 0.0005674
v -0.0048000 0.0068862 0.0020035
v -0.0056000 0.0055005 0.0029010
v -0.0042088 0.0066855 0.0019804
v -0.0028988 0.0043816 0.0029010
v -0.0035859 0.0067263 0.0018242
v -0.0022042 0.0069738 0.0013956
v -0.0024000 0.0110431 0.0004840
v -0.0032000 0.0096574 0.0008765
v -0.0027306 0.0092458 0.0009261
v -0.0012424 0.0105636 0.0004840
v -0.0024545 0.0086859 0.0010280
v -0.0024137 0.0080630 0.0011665
v -0.0012424 0.0105636 0.0013993
v -0.0009318 0.0117227 0.0013993
v -0.0018000 0.0120823 0.0013993
v -0.0024000 0.0110431 0.0013993
v -0.0020000 0.0117359 -0.0000000
v -0.0010353 0.0113363 -0.0000000
v -0.0010353 0.0113363 -0.0040000
v -0.0020000 0.0117359 -0.0040000
v 0.0086123 0.0166782 0.0003018
v 0.0086123 0.0166782 0.0015586
v 0.0083140 0.0167375 0.0013956
v 0.0085001 0.0167005 0.0002406
v 0.0080000 0.0168000 0.0013206
v 0.0080000 0.0168000 0.0001211
v 0.0064000 0.0152000 -0.0003231
v 0.0065218 0.0158123 -0.0002734
v 0.0068686 0.0163314 -0.0001716
v 0.0073877 0.0166782 -0.0000330
v 0.0084013 0.0174511 0.0002406
v 0.0108184 0.0180988 0.0016442
v 0.0112000 0.0152000 0.0016442
v 0.0096000 0.0152000 0.0007467
v 0.0094782 0.0158123 0.0007236
v 0.0091314 0.0163314 0.0005674
v 0.0096000 0.0152000 0.0020035
v 0.0112000 0.0152000 0.0029010
v 0.0094782 0.0158123 0.0019804
v 0.0108184 0.0180988 0.0029010
v 0.0091314 0.0163314 0.0018242
v 0.0082262 0.0174042 0.0013956
v 0.0048000 0.0152000 0.0004840
v 0.0064000 0.0152000 0.0008765
v 0.0065218 0.0158123 0.0009261
v 0.0046365 0.0164423 0.0004840
v 0.0068686 0.0163314 0.0010280
v 0.0073877 0.0166782 0.0011665
v 0.0046365 0.0164423 0.0013993
v 0.0041569 0.0176000 0.0013993
v 0.0031177 0.0170000 0.0013993
v 0.0034773 0.0161317 0.0013993
v 0.0036000 0.0152000 0.0013993
v 0.0048000 0.0152000 0.0013993
v 0.0073755 0.0194582 0.0013956
v 0.0041569 0.0176000 0.0004840
v 0.0096995 0.0208000 0.0029010
v 0.0040000 0.0152000 -0.0000000
v 0.0038637 0.0162353 -0.0000000
v 0.0038637 0.0162353 -0.0040000
v 0.0040000 0.0152000 -0.0040000
v 0.0096995 0.0208000 0.0016442
v 0.0075325 0.0195488 0.0002406
v 0.0034641 0.0172000 -0.0000000
v 0.0034641 0.0172000 -0.0040000
v -0.0083140 0.0167375 0.0013956
v -0.0086123 0.0166782 0.0015586
v -0.0086123 0.0166782 0.0003018
v -0.0085001 0.0167005 0.0002406
v -0.0080000 0.0168000 0.0013206
v -0.0080000 0.0168000 0.0001211
v -0.0064000 0.0152000 -0.0003231
v -0.0065218 0.0158123 -0.0002734
v -0.0068686 0.0163314 -0.0001716
v -0.0073877 0.0166782 -0.0000330
v -0.0084013 0.0174511 0.0002406
v -0.0096000 0.0152000 0.0007467
v -0.0112000 0.0152000 0.0016442
v -0.0108184 0.0180988 0.0016442
v -0.0094782 0.0158123 0.0007236
v -0.0091314 0.0163314 0.0005674
v -0.0094782 0.0158123 0.0019804
v -0.0112000 0.0152000 0.0029010
v -0.0096000 0.0152000 0.0020035
v -0.0108184 0.0180988 0.0029010
v -0.0091314 0.0163314 0.0018242
v -0.0082262 0.0174042 0.0013956
v -0.0065218 0.0158123 0.0009261
v -0.0064000 0.0152000 0.0008765
v -0.0048000 0.0152000 0.0004840
v -0.0046365 0.0164423 0.0004840
v -0.0068686 0.0163314 0.0010280
v -0.0073877 0.0166782 0.0011665
v -0.0031177 0.0170000 0.0013993
v -0.0041569 0.0176000 0.0013993
v -0.0046365 0.0164423 0.0013993
v -0.0034773 0.0161317 0.0013993
v -0.0036000 0.0152000 0.0013993
v -0.0048000 0.0152000 0.0013993
v -0.0041569 0.0176000 0.0004840
v -0.0073755 0.0194582 0.0013956
v -0.0096995 0.0208000 0.0029010
v -0.0038637 0.0162353 -0.0040000
v -0.0038637 0.0162353 -0.0000000
v -0.0040000 0.0152000 -0.0000000
v -0.0040000 0.0152000 -0.0040000
v -0.0096995 0.0208000 0.0016442
v -0.0075325 0.0195488 0.0002406
v -0.0034641 0.0172000 -0.0040000
v -0.0034641 0.0172000 -0.0000000
v -0.0055863 0.0219194 0.0003018
v -0.0055863 0.0219194 0.0015586
v -0.0054886 0.0216314 0.0013956
v -0.0055496 0.0218111 0.0002406
v -0.0053857 0.0213282 0.0013206
v -0.0053857 0.0213282 0.0001211
v -0.0032000 0.0207426 -0.0003231
v -0.0037912 0.0205419 -0.0002734
v -0.0044141 0.0205827 -0.0001716
v -0.0049741 0.0208588 -0.0000330
v -0.0061502 0.0213502 0.0002406
v -0.0079196 0.0231196 0.0016442
v -0.0056000 0.0248995 0.0016442
v -0.0048000 0.0235139 0.0007467
v -0.0052694 0.0231022 0.0007236
v -0.0055455 0.0225423 0.0005674
v -0.0048000 0.0235139 0.0020035
v -0.0056000 0.0248995 0.0029010
v -0.0052694 0.0231022 0.0019804
v -0.0079196 0.0231196 0.0029010
v -0.0055455 0.0225423 0.0018242
v -0.0060220 0.0212220 0.0013956
v -0.0024000 0.0193569 0.0004840
v -0.0032000 0.0207426 0.0008765
v -0.0037912 0.0205419 0.0009261
v -0.0033941 0.0185941 0.0004840
v -0.0044141 0.0205827 0.0010280
v -0.0049741 0.0208588 0.0011665
v -0.0033941 0.0185941 0.0013993
v -0.0025456 0.0177456 0.0013993
v -0.0018000 0.0183177 0.0013993
v -0.0024000 0.0193569 0.0013993
v -0.0020000 0.0186641 -0.0000000
v -0.0028285 0.0180284 -0.0000000
v -0.0028285 0.0180284 -0.0040000
v -0.0020000 0.0186641 -0.0040000
v 0.0054886 0.0216314 0.0013956
v 0.0055863 0.0219194 0.0015586
v 0.0055863 0.0219194 0.0003018
v 0.0055496 0.0218111 0.0002406
v 0.0053857 0.0213282 0.0013206
v 0.0053857 0.0213282 0.0001211
v 0.0032000 0.0207426 -0.0003231
v 0.0037912 0.0205419 -0.0002734
v 0.0044141 0.0205827 -0.0001716
v 0.0049741 0.0208588 -0.0000330
v 0.0061502 0.0213502 0.0002406
v 0.0048000 0.0235139 0.0007467
v 0.0056000 0.0248995 0.0016442
v 0.0079196 0.0231196 0.0016442
v 0.0052694 0.0231022 0.0007236
v 0.0055455 0.0225423 0.0005674
v 0.0052694 0.0231022 0.0019804
v 0.0056000 0.0248995 0.0029010
v 0.0048000 0.0235139 0.0020035
v 0.0079196 0.0231196 0.0029010
v 0.0055455 0.0225423 0.0018242
v 0.0060220 0.0212220 0.0013956
v 0.0037912 0.0205419 0.0009261
v 0.0032000 0.0207426 0.0008765
v 0.0024000 0.0193569 0.0004840
v 0.0033941 0.0185941 0.0004840
v 0.0044141 0.0205827 0.0010280
v 0.0049741 0.0208588 0.0011665
v 0.0033941 0.0185941 0.0013993
v 0.0025456 0.0177456 0.0013993
v 0.0018000 0.0183177 0.0013993
v 0.0024000 0.0193569 0.0013993
v 0.0028285 0.0180284 -0.0040000
v 0.0028285 0.0180284 -0.0000000
v 0.0020000 0.0186641 -0.0000000
v 0.0020000 0.0186641 -0.0040000
v 0.0083140 0.0136625 0.0013956
v 0.0086123 0.0137218 0.0015586
v 0.0086123 0.0137218 0.0003018
v 0.0085001 0.0136995 0.0002406
v 0.0080000 0.0136000 0.0013206
v 0.0080000 0.0136000 0.0001211
v 0.0065218 0.0145877 -0.0002734
v 0.0068686 0.0140686 -0.0001716
v 0.0073877 0.0137218 -0.0000330
v 0.0084013 0.0129489 0.0002406
v 0.0108184 0.0123012 0.0016442
v 0.0094782 0.0145877 0.0007236
v 0.0091314 0.0140686 0.0005674
v 0.0094782 0.0145877 0.0019804
v 0.0108184 0.0123012 0.0029010
v 0.0091314 0.0140686 0.0018242
v 0.0082262 0.0129958 0.0013956
v 0.0065218 0.0145877 0.0009261
v 0.0046365 0.0139577 0.0004840
v 0.0068686 0.0140686 0.0010280
v 0.0073877 0.0137218 0.0011665
v 0.0031177 0.0134000 0.0013993
v 0.0041569 0.0128000 0.0013993
v 0.0046365 0.0139577 0.0013993
v 0.0034773 0.0142683 0.0013993
v 0.0041569 0.0128000 0.0004840
v 0.0073755 0.0109418 0.0013956
v 0.0096995 0.0096000 0.0029010
v 0.0038637 0.0141647 -0.0040000
v 0.0038637 0.0141647 -0.0000000
v 0.0096995 0.0096000 0.0016442
v 0.0075325 0.0108512 0.0002406
v 0.0034641 0.0132000 -0.0040000
v 0.0034641 0.0132000 -0.0000000
v 0.0055863 0.0084806 0.0003018
v 0.0055863 0.0084806 0.0015586
v 0.0054886 0.0087686 0.0013956
v 0.0055496 0.0085889 0.0002406
v 0.0053857 0.0090718 0.0013206
v 0.0053857 0.0090718 0.0001211
v 0.0037912 0.0098581 -0.0002734
v 0.0044141 0.0098173 -0.0001716
v 0.0049741 0.0095412 -0.0000330
v 0.0061502 0.0090498 0.0002406
v 0.0079196 0.0072804 0.0016442
v 0.0048000 0.0068861 0.0007467
v 0.0052694 0.0072978 0.0007236
v 0.0055455 0.0078577 0.0005674
v 0.0048000 0.0068861 0.0020035
v 0.0052694 0.0072978 0.0019804
v 0.0079196 0.0072804 0.0029010
v 0.0055455 0.0078577 0.0018242
v 0.0060220 0.0091780 0.0013956
v 0.0037912 0.0098581 0.0009261
v 0.0033941 0.0118059 0.0004840
v 0.0044141 0.0098173 0.0010280
v 0.0049741 0.0095412 0.0011665
v 0.0033941 0.0118059 0.0013993
v 0.0025456 0.0126544 0.0013993
v 0.0028285 0.0123716 -0.0000000
v 0.0028285 0.0123716 -0.0040000
v 0.0030260 0.0233976 0.0003018
v 0.0030260 0.0233976 0.0015586
v 0.0028254 0.0231689 0.0013956
v 0.0029506 0.0233116 0.0002406
v 0.0026144 0.0229282 0.0013206
v 0.0026144 0.0229282 0.0001211
v 0.0027306 0.0211542 -0.0002734
v 0.0024545 0.0217141 -0.0001716
v 0.0024137 0.0223370 -0.0000330
v 0.0022511 0.0236013 0.0002406
v 0.0028988 0.0260184 0.0016442
v 0.0048000 0.0235138 0.0007467
v 0.0042088 0.0237145 0.0007236
v 0.0035859 0.0236737 0.0005674
v 0.0048000 0.0235138 0.0020035
v 0.0042088 0.0237145 0.0019804
v 0.0028988 0.0260184 0.0029010
v 0.0035859 0.0236737 0.0018242
v 0.0022042 0.0234262 0.0013956
v 0.0027306 0.0211542 0.0009261
v 0.0012424 0.0198364 0.0004840
v 0.0024545 0.0217141 0.0010280
v 0.0024137 0.0223370 0.0011665
v 0.0012424 0.0198364 0.0013993
v 0.0000000 0.0200000 0.0013993
v 0.0000000 0.0188000 0.0013993
v 0.0009318 0.0186773 0.0013993
v 0.0000000 0.0237164 0.0013956
v 0.0000000 0.0200000 0.0004840
v 0.0000000 0.0264000 0.0029010
v 0.0010353 0.0190637 -0.0000000
v 0.0010353 0.0190637 -0.0040000
v 0.0000000 0.0264000 0.0016442
v 0.0000000 0.0238977 0.0002406
v 0.0000000 0.0212000 -0.0004212
v 0.0000000 0.0192000 -0.0000000
v 0.0000000 0.0192000 -0.0040000
v -0.0054886 0.0087686 0.0013956
v -0.0055863 0.0084806 0.0015586
v -0.0055863 0.0084806 0.0003018
v -0.0055496 0.0085889 0.0002406
v -0.0053857 0.0090718 0.0013206
v -0.0053857 0.0090718 0.0001211
v -0.0037912 0.0098581 -0.0002734
v -0.0044141 0.0098173 -0.0001716
v -0.0049741 0.0095412 -0.0000330
v -0.0061502 0.0090498 0.0002406
v -0.0048000 0.0068861 0.0007467
v -0.0079196 0.0072804 0.0016442
v -0.0052694 0.0072978 0.0007236
v -0.0055455 0.0078577 0.0005674
v -0.0052694 0.0072978 0.0019804
v -0.0048000 0.0068861 0.0020035
v -0.0079196 0.0072804 0.0029010
v -0.0055455 0.0078577 0.0018242
v -0.0060220 0.0091780 0.0013956
v -0.0037912 0.0098581 0.0009261
v -0.0033941 0.0118059 0.0004840
v -0.0044141 0.0098173 0.0010280
v -0.0049741 0.0095412 0.0011665
v -0.0031177 0.0134000 0.0013993
v -0.0041569 0.0128000 0.0013993
v -0.0033941 0.0118059 0.0013993
v -0.0025456 0.0126544 0.0013993
v -0.0041569 0.0128000 0.0004840
v -0.0073755 0.0109418 0.0013956
v -0.0096995 0.0096000 0.0029010
v -0.0028285 0.0123716 -0.0040000
v -0.0028285 0.0123716 -0.0000000
v -0.0096995 0.0096000 0.0016442
v -0.0075325 0.0108512 0.0002406
v -0.0034641 0.0132000 -0.0040000
v -0.0034641 0.0132000 -0.0000000
v -0.0086123 0.0137218 0.0003018
v -0.0086123 0.0137218 0.0015586
v -0.0083140 0.0136625 0.0013956
v -0.0085001 0.0136995 0.0002406
v -0.0080000 0.0136000 0.0013206
v -0.0080000 0.0136000 0.0001211
v -0.0065218 0.0145877 -0.0002734
v -0.0068686 0.0140686 -0.0001716
v -0.0073877 0.0137218 -0.0000330
v -0.0084013 0.0129489 0.0002406
v -0.0108184 0.0123012 0.0016442
v -0.0094782 0.0145877 0.0007236
v -0.0091314 0.0140686 0.0005674
v -0.0094782 0.0145877 0.0019804
v -0.0108184 0.0123012 0.0029010
v -0.0091314 0.0140686 0.0018242
v -0.0082262 0.0129958 0.0013956
v -0.0065218 0.0145877 0.0009261
v -0.0046365 0.0139577 0.0004840
v -0.0068686 0.0140686 0.0010280
v -0.0073877 0.0137218 0.0011665
v -0.0046365 0.0139577 0.0013993
v -0.0034773 0.0142683 0.0013993
v -0.0038637 0.0141647 -0.0000000
v -0.0038637 0.0141647 -0.0040000
v -0.0028254 0.0231689 0.0013956
v -0.0030260 0.0233976 0.0015586
v -0.0030260 0.0233976 0.0003018
v -0.0029506 0.0233116 0.0002406
v -0.0026144 0.0229282 0.0013206
v -0.0026144 0.0229282 0.0001211
v -0.0027306 0.0211542 -0.0002734
v -0.0024545 0.0217141 -0.0001716
v -0.0024137 0.0223370 -0.0000330
v -0.0022511 0.0236013 0.0002406
v -0.0048000 0.0235138 0.0007467
v -0.0028988 0.0260184 0.0016442
v -0.0042088 0.0237145 0.0007236
v -0.0035859 0.0236737 0.0005674
v -0.0042088 0.0237145 0.0019804
v -0.0048000 0.0235138 0.0020035
v -0.0028988 0.0260184 0.0029010
v -0.0035859 0.0236737 0.0018242
v -0.0022042 0.0234262 0.0013956
v -0.0027306 0.0211542 0.0009261
v -0.0012424 0.0198364 0.0004840
v -0.0024545 0.0217141 0.0010280
v -0.0024137 0.0223370 0.0011665
v -0.0012424 0.0198364 0.0013993
v -0.0009318 0.0186773 0.0013993
v -0.0010353 0.0190637 -0.0040000
v -0.0010353 0.0190637 -0.0000000
v -0.0010000 0.0162000 0.0080000
v -0.0010000 0.0162000 -0.0000000
v -0.0011164 0.0172852 -0.0000000
v -0.0011164 0.0172852 0.0080000
v -0.0020852 0.0163164 0.0080000
v -0.0020852 0.0163164 -0.0000000
v -0.0024000 0.0152000 0.0080000
v -0.0024000 0.0152000 -0.0000000
v -0.0022172 0.0161184 -0.0000000
v -0.0022172 0.0161184 0.0080000
v -0.0009184 0.0174172 -0.0000000
v -0.0009184 0.0174172 0.0080000
v 0.0000000 0.0176000 -0.0000000
v 0.0000000 0.0176000 0.0080000
v -0.0016972 0.0168972 0.0080000
v -0.0016972 0.0168972 -0.0000000
v 0.0010000 0.0142000 0.0080000
v 0.0010000 0.0142000 -0.0000000
v 0.0011164 0.0131148 -0.0000000
v 0.0011164 0.0131148 0.0080000
v 0.0020852 0.0140836 0.0080000
v 0.0020852 0.0140836 -0.0000000
v 0.0024000 0.0152000 0.0080000
v 0.0024000 0.0152000 -0.0000000
v 0.0022172 0.0142816 -0.0000000
v 0.0022172 0.0142816 0.0080000
v 0.0009184 0.0129828 -0.0000000
v 0.0009184 0.0129828 0.0080000
v 0.0000000 0.0128000 -0.0000000
v 0.0000000 0.0128000 0.0080000
v 0.0016972 0.0135028 0.0080000
v 0.0016972 0.0135028 -0.0000000
v 0.0008000 0.0174408 -0.0000000
v 0.0008000 0.0174408 0.0080000
v 0.0008000 0.0168000 -0.0000000
v 0.0008000 0.0168000 0.0080000
v 0.0010000 0.0162000 -0.0000000
v 0.0010000 0.0162000 0.0080000
v 0.0016000 0.0160000 -0.0000000
v 0.0016000 0.0160000 0.0080000
v 0.0022408 0.0160000 -0.0000000
v 0.0022408 0.0160000 0.0080000
v 0.0009184 0.0174172 0.0080000
v 0.0016972 0.0168972 0.0080000
v 0.0022172 0.0161184 0.0080000
v 0.0009184 0.0174172 -0.0000000
v 0.0016972 0.0168972 -0.0000000
v 0.0022172 0.0161184 -0.0000000
v -0.0008000 0.0129592 -0.0000000
v -0.0008000 0.0129592 0.0080000
v -0.0008000 0.0136000 0.0080000
v -0.0008000 0.0136000 -0.0000000
v -0.0010000 0.0142000 -0.0000000
v -0.0010000 0.0142000 0.0080000
v -0.0016000 0.0144000 -0.0000000
v -0.0016000 0.0144000 0.0080000
v -0.0022408 0.0144000 -0.0000000
v -0.0022408 0.0144000 0.0080000
v -0.0009184 0.0129828 0.0080000
v -0.0016972 0.0135028 0.0080000
v -0.0022172 0.0142816 0.0080000
v -0.0009184 0.0129828 -0.0000000
v -0.0016972 0.0135028 -0.0000000
v -0.0022172 0.0142816 -0.0000000
v 0.0018000 0.0120840 0.0080000
v 0.0009320 0.0117240 0.0080000
v 0.0009320 0.0117240 0.0014000
v 0.0018000 0.0120840 0.0014000
v 0.0025440 0.0126560 0.0080000
v 0.0025440 0.0126560 0.0014000
v 0.0031160 0.0134000 0.0080000
v 0.0031160 0.0134000 0.0014000
v 0.0034760 0.0142680 0.0080000
v 0.0034760 0.0142680 0.0014000
v 0.0036000 0.0152000 0.0080000
v 0.0036000 0.0152000 0.0014000
v 0.0034760 0.0161320 0.0080000
v 0.0034760 0.0161320 0.0014000
v 0.0031160 0.0170000 0.0080000
v 0.0031160 0.0170000 0.0014000
v 0.0025440 0.0177440 0.0080000
v 0.0025440 0.0177440 0.0014000
v 0.0018000 0.0183160 0.0080000
v 0.0018000 0.0183160 0.0014000
v 0.0009320 0.0186760 0.0080000
v 0.0009320 0.0186760 0.0014000
v 0.0000000 0.0188000 0.0080000
v 0.0000000 0.0188000 0.0014000
v -0.0009320 0.0186760 0.0080000
v -0.0009320 0.0186760 0.0014000
v -0.0018000 0.0183160 0.0080000
v -0.0018000 0.0183160 0.0014000
v -0.0025440 0.0177440 0.0080000
v -0.0025440 0.0177440 0.0014000
v -0.0031160 0.0170000 0.0080000
v -0.0031160 0.0170000 0.0014000
v -0.0034760 0.0161320 0.0080000
v -0.0034760 0.0161320 0.0014000
v -0.0036000 0.0152000 0.0080000
v -0.0036000 0.0152000 0.0014000
v -0.0034760 0.0142680 0.0080000
v -0.0034760 0.0142680 0.0014000
v -0.0031160 0.0134000 0.0080000
v -0.0031160 0.0134000 0.0014000
v -0.0025440 0.0126560 0.0080000
v -0.0025440 0.0126560 0.0014000
v -0.0018000 0.0120840 0.0080000
v -0.0018000 0.0120840 0.0014000
v -0.0009320 0.0117240 0.0080000
v -0.0009320 0.0117240 0.0014000
v 0.0000000 0.0116000 0.0080000
v 0.0000000 0.0116000 0.0014000
v 0.0011087 0.0083408 -0.0040000
v -0.0011087 0.0083408 -0.0040000
v -0.0012000 0.0088000 -0.0040000
v 0.0012000 0.0088000 -0.0040000
v 0.0008485 0.0079515 -0.0040000
v -0.0008485 0.0079515 -0.0040000
v 0.0004592 0.0076913 -0.0040000
v -0.0004592 0.0076913 -0.0040000
v 0.0000000 0.0076000 -0.0040000
v 0.0004000 0.0198000 -0.0040000
v 0.0002828 0.0199172 -0.0040000
v 0.0004000 0.0202000 -0.0040000
v 0.0000000 0.0198000 -0.0040000
v -0.0004000 0.0198000 -0.0040000
v -0.0002828 0.0199172 -0.0040000
v -0.0004000 0.0202000 -0.0040000
v -0.0004000 0.0206000 -0.0040000
v -0.0002828 0.0204828 -0.0040000
v 0.0000000 0.0206000 -0.0040000
v 0.0004000 0.0206000 -0.0040000
v 0.0002828 0.0204828 -0.0040000
v 0.0002828 0.0199172 -0.0036000
v 0.0004000 0.0202000 -0.0036000
v 0.0000000 0.0198000 -0.0036000
v -0.0002828 0.0199172 -0.0036000
v -0.0004000 0.0202000 -0.0036000
v -0.0002828 0.0204828 -0.0036000
v 0.0000000 0.0206000 -0.0036000
v 0.0002828 0.0204828 -0.0036000
v 0.0000000 0.0202000 -0.0036000
v 0.0030274 0.0186864 -0.0040000
v 0.0030015 0.0188500 -0.0040000
v 0.0032625 0.0190100 -0.0040000
v 0.0027038 0.0189215 -0.0040000
v 0.0023802 0.0191566 -0.0040000
v 0.0025438 0.0191825 -0.0040000
v 0.0026153 0.0194802 -0.0040000
v 0.0028504 0.0198038 -0.0040000
v 0.0028763 0.0196402 -0.0040000
v 0.0031740 0.0195687 -0.0040000
v 0.0034976 0.0193336 -0.0040000
v 0.0033340 0.0193077 -0.0040000
v 0.0030015 0.0188500 -0.0036000
v 0.0032625 0.0190100 -0.0036000
v 0.0027038 0.0189215 -0.0036000
v 0.0025438 0.0191825 -0.0036000
v 0.0026153 0.0194802 -0.0036000
v 0.0028763 0.0196402 -0.0036000
v 0.0031740 0.0195687 -0.0036000
v 0.0033340 0.0193077 -0.0036000
v 0.0029389 0.0192451 -0.0036000
v 0.0044985 0.0162410 -0.0040000
v 0.0045737 0.0163887 -0.0040000
v 0.0048789 0.0163647 -0.0040000
v 0.0043749 0.0166215 -0.0040000
v 0.0042512 0.0170019 -0.0040000
v 0.0043989 0.0169267 -0.0040000
v 0.0046317 0.0171255 -0.0040000
v 0.0050121 0.0172491 -0.0040000
v 0.0049369 0.0171015 -0.0040000
v 0.0051357 0.0168687 -0.0040000
v 0.0052593 0.0164883 -0.0040000
v 0.0051117 0.0165635 -0.0040000
v 0.0045737 0.0163887 -0.0036000
v 0.0048789 0.0163647 -0.0036000
v 0.0043749 0.0166215 -0.0036000
v 0.0043989 0.0169267 -0.0036000
v 0.0046317 0.0171255 -0.0036000
v 0.0049369 0.0171015 -0.0036000
v 0.0051357 0.0168687 -0.0036000
v 0.0051117 0.0165635 -0.0036000
v 0.0047553 0.0167451 -0.0036000
v 0.0042512 0.0133981 -0.0040000
v 0.0043989 0.0134733 -0.0040000
v 0.0046317 0.0132745 -0.0040000
v 0.0043749 0.0137785 -0.0040000
v 0.0044985 0.0141590 -0.0040000
v 0.0045737 0.0140113 -0.0040000
v 0.0048789 0.0140353 -0.0040000
v 0.0052593 0.0139117 -0.0040000
v 0.0051117 0.0138365 -0.0040000
v 0.0051357 0.0135313 -0.0040000
v 0.0050121 0.0131509 -0.0040000
v 0.0049369 0.0132985 -0.0040000
v 0.0043989 0.0134733 -0.0036000
v 0.0046317 0.0132745 -0.0036000
v 0.0043749 0.0137785 -0.0036000
v 0.0045737 0.0140113 -0.0036000
v 0.0048789 0.0140353 -0.0036000
v 0.0051117 0.0138365 -0.0036000
v 0.0051357 0.0135313 -0.0036000
v 0.0049369 0.0132985 -0.0036000
v 0.0047553 0.0136549 -0.0036000
v 0.0023802 0.0112434 -0.0040000
v 0.0025438 0.0112175 -0.0040000
v 0.0026153 0.0109198 -0.0040000
v 0.0027038 0.0114785 -0.0040000
v 0.0030274 0.0117136 -0.0040000
v 0.0030015 0.0115500 -0.0040000
v 0.0032625 0.0113900 -0.0040000
v 0.0034976 0.0110664 -0.0040000
v 0.0033340 0.0110923 -0.0040000
v 0.0031740 0.0108313 -0.0040000
v 0.0028504 0.0105962 -0.0040000
v 0.0028763 0.0107598 -0.0040000
v 0.0025438 0.0112175 -0.0036000
v 0.0026153 0.0109198 -0.0036000
v 0.0027038 0.0114785 -0.0036000
v 0.0030015 0.0115500 -0.0036000
v 0.0032625 0.0113900 -0.0036000
v 0.0033340 0.0110923 -0.0036000
v 0.0031740 0.0108313 -0.0036000
v 0.0028763 0.0107598 -0.0036000
v 0.0029389 0.0111549 -0.0036000
v -0.0030274 0.0117136 -0.0040000
v -0.0030015 0.0115500 -0.0040000
v -0.0032625 0.0113900 -0.0040000
v -0.0027038 0.0114785 -0.0040000
v -0.0023802 0.0112434 -0.0040000
v -0.0025438 0.0112175 -0.0040000
v -0.0026153 0.0109198 -0.0040000
v -0.0028504 0.0105962 -0.0040000
v -0.0028763 0.0107598 -0.0040000
v -0.0031740 0.0108313 -0.0040000
v -0.0034976 0.0110664 -0.0040000
v -0.0033340 0.0110923 -0.0040000
v -0.0030015 0.0115500 -0.0036000
v -0.0032625 0.0113900 -0.0036000
v -0.0027038 0.0114785 -0.0036000
v -0.0025438 0.0112175 -0.0036000
v -0.0026153 0.0109198 -0.0036000
v -0.0028763 0.0107598 -0.0036000
v -0.0031740 0.0108313 -0.0036000
v -0.0033340 0.0110923 -0.0036000
v -0.0029389 0.0111549 -0.0036000
v -0.0044985 0.0141590 -0.0040000
v -0.0045737 0.0140113 -0.0040000
v -0.0048789 0.0140353 -0.0040000
v -0.0043749 0.0137785 -0.0040000
v -0.0042512 0.0133981 -0.0040000
v -0.0043989 0.0134733 -0.0040000
v -0.0046317 0.0132745 -0.0040000
v -0.0050121 0.0131509 -0.0040000
v -0.0049369 0.0132985 -0.0040000
v -0.0051357 0.0135313 -0.0040000
v -0.0052593 0.0139117 -0.0040000
v -0.0051117 0.0138365 -0.0040000
v -0.0045737 0.0140113 -0.0036000
v -0.0048789 0.0140353 -0.0036000
v -0.0043749 0.0137785 -0.0036000
v -0.0043989 0.0134733 -0.0036000
v -0.0046317 0.0132745 -0.0036000
v -0.0049369 0.0132985 -0.0036000
v -0.0051357 0.0135313 -0.0036000
v -0.0051117 0.0138365 -0.0036000
v -0.0047553 0.0136549 -0.0036000
v -0.0042512 0.0170019 -0.0040000
v -0.0043989 0.0169267 -0.0040000
v -0.0046317 0.0171255 -0.0040000
v -0.0043749 0.0166215 -0.0040000
v -0.0044985 0.0162410 -0.0040000
v -0.0045737 0.0163887 -0.0040000
v -0.0048789 0.0163647 -0.0040000
v -0.0052593 0.0164883 -0.0040000
v -0.0051117 0.0165635 -0.0040000
v -0.0051357 0.0168687 -0.0040000
v -0.0050121 0.0172491 -0.0040000
v -0.0049369 0.0171015 -0.0040000
v -0.0043989 0.0169267 -0.0036000
v -0.0046317 0.0171255 -0.0036000
v -0.0043749 0.0166215 -0.0036000
v -0.0045737 0.0163887 -0.0036000
v -0.0048789 0.0163647 -0.0036000
v -0.0051117 0.0165635 -0.0036000
v -0.0051357 0.0168687 -0.0036000
v -0.0049369 0.0171015 -0.0036000
v -0.0047553 0.0167451 -0.0036000
v -0.0023802 0.0191566 -0.0040000
v -0.0025438 0.0191825 -0.0040000
v -0.0026153 0.0194802 -0.0040000
v -0.0027038 0.0189215 -0.0040000
v -0.0030274 0.0186864 -0.0040000
v -0.0030015 0.0188500 -0.0040000
v -0.0032625 0.0190100 -0.0040000
v -0.0034976 0.0193336 -0.0040000
v -0.0033340 0.0193077 -0.0040000
v -0.0031740 0.0195687 -0.0040000
v -0.0028504 0.0198038 -0.0040000
v -0.0028763 0.0196402 -0.0040000
v -0.0025438 0.0191825 -0.0036000
v -0.0026153 0.0194802 -0.0036000
v -0.0027038 0.0189215 -0.0036000
v -0.0030015 0.0188500 -0.0036000
v -0.0032625 0.0190100 -0.0036000
v -0.0033340 0.0193077 -0.0036000
v -0.0031740 0.0195687 -0.0036000
v -0.0028763 0.0196402 -0.0036000
v -0.0029389 0.0192451 -0.0036000
v 0.0000000 0.0212000 -0.0040000
v -0.0042426 0.0194426 -0.0040000
v -0.0028284 0.0180284 -0.0040000
v -0.0012000 0.0093580 -0.0040000
v -0.0042426 0.0109574 -0.0040000
v -0.0028284 0.0123716 -0.0040000
v 0.0042426 0.0194426 -0.0040000
v 0.0028284 0.0180284 -0.0040000
v 0.0012000 0.0093580 -0.0040000
v 0.0042426 0.0109574 -0.0040000
v 0.0028284 0.0123716 -0.0040000
v -0.0038640 0.0162360 -0.0000000
v -0.0034640 0.0172000 -0.0000000
v -0.0028280 0.0180280 -0.0000000
v -0.0020000 0.0186640 -0.0000000
v -0.0010360 0.0190640 -0.0000000
v 0.0010360 0.0190640 -0.0000000
v 0.0020000 0.0186640 -0.0000000
v 0.0028280 0.0180280 -0.0000000
v 0.0034640 0.0172000 -0.0000000
v 0.0038640 0.0162360 -0.0000000
v 0.0038640 0.0141640 -0.0000000
v 0.0034640 0.0132000 -0.0000000
v 0.0028280 0.0123720 -0.0000000
v 0.0020000 0.0117360 -0.0000000
v 0.0010360 0.0113360 -0.0000000
v -0.0010360 0.0113360 -0.0000000
v -0.0020000 0.0117360 -0.0000000
v -0.0028280 0.0123720 -0.0000000
v -0.0034640 0.0132000 -0.0000000
v -0.0038640 0.0141640 -0.0000000
v 0.0011087 0.0083408 -0.0000000
v 0.0012000 0.0088000 -0.0000000
v 0.0008485 0.0079515 -0.0000000
v 0.0004592 0.0076913 -0.0000000
v 0.0000000 0.0076000 -0.0000000
v -0.0004592 0.0076913 -0.0000000
v -0.0008485 0.0079515 -0.0000000
v -0.0011087 0.0083408 -0.0000000
v -0.0012000 0.0088000 -0.0000000
v 0.0012000 0.0093580 -0.0004212
v 0.0012000 0.0088000 -0.0002843
v -0.0012000 0.0088000 -0.0002843
v -0.0012000 0.0093580 -0.0004212
v 0.0015528 0.0094044 -0.0040000
v 0.0015528 0.0094044 -0.0004212
v -0.0015528 0.0094044 -0.0004212
v -0.0012001 0.0093580 -0.0040000
v 0.0014539 0.0041914 0.0036000
v 0.0014539 0.0041914 0.0029010
v 0.0016204 0.0068970 0.0013956
v 0.0017333 0.0087313 0.0009493
v 0.0018618 0.0108202 0.0004840
v 0.0018618 0.0108202 0.0013993
v 0.0018618 0.0108202 0.0076000
v 0.0013794 0.0029816 0.0048000
v 0.0013794 0.0029816 0.0080000
v 0.0010429 0.0105373 0.0013993
v 0.0008123 0.0067906 0.0013956
v 0.0010429 0.0105373 0.0076090
v 0.0010429 0.0105373 0.0004840
v 0.0006458 0.0040850 0.0029010
v 0.0006458 0.0040850 0.0036000
v 0.0005714 0.0028752 0.0080000
v 0.0005714 0.0028752 0.0048000
v -0.0016204 0.0068970 0.0013956
v -0.0014539 0.0041914 0.0029010
v -0.0014539 0.0041914 0.0036000
v -0.0018618 0.0108202 0.0013993
v -0.0018618 0.0108202 0.0004840
v -0.0017333 0.0087313 0.0009493
v -0.0018618 0.0108202 0.0076000
v -0.0013794 0.0029816 0.0048000
v -0.0013794 0.0029816 0.0080000
v -0.0010429 0.0105373 0.0076090
v -0.0008123 0.0067906 0.0013956
v -0.0010429 0.0105373 0.0013993
v -0.0010429 0.0105373 0.0004840
v -0.0006458 0.0040850 0.0029010
v -0.0006458 0.0040850 0.0036000
v -0.0005714 0.0028752 0.0080000
v -0.0005714 0.0028752 0.0048000
v 0.0080009 0.0179482 0.0013956
v 0.0102607 0.0194452 0.0029010
v 0.0102607 0.0194452 0.0036000
v 0.0047240 0.0157775 0.0013993
v 0.0047240 0.0157775 0.0004840
v 0.0064687 0.0169333 0.0009493
v 0.0047240 0.0157775 0.0076000
v 0.0112712 0.0201146 0.0048000
v 0.0112712 0.0201146 0.0080000
v 0.0045595 0.0166281 0.0076090
v 0.0076890 0.0187012 0.0013956
v 0.0045595 0.0166281 0.0013993
v 0.0045595 0.0166281 0.0004840
v 0.0099488 0.0201982 0.0029010
v 0.0099488 0.0201982 0.0036000
v 0.0109593 0.0208676 0.0080000
v 0.0109593 0.0208676 0.0048000
v -0.0102607 0.0194452 0.0036000
v -0.0102607 0.0194452 0.0029010
v -0.0080009 0.0179482 0.0013956
v -0.0064687 0.0169333 0.0009493
v -0.0047240 0.0157775 0.0004840
v -0.0047240 0.0157775 0.0013993
v -0.0047240 0.0157775 0.0076000
v -0.0112712 0.0201146 0.0048000
v -0.0112712 0.0201146 0.0080000
v -0.0045595 0.0166281 0.0013993
v -0.0076890 0.0187012 0.0013956
v -0.0045595 0.0166281 0.0076090
v -0.0045595 0.0166281 0.0004840
v -0.0099488 0.0201982 0.0029010
v -0.0099488 0.0201982 0.0036000
v -0.0109593 0.0208676 0.0080000
v -0.0109593 0.0208676 0.0048000
v -0.0063805 0.0207548 0.0013956
v -0.0088068 0.0219634 0.0029010
v -0.0088068 0.0219634 0.0036000
v -0.0028622 0.0190023 0.0013993
v -0.0028622 0.0190023 0.0004840
v -0.0047354 0.0199354 0.0009493
v -0.0028622 0.0190023 0.0076000
v -0.0098918 0.0225038 0.0048000
v -0.0098918 0.0225038 0.0080000
v -0.0035166 0.0184345 0.0076090
v -0.0068767 0.0201082 0.0013956
v -0.0035166 0.0184345 0.0013993
v -0.0035166 0.0184345 0.0004840
v -0.0093030 0.0213168 0.0029010
v -0.0093030 0.0213168 0.0036000
v -0.0103879 0.0218572 0.0080000
v -0.0103879 0.0218572 0.0048000
v 0.0088068 0.0219634 0.0036000
v 0.0088068 0.0219634 0.0029010
v 0.0063805 0.0207548 0.0013956
v 0.0047354 0.0199354 0.0009493
v 0.0028622 0.0190023 0.0004840
v 0.0028622 0.0190023 0.0013993
v 0.0028622 0.0190023 0.0076000
v 0.0098918 0.0225038 0.0048000
v 0.0098918 0.0225038 0.0080000
v 0.0035166 0.0184345 0.0013993
v 0.0068767 0.0201082 0.0013956
v 0.0035166 0.0184345 0.0076090
v 0.0035166 0.0184345 0.0004840
v 0.0093030 0.0213168 0.0029010
v 0.0093030 0.0213168 0.0036000
v 0.0103879 0.0218572 0.0080000
v 0.0103879 0.0218572 0.0048000
v 0.0102607 0.0109548 0.0036000
v 0.0102607 0.0109548 0.0029010
v 0.0080009 0.0124518 0.0013956
v 0.0064687 0.0134667 0.0009493
v 0.0047240 0.0146225 0.0004840
v 0.0047240 0.0146225 0.0013993
v 0.0047240 0.0146225 0.0076000
v 0.0112712 0.0102854 0.0048000
v 0.0112712 0.0102854 0.0080000
v 0.0045595 0.0137719 0.0013993
v 0.0076890 0.0116988 0.0013956
v 0.0045595 0.0137719 0.0076090
v 0.0045595 0.0137719 0.0004840
v 0.0099488 0.0102018 0.0029010
v 0.0099488 0.0102018 0.0036000
v 0.0109593 0.0095324 0.0080000
v 0.0109593 0.0095324 0.0048000
v 0.0063805 0.0096452 0.0013956
v 0.0088068 0.0084366 0.0029010
v 0.0088068 0.0084366 0.0036000
v 0.0028622 0.0113977 0.0013993
v 0.0028622 0.0113977 0.0004840
v 0.0047354 0.0104646 0.0009493
v 0.0028622 0.0113977 0.0076000
v 0.0098918 0.0078962 0.0048000
v 0.0098918 0.0078962 0.0080000
v 0.0035166 0.0119655 0.0076090
v 0.0068767 0.0102918 0.0013956
v 0.0035166 0.0119655 0.0013993
v 0.0035166 0.0119655 0.0004840
v 0.0093030 0.0090832 0.0029010
v 0.0093030 0.0090832 0.0036000
v 0.0103879 0.0085428 0.0080000
v 0.0103879 0.0085428 0.0048000
v 0.0016204 0.0235030 0.0013956
v 0.0014539 0.0262086 0.0029010
v 0.0014539 0.0262086 0.0036000
v 0.0018618 0.0195798 0.0013993
v 0.0018618 0.0195798 0.0004840
v 0.0017333 0.0216687 0.0009493
v 0.0018618 0.0195798 0.0076000
v 0.0013794 0.0274184 0.0048000
v 0.0013794 0.0274184 0.0080000
v 0.0010429 0.0198627 0.0076090
v 0.0008123 0.0236094 0.0013956
v 0.0010429 0.0198627 0.0013993
v 0.0010429 0.0198627 0.0004840
v 0.0006458 0.0263150 0.0029010
v 0.0006458 0.0263150 0.0036000
v 0.0005714 0.0275248 0.0080000
v 0.0005714 0.0275248 0.0048000
v -0.0088068 0.0084366 0.0036000
v -0.0088068 0.0084366 0.0029010
v -0.0063805 0.0096452 0.0013956
v -0.0047354 0.0104646 0.0009493
v -0.0028622 0.0113977 0.0004840
v -0.0028622 0.0113977 0.0013993
v -0.0028622 0.0113977 0.0076000
v -0.0098918 0.0078962 0.0048000
v -0.0098918 0.0078962 0.0080000
v -0.0035166 0.0119655 0.0013993
v -0.0068767 0.0102918 0.0013956
v -0.0035166 0.0119655 0.0076090
v -0.0035166 0.0119655 0.0004840
v -0.0093030 0.0090832 0.0029010
v -0.0093030 0.0090832 0.0036000
v -0.0103879 0.0085428 0.0080000
v -0.0103879 0.0085428 0.0048000
v -0.0080009 0.0124518 0.0013956
v -0.0102607 0.0109548 0.0029010
v -0.0102607 0.0109548 0.0036000
v -0.0047240 0.0146225 0.0013993
v -0.0047240 0.0146225 0.0004840
v -0.0064687 0.0134667 0.0009493
v -0.0047240 0.0146225 0.0076000
v -0.0112712 0.0102854 0.0048000
v -0.0112712 0.0102854 0.0080000
v -0.0045595 0.0137719 0.0076090
v -0.0076890 0.0116988 0.0013956
v -0.0045595 0.0137719 0.0013993
v -0.0045595 0.0137719 0.0004840
v -0.0099488 0.0102018 0.0029010
v -0.0099488 0.0102018 0.0036000
v -0.0109593 0.0095324 0.0080000
v -0.0109593 0.0095324 0.0048000
v -0.0014539 0.0262086 0.0036000
v -0.0014539 0.0262086 0.0029010
v -0.0016204 0.0235030 0.0013956
v -0.0017333 0.0216687 0.0009493
v -0.0018618 0.0195798 0.0004840
v -0.0018618 0.0195798 0.0013993
v -0.0018618 0.0195798 0.0076000
v -0.0013794 0.0274184 0.0048000
v -0.0013794 0.0274184 0.0080000
v -0.0010429 0.0198627 0.0013993
v -0.0008123 0.0236094 0.0013956
v -0.0010429 0.0198627 0.0076090
v -0.0010429 0.0198627 0.0004840
v -0.0006458 0.0263150 0.0029010
v -0.0006458 0.0263150 0.0036000
v -0.0005714 0.0275248 0.0080000
v -0.0005714 0.0275248 0.0048000
vn -1.0 0.0 0.0
vn 1.0 0.0 0.0
vn 0.0 0.0 -1.0
vn 0.0687799 -0.5223731 -0.8499386
vn 0.034479 -0.2618571 -0.9644906
vn -0.0503646 -0.3825117 -0.922577
vn -0.0545742 -0.414474 -0.9084233
vn 0.0 0.0 1.0
vn 0.0492254 0.3739167 0.926155
vn 0.0 0.3089486 0.9510788
vn -0.0666747 0.5064616 0.8596808
vn -0.0687799 -0.5223731 0.8499386
vn -0.034479 -0.2618571 0.9644906
vn 0.0503646 -0.3825117 0.922577
vn 0.0545742 -0.414474 0.9084233
vn -0.0332931 0.2528879 -0.9669226
vn 0.0 0.4320859 -0.9018325
vn 0.0517905 0.3933913 -0.9179112
vn 0.3151474 -0.9008421 0.2986063
vn 0.0101276 -0.9999487 0.0
vn 0.1305385 -0.9914432 0.0
vn 0.1042601 -0.7918446 0.6017573
vn 0.0328985 -0.9994587 0.0
vn 0.3341539 -0.9216405 -0.1972815
vn 0.1201428 -0.9124873 -0.391066
vn 0.0 -1.0 0.0
vn -0.018806 -0.9998232 0.0
vn -0.1042601 -0.7918446 0.6017573
vn -0.1201428 -0.9124873 0.391066
vn -0.1305385 -0.9914432 0.0
vn -0.120143 -0.9124894 -0.391061
vn -0.1042601 -0.7918446 -0.6017573
vn -0.2588055 -0.9659294 0.0
vn -0.1305252 -0.991445 0.0
vn 0.0 0.9328708 0.3602111
vn 0.1294406 0.9832586 0.1282485
vn 0.0 0.9916004 0.1293392
vn 0.1227893 0.9327384 0.3390014
vn 0.0 0.9678435 0.2515532
vn 0.2580542 0.9630815 0.0766949
vn 0.0 0.9970545 -0.0766965
vn 0.2504919 0.9348655 -0.2515558
vn 0.0 0.9398504 -0.3415862
vn 0.1294406 0.9832584 -0.1282499
vn 0.0 0.9916004 -0.1293392
vn 0.1218929 0.9259146 -0.3575251
vn -0.2757786 0.9358357 0.2194488
vn -0.226786 0.9630039 0.1455732
vn -0.2850938 0.9473807 -0.1455727
vn -0.2290638 0.948352 -0.2194498
vn -0.2729306 0.9341226 -0.2300519
vn 0.130521 -0.9914455 0.0
vn 0.1305252 -0.991445 0.0
vn -0.2306741 0.9454457 0.2300476
vn -0.1954822 0.4719482 -0.8596811
vn -0.2040107 0.3219583 -0.924512
vn 0.0976082 -0.2356507 0.9669237
vn 0.1768163 -0.3376588 0.9245121
vn -0.5086051 0.8325626 0.2194548
vn -0.4683131 0.8714871 0.1455787
vn -0.5205829 0.8413092 -0.1455758
vn -0.4667144 0.8567471 -0.2194587
vn -0.5054102 0.8316478 -0.2300488
vn 0.3826693 -0.9238854 0.0
vn 0.4615462 -0.8871162 0.0
vn 0.5374905 -0.8432698 0.0
vn 0.3826785 -0.9238816 0.0
vn 0.4615475 -0.8871155 0.0
vn 0.5374838 -0.843274 0.0
vn 0.468386 -0.8689148 0.1600049
vn 0.5183056 -0.8400945 -0.1600016
vn 0.1443213 -0.3484314 -0.9261571
vn 0.2040107 -0.3219583 -0.924512
vn -0.1768163 0.3376588 0.9245121
vn -0.1518406 0.3665812 0.9179121
vn -0.4675184 0.8535233 0.2300531
vn 0.4615404 -0.8871192 0.0
vn 0.3826788 -0.9238814 0.0
vn 0.5374706 -0.8432825 0.0
vn -0.280391 0.2581863 -0.9245111
vn 0.2581892 -0.2803905 0.9245104
vn -0.5727155 0.7463681 0.3390156
vn -0.677909 0.720587 0.1455808
vn -0.7205879 0.6779083 -0.1455796
vn -0.6037391 0.7867971 -0.1282553
vn -0.5685259 0.7409112 -0.3575316
vn 0.6087701 -0.7933467 0.0
vn 0.6754243 -0.7374294 0.0
vn 0.7374294 -0.6754243 0.0
vn 0.6065804 -0.7904999 0.0846774
vn 0.5862514 -0.7640102 -0.2694395
vn 0.2803931 -0.2581882 -0.9245099
vn -0.2581873 0.2803885 0.9245116
vn -0.6037393 0.7867973 0.1282533
vn 0.6754187 -0.7374345 0.0
vn 0.7374345 -0.6754187 0.0
vn -0.3376578 0.1768157 -0.9245125
vn 0.3219668 -0.2040151 0.9245081
vn -0.7868078 0.6037238 0.1282614
vn -0.8567532 0.4667023 0.2194606
vn -0.8413097 0.5205822 0.1455755
vn -0.871487 0.4683121 -0.1455822
vn -0.7463755 0.5727027 -0.339021
vn -0.8325709 0.5085929 -0.2194515
vn -0.7868094 0.603725 -0.1282466
vn -0.8535309 0.4675074 -0.2300475
vn 0.7933682 -0.6087421 0.0
vn 0.8432725 -0.5374863 0.0
vn 0.8871118 -0.4615547 0.0
vn 0.7640215 -0.5862407 0.2694308
vn 0.8401016 -0.5182927 0.1600063
vn 0.7905116 -0.6065657 -0.0846729
vn 0.868922 -0.4683742 -0.1600008
vn 0.3376622 -0.1768179 -0.9245105
vn -0.3219626 0.2040125 0.9245101
vn -0.7409229 0.5685172 0.3575211
vn -0.8316536 0.5053977 0.2300552
vn 0.8432825 -0.5374706 0.0
vn 0.8871192 -0.4615404 0.0
vn -0.2356508 0.0976125 -0.9669232
vn 0.4719478 -0.1954834 0.8596811
vn -0.8691788 0.3600058 0.3390044
vn -0.9630815 0.2580542 0.0766949
vn -0.9348655 0.2504919 -0.2515558
vn -0.91626 0.3795002 -0.1282469
vn -0.8628159 0.3573717 -0.357539
vn 0.9238891 -0.3826604 0.0
vn 0.9659294 -0.2588055 0.0
vn 0.9238757 -0.3826926 0.0
vn 0.9205706 -0.3812856 0.0846823
vn 0.8897179 -0.3685123 -0.2694454
vn 0.3665795 -0.1518465 -0.9179118
vn -0.3484322 0.1443225 0.9261566
vn -0.9162583 0.3794995 0.1282608
vn 0.9659297 -0.2588048 0.0
vn 0.0 1.0 0.0
vn 0.5223697 0.0687783 -0.8499409
vn 0.2618602 0.0344783 -0.9644898
vn 0.382512 -0.0503638 -0.9225768
vn 0.414474 -0.0545724 -0.9084234
vn -0.3739171 0.0492248 0.9261549
vn -0.308951 0.0 0.9510779
vn -0.5064598 -0.0666735 0.859682
vn 0.5223697 -0.0687783 0.8499409
vn 0.2618602 -0.0344783 0.9644898
vn 0.382512 0.0503638 0.9225768
vn 0.414474 0.0545724 0.9084234
vn -0.2528907 -0.0332925 -0.9669219
vn -0.432085 0.0 -0.9018329
vn -0.3933916 0.0517891 -0.9179112
vn 0.9878826 0.1300697 0.0846753
vn 0.9544505 0.1256681 0.2706137
vn 0.9544505 0.1256681 -0.2706137
vn 0.9878825 0.1300697 -0.0846756
vn 0.9878826 -0.1300697 -0.0846753
vn 0.9544505 -0.1256681 0.2706137
vn 0.9878825 -0.1300697 0.0846756
vn 0.9544505 -0.1256681 -0.2706137
vn 0.9914455 -0.1305215 0.0
vn -0.9328691 -0.0 0.3602156
vn -0.9832584 0.1294406 0.1282499
vn -0.9916004 0.0 0.1293392
vn -0.9327384 0.1227893 0.3390014
vn -0.9678435 0.0 0.2515532
vn -0.9970545 0.0 -0.0766965
vn -0.9398504 0.0 -0.3415862
vn -0.9832584 0.1294406 -0.1282499
vn -0.9916004 -0.0 -0.1293392
vn -0.925913 0.121892 -0.3575296
vn -0.9327384 -0.1227893 0.3390014
vn -0.9630815 -0.2580542 0.0766949
vn -0.9348655 -0.2504919 -0.2515558
vn -0.9832584 -0.1294406 -0.1282499
vn -0.925913 -0.121892 -0.3575296
vn 0.9659294 0.2588055 0.0
vn 0.9914455 0.1305215 0.0
vn -0.9832584 -0.1294406 0.1282499
vn 0.9659297 0.2588048 0.0
vn -0.2581863 -0.280391 -0.9245111
vn -0.1768157 -0.3376578 -0.9245125
vn 0.2803905 0.2581892 0.9245104
vn 0.2040151 0.3219668 0.9245081
vn -0.720587 -0.677909 0.1455808
vn -0.6037238 -0.7868078 0.1282614
vn -0.4667023 -0.8567532 0.2194606
vn -0.5205822 -0.8413097 0.1455755
vn -0.6779083 -0.7205879 -0.1455796
vn -0.4683121 -0.871487 -0.1455822
vn -0.5727027 -0.7463755 -0.339021
vn -0.5085929 -0.8325709 -0.2194515
vn -0.603725 -0.7868094 -0.1282466
vn -0.4675074 -0.8535309 -0.2300475
vn 0.6087421 0.7933682 0.0
vn 0.6754243 0.7374294 0.0
vn 0.7374294 0.6754243 0.0
vn 0.5374863 0.8432725 0.0
vn 0.4615547 0.8871118 0.0
vn 0.5862407 0.7640215 0.2694308
vn 0.5182927 0.8401016 0.1600063
vn 0.6065657 0.7905116 -0.0846729
vn 0.4683742 0.868922 -0.1600008
vn 0.2581882 0.2803931 -0.9245099
vn 0.1768179 0.3376622 -0.9245105
vn -0.2040125 -0.3219626 0.9245101
vn -0.2803885 -0.2581873 0.9245116
vn -0.5685172 -0.7409229 0.3575211
vn -0.5053977 -0.8316536 0.2300552
vn 0.5374706 0.8432825 0.0
vn 0.7374345 0.6754187 0.0
vn 0.6754187 0.7374345 0.0
vn 0.4615404 0.8871192 0.0
vn -0.0976125 -0.2356508 -0.9669232
vn 0.1954834 0.4719478 0.8596811
vn -0.3600058 -0.8691788 0.3390044
vn -0.2580542 -0.9630815 0.0766949
vn -0.2504919 -0.9348655 -0.2515558
vn -0.3795002 -0.91626 -0.1282469
vn -0.3573717 -0.8628159 -0.357539
vn 0.3826604 0.9238891 0.0
vn 0.2588055 0.9659294 0.0
vn 0.3826926 0.9238757 0.0
vn 0.3812856 0.9205706 0.0846823
vn 0.3685123 0.8897179 -0.2694454
vn 0.1518465 0.3665795 -0.9179118
vn -0.1443225 -0.3484322 0.9261566
vn -0.3794995 -0.9162583 0.1282608
vn 0.2588048 0.9659297 0.0
vn -0.0687799 0.5223731 -0.8499386
vn -0.034479 0.2618571 -0.9644906
vn 0.0503646 0.3825117 -0.922577
vn 0.0545742 0.414474 -0.9084233
vn -0.0492254 -0.3739167 0.926155
vn 0.0 -0.3089486 0.9510788
vn 0.0666747 -0.5064616 0.8596808
vn 0.0687799 0.5223731 0.8499386
vn 0.034479 0.2618571 0.9644906
vn -0.0503646 0.3825117 0.922577
vn -0.0545742 0.414474 0.9084233
vn 0.0332931 -0.2528879 -0.9669226
vn 0.0 -0.4320859 -0.9018325
vn -0.0517905 -0.3933913 -0.9179112
vn -0.3151474 0.9008421 0.2986063
vn -0.0101276 0.9999487 0.0
vn -0.1305385 0.9914432 0.0
vn -0.1042601 0.7918446 0.6017573
vn -0.0328985 0.9994587 0.0
vn -0.3341539 0.9216405 -0.1972815
vn -0.1201428 0.9124873 -0.391066
vn 0.018806 0.9998232 0.0
vn 0.1042601 0.7918446 0.6017573
vn 0.1201428 0.9124873 0.391066
vn 0.1305385 0.9914432 0.0
vn 0.120143 0.9124894 -0.391061
vn 0.1042601 0.7918446 -0.6017573
vn 0.1305252 0.991445 0.0
vn 0.0 -0.9328708 0.3602111
vn -0.1294406 -0.9832586 0.1282485
vn 0.0 -0.9916004 0.1293392
vn -0.1227893 -0.9327384 0.3390014
vn 0.0 -0.9678435 0.2515532
vn 0.0 -0.9970545 -0.0766965
vn 0.0 -0.9398504 -0.3415862
vn -0.1294406 -0.9832584 -0.1282499
vn 0.0 -0.9916004 -0.1293392
vn -0.1218929 -0.9259146 -0.3575251
vn 0.2757786 -0.9358357 0.2194488
vn 0.226786 -0.9630039 0.1455732
vn 0.2850938 -0.9473807 -0.1455727
vn 0.2290638 -0.948352 -0.2194498
vn 0.2729306 -0.9341226 -0.2300519
vn -0.130521 0.9914455 0.0
vn -0.1305252 0.991445 0.0
vn 0.2306741 -0.9454457 0.2300476
vn 0.1954822 -0.4719482 -0.8596811
vn -0.0976082 0.2356507 0.9669237
vn 0.5086051 -0.8325626 0.2194548
vn 0.4683131 -0.8714871 0.1455787
vn 0.5205829 -0.8413092 -0.1455758
vn 0.4667144 -0.8567471 -0.2194587
vn 0.5054102 -0.8316478 -0.2300488
vn -0.3826693 0.9238854 0.0
vn -0.4615462 0.8871162 0.0
vn -0.5374905 0.8432698 0.0
vn -0.3826785 0.9238816 0.0
vn -0.4615475 0.8871155 0.0
vn -0.5374838 0.843274 0.0
vn -0.468386 0.8689148 0.1600049
vn -0.5183056 0.8400945 -0.1600016
vn -0.1443213 0.3484314 -0.9261571
vn 0.1518406 -0.3665812 0.9179121
vn 0.4675184 -0.8535233 0.2300531
vn -0.4615404 0.8871192 0.0
vn -0.2162038 0.9763483 0.0
vn -0.3009076 0.9536533 0.0
vn -0.5374706 0.8432825 0.0
vn 0.1789164 -0.1789164 -0.9674595
vn -0.3589203 0.3589203 0.8615988
vn 0.5727155 -0.7463681 0.3390156
vn 0.7050238 -0.7050238 0.0766991
vn 0.684367 -0.684367 -0.2515626
vn 0.6037391 -0.7867971 -0.1282553
vn 0.5685259 -0.7409112 -0.3575316
vn -0.6087701 0.7933467 0.0
vn -0.7071068 0.7071068 0.0
vn -0.6065804 0.7904999 0.0846774
vn -0.5862514 0.7640102 -0.2694395
vn -0.2785429 0.2785429 -0.9191451
vn 0.2647167 -0.2647167 0.927281
vn 0.6037393 -0.7867973 0.1282533
vn -0.5223697 -0.0687783 -0.8499409
vn -0.3147412 -0.1008214 -0.9438077
vn -0.382512 0.0503638 -0.9225768
vn -0.414474 0.0545724 -0.9084234
vn 0.3739171 -0.0492248 0.9261549
vn 0.308951 0.0 0.9510779
vn 0.4518149 0.1013146 0.88634
vn -0.5223697 0.0687783 0.8499409
vn -0.2618602 0.0344783 0.9644898
vn -0.3140409 -0.0729502 0.9466027
vn -0.414474 -0.0545724 0.9084234
vn 0.3637936 0.1137278 -0.9245108
vn 0.432085 0.0 -0.9018329
vn 0.3933916 -0.0517891 -0.9179112
vn -0.9576037 -0.2353962 0.1660835
vn -0.9544505 -0.1256681 0.2706137
vn -0.94412 -0.291087 -0.1546149
vn -0.9878825 -0.1300697 -0.0846756
vn -0.9878826 0.1300697 -0.0846753
vn -0.9544505 0.1256681 0.2706137
vn -0.9878825 0.1300697 0.0846756
vn -0.9544505 0.1256681 -0.2706137
vn -0.9659294 0.2588055 0.0
vn -0.9914455 0.1305215 0.0
vn 0.9328691 0.0 0.3602156
vn 0.9832584 -0.1294406 0.1282499
vn 0.9916004 0.0 0.1293392
vn 0.9327384 -0.1227893 0.3390014
vn 0.9678435 0.0 0.2515532
vn 0.9630815 -0.2580542 0.0766949
vn 0.9970545 0.0 -0.0766965
vn 0.9348655 -0.2504919 -0.2515558
vn 0.9398504 0.0 -0.3415862
vn 0.9832584 -0.1294406 -0.1282499
vn 0.9916004 0.0 -0.1293392
vn 0.925913 -0.121892 -0.3575296
vn 0.9358357 0.2757786 0.2194488
vn 0.9630039 0.226786 0.1455732
vn 0.9473807 0.2850938 -0.1455727
vn 0.948352 0.2290638 -0.2194498
vn 0.9341222 0.2729298 -0.2300544
vn -0.9914455 -0.130521 0.0
vn -0.9763457 -0.2162152 0.0
vn -0.9536521 -0.3009113 0.0
vn 0.9454455 0.2306741 0.2300484
vn -0.9659297 0.2588048 0.0
vn -0.9536533 -0.3009076 0.0
vn -0.9763483 -0.2162038 0.0
vn 0.3219583 0.2040107 -0.924512
vn -0.3376588 -0.1768163 0.9245121
vn 0.8325626 0.5086051 0.2194548
vn 0.8714871 0.4683131 0.1455787
vn 0.8413092 0.5205829 -0.1455758
vn 0.8567471 0.4667144 -0.2194587
vn 0.8316478 0.5054102 -0.2300488
vn -0.9238854 -0.3826693 0.0
vn -0.8871162 -0.4615462 0.0
vn -0.8432698 -0.5374905 0.0
vn -0.8871155 -0.4615475 0.0
vn -0.843274 -0.5374838 0.0
vn -0.8689148 -0.468386 0.1600049
vn -0.8400945 -0.5183056 -0.1600016
vn -0.3219583 -0.2040107 -0.924512
vn 0.3376588 0.1768163 0.9245121
vn 0.8535233 0.4675184 0.2300531
vn -0.8871192 -0.4615404 0.0
vn -0.8432825 -0.5374706 0.0
vn 0.2581863 0.280391 -0.9245111
vn -0.2803905 -0.2581892 0.9245104
vn 0.7463681 0.5727155 0.3390156
vn 0.720587 0.677909 0.1455808
vn 0.6779083 0.7205879 -0.1455796
vn 0.7867971 0.6037391 -0.1282553
vn 0.7409112 0.5685259 -0.3575316
vn -0.7933467 -0.6087701 0.0
vn -0.7374294 -0.6754243 0.0
vn -0.6754243 -0.7374294 0.0
vn -0.7904999 -0.6065804 0.0846774
vn -0.7640102 -0.5862514 -0.2694395
vn -0.2581882 -0.2803931 -0.9245099
vn 0.2803885 0.2581873 0.9245116
vn 0.7867973 0.6037393 0.1282533
vn -0.7374345 -0.6754187 0.0
vn -0.6754187 -0.7374345 0.0
vn 0.1768157 0.3376578 -0.9245125
vn -0.2040151 -0.3219668 0.9245081
vn 0.6037238 0.7868078 0.1282614
vn 0.4667023 0.8567532 0.2194606
vn 0.5205822 0.8413097 0.1455755
vn 0.4683121 0.871487 -0.1455822
vn 0.5727027 0.7463755 -0.339021
vn 0.5085929 0.8325709 -0.2194515
vn 0.603725 0.7868094 -0.1282466
vn 0.4675074 0.8535309 -0.2300475
vn -0.6087421 -0.7933682 0.0
vn -0.5374863 -0.8432725 0.0
vn -0.4615547 -0.8871118 0.0
vn -0.5862407 -0.7640215 0.2694308
vn -0.5182927 -0.8401016 0.1600063
vn -0.6065657 -0.7905116 -0.0846729
vn -0.4683742 -0.868922 -0.1600008
vn -0.1768179 -0.3376622 -0.9245105
vn 0.2040125 0.3219626 0.9245101
vn 0.5685172 0.7409229 0.3575211
vn 0.5053977 0.8316536 0.2300552
vn -0.5374706 -0.8432825 0.0
vn -0.4615404 -0.8871192 0.0
vn 0.0976125 0.2356508 -0.9669232
vn -0.1954834 -0.4719478 0.8596811
vn 0.3600058 0.8691788 0.3390044
vn 0.3795002 0.91626 -0.1282469
vn 0.3573717 0.8628159 -0.357539
vn -0.3826604 -0.9238891 0.0
vn -0.3826926 -0.9238757 0.0
vn -0.3812856 -0.9205706 0.0846823
vn -0.3685123 -0.8897179 -0.2694454
vn -0.1518465 -0.3665795 -0.9179118
vn 0.1443225 0.3484322 0.9261566
vn 0.3794995 0.9162583 0.1282608
vn -0.3826788 -0.9238814 0.0
vn -0.3061137 -0.951995 1.1e-06
vn -0.4395781 -0.2537882 -0.8616047
vn 0.2191305 0.1265154 0.9674584
vn -0.8381737 -0.483924 0.2515601
vn -0.8587554 -0.4957911 0.1293456
vn -0.7463681 -0.5727155 0.3390156
vn -0.8634713 -0.4985322 -0.0767003
vn -0.8139348 -0.4699175 -0.3415957
vn -0.7867971 -0.6037391 -0.1282553
vn -0.8587565 -0.4957917 -0.1293364
vn -0.7409112 -0.5685259 -0.3575316
vn 0.866029 0.4999938 0.0
vn 0.7933467 0.6087701 0.0
vn 0.8660247 0.5000012 0.0
vn 0.8334765 0.4811985 0.2715971
vn 0.7904999 0.6065804 0.0846774
vn 0.8628667 0.4981647 -0.0853993
vn 0.7640102 0.5862514 -0.2694395
vn 0.3242113 0.1871817 -0.927281
vn -0.3411413 -0.1969586 0.9191463
vn -0.8078898 -0.466427 0.3602221
vn -0.7867973 -0.6037393 0.1282533
vn 0.8660333 0.4999863 0.0
vn -0.2356508 -0.0976125 -0.9669232
vn 0.4719478 0.1954834 0.8596811
vn -0.8691788 -0.3600058 0.3390044
vn -0.91626 -0.3795002 -0.1282469
vn -0.8628159 -0.3573717 -0.357539
vn 0.9238757 0.3826926 0.0
vn 0.9205706 0.3812856 0.0846823
vn 0.8897179 0.3685123 -0.2694454
vn 0.3665795 0.1518465 -0.9179118
vn -0.3484322 -0.1443225 0.9261566
vn -0.9162583 -0.3794995 0.1282608
vn 0.4395781 -0.2537882 -0.8616047
vn 0.2356508 -0.0976125 -0.9669232
vn -0.2191305 0.1265154 0.9674584
vn -0.4719478 0.1954834 0.8596811
vn 0.8381737 -0.483924 0.2515601
vn 0.8587554 -0.4957911 0.1293456
vn 0.8691788 -0.3600058 0.3390044
vn 0.8634713 -0.4985322 -0.0767003
vn 0.8139348 -0.4699175 -0.3415957
vn 0.91626 -0.3795002 -0.1282469
vn 0.8587565 -0.4957917 -0.1293364
vn 0.8628159 -0.3573717 -0.357539
vn -0.866029 0.4999938 0.0
vn -0.8660247 0.5000012 0.0
vn -0.9238757 0.3826926 0.0
vn -0.8334765 0.4811985 0.2715971
vn -0.9205706 0.3812856 0.0846823
vn -0.8628667 0.4981647 -0.0853993
vn -0.8897179 0.3685123 -0.2694454
vn -0.3242113 0.1871817 -0.927281
vn -0.3665795 0.1518465 -0.9179118
vn 0.3484322 -0.1443225 0.9261566
vn 0.3411413 -0.1969586 0.9191463
vn 0.8078898 -0.466427 0.3602221
vn 0.9162583 -0.3794995 0.1282608
vn -0.8660333 0.4999863 0.0
vn 0.7463681 -0.5727155 0.3390156
vn 0.7867971 -0.6037391 -0.1282553
vn 0.7409112 -0.5685259 -0.3575316
vn -0.7933467 0.6087701 0.0
vn -0.7904999 0.6065804 0.0846774
vn -0.7640102 0.5862514 -0.2694395
vn 0.7867973 -0.6037393 0.1282533
vn 0.7518795 0.6593006 3.69e-05
vn 0.5530305 0.833161 0.0
vn 0.5275961 0.8494954 3.7e-06
vn 0.751908 0.659268 2.95e-05
vn 0.8853592 0.4649076 1.06e-05
vn 0.8758855 0.4825189 0.0
vn 0.0601145 -0.230561 -0.9711992
vn 0.1190948 -0.2062859 -0.9712171
vn 0.1191338 -0.2063543 -0.9711977
vn 0.0919372 -0.2219281 -0.970719
vn 0.0918886 -0.2219159 -0.9707264
vn 0.0919063 -0.2219229 -0.9707232
vn 0.0651394 -0.3821153 -0.921816
vn 0.0918487 -0.2219149 -0.9707304
vn 0.1118497 -0.2700685 -0.9563225
vn 0.1884433 -0.4549298 -0.8703608
vn 0.244614 -0.4236781 -0.8721587
vn 0.1386366 -0.4692836 -0.8720968
vn 0.1884515 -0.4549338 -0.870357
vn 0.1884863 -0.45494 -0.8703462
vn 0.1884094 -0.4549402 -0.8703627
vn -0.1884456 0.4549309 0.8703598
vn -0.2446152 0.4236735 0.8721606
vn -0.188446 0.4549273 0.8703616
vn -0.1166121 0.475218 0.8721063
vn -0.1884863 0.45494 0.8703462
vn -0.1884837 0.454949 0.870342
vn -0.1429114 0.3450314 0.9276474
vn -0.0633183 0.3314835 0.9413339
vn -0.0919001 0.2218942 0.9707303
vn -0.1191152 0.2063262 0.971206
vn -0.1191116 0.2063094 0.97121
vn -0.0665883 0.2287881 0.9711962
vn -0.0918918 0.2219167 0.970726
vn -0.0920636 0.2218227 0.9707312
vn -0.0919414 0.2218696 0.970732
vn -0.0 0.2382279 0.9712093
vn 0.0 0.4048892 0.9143658
vn 0.0 0.4892425 0.8721478
vn 0.2588273 -0.9659236 0.0
vn 0.5000047 -0.8660227 0.0
vn -0.2588198 0.9659256 0.0
vn -0.4999984 0.8660263 0.0
vn 0.0 -0.4892114 -0.8721653
vn 0.0 -0.3691401 -0.9293738
vn -0.0 -0.2382589 -0.9712017
vn 0.751311 -0.6599483 0.0
vn 0.8318851 -0.5549478 0.0
vn 0.4999769 -0.8660387 0.0
vn 0.9466941 -0.322134 0.0
vn 0.9809377 -0.1943225 0.0
vn 0.9979051 0.0646945 0.0
vn 0.9806287 0.1958759 0.0
vn 0.3221374 0.9466929 0.0
vn 0.1943189 0.9809384 0.0
vn -0.0646981 0.9979049 0.0
vn -0.1958759 0.9806287 0.0
vn -0.3214605 0.946923 0.0
vn -0.5275961 0.8494954 3.7e-06
vn -0.5530305 0.833161 0.0
vn -0.7518795 0.6593006 3.69e-05
vn -0.751908 0.659268 2.95e-05
vn -0.8853592 0.4649076 1.06e-05
vn -0.8758855 0.4825189 0.0
vn -0.1191338 -0.2063543 -0.9711977
vn -0.1190948 -0.2062859 -0.9712171
vn -0.0601145 -0.230561 -0.9711992
vn -0.0919372 -0.2219281 -0.970719
vn -0.0918886 -0.2219159 -0.9707264
vn -0.0919063 -0.2219229 -0.9707232
vn -0.0651394 -0.3821153 -0.921816
vn -0.0918487 -0.2219149 -0.9707304
vn -0.1118497 -0.2700685 -0.9563225
vn -0.1386366 -0.4692836 -0.8720968
vn -0.244614 -0.4236781 -0.8721587
vn -0.1884433 -0.4549298 -0.8703608
vn -0.1884515 -0.4549338 -0.870357
vn -0.1884863 -0.45494 -0.8703462
vn -0.1884094 -0.4549402 -0.8703627
vn 0.188446 0.4549273 0.8703616
vn 0.2446152 0.4236735 0.8721606
vn 0.1884456 0.4549309 0.8703598
vn 0.1166121 0.475218 0.8721063
vn 0.1884863 0.45494 0.8703462
vn 0.0633183 0.3314835 0.9413339
vn 0.1429114 0.3450314 0.9276474
vn 0.1884837 0.454949 0.870342
vn 0.1191116 0.2063094 0.97121
vn 0.1191152 0.2063262 0.971206
vn 0.0919001 0.2218942 0.9707303
vn 0.0665883 0.2287881 0.9711962
vn 0.0918918 0.2219167 0.970726
vn 0.0920636 0.2218227 0.9707312
vn 0.0919414 0.2218696 0.970732
vn -0.5000047 -0.8660227 0.0
vn -0.2588273 -0.9659236 0.0
vn 0.4999984 0.8660263 0.0
vn 0.2588198 0.9659256 0.0
vn -0.4999769 -0.8660387 0.0
vn -0.8318851 -0.5549478 0.0
vn -0.751311 -0.6599483 0.0
vn -0.9809377 -0.1943225 0.0
vn -0.9466941 -0.322134 0.0
vn -0.9806287 0.1958759 0.0
vn -0.9979051 0.0646945 0.0
vn -0.1943189 0.9809384 0.0
vn -0.3221374 0.9466929 0.0
vn 0.1958759 0.9806287 0.0
vn 0.0646981 0.9979049 0.0
vn 0.3214605 0.946923 0.0
vn -0.4718052 -0.8817028 7e-07
vn -0.4449332 -0.8955637 0.0
vn -0.1950693 -0.9807895 -1.31e-05
vn -0.1951355 -0.9807763 -1.04e-05
vn 0.0399963 -0.9991998 -5.4e-06
vn 0.0200427 -0.9997991 0.0
vn 0.2382671 0.0 -0.9711997
vn 0.2381913 -0.0 -0.9712183
vn 0.2297282 0.0632156 -0.9711996
vn 0.2381622 0.0313428 -0.9707195
vn 0.2381323 0.0313706 -0.970726
vn 0.2381442 0.031364 -0.9707233
vn 0.3634944 0.1346399 -0.9218155
vn 0.2381254 0.0313963 -0.9707268
vn 0.2898151 0.0381478 -0.9563221
vn 0.4757312 0.1145796 -0.8720959
vn 0.4892257 0.0 -0.8721572
vn 0.4892228 0.0 -0.8721588
vn 0.4882057 0.0642725 -0.8703587
vn 0.4882222 0.0642542 -0.8703508
vn 0.4881883 0.064302 -0.8703662
vn -0.4892257 -0.0 0.8721572
vn -0.4892228 0.0 0.8721588
vn -0.4882112 -0.0642701 0.8703558
vn -0.4698617 -0.1366161 0.8721043
vn -0.4882222 -0.0642542 0.8703508
vn -0.3187349 -0.1109007 0.9413337
vn -0.370273 -0.0487625 0.9276423
vn -0.488238 -0.0642449 0.8703426
vn -0.2382317 0.0 0.9712084
vn -0.2382485 0.0 0.9712042
vn -0.2381226 -0.0313533 0.9707289
vn -0.2314339 -0.0567306 0.9711951
vn -0.2381399 -0.0313625 0.9707244
vn -0.2381404 -0.0311645 0.9707306
vn -0.2381179 -0.0313147 0.9707313
vn -0.3506429 -0.2024446 0.9143663
vn -0.2063094 -0.1191145 0.9712096
vn -0.4237018 -0.2446277 0.8721433
vn 0.9659236 0.2588273 0.0
vn -0.9659256 -0.2588198 0.0
vn 0.8660153 0.5000174 0.0
vn 0.4236724 0.244607 -0.8721635
vn 0.3196878 0.1845681 -0.9293731
vn 0.2063396 0.119127 -0.9712017
vn -0.8660352 -0.4999831 0.0
vn 0.8965555 -0.4429313 0.0
vn 0.9471801 -0.3207022 0.0
vn 0.6587612 -0.7523521 0.0
vn 0.7523521 -0.6587612 0.0
vn 0.3207056 -0.9471789 0.0
vn 0.4429313 -0.8965555 0.0
vn -0.7523546 -0.6587584 0.0
vn -0.6587584 -0.7523546 0.0
vn -0.9471789 -0.3207056 0.0
vn -0.8965572 -0.442928 0.0
vn 0.1950693 -0.9807895 -1.31e-05
vn 0.4449332 -0.8955637 0.0
vn 0.4718052 -0.8817028 7e-07
vn 0.1951355 -0.9807763 -1.04e-05
vn -0.0399963 -0.9991998 -5.4e-06
vn -0.0200427 -0.9997991 0.0
vn -0.2297282 0.0632156 -0.9711996
vn -0.2381913 0.0 -0.9712183
vn -0.2382671 0.0 -0.9711997
vn -0.2381622 0.0313428 -0.9707195
vn -0.2381323 0.0313706 -0.970726
vn -0.2381442 0.031364 -0.9707233
vn -0.3634944 0.1346399 -0.9218155
vn -0.2381254 0.0313963 -0.9707268
vn -0.2898151 0.0381478 -0.9563221
vn -0.4892228 -0.0 -0.8721588
vn -0.4892257 -0.0 -0.8721572
vn -0.4757312 0.1145796 -0.8720959
vn -0.4882057 0.0642725 -0.8703587
vn -0.4882222 0.0642542 -0.8703508
vn -0.4881883 0.064302 -0.8703662
vn 0.4882112 -0.0642701 0.8703558
vn 0.4892228 0.0 0.8721588
vn 0.4892257 0.0 0.8721572
vn 0.4698617 -0.1366161 0.8721043
vn 0.4882222 -0.0642542 0.8703508
vn 0.488238 -0.0642449 0.8703426
vn 0.370273 -0.0487625 0.9276423
vn 0.3187349 -0.1109007 0.9413337
vn 0.2381226 -0.0313533 0.9707289
vn 0.2382485 -0.0 0.9712042
vn 0.2382317 -0.0 0.9712084
vn 0.2314339 -0.0567306 0.9711951
vn 0.2381399 -0.0313625 0.9707244
vn 0.2381404 -0.0311645 0.9707306
vn 0.2381179 -0.0313147 0.9707313
vn 0.2063094 -0.1191145 0.9712096
vn 0.3506429 -0.2024446 0.9143663
vn 0.4237018 -0.2446277 0.8721433
vn -0.9659236 0.2588273 0.0
vn 0.9659256 -0.2588198 0.0
vn -0.8660153 0.5000174 0.0
vn -0.4236724 0.244607 -0.8721635
vn -0.3196878 0.1845681 -0.9293731
vn -0.2063396 0.119127 -0.9712017
vn 0.8660352 -0.4999831 0.0
vn -0.9471801 -0.3207022 0.0
vn -0.8965555 -0.4429313 0.0
vn -0.7523521 -0.6587612 0.0
vn -0.6587612 -0.7523521 0.0
vn -0.4429313 -0.8965555 0.0
vn -0.3207056 -0.9471789 0.0
vn 0.6587584 -0.7523546 0.0
vn 0.7523546 -0.6587584 0.0
vn 0.8965572 -0.442928 0.0
vn 0.9471789 -0.3207056 0.0
vn 0.9994835 0.0321364 -5.5e-06
vn 0.9980547 0.0623442 0.0
vn 0.9469895 0.3212644 -1.69e-05
vn 0.9469637 0.3213406 -1.35e-05
vn 0.8453575 0.5342011 -1.7e-06
vn 0.855855 0.5172158 0.0
vn -0.1191338 0.2063543 -0.9711977
vn -0.1190948 0.2062859 -0.9712171
vn -0.1696136 0.1673421 -0.9711992
vn -0.1462308 0.1905889 -0.9707175
vn -0.1462308 0.1905517 -0.9707248
vn -0.1462283 0.1905613 -0.9707233
vn -0.298354 0.2474751 -0.9218139
vn -0.1462537 0.1905099 -0.9707295
vn -0.1779688 0.2319116 -0.956318
vn -0.3370992 0.3547106 -0.872092
vn -0.244614 0.4236781 -0.8721587
vn -0.2997761 0.3906647 -0.8703536
vn -0.299775 0.3906333 -0.8703681
vn -0.2997552 0.3906883 -0.8703502
vn -0.2997795 0.3906578 -0.8703555
vn 0.2998044 -0.3906563 0.8703476
vn 0.2446152 -0.4236735 0.8721606
vn 0.2997757 -0.3906594 0.8703561
vn 0.353247 -0.3386044 0.872103
vn 0.2997552 -0.3906883 0.8703502
vn 0.2554143 -0.2205822 0.9413326
vn 0.2274027 -0.296279 0.927635
vn 0.2997608 -0.3907173 0.8703353
vn 0.1191116 -0.2063094 0.97121
vn 0.1191152 -0.2063262 0.971206
vn 0.1462184 -0.1905324 0.9707304
vn 0.164845 -0.172058 0.9711963
vn 0.1462329 -0.1905448 0.9707258
vn 0.1460595 -0.1906438 0.9707325
vn 0.1461889 -0.1905415 0.9707331
vn -0.5000047 0.8660227 0.0
vn 0.4999984 -0.8660263 0.0
vn 0.7071068 -0.7071068 0.0
vn -0.4999769 0.8660387 0.0
vn -0.0646945 0.9979051 0.0
vn -0.1958795 0.980628 0.0
vn 0.3221008 0.9467054 0.0
vn 0.1943122 0.9809397 0.0
vn 0.6599186 0.7513371 0.0
vn 0.5548977 0.8319186 0.0
vn 0.9466929 -0.3221374 0.0
vn 0.9809384 -0.1943189 0.0
vn 0.7513607 -0.6598917 0.0
vn 0.8318998 -0.5549258 0.0
vn 0.6593886 -0.7518023 0.0
vn -0.9469895 0.3212644 -1.69e-05
vn -0.9980547 0.0623442 0.0
vn -0.9994835 0.0321364 -5.5e-06
vn -0.9469637 0.3213406 -1.35e-05
vn -0.8453575 0.5342011 -1.7e-06
vn -0.855855 0.5172158 0.0
vn 0.1696136 0.1673421 -0.9711992
vn 0.1190948 0.2062859 -0.9712171
vn 0.1191338 0.2063543 -0.9711977
vn 0.1462308 0.1905889 -0.9707175
vn 0.1462308 0.1905517 -0.9707248
vn 0.1462283 0.1905613 -0.9707233
vn 0.298354 0.2474751 -0.9218139
vn 0.1462537 0.1905099 -0.9707295
vn 0.1779688 0.2319116 -0.956318
vn 0.2997761 0.3906647 -0.8703536
vn 0.244614 0.4236781 -0.8721587
vn 0.3370992 0.3547106 -0.872092
vn 0.299775 0.3906333 -0.8703681
vn 0.2997552 0.3906883 -0.8703502
vn 0.2997795 0.3906578 -0.8703555
vn -0.2997757 -0.3906594 0.8703561
vn -0.2446152 -0.4236735 0.8721606
vn -0.2998044 -0.3906563 0.8703476
vn -0.353247 -0.3386044 0.872103
vn -0.2997552 -0.3906883 0.8703502
vn -0.2997608 -0.3907173 0.8703353
vn -0.2274027 -0.296279 0.927635
vn -0.2554143 -0.2205822 0.9413326
vn -0.1462184 -0.1905324 0.9707304
vn -0.1191152 -0.2063262 0.971206
vn -0.1191116 -0.2063094 0.97121
vn -0.164845 -0.172058 0.9711963
vn -0.1462329 -0.1905448 0.9707258
vn -0.1460595 -0.1906438 0.9707325
vn -0.1461889 -0.1905415 0.9707331
vn 0.7071068 0.7071068 0.0
vn 0.5000047 0.8660227 0.0
vn -0.7071068 -0.7071068 0.0
vn -0.4999984 -0.8660263 0.0
vn 0.1958795 0.980628 0.0
vn 0.0646945 0.9979051 0.0
vn 0.4999769 0.8660387 0.0
vn -0.1943122 0.9809397 0.0
vn -0.3221008 0.9467054 0.0
vn -0.5548977 0.8319186 0.0
vn -0.6599186 0.7513371 0.0
vn -0.9809384 -0.1943189 0.0
vn -0.9466929 -0.3221374 0.0
vn -0.8318998 -0.5549258 0.0
vn -0.7513607 -0.6598917 0.0
vn -0.6593886 -0.7518023 0.0
vn -0.1950693 0.9807895 -1.31e-05
vn -0.4449332 0.8955637 0.0
vn -0.4718052 0.8817028 7e-07
vn -0.1951355 0.9807763 -1.04e-05
vn 0.0399963 0.9991998 -5.4e-06
vn 0.0200427 0.9997991 0.0
vn 0.2297282 -0.0632156 -0.9711996
vn 0.2381622 -0.0313428 -0.9707195
vn 0.2381323 -0.0313706 -0.970726
vn 0.2381442 -0.031364 -0.9707233
vn 0.3634944 -0.1346399 -0.9218155
vn 0.2381254 -0.0313963 -0.9707268
vn 0.2898151 -0.0381478 -0.9563221
vn 0.4757312 -0.1145796 -0.8720959
vn 0.4882057 -0.0642725 -0.8703587
vn 0.4882222 -0.0642542 -0.8703508
vn 0.4881883 -0.064302 -0.8703662
vn -0.4882112 0.0642701 0.8703558
vn -0.4698617 0.1366161 0.8721043
vn -0.4882222 0.0642542 0.8703508
vn -0.488238 0.0642449 0.8703426
vn -0.370273 0.0487625 0.9276423
vn -0.3187349 0.1109007 0.9413337
vn -0.2381226 0.0313533 0.9707289
vn -0.2314339 0.0567306 0.9711951
vn -0.2381399 0.0313625 0.9707244
vn -0.2381404 0.0311645 0.9707306
vn -0.2381179 0.0313147 0.9707313
vn -0.2063094 0.1191145 0.9712096
vn -0.3506429 0.2024446 0.9143663
vn -0.4237018 0.2446277 0.8721433
vn 0.9659236 -0.2588273 0.0
vn -0.9659256 0.2588198 0.0
vn 0.8660153 -0.5000174 0.0
vn 0.4236724 -0.244607 -0.8721635
vn 0.3196878 -0.1845681 -0.9293731
vn 0.2063396 -0.119127 -0.9712017
vn -0.8660352 0.4999831 0.0
vn 0.9471801 0.3207022 0.0
vn 0.8965555 0.4429313 0.0
vn 0.7523521 0.6587612 0.0
vn 0.6587612 0.7523521 0.0
vn 0.4429313 0.8965555 0.0
vn 0.3207056 0.9471789 0.0
vn -0.6587584 0.7523546 0.0
vn -0.7523546 0.6587584 0.0
vn -0.8965572 0.442928 0.0
vn -0.9471789 0.3207056 0.0
vn -0.9994835 -0.0321364 -5.5e-06
vn -0.9980547 -0.0623442 0.0
vn -0.9469895 -0.3212644 -1.69e-05
vn -0.9469637 -0.3213406 -1.35e-05
vn -0.8453575 -0.5342011 -1.7e-06
vn -0.855855 -0.5172158 0.0
vn 0.1696136 -0.1673421 -0.9711992
vn 0.1462308 -0.1905889 -0.9707175
vn 0.1462308 -0.1905517 -0.9707248
vn 0.1462283 -0.1905613 -0.9707233
vn 0.298354 -0.2474751 -0.9218139
vn 0.1462537 -0.1905099 -0.9707295
vn 0.1779688 -0.2319116 -0.956318
vn 0.3370992 -0.3547106 -0.872092
vn 0.2997761 -0.3906647 -0.8703536
vn 0.299775 -0.3906333 -0.8703681
vn 0.2997552 -0.3906883 -0.8703502
vn 0.2997795 -0.3906578 -0.8703555
vn -0.2998044 0.3906563 0.8703476
vn -0.2997757 0.3906594 0.8703561
vn -0.353247 0.3386044 0.872103
vn -0.2997552 0.3906883 0.8703502
vn -0.2554143 0.2205822 0.9413326
vn -0.2274027 0.296279 0.927635
vn -0.2997608 0.3907173 0.8703353
vn -0.1462184 0.1905324 0.9707304
vn -0.164845 0.172058 0.9711963
vn -0.1462329 0.1905448 0.9707258
vn -0.1460595 0.1906438 0.9707325
vn -0.1461889 0.1905415 0.9707331
vn 0.0646945 -0.9979051 0.0
vn 0.1958795 -0.980628 0.0
vn -0.3221008 -0.9467054 0.0
vn -0.1943122 -0.9809397 0.0
vn -0.6599186 -0.7513371 0.0
vn -0.5548977 -0.8319186 0.0
vn -0.9466929 0.3221374 0.0
vn -0.9809384 0.1943189 0.0
vn -0.7513607 0.6598917 0.0
vn -0.8318998 0.5549258 0.0
vn -0.6593886 0.7518023 0.0
vn 0.5275961 -0.8494954 3.7e-06
vn 0.5530305 -0.833161 0.0
vn 0.7518795 -0.6593006 3.69e-05
vn 0.751908 -0.659268 2.95e-05
vn 0.8853592 -0.4649076 1.06e-05
vn 0.8758855 -0.4825189 0.0
vn 0.0601145 0.230561 -0.9711992
vn 0.0919372 0.2219281 -0.970719
vn 0.0918886 0.2219159 -0.9707264
vn 0.0919063 0.2219229 -0.9707232
vn 0.0651394 0.3821153 -0.921816
vn 0.0918487 0.2219149 -0.9707304
vn 0.1118497 0.2700685 -0.9563225
vn 0.1386366 0.4692836 -0.8720968
vn 0.1884433 0.4549298 -0.8703608
vn 0.1884515 0.4549338 -0.870357
vn 0.1884863 0.45494 -0.8703462
vn 0.1884094 0.4549402 -0.8703627
vn -0.188446 -0.4549273 0.8703616
vn -0.1884456 -0.4549309 0.8703598
vn -0.1166121 -0.475218 0.8721063
vn -0.1884863 -0.45494 0.8703462
vn -0.0633183 -0.3314835 0.9413339
vn -0.1429114 -0.3450314 0.9276474
vn -0.1884837 -0.454949 0.870342
vn -0.0919001 -0.2218942 0.9707303
vn -0.0665883 -0.2287881 0.9711962
vn -0.0918918 -0.2219167 0.970726
vn -0.0920636 -0.2218227 0.9707312
vn -0.0919414 -0.2218696 0.970732
vn -0.0 -0.4048892 0.9143658
vn 0.0 -0.2382279 0.9712093
vn -0.0 -0.4892425 0.8721478
vn 0.2588273 0.9659236 0.0
vn -0.2588198 -0.9659256 0.0
vn 0.0 0.4892114 -0.8721653
vn -0.0 0.3691401 -0.9293738
vn -0.0 0.2382589 -0.9712017
vn 0.8318851 0.5549478 0.0
vn 0.751311 0.6599483 0.0
vn 0.9809377 0.1943225 0.0
vn 0.9466941 0.322134 0.0
vn 0.9806287 -0.1958759 0.0
vn 0.9979051 -0.0646945 0.0
vn 0.1943189 -0.9809384 0.0
vn 0.3221374 -0.9466929 0.0
vn -0.1958759 -0.9806287 0.0
vn -0.0646981 -0.9979049 0.0
vn -0.3214605 -0.946923 0.0
vn 0.9469895 -0.3212644 -1.69e-05
vn 0.9980547 -0.0623442 0.0
vn 0.9994835 -0.0321364 -5.5e-06
vn 0.9469637 -0.3213406 -1.35e-05
vn 0.8453575 -0.5342011 -1.7e-06
vn 0.855855 -0.5172158 0.0
vn -0.1696136 -0.1673421 -0.9711992
vn -0.1462308 -0.1905889 -0.9707175
vn -0.1462308 -0.1905517 -0.9707248
vn -0.1462283 -0.1905613 -0.9707233
vn -0.298354 -0.2474751 -0.9218139
vn -0.1462537 -0.1905099 -0.9707295
vn -0.1779688 -0.2319116 -0.956318
vn -0.2997761 -0.3906647 -0.8703536
vn -0.3370992 -0.3547106 -0.872092
vn -0.299775 -0.3906333 -0.8703681
vn -0.2997552 -0.3906883 -0.8703502
vn -0.2997795 -0.3906578 -0.8703555
vn 0.2997757 0.3906594 0.8703561
vn 0.2998044 0.3906563 0.8703476
vn 0.353247 0.3386044 0.872103
vn 0.2997552 0.3906883 0.8703502
vn 0.2997608 0.3907173 0.8703353
vn 0.2274027 0.296279 0.927635
vn 0.2554143 0.2205822 0.9413326
vn 0.1462184 0.1905324 0.9707304
vn 0.164845 0.172058 0.9711963
vn 0.1462329 0.1905448 0.9707258
vn 0.1460595 0.1906438 0.9707325
vn 0.1461889 0.1905415 0.9707331
vn 0.2063094 0.1191145 0.9712096
vn 0.3506429 0.2024446 0.9143663
vn 0.4237018 0.2446277 0.8721433
vn -0.8660153 -0.5000174 0.0
vn -0.4236724 -0.244607 -0.8721635
vn -0.3196878 -0.1845681 -0.9293731
vn -0.2063396 -0.119127 -0.9712017
vn 0.8660352 0.4999831 0.0
vn -0.1958795 -0.980628 0.0
vn -0.0646945 -0.9979051 0.0
vn 0.1943122 -0.9809397 0.0
vn 0.3221008 -0.9467054 0.0
vn 0.5548977 -0.8319186 0.0
vn 0.6599186 -0.7513371 0.0
vn 0.9809384 0.1943189 0.0
vn 0.9466929 0.3221374 0.0
vn 0.8318998 0.5549258 0.0
vn 0.7513607 0.6598917 0.0
vn 0.6593886 0.7518023 0.0
vn 0.4718052 0.8817028 7e-07
vn 0.4449332 0.8955637 0.0
vn 0.1950693 0.9807895 -1.31e-05
vn 0.1951355 0.9807763 -1.04e-05
vn -0.0399963 0.9991998 -5.4e-06
vn -0.0200427 0.9997991 0.0
vn -0.2297282 -0.0632156 -0.9711996
vn -0.2381622 -0.0313428 -0.9707195
vn -0.2381323 -0.0313706 -0.970726
vn -0.2381442 -0.031364 -0.9707233
vn -0.3634944 -0.1346399 -0.9218155
vn -0.2381254 -0.0313963 -0.9707268
vn -0.2898151 -0.0381478 -0.9563221
vn -0.4757312 -0.1145796 -0.8720959
vn -0.4882057 -0.0642725 -0.8703587
vn -0.4882222 -0.0642542 -0.8703508
vn -0.4881883 -0.064302 -0.8703662
vn 0.4882112 0.0642701 0.8703558
vn 0.4698617 0.1366161 0.8721043
vn 0.4882222 0.0642542 0.8703508
vn 0.3187349 0.1109007 0.9413337
vn 0.370273 0.0487625 0.9276423
vn 0.488238 0.0642449 0.8703426
vn 0.2381226 0.0313533 0.9707289
vn 0.2314339 0.0567306 0.9711951
vn 0.2381399 0.0313625 0.9707244
vn 0.2381404 0.0311645 0.9707306
vn 0.2381179 0.0313147 0.9707313
vn -0.9659236 -0.2588273 0.0
vn 0.9659256 0.2588198 0.0
vn -0.8965555 0.4429313 0.0
vn -0.9471801 0.3207022 0.0
vn -0.6587612 0.7523521 0.0
vn -0.7523521 0.6587612 0.0
vn -0.3207056 0.9471789 0.0
vn -0.4429313 0.8965555 0.0
vn 0.7523546 0.6587584 0.0
vn 0.6587584 0.7523546 0.0
vn 0.9471789 0.3207056 0.0
vn 0.8965572 0.442928 0.0
vn -0.7518795 -0.6593006 3.69e-05
vn -0.5530305 -0.833161 0.0
vn -0.5275961 -0.8494954 3.7e-06
vn -0.751908 -0.659268 2.95e-05
vn -0.8853592 -0.4649076 1.06e-05
vn -0.8758855 -0.4825189 0.0
vn -0.0601145 0.230561 -0.9711992
vn -0.0919372 0.2219281 -0.970719
vn -0.0918886 0.2219159 -0.9707264
vn -0.0919063 0.2219229 -0.9707232
vn -0.0651394 0.3821153 -0.921816
vn -0.0918487 0.2219149 -0.9707304
vn -0.1118497 0.2700685 -0.9563225
vn -0.1884433 0.4549298 -0.8703608
vn -0.1386366 0.4692836 -0.8720968
vn -0.1884515 0.4549338 -0.870357
vn -0.1884863 0.45494 -0.8703462
vn -0.1884094 0.4549402 -0.8703627
vn 0.1884456 -0.4549309 0.8703598
vn 0.188446 -0.4549273 0.8703616
vn 0.1166121 -0.475218 0.8721063
vn 0.1884863 -0.45494 0.8703462
vn 0.1884837 -0.454949 0.870342
vn 0.1429114 -0.3450314 0.9276474
vn 0.0633183 -0.3314835 0.9413339
vn 0.0919001 -0.2218942 0.9707303
vn 0.0665883 -0.2287881 0.9711962
vn 0.0918918 -0.2219167 0.970726
vn 0.0920636 -0.2218227 0.9707312
vn 0.0919414 -0.2218696 0.970732
vn -0.2588273 0.9659236 0.0
vn 0.2588198 -0.9659256 0.0
vn -0.751311 0.6599483 0.0
vn -0.8318851 0.5549478 0.0
vn -0.9466941 0.322134 0.0
vn -0.9809377 0.1943225 0.0
vn -0.9979051 -0.0646945 0.0
vn -0.9806287 -0.1958759 0.0
vn -0.3221374 -0.9466929 0.0
vn -0.1943189 -0.9809384 0.0
vn 0.0646981 -0.9979049 0.0
vn 0.1958759 -0.9806287 0.0
vn 0.3214605 -0.946923 0.0
vn 0.9942967 0.1066496 0.0
vn -0.1066496 -0.9942967 0.0
vn 0.9999057 -0.0137324 0.0
vn 0.9713765 -0.2375452 0.0
vn 0.9467938 -0.3218407 0.0
vn 0.8320503 -0.5547002 0.0
vn 0.5547002 -0.8320503 0.0
vn 0.3218407 -0.9467938 0.0
vn 0.2375452 -0.9713765 0.0
vn 0.078038 -0.9969504 0.0
vn -0.0537658 -0.9985536 0.0
vn -0.9942967 -0.1066496 0.0
vn 0.1066496 0.9942967 0.0
vn -0.9999057 0.0137324 0.0
vn -0.9713765 0.2375452 0.0
vn -0.9467938 0.3218407 0.0
vn -0.8320503 0.5547002 0.0
vn -0.5547002 0.8320503 0.0
vn -0.3218407 0.9467938 0.0
vn -0.2375452 0.9713765 0.0
vn -0.078038 0.9969504 0.0
vn 0.0537658 0.9985536 0.0
vn -0.195173 -0.9807688 0.0
vn -0.9943984 -0.1056971 0.0
vn -0.9771955 -0.2123415 0.0
vn -0.9486833 -0.3162278 0.0
vn -0.3162278 -0.9486833 0.0
vn -0.2123415 -0.9771955 0.0
vn -0.1056971 -0.9943984 0.0
vn -0.9807688 -0.195173 0.0
vn 0.195173 0.9807688 0.0
vn 0.9872573 0.1591324 0.0
vn 0.9486833 0.3162278 0.0
vn 0.3162278 0.9486833 0.0
vn 0.2123415 0.9771955 0.0
vn 0.1056971 0.9943984 0.0
vn 0.9807688 0.195173 0.0
vn 0.4620282 -0.8868652 0.0
vn 0.2172331 -0.9761198 0.0
vn 0.3016102 -0.9534313 0.0
vn 0.5380787 -0.8428946 0.0
vn 0.6756598 -0.7372136 0.0
vn 0.7372136 -0.6756598 0.0
vn 0.8428946 -0.5380787 0.0
vn 0.8868652 -0.4620282 0.0
vn 0.9534313 -0.3016102 0.0
vn 0.9761198 -0.2172331 0.0
vn 0.999018 -0.0443055 0.0
vn 0.999018 0.0443055 0.0
vn 0.9761198 0.2172331 0.0
vn 0.9534313 0.3016102 0.0
vn 0.8868652 0.4620282 0.0
vn 0.8428946 0.5380787 0.0
vn 0.7372136 0.6756598 0.0
vn 0.6756598 0.7372136 0.0
vn 0.5380787 0.8428946 0.0
vn 0.4620282 0.8868652 0.0
vn 0.3016102 0.9534313 0.0
vn 0.2172331 0.9761198 0.0
vn 0.0443055 0.999018 0.0
vn -0.0443055 0.999018 0.0
vn -0.2172331 0.9761198 0.0
vn -0.3016102 0.9534313 0.0
vn -0.4620282 0.8868652 0.0
vn -0.5380787 0.8428946 0.0
vn -0.6756598 0.7372136 0.0
vn -0.7372136 0.6756598 0.0
vn -0.8428946 0.5380787 0.0
vn -0.8868652 0.4620282 0.0
vn -0.9534313 0.3016102 0.0
vn -0.9761198 0.2172331 0.0
vn -0.999018 0.0443055 0.0
vn -0.999018 -0.0443055 0.0
vn -0.9761198 -0.2172331 0.0
vn -0.9534313 -0.3016102 0.0
vn -0.8868652 -0.4620282 0.0
vn -0.8428946 -0.5380787 0.0
vn -0.7372136 -0.6756598 0.0
vn -0.6756598 -0.7372136 0.0
vn -0.5380787 -0.8428946 0.0
vn -0.4620282 -0.8868652 0.0
vn -0.3016102 -0.9534313 0.0
vn -0.2172331 -0.9761198 0.0
vn -0.0443055 -0.999018 0.0
vn 0.0443055 -0.999018 0.0
vn -0.797133 0.6038037 0.0
vn -0.9905928 -0.1368428 0.0
vn -0.9905928 0.1368428 0.0
vn -0.6038037 0.797133 0.0
vn -0.1368428 0.9905928 0.0
vn 0.1368428 0.9905928 0.0
vn 0.6038037 0.797133 0.0
vn 0.797133 0.6038037 0.0
vn 0.9905928 0.1368428 0.0
vn 0.9905928 -0.1368428 0.0
vn 0.797133 -0.6038037 0.0
vn 0.6038037 -0.797133 0.0
vn 0.1368428 -0.9905928 0.0
vn -0.1368428 -0.9905928 0.0
vn -0.6038037 -0.797133 0.0
vn -0.797133 -0.6038037 0.0
vn -0.2901208 0.95699 0.0
vn -0.8818095 0.4716058 0.0
vn -0.721091 0.6928404 0.0
vn -0.0198466 0.999803 0.0
vn 0.4716058 0.8818095 0.0
vn 0.6928404 0.721091 0.0
vn 0.95699 0.2901208 0.0
vn 0.999803 0.0198466 0.0
vn 0.8818095 -0.4716058 0.0
vn 0.721091 -0.6928404 0.0
vn 0.2901208 -0.95699 0.0
vn 0.0198466 -0.999803 0.0
vn -0.4716058 -0.8818095 0.0
vn -0.6928404 -0.721091 0.0
vn -0.95699 -0.2901208 0.0
vn -0.999803 -0.0198466 0.0
vn 0.3278322 0.944736 0.0
vn -0.4361589 0.8998697 0.0
vn -0.1760492 0.9843814 0.0
vn 0.5716117 0.8205243 0.0
vn 0.8998697 0.4361589 0.0
vn 0.9843814 0.1760492 0.0
vn 0.944736 -0.3278322 0.0
vn 0.8205243 -0.5716117 0.0
vn 0.4361589 -0.8998697 0.0
vn 0.1760492 -0.9843814 0.0
vn -0.3278322 -0.944736 0.0
vn -0.5716117 -0.8205243 0.0
vn -0.8998697 -0.4361589 0.0
vn -0.9843814 -0.1760492 0.0
vn -0.944736 0.3278322 0.0
vn -0.8205243 0.5716117 0.0
vn 0.8205243 0.5716117 0.0
vn 0.1760492 0.9843814 0.0
vn 0.4361589 0.8998697 0.0
vn 0.944736 0.3278322 0.0
vn 0.9843814 -0.1760492 0.0
vn 0.8998697 -0.4361589 0.0
vn 0.5716117 -0.8205243 0.0
vn 0.3278322 -0.944736 0.0
vn -0.1760492 -0.9843814 0.0
vn -0.4361589 -0.8998697 0.0
vn -0.8205243 -0.5716117 0.0
vn -0.944736 -0.3278322 0.0
vn -0.9843814 0.1760492 0.0
vn -0.8998697 0.4361589 0.0
vn -0.5716117 0.8205243 0.0
vn -0.3278322 0.944736 0.0
vn 0.999803 -0.0198466 0.0
vn 0.721091 0.6928404 0.0
vn 0.8818095 0.4716058 0.0
vn 0.95699 -0.2901208 0.0
vn 0.6928404 -0.721091 0.0
vn 0.4716058 -0.8818095 0.0
vn -0.0198466 -0.999803 0.0
vn -0.2901208 -0.95699 0.0
vn -0.721091 -0.6928404 0.0
vn -0.8818095 -0.4716058 0.0
vn -0.999803 0.0198466 0.0
vn -0.95699 0.2901208 0.0
vn -0.6928404 0.721091 0.0
vn -0.4716058 0.8818095 0.0
vn 0.0198466 0.999803 0.0
vn 0.2901208 0.95699 0.0
vn 0.9471733 -0.3207221 0.0
vn 0.8965034 -0.4430369 0.0
vn 0.9920202 -0.1260791 0.0
vn 0.9808019 -0.195007 0.0
vn 0.7523075 -0.6588122 0.0
vn 0.6588122 -0.7523075 0.0
vn 0.4430369 -0.8965034 0.0
vn 0.3207221 -0.9471733 0.0
vn 0.0661296 -0.997811 0.0
vn -0.0661296 -0.997811 0.0
vn -0.3207221 -0.9471733 0.0
vn -0.4430369 -0.8965034 0.0
vn -0.6588122 -0.7523075 0.0
vn -0.7523075 -0.6588122 0.0
vn -0.8965034 -0.4430369 0.0
vn -0.9471733 -0.3207221 0.0
vn -0.9808019 -0.195007 0.0
vn -0.9956668 -0.092993 0.0
vn 0.1303964 -0.9914619 0.0
vn -0.1303964 -0.9914619 3.6e-06
vn 0.9981119 -0.0614215 7e-06
vn 0.9981118 -0.0614228 0.0
vn 0.9981122 -0.0614164 1.7e-05
vn 0.9981128 -0.0614071 3.52e-05
vn 0.9981133 -0.0613996 0.0
vn 0.9981122 -0.0614171 3.9e-06
vn 0.9981118 -0.0614234 4.7e-06
vn 0.9981115 -0.0614288 9.7e-06
vn 0.9981117 -0.0614254 0.0
vn -0.9981113 0.0614313 0.0
vn -0.9981115 0.0614284 1.7e-06
vn -0.9981117 0.0614253 5.3e-06
vn -0.9981117 0.0614254 3.2e-06
vn -0.9981121 0.0614181 8.6e-06
vn -0.9981122 0.0614169 9.7e-06
vn -0.9981144 0.0613818 0.0
vn -0.3265278 0.9451876 0.0
vn -0.0067696 0.051378 0.9986563
vn -0.0067655 0.0513773 0.9986564
vn -0.0067739 0.0513787 0.9986563
vn -0.9981122 -0.0614164 1.7e-05
vn -0.9981118 -0.0614228 0.0
vn -0.9981119 -0.0614215 7e-06
vn -0.9981122 -0.0614171 3.9e-06
vn -0.9981133 -0.0613996 0.0
vn -0.9981128 -0.0614071 3.52e-05
vn -0.9981118 -0.0614234 4.7e-06
vn -0.9981115 -0.0614288 9.7e-06
vn -0.9981117 -0.0614254 0.0
vn 0.9981117 0.0614253 5.3e-06
vn 0.9981115 0.0614284 1.7e-06
vn 0.9981113 0.0614313 0.0
vn 0.9981117 0.0614254 3.2e-06
vn 0.9981121 0.0614181 8.6e-06
vn 0.9981122 0.0614169 9.7e-06
vn 0.9981144 0.0613818 0.0
vn 0.3265278 0.9451876 0.0
vn 0.0067696 0.051378 0.9986563
vn 0.0067655 0.0513773 0.9986564
vn 0.0067739 0.0513787 0.9986563
vn 0.5522516 -0.8336775 -4e-06
vn 0.552263 -0.8336699 0.0
vn 0.552255 -0.8336753 3.5e-06
vn 0.5522546 -0.8336755 -9e-07
vn 0.5522719 -0.833664 0.0
vn 0.5522612 -0.8336711 -6e-05
vn 0.5522557 -0.8336748 7e-07
vn 0.5522564 -0.8336743 1.5e-06
vn 0.552256 -0.8336746 0.0
vn -0.5522596 0.8336722 -1e-06
vn -0.5522592 0.8336725 -1.4e-06
vn -0.5522572 0.8336738 0.0
vn -0.5522612 0.8336711 -2.6e-06
vn -0.5522599 0.833672 -3e-07
vn -0.5522609 0.8336714 0.0
vn -0.9818083 -0.1898748 0.0
vn -0.047878 -0.0198285 0.9986564
vn -0.0478761 -0.0198308 0.9986564
vn -0.0478799 -0.0198262 0.9986563
vn -0.552255 -0.8336753 3.5e-06
vn -0.552263 -0.8336699 0.0
vn -0.5522516 -0.8336775 -4e-06
vn -0.5522612 -0.8336711 -6e-05
vn -0.5522719 -0.833664 0.0
vn -0.5522546 -0.8336755 -9e-07
vn -0.5522557 -0.8336748 7e-07
vn -0.5522564 -0.8336743 1.5e-06
vn -0.552256 -0.8336746 0.0
vn 0.5522572 0.8336738 0.0
vn 0.5522592 0.8336725 -1.4e-06
vn 0.5522596 0.8336722 -1e-06
vn 0.5522612 0.8336711 -2.6e-06
vn 0.5522599 0.833672 -3e-07
vn 0.5522609 0.8336714 0.0
vn 0.9818083 -0.1898748 0.0
vn 0.047878 -0.0198285 0.9986564
vn 0.0478761 -0.0198308 0.9986564
vn 0.0478799 -0.0198262 0.9986563
vn 0.4458612 0.8951021 1.3e-06
vn 0.4458702 0.8950976 0.0
vn 0.4458608 0.8951023 3.2e-06
vn 0.4458635 0.895101 3e-07
vn 0.4458751 0.8950952 0.0
vn 0.4458677 0.8950989 3.88e-05
vn 0.4458599 0.8951028 4.2e-06
vn 0.4458555 0.895105 8.7e-06
vn 0.4458583 0.8951036 0.0
vn -0.4458636 -0.8951009 1e-06
vn -0.4458634 -0.895101 2.4e-06
vn -0.4458598 -0.8951028 0.0
vn -0.445867 -0.8950992 4.4e-06
vn -0.4458633 -0.8951011 -9e-07
vn -0.4458632 -0.8951011 -1e-06
vn -0.44586 -0.8951027 0.0
vn 0.6553611 -0.7553157 0.0
vn 0.0411121 -0.0315477 0.9986564
vn 0.0411134 -0.031544 0.9986564
vn 0.0411106 -0.0315514 0.9986563
vn -0.4458608 0.8951023 3.2e-06
vn -0.4458702 0.8950976 0.0
vn -0.4458612 0.8951021 1.3e-06
vn -0.4458677 0.8950989 3.88e-05
vn -0.4458751 0.8950952 0.0
vn -0.4458635 0.895101 3e-07
vn -0.4458599 0.8951028 4.2e-06
vn -0.4458555 0.895105 8.7e-06
vn -0.4458583 0.8951036 0.0
vn 0.4458598 -0.8951028 0.0
vn 0.4458634 -0.895101 2.4e-06
vn 0.4458636 -0.8951009 1e-06
vn 0.445867 -0.8950992 4.4e-06
vn 0.4458633 -0.8951011 -9e-07
vn 0.4458632 -0.8951011 -1e-06
vn 0.44586 -0.8951027 0.0
vn -0.6553611 -0.7553157 0.0
vn -0.0411121 -0.0315477 0.9986564
vn -0.0411134 -0.031544 0.9986564
vn -0.0411106 -0.0315514 0.9986563
vn 0.552255 0.8336753 3.5e-06
vn 0.552263 0.8336699 0.0
vn 0.5522516 0.8336775 -4e-06
vn 0.5522612 0.8336711 -6e-05
vn 0.5522719 0.833664 0.0
vn 0.5522546 0.8336755 -9e-07
vn 0.5522557 0.8336748 7e-07
vn 0.5522564 0.8336743 1.5e-06
vn 0.552256 0.8336746 0.0
vn -0.5522572 -0.8336738 0.0
vn -0.5522592 -0.8336725 -1.4e-06
vn -0.5522596 -0.8336722 -1e-06
vn -0.5522612 -0.8336711 -2.6e-06
vn -0.5522599 -0.833672 -3e-07
vn -0.5522609 -0.8336714 0.0
vn -0.9818083 0.1898748 0.0
vn -0.047878 0.0198285 0.9986564
vn -0.0478761 0.0198308 0.9986564
vn -0.0478799 0.0198262 0.9986563
vn -0.4458612 -0.8951021 1.3e-06
vn -0.4458702 -0.8950976 0.0
vn -0.4458608 -0.8951023 3.2e-06
vn -0.4458635 -0.895101 3e-07
vn -0.4458751 -0.8950952 0.0
vn -0.4458677 -0.8950989 3.88e-05
vn -0.4458599 -0.8951028 4.2e-06
vn -0.4458555 -0.895105 8.7e-06
vn -0.4458583 -0.8951036 0.0
vn 0.4458636 0.8951009 1e-06
vn 0.4458634 0.895101 2.4e-06
vn 0.4458598 0.8951028 0.0
vn 0.445867 0.8950992 4.4e-06
vn 0.4458633 0.8951011 -9e-07
vn 0.4458632 0.8951011 -1e-06
vn 0.44586 0.8951027 0.0
vn -0.6553611 0.7553157 0.0
vn -0.0411121 0.0315477 0.9986564
vn -0.0411134 0.031544 0.9986564
vn -0.0411106 0.0315514 0.9986563
vn 0.9981122 0.0614164 1.7e-05
vn 0.9981118 0.0614228 0.0
vn 0.9981119 0.0614215 7e-06
vn 0.9981122 0.0614171 3.9e-06
vn 0.9981133 0.0613996 0.0
vn 0.9981128 0.0614071 3.52e-05
vn 0.9981118 0.0614234 4.7e-06
vn 0.9981115 0.0614288 9.7e-06
vn 0.9981117 0.0614254 0.0
vn -0.9981117 -0.0614253 5.3e-06
vn -0.9981115 -0.0614284 1.7e-06
vn -0.9981113 -0.0614313 0.0
vn -0.9981117 -0.0614254 3.2e-06
vn -0.9981121 -0.0614181 8.6e-06
vn -0.9981122 -0.0614169 9.7e-06
vn -0.9981144 -0.0613818 0.0
vn -0.3265278 -0.9451876 0.0
vn -0.0067696 -0.051378 0.9986563
vn -0.0067655 -0.0513773 0.9986564
vn -0.0067739 -0.0513787 0.9986563
vn 0.4458608 -0.8951023 3.2e-06
vn 0.4458702 -0.8950976 0.0
vn 0.4458612 -0.8951021 1.3e-06
vn 0.4458677 -0.8950989 3.88e-05
vn 0.4458751 -0.8950952 0.0
vn 0.4458635 -0.895101 3e-07
vn 0.4458599 -0.8951028 4.2e-06
vn 0.4458555 -0.895105 8.7e-06
vn 0.4458583 -0.8951036 0.0
vn -0.4458598 0.8951028 0.0
vn -0.4458634 0.895101 2.4e-06
vn -0.4458636 0.8951009 1e-06
vn -0.445867 0.8950992 4.4e-06
vn -0.4458633 0.8951011 -9e-07
vn -0.4458632 0.8951011 -1e-06
vn -0.44586 0.8951027 0.0
vn 0.6553611 0.7553157 0.0
vn 0.0411121 0.0315477 0.9986564
vn 0.0411134 0.031544 0.9986564
vn 0.0411106 0.0315514 0.9986563
vn -0.5522516 0.8336775 -4e-06
vn -0.552263 0.8336699 0.0
vn -0.552255 0.8336753 3.5e-06
vn -0.5522546 0.8336755 -9e-07
vn -0.5522719 0.833664 0.0
vn -0.5522612 0.8336711 -6e-05
vn -0.5522557 0.8336748 7e-07
vn -0.5522564 0.8336743 1.5e-06
vn -0.552256 0.8336746 0.0
vn 0.5522596 -0.8336722 -1e-06
vn 0.5522592 -0.8336725 -1.4e-06
vn 0.5522572 -0.8336738 0.0
vn 0.5522612 -0.8336711 -2.6e-06
vn 0.5522599 -0.833672 -3e-07
vn 0.5522609 -0.8336714 0.0
vn 0.9818083 0.1898748 0.0
vn 0.047878 0.0198285 0.9986564
vn 0.0478761 0.0198308 0.9986564
vn 0.0478799 0.0198262 0.9986563
vn -0.9981119 0.0614215 7e-06
vn -0.9981118 0.0614228 0.0
vn -0.9981122 0.0614164 1.7e-05
vn -0.9981128 0.0614071 3.52e-05
vn -0.9981133 0.0613996 0.0
vn -0.9981122 0.0614171 3.9e-06
vn -0.9981118 0.0614234 4.7e-06
vn -0.9981115 0.0614288 9.7e-06
vn -0.9981117 0.0614254 0.0
vn 0.9981113 -0.0614313 0.0
vn 0.9981115 -0.0614284 1.7e-06
vn 0.9981117 -0.0614253 5.3e-06
vn 0.9981117 -0.0614254 3.2e-06
vn 0.9981121 -0.0614181 8.6e-06
vn 0.9981122 -0.0614169 9.7e-06
vn 0.9981144 -0.0613818 0.0
vn 0.3265278 -0.9451876 0.0
vn 0.0067696 -0.051378 0.9986563
vn 0.0067655 -0.0513773 0.9986564
vn 0.0067739 -0.0513787 0.9986563
f 1//1 2//1 3//1
f 1//1 3//1 4//1
f 5//1 6//1 1//1
f 5//1 1//1 7//1
f 1//1 4//1 8//1
f 1//1 8//1 7//1
f 7//1 8//1 9//1
f 7//1 9//1 10//1
f 11//2 12//2 13//2
f 14//2 15//2 16//2
f 14//2 16//2 13//2
f 17//2 18//2 16//2
f 16//2 18//2 19//2
f 16//2 19//2 13//2
f 13//2 19//2 20//2
f 13//2 20//2 11//2
f 19//3 18//4 21//5
f 19//3 21//5 22//3
f 23//6 9//7 8//3
f 23//6 8//3 24//3
f 24//3 8//3 25//3
f 25//3 8//3 19//3
f 25//3 19//3 22//3
f 26//3 27//3 28//3
f 26//3 28//3 29//3
f 29//3 28//3 30//3
f 29//3 30//3 31//3
f 32//8 33//8 34//8
f 32//8 34//8 35//8
f 35//8 34//8 36//8
f 35//8 36//8 37//8
f 38//9 39//8 40//8
f 38//9 40//8 41//10
f 41//10 40//8 42//8
f 41//10 42//8 43//11
f 4//8 3//12 44//13
f 4//8 44//13 45//8
f 46//14 11//15 20//8
f 46//14 20//8 47//8
f 47//8 20//8 48//8
f 48//8 20//8 4//8
f 48//8 4//8 45//8
f 49//3 50//3 51//3
f 49//3 51//3 52//3
f 52//3 51//3 53//3
f 52//3 53//3 54//3
f 55//8 56//8 57//8
f 55//8 57//8 58//8
f 58//8 57//8 59//8
f 58//8 59//8 60//8
f 61//16 62//3 63//3
f 61//16 63//3 64//17
f 64//17 63//3 65//3
f 64//17 65//3 66//18
f 67//19 68//20 13//21
f 67//19 13//21 12//22
f 46//14 67//19 12//22
f 46//14 12//22 11//15
f 69//23 70//24 17//25
f 69//23 17//25 16//21
f 70//24 21//5 18//4
f 70//24 18//4 17//25
f 68//20 69//23 15//26
f 68//20 15//26 14//26
f 15//3 69//3 16//3
f 14//8 13//8 68//8
f 71//27 72//28 2//29
f 71//27 2//29 1//30
f 73//31 74//27 7//30
f 73//31 7//30 10//32
f 23//6 73//31 10//32
f 23//6 10//32 9//7
f 34//26 33//33 24//33
f 34//26 24//33 25//26
f 29//26 31//34 32//34
f 29//26 32//34 35//26
f 40//26 39//33 30//33
f 40//26 30//33 28//26
f 75//35 76//36 38//9
f 75//35 38//9 41//10
f 77//37 78//38 76//36
f 77//37 76//36 75//35
f 79//39 80//40 78//38
f 79//39 78//38 77//37
f 81//41 82//42 80//40
f 81//41 80//40 79//39
f 83//43 84//44 82//42
f 83//43 82//42 81//41
f 85//45 86//46 84//44
f 85//45 84//44 83//43
f 64//17 66//18 86//46
f 64//17 86//46 85//45
f 57//26 56//33 65//33
f 57//26 65//33 63//26
f 52//26 54//34 55//34
f 52//26 55//34 58//26
f 48//26 45//33 53//33
f 48//26 53//33 51//26
f 72//28 44//13 3//12
f 72//28 3//12 2//29
f 79//39 77//37 87//47
f 79//39 87//47 88//48
f 81//41 79//39 88//48
f 81//41 88//48 89//49
f 83//43 81//41 89//49
f 83//43 89//49 90//50
f 85//45 83//43 90//50
f 85//45 90//50 91//51
f 64//17 85//45 91//51
f 64//17 91//51 61//16
f 57//26 63//26 62//52
f 57//26 62//52 59//52
f 52//26 58//26 60//53
f 52//26 60//53 49//53
f 48//26 51//26 50//52
f 48//26 50//52 47//52
f 34//26 25//26 22//52
f 34//26 22//52 36//52
f 29//26 35//26 37//53
f 29//26 37//53 26//53
f 40//26 28//26 27//52
f 40//26 27//52 42//52
f 75//35 41//10 43//11
f 75//35 43//11 92//54
f 77//37 75//35 92//54
f 77//37 92//54 87//47
f 5//26 74//27 71//27
f 5//26 71//27 6//26
f 5//3 7//3 74//3
f 6//8 71//8 1//8
f 20//26 19//26 8//26
f 20//26 8//26 4//26
f 93//3 94//55 95//56
f 93//3 95//56 96//3
f 97//8 98//8 99//8
f 97//8 99//8 100//8
f 101//3 102//3 103//3
f 101//3 103//3 104//3
f 105//57 106//8 107//8
f 105//57 107//8 108//58
f 88//48 87//47 109//59
f 88//48 109//59 110//60
f 89//49 88//48 110//60
f 89//49 110//60 111//61
f 90//50 89//49 111//61
f 90//50 111//61 112//62
f 91//51 90//50 112//62
f 91//51 112//62 113//63
f 94//55 91//51 113//63
f 94//55 113//63 95//56
f 98//64 93//64 96//65
f 98//64 96//65 99//66
f 102//67 97//67 100//68
f 102//67 100//68 103//69
f 106//64 101//64 104//65
f 106//64 104//65 107//66
f 67//19 105//57 108//58
f 67//19 108//58 114//70
f 70//24 67//19 114//70
f 70//24 114//70 115//71
f 116//72 70//24 115//71
f 116//72 115//71 117//73
f 118//3 119//3 116//72
f 118//3 116//72 117//73
f 120//64 119//64 118//65
f 120//64 118//65 121//66
f 122//8 123//8 120//8
f 122//8 120//8 121//8
f 124//67 123//67 122//68
f 124//67 122//68 125//69
f 126//3 127//3 124//3
f 126//3 124//3 125//3
f 128//64 127//64 126//65
f 128//64 126//65 129//66
f 130//74 131//75 128//8
f 130//74 128//8 129//8
f 92//54 131//75 130//74
f 92//54 130//74 132//76
f 87//47 92//54 132//76
f 87//47 132//76 109//59
f 133//77 134//78 135//78
f 133//77 135//78 136//79
f 96//3 95//56 137//80
f 96//3 137//80 138//3
f 100//8 99//8 139//8
f 100//8 139//8 140//8
f 104//3 103//3 141//3
f 104//3 141//3 142//3
f 108//58 107//8 143//8
f 108//58 143//8 144//81
f 110//60 109//59 145//82
f 110//60 145//82 146//83
f 111//61 110//60 146//83
f 111//61 146//83 147//84
f 112//62 111//61 147//84
f 112//62 147//84 148//85
f 113//63 112//62 148//85
f 113//63 148//85 149//86
f 95//56 113//63 149//86
f 95//56 149//86 137//80
f 99//66 96//65 138//87
f 99//66 138//87 139//87
f 103//69 100//68 140//88
f 103//69 140//88 141//89
f 107//66 104//65 142//87
f 107//66 142//87 143//87
f 114//70 108//58 144//81
f 114//70 144//81 150//90
f 115//71 114//70 150//90
f 115//71 150//90 151//91
f 117//73 115//71 151//91
f 117//73 151//91 152//92
f 153//3 118//3 117//73
f 153//3 117//73 152//92
f 121//66 118//65 153//87
f 121//66 153//87 154//87
f 155//8 122//8 121//8
f 155//8 121//8 154//8
f 125//69 122//68 155//88
f 125//69 155//88 156//89
f 157//3 126//3 125//3
f 157//3 125//3 156//3
f 129//66 126//65 157//87
f 129//66 157//87 158//87
f 159//93 130//74 129//8
f 159//93 129//8 158//8
f 132//76 130//74 159//93
f 132//76 159//93 160//94
f 109//59 132//76 160//94
f 109//59 160//94 145//82
f 161//95 133//77 136//79
f 161//95 136//79 162//96
f 163//3 137//80 164//97
f 163//3 164//97 165//3
f 140//8 166//8 167//8
f 140//8 167//8 168//8
f 169//3 141//3 170//3
f 169//3 170//3 171//3
f 144//81 172//8 173//8
f 144//81 173//8 174//98
f 146//83 175//99 176//100
f 146//83 176//100 177//101
f 147//84 146//83 177//101
f 147//84 177//101 178//102
f 179//103 147//84 178//102
f 179//103 178//102 180//104
f 181//105 179//103 180//104
f 181//105 180//104 182//106
f 137//80 181//105 182//106
f 137//80 182//106 164//97
f 166//107 163//107 165//107
f 166//107 165//107 167//107
f 141//89 140//88 168//108
f 141//89 168//108 170//109
f 172//107 169//107 171//107
f 172//107 171//107 173//107
f 183//110 144//81 174//98
f 183//110 174//98 184//111
f 185//112 183//110 184//111
f 185//112 184//111 186//113
f 152//92 185//112 186//113
f 152//92 186//113 187//114
f 188//3 189//3 152//92
f 188//3 152//92 187//114
f 190//107 189//107 188//107
f 190//107 188//107 191//107
f 192//8 155//8 190//8
f 192//8 190//8 191//8
f 156//89 155//88 192//108
f 156//89 192//108 193//109
f 194//3 195//3 156//3
f 194//3 156//3 193//3
f 196//107 195//107 194//107
f 196//107 194//107 197//107
f 198//115 159//93 196//8
f 198//115 196//8 197//8
f 199//116 159//93 198//115
f 199//116 198//115 200//117
f 175//99 199//116 200//117
f 175//99 200//117 176//100
f 201//118 161//95 162//96
f 201//118 162//96 202//119
f 203//3 164//97 204//120
f 203//3 204//120 205//3
f 168//8 206//8 207//8
f 168//8 207//8 208//8
f 209//3 170//3 210//3
f 209//3 210//3 211//3
f 174//98 212//8 213//8
f 174//98 213//8 214//121
f 177//101 176//100 215//122
f 177//101 215//122 216//123
f 178//102 177//101 216//123
f 178//102 216//123 217//124
f 180//104 178//102 217//124
f 180//104 217//124 218//125
f 182//106 180//104 218//125
f 182//106 218//125 219//126
f 164//97 182//106 219//126
f 164//97 219//126 204//120
f 206//127 203//127 205//128
f 206//127 205//128 207//128
f 170//109 168//108 208//129
f 170//109 208//129 210//129
f 212//127 209//127 211//128
f 212//127 211//128 213//128
f 184//111 174//98 214//121
f 184//111 214//121 220//130
f 186//113 184//111 220//130
f 186//113 220//130 221//131
f 187//114 186//113 221//131
f 187//114 221//131 222//132
f 223//3 224//3 187//114
f 223//3 187//114 222//132
f 225//127 224//127 223//128
f 225//127 223//128 226//128
f 227//8 192//8 225//8
f 227//8 225//8 226//8
f 193//109 192//108 227//129
f 193//109 227//129 228//129
f 229//3 230//3 193//3
f 229//3 193//3 228//3
f 231//127 230//127 229//128
f 231//127 229//128 232//128
f 233//133 198//115 231//8
f 233//133 231//8 232//8
f 200//117 198//115 233//133
f 200//117 233//133 234//134
f 176//100 200//117 234//134
f 176//100 234//134 215//122
f 235//135 201//118 202//119
f 235//135 202//119 236//135
f 237//26 238//26 239//26
f 237//26 239//26 240//26
f 239//26 238//26 241//26
f 239//26 241//26 242//26
f 243//136 244//136 245//136
f 243//136 245//136 246//136
f 245//136 244//136 247//136
f 245//136 247//136 248//136
f 246//3 245//137 249//138
f 246//3 249//138 250//3
f 251//139 238//140 237//3
f 251//139 237//3 223//3
f 223//3 237//3 252//3
f 252//3 237//3 246//3
f 252//3 246//3 250//3
f 253//3 254//3 255//3
f 253//3 255//3 256//3
f 256//3 255//3 229//3
f 256//3 229//3 257//3
f 258//8 226//8 259//8
f 258//8 259//8 260//8
f 260//8 259//8 261//8
f 260//8 261//8 262//8
f 263//141 232//8 264//8
f 263//141 264//8 265//142
f 265//142 264//8 266//8
f 265//142 266//8 267//143
f 240//8 239//144 268//145
f 240//8 268//145 213//8
f 269//146 244//147 243//8
f 269//146 243//8 270//8
f 270//8 243//8 271//8
f 271//8 243//8 240//8
f 271//8 240//8 213//8
f 272//3 273//3 274//3
f 272//3 274//3 275//3
f 275//3 274//3 211//3
f 275//3 211//3 276//3
f 277//8 207//8 278//8
f 277//8 278//8 279//8
f 279//8 278//8 280//8
f 279//8 280//8 281//8
f 282//148 283//3 284//3
f 282//148 284//3 285//149
f 285//149 284//3 205//3
f 285//149 205//3 286//150
f 269//146 287//151 247//152
f 269//146 247//152 244//147
f 287//151 288//153 248//154
f 287//151 248//154 247//152
f 288//153 249//138 245//137
f 288//153 245//137 248//154
f 289//155 290//156 242//157
f 289//155 242//157 241//158
f 251//139 289//155 241//158
f 251//139 241//158 238//140
f 259//2 226//128 223//128
f 259//2 223//128 252//2
f 256//2 257//159 258//159
f 256//2 258//159 260//2
f 264//2 232//128 229//128
f 264//2 229//128 255//2
f 291//160 292//161 263//141
f 291//160 263//141 265//142
f 293//162 294//163 292//161
f 293//162 292//161 291//160
f 295//164 216//123 294//163
f 295//164 294//163 293//162
f 296//165 217//124 216//123
f 296//165 216//123 295//164
f 297//166 298//167 217//124
f 297//166 217//124 296//165
f 299//168 300//169 298//167
f 299//168 298//167 297//166
f 285//149 286//150 300//169
f 285//149 300//169 299//168
f 278//2 207//128 205//128
f 278//2 205//128 284//2
f 275//2 276//159 277//159
f 275//2 277//159 279//2
f 271//2 213//128 211//128
f 271//2 211//128 274//2
f 290//156 268//145 239//144
f 290//156 239//144 242//157
f 295//164 293//162 301//170
f 295//164 301//170 302//171
f 296//165 295//164 302//171
f 296//165 302//171 303//172
f 297//166 296//165 303//172
f 297//166 303//172 304//173
f 299//168 297//166 304//173
f 299//168 304//173 305//174
f 285//149 299//168 305//174
f 285//149 305//174 282//148
f 278//2 284//2 283//175
f 278//2 283//175 280//175
f 275//2 279//2 281//176
f 275//2 281//176 272//176
f 271//2 274//2 273//175
f 271//2 273//175 270//175
f 259//2 252//2 250//175
f 259//2 250//175 261//175
f 256//2 260//2 262//176
f 256//2 262//176 253//176
f 264//2 255//2 254//175
f 264//2 254//175 266//175
f 291//160 265//142 267//143
f 291//160 267//143 306//177
f 293//162 291//160 306//177
f 293//162 306//177 301//170
f 243//2 246//2 237//2
f 243//2 237//2 240//2
f 235//135 236//135 307//2
f 235//135 307//2 308//2
f 307//2 309//178 310//178
f 307//2 310//178 308//2
f 311//3 312//179 313//180
f 311//3 313//180 314//3
f 315//8 316//8 317//8
f 315//8 317//8 318//8
f 319//3 320//3 321//3
f 319//3 321//3 322//3
f 323//181 324//8 325//8
f 323//181 325//8 326//182
f 327//183 328//184 329//185
f 327//183 329//185 330//186
f 331//187 327//183 330//186
f 331//187 330//186 332//188
f 333//189 331//187 332//188
f 333//189 332//188 334//190
f 335//191 333//189 334//190
f 335//191 334//190 336//192
f 312//179 335//191 336//192
f 312//179 336//192 313//180
f 316//193 311//193 314//193
f 316//193 314//193 317//193
f 320//194 315//195 318//196
f 320//194 318//196 321//197
f 324//193 319//193 322//193
f 324//193 322//193 325//193
f 337//198 323//181 326//182
f 337//198 326//182 338//199
f 339//200 337//198 338//199
f 339//200 338//199 340//201
f 341//202 339//200 340//201
f 341//202 340//201 342//203
f 343//3 344//3 341//202
f 343//3 341//202 342//203
f 345//193 344//193 343//193
f 345//193 343//193 346//193
f 347//8 348//8 345//8
f 347//8 345//8 346//8
f 349//194 348//195 347//196
f 349//194 347//196 350//197
f 351//3 352//3 349//3
f 351//3 349//3 350//3
f 353//193 352//193 351//193
f 353//193 351//193 354//193
f 355//204 356//205 353//8
f 355//204 353//8 354//8
f 357//206 356//205 355//204
f 357//206 355//204 358//207
f 328//184 357//206 358//207
f 328//184 358//207 329//185
f 359//208 360//209 361//210
f 359//208 361//210 362//211
f 363//3 313//180 364//212
f 363//3 364//212 365//3
f 318//8 366//8 367//8
f 318//8 367//8 368//8
f 369//3 321//3 370//3
f 369//3 370//3 371//3
f 326//182 372//8 373//8
f 326//182 373//8 374//213
f 330//186 329//185 375//214
f 330//186 375//214 376//215
f 332//188 330//186 376//215
f 332//188 376//215 377//216
f 334//190 332//188 377//216
f 334//190 377//216 378//217
f 336//192 334//190 378//217
f 336//192 378//217 379//218
f 313//180 336//192 379//218
f 313//180 379//218 364//212
f 366//219 363//219 365//220
f 366//219 365//220 367//220
f 321//197 318//196 368//221
f 321//197 368//221 370//221
f 372//219 369//219 371//220
f 372//219 371//220 373//220
f 338//199 326//182 374//213
f 338//199 374//213 380//222
f 340//201 338//199 380//222
f 340//201 380//222 381//223
f 342//203 340//201 381//223
f 342//203 381//223 382//224
f 383//3 384//3 342//203
f 383//3 342//203 382//224
f 385//219 384//219 383//220
f 385//219 383//220 386//220
f 387//8 347//8 385//8
f 387//8 385//8 386//8
f 350//197 347//196 387//221
f 350//197 387//221 388//221
f 389//3 390//3 350//3
f 389//3 350//3 388//3
f 391//219 390//219 389//220
f 391//219 389//220 392//220
f 393//225 355//204 391//8
f 393//225 391//8 392//8
f 358//207 355//204 393//225
f 358//207 393//225 394//226
f 329//185 358//207 394//226
f 329//185 394//226 375//214
f 395//227 359//208 362//211
f 395//227 362//211 396//227
f 397//2 398//2 399//2
f 397//2 399//2 400//2
f 401//2 402//2 397//2
f 401//2 397//2 403//2
f 397//2 400//2 404//2
f 397//2 404//2 403//2
f 403//2 404//2 405//2
f 403//2 405//2 406//2
f 407//1 408//1 409//1
f 410//1 411//1 412//1
f 410//1 412//1 409//1
f 413//1 414//1 412//1
f 412//1 414//1 415//1
f 412//1 415//1 409//1
f 409//1 415//1 416//1
f 409//1 416//1 407//1
f 415//3 414//228 417//229
f 415//3 417//229 418//3
f 419//230 405//231 404//3
f 419//230 404//3 383//3
f 383//3 404//3 420//3
f 420//3 404//3 415//3
f 420//3 415//3 418//3
f 421//3 422//3 423//3
f 421//3 423//3 424//3
f 424//3 423//3 389//3
f 424//3 389//3 425//3
f 426//8 386//8 427//8
f 426//8 427//8 428//8
f 428//8 427//8 429//8
f 428//8 429//8 430//8
f 431//232 392//8 432//8
f 431//232 432//8 433//233
f 433//233 432//8 434//8
f 433//233 434//8 435//234
f 400//8 399//235 436//236
f 400//8 436//236 373//8
f 437//237 407//238 416//8
f 437//237 416//8 438//8
f 438//8 416//8 439//8
f 439//8 416//8 400//8
f 439//8 400//8 373//8
f 440//3 441//3 442//3
f 440//3 442//3 443//3
f 443//3 442//3 371//3
f 443//3 371//3 444//3
f 445//8 367//8 446//8
f 445//8 446//8 447//8
f 447//8 446//8 448//8
f 447//8 448//8 449//8
f 450//239 451//3 452//3
f 450//239 452//3 453//240
f 453//240 452//3 365//3
f 453//240 365//3 454//241
f 455//242 456//243 409//244
f 455//242 409//244 408//245
f 437//237 455//242 408//245
f 437//237 408//245 407//238
f 457//246 458//247 413//248
f 457//246 413//248 412//244
f 458//247 417//229 414//228
f 458//247 414//228 413//248
f 456//243 457//246 411//136
f 456//243 411//136 410//136
f 411//3 457//3 412//3
f 410//8 409//8 456//8
f 459//249 460//250 398//251
f 459//249 398//251 397//252
f 461//253 462//249 403//252
f 461//253 403//252 406//254
f 419//230 461//253 406//254
f 419//230 406//254 405//231
f 427//136 386//220 383//220
f 427//136 383//220 420//136
f 424//136 425//255 426//255
f 424//136 426//255 428//136
f 432//136 392//220 389//220
f 432//136 389//220 423//136
f 463//256 464//257 431//232
f 463//256 431//232 433//233
f 465//258 466//259 464//257
f 465//258 464//257 463//256
f 467//260 376//215 466//259
f 467//260 466//259 465//258
f 468//261 377//216 376//215
f 468//261 376//215 467//260
f 469//262 470//263 377//216
f 469//262 377//216 468//261
f 471//264 472//265 470//263
f 471//264 470//263 469//262
f 453//240 454//241 472//265
f 453//240 472//265 471//264
f 446//136 367//220 365//220
f 446//136 365//220 452//136
f 443//136 444//255 445//255
f 443//136 445//255 447//136
f 439//136 373//220 371//220
f 439//136 371//220 442//136
f 460//250 436//236 399//235
f 460//250 399//235 398//251
f 467//260 465//258 473//266
f 467//260 473//266 474//267
f 468//261 467//260 474//267
f 468//261 474//267 475//268
f 469//262 468//261 475//268
f 469//262 475//268 476//269
f 471//264 469//262 476//269
f 471//264 476//269 477//270
f 453//240 471//264 477//270
f 453//240 477//270 450//239
f 446//136 452//136 451//271
f 446//136 451//271 448//271
f 443//136 447//136 449//272
f 443//136 449//272 440//272
f 439//136 442//136 441//271
f 439//136 441//271 438//271
f 427//136 420//136 418//271
f 427//136 418//271 429//271
f 424//136 428//136 430//272
f 424//136 430//272 421//272
f 432//136 423//136 422//271
f 432//136 422//271 434//271
f 463//256 433//233 435//234
f 463//256 435//234 478//273
f 465//258 463//256 478//273
f 465//258 478//273 473//266
f 401//136 462//249 459//249
f 401//136 459//249 402//136
f 401//3 403//3 462//3
f 402//8 459//8 397//8
f 416//136 415//136 404//136
f 416//136 404//136 400//136
f 479//3 480//274 481//73
f 479//3 481//73 482//3
f 483//8 484//8 485//8
f 483//8 485//8 486//8
f 487//3 488//3 489//3
f 487//3 489//3 490//3
f 491//275 492//8 493//8
f 491//275 493//8 494//74
f 474//267 473//266 495//276
f 474//267 495//276 496//277
f 475//268 474//267 496//277
f 475//268 496//277 497//278
f 476//269 475//268 497//278
f 476//269 497//278 498//279
f 477//270 476//269 498//279
f 477//270 498//279 499//280
f 480//274 477//270 499//280
f 480//274 499//280 481//73
f 484//281 479//281 482//282
f 484//281 482//282 485//283
f 488//284 483//284 486//285
f 488//284 486//285 489//286
f 492//281 487//281 490//282
f 492//281 490//282 493//283
f 455//242 491//275 494//74
f 455//242 494//74 500//287
f 458//247 455//242 500//287
f 458//247 500//287 501//288
f 502//289 458//247 501//288
f 502//289 501//288 503//56
f 504//3 505//3 502//289
f 504//3 502//289 503//56
f 506//281 505//281 504//282
f 506//281 504//282 507//283
f 508//8 509//8 506//8
f 508//8 506//8 507//8
f 510//284 509//284 508//285
f 510//284 508//285 511//286
f 512//3 513//3 510//3
f 512//3 510//3 511//3
f 514//281 513//281 512//282
f 514//281 512//282 515//283
f 516//58 517//290 514//8
f 516//58 514//8 515//8
f 478//273 517//290 516//58
f 478//273 516//58 518//291
f 473//266 478//273 518//291
f 473//266 518//291 495//276
f 519//292 520//293 521//294
f 519//292 521//294 522//295
f 482//3 481//73 523//296
f 482//3 523//296 524//3
f 486//8 485//8 525//8
f 486//8 525//8 526//8
f 490//3 489//3 527//3
f 490//3 527//3 528//3
f 494//74 493//8 529//8
f 494//74 529//8 530//297
f 496//277 495//276 531//298
f 496//277 531//298 532//299
f 497//278 496//277 532//299
f 497//278 532//299 533//300
f 498//279 497//278 533//300
f 498//279 533//300 534//301
f 499//280 498//279 534//301
f 499//280 534//301 535//302
f 481//73 499//280 535//302
f 481//73 535//302 523//296
f 485//283 482//282 524//303
f 485//283 524//303 525//303
f 489//286 486//285 526//304
f 489//286 526//304 527//304
f 493//283 490//282 528//303
f 493//283 528//303 529//303
f 500//287 494//74 530//297
f 500//287 530//297 536//305
f 501//288 500//287 536//305
f 501//288 536//305 537//306
f 503//56 501//288 537//306
f 503//56 537//306 538//307
f 539//3 504//3 503//56
f 539//3 503//56 538//307
f 507//283 504//282 539//303
f 507//283 539//303 540//303
f 541//8 508//8 507//8
f 541//8 507//8 540//8
f 511//286 508//285 541//304
f 511//286 541//304 542//304
f 543//3 512//3 511//3
f 543//3 511//3 542//3
f 515//283 512//282 543//303
f 515//283 543//303 544//303
f 545//308 516//58 515//8
f 545//308 515//8 544//8
f 518//291 516//58 545//308
f 518//291 545//308 546//309
f 495//276 518//291 546//309
f 495//276 546//309 531//298
f 547//304 519//292 522//295
f 547//304 522//295 548//304
f 549//136 550//136 551//136
f 549//136 551//136 552//136
f 551//136 550//136 553//136
f 551//136 553//136 554//136
f 555//26 556//26 557//26
f 555//26 557//26 558//26
f 557//26 556//26 559//26
f 557//26 559//26 560//26
f 558//3 557//310 561//311
f 558//3 561//311 562//3
f 563//312 550//313 549//3
f 563//312 549//3 564//3
f 564//3 549//3 565//3
f 565//3 549//3 558//3
f 565//3 558//3 562//3
f 566//3 567//3 568//3
f 566//3 568//3 569//3
f 569//3 568//3 570//3
f 569//3 570//3 571//3
f 572//8 573//8 574//8
f 572//8 574//8 575//8
f 575//8 574//8 576//8
f 575//8 576//8 577//8
f 578//314 579//8 580//8
f 578//314 580//8 581//315
f 581//315 580//8 582//8
f 581//315 582//8 583//316
f 552//8 551//317 584//318
f 552//8 584//318 585//8
f 586//319 556//320 555//8
f 586//319 555//8 587//8
f 587//8 555//8 588//8
f 588//8 555//8 552//8
f 588//8 552//8 585//8
f 589//3 590//3 591//3
f 589//3 591//3 592//3
f 592//3 591//3 593//3
f 592//3 593//3 594//3
f 595//8 596//8 597//8
f 595//8 597//8 598//8
f 598//8 597//8 599//8
f 598//8 599//8 600//8
f 601//321 602//3 603//3
f 601//321 603//3 604//322
f 604//322 603//3 605//3
f 604//322 605//3 606//323
f 586//319 607//324 559//325
f 586//319 559//325 556//320
f 607//324 608//326 560//327
f 607//324 560//327 559//325
f 608//326 561//311 557//310
f 608//326 557//310 560//327
f 609//328 610//329 554//330
f 609//328 554//330 553//331
f 563//312 609//328 553//331
f 563//312 553//331 550//313
f 574//1 573//332 564//332
f 574//1 564//332 565//1
f 569//1 571//333 572//333
f 569//1 572//333 575//1
f 580//1 579//332 570//332
f 580//1 570//332 568//1
f 611//334 612//335 578//314
f 611//334 578//314 581//315
f 613//336 614//337 612//335
f 613//336 612//335 611//334
f 615//338 616//339 614//337
f 615//338 614//337 613//336
f 617//340 618//341 616//339
f 617//340 616//339 615//338
f 619//342 620//343 618//341
f 619//342 618//341 617//340
f 621//344 622//345 620//343
f 621//344 620//343 619//342
f 604//322 606//323 622//345
f 604//322 622//345 621//344
f 597//1 596//332 605//332
f 597//1 605//332 603//1
f 592//1 594//333 595//333
f 592//1 595//333 598//1
f 588//1 585//332 593//332
f 588//1 593//332 591//1
f 610//329 584//318 551//317
f 610//329 551//317 554//330
f 615//338 613//336 623//346
f 615//338 623//346 624//347
f 617//340 615//338 624//347
f 617//340 624//347 625//348
f 619//342 617//340 625//348
f 619//342 625//348 626//349
f 621//344 619//342 626//349
f 621//344 626//349 627//350
f 604//322 621//344 627//350
f 604//322 627//350 601//321
f 597//1 603//1 602//351
f 597//1 602//351 599//351
f 592//1 598//1 600//352
f 592//1 600//352 589//353
f 588//1 591//1 590//351
f 588//1 590//351 587//351
f 574//1 565//1 562//351
f 574//1 562//351 576//351
f 569//1 575//1 577//352
f 569//1 577//352 566//353
f 580//1 568//1 567//351
f 580//1 567//351 582//351
f 611//334 581//315 583//316
f 611//334 583//316 628//354
f 613//336 611//334 628//354
f 613//336 628//354 623//346
f 555//1 558//1 549//1
f 555//1 549//1 552//1
f 629//355 630//355 631//1
f 629//355 631//1 632//1
f 631//1 633//356 634//357
f 631//1 634//357 632//1
f 635//3 601//321 636//358
f 635//3 636//358 637//3
f 600//8 638//8 639//8
f 600//8 639//8 640//8
f 641//3 589//3 642//3
f 641//3 642//3 643//3
f 586//319 644//8 645//8
f 586//319 645//8 646//359
f 624//347 623//346 647//360
f 624//347 647//360 648//361
f 625//348 624//347 648//361
f 625//348 648//361 649//362
f 626//349 625//348 649//362
f 626//349 649//362 650//363
f 627//350 626//349 650//363
f 627//350 650//363 651//364
f 601//321 627//350 651//364
f 601//321 651//364 636//358
f 638//365 635//365 637//366
f 638//365 637//366 639//367
f 589//353 600//352 640//368
f 589//353 640//368 642//369
f 644//365 641//365 643//366
f 644//365 643//366 645//367
f 607//324 586//319 646//359
f 607//324 646//359 652//370
f 608//326 607//324 652//370
f 608//326 652//370 653//371
f 561//311 608//326 653//371
f 561//311 653//371 654//372
f 655//3 656//3 561//311
f 655//3 561//311 654//372
f 657//365 656//365 655//366
f 657//365 655//366 658//367
f 659//8 577//8 657//8
f 659//8 657//8 658//8
f 566//353 577//352 659//368
f 566//353 659//368 660//369
f 661//3 662//3 566//3
f 661//3 566//3 660//3
f 663//365 662//365 661//366
f 663//365 661//366 664//367
f 665//373 583//316 663//8
f 665//373 663//8 664//8
f 628//354 583//316 665//373
f 628//354 665//373 666//374
f 623//346 628//354 666//374
f 623//346 666//374 647//360
f 667//375 634//357 633//356
f 667//375 633//356 668//376
f 637//3 636//358 669//377
f 637//3 669//377 670//3
f 640//8 639//8 671//8
f 640//8 671//8 672//8
f 643//3 642//3 673//3
f 643//3 673//3 674//3
f 646//359 645//8 675//8
f 646//359 675//8 676//378
f 648//361 647//360 677//379
f 648//361 677//379 678//380
f 649//362 648//361 678//380
f 649//362 678//380 679//381
f 650//363 649//362 679//381
f 650//363 679//381 680//382
f 651//364 650//363 680//382
f 651//364 680//382 681//383
f 636//358 651//364 681//383
f 636//358 681//383 669//377
f 639//367 637//366 670//384
f 639//367 670//384 671//384
f 642//369 640//368 672//385
f 642//369 672//385 673//386
f 645//367 643//366 674//384
f 645//367 674//384 675//384
f 652//370 646//359 676//378
f 652//370 676//378 682//387
f 653//371 652//370 682//387
f 653//371 682//387 683//388
f 654//372 653//371 683//388
f 654//372 683//388 684//389
f 685//3 655//3 654//372
f 685//3 654//372 684//389
f 658//367 655//366 685//384
f 658//367 685//384 686//384
f 687//8 659//8 658//8
f 687//8 658//8 686//8
f 660//369 659//368 687//385
f 660//369 687//385 688//386
f 689//3 661//3 660//3
f 689//3 660//3 688//3
f 664//367 661//366 689//384
f 664//367 689//384 690//384
f 691//390 665//373 664//8
f 691//390 664//8 690//8
f 666//374 665//373 691//390
f 666//374 691//390 692//391
f 647//360 666//374 692//391
f 647//360 692//391 677//379
f 693//392 667//375 668//376
f 693//392 668//376 694//393
f 695//3 669//377 696//394
f 695//3 696//394 697//3
f 672//8 698//8 699//8
f 672//8 699//8 700//8
f 701//3 673//3 702//3
f 701//3 702//3 703//3
f 676//378 704//8 705//8
f 676//378 705//8 706//395
f 678//380 707//396 708//397
f 678//380 708//397 709//398
f 679//381 678//380 709//398
f 679//381 709//398 710//399
f 711//400 679//381 710//399
f 711//400 710//399 712//401
f 713//402 711//400 712//401
f 713//402 712//401 714//403
f 669//377 713//402 714//403
f 669//377 714//403 696//394
f 698//404 695//404 697//404
f 698//404 697//404 699//404
f 673//386 672//385 700//405
f 673//386 700//405 702//406
f 704//404 701//404 703//404
f 704//404 703//404 705//404
f 715//407 676//378 706//395
f 715//407 706//395 716//408
f 717//409 715//407 716//408
f 717//409 716//408 718//410
f 684//389 717//409 718//410
f 684//389 718//410 719//411
f 720//3 721//3 684//389
f 720//3 684//389 719//411
f 722//404 721//404 720//404
f 722//404 720//404 723//404
f 724//8 687//8 722//8
f 724//8 722//8 723//8
f 688//386 687//385 724//405
f 688//386 724//405 725//406
f 726//3 727//3 688//3
f 726//3 688//3 725//3
f 728//404 727//404 726//404
f 728//404 726//404 729//404
f 730//412 691//390 728//8
f 730//412 728//8 729//8
f 731//413 691//390 730//412
f 731//413 730//412 732//414
f 707//396 731//413 732//414
f 707//396 732//414 708//397
f 733//415 693//392 694//393
f 733//415 694//393 734//416
f 735//3 696//394 736//417
f 735//3 736//417 65//3
f 700//8 737//8 56//8
f 700//8 56//8 738//8
f 739//3 702//3 740//3
f 739//3 740//3 53//3
f 706//395 741//8 45//8
f 706//395 45//8 742//418
f 709//398 708//397 743//419
f 709//398 743//419 80//40
f 710//399 709//398 80//40
f 710//399 80//40 82//42
f 712//401 710//399 82//42
f 712//401 82//42 744//420
f 714//403 712//401 744//420
f 714//403 744//420 745//421
f 696//394 714//403 745//421
f 696//394 745//421 736//417
f 737//422 735//422 65//33
f 737//422 65//33 56//33
f 702//406 700//405 738//423
f 702//406 738//423 740//423
f 741//422 739//422 53//33
f 741//422 53//33 45//33
f 716//408 706//395 742//418
f 716//408 742//418 746//424
f 718//410 716//408 746//424
f 718//410 746//424 747//425
f 719//411 718//410 747//425
f 719//411 747//425 748//426
f 24//3 749//3 719//411
f 24//3 719//411 748//426
f 750//422 749//422 24//33
f 750//422 24//33 33//33
f 751//8 724//8 750//8
f 751//8 750//8 33//8
f 725//406 724//405 751//423
f 725//406 751//423 752//423
f 30//3 753//3 725//3
f 30//3 725//3 752//3
f 754//422 753//422 30//33
f 754//422 30//33 39//33
f 755//427 730//412 754//8
f 755//427 754//8 39//8
f 732//414 730//412 755//427
f 732//414 755//427 756//428
f 708//397 732//414 756//428
f 708//397 756//428 743//419
f 757//429 733//415 734//416
f 757//429 734//416 758//430
f 759//3 760//431 312//179
f 759//3 312//179 761//3
f 762//8 763//8 764//8
f 762//8 764//8 315//8
f 765//3 766//3 320//3
f 765//3 320//3 767//3
f 768//432 769//8 770//8
f 768//432 770//8 323//181
f 771//433 772//434 773//435
f 771//433 773//435 327//183
f 774//436 771//433 327//183
f 774//436 327//183 331//187
f 775//437 774//436 331//187
f 775//437 331//187 776//438
f 777//439 775//437 776//438
f 777//439 776//438 778//440
f 760//431 777//439 778//440
f 760//431 778//440 312//179
f 763//441 759//441 761//442
f 763//441 761//442 764//442
f 766//443 762//443 315//195
f 766//443 315//195 320//194
f 769//441 765//441 767//442
f 769//441 767//442 770//442
f 779//444 768//432 323//181
f 779//444 323//181 780//445
f 781//446 779//444 780//445
f 781//446 780//445 782//447
f 783//448 781//446 782//447
f 783//448 782//447 341//202
f 784//3 785//3 783//448
f 784//3 783//448 341//202
f 786//441 785//441 784//442
f 786//441 784//442 787//442
f 348//8 788//8 786//8
f 348//8 786//8 787//8
f 789//443 788//443 348//195
f 789//443 348//195 349//194
f 790//3 791//3 789//3
f 790//3 789//3 349//3
f 792//441 791//441 790//442
f 792//441 790//442 793//442
f 356//205 794//449 792//8
f 356//205 792//8 793//8
f 795//450 794//449 356//205
f 795//450 356//205 796//451
f 772//434 795//450 796//451
f 772//434 796//451 773//435
f 360//209 797//452 798//452
f 360//209 798//452 361//210
f 799//453 760//431 759//3
f 283//3 799//453 759//3
f 280//8 763//8 762//8
f 800//8 280//8 762//8
f 801//3 766//3 765//3
f 273//3 801//3 765//3
f 270//8 769//8 768//432
f 802//454 270//8 768//432
f 803//455 772//434 771//433
f 302//171 803//455 771//433
f 302//171 771//433 774//436
f 303//172 302//171 774//436
f 303//172 774//436 775//437
f 804//456 303//172 775//437
f 804//456 775//437 777//439
f 805//457 804//456 777//439
f 805//457 777//439 760//431
f 799//453 805//457 760//431
f 283//175 759//441 763//441
f 280//175 283//175 763//441
f 800//458 762//443 766//443
f 801//458 800//458 766//443
f 273//175 765//441 769//441
f 270//175 273//175 769//441
f 802//454 768//432 779//444
f 806//459 802//454 779//444
f 806//459 779//444 781//446
f 807//460 806//459 781//446
f 807//460 781//446 783//448
f 808//461 807//460 783//448
f 783//448 785//3 250//3
f 808//461 783//448 250//3
f 250//175 785//441 786//441
f 261//175 250//175 786//441
f 786//8 788//8 809//8
f 261//8 786//8 809//8
f 809//458 788//443 789//443
f 810//458 809//458 789//443
f 789//3 791//3 254//3
f 810//3 789//3 254//3
f 254//175 791//441 792//441
f 266//175 254//175 792//441
f 792//8 794//449 811//462
f 266//8 792//8 811//462
f 811//462 794//449 795//450
f 812//463 811//462 795//450
f 812//463 795//450 772//434
f 803//455 812//463 772//434
f 798//452 797//452 310//178
f 309//178 798//452 310//178
f 813//3 814//464 815//465
f 813//3 815//465 605//3
f 816//8 817//8 596//8
f 816//8 596//8 818//8
f 819//3 820//3 821//3
f 819//3 821//3 593//3
f 822//466 823//8 585//8
f 822//466 585//8 824//467
f 825//468 826//469 827//470
f 825//468 827//470 616//339
f 828//471 825//468 616//339
f 828//471 616//339 618//341
f 829//472 828//471 618//341
f 829//472 618//341 830//473
f 831//474 829//472 830//473
f 831//474 830//473 832//475
f 814//464 831//474 832//475
f 814//464 832//475 815//465
f 817//476 813//476 605//332
f 817//476 605//332 596//332
f 820//477 816//477 818//478
f 820//477 818//478 821//478
f 823//476 819//476 593//332
f 823//476 593//332 585//332
f 833//479 822//466 824//467
f 833//479 824//467 834//480
f 835//481 833//479 834//480
f 835//481 834//480 836//482
f 837//483 835//481 836//482
f 837//483 836//482 838//484
f 564//3 839//3 837//483
f 564//3 837//483 838//484
f 840//476 839//476 564//332
f 840//476 564//332 573//332
f 841//8 842//8 840//8
f 841//8 840//8 573//8
f 843//477 842//477 841//478
f 843//477 841//478 844//478
f 570//3 845//3 843//3
f 570//3 843//3 844//3
f 846//476 845//476 570//332
f 846//476 570//332 579//332
f 847//485 848//486 846//8
f 847//485 846//8 579//8
f 849//487 848//486 847//485
f 849//487 847//485 850//488
f 826//469 849//487 850//488
f 826//469 850//488 827//470
f 629//355 851//489 852//489
f 629//355 852//489 630//355
f 523//296 814//464 813//3
f 853//3 523//296 813//3
f 854//8 817//8 816//8
f 526//8 854//8 816//8
f 527//3 820//3 819//3
f 855//3 527//3 819//3
f 856//8 823//8 822//466
f 530//297 856//8 822//466
f 857//490 826//469 825//468
f 532//299 857//490 825//468
f 532//299 825//468 828//471
f 533//300 532//299 828//471
f 533//300 828//471 829//472
f 858//491 533//300 829//472
f 858//491 829//472 831//474
f 859//492 858//491 831//474
f 859//492 831//474 814//464
f 523//296 859//492 814//464
f 853//493 813//476 817//476
f 854//493 853//493 817//476
f 526//304 816//477 820//477
f 527//304 526//304 820//477
f 855//493 819//476 823//476
f 856//493 855//493 823//476
f 530//297 822//466 833//479
f 860//494 530//297 833//479
f 860//494 833//479 835//481
f 861//495 860//494 835//481
f 861//495 835//481 837//483
f 538//307 861//495 837//483
f 837//483 839//3 862//3
f 538//307 837//483 862//3
f 862//493 839//476 840//476
f 863//493 862//493 840//476
f 840//8 842//8 541//8
f 863//8 840//8 541//8
f 541//304 842//477 843//477
f 542//304 541//304 843//477
f 843//3 845//3 864//3
f 542//3 843//3 864//3
f 864//493 845//476 846//476
f 865//493 864//493 846//476
f 846//8 848//486 545//308
f 865//8 846//8 545//308
f 545//308 848//486 849//487
f 866//496 545//308 849//487
f 866//496 849//487 826//469
f 857//490 866//496 826//469
f 852//489 851//489 547//304
f 548//304 852//489 547//304
f 867//497 868//498 869//499
f 870//500 867//497 869//499
f 871//501 867//497 870//500
f 872//502 871//501 870//500
f 134//503 133//504 873//505
f 874//506 134//503 873//505
f 875//507 134//503 874//506
f 876//508 134//503 875//507
f 877//509 134//503 876//508
f 872//510 877//509 876//508
f 870//511 877//509 872//510
f 878//512 879//513 880//514
f 881//515 878//512 880//514
f 882//516 881//515 880//514
f 869//517 882//516 880//514
f 877//509 869//517 880//514
f 870//511 869//517 877//509
f 883//518 884//519 885//520
f 886//521 884//519 883//518
f 887//522 886//521 883//518
f 868//523 867//524 888//525
f 886//521 868//523 888//525
f 887//522 868//523 886//521
f 889//526 890//527 891//528
f 892//529 889//526 891//528
f 893//530 889//526 892//529
f 894//531 893//530 892//529
f 871//532 894//531 892//529
f 888//525 871//532 892//529
f 867//524 871//532 888//525
f 895//8 896//8 897//8
f 898//8 895//8 897//8
f 899//8 898//8 897//8
f 900//8 899//8 897//8
f 901//533 902//534 888//525
f 892//529 901//533 888//525
f 902//534 903//535 886//521
f 888//525 902//534 886//521
f 892//536 891//537 900//537
f 897//536 892//536 900//537
f 904//538 905//538 906//539
f 907//539 904//538 906//539
f 896//26 901//26 892//536
f 897//536 896//26 892//536
f 877//509 880//514 908//540
f 909//541 877//509 908//540
f 910//542 134//503 877//509
f 909//541 910//542 877//509
f 904//538 911//136 912//136
f 905//538 904//538 912//136
f 889//543 874//544 873//545
f 890//545 889//543 873//545
f 893//546 875//547 874//544
f 889//543 893//546 874//544
f 894//548 876//549 875//547
f 893//546 894//548 875//547
f 871//501 872//502 876//549
f 894//548 871//501 876//549
f 887//550 882//551 869//499
f 868//498 887//550 869//499
f 883//552 881//553 882//551
f 887//550 883//552 882//551
f 885//554 878//554 881//553
f 883//552 885//554 881//553
f 913//555 914//556 915//557
f 913//555 915//557 916//558
f 916//558 915//557 917//559
f 916//558 917//559 918//560
f 919//561 733//562 757//563
f 919//561 757//563 920//564
f 920//564 757//563 921//565
f 921//565 757//563 922//566
f 922//566 757//563 923//567
f 922//566 923//567 918//568
f 918//568 923//567 916//569
f 924//570 925//571 926//572
f 924//570 926//572 927//573
f 924//570 927//573 928//574
f 924//570 928//574 913//575
f 924//570 913//575 923//567
f 923//567 913//575 916//569
f 929//576 930//577 931//578
f 931//578 930//577 932//579
f 931//578 932//579 933//580
f 934//581 915//582 914//583
f 934//581 914//583 932//579
f 932//579 914//583 933//580
f 935//584 936//585 937//586
f 935//584 937//586 938//587
f 938//587 937//586 939//588
f 938//587 939//588 940//589
f 938//587 940//589 917//590
f 938//587 917//590 934//581
f 934//581 917//590 915//582
f 941//8 896//8 895//8
f 941//8 895//8 942//8
f 941//8 942//8 943//8
f 941//8 943//8 944//8
f 934//581 902//534 901//533
f 934//581 901//533 938//587
f 932//579 903//535 902//534
f 932//579 902//534 934//581
f 944//591 935//591 938//592
f 944//591 938//592 941//592
f 945//593 946//594 947//594
f 945//593 947//594 948//593
f 938//592 901//26 896//26
f 938//592 896//26 941//592
f 908//540 924//570 923//567
f 908//540 923//567 909//541
f 923//567 757//563 910//542
f 923//567 910//542 909//541
f 912//136 911//136 947//594
f 912//136 947//594 946//594
f 919//595 920//596 937//597
f 919//595 937//597 936//595
f 920//596 921//598 939//599
f 920//596 939//599 937//597
f 921//598 922//600 940//601
f 921//598 940//601 939//599
f 922//600 918//560 917//559
f 922//600 917//559 940//601
f 913//555 928//602 933//603
f 913//555 933//603 914//556
f 928//602 927//604 931//605
f 928//602 931//605 933//603
f 927//604 926//606 929//606
f 927//604 929//606 931//605
f 949//607 950//608 951//609
f 949//607 951//609 952//610
f 952//610 951//609 953//611
f 952//610 953//611 954//612
f 955//613 308//614 310//615
f 955//613 310//615 956//616
f 956//616 310//615 957//617
f 957//617 310//615 958//618
f 958//618 310//615 959//619
f 958//618 959//619 954//620
f 954//620 959//619 952//621
f 960//622 961//623 962//624
f 960//622 962//624 963//625
f 960//622 963//625 964//626
f 960//622 964//626 949//627
f 960//622 949//627 959//619
f 959//619 949//627 952//621
f 965//628 966//629 967//630
f 967//630 966//629 968//631
f 967//630 968//631 969//632
f 970//633 951//634 950//635
f 970//633 950//635 968//631
f 968//631 950//635 969//632
f 971//636 972//637 973//638
f 971//636 973//638 974//639
f 974//639 973//638 975//640
f 974//639 975//640 976//641
f 974//639 976//641 953//642
f 974//639 953//642 970//633
f 970//633 953//642 951//634
f 977//8 978//8 979//8
f 977//8 979//8 980//8
f 977//8 980//8 981//8
f 977//8 981//8 982//8
f 970//633 983//643 984//644
f 970//633 984//644 974//639
f 968//631 985//645 983//643
f 968//631 983//643 970//633
f 982//2 971//2 974//646
f 982//2 974//646 977//646
f 986//1 987//647 988//647
f 986//1 988//647 989//1
f 974//646 984//648 978//648
f 974//646 978//648 977//646
f 990//649 960//622 959//619
f 990//649 959//619 991//650
f 959//619 310//615 797//651
f 959//619 797//651 991//650
f 992//652 993//652 988//647
f 992//652 988//647 987//647
f 955//2 956//653 973//654
f 955//2 973//654 972//2
f 956//653 957//655 975//656
f 956//653 975//656 973//654
f 957//655 958//657 976//658
f 957//655 976//658 975//656
f 958//657 954//612 953//611
f 958//657 953//611 976//658
f 949//607 964//659 969//660
f 949//607 969//660 950//608
f 964//659 963//661 967//662
f 964//659 967//662 969//660
f 963//661 962//1 965//1
f 963//661 965//1 967//662
f 994//663 995//664 996//665
f 997//666 994//663 996//665
f 998//667 994//663 997//666
f 999//668 998//667 997//666
f 629//669 632//670 1000//671
f 1001//672 629//669 1000//671
f 1002//673 629//669 1001//672
f 1003//674 629//669 1002//673
f 1004//675 629//669 1003//674
f 999//676 1004//675 1003//674
f 997//677 1004//675 999//676
f 1005//678 1006//679 1007//680
f 1008//681 1005//678 1007//680
f 1009//682 1008//681 1007//680
f 996//683 1009//682 1007//680
f 1004//675 996//683 1007//680
f 997//677 996//683 1004//675
f 1010//684 1011//685 1012//686
f 1013//687 1011//685 1010//684
f 1014//688 1013//687 1010//684
f 995//689 994//690 1015//691
f 1013//687 995//689 1015//691
f 1014//688 995//689 1013//687
f 1016//692 1017//693 1018//694
f 1019//695 1016//692 1018//694
f 1020//696 1016//692 1019//695
f 1021//697 1020//696 1019//695
f 998//698 1021//697 1019//695
f 1015//691 998//698 1019//695
f 994//690 998//698 1015//691
f 1022//8 1023//8 1024//8
f 1025//8 1022//8 1024//8
f 1026//8 1025//8 1024//8
f 1027//8 1026//8 1024//8
f 1028//699 1029//700 1015//691
f 1019//695 1028//699 1015//691
f 1029//700 1030//701 1013//687
f 1015//691 1029//700 1013//687
f 1019//702 1018//1 1027//1
f 1024//702 1019//702 1027//1
f 1031//703 1032//703 1033//2
f 1034//2 1031//703 1033//2
f 1023//704 1028//704 1019//702
f 1024//702 1023//704 1019//702
f 1004//675 1007//680 1035//705
f 1036//706 1004//675 1035//705
f 851//707 629//669 1004//675
f 1036//706 851//707 1004//675
f 1031//703 1037//708 1038//708
f 1032//703 1031//703 1038//708
f 1016//709 1001//710 1000//1
f 1017//1 1016//709 1000//1
f 1020//711 1002//712 1001//710
f 1016//709 1020//711 1001//710
f 1021//713 1003//714 1002//712
f 1020//711 1021//713 1002//712
f 998//667 999//668 1003//714
f 1021//713 998//667 1003//714
f 1014//715 1009//716 996//665
f 995//664 1014//715 996//665
f 1010//717 1008//718 1009//716
f 1014//715 1010//717 1009//716
f 1012//2 1005//2 1008//718
f 1010//717 1012//2 1008//718
f 1039//719 1040//720 1041//721
f 1039//719 1041//721 1042//722
f 1042//722 1041//721 1043//723
f 1042//722 1043//723 1044//724
f 1045//725 519//726 547//727
f 1045//725 547//727 1046//728
f 1046//728 547//727 1047//729
f 1047//729 547//727 1048//730
f 1048//730 547//727 1049//731
f 1048//730 1049//731 1044//732
f 1044//732 1049//731 1042//733
f 1050//734 1051//735 1052//736
f 1050//734 1052//736 1053//737
f 1050//734 1053//737 1054//738
f 1050//734 1054//738 1039//739
f 1050//734 1039//739 1049//731
f 1049//731 1039//739 1042//733
f 1055//740 1056//741 1057//742
f 1057//742 1056//741 1058//743
f 1057//742 1058//743 1059//744
f 1060//745 1041//746 1040//747
f 1060//745 1040//747 1058//743
f 1058//743 1040//747 1059//744
f 1061//748 1062//749 1063//750
f 1061//748 1063//750 1064//751
f 1064//751 1063//750 1065//752
f 1064//751 1065//752 1066//753
f 1064//751 1066//753 1043//754
f 1064//751 1043//754 1060//745
f 1060//745 1043//754 1041//746
f 1067//8 1023//8 1022//8
f 1067//8 1022//8 1068//8
f 1067//8 1068//8 1069//8
f 1067//8 1069//8 1070//8
f 1060//745 1029//700 1028//699
f 1060//745 1028//699 1064//751
f 1058//743 1030//701 1029//700
f 1058//743 1029//700 1060//745
f 1070//755 1061//755 1064//304
f 1070//755 1064//304 1067//304
f 1071//756 1072//757 1073//757
f 1071//756 1073//757 1074//756
f 1064//304 1028//704 1023//704
f 1064//304 1023//704 1067//304
f 1035//705 1050//734 1049//731
f 1035//705 1049//731 1036//706
f 1049//731 547//727 851//707
f 1049//731 851//707 1036//706
f 1038//708 1037//708 1073//757
f 1038//708 1073//757 1072//757
f 1045//758 1046//759 1063//760
f 1045//758 1063//760 1062//758
f 1046//759 1047//761 1065//762
f 1046//759 1065//762 1063//760
f 1047//761 1048//763 1066//764
f 1047//761 1066//764 1065//762
f 1048//763 1044//724 1043//723
f 1048//763 1043//723 1066//764
f 1039//719 1054//765 1059//766
f 1039//719 1059//766 1040//720
f 1054//765 1053//767 1057//768
f 1054//765 1057//768 1059//766
f 1053//767 1052//769 1055//769
f 1053//767 1055//769 1057//768
f 1075//770 1076//771 1077//772
f 1078//773 1075//770 1077//772
f 1079//774 1075//770 1078//773
f 1080//775 1079//774 1078//773
f 360//776 359//777 1081//778
f 1082//779 360//776 1081//778
f 1083//780 360//776 1082//779
f 1084//781 360//776 1083//780
f 1085//782 360//776 1084//781
f 1080//783 1085//782 1084//781
f 1078//784 1085//782 1080//783
f 1086//785 1087//786 1088//787
f 1089//788 1086//785 1088//787
f 1090//789 1089//788 1088//787
f 1077//790 1090//789 1088//787
f 1085//782 1077//790 1088//787
f 1078//784 1077//790 1085//782
f 1091//791 1092//792 1093//793
f 1094//794 1092//792 1091//791
f 1095//795 1094//794 1091//791
f 1076//796 1075//797 1096//798
f 1094//794 1076//796 1096//798
f 1095//795 1076//796 1094//794
f 1097//799 1098//800 1099//801
f 1100//802 1097//799 1099//801
f 1101//803 1097//799 1100//802
f 1102//804 1101//803 1100//802
f 1079//805 1102//804 1100//802
f 1096//798 1079//805 1100//802
f 1075//797 1079//805 1096//798
f 979//8 978//8 1103//8
f 1104//8 979//8 1103//8
f 1105//8 1104//8 1103//8
f 1106//8 1105//8 1103//8
f 984//644 983//643 1096//798
f 1100//802 984//644 1096//798
f 983//643 985//645 1094//794
f 1096//798 983//643 1094//794
f 1100//806 1099//807 1106//807
f 1103//806 1100//806 1106//807
f 1107//808 1108//808 1109//809
f 1110//809 1107//808 1109//809
f 978//648 984//648 1100//806
f 1103//806 978//648 1100//806
f 1085//782 1088//787 990//649
f 991//650 1085//782 990//649
f 797//651 360//776 1085//782
f 991//650 797//651 1085//782
f 1107//808 993//652 992//652
f 1108//808 1107//808 992//652
f 1097//810 1082//811 1081//812
f 1098//812 1097//810 1081//812
f 1101//813 1083//814 1082//811
f 1097//810 1101//813 1082//811
f 1102//815 1084//816 1083//814
f 1101//813 1102//815 1083//814
f 1079//774 1080//775 1084//816
f 1102//815 1079//774 1084//816
f 1095//817 1090//818 1077//772
f 1076//771 1095//817 1077//772
f 1091//819 1089//820 1090//818
f 1095//817 1091//819 1090//818
f 1093//821 1086//821 1089//820
f 1091//819 1093//821 1089//820
f 1111//822 1112//823 1113//824
f 1114//825 1111//822 1113//824
f 1115//826 1111//822 1114//825
f 1116//827 1115//826 1114//825
f 235//828 308//614 955//613
f 1117//829 235//828 955//613
f 1118//830 235//828 1117//829
f 1119//831 235//828 1118//830
f 1120//832 235//828 1119//831
f 1116//833 1120//832 1119//831
f 1114//834 1120//832 1116//833
f 962//624 961//623 1121//835
f 1122//836 962//624 1121//835
f 1123//837 1122//836 1121//835
f 1113//838 1123//837 1121//835
f 1120//832 1113//838 1121//835
f 1114//834 1113//838 1120//832
f 1124//839 966//629 965//628
f 1125//840 966//629 1124//839
f 1126//841 1125//840 1124//839
f 1112//842 1111//843 1127//844
f 1125//840 1112//842 1127//844
f 1126//841 1112//842 1125//840
f 1128//845 972//637 971//636
f 1129//846 1128//845 971//636
f 1130//847 1128//845 1129//846
f 1131//848 1130//847 1129//846
f 1115//849 1131//848 1129//846
f 1127//844 1115//849 1129//846
f 1111//843 1115//849 1127//844
f 1132//8 1133//8 1134//8
f 1135//8 1132//8 1134//8
f 981//8 1135//8 1134//8
f 982//8 981//8 1134//8
f 1136//850 1137//851 1127//844
f 1129//846 1136//850 1127//844
f 1137//851 1138//852 1125//840
f 1127//844 1137//851 1125//840
f 1129//853 971//2 982//2
f 1134//853 1129//853 982//2
f 1139//854 1140//854 986//1
f 989//1 1139//854 986//1
f 1133//855 1136//855 1129//853
f 1134//853 1133//855 1129//853
f 1120//832 1121//835 1141//856
f 1142//857 1120//832 1141//856
f 201//858 235//828 1120//832
f 1142//857 201//858 1120//832
f 1139//854 1143//859 1144//859
f 1140//854 1139//854 1144//859
f 1128//860 1117//861 955//2
f 972//2 1128//860 955//2
f 1130//862 1118//863 1117//861
f 1128//860 1130//862 1117//861
f 1131//864 1119//865 1118//863
f 1130//862 1131//864 1118//863
f 1115//826 1116//827 1119//865
f 1131//864 1115//826 1119//865
f 1126//866 1123//867 1113//824
f 1112//823 1126//866 1113//824
f 1124//868 1122//869 1123//867
f 1126//866 1124//868 1123//867
f 965//1 962//1 1122//869
f 1124//868 965//1 1122//869
f 1145//870 1146//871 1147//872
f 1145//870 1147//872 1148//873
f 1148//873 1147//872 1149//874
f 1148//873 1149//874 1150//875
f 873//505 133//504 161//876
f 873//505 161//876 1151//877
f 1151//877 161//876 1152//878
f 1152//878 161//876 1153//879
f 1153//879 161//876 1154//880
f 1153//879 1154//880 1150//881
f 1150//881 1154//880 1148//882
f 1155//883 879//513 1156//884
f 1155//883 1156//884 1157//885
f 1155//883 1157//885 1158//886
f 1155//883 1158//886 1145//887
f 1155//883 1145//887 1154//880
f 1154//880 1145//887 1148//882
f 1159//888 884//519 1160//889
f 1160//889 884//519 1161//890
f 1160//889 1161//890 1162//891
f 1163//892 1147//893 1146//894
f 1163//892 1146//894 1161//890
f 1161//890 1146//894 1162//891
f 891//528 890//527 1164//895
f 891//528 1164//895 1165//896
f 1165//896 1164//895 1166//897
f 1165//896 1166//897 1167//898
f 1165//896 1167//898 1149//899
f 1165//896 1149//899 1163//892
f 1163//892 1149//899 1147//893
f 1168//8 1133//8 1132//8
f 1168//8 1132//8 1169//8
f 1168//8 1169//8 899//8
f 1168//8 899//8 900//8
f 1163//892 1137//851 1136//850
f 1163//892 1136//850 1165//896
f 1161//890 1138//852 1137//851
f 1161//890 1137//851 1163//892
f 900//537 891//537 1165//757
f 900//537 1165//757 1168//757
f 906//539 1170//304 1171//304
f 906//539 1171//304 907//539
f 1165//757 1136//855 1133//855
f 1165//757 1133//855 1168//757
f 1141//856 1155//883 1154//880
f 1141//856 1154//880 1142//857
f 1154//880 161//876 201//858
f 1154//880 201//858 1142//857
f 1144//859 1143//859 1171//304
f 1144//859 1171//304 1170//304
f 873//545 1151//900 1164//901
f 873//545 1164//901 890//545
f 1151//900 1152//902 1166//903
f 1151//900 1166//903 1164//901
f 1152//902 1153//904 1167//905
f 1152//902 1167//905 1166//903
f 1153//904 1150//875 1149//874
f 1153//904 1149//874 1167//905
f 1145//870 1158//906 1162//907
f 1145//870 1162//907 1146//871
f 1158//906 1157//908 1160//909
f 1158//906 1160//909 1162//907
f 1157//908 1156//910 1159//910
f 1157//908 1159//910 1160//909
f 1172//911 1173//912 1174//913
f 1172//911 1174//913 1175//914
f 1175//914 1174//913 1176//915
f 1175//914 1176//915 1177//916
f 1081//778 359//777 395//917
f 1081//778 395//917 1178//918
f 1178//918 395//917 1179//919
f 1179//919 395//917 1180//920
f 1180//920 395//917 1181//921
f 1180//920 1181//921 1177//922
f 1177//922 1181//921 1175//923
f 1182//924 1087//786 1183//925
f 1182//924 1183//925 1184//926
f 1182//924 1184//926 1185//927
f 1182//924 1185//927 1172//928
f 1182//924 1172//928 1181//921
f 1181//921 1172//928 1175//923
f 1186//929 1092//792 1187//930
f 1187//930 1092//792 1188//931
f 1187//930 1188//931 1189//932
f 1190//933 1174//934 1173//935
f 1190//933 1173//935 1188//931
f 1188//931 1173//935 1189//932
f 1099//801 1098//800 1191//936
f 1099//801 1191//936 1192//937
f 1192//937 1191//936 1193//938
f 1192//937 1193//938 1194//939
f 1192//937 1194//939 1176//940
f 1192//937 1176//940 1190//933
f 1190//933 1176//940 1174//934
f 1195//8 1196//8 1197//8
f 1195//8 1197//8 1198//8
f 1195//8 1198//8 1105//8
f 1195//8 1105//8 1106//8
f 1190//933 1199//941 1200//942
f 1190//933 1200//942 1192//937
f 1188//931 1201//943 1199//941
f 1188//931 1199//941 1190//933
f 1106//807 1099//807 1192//944
f 1106//807 1192//944 1195//944
f 1109//809 1202//945 1203//945
f 1109//809 1203//945 1110//809
f 1192//944 1200//136 1196//136
f 1192//944 1196//136 1195//944
f 1204//946 1182//924 1181//921
f 1204//946 1181//921 1205//947
f 1181//921 395//917 1206//948
f 1181//921 1206//948 1205//947
f 1207//26 1208//26 1203//945
f 1207//26 1203//945 1202//945
f 1081//812 1178//949 1191//950
f 1081//812 1191//950 1098//812
f 1178//949 1179//951 1193//952
f 1178//949 1193//952 1191//950
f 1179//951 1180//953 1194//954
f 1179//951 1194//954 1193//952
f 1180//953 1177//916 1176//915
f 1180//953 1176//915 1194//954
f 1172//911 1185//955 1189//956
f 1172//911 1189//956 1173//912
f 1185//955 1184//957 1187//958
f 1185//955 1187//958 1189//956
f 1184//957 1183//959 1186//959
f 1184//957 1186//959 1187//958
f 1209//960 1210//961 1211//962
f 1212//963 1209//960 1211//962
f 1213//964 1209//960 1212//963
f 1214//965 1213//964 1212//963
f 693//966 733//562 919//561
f 1215//967 693//966 919//561
f 1216//968 693//966 1215//967
f 1217//969 693//966 1216//968
f 1218//970 693//966 1217//969
f 1214//971 1218//970 1217//969
f 1212//972 1218//970 1214//971
f 1219//973 925//571 1220//974
f 1221//975 1219//973 1220//974
f 1222//976 1221//975 1220//974
f 1211//977 1222//976 1220//974
f 1218//970 1211//977 1220//974
f 1212//972 1211//977 1218//970
f 1223//978 930//577 1224//979
f 1225//980 930//577 1223//978
f 1226//981 1225//980 1223//978
f 1210//982 1209//983 1227//984
f 1225//980 1210//982 1227//984
f 1226//981 1210//982 1225//980
f 1228//985 936//585 935//584
f 1229//986 1228//985 935//584
f 1230//987 1228//985 1229//986
f 1231//988 1230//987 1229//986
f 1213//989 1231//988 1229//986
f 1227//984 1213//989 1229//986
f 1209//983 1213//989 1227//984
f 1232//8 1233//8 1234//8
f 1235//8 1232//8 1234//8
f 943//8 1235//8 1234//8
f 944//8 943//8 1234//8
f 1236//990 1237//991 1227//984
f 1229//986 1236//990 1227//984
f 1237//991 1238//992 1225//980
f 1227//984 1237//991 1225//980
f 1229//808 935//591 944//591
f 1234//808 1229//808 944//591
f 1239//806 1240//806 945//593
f 948//593 1239//806 945//593
f 1233//993 1236//993 1229//808
f 1234//808 1233//993 1229//808
f 1218//970 1220//974 1241//994
f 1242//995 1218//970 1241//994
f 667//996 693//966 1218//970
f 1242//995 667//996 1218//970
f 1239//806 1243//997 1244//997
f 1240//806 1239//806 1244//997
f 1228//998 1215//999 919//595
f 936//595 1228//998 919//595
f 1230//1000 1216//1001 1215//999
f 1228//998 1230//1000 1215//999
f 1231//1002 1217//1003 1216//1001
f 1230//1000 1231//1002 1216//1001
f 1213//964 1214//965 1217//1003
f 1231//1002 1213//964 1217//1003
f 1226//1004 1222//1005 1211//962
f 1210//961 1226//1004 1211//962
f 1223//1006 1221//1007 1222//1005
f 1226//1004 1223//1006 1222//1005
f 1224//1008 1219//1008 1221//1007
f 1223//1006 1224//1008 1221//1007
f 1245//1009 1246//1010 1247//1011
f 1245//1009 1247//1011 1248//1012
f 1248//1012 1247//1011 1249//1013
f 1248//1012 1249//1013 1250//1014
f 1000//671 632//670 634//1015
f 1000//671 634//1015 1251//1016
f 1251//1016 634//1015 1252//1017
f 1252//1017 634//1015 1253//1018
f 1253//1018 634//1015 1254//1019
f 1253//1018 1254//1019 1250//1020
f 1250//1020 1254//1019 1248//1021
f 1255//1022 1006//679 1005//678
f 1255//1022 1005//678 1256//1023
f 1255//1022 1256//1023 1257//1024
f 1255//1022 1257//1024 1245//1025
f 1255//1022 1245//1025 1254//1019
f 1254//1019 1245//1025 1248//1021
f 1012//686 1011//685 1258//1026
f 1258//1026 1011//685 1259//1027
f 1258//1026 1259//1027 1260//1028
f 1261//1029 1247//1030 1246//1031
f 1261//1029 1246//1031 1259//1027
f 1259//1027 1246//1031 1260//1028
f 1018//694 1017//693 1262//1032
f 1018//694 1262//1032 1263//1033
f 1263//1033 1262//1032 1264//1034
f 1263//1033 1264//1034 1265//1035
f 1263//1033 1265//1035 1249//1036
f 1263//1033 1249//1036 1261//1029
f 1261//1029 1249//1036 1247//1030
f 1266//8 1233//8 1232//8
f 1266//8 1232//8 1267//8
f 1266//8 1267//8 1026//8
f 1266//8 1026//8 1027//8
f 1261//1029 1237//991 1236//990
f 1261//1029 1236//990 1263//1033
f 1259//1027 1238//992 1237//991
f 1259//1027 1237//991 1261//1029
f 1027//1 1018//1 1263//1037
f 1027//1 1263//1037 1266//1037
f 1033//2 1268//1038 1269//1038
f 1033//2 1269//1038 1034//2
f 1263//1037 1236//993 1233//993
f 1263//1037 1233//993 1266//1037
f 1241//994 1255//1022 1254//1019
f 1241//994 1254//1019 1242//995
f 1254//1019 634//1015 667//996
f 1254//1019 667//996 1242//995
f 1244//997 1243//997 1269//1038
f 1244//997 1269//1038 1268//1038
f 1000//1 1251//1039 1262//1040
f 1000//1 1262//1040 1017//1
f 1251//1039 1252//1041 1264//1042
f 1251//1039 1264//1042 1262//1040
f 1252//1041 1253//1043 1265//1044
f 1252//1041 1265//1044 1264//1042
f 1253//1043 1250//1014 1249//1013
f 1253//1043 1249//1013 1265//1044
f 1245//1009 1257//1045 1260//1046
f 1245//1009 1260//1046 1246//1010
f 1257//1045 1256//1047 1258//1048
f 1257//1045 1258//1048 1260//1046
f 1256//1047 1005//2 1012//2
f 1256//1047 1012//2 1258//1048
f 1270//1049 1271//1050 1272//1051
f 1273//1052 1270//1049 1272//1051
f 1274//1053 1270//1049 1273//1052
f 1275//1054 1274//1053 1273//1052
f 520//1055 519//726 1045//725
f 1276//1056 520//1055 1045//725
f 1277//1057 520//1055 1276//1056
f 1278//1058 520//1055 1277//1057
f 1279//1059 520//1055 1278//1058
f 1275//1060 1279//1059 1278//1058
f 1273//1061 1279//1059 1275//1060
f 1280//1062 1051//735 1281//1063
f 1282//1064 1280//1062 1281//1063
f 1283//1065 1282//1064 1281//1063
f 1272//1066 1283//1065 1281//1063
f 1279//1059 1272//1066 1281//1063
f 1273//1061 1272//1066 1279//1059
f 1284//1067 1056//741 1285//1068
f 1286//1069 1056//741 1284//1067
f 1287//1070 1286//1069 1284//1067
f 1271//1071 1270//1072 1288//1073
f 1286//1069 1271//1071 1288//1073
f 1287//1070 1271//1071 1286//1069
f 1289//1074 1062//749 1061//748
f 1290//1075 1289//1074 1061//748
f 1291//1076 1289//1074 1290//1075
f 1292//1077 1291//1076 1290//1075
f 1274//1078 1292//1077 1290//1075
f 1288//1073 1274//1078 1290//1075
f 1270//1072 1274//1078 1288//1073
f 1197//8 1196//8 1293//8
f 1294//8 1197//8 1293//8
f 1069//8 1294//8 1293//8
f 1070//8 1069//8 1293//8
f 1200//942 1199//941 1288//1073
f 1290//1075 1200//942 1288//1073
f 1199//941 1201//943 1286//1069
f 1288//1073 1199//941 1286//1069
f 1290//1079 1061//755 1070//755
f 1293//1079 1290//1079 1070//755
f 1295//1080 1296//1080 1071//756
f 1074//756 1295//1080 1071//756
f 1196//136 1200//136 1290//1079
f 1293//1079 1196//136 1290//1079
f 1279//1059 1281//1063 1204//946
f 1205//947 1279//1059 1204//946
f 1206//948 520//1055 1279//1059
f 1205//947 1206//948 1279//1059
f 1295//1080 1208//26 1207//26
f 1296//1080 1295//1080 1207//26
f 1289//1081 1276//1082 1045//758
f 1062//758 1289//1081 1045//758
f 1291//1083 1277//1084 1276//1082
f 1289//1081 1291//1083 1276//1082
f 1292//1085 1278//1086 1277//1084
f 1291//1083 1292//1085 1277//1084
f 1274//1053 1275//1054 1278//1086
f 1292//1085 1274//1053 1278//1086
f 1287//1087 1283//1088 1272//1051
f 1271//1050 1287//1087 1272//1051
f 1284//1089 1282//1090 1283//1088
f 1287//1087 1284//1089 1283//1088
f 1285//1091 1280//1091 1282//1090
f 1284//1089 1285//1091 1282//1090
f 1297//1092 1298//1092 1299//1092
f 1297//1092 1299//1092 1300//1092
f 1301//1093 1302//1093 1298//1093
f 1301//1093 1298//1093 1297//1093
f 1303//1094 1304//1094 1305//1095
f 1303//1094 1305//1095 1306//1096
f 1306//1096 1305//1095 1302//1097
f 1306//1096 1302//1097 1301//1097
f 1300//1098 1299//1098 1307//1099
f 1300//1098 1307//1099 1308//1100
f 1308//1100 1307//1099 1309//1101
f 1308//1100 1309//1101 1310//1102
f 1300//8 1311//8 1301//8
f 1300//8 1301//8 1297//8
f 1298//3 1302//3 1312//3
f 1298//3 1312//3 1299//3
f 1313//1103 1314//1103 1315//1103
f 1313//1103 1315//1103 1316//1103
f 1317//1104 1318//1104 1314//1104
f 1317//1104 1314//1104 1313//1104
f 1319//1105 1320//1105 1321//1106
f 1319//1105 1321//1106 1322//1107
f 1322//1107 1321//1106 1318//1108
f 1322//1107 1318//1108 1317//1108
f 1316//1109 1315//1109 1323//1110
f 1316//1109 1323//1110 1324//1111
f 1324//1111 1323//1110 1325//1112
f 1324//1111 1325//1112 1326//1113
f 1316//8 1327//8 1317//8
f 1316//8 1317//8 1313//8
f 1314//3 1318//3 1328//3
f 1314//3 1328//3 1315//3
f 1310//1102 1309//1101 1329//1114
f 1310//1102 1329//1114 1330//1114
f 1330//1 1329//1 1331//1115
f 1330//1 1331//1115 1332//1116
f 1332//1116 1331//1115 1333//1117
f 1332//1116 1333//1117 1334//1117
f 1334//1118 1333//1118 1335//1119
f 1334//1118 1335//1119 1336//1120
f 1336//1120 1335//1119 1337//26
f 1336//1120 1337//26 1338//26
f 1337//1121 1320//1105 1319//1105
f 1337//1121 1319//1105 1338//1121
f 1339//8 1330//8 1332//8
f 1339//8 1332//8 1340//8
f 1336//8 1340//8 1332//8
f 1336//8 1332//8 1334//8
f 1338//8 1341//8 1340//8
f 1338//8 1340//8 1336//8
f 1329//3 1342//3 1343//3
f 1329//3 1343//3 1331//3
f 1331//3 1343//3 1335//3
f 1331//3 1335//3 1333//3
f 1344//3 1337//3 1335//3
f 1344//3 1335//3 1343//3
f 1326//1113 1325//1112 1345//1122
f 1326//1113 1345//1122 1346//1122
f 1347//1123 1346//2 1345//2
f 1347//1123 1345//2 1348//1123
f 1347//1123 1348//1123 1349//1124
f 1347//1123 1349//1124 1350//1124
f 1350//1125 1349//1125 1351//1126
f 1350//1125 1351//1126 1352//1127
f 1352//1127 1351//1126 1353//136
f 1352//1127 1353//136 1354//136
f 1353//1128 1304//1094 1303//1094
f 1353//1128 1303//1094 1354//1128
f 1355//8 1346//8 1347//8
f 1355//8 1347//8 1356//8
f 1352//8 1356//8 1347//8
f 1352//8 1347//8 1350//8
f 1354//8 1357//8 1356//8
f 1354//8 1356//8 1352//8
f 1345//3 1358//3 1359//3
f 1345//3 1359//3 1348//3
f 1348//3 1359//3 1351//3
f 1348//3 1351//3 1349//3
f 1360//3 1353//3 1351//3
f 1360//3 1351//3 1359//3
f 1361//1129 1362//1130 1363//1131
f 1361//1129 1363//1131 1364//1132
f 1365//1133 1361//1129 1364//1132
f 1365//1133 1364//1132 1366//1134
f 1367//1135 1365//1133 1366//1134
f 1367//1135 1366//1134 1368//1136
f 1369//1137 1367//1135 1368//1136
f 1369//1137 1368//1136 1370//1138
f 1371//1139 1369//1137 1370//1138
f 1371//1139 1370//1138 1372//1140
f 1373//1141 1371//1139 1372//1140
f 1373//1141 1372//1140 1374//1142
f 1375//1143 1373//1141 1374//1142
f 1375//1143 1374//1142 1376//1144
f 1377//1145 1375//1143 1376//1144
f 1377//1145 1376//1144 1378//1146
f 1379//1147 1377//1145 1378//1146
f 1379//1147 1378//1146 1380//1148
f 1381//1149 1379//1147 1380//1148
f 1381//1149 1380//1148 1382//1150
f 1383//1151 1381//1149 1382//1150
f 1383//1151 1382//1150 1384//1152
f 1385//1153 1383//1151 1384//1152
f 1385//1153 1384//1152 1386//1154
f 1387//1155 1385//1153 1386//1154
f 1387//1155 1386//1154 1388//1156
f 1389//1157 1387//1155 1388//1156
f 1389//1157 1388//1156 1390//1158
f 1391//1159 1389//1157 1390//1158
f 1391//1159 1390//1158 1392//1160
f 1393//1161 1391//1159 1392//1160
f 1393//1161 1392//1160 1394//1162
f 1395//1163 1393//1161 1394//1162
f 1395//1163 1394//1162 1396//1164
f 1397//1165 1395//1163 1396//1164
f 1397//1165 1396//1164 1398//1166
f 1399//1167 1397//1165 1398//1166
f 1399//1167 1398//1166 1400//1168
f 1401//1169 1399//1167 1400//1168
f 1401//1169 1400//1168 1402//1170
f 1403//1171 1401//1169 1402//1170
f 1403//1171 1402//1170 1404//1172
f 1405//1173 1403//1171 1404//1172
f 1405//1173 1404//1172 1406//1174
f 1407//1175 1405//1173 1406//1174
f 1407//1175 1406//1174 1408//1176
f 1362//1130 1407//1175 1408//1176
f 1362//1130 1408//1176 1363//1131
f 1409//3 1410//3 1411//3
f 1409//3 1411//3 1412//3
f 1413//3 1414//3 1410//3
f 1413//3 1410//3 1409//3
f 1415//3 1416//3 1414//3
f 1415//3 1414//3 1413//3
f 1417//3 1416//3 1415//3
f 1418//3 1419//3 1420//3
f 1418//3 1421//3 1419//3
f 1422//3 1423//3 1421//3
f 1422//3 1424//3 1423//3
f 1425//3 1426//3 1424//3
f 1425//3 1427//3 1426//3
f 1428//3 1429//3 1427//3
f 1428//3 1420//3 1429//3
f 1430//1177 1431//1178 1420//1179
f 1430//1177 1420//1179 1419//1180
f 1432//1181 1430//1177 1419//1180
f 1432//1181 1419//1180 1421//1182
f 1433//1183 1432//1181 1421//1182
f 1433//1183 1421//1182 1423//1184
f 1434//1185 1433//1183 1423//1184
f 1434//1185 1423//1184 1424//1186
f 1435//1187 1434//1185 1424//1186
f 1435//1187 1424//1186 1426//1188
f 1436//1189 1435//1187 1426//1188
f 1436//1189 1426//1188 1427//1190
f 1437//1191 1436//1189 1427//1190
f 1437//1191 1427//1190 1429//1192
f 1431//1178 1437//1191 1429//1192
f 1431//1178 1429//1192 1420//1179
f 1438//3 1431//3 1430//3
f 1438//3 1430//3 1432//3
f 1438//3 1432//3 1433//3
f 1438//3 1433//3 1434//3
f 1438//3 1434//3 1435//3
f 1438//3 1435//3 1436//3
f 1438//3 1436//3 1437//3
f 1438//3 1437//3 1431//3
f 1439//3 1440//3 1441//3
f 1439//3 1442//3 1440//3
f 1443//3 1444//3 1442//3
f 1443//3 1445//3 1444//3
f 1446//3 1447//3 1445//3
f 1446//3 1448//3 1447//3
f 1449//3 1450//3 1448//3
f 1449//3 1441//3 1450//3
f 1451//1193 1452//1194 1441//1195
f 1451//1193 1441//1195 1440//1196
f 1453//1197 1451//1193 1440//1196
f 1453//1197 1440//1196 1442//1198
f 1454//1199 1453//1197 1442//1198
f 1454//1199 1442//1198 1444//1200
f 1455//1201 1454//1199 1444//1200
f 1455//1201 1444//1200 1445//1202
f 1456//1203 1455//1201 1445//1202
f 1456//1203 1445//1202 1447//1204
f 1457//1205 1456//1203 1447//1204
f 1457//1205 1447//1204 1448//1206
f 1458//1207 1457//1205 1448//1206
f 1458//1207 1448//1206 1450//1208
f 1452//1194 1458//1207 1450//1208
f 1452//1194 1450//1208 1441//1195
f 1459//3 1452//3 1451//3
f 1459//3 1451//3 1453//3
f 1459//3 1453//3 1454//3
f 1459//3 1454//3 1455//3
f 1459//3 1455//3 1456//3
f 1459//3 1456//3 1457//3
f 1459//3 1457//3 1458//3
f 1459//3 1458//3 1452//3
f 1460//3 1461//3 1462//3
f 1460//3 1463//3 1461//3
f 1464//3 1465//3 1463//3
f 1464//3 1466//3 1465//3
f 1467//3 1468//3 1466//3
f 1467//3 1469//3 1468//3
f 1470//3 1471//3 1469//3
f 1470//3 1462//3 1471//3
f 1472//1209 1473//1210 1462//1211
f 1472//1209 1462//1211 1461//1212
f 1474//1213 1472//1209 1461//1212
f 1474//1213 1461//1212 1463//1214
f 1475//1215 1474//1213 1463//1214
f 1475//1215 1463//1214 1465//1216
f 1476//1217 1475//1215 1465//1216
f 1476//1217 1465//1216 1466//1218
f 1477//1219 1476//1217 1466//1218
f 1477//1219 1466//1218 1468//1220
f 1478//1221 1477//1219 1468//1220
f 1478//1221 1468//1220 1469//1222
f 1479//1223 1478//1221 1469//1222
f 1479//1223 1469//1222 1471//1224
f 1473//1210 1479//1223 1471//1224
f 1473//1210 1471//1224 1462//1211
f 1480//3 1473//3 1472//3
f 1480//3 1472//3 1474//3
f 1480//3 1474//3 1475//3
f 1480//3 1475//3 1476//3
f 1480//3 1476//3 1477//3
f 1480//3 1477//3 1478//3
f 1480//3 1478//3 1479//3
f 1480//3 1479//3 1473//3
f 1481//3 1482//3 1483//3
f 1481//3 1484//3 1482//3
f 1485//3 1486//3 1484//3
f 1485//3 1487//3 1486//3
f 1488//3 1489//3 1487//3
f 1488//3 1490//3 1489//3
f 1491//3 1492//3 1490//3
f 1491//3 1483//3 1492//3
f 1493//1225 1494//1226 1483//1227
f 1493//1225 1483//1227 1482//1228
f 1495//1229 1493//1225 1482//1228
f 1495//1229 1482//1228 1484//1230
f 1496//1231 1495//1229 1484//1230
f 1496//1231 1484//1230 1486//1232
f 1497//1233 1496//1231 1486//1232
f 1497//1233 1486//1232 1487//1234
f 1498//1235 1497//1233 1487//1234
f 1498//1235 1487//1234 1489//1236
f 1499//1237 1498//1235 1489//1236
f 1499//1237 1489//1236 1490//1238
f 1500//1239 1499//1237 1490//1238
f 1500//1239 1490//1238 1492//1240
f 1494//1226 1500//1239 1492//1240
f 1494//1226 1492//1240 1483//1227
f 1501//3 1494//3 1493//3
f 1501//3 1493//3 1495//3
f 1501//3 1495//3 1496//3
f 1501//3 1496//3 1497//3
f 1501//3 1497//3 1498//3
f 1501//3 1498//3 1499//3
f 1501//3 1499//3 1500//3
f 1501//3 1500//3 1494//3
f 1502//3 1503//3 1504//3
f 1502//3 1505//3 1503//3
f 1506//3 1507//3 1505//3
f 1506//3 1508//3 1507//3
f 1509//3 1510//3 1508//3
f 1509//3 1511//3 1510//3
f 1512//3 1513//3 1511//3
f 1512//3 1504//3 1513//3
f 1514//1241 1515//1242 1504//1243
f 1514//1241 1504//1243 1503//1244
f 1516//1245 1514//1241 1503//1244
f 1516//1245 1503//1244 1505//1246
f 1517//1247 1516//1245 1505//1246
f 1517//1247 1505//1246 1507//1248
f 1518//1249 1517//1247 1507//1248
f 1518//1249 1507//1248 1508//1250
f 1519//1251 1518//1249 1508//1250
f 1519//1251 1508//1250 1510//1252
f 1520//1253 1519//1251 1510//1252
f 1520//1253 1510//1252 1511//1254
f 1521//1255 1520//1253 1511//1254
f 1521//1255 1511//1254 1513//1256
f 1515//1242 1521//1255 1513//1256
f 1515//1242 1513//1256 1504//1243
f 1522//3 1515//3 1514//3
f 1522//3 1514//3 1516//3
f 1522//3 1516//3 1517//3
f 1522//3 1517//3 1518//3
f 1522//3 1518//3 1519//3
f 1522//3 1519//3 1520//3
f 1522//3 1520//3 1521//3
f 1522//3 1521//3 1515//3
f 1523//3 1524//3 1525//3
f 1523//3 1526//3 1524//3
f 1527//3 1528//3 1526//3
f 1527//3 1529//3 1528//3
f 1530//3 1531//3 1529//3
f 1530//3 1532//3 1531//3
f 1533//3 1534//3 1532//3
f 1533//3 1525//3 1534//3
f 1535//1203 1536//1201 1525//1202
f 1535//1203 1525//1202 1524//1204
f 1537//1205 1535//1203 1524//1204
f 1537//1205 1524//1204 1526//1206
f 1538//1207 1537//1205 1526//1206
f 1538//1207 1526//1206 1528//1208
f 1539//1194 1538//1207 1528//1208
f 1539//1194 1528//1208 1529//1195
f 1540//1193 1539//1194 1529//1195
f 1540//1193 1529//1195 1531//1196
f 1541//1197 1540//1193 1531//1196
f 1541//1197 1531//1196 1532//1198
f 1542//1199 1541//1197 1532//1198
f 1542//1199 1532//1198 1534//1200
f 1536//1201 1542//1199 1534//1200
f 1536//1201 1534//1200 1525//1202
f 1543//3 1536//3 1535//3
f 1543//3 1535//3 1537//3
f 1543//3 1537//3 1538//3
f 1543//3 1538//3 1539//3
f 1543//3 1539//3 1540//3
f 1543//3 1540//3 1541//3
f 1543//3 1541//3 1542//3
f 1543//3 1542//3 1536//3
f 1544//3 1545//3 1546//3
f 1544//3 1547//3 1545//3
f 1548//3 1549//3 1547//3
f 1548//3 1550//3 1549//3
f 1551//3 1552//3 1550//3
f 1551//3 1553//3 1552//3
f 1554//3 1555//3 1553//3
f 1554//3 1546//3 1555//3
f 1556//1219 1557//1217 1546//1218
f 1556//1219 1546//1218 1545//1220
f 1558//1221 1556//1219 1545//1220
f 1558//1221 1545//1220 1547//1222
f 1559//1223 1558//1221 1547//1222
f 1559//1223 1547//1222 1549//1224
f 1560//1210 1559//1223 1549//1224
f 1560//1210 1549//1224 1550//1211
f 1561//1209 1560//1210 1550//1211
f 1561//1209 1550//1211 1552//1212
f 1562//1213 1561//1209 1552//1212
f 1562//1213 1552//1212 1553//1214
f 1563//1215 1562//1213 1553//1214
f 1563//1215 1553//1214 1555//1216
f 1557//1217 1563//1215 1555//1216
f 1557//1217 1555//1216 1546//1218
f 1564//3 1557//3 1556//3
f 1564//3 1556//3 1558//3
f 1564//3 1558//3 1559//3
f 1564//3 1559//3 1560//3
f 1564//3 1560//3 1561//3
f 1564//3 1561//3 1562//3
f 1564//3 1562//3 1563//3
f 1564//3 1563//3 1557//3
f 1565//3 1566//3 1567//3
f 1565//3 1568//3 1566//3
f 1569//3 1570//3 1568//3
f 1569//3 1571//3 1570//3
f 1572//3 1573//3 1571//3
f 1572//3 1574//3 1573//3
f 1575//3 1576//3 1574//3
f 1575//3 1567//3 1576//3
f 1577//1235 1578//1233 1567//1234
f 1577//1235 1567//1234 1566//1236
f 1579//1237 1577//1235 1566//1236
f 1579//1237 1566//1236 1568//1238
f 1580//1239 1579//1237 1568//1238
f 1580//1239 1568//1238 1570//1240
f 1581//1226 1580//1239 1570//1240
f 1581//1226 1570//1240 1571//1227
f 1582//1225 1581//1226 1571//1227
f 1582//1225 1571//1227 1573//1228
f 1583//1229 1582//1225 1573//1228
f 1583//1229 1573//1228 1574//1230
f 1584//1231 1583//1229 1574//1230
f 1584//1231 1574//1230 1576//1232
f 1578//1233 1584//1231 1576//1232
f 1578//1233 1576//1232 1567//1234
f 1585//3 1578//3 1577//3
f 1585//3 1577//3 1579//3
f 1585//3 1579//3 1580//3
f 1585//3 1580//3 1581//3
f 1585//3 1581//3 1582//3
f 1585//3 1582//3 1583//3
f 1585//3 1583//3 1584//3
f 1585//3 1584//3 1578//3
f 1586//3 1587//3 1588//3
f 1586//3 1589//3 1587//3
f 1590//3 1591//3 1589//3
f 1590//3 1592//3 1591//3
f 1593//3 1594//3 1592//3
f 1593//3 1595//3 1594//3
f 1596//3 1597//3 1595//3
f 1596//3 1588//3 1597//3
f 1598//1251 1599//1249 1588//1250
f 1598//1251 1588//1250 1587//1252
f 1600//1253 1598//1251 1587//1252
f 1600//1253 1587//1252 1589//1254
f 1601//1255 1600//1253 1589//1254
f 1601//1255 1589//1254 1591//1256
f 1602//1242 1601//1255 1591//1256
f 1602//1242 1591//1256 1592//1243
f 1603//1241 1602//1242 1592//1243
f 1603//1241 1592//1243 1594//1244
f 1604//1245 1603//1241 1594//1244
f 1604//1245 1594//1244 1595//1246
f 1605//1247 1604//1245 1595//1246
f 1605//1247 1595//1246 1597//1248
f 1599//1249 1605//1247 1597//1248
f 1599//1249 1597//1248 1588//1250
f 1606//3 1599//3 1598//3
f 1606//3 1598//3 1600//3
f 1606//3 1600//3 1601//3
f 1606//3 1601//3 1602//3
f 1606//3 1602//3 1603//3
f 1606//3 1603//3 1604//3
f 1606//3 1604//3 1605//3
f 1606//3 1605//3 1599//3
f 1421//3 1208//3 1295//3
f 1421//3 1295//3 1422//3
f 1422//3 1295//3 521//3
f 1422//3 521//3 1425//3
f 1425//3 521//3 1607//3
f 1425//3 1607//3 1427//3
f 521//3 1295//3 1074//3
f 521//3 1074//3 522//3
f 522//3 1074//3 1586//3
f 522//3 1586//3 1596//3
f 1608//3 522//3 1596//3
f 1608//3 1596//3 1593//3
f 1608//3 1593//3 1590//3
f 1608//3 1590//3 1609//3
f 1609//3 1590//3 1586//3
f 1609//3 1586//3 1074//3
f 1608//3 1609//3 1037//3
f 1608//3 1037//3 852//3
f 1565//3 1575//3 852//3
f 1565//3 852//3 1037//3
f 1565//3 1037//3 1031//3
f 1565//3 1031//3 1569//3
f 1572//3 630//3 852//3
f 1572//3 852//3 1575//3
f 631//3 1572//3 1569//3
f 631//3 1569//3 1034//3
f 1034//3 1569//3 1031//3
f 1572//3 631//3 630//3
f 911//3 1610//3 758//3
f 911//3 758//3 947//3
f 948//3 947//3 758//3
f 948//3 758//3 734//3
f 1527//3 948//3 734//3
f 1527//3 734//3 1530//3
f 1530//3 734//3 1611//3
f 1530//3 1611//3 1533//3
f 1523//3 1533//3 1611//3
f 1523//3 1611//3 1612//3
f 1527//3 1523//3 1612//3
f 1527//3 1612//3 948//3
f 1243//3 1612//3 1611//3
f 1243//3 1611//3 668//3
f 668//3 1551//3 1548//3
f 668//3 1548//3 1243//3
f 1269//3 1243//3 1548//3
f 1269//3 1548//3 1544//3
f 668//3 633//3 1554//3
f 668//3 1554//3 1551//3
f 1544//3 1554//3 631//3
f 1544//3 631//3 1034//3
f 1544//3 1034//3 1269//3
f 631//3 1554//3 633//3
f 1203//3 1208//3 1421//3
f 1203//3 1421//3 1418//3
f 396//3 1203//3 1418//3
f 396//3 1418//3 1428//3
f 1607//3 396//3 1428//3
f 1607//3 1428//3 1427//3
f 1110//3 1203//3 396//3
f 1110//3 396//3 362//3
f 1443//3 1110//3 362//3
f 1443//3 362//3 1446//3
f 1446//3 362//3 1613//3
f 1446//3 1613//3 1449//3
f 1439//3 1449//3 1613//3
f 1439//3 1613//3 1614//3
f 1443//3 1439//3 1614//3
f 1443//3 1614//3 1110//3
f 993//3 1614//3 1613//3
f 993//3 1613//3 798//3
f 798//3 1467//3 1464//3
f 798//3 1464//3 993//3
f 988//3 993//3 1464//3
f 988//3 1464//3 1460//3
f 798//3 309//3 1470//3
f 798//3 1470//3 1467//3
f 1460//3 1470//3 307//3
f 1460//3 307//3 989//3
f 1460//3 989//3 988//3
f 307//3 1470//3 309//3
f 135//3 1615//3 911//3
f 135//3 911//3 904//3
f 135//3 904//3 907//3
f 135//3 907//3 136//3
f 136//3 907//3 1502//3
f 136//3 1502//3 1512//3
f 1616//3 136//3 1512//3
f 1616//3 1512//3 1509//3
f 1616//3 1509//3 1506//3
f 1616//3 1506//3 1617//3
f 1617//3 1506//3 1502//3
f 1617//3 1502//3 907//3
f 1616//3 1617//3 1143//3
f 1616//3 1143//3 202//3
f 1481//3 1491//3 202//3
f 1481//3 202//3 1143//3
f 1481//3 1143//3 1139//3
f 1481//3 1139//3 1485//3
f 1488//3 236//3 202//3
f 1488//3 202//3 1491//3
f 307//3 1488//3 1485//3
f 307//3 1485//3 989//3
f 989//3 1485//3 1139//3
f 1488//3 307//3 236//3
f 1412//3 1411//3 1610//3
f 1412//3 1610//3 1615//3
f 911//3 1615//3 1610//3
f 1304//3 1033//3 1618//3
f 1304//3 1618//3 1305//3
f 1302//3 1305//3 1618//3
f 1302//3 1618//3 1619//3
f 1312//3 1302//3 1619//3
f 1312//3 1619//3 1620//3
f 1299//3 1312//3 1620//3
f 1299//3 1620//3 1621//3
f 1307//3 1299//3 1621//3
f 1307//3 1621//3 1622//3
f 1309//3 1307//3 1622//3
f 1309//3 1622//3 1207//3
f 1329//3 1309//3 1207//3
f 1329//3 1207//3 1623//3
f 1342//3 1329//3 1623//3
f 1342//3 1623//3 1624//3
f 1343//3 1342//3 1624//3
f 1343//3 1624//3 1625//3
f 1344//3 1343//3 1625//3
f 1344//3 1625//3 1626//3
f 1337//3 1344//3 1626//3
f 1337//3 1626//3 1627//3
f 1320//3 1337//3 1627//3
f 1320//3 1627//3 986//3
f 1320//3 986//3 1628//3
f 1320//3 1628//3 1321//3
f 1318//3 1321//3 1628//3
f 1318//3 1628//3 1629//3
f 1328//3 1318//3 1629//3
f 1328//3 1629//3 1630//3
f 1315//3 1328//3 1630//3
f 1315//3 1630//3 1631//3
f 1323//3 1315//3 1631//3
f 1323//3 1631//3 1632//3
f 1325//3 1323//3 1632//3
f 1325//3 1632//3 912//3
f 1345//3 1325//3 912//3
f 1345//3 912//3 1633//3
f 1358//3 1345//3 1633//3
f 1358//3 1633//3 1634//3
f 1359//3 1358//3 1634//3
f 1359//3 1634//3 1635//3
f 1360//3 1359//3 1635//3
f 1360//3 1635//3 1636//3
f 1353//3 1360//3 1636//3
f 1353//3 1636//3 1637//3
f 1304//3 1353//3 1637//3
f 1304//3 1637//3 1033//3
f 1373//8 1338//8 1319//8
f 1373//8 1319//8 1371//8
f 1375//8 1341//8 1338//8
f 1375//8 1338//8 1373//8
f 1341//8 1375//8 1377//8
f 1341//8 1377//8 1340//8
f 1379//8 1339//8 1340//8
f 1379//8 1340//8 1377//8
f 1381//8 1330//8 1339//8
f 1381//8 1339//8 1379//8
f 1383//8 1310//8 1330//8
f 1383//8 1330//8 1381//8
f 1383//8 1385//8 1308//8
f 1383//8 1308//8 1310//8
f 1308//8 1385//8 1387//8
f 1308//8 1387//8 1300//8
f 1389//8 1311//8 1300//8
f 1389//8 1300//8 1387//8
f 1391//8 1301//8 1311//8
f 1391//8 1311//8 1389//8
f 1391//8 1393//8 1306//8
f 1391//8 1306//8 1301//8
f 1303//8 1306//8 1393//8
f 1303//8 1393//8 1395//8
f 1397//8 1354//8 1303//8
f 1397//8 1303//8 1395//8
f 1399//8 1357//8 1354//8
f 1399//8 1354//8 1397//8
f 1357//8 1399//8 1401//8
f 1357//8 1401//8 1356//8
f 1403//8 1355//8 1356//8
f 1403//8 1356//8 1401//8
f 1405//8 1346//8 1355//8
f 1405//8 1355//8 1403//8
f 1407//8 1326//8 1346//8
f 1407//8 1346//8 1405//8
f 1407//8 1362//8 1324//8
f 1407//8 1324//8 1326//8
f 1324//8 1362//8 1361//8
f 1324//8 1361//8 1316//8
f 1365//8 1327//8 1316//8
f 1365//8 1316//8 1361//8
f 1367//8 1317//8 1327//8
f 1367//8 1327//8 1365//8
f 1367//8 1369//8 1322//8
f 1367//8 1322//8 1317//8
f 1319//8 1322//8 1369//8
f 1319//8 1369//8 1371//8
f 1638//1257 1409//1258 1412//1259
f 1638//1257 1412//1259 1639//1260
f 1640//1261 1413//1262 1409//1258
f 1640//1261 1409//1258 1638//1257
f 1641//1263 1415//1264 1413//1262
f 1641//1263 1413//1262 1640//1261
f 1642//1265 1417//1266 1415//1264
f 1642//1265 1415//1264 1641//1263
f 1643//1267 1416//1268 1417//1266
f 1643//1267 1417//1266 1642//1265
f 1644//1269 1414//1270 1416//1268
f 1644//1269 1416//1268 1643//1267
f 1645//1271 1410//1272 1414//1270
f 1645//1271 1414//1270 1644//1269
f 1646//1273 1411//1274 1410//1272
f 1646//1273 1410//1272 1645//1271
f 1615//2 1647//2 1648//2
f 1615//2 1648//2 1412//1259
f 1649//1 1650//1 1610//1
f 1649//1 1610//1 1411//1274
f 1615//1275 1651//1275 1652//1275
f 1615//1275 1652//1275 1647//1275
f 1650//1276 1653//1276 758//430
f 1650//1276 758//430 1654//1276
f 1655//1277 1656//1278 1657//1279
f 1658//1280 1659//1281 1660//1282
f 1657//1279 1658//1280 1660//1282
f 1655//1277 1657//1279 1660//1282
f 1661//1283 1655//1277 1660//1282
f 1662//1284 1655//1277 1661//1283
f 1663//1285 1662//1284 1661//1283
f 1664//1286 1665//1287 1666//1288
f 1667//1286 1665//1287 1664//1286
f 1666//1288 1665//1287 1668//1289
f 1669//1290 1666//1288 1668//1289
f 1670//1291 1666//1288 1669//1290
f 1671//1292 1670//1291 1669//1290
f 1661//1293 1660//1293 1664//1293
f 1666//1293 1661//1293 1664//1293
f 1670//1294 1663//1295 1661//1294
f 1666//1296 1670//1294 1661//1294
f 1672//1297 1673//1298 1674//1299
f 1675//1300 1676//1301 1677//1302
f 1675//1300 1677//1302 1672//1297
f 1675//1300 1672//1297 1674//1299
f 1675//1300 1674//1299 1678//1303
f 1678//1303 1674//1299 1679//1304
f 1678//1303 1679//1304 1680//1305
f 1681//1306 1682//1307 1683//1308
f 1683//1308 1682//1307 1684//1308
f 1685//1309 1682//1307 1681//1306
f 1685//1309 1681//1306 1686//1310
f 1686//1310 1681//1306 1687//1311
f 1686//1310 1687//1311 1688//1312
f 1683//1313 1675//1313 1678//1313
f 1683//1313 1678//1313 1681//1313
f 1678//1314 1680//1315 1687//1314
f 1678//1314 1687//1314 1681//1316
f 1689//1317 1690//1318 1691//1319
f 1692//1320 1693//1321 1694//1322
f 1692//1320 1694//1322 1689//1317
f 1692//1320 1689//1317 1691//1319
f 1692//1320 1691//1319 1695//1323
f 1695//1323 1691//1319 1696//1324
f 1695//1323 1696//1324 1697//1325
f 1698//1326 1699//1327 1700//1328
f 1700//1328 1699//1327 1701//1328
f 1702//1329 1699//1327 1698//1326
f 1702//1329 1698//1326 1703//1330
f 1703//1330 1698//1326 1704//1330
f 1703//1330 1704//1330 1705//1331
f 1700//1332 1692//1332 1695//1332
f 1700//1332 1695//1332 1698//1332
f 1695//1333 1697//1334 1704//1333
f 1695//1333 1704//1333 1698//1335
f 1706//1336 1707//1337 1708//1338
f 1709//1339 1710//1340 1711//1341
f 1708//1338 1709//1339 1711//1341
f 1706//1336 1708//1338 1711//1341
f 1712//1342 1706//1336 1711//1341
f 1713//1343 1706//1336 1712//1342
f 1714//1344 1713//1343 1712//1342
f 1715//1345 1716//1346 1717//1347
f 1718//1345 1716//1346 1715//1345
f 1717//1347 1716//1346 1719//1348
f 1720//1349 1717//1347 1719//1348
f 1721//1349 1717//1347 1720//1349
f 1722//1350 1721//1349 1720//1349
f 1712//1351 1711//1351 1715//1351
f 1717//1351 1712//1351 1715//1351
f 1721//1352 1714//1353 1712//1352
f 1717//1354 1721//1352 1712//1352
f 1723//1355 1724//1356 1725//1357
f 1726//1358 1727//1359 1728//1360
f 1726//1358 1728//1360 1723//1355
f 1726//1358 1723//1355 1725//1357
f 1726//1358 1725//1357 1729//1361
f 1729//1361 1725//1357 1730//1362
f 1729//1361 1730//1362 1731//1363
f 1732//1364 1733//1365 1734//1366
f 1734//1366 1733//1365 1735//1366
f 1736//1367 1733//1365 1732//1364
f 1736//1367 1732//1364 1737//1368
f 1737//1368 1732//1364 1738//1369
f 1737//1368 1738//1369 1739//1370
f 1734//1371 1726//1371 1729//1371
f 1734//1371 1729//1371 1732//1371
f 1729//1372 1731//1373 1738//1372
f 1729//1372 1738//1372 1732//1374
f 1740//1375 1741//1376 1742//1377
f 1743//1378 1744//1379 1745//1380
f 1742//1377 1743//1378 1745//1380
f 1740//1375 1742//1377 1745//1380
f 1746//1381 1740//1375 1745//1380
f 1747//1382 1740//1375 1746//1381
f 1748//1383 1747//1382 1746//1381
f 1749//1384 1750//1385 1751//1386
f 1752//1384 1750//1385 1749//1384
f 1751//1386 1750//1385 1753//1387
f 1754//1388 1751//1386 1753//1387
f 1755//1389 1751//1386 1754//1388
f 1756//1390 1755//1389 1754//1388
f 1746//1391 1745//1391 1749//1391
f 1751//1391 1746//1391 1749//1391
f 1755//1392 1748//1393 1746//1392
f 1751//1394 1755//1392 1746//1392
f 1757//1395 1758//1396 1759//1397
f 1760//1398 1761//1399 1762//1400
f 1759//1397 1760//1398 1762//1400
f 1757//1395 1759//1397 1762//1400
f 1763//1401 1757//1395 1762//1400
f 1764//1402 1757//1395 1763//1401
f 1765//1403 1764//1402 1763//1401
f 1766//1404 1767//1405 1768//1406
f 1769//1404 1767//1405 1766//1404
f 1768//1406 1767//1405 1770//1407
f 1771//1408 1768//1406 1770//1407
f 1772//1408 1768//1406 1771//1408
f 1773//1409 1772//1408 1771//1408
f 1763//1410 1762//1410 1766//1410
f 1768//1410 1763//1410 1766//1410
f 1772//1411 1765//1412 1763//1411
f 1768//1413 1772//1411 1763//1411
f 1774//1414 1775//1415 1776//1416
f 1777//1417 1778//1418 1779//1419
f 1777//1417 1779//1419 1774//1414
f 1777//1417 1774//1414 1776//1416
f 1777//1417 1776//1416 1780//1420
f 1780//1420 1776//1416 1781//1421
f 1780//1420 1781//1421 1782//1422
f 1783//1423 1784//1424 1785//1425
f 1785//1425 1784//1424 1786//1425
f 1787//1426 1784//1424 1783//1423
f 1787//1426 1783//1423 1788//1427
f 1788//1427 1783//1423 1789//1428
f 1788//1427 1789//1428 1790//1429
f 1785//1430 1777//1430 1780//1430
f 1785//1430 1780//1430 1783//1430
f 1780//1431 1782//1432 1789//1431
f 1780//1431 1789//1431 1783//1433
f 1791//1434 1792//1435 1793//1436
f 1794//1437 1795//1438 1796//1439
f 1794//1437 1796//1439 1791//1434
f 1794//1437 1791//1434 1793//1436
f 1794//1437 1793//1436 1797//1440
f 1797//1440 1793//1436 1798//1441
f 1797//1440 1798//1441 1799//1442
f 1800//1443 1801//1444 1802//1445
f 1802//1445 1801//1444 1803//1445
f 1804//1446 1801//1444 1800//1443
f 1804//1446 1800//1443 1805//1447
f 1805//1447 1800//1443 1806//1448
f 1805//1447 1806//1448 1807//1449
f 1802//1450 1794//1450 1797//1450
f 1802//1450 1797//1450 1800//1450
f 1797//1451 1799//1452 1806//1451
f 1797//1451 1806//1451 1800//1453
f 1808//1454 1809//1455 1810//1456
f 1811//1457 1812//1458 1813//1459
f 1810//1456 1811//1457 1813//1459
f 1808//1454 1810//1456 1813//1459
f 1814//1460 1808//1454 1813//1459
f 1815//1461 1808//1454 1814//1460
f 1816//1462 1815//1461 1814//1460
f 1817//1463 1818//1464 1819//1465
f 1820//1463 1818//1464 1817//1463
f 1819//1465 1818//1464 1821//1466
f 1822//1467 1819//1465 1821//1466
f 1823//1468 1819//1465 1822//1467
f 1824//1469 1823//1468 1822//1467
f 1814//1470 1813//1470 1817//1470
f 1819//1470 1814//1470 1817//1470
f 1823//1471 1816//1472 1814//1471
f 1819//1473 1823//1471 1814//1471
f 1825//1474 1826//1475 1827//1476
f 1828//1477 1829//1478 1830//1479
f 1828//1477 1830//1479 1825//1474
f 1828//1477 1825//1474 1827//1476
f 1828//1477 1827//1476 1831//1480
f 1831//1480 1827//1476 1832//1481
f 1831//1480 1832//1481 1833//1482
f 1834//1483 1835//1484 1836//1485
f 1836//1485 1835//1484 1837//1485
f 1838//1486 1835//1484 1834//1483
f 1838//1486 1834//1483 1839//1487
f 1839//1487 1834//1483 1840//1487
f 1839//1487 1840//1487 1841//1488
f 1836//1489 1828//1489 1831//1489
f 1836//1489 1831//1489 1834//1489
f 1831//1490 1833//1491 1840//1490
f 1831//1490 1840//1490 1834//1492
f 1842//1493 1843//1494 1844//1495
f 1845//1496 1846//1497 1847//1498
f 1844//1495 1845//1496 1847//1498
f 1842//1493 1844//1495 1847//1498
f 1848//1499 1842//1493 1847//1498
f 1849//1500 1842//1493 1848//1499
f 1850//1501 1849//1500 1848//1499
f 1851//1502 1852//1503 1853//1504
f 1854//1502 1852//1503 1851//1502
f 1853//1504 1852//1503 1855//1505
f 1856//1506 1853//1504 1855//1505
f 1857//1507 1853//1504 1856//1506
f 1858//1508 1857//1507 1856//1506
f 1848//1509 1847//1509 1851//1509
f 1853//1509 1848//1509 1851//1509
f 1857//1510 1850//1511 1848//1510
f 1853//1512 1857//1510 1848//1510
f 1607//136 1206//136 395//227
f 1607//136 395//227 396//227
f 520//293 1206//136 1607//136
f 520//293 1607//136 521//294
