# Botball Lab: metres, +Y up, centred XZ, base Y=0
mtllib metal_003.mtl
s off
v -0.0063500 0.0000000 -0.0444500
v -0.0063500 0.0000000 -0.0431869
v -0.0105423 0.0000000 -0.0440208
v -0.0105000 0.0000000 -0.0444500
v -0.0063500 0.0015000 -0.0444500
v -0.0105000 0.0015000 -0.0444500
v -0.0105423 0.0015000 -0.0440208
v -0.0063500 0.0015000 -0.0431869
v -0.0063500 0.0000000 -0.0418197
v -0.0106675 0.0000000 -0.0436081
v -0.0106675 0.0015000 -0.0436081
v -0.0063500 0.0015000 -0.0418197
v -0.0063500 0.0000000 -0.0402071
v -0.0108708 0.0000000 -0.0432277
v -0.0108708 0.0015000 -0.0432277
v -0.0063500 0.0015000 -0.0402071
v -0.0063500 0.0000000 -0.0381000
v -0.0111444 0.0000000 -0.0428944
v -0.0111444 0.0015000 -0.0428944
v -0.0063500 0.0015000 -0.0381000
v -0.0084571 0.0000000 -0.0381000
v -0.0114777 0.0000000 -0.0426208
v -0.0114777 0.0015000 -0.0426208
v -0.0084571 0.0015000 -0.0381000
v -0.0100697 0.0000000 -0.0381000
v -0.0118581 0.0000000 -0.0424175
v -0.0118581 0.0015000 -0.0424175
v -0.0100697 0.0015000 -0.0381000
v -0.0114369 0.0000000 -0.0381000
v -0.0122708 0.0000000 -0.0422923
v -0.0122708 0.0015000 -0.0422923
v -0.0114369 0.0015000 -0.0381000
v -0.0127000 0.0000000 -0.0381000
v -0.0127000 0.0000000 -0.0422500
v -0.0127000 0.0015000 -0.0422500
v -0.0127000 0.0015000 -0.0381000
v -0.0139631 0.0000000 -0.0381000
v -0.0131292 0.0000000 -0.0422923
v -0.0131292 0.0015000 -0.0422923
v -0.0139631 0.0015000 -0.0381000
v -0.0153303 0.0000000 -0.0381000
v -0.0135419 0.0000000 -0.0424175
v -0.0135419 0.0015000 -0.0424175
v -0.0153303 0.0015000 -0.0381000
v -0.0169429 0.0000000 -0.0381000
v -0.0139223 0.0000000 -0.0426208
v -0.0139223 0.0015000 -0.0426208
v -0.0169429 0.0015000 -0.0381000
v -0.0190500 0.0000000 -0.0381000
v -0.0142556 0.0000000 -0.0428944
v -0.0142556 0.0015000 -0.0428944
v -0.0190500 0.0015000 -0.0381000
v -0.0190500 0.0000000 -0.0402071
v -0.0145292 0.0000000 -0.0432277
v -0.0145292 0.0015000 -0.0432277
v -0.0190500 0.0015000 -0.0402071
v -0.0190500 0.0000000 -0.0418197
v -0.0147325 0.0000000 -0.0436081
v -0.0147325 0.0015000 -0.0436081
v -0.0190500 0.0015000 -0.0418197
v -0.0190500 0.0000000 -0.0431869
v -0.0148577 0.0000000 -0.0440208
v -0.0148577 0.0015000 -0.0440208
v -0.0190500 0.0015000 -0.0431869
v -0.0190500 0.0000000 -0.0444500
v -0.0149000 0.0000000 -0.0444500
v -0.0149000 0.0015000 -0.0444500
v -0.0190500 0.0015000 -0.0444500
v -0.0190500 0.0000000 -0.0457131
v -0.0148577 0.0000000 -0.0448792
v -0.0148577 0.0015000 -0.0448792
v -0.0190500 0.0015000 -0.0457131
v -0.0190500 0.0000000 -0.0470803
v -0.0147325 0.0000000 -0.0452919
v -0.0147325 0.0015000 -0.0452919
v -0.0190500 0.0015000 -0.0470803
v -0.0190500 0.0000000 -0.0486929
v -0.0145292 0.0000000 -0.0456723
v -0.0145292 0.0015000 -0.0456723
v -0.0190500 0.0015000 -0.0486929
v -0.0190500 0.0000000 -0.0508000
v -0.0142556 0.0000000 -0.0460056
v -0.0142556 0.0015000 -0.0460056
v -0.0190500 0.0015000 -0.0508000
v -0.0169429 0.0000000 -0.0508000
v -0.0139223 0.0000000 -0.0462792
v -0.0139223 0.0015000 -0.0462792
v -0.0169429 0.0015000 -0.0508000
v -0.0153303 0.0000000 -0.0508000
v -0.0135419 0.0000000 -0.0464825
v -0.0135419 0.0015000 -0.0464825
v -0.0153303 0.0015000 -0.0508000
v -0.0139631 0.0000000 -0.0508000
v -0.0131292 0.0000000 -0.0466077
v -0.0131292 0.0015000 -0.0466077
v -0.0139631 0.0015000 -0.0508000
v -0.0127000 0.0000000 -0.0508000
v -0.0127000 0.0000000 -0.0466500
v -0.0127000 0.0015000 -0.0466500
v -0.0127000 0.0015000 -0.0508000
v -0.0114369 0.0000000 -0.0508000
v -0.0122708 0.0000000 -0.0466077
v -0.0122708 0.0015000 -0.0466077
v -0.0114369 0.0015000 -0.0508000
v -0.0100697 0.0000000 -0.0508000
v -0.0118581 0.0000000 -0.0464825
v -0.0118581 0.0015000 -0.0464825
v -0.0100697 0.0015000 -0.0508000
v -0.0084571 0.0000000 -0.0508000
v -0.0114777 0.0000000 -0.0462792
v -0.0114777 0.0015000 -0.0462792
v -0.0084571 0.0015000 -0.0508000
v -0.0063500 0.0000000 -0.0508000
v -0.0111444 0.0000000 -0.0460056
v -0.0111444 0.0015000 -0.0460056
v -0.0063500 0.0015000 -0.0508000
v -0.0063500 0.0000000 -0.0486929
v -0.0108708 0.0000000 -0.0456723
v -0.0108708 0.0015000 -0.0456723
v -0.0063500 0.0015000 -0.0486929
v -0.0063500 0.0000000 -0.0470803
v -0.0106675 0.0000000 -0.0452919
v -0.0106675 0.0015000 -0.0452919
v -0.0063500 0.0015000 -0.0470803
v -0.0063500 0.0000000 -0.0457131
v -0.0105423 0.0000000 -0.0448792
v -0.0105423 0.0015000 -0.0448792
v -0.0063500 0.0015000 -0.0457131
v -0.0063500 0.0000000 -0.0317500
v -0.0063500 0.0000000 -0.0304869
v -0.0105423 0.0000000 -0.0313208
v -0.0105000 0.0000000 -0.0317500
v -0.0063500 0.0015000 -0.0317500
v -0.0105000 0.0015000 -0.0317500
v -0.0105423 0.0015000 -0.0313208
v -0.0063500 0.0015000 -0.0304869
v -0.0063500 0.0000000 -0.0291197
v -0.0106675 0.0000000 -0.0309081
v -0.0106675 0.0015000 -0.0309081
v -0.0063500 0.0015000 -0.0291197
v -0.0063500 0.0000000 -0.0275071
v -0.0108708 0.0000000 -0.0305277
v -0.0108708 0.0015000 -0.0305277
v -0.0063500 0.0015000 -0.0275071
v -0.0063500 0.0000000 -0.0254000
v -0.0111444 0.0000000 -0.0301944
v -0.0111444 0.0015000 -0.0301944
v -0.0063500 0.0015000 -0.0254000
v -0.0084571 0.0000000 -0.0254000
v -0.0114777 0.0000000 -0.0299208
v -0.0114777 0.0015000 -0.0299208
v -0.0084571 0.0015000 -0.0254000
v -0.0100697 0.0000000 -0.0254000
v -0.0118581 0.0000000 -0.0297175
v -0.0118581 0.0015000 -0.0297175
v -0.0100697 0.0015000 -0.0254000
v -0.0114369 0.0000000 -0.0254000
v -0.0122708 0.0000000 -0.0295923
v -0.0122708 0.0015000 -0.0295923
v -0.0114369 0.0015000 -0.0254000
v -0.0127000 0.0000000 -0.0254000
v -0.0127000 0.0000000 -0.0295500
v -0.0127000 0.0015000 -0.0295500
v -0.0127000 0.0015000 -0.0254000
v -0.0139631 0.0000000 -0.0254000
v -0.0131292 0.0000000 -0.0295923
v -0.0131292 0.0015000 -0.0295923
v -0.0139631 0.0015000 -0.0254000
v -0.0153303 0.0000000 -0.0254000
v -0.0135419 0.0000000 -0.0297175
v -0.0135419 0.0015000 -0.0297175
v -0.0153303 0.0015000 -0.0254000
v -0.0169429 0.0000000 -0.0254000
v -0.0139223 0.0000000 -0.0299208
v -0.0139223 0.0015000 -0.0299208
v -0.0169429 0.0015000 -0.0254000
v -0.0190500 0.0000000 -0.0254000
v -0.0142556 0.0000000 -0.0301944
v -0.0142556 0.0015000 -0.0301944
v -0.0190500 0.0015000 -0.0254000
v -0.0190500 0.0000000 -0.0275071
v -0.0145292 0.0000000 -0.0305277
v -0.0145292 0.0015000 -0.0305277
v -0.0190500 0.0015000 -0.0275071
v -0.0190500 0.0000000 -0.0291197
v -0.0147325 0.0000000 -0.0309081
v -0.0147325 0.0015000 -0.0309081
v -0.0190500 0.0015000 -0.0291197
v -0.0190500 0.0000000 -0.0304869
v -0.0148577 0.0000000 -0.0313208
v -0.0148577 0.0015000 -0.0313208
v -0.0190500 0.0015000 -0.0304869
v -0.0190500 0.0000000 -0.0317500
v -0.0149000 0.0000000 -0.0317500
v -0.0149000 0.0015000 -0.0317500
v -0.0190500 0.0015000 -0.0317500
v -0.0190500 0.0000000 -0.0330131
v -0.0148577 0.0000000 -0.0321792
v -0.0148577 0.0015000 -0.0321792
v -0.0190500 0.0015000 -0.0330131
v -0.0190500 0.0000000 -0.0343803
v -0.0147325 0.0000000 -0.0325919
v -0.0147325 0.0015000 -0.0325919
v -0.0190500 0.0015000 -0.0343803
v -0.0190500 0.0000000 -0.0359929
v -0.0145292 0.0000000 -0.0329723
v -0.0145292 0.0015000 -0.0329723
v -0.0190500 0.0015000 -0.0359929
v -0.0142556 0.0000000 -0.0333056
v -0.0142556 0.0015000 -0.0333056
v -0.0139223 0.0000000 -0.0335792
v -0.0139223 0.0015000 -0.0335792
v -0.0135419 0.0000000 -0.0337825
v -0.0135419 0.0015000 -0.0337825
v -0.0131292 0.0000000 -0.0339077
v -0.0131292 0.0015000 -0.0339077
v -0.0127000 0.0000000 -0.0339500
v -0.0127000 0.0015000 -0.0339500
v -0.0122708 0.0000000 -0.0339077
v -0.0122708 0.0015000 -0.0339077
v -0.0118581 0.0000000 -0.0337825
v -0.0118581 0.0015000 -0.0337825
v -0.0114777 0.0000000 -0.0335792
v -0.0114777 0.0015000 -0.0335792
v -0.0111444 0.0000000 -0.0333056
v -0.0111444 0.0015000 -0.0333056
v -0.0063500 0.0000000 -0.0359929
v -0.0108708 0.0000000 -0.0329723
v -0.0108708 0.0015000 -0.0329723
v -0.0063500 0.0015000 -0.0359929
v -0.0063500 0.0000000 -0.0343803
v -0.0106675 0.0000000 -0.0325919
v -0.0106675 0.0015000 -0.0325919
v -0.0063500 0.0015000 -0.0343803
v -0.0063500 0.0000000 -0.0330131
v -0.0105423 0.0000000 -0.0321792
v -0.0105423 0.0015000 -0.0321792
v -0.0063500 0.0015000 -0.0330131
v -0.0063500 0.0000000 -0.0190500
v -0.0063500 0.0000000 -0.0177869
v -0.0105423 0.0000000 -0.0186208
v -0.0105000 0.0000000 -0.0190500
v -0.0063500 0.0015000 -0.0190500
v -0.0105000 0.0015000 -0.0190500
v -0.0105423 0.0015000 -0.0186208
v -0.0063500 0.0015000 -0.0177869
v -0.0063500 0.0000000 -0.0164197
v -0.0106675 0.0000000 -0.0182081
v -0.0106675 0.0015000 -0.0182081
v -0.0063500 0.0015000 -0.0164197
v -0.0063500 0.0000000 -0.0148071
v -0.0108708 0.0000000 -0.0178277
v -0.0108708 0.0015000 -0.0178277
v -0.0063500 0.0015000 -0.0148071
v -0.0063500 0.0000000 -0.0127000
v -0.0111444 0.0000000 -0.0174944
v -0.0111444 0.0015000 -0.0174944
v -0.0063500 0.0015000 -0.0127000
v -0.0084571 0.0000000 -0.0127000
v -0.0114777 0.0000000 -0.0172208
v -0.0114777 0.0015000 -0.0172208
v -0.0084571 0.0015000 -0.0127000
v -0.0100697 0.0000000 -0.0127000
v -0.0118581 0.0000000 -0.0170175
v -0.0118581 0.0015000 -0.0170175
v -0.0100697 0.0015000 -0.0127000
v -0.0114369 0.0000000 -0.0127000
v -0.0122708 0.0000000 -0.0168923
v -0.0122708 0.0015000 -0.0168923
v -0.0114369 0.0015000 -0.0127000
v -0.0127000 0.0000000 -0.0127000
v -0.0127000 0.0000000 -0.0168500
v -0.0127000 0.0015000 -0.0168500
v -0.0127000 0.0015000 -0.0127000
v -0.0139631 0.0000000 -0.0127000
v -0.0131292 0.0000000 -0.0168923
v -0.0131292 0.0015000 -0.0168923
v -0.0139631 0.0015000 -0.0127000
v -0.0153303 0.0000000 -0.0127000
v -0.0135419 0.0000000 -0.0170175
v -0.0135419 0.0015000 -0.0170175
v -0.0153303 0.0015000 -0.0127000
v -0.0169429 0.0000000 -0.0127000
v -0.0139223 0.0000000 -0.0172208
v -0.0139223 0.0015000 -0.0172208
v -0.0169429 0.0015000 -0.0127000
v -0.0190500 0.0000000 -0.0127000
v -0.0142556 0.0000000 -0.0174944
v -0.0142556 0.0015000 -0.0174944
v -0.0190500 0.0015000 -0.0127000
v -0.0190500 0.0000000 -0.0148071
v -0.0145292 0.0000000 -0.0178277
v -0.0145292 0.0015000 -0.0178277
v -0.0190500 0.0015000 -0.0148071
v -0.0190500 0.0000000 -0.0164197
v -0.0147325 0.0000000 -0.0182081
v -0.0147325 0.0015000 -0.0182081
v -0.0190500 0.0015000 -0.0164197
v -0.0190500 0.0000000 -0.0177869
v -0.0148577 0.0000000 -0.0186208
v -0.0148577 0.0015000 -0.0186208
v -0.0190500 0.0015000 -0.0177869
v -0.0190500 0.0000000 -0.0190500
v -0.0149000 0.0000000 -0.0190500
v -0.0149000 0.0015000 -0.0190500
v -0.0190500 0.0015000 -0.0190500
v -0.0190500 0.0000000 -0.0203131
v -0.0148577 0.0000000 -0.0194792
v -0.0148577 0.0015000 -0.0194792
v -0.0190500 0.0015000 -0.0203131
v -0.0190500 0.0000000 -0.0216803
v -0.0147325 0.0000000 -0.0198919
v -0.0147325 0.0015000 -0.0198919
v -0.0190500 0.0015000 -0.0216803
v -0.0190500 0.0000000 -0.0232929
v -0.0145292 0.0000000 -0.0202723
v -0.0145292 0.0015000 -0.0202723
v -0.0190500 0.0015000 -0.0232929
v -0.0142556 0.0000000 -0.0206056
v -0.0142556 0.0015000 -0.0206056
v -0.0139223 0.0000000 -0.0208792
v -0.0139223 0.0015000 -0.0208792
v -0.0135419 0.0000000 -0.0210825
v -0.0135419 0.0015000 -0.0210825
v -0.0131292 0.0000000 -0.0212077
v -0.0131292 0.0015000 -0.0212077
v -0.0127000 0.0000000 -0.0212500
v -0.0127000 0.0015000 -0.0212500
v -0.0122708 0.0000000 -0.0212077
v -0.0122708 0.0015000 -0.0212077
v -0.0118581 0.0000000 -0.0210825
v -0.0118581 0.0015000 -0.0210825
v -0.0114777 0.0000000 -0.0208792
v -0.0114777 0.0015000 -0.0208792
v -0.0111444 0.0000000 -0.0206056
v -0.0111444 0.0015000 -0.0206056
v -0.0063500 0.0000000 -0.0232929
v -0.0108708 0.0000000 -0.0202723
v -0.0108708 0.0015000 -0.0202723
v -0.0063500 0.0015000 -0.0232929
v -0.0063500 0.0000000 -0.0216803
v -0.0106675 0.0000000 -0.0198919
v -0.0106675 0.0015000 -0.0198919
v -0.0063500 0.0015000 -0.0216803
v -0.0063500 0.0000000 -0.0203131
v -0.0105423 0.0000000 -0.0194792
v -0.0105423 0.0015000 -0.0194792
v -0.0063500 0.0015000 -0.0203131
v -0.0063500 0.0000000 -0.0063500
v -0.0063500 0.0000000 -0.0050869
v -0.0105423 0.0000000 -0.0059208
v -0.0105000 0.0000000 -0.0063500
v -0.0063500 0.0015000 -0.0063500
v -0.0105000 0.0015000 -0.0063500
v -0.0105423 0.0015000 -0.0059208
v -0.0063500 0.0015000 -0.0050869
v -0.0063500 0.0000000 -0.0037197
v -0.0106675 0.0000000 -0.0055081
v -0.0106675 0.0015000 -0.0055081
v -0.0063500 0.0015000 -0.0037197
v -0.0063500 0.0000000 -0.0021071
v -0.0108708 0.0000000 -0.0051277
v -0.0108708 0.0015000 -0.0051277
v -0.0063500 0.0015000 -0.0021071
v -0.0063500 0.0000000 -0.0000000
v -0.0111444 0.0000000 -0.0047944
v -0.0111444 0.0015000 -0.0047944
v -0.0063500 0.0015000 -0.0000000
v -0.0084571 0.0000000 0.0000000
v -0.0114777 0.0000000 -0.0045208
v -0.0114777 0.0015000 -0.0045208
v -0.0084571 0.0015000 0.0000000
v -0.0100697 0.0000000 0.0000000
v -0.0118581 0.0000000 -0.0043175
v -0.0118581 0.0015000 -0.0043175
v -0.0100697 0.0015000 0.0000000
v -0.0114369 0.0000000 0.0000000
v -0.0122708 0.0000000 -0.0041923
v -0.0122708 0.0015000 -0.0041923
v -0.0114369 0.0015000 0.0000000
v -0.0127000 0.0000000 0.0000000
v -0.0127000 0.0000000 -0.0041500
v -0.0127000 0.0015000 -0.0041500
v -0.0127000 0.0015000 0.0000000
v -0.0139631 0.0000000 0.0000000
v -0.0131292 0.0000000 -0.0041923
v -0.0131292 0.0015000 -0.0041923
v -0.0139631 0.0015000 0.0000000
v -0.0153303 0.0000000 0.0000000
v -0.0135419 0.0000000 -0.0043175
v -0.0135419 0.0015000 -0.0043175
v -0.0153303 0.0015000 0.0000000
v -0.0169429 0.0000000 0.0000000
v -0.0139223 0.0000000 -0.0045208
v -0.0139223 0.0015000 -0.0045208
v -0.0169429 0.0015000 0.0000000
v -0.0190500 0.0000000 0.0000000
v -0.0142556 0.0000000 -0.0047944
v -0.0142556 0.0015000 -0.0047944
v -0.0190500 0.0015000 0.0000000
v -0.0190500 0.0000000 -0.0021071
v -0.0145292 0.0000000 -0.0051277
v -0.0145292 0.0015000 -0.0051277
v -0.0190500 0.0015000 -0.0021071
v -0.0190500 0.0000000 -0.0037197
v -0.0147325 0.0000000 -0.0055081
v -0.0147325 0.0015000 -0.0055081
v -0.0190500 0.0015000 -0.0037197
v -0.0190500 0.0000000 -0.0050869
v -0.0148577 0.0000000 -0.0059208
v -0.0148577 0.0015000 -0.0059208
v -0.0190500 0.0015000 -0.0050869
v -0.0190500 0.0000000 -0.0063500
v -0.0149000 0.0000000 -0.0063500
v -0.0149000 0.0015000 -0.0063500
v -0.0190500 0.0015000 -0.0063500
v -0.0190500 0.0000000 -0.0076131
v -0.0148577 0.0000000 -0.0067792
v -0.0148577 0.0015000 -0.0067792
v -0.0190500 0.0015000 -0.0076131
v -0.0190500 0.0000000 -0.0089803
v -0.0147325 0.0000000 -0.0071919
v -0.0147325 0.0015000 -0.0071919
v -0.0190500 0.0015000 -0.0089803
v -0.0190500 0.0000000 -0.0105929
v -0.0145292 0.0000000 -0.0075723
v -0.0145292 0.0015000 -0.0075723
v -0.0190500 0.0015000 -0.0105929
v -0.0142556 0.0000000 -0.0079056
v -0.0142556 0.0015000 -0.0079056
v -0.0139223 0.0000000 -0.0081792
v -0.0139223 0.0015000 -0.0081792
v -0.0135419 0.0000000 -0.0083825
v -0.0135419 0.0015000 -0.0083825
v -0.0131292 0.0000000 -0.0085077
v -0.0131292 0.0015000 -0.0085077
v -0.0127000 0.0000000 -0.0085500
v -0.0127000 0.0015000 -0.0085500
v -0.0122708 0.0000000 -0.0085077
v -0.0122708 0.0015000 -0.0085077
v -0.0118581 0.0000000 -0.0083825
v -0.0118581 0.0015000 -0.0083825
v -0.0114777 0.0000000 -0.0081792
v -0.0114777 0.0015000 -0.0081792
v -0.0111444 0.0000000 -0.0079056
v -0.0111444 0.0015000 -0.0079056
v -0.0063500 0.0000000 -0.0105929
v -0.0108708 0.0000000 -0.0075723
v -0.0108708 0.0015000 -0.0075723
v -0.0063500 0.0015000 -0.0105929
v -0.0063500 0.0000000 -0.0089803
v -0.0106675 0.0000000 -0.0071919
v -0.0106675 0.0015000 -0.0071919
v -0.0063500 0.0015000 -0.0089803
v -0.0063500 0.0000000 -0.0076131
v -0.0105423 0.0000000 -0.0067792
v -0.0105423 0.0015000 -0.0067792
v -0.0063500 0.0015000 -0.0076131
v -0.0063500 0.0000000 0.0063500
v -0.0063500 0.0000000 0.0076131
v -0.0105423 0.0000000 0.0067792
v -0.0105000 0.0000000 0.0063500
v -0.0063500 0.0015000 0.0063500
v -0.0105000 0.0015000 0.0063500
v -0.0105423 0.0015000 0.0067792
v -0.0063500 0.0015000 0.0076131
v -0.0063500 0.0000000 0.0089803
v -0.0106675 0.0000000 0.0071919
v -0.0106675 0.0015000 0.0071919
v -0.0063500 0.0015000 0.0089803
v -0.0063500 0.0000000 0.0105929
v -0.0108708 0.0000000 0.0075723
v -0.0108708 0.0015000 0.0075723
v -0.0063500 0.0015000 0.0105929
v -0.0063500 0.0000000 0.0127000
v -0.0111444 0.0000000 0.0079056
v -0.0111444 0.0015000 0.0079056
v -0.0063500 0.0015000 0.0127000
v -0.0084571 0.0000000 0.0127000
v -0.0114777 0.0000000 0.0081792
v -0.0114777 0.0015000 0.0081792
v -0.0084571 0.0015000 0.0127000
v -0.0100697 0.0000000 0.0127000
v -0.0118581 0.0000000 0.0083825
v -0.0118581 0.0015000 0.0083825
v -0.0100697 0.0015000 0.0127000
v -0.0114369 0.0000000 0.0127000
v -0.0122708 0.0000000 0.0085077
v -0.0122708 0.0015000 0.0085077
v -0.0114369 0.0015000 0.0127000
v -0.0127000 0.0000000 0.0127000
v -0.0127000 0.0000000 0.0085500
v -0.0127000 0.0015000 0.0085500
v -0.0127000 0.0015000 0.0127000
v -0.0139631 0.0000000 0.0127000
v -0.0131292 0.0000000 0.0085077
v -0.0131292 0.0015000 0.0085077
v -0.0139631 0.0015000 0.0127000
v -0.0153303 0.0000000 0.0127000
v -0.0135419 0.0000000 0.0083825
v -0.0135419 0.0015000 0.0083825
v -0.0153303 0.0015000 0.0127000
v -0.0169429 0.0000000 0.0127000
v -0.0139223 0.0000000 0.0081792
v -0.0139223 0.0015000 0.0081792
v -0.0169429 0.0015000 0.0127000
v -0.0190500 0.0000000 0.0127000
v -0.0142556 0.0000000 0.0079056
v -0.0142556 0.0015000 0.0079056
v -0.0190500 0.0015000 0.0127000
v -0.0190500 0.0000000 0.0105929
v -0.0145292 0.0000000 0.0075723
v -0.0145292 0.0015000 0.0075723
v -0.0190500 0.0015000 0.0105929
v -0.0190500 0.0000000 0.0089803
v -0.0147325 0.0000000 0.0071919
v -0.0147325 0.0015000 0.0071919
v -0.0190500 0.0015000 0.0089803
v -0.0190500 0.0000000 0.0076131
v -0.0148577 0.0000000 0.0067792
v -0.0148577 0.0015000 0.0067792
v -0.0190500 0.0015000 0.0076131
v -0.0190500 0.0000000 0.0063500
v -0.0149000 0.0000000 0.0063500
v -0.0149000 0.0015000 0.0063500
v -0.0190500 0.0015000 0.0063500
v -0.0190500 0.0000000 0.0050869
v -0.0148577 0.0000000 0.0059208
v -0.0148577 0.0015000 0.0059208
v -0.0190500 0.0015000 0.0050869
v -0.0190500 0.0000000 0.0037197
v -0.0147325 0.0000000 0.0055081
v -0.0147325 0.0015000 0.0055081
v -0.0190500 0.0015000 0.0037197
v -0.0190500 0.0000000 0.0021071
v -0.0145292 0.0000000 0.0051277
v -0.0145292 0.0015000 0.0051277
v -0.0190500 0.0015000 0.0021071
v -0.0142556 0.0000000 0.0047944
v -0.0142556 0.0015000 0.0047944
v -0.0139223 0.0000000 0.0045208
v -0.0139223 0.0015000 0.0045208
v -0.0135419 0.0000000 0.0043175
v -0.0135419 0.0015000 0.0043175
v -0.0131292 0.0000000 0.0041923
v -0.0131292 0.0015000 0.0041923
v -0.0127000 0.0000000 0.0041500
v -0.0127000 0.0015000 0.0041500
v -0.0122708 0.0000000 0.0041923
v -0.0122708 0.0015000 0.0041923
v -0.0118581 0.0000000 0.0043175
v -0.0118581 0.0015000 0.0043175
v -0.0114777 0.0000000 0.0045208
v -0.0114777 0.0015000 0.0045208
v -0.0111444 0.0000000 0.0047944
v -0.0111444 0.0015000 0.0047944
v -0.0063500 0.0000000 0.0021071
v -0.0108708 0.0000000 0.0051277
v -0.0108708 0.0015000 0.0051277
v -0.0063500 0.0015000 0.0021071
v -0.0063500 0.0000000 0.0037197
v -0.0106675 0.0000000 0.0055081
v -0.0106675 0.0015000 0.0055081
v -0.0063500 0.0015000 0.0037197
v -0.0063500 0.0000000 0.0050869
v -0.0105423 0.0000000 0.0059208
v -0.0105423 0.0015000 0.0059208
v -0.0063500 0.0015000 0.0050869
v -0.0063500 0.0000000 0.0190500
v -0.0063500 0.0000000 0.0203131
v -0.0105423 0.0000000 0.0194792
v -0.0105000 0.0000000 0.0190500
v -0.0063500 0.0015000 0.0190500
v -0.0105000 0.0015000 0.0190500
v -0.0105423 0.0015000 0.0194792
v -0.0063500 0.0015000 0.0203131
v -0.0063500 0.0000000 0.0216803
v -0.0106675 0.0000000 0.0198919
v -0.0106675 0.0015000 0.0198919
v -0.0063500 0.0015000 0.0216803
v -0.0063500 0.0000000 0.0232929
v -0.0108708 0.0000000 0.0202723
v -0.0108708 0.0015000 0.0202723
v -0.0063500 0.0015000 0.0232929
v -0.0063500 0.0000000 0.0254000
v -0.0111444 0.0000000 0.0206056
v -0.0111444 0.0015000 0.0206056
v -0.0063500 0.0015000 0.0254000
v -0.0084571 0.0000000 0.0254000
v -0.0114777 0.0000000 0.0208792
v -0.0114777 0.0015000 0.0208792
v -0.0084571 0.0015000 0.0254000
v -0.0100697 0.0000000 0.0254000
v -0.0118581 0.0000000 0.0210825
v -0.0118581 0.0015000 0.0210825
v -0.0100697 0.0015000 0.0254000
v -0.0114369 0.0000000 0.0254000
v -0.0122708 0.0000000 0.0212077
v -0.0122708 0.0015000 0.0212077
v -0.0114369 0.0015000 0.0254000
v -0.0127000 0.0000000 0.0254000
v -0.0127000 0.0000000 0.0212500
v -0.0127000 0.0015000 0.0212500
v -0.0127000 0.0015000 0.0254000
v -0.0139631 0.0000000 0.0254000
v -0.0131292 0.0000000 0.0212077
v -0.0131292 0.0015000 0.0212077
v -0.0139631 0.0015000 0.0254000
v -0.0153303 0.0000000 0.0254000
v -0.0135419 0.0000000 0.0210825
v -0.0135419 0.0015000 0.0210825
v -0.0153303 0.0015000 0.0254000
v -0.0169429 0.0000000 0.0254000
v -0.0139223 0.0000000 0.0208792
v -0.0139223 0.0015000 0.0208792
v -0.0169429 0.0015000 0.0254000
v -0.0190500 0.0000000 0.0254000
v -0.0142556 0.0000000 0.0206056
v -0.0142556 0.0015000 0.0206056
v -0.0190500 0.0015000 0.0254000
v -0.0190500 0.0000000 0.0232929
v -0.0145292 0.0000000 0.0202723
v -0.0145292 0.0015000 0.0202723
v -0.0190500 0.0015000 0.0232929
v -0.0190500 0.0000000 0.0216803
v -0.0147325 0.0000000 0.0198919
v -0.0147325 0.0015000 0.0198919
v -0.0190500 0.0015000 0.0216803
v -0.0190500 0.0000000 0.0203131
v -0.0148577 0.0000000 0.0194792
v -0.0148577 0.0015000 0.0194792
v -0.0190500 0.0015000 0.0203131
v -0.0190500 0.0000000 0.0190500
v -0.0149000 0.0000000 0.0190500
v -0.0149000 0.0015000 0.0190500
v -0.0190500 0.0015000 0.0190500
v -0.0190500 0.0000000 0.0177869
v -0.0148577 0.0000000 0.0186208
v -0.0148577 0.0015000 0.0186208
v -0.0190500 0.0015000 0.0177869
v -0.0190500 0.0000000 0.0164197
v -0.0147325 0.0000000 0.0182081
v -0.0147325 0.0015000 0.0182081
v -0.0190500 0.0015000 0.0164197
v -0.0190500 0.0000000 0.0148071
v -0.0145292 0.0000000 0.0178277
v -0.0145292 0.0015000 0.0178277
v -0.0190500 0.0015000 0.0148071
v -0.0142556 0.0000000 0.0174944
v -0.0142556 0.0015000 0.0174944
v -0.0139223 0.0000000 0.0172208
v -0.0139223 0.0015000 0.0172208
v -0.0135419 0.0000000 0.0170175
v -0.0135419 0.0015000 0.0170175
v -0.0131292 0.0000000 0.0168923
v -0.0131292 0.0015000 0.0168923
v -0.0127000 0.0000000 0.0168500
v -0.0127000 0.0015000 0.0168500
v -0.0122708 0.0000000 0.0168923
v -0.0122708 0.0015000 0.0168923
v -0.0118581 0.0000000 0.0170175
v -0.0118581 0.0015000 0.0170175
v -0.0114777 0.0000000 0.0172208
v -0.0114777 0.0015000 0.0172208
v -0.0111444 0.0000000 0.0174944
v -0.0111444 0.0015000 0.0174944
v -0.0063500 0.0000000 0.0148071
v -0.0108708 0.0000000 0.0178277
v -0.0108708 0.0015000 0.0178277
v -0.0063500 0.0015000 0.0148071
v -0.0063500 0.0000000 0.0164197
v -0.0106675 0.0000000 0.0182081
v -0.0106675 0.0015000 0.0182081
v -0.0063500 0.0015000 0.0164197
v -0.0063500 0.0000000 0.0177869
v -0.0105423 0.0000000 0.0186208
v -0.0105423 0.0015000 0.0186208
v -0.0063500 0.0015000 0.0177869
v -0.0063500 0.0000000 0.0317500
v -0.0063500 0.0000000 0.0330131
v -0.0105423 0.0000000 0.0321792
v -0.0105000 0.0000000 0.0317500
v -0.0063500 0.0015000 0.0317500
v -0.0105000 0.0015000 0.0317500
v -0.0105423 0.0015000 0.0321792
v -0.0063500 0.0015000 0.0330131
v -0.0063500 0.0000000 0.0343803
v -0.0106675 0.0000000 0.0325919
v -0.0106675 0.0015000 0.0325919
v -0.0063500 0.0015000 0.0343803
v -0.0063500 0.0000000 0.0359929
v -0.0108708 0.0000000 0.0329723
v -0.0108708 0.0015000 0.0329723
v -0.0063500 0.0015000 0.0359929
v -0.0063500 0.0000000 0.0381000
v -0.0111444 0.0000000 0.0333056
v -0.0111444 0.0015000 0.0333056
v -0.0063500 0.0015000 0.0381000
v -0.0084571 0.0000000 0.0381000
v -0.0114777 0.0000000 0.0335792
v -0.0114777 0.0015000 0.0335792
v -0.0084571 0.0015000 0.0381000
v -0.0100697 0.0000000 0.0381000
v -0.0118581 0.0000000 0.0337825
v -0.0118581 0.0015000 0.0337825
v -0.0100697 0.0015000 0.0381000
v -0.0114369 0.0000000 0.0381000
v -0.0122708 0.0000000 0.0339077
v -0.0122708 0.0015000 0.0339077
v -0.0114369 0.0015000 0.0381000
v -0.0127000 0.0000000 0.0381000
v -0.0127000 0.0000000 0.0339500
v -0.0127000 0.0015000 0.0339500
v -0.0127000 0.0015000 0.0381000
v -0.0139631 0.0000000 0.0381000
v -0.0131292 0.0000000 0.0339077
v -0.0131292 0.0015000 0.0339077
v -0.0139631 0.0015000 0.0381000
v -0.0153303 0.0000000 0.0381000
v -0.0135419 0.0000000 0.0337825
v -0.0135419 0.0015000 0.0337825
v -0.0153303 0.0015000 0.0381000
v -0.0169429 0.0000000 0.0381000
v -0.0139223 0.0000000 0.0335792
v -0.0139223 0.0015000 0.0335792
v -0.0169429 0.0015000 0.0381000
v -0.0190500 0.0000000 0.0381000
v -0.0142556 0.0000000 0.0333056
v -0.0142556 0.0015000 0.0333056
v -0.0190500 0.0015000 0.0381000
v -0.0190500 0.0000000 0.0359929
v -0.0145292 0.0000000 0.0329723
v -0.0145292 0.0015000 0.0329723
v -0.0190500 0.0015000 0.0359929
v -0.0190500 0.0000000 0.0343803
v -0.0147325 0.0000000 0.0325919
v -0.0147325 0.0015000 0.0325919
v -0.0190500 0.0015000 0.0343803
v -0.0190500 0.0000000 0.0330131
v -0.0148577 0.0000000 0.0321792
v -0.0148577 0.0015000 0.0321792
v -0.0190500 0.0015000 0.0330131
v -0.0190500 0.0000000 0.0317500
v -0.0149000 0.0000000 0.0317500
v -0.0149000 0.0015000 0.0317500
v -0.0190500 0.0015000 0.0317500
v -0.0190500 0.0000000 0.0304869
v -0.0148577 0.0000000 0.0313208
v -0.0148577 0.0015000 0.0313208
v -0.0190500 0.0015000 0.0304869
v -0.0190500 0.0000000 0.0291197
v -0.0147325 0.0000000 0.0309081
v -0.0147325 0.0015000 0.0309081
v -0.0190500 0.0015000 0.0291197
v -0.0190500 0.0000000 0.0275071
v -0.0145292 0.0000000 0.0305277
v -0.0145292 0.0015000 0.0305277
v -0.0190500 0.0015000 0.0275071
v -0.0142556 0.0000000 0.0301944
v -0.0142556 0.0015000 0.0301944
v -0.0139223 0.0000000 0.0299208
v -0.0139223 0.0015000 0.0299208
v -0.0135419 0.0000000 0.0297175
v -0.0135419 0.0015000 0.0297175
v -0.0131292 0.0000000 0.0295923
v -0.0131292 0.0015000 0.0295923
v -0.0127000 0.0000000 0.0295500
v -0.0127000 0.0015000 0.0295500
v -0.0122708 0.0000000 0.0295923
v -0.0122708 0.0015000 0.0295923
v -0.0118581 0.0000000 0.0297175
v -0.0118581 0.0015000 0.0297175
v -0.0114777 0.0000000 0.0299208
v -0.0114777 0.0015000 0.0299208
v -0.0111444 0.0000000 0.0301944
v -0.0111444 0.0015000 0.0301944
v -0.0063500 0.0000000 0.0275071
v -0.0108708 0.0000000 0.0305277
v -0.0108708 0.0015000 0.0305277
v -0.0063500 0.0015000 0.0275071
v -0.0063500 0.0000000 0.0291197
v -0.0106675 0.0000000 0.0309081
v -0.0106675 0.0015000 0.0309081
v -0.0063500 0.0015000 0.0291197
v -0.0063500 0.0000000 0.0304869
v -0.0105423 0.0000000 0.0313208
v -0.0105423 0.0015000 0.0313208
v -0.0063500 0.0015000 0.0304869
v -0.0063500 0.0000000 0.0444500
v -0.0063500 0.0000000 0.0457131
v -0.0105423 0.0000000 0.0448792
v -0.0105000 0.0000000 0.0444500
v -0.0063500 0.0015000 0.0444500
v -0.0105000 0.0015000 0.0444500
v -0.0105423 0.0015000 0.0448792
v -0.0063500 0.0015000 0.0457131
v -0.0063500 0.0000000 0.0470803
v -0.0106675 0.0000000 0.0452919
v -0.0106675 0.0015000 0.0452919
v -0.0063500 0.0015000 0.0470803
v -0.0063500 0.0000000 0.0486929
v -0.0108708 0.0000000 0.0456723
v -0.0108708 0.0015000 0.0456723
v -0.0063500 0.0015000 0.0486929
v -0.0063500 0.0000000 0.0508000
v -0.0111444 0.0000000 0.0460056
v -0.0111444 0.0015000 0.0460056
v -0.0063500 0.0015000 0.0508000
v -0.0084571 0.0000000 0.0508000
v -0.0114777 0.0000000 0.0462792
v -0.0114777 0.0015000 0.0462792
v -0.0084571 0.0015000 0.0508000
v -0.0100697 0.0000000 0.0508000
v -0.0118581 0.0000000 0.0464825
v -0.0118581 0.0015000 0.0464825
v -0.0100697 0.0015000 0.0508000
v -0.0114369 0.0000000 0.0508000
v -0.0122708 0.0000000 0.0466077
v -0.0122708 0.0015000 0.0466077
v -0.0114369 0.0015000 0.0508000
v -0.0127000 0.0000000 0.0508000
v -0.0127000 0.0000000 0.0466500
v -0.0127000 0.0015000 0.0466500
v -0.0127000 0.0015000 0.0508000
v -0.0139631 0.0000000 0.0508000
v -0.0131292 0.0000000 0.0466077
v -0.0131292 0.0015000 0.0466077
v -0.0139631 0.0015000 0.0508000
v -0.0153303 0.0000000 0.0508000
v -0.0135419 0.0000000 0.0464825
v -0.0135419 0.0015000 0.0464825
v -0.0153303 0.0015000 0.0508000
v -0.0169429 0.0000000 0.0508000
v -0.0139223 0.0000000 0.0462792
v -0.0139223 0.0015000 0.0462792
v -0.0169429 0.0015000 0.0508000
v -0.0190500 0.0000000 0.0508000
v -0.0142556 0.0000000 0.0460056
v -0.0142556 0.0015000 0.0460056
v -0.0190500 0.0015000 0.0508000
v -0.0190500 0.0000000 0.0486929
v -0.0145292 0.0000000 0.0456723
v -0.0145292 0.0015000 0.0456723
v -0.0190500 0.0015000 0.0486929
v -0.0190500 0.0000000 0.0470803
v -0.0147325 0.0000000 0.0452919
v -0.0147325 0.0015000 0.0452919
v -0.0190500 0.0015000 0.0470803
v -0.0190500 0.0000000 0.0457131
v -0.0148577 0.0000000 0.0448792
v -0.0148577 0.0015000 0.0448792
v -0.0190500 0.0015000 0.0457131
v -0.0190500 0.0000000 0.0444500
v -0.0149000 0.0000000 0.0444500
v -0.0149000 0.0015000 0.0444500
v -0.0190500 0.0015000 0.0444500
v -0.0190500 0.0000000 0.0431869
v -0.0148577 0.0000000 0.0440208
v -0.0148577 0.0015000 0.0440208
v -0.0190500 0.0015000 0.0431869
v -0.0190500 0.0000000 0.0418197
v -0.0147325 0.0000000 0.0436081
v -0.0147325 0.0015000 0.0436081
v -0.0190500 0.0015000 0.0418197
v -0.0190500 0.0000000 0.0402071
v -0.0145292 0.0000000 0.0432277
v -0.0145292 0.0015000 0.0432277
v -0.0190500 0.0015000 0.0402071
v -0.0142556 0.0000000 0.0428944
v -0.0142556 0.0015000 0.0428944
v -0.0139223 0.0000000 0.0426208
v -0.0139223 0.0015000 0.0426208
v -0.0135419 0.0000000 0.0424175
v -0.0135419 0.0015000 0.0424175
v -0.0131292 0.0000000 0.0422923
v -0.0131292 0.0015000 0.0422923
v -0.0127000 0.0000000 0.0422500
v -0.0127000 0.0015000 0.0422500
v -0.0122708 0.0000000 0.0422923
v -0.0122708 0.0015000 0.0422923
v -0.0118581 0.0000000 0.0424175
v -0.0118581 0.0015000 0.0424175
v -0.0114777 0.0000000 0.0426208
v -0.0114777 0.0015000 0.0426208
v -0.0111444 0.0000000 0.0428944
v -0.0111444 0.0015000 0.0428944
v -0.0063500 0.0000000 0.0402071
v -0.0108708 0.0000000 0.0432277
v -0.0108708 0.0015000 0.0432277
v -0.0063500 0.0015000 0.0402071
v -0.0063500 0.0000000 0.0418197
v -0.0106675 0.0000000 0.0436081
v -0.0106675 0.0015000 0.0436081
v -0.0063500 0.0015000 0.0418197
v -0.0063500 0.0000000 0.0431869
v -0.0105423 0.0000000 0.0440208
v -0.0105423 0.0015000 0.0440208
v -0.0063500 0.0015000 0.0431869
v 0.0063500 0.0000000 -0.0444500
v 0.0063500 0.0000000 -0.0431869
v 0.0021577 0.0000000 -0.0440208
v 0.0022000 0.0000000 -0.0444500
v 0.0063500 0.0015000 -0.0444500
v 0.0022000 0.0015000 -0.0444500
v 0.0021577 0.0015000 -0.0440208
v 0.0063500 0.0015000 -0.0431869
v 0.0063500 0.0000000 -0.0418197
v 0.0020325 0.0000000 -0.0436081
v 0.0020325 0.0015000 -0.0436081
v 0.0063500 0.0015000 -0.0418197
v 0.0063500 0.0000000 -0.0402071
v 0.0018292 0.0000000 -0.0432277
v 0.0018292 0.0015000 -0.0432277
v 0.0063500 0.0015000 -0.0402071
v 0.0063500 0.0000000 -0.0381000
v 0.0015556 0.0000000 -0.0428944
v 0.0015556 0.0015000 -0.0428944
v 0.0063500 0.0015000 -0.0381000
v 0.0042429 0.0000000 -0.0381000
v 0.0012223 0.0000000 -0.0426208
v 0.0012223 0.0015000 -0.0426208
v 0.0042429 0.0015000 -0.0381000
v 0.0026303 0.0000000 -0.0381000
v 0.0008419 0.0000000 -0.0424175
v 0.0008419 0.0015000 -0.0424175
v 0.0026303 0.0015000 -0.0381000
v 0.0012631 0.0000000 -0.0381000
v 0.0004292 0.0000000 -0.0422923
v 0.0004292 0.0015000 -0.0422923
v 0.0012631 0.0015000 -0.0381000
v 0.0000000 0.0000000 -0.0381000
v 0.0000000 0.0000000 -0.0422500
v 0.0000000 0.0015000 -0.0422500
v 0.0000000 0.0015000 -0.0381000
v -0.0012631 0.0000000 -0.0381000
v -0.0004292 0.0000000 -0.0422923
v -0.0004292 0.0015000 -0.0422923
v -0.0012631 0.0015000 -0.0381000
v -0.0026303 0.0000000 -0.0381000
v -0.0008419 0.0000000 -0.0424175
v -0.0008419 0.0015000 -0.0424175
v -0.0026303 0.0015000 -0.0381000
v -0.0042429 0.0000000 -0.0381000
v -0.0012223 0.0000000 -0.0426208
v -0.0012223 0.0015000 -0.0426208
v -0.0042429 0.0015000 -0.0381000
v -0.0015556 0.0000000 -0.0428944
v -0.0015556 0.0015000 -0.0428944
v -0.0018292 0.0000000 -0.0432277
v -0.0018292 0.0015000 -0.0432277
v -0.0020325 0.0000000 -0.0436081
v -0.0020325 0.0015000 -0.0436081
v -0.0021577 0.0000000 -0.0440208
v -0.0021577 0.0015000 -0.0440208
v -0.0022000 0.0000000 -0.0444500
v -0.0022000 0.0015000 -0.0444500
v -0.0021577 0.0000000 -0.0448792
v -0.0021577 0.0015000 -0.0448792
v -0.0020325 0.0000000 -0.0452919
v -0.0020325 0.0015000 -0.0452919
v -0.0018292 0.0000000 -0.0456723
v -0.0018292 0.0015000 -0.0456723
v -0.0015556 0.0000000 -0.0460056
v -0.0015556 0.0015000 -0.0460056
v -0.0042429 0.0000000 -0.0508000
v -0.0012223 0.0000000 -0.0462792
v -0.0012223 0.0015000 -0.0462792
v -0.0042429 0.0015000 -0.0508000
v -0.0026303 0.0000000 -0.0508000
v -0.0008419 0.0000000 -0.0464825
v -0.0008419 0.0015000 -0.0464825
v -0.0026303 0.0015000 -0.0508000
v -0.0012631 0.0000000 -0.0508000
v -0.0004292 0.0000000 -0.0466077
v -0.0004292 0.0015000 -0.0466077
v -0.0012631 0.0015000 -0.0508000
v -0.0000000 0.0000000 -0.0508000
v -0.0000000 0.0000000 -0.0466500
v -0.0000000 0.0015000 -0.0466500
v -0.0000000 0.0015000 -0.0508000
v 0.0012631 0.0000000 -0.0508000
v 0.0004292 0.0000000 -0.0466077
v 0.0004292 0.0015000 -0.0466077
v 0.0012631 0.0015000 -0.0508000
v 0.0026303 0.0000000 -0.0508000
v 0.0008419 0.0000000 -0.0464825
v 0.0008419 0.0015000 -0.0464825
v 0.0026303 0.0015000 -0.0508000
v 0.0042429 0.0000000 -0.0508000
v 0.0012223 0.0000000 -0.0462792
v 0.0012223 0.0015000 -0.0462792
v 0.0042429 0.0015000 -0.0508000
v 0.0063500 0.0000000 -0.0508000
v 0.0015556 0.0000000 -0.0460056
v 0.0015556 0.0015000 -0.0460056
v 0.0063500 0.0015000 -0.0508000
v 0.0063500 0.0000000 -0.0486929
v 0.0018292 0.0000000 -0.0456723
v 0.0018292 0.0015000 -0.0456723
v 0.0063500 0.0015000 -0.0486929
v 0.0063500 0.0000000 -0.0470803
v 0.0020325 0.0000000 -0.0452919
v 0.0020325 0.0015000 -0.0452919
v 0.0063500 0.0015000 -0.0470803
v 0.0063500 0.0000000 -0.0457131
v 0.0021577 0.0000000 -0.0448792
v 0.0021577 0.0015000 -0.0448792
v 0.0063500 0.0015000 -0.0457131
v 0.0063500 0.0000000 -0.0317500
v 0.0063500 0.0000000 -0.0304869
v 0.0021577 0.0000000 -0.0313208
v 0.0022000 0.0000000 -0.0317500
v 0.0063500 0.0015000 -0.0317500
v 0.0022000 0.0015000 -0.0317500
v 0.0021577 0.0015000 -0.0313208
v 0.0063500 0.0015000 -0.0304869
v 0.0063500 0.0000000 -0.0291197
v 0.0020325 0.0000000 -0.0309081
v 0.0020325 0.0015000 -0.0309081
v 0.0063500 0.0015000 -0.0291197
v 0.0063500 0.0000000 -0.0275071
v 0.0018292 0.0000000 -0.0305277
v 0.0018292 0.0015000 -0.0305277
v 0.0063500 0.0015000 -0.0275071
v 0.0063500 0.0000000 -0.0254000
v 0.0015556 0.0000000 -0.0301944
v 0.0015556 0.0015000 -0.0301944
v 0.0063500 0.0015000 -0.0254000
v 0.0042429 0.0000000 -0.0254000
v 0.0012223 0.0000000 -0.0299208
v 0.0012223 0.0015000 -0.0299208
v 0.0042429 0.0015000 -0.0254000
v 0.0026303 0.0000000 -0.0254000
v 0.0008419 0.0000000 -0.0297175
v 0.0008419 0.0015000 -0.0297175
v 0.0026303 0.0015000 -0.0254000
v 0.0012631 0.0000000 -0.0254000
v 0.0004292 0.0000000 -0.0295923
v 0.0004292 0.0015000 -0.0295923
v 0.0012631 0.0015000 -0.0254000
v 0.0000000 0.0000000 -0.0254000
v 0.0000000 0.0000000 -0.0295500
v 0.0000000 0.0015000 -0.0295500
v 0.0000000 0.0015000 -0.0254000
v -0.0012631 0.0000000 -0.0254000
v -0.0004292 0.0000000 -0.0295923
v -0.0004292 0.0015000 -0.0295923
v -0.0012631 0.0015000 -0.0254000
v -0.0026303 0.0000000 -0.0254000
v -0.0008419 0.0000000 -0.0297175
v -0.0008419 0.0015000 -0.0297175
v -0.0026303 0.0015000 -0.0254000
v -0.0042429 0.0000000 -0.0254000
v -0.0012223 0.0000000 -0.0299208
v -0.0012223 0.0015000 -0.0299208
v -0.0042429 0.0015000 -0.0254000
v -0.0015556 0.0000000 -0.0301944
v -0.0015556 0.0015000 -0.0301944
v -0.0018292 0.0000000 -0.0305277
v -0.0018292 0.0015000 -0.0305277
v -0.0020325 0.0000000 -0.0309081
v -0.0020325 0.0015000 -0.0309081
v -0.0021577 0.0000000 -0.0313208
v -0.0021577 0.0015000 -0.0313208
v -0.0022000 0.0000000 -0.0317500
v -0.0022000 0.0015000 -0.0317500
v -0.0021577 0.0000000 -0.0321792
v -0.0021577 0.0015000 -0.0321792
v -0.0020325 0.0000000 -0.0325919
v -0.0020325 0.0015000 -0.0325919
v -0.0018292 0.0000000 -0.0329723
v -0.0018292 0.0015000 -0.0329723
v -0.0015556 0.0000000 -0.0333056
v -0.0015556 0.0015000 -0.0333056
v -0.0012223 0.0000000 -0.0335792
v -0.0012223 0.0015000 -0.0335792
v -0.0008419 0.0000000 -0.0337825
v -0.0008419 0.0015000 -0.0337825
v -0.0004292 0.0000000 -0.0339077
v -0.0004292 0.0015000 -0.0339077
v -0.0000000 0.0000000 -0.0339500
v -0.0000000 0.0015000 -0.0339500
v 0.0004292 0.0000000 -0.0339077
v 0.0004292 0.0015000 -0.0339077
v 0.0008419 0.0000000 -0.0337825
v 0.0008419 0.0015000 -0.0337825
v 0.0012223 0.0000000 -0.0335792
v 0.0012223 0.0015000 -0.0335792
v 0.0015556 0.0000000 -0.0333056
v 0.0015556 0.0015000 -0.0333056
v 0.0063500 0.0000000 -0.0359929
v 0.0018292 0.0000000 -0.0329723
v 0.0018292 0.0015000 -0.0329723
v 0.0063500 0.0015000 -0.0359929
v 0.0063500 0.0000000 -0.0343803
v 0.0020325 0.0000000 -0.0325919
v 0.0020325 0.0015000 -0.0325919
v 0.0063500 0.0015000 -0.0343803
v 0.0063500 0.0000000 -0.0330131
v 0.0021577 0.0000000 -0.0321792
v 0.0021577 0.0015000 -0.0321792
v 0.0063500 0.0015000 -0.0330131
v 0.0063500 0.0000000 -0.0190500
v 0.0063500 0.0000000 -0.0177869
v 0.0021577 0.0000000 -0.0186208
v 0.0022000 0.0000000 -0.0190500
v 0.0063500 0.0015000 -0.0190500
v 0.0022000 0.0015000 -0.0190500
v 0.0021577 0.0015000 -0.0186208
v 0.0063500 0.0015000 -0.0177869
v 0.0063500 0.0000000 -0.0164197
v 0.0020325 0.0000000 -0.0182081
v 0.0020325 0.0015000 -0.0182081
v 0.0063500 0.0015000 -0.0164197
v 0.0063500 0.0000000 -0.0148071
v 0.0018292 0.0000000 -0.0178277
v 0.0018292 0.0015000 -0.0178277
v 0.0063500 0.0015000 -0.0148071
v 0.0063500 0.0000000 -0.0127000
v 0.0015556 0.0000000 -0.0174944
v 0.0015556 0.0015000 -0.0174944
v 0.0063500 0.0015000 -0.0127000
v 0.0042429 0.0000000 -0.0127000
v 0.0012223 0.0000000 -0.0172208
v 0.0012223 0.0015000 -0.0172208
v 0.0042429 0.0015000 -0.0127000
v 0.0026303 0.0000000 -0.0127000
v 0.0008419 0.0000000 -0.0170175
v 0.0008419 0.0015000 -0.0170175
v 0.0026303 0.0015000 -0.0127000
v 0.0012631 0.0000000 -0.0127000
v 0.0004292 0.0000000 -0.0168923
v 0.0004292 0.0015000 -0.0168923
v 0.0012631 0.0015000 -0.0127000
v 0.0000000 0.0000000 -0.0127000
v 0.0000000 0.0000000 -0.0168500
v 0.0000000 0.0015000 -0.0168500
v 0.0000000 0.0015000 -0.0127000
v -0.0012631 0.0000000 -0.0127000
v -0.0004292 0.0000000 -0.0168923
v -0.0004292 0.0015000 -0.0168923
v -0.0012631 0.0015000 -0.0127000
v -0.0026303 0.0000000 -0.0127000
v -0.0008419 0.0000000 -0.0170175
v -0.0008419 0.0015000 -0.0170175
v -0.0026303 0.0015000 -0.0127000
v -0.0042429 0.0000000 -0.0127000
v -0.0012223 0.0000000 -0.0172208
v -0.0012223 0.0015000 -0.0172208
v -0.0042429 0.0015000 -0.0127000
v -0.0015556 0.0000000 -0.0174944
v -0.0015556 0.0015000 -0.0174944
v -0.0018292 0.0000000 -0.0178277
v -0.0018292 0.0015000 -0.0178277
v -0.0020325 0.0000000 -0.0182081
v -0.0020325 0.0015000 -0.0182081
v -0.0021577 0.0000000 -0.0186208
v -0.0021577 0.0015000 -0.0186208
v -0.0022000 0.0000000 -0.0190500
v -0.0022000 0.0015000 -0.0190500
v -0.0021577 0.0000000 -0.0194792
v -0.0021577 0.0015000 -0.0194792
v -0.0020325 0.0000000 -0.0198919
v -0.0020325 0.0015000 -0.0198919
v -0.0018292 0.0000000 -0.0202723
v -0.0018292 0.0015000 -0.0202723
v -0.0015556 0.0000000 -0.0206056
v -0.0015556 0.0015000 -0.0206056
v -0.0012223 0.0000000 -0.0208792
v -0.0012223 0.0015000 -0.0208792
v -0.0008419 0.0000000 -0.0210825
v -0.0008419 0.0015000 -0.0210825
v -0.0004292 0.0000000 -0.0212077
v -0.0004292 0.0015000 -0.0212077
v -0.0000000 0.0000000 -0.0212500
v -0.0000000 0.0015000 -0.0212500
v 0.0004292 0.0000000 -0.0212077
v 0.0004292 0.0015000 -0.0212077
v 0.0008419 0.0000000 -0.0210825
v 0.0008419 0.0015000 -0.0210825
v 0.0012223 0.0000000 -0.0208792
v 0.0012223 0.0015000 -0.0208792
v 0.0015556 0.0000000 -0.0206056
v 0.0015556 0.0015000 -0.0206056
v 0.0063500 0.0000000 -0.0232929
v 0.0018292 0.0000000 -0.0202723
v 0.0018292 0.0015000 -0.0202723
v 0.0063500 0.0015000 -0.0232929
v 0.0063500 0.0000000 -0.0216803
v 0.0020325 0.0000000 -0.0198919
v 0.0020325 0.0015000 -0.0198919
v 0.0063500 0.0015000 -0.0216803
v 0.0063500 0.0000000 -0.0203131
v 0.0021577 0.0000000 -0.0194792
v 0.0021577 0.0015000 -0.0194792
v 0.0063500 0.0015000 -0.0203131
v 0.0063500 0.0000000 -0.0063500
v 0.0063500 0.0000000 -0.0050869
v 0.0021577 0.0000000 -0.0059208
v 0.0022000 0.0000000 -0.0063500
v 0.0063500 0.0015000 -0.0063500
v 0.0022000 0.0015000 -0.0063500
v 0.0021577 0.0015000 -0.0059208
v 0.0063500 0.0015000 -0.0050869
v 0.0063500 0.0000000 -0.0037197
v 0.0020325 0.0000000 -0.0055081
v 0.0020325 0.0015000 -0.0055081
v 0.0063500 0.0015000 -0.0037197
v 0.0063500 0.0000000 -0.0021071
v 0.0018292 0.0000000 -0.0051277
v 0.0018292 0.0015000 -0.0051277
v 0.0063500 0.0015000 -0.0021071
v 0.0063500 0.0000000 -0.0000000
v 0.0015556 0.0000000 -0.0047944
v 0.0015556 0.0015000 -0.0047944
v 0.0063500 0.0015000 -0.0000000
v 0.0042429 0.0000000 0.0000000
v 0.0012223 0.0000000 -0.0045208
v 0.0012223 0.0015000 -0.0045208
v 0.0042429 0.0015000 0.0000000
v 0.0026303 0.0000000 0.0000000
v 0.0008419 0.0000000 -0.0043175
v 0.0008419 0.0015000 -0.0043175
v 0.0026303 0.0015000 0.0000000
v 0.0012631 0.0000000 0.0000000
v 0.0004292 0.0000000 -0.0041923
v 0.0004292 0.0015000 -0.0041923
v 0.0012631 0.0015000 0.0000000
v 0.0000000 0.0000000 0.0000000
v 0.0000000 0.0000000 -0.0041500
v 0.0000000 0.0015000 -0.0041500
v 0.0000000 0.0015000 0.0000000
v -0.0012631 0.0000000 0.0000000
v -0.0004292 0.0000000 -0.0041923
v -0.0004292 0.0015000 -0.0041923
v -0.0012631 0.0015000 0.0000000
v -0.0026303 0.0000000 0.0000000
v -0.0008419 0.0000000 -0.0043175
v -0.0008419 0.0015000 -0.0043175
v -0.0026303 0.0015000 0.0000000
v -0.0042429 0.0000000 0.0000000
v -0.0012223 0.0000000 -0.0045208
v -0.0012223 0.0015000 -0.0045208
v -0.0042429 0.0015000 0.0000000
v -0.0015556 0.0000000 -0.0047944
v -0.0015556 0.0015000 -0.0047944
v -0.0018292 0.0000000 -0.0051277
v -0.0018292 0.0015000 -0.0051277
v -0.0020325 0.0000000 -0.0055081
v -0.0020325 0.0015000 -0.0055081
v -0.0021577 0.0000000 -0.0059208
v -0.0021577 0.0015000 -0.0059208
v -0.0022000 0.0000000 -0.0063500
v -0.0022000 0.0015000 -0.0063500
v -0.0021577 0.0000000 -0.0067792
v -0.0021577 0.0015000 -0.0067792
v -0.0020325 0.0000000 -0.0071919
v -0.0020325 0.0015000 -0.0071919
v -0.0018292 0.0000000 -0.0075723
v -0.0018292 0.0015000 -0.0075723
v -0.0015556 0.0000000 -0.0079056
v -0.0015556 0.0015000 -0.0079056
v -0.0012223 0.0000000 -0.0081792
v -0.0012223 0.0015000 -0.0081792
v -0.0008419 0.0000000 -0.0083825
v -0.0008419 0.0015000 -0.0083825
v -0.0004292 0.0000000 -0.0085077
v -0.0004292 0.0015000 -0.0085077
v -0.0000000 0.0000000 -0.0085500
v -0.0000000 0.0015000 -0.0085500
v 0.0004292 0.0000000 -0.0085077
v 0.0004292 0.0015000 -0.0085077
v 0.0008419 0.0000000 -0.0083825
v 0.0008419 0.0015000 -0.0083825
v 0.0012223 0.0000000 -0.0081792
v 0.0012223 0.0015000 -0.0081792
v 0.0015556 0.0000000 -0.0079056
v 0.0015556 0.0015000 -0.0079056
v 0.0063500 0.0000000 -0.0105929
v 0.0018292 0.0000000 -0.0075723
v 0.0018292 0.0015000 -0.0075723
v 0.0063500 0.0015000 -0.0105929
v 0.0063500 0.0000000 -0.0089803
v 0.0020325 0.0000000 -0.0071919
v 0.0020325 0.0015000 -0.0071919
v 0.0063500 0.0015000 -0.0089803
v 0.0063500 0.0000000 -0.0076131
v 0.0021577 0.0000000 -0.0067792
v 0.0021577 0.0015000 -0.0067792
v 0.0063500 0.0015000 -0.0076131
v 0.0063500 0.0000000 0.0063500
v 0.0063500 0.0000000 0.0076131
v 0.0021577 0.0000000 0.0067792
v 0.0022000 0.0000000 0.0063500
v 0.0063500 0.0015000 0.0063500
v 0.0022000 0.0015000 0.0063500
v 0.0021577 0.0015000 0.0067792
v 0.0063500 0.0015000 0.0076131
v 0.0063500 0.0000000 0.0089803
v 0.0020325 0.0000000 0.0071919
v 0.0020325 0.0015000 0.0071919
v 0.0063500 0.0015000 0.0089803
v 0.0063500 0.0000000 0.0105929
v 0.0018292 0.0000000 0.0075723
v 0.0018292 0.0015000 0.0075723
v 0.0063500 0.0015000 0.0105929
v 0.0063500 0.0000000 0.0127000
v 0.0015556 0.0000000 0.0079056
v 0.0015556 0.0015000 0.0079056
v 0.0063500 0.0015000 0.0127000
v 0.0042429 0.0000000 0.0127000
v 0.0012223 0.0000000 0.0081792
v 0.0012223 0.0015000 0.0081792
v 0.0042429 0.0015000 0.0127000
v 0.0026303 0.0000000 0.0127000
v 0.0008419 0.0000000 0.0083825
v 0.0008419 0.0015000 0.0083825
v 0.0026303 0.0015000 0.0127000
v 0.0012631 0.0000000 0.0127000
v 0.0004292 0.0000000 0.0085077
v 0.0004292 0.0015000 0.0085077
v 0.0012631 0.0015000 0.0127000
v 0.0000000 0.0000000 0.0127000
v 0.0000000 0.0000000 0.0085500
v 0.0000000 0.0015000 0.0085500
v 0.0000000 0.0015000 0.0127000
v -0.0012631 0.0000000 0.0127000
v -0.0004292 0.0000000 0.0085077
v -0.0004292 0.0015000 0.0085077
v -0.0012631 0.0015000 0.0127000
v -0.0026303 0.0000000 0.0127000
v -0.0008419 0.0000000 0.0083825
v -0.0008419 0.0015000 0.0083825
v -0.0026303 0.0015000 0.0127000
v -0.0042429 0.0000000 0.0127000
v -0.0012223 0.0000000 0.0081792
v -0.0012223 0.0015000 0.0081792
v -0.0042429 0.0015000 0.0127000
v -0.0015556 0.0000000 0.0079056
v -0.0015556 0.0015000 0.0079056
v -0.0018292 0.0000000 0.0075723
v -0.0018292 0.0015000 0.0075723
v -0.0020325 0.0000000 0.0071919
v -0.0020325 0.0015000 0.0071919
v -0.0021577 0.0000000 0.0067792
v -0.0021577 0.0015000 0.0067792
v -0.0022000 0.0000000 0.0063500
v -0.0022000 0.0015000 0.0063500
v -0.0021577 0.0000000 0.0059208
v -0.0021577 0.0015000 0.0059208
v -0.0020325 0.0000000 0.0055081
v -0.0020325 0.0015000 0.0055081
v -0.0018292 0.0000000 0.0051277
v -0.0018292 0.0015000 0.0051277
v -0.0015556 0.0000000 0.0047944
v -0.0015556 0.0015000 0.0047944
v -0.0012223 0.0000000 0.0045208
v -0.0012223 0.0015000 0.0045208
v -0.0008419 0.0000000 0.0043175
v -0.0008419 0.0015000 0.0043175
v -0.0004292 0.0000000 0.0041923
v -0.0004292 0.0015000 0.0041923
v -0.0000000 0.0000000 0.0041500
v -0.0000000 0.0015000 0.0041500
v 0.0004292 0.0000000 0.0041923
v 0.0004292 0.0015000 0.0041923
v 0.0008419 0.0000000 0.0043175
v 0.0008419 0.0015000 0.0043175
v 0.0012223 0.0000000 0.0045208
v 0.0012223 0.0015000 0.0045208
v 0.0015556 0.0000000 0.0047944
v 0.0015556 0.0015000 0.0047944
v 0.0063500 0.0000000 0.0021071
v 0.0018292 0.0000000 0.0051277
v 0.0018292 0.0015000 0.0051277
v 0.0063500 0.0015000 0.0021071
v 0.0063500 0.0000000 0.0037197
v 0.0020325 0.0000000 0.0055081
v 0.0020325 0.0015000 0.0055081
v 0.0063500 0.0015000 0.0037197
v 0.0063500 0.0000000 0.0050869
v 0.0021577 0.0000000 0.0059208
v 0.0021577 0.0015000 0.0059208
v 0.0063500 0.0015000 0.0050869
v 0.0063500 0.0000000 0.0190500
v 0.0063500 0.0000000 0.0203131
v 0.0021577 0.0000000 0.0194792
v 0.0022000 0.0000000 0.0190500
v 0.0063500 0.0015000 0.0190500
v 0.0022000 0.0015000 0.0190500
v 0.0021577 0.0015000 0.0194792
v 0.0063500 0.0015000 0.0203131
v 0.0063500 0.0000000 0.0216803
v 0.0020325 0.0000000 0.0198919
v 0.0020325 0.0015000 0.0198919
v 0.0063500 0.0015000 0.0216803
v 0.0063500 0.0000000 0.0232929
v 0.0018292 0.0000000 0.0202723
v 0.0018292 0.0015000 0.0202723
v 0.0063500 0.0015000 0.0232929
v 0.0063500 0.0000000 0.0254000
v 0.0015556 0.0000000 0.0206056
v 0.0015556 0.0015000 0.0206056
v 0.0063500 0.0015000 0.0254000
v 0.0042429 0.0000000 0.0254000
v 0.0012223 0.0000000 0.0208792
v 0.0012223 0.0015000 0.0208792
v 0.0042429 0.0015000 0.0254000
v 0.0026303 0.0000000 0.0254000
v 0.0008419 0.0000000 0.0210825
v 0.0008419 0.0015000 0.0210825
v 0.0026303 0.0015000 0.0254000
v 0.0012631 0.0000000 0.0254000
v 0.0004292 0.0000000 0.0212077
v 0.0004292 0.0015000 0.0212077
v 0.0012631 0.0015000 0.0254000
v 0.0000000 0.0000000 0.0254000
v 0.0000000 0.0000000 0.0212500
v 0.0000000 0.0015000 0.0212500
v 0.0000000 0.0015000 0.0254000
v -0.0012631 0.0000000 0.0254000
v -0.0004292 0.0000000 0.0212077
v -0.0004292 0.0015000 0.0212077
v -0.0012631 0.0015000 0.0254000
v -0.0026303 0.0000000 0.0254000
v -0.0008419 0.0000000 0.0210825
v -0.0008419 0.0015000 0.0210825
v -0.0026303 0.0015000 0.0254000
v -0.0042429 0.0000000 0.0254000
v -0.0012223 0.0000000 0.0208792
v -0.0012223 0.0015000 0.0208792
v -0.0042429 0.0015000 0.0254000
v -0.0015556 0.0000000 0.0206056
v -0.0015556 0.0015000 0.0206056
v -0.0018292 0.0000000 0.0202723
v -0.0018292 0.0015000 0.0202723
v -0.0020325 0.0000000 0.0198919
v -0.0020325 0.0015000 0.0198919
v -0.0021577 0.0000000 0.0194792
v -0.0021577 0.0015000 0.0194792
v -0.0022000 0.0000000 0.0190500
v -0.0022000 0.0015000 0.0190500
v -0.0021577 0.0000000 0.0186208
v -0.0021577 0.0015000 0.0186208
v -0.0020325 0.0000000 0.0182081
v -0.0020325 0.0015000 0.0182081
v -0.0018292 0.0000000 0.0178277
v -0.0018292 0.0015000 0.0178277
v -0.0015556 0.0000000 0.0174944
v -0.0015556 0.0015000 0.0174944
v -0.0012223 0.0000000 0.0172208
v -0.0012223 0.0015000 0.0172208
v -0.0008419 0.0000000 0.0170175
v -0.0008419 0.0015000 0.0170175
v -0.0004292 0.0000000 0.0168923
v -0.0004292 0.0015000 0.0168923
v -0.0000000 0.0000000 0.0168500
v -0.0000000 0.0015000 0.0168500
v 0.0004292 0.0000000 0.0168923
v 0.0004292 0.0015000 0.0168923
v 0.0008419 0.0000000 0.0170175
v 0.0008419 0.0015000 0.0170175
v 0.0012223 0.0000000 0.0172208
v 0.0012223 0.0015000 0.0172208
v 0.0015556 0.0000000 0.0174944
v 0.0015556 0.0015000 0.0174944
v 0.0063500 0.0000000 0.0148071
v 0.0018292 0.0000000 0.0178277
v 0.0018292 0.0015000 0.0178277
v 0.0063500 0.0015000 0.0148071
v 0.0063500 0.0000000 0.0164197
v 0.0020325 0.0000000 0.0182081
v 0.0020325 0.0015000 0.0182081
v 0.0063500 0.0015000 0.0164197
v 0.0063500 0.0000000 0.0177869
v 0.0021577 0.0000000 0.0186208
v 0.0021577 0.0015000 0.0186208
v 0.0063500 0.0015000 0.0177869
v 0.0063500 0.0000000 0.0317500
v 0.0063500 0.0000000 0.0330131
v 0.0021577 0.0000000 0.0321792
v 0.0022000 0.0000000 0.0317500
v 0.0063500 0.0015000 0.0317500
v 0.0022000 0.0015000 0.0317500
v 0.0021577 0.0015000 0.0321792
v 0.0063500 0.0015000 0.0330131
v 0.0063500 0.0000000 0.0343803
v 0.0020325 0.0000000 0.0325919
v 0.0020325 0.0015000 0.0325919
v 0.0063500 0.0015000 0.0343803
v 0.0063500 0.0000000 0.0359929
v 0.0018292 0.0000000 0.0329723
v 0.0018292 0.0015000 0.0329723
v 0.0063500 0.0015000 0.0359929
v 0.0063500 0.0000000 0.0381000
v 0.0015556 0.0000000 0.0333056
v 0.0015556 0.0015000 0.0333056
v 0.0063500 0.0015000 0.0381000
v 0.0042429 0.0000000 0.0381000
v 0.0012223 0.0000000 0.0335792
v 0.0012223 0.0015000 0.0335792
v 0.0042429 0.0015000 0.0381000
v 0.0026303 0.0000000 0.0381000
v 0.0008419 0.0000000 0.0337825
v 0.0008419 0.0015000 0.0337825
v 0.0026303 0.0015000 0.0381000
v 0.0012631 0.0000000 0.0381000
v 0.0004292 0.0000000 0.0339077
v 0.0004292 0.0015000 0.0339077
v 0.0012631 0.0015000 0.0381000
v 0.0000000 0.0000000 0.0381000
v 0.0000000 0.0000000 0.0339500
v 0.0000000 0.0015000 0.0339500
v 0.0000000 0.0015000 0.0381000
v -0.0012631 0.0000000 0.0381000
v -0.0004292 0.0000000 0.0339077
v -0.0004292 0.0015000 0.0339077
v -0.0012631 0.0015000 0.0381000
v -0.0026303 0.0000000 0.0381000
v -0.0008419 0.0000000 0.0337825
v -0.0008419 0.0015000 0.0337825
v -0.0026303 0.0015000 0.0381000
v -0.0042429 0.0000000 0.0381000
v -0.0012223 0.0000000 0.0335792
v -0.0012223 0.0015000 0.0335792
v -0.0042429 0.0015000 0.0381000
v -0.0015556 0.0000000 0.0333056
v -0.0015556 0.0015000 0.0333056
v -0.0018292 0.0000000 0.0329723
v -0.0018292 0.0015000 0.0329723
v -0.0020325 0.0000000 0.0325919
v -0.0020325 0.0015000 0.0325919
v -0.0021577 0.0000000 0.0321792
v -0.0021577 0.0015000 0.0321792
v -0.0022000 0.0000000 0.0317500
v -0.0022000 0.0015000 0.0317500
v -0.0021577 0.0000000 0.0313208
v -0.0021577 0.0015000 0.0313208
v -0.0020325 0.0000000 0.0309081
v -0.0020325 0.0015000 0.0309081
v -0.0018292 0.0000000 0.0305277
v -0.0018292 0.0015000 0.0305277
v -0.0015556 0.0000000 0.0301944
v -0.0015556 0.0015000 0.0301944
v -0.0012223 0.0000000 0.0299208
v -0.0012223 0.0015000 0.0299208
v -0.0008419 0.0000000 0.0297175
v -0.0008419 0.0015000 0.0297175
v -0.0004292 0.0000000 0.0295923
v -0.0004292 0.0015000 0.0295923
v -0.0000000 0.0000000 0.0295500
v -0.0000000 0.0015000 0.0295500
v 0.0004292 0.0000000 0.0295923
v 0.0004292 0.0015000 0.0295923
v 0.0008419 0.0000000 0.0297175
v 0.0008419 0.0015000 0.0297175
v 0.0012223 0.0000000 0.0299208
v 0.0012223 0.0015000 0.0299208
v 0.0015556 0.0000000 0.0301944
v 0.0015556 0.0015000 0.0301944
v 0.0063500 0.0000000 0.0275071
v 0.0018292 0.0000000 0.0305277
v 0.0018292 0.0015000 0.0305277
v 0.0063500 0.0015000 0.0275071
v 0.0063500 0.0000000 0.0291197
v 0.0020325 0.0000000 0.0309081
v 0.0020325 0.0015000 0.0309081
v 0.0063500 0.0015000 0.0291197
v 0.0063500 0.0000000 0.0304869
v 0.0021577 0.0000000 0.0313208
v 0.0021577 0.0015000 0.0313208
v 0.0063500 0.0015000 0.0304869
v 0.0063500 0.0000000 0.0444500
v 0.0063500 0.0000000 0.0457131
v 0.0021577 0.0000000 0.0448792
v 0.0022000 0.0000000 0.0444500
v 0.0063500 0.0015000 0.0444500
v 0.0022000 0.0015000 0.0444500
v 0.0021577 0.0015000 0.0448792
v 0.0063500 0.0015000 0.0457131
v 0.0063500 0.0000000 0.0470803
v 0.0020325 0.0000000 0.0452919
v 0.0020325 0.0015000 0.0452919
v 0.0063500 0.0015000 0.0470803
v 0.0063500 0.0000000 0.0486929
v 0.0018292 0.0000000 0.0456723
v 0.0018292 0.0015000 0.0456723
v 0.0063500 0.0015000 0.0486929
v 0.0063500 0.0000000 0.0508000
v 0.0015556 0.0000000 0.0460056
v 0.0015556 0.0015000 0.0460056
v 0.0063500 0.0015000 0.0508000
v 0.0042429 0.0000000 0.0508000
v 0.0012223 0.0000000 0.0462792
v 0.0012223 0.0015000 0.0462792
v 0.0042429 0.0015000 0.0508000
v 0.0026303 0.0000000 0.0508000
v 0.0008419 0.0000000 0.0464825
v 0.0008419 0.0015000 0.0464825
v 0.0026303 0.0015000 0.0508000
v 0.0012631 0.0000000 0.0508000
v 0.0004292 0.0000000 0.0466077
v 0.0004292 0.0015000 0.0466077
v 0.0012631 0.0015000 0.0508000
v 0.0000000 0.0000000 0.0508000
v 0.0000000 0.0000000 0.0466500
v 0.0000000 0.0015000 0.0466500
v 0.0000000 0.0015000 0.0508000
v -0.0012631 0.0000000 0.0508000
v -0.0004292 0.0000000 0.0466077
v -0.0004292 0.0015000 0.0466077
v -0.0012631 0.0015000 0.0508000
v -0.0026303 0.0000000 0.0508000
v -0.0008419 0.0000000 0.0464825
v -0.0008419 0.0015000 0.0464825
v -0.0026303 0.0015000 0.0508000
v -0.0042429 0.0000000 0.0508000
v -0.0012223 0.0000000 0.0462792
v -0.0012223 0.0015000 0.0462792
v -0.0042429 0.0015000 0.0508000
v -0.0015556 0.0000000 0.0460056
v -0.0015556 0.0015000 0.0460056
v -0.0018292 0.0000000 0.0456723
v -0.0018292 0.0015000 0.0456723
v -0.0020325 0.0000000 0.0452919
v -0.0020325 0.0015000 0.0452919
v -0.0021577 0.0000000 0.0448792
v -0.0021577 0.0015000 0.0448792
v -0.0022000 0.0000000 0.0444500
v -0.0022000 0.0015000 0.0444500
v -0.0021577 0.0000000 0.0440208
v -0.0021577 0.0015000 0.0440208
v -0.0020325 0.0000000 0.0436081
v -0.0020325 0.0015000 0.0436081
v -0.0018292 0.0000000 0.0432277
v -0.0018292 0.0015000 0.0432277
v -0.0015556 0.0000000 0.0428944
v -0.0015556 0.0015000 0.0428944
v -0.0012223 0.0000000 0.0426208
v -0.0012223 0.0015000 0.0426208
v -0.0008419 0.0000000 0.0424175
v -0.0008419 0.0015000 0.0424175
v -0.0004292 0.0000000 0.0422923
v -0.0004292 0.0015000 0.0422923
v -0.0000000 0.0000000 0.0422500
v -0.0000000 0.0015000 0.0422500
v 0.0004292 0.0000000 0.0422923
v 0.0004292 0.0015000 0.0422923
v 0.0008419 0.0000000 0.0424175
v 0.0008419 0.0015000 0.0424175
v 0.0012223 0.0000000 0.0426208
v 0.0012223 0.0015000 0.0426208
v 0.0015556 0.0000000 0.0428944
v 0.0015556 0.0015000 0.0428944
v 0.0063500 0.0000000 0.0402071
v 0.0018292 0.0000000 0.0432277
v 0.0018292 0.0015000 0.0432277
v 0.0063500 0.0015000 0.0402071
v 0.0063500 0.0000000 0.0418197
v 0.0020325 0.0000000 0.0436081
v 0.0020325 0.0015000 0.0436081
v 0.0063500 0.0015000 0.0418197
v 0.0063500 0.0000000 0.0431869
v 0.0021577 0.0000000 0.0440208
v 0.0021577 0.0015000 0.0440208
v 0.0063500 0.0015000 0.0431869
v 0.0190500 0.0000000 -0.0444500
v 0.0190500 0.0000000 -0.0431869
v 0.0148577 0.0000000 -0.0440208
v 0.0149000 0.0000000 -0.0444500
v 0.0190500 0.0015000 -0.0444500
v 0.0149000 0.0015000 -0.0444500
v 0.0148577 0.0015000 -0.0440208
v 0.0190500 0.0015000 -0.0431869
v 0.0190500 0.0000000 -0.0418197
v 0.0147325 0.0000000 -0.0436081
v 0.0147325 0.0015000 -0.0436081
v 0.0190500 0.0015000 -0.0418197
v 0.0190500 0.0000000 -0.0402071
v 0.0145292 0.0000000 -0.0432277
v 0.0145292 0.0015000 -0.0432277
v 0.0190500 0.0015000 -0.0402071
v 0.0190500 0.0000000 -0.0381000
v 0.0142556 0.0000000 -0.0428944
v 0.0142556 0.0015000 -0.0428944
v 0.0190500 0.0015000 -0.0381000
v 0.0169429 0.0000000 -0.0381000
v 0.0139223 0.0000000 -0.0426208
v 0.0139223 0.0015000 -0.0426208
v 0.0169429 0.0015000 -0.0381000
v 0.0153303 0.0000000 -0.0381000
v 0.0135419 0.0000000 -0.0424175
v 0.0135419 0.0015000 -0.0424175
v 0.0153303 0.0015000 -0.0381000
v 0.0139631 0.0000000 -0.0381000
v 0.0131292 0.0000000 -0.0422923
v 0.0131292 0.0015000 -0.0422923
v 0.0139631 0.0015000 -0.0381000
v 0.0127000 0.0000000 -0.0381000
v 0.0127000 0.0000000 -0.0422500
v 0.0127000 0.0015000 -0.0422500
v 0.0127000 0.0015000 -0.0381000
v 0.0114369 0.0000000 -0.0381000
v 0.0122708 0.0000000 -0.0422923
v 0.0122708 0.0015000 -0.0422923
v 0.0114369 0.0015000 -0.0381000
v 0.0100697 0.0000000 -0.0381000
v 0.0118581 0.0000000 -0.0424175
v 0.0118581 0.0015000 -0.0424175
v 0.0100697 0.0015000 -0.0381000
v 0.0084571 0.0000000 -0.0381000
v 0.0114777 0.0000000 -0.0426208
v 0.0114777 0.0015000 -0.0426208
v 0.0084571 0.0015000 -0.0381000
v 0.0111444 0.0000000 -0.0428944
v 0.0111444 0.0015000 -0.0428944
v 0.0108708 0.0000000 -0.0432277
v 0.0108708 0.0015000 -0.0432277
v 0.0106675 0.0000000 -0.0436081
v 0.0106675 0.0015000 -0.0436081
v 0.0105423 0.0000000 -0.0440208
v 0.0105423 0.0015000 -0.0440208
v 0.0105000 0.0000000 -0.0444500
v 0.0105000 0.0015000 -0.0444500
v 0.0105423 0.0000000 -0.0448792
v 0.0105423 0.0015000 -0.0448792
v 0.0106675 0.0000000 -0.0452919
v 0.0106675 0.0015000 -0.0452919
v 0.0108708 0.0000000 -0.0456723
v 0.0108708 0.0015000 -0.0456723
v 0.0111444 0.0000000 -0.0460056
v 0.0111444 0.0015000 -0.0460056
v 0.0084571 0.0000000 -0.0508000
v 0.0114777 0.0000000 -0.0462792
v 0.0114777 0.0015000 -0.0462792
v 0.0084571 0.0015000 -0.0508000
v 0.0100697 0.0000000 -0.0508000
v 0.0118581 0.0000000 -0.0464825
v 0.0118581 0.0015000 -0.0464825
v 0.0100697 0.0015000 -0.0508000
v 0.0114369 0.0000000 -0.0508000
v 0.0122708 0.0000000 -0.0466077
v 0.0122708 0.0015000 -0.0466077
v 0.0114369 0.0015000 -0.0508000
v 0.0127000 0.0000000 -0.0508000
v 0.0127000 0.0000000 -0.0466500
v 0.0127000 0.0015000 -0.0466500
v 0.0127000 0.0015000 -0.0508000
v 0.0139631 0.0000000 -0.0508000
v 0.0131292 0.0000000 -0.0466077
v 0.0131292 0.0015000 -0.0466077
v 0.0139631 0.0015000 -0.0508000
v 0.0153303 0.0000000 -0.0508000
v 0.0135419 0.0000000 -0.0464825
v 0.0135419 0.0015000 -0.0464825
v 0.0153303 0.0015000 -0.0508000
v 0.0169429 0.0000000 -0.0508000
v 0.0139223 0.0000000 -0.0462792
v 0.0139223 0.0015000 -0.0462792
v 0.0169429 0.0015000 -0.0508000
v 0.0190500 0.0000000 -0.0508000
v 0.0142556 0.0000000 -0.0460056
v 0.0142556 0.0015000 -0.0460056
v 0.0190500 0.0015000 -0.0508000
v 0.0190500 0.0000000 -0.0486929
v 0.0145292 0.0000000 -0.0456723
v 0.0145292 0.0015000 -0.0456723
v 0.0190500 0.0015000 -0.0486929
v 0.0190500 0.0000000 -0.0470803
v 0.0147325 0.0000000 -0.0452919
v 0.0147325 0.0015000 -0.0452919
v 0.0190500 0.0015000 -0.0470803
v 0.0190500 0.0000000 -0.0457131
v 0.0148577 0.0000000 -0.0448792
v 0.0148577 0.0015000 -0.0448792
v 0.0190500 0.0015000 -0.0457131
v 0.0190500 0.0000000 -0.0317500
v 0.0190500 0.0000000 -0.0304869
v 0.0148577 0.0000000 -0.0313208
v 0.0149000 0.0000000 -0.0317500
v 0.0190500 0.0015000 -0.0317500
v 0.0149000 0.0015000 -0.0317500
v 0.0148577 0.0015000 -0.0313208
v 0.0190500 0.0015000 -0.0304869
v 0.0190500 0.0000000 -0.0291197
v 0.0147325 0.0000000 -0.0309081
v 0.0147325 0.0015000 -0.0309081
v 0.0190500 0.0015000 -0.0291197
v 0.0190500 0.0000000 -0.0275071
v 0.0145292 0.0000000 -0.0305277
v 0.0145292 0.0015000 -0.0305277
v 0.0190500 0.0015000 -0.0275071
v 0.0190500 0.0000000 -0.0254000
v 0.0142556 0.0000000 -0.0301944
v 0.0142556 0.0015000 -0.0301944
v 0.0190500 0.0015000 -0.0254000
v 0.0169429 0.0000000 -0.0254000
v 0.0139223 0.0000000 -0.0299208
v 0.0139223 0.0015000 -0.0299208
v 0.0169429 0.0015000 -0.0254000
v 0.0153303 0.0000000 -0.0254000
v 0.0135419 0.0000000 -0.0297175
v 0.0135419 0.0015000 -0.0297175
v 0.0153303 0.0015000 -0.0254000
v 0.0139631 0.0000000 -0.0254000
v 0.0131292 0.0000000 -0.0295923
v 0.0131292 0.0015000 -0.0295923
v 0.0139631 0.0015000 -0.0254000
v 0.0127000 0.0000000 -0.0254000
v 0.0127000 0.0000000 -0.0295500
v 0.0127000 0.0015000 -0.0295500
v 0.0127000 0.0015000 -0.0254000
v 0.0114369 0.0000000 -0.0254000
v 0.0122708 0.0000000 -0.0295923
v 0.0122708 0.0015000 -0.0295923
v 0.0114369 0.0015000 -0.0254000
v 0.0100697 0.0000000 -0.0254000
v 0.0118581 0.0000000 -0.0297175
v 0.0118581 0.0015000 -0.0297175
v 0.0100697 0.0015000 -0.0254000
v 0.0084571 0.0000000 -0.0254000
v 0.0114777 0.0000000 -0.0299208
v 0.0114777 0.0015000 -0.0299208
v 0.0084571 0.0015000 -0.0254000
v 0.0111444 0.0000000 -0.0301944
v 0.0111444 0.0015000 -0.0301944
v 0.0108708 0.0000000 -0.0305277
v 0.0108708 0.0015000 -0.0305277
v 0.0106675 0.0000000 -0.0309081
v 0.0106675 0.0015000 -0.0309081
v 0.0105423 0.0000000 -0.0313208
v 0.0105423 0.0015000 -0.0313208
v 0.0105000 0.0000000 -0.0317500
v 0.0105000 0.0015000 -0.0317500
v 0.0105423 0.0000000 -0.0321792
v 0.0105423 0.0015000 -0.0321792
v 0.0106675 0.0000000 -0.0325919
v 0.0106675 0.0015000 -0.0325919
v 0.0108708 0.0000000 -0.0329723
v 0.0108708 0.0015000 -0.0329723
v 0.0111444 0.0000000 -0.0333056
v 0.0111444 0.0015000 -0.0333056
v 0.0114777 0.0000000 -0.0335792
v 0.0114777 0.0015000 -0.0335792
v 0.0118581 0.0000000 -0.0337825
v 0.0118581 0.0015000 -0.0337825
v 0.0122708 0.0000000 -0.0339077
v 0.0122708 0.0015000 -0.0339077
v 0.0127000 0.0000000 -0.0339500
v 0.0127000 0.0015000 -0.0339500
v 0.0131292 0.0000000 -0.0339077
v 0.0131292 0.0015000 -0.0339077
v 0.0135419 0.0000000 -0.0337825
v 0.0135419 0.0015000 -0.0337825
v 0.0139223 0.0000000 -0.0335792
v 0.0139223 0.0015000 -0.0335792
v 0.0142556 0.0000000 -0.0333056
v 0.0142556 0.0015000 -0.0333056
v 0.0190500 0.0000000 -0.0359929
v 0.0145292 0.0000000 -0.0329723
v 0.0145292 0.0015000 -0.0329723
v 0.0190500 0.0015000 -0.0359929
v 0.0190500 0.0000000 -0.0343803
v 0.0147325 0.0000000 -0.0325919
v 0.0147325 0.0015000 -0.0325919
v 0.0190500 0.0015000 -0.0343803
v 0.0190500 0.0000000 -0.0330131
v 0.0148577 0.0000000 -0.0321792
v 0.0148577 0.0015000 -0.0321792
v 0.0190500 0.0015000 -0.0330131
v 0.0190500 0.0000000 -0.0190500
v 0.0190500 0.0000000 -0.0177869
v 0.0148577 0.0000000 -0.0186208
v 0.0149000 0.0000000 -0.0190500
v 0.0190500 0.0015000 -0.0190500
v 0.0149000 0.0015000 -0.0190500
v 0.0148577 0.0015000 -0.0186208
v 0.0190500 0.0015000 -0.0177869
v 0.0190500 0.0000000 -0.0164197
v 0.0147325 0.0000000 -0.0182081
v 0.0147325 0.0015000 -0.0182081
v 0.0190500 0.0015000 -0.0164197
v 0.0190500 0.0000000 -0.0148071
v 0.0145292 0.0000000 -0.0178277
v 0.0145292 0.0015000 -0.0178277
v 0.0190500 0.0015000 -0.0148071
v 0.0190500 0.0000000 -0.0127000
v 0.0142556 0.0000000 -0.0174944
v 0.0142556 0.0015000 -0.0174944
v 0.0190500 0.0015000 -0.0127000
v 0.0169429 0.0000000 -0.0127000
v 0.0139223 0.0000000 -0.0172208
v 0.0139223 0.0015000 -0.0172208
v 0.0169429 0.0015000 -0.0127000
v 0.0153303 0.0000000 -0.0127000
v 0.0135419 0.0000000 -0.0170175
v 0.0135419 0.0015000 -0.0170175
v 0.0153303 0.0015000 -0.0127000
v 0.0139631 0.0000000 -0.0127000
v 0.0131292 0.0000000 -0.0168923
v 0.0131292 0.0015000 -0.0168923
v 0.0139631 0.0015000 -0.0127000
v 0.0127000 0.0000000 -0.0127000
v 0.0127000 0.0000000 -0.0168500
v 0.0127000 0.0015000 -0.0168500
v 0.0127000 0.0015000 -0.0127000
v 0.0114369 0.0000000 -0.0127000
v 0.0122708 0.0000000 -0.0168923
v 0.0122708 0.0015000 -0.0168923
v 0.0114369 0.0015000 -0.0127000
v 0.0100697 0.0000000 -0.0127000
v 0.0118581 0.0000000 -0.0170175
v 0.0118581 0.0015000 -0.0170175
v 0.0100697 0.0015000 -0.0127000
v 0.0084571 0.0000000 -0.0127000
v 0.0114777 0.0000000 -0.0172208
v 0.0114777 0.0015000 -0.0172208
v 0.0084571 0.0015000 -0.0127000
v 0.0111444 0.0000000 -0.0174944
v 0.0111444 0.0015000 -0.0174944
v 0.0108708 0.0000000 -0.0178277
v 0.0108708 0.0015000 -0.0178277
v 0.0106675 0.0000000 -0.0182081
v 0.0106675 0.0015000 -0.0182081
v 0.0105423 0.0000000 -0.0186208
v 0.0105423 0.0015000 -0.0186208
v 0.0105000 0.0000000 -0.0190500
v 0.0105000 0.0015000 -0.0190500
v 0.0105423 0.0000000 -0.0194792
v 0.0105423 0.0015000 -0.0194792
v 0.0106675 0.0000000 -0.0198919
v 0.0106675 0.0015000 -0.0198919
v 0.0108708 0.0000000 -0.0202723
v 0.0108708 0.0015000 -0.0202723
v 0.0111444 0.0000000 -0.0206056
v 0.0111444 0.0015000 -0.0206056
v 0.0114777 0.0000000 -0.0208792
v 0.0114777 0.0015000 -0.0208792
v 0.0118581 0.0000000 -0.0210825
v 0.0118581 0.0015000 -0.0210825
v 0.0122708 0.0000000 -0.0212077
v 0.0122708 0.0015000 -0.0212077
v 0.0127000 0.0000000 -0.0212500
v 0.0127000 0.0015000 -0.0212500
v 0.0131292 0.0000000 -0.0212077
v 0.0131292 0.0015000 -0.0212077
v 0.0135419 0.0000000 -0.0210825
v 0.0135419 0.0015000 -0.0210825
v 0.0139223 0.0000000 -0.0208792
v 0.0139223 0.0015000 -0.0208792
v 0.0142556 0.0000000 -0.0206056
v 0.0142556 0.0015000 -0.0206056
v 0.0190500 0.0000000 -0.0232929
v 0.0145292 0.0000000 -0.0202723
v 0.0145292 0.0015000 -0.0202723
v 0.0190500 0.0015000 -0.0232929
v 0.0190500 0.0000000 -0.0216803
v 0.0147325 0.0000000 -0.0198919
v 0.0147325 0.0015000 -0.0198919
v 0.0190500 0.0015000 -0.0216803
v 0.0190500 0.0000000 -0.0203131
v 0.0148577 0.0000000 -0.0194792
v 0.0148577 0.0015000 -0.0194792
v 0.0190500 0.0015000 -0.0203131
v 0.0190500 0.0000000 -0.0063500
v 0.0190500 0.0000000 -0.0050869
v 0.0148577 0.0000000 -0.0059208
v 0.0149000 0.0000000 -0.0063500
v 0.0190500 0.0015000 -0.0063500
v 0.0149000 0.0015000 -0.0063500
v 0.0148577 0.0015000 -0.0059208
v 0.0190500 0.0015000 -0.0050869
v 0.0190500 0.0000000 -0.0037197
v 0.0147325 0.0000000 -0.0055081
v 0.0147325 0.0015000 -0.0055081
v 0.0190500 0.0015000 -0.0037197
v 0.0190500 0.0000000 -0.0021071
v 0.0145292 0.0000000 -0.0051277
v 0.0145292 0.0015000 -0.0051277
v 0.0190500 0.0015000 -0.0021071
v 0.0190500 0.0000000 -0.0000000
v 0.0142556 0.0000000 -0.0047944
v 0.0142556 0.0015000 -0.0047944
v 0.0190500 0.0015000 -0.0000000
v 0.0169429 0.0000000 0.0000000
v 0.0139223 0.0000000 -0.0045208
v 0.0139223 0.0015000 -0.0045208
v 0.0169429 0.0015000 0.0000000
v 0.0153303 0.0000000 0.0000000
v 0.0135419 0.0000000 -0.0043175
v 0.0135419 0.0015000 -0.0043175
v 0.0153303 0.0015000 0.0000000
v 0.0139631 0.0000000 0.0000000
v 0.0131292 0.0000000 -0.0041923
v 0.0131292 0.0015000 -0.0041923
v 0.0139631 0.0015000 0.0000000
v 0.0127000 0.0000000 0.0000000
v 0.0127000 0.0000000 -0.0041500
v 0.0127000 0.0015000 -0.0041500
v 0.0127000 0.0015000 0.0000000
v 0.0114369 0.0000000 0.0000000
v 0.0122708 0.0000000 -0.0041923
v 0.0122708 0.0015000 -0.0041923
v 0.0114369 0.0015000 0.0000000
v 0.0100697 0.0000000 0.0000000
v 0.0118581 0.0000000 -0.0043175
v 0.0118581 0.0015000 -0.0043175
v 0.0100697 0.0015000 0.0000000
v 0.0084571 0.0000000 0.0000000
v 0.0114777 0.0000000 -0.0045208
v 0.0114777 0.0015000 -0.0045208
v 0.0084571 0.0015000 0.0000000
v 0.0111444 0.0000000 -0.0047944
v 0.0111444 0.0015000 -0.0047944
v 0.0108708 0.0000000 -0.0051277
v 0.0108708 0.0015000 -0.0051277
v 0.0106675 0.0000000 -0.0055081
v 0.0106675 0.0015000 -0.0055081
v 0.0105423 0.0000000 -0.0059208
v 0.0105423 0.0015000 -0.0059208
v 0.0105000 0.0000000 -0.0063500
v 0.0105000 0.0015000 -0.0063500
v 0.0105423 0.0000000 -0.0067792
v 0.0105423 0.0015000 -0.0067792
v 0.0106675 0.0000000 -0.0071919
v 0.0106675 0.0015000 -0.0071919
v 0.0108708 0.0000000 -0.0075723
v 0.0108708 0.0015000 -0.0075723
v 0.0111444 0.0000000 -0.0079056
v 0.0111444 0.0015000 -0.0079056
v 0.0114777 0.0000000 -0.0081792
v 0.0114777 0.0015000 -0.0081792
v 0.0118581 0.0000000 -0.0083825
v 0.0118581 0.0015000 -0.0083825
v 0.0122708 0.0000000 -0.0085077
v 0.0122708 0.0015000 -0.0085077
v 0.0127000 0.0000000 -0.0085500
v 0.0127000 0.0015000 -0.0085500
v 0.0131292 0.0000000 -0.0085077
v 0.0131292 0.0015000 -0.0085077
v 0.0135419 0.0000000 -0.0083825
v 0.0135419 0.0015000 -0.0083825
v 0.0139223 0.0000000 -0.0081792
v 0.0139223 0.0015000 -0.0081792
v 0.0142556 0.0000000 -0.0079056
v 0.0142556 0.0015000 -0.0079056
v 0.0190500 0.0000000 -0.0105929
v 0.0145292 0.0000000 -0.0075723
v 0.0145292 0.0015000 -0.0075723
v 0.0190500 0.0015000 -0.0105929
v 0.0190500 0.0000000 -0.0089803
v 0.0147325 0.0000000 -0.0071919
v 0.0147325 0.0015000 -0.0071919
v 0.0190500 0.0015000 -0.0089803
v 0.0190500 0.0000000 -0.0076131
v 0.0148577 0.0000000 -0.0067792
v 0.0148577 0.0015000 -0.0067792
v 0.0190500 0.0015000 -0.0076131
v 0.0190500 0.0000000 0.0063500
v 0.0190500 0.0000000 0.0076131
v 0.0148577 0.0000000 0.0067792
v 0.0149000 0.0000000 0.0063500
v 0.0190500 0.0015000 0.0063500
v 0.0149000 0.0015000 0.0063500
v 0.0148577 0.0015000 0.0067792
v 0.0190500 0.0015000 0.0076131
v 0.0190500 0.0000000 0.0089803
v 0.0147325 0.0000000 0.0071919
v 0.0147325 0.0015000 0.0071919
v 0.0190500 0.0015000 0.0089803
v 0.0190500 0.0000000 0.0105929
v 0.0145292 0.0000000 0.0075723
v 0.0145292 0.0015000 0.0075723
v 0.0190500 0.0015000 0.0105929
v 0.0190500 0.0000000 0.0127000
v 0.0142556 0.0000000 0.0079056
v 0.0142556 0.0015000 0.0079056
v 0.0190500 0.0015000 0.0127000
v 0.0169429 0.0000000 0.0127000
v 0.0139223 0.0000000 0.0081792
v 0.0139223 0.0015000 0.0081792
v 0.0169429 0.0015000 0.0127000
v 0.0153303 0.0000000 0.0127000
v 0.0135419 0.0000000 0.0083825
v 0.0135419 0.0015000 0.0083825
v 0.0153303 0.0015000 0.0127000
v 0.0139631 0.0000000 0.0127000
v 0.0131292 0.0000000 0.0085077
v 0.0131292 0.0015000 0.0085077
v 0.0139631 0.0015000 0.0127000
v 0.0127000 0.0000000 0.0127000
v 0.0127000 0.0000000 0.0085500
v 0.0127000 0.0015000 0.0085500
v 0.0127000 0.0015000 0.0127000
v 0.0114369 0.0000000 0.0127000
v 0.0122708 0.0000000 0.0085077
v 0.0122708 0.0015000 0.0085077
v 0.0114369 0.0015000 0.0127000
v 0.0100697 0.0000000 0.0127000
v 0.0118581 0.0000000 0.0083825
v 0.0118581 0.0015000 0.0083825
v 0.0100697 0.0015000 0.0127000
v 0.0084571 0.0000000 0.0127000
v 0.0114777 0.0000000 0.0081792
v 0.0114777 0.0015000 0.0081792
v 0.0084571 0.0015000 0.0127000
v 0.0111444 0.0000000 0.0079056
v 0.0111444 0.0015000 0.0079056
v 0.0108708 0.0000000 0.0075723
v 0.0108708 0.0015000 0.0075723
v 0.0106675 0.0000000 0.0071919
v 0.0106675 0.0015000 0.0071919
v 0.0105423 0.0000000 0.0067792
v 0.0105423 0.0015000 0.0067792
v 0.0105000 0.0000000 0.0063500
v 0.0105000 0.0015000 0.0063500
v 0.0105423 0.0000000 0.0059208
v 0.0105423 0.0015000 0.0059208
v 0.0106675 0.0000000 0.0055081
v 0.0106675 0.0015000 0.0055081
v 0.0108708 0.0000000 0.0051277
v 0.0108708 0.0015000 0.0051277
v 0.0111444 0.0000000 0.0047944
v 0.0111444 0.0015000 0.0047944
v 0.0114777 0.0000000 0.0045208
v 0.0114777 0.0015000 0.0045208
v 0.0118581 0.0000000 0.0043175
v 0.0118581 0.0015000 0.0043175
v 0.0122708 0.0000000 0.0041923
v 0.0122708 0.0015000 0.0041923
v 0.0127000 0.0000000 0.0041500
v 0.0127000 0.0015000 0.0041500
v 0.0131292 0.0000000 0.0041923
v 0.0131292 0.0015000 0.0041923
v 0.0135419 0.0000000 0.0043175
v 0.0135419 0.0015000 0.0043175
v 0.0139223 0.0000000 0.0045208
v 0.0139223 0.0015000 0.0045208
v 0.0142556 0.0000000 0.0047944
v 0.0142556 0.0015000 0.0047944
v 0.0190500 0.0000000 0.0021071
v 0.0145292 0.0000000 0.0051277
v 0.0145292 0.0015000 0.0051277
v 0.0190500 0.0015000 0.0021071
v 0.0190500 0.0000000 0.0037197
v 0.0147325 0.0000000 0.0055081
v 0.0147325 0.0015000 0.0055081
v 0.0190500 0.0015000 0.0037197
v 0.0190500 0.0000000 0.0050869
v 0.0148577 0.0000000 0.0059208
v 0.0148577 0.0015000 0.0059208
v 0.0190500 0.0015000 0.0050869
v 0.0190500 0.0000000 0.0190500
v 0.0190500 0.0000000 0.0203131
v 0.0148577 0.0000000 0.0194792
v 0.0149000 0.0000000 0.0190500
v 0.0190500 0.0015000 0.0190500
v 0.0149000 0.0015000 0.0190500
v 0.0148577 0.0015000 0.0194792
v 0.0190500 0.0015000 0.0203131
v 0.0190500 0.0000000 0.0216803
v 0.0147325 0.0000000 0.0198919
v 0.0147325 0.0015000 0.0198919
v 0.0190500 0.0015000 0.0216803
v 0.0190500 0.0000000 0.0232929
v 0.0145292 0.0000000 0.0202723
v 0.0145292 0.0015000 0.0202723
v 0.0190500 0.0015000 0.0232929
v 0.0190500 0.0000000 0.0254000
v 0.0142556 0.0000000 0.0206056
v 0.0142556 0.0015000 0.0206056
v 0.0190500 0.0015000 0.0254000
v 0.0169429 0.0000000 0.0254000
v 0.0139223 0.0000000 0.0208792
v 0.0139223 0.0015000 0.0208792
v 0.0169429 0.0015000 0.0254000
v 0.0153303 0.0000000 0.0254000
v 0.0135419 0.0000000 0.0210825
v 0.0135419 0.0015000 0.0210825
v 0.0153303 0.0015000 0.0254000
v 0.0139631 0.0000000 0.0254000
v 0.0131292 0.0000000 0.0212077
v 0.0131292 0.0015000 0.0212077
v 0.0139631 0.0015000 0.0254000
v 0.0127000 0.0000000 0.0254000
v 0.0127000 0.0000000 0.0212500
v 0.0127000 0.0015000 0.0212500
v 0.0127000 0.0015000 0.0254000
v 0.0114369 0.0000000 0.0254000
v 0.0122708 0.0000000 0.0212077
v 0.0122708 0.0015000 0.0212077
v 0.0114369 0.0015000 0.0254000
v 0.0100697 0.0000000 0.0254000
v 0.0118581 0.0000000 0.0210825
v 0.0118581 0.0015000 0.0210825
v 0.0100697 0.0015000 0.0254000
v 0.0084571 0.0000000 0.0254000
v 0.0114777 0.0000000 0.0208792
v 0.0114777 0.0015000 0.0208792
v 0.0084571 0.0015000 0.0254000
v 0.0111444 0.0000000 0.0206056
v 0.0111444 0.0015000 0.0206056
v 0.0108708 0.0000000 0.0202723
v 0.0108708 0.0015000 0.0202723
v 0.0106675 0.0000000 0.0198919
v 0.0106675 0.0015000 0.0198919
v 0.0105423 0.0000000 0.0194792
v 0.0105423 0.0015000 0.0194792
v 0.0105000 0.0000000 0.0190500
v 0.0105000 0.0015000 0.0190500
v 0.0105423 0.0000000 0.0186208
v 0.0105423 0.0015000 0.0186208
v 0.0106675 0.0000000 0.0182081
v 0.0106675 0.0015000 0.0182081
v 0.0108708 0.0000000 0.0178277
v 0.0108708 0.0015000 0.0178277
v 0.0111444 0.0000000 0.0174944
v 0.0111444 0.0015000 0.0174944
v 0.0114777 0.0000000 0.0172208
v 0.0114777 0.0015000 0.0172208
v 0.0118581 0.0000000 0.0170175
v 0.0118581 0.0015000 0.0170175
v 0.0122708 0.0000000 0.0168923
v 0.0122708 0.0015000 0.0168923
v 0.0127000 0.0000000 0.0168500
v 0.0127000 0.0015000 0.0168500
v 0.0131292 0.0000000 0.0168923
v 0.0131292 0.0015000 0.0168923
v 0.0135419 0.0000000 0.0170175
v 0.0135419 0.0015000 0.0170175
v 0.0139223 0.0000000 0.0172208
v 0.0139223 0.0015000 0.0172208
v 0.0142556 0.0000000 0.0174944
v 0.0142556 0.0015000 0.0174944
v 0.0190500 0.0000000 0.0148071
v 0.0145292 0.0000000 0.0178277
v 0.0145292 0.0015000 0.0178277
v 0.0190500 0.0015000 0.0148071
v 0.0190500 0.0000000 0.0164197
v 0.0147325 0.0000000 0.0182081
v 0.0147325 0.0015000 0.0182081
v 0.0190500 0.0015000 0.0164197
v 0.0190500 0.0000000 0.0177869
v 0.0148577 0.0000000 0.0186208
v 0.0148577 0.0015000 0.0186208
v 0.0190500 0.0015000 0.0177869
v 0.0190500 0.0000000 0.0317500
v 0.0190500 0.0000000 0.0330131
v 0.0148577 0.0000000 0.0321792
v 0.0149000 0.0000000 0.0317500
v 0.0190500 0.0015000 0.0317500
v 0.0149000 0.0015000 0.0317500
v 0.0148577 0.0015000 0.0321792
v 0.0190500 0.0015000 0.0330131
v 0.0190500 0.0000000 0.0343803
v 0.0147325 0.0000000 0.0325919
v 0.0147325 0.0015000 0.0325919
v 0.0190500 0.0015000 0.0343803
v 0.0190500 0.0000000 0.0359929
v 0.0145292 0.0000000 0.0329723
v 0.0145292 0.0015000 0.0329723
v 0.0190500 0.0015000 0.0359929
v 0.0190500 0.0000000 0.0381000
v 0.0142556 0.0000000 0.0333056
v 0.0142556 0.0015000 0.0333056
v 0.0190500 0.0015000 0.0381000
v 0.0169429 0.0000000 0.0381000
v 0.0139223 0.0000000 0.0335792
v 0.0139223 0.0015000 0.0335792
v 0.0169429 0.0015000 0.0381000
v 0.0153303 0.0000000 0.0381000
v 0.0135419 0.0000000 0.0337825
v 0.0135419 0.0015000 0.0337825
v 0.0153303 0.0015000 0.0381000
v 0.0139631 0.0000000 0.0381000
v 0.0131292 0.0000000 0.0339077
v 0.0131292 0.0015000 0.0339077
v 0.0139631 0.0015000 0.0381000
v 0.0127000 0.0000000 0.0381000
v 0.0127000 0.0000000 0.0339500
v 0.0127000 0.0015000 0.0339500
v 0.0127000 0.0015000 0.0381000
v 0.0114369 0.0000000 0.0381000
v 0.0122708 0.0000000 0.0339077
v 0.0122708 0.0015000 0.0339077
v 0.0114369 0.0015000 0.0381000
v 0.0100697 0.0000000 0.0381000
v 0.0118581 0.0000000 0.0337825
v 0.0118581 0.0015000 0.0337825
v 0.0100697 0.0015000 0.0381000
v 0.0084571 0.0000000 0.0381000
v 0.0114777 0.0000000 0.0335792
v 0.0114777 0.0015000 0.0335792
v 0.0084571 0.0015000 0.0381000
v 0.0111444 0.0000000 0.0333056
v 0.0111444 0.0015000 0.0333056
v 0.0108708 0.0000000 0.0329723
v 0.0108708 0.0015000 0.0329723
v 0.0106675 0.0000000 0.0325919
v 0.0106675 0.0015000 0.0325919
v 0.0105423 0.0000000 0.0321792
v 0.0105423 0.0015000 0.0321792
v 0.0105000 0.0000000 0.0317500
v 0.0105000 0.0015000 0.0317500
v 0.0105423 0.0000000 0.0313208
v 0.0105423 0.0015000 0.0313208
v 0.0106675 0.0000000 0.0309081
v 0.0106675 0.0015000 0.0309081
v 0.0108708 0.0000000 0.0305277
v 0.0108708 0.0015000 0.0305277
v 0.0111444 0.0000000 0.0301944
v 0.0111444 0.0015000 0.0301944
v 0.0114777 0.0000000 0.0299208
v 0.0114777 0.0015000 0.0299208
v 0.0118581 0.0000000 0.0297175
v 0.0118581 0.0015000 0.0297175
v 0.0122708 0.0000000 0.0295923
v 0.0122708 0.0015000 0.0295923
v 0.0127000 0.0000000 0.0295500
v 0.0127000 0.0015000 0.0295500
v 0.0131292 0.0000000 0.0295923
v 0.0131292 0.0015000 0.0295923
v 0.0135419 0.0000000 0.0297175
v 0.0135419 0.0015000 0.0297175
v 0.0139223 0.0000000 0.0299208
v 0.0139223 0.0015000 0.0299208
v 0.0142556 0.0000000 0.0301944
v 0.0142556 0.0015000 0.0301944
v 0.0190500 0.0000000 0.0275071
v 0.0145292 0.0000000 0.0305277
v 0.0145292 0.0015000 0.0305277
v 0.0190500 0.0015000 0.0275071
v 0.0190500 0.0000000 0.0291197
v 0.0147325 0.0000000 0.0309081
v 0.0147325 0.0015000 0.0309081
v 0.0190500 0.0015000 0.0291197
v 0.0190500 0.0000000 0.0304869
v 0.0148577 0.0000000 0.0313208
v 0.0148577 0.0015000 0.0313208
v 0.0190500 0.0015000 0.0304869
v 0.0190500 0.0000000 0.0444500
v 0.0190500 0.0000000 0.0457131
v 0.0148577 0.0000000 0.0448792
v 0.0149000 0.0000000 0.0444500
v 0.0190500 0.0015000 0.0444500
v 0.0149000 0.0015000 0.0444500
v 0.0148577 0.0015000 0.0448792
v 0.0190500 0.0015000 0.0457131
v 0.0190500 0.0000000 0.0470803
v 0.0147325 0.0000000 0.0452919
v 0.0147325 0.0015000 0.0452919
v 0.0190500 0.0015000 0.0470803
v 0.0190500 0.0000000 0.0486929
v 0.0145292 0.0000000 0.0456723
v 0.0145292 0.0015000 0.0456723
v 0.0190500 0.0015000 0.0486929
v 0.0190500 0.0000000 0.0508000
v 0.0142556 0.0000000 0.0460056
v 0.0142556 0.0015000 0.0460056
v 0.0190500 0.0015000 0.0508000
v 0.0169429 0.0000000 0.0508000
v 0.0139223 0.0000000 0.0462792
v 0.0139223 0.0015000 0.0462792
v 0.0169429 0.0015000 0.0508000
v 0.0153303 0.0000000 0.0508000
v 0.0135419 0.0000000 0.0464825
v 0.0135419 0.0015000 0.0464825
v 0.0153303 0.0015000 0.0508000
v 0.0139631 0.0000000 0.0508000
v 0.0131292 0.0000000 0.0466077
v 0.0131292 0.0015000 0.0466077
v 0.0139631 0.0015000 0.0508000
v 0.0127000 0.0000000 0.0508000
v 0.0127000 0.0000000 0.0466500
v 0.0127000 0.0015000 0.0466500
v 0.0127000 0.0015000 0.0508000
v 0.0114369 0.0000000 0.0508000
v 0.0122708 0.0000000 0.0466077
v 0.0122708 0.0015000 0.0466077
v 0.0114369 0.0015000 0.0508000
v 0.0100697 0.0000000 0.0508000
v 0.0118581 0.0000000 0.0464825
v 0.0118581 0.0015000 0.0464825
v 0.0100697 0.0015000 0.0508000
v 0.0084571 0.0000000 0.0508000
v 0.0114777 0.0000000 0.0462792
v 0.0114777 0.0015000 0.0462792
v 0.0084571 0.0015000 0.0508000
v 0.0111444 0.0000000 0.0460056
v 0.0111444 0.0015000 0.0460056
v 0.0108708 0.0000000 0.0456723
v 0.0108708 0.0015000 0.0456723
v 0.0106675 0.0000000 0.0452919
v 0.0106675 0.0015000 0.0452919
v 0.0105423 0.0000000 0.0448792
v 0.0105423 0.0015000 0.0448792
v 0.0105000 0.0000000 0.0444500
v 0.0105000 0.0015000 0.0444500
v 0.0105423 0.0000000 0.0440208
v 0.0105423 0.0015000 0.0440208
v 0.0106675 0.0000000 0.0436081
v 0.0106675 0.0015000 0.0436081
v 0.0108708 0.0000000 0.0432277
v 0.0108708 0.0015000 0.0432277
v 0.0111444 0.0000000 0.0428944
v 0.0111444 0.0015000 0.0428944
v 0.0114777 0.0000000 0.0426208
v 0.0114777 0.0015000 0.0426208
v 0.0118581 0.0000000 0.0424175
v 0.0118581 0.0015000 0.0424175
v 0.0122708 0.0000000 0.0422923
v 0.0122708 0.0015000 0.0422923
v 0.0127000 0.0000000 0.0422500
v 0.0127000 0.0015000 0.0422500
v 0.0131292 0.0000000 0.0422923
v 0.0131292 0.0015000 0.0422923
v 0.0135419 0.0000000 0.0424175
v 0.0135419 0.0015000 0.0424175
v 0.0139223 0.0000000 0.0426208
v 0.0139223 0.0015000 0.0426208
v 0.0142556 0.0000000 0.0428944
v 0.0142556 0.0015000 0.0428944
v 0.0190500 0.0000000 0.0402071
v 0.0145292 0.0000000 0.0432277
v 0.0145292 0.0015000 0.0432277
v 0.0190500 0.0015000 0.0402071
v 0.0190500 0.0000000 0.0418197
v 0.0147325 0.0000000 0.0436081
v 0.0147325 0.0015000 0.0436081
v 0.0190500 0.0015000 0.0418197
v 0.0190500 0.0000000 0.0431869
v 0.0148577 0.0000000 0.0440208
v 0.0148577 0.0015000 0.0440208
v 0.0190500 0.0015000 0.0431869
v -0.0198000 0.0134500 -0.0444500
v -0.0198000 0.0134500 -0.0431869
v -0.0198000 0.0092577 -0.0440208
v -0.0198000 0.0093000 -0.0444500
v -0.0183000 0.0134500 -0.0444500
v -0.0183000 0.0093000 -0.0444500
v -0.0183000 0.0092577 -0.0440208
v -0.0183000 0.0134500 -0.0431869
v -0.0198000 0.0134500 -0.0418197
v -0.0198000 0.0091325 -0.0436081
v -0.0183000 0.0091325 -0.0436081
v -0.0183000 0.0134500 -0.0418197
v -0.0198000 0.0134500 -0.0402071
v -0.0198000 0.0089292 -0.0432277
v -0.0183000 0.0089292 -0.0432277
v -0.0183000 0.0134500 -0.0402071
v -0.0198000 0.0134500 -0.0381000
v -0.0198000 0.0086556 -0.0428944
v -0.0183000 0.0086556 -0.0428944
v -0.0183000 0.0134500 -0.0381000
v -0.0198000 0.0113429 -0.0381000
v -0.0198000 0.0083223 -0.0426208
v -0.0183000 0.0083223 -0.0426208
v -0.0183000 0.0113429 -0.0381000
v -0.0198000 0.0097303 -0.0381000
v -0.0198000 0.0079419 -0.0424175
v -0.0183000 0.0079419 -0.0424175
v -0.0183000 0.0097303 -0.0381000
v -0.0198000 0.0083631 -0.0381000
v -0.0198000 0.0075292 -0.0422923
v -0.0183000 0.0075292 -0.0422923
v -0.0183000 0.0083631 -0.0381000
v -0.0198000 0.0071000 -0.0381000
v -0.0198000 0.0071000 -0.0422500
v -0.0183000 0.0071000 -0.0422500
v -0.0183000 0.0071000 -0.0381000
v -0.0198000 0.0058369 -0.0381000
v -0.0198000 0.0066708 -0.0422923
v -0.0183000 0.0066708 -0.0422923
v -0.0183000 0.0058369 -0.0381000
v -0.0198000 0.0044697 -0.0381000
v -0.0198000 0.0062581 -0.0424175
v -0.0183000 0.0062581 -0.0424175
v -0.0183000 0.0044697 -0.0381000
v -0.0198000 0.0028571 -0.0381000
v -0.0198000 0.0058777 -0.0426208
v -0.0183000 0.0058777 -0.0426208
v -0.0183000 0.0028571 -0.0381000
v -0.0198000 0.0007500 -0.0381000
v -0.0198000 0.0055444 -0.0428944
v -0.0183000 0.0055444 -0.0428944
v -0.0183000 0.0007500 -0.0381000
v -0.0198000 0.0007500 -0.0402071
v -0.0198000 0.0052708 -0.0432277
v -0.0183000 0.0052708 -0.0432277
v -0.0183000 0.0007500 -0.0402071
v -0.0198000 0.0007500 -0.0418197
v -0.0198000 0.0050675 -0.0436081
v -0.0183000 0.0050675 -0.0436081
v -0.0183000 0.0007500 -0.0418197
v -0.0198000 0.0007500 -0.0431869
v -0.0198000 0.0049423 -0.0440208
v -0.0183000 0.0049423 -0.0440208
v -0.0183000 0.0007500 -0.0431869
v -0.0198000 0.0007500 -0.0444500
v -0.0198000 0.0049000 -0.0444500
v -0.0183000 0.0049000 -0.0444500
v -0.0183000 0.0007500 -0.0444500
v -0.0198000 0.0007500 -0.0457131
v -0.0198000 0.0049423 -0.0448792
v -0.0183000 0.0049423 -0.0448792
v -0.0183000 0.0007500 -0.0457131
v -0.0198000 0.0007500 -0.0470803
v -0.0198000 0.0050675 -0.0452919
v -0.0183000 0.0050675 -0.0452919
v -0.0183000 0.0007500 -0.0470803
v -0.0198000 0.0007500 -0.0486929
v -0.0198000 0.0052708 -0.0456723
v -0.0183000 0.0052708 -0.0456723
v -0.0183000 0.0007500 -0.0486929
v -0.0198000 0.0007500 -0.0508000
v -0.0198000 0.0055444 -0.0460056
v -0.0183000 0.0055444 -0.0460056
v -0.0183000 0.0007500 -0.0508000
v -0.0198000 0.0028571 -0.0508000
v -0.0198000 0.0058777 -0.0462792
v -0.0183000 0.0058777 -0.0462792
v -0.0183000 0.0028571 -0.0508000
v -0.0198000 0.0044697 -0.0508000
v -0.0198000 0.0062581 -0.0464825
v -0.0183000 0.0062581 -0.0464825
v -0.0183000 0.0044697 -0.0508000
v -0.0198000 0.0058369 -0.0508000
v -0.0198000 0.0066708 -0.0466077
v -0.0183000 0.0066708 -0.0466077
v -0.0183000 0.0058369 -0.0508000
v -0.0198000 0.0071000 -0.0508000
v -0.0198000 0.0071000 -0.0466500
v -0.0183000 0.0071000 -0.0466500
v -0.0183000 0.0071000 -0.0508000
v -0.0198000 0.0083631 -0.0508000
v -0.0198000 0.0075292 -0.0466077
v -0.0183000 0.0075292 -0.0466077
v -0.0183000 0.0083631 -0.0508000
v -0.0198000 0.0097303 -0.0508000
v -0.0198000 0.0079419 -0.0464825
v -0.0183000 0.0079419 -0.0464825
v -0.0183000 0.0097303 -0.0508000
v -0.0198000 0.0113429 -0.0508000
v -0.0198000 0.0083223 -0.0462792
v -0.0183000 0.0083223 -0.0462792
v -0.0183000 0.0113429 -0.0508000
v -0.0198000 0.0134500 -0.0508000
v -0.0198000 0.0086556 -0.0460056
v -0.0183000 0.0086556 -0.0460056
v -0.0183000 0.0134500 -0.0508000
v -0.0198000 0.0134500 -0.0486929
v -0.0198000 0.0089292 -0.0456723
v -0.0183000 0.0089292 -0.0456723
v -0.0183000 0.0134500 -0.0486929
v -0.0198000 0.0134500 -0.0470803
v -0.0198000 0.0091325 -0.0452919
v -0.0183000 0.0091325 -0.0452919
v -0.0183000 0.0134500 -0.0470803
v -0.0198000 0.0134500 -0.0457131
v -0.0198000 0.0092577 -0.0448792
v -0.0183000 0.0092577 -0.0448792
v -0.0183000 0.0134500 -0.0457131
v -0.0198000 0.0134500 -0.0317500
v -0.0198000 0.0134500 -0.0304869
v -0.0198000 0.0092577 -0.0313208
v -0.0198000 0.0093000 -0.0317500
v -0.0183000 0.0134500 -0.0317500
v -0.0183000 0.0093000 -0.0317500
v -0.0183000 0.0092577 -0.0313208
v -0.0183000 0.0134500 -0.0304869
v -0.0198000 0.0134500 -0.0291197
v -0.0198000 0.0091325 -0.0309081
v -0.0183000 0.0091325 -0.0309081
v -0.0183000 0.0134500 -0.0291197
v -0.0198000 0.0134500 -0.0275071
v -0.0198000 0.0089292 -0.0305277
v -0.0183000 0.0089292 -0.0305277
v -0.0183000 0.0134500 -0.0275071
v -0.0198000 0.0134500 -0.0254000
v -0.0198000 0.0086556 -0.0301944
v -0.0183000 0.0086556 -0.0301944
v -0.0183000 0.0134500 -0.0254000
v -0.0198000 0.0113429 -0.0254000
v -0.0198000 0.0083223 -0.0299208
v -0.0183000 0.0083223 -0.0299208
v -0.0183000 0.0113429 -0.0254000
v -0.0198000 0.0097303 -0.0254000
v -0.0198000 0.0079419 -0.0297175
v -0.0183000 0.0079419 -0.0297175
v -0.0183000 0.0097303 -0.0254000
v -0.0198000 0.0083631 -0.0254000
v -0.0198000 0.0075292 -0.0295923
v -0.0183000 0.0075292 -0.0295923
v -0.0183000 0.0083631 -0.0254000
v -0.0198000 0.0071000 -0.0254000
v -0.0198000 0.0071000 -0.0295500
v -0.0183000 0.0071000 -0.0295500
v -0.0183000 0.0071000 -0.0254000
v -0.0198000 0.0058369 -0.0254000
v -0.0198000 0.0066708 -0.0295923
v -0.0183000 0.0066708 -0.0295923
v -0.0183000 0.0058369 -0.0254000
v -0.0198000 0.0044697 -0.0254000
v -0.0198000 0.0062581 -0.0297175
v -0.0183000 0.0062581 -0.0297175
v -0.0183000 0.0044697 -0.0254000
v -0.0198000 0.0028571 -0.0254000
v -0.0198000 0.0058777 -0.0299208
v -0.0183000 0.0058777 -0.0299208
v -0.0183000 0.0028571 -0.0254000
v -0.0198000 0.0007500 -0.0254000
v -0.0198000 0.0055444 -0.0301944
v -0.0183000 0.0055444 -0.0301944
v -0.0183000 0.0007500 -0.0254000
v -0.0198000 0.0007500 -0.0275071
v -0.0198000 0.0052708 -0.0305277
v -0.0183000 0.0052708 -0.0305277
v -0.0183000 0.0007500 -0.0275071
v -0.0198000 0.0007500 -0.0291197
v -0.0198000 0.0050675 -0.0309081
v -0.0183000 0.0050675 -0.0309081
v -0.0183000 0.0007500 -0.0291197
v -0.0198000 0.0007500 -0.0304869
v -0.0198000 0.0049423 -0.0313208
v -0.0183000 0.0049423 -0.0313208
v -0.0183000 0.0007500 -0.0304869
v -0.0198000 0.0007500 -0.0317500
v -0.0198000 0.0049000 -0.0317500
v -0.0183000 0.0049000 -0.0317500
v -0.0183000 0.0007500 -0.0317500
v -0.0198000 0.0007500 -0.0330131
v -0.0198000 0.0049423 -0.0321792
v -0.0183000 0.0049423 -0.0321792
v -0.0183000 0.0007500 -0.0330131
v -0.0198000 0.0007500 -0.0343803
v -0.0198000 0.0050675 -0.0325919
v -0.0183000 0.0050675 -0.0325919
v -0.0183000 0.0007500 -0.0343803
v -0.0198000 0.0007500 -0.0359929
v -0.0198000 0.0052708 -0.0329723
v -0.0183000 0.0052708 -0.0329723
v -0.0183000 0.0007500 -0.0359929
v -0.0198000 0.0055444 -0.0333056
v -0.0183000 0.0055444 -0.0333056
v -0.0198000 0.0058777 -0.0335792
v -0.0183000 0.0058777 -0.0335792
v -0.0198000 0.0062581 -0.0337825
v -0.0183000 0.0062581 -0.0337825
v -0.0198000 0.0066708 -0.0339077
v -0.0183000 0.0066708 -0.0339077
v -0.0198000 0.0071000 -0.0339500
v -0.0183000 0.0071000 -0.0339500
v -0.0198000 0.0075292 -0.0339077
v -0.0183000 0.0075292 -0.0339077
v -0.0198000 0.0079419 -0.0337825
v -0.0183000 0.0079419 -0.0337825
v -0.0198000 0.0083223 -0.0335792
v -0.0183000 0.0083223 -0.0335792
v -0.0198000 0.0086556 -0.0333056
v -0.0183000 0.0086556 -0.0333056
v -0.0198000 0.0134500 -0.0359929
v -0.0198000 0.0089292 -0.0329723
v -0.0183000 0.0089292 -0.0329723
v -0.0183000 0.0134500 -0.0359929
v -0.0198000 0.0134500 -0.0343803
v -0.0198000 0.0091325 -0.0325919
v -0.0183000 0.0091325 -0.0325919
v -0.0183000 0.0134500 -0.0343803
v -0.0198000 0.0134500 -0.0330131
v -0.0198000 0.0092577 -0.0321792
v -0.0183000 0.0092577 -0.0321792
v -0.0183000 0.0134500 -0.0330131
v -0.0198000 0.0134500 -0.0190500
v -0.0198000 0.0134500 -0.0177869
v -0.0198000 0.0092577 -0.0186208
v -0.0198000 0.0093000 -0.0190500
v -0.0183000 0.0134500 -0.0190500
v -0.0183000 0.0093000 -0.0190500
v -0.0183000 0.0092577 -0.0186208
v -0.0183000 0.0134500 -0.0177869
v -0.0198000 0.0134500 -0.0164197
v -0.0198000 0.0091325 -0.0182081
v -0.0183000 0.0091325 -0.0182081
v -0.0183000 0.0134500 -0.0164197
v -0.0198000 0.0134500 -0.0148071
v -0.0198000 0.0089292 -0.0178277
v -0.0183000 0.0089292 -0.0178277
v -0.0183000 0.0134500 -0.0148071
v -0.0198000 0.0134500 -0.0127000
v -0.0198000 0.0086556 -0.0174944
v -0.0183000 0.0086556 -0.0174944
v -0.0183000 0.0134500 -0.0127000
v -0.0198000 0.0113429 -0.0127000
v -0.0198000 0.0083223 -0.0172208
v -0.0183000 0.0083223 -0.0172208
v -0.0183000 0.0113429 -0.0127000
v -0.0198000 0.0097303 -0.0127000
v -0.0198000 0.0079419 -0.0170175
v -0.0183000 0.0079419 -0.0170175
v -0.0183000 0.0097303 -0.0127000
v -0.0198000 0.0083631 -0.0127000
v -0.0198000 0.0075292 -0.0168923
v -0.0183000 0.0075292 -0.0168923
v -0.0183000 0.0083631 -0.0127000
v -0.0198000 0.0071000 -0.0127000
v -0.0198000 0.0071000 -0.0168500
v -0.0183000 0.0071000 -0.0168500
v -0.0183000 0.0071000 -0.0127000
v -0.0198000 0.0058369 -0.0127000
v -0.0198000 0.0066708 -0.0168923
v -0.0183000 0.0066708 -0.0168923
v -0.0183000 0.0058369 -0.0127000
v -0.0198000 0.0044697 -0.0127000
v -0.0198000 0.0062581 -0.0170175
v -0.0183000 0.0062581 -0.0170175
v -0.0183000 0.0044697 -0.0127000
v -0.0198000 0.0028571 -0.0127000
v -0.0198000 0.0058777 -0.0172208
v -0.0183000 0.0058777 -0.0172208
v -0.0183000 0.0028571 -0.0127000
v -0.0198000 0.0007500 -0.0127000
v -0.0198000 0.0055444 -0.0174944
v -0.0183000 0.0055444 -0.0174944
v -0.0183000 0.0007500 -0.0127000
v -0.0198000 0.0007500 -0.0148071
v -0.0198000 0.0052708 -0.0178277
v -0.0183000 0.0052708 -0.0178277
v -0.0183000 0.0007500 -0.0148071
v -0.0198000 0.0007500 -0.0164197
v -0.0198000 0.0050675 -0.0182081
v -0.0183000 0.0050675 -0.0182081
v -0.0183000 0.0007500 -0.0164197
v -0.0198000 0.0007500 -0.0177869
v -0.0198000 0.0049423 -0.0186208
v -0.0183000 0.0049423 -0.0186208
v -0.0183000 0.0007500 -0.0177869
v -0.0198000 0.0007500 -0.0190500
v -0.0198000 0.0049000 -0.0190500
v -0.0183000 0.0049000 -0.0190500
v -0.0183000 0.0007500 -0.0190500
v -0.0198000 0.0007500 -0.0203131
v -0.0198000 0.0049423 -0.0194792
v -0.0183000 0.0049423 -0.0194792
v -0.0183000 0.0007500 -0.0203131
v -0.0198000 0.0007500 -0.0216803
v -0.0198000 0.0050675 -0.0198919
v -0.0183000 0.0050675 -0.0198919
v -0.0183000 0.0007500 -0.0216803
v -0.0198000 0.0007500 -0.0232929
v -0.0198000 0.0052708 -0.0202723
v -0.0183000 0.0052708 -0.0202723
v -0.0183000 0.0007500 -0.0232929
v -0.0198000 0.0055444 -0.0206056
v -0.0183000 0.0055444 -0.0206056
v -0.0198000 0.0058777 -0.0208792
v -0.0183000 0.0058777 -0.0208792
v -0.0198000 0.0062581 -0.0210825
v -0.0183000 0.0062581 -0.0210825
v -0.0198000 0.0066708 -0.0212077
v -0.0183000 0.0066708 -0.0212077
v -0.0198000 0.0071000 -0.0212500
v -0.0183000 0.0071000 -0.0212500
v -0.0198000 0.0075292 -0.0212077
v -0.0183000 0.0075292 -0.0212077
v -0.0198000 0.0079419 -0.0210825
v -0.0183000 0.0079419 -0.0210825
v -0.0198000 0.0083223 -0.0208792
v -0.0183000 0.0083223 -0.0208792
v -0.0198000 0.0086556 -0.0206056
v -0.0183000 0.0086556 -0.0206056
v -0.0198000 0.0134500 -0.0232929
v -0.0198000 0.0089292 -0.0202723
v -0.0183000 0.0089292 -0.0202723
v -0.0183000 0.0134500 -0.0232929
v -0.0198000 0.0134500 -0.0216803
v -0.0198000 0.0091325 -0.0198919
v -0.0183000 0.0091325 -0.0198919
v -0.0183000 0.0134500 -0.0216803
v -0.0198000 0.0134500 -0.0203131
v -0.0198000 0.0092577 -0.0194792
v -0.0183000 0.0092577 -0.0194792
v -0.0183000 0.0134500 -0.0203131
v -0.0198000 0.0134500 -0.0063500
v -0.0198000 0.0134500 -0.0050869
v -0.0198000 0.0092577 -0.0059208
v -0.0198000 0.0093000 -0.0063500
v -0.0183000 0.0134500 -0.0063500
v -0.0183000 0.0093000 -0.0063500
v -0.0183000 0.0092577 -0.0059208
v -0.0183000 0.0134500 -0.0050869
v -0.0198000 0.0134500 -0.0037197
v -0.0198000 0.0091325 -0.0055081
v -0.0183000 0.0091325 -0.0055081
v -0.0183000 0.0134500 -0.0037197
v -0.0198000 0.0134500 -0.0021071
v -0.0198000 0.0089292 -0.0051277
v -0.0183000 0.0089292 -0.0051277
v -0.0183000 0.0134500 -0.0021071
v -0.0198000 0.0134500 -0.0000000
v -0.0198000 0.0086556 -0.0047944
v -0.0183000 0.0086556 -0.0047944
v -0.0183000 0.0134500 -0.0000000
v -0.0198000 0.0113429 0.0000000
v -0.0198000 0.0083223 -0.0045208
v -0.0183000 0.0083223 -0.0045208
v -0.0183000 0.0113429 0.0000000
v -0.0198000 0.0097303 0.0000000
v -0.0198000 0.0079419 -0.0043175
v -0.0183000 0.0079419 -0.0043175
v -0.0183000 0.0097303 0.0000000
v -0.0198000 0.0083631 0.0000000
v -0.0198000 0.0075292 -0.0041923
v -0.0183000 0.0075292 -0.0041923
v -0.0183000 0.0083631 0.0000000
v -0.0198000 0.0071000 0.0000000
v -0.0198000 0.0071000 -0.0041500
v -0.0183000 0.0071000 -0.0041500
v -0.0183000 0.0071000 0.0000000
v -0.0198000 0.0058369 0.0000000
v -0.0198000 0.0066708 -0.0041923
v -0.0183000 0.0066708 -0.0041923
v -0.0183000 0.0058369 0.0000000
v -0.0198000 0.0044697 0.0000000
v -0.0198000 0.0062581 -0.0043175
v -0.0183000 0.0062581 -0.0043175
v -0.0183000 0.0044697 0.0000000
v -0.0198000 0.0028571 0.0000000
v -0.0198000 0.0058777 -0.0045208
v -0.0183000 0.0058777 -0.0045208
v -0.0183000 0.0028571 0.0000000
v -0.0198000 0.0007500 0.0000000
v -0.0198000 0.0055444 -0.0047944
v -0.0183000 0.0055444 -0.0047944
v -0.0183000 0.0007500 0.0000000
v -0.0198000 0.0007500 -0.0021071
v -0.0198000 0.0052708 -0.0051277
v -0.0183000 0.0052708 -0.0051277
v -0.0183000 0.0007500 -0.0021071
v -0.0198000 0.0007500 -0.0037197
v -0.0198000 0.0050675 -0.0055081
v -0.0183000 0.0050675 -0.0055081
v -0.0183000 0.0007500 -0.0037197
v -0.0198000 0.0007500 -0.0050869
v -0.0198000 0.0049423 -0.0059208
v -0.0183000 0.0049423 -0.0059208
v -0.0183000 0.0007500 -0.0050869
v -0.0198000 0.0007500 -0.0063500
v -0.0198000 0.0049000 -0.0063500
v -0.0183000 0.0049000 -0.0063500
v -0.0183000 0.0007500 -0.0063500
v -0.0198000 0.0007500 -0.0076131
v -0.0198000 0.0049423 -0.0067792
v -0.0183000 0.0049423 -0.0067792
v -0.0183000 0.0007500 -0.0076131
v -0.0198000 0.0007500 -0.0089803
v -0.0198000 0.0050675 -0.0071919
v -0.0183000 0.0050675 -0.0071919
v -0.0183000 0.0007500 -0.0089803
v -0.0198000 0.0007500 -0.0105929
v -0.0198000 0.0052708 -0.0075723
v -0.0183000 0.0052708 -0.0075723
v -0.0183000 0.0007500 -0.0105929
v -0.0198000 0.0055444 -0.0079056
v -0.0183000 0.0055444 -0.0079056
v -0.0198000 0.0058777 -0.0081792
v -0.0183000 0.0058777 -0.0081792
v -0.0198000 0.0062581 -0.0083825
v -0.0183000 0.0062581 -0.0083825
v -0.0198000 0.0066708 -0.0085077
v -0.0183000 0.0066708 -0.0085077
v -0.0198000 0.0071000 -0.0085500
v -0.0183000 0.0071000 -0.0085500
v -0.0198000 0.0075292 -0.0085077
v -0.0183000 0.0075292 -0.0085077
v -0.0198000 0.0079419 -0.0083825
v -0.0183000 0.0079419 -0.0083825
v -0.0198000 0.0083223 -0.0081792
v -0.0183000 0.0083223 -0.0081792
v -0.0198000 0.0086556 -0.0079056
v -0.0183000 0.0086556 -0.0079056
v -0.0198000 0.0134500 -0.0105929
v -0.0198000 0.0089292 -0.0075723
v -0.0183000 0.0089292 -0.0075723
v -0.0183000 0.0134500 -0.0105929
v -0.0198000 0.0134500 -0.0089803
v -0.0198000 0.0091325 -0.0071919
v -0.0183000 0.0091325 -0.0071919
v -0.0183000 0.0134500 -0.0089803
v -0.0198000 0.0134500 -0.0076131
v -0.0198000 0.0092577 -0.0067792
v -0.0183000 0.0092577 -0.0067792
v -0.0183000 0.0134500 -0.0076131
v -0.0198000 0.0134500 0.0063500
v -0.0198000 0.0134500 0.0076131
v -0.0198000 0.0092577 0.0067792
v -0.0198000 0.0093000 0.0063500
v -0.0183000 0.0134500 0.0063500
v -0.0183000 0.0093000 0.0063500
v -0.0183000 0.0092577 0.0067792
v -0.0183000 0.0134500 0.0076131
v -0.0198000 0.0134500 0.0089803
v -0.0198000 0.0091325 0.0071919
v -0.0183000 0.0091325 0.0071919
v -0.0183000 0.0134500 0.0089803
v -0.0198000 0.0134500 0.0105929
v -0.0198000 0.0089292 0.0075723
v -0.0183000 0.0089292 0.0075723
v -0.0183000 0.0134500 0.0105929
v -0.0198000 0.0134500 0.0127000
v -0.0198000 0.0086556 0.0079056
v -0.0183000 0.0086556 0.0079056
v -0.0183000 0.0134500 0.0127000
v -0.0198000 0.0113429 0.0127000
v -0.0198000 0.0083223 0.0081792
v -0.0183000 0.0083223 0.0081792
v -0.0183000 0.0113429 0.0127000
v -0.0198000 0.0097303 0.0127000
v -0.0198000 0.0079419 0.0083825
v -0.0183000 0.0079419 0.0083825
v -0.0183000 0.0097303 0.0127000
v -0.0198000 0.0083631 0.0127000
v -0.0198000 0.0075292 0.0085077
v -0.0183000 0.0075292 0.0085077
v -0.0183000 0.0083631 0.0127000
v -0.0198000 0.0071000 0.0127000
v -0.0198000 0.0071000 0.0085500
v -0.0183000 0.0071000 0.0085500
v -0.0183000 0.0071000 0.0127000
v -0.0198000 0.0058369 0.0127000
v -0.0198000 0.0066708 0.0085077
v -0.0183000 0.0066708 0.0085077
v -0.0183000 0.0058369 0.0127000
v -0.0198000 0.0044697 0.0127000
v -0.0198000 0.0062581 0.0083825
v -0.0183000 0.0062581 0.0083825
v -0.0183000 0.0044697 0.0127000
v -0.0198000 0.0028571 0.0127000
v -0.0198000 0.0058777 0.0081792
v -0.0183000 0.0058777 0.0081792
v -0.0183000 0.0028571 0.0127000
v -0.0198000 0.0007500 0.0127000
v -0.0198000 0.0055444 0.0079056
v -0.0183000 0.0055444 0.0079056
v -0.0183000 0.0007500 0.0127000
v -0.0198000 0.0007500 0.0105929
v -0.0198000 0.0052708 0.0075723
v -0.0183000 0.0052708 0.0075723
v -0.0183000 0.0007500 0.0105929
v -0.0198000 0.0007500 0.0089803
v -0.0198000 0.0050675 0.0071919
v -0.0183000 0.0050675 0.0071919
v -0.0183000 0.0007500 0.0089803
v -0.0198000 0.0007500 0.0076131
v -0.0198000 0.0049423 0.0067792
v -0.0183000 0.0049423 0.0067792
v -0.0183000 0.0007500 0.0076131
v -0.0198000 0.0007500 0.0063500
v -0.0198000 0.0049000 0.0063500
v -0.0183000 0.0049000 0.0063500
v -0.0183000 0.0007500 0.0063500
v -0.0198000 0.0007500 0.0050869
v -0.0198000 0.0049423 0.0059208
v -0.0183000 0.0049423 0.0059208
v -0.0183000 0.0007500 0.0050869
v -0.0198000 0.0007500 0.0037197
v -0.0198000 0.0050675 0.0055081
v -0.0183000 0.0050675 0.0055081
v -0.0183000 0.0007500 0.0037197
v -0.0198000 0.0007500 0.0021071
v -0.0198000 0.0052708 0.0051277
v -0.0183000 0.0052708 0.0051277
v -0.0183000 0.0007500 0.0021071
v -0.0198000 0.0055444 0.0047944
v -0.0183000 0.0055444 0.0047944
v -0.0198000 0.0058777 0.0045208
v -0.0183000 0.0058777 0.0045208
v -0.0198000 0.0062581 0.0043175
v -0.0183000 0.0062581 0.0043175
v -0.0198000 0.0066708 0.0041923
v -0.0183000 0.0066708 0.0041923
v -0.0198000 0.0071000 0.0041500
v -0.0183000 0.0071000 0.0041500
v -0.0198000 0.0075292 0.0041923
v -0.0183000 0.0075292 0.0041923
v -0.0198000 0.0079419 0.0043175
v -0.0183000 0.0079419 0.0043175
v -0.0198000 0.0083223 0.0045208
v -0.0183000 0.0083223 0.0045208
v -0.0198000 0.0086556 0.0047944
v -0.0183000 0.0086556 0.0047944
v -0.0198000 0.0134500 0.0021071
v -0.0198000 0.0089292 0.0051277
v -0.0183000 0.0089292 0.0051277
v -0.0183000 0.0134500 0.0021071
v -0.0198000 0.0134500 0.0037197
v -0.0198000 0.0091325 0.0055081
v -0.0183000 0.0091325 0.0055081
v -0.0183000 0.0134500 0.0037197
v -0.0198000 0.0134500 0.0050869
v -0.0198000 0.0092577 0.0059208
v -0.0183000 0.0092577 0.0059208
v -0.0183000 0.0134500 0.0050869
v -0.0198000 0.0134500 0.0190500
v -0.0198000 0.0134500 0.0203131
v -0.0198000 0.0092577 0.0194792
v -0.0198000 0.0093000 0.0190500
v -0.0183000 0.0134500 0.0190500
v -0.0183000 0.0093000 0.0190500
v -0.0183000 0.0092577 0.0194792
v -0.0183000 0.0134500 0.0203131
v -0.0198000 0.0134500 0.0216803
v -0.0198000 0.0091325 0.0198919
v -0.0183000 0.0091325 0.0198919
v -0.0183000 0.0134500 0.0216803
v -0.0198000 0.0134500 0.0232929
v -0.0198000 0.0089292 0.0202723
v -0.0183000 0.0089292 0.0202723
v -0.0183000 0.0134500 0.0232929
v -0.0198000 0.0134500 0.0254000
v -0.0198000 0.0086556 0.0206056
v -0.0183000 0.0086556 0.0206056
v -0.0183000 0.0134500 0.0254000
v -0.0198000 0.0113429 0.0254000
v -0.0198000 0.0083223 0.0208792
v -0.0183000 0.0083223 0.0208792
v -0.0183000 0.0113429 0.0254000
v -0.0198000 0.0097303 0.0254000
v -0.0198000 0.0079419 0.0210825
v -0.0183000 0.0079419 0.0210825
v -0.0183000 0.0097303 0.0254000
v -0.0198000 0.0083631 0.0254000
v -0.0198000 0.0075292 0.0212077
v -0.0183000 0.0075292 0.0212077
v -0.0183000 0.0083631 0.0254000
v -0.0198000 0.0071000 0.0254000
v -0.0198000 0.0071000 0.0212500
v -0.0183000 0.0071000 0.0212500
v -0.0183000 0.0071000 0.0254000
v -0.0198000 0.0058369 0.0254000
v -0.0198000 0.0066708 0.0212077
v -0.0183000 0.0066708 0.0212077
v -0.0183000 0.0058369 0.0254000
v -0.0198000 0.0044697 0.0254000
v -0.0198000 0.0062581 0.0210825
v -0.0183000 0.0062581 0.0210825
v -0.0183000 0.0044697 0.0254000
v -0.0198000 0.0028571 0.0254000
v -0.0198000 0.0058777 0.0208792
v -0.0183000 0.0058777 0.0208792
v -0.0183000 0.0028571 0.0254000
v -0.0198000 0.0007500 0.0254000
v -0.0198000 0.0055444 0.0206056
v -0.0183000 0.0055444 0.0206056
v -0.0183000 0.0007500 0.0254000
v -0.0198000 0.0007500 0.0232929
v -0.0198000 0.0052708 0.0202723
v -0.0183000 0.0052708 0.0202723
v -0.0183000 0.0007500 0.0232929
v -0.0198000 0.0007500 0.0216803
v -0.0198000 0.0050675 0.0198919
v -0.0183000 0.0050675 0.0198919
v -0.0183000 0.0007500 0.0216803
v -0.0198000 0.0007500 0.0203131
v -0.0198000 0.0049423 0.0194792
v -0.0183000 0.0049423 0.0194792
v -0.0183000 0.0007500 0.0203131
v -0.0198000 0.0007500 0.0190500
v -0.0198000 0.0049000 0.0190500
v -0.0183000 0.0049000 0.0190500
v -0.0183000 0.0007500 0.0190500
v -0.0198000 0.0007500 0.0177869
v -0.0198000 0.0049423 0.0186208
v -0.0183000 0.0049423 0.0186208
v -0.0183000 0.0007500 0.0177869
v -0.0198000 0.0007500 0.0164197
v -0.0198000 0.0050675 0.0182081
v -0.0183000 0.0050675 0.0182081
v -0.0183000 0.0007500 0.0164197
v -0.0198000 0.0007500 0.0148071
v -0.0198000 0.0052708 0.0178277
v -0.0183000 0.0052708 0.0178277
v -0.0183000 0.0007500 0.0148071
v -0.0198000 0.0055444 0.0174944
v -0.0183000 0.0055444 0.0174944
v -0.0198000 0.0058777 0.0172208
v -0.0183000 0.0058777 0.0172208
v -0.0198000 0.0062581 0.0170175
v -0.0183000 0.0062581 0.0170175
v -0.0198000 0.0066708 0.0168923
v -0.0183000 0.0066708 0.0168923
v -0.0198000 0.0071000 0.0168500
v -0.0183000 0.0071000 0.0168500
v -0.0198000 0.0075292 0.0168923
v -0.0183000 0.0075292 0.0168923
v -0.0198000 0.0079419 0.0170175
v -0.0183000 0.0079419 0.0170175
v -0.0198000 0.0083223 0.0172208
v -0.0183000 0.0083223 0.0172208
v -0.0198000 0.0086556 0.0174944
v -0.0183000 0.0086556 0.0174944
v -0.0198000 0.0134500 0.0148071
v -0.0198000 0.0089292 0.0178277
v -0.0183000 0.0089292 0.0178277
v -0.0183000 0.0134500 0.0148071
v -0.0198000 0.0134500 0.0164197
v -0.0198000 0.0091325 0.0182081
v -0.0183000 0.0091325 0.0182081
v -0.0183000 0.0134500 0.0164197
v -0.0198000 0.0134500 0.0177869
v -0.0198000 0.0092577 0.0186208
v -0.0183000 0.0092577 0.0186208
v -0.0183000 0.0134500 0.0177869
v -0.0198000 0.0134500 0.0317500
v -0.0198000 0.0134500 0.0330131
v -0.0198000 0.0092577 0.0321792
v -0.0198000 0.0093000 0.0317500
v -0.0183000 0.0134500 0.0317500
v -0.0183000 0.0093000 0.0317500
v -0.0183000 0.0092577 0.0321792
v -0.0183000 0.0134500 0.0330131
v -0.0198000 0.0134500 0.0343803
v -0.0198000 0.0091325 0.0325919
v -0.0183000 0.0091325 0.0325919
v -0.0183000 0.0134500 0.0343803
v -0.0198000 0.0134500 0.0359929
v -0.0198000 0.0089292 0.0329723
v -0.0183000 0.0089292 0.0329723
v -0.0183000 0.0134500 0.0359929
v -0.0198000 0.0134500 0.0381000
v -0.0198000 0.0086556 0.0333056
v -0.0183000 0.0086556 0.0333056
v -0.0183000 0.0134500 0.0381000
v -0.0198000 0.0113429 0.0381000
v -0.0198000 0.0083223 0.0335792
v -0.0183000 0.0083223 0.0335792
v -0.0183000 0.0113429 0.0381000
v -0.0198000 0.0097303 0.0381000
v -0.0198000 0.0079419 0.0337825
v -0.0183000 0.0079419 0.0337825
v -0.0183000 0.0097303 0.0381000
v -0.0198000 0.0083631 0.0381000
v -0.0198000 0.0075292 0.0339077
v -0.0183000 0.0075292 0.0339077
v -0.0183000 0.0083631 0.0381000
v -0.0198000 0.0071000 0.0381000
v -0.0198000 0.0071000 0.0339500
v -0.0183000 0.0071000 0.0339500
v -0.0183000 0.0071000 0.0381000
v -0.0198000 0.0058369 0.0381000
v -0.0198000 0.0066708 0.0339077
v -0.0183000 0.0066708 0.0339077
v -0.0183000 0.0058369 0.0381000
v -0.0198000 0.0044697 0.0381000
v -0.0198000 0.0062581 0.0337825
v -0.0183000 0.0062581 0.0337825
v -0.0183000 0.0044697 0.0381000
v -0.0198000 0.0028571 0.0381000
v -0.0198000 0.0058777 0.0335792
v -0.0183000 0.0058777 0.0335792
v -0.0183000 0.0028571 0.0381000
v -0.0198000 0.0007500 0.0381000
v -0.0198000 0.0055444 0.0333056
v -0.0183000 0.0055444 0.0333056
v -0.0183000 0.0007500 0.0381000
v -0.0198000 0.0007500 0.0359929
v -0.0198000 0.0052708 0.0329723
v -0.0183000 0.0052708 0.0329723
v -0.0183000 0.0007500 0.0359929
v -0.0198000 0.0007500 0.0343803
v -0.0198000 0.0050675 0.0325919
v -0.0183000 0.0050675 0.0325919
v -0.0183000 0.0007500 0.0343803
v -0.0198000 0.0007500 0.0330131
v -0.0198000 0.0049423 0.0321792
v -0.0183000 0.0049423 0.0321792
v -0.0183000 0.0007500 0.0330131
v -0.0198000 0.0007500 0.0317500
v -0.0198000 0.0049000 0.0317500
v -0.0183000 0.0049000 0.0317500
v -0.0183000 0.0007500 0.0317500
v -0.0198000 0.0007500 0.0304869
v -0.0198000 0.0049423 0.0313208
v -0.0183000 0.0049423 0.0313208
v -0.0183000 0.0007500 0.0304869
v -0.0198000 0.0007500 0.0291197
v -0.0198000 0.0050675 0.0309081
v -0.0183000 0.0050675 0.0309081
v -0.0183000 0.0007500 0.0291197
v -0.0198000 0.0007500 0.0275071
v -0.0198000 0.0052708 0.0305277
v -0.0183000 0.0052708 0.0305277
v -0.0183000 0.0007500 0.0275071
v -0.0198000 0.0055444 0.0301944
v -0.0183000 0.0055444 0.0301944
v -0.0198000 0.0058777 0.0299208
v -0.0183000 0.0058777 0.0299208
v -0.0198000 0.0062581 0.0297175
v -0.0183000 0.0062581 0.0297175
v -0.0198000 0.0066708 0.0295923
v -0.0183000 0.0066708 0.0295923
v -0.0198000 0.0071000 0.0295500
v -0.0183000 0.0071000 0.0295500
v -0.0198000 0.0075292 0.0295923
v -0.0183000 0.0075292 0.0295923
v -0.0198000 0.0079419 0.0297175
v -0.0183000 0.0079419 0.0297175
v -0.0198000 0.0083223 0.0299208
v -0.0183000 0.0083223 0.0299208
v -0.0198000 0.0086556 0.0301944
v -0.0183000 0.0086556 0.0301944
v -0.0198000 0.0134500 0.0275071
v -0.0198000 0.0089292 0.0305277
v -0.0183000 0.0089292 0.0305277
v -0.0183000 0.0134500 0.0275071
v -0.0198000 0.0134500 0.0291197
v -0.0198000 0.0091325 0.0309081
v -0.0183000 0.0091325 0.0309081
v -0.0183000 0.0134500 0.0291197
v -0.0198000 0.0134500 0.0304869
v -0.0198000 0.0092577 0.0313208
v -0.0183000 0.0092577 0.0313208
v -0.0183000 0.0134500 0.0304869
v -0.0198000 0.0134500 0.0444500
v -0.0198000 0.0134500 0.0457131
v -0.0198000 0.0092577 0.0448792
v -0.0198000 0.0093000 0.0444500
v -0.0183000 0.0134500 0.0444500
v -0.0183000 0.0093000 0.0444500
v -0.0183000 0.0092577 0.0448792
v -0.0183000 0.0134500 0.0457131
v -0.0198000 0.0134500 0.0470803
v -0.0198000 0.0091325 0.0452919
v -0.0183000 0.0091325 0.0452919
v -0.0183000 0.0134500 0.0470803
v -0.0198000 0.0134500 0.0486929
v -0.0198000 0.0089292 0.0456723
v -0.0183000 0.0089292 0.0456723
v -0.0183000 0.0134500 0.0486929
v -0.0198000 0.0134500 0.0508000
v -0.0198000 0.0086556 0.0460056
v -0.0183000 0.0086556 0.0460056
v -0.0183000 0.0134500 0.0508000
v -0.0198000 0.0113429 0.0508000
v -0.0198000 0.0083223 0.0462792
v -0.0183000 0.0083223 0.0462792
v -0.0183000 0.0113429 0.0508000
v -0.0198000 0.0097303 0.0508000
v -0.0198000 0.0079419 0.0464825
v -0.0183000 0.0079419 0.0464825
v -0.0183000 0.0097303 0.0508000
v -0.0198000 0.0083631 0.0508000
v -0.0198000 0.0075292 0.0466077
v -0.0183000 0.0075292 0.0466077
v -0.0183000 0.0083631 0.0508000
v -0.0198000 0.0071000 0.0508000
v -0.0198000 0.0071000 0.0466500
v -0.0183000 0.0071000 0.0466500
v -0.0183000 0.0071000 0.0508000
v -0.0198000 0.0058369 0.0508000
v -0.0198000 0.0066708 0.0466077
v -0.0183000 0.0066708 0.0466077
v -0.0183000 0.0058369 0.0508000
v -0.0198000 0.0044697 0.0508000
v -0.0198000 0.0062581 0.0464825
v -0.0183000 0.0062581 0.0464825
v -0.0183000 0.0044697 0.0508000
v -0.0198000 0.0028571 0.0508000
v -0.0198000 0.0058777 0.0462792
v -0.0183000 0.0058777 0.0462792
v -0.0183000 0.0028571 0.0508000
v -0.0198000 0.0007500 0.0508000
v -0.0198000 0.0055444 0.0460056
v -0.0183000 0.0055444 0.0460056
v -0.0183000 0.0007500 0.0508000
v -0.0198000 0.0007500 0.0486929
v -0.0198000 0.0052708 0.0456723
v -0.0183000 0.0052708 0.0456723
v -0.0183000 0.0007500 0.0486929
v -0.0198000 0.0007500 0.0470803
v -0.0198000 0.0050675 0.0452919
v -0.0183000 0.0050675 0.0452919
v -0.0183000 0.0007500 0.0470803
v -0.0198000 0.0007500 0.0457131
v -0.0198000 0.0049423 0.0448792
v -0.0183000 0.0049423 0.0448792
v -0.0183000 0.0007500 0.0457131
v -0.0198000 0.0007500 0.0444500
v -0.0198000 0.0049000 0.0444500
v -0.0183000 0.0049000 0.0444500
v -0.0183000 0.0007500 0.0444500
v -0.0198000 0.0007500 0.0431869
v -0.0198000 0.0049423 0.0440208
v -0.0183000 0.0049423 0.0440208
v -0.0183000 0.0007500 0.0431869
v -0.0198000 0.0007500 0.0418197
v -0.0198000 0.0050675 0.0436081
v -0.0183000 0.0050675 0.0436081
v -0.0183000 0.0007500 0.0418197
v -0.0198000 0.0007500 0.0402071
v -0.0198000 0.0052708 0.0432277
v -0.0183000 0.0052708 0.0432277
v -0.0183000 0.0007500 0.0402071
v -0.0198000 0.0055444 0.0428944
v -0.0183000 0.0055444 0.0428944
v -0.0198000 0.0058777 0.0426208
v -0.0183000 0.0058777 0.0426208
v -0.0198000 0.0062581 0.0424175
v -0.0183000 0.0062581 0.0424175
v -0.0198000 0.0066708 0.0422923
v -0.0183000 0.0066708 0.0422923
v -0.0198000 0.0071000 0.0422500
v -0.0183000 0.0071000 0.0422500
v -0.0198000 0.0075292 0.0422923
v -0.0183000 0.0075292 0.0422923
v -0.0198000 0.0079419 0.0424175
v -0.0183000 0.0079419 0.0424175
v -0.0198000 0.0083223 0.0426208
v -0.0183000 0.0083223 0.0426208
v -0.0198000 0.0086556 0.0428944
v -0.0183000 0.0086556 0.0428944
v -0.0198000 0.0134500 0.0402071
v -0.0198000 0.0089292 0.0432277
v -0.0183000 0.0089292 0.0432277
v -0.0183000 0.0134500 0.0402071
v -0.0198000 0.0134500 0.0418197
v -0.0198000 0.0091325 0.0436081
v -0.0183000 0.0091325 0.0436081
v -0.0183000 0.0134500 0.0418197
v -0.0198000 0.0134500 0.0431869
v -0.0198000 0.0092577 0.0440208
v -0.0183000 0.0092577 0.0440208
v -0.0183000 0.0134500 0.0431869
v -0.0198000 0.0261500 -0.0444500
v -0.0198000 0.0261500 -0.0431869
v -0.0198000 0.0219577 -0.0440208
v -0.0198000 0.0220000 -0.0444500
v -0.0183000 0.0261500 -0.0444500
v -0.0183000 0.0220000 -0.0444500
v -0.0183000 0.0219577 -0.0440208
v -0.0183000 0.0261500 -0.0431869
v -0.0198000 0.0261500 -0.0418197
v -0.0198000 0.0218325 -0.0436081
v -0.0183000 0.0218325 -0.0436081
v -0.0183000 0.0261500 -0.0418197
v -0.0198000 0.0261500 -0.0402071
v -0.0198000 0.0216292 -0.0432277
v -0.0183000 0.0216292 -0.0432277
v -0.0183000 0.0261500 -0.0402071
v -0.0198000 0.0261500 -0.0381000
v -0.0198000 0.0213556 -0.0428944
v -0.0183000 0.0213556 -0.0428944
v -0.0183000 0.0261500 -0.0381000
v -0.0198000 0.0240429 -0.0381000
v -0.0198000 0.0210223 -0.0426208
v -0.0183000 0.0210223 -0.0426208
v -0.0183000 0.0240429 -0.0381000
v -0.0198000 0.0224303 -0.0381000
v -0.0198000 0.0206419 -0.0424175
v -0.0183000 0.0206419 -0.0424175
v -0.0183000 0.0224303 -0.0381000
v -0.0198000 0.0210631 -0.0381000
v -0.0198000 0.0202292 -0.0422923
v -0.0183000 0.0202292 -0.0422923
v -0.0183000 0.0210631 -0.0381000
v -0.0198000 0.0198000 -0.0381000
v -0.0198000 0.0198000 -0.0422500
v -0.0183000 0.0198000 -0.0422500
v -0.0183000 0.0198000 -0.0381000
v -0.0198000 0.0185369 -0.0381000
v -0.0198000 0.0193708 -0.0422923
v -0.0183000 0.0193708 -0.0422923
v -0.0183000 0.0185369 -0.0381000
v -0.0198000 0.0171697 -0.0381000
v -0.0198000 0.0189581 -0.0424175
v -0.0183000 0.0189581 -0.0424175
v -0.0183000 0.0171697 -0.0381000
v -0.0198000 0.0155571 -0.0381000
v -0.0198000 0.0185777 -0.0426208
v -0.0183000 0.0185777 -0.0426208
v -0.0183000 0.0155571 -0.0381000
v -0.0198000 0.0182444 -0.0428944
v -0.0183000 0.0182444 -0.0428944
v -0.0198000 0.0179708 -0.0432277
v -0.0183000 0.0179708 -0.0432277
v -0.0198000 0.0177675 -0.0436081
v -0.0183000 0.0177675 -0.0436081
v -0.0198000 0.0176423 -0.0440208
v -0.0183000 0.0176423 -0.0440208
v -0.0198000 0.0176000 -0.0444500
v -0.0183000 0.0176000 -0.0444500
v -0.0198000 0.0176423 -0.0448792
v -0.0183000 0.0176423 -0.0448792
v -0.0198000 0.0177675 -0.0452919
v -0.0183000 0.0177675 -0.0452919
v -0.0198000 0.0179708 -0.0456723
v -0.0183000 0.0179708 -0.0456723
v -0.0198000 0.0182444 -0.0460056
v -0.0183000 0.0182444 -0.0460056
v -0.0198000 0.0155571 -0.0508000
v -0.0198000 0.0185777 -0.0462792
v -0.0183000 0.0185777 -0.0462792
v -0.0183000 0.0155571 -0.0508000
v -0.0198000 0.0171697 -0.0508000
v -0.0198000 0.0189581 -0.0464825
v -0.0183000 0.0189581 -0.0464825
v -0.0183000 0.0171697 -0.0508000
v -0.0198000 0.0185369 -0.0508000
v -0.0198000 0.0193708 -0.0466077
v -0.0183000 0.0193708 -0.0466077
v -0.0183000 0.0185369 -0.0508000
v -0.0198000 0.0198000 -0.0508000
v -0.0198000 0.0198000 -0.0466500
v -0.0183000 0.0198000 -0.0466500
v -0.0183000 0.0198000 -0.0508000
v -0.0198000 0.0210631 -0.0508000
v -0.0198000 0.0202292 -0.0466077
v -0.0183000 0.0202292 -0.0466077
v -0.0183000 0.0210631 -0.0508000
v -0.0198000 0.0224303 -0.0508000
v -0.0198000 0.0206419 -0.0464825
v -0.0183000 0.0206419 -0.0464825
v -0.0183000 0.0224303 -0.0508000
v -0.0198000 0.0240429 -0.0508000
v -0.0198000 0.0210223 -0.0462792
v -0.0183000 0.0210223 -0.0462792
v -0.0183000 0.0240429 -0.0508000
v -0.0198000 0.0261500 -0.0508000
v -0.0198000 0.0213556 -0.0460056
v -0.0183000 0.0213556 -0.0460056
v -0.0183000 0.0261500 -0.0508000
v -0.0198000 0.0261500 -0.0486929
v -0.0198000 0.0216292 -0.0456723
v -0.0183000 0.0216292 -0.0456723
v -0.0183000 0.0261500 -0.0486929
v -0.0198000 0.0261500 -0.0470803
v -0.0198000 0.0218325 -0.0452919
v -0.0183000 0.0218325 -0.0452919
v -0.0183000 0.0261500 -0.0470803
v -0.0198000 0.0261500 -0.0457131
v -0.0198000 0.0219577 -0.0448792
v -0.0183000 0.0219577 -0.0448792
v -0.0183000 0.0261500 -0.0457131
v -0.0198000 0.0261500 -0.0317500
v -0.0198000 0.0261500 -0.0304869
v -0.0198000 0.0219577 -0.0313208
v -0.0198000 0.0220000 -0.0317500
v -0.0183000 0.0261500 -0.0317500
v -0.0183000 0.0220000 -0.0317500
v -0.0183000 0.0219577 -0.0313208
v -0.0183000 0.0261500 -0.0304869
v -0.0198000 0.0261500 -0.0291197
v -0.0198000 0.0218325 -0.0309081
v -0.0183000 0.0218325 -0.0309081
v -0.0183000 0.0261500 -0.0291197
v -0.0198000 0.0261500 -0.0275071
v -0.0198000 0.0216292 -0.0305277
v -0.0183000 0.0216292 -0.0305277
v -0.0183000 0.0261500 -0.0275071
v -0.0198000 0.0261500 -0.0254000
v -0.0198000 0.0213556 -0.0301944
v -0.0183000 0.0213556 -0.0301944
v -0.0183000 0.0261500 -0.0254000
v -0.0198000 0.0240429 -0.0254000
v -0.0198000 0.0210223 -0.0299208
v -0.0183000 0.0210223 -0.0299208
v -0.0183000 0.0240429 -0.0254000
v -0.0198000 0.0224303 -0.0254000
v -0.0198000 0.0206419 -0.0297175
v -0.0183000 0.0206419 -0.0297175
v -0.0183000 0.0224303 -0.0254000
v -0.0198000 0.0210631 -0.0254000
v -0.0198000 0.0202292 -0.0295923
v -0.0183000 0.0202292 -0.0295923
v -0.0183000 0.0210631 -0.0254000
v -0.0198000 0.0198000 -0.0254000
v -0.0198000 0.0198000 -0.0295500
v -0.0183000 0.0198000 -0.0295500
v -0.0183000 0.0198000 -0.0254000
v -0.0198000 0.0185369 -0.0254000
v -0.0198000 0.0193708 -0.0295923
v -0.0183000 0.0193708 -0.0295923
v -0.0183000 0.0185369 -0.0254000
v -0.0198000 0.0171697 -0.0254000
v -0.0198000 0.0189581 -0.0297175
v -0.0183000 0.0189581 -0.0297175
v -0.0183000 0.0171697 -0.0254000
v -0.0198000 0.0155571 -0.0254000
v -0.0198000 0.0185777 -0.0299208
v -0.0183000 0.0185777 -0.0299208
v -0.0183000 0.0155571 -0.0254000
v -0.0198000 0.0182444 -0.0301944
v -0.0183000 0.0182444 -0.0301944
v -0.0198000 0.0179708 -0.0305277
v -0.0183000 0.0179708 -0.0305277
v -0.0198000 0.0177675 -0.0309081
v -0.0183000 0.0177675 -0.0309081
v -0.0198000 0.0176423 -0.0313208
v -0.0183000 0.0176423 -0.0313208
v -0.0198000 0.0176000 -0.0317500
v -0.0183000 0.0176000 -0.0317500
v -0.0198000 0.0176423 -0.0321792
v -0.0183000 0.0176423 -0.0321792
v -0.0198000 0.0177675 -0.0325919
v -0.0183000 0.0177675 -0.0325919
v -0.0198000 0.0179708 -0.0329723
v -0.0183000 0.0179708 -0.0329723
v -0.0198000 0.0182444 -0.0333056
v -0.0183000 0.0182444 -0.0333056
v -0.0198000 0.0185777 -0.0335792
v -0.0183000 0.0185777 -0.0335792
v -0.0198000 0.0189581 -0.0337825
v -0.0183000 0.0189581 -0.0337825
v -0.0198000 0.0193708 -0.0339077
v -0.0183000 0.0193708 -0.0339077
v -0.0198000 0.0198000 -0.0339500
v -0.0183000 0.0198000 -0.0339500
v -0.0198000 0.0202292 -0.0339077
v -0.0183000 0.0202292 -0.0339077
v -0.0198000 0.0206419 -0.0337825
v -0.0183000 0.0206419 -0.0337825
v -0.0198000 0.0210223 -0.0335792
v -0.0183000 0.0210223 -0.0335792
v -0.0198000 0.0213556 -0.0333056
v -0.0183000 0.0213556 -0.0333056
v -0.0198000 0.0261500 -0.0359929
v -0.0198000 0.0216292 -0.0329723
v -0.0183000 0.0216292 -0.0329723
v -0.0183000 0.0261500 -0.0359929
v -0.0198000 0.0261500 -0.0343803
v -0.0198000 0.0218325 -0.0325919
v -0.0183000 0.0218325 -0.0325919
v -0.0183000 0.0261500 -0.0343803
v -0.0198000 0.0261500 -0.0330131
v -0.0198000 0.0219577 -0.0321792
v -0.0183000 0.0219577 -0.0321792
v -0.0183000 0.0261500 -0.0330131
v -0.0198000 0.0261500 -0.0190500
v -0.0198000 0.0261500 -0.0177869
v -0.0198000 0.0219577 -0.0186208
v -0.0198000 0.0220000 -0.0190500
v -0.0183000 0.0261500 -0.0190500
v -0.0183000 0.0220000 -0.0190500
v -0.0183000 0.0219577 -0.0186208
v -0.0183000 0.0261500 -0.0177869
v -0.0198000 0.0261500 -0.0164197
v -0.0198000 0.0218325 -0.0182081
v -0.0183000 0.0218325 -0.0182081
v -0.0183000 0.0261500 -0.0164197
v -0.0198000 0.0261500 -0.0148071
v -0.0198000 0.0216292 -0.0178277
v -0.0183000 0.0216292 -0.0178277
v -0.0183000 0.0261500 -0.0148071
v -0.0198000 0.0261500 -0.0127000
v -0.0198000 0.0213556 -0.0174944
v -0.0183000 0.0213556 -0.0174944
v -0.0183000 0.0261500 -0.0127000
v -0.0198000 0.0240429 -0.0127000
v -0.0198000 0.0210223 -0.0172208
v -0.0183000 0.0210223 -0.0172208
v -0.0183000 0.0240429 -0.0127000
v -0.0198000 0.0224303 -0.0127000
v -0.0198000 0.0206419 -0.0170175
v -0.0183000 0.0206419 -0.0170175
v -0.0183000 0.0224303 -0.0127000
v -0.0198000 0.0210631 -0.0127000
v -0.0198000 0.0202292 -0.0168923
v -0.0183000 0.0202292 -0.0168923
v -0.0183000 0.0210631 -0.0127000
v -0.0198000 0.0198000 -0.0127000
v -0.0198000 0.0198000 -0.0168500
v -0.0183000 0.0198000 -0.0168500
v -0.0183000 0.0198000 -0.0127000
v -0.0198000 0.0185369 -0.0127000
v -0.0198000 0.0193708 -0.0168923
v -0.0183000 0.0193708 -0.0168923
v -0.0183000 0.0185369 -0.0127000
v -0.0198000 0.0171697 -0.0127000
v -0.0198000 0.0189581 -0.0170175
v -0.0183000 0.0189581 -0.0170175
v -0.0183000 0.0171697 -0.0127000
v -0.0198000 0.0155571 -0.0127000
v -0.0198000 0.0185777 -0.0172208
v -0.0183000 0.0185777 -0.0172208
v -0.0183000 0.0155571 -0.0127000
v -0.0198000 0.0182444 -0.0174944
v -0.0183000 0.0182444 -0.0174944
v -0.0198000 0.0179708 -0.0178277
v -0.0183000 0.0179708 -0.0178277
v -0.0198000 0.0177675 -0.0182081
v -0.0183000 0.0177675 -0.0182081
v -0.0198000 0.0176423 -0.0186208
v -0.0183000 0.0176423 -0.0186208
v -0.0198000 0.0176000 -0.0190500
v -0.0183000 0.0176000 -0.0190500
v -0.0198000 0.0176423 -0.0194792
v -0.0183000 0.0176423 -0.0194792
v -0.0198000 0.0177675 -0.0198919
v -0.0183000 0.0177675 -0.0198919
v -0.0198000 0.0179708 -0.0202723
v -0.0183000 0.0179708 -0.0202723
v -0.0198000 0.0182444 -0.0206056
v -0.0183000 0.0182444 -0.0206056
v -0.0198000 0.0185777 -0.0208792
v -0.0183000 0.0185777 -0.0208792
v -0.0198000 0.0189581 -0.0210825
v -0.0183000 0.0189581 -0.0210825
v -0.0198000 0.0193708 -0.0212077
v -0.0183000 0.0193708 -0.0212077
v -0.0198000 0.0198000 -0.0212500
v -0.0183000 0.0198000 -0.0212500
v -0.0198000 0.0202292 -0.0212077
v -0.0183000 0.0202292 -0.0212077
v -0.0198000 0.0206419 -0.0210825
v -0.0183000 0.0206419 -0.0210825
v -0.0198000 0.0210223 -0.0208792
v -0.0183000 0.0210223 -0.0208792
v -0.0198000 0.0213556 -0.0206056
v -0.0183000 0.0213556 -0.0206056
v -0.0198000 0.0261500 -0.0232929
v -0.0198000 0.0216292 -0.0202723
v -0.0183000 0.0216292 -0.0202723
v -0.0183000 0.0261500 -0.0232929
v -0.0198000 0.0261500 -0.0216803
v -0.0198000 0.0218325 -0.0198919
v -0.0183000 0.0218325 -0.0198919
v -0.0183000 0.0261500 -0.0216803
v -0.0198000 0.0261500 -0.0203131
v -0.0198000 0.0219577 -0.0194792
v -0.0183000 0.0219577 -0.0194792
v -0.0183000 0.0261500 -0.0203131
v -0.0198000 0.0261500 -0.0063500
v -0.0198000 0.0261500 -0.0050869
v -0.0198000 0.0219577 -0.0059208
v -0.0198000 0.0220000 -0.0063500
v -0.0183000 0.0261500 -0.0063500
v -0.0183000 0.0220000 -0.0063500
v -0.0183000 0.0219577 -0.0059208
v -0.0183000 0.0261500 -0.0050869
v -0.0198000 0.0261500 -0.0037197
v -0.0198000 0.0218325 -0.0055081
v -0.0183000 0.0218325 -0.0055081
v -0.0183000 0.0261500 -0.0037197
v -0.0198000 0.0261500 -0.0021071
v -0.0198000 0.0216292 -0.0051277
v -0.0183000 0.0216292 -0.0051277
v -0.0183000 0.0261500 -0.0021071
v -0.0198000 0.0261500 -0.0000000
v -0.0198000 0.0213556 -0.0047944
v -0.0183000 0.0213556 -0.0047944
v -0.0183000 0.0261500 -0.0000000
v -0.0198000 0.0240429 0.0000000
v -0.0198000 0.0210223 -0.0045208
v -0.0183000 0.0210223 -0.0045208
v -0.0183000 0.0240429 0.0000000
v -0.0198000 0.0224303 0.0000000
v -0.0198000 0.0206419 -0.0043175
v -0.0183000 0.0206419 -0.0043175
v -0.0183000 0.0224303 0.0000000
v -0.0198000 0.0210631 0.0000000
v -0.0198000 0.0202292 -0.0041923
v -0.0183000 0.0202292 -0.0041923
v -0.0183000 0.0210631 0.0000000
v -0.0198000 0.0198000 0.0000000
v -0.0198000 0.0198000 -0.0041500
v -0.0183000 0.0198000 -0.0041500
v -0.0183000 0.0198000 0.0000000
v -0.0198000 0.0185369 0.0000000
v -0.0198000 0.0193708 -0.0041923
v -0.0183000 0.0193708 -0.0041923
v -0.0183000 0.0185369 0.0000000
v -0.0198000 0.0171697 0.0000000
v -0.0198000 0.0189581 -0.0043175
v -0.0183000 0.0189581 -0.0043175
v -0.0183000 0.0171697 0.0000000
v -0.0198000 0.0155571 0.0000000
v -0.0198000 0.0185777 -0.0045208
v -0.0183000 0.0185777 -0.0045208
v -0.0183000 0.0155571 0.0000000
v -0.0198000 0.0182444 -0.0047944
v -0.0183000 0.0182444 -0.0047944
v -0.0198000 0.0179708 -0.0051277
v -0.0183000 0.0179708 -0.0051277
v -0.0198000 0.0177675 -0.0055081
v -0.0183000 0.0177675 -0.0055081
v -0.0198000 0.0176423 -0.0059208
v -0.0183000 0.0176423 -0.0059208
v -0.0198000 0.0176000 -0.0063500
v -0.0183000 0.0176000 -0.0063500
v -0.0198000 0.0176423 -0.0067792
v -0.0183000 0.0176423 -0.0067792
v -0.0198000 0.0177675 -0.0071919
v -0.0183000 0.0177675 -0.0071919
v -0.0198000 0.0179708 -0.0075723
v -0.0183000 0.0179708 -0.0075723
v -0.0198000 0.0182444 -0.0079056
v -0.0183000 0.0182444 -0.0079056
v -0.0198000 0.0185777 -0.0081792
v -0.0183000 0.0185777 -0.0081792
v -0.0198000 0.0189581 -0.0083825
v -0.0183000 0.0189581 -0.0083825
v -0.0198000 0.0193708 -0.0085077
v -0.0183000 0.0193708 -0.0085077
v -0.0198000 0.0198000 -0.0085500
v -0.0183000 0.0198000 -0.0085500
v -0.0198000 0.0202292 -0.0085077
v -0.0183000 0.0202292 -0.0085077
v -0.0198000 0.0206419 -0.0083825
v -0.0183000 0.0206419 -0.0083825
v -0.0198000 0.0210223 -0.0081792
v -0.0183000 0.0210223 -0.0081792
v -0.0198000 0.0213556 -0.0079056
v -0.0183000 0.0213556 -0.0079056
v -0.0198000 0.0261500 -0.0105929
v -0.0198000 0.0216292 -0.0075723
v -0.0183000 0.0216292 -0.0075723
v -0.0183000 0.0261500 -0.0105929
v -0.0198000 0.0261500 -0.0089803
v -0.0198000 0.0218325 -0.0071919
v -0.0183000 0.0218325 -0.0071919
v -0.0183000 0.0261500 -0.0089803
v -0.0198000 0.0261500 -0.0076131
v -0.0198000 0.0219577 -0.0067792
v -0.0183000 0.0219577 -0.0067792
v -0.0183000 0.0261500 -0.0076131
v -0.0198000 0.0261500 0.0063500
v -0.0198000 0.0261500 0.0076131
v -0.0198000 0.0219577 0.0067792
v -0.0198000 0.0220000 0.0063500
v -0.0183000 0.0261500 0.0063500
v -0.0183000 0.0220000 0.0063500
v -0.0183000 0.0219577 0.0067792
v -0.0183000 0.0261500 0.0076131
v -0.0198000 0.0261500 0.0089803
v -0.0198000 0.0218325 0.0071919
v -0.0183000 0.0218325 0.0071919
v -0.0183000 0.0261500 0.0089803
v -0.0198000 0.0261500 0.0105929
v -0.0198000 0.0216292 0.0075723
v -0.0183000 0.0216292 0.0075723
v -0.0183000 0.0261500 0.0105929
v -0.0198000 0.0261500 0.0127000
v -0.0198000 0.0213556 0.0079056
v -0.0183000 0.0213556 0.0079056
v -0.0183000 0.0261500 0.0127000
v -0.0198000 0.0240429 0.0127000
v -0.0198000 0.0210223 0.0081792
v -0.0183000 0.0210223 0.0081792
v -0.0183000 0.0240429 0.0127000
v -0.0198000 0.0224303 0.0127000
v -0.0198000 0.0206419 0.0083825
v -0.0183000 0.0206419 0.0083825
v -0.0183000 0.0224303 0.0127000
v -0.0198000 0.0210631 0.0127000
v -0.0198000 0.0202292 0.0085077
v -0.0183000 0.0202292 0.0085077
v -0.0183000 0.0210631 0.0127000
v -0.0198000 0.0198000 0.0127000
v -0.0198000 0.0198000 0.0085500
v -0.0183000 0.0198000 0.0085500
v -0.0183000 0.0198000 0.0127000
v -0.0198000 0.0185369 0.0127000
v -0.0198000 0.0193708 0.0085077
v -0.0183000 0.0193708 0.0085077
v -0.0183000 0.0185369 0.0127000
v -0.0198000 0.0171697 0.0127000
v -0.0198000 0.0189581 0.0083825
v -0.0183000 0.0189581 0.0083825
v -0.0183000 0.0171697 0.0127000
v -0.0198000 0.0155571 0.0127000
v -0.0198000 0.0185777 0.0081792
v -0.0183000 0.0185777 0.0081792
v -0.0183000 0.0155571 0.0127000
v -0.0198000 0.0182444 0.0079056
v -0.0183000 0.0182444 0.0079056
v -0.0198000 0.0179708 0.0075723
v -0.0183000 0.0179708 0.0075723
v -0.0198000 0.0177675 0.0071919
v -0.0183000 0.0177675 0.0071919
v -0.0198000 0.0176423 0.0067792
v -0.0183000 0.0176423 0.0067792
v -0.0198000 0.0176000 0.0063500
v -0.0183000 0.0176000 0.0063500
v -0.0198000 0.0176423 0.0059208
v -0.0183000 0.0176423 0.0059208
v -0.0198000 0.0177675 0.0055081
v -0.0183000 0.0177675 0.0055081
v -0.0198000 0.0179708 0.0051277
v -0.0183000 0.0179708 0.0051277
v -0.0198000 0.0182444 0.0047944
v -0.0183000 0.0182444 0.0047944
v -0.0198000 0.0185777 0.0045208
v -0.0183000 0.0185777 0.0045208
v -0.0198000 0.0189581 0.0043175
v -0.0183000 0.0189581 0.0043175
v -0.0198000 0.0193708 0.0041923
v -0.0183000 0.0193708 0.0041923
v -0.0198000 0.0198000 0.0041500
v -0.0183000 0.0198000 0.0041500
v -0.0198000 0.0202292 0.0041923
v -0.0183000 0.0202292 0.0041923
v -0.0198000 0.0206419 0.0043175
v -0.0183000 0.0206419 0.0043175
v -0.0198000 0.0210223 0.0045208
v -0.0183000 0.0210223 0.0045208
v -0.0198000 0.0213556 0.0047944
v -0.0183000 0.0213556 0.0047944
v -0.0198000 0.0261500 0.0021071
v -0.0198000 0.0216292 0.0051277
v -0.0183000 0.0216292 0.0051277
v -0.0183000 0.0261500 0.0021071
v -0.0198000 0.0261500 0.0037197
v -0.0198000 0.0218325 0.0055081
v -0.0183000 0.0218325 0.0055081
v -0.0183000 0.0261500 0.0037197
v -0.0198000 0.0261500 0.0050869
v -0.0198000 0.0219577 0.0059208
v -0.0183000 0.0219577 0.0059208
v -0.0183000 0.0261500 0.0050869
v -0.0198000 0.0261500 0.0190500
v -0.0198000 0.0261500 0.0203131
v -0.0198000 0.0219577 0.0194792
v -0.0198000 0.0220000 0.0190500
v -0.0183000 0.0261500 0.0190500
v -0.0183000 0.0220000 0.0190500
v -0.0183000 0.0219577 0.0194792
v -0.0183000 0.0261500 0.0203131
v -0.0198000 0.0261500 0.0216803
v -0.0198000 0.0218325 0.0198919
v -0.0183000 0.0218325 0.0198919
v -0.0183000 0.0261500 0.0216803
v -0.0198000 0.0261500 0.0232929
v -0.0198000 0.0216292 0.0202723
v -0.0183000 0.0216292 0.0202723
v -0.0183000 0.0261500 0.0232929
v -0.0198000 0.0261500 0.0254000
v -0.0198000 0.0213556 0.0206056
v -0.0183000 0.0213556 0.0206056
v -0.0183000 0.0261500 0.0254000
v -0.0198000 0.0240429 0.0254000
v -0.0198000 0.0210223 0.0208792
v -0.0183000 0.0210223 0.0208792
v -0.0183000 0.0240429 0.0254000
v -0.0198000 0.0224303 0.0254000
v -0.0198000 0.0206419 0.0210825
v -0.0183000 0.0206419 0.0210825
v -0.0183000 0.0224303 0.0254000
v -0.0198000 0.0210631 0.0254000
v -0.0198000 0.0202292 0.0212077
v -0.0183000 0.0202292 0.0212077
v -0.0183000 0.0210631 0.0254000
v -0.0198000 0.0198000 0.0254000
v -0.0198000 0.0198000 0.0212500
v -0.0183000 0.0198000 0.0212500
v -0.0183000 0.0198000 0.0254000
v -0.0198000 0.0185369 0.0254000
v -0.0198000 0.0193708 0.0212077
v -0.0183000 0.0193708 0.0212077
v -0.0183000 0.0185369 0.0254000
v -0.0198000 0.0171697 0.0254000
v -0.0198000 0.0189581 0.0210825
v -0.0183000 0.0189581 0.0210825
v -0.0183000 0.0171697 0.0254000
v -0.0198000 0.0155571 0.0254000
v -0.0198000 0.0185777 0.0208792
v -0.0183000 0.0185777 0.0208792
v -0.0183000 0.0155571 0.0254000
v -0.0198000 0.0182444 0.0206056
v -0.0183000 0.0182444 0.0206056
v -0.0198000 0.0179708 0.0202723
v -0.0183000 0.0179708 0.0202723
v -0.0198000 0.0177675 0.0198919
v -0.0183000 0.0177675 0.0198919
v -0.0198000 0.0176423 0.0194792
v -0.0183000 0.0176423 0.0194792
v -0.0198000 0.0176000 0.0190500
v -0.0183000 0.0176000 0.0190500
v -0.0198000 0.0176423 0.0186208
v -0.0183000 0.0176423 0.0186208
v -0.0198000 0.0177675 0.0182081
v -0.0183000 0.0177675 0.0182081
v -0.0198000 0.0179708 0.0178277
v -0.0183000 0.0179708 0.0178277
v -0.0198000 0.0182444 0.0174944
v -0.0183000 0.0182444 0.0174944
v -0.0198000 0.0185777 0.0172208
v -0.0183000 0.0185777 0.0172208
v -0.0198000 0.0189581 0.0170175
v -0.0183000 0.0189581 0.0170175
v -0.0198000 0.0193708 0.0168923
v -0.0183000 0.0193708 0.0168923
v -0.0198000 0.0198000 0.0168500
v -0.0183000 0.0198000 0.0168500
v -0.0198000 0.0202292 0.0168923
v -0.0183000 0.0202292 0.0168923
v -0.0198000 0.0206419 0.0170175
v -0.0183000 0.0206419 0.0170175
v -0.0198000 0.0210223 0.0172208
v -0.0183000 0.0210223 0.0172208
v -0.0198000 0.0213556 0.0174944
v -0.0183000 0.0213556 0.0174944
v -0.0198000 0.0261500 0.0148071
v -0.0198000 0.0216292 0.0178277
v -0.0183000 0.0216292 0.0178277
v -0.0183000 0.0261500 0.0148071
v -0.0198000 0.0261500 0.0164197
v -0.0198000 0.0218325 0.0182081
v -0.0183000 0.0218325 0.0182081
v -0.0183000 0.0261500 0.0164197
v -0.0198000 0.0261500 0.0177869
v -0.0198000 0.0219577 0.0186208
v -0.0183000 0.0219577 0.0186208
v -0.0183000 0.0261500 0.0177869
v -0.0198000 0.0261500 0.0317500
v -0.0198000 0.0261500 0.0330131
v -0.0198000 0.0219577 0.0321792
v -0.0198000 0.0220000 0.0317500
v -0.0183000 0.0261500 0.0317500
v -0.0183000 0.0220000 0.0317500
v -0.0183000 0.0219577 0.0321792
v -0.0183000 0.0261500 0.0330131
v -0.0198000 0.0261500 0.0343803
v -0.0198000 0.0218325 0.0325919
v -0.0183000 0.0218325 0.0325919
v -0.0183000 0.0261500 0.0343803
v -0.0198000 0.0261500 0.0359929
v -0.0198000 0.0216292 0.0329723
v -0.0183000 0.0216292 0.0329723
v -0.0183000 0.0261500 0.0359929
v -0.0198000 0.0261500 0.0381000
v -0.0198000 0.0213556 0.0333056
v -0.0183000 0.0213556 0.0333056
v -0.0183000 0.0261500 0.0381000
v -0.0198000 0.0240429 0.0381000
v -0.0198000 0.0210223 0.0335792
v -0.0183000 0.0210223 0.0335792
v -0.0183000 0.0240429 0.0381000
v -0.0198000 0.0224303 0.0381000
v -0.0198000 0.0206419 0.0337825
v -0.0183000 0.0206419 0.0337825
v -0.0183000 0.0224303 0.0381000
v -0.0198000 0.0210631 0.0381000
v -0.0198000 0.0202292 0.0339077
v -0.0183000 0.0202292 0.0339077
v -0.0183000 0.0210631 0.0381000
v -0.0198000 0.0198000 0.0381000
v -0.0198000 0.0198000 0.0339500
v -0.0183000 0.0198000 0.0339500
v -0.0183000 0.0198000 0.0381000
v -0.0198000 0.0185369 0.0381000
v -0.0198000 0.0193708 0.0339077
v -0.0183000 0.0193708 0.0339077
v -0.0183000 0.0185369 0.0381000
v -0.0198000 0.0171697 0.0381000
v -0.0198000 0.0189581 0.0337825
v -0.0183000 0.0189581 0.0337825
v -0.0183000 0.0171697 0.0381000
v -0.0198000 0.0155571 0.0381000
v -0.0198000 0.0185777 0.0335792
v -0.0183000 0.0185777 0.0335792
v -0.0183000 0.0155571 0.0381000
v -0.0198000 0.0182444 0.0333056
v -0.0183000 0.0182444 0.0333056
v -0.0198000 0.0179708 0.0329723
v -0.0183000 0.0179708 0.0329723
v -0.0198000 0.0177675 0.0325919
v -0.0183000 0.0177675 0.0325919
v -0.0198000 0.0176423 0.0321792
v -0.0183000 0.0176423 0.0321792
v -0.0198000 0.0176000 0.0317500
v -0.0183000 0.0176000 0.0317500
v -0.0198000 0.0176423 0.0313208
v -0.0183000 0.0176423 0.0313208
v -0.0198000 0.0177675 0.0309081
v -0.0183000 0.0177675 0.0309081
v -0.0198000 0.0179708 0.0305277
v -0.0183000 0.0179708 0.0305277
v -0.0198000 0.0182444 0.0301944
v -0.0183000 0.0182444 0.0301944
v -0.0198000 0.0185777 0.0299208
v -0.0183000 0.0185777 0.0299208
v -0.0198000 0.0189581 0.0297175
v -0.0183000 0.0189581 0.0297175
v -0.0198000 0.0193708 0.0295923
v -0.0183000 0.0193708 0.0295923
v -0.0198000 0.0198000 0.0295500
v -0.0183000 0.0198000 0.0295500
v -0.0198000 0.0202292 0.0295923
v -0.0183000 0.0202292 0.0295923
v -0.0198000 0.0206419 0.0297175
v -0.0183000 0.0206419 0.0297175
v -0.0198000 0.0210223 0.0299208
v -0.0183000 0.0210223 0.0299208
v -0.0198000 0.0213556 0.0301944
v -0.0183000 0.0213556 0.0301944
v -0.0198000 0.0261500 0.0275071
v -0.0198000 0.0216292 0.0305277
v -0.0183000 0.0216292 0.0305277
v -0.0183000 0.0261500 0.0275071
v -0.0198000 0.0261500 0.0291197
v -0.0198000 0.0218325 0.0309081
v -0.0183000 0.0218325 0.0309081
v -0.0183000 0.0261500 0.0291197
v -0.0198000 0.0261500 0.0304869
v -0.0198000 0.0219577 0.0313208
v -0.0183000 0.0219577 0.0313208
v -0.0183000 0.0261500 0.0304869
v -0.0198000 0.0261500 0.0444500
v -0.0198000 0.0261500 0.0457131
v -0.0198000 0.0219577 0.0448792
v -0.0198000 0.0220000 0.0444500
v -0.0183000 0.0261500 0.0444500
v -0.0183000 0.0220000 0.0444500
v -0.0183000 0.0219577 0.0448792
v -0.0183000 0.0261500 0.0457131
v -0.0198000 0.0261500 0.0470803
v -0.0198000 0.0218325 0.0452919
v -0.0183000 0.0218325 0.0452919
v -0.0183000 0.0261500 0.0470803
v -0.0198000 0.0261500 0.0486929
v -0.0198000 0.0216292 0.0456723
v -0.0183000 0.0216292 0.0456723
v -0.0183000 0.0261500 0.0486929
v -0.0198000 0.0261500 0.0508000
v -0.0198000 0.0213556 0.0460056
v -0.0183000 0.0213556 0.0460056
v -0.0183000 0.0261500 0.0508000
v -0.0198000 0.0240429 0.0508000
v -0.0198000 0.0210223 0.0462792
v -0.0183000 0.0210223 0.0462792
v -0.0183000 0.0240429 0.0508000
v -0.0198000 0.0224303 0.0508000
v -0.0198000 0.0206419 0.0464825
v -0.0183000 0.0206419 0.0464825
v -0.0183000 0.0224303 0.0508000
v -0.0198000 0.0210631 0.0508000
v -0.0198000 0.0202292 0.0466077
v -0.0183000 0.0202292 0.0466077
v -0.0183000 0.0210631 0.0508000
v -0.0198000 0.0198000 0.0508000
v -0.0198000 0.0198000 0.0466500
v -0.0183000 0.0198000 0.0466500
v -0.0183000 0.0198000 0.0508000
v -0.0198000 0.0185369 0.0508000
v -0.0198000 0.0193708 0.0466077
v -0.0183000 0.0193708 0.0466077
v -0.0183000 0.0185369 0.0508000
v -0.0198000 0.0171697 0.0508000
v -0.0198000 0.0189581 0.0464825
v -0.0183000 0.0189581 0.0464825
v -0.0183000 0.0171697 0.0508000
v -0.0198000 0.0155571 0.0508000
v -0.0198000 0.0185777 0.0462792
v -0.0183000 0.0185777 0.0462792
v -0.0183000 0.0155571 0.0508000
v -0.0198000 0.0182444 0.0460056
v -0.0183000 0.0182444 0.0460056
v -0.0198000 0.0179708 0.0456723
v -0.0183000 0.0179708 0.0456723
v -0.0198000 0.0177675 0.0452919
v -0.0183000 0.0177675 0.0452919
v -0.0198000 0.0176423 0.0448792
v -0.0183000 0.0176423 0.0448792
v -0.0198000 0.0176000 0.0444500
v -0.0183000 0.0176000 0.0444500
v -0.0198000 0.0176423 0.0440208
v -0.0183000 0.0176423 0.0440208
v -0.0198000 0.0177675 0.0436081
v -0.0183000 0.0177675 0.0436081
v -0.0198000 0.0179708 0.0432277
v -0.0183000 0.0179708 0.0432277
v -0.0198000 0.0182444 0.0428944
v -0.0183000 0.0182444 0.0428944
v -0.0198000 0.0185777 0.0426208
v -0.0183000 0.0185777 0.0426208
v -0.0198000 0.0189581 0.0424175
v -0.0183000 0.0189581 0.0424175
v -0.0198000 0.0193708 0.0422923
v -0.0183000 0.0193708 0.0422923
v -0.0198000 0.0198000 0.0422500
v -0.0183000 0.0198000 0.0422500
v -0.0198000 0.0202292 0.0422923
v -0.0183000 0.0202292 0.0422923
v -0.0198000 0.0206419 0.0424175
v -0.0183000 0.0206419 0.0424175
v -0.0198000 0.0210223 0.0426208
v -0.0183000 0.0210223 0.0426208
v -0.0198000 0.0213556 0.0428944
v -0.0183000 0.0213556 0.0428944
v -0.0198000 0.0261500 0.0402071
v -0.0198000 0.0216292 0.0432277
v -0.0183000 0.0216292 0.0432277
v -0.0183000 0.0261500 0.0402071
v -0.0198000 0.0261500 0.0418197
v -0.0198000 0.0218325 0.0436081
v -0.0183000 0.0218325 0.0436081
v -0.0183000 0.0261500 0.0418197
v -0.0198000 0.0261500 0.0431869
v -0.0198000 0.0219577 0.0440208
v -0.0183000 0.0219577 0.0440208
v -0.0183000 0.0261500 0.0431869
v 0.0183000 0.0134500 -0.0444500
v 0.0183000 0.0134500 -0.0431869
v 0.0183000 0.0092577 -0.0440208
v 0.0183000 0.0093000 -0.0444500
v 0.0198000 0.0134500 -0.0444500
v 0.0198000 0.0093000 -0.0444500
v 0.0198000 0.0092577 -0.0440208
v 0.0198000 0.0134500 -0.0431869
v 0.0183000 0.0134500 -0.0418197
v 0.0183000 0.0091325 -0.0436081
v 0.0198000 0.0091325 -0.0436081
v 0.0198000 0.0134500 -0.0418197
v 0.0183000 0.0134500 -0.0402071
v 0.0183000 0.0089292 -0.0432277
v 0.0198000 0.0089292 -0.0432277
v 0.0198000 0.0134500 -0.0402071
v 0.0183000 0.0134500 -0.0381000
v 0.0183000 0.0086556 -0.0428944
v 0.0198000 0.0086556 -0.0428944
v 0.0198000 0.0134500 -0.0381000
v 0.0183000 0.0113429 -0.0381000
v 0.0183000 0.0083223 -0.0426208
v 0.0198000 0.0083223 -0.0426208
v 0.0198000 0.0113429 -0.0381000
v 0.0183000 0.0097303 -0.0381000
v 0.0183000 0.0079419 -0.0424175
v 0.0198000 0.0079419 -0.0424175
v 0.0198000 0.0097303 -0.0381000
v 0.0183000 0.0083631 -0.0381000
v 0.0183000 0.0075292 -0.0422923
v 0.0198000 0.0075292 -0.0422923
v 0.0198000 0.0083631 -0.0381000
v 0.0183000 0.0071000 -0.0381000
v 0.0183000 0.0071000 -0.0422500
v 0.0198000 0.0071000 -0.0422500
v 0.0198000 0.0071000 -0.0381000
v 0.0183000 0.0058369 -0.0381000
v 0.0183000 0.0066708 -0.0422923
v 0.0198000 0.0066708 -0.0422923
v 0.0198000 0.0058369 -0.0381000
v 0.0183000 0.0044697 -0.0381000
v 0.0183000 0.0062581 -0.0424175
v 0.0198000 0.0062581 -0.0424175
v 0.0198000 0.0044697 -0.0381000
v 0.0183000 0.0028571 -0.0381000
v 0.0183000 0.0058777 -0.0426208
v 0.0198000 0.0058777 -0.0426208
v 0.0198000 0.0028571 -0.0381000
v 0.0183000 0.0007500 -0.0381000
v 0.0183000 0.0055444 -0.0428944
v 0.0198000 0.0055444 -0.0428944
v 0.0198000 0.0007500 -0.0381000
v 0.0183000 0.0007500 -0.0402071
v 0.0183000 0.0052708 -0.0432277
v 0.0198000 0.0052708 -0.0432277
v 0.0198000 0.0007500 -0.0402071
v 0.0183000 0.0007500 -0.0418197
v 0.0183000 0.0050675 -0.0436081
v 0.0198000 0.0050675 -0.0436081
v 0.0198000 0.0007500 -0.0418197
v 0.0183000 0.0007500 -0.0431869
v 0.0183000 0.0049423 -0.0440208
v 0.0198000 0.0049423 -0.0440208
v 0.0198000 0.0007500 -0.0431869
v 0.0183000 0.0007500 -0.0444500
v 0.0183000 0.0049000 -0.0444500
v 0.0198000 0.0049000 -0.0444500
v 0.0198000 0.0007500 -0.0444500
v 0.0183000 0.0007500 -0.0457131
v 0.0183000 0.0049423 -0.0448792
v 0.0198000 0.0049423 -0.0448792
v 0.0198000 0.0007500 -0.0457131
v 0.0183000 0.0007500 -0.0470803
v 0.0183000 0.0050675 -0.0452919
v 0.0198000 0.0050675 -0.0452919
v 0.0198000 0.0007500 -0.0470803
v 0.0183000 0.0007500 -0.0486929
v 0.0183000 0.0052708 -0.0456723
v 0.0198000 0.0052708 -0.0456723
v 0.0198000 0.0007500 -0.0486929
v 0.0183000 0.0007500 -0.0508000
v 0.0183000 0.0055444 -0.0460056
v 0.0198000 0.0055444 -0.0460056
v 0.0198000 0.0007500 -0.0508000
v 0.0183000 0.0028571 -0.0508000
v 0.0183000 0.0058777 -0.0462792
v 0.0198000 0.0058777 -0.0462792
v 0.0198000 0.0028571 -0.0508000
v 0.0183000 0.0044697 -0.0508000
v 0.0183000 0.0062581 -0.0464825
v 0.0198000 0.0062581 -0.0464825
v 0.0198000 0.0044697 -0.0508000
v 0.0183000 0.0058369 -0.0508000
v 0.0183000 0.0066708 -0.0466077
v 0.0198000 0.0066708 -0.0466077
v 0.0198000 0.0058369 -0.0508000
v 0.0183000 0.0071000 -0.0508000
v 0.0183000 0.0071000 -0.0466500
v 0.0198000 0.0071000 -0.0466500
v 0.0198000 0.0071000 -0.0508000
v 0.0183000 0.0083631 -0.0508000
v 0.0183000 0.0075292 -0.0466077
v 0.0198000 0.0075292 -0.0466077
v 0.0198000 0.0083631 -0.0508000
v 0.0183000 0.0097303 -0.0508000
v 0.0183000 0.0079419 -0.0464825
v 0.0198000 0.0079419 -0.0464825
v 0.0198000 0.0097303 -0.0508000
v 0.0183000 0.0113429 -0.0508000
v 0.0183000 0.0083223 -0.0462792
v 0.0198000 0.0083223 -0.0462792
v 0.0198000 0.0113429 -0.0508000
v 0.0183000 0.0134500 -0.0508000
v 0.0183000 0.0086556 -0.0460056
v 0.0198000 0.0086556 -0.0460056
v 0.0198000 0.0134500 -0.0508000
v 0.0183000 0.0134500 -0.0486929
v 0.0183000 0.0089292 -0.0456723
v 0.0198000 0.0089292 -0.0456723
v 0.0198000 0.0134500 -0.0486929
v 0.0183000 0.0134500 -0.0470803
v 0.0183000 0.0091325 -0.0452919
v 0.0198000 0.0091325 -0.0452919
v 0.0198000 0.0134500 -0.0470803
v 0.0183000 0.0134500 -0.0457131
v 0.0183000 0.0092577 -0.0448792
v 0.0198000 0.0092577 -0.0448792
v 0.0198000 0.0134500 -0.0457131
v 0.0183000 0.0134500 -0.0317500
v 0.0183000 0.0134500 -0.0304869
v 0.0183000 0.0092577 -0.0313208
v 0.0183000 0.0093000 -0.0317500
v 0.0198000 0.0134500 -0.0317500
v 0.0198000 0.0093000 -0.0317500
v 0.0198000 0.0092577 -0.0313208
v 0.0198000 0.0134500 -0.0304869
v 0.0183000 0.0134500 -0.0291197
v 0.0183000 0.0091325 -0.0309081
v 0.0198000 0.0091325 -0.0309081
v 0.0198000 0.0134500 -0.0291197
v 0.0183000 0.0134500 -0.0275071
v 0.0183000 0.0089292 -0.0305277
v 0.0198000 0.0089292 -0.0305277
v 0.0198000 0.0134500 -0.0275071
v 0.0183000 0.0134500 -0.0254000
v 0.0183000 0.0086556 -0.0301944
v 0.0198000 0.0086556 -0.0301944
v 0.0198000 0.0134500 -0.0254000
v 0.0183000 0.0113429 -0.0254000
v 0.0183000 0.0083223 -0.0299208
v 0.0198000 0.0083223 -0.0299208
v 0.0198000 0.0113429 -0.0254000
v 0.0183000 0.0097303 -0.0254000
v 0.0183000 0.0079419 -0.0297175
v 0.0198000 0.0079419 -0.0297175
v 0.0198000 0.0097303 -0.0254000
v 0.0183000 0.0083631 -0.0254000
v 0.0183000 0.0075292 -0.0295923
v 0.0198000 0.0075292 -0.0295923
v 0.0198000 0.0083631 -0.0254000
v 0.0183000 0.0071000 -0.0254000
v 0.0183000 0.0071000 -0.0295500
v 0.0198000 0.0071000 -0.0295500
v 0.0198000 0.0071000 -0.0254000
v 0.0183000 0.0058369 -0.0254000
v 0.0183000 0.0066708 -0.0295923
v 0.0198000 0.0066708 -0.0295923
v 0.0198000 0.0058369 -0.0254000
v 0.0183000 0.0044697 -0.0254000
v 0.0183000 0.0062581 -0.0297175
v 0.0198000 0.0062581 -0.0297175
v 0.0198000 0.0044697 -0.0254000
v 0.0183000 0.0028571 -0.0254000
v 0.0183000 0.0058777 -0.0299208
v 0.0198000 0.0058777 -0.0299208
v 0.0198000 0.0028571 -0.0254000
v 0.0183000 0.0007500 -0.0254000
v 0.0183000 0.0055444 -0.0301944
v 0.0198000 0.0055444 -0.0301944
v 0.0198000 0.0007500 -0.0254000
v 0.0183000 0.0007500 -0.0275071
v 0.0183000 0.0052708 -0.0305277
v 0.0198000 0.0052708 -0.0305277
v 0.0198000 0.0007500 -0.0275071
v 0.0183000 0.0007500 -0.0291197
v 0.0183000 0.0050675 -0.0309081
v 0.0198000 0.0050675 -0.0309081
v 0.0198000 0.0007500 -0.0291197
v 0.0183000 0.0007500 -0.0304869
v 0.0183000 0.0049423 -0.0313208
v 0.0198000 0.0049423 -0.0313208
v 0.0198000 0.0007500 -0.0304869
v 0.0183000 0.0007500 -0.0317500
v 0.0183000 0.0049000 -0.0317500
v 0.0198000 0.0049000 -0.0317500
v 0.0198000 0.0007500 -0.0317500
v 0.0183000 0.0007500 -0.0330131
v 0.0183000 0.0049423 -0.0321792
v 0.0198000 0.0049423 -0.0321792
v 0.0198000 0.0007500 -0.0330131
v 0.0183000 0.0007500 -0.0343803
v 0.0183000 0.0050675 -0.0325919
v 0.0198000 0.0050675 -0.0325919
v 0.0198000 0.0007500 -0.0343803
v 0.0183000 0.0007500 -0.0359929
v 0.0183000 0.0052708 -0.0329723
v 0.0198000 0.0052708 -0.0329723
v 0.0198000 0.0007500 -0.0359929
v 0.0183000 0.0055444 -0.0333056
v 0.0198000 0.0055444 -0.0333056
v 0.0183000 0.0058777 -0.0335792
v 0.0198000 0.0058777 -0.0335792
v 0.0183000 0.0062581 -0.0337825
v 0.0198000 0.0062581 -0.0337825
v 0.0183000 0.0066708 -0.0339077
v 0.0198000 0.0066708 -0.0339077
v 0.0183000 0.0071000 -0.0339500
v 0.0198000 0.0071000 -0.0339500
v 0.0183000 0.0075292 -0.0339077
v 0.0198000 0.0075292 -0.0339077
v 0.0183000 0.0079419 -0.0337825
v 0.0198000 0.0079419 -0.0337825
v 0.0183000 0.0083223 -0.0335792
v 0.0198000 0.0083223 -0.0335792
v 0.0183000 0.0086556 -0.0333056
v 0.0198000 0.0086556 -0.0333056
v 0.0183000 0.0134500 -0.0359929
v 0.0183000 0.0089292 -0.0329723
v 0.0198000 0.0089292 -0.0329723
v 0.0198000 0.0134500 -0.0359929
v 0.0183000 0.0134500 -0.0343803
v 0.0183000 0.0091325 -0.0325919
v 0.0198000 0.0091325 -0.0325919
v 0.0198000 0.0134500 -0.0343803
v 0.0183000 0.0134500 -0.0330131
v 0.0183000 0.0092577 -0.0321792
v 0.0198000 0.0092577 -0.0321792
v 0.0198000 0.0134500 -0.0330131
v 0.0183000 0.0134500 -0.0190500
v 0.0183000 0.0134500 -0.0177869
v 0.0183000 0.0092577 -0.0186208
v 0.0183000 0.0093000 -0.0190500
v 0.0198000 0.0134500 -0.0190500
v 0.0198000 0.0093000 -0.0190500
v 0.0198000 0.0092577 -0.0186208
v 0.0198000 0.0134500 -0.0177869
v 0.0183000 0.0134500 -0.0164197
v 0.0183000 0.0091325 -0.0182081
v 0.0198000 0.0091325 -0.0182081
v 0.0198000 0.0134500 -0.0164197
v 0.0183000 0.0134500 -0.0148071
v 0.0183000 0.0089292 -0.0178277
v 0.0198000 0.0089292 -0.0178277
v 0.0198000 0.0134500 -0.0148071
v 0.0183000 0.0134500 -0.0127000
v 0.0183000 0.0086556 -0.0174944
v 0.0198000 0.0086556 -0.0174944
v 0.0198000 0.0134500 -0.0127000
v 0.0183000 0.0113429 -0.0127000
v 0.0183000 0.0083223 -0.0172208
v 0.0198000 0.0083223 -0.0172208
v 0.0198000 0.0113429 -0.0127000
v 0.0183000 0.0097303 -0.0127000
v 0.0183000 0.0079419 -0.0170175
v 0.0198000 0.0079419 -0.0170175
v 0.0198000 0.0097303 -0.0127000
v 0.0183000 0.0083631 -0.0127000
v 0.0183000 0.0075292 -0.0168923
v 0.0198000 0.0075292 -0.0168923
v 0.0198000 0.0083631 -0.0127000
v 0.0183000 0.0071000 -0.0127000
v 0.0183000 0.0071000 -0.0168500
v 0.0198000 0.0071000 -0.0168500
v 0.0198000 0.0071000 -0.0127000
v 0.0183000 0.0058369 -0.0127000
v 0.0183000 0.0066708 -0.0168923
v 0.0198000 0.0066708 -0.0168923
v 0.0198000 0.0058369 -0.0127000
v 0.0183000 0.0044697 -0.0127000
v 0.0183000 0.0062581 -0.0170175
v 0.0198000 0.0062581 -0.0170175
v 0.0198000 0.0044697 -0.0127000
v 0.0183000 0.0028571 -0.0127000
v 0.0183000 0.0058777 -0.0172208
v 0.0198000 0.0058777 -0.0172208
v 0.0198000 0.0028571 -0.0127000
v 0.0183000 0.0007500 -0.0127000
v 0.0183000 0.0055444 -0.0174944
v 0.0198000 0.0055444 -0.0174944
v 0.0198000 0.0007500 -0.0127000
v 0.0183000 0.0007500 -0.0148071
v 0.0183000 0.0052708 -0.0178277
v 0.0198000 0.0052708 -0.0178277
v 0.0198000 0.0007500 -0.0148071
v 0.0183000 0.0007500 -0.0164197
v 0.0183000 0.0050675 -0.0182081
v 0.0198000 0.0050675 -0.0182081
v 0.0198000 0.0007500 -0.0164197
v 0.0183000 0.0007500 -0.0177869
v 0.0183000 0.0049423 -0.0186208
v 0.0198000 0.0049423 -0.0186208
v 0.0198000 0.0007500 -0.0177869
v 0.0183000 0.0007500 -0.0190500
v 0.0183000 0.0049000 -0.0190500
v 0.0198000 0.0049000 -0.0190500
v 0.0198000 0.0007500 -0.0190500
v 0.0183000 0.0007500 -0.0203131
v 0.0183000 0.0049423 -0.0194792
v 0.0198000 0.0049423 -0.0194792
v 0.0198000 0.0007500 -0.0203131
v 0.0183000 0.0007500 -0.0216803
v 0.0183000 0.0050675 -0.0198919
v 0.0198000 0.0050675 -0.0198919
v 0.0198000 0.0007500 -0.0216803
v 0.0183000 0.0007500 -0.0232929
v 0.0183000 0.0052708 -0.0202723
v 0.0198000 0.0052708 -0.0202723
v 0.0198000 0.0007500 -0.0232929
v 0.0183000 0.0055444 -0.0206056
v 0.0198000 0.0055444 -0.0206056
v 0.0183000 0.0058777 -0.0208792
v 0.0198000 0.0058777 -0.0208792
v 0.0183000 0.0062581 -0.0210825
v 0.0198000 0.0062581 -0.0210825
v 0.0183000 0.0066708 -0.0212077
v 0.0198000 0.0066708 -0.0212077
v 0.0183000 0.0071000 -0.0212500
v 0.0198000 0.0071000 -0.0212500
v 0.0183000 0.0075292 -0.0212077
v 0.0198000 0.0075292 -0.0212077
v 0.0183000 0.0079419 -0.0210825
v 0.0198000 0.0079419 -0.0210825
v 0.0183000 0.0083223 -0.0208792
v 0.0198000 0.0083223 -0.0208792
v 0.0183000 0.0086556 -0.0206056
v 0.0198000 0.0086556 -0.0206056
v 0.0183000 0.0134500 -0.0232929
v 0.0183000 0.0089292 -0.0202723
v 0.0198000 0.0089292 -0.0202723
v 0.0198000 0.0134500 -0.0232929
v 0.0183000 0.0134500 -0.0216803
v 0.0183000 0.0091325 -0.0198919
v 0.0198000 0.0091325 -0.0198919
v 0.0198000 0.0134500 -0.0216803
v 0.0183000 0.0134500 -0.0203131
v 0.0183000 0.0092577 -0.0194792
v 0.0198000 0.0092577 -0.0194792
v 0.0198000 0.0134500 -0.0203131
v 0.0183000 0.0134500 -0.0063500
v 0.0183000 0.0134500 -0.0050869
v 0.0183000 0.0092577 -0.0059208
v 0.0183000 0.0093000 -0.0063500
v 0.0198000 0.0134500 -0.0063500
v 0.0198000 0.0093000 -0.0063500
v 0.0198000 0.0092577 -0.0059208
v 0.0198000 0.0134500 -0.0050869
v 0.0183000 0.0134500 -0.0037197
v 0.0183000 0.0091325 -0.0055081
v 0.0198000 0.0091325 -0.0055081
v 0.0198000 0.0134500 -0.0037197
v 0.0183000 0.0134500 -0.0021071
v 0.0183000 0.0089292 -0.0051277
v 0.0198000 0.0089292 -0.0051277
v 0.0198000 0.0134500 -0.0021071
v 0.0183000 0.0134500 -0.0000000
v 0.0183000 0.0086556 -0.0047944
v 0.0198000 0.0086556 -0.0047944
v 0.0198000 0.0134500 -0.0000000
v 0.0183000 0.0113429 0.0000000
v 0.0183000 0.0083223 -0.0045208
v 0.0198000 0.0083223 -0.0045208
v 0.0198000 0.0113429 0.0000000
v 0.0183000 0.0097303 0.0000000
v 0.0183000 0.0079419 -0.0043175
v 0.0198000 0.0079419 -0.0043175
v 0.0198000 0.0097303 0.0000000
v 0.0183000 0.0083631 0.0000000
v 0.0183000 0.0075292 -0.0041923
v 0.0198000 0.0075292 -0.0041923
v 0.0198000 0.0083631 0.0000000
v 0.0183000 0.0071000 0.0000000
v 0.0183000 0.0071000 -0.0041500
v 0.0198000 0.0071000 -0.0041500
v 0.0198000 0.0071000 0.0000000
v 0.0183000 0.0058369 0.0000000
v 0.0183000 0.0066708 -0.0041923
v 0.0198000 0.0066708 -0.0041923
v 0.0198000 0.0058369 0.0000000
v 0.0183000 0.0044697 0.0000000
v 0.0183000 0.0062581 -0.0043175
v 0.0198000 0.0062581 -0.0043175
v 0.0198000 0.0044697 0.0000000
v 0.0183000 0.0028571 0.0000000
v 0.0183000 0.0058777 -0.0045208
v 0.0198000 0.0058777 -0.0045208
v 0.0198000 0.0028571 0.0000000
v 0.0183000 0.0007500 0.0000000
v 0.0183000 0.0055444 -0.0047944
v 0.0198000 0.0055444 -0.0047944
v 0.0198000 0.0007500 0.0000000
v 0.0183000 0.0007500 -0.0021071
v 0.0183000 0.0052708 -0.0051277
v 0.0198000 0.0052708 -0.0051277
v 0.0198000 0.0007500 -0.0021071
v 0.0183000 0.0007500 -0.0037197
v 0.0183000 0.0050675 -0.0055081
v 0.0198000 0.0050675 -0.0055081
v 0.0198000 0.0007500 -0.0037197
v 0.0183000 0.0007500 -0.0050869
v 0.0183000 0.0049423 -0.0059208
v 0.0198000 0.0049423 -0.0059208
v 0.0198000 0.0007500 -0.0050869
v 0.0183000 0.0007500 -0.0063500
v 0.0183000 0.0049000 -0.0063500
v 0.0198000 0.0049000 -0.0063500
v 0.0198000 0.0007500 -0.0063500
v 0.0183000 0.0007500 -0.0076131
v 0.0183000 0.0049423 -0.0067792
v 0.0198000 0.0049423 -0.0067792
v 0.0198000 0.0007500 -0.0076131
v 0.0183000 0.0007500 -0.0089803
v 0.0183000 0.0050675 -0.0071919
v 0.0198000 0.0050675 -0.0071919
v 0.0198000 0.0007500 -0.0089803
v 0.0183000 0.0007500 -0.0105929
v 0.0183000 0.0052708 -0.0075723
v 0.0198000 0.0052708 -0.0075723
v 0.0198000 0.0007500 -0.0105929
v 0.0183000 0.0055444 -0.0079056
v 0.0198000 0.0055444 -0.0079056
v 0.0183000 0.0058777 -0.0081792
v 0.0198000 0.0058777 -0.0081792
v 0.0183000 0.0062581 -0.0083825
v 0.0198000 0.0062581 -0.0083825
v 0.0183000 0.0066708 -0.0085077
v 0.0198000 0.0066708 -0.0085077
v 0.0183000 0.0071000 -0.0085500
v 0.0198000 0.0071000 -0.0085500
v 0.0183000 0.0075292 -0.0085077
v 0.0198000 0.0075292 -0.0085077
v 0.0183000 0.0079419 -0.0083825
v 0.0198000 0.0079419 -0.0083825
v 0.0183000 0.0083223 -0.0081792
v 0.0198000 0.0083223 -0.0081792
v 0.0183000 0.0086556 -0.0079056
v 0.0198000 0.0086556 -0.0079056
v 0.0183000 0.0134500 -0.0105929
v 0.0183000 0.0089292 -0.0075723
v 0.0198000 0.0089292 -0.0075723
v 0.0198000 0.0134500 -0.0105929
v 0.0183000 0.0134500 -0.0089803
v 0.0183000 0.0091325 -0.0071919
v 0.0198000 0.0091325 -0.0071919
v 0.0198000 0.0134500 -0.0089803
v 0.0183000 0.0134500 -0.0076131
v 0.0183000 0.0092577 -0.0067792
v 0.0198000 0.0092577 -0.0067792
v 0.0198000 0.0134500 -0.0076131
v 0.0183000 0.0134500 0.0063500
v 0.0183000 0.0134500 0.0076131
v 0.0183000 0.0092577 0.0067792
v 0.0183000 0.0093000 0.0063500
v 0.0198000 0.0134500 0.0063500
v 0.0198000 0.0093000 0.0063500
v 0.0198000 0.0092577 0.0067792
v 0.0198000 0.0134500 0.0076131
v 0.0183000 0.0134500 0.0089803
v 0.0183000 0.0091325 0.0071919
v 0.0198000 0.0091325 0.0071919
v 0.0198000 0.0134500 0.0089803
v 0.0183000 0.0134500 0.0105929
v 0.0183000 0.0089292 0.0075723
v 0.0198000 0.0089292 0.0075723
v 0.0198000 0.0134500 0.0105929
v 0.0183000 0.0134500 0.0127000
v 0.0183000 0.0086556 0.0079056
v 0.0198000 0.0086556 0.0079056
v 0.0198000 0.0134500 0.0127000
v 0.0183000 0.0113429 0.0127000
v 0.0183000 0.0083223 0.0081792
v 0.0198000 0.0083223 0.0081792
v 0.0198000 0.0113429 0.0127000
v 0.0183000 0.0097303 0.0127000
v 0.0183000 0.0079419 0.0083825
v 0.0198000 0.0079419 0.0083825
v 0.0198000 0.0097303 0.0127000
v 0.0183000 0.0083631 0.0127000
v 0.0183000 0.0075292 0.0085077
v 0.0198000 0.0075292 0.0085077
v 0.0198000 0.0083631 0.0127000
v 0.0183000 0.0071000 0.0127000
v 0.0183000 0.0071000 0.0085500
v 0.0198000 0.0071000 0.0085500
v 0.0198000 0.0071000 0.0127000
v 0.0183000 0.0058369 0.0127000
v 0.0183000 0.0066708 0.0085077
v 0.0198000 0.0066708 0.0085077
v 0.0198000 0.0058369 0.0127000
v 0.0183000 0.0044697 0.0127000
v 0.0183000 0.0062581 0.0083825
v 0.0198000 0.0062581 0.0083825
v 0.0198000 0.0044697 0.0127000
v 0.0183000 0.0028571 0.0127000
v 0.0183000 0.0058777 0.0081792
v 0.0198000 0.0058777 0.0081792
v 0.0198000 0.0028571 0.0127000
v 0.0183000 0.0007500 0.0127000
v 0.0183000 0.0055444 0.0079056
v 0.0198000 0.0055444 0.0079056
v 0.0198000 0.0007500 0.0127000
v 0.0183000 0.0007500 0.0105929
v 0.0183000 0.0052708 0.0075723
v 0.0198000 0.0052708 0.0075723
v 0.0198000 0.0007500 0.0105929
v 0.0183000 0.0007500 0.0089803
v 0.0183000 0.0050675 0.0071919
v 0.0198000 0.0050675 0.0071919
v 0.0198000 0.0007500 0.0089803
v 0.0183000 0.0007500 0.0076131
v 0.0183000 0.0049423 0.0067792
v 0.0198000 0.0049423 0.0067792
v 0.0198000 0.0007500 0.0076131
v 0.0183000 0.0007500 0.0063500
v 0.0183000 0.0049000 0.0063500
v 0.0198000 0.0049000 0.0063500
v 0.0198000 0.0007500 0.0063500
v 0.0183000 0.0007500 0.0050869
v 0.0183000 0.0049423 0.0059208
v 0.0198000 0.0049423 0.0059208
v 0.0198000 0.0007500 0.0050869
v 0.0183000 0.0007500 0.0037197
v 0.0183000 0.0050675 0.0055081
v 0.0198000 0.0050675 0.0055081
v 0.0198000 0.0007500 0.0037197
v 0.0183000 0.0007500 0.0021071
v 0.0183000 0.0052708 0.0051277
v 0.0198000 0.0052708 0.0051277
v 0.0198000 0.0007500 0.0021071
v 0.0183000 0.0055444 0.0047944
v 0.0198000 0.0055444 0.0047944
v 0.0183000 0.0058777 0.0045208
v 0.0198000 0.0058777 0.0045208
v 0.0183000 0.0062581 0.0043175
v 0.0198000 0.0062581 0.0043175
v 0.0183000 0.0066708 0.0041923
v 0.0198000 0.0066708 0.0041923
v 0.0183000 0.0071000 0.0041500
v 0.0198000 0.0071000 0.0041500
v 0.0183000 0.0075292 0.0041923
v 0.0198000 0.0075292 0.0041923
v 0.0183000 0.0079419 0.0043175
v 0.0198000 0.0079419 0.0043175
v 0.0183000 0.0083223 0.0045208
v 0.0198000 0.0083223 0.0045208
v 0.0183000 0.0086556 0.0047944
v 0.0198000 0.0086556 0.0047944
v 0.0183000 0.0134500 0.0021071
v 0.0183000 0.0089292 0.0051277
v 0.0198000 0.0089292 0.0051277
v 0.0198000 0.0134500 0.0021071
v 0.0183000 0.0134500 0.0037197
v 0.0183000 0.0091325 0.0055081
v 0.0198000 0.0091325 0.0055081
v 0.0198000 0.0134500 0.0037197
v 0.0183000 0.0134500 0.0050869
v 0.0183000 0.0092577 0.0059208
v 0.0198000 0.0092577 0.0059208
v 0.0198000 0.0134500 0.0050869
v 0.0183000 0.0134500 0.0190500
v 0.0183000 0.0134500 0.0203131
v 0.0183000 0.0092577 0.0194792
v 0.0183000 0.0093000 0.0190500
v 0.0198000 0.0134500 0.0190500
v 0.0198000 0.0093000 0.0190500
v 0.0198000 0.0092577 0.0194792
v 0.0198000 0.0134500 0.0203131
v 0.0183000 0.0134500 0.0216803
v 0.0183000 0.0091325 0.0198919
v 0.0198000 0.0091325 0.0198919
v 0.0198000 0.0134500 0.0216803
v 0.0183000 0.0134500 0.0232929
v 0.0183000 0.0089292 0.0202723
v 0.0198000 0.0089292 0.0202723
v 0.0198000 0.0134500 0.0232929
v 0.0183000 0.0134500 0.0254000
v 0.0183000 0.0086556 0.0206056
v 0.0198000 0.0086556 0.0206056
v 0.0198000 0.0134500 0.0254000
v 0.0183000 0.0113429 0.0254000
v 0.0183000 0.0083223 0.0208792
v 0.0198000 0.0083223 0.0208792
v 0.0198000 0.0113429 0.0254000
v 0.0183000 0.0097303 0.0254000
v 0.0183000 0.0079419 0.0210825
v 0.0198000 0.0079419 0.0210825
v 0.0198000 0.0097303 0.0254000
v 0.0183000 0.0083631 0.0254000
v 0.0183000 0.0075292 0.0212077
v 0.0198000 0.0075292 0.0212077
v 0.0198000 0.0083631 0.0254000
v 0.0183000 0.0071000 0.0254000
v 0.0183000 0.0071000 0.0212500
v 0.0198000 0.0071000 0.0212500
v 0.0198000 0.0071000 0.0254000
v 0.0183000 0.0058369 0.0254000
v 0.0183000 0.0066708 0.0212077
v 0.0198000 0.0066708 0.0212077
v 0.0198000 0.0058369 0.0254000
v 0.0183000 0.0044697 0.0254000
v 0.0183000 0.0062581 0.0210825
v 0.0198000 0.0062581 0.0210825
v 0.0198000 0.0044697 0.0254000
v 0.0183000 0.0028571 0.0254000
v 0.0183000 0.0058777 0.0208792
v 0.0198000 0.0058777 0.0208792
v 0.0198000 0.0028571 0.0254000
v 0.0183000 0.0007500 0.0254000
v 0.0183000 0.0055444 0.0206056
v 0.0198000 0.0055444 0.0206056
v 0.0198000 0.0007500 0.0254000
v 0.0183000 0.0007500 0.0232929
v 0.0183000 0.0052708 0.0202723
v 0.0198000 0.0052708 0.0202723
v 0.0198000 0.0007500 0.0232929
v 0.0183000 0.0007500 0.0216803
v 0.0183000 0.0050675 0.0198919
v 0.0198000 0.0050675 0.0198919
v 0.0198000 0.0007500 0.0216803
v 0.0183000 0.0007500 0.0203131
v 0.0183000 0.0049423 0.0194792
v 0.0198000 0.0049423 0.0194792
v 0.0198000 0.0007500 0.0203131
v 0.0183000 0.0007500 0.0190500
v 0.0183000 0.0049000 0.0190500
v 0.0198000 0.0049000 0.0190500
v 0.0198000 0.0007500 0.0190500
v 0.0183000 0.0007500 0.0177869
v 0.0183000 0.0049423 0.0186208
v 0.0198000 0.0049423 0.0186208
v 0.0198000 0.0007500 0.0177869
v 0.0183000 0.0007500 0.0164197
v 0.0183000 0.0050675 0.0182081
v 0.0198000 0.0050675 0.0182081
v 0.0198000 0.0007500 0.0164197
v 0.0183000 0.0007500 0.0148071
v 0.0183000 0.0052708 0.0178277
v 0.0198000 0.0052708 0.0178277
v 0.0198000 0.0007500 0.0148071
v 0.0183000 0.0055444 0.0174944
v 0.0198000 0.0055444 0.0174944
v 0.0183000 0.0058777 0.0172208
v 0.0198000 0.0058777 0.0172208
v 0.0183000 0.0062581 0.0170175
v 0.0198000 0.0062581 0.0170175
v 0.0183000 0.0066708 0.0168923
v 0.0198000 0.0066708 0.0168923
v 0.0183000 0.0071000 0.0168500
v 0.0198000 0.0071000 0.0168500
v 0.0183000 0.0075292 0.0168923
v 0.0198000 0.0075292 0.0168923
v 0.0183000 0.0079419 0.0170175
v 0.0198000 0.0079419 0.0170175
v 0.0183000 0.0083223 0.0172208
v 0.0198000 0.0083223 0.0172208
v 0.0183000 0.0086556 0.0174944
v 0.0198000 0.0086556 0.0174944
v 0.0183000 0.0134500 0.0148071
v 0.0183000 0.0089292 0.0178277
v 0.0198000 0.0089292 0.0178277
v 0.0198000 0.0134500 0.0148071
v 0.0183000 0.0134500 0.0164197
v 0.0183000 0.0091325 0.0182081
v 0.0198000 0.0091325 0.0182081
v 0.0198000 0.0134500 0.0164197
v 0.0183000 0.0134500 0.0177869
v 0.0183000 0.0092577 0.0186208
v 0.0198000 0.0092577 0.0186208
v 0.0198000 0.0134500 0.0177869
v 0.0183000 0.0134500 0.0317500
v 0.0183000 0.0134500 0.0330131
v 0.0183000 0.0092577 0.0321792
v 0.0183000 0.0093000 0.0317500
v 0.0198000 0.0134500 0.0317500
v 0.0198000 0.0093000 0.0317500
v 0.0198000 0.0092577 0.0321792
v 0.0198000 0.0134500 0.0330131
v 0.0183000 0.0134500 0.0343803
v 0.0183000 0.0091325 0.0325919
v 0.0198000 0.0091325 0.0325919
v 0.0198000 0.0134500 0.0343803
v 0.0183000 0.0134500 0.0359929
v 0.0183000 0.0089292 0.0329723
v 0.0198000 0.0089292 0.0329723
v 0.0198000 0.0134500 0.0359929
v 0.0183000 0.0134500 0.0381000
v 0.0183000 0.0086556 0.0333056
v 0.0198000 0.0086556 0.0333056
v 0.0198000 0.0134500 0.0381000
v 0.0183000 0.0113429 0.0381000
v 0.0183000 0.0083223 0.0335792
v 0.0198000 0.0083223 0.0335792
v 0.0198000 0.0113429 0.0381000
v 0.0183000 0.0097303 0.0381000
v 0.0183000 0.0079419 0.0337825
v 0.0198000 0.0079419 0.0337825
v 0.0198000 0.0097303 0.0381000
v 0.0183000 0.0083631 0.0381000
v 0.0183000 0.0075292 0.0339077
v 0.0198000 0.0075292 0.0339077
v 0.0198000 0.0083631 0.0381000
v 0.0183000 0.0071000 0.0381000
v 0.0183000 0.0071000 0.0339500
v 0.0198000 0.0071000 0.0339500
v 0.0198000 0.0071000 0.0381000
v 0.0183000 0.0058369 0.0381000
v 0.0183000 0.0066708 0.0339077
v 0.0198000 0.0066708 0.0339077
v 0.0198000 0.0058369 0.0381000
v 0.0183000 0.0044697 0.0381000
v 0.0183000 0.0062581 0.0337825
v 0.0198000 0.0062581 0.0337825
v 0.0198000 0.0044697 0.0381000
v 0.0183000 0.0028571 0.0381000
v 0.0183000 0.0058777 0.0335792
v 0.0198000 0.0058777 0.0335792
v 0.0198000 0.0028571 0.0381000
v 0.0183000 0.0007500 0.0381000
v 0.0183000 0.0055444 0.0333056
v 0.0198000 0.0055444 0.0333056
v 0.0198000 0.0007500 0.0381000
v 0.0183000 0.0007500 0.0359929
v 0.0183000 0.0052708 0.0329723
v 0.0198000 0.0052708 0.0329723
v 0.0198000 0.0007500 0.0359929
v 0.0183000 0.0007500 0.0343803
v 0.0183000 0.0050675 0.0325919
v 0.0198000 0.0050675 0.0325919
v 0.0198000 0.0007500 0.0343803
v 0.0183000 0.0007500 0.0330131
v 0.0183000 0.0049423 0.0321792
v 0.0198000 0.0049423 0.0321792
v 0.0198000 0.0007500 0.0330131
v 0.0183000 0.0007500 0.0317500
v 0.0183000 0.0049000 0.0317500
v 0.0198000 0.0049000 0.0317500
v 0.0198000 0.0007500 0.0317500
v 0.0183000 0.0007500 0.0304869
v 0.0183000 0.0049423 0.0313208
v 0.0198000 0.0049423 0.0313208
v 0.0198000 0.0007500 0.0304869
v 0.0183000 0.0007500 0.0291197
v 0.0183000 0.0050675 0.0309081
v 0.0198000 0.0050675 0.0309081
v 0.0198000 0.0007500 0.0291197
v 0.0183000 0.0007500 0.0275071
v 0.0183000 0.0052708 0.0305277
v 0.0198000 0.0052708 0.0305277
v 0.0198000 0.0007500 0.0275071
v 0.0183000 0.0055444 0.0301944
v 0.0198000 0.0055444 0.0301944
v 0.0183000 0.0058777 0.0299208
v 0.0198000 0.0058777 0.0299208
v 0.0183000 0.0062581 0.0297175
v 0.0198000 0.0062581 0.0297175
v 0.0183000 0.0066708 0.0295923
v 0.0198000 0.0066708 0.0295923
v 0.0183000 0.0071000 0.0295500
v 0.0198000 0.0071000 0.0295500
v 0.0183000 0.0075292 0.0295923
v 0.0198000 0.0075292 0.0295923
v 0.0183000 0.0079419 0.0297175
v 0.0198000 0.0079419 0.0297175
v 0.0183000 0.0083223 0.0299208
v 0.0198000 0.0083223 0.0299208
v 0.0183000 0.0086556 0.0301944
v 0.0198000 0.0086556 0.0301944
v 0.0183000 0.0134500 0.0275071
v 0.0183000 0.0089292 0.0305277
v 0.0198000 0.0089292 0.0305277
v 0.0198000 0.0134500 0.0275071
v 0.0183000 0.0134500 0.0291197
v 0.0183000 0.0091325 0.0309081
v 0.0198000 0.0091325 0.0309081
v 0.0198000 0.0134500 0.0291197
v 0.0183000 0.0134500 0.0304869
v 0.0183000 0.0092577 0.0313208
v 0.0198000 0.0092577 0.0313208
v 0.0198000 0.0134500 0.0304869
v 0.0183000 0.0134500 0.0444500
v 0.0183000 0.0134500 0.0457131
v 0.0183000 0.0092577 0.0448792
v 0.0183000 0.0093000 0.0444500
v 0.0198000 0.0134500 0.0444500
v 0.0198000 0.0093000 0.0444500
v 0.0198000 0.0092577 0.0448792
v 0.0198000 0.0134500 0.0457131
v 0.0183000 0.0134500 0.0470803
v 0.0183000 0.0091325 0.0452919
v 0.0198000 0.0091325 0.0452919
v 0.0198000 0.0134500 0.0470803
v 0.0183000 0.0134500 0.0486929
v 0.0183000 0.0089292 0.0456723
v 0.0198000 0.0089292 0.0456723
v 0.0198000 0.0134500 0.0486929
v 0.0183000 0.0134500 0.0508000
v 0.0183000 0.0086556 0.0460056
v 0.0198000 0.0086556 0.0460056
v 0.0198000 0.0134500 0.0508000
v 0.0183000 0.0113429 0.0508000
v 0.0183000 0.0083223 0.0462792
v 0.0198000 0.0083223 0.0462792
v 0.0198000 0.0113429 0.0508000
v 0.0183000 0.0097303 0.0508000
v 0.0183000 0.0079419 0.0464825
v 0.0198000 0.0079419 0.0464825
v 0.0198000 0.0097303 0.0508000
v 0.0183000 0.0083631 0.0508000
v 0.0183000 0.0075292 0.0466077
v 0.0198000 0.0075292 0.0466077
v 0.0198000 0.0083631 0.0508000
v 0.0183000 0.0071000 0.0508000
v 0.0183000 0.0071000 0.0466500
v 0.0198000 0.0071000 0.0466500
v 0.0198000 0.0071000 0.0508000
v 0.0183000 0.0058369 0.0508000
v 0.0183000 0.0066708 0.0466077
v 0.0198000 0.0066708 0.0466077
v 0.0198000 0.0058369 0.0508000
v 0.0183000 0.0044697 0.0508000
v 0.0183000 0.0062581 0.0464825
v 0.0198000 0.0062581 0.0464825
v 0.0198000 0.0044697 0.0508000
v 0.0183000 0.0028571 0.0508000
v 0.0183000 0.0058777 0.0462792
v 0.0198000 0.0058777 0.0462792
v 0.0198000 0.0028571 0.0508000
v 0.0183000 0.0007500 0.0508000
v 0.0183000 0.0055444 0.0460056
v 0.0198000 0.0055444 0.0460056
v 0.0198000 0.0007500 0.0508000
v 0.0183000 0.0007500 0.0486929
v 0.0183000 0.0052708 0.0456723
v 0.0198000 0.0052708 0.0456723
v 0.0198000 0.0007500 0.0486929
v 0.0183000 0.0007500 0.0470803
v 0.0183000 0.0050675 0.0452919
v 0.0198000 0.0050675 0.0452919
v 0.0198000 0.0007500 0.0470803
v 0.0183000 0.0007500 0.0457131
v 0.0183000 0.0049423 0.0448792
v 0.0198000 0.0049423 0.0448792
v 0.0198000 0.0007500 0.0457131
v 0.0183000 0.0007500 0.0444500
v 0.0183000 0.0049000 0.0444500
v 0.0198000 0.0049000 0.0444500
v 0.0198000 0.0007500 0.0444500
v 0.0183000 0.0007500 0.0431869
v 0.0183000 0.0049423 0.0440208
v 0.0198000 0.0049423 0.0440208
v 0.0198000 0.0007500 0.0431869
v 0.0183000 0.0007500 0.0418197
v 0.0183000 0.0050675 0.0436081
v 0.0198000 0.0050675 0.0436081
v 0.0198000 0.0007500 0.0418197
v 0.0183000 0.0007500 0.0402071
v 0.0183000 0.0052708 0.0432277
v 0.0198000 0.0052708 0.0432277
v 0.0198000 0.0007500 0.0402071
v 0.0183000 0.0055444 0.0428944
v 0.0198000 0.0055444 0.0428944
v 0.0183000 0.0058777 0.0426208
v 0.0198000 0.0058777 0.0426208
v 0.0183000 0.0062581 0.0424175
v 0.0198000 0.0062581 0.0424175
v 0.0183000 0.0066708 0.0422923
v 0.0198000 0.0066708 0.0422923
v 0.0183000 0.0071000 0.0422500
v 0.0198000 0.0071000 0.0422500
v 0.0183000 0.0075292 0.0422923
v 0.0198000 0.0075292 0.0422923
v 0.0183000 0.0079419 0.0424175
v 0.0198000 0.0079419 0.0424175
v 0.0183000 0.0083223 0.0426208
v 0.0198000 0.0083223 0.0426208
v 0.0183000 0.0086556 0.0428944
v 0.0198000 0.0086556 0.0428944
v 0.0183000 0.0134500 0.0402071
v 0.0183000 0.0089292 0.0432277
v 0.0198000 0.0089292 0.0432277
v 0.0198000 0.0134500 0.0402071
v 0.0183000 0.0134500 0.0418197
v 0.0183000 0.0091325 0.0436081
v 0.0198000 0.0091325 0.0436081
v 0.0198000 0.0134500 0.0418197
v 0.0183000 0.0134500 0.0431869
v 0.0183000 0.0092577 0.0440208
v 0.0198000 0.0092577 0.0440208
v 0.0198000 0.0134500 0.0431869
v 0.0183000 0.0261500 -0.0444500
v 0.0183000 0.0261500 -0.0431869
v 0.0183000 0.0219577 -0.0440208
v 0.0183000 0.0220000 -0.0444500
v 0.0198000 0.0261500 -0.0444500
v 0.0198000 0.0220000 -0.0444500
v 0.0198000 0.0219577 -0.0440208
v 0.0198000 0.0261500 -0.0431869
v 0.0183000 0.0261500 -0.0418197
v 0.0183000 0.0218325 -0.0436081
v 0.0198000 0.0218325 -0.0436081
v 0.0198000 0.0261500 -0.0418197
v 0.0183000 0.0261500 -0.0402071
v 0.0183000 0.0216292 -0.0432277
v 0.0198000 0.0216292 -0.0432277
v 0.0198000 0.0261500 -0.0402071
v 0.0183000 0.0261500 -0.0381000
v 0.0183000 0.0213556 -0.0428944
v 0.0198000 0.0213556 -0.0428944
v 0.0198000 0.0261500 -0.0381000
v 0.0183000 0.0240429 -0.0381000
v 0.0183000 0.0210223 -0.0426208
v 0.0198000 0.0210223 -0.0426208
v 0.0198000 0.0240429 -0.0381000
v 0.0183000 0.0224303 -0.0381000
v 0.0183000 0.0206419 -0.0424175
v 0.0198000 0.0206419 -0.0424175
v 0.0198000 0.0224303 -0.0381000
v 0.0183000 0.0210631 -0.0381000
v 0.0183000 0.0202292 -0.0422923
v 0.0198000 0.0202292 -0.0422923
v 0.0198000 0.0210631 -0.0381000
v 0.0183000 0.0198000 -0.0381000
v 0.0183000 0.0198000 -0.0422500
v 0.0198000 0.0198000 -0.0422500
v 0.0198000 0.0198000 -0.0381000
v 0.0183000 0.0185369 -0.0381000
v 0.0183000 0.0193708 -0.0422923
v 0.0198000 0.0193708 -0.0422923
v 0.0198000 0.0185369 -0.0381000
v 0.0183000 0.0171697 -0.0381000
v 0.0183000 0.0189581 -0.0424175
v 0.0198000 0.0189581 -0.0424175
v 0.0198000 0.0171697 -0.0381000
v 0.0183000 0.0155571 -0.0381000
v 0.0183000 0.0185777 -0.0426208
v 0.0198000 0.0185777 -0.0426208
v 0.0198000 0.0155571 -0.0381000
v 0.0183000 0.0182444 -0.0428944
v 0.0198000 0.0182444 -0.0428944
v 0.0183000 0.0179708 -0.0432277
v 0.0198000 0.0179708 -0.0432277
v 0.0183000 0.0177675 -0.0436081
v 0.0198000 0.0177675 -0.0436081
v 0.0183000 0.0176423 -0.0440208
v 0.0198000 0.0176423 -0.0440208
v 0.0183000 0.0176000 -0.0444500
v 0.0198000 0.0176000 -0.0444500
v 0.0183000 0.0176423 -0.0448792
v 0.0198000 0.0176423 -0.0448792
v 0.0183000 0.0177675 -0.0452919
v 0.0198000 0.0177675 -0.0452919
v 0.0183000 0.0179708 -0.0456723
v 0.0198000 0.0179708 -0.0456723
v 0.0183000 0.0182444 -0.0460056
v 0.0198000 0.0182444 -0.0460056
v 0.0183000 0.0155571 -0.0508000
v 0.0183000 0.0185777 -0.0462792
v 0.0198000 0.0185777 -0.0462792
v 0.0198000 0.0155571 -0.0508000
v 0.0183000 0.0171697 -0.0508000
v 0.0183000 0.0189581 -0.0464825
v 0.0198000 0.0189581 -0.0464825
v 0.0198000 0.0171697 -0.0508000
v 0.0183000 0.0185369 -0.0508000
v 0.0183000 0.0193708 -0.0466077
v 0.0198000 0.0193708 -0.0466077
v 0.0198000 0.0185369 -0.0508000
v 0.0183000 0.0198000 -0.0508000
v 0.0183000 0.0198000 -0.0466500
v 0.0198000 0.0198000 -0.0466500
v 0.0198000 0.0198000 -0.0508000
v 0.0183000 0.0210631 -0.0508000
v 0.0183000 0.0202292 -0.0466077
v 0.0198000 0.0202292 -0.0466077
v 0.0198000 0.0210631 -0.0508000
v 0.0183000 0.0224303 -0.0508000
v 0.0183000 0.0206419 -0.0464825
v 0.0198000 0.0206419 -0.0464825
v 0.0198000 0.0224303 -0.0508000
v 0.0183000 0.0240429 -0.0508000
v 0.0183000 0.0210223 -0.0462792
v 0.0198000 0.0210223 -0.0462792
v 0.0198000 0.0240429 -0.0508000
v 0.0183000 0.0261500 -0.0508000
v 0.0183000 0.0213556 -0.0460056
v 0.0198000 0.0213556 -0.0460056
v 0.0198000 0.0261500 -0.0508000
v 0.0183000 0.0261500 -0.0486929
v 0.0183000 0.0216292 -0.0456723
v 0.0198000 0.0216292 -0.0456723
v 0.0198000 0.0261500 -0.0486929
v 0.0183000 0.0261500 -0.0470803
v 0.0183000 0.0218325 -0.0452919
v 0.0198000 0.0218325 -0.0452919
v 0.0198000 0.0261500 -0.0470803
v 0.0183000 0.0261500 -0.0457131
v 0.0183000 0.0219577 -0.0448792
v 0.0198000 0.0219577 -0.0448792
v 0.0198000 0.0261500 -0.0457131
v 0.0183000 0.0261500 -0.0317500
v 0.0183000 0.0261500 -0.0304869
v 0.0183000 0.0219577 -0.0313208
v 0.0183000 0.0220000 -0.0317500
v 0.0198000 0.0261500 -0.0317500
v 0.0198000 0.0220000 -0.0317500
v 0.0198000 0.0219577 -0.0313208
v 0.0198000 0.0261500 -0.0304869
v 0.0183000 0.0261500 -0.0291197
v 0.0183000 0.0218325 -0.0309081
v 0.0198000 0.0218325 -0.0309081
v 0.0198000 0.0261500 -0.0291197
v 0.0183000 0.0261500 -0.0275071
v 0.0183000 0.0216292 -0.0305277
v 0.0198000 0.0216292 -0.0305277
v 0.0198000 0.0261500 -0.0275071
v 0.0183000 0.0261500 -0.0254000
v 0.0183000 0.0213556 -0.0301944
v 0.0198000 0.0213556 -0.0301944
v 0.0198000 0.0261500 -0.0254000
v 0.0183000 0.0240429 -0.0254000
v 0.0183000 0.0210223 -0.0299208
v 0.0198000 0.0210223 -0.0299208
v 0.0198000 0.0240429 -0.0254000
v 0.0183000 0.0224303 -0.0254000
v 0.0183000 0.0206419 -0.0297175
v 0.0198000 0.0206419 -0.0297175
v 0.0198000 0.0224303 -0.0254000
v 0.0183000 0.0210631 -0.0254000
v 0.0183000 0.0202292 -0.0295923
v 0.0198000 0.0202292 -0.0295923
v 0.0198000 0.0210631 -0.0254000
v 0.0183000 0.0198000 -0.0254000
v 0.0183000 0.0198000 -0.0295500
v 0.0198000 0.0198000 -0.0295500
v 0.0198000 0.0198000 -0.0254000
v 0.0183000 0.0185369 -0.0254000
v 0.0183000 0.0193708 -0.0295923
v 0.0198000 0.0193708 -0.0295923
v 0.0198000 0.0185369 -0.0254000
v 0.0183000 0.0171697 -0.0254000
v 0.0183000 0.0189581 -0.0297175
v 0.0198000 0.0189581 -0.0297175
v 0.0198000 0.0171697 -0.0254000
v 0.0183000 0.0155571 -0.0254000
v 0.0183000 0.0185777 -0.0299208
v 0.0198000 0.0185777 -0.0299208
v 0.0198000 0.0155571 -0.0254000
v 0.0183000 0.0182444 -0.0301944
v 0.0198000 0.0182444 -0.0301944
v 0.0183000 0.0179708 -0.0305277
v 0.0198000 0.0179708 -0.0305277
v 0.0183000 0.0177675 -0.0309081
v 0.0198000 0.0177675 -0.0309081
v 0.0183000 0.0176423 -0.0313208
v 0.0198000 0.0176423 -0.0313208
v 0.0183000 0.0176000 -0.0317500
v 0.0198000 0.0176000 -0.0317500
v 0.0183000 0.0176423 -0.0321792
v 0.0198000 0.0176423 -0.0321792
v 0.0183000 0.0177675 -0.0325919
v 0.0198000 0.0177675 -0.0325919
v 0.0183000 0.0179708 -0.0329723
v 0.0198000 0.0179708 -0.0329723
v 0.0183000 0.0182444 -0.0333056
v 0.0198000 0.0182444 -0.0333056
v 0.0183000 0.0185777 -0.0335792
v 0.0198000 0.0185777 -0.0335792
v 0.0183000 0.0189581 -0.0337825
v 0.0198000 0.0189581 -0.0337825
v 0.0183000 0.0193708 -0.0339077
v 0.0198000 0.0193708 -0.0339077
v 0.0183000 0.0198000 -0.0339500
v 0.0198000 0.0198000 -0.0339500
v 0.0183000 0.0202292 -0.0339077
v 0.0198000 0.0202292 -0.0339077
v 0.0183000 0.0206419 -0.0337825
v 0.0198000 0.0206419 -0.0337825
v 0.0183000 0.0210223 -0.0335792
v 0.0198000 0.0210223 -0.0335792
v 0.0183000 0.0213556 -0.0333056
v 0.0198000 0.0213556 -0.0333056
v 0.0183000 0.0261500 -0.0359929
v 0.0183000 0.0216292 -0.0329723
v 0.0198000 0.0216292 -0.0329723
v 0.0198000 0.0261500 -0.0359929
v 0.0183000 0.0261500 -0.0343803
v 0.0183000 0.0218325 -0.0325919
v 0.0198000 0.0218325 -0.0325919
v 0.0198000 0.0261500 -0.0343803
v 0.0183000 0.0261500 -0.0330131
v 0.0183000 0.0219577 -0.0321792
v 0.0198000 0.0219577 -0.0321792
v 0.0198000 0.0261500 -0.0330131
v 0.0183000 0.0261500 -0.0190500
v 0.0183000 0.0261500 -0.0177869
v 0.0183000 0.0219577 -0.0186208
v 0.0183000 0.0220000 -0.0190500
v 0.0198000 0.0261500 -0.0190500
v 0.0198000 0.0220000 -0.0190500
v 0.0198000 0.0219577 -0.0186208
v 0.0198000 0.0261500 -0.0177869
v 0.0183000 0.0261500 -0.0164197
v 0.0183000 0.0218325 -0.0182081
v 0.0198000 0.0218325 -0.0182081
v 0.0198000 0.0261500 -0.0164197
v 0.0183000 0.0261500 -0.0148071
v 0.0183000 0.0216292 -0.0178277
v 0.0198000 0.0216292 -0.0178277
v 0.0198000 0.0261500 -0.0148071
v 0.0183000 0.0261500 -0.0127000
v 0.0183000 0.0213556 -0.0174944
v 0.0198000 0.0213556 -0.0174944
v 0.0198000 0.0261500 -0.0127000
v 0.0183000 0.0240429 -0.0127000
v 0.0183000 0.0210223 -0.0172208
v 0.0198000 0.0210223 -0.0172208
v 0.0198000 0.0240429 -0.0127000
v 0.0183000 0.0224303 -0.0127000
v 0.0183000 0.0206419 -0.0170175
v 0.0198000 0.0206419 -0.0170175
v 0.0198000 0.0224303 -0.0127000
v 0.0183000 0.0210631 -0.0127000
v 0.0183000 0.0202292 -0.0168923
v 0.0198000 0.0202292 -0.0168923
v 0.0198000 0.0210631 -0.0127000
v 0.0183000 0.0198000 -0.0127000
v 0.0183000 0.0198000 -0.0168500
v 0.0198000 0.0198000 -0.0168500
v 0.0198000 0.0198000 -0.0127000
v 0.0183000 0.0185369 -0.0127000
v 0.0183000 0.0193708 -0.0168923
v 0.0198000 0.0193708 -0.0168923
v 0.0198000 0.0185369 -0.0127000
v 0.0183000 0.0171697 -0.0127000
v 0.0183000 0.0189581 -0.0170175
v 0.0198000 0.0189581 -0.0170175
v 0.0198000 0.0171697 -0.0127000
v 0.0183000 0.0155571 -0.0127000
v 0.0183000 0.0185777 -0.0172208
v 0.0198000 0.0185777 -0.0172208
v 0.0198000 0.0155571 -0.0127000
v 0.0183000 0.0182444 -0.0174944
v 0.0198000 0.0182444 -0.0174944
v 0.0183000 0.0179708 -0.0178277
v 0.0198000 0.0179708 -0.0178277
v 0.0183000 0.0177675 -0.0182081
v 0.0198000 0.0177675 -0.0182081
v 0.0183000 0.0176423 -0.0186208
v 0.0198000 0.0176423 -0.0186208
v 0.0183000 0.0176000 -0.0190500
v 0.0198000 0.0176000 -0.0190500
v 0.0183000 0.0176423 -0.0194792
v 0.0198000 0.0176423 -0.0194792
v 0.0183000 0.0177675 -0.0198919
v 0.0198000 0.0177675 -0.0198919
v 0.0183000 0.0179708 -0.0202723
v 0.0198000 0.0179708 -0.0202723
v 0.0183000 0.0182444 -0.0206056
v 0.0198000 0.0182444 -0.0206056
v 0.0183000 0.0185777 -0.0208792
v 0.0198000 0.0185777 -0.0208792
v 0.0183000 0.0189581 -0.0210825
v 0.0198000 0.0189581 -0.0210825
v 0.0183000 0.0193708 -0.0212077
v 0.0198000 0.0193708 -0.0212077
v 0.0183000 0.0198000 -0.0212500
v 0.0198000 0.0198000 -0.0212500
v 0.0183000 0.0202292 -0.0212077
v 0.0198000 0.0202292 -0.0212077
v 0.0183000 0.0206419 -0.0210825
v 0.0198000 0.0206419 -0.0210825
v 0.0183000 0.0210223 -0.0208792
v 0.0198000 0.0210223 -0.0208792
v 0.0183000 0.0213556 -0.0206056
v 0.0198000 0.0213556 -0.0206056
v 0.0183000 0.0261500 -0.0232929
v 0.0183000 0.0216292 -0.0202723
v 0.0198000 0.0216292 -0.0202723
v 0.0198000 0.0261500 -0.0232929
v 0.0183000 0.0261500 -0.0216803
v 0.0183000 0.0218325 -0.0198919
v 0.0198000 0.0218325 -0.0198919
v 0.0198000 0.0261500 -0.0216803
v 0.0183000 0.0261500 -0.0203131
v 0.0183000 0.0219577 -0.0194792
v 0.0198000 0.0219577 -0.0194792
v 0.0198000 0.0261500 -0.0203131
v 0.0183000 0.0261500 -0.0063500
v 0.0183000 0.0261500 -0.0050869
v 0.0183000 0.0219577 -0.0059208
v 0.0183000 0.0220000 -0.0063500
v 0.0198000 0.0261500 -0.0063500
v 0.0198000 0.0220000 -0.0063500
v 0.0198000 0.0219577 -0.0059208
v 0.0198000 0.0261500 -0.0050869
v 0.0183000 0.0261500 -0.0037197
v 0.0183000 0.0218325 -0.0055081
v 0.0198000 0.0218325 -0.0055081
v 0.0198000 0.0261500 -0.0037197
v 0.0183000 0.0261500 -0.0021071
v 0.0183000 0.0216292 -0.0051277
v 0.0198000 0.0216292 -0.0051277
v 0.0198000 0.0261500 -0.0021071
v 0.0183000 0.0261500 -0.0000000
v 0.0183000 0.0213556 -0.0047944
v 0.0198000 0.0213556 -0.0047944
v 0.0198000 0.0261500 -0.0000000
v 0.0183000 0.0240429 0.0000000
v 0.0183000 0.0210223 -0.0045208
v 0.0198000 0.0210223 -0.0045208
v 0.0198000 0.0240429 0.0000000
v 0.0183000 0.0224303 0.0000000
v 0.0183000 0.0206419 -0.0043175
v 0.0198000 0.0206419 -0.0043175
v 0.0198000 0.0224303 0.0000000
v 0.0183000 0.0210631 0.0000000
v 0.0183000 0.0202292 -0.0041923
v 0.0198000 0.0202292 -0.0041923
v 0.0198000 0.0210631 0.0000000
v 0.0183000 0.0198000 0.0000000
v 0.0183000 0.0198000 -0.0041500
v 0.0198000 0.0198000 -0.0041500
v 0.0198000 0.0198000 0.0000000
v 0.0183000 0.0185369 0.0000000
v 0.0183000 0.0193708 -0.0041923
v 0.0198000 0.0193708 -0.0041923
v 0.0198000 0.0185369 0.0000000
v 0.0183000 0.0171697 0.0000000
v 0.0183000 0.0189581 -0.0043175
v 0.0198000 0.0189581 -0.0043175
v 0.0198000 0.0171697 0.0000000
v 0.0183000 0.0155571 0.0000000
v 0.0183000 0.0185777 -0.0045208
v 0.0198000 0.0185777 -0.0045208
v 0.0198000 0.0155571 0.0000000
v 0.0183000 0.0182444 -0.0047944
v 0.0198000 0.0182444 -0.0047944
v 0.0183000 0.0179708 -0.0051277
v 0.0198000 0.0179708 -0.0051277
v 0.0183000 0.0177675 -0.0055081
v 0.0198000 0.0177675 -0.0055081
v 0.0183000 0.0176423 -0.0059208
v 0.0198000 0.0176423 -0.0059208
v 0.0183000 0.0176000 -0.0063500
v 0.0198000 0.0176000 -0.0063500
v 0.0183000 0.0176423 -0.0067792
v 0.0198000 0.0176423 -0.0067792
v 0.0183000 0.0177675 -0.0071919
v 0.0198000 0.0177675 -0.0071919
v 0.0183000 0.0179708 -0.0075723
v 0.0198000 0.0179708 -0.0075723
v 0.0183000 0.0182444 -0.0079056
v 0.0198000 0.0182444 -0.0079056
v 0.0183000 0.0185777 -0.0081792
v 0.0198000 0.0185777 -0.0081792
v 0.0183000 0.0189581 -0.0083825
v 0.0198000 0.0189581 -0.0083825
v 0.0183000 0.0193708 -0.0085077
v 0.0198000 0.0193708 -0.0085077
v 0.0183000 0.0198000 -0.0085500
v 0.0198000 0.0198000 -0.0085500
v 0.0183000 0.0202292 -0.0085077
v 0.0198000 0.0202292 -0.0085077
v 0.0183000 0.0206419 -0.0083825
v 0.0198000 0.0206419 -0.0083825
v 0.0183000 0.0210223 -0.0081792
v 0.0198000 0.0210223 -0.0081792
v 0.0183000 0.0213556 -0.0079056
v 0.0198000 0.0213556 -0.0079056
v 0.0183000 0.0261500 -0.0105929
v 0.0183000 0.0216292 -0.0075723
v 0.0198000 0.0216292 -0.0075723
v 0.0198000 0.0261500 -0.0105929
v 0.0183000 0.0261500 -0.0089803
v 0.0183000 0.0218325 -0.0071919
v 0.0198000 0.0218325 -0.0071919
v 0.0198000 0.0261500 -0.0089803
v 0.0183000 0.0261500 -0.0076131
v 0.0183000 0.0219577 -0.0067792
v 0.0198000 0.0219577 -0.0067792
v 0.0198000 0.0261500 -0.0076131
v 0.0183000 0.0261500 0.0063500
v 0.0183000 0.0261500 0.0076131
v 0.0183000 0.0219577 0.0067792
v 0.0183000 0.0220000 0.0063500
v 0.0198000 0.0261500 0.0063500
v 0.0198000 0.0220000 0.0063500
v 0.0198000 0.0219577 0.0067792
v 0.0198000 0.0261500 0.0076131
v 0.0183000 0.0261500 0.0089803
v 0.0183000 0.0218325 0.0071919
v 0.0198000 0.0218325 0.0071919
v 0.0198000 0.0261500 0.0089803
v 0.0183000 0.0261500 0.0105929
v 0.0183000 0.0216292 0.0075723
v 0.0198000 0.0216292 0.0075723
v 0.0198000 0.0261500 0.0105929
v 0.0183000 0.0261500 0.0127000
v 0.0183000 0.0213556 0.0079056
v 0.0198000 0.0213556 0.0079056
v 0.0198000 0.0261500 0.0127000
v 0.0183000 0.0240429 0.0127000
v 0.0183000 0.0210223 0.0081792
v 0.0198000 0.0210223 0.0081792
v 0.0198000 0.0240429 0.0127000
v 0.0183000 0.0224303 0.0127000
v 0.0183000 0.0206419 0.0083825
v 0.0198000 0.0206419 0.0083825
v 0.0198000 0.0224303 0.0127000
v 0.0183000 0.0210631 0.0127000
v 0.0183000 0.0202292 0.0085077
v 0.0198000 0.0202292 0.0085077
v 0.0198000 0.0210631 0.0127000
v 0.0183000 0.0198000 0.0127000
v 0.0183000 0.0198000 0.0085500
v 0.0198000 0.0198000 0.0085500
v 0.0198000 0.0198000 0.0127000
v 0.0183000 0.0185369 0.0127000
v 0.0183000 0.0193708 0.0085077
v 0.0198000 0.0193708 0.0085077
v 0.0198000 0.0185369 0.0127000
v 0.0183000 0.0171697 0.0127000
v 0.0183000 0.0189581 0.0083825
v 0.0198000 0.0189581 0.0083825
v 0.0198000 0.0171697 0.0127000
v 0.0183000 0.0155571 0.0127000
v 0.0183000 0.0185777 0.0081792
v 0.0198000 0.0185777 0.0081792
v 0.0198000 0.0155571 0.0127000
v 0.0183000 0.0182444 0.0079056
v 0.0198000 0.0182444 0.0079056
v 0.0183000 0.0179708 0.0075723
v 0.0198000 0.0179708 0.0075723
v 0.0183000 0.0177675 0.0071919
v 0.0198000 0.0177675 0.0071919
v 0.0183000 0.0176423 0.0067792
v 0.0198000 0.0176423 0.0067792
v 0.0183000 0.0176000 0.0063500
v 0.0198000 0.0176000 0.0063500
v 0.0183000 0.0176423 0.0059208
v 0.0198000 0.0176423 0.0059208
v 0.0183000 0.0177675 0.0055081
v 0.0198000 0.0177675 0.0055081
v 0.0183000 0.0179708 0.0051277
v 0.0198000 0.0179708 0.0051277
v 0.0183000 0.0182444 0.0047944
v 0.0198000 0.0182444 0.0047944
v 0.0183000 0.0185777 0.0045208
v 0.0198000 0.0185777 0.0045208
v 0.0183000 0.0189581 0.0043175
v 0.0198000 0.0189581 0.0043175
v 0.0183000 0.0193708 0.0041923
v 0.0198000 0.0193708 0.0041923
v 0.0183000 0.0198000 0.0041500
v 0.0198000 0.0198000 0.0041500
v 0.0183000 0.0202292 0.0041923
v 0.0198000 0.0202292 0.0041923
v 0.0183000 0.0206419 0.0043175
v 0.0198000 0.0206419 0.0043175
v 0.0183000 0.0210223 0.0045208
v 0.0198000 0.0210223 0.0045208
v 0.0183000 0.0213556 0.0047944
v 0.0198000 0.0213556 0.0047944
v 0.0183000 0.0261500 0.0021071
v 0.0183000 0.0216292 0.0051277
v 0.0198000 0.0216292 0.0051277
v 0.0198000 0.0261500 0.0021071
v 0.0183000 0.0261500 0.0037197
v 0.0183000 0.0218325 0.0055081
v 0.0198000 0.0218325 0.0055081
v 0.0198000 0.0261500 0.0037197
v 0.0183000 0.0261500 0.0050869
v 0.0183000 0.0219577 0.0059208
v 0.0198000 0.0219577 0.0059208
v 0.0198000 0.0261500 0.0050869
v 0.0183000 0.0261500 0.0190500
v 0.0183000 0.0261500 0.0203131
v 0.0183000 0.0219577 0.0194792
v 0.0183000 0.0220000 0.0190500
v 0.0198000 0.0261500 0.0190500
v 0.0198000 0.0220000 0.0190500
v 0.0198000 0.0219577 0.0194792
v 0.0198000 0.0261500 0.0203131
v 0.0183000 0.0261500 0.0216803
v 0.0183000 0.0218325 0.0198919
v 0.0198000 0.0218325 0.0198919
v 0.0198000 0.0261500 0.0216803
v 0.0183000 0.0261500 0.0232929
v 0.0183000 0.0216292 0.0202723
v 0.0198000 0.0216292 0.0202723
v 0.0198000 0.0261500 0.0232929
v 0.0183000 0.0261500 0.0254000
v 0.0183000 0.0213556 0.0206056
v 0.0198000 0.0213556 0.0206056
v 0.0198000 0.0261500 0.0254000
v 0.0183000 0.0240429 0.0254000
v 0.0183000 0.0210223 0.0208792
v 0.0198000 0.0210223 0.0208792
v 0.0198000 0.0240429 0.0254000
v 0.0183000 0.0224303 0.0254000
v 0.0183000 0.0206419 0.0210825
v 0.0198000 0.0206419 0.0210825
v 0.0198000 0.0224303 0.0254000
v 0.0183000 0.0210631 0.0254000
v 0.0183000 0.0202292 0.0212077
v 0.0198000 0.0202292 0.0212077
v 0.0198000 0.0210631 0.0254000
v 0.0183000 0.0198000 0.0254000
v 0.0183000 0.0198000 0.0212500
v 0.0198000 0.0198000 0.0212500
v 0.0198000 0.0198000 0.0254000
v 0.0183000 0.0185369 0.0254000
v 0.0183000 0.0193708 0.0212077
v 0.0198000 0.0193708 0.0212077
v 0.0198000 0.0185369 0.0254000
v 0.0183000 0.0171697 0.0254000
v 0.0183000 0.0189581 0.0210825
v 0.0198000 0.0189581 0.0210825
v 0.0198000 0.0171697 0.0254000
v 0.0183000 0.0155571 0.0254000
v 0.0183000 0.0185777 0.0208792
v 0.0198000 0.0185777 0.0208792
v 0.0198000 0.0155571 0.0254000
v 0.0183000 0.0182444 0.0206056
v 0.0198000 0.0182444 0.0206056
v 0.0183000 0.0179708 0.0202723
v 0.0198000 0.0179708 0.0202723
v 0.0183000 0.0177675 0.0198919
v 0.0198000 0.0177675 0.0198919
v 0.0183000 0.0176423 0.0194792
v 0.0198000 0.0176423 0.0194792
v 0.0183000 0.0176000 0.0190500
v 0.0198000 0.0176000 0.0190500
v 0.0183000 0.0176423 0.0186208
v 0.0198000 0.0176423 0.0186208
v 0.0183000 0.0177675 0.0182081
v 0.0198000 0.0177675 0.0182081
v 0.0183000 0.0179708 0.0178277
v 0.0198000 0.0179708 0.0178277
v 0.0183000 0.0182444 0.0174944
v 0.0198000 0.0182444 0.0174944
v 0.0183000 0.0185777 0.0172208
v 0.0198000 0.0185777 0.0172208
v 0.0183000 0.0189581 0.0170175
v 0.0198000 0.0189581 0.0170175
v 0.0183000 0.0193708 0.0168923
v 0.0198000 0.0193708 0.0168923
v 0.0183000 0.0198000 0.0168500
v 0.0198000 0.0198000 0.0168500
v 0.0183000 0.0202292 0.0168923
v 0.0198000 0.0202292 0.0168923
v 0.0183000 0.0206419 0.0170175
v 0.0198000 0.0206419 0.0170175
v 0.0183000 0.0210223 0.0172208
v 0.0198000 0.0210223 0.0172208
v 0.0183000 0.0213556 0.0174944
v 0.0198000 0.0213556 0.0174944
v 0.0183000 0.0261500 0.0148071
v 0.0183000 0.0216292 0.0178277
v 0.0198000 0.0216292 0.0178277
v 0.0198000 0.0261500 0.0148071
v 0.0183000 0.0261500 0.0164197
v 0.0183000 0.0218325 0.0182081
v 0.0198000 0.0218325 0.0182081
v 0.0198000 0.0261500 0.0164197
v 0.0183000 0.0261500 0.0177869
v 0.0183000 0.0219577 0.0186208
v 0.0198000 0.0219577 0.0186208
v 0.0198000 0.0261500 0.0177869
v 0.0183000 0.0261500 0.0317500
v 0.0183000 0.0261500 0.0330131
v 0.0183000 0.0219577 0.0321792
v 0.0183000 0.0220000 0.0317500
v 0.0198000 0.0261500 0.0317500
v 0.0198000 0.0220000 0.0317500
v 0.0198000 0.0219577 0.0321792
v 0.0198000 0.0261500 0.0330131
v 0.0183000 0.0261500 0.0343803
v 0.0183000 0.0218325 0.0325919
v 0.0198000 0.0218325 0.0325919
v 0.0198000 0.0261500 0.0343803
v 0.0183000 0.0261500 0.0359929
v 0.0183000 0.0216292 0.0329723
v 0.0198000 0.0216292 0.0329723
v 0.0198000 0.0261500 0.0359929
v 0.0183000 0.0261500 0.0381000
v 0.0183000 0.0213556 0.0333056
v 0.0198000 0.0213556 0.0333056
v 0.0198000 0.0261500 0.0381000
v 0.0183000 0.0240429 0.0381000
v 0.0183000 0.0210223 0.0335792
v 0.0198000 0.0210223 0.0335792
v 0.0198000 0.0240429 0.0381000
v 0.0183000 0.0224303 0.0381000
v 0.0183000 0.0206419 0.0337825
v 0.0198000 0.0206419 0.0337825
v 0.0198000 0.0224303 0.0381000
v 0.0183000 0.0210631 0.0381000
v 0.0183000 0.0202292 0.0339077
v 0.0198000 0.0202292 0.0339077
v 0.0198000 0.0210631 0.0381000
v 0.0183000 0.0198000 0.0381000
v 0.0183000 0.0198000 0.0339500
v 0.0198000 0.0198000 0.0339500
v 0.0198000 0.0198000 0.0381000
v 0.0183000 0.0185369 0.0381000
v 0.0183000 0.0193708 0.0339077
v 0.0198000 0.0193708 0.0339077
v 0.0198000 0.0185369 0.0381000
v 0.0183000 0.0171697 0.0381000
v 0.0183000 0.0189581 0.0337825
v 0.0198000 0.0189581 0.0337825
v 0.0198000 0.0171697 0.0381000
v 0.0183000 0.0155571 0.0381000
v 0.0183000 0.0185777 0.0335792
v 0.0198000 0.0185777 0.0335792
v 0.0198000 0.0155571 0.0381000
v 0.0183000 0.0182444 0.0333056
v 0.0198000 0.0182444 0.0333056
v 0.0183000 0.0179708 0.0329723
v 0.0198000 0.0179708 0.0329723
v 0.0183000 0.0177675 0.0325919
v 0.0198000 0.0177675 0.0325919
v 0.0183000 0.0176423 0.0321792
v 0.0198000 0.0176423 0.0321792
v 0.0183000 0.0176000 0.0317500
v 0.0198000 0.0176000 0.0317500
v 0.0183000 0.0176423 0.0313208
v 0.0198000 0.0176423 0.0313208
v 0.0183000 0.0177675 0.0309081
v 0.0198000 0.0177675 0.0309081
v 0.0183000 0.0179708 0.0305277
v 0.0198000 0.0179708 0.0305277
v 0.0183000 0.0182444 0.0301944
v 0.0198000 0.0182444 0.0301944
v 0.0183000 0.0185777 0.0299208
v 0.0198000 0.0185777 0.0299208
v 0.0183000 0.0189581 0.0297175
v 0.0198000 0.0189581 0.0297175
v 0.0183000 0.0193708 0.0295923
v 0.0198000 0.0193708 0.0295923
v 0.0183000 0.0198000 0.0295500
v 0.0198000 0.0198000 0.0295500
v 0.0183000 0.0202292 0.0295923
v 0.0198000 0.0202292 0.0295923
v 0.0183000 0.0206419 0.0297175
v 0.0198000 0.0206419 0.0297175
v 0.0183000 0.0210223 0.0299208
v 0.0198000 0.0210223 0.0299208
v 0.0183000 0.0213556 0.0301944
v 0.0198000 0.0213556 0.0301944
v 0.0183000 0.0261500 0.0275071
v 0.0183000 0.0216292 0.0305277
v 0.0198000 0.0216292 0.0305277
v 0.0198000 0.0261500 0.0275071
v 0.0183000 0.0261500 0.0291197
v 0.0183000 0.0218325 0.0309081
v 0.0198000 0.0218325 0.0309081
v 0.0198000 0.0261500 0.0291197
v 0.0183000 0.0261500 0.0304869
v 0.0183000 0.0219577 0.0313208
v 0.0198000 0.0219577 0.0313208
v 0.0198000 0.0261500 0.0304869
v 0.0183000 0.0261500 0.0444500
v 0.0183000 0.0261500 0.0457131
v 0.0183000 0.0219577 0.0448792
v 0.0183000 0.0220000 0.0444500
v 0.0198000 0.0261500 0.0444500
v 0.0198000 0.0220000 0.0444500
v 0.0198000 0.0219577 0.0448792
v 0.0198000 0.0261500 0.0457131
v 0.0183000 0.0261500 0.0470803
v 0.0183000 0.0218325 0.0452919
v 0.0198000 0.0218325 0.0452919
v 0.0198000 0.0261500 0.0470803
v 0.0183000 0.0261500 0.0486929
v 0.0183000 0.0216292 0.0456723
v 0.0198000 0.0216292 0.0456723
v 0.0198000 0.0261500 0.0486929
v 0.0183000 0.0261500 0.0508000
v 0.0183000 0.0213556 0.0460056
v 0.0198000 0.0213556 0.0460056
v 0.0198000 0.0261500 0.0508000
v 0.0183000 0.0240429 0.0508000
v 0.0183000 0.0210223 0.0462792
v 0.0198000 0.0210223 0.0462792
v 0.0198000 0.0240429 0.0508000
v 0.0183000 0.0224303 0.0508000
v 0.0183000 0.0206419 0.0464825
v 0.0198000 0.0206419 0.0464825
v 0.0198000 0.0224303 0.0508000
v 0.0183000 0.0210631 0.0508000
v 0.0183000 0.0202292 0.0466077
v 0.0198000 0.0202292 0.0466077
v 0.0198000 0.0210631 0.0508000
v 0.0183000 0.0198000 0.0508000
v 0.0183000 0.0198000 0.0466500
v 0.0198000 0.0198000 0.0466500
v 0.0198000 0.0198000 0.0508000
v 0.0183000 0.0185369 0.0508000
v 0.0183000 0.0193708 0.0466077
v 0.0198000 0.0193708 0.0466077
v 0.0198000 0.0185369 0.0508000
v 0.0183000 0.0171697 0.0508000
v 0.0183000 0.0189581 0.0464825
v 0.0198000 0.0189581 0.0464825
v 0.0198000 0.0171697 0.0508000
v 0.0183000 0.0155571 0.0508000
v 0.0183000 0.0185777 0.0462792
v 0.0198000 0.0185777 0.0462792
v 0.0198000 0.0155571 0.0508000
v 0.0183000 0.0182444 0.0460056
v 0.0198000 0.0182444 0.0460056
v 0.0183000 0.0179708 0.0456723
v 0.0198000 0.0179708 0.0456723
v 0.0183000 0.0177675 0.0452919
v 0.0198000 0.0177675 0.0452919
v 0.0183000 0.0176423 0.0448792
v 0.0198000 0.0176423 0.0448792
v 0.0183000 0.0176000 0.0444500
v 0.0198000 0.0176000 0.0444500
v 0.0183000 0.0176423 0.0440208
v 0.0198000 0.0176423 0.0440208
v 0.0183000 0.0177675 0.0436081
v 0.0198000 0.0177675 0.0436081
v 0.0183000 0.0179708 0.0432277
v 0.0198000 0.0179708 0.0432277
v 0.0183000 0.0182444 0.0428944
v 0.0198000 0.0182444 0.0428944
v 0.0183000 0.0185777 0.0426208
v 0.0198000 0.0185777 0.0426208
v 0.0183000 0.0189581 0.0424175
v 0.0198000 0.0189581 0.0424175
v 0.0183000 0.0193708 0.0422923
v 0.0198000 0.0193708 0.0422923
v 0.0183000 0.0198000 0.0422500
v 0.0198000 0.0198000 0.0422500
v 0.0183000 0.0202292 0.0422923
v 0.0198000 0.0202292 0.0422923
v 0.0183000 0.0206419 0.0424175
v 0.0198000 0.0206419 0.0424175
v 0.0183000 0.0210223 0.0426208
v 0.0198000 0.0210223 0.0426208
v 0.0183000 0.0213556 0.0428944
v 0.0198000 0.0213556 0.0428944
v 0.0183000 0.0261500 0.0402071
v 0.0183000 0.0216292 0.0432277
v 0.0198000 0.0216292 0.0432277
v 0.0198000 0.0261500 0.0402071
v 0.0183000 0.0261500 0.0418197
v 0.0183000 0.0218325 0.0436081
v 0.0198000 0.0218325 0.0436081
v 0.0198000 0.0261500 0.0418197
v 0.0183000 0.0261500 0.0431869
v 0.0183000 0.0219577 0.0440208
v 0.0198000 0.0219577 0.0440208
v 0.0198000 0.0261500 0.0431869
usemtl body
vn 0.0 -1.0 0.0
vn 0.0 1.0 0.0
vn -0.9994608 0.0 -0.0328341
vn -0.9738481 0.0 -0.2272002
vn -0.9866507 0.0 -0.1628505
vn -0.9994608 0.0 0.0328341
vn 1.0 0.0 0.0
vn -0.9108364 0.0 -0.4127676
vn -0.9359394 0.0 -0.352161
vn -0.812762 0.0 -0.5825959
vn -0.8492562 0.0 -0.527981
vn -0.6835537 0.0 -0.7299002
vn -0.7299002 0.0 -0.6835537
vn -0.527981 0.0 -0.8492562
vn -0.5825959 0.0 -0.812762
vn 0.0 0.0 1.0
vn -0.352161 0.0 -0.9359394
vn -0.4127676 0.0 -0.9108364
vn -0.1628505 0.0 -0.9866507
vn -0.2272002 0.0 -0.9738481
vn 0.0328341 0.0 -0.9994608
vn -0.0328341 0.0 -0.9994608
vn 0.2272002 0.0 -0.9738481
vn 0.1628505 0.0 -0.9866507
vn 0.4127676 0.0 -0.9108364
vn 0.352161 0.0 -0.9359394
vn 0.5825959 0.0 -0.812762
vn 0.527981 0.0 -0.8492562
vn 0.7299002 0.0 -0.6835537
vn 0.6835537 0.0 -0.7299002
vn 0.8492562 0.0 -0.527981
vn 0.812762 0.0 -0.5825959
vn -1.0 0.0 0.0
vn 0.9359394 0.0 -0.352161
vn 0.9108364 0.0 -0.4127676
vn 0.9866507 0.0 -0.1628505
vn 0.9738481 0.0 -0.2272002
vn 0.9994608 0.0 0.0328341
vn 0.9994608 0.0 -0.0328341
vn 0.9738481 0.0 0.2272002
vn 0.9866507 0.0 0.1628505
vn 0.9108364 0.0 0.4127676
vn 0.9359394 0.0 0.352161
vn 0.812762 0.0 0.5825959
vn 0.8492562 0.0 0.527981
vn 0.6835537 0.0 0.7299002
vn 0.7299002 0.0 0.6835537
vn 0.527981 0.0 0.8492562
vn 0.5825959 0.0 0.812762
vn 0.0 0.0 -1.0
vn 0.352161 0.0 0.9359394
vn 0.4127676 0.0 0.9108364
vn 0.1628505 0.0 0.9866507
vn 0.2272002 0.0 0.9738481
vn -0.0328341 0.0 0.9994608
vn 0.0328341 0.0 0.9994608
vn -0.2272002 0.0 0.9738481
vn -0.1628505 0.0 0.9866507
vn -0.4127676 0.0 0.9108364
vn -0.352161 0.0 0.9359394
vn -0.5825959 0.0 0.812762
vn -0.527981 0.0 0.8492562
vn -0.7299002 0.0 0.6835537
vn -0.6835537 0.0 0.7299002
vn -0.8492562 0.0 0.527981
vn -0.812762 0.0 0.5825959
vn -0.9359394 0.0 0.352161
vn -0.9108364 0.0 0.4127676
vn -0.9866507 0.0 0.1628505
vn -0.9738481 0.0 0.2272002
vn 0.0 0.9994608 0.0328341
vn 0.0 0.9738481 0.2272002
vn 0.0 0.9866507 0.1628505
vn 0.0 0.9994608 -0.0328341
vn 0.0 0.9108364 0.4127676
vn 0.0 0.9359394 0.352161
vn 0.0 0.812762 0.5825959
vn 0.0 0.8492562 0.527981
vn 0.0 0.6835537 0.7299002
vn 0.0 0.7299002 0.6835537
vn 0.0 0.527981 0.8492562
vn 0.0 0.5825959 0.812762
vn 0.0 0.352161 0.9359394
vn 0.0 0.4127676 0.9108364
vn 0.0 0.1628505 0.9866507
vn 0.0 0.2272002 0.9738481
vn 0.0 -0.0328341 0.9994608
vn 0.0 0.0328341 0.9994608
vn 0.0 -0.2272002 0.9738481
vn 0.0 -0.1628505 0.9866507
vn 0.0 -0.4127676 0.9108364
vn 0.0 -0.352161 0.9359394
vn 0.0 -0.5825959 0.812762
vn 0.0 -0.527981 0.8492562
vn 0.0 -0.7299002 0.6835537
vn 0.0 -0.6835537 0.7299002
vn 0.0 -0.8492562 0.527981
vn 0.0 -0.812762 0.5825959
vn 0.0 -0.9359394 0.352161
vn 0.0 -0.9108364 0.4127676
vn 0.0 -0.9866507 0.1628505
vn 0.0 -0.9738481 0.2272002
vn 0.0 -0.9994608 -0.0328341
vn 0.0 -0.9994608 0.0328341
vn 0.0 -0.9738481 -0.2272002
vn 0.0 -0.9866507 -0.1628505
vn 0.0 -0.9108364 -0.4127676
vn 0.0 -0.9359394 -0.352161
vn 0.0 -0.812762 -0.5825959
vn 0.0 -0.8492562 -0.527981
vn 0.0 -0.6835537 -0.7299002
vn 0.0 -0.7299002 -0.6835537
vn 0.0 -0.527981 -0.8492562
vn 0.0 -0.5825959 -0.812762
vn 0.0 -0.352161 -0.9359394
vn 0.0 -0.4127676 -0.9108364
vn 0.0 -0.1628505 -0.9866507
vn 0.0 -0.2272002 -0.9738481
vn 0.0 0.0328341 -0.9994608
vn 0.0 -0.0328341 -0.9994608
vn 0.0 0.2272002 -0.9738481
vn 0.0 0.1628505 -0.9866507
vn 0.0 0.4127676 -0.9108364
vn 0.0 0.352161 -0.9359394
vn 0.0 0.5825959 -0.812762
vn 0.0 0.527981 -0.8492562
vn 0.0 0.7299002 -0.6835537
vn 0.0 0.6835537 -0.7299002
vn 0.0 0.8492562 -0.527981
vn 0.0 0.812762 -0.5825959
vn 0.0 0.9359394 -0.352161
vn 0.0 0.9108364 -0.4127676
vn 0.0 0.9866507 -0.1628505
vn 0.0 0.9738481 -0.2272002
f 1//1 2//1 3//1
f 1//1 3//1 4//1
f 5//2 6//2 7//2
f 5//2 7//2 8//2
f 4//3 3//4 7//5
f 4//3 7//5 6//6
f 1//7 5//7 8//7
f 1//7 8//7 2//7
f 2//1 9//1 10//1
f 2//1 10//1 3//1
f 8//2 7//2 11//2
f 8//2 11//2 12//2
f 3//4 10//8 11//9
f 3//4 11//9 7//5
f 2//7 8//7 12//7
f 2//7 12//7 9//7
f 9//1 13//1 14//1
f 9//1 14//1 10//1
f 12//2 11//2 15//2
f 12//2 15//2 16//2
f 10//8 14//10 15//11
f 10//8 15//11 11//9
f 9//7 12//7 16//7
f 9//7 16//7 13//7
f 13//1 17//1 18//1
f 13//1 18//1 14//1
f 16//2 15//2 19//2
f 16//2 19//2 20//2
f 14//10 18//12 19//13
f 14//10 19//13 15//11
f 13//7 16//7 20//7
f 13//7 20//7 17//7
f 17//1 21//1 22//1
f 17//1 22//1 18//1
f 20//2 19//2 23//2
f 20//2 23//2 24//2
f 18//12 22//14 23//15
f 18//12 23//15 19//13
f 17//16 20//16 24//16
f 17//16 24//16 21//16
f 21//1 25//1 26//1
f 21//1 26//1 22//1
f 24//2 23//2 27//2
f 24//2 27//2 28//2
f 22//14 26//17 27//18
f 22//14 27//18 23//15
f 21//16 24//16 28//16
f 21//16 28//16 25//16
f 25//1 29//1 30//1
f 25//1 30//1 26//1
f 28//2 27//2 31//2
f 28//2 31//2 32//2
f 26//17 30//19 31//20
f 26//17 31//20 27//18
f 25//16 28//16 32//16
f 25//16 32//16 29//16
f 29//1 33//1 34//1
f 29//1 34//1 30//1
f 32//2 31//2 35//2
f 32//2 35//2 36//2
f 30//19 34//21 35//22
f 30//19 35//22 31//20
f 29//16 32//16 36//16
f 29//16 36//16 33//16
f 33//1 37//1 38//1
f 33//1 38//1 34//1
f 36//2 35//2 39//2
f 36//2 39//2 40//2
f 34//21 38//23 39//24
f 34//21 39//24 35//22
f 33//16 36//16 40//16
f 33//16 40//16 37//16
f 37//1 41//1 42//1
f 37//1 42//1 38//1
f 40//2 39//2 43//2
f 40//2 43//2 44//2
f 38//23 42//25 43//26
f 38//23 43//26 39//24
f 37//16 40//16 44//16
f 37//16 44//16 41//16
f 41//1 45//1 46//1
f 41//1 46//1 42//1
f 44//2 43//2 47//2
f 44//2 47//2 48//2
f 42//25 46//27 47//28
f 42//25 47//28 43//26
f 41//16 44//16 48//16
f 41//16 48//16 45//16
f 45//1 49//1 50//1
f 45//1 50//1 46//1
f 48//2 47//2 51//2
f 48//2 51//2 52//2
f 46//27 50//29 51//30
f 46//27 51//30 47//28
f 45//16 48//16 52//16
f 45//16 52//16 49//16
f 49//1 53//1 54//1
f 49//1 54//1 50//1
f 52//2 51//2 55//2
f 52//2 55//2 56//2
f 50//29 54//31 55//32
f 50//29 55//32 51//30
f 49//33 52//33 56//33
f 49//33 56//33 53//33
f 53//1 57//1 58//1
f 53//1 58//1 54//1
f 56//2 55//2 59//2
f 56//2 59//2 60//2
f 54//31 58//34 59//35
f 54//31 59//35 55//32
f 53//33 56//33 60//33
f 53//33 60//33 57//33
f 57//1 61//1 62//1
f 57//1 62//1 58//1
f 60//2 59//2 63//2
f 60//2 63//2 64//2
f 58//34 62//36 63//37
f 58//34 63//37 59//35
f 57//33 60//33 64//33
f 57//33 64//33 61//33
f 61//1 65//1 66//1
f 61//1 66//1 62//1
f 64//2 63//2 67//2
f 64//2 67//2 68//2
f 62//36 66//38 67//39
f 62//36 67//39 63//37
f 61//33 64//33 68//33
f 61//33 68//33 65//33
f 65//1 69//1 70//1
f 65//1 70//1 66//1
f 68//2 67//2 71//2
f 68//2 71//2 72//2
f 66//38 70//40 71//41
f 66//38 71//41 67//39
f 65//33 68//33 72//33
f 65//33 72//33 69//33
f 69//1 73//1 74//1
f 69//1 74//1 70//1
f 72//2 71//2 75//2
f 72//2 75//2 76//2
f 70//40 74//42 75//43
f 70//40 75//43 71//41
f 69//33 72//33 76//33
f 69//33 76//33 73//33
f 73//1 77//1 78//1
f 73//1 78//1 74//1
f 76//2 75//2 79//2
f 76//2 79//2 80//2
f 74//42 78//44 79//45
f 74//42 79//45 75//43
f 73//33 76//33 80//33
f 73//33 80//33 77//33
f 77//1 81//1 82//1
f 77//1 82//1 78//1
f 80//2 79//2 83//2
f 80//2 83//2 84//2
f 78//44 82//46 83//47
f 78//44 83//47 79//45
f 77//33 80//33 84//33
f 77//33 84//33 81//33
f 81//1 85//1 86//1
f 81//1 86//1 82//1
f 84//2 83//2 87//2
f 84//2 87//2 88//2
f 82//46 86//48 87//49
f 82//46 87//49 83//47
f 81//50 84//50 88//50
f 81//50 88//50 85//50
f 85//1 89//1 90//1
f 85//1 90//1 86//1
f 88//2 87//2 91//2
f 88//2 91//2 92//2
f 86//48 90//51 91//52
f 86//48 91//52 87//49
f 85//50 88//50 92//50
f 85//50 92//50 89//50
f 89//1 93//1 94//1
f 89//1 94//1 90//1
f 92//2 91//2 95//2
f 92//2 95//2 96//2
f 90//51 94//53 95//54
f 90//51 95//54 91//52
f 89//50 92//50 96//50
f 89//50 96//50 93//50
f 93//1 97//1 98//1
f 93//1 98//1 94//1
f 96//2 95//2 99//2
f 96//2 99//2 100//2
f 94//53 98//55 99//56
f 94//53 99//56 95//54
f 93//50 96//50 100//50
f 93//50 100//50 97//50
f 97//1 101//1 102//1
f 97//1 102//1 98//1
f 100//2 99//2 103//2
f 100//2 103//2 104//2
f 98//55 102//57 103//58
f 98//55 103//58 99//56
f 97//50 100//50 104//50
f 97//50 104//50 101//50
f 101//1 105//1 106//1
f 101//1 106//1 102//1
f 104//2 103//2 107//2
f 104//2 107//2 108//2
f 102//57 106//59 107//60
f 102//57 107//60 103//58
f 101//50 104//50 108//50
f 101//50 108//50 105//50
f 105//1 109//1 110//1
f 105//1 110//1 106//1
f 108//2 107//2 111//2
f 108//2 111//2 112//2
f 106//59 110//61 111//62
f 106//59 111//62 107//60
f 105//50 108//50 112//50
f 105//50 112//50 109//50
f 109//1 113//1 114//1
f 109//1 114//1 110//1
f 112//2 111//2 115//2
f 112//2 115//2 116//2
f 110//61 114//63 115//64
f 110//61 115//64 111//62
f 109//50 112//50 116//50
f 109//50 116//50 113//50
f 113//1 117//1 118//1
f 113//1 118//1 114//1
f 116//2 115//2 119//2
f 116//2 119//2 120//2
f 114//63 118//65 119//66
f 114//63 119//66 115//64
f 113//7 116//7 120//7
f 113//7 120//7 117//7
f 117//1 121//1 122//1
f 117//1 122//1 118//1
f 120//2 119//2 123//2
f 120//2 123//2 124//2
f 118//65 122//67 123//68
f 118//65 123//68 119//66
f 117//7 120//7 124//7
f 117//7 124//7 121//7
f 121//1 125//1 126//1
f 121//1 126//1 122//1
f 124//2 123//2 127//2
f 124//2 127//2 128//2
f 122//67 126//69 127//70
f 122//67 127//70 123//68
f 121//7 124//7 128//7
f 121//7 128//7 125//7
f 125//1 1//1 4//1
f 125//1 4//1 126//1
f 128//2 127//2 6//2
f 128//2 6//2 5//2
f 126//69 4//3 6//6
f 126//69 6//6 127//70
f 125//7 128//7 5//7
f 125//7 5//7 1//7
f 129//1 130//1 131//1
f 129//1 131//1 132//1
f 133//2 134//2 135//2
f 133//2 135//2 136//2
f 132//3 131//4 135//5
f 132//3 135//5 134//6
f 129//7 133//7 136//7
f 129//7 136//7 130//7
f 130//1 137//1 138//1
f 130//1 138//1 131//1
f 136//2 135//2 139//2
f 136//2 139//2 140//2
f 131//4 138//8 139//9
f 131//4 139//9 135//5
f 130//7 136//7 140//7
f 130//7 140//7 137//7
f 137//1 141//1 142//1
f 137//1 142//1 138//1
f 140//2 139//2 143//2
f 140//2 143//2 144//2
f 138//8 142//10 143//11
f 138//8 143//11 139//9
f 137//7 140//7 144//7
f 137//7 144//7 141//7
f 141//1 145//1 146//1
f 141//1 146//1 142//1
f 144//2 143//2 147//2
f 144//2 147//2 148//2
f 142//10 146//12 147//13
f 142//10 147//13 143//11
f 141//7 144//7 148//7
f 141//7 148//7 145//7
f 145//1 149//1 150//1
f 145//1 150//1 146//1
f 148//2 147//2 151//2
f 148//2 151//2 152//2
f 146//12 150//14 151//15
f 146//12 151//15 147//13
f 145//16 148//16 152//16
f 145//16 152//16 149//16
f 149//1 153//1 154//1
f 149//1 154//1 150//1
f 152//2 151//2 155//2
f 152//2 155//2 156//2
f 150//14 154//17 155//18
f 150//14 155//18 151//15
f 149//16 152//16 156//16
f 149//16 156//16 153//16
f 153//1 157//1 158//1
f 153//1 158//1 154//1
f 156//2 155//2 159//2
f 156//2 159//2 160//2
f 154//17 158//19 159//20
f 154//17 159//20 155//18
f 153//16 156//16 160//16
f 153//16 160//16 157//16
f 157//1 161//1 162//1
f 157//1 162//1 158//1
f 160//2 159//2 163//2
f 160//2 163//2 164//2
f 158//19 162//21 163//22
f 158//19 163//22 159//20
f 157//16 160//16 164//16
f 157//16 164//16 161//16
f 161//1 165//1 166//1
f 161//1 166//1 162//1
f 164//2 163//2 167//2
f 164//2 167//2 168//2
f 162//21 166//23 167//24
f 162//21 167//24 163//22
f 161//16 164//16 168//16
f 161//16 168//16 165//16
f 165//1 169//1 170//1
f 165//1 170//1 166//1
f 168//2 167//2 171//2
f 168//2 171//2 172//2
f 166//23 170//25 171//26
f 166//23 171//26 167//24
f 165//16 168//16 172//16
f 165//16 172//16 169//16
f 169//1 173//1 174//1
f 169//1 174//1 170//1
f 172//2 171//2 175//2
f 172//2 175//2 176//2
f 170//25 174//27 175//28
f 170//25 175//28 171//26
f 169//16 172//16 176//16
f 169//16 176//16 173//16
f 173//1 177//1 178//1
f 173//1 178//1 174//1
f 176//2 175//2 179//2
f 176//2 179//2 180//2
f 174//27 178//29 179//30
f 174//27 179//30 175//28
f 173//16 176//16 180//16
f 173//16 180//16 177//16
f 177//1 181//1 182//1
f 177//1 182//1 178//1
f 180//2 179//2 183//2
f 180//2 183//2 184//2
f 178//29 182//31 183//32
f 178//29 183//32 179//30
f 177//33 180//33 184//33
f 177//33 184//33 181//33
f 181//1 185//1 186//1
f 181//1 186//1 182//1
f 184//2 183//2 187//2
f 184//2 187//2 188//2
f 182//31 186//34 187//35
f 182//31 187//35 183//32
f 181//33 184//33 188//33
f 181//33 188//33 185//33
f 185//1 189//1 190//1
f 185//1 190//1 186//1
f 188//2 187//2 191//2
f 188//2 191//2 192//2
f 186//34 190//36 191//37
f 186//34 191//37 187//35
f 185//33 188//33 192//33
f 185//33 192//33 189//33
f 189//1 193//1 194//1
f 189//1 194//1 190//1
f 192//2 191//2 195//2
f 192//2 195//2 196//2
f 190//36 194//38 195//39
f 190//36 195//39 191//37
f 189//33 192//33 196//33
f 189//33 196//33 193//33
f 193//1 197//1 198//1
f 193//1 198//1 194//1
f 196//2 195//2 199//2
f 196//2 199//2 200//2
f 194//38 198//40 199//41
f 194//38 199//41 195//39
f 193//33 196//33 200//33
f 193//33 200//33 197//33
f 197//1 201//1 202//1
f 197//1 202//1 198//1
f 200//2 199//2 203//2
f 200//2 203//2 204//2
f 198//40 202//42 203//43
f 198//40 203//43 199//41
f 197//33 200//33 204//33
f 197//33 204//33 201//33
f 201//1 205//1 206//1
f 201//1 206//1 202//1
f 204//2 203//2 207//2
f 204//2 207//2 208//2
f 202//42 206//44 207//45
f 202//42 207//45 203//43
f 201//33 204//33 208//33
f 201//33 208//33 205//33
f 205//1 49//1 209//1
f 205//1 209//1 206//1
f 208//2 207//2 210//2
f 208//2 210//2 52//2
f 206//44 209//46 210//47
f 206//44 210//47 207//45
f 205//33 208//33 52//33
f 205//33 52//33 49//33
f 49//1 45//1 211//1
f 49//1 211//1 209//1
f 52//2 210//2 212//2
f 52//2 212//2 48//2
f 209//46 211//48 212//49
f 209//46 212//49 210//47
f 49//50 52//50 48//50
f 49//50 48//50 45//50
f 45//1 41//1 213//1
f 45//1 213//1 211//1
f 48//2 212//2 214//2
f 48//2 214//2 44//2
f 211//48 213//51 214//52
f 211//48 214//52 212//49
f 45//50 48//50 44//50
f 45//50 44//50 41//50
f 41//1 37//1 215//1
f 41//1 215//1 213//1
f 44//2 214//2 216//2
f 44//2 216//2 40//2
f 213//51 215//53 216//54
f 213//51 216//54 214//52
f 41//50 44//50 40//50
f 41//50 40//50 37//50
f 37//1 33//1 217//1
f 37//1 217//1 215//1
f 40//2 216//2 218//2
f 40//2 218//2 36//2
f 215//53 217//55 218//56
f 215//53 218//56 216//54
f 37//50 40//50 36//50
f 37//50 36//50 33//50
f 33//1 29//1 219//1
f 33//1 219//1 217//1
f 36//2 218//2 220//2
f 36//2 220//2 32//2
f 217//55 219//57 220//58
f 217//55 220//58 218//56
f 33//50 36//50 32//50
f 33//50 32//50 29//50
f 29//1 25//1 221//1
f 29//1 221//1 219//1
f 32//2 220//2 222//2
f 32//2 222//2 28//2
f 219//57 221//59 222//60
f 219//57 222//60 220//58
f 29//50 32//50 28//50
f 29//50 28//50 25//50
f 25//1 21//1 223//1
f 25//1 223//1 221//1
f 28//2 222//2 224//2
f 28//2 224//2 24//2
f 221//59 223//61 224//62
f 221//59 224//62 222//60
f 25//50 28//50 24//50
f 25//50 24//50 21//50
f 21//1 17//1 225//1
f 21//1 225//1 223//1
f 24//2 224//2 226//2
f 24//2 226//2 20//2
f 223//61 225//63 226//64
f 223//61 226//64 224//62
f 21//50 24//50 20//50
f 21//50 20//50 17//50
f 17//1 227//1 228//1
f 17//1 228//1 225//1
f 20//2 226//2 229//2
f 20//2 229//2 230//2
f 225//63 228//65 229//66
f 225//63 229//66 226//64
f 17//7 20//7 230//7
f 17//7 230//7 227//7
f 227//1 231//1 232//1
f 227//1 232//1 228//1
f 230//2 229//2 233//2
f 230//2 233//2 234//2
f 228//65 232//67 233//68
f 228//65 233//68 229//66
f 227//7 230//7 234//7
f 227//7 234//7 231//7
f 231//1 235//1 236//1
f 231//1 236//1 232//1
f 234//2 233//2 237//2
f 234//2 237//2 238//2
f 232//67 236//69 237//70
f 232//67 237//70 233//68
f 231//7 234//7 238//7
f 231//7 238//7 235//7
f 235//1 129//1 132//1
f 235//1 132//1 236//1
f 238//2 237//2 134//2
f 238//2 134//2 133//2
f 236//69 132//3 134//6
f 236//69 134//6 237//70
f 235//7 238//7 133//7
f 235//7 133//7 129//7
f 239//1 240//1 241//1
f 239//1 241//1 242//1
f 243//2 244//2 245//2
f 243//2 245//2 246//2
f 242//3 241//4 245//5
f 242//3 245//5 244//6
f 239//7 243//7 246//7
f 239//7 246//7 240//7
f 240//1 247//1 248//1
f 240//1 248//1 241//1
f 246//2 245//2 249//2
f 246//2 249//2 250//2
f 241//4 248//8 249//9
f 241//4 249//9 245//5
f 240//7 246//7 250//7
f 240//7 250//7 247//7
f 247//1 251//1 252//1
f 247//1 252//1 248//1
f 250//2 249//2 253//2
f 250//2 253//2 254//2
f 248//8 252//10 253//11
f 248//8 253//11 249//9
f 247//7 250//7 254//7
f 247//7 254//7 251//7
f 251//1 255//1 256//1
f 251//1 256//1 252//1
f 254//2 253//2 257//2
f 254//2 257//2 258//2
f 252//10 256//12 257//13
f 252//10 257//13 253//11
f 251//7 254//7 258//7
f 251//7 258//7 255//7
f 255//1 259//1 260//1
f 255//1 260//1 256//1
f 258//2 257//2 261//2
f 258//2 261//2 262//2
f 256//12 260//14 261//15
f 256//12 261//15 257//13
f 255//16 258//16 262//16
f 255//16 262//16 259//16
f 259//1 263//1 264//1
f 259//1 264//1 260//1
f 262//2 261//2 265//2
f 262//2 265//2 266//2
f 260//14 264//17 265//18
f 260//14 265//18 261//15
f 259//16 262//16 266//16
f 259//16 266//16 263//16
f 263//1 267//1 268//1
f 263//1 268//1 264//1
f 266//2 265//2 269//2
f 266//2 269//2 270//2
f 264//17 268//19 269//20
f 264//17 269//20 265//18
f 263//16 266//16 270//16
f 263//16 270//16 267//16
f 267//1 271//1 272//1
f 267//1 272//1 268//1
f 270//2 269//2 273//2
f 270//2 273//2 274//2
f 268//19 272//21 273//22
f 268//19 273//22 269//20
f 267//16 270//16 274//16
f 267//16 274//16 271//16
f 271//1 275//1 276//1
f 271//1 276//1 272//1
f 274//2 273//2 277//2
f 274//2 277//2 278//2
f 272//21 276//23 277//24
f 272//21 277//24 273//22
f 271//16 274//16 278//16
f 271//16 278//16 275//16
f 275//1 279//1 280//1
f 275//1 280//1 276//1
f 278//2 277//2 281//2
f 278//2 281//2 282//2
f 276//23 280//25 281//26
f 276//23 281//26 277//24
f 275//16 278//16 282//16
f 275//16 282//16 279//16
f 279//1 283//1 284//1
f 279//1 284//1 280//1
f 282//2 281//2 285//2
f 282//2 285//2 286//2
f 280//25 284//27 285//28
f 280//25 285//28 281//26
f 279//16 282//16 286//16
f 279//16 286//16 283//16
f 283//1 287//1 288//1
f 283//1 288//1 284//1
f 286//2 285//2 289//2
f 286//2 289//2 290//2
f 284//27 288//29 289//30
f 284//27 289//30 285//28
f 283//16 286//16 290//16
f 283//16 290//16 287//16
f 287//1 291//1 292//1
f 287//1 292//1 288//1
f 290//2 289//2 293//2
f 290//2 293//2 294//2
f 288//29 292//31 293//32
f 288//29 293//32 289//30
f 287//33 290//33 294//33
f 287//33 294//33 291//33
f 291//1 295//1 296//1
f 291//1 296//1 292//1
f 294//2 293//2 297//2
f 294//2 297//2 298//2
f 292//31 296//34 297//35
f 292//31 297//35 293//32
f 291//33 294//33 298//33
f 291//33 298//33 295//33
f 295//1 299//1 300//1
f 295//1 300//1 296//1
f 298//2 297//2 301//2
f 298//2 301//2 302//2
f 296//34 300//36 301//37
f 296//34 301//37 297//35
f 295//33 298//33 302//33
f 295//33 302//33 299//33
f 299//1 303//1 304//1
f 299//1 304//1 300//1
f 302//2 301//2 305//2
f 302//2 305//2 306//2
f 300//36 304//38 305//39
f 300//36 305//39 301//37
f 299//33 302//33 306//33
f 299//33 306//33 303//33
f 303//1 307//1 308//1
f 303//1 308//1 304//1
f 306//2 305//2 309//2
f 306//2 309//2 310//2
f 304//38 308//40 309//41
f 304//38 309//41 305//39
f 303//33 306//33 310//33
f 303//33 310//33 307//33
f 307//1 311//1 312//1
f 307//1 312//1 308//1
f 310//2 309//2 313//2
f 310//2 313//2 314//2
f 308//40 312//42 313//43
f 308//40 313//43 309//41
f 307//33 310//33 314//33
f 307//33 314//33 311//33
f 311//1 315//1 316//1
f 311//1 316//1 312//1
f 314//2 313//2 317//2
f 314//2 317//2 318//2
f 312//42 316//44 317//45
f 312//42 317//45 313//43
f 311//33 314//33 318//33
f 311//33 318//33 315//33
f 315//1 177//1 319//1
f 315//1 319//1 316//1
f 318//2 317//2 320//2
f 318//2 320//2 180//2
f 316//44 319//46 320//47
f 316//44 320//47 317//45
f 315//33 318//33 180//33
f 315//33 180//33 177//33
f 177//1 173//1 321//1
f 177//1 321//1 319//1
f 180//2 320//2 322//2
f 180//2 322//2 176//2
f 319//46 321//48 322//49
f 319//46 322//49 320//47
f 177//50 180//50 176//50
f 177//50 176//50 173//50
f 173//1 169//1 323//1
f 173//1 323//1 321//1
f 176//2 322//2 324//2
f 176//2 324//2 172//2
f 321//48 323//51 324//52
f 321//48 324//52 322//49
f 173//50 176//50 172//50
f 173//50 172//50 169//50
f 169//1 165//1 325//1
f 169//1 325//1 323//1
f 172//2 324//2 326//2
f 172//2 326//2 168//2
f 323//51 325//53 326//54
f 323//51 326//54 324//52
f 169//50 172//50 168//50
f 169//50 168//50 165//50
f 165//1 161//1 327//1
f 165//1 327//1 325//1
f 168//2 326//2 328//2
f 168//2 328//2 164//2
f 325//53 327//55 328//56
f 325//53 328//56 326//54
f 165//50 168//50 164//50
f 165//50 164//50 161//50
f 161//1 157//1 329//1
f 161//1 329//1 327//1
f 164//2 328//2 330//2
f 164//2 330//2 160//2
f 327//55 329//57 330//58
f 327//55 330//58 328//56
f 161//50 164//50 160//50
f 161//50 160//50 157//50
f 157//1 153//1 331//1
f 157//1 331//1 329//1
f 160//2 330//2 332//2
f 160//2 332//2 156//2
f 329//57 331//59 332//60
f 329//57 332//60 330//58
f 157//50 160//50 156//50
f 157//50 156//50 153//50
f 153//1 149//1 333//1
f 153//1 333//1 331//1
f 156//2 332//2 334//2
f 156//2 334//2 152//2
f 331//59 333//61 334//62
f 331//59 334//62 332//60
f 153//50 156//50 152//50
f 153//50 152//50 149//50
f 149//1 145//1 335//1
f 149//1 335//1 333//1
f 152//2 334//2 336//2
f 152//2 336//2 148//2
f 333//61 335//63 336//64
f 333//61 336//64 334//62
f 149//50 152//50 148//50
f 149//50 148//50 145//50
f 145//1 337//1 338//1
f 145//1 338//1 335//1
f 148//2 336//2 339//2
f 148//2 339//2 340//2
f 335//63 338//65 339//66
f 335//63 339//66 336//64
f 145//7 148//7 340//7
f 145//7 340//7 337//7
f 337//1 341//1 342//1
f 337//1 342//1 338//1
f 340//2 339//2 343//2
f 340//2 343//2 344//2
f 338//65 342//67 343//68
f 338//65 343//68 339//66
f 337//7 340//7 344//7
f 337//7 344//7 341//7
f 341//1 345//1 346//1
f 341//1 346//1 342//1
f 344//2 343//2 347//2
f 344//2 347//2 348//2
f 342//67 346//69 347//70
f 342//67 347//70 343//68
f 341//7 344//7 348//7
f 341//7 348//7 345//7
f 345//1 239//1 242//1
f 345//1 242//1 346//1
f 348//2 347//2 244//2
f 348//2 244//2 243//2
f 346//69 242//3 244//6
f 346//69 244//6 347//70
f 345//7 348//7 243//7
f 345//7 243//7 239//7
f 349//1 350//1 351//1
f 349//1 351//1 352//1
f 353//2 354//2 355//2
f 353//2 355//2 356//2
f 352//3 351//4 355//5
f 352//3 355//5 354//6
f 349//7 353//7 356//7
f 349//7 356//7 350//7
f 350//1 357//1 358//1
f 350//1 358//1 351//1
f 356//2 355//2 359//2
f 356//2 359//2 360//2
f 351//4 358//8 359//9
f 351//4 359//9 355//5
f 350//7 356//7 360//7
f 350//7 360//7 357//7
f 357//1 361//1 362//1
f 357//1 362//1 358//1
f 360//2 359//2 363//2
f 360//2 363//2 364//2
f 358//8 362//10 363//11
f 358//8 363//11 359//9
f 357//7 360//7 364//7
f 357//7 364//7 361//7
f 361//1 365//1 366//1
f 361//1 366//1 362//1
f 364//2 363//2 367//2
f 364//2 367//2 368//2
f 362//10 366//12 367//13
f 362//10 367//13 363//11
f 361//7 364//7 368//7
f 361//7 368//7 365//7
f 365//1 369//1 370//1
f 365//1 370//1 366//1
f 368//2 367//2 371//2
f 368//2 371//2 372//2
f 366//12 370//14 371//15
f 366//12 371//15 367//13
f 365//16 368//16 372//16
f 365//16 372//16 369//16
f 369//1 373//1 374//1
f 369//1 374//1 370//1
f 372//2 371//2 375//2
f 372//2 375//2 376//2
f 370//14 374//17 375//18
f 370//14 375//18 371//15
f 369//16 372//16 376//16
f 369//16 376//16 373//16
f 373//1 377//1 378//1
f 373//1 378//1 374//1
f 376//2 375//2 379//2
f 376//2 379//2 380//2
f 374//17 378//19 379//20
f 374//17 379//20 375//18
f 373//16 376//16 380//16
f 373//16 380//16 377//16
f 377//1 381//1 382//1
f 377//1 382//1 378//1
f 380//2 379//2 383//2
f 380//2 383//2 384//2
f 378//19 382//21 383//22
f 378//19 383//22 379//20
f 377//16 380//16 384//16
f 377//16 384//16 381//16
f 381//1 385//1 386//1
f 381//1 386//1 382//1
f 384//2 383//2 387//2
f 384//2 387//2 388//2
f 382//21 386//23 387//24
f 382//21 387//24 383//22
f 381//16 384//16 388//16
f 381//16 388//16 385//16
f 385//1 389//1 390//1
f 385//1 390//1 386//1
f 388//2 387//2 391//2
f 388//2 391//2 392//2
f 386//23 390//25 391//26
f 386//23 391//26 387//24
f 385//16 388//16 392//16
f 385//16 392//16 389//16
f 389//1 393//1 394//1
f 389//1 394//1 390//1
f 392//2 391//2 395//2
f 392//2 395//2 396//2
f 390//25 394//27 395//28
f 390//25 395//28 391//26
f 389//16 392//16 396//16
f 389//16 396//16 393//16
f 393//1 397//1 398//1
f 393//1 398//1 394//1
f 396//2 395//2 399//2
f 396//2 399//2 400//2
f 394//27 398//29 399//30
f 394//27 399//30 395//28
f 393//16 396//16 400//16
f 393//16 400//16 397//16
f 397//1 401//1 402//1
f 397//1 402//1 398//1
f 400//2 399//2 403//2
f 400//2 403//2 404//2
f 398//29 402//31 403//32
f 398//29 403//32 399//30
f 397//33 400//33 404//33
f 397//33 404//33 401//33
f 401//1 405//1 406//1
f 401//1 406//1 402//1
f 404//2 403//2 407//2
f 404//2 407//2 408//2
f 402//31 406//34 407//35
f 402//31 407//35 403//32
f 401//33 404//33 408//33
f 401//33 408//33 405//33
f 405//1 409//1 410//1
f 405//1 410//1 406//1
f 408//2 407//2 411//2
f 408//2 411//2 412//2
f 406//34 410//36 411//37
f 406//34 411//37 407//35
f 405//33 408//33 412//33
f 405//33 412//33 409//33
f 409//1 413//1 414//1
f 409//1 414//1 410//1
f 412//2 411//2 415//2
f 412//2 415//2 416//2
f 410//36 414//38 415//39
f 410//36 415//39 411//37
f 409//33 412//33 416//33
f 409//33 416//33 413//33
f 413//1 417//1 418//1
f 413//1 418//1 414//1
f 416//2 415//2 419//2
f 416//2 419//2 420//2
f 414//38 418//40 419//41
f 414//38 419//41 415//39
f 413//33 416//33 420//33
f 413//33 420//33 417//33
f 417//1 421//1 422//1
f 417//1 422//1 418//1
f 420//2 419//2 423//2
f 420//2 423//2 424//2
f 418//40 422//42 423//43
f 418//40 423//43 419//41
f 417//33 420//33 424//33
f 417//33 424//33 421//33
f 421//1 425//1 426//1
f 421//1 426//1 422//1
f 424//2 423//2 427//2
f 424//2 427//2 428//2
f 422//42 426//44 427//45
f 422//42 427//45 423//43
f 421//33 424//33 428//33
f 421//33 428//33 425//33
f 425//1 287//1 429//1
f 425//1 429//1 426//1
f 428//2 427//2 430//2
f 428//2 430//2 290//2
f 426//44 429//46 430//47
f 426//44 430//47 427//45
f 425//33 428//33 290//33
f 425//33 290//33 287//33
f 287//1 283//1 431//1
f 287//1 431//1 429//1
f 290//2 430//2 432//2
f 290//2 432//2 286//2
f 429//46 431//48 432//49
f 429//46 432//49 430//47
f 287//50 290//50 286//50
f 287//50 286//50 283//50
f 283//1 279//1 433//1
f 283//1 433//1 431//1
f 286//2 432//2 434//2
f 286//2 434//2 282//2
f 431//48 433//51 434//52
f 431//48 434//52 432//49
f 283//50 286//50 282//50
f 283//50 282//50 279//50
f 279//1 275//1 435//1
f 279//1 435//1 433//1
f 282//2 434//2 436//2
f 282//2 436//2 278//2
f 433//51 435//53 436//54
f 433//51 436//54 434//52
f 279//50 282//50 278//50
f 279//50 278//50 275//50
f 275//1 271//1 437//1
f 275//1 437//1 435//1
f 278//2 436//2 438//2
f 278//2 438//2 274//2
f 435//53 437//55 438//56
f 435//53 438//56 436//54
f 275//50 278//50 274//50
f 275//50 274//50 271//50
f 271//1 267//1 439//1
f 271//1 439//1 437//1
f 274//2 438//2 440//2
f 274//2 440//2 270//2
f 437//55 439//57 440//58
f 437//55 440//58 438//56
f 271//50 274//50 270//50
f 271//50 270//50 267//50
f 267//1 263//1 441//1
f 267//1 441//1 439//1
f 270//2 440//2 442//2
f 270//2 442//2 266//2
f 439//57 441//59 442//60
f 439//57 442//60 440//58
f 267//50 270//50 266//50
f 267//50 266//50 263//50
f 263//1 259//1 443//1
f 263//1 443//1 441//1
f 266//2 442//2 444//2
f 266//2 444//2 262//2
f 441//59 443//61 444//62
f 441//59 444//62 442//60
f 263//50 266//50 262//50
f 263//50 262//50 259//50
f 259//1 255//1 445//1
f 259//1 445//1 443//1
f 262//2 444//2 446//2
f 262//2 446//2 258//2
f 443//61 445//63 446//64
f 443//61 446//64 444//62
f 259//50 262//50 258//50
f 259//50 258//50 255//50
f 255//1 447//1 448//1
f 255//1 448//1 445//1
f 258//2 446//2 449//2
f 258//2 449//2 450//2
f 445//63 448//65 449//66
f 445//63 449//66 446//64
f 255//7 258//7 450//7
f 255//7 450//7 447//7
f 447//1 451//1 452//1
f 447//1 452//1 448//1
f 450//2 449//2 453//2
f 450//2 453//2 454//2
f 448//65 452//67 453//68
f 448//65 453//68 449//66
f 447//7 450//7 454//7
f 447//7 454//7 451//7
f 451//1 455//1 456//1
f 451//1 456//1 452//1
f 454//2 453//2 457//2
f 454//2 457//2 458//2
f 452//67 456//69 457//70
f 452//67 457//70 453//68
f 451//7 454//7 458//7
f 451//7 458//7 455//7
f 455//1 349//1 352//1
f 455//1 352//1 456//1
f 458//2 457//2 354//2
f 458//2 354//2 353//2
f 456//69 352//3 354//6
f 456//69 354//6 457//70
f 455//7 458//7 353//7
f 455//7 353//7 349//7
f 459//1 460//1 461//1
f 459//1 461//1 462//1
f 463//2 464//2 465//2
f 463//2 465//2 466//2
f 462//3 461//4 465//5
f 462//3 465//5 464//6
f 459//7 463//7 466//7
f 459//7 466//7 460//7
f 460//1 467//1 468//1
f 460//1 468//1 461//1
f 466//2 465//2 469//2
f 466//2 469//2 470//2
f 461//4 468//8 469//9
f 461//4 469//9 465//5
f 460//7 466//7 470//7
f 460//7 470//7 467//7
f 467//1 471//1 472//1
f 467//1 472//1 468//1
f 470//2 469//2 473//2
f 470//2 473//2 474//2
f 468//8 472//10 473//11
f 468//8 473//11 469//9
f 467//7 470//7 474//7
f 467//7 474//7 471//7
f 471//1 475//1 476//1
f 471//1 476//1 472//1
f 474//2 473//2 477//2
f 474//2 477//2 478//2
f 472//10 476//12 477//13
f 472//10 477//13 473//11
f 471//7 474//7 478//7
f 471//7 478//7 475//7
f 475//1 479//1 480//1
f 475//1 480//1 476//1
f 478//2 477//2 481//2
f 478//2 481//2 482//2
f 476//12 480//14 481//15
f 476//12 481//15 477//13
f 475//16 478//16 482//16
f 475//16 482//16 479//16
f 479//1 483//1 484//1
f 479//1 484//1 480//1
f 482//2 481//2 485//2
f 482//2 485//2 486//2
f 480//14 484//17 485//18
f 480//14 485//18 481//15
f 479//16 482//16 486//16
f 479//16 486//16 483//16
f 483//1 487//1 488//1
f 483//1 488//1 484//1
f 486//2 485//2 489//2
f 486//2 489//2 490//2
f 484//17 488//19 489//20
f 484//17 489//20 485//18
f 483//16 486//16 490//16
f 483//16 490//16 487//16
f 487//1 491//1 492//1
f 487//1 492//1 488//1
f 490//2 489//2 493//2
f 490//2 493//2 494//2
f 488//19 492//21 493//22
f 488//19 493//22 489//20
f 487//16 490//16 494//16
f 487//16 494//16 491//16
f 491//1 495//1 496//1
f 491//1 496//1 492//1
f 494//2 493//2 497//2
f 494//2 497//2 498//2
f 492//21 496//23 497//24
f 492//21 497//24 493//22
f 491//16 494//16 498//16
f 491//16 498//16 495//16
f 495//1 499//1 500//1
f 495//1 500//1 496//1
f 498//2 497//2 501//2
f 498//2 501//2 502//2
f 496//23 500//25 501//26
f 496//23 501//26 497//24
f 495//16 498//16 502//16
f 495//16 502//16 499//16
f 499//1 503//1 504//1
f 499//1 504//1 500//1
f 502//2 501//2 505//2
f 502//2 505//2 506//2
f 500//25 504//27 505//28
f 500//25 505//28 501//26
f 499//16 502//16 506//16
f 499//16 506//16 503//16
f 503//1 507//1 508//1
f 503//1 508//1 504//1
f 506//2 505//2 509//2
f 506//2 509//2 510//2
f 504//27 508//29 509//30
f 504//27 509//30 505//28
f 503//16 506//16 510//16
f 503//16 510//16 507//16
f 507//1 511//1 512//1
f 507//1 512//1 508//1
f 510//2 509//2 513//2
f 510//2 513//2 514//2
f 508//29 512//31 513//32
f 508//29 513//32 509//30
f 507//33 510//33 514//33
f 507//33 514//33 511//33
f 511//1 515//1 516//1
f 511//1 516//1 512//1
f 514//2 513//2 517//2
f 514//2 517//2 518//2
f 512//31 516//34 517//35
f 512//31 517//35 513//32
f 511//33 514//33 518//33
f 511//33 518//33 515//33
f 515//1 519//1 520//1
f 515//1 520//1 516//1
f 518//2 517//2 521//2
f 518//2 521//2 522//2
f 516//34 520//36 521//37
f 516//34 521//37 517//35
f 515//33 518//33 522//33
f 515//33 522//33 519//33
f 519//1 523//1 524//1
f 519//1 524//1 520//1
f 522//2 521//2 525//2
f 522//2 525//2 526//2
f 520//36 524//38 525//39
f 520//36 525//39 521//37
f 519//33 522//33 526//33
f 519//33 526//33 523//33
f 523//1 527//1 528//1
f 523//1 528//1 524//1
f 526//2 525//2 529//2
f 526//2 529//2 530//2
f 524//38 528//40 529//41
f 524//38 529//41 525//39
f 523//33 526//33 530//33
f 523//33 530//33 527//33
f 527//1 531//1 532//1
f 527//1 532//1 528//1
f 530//2 529//2 533//2
f 530//2 533//2 534//2
f 528//40 532//42 533//43
f 528//40 533//43 529//41
f 527//33 530//33 534//33
f 527//33 534//33 531//33
f 531//1 535//1 536//1
f 531//1 536//1 532//1
f 534//2 533//2 537//2
f 534//2 537//2 538//2
f 532//42 536//44 537//45
f 532//42 537//45 533//43
f 531//33 534//33 538//33
f 531//33 538//33 535//33
f 535//1 397//1 539//1
f 535//1 539//1 536//1
f 538//2 537//2 540//2
f 538//2 540//2 400//2
f 536//44 539//46 540//47
f 536//44 540//47 537//45
f 535//33 538//33 400//33
f 535//33 400//33 397//33
f 397//1 393//1 541//1
f 397//1 541//1 539//1
f 400//2 540//2 542//2
f 400//2 542//2 396//2
f 539//46 541//48 542//49
f 539//46 542//49 540//47
f 397//50 400//50 396//50
f 397//50 396//50 393//50
f 393//1 389//1 543//1
f 393//1 543//1 541//1
f 396//2 542//2 544//2
f 396//2 544//2 392//2
f 541//48 543//51 544//52
f 541//48 544//52 542//49
f 393//50 396//50 392//50
f 393//50 392//50 389//50
f 389//1 385//1 545//1
f 389//1 545//1 543//1
f 392//2 544//2 546//2
f 392//2 546//2 388//2
f 543//51 545//53 546//54
f 543//51 546//54 544//52
f 389//50 392//50 388//50
f 389//50 388//50 385//50
f 385//1 381//1 547//1
f 385//1 547//1 545//1
f 388//2 546//2 548//2
f 388//2 548//2 384//2
f 545//53 547//55 548//56
f 545//53 548//56 546//54
f 385//50 388//50 384//50
f 385//50 384//50 381//50
f 381//1 377//1 549//1
f 381//1 549//1 547//1
f 384//2 548//2 550//2
f 384//2 550//2 380//2
f 547//55 549//57 550//58
f 547//55 550//58 548//56
f 381//50 384//50 380//50
f 381//50 380//50 377//50
f 377//1 373//1 551//1
f 377//1 551//1 549//1
f 380//2 550//2 552//2
f 380//2 552//2 376//2
f 549//57 551//59 552//60
f 549//57 552//60 550//58
f 377//50 380//50 376//50
f 377//50 376//50 373//50
f 373//1 369//1 553//1
f 373//1 553//1 551//1
f 376//2 552//2 554//2
f 376//2 554//2 372//2
f 551//59 553//61 554//62
f 551//59 554//62 552//60
f 373//50 376//50 372//50
f 373//50 372//50 369//50
f 369//1 365//1 555//1
f 369//1 555//1 553//1
f 372//2 554//2 556//2
f 372//2 556//2 368//2
f 553//61 555//63 556//64
f 553//61 556//64 554//62
f 369//50 372//50 368//50
f 369//50 368//50 365//50
f 365//1 557//1 558//1
f 365//1 558//1 555//1
f 368//2 556//2 559//2
f 368//2 559//2 560//2
f 555//63 558//65 559//66
f 555//63 559//66 556//64
f 365//7 368//7 560//7
f 365//7 560//7 557//7
f 557//1 561//1 562//1
f 557//1 562//1 558//1
f 560//2 559//2 563//2
f 560//2 563//2 564//2
f 558//65 562//67 563//68
f 558//65 563//68 559//66
f 557//7 560//7 564//7
f 557//7 564//7 561//7
f 561//1 565//1 566//1
f 561//1 566//1 562//1
f 564//2 563//2 567//2
f 564//2 567//2 568//2
f 562//67 566//69 567//70
f 562//67 567//70 563//68
f 561//7 564//7 568//7
f 561//7 568//7 565//7
f 565//1 459//1 462//1
f 565//1 462//1 566//1
f 568//2 567//2 464//2
f 568//2 464//2 463//2
f 566//69 462//3 464//6
f 566//69 464//6 567//70
f 565//7 568//7 463//7
f 565//7 463//7 459//7
f 569//1 570//1 571//1
f 569//1 571//1 572//1
f 573//2 574//2 575//2
f 573//2 575//2 576//2
f 572//3 571//4 575//5
f 572//3 575//5 574//6
f 569//7 573//7 576//7
f 569//7 576//7 570//7
f 570//1 577//1 578//1
f 570//1 578//1 571//1
f 576//2 575//2 579//2
f 576//2 579//2 580//2
f 571//4 578//8 579//9
f 571//4 579//9 575//5
f 570//7 576//7 580//7
f 570//7 580//7 577//7
f 577//1 581//1 582//1
f 577//1 582//1 578//1
f 580//2 579//2 583//2
f 580//2 583//2 584//2
f 578//8 582//10 583//11
f 578//8 583//11 579//9
f 577//7 580//7 584//7
f 577//7 584//7 581//7
f 581//1 585//1 586//1
f 581//1 586//1 582//1
f 584//2 583//2 587//2
f 584//2 587//2 588//2
f 582//10 586//12 587//13
f 582//10 587//13 583//11
f 581//7 584//7 588//7
f 581//7 588//7 585//7
f 585//1 589//1 590//1
f 585//1 590//1 586//1
f 588//2 587//2 591//2
f 588//2 591//2 592//2
f 586//12 590//14 591//15
f 586//12 591//15 587//13
f 585//16 588//16 592//16
f 585//16 592//16 589//16
f 589//1 593//1 594//1
f 589//1 594//1 590//1
f 592//2 591//2 595//2
f 592//2 595//2 596//2
f 590//14 594//17 595//18
f 590//14 595//18 591//15
f 589//16 592//16 596//16
f 589//16 596//16 593//16
f 593//1 597//1 598//1
f 593//1 598//1 594//1
f 596//2 595//2 599//2
f 596//2 599//2 600//2
f 594//17 598//19 599//20
f 594//17 599//20 595//18
f 593//16 596//16 600//16
f 593//16 600//16 597//16
f 597//1 601//1 602//1
f 597//1 602//1 598//1
f 600//2 599//2 603//2
f 600//2 603//2 604//2
f 598//19 602//21 603//22
f 598//19 603//22 599//20
f 597//16 600//16 604//16
f 597//16 604//16 601//16
f 601//1 605//1 606//1
f 601//1 606//1 602//1
f 604//2 603//2 607//2
f 604//2 607//2 608//2
f 602//21 606//23 607//24
f 602//21 607//24 603//22
f 601//16 604//16 608//16
f 601//16 608//16 605//16
f 605//1 609//1 610//1
f 605//1 610//1 606//1
f 608//2 607//2 611//2
f 608//2 611//2 612//2
f 606//23 610//25 611//26
f 606//23 611//26 607//24
f 605//16 608//16 612//16
f 605//16 612//16 609//16
f 609//1 613//1 614//1
f 609//1 614//1 610//1
f 612//2 611//2 615//2
f 612//2 615//2 616//2
f 610//25 614//27 615//28
f 610//25 615//28 611//26
f 609//16 612//16 616//16
f 609//16 616//16 613//16
f 613//1 617//1 618//1
f 613//1 618//1 614//1
f 616//2 615//2 619//2
f 616//2 619//2 620//2
f 614//27 618//29 619//30
f 614//27 619//30 615//28
f 613//16 616//16 620//16
f 613//16 620//16 617//16
f 617//1 621//1 622//1
f 617//1 622//1 618//1
f 620//2 619//2 623//2
f 620//2 623//2 624//2
f 618//29 622//31 623//32
f 618//29 623//32 619//30
f 617//33 620//33 624//33
f 617//33 624//33 621//33
f 621//1 625//1 626//1
f 621//1 626//1 622//1
f 624//2 623//2 627//2
f 624//2 627//2 628//2
f 622//31 626//34 627//35
f 622//31 627//35 623//32
f 621//33 624//33 628//33
f 621//33 628//33 625//33
f 625//1 629//1 630//1
f 625//1 630//1 626//1
f 628//2 627//2 631//2
f 628//2 631//2 632//2
f 626//34 630//36 631//37
f 626//34 631//37 627//35
f 625//33 628//33 632//33
f 625//33 632//33 629//33
f 629//1 633//1 634//1
f 629//1 634//1 630//1
f 632//2 631//2 635//2
f 632//2 635//2 636//2
f 630//36 634//38 635//39
f 630//36 635//39 631//37
f 629//33 632//33 636//33
f 629//33 636//33 633//33
f 633//1 637//1 638//1
f 633//1 638//1 634//1
f 636//2 635//2 639//2
f 636//2 639//2 640//2
f 634//38 638//40 639//41
f 634//38 639//41 635//39
f 633//33 636//33 640//33
f 633//33 640//33 637//33
f 637//1 641//1 642//1
f 637//1 642//1 638//1
f 640//2 639//2 643//2
f 640//2 643//2 644//2
f 638//40 642//42 643//43
f 638//40 643//43 639//41
f 637//33 640//33 644//33
f 637//33 644//33 641//33
f 641//1 645//1 646//1
f 641//1 646//1 642//1
f 644//2 643//2 647//2
f 644//2 647//2 648//2
f 642//42 646//44 647//45
f 642//42 647//45 643//43
f 641//33 644//33 648//33
f 641//33 648//33 645//33
f 645//1 507//1 649//1
f 645//1 649//1 646//1
f 648//2 647//2 650//2
f 648//2 650//2 510//2
f 646//44 649//46 650//47
f 646//44 650//47 647//45
f 645//33 648//33 510//33
f 645//33 510//33 507//33
f 507//1 503//1 651//1
f 507//1 651//1 649//1
f 510//2 650//2 652//2
f 510//2 652//2 506//2
f 649//46 651//48 652//49
f 649//46 652//49 650//47
f 507//50 510//50 506//50
f 507//50 506//50 503//50
f 503//1 499//1 653//1
f 503//1 653//1 651//1
f 506//2 652//2 654//2
f 506//2 654//2 502//2
f 651//48 653//51 654//52
f 651//48 654//52 652//49
f 503//50 506//50 502//50
f 503//50 502//50 499//50
f 499//1 495//1 655//1
f 499//1 655//1 653//1
f 502//2 654//2 656//2
f 502//2 656//2 498//2
f 653//51 655//53 656//54
f 653//51 656//54 654//52
f 499//50 502//50 498//50
f 499//50 498//50 495//50
f 495//1 491//1 657//1
f 495//1 657//1 655//1
f 498//2 656//2 658//2
f 498//2 658//2 494//2
f 655//53 657//55 658//56
f 655//53 658//56 656//54
f 495//50 498//50 494//50
f 495//50 494//50 491//50
f 491//1 487//1 659//1
f 491//1 659//1 657//1
f 494//2 658//2 660//2
f 494//2 660//2 490//2
f 657//55 659//57 660//58
f 657//55 660//58 658//56
f 491//50 494//50 490//50
f 491//50 490//50 487//50
f 487//1 483//1 661//1
f 487//1 661//1 659//1
f 490//2 660//2 662//2
f 490//2 662//2 486//2
f 659//57 661//59 662//60
f 659//57 662//60 660//58
f 487//50 490//50 486//50
f 487//50 486//50 483//50
f 483//1 479//1 663//1
f 483//1 663//1 661//1
f 486//2 662//2 664//2
f 486//2 664//2 482//2
f 661//59 663//61 664//62
f 661//59 664//62 662//60
f 483//50 486//50 482//50
f 483//50 482//50 479//50
f 479//1 475//1 665//1
f 479//1 665//1 663//1
f 482//2 664//2 666//2
f 482//2 666//2 478//2
f 663//61 665//63 666//64
f 663//61 666//64 664//62
f 479//50 482//50 478//50
f 479//50 478//50 475//50
f 475//1 667//1 668//1
f 475//1 668//1 665//1
f 478//2 666//2 669//2
f 478//2 669//2 670//2
f 665//63 668//65 669//66
f 665//63 669//66 666//64
f 475//7 478//7 670//7
f 475//7 670//7 667//7
f 667//1 671//1 672//1
f 667//1 672//1 668//1
f 670//2 669//2 673//2
f 670//2 673//2 674//2
f 668//65 672//67 673//68
f 668//65 673//68 669//66
f 667//7 670//7 674//7
f 667//7 674//7 671//7
f 671//1 675//1 676//1
f 671//1 676//1 672//1
f 674//2 673//2 677//2
f 674//2 677//2 678//2
f 672//67 676//69 677//70
f 672//67 677//70 673//68
f 671//7 674//7 678//7
f 671//7 678//7 675//7
f 675//1 569//1 572//1
f 675//1 572//1 676//1
f 678//2 677//2 574//2
f 678//2 574//2 573//2
f 676//69 572//3 574//6
f 676//69 574//6 677//70
f 675//7 678//7 573//7
f 675//7 573//7 569//7
f 679//1 680//1 681//1
f 679//1 681//1 682//1
f 683//2 684//2 685//2
f 683//2 685//2 686//2
f 682//3 681//4 685//5
f 682//3 685//5 684//6
f 679//7 683//7 686//7
f 679//7 686//7 680//7
f 680//1 687//1 688//1
f 680//1 688//1 681//1
f 686//2 685//2 689//2
f 686//2 689//2 690//2
f 681//4 688//8 689//9
f 681//4 689//9 685//5
f 680//7 686//7 690//7
f 680//7 690//7 687//7
f 687//1 691//1 692//1
f 687//1 692//1 688//1
f 690//2 689//2 693//2
f 690//2 693//2 694//2
f 688//8 692//10 693//11
f 688//8 693//11 689//9
f 687//7 690//7 694//7
f 687//7 694//7 691//7
f 691//1 695//1 696//1
f 691//1 696//1 692//1
f 694//2 693//2 697//2
f 694//2 697//2 698//2
f 692//10 696//12 697//13
f 692//10 697//13 693//11
f 691//7 694//7 698//7
f 691//7 698//7 695//7
f 695//1 699//1 700//1
f 695//1 700//1 696//1
f 698//2 697//2 701//2
f 698//2 701//2 702//2
f 696//12 700//14 701//15
f 696//12 701//15 697//13
f 695//16 698//16 702//16
f 695//16 702//16 699//16
f 699//1 703//1 704//1
f 699//1 704//1 700//1
f 702//2 701//2 705//2
f 702//2 705//2 706//2
f 700//14 704//17 705//18
f 700//14 705//18 701//15
f 699//16 702//16 706//16
f 699//16 706//16 703//16
f 703//1 707//1 708//1
f 703//1 708//1 704//1
f 706//2 705//2 709//2
f 706//2 709//2 710//2
f 704//17 708//19 709//20
f 704//17 709//20 705//18
f 703//16 706//16 710//16
f 703//16 710//16 707//16
f 707//1 711//1 712//1
f 707//1 712//1 708//1
f 710//2 709//2 713//2
f 710//2 713//2 714//2
f 708//19 712//21 713//22
f 708//19 713//22 709//20
f 707//16 710//16 714//16
f 707//16 714//16 711//16
f 711//1 715//1 716//1
f 711//1 716//1 712//1
f 714//2 713//2 717//2
f 714//2 717//2 718//2
f 712//21 716//23 717//24
f 712//21 717//24 713//22
f 711//16 714//16 718//16
f 711//16 718//16 715//16
f 715//1 719//1 720//1
f 715//1 720//1 716//1
f 718//2 717//2 721//2
f 718//2 721//2 722//2
f 716//23 720//25 721//26
f 716//23 721//26 717//24
f 715//16 718//16 722//16
f 715//16 722//16 719//16
f 719//1 723//1 724//1
f 719//1 724//1 720//1
f 722//2 721//2 725//2
f 722//2 725//2 726//2
f 720//25 724//27 725//28
f 720//25 725//28 721//26
f 719//16 722//16 726//16
f 719//16 726//16 723//16
f 723//1 727//1 728//1
f 723//1 728//1 724//1
f 726//2 725//2 729//2
f 726//2 729//2 730//2
f 724//27 728//29 729//30
f 724//27 729//30 725//28
f 723//16 726//16 730//16
f 723//16 730//16 727//16
f 727//1 731//1 732//1
f 727//1 732//1 728//1
f 730//2 729//2 733//2
f 730//2 733//2 734//2
f 728//29 732//31 733//32
f 728//29 733//32 729//30
f 727//33 730//33 734//33
f 727//33 734//33 731//33
f 731//1 735//1 736//1
f 731//1 736//1 732//1
f 734//2 733//2 737//2
f 734//2 737//2 738//2
f 732//31 736//34 737//35
f 732//31 737//35 733//32
f 731//33 734//33 738//33
f 731//33 738//33 735//33
f 735//1 739//1 740//1
f 735//1 740//1 736//1
f 738//2 737//2 741//2
f 738//2 741//2 742//2
f 736//34 740//36 741//37
f 736//34 741//37 737//35
f 735//33 738//33 742//33
f 735//33 742//33 739//33
f 739//1 743//1 744//1
f 739//1 744//1 740//1
f 742//2 741//2 745//2
f 742//2 745//2 746//2
f 740//36 744//38 745//39
f 740//36 745//39 741//37
f 739//33 742//33 746//33
f 739//33 746//33 743//33
f 743//1 747//1 748//1
f 743//1 748//1 744//1
f 746//2 745//2 749//2
f 746//2 749//2 750//2
f 744//38 748//40 749//41
f 744//38 749//41 745//39
f 743//33 746//33 750//33
f 743//33 750//33 747//33
f 747//1 751//1 752//1
f 747//1 752//1 748//1
f 750//2 749//2 753//2
f 750//2 753//2 754//2
f 748//40 752//42 753//43
f 748//40 753//43 749//41
f 747//33 750//33 754//33
f 747//33 754//33 751//33
f 751//1 755//1 756//1
f 751//1 756//1 752//1
f 754//2 753//2 757//2
f 754//2 757//2 758//2
f 752//42 756//44 757//45
f 752//42 757//45 753//43
f 751//33 754//33 758//33
f 751//33 758//33 755//33
f 755//1 617//1 759//1
f 755//1 759//1 756//1
f 758//2 757//2 760//2
f 758//2 760//2 620//2
f 756//44 759//46 760//47
f 756//44 760//47 757//45
f 755//33 758//33 620//33
f 755//33 620//33 617//33
f 617//1 613//1 761//1
f 617//1 761//1 759//1
f 620//2 760//2 762//2
f 620//2 762//2 616//2
f 759//46 761//48 762//49
f 759//46 762//49 760//47
f 617//50 620//50 616//50
f 617//50 616//50 613//50
f 613//1 609//1 763//1
f 613//1 763//1 761//1
f 616//2 762//2 764//2
f 616//2 764//2 612//2
f 761//48 763//51 764//52
f 761//48 764//52 762//49
f 613//50 616//50 612//50
f 613//50 612//50 609//50
f 609//1 605//1 765//1
f 609//1 765//1 763//1
f 612//2 764//2 766//2
f 612//2 766//2 608//2
f 763//51 765//53 766//54
f 763//51 766//54 764//52
f 609//50 612//50 608//50
f 609//50 608//50 605//50
f 605//1 601//1 767//1
f 605//1 767//1 765//1
f 608//2 766//2 768//2
f 608//2 768//2 604//2
f 765//53 767//55 768//56
f 765//53 768//56 766//54
f 605//50 608//50 604//50
f 605//50 604//50 601//50
f 601//1 597//1 769//1
f 601//1 769//1 767//1
f 604//2 768//2 770//2
f 604//2 770//2 600//2
f 767//55 769//57 770//58
f 767//55 770//58 768//56
f 601//50 604//50 600//50
f 601//50 600//50 597//50
f 597//1 593//1 771//1
f 597//1 771//1 769//1
f 600//2 770//2 772//2
f 600//2 772//2 596//2
f 769//57 771//59 772//60
f 769//57 772//60 770//58
f 597//50 600//50 596//50
f 597//50 596//50 593//50
f 593//1 589//1 773//1
f 593//1 773//1 771//1
f 596//2 772//2 774//2
f 596//2 774//2 592//2
f 771//59 773//61 774//62
f 771//59 774//62 772//60
f 593//50 596//50 592//50
f 593//50 592//50 589//50
f 589//1 585//1 775//1
f 589//1 775//1 773//1
f 592//2 774//2 776//2
f 592//2 776//2 588//2
f 773//61 775//63 776//64
f 773//61 776//64 774//62
f 589//50 592//50 588//50
f 589//50 588//50 585//50
f 585//1 777//1 778//1
f 585//1 778//1 775//1
f 588//2 776//2 779//2
f 588//2 779//2 780//2
f 775//63 778//65 779//66
f 775//63 779//66 776//64
f 585//7 588//7 780//7
f 585//7 780//7 777//7
f 777//1 781//1 782//1
f 777//1 782//1 778//1
f 780//2 779//2 783//2
f 780//2 783//2 784//2
f 778//65 782//67 783//68
f 778//65 783//68 779//66
f 777//7 780//7 784//7
f 777//7 784//7 781//7
f 781//1 785//1 786//1
f 781//1 786//1 782//1
f 784//2 783//2 787//2
f 784//2 787//2 788//2
f 782//67 786//69 787//70
f 782//67 787//70 783//68
f 781//7 784//7 788//7
f 781//7 788//7 785//7
f 785//1 679//1 682//1
f 785//1 682//1 786//1
f 788//2 787//2 684//2
f 788//2 684//2 683//2
f 786//69 682//3 684//6
f 786//69 684//6 787//70
f 785//7 788//7 683//7
f 785//7 683//7 679//7
f 789//1 790//1 791//1
f 789//1 791//1 792//1
f 793//2 794//2 795//2
f 793//2 795//2 796//2
f 792//3 791//4 795//5
f 792//3 795//5 794//6
f 789//7 793//7 796//7
f 789//7 796//7 790//7
f 790//1 797//1 798//1
f 790//1 798//1 791//1
f 796//2 795//2 799//2
f 796//2 799//2 800//2
f 791//4 798//8 799//9
f 791//4 799//9 795//5
f 790//7 796//7 800//7
f 790//7 800//7 797//7
f 797//1 801//1 802//1
f 797//1 802//1 798//1
f 800//2 799//2 803//2
f 800//2 803//2 804//2
f 798//8 802//10 803//11
f 798//8 803//11 799//9
f 797//7 800//7 804//7
f 797//7 804//7 801//7
f 801//1 805//1 806//1
f 801//1 806//1 802//1
f 804//2 803//2 807//2
f 804//2 807//2 808//2
f 802//10 806//12 807//13
f 802//10 807//13 803//11
f 801//7 804//7 808//7
f 801//7 808//7 805//7
f 805//1 809//1 810//1
f 805//1 810//1 806//1
f 808//2 807//2 811//2
f 808//2 811//2 812//2
f 806//12 810//14 811//15
f 806//12 811//15 807//13
f 805//16 808//16 812//16
f 805//16 812//16 809//16
f 809//1 813//1 814//1
f 809//1 814//1 810//1
f 812//2 811//2 815//2
f 812//2 815//2 816//2
f 810//14 814//17 815//18
f 810//14 815//18 811//15
f 809//16 812//16 816//16
f 809//16 816//16 813//16
f 813//1 817//1 818//1
f 813//1 818//1 814//1
f 816//2 815//2 819//2
f 816//2 819//2 820//2
f 814//17 818//19 819//20
f 814//17 819//20 815//18
f 813//16 816//16 820//16
f 813//16 820//16 817//16
f 817//1 821//1 822//1
f 817//1 822//1 818//1
f 820//2 819//2 823//2
f 820//2 823//2 824//2
f 818//19 822//21 823//22
f 818//19 823//22 819//20
f 817//16 820//16 824//16
f 817//16 824//16 821//16
f 821//1 825//1 826//1
f 821//1 826//1 822//1
f 824//2 823//2 827//2
f 824//2 827//2 828//2
f 822//21 826//23 827//24
f 822//21 827//24 823//22
f 821//16 824//16 828//16
f 821//16 828//16 825//16
f 825//1 829//1 830//1
f 825//1 830//1 826//1
f 828//2 827//2 831//2
f 828//2 831//2 832//2
f 826//23 830//25 831//26
f 826//23 831//26 827//24
f 825//16 828//16 832//16
f 825//16 832//16 829//16
f 829//1 833//1 834//1
f 829//1 834//1 830//1
f 832//2 831//2 835//2
f 832//2 835//2 836//2
f 830//25 834//27 835//28
f 830//25 835//28 831//26
f 829//16 832//16 836//16
f 829//16 836//16 833//16
f 833//1 837//1 838//1
f 833//1 838//1 834//1
f 836//2 835//2 839//2
f 836//2 839//2 840//2
f 834//27 838//29 839//30
f 834//27 839//30 835//28
f 833//16 836//16 840//16
f 833//16 840//16 837//16
f 837//1 841//1 842//1
f 837//1 842//1 838//1
f 840//2 839//2 843//2
f 840//2 843//2 844//2
f 838//29 842//31 843//32
f 838//29 843//32 839//30
f 837//33 840//33 844//33
f 837//33 844//33 841//33
f 841//1 845//1 846//1
f 841//1 846//1 842//1
f 844//2 843//2 847//2
f 844//2 847//2 848//2
f 842//31 846//34 847//35
f 842//31 847//35 843//32
f 841//33 844//33 848//33
f 841//33 848//33 845//33
f 845//1 849//1 850//1
f 845//1 850//1 846//1
f 848//2 847//2 851//2
f 848//2 851//2 852//2
f 846//34 850//36 851//37
f 846//34 851//37 847//35
f 845//33 848//33 852//33
f 845//33 852//33 849//33
f 849//1 853//1 854//1
f 849//1 854//1 850//1
f 852//2 851//2 855//2
f 852//2 855//2 856//2
f 850//36 854//38 855//39
f 850//36 855//39 851//37
f 849//33 852//33 856//33
f 849//33 856//33 853//33
f 853//1 857//1 858//1
f 853//1 858//1 854//1
f 856//2 855//2 859//2
f 856//2 859//2 860//2
f 854//38 858//40 859//41
f 854//38 859//41 855//39
f 853//33 856//33 860//33
f 853//33 860//33 857//33
f 857//1 861//1 862//1
f 857//1 862//1 858//1
f 860//2 859//2 863//2
f 860//2 863//2 864//2
f 858//40 862//42 863//43
f 858//40 863//43 859//41
f 857//33 860//33 864//33
f 857//33 864//33 861//33
f 861//1 865//1 866//1
f 861//1 866//1 862//1
f 864//2 863//2 867//2
f 864//2 867//2 868//2
f 862//42 866//44 867//45
f 862//42 867//45 863//43
f 861//33 864//33 868//33
f 861//33 868//33 865//33
f 865//1 727//1 869//1
f 865//1 869//1 866//1
f 868//2 867//2 870//2
f 868//2 870//2 730//2
f 866//44 869//46 870//47
f 866//44 870//47 867//45
f 865//33 868//33 730//33
f 865//33 730//33 727//33
f 727//1 723//1 871//1
f 727//1 871//1 869//1
f 730//2 870//2 872//2
f 730//2 872//2 726//2
f 869//46 871//48 872//49
f 869//46 872//49 870//47
f 727//50 730//50 726//50
f 727//50 726//50 723//50
f 723//1 719//1 873//1
f 723//1 873//1 871//1
f 726//2 872//2 874//2
f 726//2 874//2 722//2
f 871//48 873//51 874//52
f 871//48 874//52 872//49
f 723//50 726//50 722//50
f 723//50 722//50 719//50
f 719//1 715//1 875//1
f 719//1 875//1 873//1
f 722//2 874//2 876//2
f 722//2 876//2 718//2
f 873//51 875//53 876//54
f 873//51 876//54 874//52
f 719//50 722//50 718//50
f 719//50 718//50 715//50
f 715//1 711//1 877//1
f 715//1 877//1 875//1
f 718//2 876//2 878//2
f 718//2 878//2 714//2
f 875//53 877//55 878//56
f 875//53 878//56 876//54
f 715//50 718//50 714//50
f 715//50 714//50 711//50
f 711//1 707//1 879//1
f 711//1 879//1 877//1
f 714//2 878//2 880//2
f 714//2 880//2 710//2
f 877//55 879//57 880//58
f 877//55 880//58 878//56
f 711//50 714//50 710//50
f 711//50 710//50 707//50
f 707//1 703//1 881//1
f 707//1 881//1 879//1
f 710//2 880//2 882//2
f 710//2 882//2 706//2
f 879//57 881//59 882//60
f 879//57 882//60 880//58
f 707//50 710//50 706//50
f 707//50 706//50 703//50
f 703//1 699//1 883//1
f 703//1 883//1 881//1
f 706//2 882//2 884//2
f 706//2 884//2 702//2
f 881//59 883//61 884//62
f 881//59 884//62 882//60
f 703//50 706//50 702//50
f 703//50 702//50 699//50
f 699//1 695//1 885//1
f 699//1 885//1 883//1
f 702//2 884//2 886//2
f 702//2 886//2 698//2
f 883//61 885//63 886//64
f 883//61 886//64 884//62
f 699//50 702//50 698//50
f 699//50 698//50 695//50
f 695//1 887//1 888//1
f 695//1 888//1 885//1
f 698//2 886//2 889//2
f 698//2 889//2 890//2
f 885//63 888//65 889//66
f 885//63 889//66 886//64
f 695//7 698//7 890//7
f 695//7 890//7 887//7
f 887//1 891//1 892//1
f 887//1 892//1 888//1
f 890//2 889//2 893//2
f 890//2 893//2 894//2
f 888//65 892//67 893//68
f 888//65 893//68 889//66
f 887//7 890//7 894//7
f 887//7 894//7 891//7
f 891//1 895//1 896//1
f 891//1 896//1 892//1
f 894//2 893//2 897//2
f 894//2 897//2 898//2
f 892//67 896//69 897//70
f 892//67 897//70 893//68
f 891//7 894//7 898//7
f 891//7 898//7 895//7
f 895//1 789//1 792//1
f 895//1 792//1 896//1
f 898//2 897//2 794//2
f 898//2 794//2 793//2
f 896//69 792//3 794//6
f 896//69 794//6 897//70
f 895//7 898//7 793//7
f 895//7 793//7 789//7
f 899//1 900//1 901//1
f 899//1 901//1 902//1
f 903//2 904//2 905//2
f 903//2 905//2 906//2
f 902//3 901//4 905//5
f 902//3 905//5 904//6
f 899//7 903//7 906//7
f 899//7 906//7 900//7
f 900//1 907//1 908//1
f 900//1 908//1 901//1
f 906//2 905//2 909//2
f 906//2 909//2 910//2
f 901//4 908//8 909//9
f 901//4 909//9 905//5
f 900//7 906//7 910//7
f 900//7 910//7 907//7
f 907//1 911//1 912//1
f 907//1 912//1 908//1
f 910//2 909//2 913//2
f 910//2 913//2 914//2
f 908//8 912//10 913//11
f 908//8 913//11 909//9
f 907//7 910//7 914//7
f 907//7 914//7 911//7
f 911//1 915//1 916//1
f 911//1 916//1 912//1
f 914//2 913//2 917//2
f 914//2 917//2 918//2
f 912//10 916//12 917//13
f 912//10 917//13 913//11
f 911//7 914//7 918//7
f 911//7 918//7 915//7
f 915//1 919//1 920//1
f 915//1 920//1 916//1
f 918//2 917//2 921//2
f 918//2 921//2 922//2
f 916//12 920//14 921//15
f 916//12 921//15 917//13
f 915//16 918//16 922//16
f 915//16 922//16 919//16
f 919//1 923//1 924//1
f 919//1 924//1 920//1
f 922//2 921//2 925//2
f 922//2 925//2 926//2
f 920//14 924//17 925//18
f 920//14 925//18 921//15
f 919//16 922//16 926//16
f 919//16 926//16 923//16
f 923//1 927//1 928//1
f 923//1 928//1 924//1
f 926//2 925//2 929//2
f 926//2 929//2 930//2
f 924//17 928//19 929//20
f 924//17 929//20 925//18
f 923//16 926//16 930//16
f 923//16 930//16 927//16
f 927//1 931//1 932//1
f 927//1 932//1 928//1
f 930//2 929//2 933//2
f 930//2 933//2 934//2
f 928//19 932//21 933//22
f 928//19 933//22 929//20
f 927//16 930//16 934//16
f 927//16 934//16 931//16
f 931//1 935//1 936//1
f 931//1 936//1 932//1
f 934//2 933//2 937//2
f 934//2 937//2 938//2
f 932//21 936//23 937//24
f 932//21 937//24 933//22
f 931//16 934//16 938//16
f 931//16 938//16 935//16
f 935//1 939//1 940//1
f 935//1 940//1 936//1
f 938//2 937//2 941//2
f 938//2 941//2 942//2
f 936//23 940//25 941//26
f 936//23 941//26 937//24
f 935//16 938//16 942//16
f 935//16 942//16 939//16
f 939//1 943//1 944//1
f 939//1 944//1 940//1
f 942//2 941//2 945//2
f 942//2 945//2 946//2
f 940//25 944//27 945//28
f 940//25 945//28 941//26
f 939//16 942//16 946//16
f 939//16 946//16 943//16
f 943//1 17//1 947//1
f 943//1 947//1 944//1
f 946//2 945//2 948//2
f 946//2 948//2 20//2
f 944//27 947//29 948//30
f 944//27 948//30 945//28
f 943//16 946//16 20//16
f 943//16 20//16 17//16
f 17//1 13//1 949//1
f 17//1 949//1 947//1
f 20//2 948//2 950//2
f 20//2 950//2 16//2
f 947//29 949//31 950//32
f 947//29 950//32 948//30
f 17//33 20//33 16//33
f 17//33 16//33 13//33
f 13//1 9//1 951//1
f 13//1 951//1 949//1
f 16//2 950//2 952//2
f 16//2 952//2 12//2
f 949//31 951//34 952//35
f 949//31 952//35 950//32
f 13//33 16//33 12//33
f 13//33 12//33 9//33
f 9//1 2//1 953//1
f 9//1 953//1 951//1
f 12//2 952//2 954//2
f 12//2 954//2 8//2
f 951//34 953//36 954//37
f 951//34 954//37 952//35
f 9//33 12//33 8//33
f 9//33 8//33 2//33
f 2//1 1//1 955//1
f 2//1 955//1 953//1
f 8//2 954//2 956//2
f 8//2 956//2 5//2
f 953//36 955//38 956//39
f 953//36 956//39 954//37
f 2//33 8//33 5//33
f 2//33 5//33 1//33
f 1//1 125//1 957//1
f 1//1 957//1 955//1
f 5//2 956//2 958//2
f 5//2 958//2 128//2
f 955//38 957//40 958//41
f 955//38 958//41 956//39
f 1//33 5//33 128//33
f 1//33 128//33 125//33
f 125//1 121//1 959//1
f 125//1 959//1 957//1
f 128//2 958//2 960//2
f 128//2 960//2 124//2
f 957//40 959//42 960//43
f 957//40 960//43 958//41
f 125//33 128//33 124//33
f 125//33 124//33 121//33
f 121//1 117//1 961//1
f 121//1 961//1 959//1
f 124//2 960//2 962//2
f 124//2 962//2 120//2
f 959//42 961//44 962//45
f 959//42 962//45 960//43
f 121//33 124//33 120//33
f 121//33 120//33 117//33
f 117//1 113//1 963//1
f 117//1 963//1 961//1
f 120//2 962//2 964//2
f 120//2 964//2 116//2
f 961//44 963//46 964//47
f 961//44 964//47 962//45
f 117//33 120//33 116//33
f 117//33 116//33 113//33
f 113//1 965//1 966//1
f 113//1 966//1 963//1
f 116//2 964//2 967//2
f 116//2 967//2 968//2
f 963//46 966//48 967//49
f 963//46 967//49 964//47
f 113//50 116//50 968//50
f 113//50 968//50 965//50
f 965//1 969//1 970//1
f 965//1 970//1 966//1
f 968//2 967//2 971//2
f 968//2 971//2 972//2
f 966//48 970//51 971//52
f 966//48 971//52 967//49
f 965//50 968//50 972//50
f 965//50 972//50 969//50
f 969//1 973//1 974//1
f 969//1 974//1 970//1
f 972//2 971//2 975//2
f 972//2 975//2 976//2
f 970//51 974//53 975//54
f 970//51 975//54 971//52
f 969//50 972//50 976//50
f 969//50 976//50 973//50
f 973//1 977//1 978//1
f 973//1 978//1 974//1
f 976//2 975//2 979//2
f 976//2 979//2 980//2
f 974//53 978//55 979//56
f 974//53 979//56 975//54
f 973//50 976//50 980//50
f 973//50 980//50 977//50
f 977//1 981//1 982//1
f 977//1 982//1 978//1
f 980//2 979//2 983//2
f 980//2 983//2 984//2
f 978//55 982//57 983//58
f 978//55 983//58 979//56
f 977//50 980//50 984//50
f 977//50 984//50 981//50
f 981//1 985//1 986//1
f 981//1 986//1 982//1
f 984//2 983//2 987//2
f 984//2 987//2 988//2
f 982//57 986//59 987//60
f 982//57 987//60 983//58
f 981//50 984//50 988//50
f 981//50 988//50 985//50
f 985//1 989//1 990//1
f 985//1 990//1 986//1
f 988//2 987//2 991//2
f 988//2 991//2 992//2
f 986//59 990//61 991//62
f 986//59 991//62 987//60
f 985//50 988//50 992//50
f 985//50 992//50 989//50
f 989//1 993//1 994//1
f 989//1 994//1 990//1
f 992//2 991//2 995//2
f 992//2 995//2 996//2
f 990//61 994//63 995//64
f 990//61 995//64 991//62
f 989//50 992//50 996//50
f 989//50 996//50 993//50
f 993//1 997//1 998//1
f 993//1 998//1 994//1
f 996//2 995//2 999//2
f 996//2 999//2 1000//2
f 994//63 998//65 999//66
f 994//63 999//66 995//64
f 993//7 996//7 1000//7
f 993//7 1000//7 997//7
f 997//1 1001//1 1002//1
f 997//1 1002//1 998//1
f 1000//2 999//2 1003//2
f 1000//2 1003//2 1004//2
f 998//65 1002//67 1003//68
f 998//65 1003//68 999//66
f 997//7 1000//7 1004//7
f 997//7 1004//7 1001//7
f 1001//1 1005//1 1006//1
f 1001//1 1006//1 1002//1
f 1004//2 1003//2 1007//2
f 1004//2 1007//2 1008//2
f 1002//67 1006//69 1007//70
f 1002//67 1007//70 1003//68
f 1001//7 1004//7 1008//7
f 1001//7 1008//7 1005//7
f 1005//1 899//1 902//1
f 1005//1 902//1 1006//1
f 1008//2 1007//2 904//2
f 1008//2 904//2 903//2
f 1006//69 902//3 904//6
f 1006//69 904//6 1007//70
f 1005//7 1008//7 903//7
f 1005//7 903//7 899//7
f 1009//1 1010//1 1011//1
f 1009//1 1011//1 1012//1
f 1013//2 1014//2 1015//2
f 1013//2 1015//2 1016//2
f 1012//3 1011//4 1015//5
f 1012//3 1015//5 1014//6
f 1009//7 1013//7 1016//7
f 1009//7 1016//7 1010//7
f 1010//1 1017//1 1018//1
f 1010//1 1018//1 1011//1
f 1016//2 1015//2 1019//2
f 1016//2 1019//2 1020//2
f 1011//4 1018//8 1019//9
f 1011//4 1019//9 1015//5
f 1010//7 1016//7 1020//7
f 1010//7 1020//7 1017//7
f 1017//1 1021//1 1022//1
f 1017//1 1022//1 1018//1
f 1020//2 1019//2 1023//2
f 1020//2 1023//2 1024//2
f 1018//8 1022//10 1023//11
f 1018//8 1023//11 1019//9
f 1017//7 1020//7 1024//7
f 1017//7 1024//7 1021//7
f 1021//1 1025//1 1026//1
f 1021//1 1026//1 1022//1
f 1024//2 1023//2 1027//2
f 1024//2 1027//2 1028//2
f 1022//10 1026//12 1027//13
f 1022//10 1027//13 1023//11
f 1021//7 1024//7 1028//7
f 1021//7 1028//7 1025//7
f 1025//1 1029//1 1030//1
f 1025//1 1030//1 1026//1
f 1028//2 1027//2 1031//2
f 1028//2 1031//2 1032//2
f 1026//12 1030//14 1031//15
f 1026//12 1031//15 1027//13
f 1025//16 1028//16 1032//16
f 1025//16 1032//16 1029//16
f 1029//1 1033//1 1034//1
f 1029//1 1034//1 1030//1
f 1032//2 1031//2 1035//2
f 1032//2 1035//2 1036//2
f 1030//14 1034//17 1035//18
f 1030//14 1035//18 1031//15
f 1029//16 1032//16 1036//16
f 1029//16 1036//16 1033//16
f 1033//1 1037//1 1038//1
f 1033//1 1038//1 1034//1
f 1036//2 1035//2 1039//2
f 1036//2 1039//2 1040//2
f 1034//17 1038//19 1039//20
f 1034//17 1039//20 1035//18
f 1033//16 1036//16 1040//16
f 1033//16 1040//16 1037//16
f 1037//1 1041//1 1042//1
f 1037//1 1042//1 1038//1
f 1040//2 1039//2 1043//2
f 1040//2 1043//2 1044//2
f 1038//19 1042//21 1043//22
f 1038//19 1043//22 1039//20
f 1037//16 1040//16 1044//16
f 1037//16 1044//16 1041//16
f 1041//1 1045//1 1046//1
f 1041//1 1046//1 1042//1
f 1044//2 1043//2 1047//2
f 1044//2 1047//2 1048//2
f 1042//21 1046//23 1047//24
f 1042//21 1047//24 1043//22
f 1041//16 1044//16 1048//16
f 1041//16 1048//16 1045//16
f 1045//1 1049//1 1050//1
f 1045//1 1050//1 1046//1
f 1048//2 1047//2 1051//2
f 1048//2 1051//2 1052//2
f 1046//23 1050//25 1051//26
f 1046//23 1051//26 1047//24
f 1045//16 1048//16 1052//16
f 1045//16 1052//16 1049//16
f 1049//1 1053//1 1054//1
f 1049//1 1054//1 1050//1
f 1052//2 1051//2 1055//2
f 1052//2 1055//2 1056//2
f 1050//25 1054//27 1055//28
f 1050//25 1055//28 1051//26
f 1049//16 1052//16 1056//16
f 1049//16 1056//16 1053//16
f 1053//1 145//1 1057//1
f 1053//1 1057//1 1054//1
f 1056//2 1055//2 1058//2
f 1056//2 1058//2 148//2
f 1054//27 1057//29 1058//30
f 1054//27 1058//30 1055//28
f 1053//16 1056//16 148//16
f 1053//16 148//16 145//16
f 145//1 141//1 1059//1
f 145//1 1059//1 1057//1
f 148//2 1058//2 1060//2
f 148//2 1060//2 144//2
f 1057//29 1059//31 1060//32
f 1057//29 1060//32 1058//30
f 145//33 148//33 144//33
f 145//33 144//33 141//33
f 141//1 137//1 1061//1
f 141//1 1061//1 1059//1
f 144//2 1060//2 1062//2
f 144//2 1062//2 140//2
f 1059//31 1061//34 1062//35
f 1059//31 1062//35 1060//32
f 141//33 144//33 140//33
f 141//33 140//33 137//33
f 137//1 130//1 1063//1
f 137//1 1063//1 1061//1
f 140//2 1062//2 1064//2
f 140//2 1064//2 136//2
f 1061//34 1063//36 1064//37
f 1061//34 1064//37 1062//35
f 137//33 140//33 136//33
f 137//33 136//33 130//33
f 130//1 129//1 1065//1
f 130//1 1065//1 1063//1
f 136//2 1064//2 1066//2
f 136//2 1066//2 133//2
f 1063//36 1065//38 1066//39
f 1063//36 1066//39 1064//37
f 130//33 136//33 133//33
f 130//33 133//33 129//33
f 129//1 235//1 1067//1
f 129//1 1067//1 1065//1
f 133//2 1066//2 1068//2
f 133//2 1068//2 238//2
f 1065//38 1067//40 1068//41
f 1065//38 1068//41 1066//39
f 129//33 133//33 238//33
f 129//33 238//33 235//33
f 235//1 231//1 1069//1
f 235//1 1069//1 1067//1
f 238//2 1068//2 1070//2
f 238//2 1070//2 234//2
f 1067//40 1069//42 1070//43
f 1067//40 1070//43 1068//41
f 235//33 238//33 234//33
f 235//33 234//33 231//33
f 231//1 227//1 1071//1
f 231//1 1071//1 1069//1
f 234//2 1070//2 1072//2
f 234//2 1072//2 230//2
f 1069//42 1071//44 1072//45
f 1069//42 1072//45 1070//43
f 231//33 234//33 230//33
f 231//33 230//33 227//33
f 227//1 17//1 1073//1
f 227//1 1073//1 1071//1
f 230//2 1072//2 1074//2
f 230//2 1074//2 20//2
f 1071//44 1073//46 1074//47
f 1071//44 1074//47 1072//45
f 227//33 230//33 20//33
f 227//33 20//33 17//33
f 17//1 943//1 1075//1
f 17//1 1075//1 1073//1
f 20//2 1074//2 1076//2
f 20//2 1076//2 946//2
f 1073//46 1075//48 1076//49
f 1073//46 1076//49 1074//47
f 17//50 20//50 946//50
f 17//50 946//50 943//50
f 943//1 939//1 1077//1
f 943//1 1077//1 1075//1
f 946//2 1076//2 1078//2
f 946//2 1078//2 942//2
f 1075//48 1077//51 1078//52
f 1075//48 1078//52 1076//49
f 943//50 946//50 942//50
f 943//50 942//50 939//50
f 939//1 935//1 1079//1
f 939//1 1079//1 1077//1
f 942//2 1078//2 1080//2
f 942//2 1080//2 938//2
f 1077//51 1079//53 1080//54
f 1077//51 1080//54 1078//52
f 939//50 942//50 938//50
f 939//50 938//50 935//50
f 935//1 931//1 1081//1
f 935//1 1081//1 1079//1
f 938//2 1080//2 1082//2
f 938//2 1082//2 934//2
f 1079//53 1081//55 1082//56
f 1079//53 1082//56 1080//54
f 935//50 938//50 934//50
f 935//50 934//50 931//50
f 931//1 927//1 1083//1
f 931//1 1083//1 1081//1
f 934//2 1082//2 1084//2
f 934//2 1084//2 930//2
f 1081//55 1083//57 1084//58
f 1081//55 1084//58 1082//56
f 931//50 934//50 930//50
f 931//50 930//50 927//50
f 927//1 923//1 1085//1
f 927//1 1085//1 1083//1
f 930//2 1084//2 1086//2
f 930//2 1086//2 926//2
f 1083//57 1085//59 1086//60
f 1083//57 1086//60 1084//58
f 927//50 930//50 926//50
f 927//50 926//50 923//50
f 923//1 919//1 1087//1
f 923//1 1087//1 1085//1
f 926//2 1086//2 1088//2
f 926//2 1088//2 922//2
f 1085//59 1087//61 1088//62
f 1085//59 1088//62 1086//60
f 923//50 926//50 922//50
f 923//50 922//50 919//50
f 919//1 915//1 1089//1
f 919//1 1089//1 1087//1
f 922//2 1088//2 1090//2
f 922//2 1090//2 918//2
f 1087//61 1089//63 1090//64
f 1087//61 1090//64 1088//62
f 919//50 922//50 918//50
f 919//50 918//50 915//50
f 915//1 1091//1 1092//1
f 915//1 1092//1 1089//1
f 918//2 1090//2 1093//2
f 918//2 1093//2 1094//2
f 1089//63 1092//65 1093//66
f 1089//63 1093//66 1090//64
f 915//7 918//7 1094//7
f 915//7 1094//7 1091//7
f 1091//1 1095//1 1096//1
f 1091//1 1096//1 1092//1
f 1094//2 1093//2 1097//2
f 1094//2 1097//2 1098//2
f 1092//65 1096//67 1097//68
f 1092//65 1097//68 1093//66
f 1091//7 1094//7 1098//7
f 1091//7 1098//7 1095//7
f 1095//1 1099//1 1100//1
f 1095//1 1100//1 1096//1
f 1098//2 1097//2 1101//2
f 1098//2 1101//2 1102//2
f 1096//67 1100//69 1101//70
f 1096//67 1101//70 1097//68
f 1095//7 1098//7 1102//7
f 1095//7 1102//7 1099//7
f 1099//1 1009//1 1012//1
f 1099//1 1012//1 1100//1
f 1102//2 1101//2 1014//2
f 1102//2 1014//2 1013//2
f 1100//69 1012//3 1014//6
f 1100//69 1014//6 1101//70
f 1099//7 1102//7 1013//7
f 1099//7 1013//7 1009//7
f 1103//1 1104//1 1105//1
f 1103//1 1105//1 1106//1
f 1107//2 1108//2 1109//2
f 1107//2 1109//2 1110//2
f 1106//3 1105//4 1109//5
f 1106//3 1109//5 1108//6
f 1103//7 1107//7 1110//7
f 1103//7 1110//7 1104//7
f 1104//1 1111//1 1112//1
f 1104//1 1112//1 1105//1
f 1110//2 1109//2 1113//2
f 1110//2 1113//2 1114//2
f 1105//4 1112//8 1113//9
f 1105//4 1113//9 1109//5
f 1104//7 1110//7 1114//7
f 1104//7 1114//7 1111//7
f 1111//1 1115//1 1116//1
f 1111//1 1116//1 1112//1
f 1114//2 1113//2 1117//2
f 1114//2 1117//2 1118//2
f 1112//8 1116//10 1117//11
f 1112//8 1117//11 1113//9
f 1111//7 1114//7 1118//7
f 1111//7 1118//7 1115//7
f 1115//1 1119//1 1120//1
f 1115//1 1120//1 1116//1
f 1118//2 1117//2 1121//2
f 1118//2 1121//2 1122//2
f 1116//10 1120//12 1121//13
f 1116//10 1121//13 1117//11
f 1115//7 1118//7 1122//7
f 1115//7 1122//7 1119//7
f 1119//1 1123//1 1124//1
f 1119//1 1124//1 1120//1
f 1122//2 1121//2 1125//2
f 1122//2 1125//2 1126//2
f 1120//12 1124//14 1125//15
f 1120//12 1125//15 1121//13
f 1119//16 1122//16 1126//16
f 1119//16 1126//16 1123//16
f 1123//1 1127//1 1128//1
f 1123//1 1128//1 1124//1
f 1126//2 1125//2 1129//2
f 1126//2 1129//2 1130//2
f 1124//14 1128//17 1129//18
f 1124//14 1129//18 1125//15
f 1123//16 1126//16 1130//16
f 1123//16 1130//16 1127//16
f 1127//1 1131//1 1132//1
f 1127//1 1132//1 1128//1
f 1130//2 1129//2 1133//2
f 1130//2 1133//2 1134//2
f 1128//17 1132//19 1133//20
f 1128//17 1133//20 1129//18
f 1127//16 1130//16 1134//16
f 1127//16 1134//16 1131//16
f 1131//1 1135//1 1136//1
f 1131//1 1136//1 1132//1
f 1134//2 1133//2 1137//2
f 1134//2 1137//2 1138//2
f 1132//19 1136//21 1137//22
f 1132//19 1137//22 1133//20
f 1131//16 1134//16 1138//16
f 1131//16 1138//16 1135//16
f 1135//1 1139//1 1140//1
f 1135//1 1140//1 1136//1
f 1138//2 1137//2 1141//2
f 1138//2 1141//2 1142//2
f 1136//21 1140//23 1141//24
f 1136//21 1141//24 1137//22
f 1135//16 1138//16 1142//16
f 1135//16 1142//16 1139//16
f 1139//1 1143//1 1144//1
f 1139//1 1144//1 1140//1
f 1142//2 1141//2 1145//2
f 1142//2 1145//2 1146//2
f 1140//23 1144//25 1145//26
f 1140//23 1145//26 1141//24
f 1139//16 1142//16 1146//16
f 1139//16 1146//16 1143//16
f 1143//1 1147//1 1148//1
f 1143//1 1148//1 1144//1
f 1146//2 1145//2 1149//2
f 1146//2 1149//2 1150//2
f 1144//25 1148//27 1149//28
f 1144//25 1149//28 1145//26
f 1143//16 1146//16 1150//16
f 1143//16 1150//16 1147//16
f 1147//1 255//1 1151//1
f 1147//1 1151//1 1148//1
f 1150//2 1149//2 1152//2
f 1150//2 1152//2 258//2
f 1148//27 1151//29 1152//30
f 1148//27 1152//30 1149//28
f 1147//16 1150//16 258//16
f 1147//16 258//16 255//16
f 255//1 251//1 1153//1
f 255//1 1153//1 1151//1
f 258//2 1152//2 1154//2
f 258//2 1154//2 254//2
f 1151//29 1153//31 1154//32
f 1151//29 1154//32 1152//30
f 255//33 258//33 254//33
f 255//33 254//33 251//33
f 251//1 247//1 1155//1
f 251//1 1155//1 1153//1
f 254//2 1154//2 1156//2
f 254//2 1156//2 250//2
f 1153//31 1155//34 1156//35
f 1153//31 1156//35 1154//32
f 251//33 254//33 250//33
f 251//33 250//33 247//33
f 247//1 240//1 1157//1
f 247//1 1157//1 1155//1
f 250//2 1156//2 1158//2
f 250//2 1158//2 246//2
f 1155//34 1157//36 1158//37
f 1155//34 1158//37 1156//35
f 247//33 250//33 246//33
f 247//33 246//33 240//33
f 240//1 239//1 1159//1
f 240//1 1159//1 1157//1
f 246//2 1158//2 1160//2
f 246//2 1160//2 243//2
f 1157//36 1159//38 1160//39
f 1157//36 1160//39 1158//37
f 240//33 246//33 243//33
f 240//33 243//33 239//33
f 239//1 345//1 1161//1
f 239//1 1161//1 1159//1
f 243//2 1160//2 1162//2
f 243//2 1162//2 348//2
f 1159//38 1161//40 1162//41
f 1159//38 1162//41 1160//39
f 239//33 243//33 348//33
f 239//33 348//33 345//33
f 345//1 341//1 1163//1
f 345//1 1163//1 1161//1
f 348//2 1162//2 1164//2
f 348//2 1164//2 344//2
f 1161//40 1163//42 1164//43
f 1161//40 1164//43 1162//41
f 345//33 348//33 344//33
f 345//33 344//33 341//33
f 341//1 337//1 1165//1
f 341//1 1165//1 1163//1
f 344//2 1164//2 1166//2
f 344//2 1166//2 340//2
f 1163//42 1165//44 1166//45
f 1163//42 1166//45 1164//43
f 341//33 344//33 340//33
f 341//33 340//33 337//33
f 337//1 145//1 1167//1
f 337//1 1167//1 1165//1
f 340//2 1166//2 1168//2
f 340//2 1168//2 148//2
f 1165//44 1167//46 1168//47
f 1165//44 1168//47 1166//45
f 337//33 340//33 148//33
f 337//33 148//33 145//33
f 145//1 1053//1 1169//1
f 145//1 1169//1 1167//1
f 148//2 1168//2 1170//2
f 148//2 1170//2 1056//2
f 1167//46 1169//48 1170//49
f 1167//46 1170//49 1168//47
f 145//50 148//50 1056//50
f 145//50 1056//50 1053//50
f 1053//1 1049//1 1171//1
f 1053//1 1171//1 1169//1
f 1056//2 1170//2 1172//2
f 1056//2 1172//2 1052//2
f 1169//48 1171//51 1172//52
f 1169//48 1172//52 1170//49
f 1053//50 1056//50 1052//50
f 1053//50 1052//50 1049//50
f 1049//1 1045//1 1173//1
f 1049//1 1173//1 1171//1
f 1052//2 1172//2 1174//2
f 1052//2 1174//2 1048//2
f 1171//51 1173//53 1174//54
f 1171//51 1174//54 1172//52
f 1049//50 1052//50 1048//50
f 1049//50 1048//50 1045//50
f 1045//1 1041//1 1175//1
f 1045//1 1175//1 1173//1
f 1048//2 1174//2 1176//2
f 1048//2 1176//2 1044//2
f 1173//53 1175//55 1176//56
f 1173//53 1176//56 1174//54
f 1045//50 1048//50 1044//50
f 1045//50 1044//50 1041//50
f 1041//1 1037//1 1177//1
f 1041//1 1177//1 1175//1
f 1044//2 1176//2 1178//2
f 1044//2 1178//2 1040//2
f 1175//55 1177//57 1178//58
f 1175//55 1178//58 1176//56
f 1041//50 1044//50 1040//50
f 1041//50 1040//50 1037//50
f 1037//1 1033//1 1179//1
f 1037//1 1179//1 1177//1
f 1040//2 1178//2 1180//2
f 1040//2 1180//2 1036//2
f 1177//57 1179//59 1180//60
f 1177//57 1180//60 1178//58
f 1037//50 1040//50 1036//50
f 1037//50 1036//50 1033//50
f 1033//1 1029//1 1181//1
f 1033//1 1181//1 1179//1
f 1036//2 1180//2 1182//2
f 1036//2 1182//2 1032//2
f 1179//59 1181//61 1182//62
f 1179//59 1182//62 1180//60
f 1033//50 1036//50 1032//50
f 1033//50 1032//50 1029//50
f 1029//1 1025//1 1183//1
f 1029//1 1183//1 1181//1
f 1032//2 1182//2 1184//2
f 1032//2 1184//2 1028//2
f 1181//61 1183//63 1184//64
f 1181//61 1184//64 1182//62
f 1029//50 1032//50 1028//50
f 1029//50 1028//50 1025//50
f 1025//1 1185//1 1186//1
f 1025//1 1186//1 1183//1
f 1028//2 1184//2 1187//2
f 1028//2 1187//2 1188//2
f 1183//63 1186//65 1187//66
f 1183//63 1187//66 1184//64
f 1025//7 1028//7 1188//7
f 1025//7 1188//7 1185//7
f 1185//1 1189//1 1190//1
f 1185//1 1190//1 1186//1
f 1188//2 1187//2 1191//2
f 1188//2 1191//2 1192//2
f 1186//65 1190//67 1191//68
f 1186//65 1191//68 1187//66
f 1185//7 1188//7 1192//7
f 1185//7 1192//7 1189//7
f 1189//1 1193//1 1194//1
f 1189//1 1194//1 1190//1
f 1192//2 1191//2 1195//2
f 1192//2 1195//2 1196//2
f 1190//67 1194//69 1195//70
f 1190//67 1195//70 1191//68
f 1189//7 1192//7 1196//7
f 1189//7 1196//7 1193//7
f 1193//1 1103//1 1106//1
f 1193//1 1106//1 1194//1
f 1196//2 1195//2 1108//2
f 1196//2 1108//2 1107//2
f 1194//69 1106//3 1108//6
f 1194//69 1108//6 1195//70
f 1193//7 1196//7 1107//7
f 1193//7 1107//7 1103//7
f 1197//1 1198//1 1199//1
f 1197//1 1199//1 1200//1
f 1201//2 1202//2 1203//2
f 1201//2 1203//2 1204//2
f 1200//3 1199//4 1203//5
f 1200//3 1203//5 1202//6
f 1197//7 1201//7 1204//7
f 1197//7 1204//7 1198//7
f 1198//1 1205//1 1206//1
f 1198//1 1206//1 1199//1
f 1204//2 1203//2 1207//2
f 1204//2 1207//2 1208//2
f 1199//4 1206//8 1207//9
f 1199//4 1207//9 1203//5
f 1198//7 1204//7 1208//7
f 1198//7 1208//7 1205//7
f 1205//1 1209//1 1210//1
f 1205//1 1210//1 1206//1
f 1208//2 1207//2 1211//2
f 1208//2 1211//2 1212//2
f 1206//8 1210//10 1211//11
f 1206//8 1211//11 1207//9
f 1205//7 1208//7 1212//7
f 1205//7 1212//7 1209//7
f 1209//1 1213//1 1214//1
f 1209//1 1214//1 1210//1
f 1212//2 1211//2 1215//2
f 1212//2 1215//2 1216//2
f 1210//10 1214//12 1215//13
f 1210//10 1215//13 1211//11
f 1209//7 1212//7 1216//7
f 1209//7 1216//7 1213//7
f 1213//1 1217//1 1218//1
f 1213//1 1218//1 1214//1
f 1216//2 1215//2 1219//2
f 1216//2 1219//2 1220//2
f 1214//12 1218//14 1219//15
f 1214//12 1219//15 1215//13
f 1213//16 1216//16 1220//16
f 1213//16 1220//16 1217//16
f 1217//1 1221//1 1222//1
f 1217//1 1222//1 1218//1
f 1220//2 1219//2 1223//2
f 1220//2 1223//2 1224//2
f 1218//14 1222//17 1223//18
f 1218//14 1223//18 1219//15
f 1217//16 1220//16 1224//16
f 1217//16 1224//16 1221//16
f 1221//1 1225//1 1226//1
f 1221//1 1226//1 1222//1
f 1224//2 1223//2 1227//2
f 1224//2 1227//2 1228//2
f 1222//17 1226//19 1227//20
f 1222//17 1227//20 1223//18
f 1221//16 1224//16 1228//16
f 1221//16 1228//16 1225//16
f 1225//1 1229//1 1230//1
f 1225//1 1230//1 1226//1
f 1228//2 1227//2 1231//2
f 1228//2 1231//2 1232//2
f 1226//19 1230//21 1231//22
f 1226//19 1231//22 1227//20
f 1225//16 1228//16 1232//16
f 1225//16 1232//16 1229//16
f 1229//1 1233//1 1234//1
f 1229//1 1234//1 1230//1
f 1232//2 1231//2 1235//2
f 1232//2 1235//2 1236//2
f 1230//21 1234//23 1235//24
f 1230//21 1235//24 1231//22
f 1229//16 1232//16 1236//16
f 1229//16 1236//16 1233//16
f 1233//1 1237//1 1238//1
f 1233//1 1238//1 1234//1
f 1236//2 1235//2 1239//2
f 1236//2 1239//2 1240//2
f 1234//23 1238//25 1239//26
f 1234//23 1239//26 1235//24
f 1233//16 1236//16 1240//16
f 1233//16 1240//16 1237//16
f 1237//1 1241//1 1242//1
f 1237//1 1242//1 1238//1
f 1240//2 1239//2 1243//2
f 1240//2 1243//2 1244//2
f 1238//25 1242//27 1243//28
f 1238//25 1243//28 1239//26
f 1237//16 1240//16 1244//16
f 1237//16 1244//16 1241//16
f 1241//1 365//1 1245//1
f 1241//1 1245//1 1242//1
f 1244//2 1243//2 1246//2
f 1244//2 1246//2 368//2
f 1242//27 1245//29 1246//30
f 1242//27 1246//30 1243//28
f 1241//16 1244//16 368//16
f 1241//16 368//16 365//16
f 365//1 361//1 1247//1
f 365//1 1247//1 1245//1
f 368//2 1246//2 1248//2
f 368//2 1248//2 364//2
f 1245//29 1247//31 1248//32
f 1245//29 1248//32 1246//30
f 365//33 368//33 364//33
f 365//33 364//33 361//33
f 361//1 357//1 1249//1
f 361//1 1249//1 1247//1
f 364//2 1248//2 1250//2
f 364//2 1250//2 360//2
f 1247//31 1249//34 1250//35
f 1247//31 1250//35 1248//32
f 361//33 364//33 360//33
f 361//33 360//33 357//33
f 357//1 350//1 1251//1
f 357//1 1251//1 1249//1
f 360//2 1250//2 1252//2
f 360//2 1252//2 356//2
f 1249//34 1251//36 1252//37
f 1249//34 1252//37 1250//35
f 357//33 360//33 356//33
f 357//33 356//33 350//33
f 350//1 349//1 1253//1
f 350//1 1253//1 1251//1
f 356//2 1252//2 1254//2
f 356//2 1254//2 353//2
f 1251//36 1253//38 1254//39
f 1251//36 1254//39 1252//37
f 350//33 356//33 353//33
f 350//33 353//33 349//33
f 349//1 455//1 1255//1
f 349//1 1255//1 1253//1
f 353//2 1254//2 1256//2
f 353//2 1256//2 458//2
f 1253//38 1255//40 1256//41
f 1253//38 1256//41 1254//39
f 349//33 353//33 458//33
f 349//33 458//33 455//33
f 455//1 451//1 1257//1
f 455//1 1257//1 1255//1
f 458//2 1256//2 1258//2
f 458//2 1258//2 454//2
f 1255//40 1257//42 1258//43
f 1255//40 1258//43 1256//41
f 455//33 458//33 454//33
f 455//33 454//33 451//33
f 451//1 447//1 1259//1
f 451//1 1259//1 1257//1
f 454//2 1258//2 1260//2
f 454//2 1260//2 450//2
f 1257//42 1259//44 1260//45
f 1257//42 1260//45 1258//43
f 451//33 454//33 450//33
f 451//33 450//33 447//33
f 447//1 255//1 1261//1
f 447//1 1261//1 1259//1
f 450//2 1260//2 1262//2
f 450//2 1262//2 258//2
f 1259//44 1261//46 1262//47
f 1259//44 1262//47 1260//45
f 447//33 450//33 258//33
f 447//33 258//33 255//33
f 255//1 1147//1 1263//1
f 255//1 1263//1 1261//1
f 258//2 1262//2 1264//2
f 258//2 1264//2 1150//2
f 1261//46 1263//48 1264//49
f 1261//46 1264//49 1262//47
f 255//50 258//50 1150//50
f 255//50 1150//50 1147//50
f 1147//1 1143//1 1265//1
f 1147//1 1265//1 1263//1
f 1150//2 1264//2 1266//2
f 1150//2 1266//2 1146//2
f 1263//48 1265//51 1266//52
f 1263//48 1266//52 1264//49
f 1147//50 1150//50 1146//50
f 1147//50 1146//50 1143//50
f 1143//1 1139//1 1267//1
f 1143//1 1267//1 1265//1
f 1146//2 1266//2 1268//2
f 1146//2 1268//2 1142//2
f 1265//51 1267//53 1268//54
f 1265//51 1268//54 1266//52
f 1143//50 1146//50 1142//50
f 1143//50 1142//50 1139//50
f 1139//1 1135//1 1269//1
f 1139//1 1269//1 1267//1
f 1142//2 1268//2 1270//2
f 1142//2 1270//2 1138//2
f 1267//53 1269//55 1270//56
f 1267//53 1270//56 1268//54
f 1139//50 1142//50 1138//50
f 1139//50 1138//50 1135//50
f 1135//1 1131//1 1271//1
f 1135//1 1271//1 1269//1
f 1138//2 1270//2 1272//2
f 1138//2 1272//2 1134//2
f 1269//55 1271//57 1272//58
f 1269//55 1272//58 1270//56
f 1135//50 1138//50 1134//50
f 1135//50 1134//50 1131//50
f 1131//1 1127//1 1273//1
f 1131//1 1273//1 1271//1
f 1134//2 1272//2 1274//2
f 1134//2 1274//2 1130//2
f 1271//57 1273//59 1274//60
f 1271//57 1274//60 1272//58
f 1131//50 1134//50 1130//50
f 1131//50 1130//50 1127//50
f 1127//1 1123//1 1275//1
f 1127//1 1275//1 1273//1
f 1130//2 1274//2 1276//2
f 1130//2 1276//2 1126//2
f 1273//59 1275//61 1276//62
f 1273//59 1276//62 1274//60
f 1127//50 1130//50 1126//50
f 1127//50 1126//50 1123//50
f 1123//1 1119//1 1277//1
f 1123//1 1277//1 1275//1
f 1126//2 1276//2 1278//2
f 1126//2 1278//2 1122//2
f 1275//61 1277//63 1278//64
f 1275//61 1278//64 1276//62
f 1123//50 1126//50 1122//50
f 1123//50 1122//50 1119//50
f 1119//1 1279//1 1280//1
f 1119//1 1280//1 1277//1
f 1122//2 1278//2 1281//2
f 1122//2 1281//2 1282//2
f 1277//63 1280//65 1281//66
f 1277//63 1281//66 1278//64
f 1119//7 1122//7 1282//7
f 1119//7 1282//7 1279//7
f 1279//1 1283//1 1284//1
f 1279//1 1284//1 1280//1
f 1282//2 1281//2 1285//2
f 1282//2 1285//2 1286//2
f 1280//65 1284//67 1285//68
f 1280//65 1285//68 1281//66
f 1279//7 1282//7 1286//7
f 1279//7 1286//7 1283//7
f 1283//1 1287//1 1288//1
f 1283//1 1288//1 1284//1
f 1286//2 1285//2 1289//2
f 1286//2 1289//2 1290//2
f 1284//67 1288//69 1289//70
f 1284//67 1289//70 1285//68
f 1283//7 1286//7 1290//7
f 1283//7 1290//7 1287//7
f 1287//1 1197//1 1200//1
f 1287//1 1200//1 1288//1
f 1290//2 1289//2 1202//2
f 1290//2 1202//2 1201//2
f 1288//69 1200//3 1202//6
f 1288//69 1202//6 1289//70
f 1287//7 1290//7 1201//7
f 1287//7 1201//7 1197//7
f 1291//1 1292//1 1293//1
f 1291//1 1293//1 1294//1
f 1295//2 1296//2 1297//2
f 1295//2 1297//2 1298//2
f 1294//3 1293//4 1297//5
f 1294//3 1297//5 1296//6
f 1291//7 1295//7 1298//7
f 1291//7 1298//7 1292//7
f 1292//1 1299//1 1300//1
f 1292//1 1300//1 1293//1
f 1298//2 1297//2 1301//2
f 1298//2 1301//2 1302//2
f 1293//4 1300//8 1301//9
f 1293//4 1301//9 1297//5
f 1292//7 1298//7 1302//7
f 1292//7 1302//7 1299//7
f 1299//1 1303//1 1304//1
f 1299//1 1304//1 1300//1
f 1302//2 1301//2 1305//2
f 1302//2 1305//2 1306//2
f 1300//8 1304//10 1305//11
f 1300//8 1305//11 1301//9
f 1299//7 1302//7 1306//7
f 1299//7 1306//7 1303//7
f 1303//1 1307//1 1308//1
f 1303//1 1308//1 1304//1
f 1306//2 1305//2 1309//2
f 1306//2 1309//2 1310//2
f 1304//10 1308//12 1309//13
f 1304//10 1309//13 1305//11
f 1303//7 1306//7 1310//7
f 1303//7 1310//7 1307//7
f 1307//1 1311//1 1312//1
f 1307//1 1312//1 1308//1
f 1310//2 1309//2 1313//2
f 1310//2 1313//2 1314//2
f 1308//12 1312//14 1313//15
f 1308//12 1313//15 1309//13
f 1307//16 1310//16 1314//16
f 1307//16 1314//16 1311//16
f 1311//1 1315//1 1316//1
f 1311//1 1316//1 1312//1
f 1314//2 1313//2 1317//2
f 1314//2 1317//2 1318//2
f 1312//14 1316//17 1317//18
f 1312//14 1317//18 1313//15
f 1311//16 1314//16 1318//16
f 1311//16 1318//16 1315//16
f 1315//1 1319//1 1320//1
f 1315//1 1320//1 1316//1
f 1318//2 1317//2 1321//2
f 1318//2 1321//2 1322//2
f 1316//17 1320//19 1321//20
f 1316//17 1321//20 1317//18
f 1315//16 1318//16 1322//16
f 1315//16 1322//16 1319//16
f 1319//1 1323//1 1324//1
f 1319//1 1324//1 1320//1
f 1322//2 1321//2 1325//2
f 1322//2 1325//2 1326//2
f 1320//19 1324//21 1325//22
f 1320//19 1325//22 1321//20
f 1319//16 1322//16 1326//16
f 1319//16 1326//16 1323//16
f 1323//1 1327//1 1328//1
f 1323//1 1328//1 1324//1
f 1326//2 1325//2 1329//2
f 1326//2 1329//2 1330//2
f 1324//21 1328//23 1329//24
f 1324//21 1329//24 1325//22
f 1323//16 1326//16 1330//16
f 1323//16 1330//16 1327//16
f 1327//1 1331//1 1332//1
f 1327//1 1332//1 1328//1
f 1330//2 1329//2 1333//2
f 1330//2 1333//2 1334//2
f 1328//23 1332//25 1333//26
f 1328//23 1333//26 1329//24
f 1327//16 1330//16 1334//16
f 1327//16 1334//16 1331//16
f 1331//1 1335//1 1336//1
f 1331//1 1336//1 1332//1
f 1334//2 1333//2 1337//2
f 1334//2 1337//2 1338//2
f 1332//25 1336//27 1337//28
f 1332//25 1337//28 1333//26
f 1331//16 1334//16 1338//16
f 1331//16 1338//16 1335//16
f 1335//1 475//1 1339//1
f 1335//1 1339//1 1336//1
f 1338//2 1337//2 1340//2
f 1338//2 1340//2 478//2
f 1336//27 1339//29 1340//30
f 1336//27 1340//30 1337//28
f 1335//16 1338//16 478//16
f 1335//16 478//16 475//16
f 475//1 471//1 1341//1
f 475//1 1341//1 1339//1
f 478//2 1340//2 1342//2
f 478//2 1342//2 474//2
f 1339//29 1341//31 1342//32
f 1339//29 1342//32 1340//30
f 475//33 478//33 474//33
f 475//33 474//33 471//33
f 471//1 467//1 1343//1
f 471//1 1343//1 1341//1
f 474//2 1342//2 1344//2
f 474//2 1344//2 470//2
f 1341//31 1343//34 1344//35
f 1341//31 1344//35 1342//32
f 471//33 474//33 470//33
f 471//33 470//33 467//33
f 467//1 460//1 1345//1
f 467//1 1345//1 1343//1
f 470//2 1344//2 1346//2
f 470//2 1346//2 466//2
f 1343//34 1345//36 1346//37
f 1343//34 1346//37 1344//35
f 467//33 470//33 466//33
f 467//33 466//33 460//33
f 460//1 459//1 1347//1
f 460//1 1347//1 1345//1
f 466//2 1346//2 1348//2
f 466//2 1348//2 463//2
f 1345//36 1347//38 1348//39
f 1345//36 1348//39 1346//37
f 460//33 466//33 463//33
f 460//33 463//33 459//33
f 459//1 565//1 1349//1
f 459//1 1349//1 1347//1
f 463//2 1348//2 1350//2
f 463//2 1350//2 568//2
f 1347//38 1349//40 1350//41
f 1347//38 1350//41 1348//39
f 459//33 463//33 568//33
f 459//33 568//33 565//33
f 565//1 561//1 1351//1
f 565//1 1351//1 1349//1
f 568//2 1350//2 1352//2
f 568//2 1352//2 564//2
f 1349//40 1351//42 1352//43
f 1349//40 1352//43 1350//41
f 565//33 568//33 564//33
f 565//33 564//33 561//33
f 561//1 557//1 1353//1
f 561//1 1353//1 1351//1
f 564//2 1352//2 1354//2
f 564//2 1354//2 560//2
f 1351//42 1353//44 1354//45
f 1351//42 1354//45 1352//43
f 561//33 564//33 560//33
f 561//33 560//33 557//33
f 557//1 365//1 1355//1
f 557//1 1355//1 1353//1
f 560//2 1354//2 1356//2
f 560//2 1356//2 368//2
f 1353//44 1355//46 1356//47
f 1353//44 1356//47 1354//45
f 557//33 560//33 368//33
f 557//33 368//33 365//33
f 365//1 1241//1 1357//1
f 365//1 1357//1 1355//1
f 368//2 1356//2 1358//2
f 368//2 1358//2 1244//2
f 1355//46 1357//48 1358//49
f 1355//46 1358//49 1356//47
f 365//50 368//50 1244//50
f 365//50 1244//50 1241//50
f 1241//1 1237//1 1359//1
f 1241//1 1359//1 1357//1
f 1244//2 1358//2 1360//2
f 1244//2 1360//2 1240//2
f 1357//48 1359//51 1360//52
f 1357//48 1360//52 1358//49
f 1241//50 1244//50 1240//50
f 1241//50 1240//50 1237//50
f 1237//1 1233//1 1361//1
f 1237//1 1361//1 1359//1
f 1240//2 1360//2 1362//2
f 1240//2 1362//2 1236//2
f 1359//51 1361//53 1362//54
f 1359//51 1362//54 1360//52
f 1237//50 1240//50 1236//50
f 1237//50 1236//50 1233//50
f 1233//1 1229//1 1363//1
f 1233//1 1363//1 1361//1
f 1236//2 1362//2 1364//2
f 1236//2 1364//2 1232//2
f 1361//53 1363//55 1364//56
f 1361//53 1364//56 1362//54
f 1233//50 1236//50 1232//50
f 1233//50 1232//50 1229//50
f 1229//1 1225//1 1365//1
f 1229//1 1365//1 1363//1
f 1232//2 1364//2 1366//2
f 1232//2 1366//2 1228//2
f 1363//55 1365//57 1366//58
f 1363//55 1366//58 1364//56
f 1229//50 1232//50 1228//50
f 1229//50 1228//50 1225//50
f 1225//1 1221//1 1367//1
f 1225//1 1367//1 1365//1
f 1228//2 1366//2 1368//2
f 1228//2 1368//2 1224//2
f 1365//57 1367//59 1368//60
f 1365//57 1368//60 1366//58
f 1225//50 1228//50 1224//50
f 1225//50 1224//50 1221//50
f 1221//1 1217//1 1369//1
f 1221//1 1369//1 1367//1
f 1224//2 1368//2 1370//2
f 1224//2 1370//2 1220//2
f 1367//59 1369//61 1370//62
f 1367//59 1370//62 1368//60
f 1221//50 1224//50 1220//50
f 1221//50 1220//50 1217//50
f 1217//1 1213//1 1371//1
f 1217//1 1371//1 1369//1
f 1220//2 1370//2 1372//2
f 1220//2 1372//2 1216//2
f 1369//61 1371//63 1372//64
f 1369//61 1372//64 1370//62
f 1217//50 1220//50 1216//50
f 1217//50 1216//50 1213//50
f 1213//1 1373//1 1374//1
f 1213//1 1374//1 1371//1
f 1216//2 1372//2 1375//2
f 1216//2 1375//2 1376//2
f 1371//63 1374//65 1375//66
f 1371//63 1375//66 1372//64
f 1213//7 1216//7 1376//7
f 1213//7 1376//7 1373//7
f 1373//1 1377//1 1378//1
f 1373//1 1378//1 1374//1
f 1376//2 1375//2 1379//2
f 1376//2 1379//2 1380//2
f 1374//65 1378//67 1379//68
f 1374//65 1379//68 1375//66
f 1373//7 1376//7 1380//7
f 1373//7 1380//7 1377//7
f 1377//1 1381//1 1382//1
f 1377//1 1382//1 1378//1
f 1380//2 1379//2 1383//2
f 1380//2 1383//2 1384//2
f 1378//67 1382//69 1383//70
f 1378//67 1383//70 1379//68
f 1377//7 1380//7 1384//7
f 1377//7 1384//7 1381//7
f 1381//1 1291//1 1294//1
f 1381//1 1294//1 1382//1
f 1384//2 1383//2 1296//2
f 1384//2 1296//2 1295//2
f 1382//69 1294//3 1296//6
f 1382//69 1296//6 1383//70
f 1381//7 1384//7 1295//7
f 1381//7 1295//7 1291//7
f 1385//1 1386//1 1387//1
f 1385//1 1387//1 1388//1
f 1389//2 1390//2 1391//2
f 1389//2 1391//2 1392//2
f 1388//3 1387//4 1391//5
f 1388//3 1391//5 1390//6
f 1385//7 1389//7 1392//7
f 1385//7 1392//7 1386//7
f 1386//1 1393//1 1394//1
f 1386//1 1394//1 1387//1
f 1392//2 1391//2 1395//2
f 1392//2 1395//2 1396//2
f 1387//4 1394//8 1395//9
f 1387//4 1395//9 1391//5
f 1386//7 1392//7 1396//7
f 1386//7 1396//7 1393//7
f 1393//1 1397//1 1398//1
f 1393//1 1398//1 1394//1
f 1396//2 1395//2 1399//2
f 1396//2 1399//2 1400//2
f 1394//8 1398//10 1399//11
f 1394//8 1399//11 1395//9
f 1393//7 1396//7 1400//7
f 1393//7 1400//7 1397//7
f 1397//1 1401//1 1402//1
f 1397//1 1402//1 1398//1
f 1400//2 1399//2 1403//2
f 1400//2 1403//2 1404//2
f 1398//10 1402//12 1403//13
f 1398//10 1403//13 1399//11
f 1397//7 1400//7 1404//7
f 1397//7 1404//7 1401//7
f 1401//1 1405//1 1406//1
f 1401//1 1406//1 1402//1
f 1404//2 1403//2 1407//2
f 1404//2 1407//2 1408//2
f 1402//12 1406//14 1407//15
f 1402//12 1407//15 1403//13
f 1401//16 1404//16 1408//16
f 1401//16 1408//16 1405//16
f 1405//1 1409//1 1410//1
f 1405//1 1410//1 1406//1
f 1408//2 1407//2 1411//2
f 1408//2 1411//2 1412//2
f 1406//14 1410//17 1411//18
f 1406//14 1411//18 1407//15
f 1405//16 1408//16 1412//16
f 1405//16 1412//16 1409//16
f 1409//1 1413//1 1414//1
f 1409//1 1414//1 1410//1
f 1412//2 1411//2 1415//2
f 1412//2 1415//2 1416//2
f 1410//17 1414//19 1415//20
f 1410//17 1415//20 1411//18
f 1409//16 1412//16 1416//16
f 1409//16 1416//16 1413//16
f 1413//1 1417//1 1418//1
f 1413//1 1418//1 1414//1
f 1416//2 1415//2 1419//2
f 1416//2 1419//2 1420//2
f 1414//19 1418//21 1419//22
f 1414//19 1419//22 1415//20
f 1413//16 1416//16 1420//16
f 1413//16 1420//16 1417//16
f 1417//1 1421//1 1422//1
f 1417//1 1422//1 1418//1
f 1420//2 1419//2 1423//2
f 1420//2 1423//2 1424//2
f 1418//21 1422//23 1423//24
f 1418//21 1423//24 1419//22
f 1417//16 1420//16 1424//16
f 1417//16 1424//16 1421//16
f 1421//1 1425//1 1426//1
f 1421//1 1426//1 1422//1
f 1424//2 1423//2 1427//2
f 1424//2 1427//2 1428//2
f 1422//23 1426//25 1427//26
f 1422//23 1427//26 1423//24
f 1421//16 1424//16 1428//16
f 1421//16 1428//16 1425//16
f 1425//1 1429//1 1430//1
f 1425//1 1430//1 1426//1
f 1428//2 1427//2 1431//2
f 1428//2 1431//2 1432//2
f 1426//25 1430//27 1431//28
f 1426//25 1431//28 1427//26
f 1425//16 1428//16 1432//16
f 1425//16 1432//16 1429//16
f 1429//1 585//1 1433//1
f 1429//1 1433//1 1430//1
f 1432//2 1431//2 1434//2
f 1432//2 1434//2 588//2
f 1430//27 1433//29 1434//30
f 1430//27 1434//30 1431//28
f 1429//16 1432//16 588//16
f 1429//16 588//16 585//16
f 585//1 581//1 1435//1
f 585//1 1435//1 1433//1
f 588//2 1434//2 1436//2
f 588//2 1436//2 584//2
f 1433//29 1435//31 1436//32
f 1433//29 1436//32 1434//30
f 585//33 588//33 584//33
f 585//33 584//33 581//33
f 581//1 577//1 1437//1
f 581//1 1437//1 1435//1
f 584//2 1436//2 1438//2
f 584//2 1438//2 580//2
f 1435//31 1437//34 1438//35
f 1435//31 1438//35 1436//32
f 581//33 584//33 580//33
f 581//33 580//33 577//33
f 577//1 570//1 1439//1
f 577//1 1439//1 1437//1
f 580//2 1438//2 1440//2
f 580//2 1440//2 576//2
f 1437//34 1439//36 1440//37
f 1437//34 1440//37 1438//35
f 577//33 580//33 576//33
f 577//33 576//33 570//33
f 570//1 569//1 1441//1
f 570//1 1441//1 1439//1
f 576//2 1440//2 1442//2
f 576//2 1442//2 573//2
f 1439//36 1441//38 1442//39
f 1439//36 1442//39 1440//37
f 570//33 576//33 573//33
f 570//33 573//33 569//33
f 569//1 675//1 1443//1
f 569//1 1443//1 1441//1
f 573//2 1442//2 1444//2
f 573//2 1444//2 678//2
f 1441//38 1443//40 1444//41
f 1441//38 1444//41 1442//39
f 569//33 573//33 678//33
f 569//33 678//33 675//33
f 675//1 671//1 1445//1
f 675//1 1445//1 1443//1
f 678//2 1444//2 1446//2
f 678//2 1446//2 674//2
f 1443//40 1445//42 1446//43
f 1443//40 1446//43 1444//41
f 675//33 678//33 674//33
f 675//33 674//33 671//33
f 671//1 667//1 1447//1
f 671//1 1447//1 1445//1
f 674//2 1446//2 1448//2
f 674//2 1448//2 670//2
f 1445//42 1447//44 1448//45
f 1445//42 1448//45 1446//43
f 671//33 674//33 670//33
f 671//33 670//33 667//33
f 667//1 475//1 1449//1
f 667//1 1449//1 1447//1
f 670//2 1448//2 1450//2
f 670//2 1450//2 478//2
f 1447//44 1449//46 1450//47
f 1447//44 1450//47 1448//45
f 667//33 670//33 478//33
f 667//33 478//33 475//33
f 475//1 1335//1 1451//1
f 475//1 1451//1 1449//1
f 478//2 1450//2 1452//2
f 478//2 1452//2 1338//2
f 1449//46 1451//48 1452//49
f 1449//46 1452//49 1450//47
f 475//50 478//50 1338//50
f 475//50 1338//50 1335//50
f 1335//1 1331//1 1453//1
f 1335//1 1453//1 1451//1
f 1338//2 1452//2 1454//2
f 1338//2 1454//2 1334//2
f 1451//48 1453//51 1454//52
f 1451//48 1454//52 1452//49
f 1335//50 1338//50 1334//50
f 1335//50 1334//50 1331//50
f 1331//1 1327//1 1455//1
f 1331//1 1455//1 1453//1
f 1334//2 1454//2 1456//2
f 1334//2 1456//2 1330//2
f 1453//51 1455//53 1456//54
f 1453//51 1456//54 1454//52
f 1331//50 1334//50 1330//50
f 1331//50 1330//50 1327//50
f 1327//1 1323//1 1457//1
f 1327//1 1457//1 1455//1
f 1330//2 1456//2 1458//2
f 1330//2 1458//2 1326//2
f 1455//53 1457//55 1458//56
f 1455//53 1458//56 1456//54
f 1327//50 1330//50 1326//50
f 1327//50 1326//50 1323//50
f 1323//1 1319//1 1459//1
f 1323//1 1459//1 1457//1
f 1326//2 1458//2 1460//2
f 1326//2 1460//2 1322//2
f 1457//55 1459//57 1460//58
f 1457//55 1460//58 1458//56
f 1323//50 1326//50 1322//50
f 1323//50 1322//50 1319//50
f 1319//1 1315//1 1461//1
f 1319//1 1461//1 1459//1
f 1322//2 1460//2 1462//2
f 1322//2 1462//2 1318//2
f 1459//57 1461//59 1462//60
f 1459//57 1462//60 1460//58
f 1319//50 1322//50 1318//50
f 1319//50 1318//50 1315//50
f 1315//1 1311//1 1463//1
f 1315//1 1463//1 1461//1
f 1318//2 1462//2 1464//2
f 1318//2 1464//2 1314//2
f 1461//59 1463//61 1464//62
f 1461//59 1464//62 1462//60
f 1315//50 1318//50 1314//50
f 1315//50 1314//50 1311//50
f 1311//1 1307//1 1465//1
f 1311//1 1465//1 1463//1
f 1314//2 1464//2 1466//2
f 1314//2 1466//2 1310//2
f 1463//61 1465//63 1466//64
f 1463//61 1466//64 1464//62
f 1311//50 1314//50 1310//50
f 1311//50 1310//50 1307//50
f 1307//1 1467//1 1468//1
f 1307//1 1468//1 1465//1
f 1310//2 1466//2 1469//2
f 1310//2 1469//2 1470//2
f 1465//63 1468//65 1469//66
f 1465//63 1469//66 1466//64
f 1307//7 1310//7 1470//7
f 1307//7 1470//7 1467//7
f 1467//1 1471//1 1472//1
f 1467//1 1472//1 1468//1
f 1470//2 1469//2 1473//2
f 1470//2 1473//2 1474//2
f 1468//65 1472//67 1473//68
f 1468//65 1473//68 1469//66
f 1467//7 1470//7 1474//7
f 1467//7 1474//7 1471//7
f 1471//1 1475//1 1476//1
f 1471//1 1476//1 1472//1
f 1474//2 1473//2 1477//2
f 1474//2 1477//2 1478//2
f 1472//67 1476//69 1477//70
f 1472//67 1477//70 1473//68
f 1471//7 1474//7 1478//7
f 1471//7 1478//7 1475//7
f 1475//1 1385//1 1388//1
f 1475//1 1388//1 1476//1
f 1478//2 1477//2 1390//2
f 1478//2 1390//2 1389//2
f 1476//69 1388//3 1390//6
f 1476//69 1390//6 1477//70
f 1475//7 1478//7 1389//7
f 1475//7 1389//7 1385//7
f 1479//1 1480//1 1481//1
f 1479//1 1481//1 1482//1
f 1483//2 1484//2 1485//2
f 1483//2 1485//2 1486//2
f 1482//3 1481//4 1485//5
f 1482//3 1485//5 1484//6
f 1479//7 1483//7 1486//7
f 1479//7 1486//7 1480//7
f 1480//1 1487//1 1488//1
f 1480//1 1488//1 1481//1
f 1486//2 1485//2 1489//2
f 1486//2 1489//2 1490//2
f 1481//4 1488//8 1489//9
f 1481//4 1489//9 1485//5
f 1480//7 1486//7 1490//7
f 1480//7 1490//7 1487//7
f 1487//1 1491//1 1492//1
f 1487//1 1492//1 1488//1
f 1490//2 1489//2 1493//2
f 1490//2 1493//2 1494//2
f 1488//8 1492//10 1493//11
f 1488//8 1493//11 1489//9
f 1487//7 1490//7 1494//7
f 1487//7 1494//7 1491//7
f 1491//1 1495//1 1496//1
f 1491//1 1496//1 1492//1
f 1494//2 1493//2 1497//2
f 1494//2 1497//2 1498//2
f 1492//10 1496//12 1497//13
f 1492//10 1497//13 1493//11
f 1491//7 1494//7 1498//7
f 1491//7 1498//7 1495//7
f 1495//1 1499//1 1500//1
f 1495//1 1500//1 1496//1
f 1498//2 1497//2 1501//2
f 1498//2 1501//2 1502//2
f 1496//12 1500//14 1501//15
f 1496//12 1501//15 1497//13
f 1495//16 1498//16 1502//16
f 1495//16 1502//16 1499//16
f 1499//1 1503//1 1504//1
f 1499//1 1504//1 1500//1
f 1502//2 1501//2 1505//2
f 1502//2 1505//2 1506//2
f 1500//14 1504//17 1505//18
f 1500//14 1505//18 1501//15
f 1499//16 1502//16 1506//16
f 1499//16 1506//16 1503//16
f 1503//1 1507//1 1508//1
f 1503//1 1508//1 1504//1
f 1506//2 1505//2 1509//2
f 1506//2 1509//2 1510//2
f 1504//17 1508//19 1509//20
f 1504//17 1509//20 1505//18
f 1503//16 1506//16 1510//16
f 1503//16 1510//16 1507//16
f 1507//1 1511//1 1512//1
f 1507//1 1512//1 1508//1
f 1510//2 1509//2 1513//2
f 1510//2 1513//2 1514//2
f 1508//19 1512//21 1513//22
f 1508//19 1513//22 1509//20
f 1507//16 1510//16 1514//16
f 1507//16 1514//16 1511//16
f 1511//1 1515//1 1516//1
f 1511//1 1516//1 1512//1
f 1514//2 1513//2 1517//2
f 1514//2 1517//2 1518//2
f 1512//21 1516//23 1517//24
f 1512//21 1517//24 1513//22
f 1511//16 1514//16 1518//16
f 1511//16 1518//16 1515//16
f 1515//1 1519//1 1520//1
f 1515//1 1520//1 1516//1
f 1518//2 1517//2 1521//2
f 1518//2 1521//2 1522//2
f 1516//23 1520//25 1521//26
f 1516//23 1521//26 1517//24
f 1515//16 1518//16 1522//16
f 1515//16 1522//16 1519//16
f 1519//1 1523//1 1524//1
f 1519//1 1524//1 1520//1
f 1522//2 1521//2 1525//2
f 1522//2 1525//2 1526//2
f 1520//25 1524//27 1525//28
f 1520//25 1525//28 1521//26
f 1519//16 1522//16 1526//16
f 1519//16 1526//16 1523//16
f 1523//1 695//1 1527//1
f 1523//1 1527//1 1524//1
f 1526//2 1525//2 1528//2
f 1526//2 1528//2 698//2
f 1524//27 1527//29 1528//30
f 1524//27 1528//30 1525//28
f 1523//16 1526//16 698//16
f 1523//16 698//16 695//16
f 695//1 691//1 1529//1
f 695//1 1529//1 1527//1
f 698//2 1528//2 1530//2
f 698//2 1530//2 694//2
f 1527//29 1529//31 1530//32
f 1527//29 1530//32 1528//30
f 695//33 698//33 694//33
f 695//33 694//33 691//33
f 691//1 687//1 1531//1
f 691//1 1531//1 1529//1
f 694//2 1530//2 1532//2
f 694//2 1532//2 690//2
f 1529//31 1531//34 1532//35
f 1529//31 1532//35 1530//32
f 691//33 694//33 690//33
f 691//33 690//33 687//33
f 687//1 680//1 1533//1
f 687//1 1533//1 1531//1
f 690//2 1532//2 1534//2
f 690//2 1534//2 686//2
f 1531//34 1533//36 1534//37
f 1531//34 1534//37 1532//35
f 687//33 690//33 686//33
f 687//33 686//33 680//33
f 680//1 679//1 1535//1
f 680//1 1535//1 1533//1
f 686//2 1534//2 1536//2
f 686//2 1536//2 683//2
f 1533//36 1535//38 1536//39
f 1533//36 1536//39 1534//37
f 680//33 686//33 683//33
f 680//33 683//33 679//33
f 679//1 785//1 1537//1
f 679//1 1537//1 1535//1
f 683//2 1536//2 1538//2
f 683//2 1538//2 788//2
f 1535//38 1537//40 1538//41
f 1535//38 1538//41 1536//39
f 679//33 683//33 788//33
f 679//33 788//33 785//33
f 785//1 781//1 1539//1
f 785//1 1539//1 1537//1
f 788//2 1538//2 1540//2
f 788//2 1540//2 784//2
f 1537//40 1539//42 1540//43
f 1537//40 1540//43 1538//41
f 785//33 788//33 784//33
f 785//33 784//33 781//33
f 781//1 777//1 1541//1
f 781//1 1541//1 1539//1
f 784//2 1540//2 1542//2
f 784//2 1542//2 780//2
f 1539//42 1541//44 1542//45
f 1539//42 1542//45 1540//43
f 781//33 784//33 780//33
f 781//33 780//33 777//33
f 777//1 585//1 1543//1
f 777//1 1543//1 1541//1
f 780//2 1542//2 1544//2
f 780//2 1544//2 588//2
f 1541//44 1543//46 1544//47
f 1541//44 1544//47 1542//45
f 777//33 780//33 588//33
f 777//33 588//33 585//33
f 585//1 1429//1 1545//1
f 585//1 1545//1 1543//1
f 588//2 1544//2 1546//2
f 588//2 1546//2 1432//2
f 1543//46 1545//48 1546//49
f 1543//46 1546//49 1544//47
f 585//50 588//50 1432//50
f 585//50 1432//50 1429//50
f 1429//1 1425//1 1547//1
f 1429//1 1547//1 1545//1
f 1432//2 1546//2 1548//2
f 1432//2 1548//2 1428//2
f 1545//48 1547//51 1548//52
f 1545//48 1548//52 1546//49
f 1429//50 1432//50 1428//50
f 1429//50 1428//50 1425//50
f 1425//1 1421//1 1549//1
f 1425//1 1549//1 1547//1
f 1428//2 1548//2 1550//2
f 1428//2 1550//2 1424//2
f 1547//51 1549//53 1550//54
f 1547//51 1550//54 1548//52
f 1425//50 1428//50 1424//50
f 1425//50 1424//50 1421//50
f 1421//1 1417//1 1551//1
f 1421//1 1551//1 1549//1
f 1424//2 1550//2 1552//2
f 1424//2 1552//2 1420//2
f 1549//53 1551//55 1552//56
f 1549//53 1552//56 1550//54
f 1421//50 1424//50 1420//50
f 1421//50 1420//50 1417//50
f 1417//1 1413//1 1553//1
f 1417//1 1553//1 1551//1
f 1420//2 1552//2 1554//2
f 1420//2 1554//2 1416//2
f 1551//55 1553//57 1554//58
f 1551//55 1554//58 1552//56
f 1417//50 1420//50 1416//50
f 1417//50 1416//50 1413//50
f 1413//1 1409//1 1555//1
f 1413//1 1555//1 1553//1
f 1416//2 1554//2 1556//2
f 1416//2 1556//2 1412//2
f 1553//57 1555//59 1556//60
f 1553//57 1556//60 1554//58
f 1413//50 1416//50 1412//50
f 1413//50 1412//50 1409//50
f 1409//1 1405//1 1557//1
f 1409//1 1557//1 1555//1
f 1412//2 1556//2 1558//2
f 1412//2 1558//2 1408//2
f 1555//59 1557//61 1558//62
f 1555//59 1558//62 1556//60
f 1409//50 1412//50 1408//50
f 1409//50 1408//50 1405//50
f 1405//1 1401//1 1559//1
f 1405//1 1559//1 1557//1
f 1408//2 1558//2 1560//2
f 1408//2 1560//2 1404//2
f 1557//61 1559//63 1560//64
f 1557//61 1560//64 1558//62
f 1405//50 1408//50 1404//50
f 1405//50 1404//50 1401//50
f 1401//1 1561//1 1562//1
f 1401//1 1562//1 1559//1
f 1404//2 1560//2 1563//2
f 1404//2 1563//2 1564//2
f 1559//63 1562//65 1563//66
f 1559//63 1563//66 1560//64
f 1401//7 1404//7 1564//7
f 1401//7 1564//7 1561//7
f 1561//1 1565//1 1566//1
f 1561//1 1566//1 1562//1
f 1564//2 1563//2 1567//2
f 1564//2 1567//2 1568//2
f 1562//65 1566//67 1567//68
f 1562//65 1567//68 1563//66
f 1561//7 1564//7 1568//7
f 1561//7 1568//7 1565//7
f 1565//1 1569//1 1570//1
f 1565//1 1570//1 1566//1
f 1568//2 1567//2 1571//2
f 1568//2 1571//2 1572//2
f 1566//67 1570//69 1571//70
f 1566//67 1571//70 1567//68
f 1565//7 1568//7 1572//7
f 1565//7 1572//7 1569//7
f 1569//1 1479//1 1482//1
f 1569//1 1482//1 1570//1
f 1572//2 1571//2 1484//2
f 1572//2 1484//2 1483//2
f 1570//69 1482//3 1484//6
f 1570//69 1484//6 1571//70
f 1569//7 1572//7 1483//7
f 1569//7 1483//7 1479//7
f 1573//1 1574//1 1575//1
f 1573//1 1575//1 1576//1
f 1577//2 1578//2 1579//2
f 1577//2 1579//2 1580//2
f 1576//3 1575//4 1579//5
f 1576//3 1579//5 1578//6
f 1573//7 1577//7 1580//7
f 1573//7 1580//7 1574//7
f 1574//1 1581//1 1582//1
f 1574//1 1582//1 1575//1
f 1580//2 1579//2 1583//2
f 1580//2 1583//2 1584//2
f 1575//4 1582//8 1583//9
f 1575//4 1583//9 1579//5
f 1574//7 1580//7 1584//7
f 1574//7 1584//7 1581//7
f 1581//1 1585//1 1586//1
f 1581//1 1586//1 1582//1
f 1584//2 1583//2 1587//2
f 1584//2 1587//2 1588//2
f 1582//8 1586//10 1587//11
f 1582//8 1587//11 1583//9
f 1581//7 1584//7 1588//7
f 1581//7 1588//7 1585//7
f 1585//1 1589//1 1590//1
f 1585//1 1590//1 1586//1
f 1588//2 1587//2 1591//2
f 1588//2 1591//2 1592//2
f 1586//10 1590//12 1591//13
f 1586//10 1591//13 1587//11
f 1585//7 1588//7 1592//7
f 1585//7 1592//7 1589//7
f 1589//1 1593//1 1594//1
f 1589//1 1594//1 1590//1
f 1592//2 1591//2 1595//2
f 1592//2 1595//2 1596//2
f 1590//12 1594//14 1595//15
f 1590//12 1595//15 1591//13
f 1589//16 1592//16 1596//16
f 1589//16 1596//16 1593//16
f 1593//1 1597//1 1598//1
f 1593//1 1598//1 1594//1
f 1596//2 1595//2 1599//2
f 1596//2 1599//2 1600//2
f 1594//14 1598//17 1599//18
f 1594//14 1599//18 1595//15
f 1593//16 1596//16 1600//16
f 1593//16 1600//16 1597//16
f 1597//1 1601//1 1602//1
f 1597//1 1602//1 1598//1
f 1600//2 1599//2 1603//2
f 1600//2 1603//2 1604//2
f 1598//17 1602//19 1603//20
f 1598//17 1603//20 1599//18
f 1597//16 1600//16 1604//16
f 1597//16 1604//16 1601//16
f 1601//1 1605//1 1606//1
f 1601//1 1606//1 1602//1
f 1604//2 1603//2 1607//2
f 1604//2 1607//2 1608//2
f 1602//19 1606//21 1607//22
f 1602//19 1607//22 1603//20
f 1601//16 1604//16 1608//16
f 1601//16 1608//16 1605//16
f 1605//1 1609//1 1610//1
f 1605//1 1610//1 1606//1
f 1608//2 1607//2 1611//2
f 1608//2 1611//2 1612//2
f 1606//21 1610//23 1611//24
f 1606//21 1611//24 1607//22
f 1605//16 1608//16 1612//16
f 1605//16 1612//16 1609//16
f 1609//1 1613//1 1614//1
f 1609//1 1614//1 1610//1
f 1612//2 1611//2 1615//2
f 1612//2 1615//2 1616//2
f 1610//23 1614//25 1615//26
f 1610//23 1615//26 1611//24
f 1609//16 1612//16 1616//16
f 1609//16 1616//16 1613//16
f 1613//1 1617//1 1618//1
f 1613//1 1618//1 1614//1
f 1616//2 1615//2 1619//2
f 1616//2 1619//2 1620//2
f 1614//25 1618//27 1619//28
f 1614//25 1619//28 1615//26
f 1613//16 1616//16 1620//16
f 1613//16 1620//16 1617//16
f 1617//1 805//1 1621//1
f 1617//1 1621//1 1618//1
f 1620//2 1619//2 1622//2
f 1620//2 1622//2 808//2
f 1618//27 1621//29 1622//30
f 1618//27 1622//30 1619//28
f 1617//16 1620//16 808//16
f 1617//16 808//16 805//16
f 805//1 801//1 1623//1
f 805//1 1623//1 1621//1
f 808//2 1622//2 1624//2
f 808//2 1624//2 804//2
f 1621//29 1623//31 1624//32
f 1621//29 1624//32 1622//30
f 805//33 808//33 804//33
f 805//33 804//33 801//33
f 801//1 797//1 1625//1
f 801//1 1625//1 1623//1
f 804//2 1624//2 1626//2
f 804//2 1626//2 800//2
f 1623//31 1625//34 1626//35
f 1623//31 1626//35 1624//32
f 801//33 804//33 800//33
f 801//33 800//33 797//33
f 797//1 790//1 1627//1
f 797//1 1627//1 1625//1
f 800//2 1626//2 1628//2
f 800//2 1628//2 796//2
f 1625//34 1627//36 1628//37
f 1625//34 1628//37 1626//35
f 797//33 800//33 796//33
f 797//33 796//33 790//33
f 790//1 789//1 1629//1
f 790//1 1629//1 1627//1
f 796//2 1628//2 1630//2
f 796//2 1630//2 793//2
f 1627//36 1629//38 1630//39
f 1627//36 1630//39 1628//37
f 790//33 796//33 793//33
f 790//33 793//33 789//33
f 789//1 895//1 1631//1
f 789//1 1631//1 1629//1
f 793//2 1630//2 1632//2
f 793//2 1632//2 898//2
f 1629//38 1631//40 1632//41
f 1629//38 1632//41 1630//39
f 789//33 793//33 898//33
f 789//33 898//33 895//33
f 895//1 891//1 1633//1
f 895//1 1633//1 1631//1
f 898//2 1632//2 1634//2
f 898//2 1634//2 894//2
f 1631//40 1633//42 1634//43
f 1631//40 1634//43 1632//41
f 895//33 898//33 894//33
f 895//33 894//33 891//33
f 891//1 887//1 1635//1
f 891//1 1635//1 1633//1
f 894//2 1634//2 1636//2
f 894//2 1636//2 890//2
f 1633//42 1635//44 1636//45
f 1633//42 1636//45 1634//43
f 891//33 894//33 890//33
f 891//33 890//33 887//33
f 887//1 695//1 1637//1
f 887//1 1637//1 1635//1
f 890//2 1636//2 1638//2
f 890//2 1638//2 698//2
f 1635//44 1637//46 1638//47
f 1635//44 1638//47 1636//45
f 887//33 890//33 698//33
f 887//33 698//33 695//33
f 695//1 1523//1 1639//1
f 695//1 1639//1 1637//1
f 698//2 1638//2 1640//2
f 698//2 1640//2 1526//2
f 1637//46 1639//48 1640//49
f 1637//46 1640//49 1638//47
f 695//50 698//50 1526//50
f 695//50 1526//50 1523//50
f 1523//1 1519//1 1641//1
f 1523//1 1641//1 1639//1
f 1526//2 1640//2 1642//2
f 1526//2 1642//2 1522//2
f 1639//48 1641//51 1642//52
f 1639//48 1642//52 1640//49
f 1523//50 1526//50 1522//50
f 1523//50 1522//50 1519//50
f 1519//1 1515//1 1643//1
f 1519//1 1643//1 1641//1
f 1522//2 1642//2 1644//2
f 1522//2 1644//2 1518//2
f 1641//51 1643//53 1644//54
f 1641//51 1644//54 1642//52
f 1519//50 1522//50 1518//50
f 1519//50 1518//50 1515//50
f 1515//1 1511//1 1645//1
f 1515//1 1645//1 1643//1
f 1518//2 1644//2 1646//2
f 1518//2 1646//2 1514//2
f 1643//53 1645//55 1646//56
f 1643//53 1646//56 1644//54
f 1515//50 1518//50 1514//50
f 1515//50 1514//50 1511//50
f 1511//1 1507//1 1647//1
f 1511//1 1647//1 1645//1
f 1514//2 1646//2 1648//2
f 1514//2 1648//2 1510//2
f 1645//55 1647//57 1648//58
f 1645//55 1648//58 1646//56
f 1511//50 1514//50 1510//50
f 1511//50 1510//50 1507//50
f 1507//1 1503//1 1649//1
f 1507//1 1649//1 1647//1
f 1510//2 1648//2 1650//2
f 1510//2 1650//2 1506//2
f 1647//57 1649//59 1650//60
f 1647//57 1650//60 1648//58
f 1507//50 1510//50 1506//50
f 1507//50 1506//50 1503//50
f 1503//1 1499//1 1651//1
f 1503//1 1651//1 1649//1
f 1506//2 1650//2 1652//2
f 1506//2 1652//2 1502//2
f 1649//59 1651//61 1652//62
f 1649//59 1652//62 1650//60
f 1503//50 1506//50 1502//50
f 1503//50 1502//50 1499//50
f 1499//1 1495//1 1653//1
f 1499//1 1653//1 1651//1
f 1502//2 1652//2 1654//2
f 1502//2 1654//2 1498//2
f 1651//61 1653//63 1654//64
f 1651//61 1654//64 1652//62
f 1499//50 1502//50 1498//50
f 1499//50 1498//50 1495//50
f 1495//1 1655//1 1656//1
f 1495//1 1656//1 1653//1
f 1498//2 1654//2 1657//2
f 1498//2 1657//2 1658//2
f 1653//63 1656//65 1657//66
f 1653//63 1657//66 1654//64
f 1495//7 1498//7 1658//7
f 1495//7 1658//7 1655//7
f 1655//1 1659//1 1660//1
f 1655//1 1660//1 1656//1
f 1658//2 1657//2 1661//2
f 1658//2 1661//2 1662//2
f 1656//65 1660//67 1661//68
f 1656//65 1661//68 1657//66
f 1655//7 1658//7 1662//7
f 1655//7 1662//7 1659//7
f 1659//1 1663//1 1664//1
f 1659//1 1664//1 1660//1
f 1662//2 1661//2 1665//2
f 1662//2 1665//2 1666//2
f 1660//67 1664//69 1665//70
f 1660//67 1665//70 1661//68
f 1659//7 1662//7 1666//7
f 1659//7 1666//7 1663//7
f 1663//1 1573//1 1576//1
f 1663//1 1576//1 1664//1
f 1666//2 1665//2 1578//2
f 1666//2 1578//2 1577//2
f 1664//69 1576//3 1578//6
f 1664//69 1578//6 1665//70
f 1663//7 1666//7 1577//7
f 1663//7 1577//7 1573//7
f 1667//1 1668//1 1669//1
f 1667//1 1669//1 1670//1
f 1671//2 1672//2 1673//2
f 1671//2 1673//2 1674//2
f 1670//3 1669//4 1673//5
f 1670//3 1673//5 1672//6
f 1667//7 1671//7 1674//7
f 1667//7 1674//7 1668//7
f 1668//1 1675//1 1676//1
f 1668//1 1676//1 1669//1
f 1674//2 1673//2 1677//2
f 1674//2 1677//2 1678//2
f 1669//4 1676//8 1677//9
f 1669//4 1677//9 1673//5
f 1668//7 1674//7 1678//7
f 1668//7 1678//7 1675//7
f 1675//1 1679//1 1680//1
f 1675//1 1680//1 1676//1
f 1678//2 1677//2 1681//2
f 1678//2 1681//2 1682//2
f 1676//8 1680//10 1681//11
f 1676//8 1681//11 1677//9
f 1675//7 1678//7 1682//7
f 1675//7 1682//7 1679//7
f 1679//1 1683//1 1684//1
f 1679//1 1684//1 1680//1
f 1682//2 1681//2 1685//2
f 1682//2 1685//2 1686//2
f 1680//10 1684//12 1685//13
f 1680//10 1685//13 1681//11
f 1679//7 1682//7 1686//7
f 1679//7 1686//7 1683//7
f 1683//1 1687//1 1688//1
f 1683//1 1688//1 1684//1
f 1686//2 1685//2 1689//2
f 1686//2 1689//2 1690//2
f 1684//12 1688//14 1689//15
f 1684//12 1689//15 1685//13
f 1683//16 1686//16 1690//16
f 1683//16 1690//16 1687//16
f 1687//1 1691//1 1692//1
f 1687//1 1692//1 1688//1
f 1690//2 1689//2 1693//2
f 1690//2 1693//2 1694//2
f 1688//14 1692//17 1693//18
f 1688//14 1693//18 1689//15
f 1687//16 1690//16 1694//16
f 1687//16 1694//16 1691//16
f 1691//1 1695//1 1696//1
f 1691//1 1696//1 1692//1
f 1694//2 1693//2 1697//2
f 1694//2 1697//2 1698//2
f 1692//17 1696//19 1697//20
f 1692//17 1697//20 1693//18
f 1691//16 1694//16 1698//16
f 1691//16 1698//16 1695//16
f 1695//1 1699//1 1700//1
f 1695//1 1700//1 1696//1
f 1698//2 1697//2 1701//2
f 1698//2 1701//2 1702//2
f 1696//19 1700//21 1701//22
f 1696//19 1701//22 1697//20
f 1695//16 1698//16 1702//16
f 1695//16 1702//16 1699//16
f 1699//1 1703//1 1704//1
f 1699//1 1704//1 1700//1
f 1702//2 1701//2 1705//2
f 1702//2 1705//2 1706//2
f 1700//21 1704//23 1705//24
f 1700//21 1705//24 1701//22
f 1699//16 1702//16 1706//16
f 1699//16 1706//16 1703//16
f 1703//1 1707//1 1708//1
f 1703//1 1708//1 1704//1
f 1706//2 1705//2 1709//2
f 1706//2 1709//2 1710//2
f 1704//23 1708//25 1709//26
f 1704//23 1709//26 1705//24
f 1703//16 1706//16 1710//16
f 1703//16 1710//16 1707//16
f 1707//1 1711//1 1712//1
f 1707//1 1712//1 1708//1
f 1710//2 1709//2 1713//2
f 1710//2 1713//2 1714//2
f 1708//25 1712//27 1713//28
f 1708//25 1713//28 1709//26
f 1707//16 1710//16 1714//16
f 1707//16 1714//16 1711//16
f 1711//1 915//1 1715//1
f 1711//1 1715//1 1712//1
f 1714//2 1713//2 1716//2
f 1714//2 1716//2 918//2
f 1712//27 1715//29 1716//30
f 1712//27 1716//30 1713//28
f 1711//16 1714//16 918//16
f 1711//16 918//16 915//16
f 915//1 911//1 1717//1
f 915//1 1717//1 1715//1
f 918//2 1716//2 1718//2
f 918//2 1718//2 914//2
f 1715//29 1717//31 1718//32
f 1715//29 1718//32 1716//30
f 915//33 918//33 914//33
f 915//33 914//33 911//33
f 911//1 907//1 1719//1
f 911//1 1719//1 1717//1
f 914//2 1718//2 1720//2
f 914//2 1720//2 910//2
f 1717//31 1719//34 1720//35
f 1717//31 1720//35 1718//32
f 911//33 914//33 910//33
f 911//33 910//33 907//33
f 907//1 900//1 1721//1
f 907//1 1721//1 1719//1
f 910//2 1720//2 1722//2
f 910//2 1722//2 906//2
f 1719//34 1721//36 1722//37
f 1719//34 1722//37 1720//35
f 907//33 910//33 906//33
f 907//33 906//33 900//33
f 900//1 899//1 1723//1
f 900//1 1723//1 1721//1
f 906//2 1722//2 1724//2
f 906//2 1724//2 903//2
f 1721//36 1723//38 1724//39
f 1721//36 1724//39 1722//37
f 900//33 906//33 903//33
f 900//33 903//33 899//33
f 899//1 1005//1 1725//1
f 899//1 1725//1 1723//1
f 903//2 1724//2 1726//2
f 903//2 1726//2 1008//2
f 1723//38 1725//40 1726//41
f 1723//38 1726//41 1724//39
f 899//33 903//33 1008//33
f 899//33 1008//33 1005//33
f 1005//1 1001//1 1727//1
f 1005//1 1727//1 1725//1
f 1008//2 1726//2 1728//2
f 1008//2 1728//2 1004//2
f 1725//40 1727//42 1728//43
f 1725//40 1728//43 1726//41
f 1005//33 1008//33 1004//33
f 1005//33 1004//33 1001//33
f 1001//1 997//1 1729//1
f 1001//1 1729//1 1727//1
f 1004//2 1728//2 1730//2
f 1004//2 1730//2 1000//2
f 1727//42 1729//44 1730//45
f 1727//42 1730//45 1728//43
f 1001//33 1004//33 1000//33
f 1001//33 1000//33 997//33
f 997//1 993//1 1731//1
f 997//1 1731//1 1729//1
f 1000//2 1730//2 1732//2
f 1000//2 1732//2 996//2
f 1729//44 1731//46 1732//47
f 1729//44 1732//47 1730//45
f 997//33 1000//33 996//33
f 997//33 996//33 993//33
f 993//1 1733//1 1734//1
f 993//1 1734//1 1731//1
f 996//2 1732//2 1735//2
f 996//2 1735//2 1736//2
f 1731//46 1734//48 1735//49
f 1731//46 1735//49 1732//47
f 993//50 996//50 1736//50
f 993//50 1736//50 1733//50
f 1733//1 1737//1 1738//1
f 1733//1 1738//1 1734//1
f 1736//2 1735//2 1739//2
f 1736//2 1739//2 1740//2
f 1734//48 1738//51 1739//52
f 1734//48 1739//52 1735//49
f 1733//50 1736//50 1740//50
f 1733//50 1740//50 1737//50
f 1737//1 1741//1 1742//1
f 1737//1 1742//1 1738//1
f 1740//2 1739//2 1743//2
f 1740//2 1743//2 1744//2
f 1738//51 1742//53 1743//54
f 1738//51 1743//54 1739//52
f 1737//50 1740//50 1744//50
f 1737//50 1744//50 1741//50
f 1741//1 1745//1 1746//1
f 1741//1 1746//1 1742//1
f 1744//2 1743//2 1747//2
f 1744//2 1747//2 1748//2
f 1742//53 1746//55 1747//56
f 1742//53 1747//56 1743//54
f 1741//50 1744//50 1748//50
f 1741//50 1748//50 1745//50
f 1745//1 1749//1 1750//1
f 1745//1 1750//1 1746//1
f 1748//2 1747//2 1751//2
f 1748//2 1751//2 1752//2
f 1746//55 1750//57 1751//58
f 1746//55 1751//58 1747//56
f 1745//50 1748//50 1752//50
f 1745//50 1752//50 1749//50
f 1749//1 1753//1 1754//1
f 1749//1 1754//1 1750//1
f 1752//2 1751//2 1755//2
f 1752//2 1755//2 1756//2
f 1750//57 1754//59 1755//60
f 1750//57 1755//60 1751//58
f 1749//50 1752//50 1756//50
f 1749//50 1756//50 1753//50
f 1753//1 1757//1 1758//1
f 1753//1 1758//1 1754//1
f 1756//2 1755//2 1759//2
f 1756//2 1759//2 1760//2
f 1754//59 1758//61 1759//62
f 1754//59 1759//62 1755//60
f 1753//50 1756//50 1760//50
f 1753//50 1760//50 1757//50
f 1757//1 1761//1 1762//1
f 1757//1 1762//1 1758//1
f 1760//2 1759//2 1763//2
f 1760//2 1763//2 1764//2
f 1758//61 1762//63 1763//64
f 1758//61 1763//64 1759//62
f 1757//50 1760//50 1764//50
f 1757//50 1764//50 1761//50
f 1761//1 1765//1 1766//1
f 1761//1 1766//1 1762//1
f 1764//2 1763//2 1767//2
f 1764//2 1767//2 1768//2
f 1762//63 1766//65 1767//66
f 1762//63 1767//66 1763//64
f 1761//7 1764//7 1768//7
f 1761//7 1768//7 1765//7
f 1765//1 1769//1 1770//1
f 1765//1 1770//1 1766//1
f 1768//2 1767//2 1771//2
f 1768//2 1771//2 1772//2
f 1766//65 1770//67 1771//68
f 1766//65 1771//68 1767//66
f 1765//7 1768//7 1772//7
f 1765//7 1772//7 1769//7
f 1769//1 1773//1 1774//1
f 1769//1 1774//1 1770//1
f 1772//2 1771//2 1775//2
f 1772//2 1775//2 1776//2
f 1770//67 1774//69 1775//70
f 1770//67 1775//70 1771//68
f 1769//7 1772//7 1776//7
f 1769//7 1776//7 1773//7
f 1773//1 1667//1 1670//1
f 1773//1 1670//1 1774//1
f 1776//2 1775//2 1672//2
f 1776//2 1672//2 1671//2
f 1774//69 1670//3 1672//6
f 1774//69 1672//6 1775//70
f 1773//7 1776//7 1671//7
f 1773//7 1671//7 1667//7
f 1777//1 1778//1 1779//1
f 1777//1 1779//1 1780//1
f 1781//2 1782//2 1783//2
f 1781//2 1783//2 1784//2
f 1780//3 1779//4 1783//5
f 1780//3 1783//5 1782//6
f 1777//7 1781//7 1784//7
f 1777//7 1784//7 1778//7
f 1778//1 1785//1 1786//1
f 1778//1 1786//1 1779//1
f 1784//2 1783//2 1787//2
f 1784//2 1787//2 1788//2
f 1779//4 1786//8 1787//9
f 1779//4 1787//9 1783//5
f 1778//7 1784//7 1788//7
f 1778//7 1788//7 1785//7
f 1785//1 1789//1 1790//1
f 1785//1 1790//1 1786//1
f 1788//2 1787//2 1791//2
f 1788//2 1791//2 1792//2
f 1786//8 1790//10 1791//11
f 1786//8 1791//11 1787//9
f 1785//7 1788//7 1792//7
f 1785//7 1792//7 1789//7
f 1789//1 1793//1 1794//1
f 1789//1 1794//1 1790//1
f 1792//2 1791//2 1795//2
f 1792//2 1795//2 1796//2
f 1790//10 1794//12 1795//13
f 1790//10 1795//13 1791//11
f 1789//7 1792//7 1796//7
f 1789//7 1796//7 1793//7
f 1793//1 1797//1 1798//1
f 1793//1 1798//1 1794//1
f 1796//2 1795//2 1799//2
f 1796//2 1799//2 1800//2
f 1794//12 1798//14 1799//15
f 1794//12 1799//15 1795//13
f 1793//16 1796//16 1800//16
f 1793//16 1800//16 1797//16
f 1797//1 1801//1 1802//1
f 1797//1 1802//1 1798//1
f 1800//2 1799//2 1803//2
f 1800//2 1803//2 1804//2
f 1798//14 1802//17 1803//18
f 1798//14 1803//18 1799//15
f 1797//16 1800//16 1804//16
f 1797//16 1804//16 1801//16
f 1801//1 1805//1 1806//1
f 1801//1 1806//1 1802//1
f 1804//2 1803//2 1807//2
f 1804//2 1807//2 1808//2
f 1802//17 1806//19 1807//20
f 1802//17 1807//20 1803//18
f 1801//16 1804//16 1808//16
f 1801//16 1808//16 1805//16
f 1805//1 1809//1 1810//1
f 1805//1 1810//1 1806//1
f 1808//2 1807//2 1811//2
f 1808//2 1811//2 1812//2
f 1806//19 1810//21 1811//22
f 1806//19 1811//22 1807//20
f 1805//16 1808//16 1812//16
f 1805//16 1812//16 1809//16
f 1809//1 1813//1 1814//1
f 1809//1 1814//1 1810//1
f 1812//2 1811//2 1815//2
f 1812//2 1815//2 1816//2
f 1810//21 1814//23 1815//24
f 1810//21 1815//24 1811//22
f 1809//16 1812//16 1816//16
f 1809//16 1816//16 1813//16
f 1813//1 1817//1 1818//1
f 1813//1 1818//1 1814//1
f 1816//2 1815//2 1819//2
f 1816//2 1819//2 1820//2
f 1814//23 1818//25 1819//26
f 1814//23 1819//26 1815//24
f 1813//16 1816//16 1820//16
f 1813//16 1820//16 1817//16
f 1817//1 1821//1 1822//1
f 1817//1 1822//1 1818//1
f 1820//2 1819//2 1823//2
f 1820//2 1823//2 1824//2
f 1818//25 1822//27 1823//28
f 1818//25 1823//28 1819//26
f 1817//16 1820//16 1824//16
f 1817//16 1824//16 1821//16
f 1821//1 1025//1 1825//1
f 1821//1 1825//1 1822//1
f 1824//2 1823//2 1826//2
f 1824//2 1826//2 1028//2
f 1822//27 1825//29 1826//30
f 1822//27 1826//30 1823//28
f 1821//16 1824//16 1028//16
f 1821//16 1028//16 1025//16
f 1025//1 1021//1 1827//1
f 1025//1 1827//1 1825//1
f 1028//2 1826//2 1828//2
f 1028//2 1828//2 1024//2
f 1825//29 1827//31 1828//32
f 1825//29 1828//32 1826//30
f 1025//33 1028//33 1024//33
f 1025//33 1024//33 1021//33
f 1021//1 1017//1 1829//1
f 1021//1 1829//1 1827//1
f 1024//2 1828//2 1830//2
f 1024//2 1830//2 1020//2
f 1827//31 1829//34 1830//35
f 1827//31 1830//35 1828//32
f 1021//33 1024//33 1020//33
f 1021//33 1020//33 1017//33
f 1017//1 1010//1 1831//1
f 1017//1 1831//1 1829//1
f 1020//2 1830//2 1832//2
f 1020//2 1832//2 1016//2
f 1829//34 1831//36 1832//37
f 1829//34 1832//37 1830//35
f 1017//33 1020//33 1016//33
f 1017//33 1016//33 1010//33
f 1010//1 1009//1 1833//1
f 1010//1 1833//1 1831//1
f 1016//2 1832//2 1834//2
f 1016//2 1834//2 1013//2
f 1831//36 1833//38 1834//39
f 1831//36 1834//39 1832//37
f 1010//33 1016//33 1013//33
f 1010//33 1013//33 1009//33
f 1009//1 1099//1 1835//1
f 1009//1 1835//1 1833//1
f 1013//2 1834//2 1836//2
f 1013//2 1836//2 1102//2
f 1833//38 1835//40 1836//41
f 1833//38 1836//41 1834//39
f 1009//33 1013//33 1102//33
f 1009//33 1102//33 1099//33
f 1099//1 1095//1 1837//1
f 1099//1 1837//1 1835//1
f 1102//2 1836//2 1838//2
f 1102//2 1838//2 1098//2
f 1835//40 1837//42 1838//43
f 1835//40 1838//43 1836//41
f 1099//33 1102//33 1098//33
f 1099//33 1098//33 1095//33
f 1095//1 1091//1 1839//1
f 1095//1 1839//1 1837//1
f 1098//2 1838//2 1840//2
f 1098//2 1840//2 1094//2
f 1837//42 1839//44 1840//45
f 1837//42 1840//45 1838//43
f 1095//33 1098//33 1094//33
f 1095//33 1094//33 1091//33
f 1091//1 915//1 1841//1
f 1091//1 1841//1 1839//1
f 1094//2 1840//2 1842//2
f 1094//2 1842//2 918//2
f 1839//44 1841//46 1842//47
f 1839//44 1842//47 1840//45
f 1091//33 1094//33 918//33
f 1091//33 918//33 915//33
f 915//1 1711//1 1843//1
f 915//1 1843//1 1841//1
f 918//2 1842//2 1844//2
f 918//2 1844//2 1714//2
f 1841//46 1843//48 1844//49
f 1841//46 1844//49 1842//47
f 915//50 918//50 1714//50
f 915//50 1714//50 1711//50
f 1711//1 1707//1 1845//1
f 1711//1 1845//1 1843//1
f 1714//2 1844//2 1846//2
f 1714//2 1846//2 1710//2
f 1843//48 1845//51 1846//52
f 1843//48 1846//52 1844//49
f 1711//50 1714//50 1710//50
f 1711//50 1710//50 1707//50
f 1707//1 1703//1 1847//1
f 1707//1 1847//1 1845//1
f 1710//2 1846//2 1848//2
f 1710//2 1848//2 1706//2
f 1845//51 1847//53 1848//54
f 1845//51 1848//54 1846//52
f 1707//50 1710//50 1706//50
f 1707//50 1706//50 1703//50
f 1703//1 1699//1 1849//1
f 1703//1 1849//1 1847//1
f 1706//2 1848//2 1850//2
f 1706//2 1850//2 1702//2
f 1847//53 1849//55 1850//56
f 1847//53 1850//56 1848//54
f 1703//50 1706//50 1702//50
f 1703//50 1702//50 1699//50
f 1699//1 1695//1 1851//1
f 1699//1 1851//1 1849//1
f 1702//2 1850//2 1852//2
f 1702//2 1852//2 1698//2
f 1849//55 1851//57 1852//58
f 1849//55 1852//58 1850//56
f 1699//50 1702//50 1698//50
f 1699//50 1698//50 1695//50
f 1695//1 1691//1 1853//1
f 1695//1 1853//1 1851//1
f 1698//2 1852//2 1854//2
f 1698//2 1854//2 1694//2
f 1851//57 1853//59 1854//60
f 1851//57 1854//60 1852//58
f 1695//50 1698//50 1694//50
f 1695//50 1694//50 1691//50
f 1691//1 1687//1 1855//1
f 1691//1 1855//1 1853//1
f 1694//2 1854//2 1856//2
f 1694//2 1856//2 1690//2
f 1853//59 1855//61 1856//62
f 1853//59 1856//62 1854//60
f 1691//50 1694//50 1690//50
f 1691//50 1690//50 1687//50
f 1687//1 1683//1 1857//1
f 1687//1 1857//1 1855//1
f 1690//2 1856//2 1858//2
f 1690//2 1858//2 1686//2
f 1855//61 1857//63 1858//64
f 1855//61 1858//64 1856//62
f 1687//50 1690//50 1686//50
f 1687//50 1686//50 1683//50
f 1683//1 1859//1 1860//1
f 1683//1 1860//1 1857//1
f 1686//2 1858//2 1861//2
f 1686//2 1861//2 1862//2
f 1857//63 1860//65 1861//66
f 1857//63 1861//66 1858//64
f 1683//7 1686//7 1862//7
f 1683//7 1862//7 1859//7
f 1859//1 1863//1 1864//1
f 1859//1 1864//1 1860//1
f 1862//2 1861//2 1865//2
f 1862//2 1865//2 1866//2
f 1860//65 1864//67 1865//68
f 1860//65 1865//68 1861//66
f 1859//7 1862//7 1866//7
f 1859//7 1866//7 1863//7
f 1863//1 1867//1 1868//1
f 1863//1 1868//1 1864//1
f 1866//2 1865//2 1869//2
f 1866//2 1869//2 1870//2
f 1864//67 1868//69 1869//70
f 1864//67 1869//70 1865//68
f 1863//7 1866//7 1870//7
f 1863//7 1870//7 1867//7
f 1867//1 1777//1 1780//1
f 1867//1 1780//1 1868//1
f 1870//2 1869//2 1782//2
f 1870//2 1782//2 1781//2
f 1868//69 1780//3 1782//6
f 1868//69 1782//6 1869//70
f 1867//7 1870//7 1781//7
f 1867//7 1781//7 1777//7
f 1871//1 1872//1 1873//1
f 1871//1 1873//1 1874//1
f 1875//2 1876//2 1877//2
f 1875//2 1877//2 1878//2
f 1874//3 1873//4 1877//5
f 1874//3 1877//5 1876//6
f 1871//7 1875//7 1878//7
f 1871//7 1878//7 1872//7
f 1872//1 1879//1 1880//1
f 1872//1 1880//1 1873//1
f 1878//2 1877//2 1881//2
f 1878//2 1881//2 1882//2
f 1873//4 1880//8 1881//9
f 1873//4 1881//9 1877//5
f 1872//7 1878//7 1882//7
f 1872//7 1882//7 1879//7
f 1879//1 1883//1 1884//1
f 1879//1 1884//1 1880//1
f 1882//2 1881//2 1885//2
f 1882//2 1885//2 1886//2
f 1880//8 1884//10 1885//11
f 1880//8 1885//11 1881//9
f 1879//7 1882//7 1886//7
f 1879//7 1886//7 1883//7
f 1883//1 1887//1 1888//1
f 1883//1 1888//1 1884//1
f 1886//2 1885//2 1889//2
f 1886//2 1889//2 1890//2
f 1884//10 1888//12 1889//13
f 1884//10 1889//13 1885//11
f 1883//7 1886//7 1890//7
f 1883//7 1890//7 1887//7
f 1887//1 1891//1 1892//1
f 1887//1 1892//1 1888//1
f 1890//2 1889//2 1893//2
f 1890//2 1893//2 1894//2
f 1888//12 1892//14 1893//15
f 1888//12 1893//15 1889//13
f 1887//16 1890//16 1894//16
f 1887//16 1894//16 1891//16
f 1891//1 1895//1 1896//1
f 1891//1 1896//1 1892//1
f 1894//2 1893//2 1897//2
f 1894//2 1897//2 1898//2
f 1892//14 1896//17 1897//18
f 1892//14 1897//18 1893//15
f 1891//16 1894//16 1898//16
f 1891//16 1898//16 1895//16
f 1895//1 1899//1 1900//1
f 1895//1 1900//1 1896//1
f 1898//2 1897//2 1901//2
f 1898//2 1901//2 1902//2
f 1896//17 1900//19 1901//20
f 1896//17 1901//20 1897//18
f 1895//16 1898//16 1902//16
f 1895//16 1902//16 1899//16
f 1899//1 1903//1 1904//1
f 1899//1 1904//1 1900//1
f 1902//2 1901//2 1905//2
f 1902//2 1905//2 1906//2
f 1900//19 1904//21 1905//22
f 1900//19 1905//22 1901//20
f 1899//16 1902//16 1906//16
f 1899//16 1906//16 1903//16
f 1903//1 1907//1 1908//1
f 1903//1 1908//1 1904//1
f 1906//2 1905//2 1909//2
f 1906//2 1909//2 1910//2
f 1904//21 1908//23 1909//24
f 1904//21 1909//24 1905//22
f 1903//16 1906//16 1910//16
f 1903//16 1910//16 1907//16
f 1907//1 1911//1 1912//1
f 1907//1 1912//1 1908//1
f 1910//2 1909//2 1913//2
f 1910//2 1913//2 1914//2
f 1908//23 1912//25 1913//26
f 1908//23 1913//26 1909//24
f 1907//16 1910//16 1914//16
f 1907//16 1914//16 1911//16
f 1911//1 1915//1 1916//1
f 1911//1 1916//1 1912//1
f 1914//2 1913//2 1917//2
f 1914//2 1917//2 1918//2
f 1912//25 1916//27 1917//28
f 1912//25 1917//28 1913//26
f 1911//16 1914//16 1918//16
f 1911//16 1918//16 1915//16
f 1915//1 1119//1 1919//1
f 1915//1 1919//1 1916//1
f 1918//2 1917//2 1920//2
f 1918//2 1920//2 1122//2
f 1916//27 1919//29 1920//30
f 1916//27 1920//30 1917//28
f 1915//16 1918//16 1122//16
f 1915//16 1122//16 1119//16
f 1119//1 1115//1 1921//1
f 1119//1 1921//1 1919//1
f 1122//2 1920//2 1922//2
f 1122//2 1922//2 1118//2
f 1919//29 1921//31 1922//32
f 1919//29 1922//32 1920//30
f 1119//33 1122//33 1118//33
f 1119//33 1118//33 1115//33
f 1115//1 1111//1 1923//1
f 1115//1 1923//1 1921//1
f 1118//2 1922//2 1924//2
f 1118//2 1924//2 1114//2
f 1921//31 1923//34 1924//35
f 1921//31 1924//35 1922//32
f 1115//33 1118//33 1114//33
f 1115//33 1114//33 1111//33
f 1111//1 1104//1 1925//1
f 1111//1 1925//1 1923//1
f 1114//2 1924//2 1926//2
f 1114//2 1926//2 1110//2
f 1923//34 1925//36 1926//37
f 1923//34 1926//37 1924//35
f 1111//33 1114//33 1110//33
f 1111//33 1110//33 1104//33
f 1104//1 1103//1 1927//1
f 1104//1 1927//1 1925//1
f 1110//2 1926//2 1928//2
f 1110//2 1928//2 1107//2
f 1925//36 1927//38 1928//39
f 1925//36 1928//39 1926//37
f 1104//33 1110//33 1107//33
f 1104//33 1107//33 1103//33
f 1103//1 1193//1 1929//1
f 1103//1 1929//1 1927//1
f 1107//2 1928//2 1930//2
f 1107//2 1930//2 1196//2
f 1927//38 1929//40 1930//41
f 1927//38 1930//41 1928//39
f 1103//33 1107//33 1196//33
f 1103//33 1196//33 1193//33
f 1193//1 1189//1 1931//1
f 1193//1 1931//1 1929//1
f 1196//2 1930//2 1932//2
f 1196//2 1932//2 1192//2
f 1929//40 1931//42 1932//43
f 1929//40 1932//43 1930//41
f 1193//33 1196//33 1192//33
f 1193//33 1192//33 1189//33
f 1189//1 1185//1 1933//1
f 1189//1 1933//1 1931//1
f 1192//2 1932//2 1934//2
f 1192//2 1934//2 1188//2
f 1931//42 1933//44 1934//45
f 1931//42 1934//45 1932//43
f 1189//33 1192//33 1188//33
f 1189//33 1188//33 1185//33
f 1185//1 1025//1 1935//1
f 1185//1 1935//1 1933//1
f 1188//2 1934//2 1936//2
f 1188//2 1936//2 1028//2
f 1933//44 1935//46 1936//47
f 1933//44 1936//47 1934//45
f 1185//33 1188//33 1028//33
f 1185//33 1028//33 1025//33
f 1025//1 1821//1 1937//1
f 1025//1 1937//1 1935//1
f 1028//2 1936//2 1938//2
f 1028//2 1938//2 1824//2
f 1935//46 1937//48 1938//49
f 1935//46 1938//49 1936//47
f 1025//50 1028//50 1824//50
f 1025//50 1824//50 1821//50
f 1821//1 1817//1 1939//1
f 1821//1 1939//1 1937//1
f 1824//2 1938//2 1940//2
f 1824//2 1940//2 1820//2
f 1937//48 1939//51 1940//52
f 1937//48 1940//52 1938//49
f 1821//50 1824//50 1820//50
f 1821//50 1820//50 1817//50
f 1817//1 1813//1 1941//1
f 1817//1 1941//1 1939//1
f 1820//2 1940//2 1942//2
f 1820//2 1942//2 1816//2
f 1939//51 1941//53 1942//54
f 1939//51 1942//54 1940//52
f 1817//50 1820//50 1816//50
f 1817//50 1816//50 1813//50
f 1813//1 1809//1 1943//1
f 1813//1 1943//1 1941//1
f 1816//2 1942//2 1944//2
f 1816//2 1944//2 1812//2
f 1941//53 1943//55 1944//56
f 1941//53 1944//56 1942//54
f 1813//50 1816//50 1812//50
f 1813//50 1812//50 1809//50
f 1809//1 1805//1 1945//1
f 1809//1 1945//1 1943//1
f 1812//2 1944//2 1946//2
f 1812//2 1946//2 1808//2
f 1943//55 1945//57 1946//58
f 1943//55 1946//58 1944//56
f 1809//50 1812//50 1808//50
f 1809//50 1808//50 1805//50
f 1805//1 1801//1 1947//1
f 1805//1 1947//1 1945//1
f 1808//2 1946//2 1948//2
f 1808//2 1948//2 1804//2
f 1945//57 1947//59 1948//60
f 1945//57 1948//60 1946//58
f 1805//50 1808//50 1804//50
f 1805//50 1804//50 1801//50
f 1801//1 1797//1 1949//1
f 1801//1 1949//1 1947//1
f 1804//2 1948//2 1950//2
f 1804//2 1950//2 1800//2
f 1947//59 1949//61 1950//62
f 1947//59 1950//62 1948//60
f 1801//50 1804//50 1800//50
f 1801//50 1800//50 1797//50
f 1797//1 1793//1 1951//1
f 1797//1 1951//1 1949//1
f 1800//2 1950//2 1952//2
f 1800//2 1952//2 1796//2
f 1949//61 1951//63 1952//64
f 1949//61 1952//64 1950//62
f 1797//50 1800//50 1796//50
f 1797//50 1796//50 1793//50
f 1793//1 1953//1 1954//1
f 1793//1 1954//1 1951//1
f 1796//2 1952//2 1955//2
f 1796//2 1955//2 1956//2
f 1951//63 1954//65 1955//66
f 1951//63 1955//66 1952//64
f 1793//7 1796//7 1956//7
f 1793//7 1956//7 1953//7
f 1953//1 1957//1 1958//1
f 1953//1 1958//1 1954//1
f 1956//2 1955//2 1959//2
f 1956//2 1959//2 1960//2
f 1954//65 1958//67 1959//68
f 1954//65 1959//68 1955//66
f 1953//7 1956//7 1960//7
f 1953//7 1960//7 1957//7
f 1957//1 1961//1 1962//1
f 1957//1 1962//1 1958//1
f 1960//2 1959//2 1963//2
f 1960//2 1963//2 1964//2
f 1958//67 1962//69 1963//70
f 1958//67 1963//70 1959//68
f 1957//7 1960//7 1964//7
f 1957//7 1964//7 1961//7
f 1961//1 1871//1 1874//1
f 1961//1 1874//1 1962//1
f 1964//2 1963//2 1876//2
f 1964//2 1876//2 1875//2
f 1962//69 1874//3 1876//6
f 1962//69 1876//6 1963//70
f 1961//7 1964//7 1875//7
f 1961//7 1875//7 1871//7
f 1965//1 1966//1 1967//1
f 1965//1 1967//1 1968//1
f 1969//2 1970//2 1971//2
f 1969//2 1971//2 1972//2
f 1968//3 1967//4 1971//5
f 1968//3 1971//5 1970//6
f 1965//7 1969//7 1972//7
f 1965//7 1972//7 1966//7
f 1966//1 1973//1 1974//1
f 1966//1 1974//1 1967//1
f 1972//2 1971//2 1975//2
f 1972//2 1975//2 1976//2
f 1967//4 1974//8 1975//9
f 1967//4 1975//9 1971//5
f 1966//7 1972//7 1976//7
f 1966//7 1976//7 1973//7
f 1973//1 1977//1 1978//1
f 1973//1 1978//1 1974//1
f 1976//2 1975//2 1979//2
f 1976//2 1979//2 1980//2
f 1974//8 1978//10 1979//11
f 1974//8 1979//11 1975//9
f 1973//7 1976//7 1980//7
f 1973//7 1980//7 1977//7
f 1977//1 1981//1 1982//1
f 1977//1 1982//1 1978//1
f 1980//2 1979//2 1983//2
f 1980//2 1983//2 1984//2
f 1978//10 1982//12 1983//13
f 1978//10 1983//13 1979//11
f 1977//7 1980//7 1984//7
f 1977//7 1984//7 1981//7
f 1981//1 1985//1 1986//1
f 1981//1 1986//1 1982//1
f 1984//2 1983//2 1987//2
f 1984//2 1987//2 1988//2
f 1982//12 1986//14 1987//15
f 1982//12 1987//15 1983//13
f 1981//16 1984//16 1988//16
f 1981//16 1988//16 1985//16
f 1985//1 1989//1 1990//1
f 1985//1 1990//1 1986//1
f 1988//2 1987//2 1991//2
f 1988//2 1991//2 1992//2
f 1986//14 1990//17 1991//18
f 1986//14 1991//18 1987//15
f 1985//16 1988//16 1992//16
f 1985//16 1992//16 1989//16
f 1989//1 1993//1 1994//1
f 1989//1 1994//1 1990//1
f 1992//2 1991//2 1995//2
f 1992//2 1995//2 1996//2
f 1990//17 1994//19 1995//20
f 1990//17 1995//20 1991//18
f 1989//16 1992//16 1996//16
f 1989//16 1996//16 1993//16
f 1993//1 1997//1 1998//1
f 1993//1 1998//1 1994//1
f 1996//2 1995//2 1999//2
f 1996//2 1999//2 2000//2
f 1994//19 1998//21 1999//22
f 1994//19 1999//22 1995//20
f 1993//16 1996//16 2000//16
f 1993//16 2000//16 1997//16
f 1997//1 2001//1 2002//1
f 1997//1 2002//1 1998//1
f 2000//2 1999//2 2003//2
f 2000//2 2003//2 2004//2
f 1998//21 2002//23 2003//24
f 1998//21 2003//24 1999//22
f 1997//16 2000//16 2004//16
f 1997//16 2004//16 2001//16
f 2001//1 2005//1 2006//1
f 2001//1 2006//1 2002//1
f 2004//2 2003//2 2007//2
f 2004//2 2007//2 2008//2
f 2002//23 2006//25 2007//26
f 2002//23 2007//26 2003//24
f 2001//16 2004//16 2008//16
f 2001//16 2008//16 2005//16
f 2005//1 2009//1 2010//1
f 2005//1 2010//1 2006//1
f 2008//2 2007//2 2011//2
f 2008//2 2011//2 2012//2
f 2006//25 2010//27 2011//28
f 2006//25 2011//28 2007//26
f 2005//16 2008//16 2012//16
f 2005//16 2012//16 2009//16
f 2009//1 1213//1 2013//1
f 2009//1 2013//1 2010//1
f 2012//2 2011//2 2014//2
f 2012//2 2014//2 1216//2
f 2010//27 2013//29 2014//30
f 2010//27 2014//30 2011//28
f 2009//16 2012//16 1216//16
f 2009//16 1216//16 1213//16
f 1213//1 1209//1 2015//1
f 1213//1 2015//1 2013//1
f 1216//2 2014//2 2016//2
f 1216//2 2016//2 1212//2
f 2013//29 2015//31 2016//32
f 2013//29 2016//32 2014//30
f 1213//33 1216//33 1212//33
f 1213//33 1212//33 1209//33
f 1209//1 1205//1 2017//1
f 1209//1 2017//1 2015//1
f 1212//2 2016//2 2018//2
f 1212//2 2018//2 1208//2
f 2015//31 2017//34 2018//35
f 2015//31 2018//35 2016//32
f 1209//33 1212//33 1208//33
f 1209//33 1208//33 1205//33
f 1205//1 1198//1 2019//1
f 1205//1 2019//1 2017//1
f 1208//2 2018//2 2020//2
f 1208//2 2020//2 1204//2
f 2017//34 2019//36 2020//37
f 2017//34 2020//37 2018//35
f 1205//33 1208//33 1204//33
f 1205//33 1204//33 1198//33
f 1198//1 1197//1 2021//1
f 1198//1 2021//1 2019//1
f 1204//2 2020//2 2022//2
f 1204//2 2022//2 1201//2
f 2019//36 2021//38 2022//39
f 2019//36 2022//39 2020//37
f 1198//33 1204//33 1201//33
f 1198//33 1201//33 1197//33
f 1197//1 1287//1 2023//1
f 1197//1 2023//1 2021//1
f 1201//2 2022//2 2024//2
f 1201//2 2024//2 1290//2
f 2021//38 2023//40 2024//41
f 2021//38 2024//41 2022//39
f 1197//33 1201//33 1290//33
f 1197//33 1290//33 1287//33
f 1287//1 1283//1 2025//1
f 1287//1 2025//1 2023//1
f 1290//2 2024//2 2026//2
f 1290//2 2026//2 1286//2
f 2023//40 2025//42 2026//43
f 2023//40 2026//43 2024//41
f 1287//33 1290//33 1286//33
f 1287//33 1286//33 1283//33
f 1283//1 1279//1 2027//1
f 1283//1 2027//1 2025//1
f 1286//2 2026//2 2028//2
f 1286//2 2028//2 1282//2
f 2025//42 2027//44 2028//45
f 2025//42 2028//45 2026//43
f 1283//33 1286//33 1282//33
f 1283//33 1282//33 1279//33
f 1279//1 1119//1 2029//1
f 1279//1 2029//1 2027//1
f 1282//2 2028//2 2030//2
f 1282//2 2030//2 1122//2
f 2027//44 2029//46 2030//47
f 2027//44 2030//47 2028//45
f 1279//33 1282//33 1122//33
f 1279//33 1122//33 1119//33
f 1119//1 1915//1 2031//1
f 1119//1 2031//1 2029//1
f 1122//2 2030//2 2032//2
f 1122//2 2032//2 1918//2
f 2029//46 2031//48 2032//49
f 2029//46 2032//49 2030//47
f 1119//50 1122//50 1918//50
f 1119//50 1918//50 1915//50
f 1915//1 1911//1 2033//1
f 1915//1 2033//1 2031//1
f 1918//2 2032//2 2034//2
f 1918//2 2034//2 1914//2
f 2031//48 2033//51 2034//52
f 2031//48 2034//52 2032//49
f 1915//50 1918//50 1914//50
f 1915//50 1914//50 1911//50
f 1911//1 1907//1 2035//1
f 1911//1 2035//1 2033//1
f 1914//2 2034//2 2036//2
f 1914//2 2036//2 1910//2
f 2033//51 2035//53 2036//54
f 2033//51 2036//54 2034//52
f 1911//50 1914//50 1910//50
f 1911//50 1910//50 1907//50
f 1907//1 1903//1 2037//1
f 1907//1 2037//1 2035//1
f 1910//2 2036//2 2038//2
f 1910//2 2038//2 1906//2
f 2035//53 2037//55 2038//56
f 2035//53 2038//56 2036//54
f 1907//50 1910//50 1906//50
f 1907//50 1906//50 1903//50
f 1903//1 1899//1 2039//1
f 1903//1 2039//1 2037//1
f 1906//2 2038//2 2040//2
f 1906//2 2040//2 1902//2
f 2037//55 2039//57 2040//58
f 2037//55 2040//58 2038//56
f 1903//50 1906//50 1902//50
f 1903//50 1902//50 1899//50
f 1899//1 1895//1 2041//1
f 1899//1 2041//1 2039//1
f 1902//2 2040//2 2042//2
f 1902//2 2042//2 1898//2
f 2039//57 2041//59 2042//60
f 2039//57 2042//60 2040//58
f 1899//50 1902//50 1898//50
f 1899//50 1898//50 1895//50
f 1895//1 1891//1 2043//1
f 1895//1 2043//1 2041//1
f 1898//2 2042//2 2044//2
f 1898//2 2044//2 1894//2
f 2041//59 2043//61 2044//62
f 2041//59 2044//62 2042//60
f 1895//50 1898//50 1894//50
f 1895//50 1894//50 1891//50
f 1891//1 1887//1 2045//1
f 1891//1 2045//1 2043//1
f 1894//2 2044//2 2046//2
f 1894//2 2046//2 1890//2
f 2043//61 2045//63 2046//64
f 2043//61 2046//64 2044//62
f 1891//50 1894//50 1890//50
f 1891//50 1890//50 1887//50
f 1887//1 2047//1 2048//1
f 1887//1 2048//1 2045//1
f 1890//2 2046//2 2049//2
f 1890//2 2049//2 2050//2
f 2045//63 2048//65 2049//66
f 2045//63 2049//66 2046//64
f 1887//7 1890//7 2050//7
f 1887//7 2050//7 2047//7
f 2047//1 2051//1 2052//1
f 2047//1 2052//1 2048//1
f 2050//2 2049//2 2053//2
f 2050//2 2053//2 2054//2
f 2048//65 2052//67 2053//68
f 2048//65 2053//68 2049//66
f 2047//7 2050//7 2054//7
f 2047//7 2054//7 2051//7
f 2051//1 2055//1 2056//1
f 2051//1 2056//1 2052//1
f 2054//2 2053//2 2057//2
f 2054//2 2057//2 2058//2
f 2052//67 2056//69 2057//70
f 2052//67 2057//70 2053//68
f 2051//7 2054//7 2058//7
f 2051//7 2058//7 2055//7
f 2055//1 1965//1 1968//1
f 2055//1 1968//1 2056//1
f 2058//2 2057//2 1970//2
f 2058//2 1970//2 1969//2
f 2056//69 1968//3 1970//6
f 2056//69 1970//6 2057//70
f 2055//7 2058//7 1969//7
f 2055//7 1969//7 1965//7
f 2059//1 2060//1 2061//1
f 2059//1 2061//1 2062//1
f 2063//2 2064//2 2065//2
f 2063//2 2065//2 2066//2
f 2062//3 2061//4 2065//5
f 2062//3 2065//5 2064//6
f 2059//7 2063//7 2066//7
f 2059//7 2066//7 2060//7
f 2060//1 2067//1 2068//1
f 2060//1 2068//1 2061//1
f 2066//2 2065//2 2069//2
f 2066//2 2069//2 2070//2
f 2061//4 2068//8 2069//9
f 2061//4 2069//9 2065//5
f 2060//7 2066//7 2070//7
f 2060//7 2070//7 2067//7
f 2067//1 2071//1 2072//1
f 2067//1 2072//1 2068//1
f 2070//2 2069//2 2073//2
f 2070//2 2073//2 2074//2
f 2068//8 2072//10 2073//11
f 2068//8 2073//11 2069//9
f 2067//7 2070//7 2074//7
f 2067//7 2074//7 2071//7
f 2071//1 2075//1 2076//1
f 2071//1 2076//1 2072//1
f 2074//2 2073//2 2077//2
f 2074//2 2077//2 2078//2
f 2072//10 2076//12 2077//13
f 2072//10 2077//13 2073//11
f 2071//7 2074//7 2078//7
f 2071//7 2078//7 2075//7
f 2075//1 2079//1 2080//1
f 2075//1 2080//1 2076//1
f 2078//2 2077//2 2081//2
f 2078//2 2081//2 2082//2
f 2076//12 2080//14 2081//15
f 2076//12 2081//15 2077//13
f 2075//16 2078//16 2082//16
f 2075//16 2082//16 2079//16
f 2079//1 2083//1 2084//1
f 2079//1 2084//1 2080//1
f 2082//2 2081//2 2085//2
f 2082//2 2085//2 2086//2
f 2080//14 2084//17 2085//18
f 2080//14 2085//18 2081//15
f 2079//16 2082//16 2086//16
f 2079//16 2086//16 2083//16
f 2083//1 2087//1 2088//1
f 2083//1 2088//1 2084//1
f 2086//2 2085//2 2089//2
f 2086//2 2089//2 2090//2
f 2084//17 2088//19 2089//20
f 2084//17 2089//20 2085//18
f 2083//16 2086//16 2090//16
f 2083//16 2090//16 2087//16
f 2087//1 2091//1 2092//1
f 2087//1 2092//1 2088//1
f 2090//2 2089//2 2093//2
f 2090//2 2093//2 2094//2
f 2088//19 2092//21 2093//22
f 2088//19 2093//22 2089//20
f 2087//16 2090//16 2094//16
f 2087//16 2094//16 2091//16
f 2091//1 2095//1 2096//1
f 2091//1 2096//1 2092//1
f 2094//2 2093//2 2097//2
f 2094//2 2097//2 2098//2
f 2092//21 2096//23 2097//24
f 2092//21 2097//24 2093//22
f 2091//16 2094//16 2098//16
f 2091//16 2098//16 2095//16
f 2095//1 2099//1 2100//1
f 2095//1 2100//1 2096//1
f 2098//2 2097//2 2101//2
f 2098//2 2101//2 2102//2
f 2096//23 2100//25 2101//26
f 2096//23 2101//26 2097//24
f 2095//16 2098//16 2102//16
f 2095//16 2102//16 2099//16
f 2099//1 2103//1 2104//1
f 2099//1 2104//1 2100//1
f 2102//2 2101//2 2105//2
f 2102//2 2105//2 2106//2
f 2100//25 2104//27 2105//28
f 2100//25 2105//28 2101//26
f 2099//16 2102//16 2106//16
f 2099//16 2106//16 2103//16
f 2103//1 1307//1 2107//1
f 2103//1 2107//1 2104//1
f 2106//2 2105//2 2108//2
f 2106//2 2108//2 1310//2
f 2104//27 2107//29 2108//30
f 2104//27 2108//30 2105//28
f 2103//16 2106//16 1310//16
f 2103//16 1310//16 1307//16
f 1307//1 1303//1 2109//1
f 1307//1 2109//1 2107//1
f 1310//2 2108//2 2110//2
f 1310//2 2110//2 1306//2
f 2107//29 2109//31 2110//32
f 2107//29 2110//32 2108//30
f 1307//33 1310//33 1306//33
f 1307//33 1306//33 1303//33
f 1303//1 1299//1 2111//1
f 1303//1 2111//1 2109//1
f 1306//2 2110//2 2112//2
f 1306//2 2112//2 1302//2
f 2109//31 2111//34 2112//35
f 2109//31 2112//35 2110//32
f 1303//33 1306//33 1302//33
f 1303//33 1302//33 1299//33
f 1299//1 1292//1 2113//1
f 1299//1 2113//1 2111//1
f 1302//2 2112//2 2114//2
f 1302//2 2114//2 1298//2
f 2111//34 2113//36 2114//37
f 2111//34 2114//37 2112//35
f 1299//33 1302//33 1298//33
f 1299//33 1298//33 1292//33
f 1292//1 1291//1 2115//1
f 1292//1 2115//1 2113//1
f 1298//2 2114//2 2116//2
f 1298//2 2116//2 1295//2
f 2113//36 2115//38 2116//39
f 2113//36 2116//39 2114//37
f 1292//33 1298//33 1295//33
f 1292//33 1295//33 1291//33
f 1291//1 1381//1 2117//1
f 1291//1 2117//1 2115//1
f 1295//2 2116//2 2118//2
f 1295//2 2118//2 1384//2
f 2115//38 2117//40 2118//41
f 2115//38 2118//41 2116//39
f 1291//33 1295//33 1384//33
f 1291//33 1384//33 1381//33
f 1381//1 1377//1 2119//1
f 1381//1 2119//1 2117//1
f 1384//2 2118//2 2120//2
f 1384//2 2120//2 1380//2
f 2117//40 2119//42 2120//43
f 2117//40 2120//43 2118//41
f 1381//33 1384//33 1380//33
f 1381//33 1380//33 1377//33
f 1377//1 1373//1 2121//1
f 1377//1 2121//1 2119//1
f 1380//2 2120//2 2122//2
f 1380//2 2122//2 1376//2
f 2119//42 2121//44 2122//45
f 2119//42 2122//45 2120//43
f 1377//33 1380//33 1376//33
f 1377//33 1376//33 1373//33
f 1373//1 1213//1 2123//1
f 1373//1 2123//1 2121//1
f 1376//2 2122//2 2124//2
f 1376//2 2124//2 1216//2
f 2121//44 2123//46 2124//47
f 2121//44 2124//47 2122//45
f 1373//33 1376//33 1216//33
f 1373//33 1216//33 1213//33
f 1213//1 2009//1 2125//1
f 1213//1 2125//1 2123//1
f 1216//2 2124//2 2126//2
f 1216//2 2126//2 2012//2
f 2123//46 2125//48 2126//49
f 2123//46 2126//49 2124//47
f 1213//50 1216//50 2012//50
f 1213//50 2012//50 2009//50
f 2009//1 2005//1 2127//1
f 2009//1 2127//1 2125//1
f 2012//2 2126//2 2128//2
f 2012//2 2128//2 2008//2
f 2125//48 2127//51 2128//52
f 2125//48 2128//52 2126//49
f 2009//50 2012//50 2008//50
f 2009//50 2008//50 2005//50
f 2005//1 2001//1 2129//1
f 2005//1 2129//1 2127//1
f 2008//2 2128//2 2130//2
f 2008//2 2130//2 2004//2
f 2127//51 2129//53 2130//54
f 2127//51 2130//54 2128//52
f 2005//50 2008//50 2004//50
f 2005//50 2004//50 2001//50
f 2001//1 1997//1 2131//1
f 2001//1 2131//1 2129//1
f 2004//2 2130//2 2132//2
f 2004//2 2132//2 2000//2
f 2129//53 2131//55 2132//56
f 2129//53 2132//56 2130//54
f 2001//50 2004//50 2000//50
f 2001//50 2000//50 1997//50
f 1997//1 1993//1 2133//1
f 1997//1 2133//1 2131//1
f 2000//2 2132//2 2134//2
f 2000//2 2134//2 1996//2
f 2131//55 2133//57 2134//58
f 2131//55 2134//58 2132//56
f 1997//50 2000//50 1996//50
f 1997//50 1996//50 1993//50
f 1993//1 1989//1 2135//1
f 1993//1 2135//1 2133//1
f 1996//2 2134//2 2136//2
f 1996//2 2136//2 1992//2
f 2133//57 2135//59 2136//60
f 2133//57 2136//60 2134//58
f 1993//50 1996//50 1992//50
f 1993//50 1992//50 1989//50
f 1989//1 1985//1 2137//1
f 1989//1 2137//1 2135//1
f 1992//2 2136//2 2138//2
f 1992//2 2138//2 1988//2
f 2135//59 2137//61 2138//62
f 2135//59 2138//62 2136//60
f 1989//50 1992//50 1988//50
f 1989//50 1988//50 1985//50
f 1985//1 1981//1 2139//1
f 1985//1 2139//1 2137//1
f 1988//2 2138//2 2140//2
f 1988//2 2140//2 1984//2
f 2137//61 2139//63 2140//64
f 2137//61 2140//64 2138//62
f 1985//50 1988//50 1984//50
f 1985//50 1984//50 1981//50
f 1981//1 2141//1 2142//1
f 1981//1 2142//1 2139//1
f 1984//2 2140//2 2143//2
f 1984//2 2143//2 2144//2
f 2139//63 2142//65 2143//66
f 2139//63 2143//66 2140//64
f 1981//7 1984//7 2144//7
f 1981//7 2144//7 2141//7
f 2141//1 2145//1 2146//1
f 2141//1 2146//1 2142//1
f 2144//2 2143//2 2147//2
f 2144//2 2147//2 2148//2
f 2142//65 2146//67 2147//68
f 2142//65 2147//68 2143//66
f 2141//7 2144//7 2148//7
f 2141//7 2148//7 2145//7
f 2145//1 2149//1 2150//1
f 2145//1 2150//1 2146//1
f 2148//2 2147//2 2151//2
f 2148//2 2151//2 2152//2
f 2146//67 2150//69 2151//70
f 2146//67 2151//70 2147//68
f 2145//7 2148//7 2152//7
f 2145//7 2152//7 2149//7
f 2149//1 2059//1 2062//1
f 2149//1 2062//1 2150//1
f 2152//2 2151//2 2064//2
f 2152//2 2064//2 2063//2
f 2150//69 2062//3 2064//6
f 2150//69 2064//6 2151//70
f 2149//7 2152//7 2063//7
f 2149//7 2063//7 2059//7
f 2153//1 2154//1 2155//1
f 2153//1 2155//1 2156//1
f 2157//2 2158//2 2159//2
f 2157//2 2159//2 2160//2
f 2156//3 2155//4 2159//5
f 2156//3 2159//5 2158//6
f 2153//7 2157//7 2160//7
f 2153//7 2160//7 2154//7
f 2154//1 2161//1 2162//1
f 2154//1 2162//1 2155//1
f 2160//2 2159//2 2163//2
f 2160//2 2163//2 2164//2
f 2155//4 2162//8 2163//9
f 2155//4 2163//9 2159//5
f 2154//7 2160//7 2164//7
f 2154//7 2164//7 2161//7
f 2161//1 2165//1 2166//1
f 2161//1 2166//1 2162//1
f 2164//2 2163//2 2167//2
f 2164//2 2167//2 2168//2
f 2162//8 2166//10 2167//11
f 2162//8 2167//11 2163//9
f 2161//7 2164//7 2168//7
f 2161//7 2168//7 2165//7
f 2165//1 2169//1 2170//1
f 2165//1 2170//1 2166//1
f 2168//2 2167//2 2171//2
f 2168//2 2171//2 2172//2
f 2166//10 2170//12 2171//13
f 2166//10 2171//13 2167//11
f 2165//7 2168//7 2172//7
f 2165//7 2172//7 2169//7
f 2169//1 2173//1 2174//1
f 2169//1 2174//1 2170//1
f 2172//2 2171//2 2175//2
f 2172//2 2175//2 2176//2
f 2170//12 2174//14 2175//15
f 2170//12 2175//15 2171//13
f 2169//16 2172//16 2176//16
f 2169//16 2176//16 2173//16
f 2173//1 2177//1 2178//1
f 2173//1 2178//1 2174//1
f 2176//2 2175//2 2179//2
f 2176//2 2179//2 2180//2
f 2174//14 2178//17 2179//18
f 2174//14 2179//18 2175//15
f 2173//16 2176//16 2180//16
f 2173//16 2180//16 2177//16
f 2177//1 2181//1 2182//1
f 2177//1 2182//1 2178//1
f 2180//2 2179//2 2183//2
f 2180//2 2183//2 2184//2
f 2178//17 2182//19 2183//20
f 2178//17 2183//20 2179//18
f 2177//16 2180//16 2184//16
f 2177//16 2184//16 2181//16
f 2181//1 2185//1 2186//1
f 2181//1 2186//1 2182//1
f 2184//2 2183//2 2187//2
f 2184//2 2187//2 2188//2
f 2182//19 2186//21 2187//22
f 2182//19 2187//22 2183//20
f 2181//16 2184//16 2188//16
f 2181//16 2188//16 2185//16
f 2185//1 2189//1 2190//1
f 2185//1 2190//1 2186//1
f 2188//2 2187//2 2191//2
f 2188//2 2191//2 2192//2
f 2186//21 2190//23 2191//24
f 2186//21 2191//24 2187//22
f 2185//16 2188//16 2192//16
f 2185//16 2192//16 2189//16
f 2189//1 2193//1 2194//1
f 2189//1 2194//1 2190//1
f 2192//2 2191//2 2195//2
f 2192//2 2195//2 2196//2
f 2190//23 2194//25 2195//26
f 2190//23 2195//26 2191//24
f 2189//16 2192//16 2196//16
f 2189//16 2196//16 2193//16
f 2193//1 2197//1 2198//1
f 2193//1 2198//1 2194//1
f 2196//2 2195//2 2199//2
f 2196//2 2199//2 2200//2
f 2194//25 2198//27 2199//28
f 2194//25 2199//28 2195//26
f 2193//16 2196//16 2200//16
f 2193//16 2200//16 2197//16
f 2197//1 1401//1 2201//1
f 2197//1 2201//1 2198//1
f 2200//2 2199//2 2202//2
f 2200//2 2202//2 1404//2
f 2198//27 2201//29 2202//30
f 2198//27 2202//30 2199//28
f 2197//16 2200//16 1404//16
f 2197//16 1404//16 1401//16
f 1401//1 1397//1 2203//1
f 1401//1 2203//1 2201//1
f 1404//2 2202//2 2204//2
f 1404//2 2204//2 1400//2
f 2201//29 2203//31 2204//32
f 2201//29 2204//32 2202//30
f 1401//33 1404//33 1400//33
f 1401//33 1400//33 1397//33
f 1397//1 1393//1 2205//1
f 1397//1 2205//1 2203//1
f 1400//2 2204//2 2206//2
f 1400//2 2206//2 1396//2
f 2203//31 2205//34 2206//35
f 2203//31 2206//35 2204//32
f 1397//33 1400//33 1396//33
f 1397//33 1396//33 1393//33
f 1393//1 1386//1 2207//1
f 1393//1 2207//1 2205//1
f 1396//2 2206//2 2208//2
f 1396//2 2208//2 1392//2
f 2205//34 2207//36 2208//37
f 2205//34 2208//37 2206//35
f 1393//33 1396//33 1392//33
f 1393//33 1392//33 1386//33
f 1386//1 1385//1 2209//1
f 1386//1 2209//1 2207//1
f 1392//2 2208//2 2210//2
f 1392//2 2210//2 1389//2
f 2207//36 2209//38 2210//39
f 2207//36 2210//39 2208//37
f 1386//33 1392//33 1389//33
f 1386//33 1389//33 1385//33
f 1385//1 1475//1 2211//1
f 1385//1 2211//1 2209//1
f 1389//2 2210//2 2212//2
f 1389//2 2212//2 1478//2
f 2209//38 2211//40 2212//41
f 2209//38 2212//41 2210//39
f 1385//33 1389//33 1478//33
f 1385//33 1478//33 1475//33
f 1475//1 1471//1 2213//1
f 1475//1 2213//1 2211//1
f 1478//2 2212//2 2214//2
f 1478//2 2214//2 1474//2
f 2211//40 2213//42 2214//43
f 2211//40 2214//43 2212//41
f 1475//33 1478//33 1474//33
f 1475//33 1474//33 1471//33
f 1471//1 1467//1 2215//1
f 1471//1 2215//1 2213//1
f 1474//2 2214//2 2216//2
f 1474//2 2216//2 1470//2
f 2213//42 2215//44 2216//45
f 2213//42 2216//45 2214//43
f 1471//33 1474//33 1470//33
f 1471//33 1470//33 1467//33
f 1467//1 1307//1 2217//1
f 1467//1 2217//1 2215//1
f 1470//2 2216//2 2218//2
f 1470//2 2218//2 1310//2
f 2215//44 2217//46 2218//47
f 2215//44 2218//47 2216//45
f 1467//33 1470//33 1310//33
f 1467//33 1310//33 1307//33
f 1307//1 2103//1 2219//1
f 1307//1 2219//1 2217//1
f 1310//2 2218//2 2220//2
f 1310//2 2220//2 2106//2
f 2217//46 2219//48 2220//49
f 2217//46 2220//49 2218//47
f 1307//50 1310//50 2106//50
f 1307//50 2106//50 2103//50
f 2103//1 2099//1 2221//1
f 2103//1 2221//1 2219//1
f 2106//2 2220//2 2222//2
f 2106//2 2222//2 2102//2
f 2219//48 2221//51 2222//52
f 2219//48 2222//52 2220//49
f 2103//50 2106//50 2102//50
f 2103//50 2102//50 2099//50
f 2099//1 2095//1 2223//1
f 2099//1 2223//1 2221//1
f 2102//2 2222//2 2224//2
f 2102//2 2224//2 2098//2
f 2221//51 2223//53 2224//54
f 2221//51 2224//54 2222//52
f 2099//50 2102//50 2098//50
f 2099//50 2098//50 2095//50
f 2095//1 2091//1 2225//1
f 2095//1 2225//1 2223//1
f 2098//2 2224//2 2226//2
f 2098//2 2226//2 2094//2
f 2223//53 2225//55 2226//56
f 2223//53 2226//56 2224//54
f 2095//50 2098//50 2094//50
f 2095//50 2094//50 2091//50
f 2091//1 2087//1 2227//1
f 2091//1 2227//1 2225//1
f 2094//2 2226//2 2228//2
f 2094//2 2228//2 2090//2
f 2225//55 2227//57 2228//58
f 2225//55 2228//58 2226//56
f 2091//50 2094//50 2090//50
f 2091//50 2090//50 2087//50
f 2087//1 2083//1 2229//1
f 2087//1 2229//1 2227//1
f 2090//2 2228//2 2230//2
f 2090//2 2230//2 2086//2
f 2227//57 2229//59 2230//60
f 2227//57 2230//60 2228//58
f 2087//50 2090//50 2086//50
f 2087//50 2086//50 2083//50
f 2083//1 2079//1 2231//1
f 2083//1 2231//1 2229//1
f 2086//2 2230//2 2232//2
f 2086//2 2232//2 2082//2
f 2229//59 2231//61 2232//62
f 2229//59 2232//62 2230//60
f 2083//50 2086//50 2082//50
f 2083//50 2082//50 2079//50
f 2079//1 2075//1 2233//1
f 2079//1 2233//1 2231//1
f 2082//2 2232//2 2234//2
f 2082//2 2234//2 2078//2
f 2231//61 2233//63 2234//64
f 2231//61 2234//64 2232//62
f 2079//50 2082//50 2078//50
f 2079//50 2078//50 2075//50
f 2075//1 2235//1 2236//1
f 2075//1 2236//1 2233//1
f 2078//2 2234//2 2237//2
f 2078//2 2237//2 2238//2
f 2233//63 2236//65 2237//66
f 2233//63 2237//66 2234//64
f 2075//7 2078//7 2238//7
f 2075//7 2238//7 2235//7
f 2235//1 2239//1 2240//1
f 2235//1 2240//1 2236//1
f 2238//2 2237//2 2241//2
f 2238//2 2241//2 2242//2
f 2236//65 2240//67 2241//68
f 2236//65 2241//68 2237//66
f 2235//7 2238//7 2242//7
f 2235//7 2242//7 2239//7
f 2239//1 2243//1 2244//1
f 2239//1 2244//1 2240//1
f 2242//2 2241//2 2245//2
f 2242//2 2245//2 2246//2
f 2240//67 2244//69 2245//70
f 2240//67 2245//70 2241//68
f 2239//7 2242//7 2246//7
f 2239//7 2246//7 2243//7
f 2243//1 2153//1 2156//1
f 2243//1 2156//1 2244//1
f 2246//2 2245//2 2158//2
f 2246//2 2158//2 2157//2
f 2244//69 2156//3 2158//6
f 2244//69 2158//6 2245//70
f 2243//7 2246//7 2157//7
f 2243//7 2157//7 2153//7
f 2247//1 2248//1 2249//1
f 2247//1 2249//1 2250//1
f 2251//2 2252//2 2253//2
f 2251//2 2253//2 2254//2
f 2250//3 2249//4 2253//5
f 2250//3 2253//5 2252//6
f 2247//7 2251//7 2254//7
f 2247//7 2254//7 2248//7
f 2248//1 2255//1 2256//1
f 2248//1 2256//1 2249//1
f 2254//2 2253//2 2257//2
f 2254//2 2257//2 2258//2
f 2249//4 2256//8 2257//9
f 2249//4 2257//9 2253//5
f 2248//7 2254//7 2258//7
f 2248//7 2258//7 2255//7
f 2255//1 2259//1 2260//1
f 2255//1 2260//1 2256//1
f 2258//2 2257//2 2261//2
f 2258//2 2261//2 2262//2
f 2256//8 2260//10 2261//11
f 2256//8 2261//11 2257//9
f 2255//7 2258//7 2262//7
f 2255//7 2262//7 2259//7
f 2259//1 2263//1 2264//1
f 2259//1 2264//1 2260//1
f 2262//2 2261//2 2265//2
f 2262//2 2265//2 2266//2
f 2260//10 2264//12 2265//13
f 2260//10 2265//13 2261//11
f 2259//7 2262//7 2266//7
f 2259//7 2266//7 2263//7
f 2263//1 2267//1 2268//1
f 2263//1 2268//1 2264//1
f 2266//2 2265//2 2269//2
f 2266//2 2269//2 2270//2
f 2264//12 2268//14 2269//15
f 2264//12 2269//15 2265//13
f 2263//16 2266//16 2270//16
f 2263//16 2270//16 2267//16
f 2267//1 2271//1 2272//1
f 2267//1 2272//1 2268//1
f 2270//2 2269//2 2273//2
f 2270//2 2273//2 2274//2
f 2268//14 2272//17 2273//18
f 2268//14 2273//18 2269//15
f 2267//16 2270//16 2274//16
f 2267//16 2274//16 2271//16
f 2271//1 2275//1 2276//1
f 2271//1 2276//1 2272//1
f 2274//2 2273//2 2277//2
f 2274//2 2277//2 2278//2
f 2272//17 2276//19 2277//20
f 2272//17 2277//20 2273//18
f 2271//16 2274//16 2278//16
f 2271//16 2278//16 2275//16
f 2275//1 2279//1 2280//1
f 2275//1 2280//1 2276//1
f 2278//2 2277//2 2281//2
f 2278//2 2281//2 2282//2
f 2276//19 2280//21 2281//22
f 2276//19 2281//22 2277//20
f 2275//16 2278//16 2282//16
f 2275//16 2282//16 2279//16
f 2279//1 2283//1 2284//1
f 2279//1 2284//1 2280//1
f 2282//2 2281//2 2285//2
f 2282//2 2285//2 2286//2
f 2280//21 2284//23 2285//24
f 2280//21 2285//24 2281//22
f 2279//16 2282//16 2286//16
f 2279//16 2286//16 2283//16
f 2283//1 2287//1 2288//1
f 2283//1 2288//1 2284//1
f 2286//2 2285//2 2289//2
f 2286//2 2289//2 2290//2
f 2284//23 2288//25 2289//26
f 2284//23 2289//26 2285//24
f 2283//16 2286//16 2290//16
f 2283//16 2290//16 2287//16
f 2287//1 2291//1 2292//1
f 2287//1 2292//1 2288//1
f 2290//2 2289//2 2293//2
f 2290//2 2293//2 2294//2
f 2288//25 2292//27 2293//28
f 2288//25 2293//28 2289//26
f 2287//16 2290//16 2294//16
f 2287//16 2294//16 2291//16
f 2291//1 1495//1 2295//1
f 2291//1 2295//1 2292//1
f 2294//2 2293//2 2296//2
f 2294//2 2296//2 1498//2
f 2292//27 2295//29 2296//30
f 2292//27 2296//30 2293//28
f 2291//16 2294//16 1498//16
f 2291//16 1498//16 1495//16
f 1495//1 1491//1 2297//1
f 1495//1 2297//1 2295//1
f 1498//2 2296//2 2298//2
f 1498//2 2298//2 1494//2
f 2295//29 2297//31 2298//32
f 2295//29 2298//32 2296//30
f 1495//33 1498//33 1494//33
f 1495//33 1494//33 1491//33
f 1491//1 1487//1 2299//1
f 1491//1 2299//1 2297//1
f 1494//2 2298//2 2300//2
f 1494//2 2300//2 1490//2
f 2297//31 2299//34 2300//35
f 2297//31 2300//35 2298//32
f 1491//33 1494//33 1490//33
f 1491//33 1490//33 1487//33
f 1487//1 1480//1 2301//1
f 1487//1 2301//1 2299//1
f 1490//2 2300//2 2302//2
f 1490//2 2302//2 1486//2
f 2299//34 2301//36 2302//37
f 2299//34 2302//37 2300//35
f 1487//33 1490//33 1486//33
f 1487//33 1486//33 1480//33
f 1480//1 1479//1 2303//1
f 1480//1 2303//1 2301//1
f 1486//2 2302//2 2304//2
f 1486//2 2304//2 1483//2
f 2301//36 2303//38 2304//39
f 2301//36 2304//39 2302//37
f 1480//33 1486//33 1483//33
f 1480//33 1483//33 1479//33
f 1479//1 1569//1 2305//1
f 1479//1 2305//1 2303//1
f 1483//2 2304//2 2306//2
f 1483//2 2306//2 1572//2
f 2303//38 2305//40 2306//41
f 2303//38 2306//41 2304//39
f 1479//33 1483//33 1572//33
f 1479//33 1572//33 1569//33
f 1569//1 1565//1 2307//1
f 1569//1 2307//1 2305//1
f 1572//2 2306//2 2308//2
f 1572//2 2308//2 1568//2
f 2305//40 2307//42 2308//43
f 2305//40 2308//43 2306//41
f 1569//33 1572//33 1568//33
f 1569//33 1568//33 1565//33
f 1565//1 1561//1 2309//1
f 1565//1 2309//1 2307//1
f 1568//2 2308//2 2310//2
f 1568//2 2310//2 1564//2
f 2307//42 2309//44 2310//45
f 2307//42 2310//45 2308//43
f 1565//33 1568//33 1564//33
f 1565//33 1564//33 1561//33
f 1561//1 1401//1 2311//1
f 1561//1 2311//1 2309//1
f 1564//2 2310//2 2312//2
f 1564//2 2312//2 1404//2
f 2309//44 2311//46 2312//47
f 2309//44 2312//47 2310//45
f 1561//33 1564//33 1404//33
f 1561//33 1404//33 1401//33
f 1401//1 2197//1 2313//1
f 1401//1 2313//1 2311//1
f 1404//2 2312//2 2314//2
f 1404//2 2314//2 2200//2
f 2311//46 2313//48 2314//49
f 2311//46 2314//49 2312//47
f 1401//50 1404//50 2200//50
f 1401//50 2200//50 2197//50
f 2197//1 2193//1 2315//1
f 2197//1 2315//1 2313//1
f 2200//2 2314//2 2316//2
f 2200//2 2316//2 2196//2
f 2313//48 2315//51 2316//52
f 2313//48 2316//52 2314//49
f 2197//50 2200//50 2196//50
f 2197//50 2196//50 2193//50
f 2193//1 2189//1 2317//1
f 2193//1 2317//1 2315//1
f 2196//2 2316//2 2318//2
f 2196//2 2318//2 2192//2
f 2315//51 2317//53 2318//54
f 2315//51 2318//54 2316//52
f 2193//50 2196//50 2192//50
f 2193//50 2192//50 2189//50
f 2189//1 2185//1 2319//1
f 2189//1 2319//1 2317//1
f 2192//2 2318//2 2320//2
f 2192//2 2320//2 2188//2
f 2317//53 2319//55 2320//56
f 2317//53 2320//56 2318//54
f 2189//50 2192//50 2188//50
f 2189//50 2188//50 2185//50
f 2185//1 2181//1 2321//1
f 2185//1 2321//1 2319//1
f 2188//2 2320//2 2322//2
f 2188//2 2322//2 2184//2
f 2319//55 2321//57 2322//58
f 2319//55 2322//58 2320//56
f 2185//50 2188//50 2184//50
f 2185//50 2184//50 2181//50
f 2181//1 2177//1 2323//1
f 2181//1 2323//1 2321//1
f 2184//2 2322//2 2324//2
f 2184//2 2324//2 2180//2
f 2321//57 2323//59 2324//60
f 2321//57 2324//60 2322//58
f 2181//50 2184//50 2180//50
f 2181//50 2180//50 2177//50
f 2177//1 2173//1 2325//1
f 2177//1 2325//1 2323//1
f 2180//2 2324//2 2326//2
f 2180//2 2326//2 2176//2
f 2323//59 2325//61 2326//62
f 2323//59 2326//62 2324//60
f 2177//50 2180//50 2176//50
f 2177//50 2176//50 2173//50
f 2173//1 2169//1 2327//1
f 2173//1 2327//1 2325//1
f 2176//2 2326//2 2328//2
f 2176//2 2328//2 2172//2
f 2325//61 2327//63 2328//64
f 2325//61 2328//64 2326//62
f 2173//50 2176//50 2172//50
f 2173//50 2172//50 2169//50
f 2169//1 2329//1 2330//1
f 2169//1 2330//1 2327//1
f 2172//2 2328//2 2331//2
f 2172//2 2331//2 2332//2
f 2327//63 2330//65 2331//66
f 2327//63 2331//66 2328//64
f 2169//7 2172//7 2332//7
f 2169//7 2332//7 2329//7
f 2329//1 2333//1 2334//1
f 2329//1 2334//1 2330//1
f 2332//2 2331//2 2335//2
f 2332//2 2335//2 2336//2
f 2330//65 2334//67 2335//68
f 2330//65 2335//68 2331//66
f 2329//7 2332//7 2336//7
f 2329//7 2336//7 2333//7
f 2333//1 2337//1 2338//1
f 2333//1 2338//1 2334//1
f 2336//2 2335//2 2339//2
f 2336//2 2339//2 2340//2
f 2334//67 2338//69 2339//70
f 2334//67 2339//70 2335//68
f 2333//7 2336//7 2340//7
f 2333//7 2340//7 2337//7
f 2337//1 2247//1 2250//1
f 2337//1 2250//1 2338//1
f 2340//2 2339//2 2252//2
f 2340//2 2252//2 2251//2
f 2338//69 2250//3 2252//6
f 2338//69 2252//6 2339//70
f 2337//7 2340//7 2251//7
f 2337//7 2251//7 2247//7
f 2341//1 2342//1 2343//1
f 2341//1 2343//1 2344//1
f 2345//2 2346//2 2347//2
f 2345//2 2347//2 2348//2
f 2344//3 2343//4 2347//5
f 2344//3 2347//5 2346//6
f 2341//7 2345//7 2348//7
f 2341//7 2348//7 2342//7
f 2342//1 2349//1 2350//1
f 2342//1 2350//1 2343//1
f 2348//2 2347//2 2351//2
f 2348//2 2351//2 2352//2
f 2343//4 2350//8 2351//9
f 2343//4 2351//9 2347//5
f 2342//7 2348//7 2352//7
f 2342//7 2352//7 2349//7
f 2349//1 2353//1 2354//1
f 2349//1 2354//1 2350//1
f 2352//2 2351//2 2355//2
f 2352//2 2355//2 2356//2
f 2350//8 2354//10 2355//11
f 2350//8 2355//11 2351//9
f 2349//7 2352//7 2356//7
f 2349//7 2356//7 2353//7
f 2353//1 2357//1 2358//1
f 2353//1 2358//1 2354//1
f 2356//2 2355//2 2359//2
f 2356//2 2359//2 2360//2
f 2354//10 2358//12 2359//13
f 2354//10 2359//13 2355//11
f 2353//7 2356//7 2360//7
f 2353//7 2360//7 2357//7
f 2357//1 2361//1 2362//1
f 2357//1 2362//1 2358//1
f 2360//2 2359//2 2363//2
f 2360//2 2363//2 2364//2
f 2358//12 2362//14 2363//15
f 2358//12 2363//15 2359//13
f 2357//16 2360//16 2364//16
f 2357//16 2364//16 2361//16
f 2361//1 2365//1 2366//1
f 2361//1 2366//1 2362//1
f 2364//2 2363//2 2367//2
f 2364//2 2367//2 2368//2
f 2362//14 2366//17 2367//18
f 2362//14 2367//18 2363//15
f 2361//16 2364//16 2368//16
f 2361//16 2368//16 2365//16
f 2365//1 2369//1 2370//1
f 2365//1 2370//1 2366//1
f 2368//2 2367//2 2371//2
f 2368//2 2371//2 2372//2
f 2366//17 2370//19 2371//20
f 2366//17 2371//20 2367//18
f 2365//16 2368//16 2372//16
f 2365//16 2372//16 2369//16
f 2369//1 2373//1 2374//1
f 2369//1 2374//1 2370//1
f 2372//2 2371//2 2375//2
f 2372//2 2375//2 2376//2
f 2370//19 2374//21 2375//22
f 2370//19 2375//22 2371//20
f 2369//16 2372//16 2376//16
f 2369//16 2376//16 2373//16
f 2373//1 2377//1 2378//1
f 2373//1 2378//1 2374//1
f 2376//2 2375//2 2379//2
f 2376//2 2379//2 2380//2
f 2374//21 2378//23 2379//24
f 2374//21 2379//24 2375//22
f 2373//16 2376//16 2380//16
f 2373//16 2380//16 2377//16
f 2377//1 2381//1 2382//1
f 2377//1 2382//1 2378//1
f 2380//2 2379//2 2383//2
f 2380//2 2383//2 2384//2
f 2378//23 2382//25 2383//26
f 2378//23 2383//26 2379//24
f 2377//16 2380//16 2384//16
f 2377//16 2384//16 2381//16
f 2381//1 2385//1 2386//1
f 2381//1 2386//1 2382//1
f 2384//2 2383//2 2387//2
f 2384//2 2387//2 2388//2
f 2382//25 2386//27 2387//28
f 2382//25 2387//28 2383//26
f 2381//16 2384//16 2388//16
f 2381//16 2388//16 2385//16
f 2385//1 1589//1 2389//1
f 2385//1 2389//1 2386//1
f 2388//2 2387//2 2390//2
f 2388//2 2390//2 1592//2
f 2386//27 2389//29 2390//30
f 2386//27 2390//30 2387//28
f 2385//16 2388//16 1592//16
f 2385//16 1592//16 1589//16
f 1589//1 1585//1 2391//1
f 1589//1 2391//1 2389//1
f 1592//2 2390//2 2392//2
f 1592//2 2392//2 1588//2
f 2389//29 2391//31 2392//32
f 2389//29 2392//32 2390//30
f 1589//33 1592//33 1588//33
f 1589//33 1588//33 1585//33
f 1585//1 1581//1 2393//1
f 1585//1 2393//1 2391//1
f 1588//2 2392//2 2394//2
f 1588//2 2394//2 1584//2
f 2391//31 2393//34 2394//35
f 2391//31 2394//35 2392//32
f 1585//33 1588//33 1584//33
f 1585//33 1584//33 1581//33
f 1581//1 1574//1 2395//1
f 1581//1 2395//1 2393//1
f 1584//2 2394//2 2396//2
f 1584//2 2396//2 1580//2
f 2393//34 2395//36 2396//37
f 2393//34 2396//37 2394//35
f 1581//33 1584//33 1580//33
f 1581//33 1580//33 1574//33
f 1574//1 1573//1 2397//1
f 1574//1 2397//1 2395//1
f 1580//2 2396//2 2398//2
f 1580//2 2398//2 1577//2
f 2395//36 2397//38 2398//39
f 2395//36 2398//39 2396//37
f 1574//33 1580//33 1577//33
f 1574//33 1577//33 1573//33
f 1573//1 1663//1 2399//1
f 1573//1 2399//1 2397//1
f 1577//2 2398//2 2400//2
f 1577//2 2400//2 1666//2
f 2397//38 2399//40 2400//41
f 2397//38 2400//41 2398//39
f 1573//33 1577//33 1666//33
f 1573//33 1666//33 1663//33
f 1663//1 1659//1 2401//1
f 1663//1 2401//1 2399//1
f 1666//2 2400//2 2402//2
f 1666//2 2402//2 1662//2
f 2399//40 2401//42 2402//43
f 2399//40 2402//43 2400//41
f 1663//33 1666//33 1662//33
f 1663//33 1662//33 1659//33
f 1659//1 1655//1 2403//1
f 1659//1 2403//1 2401//1
f 1662//2 2402//2 2404//2
f 1662//2 2404//2 1658//2
f 2401//42 2403//44 2404//45
f 2401//42 2404//45 2402//43
f 1659//33 1662//33 1658//33
f 1659//33 1658//33 1655//33
f 1655//1 1495//1 2405//1
f 1655//1 2405//1 2403//1
f 1658//2 2404//2 2406//2
f 1658//2 2406//2 1498//2
f 2403//44 2405//46 2406//47
f 2403//44 2406//47 2404//45
f 1655//33 1658//33 1498//33
f 1655//33 1498//33 1495//33
f 1495//1 2291//1 2407//1
f 1495//1 2407//1 2405//1
f 1498//2 2406//2 2408//2
f 1498//2 2408//2 2294//2
f 2405//46 2407//48 2408//49
f 2405//46 2408//49 2406//47
f 1495//50 1498//50 2294//50
f 1495//50 2294//50 2291//50
f 2291//1 2287//1 2409//1
f 2291//1 2409//1 2407//1
f 2294//2 2408//2 2410//2
f 2294//2 2410//2 2290//2
f 2407//48 2409//51 2410//52
f 2407//48 2410//52 2408//49
f 2291//50 2294//50 2290//50
f 2291//50 2290//50 2287//50
f 2287//1 2283//1 2411//1
f 2287//1 2411//1 2409//1
f 2290//2 2410//2 2412//2
f 2290//2 2412//2 2286//2
f 2409//51 2411//53 2412//54
f 2409//51 2412//54 2410//52
f 2287//50 2290//50 2286//50
f 2287//50 2286//50 2283//50
f 2283//1 2279//1 2413//1
f 2283//1 2413//1 2411//1
f 2286//2 2412//2 2414//2
f 2286//2 2414//2 2282//2
f 2411//53 2413//55 2414//56
f 2411//53 2414//56 2412//54
f 2283//50 2286//50 2282//50
f 2283//50 2282//50 2279//50
f 2279//1 2275//1 2415//1
f 2279//1 2415//1 2413//1
f 2282//2 2414//2 2416//2
f 2282//2 2416//2 2278//2
f 2413//55 2415//57 2416//58
f 2413//55 2416//58 2414//56
f 2279//50 2282//50 2278//50
f 2279//50 2278//50 2275//50
f 2275//1 2271//1 2417//1
f 2275//1 2417//1 2415//1
f 2278//2 2416//2 2418//2
f 2278//2 2418//2 2274//2
f 2415//57 2417//59 2418//60
f 2415//57 2418//60 2416//58
f 2275//50 2278//50 2274//50
f 2275//50 2274//50 2271//50
f 2271//1 2267//1 2419//1
f 2271//1 2419//1 2417//1
f 2274//2 2418//2 2420//2
f 2274//2 2420//2 2270//2
f 2417//59 2419//61 2420//62
f 2417//59 2420//62 2418//60
f 2271//50 2274//50 2270//50
f 2271//50 2270//50 2267//50
f 2267//1 2263//1 2421//1
f 2267//1 2421//1 2419//1
f 2270//2 2420//2 2422//2
f 2270//2 2422//2 2266//2
f 2419//61 2421//63 2422//64
f 2419//61 2422//64 2420//62
f 2267//50 2270//50 2266//50
f 2267//50 2266//50 2263//50
f 2263//1 2423//1 2424//1
f 2263//1 2424//1 2421//1
f 2266//2 2422//2 2425//2
f 2266//2 2425//2 2426//2
f 2421//63 2424//65 2425//66
f 2421//63 2425//66 2422//64
f 2263//7 2266//7 2426//7
f 2263//7 2426//7 2423//7
f 2423//1 2427//1 2428//1
f 2423//1 2428//1 2424//1
f 2426//2 2425//2 2429//2
f 2426//2 2429//2 2430//2
f 2424//65 2428//67 2429//68
f 2424//65 2429//68 2425//66
f 2423//7 2426//7 2430//7
f 2423//7 2430//7 2427//7
f 2427//1 2431//1 2432//1
f 2427//1 2432//1 2428//1
f 2430//2 2429//2 2433//2
f 2430//2 2433//2 2434//2
f 2428//67 2432//69 2433//70
f 2428//67 2433//70 2429//68
f 2427//7 2430//7 2434//7
f 2427//7 2434//7 2431//7
f 2431//1 2341//1 2344//1
f 2431//1 2344//1 2432//1
f 2434//2 2433//2 2346//2
f 2434//2 2346//2 2345//2
f 2432//69 2344//3 2346//6
f 2432//69 2346//6 2433//70
f 2431//7 2434//7 2345//7
f 2431//7 2345//7 2341//7
f 2435//7 2436//7 2437//7
f 2435//7 2437//7 2438//7
f 2439//33 2440//33 2441//33
f 2439//33 2441//33 2442//33
f 2438//71 2437//72 2441//73
f 2438//71 2441//73 2440//74
f 2435//1 2439//1 2442//1
f 2435//1 2442//1 2436//1
f 2436//7 2443//7 2444//7
f 2436//7 2444//7 2437//7
f 2442//33 2441//33 2445//33
f 2442//33 2445//33 2446//33
f 2437//72 2444//75 2445//76
f 2437//72 2445//76 2441//73
f 2436//1 2442//1 2446//1
f 2436//1 2446//1 2443//1
f 2443//7 2447//7 2448//7
f 2443//7 2448//7 2444//7
f 2446//33 2445//33 2449//33
f 2446//33 2449//33 2450//33
f 2444//75 2448//77 2449//78
f 2444//75 2449//78 2445//76
f 2443//1 2446//1 2450//1
f 2443//1 2450//1 2447//1
f 2447//7 2451//7 2452//7
f 2447//7 2452//7 2448//7
f 2450//33 2449//33 2453//33
f 2450//33 2453//33 2454//33
f 2448//77 2452//79 2453//80
f 2448//77 2453//80 2449//78
f 2447//1 2450//1 2454//1
f 2447//1 2454//1 2451//1
f 2451//7 2455//7 2456//7
f 2451//7 2456//7 2452//7
f 2454//33 2453//33 2457//33
f 2454//33 2457//33 2458//33
f 2452//79 2456//81 2457//82
f 2452//79 2457//82 2453//80
f 2451//50 2454//50 2458//50
f 2451//50 2458//50 2455//50
f 2455//7 2459//7 2460//7
f 2455//7 2460//7 2456//7
f 2458//33 2457//33 2461//33
f 2458//33 2461//33 2462//33
f 2456//81 2460//83 2461//84
f 2456//81 2461//84 2457//82
f 2455//50 2458//50 2462//50
f 2455//50 2462//50 2459//50
f 2459//7 2463//7 2464//7
f 2459//7 2464//7 2460//7
f 2462//33 2461//33 2465//33
f 2462//33 2465//33 2466//33
f 2460//83 2464//85 2465//86
f 2460//83 2465//86 2461//84
f 2459//50 2462//50 2466//50
f 2459//50 2466//50 2463//50
f 2463//7 2467//7 2468//7
f 2463//7 2468//7 2464//7
f 2466//33 2465//33 2469//33
f 2466//33 2469//33 2470//33
f 2464//85 2468//87 2469//88
f 2464//85 2469//88 2465//86
f 2463//50 2466//50 2470//50
f 2463//50 2470//50 2467//50
f 2467//7 2471//7 2472//7
f 2467//7 2472//7 2468//7
f 2470//33 2469//33 2473//33
f 2470//33 2473//33 2474//33
f 2468//87 2472//89 2473//90
f 2468//87 2473//90 2469//88
f 2467//50 2470//50 2474//50
f 2467//50 2474//50 2471//50
f 2471//7 2475//7 2476//7
f 2471//7 2476//7 2472//7
f 2474//33 2473//33 2477//33
f 2474//33 2477//33 2478//33
f 2472//89 2476//91 2477//92
f 2472//89 2477//92 2473//90
f 2471//50 2474//50 2478//50
f 2471//50 2478//50 2475//50
f 2475//7 2479//7 2480//7
f 2475//7 2480//7 2476//7
f 2478//33 2477//33 2481//33
f 2478//33 2481//33 2482//33
f 2476//91 2480//93 2481//94
f 2476//91 2481//94 2477//92
f 2475//50 2478//50 2482//50
f 2475//50 2482//50 2479//50
f 2479//7 2483//7 2484//7
f 2479//7 2484//7 2480//7
f 2482//33 2481//33 2485//33
f 2482//33 2485//33 2486//33
f 2480//93 2484//95 2485//96
f 2480//93 2485//96 2481//94
f 2479//50 2482//50 2486//50
f 2479//50 2486//50 2483//50
f 2483//7 2487//7 2488//7
f 2483//7 2488//7 2484//7
f 2486//33 2485//33 2489//33
f 2486//33 2489//33 2490//33
f 2484//95 2488//97 2489//98
f 2484//95 2489//98 2485//96
f 2483//2 2486//2 2490//2
f 2483//2 2490//2 2487//2
f 2487//7 2491//7 2492//7
f 2487//7 2492//7 2488//7
f 2490//33 2489//33 2493//33
f 2490//33 2493//33 2494//33
f 2488//97 2492//99 2493//100
f 2488//97 2493//100 2489//98
f 2487//2 2490//2 2494//2
f 2487//2 2494//2 2491//2
f 2491//7 2495//7 2496//7
f 2491//7 2496//7 2492//7
f 2494//33 2493//33 2497//33
f 2494//33 2497//33 2498//33
f 2492//99 2496//101 2497//102
f 2492//99 2497//102 2493//100
f 2491//2 2494//2 2498//2
f 2491//2 2498//2 2495//2
f 2495//7 2499//7 2500//7
f 2495//7 2500//7 2496//7
f 2498//33 2497//33 2501//33
f 2498//33 2501//33 2502//33
f 2496//101 2500//103 2501//104
f 2496//101 2501//104 2497//102
f 2495//2 2498//2 2502//2
f 2495//2 2502//2 2499//2
f 2499//7 2503//7 2504//7
f 2499//7 2504//7 2500//7
f 2502//33 2501//33 2505//33
f 2502//33 2505//33 2506//33
f 2500//103 2504//105 2505//106
f 2500//103 2505//106 2501//104
f 2499//2 2502//2 2506//2
f 2499//2 2506//2 2503//2
f 2503//7 2507//7 2508//7
f 2503//7 2508//7 2504//7
f 2506//33 2505//33 2509//33
f 2506//33 2509//33 2510//33
f 2504//105 2508//107 2509//108
f 2504//105 2509//108 2505//106
f 2503//2 2506//2 2510//2
f 2503//2 2510//2 2507//2
f 2507//7 2511//7 2512//7
f 2507//7 2512//7 2508//7
f 2510//33 2509//33 2513//33
f 2510//33 2513//33 2514//33
f 2508//107 2512//109 2513//110
f 2508//107 2513//110 2509//108
f 2507//2 2510//2 2514//2
f 2507//2 2514//2 2511//2
f 2511//7 2515//7 2516//7
f 2511//7 2516//7 2512//7
f 2514//33 2513//33 2517//33
f 2514//33 2517//33 2518//33
f 2512//109 2516//111 2517//112
f 2512//109 2517//112 2513//110
f 2511//2 2514//2 2518//2
f 2511//2 2518//2 2515//2
f 2515//7 2519//7 2520//7
f 2515//7 2520//7 2516//7
f 2518//33 2517//33 2521//33
f 2518//33 2521//33 2522//33
f 2516//111 2520//113 2521//114
f 2516//111 2521//114 2517//112
f 2515//16 2518//16 2522//16
f 2515//16 2522//16 2519//16
f 2519//7 2523//7 2524//7
f 2519//7 2524//7 2520//7
f 2522//33 2521//33 2525//33
f 2522//33 2525//33 2526//33
f 2520//113 2524//115 2525//116
f 2520//113 2525//116 2521//114
f 2519//16 2522//16 2526//16
f 2519//16 2526//16 2523//16
f 2523//7 2527//7 2528//7
f 2523//7 2528//7 2524//7
f 2526//33 2525//33 2529//33
f 2526//33 2529//33 2530//33
f 2524//115 2528//117 2529//118
f 2524//115 2529//118 2525//116
f 2523//16 2526//16 2530//16
f 2523//16 2530//16 2527//16
f 2527//7 2531//7 2532//7
f 2527//7 2532//7 2528//7
f 2530//33 2529//33 2533//33
f 2530//33 2533//33 2534//33
f 2528//117 2532//119 2533//120
f 2528//117 2533//120 2529//118
f 2527//16 2530//16 2534//16
f 2527//16 2534//16 2531//16
f 2531//7 2535//7 2536//7
f 2531//7 2536//7 2532//7
f 2534//33 2533//33 2537//33
f 2534//33 2537//33 2538//33
f 2532//119 2536//121 2537//122
f 2532//119 2537//122 2533//120
f 2531//16 2534//16 2538//16
f 2531//16 2538//16 2535//16
f 2535//7 2539//7 2540//7
f 2535//7 2540//7 2536//7
f 2538//33 2537//33 2541//33
f 2538//33 2541//33 2542//33
f 2536//121 2540//123 2541//124
f 2536//121 2541//124 2537//122
f 2535//16 2538//16 2542//16
f 2535//16 2542//16 2539//16
f 2539//7 2543//7 2544//7
f 2539//7 2544//7 2540//7
f 2542//33 2541//33 2545//33
f 2542//33 2545//33 2546//33
f 2540//123 2544//125 2545//126
f 2540//123 2545//126 2541//124
f 2539//16 2542//16 2546//16
f 2539//16 2546//16 2543//16
f 2543//7 2547//7 2548//7
f 2543//7 2548//7 2544//7
f 2546//33 2545//33 2549//33
f 2546//33 2549//33 2550//33
f 2544//125 2548//127 2549//128
f 2544//125 2549//128 2545//126
f 2543//16 2546//16 2550//16
f 2543//16 2550//16 2547//16
f 2547//7 2551//7 2552//7
f 2547//7 2552//7 2548//7
f 2550//33 2549//33 2553//33
f 2550//33 2553//33 2554//33
f 2548//127 2552//129 2553//130
f 2548//127 2553//130 2549//128
f 2547//1 2550//1 2554//1
f 2547//1 2554//1 2551//1
f 2551//7 2555//7 2556//7
f 2551//7 2556//7 2552//7
f 2554//33 2553//33 2557//33
f 2554//33 2557//33 2558//33
f 2552//129 2556//131 2557//132
f 2552//129 2557//132 2553//130
f 2551//1 2554//1 2558//1
f 2551//1 2558//1 2555//1
f 2555//7 2559//7 2560//7
f 2555//7 2560//7 2556//7
f 2558//33 2557//33 2561//33
f 2558//33 2561//33 2562//33
f 2556//131 2560//133 2561//134
f 2556//131 2561//134 2557//132
f 2555//1 2558//1 2562//1
f 2555//1 2562//1 2559//1
f 2559//7 2435//7 2438//7
f 2559//7 2438//7 2560//7
f 2562//33 2561//33 2440//33
f 2562//33 2440//33 2439//33
f 2560//133 2438//71 2440//74
f 2560//133 2440//74 2561//134
f 2559//1 2562//1 2439//1
f 2559//1 2439//1 2435//1
f 2563//7 2564//7 2565//7
f 2563//7 2565//7 2566//7
f 2567//33 2568//33 2569//33
f 2567//33 2569//33 2570//33
f 2566//71 2565//72 2569//73
f 2566//71 2569//73 2568//74
f 2563//1 2567//1 2570//1
f 2563//1 2570//1 2564//1
f 2564//7 2571//7 2572//7
f 2564//7 2572//7 2565//7
f 2570//33 2569//33 2573//33
f 2570//33 2573//33 2574//33
f 2565//72 2572//75 2573//76
f 2565//72 2573//76 2569//73
f 2564//1 2570//1 2574//1
f 2564//1 2574//1 2571//1
f 2571//7 2575//7 2576//7
f 2571//7 2576//7 2572//7
f 2574//33 2573//33 2577//33
f 2574//33 2577//33 2578//33
f 2572//75 2576//77 2577//78
f 2572//75 2577//78 2573//76
f 2571//1 2574//1 2578//1
f 2571//1 2578//1 2575//1
f 2575//7 2579//7 2580//7
f 2575//7 2580//7 2576//7
f 2578//33 2577//33 2581//33
f 2578//33 2581//33 2582//33
f 2576//77 2580//79 2581//80
f 2576//77 2581//80 2577//78
f 2575//1 2578//1 2582//1
f 2575//1 2582//1 2579//1
f 2579//7 2583//7 2584//7
f 2579//7 2584//7 2580//7
f 2582//33 2581//33 2585//33
f 2582//33 2585//33 2586//33
f 2580//79 2584//81 2585//82
f 2580//79 2585//82 2581//80
f 2579//50 2582//50 2586//50
f 2579//50 2586//50 2583//50
f 2583//7 2587//7 2588//7
f 2583//7 2588//7 2584//7
f 2586//33 2585//33 2589//33
f 2586//33 2589//33 2590//33
f 2584//81 2588//83 2589//84
f 2584//81 2589//84 2585//82
f 2583//50 2586//50 2590//50
f 2583//50 2590//50 2587//50
f 2587//7 2591//7 2592//7
f 2587//7 2592//7 2588//7
f 2590//33 2589//33 2593//33
f 2590//33 2593//33 2594//33
f 2588//83 2592//85 2593//86
f 2588//83 2593//86 2589//84
f 2587//50 2590//50 2594//50
f 2587//50 2594//50 2591//50
f 2591//7 2595//7 2596//7
f 2591//7 2596//7 2592//7
f 2594//33 2593//33 2597//33
f 2594//33 2597//33 2598//33
f 2592//85 2596//87 2597//88
f 2592//85 2597//88 2593//86
f 2591//50 2594//50 2598//50
f 2591//50 2598//50 2595//50
f 2595//7 2599//7 2600//7
f 2595//7 2600//7 2596//7
f 2598//33 2597//33 2601//33
f 2598//33 2601//33 2602//33
f 2596//87 2600//89 2601//90
f 2596//87 2601//90 2597//88
f 2595//50 2598//50 2602//50
f 2595//50 2602//50 2599//50
f 2599//7 2603//7 2604//7
f 2599//7 2604//7 2600//7
f 2602//33 2601//33 2605//33
f 2602//33 2605//33 2606//33
f 2600//89 2604//91 2605//92
f 2600//89 2605//92 2601//90
f 2599//50 2602//50 2606//50
f 2599//50 2606//50 2603//50
f 2603//7 2607//7 2608//7
f 2603//7 2608//7 2604//7
f 2606//33 2605//33 2609//33
f 2606//33 2609//33 2610//33
f 2604//91 2608//93 2609//94
f 2604//91 2609//94 2605//92
f 2603//50 2606//50 2610//50
f 2603//50 2610//50 2607//50
f 2607//7 2611//7 2612//7
f 2607//7 2612//7 2608//7
f 2610//33 2609//33 2613//33
f 2610//33 2613//33 2614//33
f 2608//93 2612//95 2613//96
f 2608//93 2613//96 2609//94
f 2607//50 2610//50 2614//50
f 2607//50 2614//50 2611//50
f 2611//7 2615//7 2616//7
f 2611//7 2616//7 2612//7
f 2614//33 2613//33 2617//33
f 2614//33 2617//33 2618//33
f 2612//95 2616//97 2617//98
f 2612//95 2617//98 2613//96
f 2611//2 2614//2 2618//2
f 2611//2 2618//2 2615//2
f 2615//7 2619//7 2620//7
f 2615//7 2620//7 2616//7
f 2618//33 2617//33 2621//33
f 2618//33 2621//33 2622//33
f 2616//97 2620//99 2621//100
f 2616//97 2621//100 2617//98
f 2615//2 2618//2 2622//2
f 2615//2 2622//2 2619//2
f 2619//7 2623//7 2624//7
f 2619//7 2624//7 2620//7
f 2622//33 2621//33 2625//33
f 2622//33 2625//33 2626//33
f 2620//99 2624//101 2625//102
f 2620//99 2625//102 2621//100
f 2619//2 2622//2 2626//2
f 2619//2 2626//2 2623//2
f 2623//7 2627//7 2628//7
f 2623//7 2628//7 2624//7
f 2626//33 2625//33 2629//33
f 2626//33 2629//33 2630//33
f 2624//101 2628//103 2629//104
f 2624//101 2629//104 2625//102
f 2623//2 2626//2 2630//2
f 2623//2 2630//2 2627//2
f 2627//7 2631//7 2632//7
f 2627//7 2632//7 2628//7
f 2630//33 2629//33 2633//33
f 2630//33 2633//33 2634//33
f 2628//103 2632//105 2633//106
f 2628//103 2633//106 2629//104
f 2627//2 2630//2 2634//2
f 2627//2 2634//2 2631//2
f 2631//7 2635//7 2636//7
f 2631//7 2636//7 2632//7
f 2634//33 2633//33 2637//33
f 2634//33 2637//33 2638//33
f 2632//105 2636//107 2637//108
f 2632//105 2637//108 2633//106
f 2631//2 2634//2 2638//2
f 2631//2 2638//2 2635//2
f 2635//7 2639//7 2640//7
f 2635//7 2640//7 2636//7
f 2638//33 2637//33 2641//33
f 2638//33 2641//33 2642//33
f 2636//107 2640//109 2641//110
f 2636//107 2641//110 2637//108
f 2635//2 2638//2 2642//2
f 2635//2 2642//2 2639//2
f 2639//7 2483//7 2643//7
f 2639//7 2643//7 2640//7
f 2642//33 2641//33 2644//33
f 2642//33 2644//33 2486//33
f 2640//109 2643//111 2644//112
f 2640//109 2644//112 2641//110
f 2639//2 2642//2 2486//2
f 2639//2 2486//2 2483//2
f 2483//7 2479//7 2645//7
f 2483//7 2645//7 2643//7
f 2486//33 2644//33 2646//33
f 2486//33 2646//33 2482//33
f 2643//111 2645//113 2646//114
f 2643//111 2646//114 2644//112
f 2483//16 2486//16 2482//16
f 2483//16 2482//16 2479//16
f 2479//7 2475//7 2647//7
f 2479//7 2647//7 2645//7
f 2482//33 2646//33 2648//33
f 2482//33 2648//33 2478//33
f 2645//113 2647//115 2648//116
f 2645//113 2648//116 2646//114
f 2479//16 2482//16 2478//16
f 2479//16 2478//16 2475//16
f 2475//7 2471//7 2649//7
f 2475//7 2649//7 2647//7
f 2478//33 2648//33 2650//33
f 2478//33 2650//33 2474//33
f 2647//115 2649//117 2650//118
f 2647//115 2650//118 2648//116
f 2475//16 2478//16 2474//16
f 2475//16 2474//16 2471//16
f 2471//7 2467//7 2651//7
f 2471//7 2651//7 2649//7
f 2474//33 2650//33 2652//33
f 2474//33 2652//33 2470//33
f 2649//117 2651//119 2652//120
f 2649//117 2652//120 2650//118
f 2471//16 2474//16 2470//16
f 2471//16 2470//16 2467//16
f 2467//7 2463//7 2653//7
f 2467//7 2653//7 2651//7
f 2470//33 2652//33 2654//33
f 2470//33 2654//33 2466//33
f 2651//119 2653//121 2654//122
f 2651//119 2654//122 2652//120
f 2467//16 2470//16 2466//16
f 2467//16 2466//16 2463//16
f 2463//7 2459//7 2655//7
f 2463//7 2655//7 2653//7
f 2466//33 2654//33 2656//33
f 2466//33 2656//33 2462//33
f 2653//121 2655//123 2656//124
f 2653//121 2656//124 2654//122
f 2463//16 2466//16 2462//16
f 2463//16 2462//16 2459//16
f 2459//7 2455//7 2657//7
f 2459//7 2657//7 2655//7
f 2462//33 2656//33 2658//33
f 2462//33 2658//33 2458//33
f 2655//123 2657//125 2658//126
f 2655//123 2658//126 2656//124
f 2459//16 2462//16 2458//16
f 2459//16 2458//16 2455//16
f 2455//7 2451//7 2659//7
f 2455//7 2659//7 2657//7
f 2458//33 2658//33 2660//33
f 2458//33 2660//33 2454//33
f 2657//125 2659//127 2660//128
f 2657//125 2660//128 2658//126
f 2455//16 2458//16 2454//16
f 2455//16 2454//16 2451//16
f 2451//7 2661//7 2662//7
f 2451//7 2662//7 2659//7
f 2454//33 2660//33 2663//33
f 2454//33 2663//33 2664//33
f 2659//127 2662//129 2663//130
f 2659//127 2663//130 2660//128
f 2451//1 2454//1 2664//1
f 2451//1 2664//1 2661//1
f 2661//7 2665//7 2666//7
f 2661//7 2666//7 2662//7
f 2664//33 2663//33 2667//33
f 2664//33 2667//33 2668//33
f 2662//129 2666//131 2667//132
f 2662//129 2667//132 2663//130
f 2661//1 2664//1 2668//1
f 2661//1 2668//1 2665//1
f 2665//7 2669//7 2670//7
f 2665//7 2670//7 2666//7
f 2668//33 2667//33 2671//33
f 2668//33 2671//33 2672//33
f 2666//131 2670//133 2671//134
f 2666//131 2671//134 2667//132
f 2665//1 2668//1 2672//1
f 2665//1 2672//1 2669//1
f 2669//7 2563//7 2566//7
f 2669//7 2566//7 2670//7
f 2672//33 2671//33 2568//33
f 2672//33 2568//33 2567//33
f 2670//133 2566//71 2568//74
f 2670//133 2568//74 2671//134
f 2669//1 2672//1 2567//1
f 2669//1 2567//1 2563//1
f 2673//7 2674//7 2675//7
f 2673//7 2675//7 2676//7
f 2677//33 2678//33 2679//33
f 2677//33 2679//33 2680//33
f 2676//71 2675//72 2679//73
f 2676//71 2679//73 2678//74
f 2673//1 2677//1 2680//1
f 2673//1 2680//1 2674//1
f 2674//7 2681//7 2682//7
f 2674//7 2682//7 2675//7
f 2680//33 2679//33 2683//33
f 2680//33 2683//33 2684//33
f 2675//72 2682//75 2683//76
f 2675//72 2683//76 2679//73
f 2674//1 2680//1 2684//1
f 2674//1 2684//1 2681//1
f 2681//7 2685//7 2686//7
f 2681//7 2686//7 2682//7
f 2684//33 2683//33 2687//33
f 2684//33 2687//33 2688//33
f 2682//75 2686//77 2687//78
f 2682//75 2687//78 2683//76
f 2681//1 2684//1 2688//1
f 2681//1 2688//1 2685//1
f 2685//7 2689//7 2690//7
f 2685//7 2690//7 2686//7
f 2688//33 2687//33 2691//33
f 2688//33 2691//33 2692//33
f 2686//77 2690//79 2691//80
f 2686//77 2691//80 2687//78
f 2685//1 2688//1 2692//1
f 2685//1 2692//1 2689//1
f 2689//7 2693//7 2694//7
f 2689//7 2694//7 2690//7
f 2692//33 2691//33 2695//33
f 2692//33 2695//33 2696//33
f 2690//79 2694//81 2695//82
f 2690//79 2695//82 2691//80
f 2689//50 2692//50 2696//50
f 2689//50 2696//50 2693//50
f 2693//7 2697//7 2698//7
f 2693//7 2698//7 2694//7
f 2696//33 2695//33 2699//33
f 2696//33 2699//33 2700//33
f 2694//81 2698//83 2699//84
f 2694//81 2699//84 2695//82
f 2693//50 2696//50 2700//50
f 2693//50 2700//50 2697//50
f 2697//7 2701//7 2702//7
f 2697//7 2702//7 2698//7
f 2700//33 2699//33 2703//33
f 2700//33 2703//33 2704//33
f 2698//83 2702//85 2703//86
f 2698//83 2703//86 2699//84
f 2697//50 2700//50 2704//50
f 2697//50 2704//50 2701//50
f 2701//7 2705//7 2706//7
f 2701//7 2706//7 2702//7
f 2704//33 2703//33 2707//33
f 2704//33 2707//33 2708//33
f 2702//85 2706//87 2707//88
f 2702//85 2707//88 2703//86
f 2701//50 2704//50 2708//50
f 2701//50 2708//50 2705//50
f 2705//7 2709//7 2710//7
f 2705//7 2710//7 2706//7
f 2708//33 2707//33 2711//33
f 2708//33 2711//33 2712//33
f 2706//87 2710//89 2711//90
f 2706//87 2711//90 2707//88
f 2705//50 2708//50 2712//50
f 2705//50 2712//50 2709//50
f 2709//7 2713//7 2714//7
f 2709//7 2714//7 2710//7
f 2712//33 2711//33 2715//33
f 2712//33 2715//33 2716//33
f 2710//89 2714//91 2715//92
f 2710//89 2715//92 2711//90
f 2709//50 2712//50 2716//50
f 2709//50 2716//50 2713//50
f 2713//7 2717//7 2718//7
f 2713//7 2718//7 2714//7
f 2716//33 2715//33 2719//33
f 2716//33 2719//33 2720//33
f 2714//91 2718//93 2719//94
f 2714//91 2719//94 2715//92
f 2713//50 2716//50 2720//50
f 2713//50 2720//50 2717//50
f 2717//7 2721//7 2722//7
f 2717//7 2722//7 2718//7
f 2720//33 2719//33 2723//33
f 2720//33 2723//33 2724//33
f 2718//93 2722//95 2723//96
f 2718//93 2723//96 2719//94
f 2717//50 2720//50 2724//50
f 2717//50 2724//50 2721//50
f 2721//7 2725//7 2726//7
f 2721//7 2726//7 2722//7
f 2724//33 2723//33 2727//33
f 2724//33 2727//33 2728//33
f 2722//95 2726//97 2727//98
f 2722//95 2727//98 2723//96
f 2721//2 2724//2 2728//2
f 2721//2 2728//2 2725//2
f 2725//7 2729//7 2730//7
f 2725//7 2730//7 2726//7
f 2728//33 2727//33 2731//33
f 2728//33 2731//33 2732//33
f 2726//97 2730//99 2731//100
f 2726//97 2731//100 2727//98
f 2725//2 2728//2 2732//2
f 2725//2 2732//2 2729//2
f 2729//7 2733//7 2734//7
f 2729//7 2734//7 2730//7
f 2732//33 2731//33 2735//33
f 2732//33 2735//33 2736//33
f 2730//99 2734//101 2735//102
f 2730//99 2735//102 2731//100
f 2729//2 2732//2 2736//2
f 2729//2 2736//2 2733//2
f 2733//7 2737//7 2738//7
f 2733//7 2738//7 2734//7
f 2736//33 2735//33 2739//33
f 2736//33 2739//33 2740//33
f 2734//101 2738//103 2739//104
f 2734//101 2739//104 2735//102
f 2733//2 2736//2 2740//2
f 2733//2 2740//2 2737//2
f 2737//7 2741//7 2742//7
f 2737//7 2742//7 2738//7
f 2740//33 2739//33 2743//33
f 2740//33 2743//33 2744//33
f 2738//103 2742//105 2743//106
f 2738//103 2743//106 2739//104
f 2737//2 2740//2 2744//2
f 2737//2 2744//2 2741//2
f 2741//7 2745//7 2746//7
f 2741//7 2746//7 2742//7
f 2744//33 2743//33 2747//33
f 2744//33 2747//33 2748//33
f 2742//105 2746//107 2747//108
f 2742//105 2747//108 2743//106
f 2741//2 2744//2 2748//2
f 2741//2 2748//2 2745//2
f 2745//7 2749//7 2750//7
f 2745//7 2750//7 2746//7
f 2748//33 2747//33 2751//33
f 2748//33 2751//33 2752//33
f 2746//107 2750//109 2751//110
f 2746//107 2751//110 2747//108
f 2745//2 2748//2 2752//2
f 2745//2 2752//2 2749//2
f 2749//7 2611//7 2753//7
f 2749//7 2753//7 2750//7
f 2752//33 2751//33 2754//33
f 2752//33 2754//33 2614//33
f 2750//109 2753//111 2754//112
f 2750//109 2754//112 2751//110
f 2749//2 2752//2 2614//2
f 2749//2 2614//2 2611//2
f 2611//7 2607//7 2755//7
f 2611//7 2755//7 2753//7
f 2614//33 2754//33 2756//33
f 2614//33 2756//33 2610//33
f 2753//111 2755//113 2756//114
f 2753//111 2756//114 2754//112
f 2611//16 2614//16 2610//16
f 2611//16 2610//16 2607//16
f 2607//7 2603//7 2757//7
f 2607//7 2757//7 2755//7
f 2610//33 2756//33 2758//33
f 2610//33 2758//33 2606//33
f 2755//113 2757//115 2758//116
f 2755//113 2758//116 2756//114
f 2607//16 2610//16 2606//16
f 2607//16 2606//16 2603//16
f 2603//7 2599//7 2759//7
f 2603//7 2759//7 2757//7
f 2606//33 2758//33 2760//33
f 2606//33 2760//33 2602//33
f 2757//115 2759//117 2760//118
f 2757//115 2760//118 2758//116
f 2603//16 2606//16 2602//16
f 2603//16 2602//16 2599//16
f 2599//7 2595//7 2761//7
f 2599//7 2761//7 2759//7
f 2602//33 2760//33 2762//33
f 2602//33 2762//33 2598//33
f 2759//117 2761//119 2762//120
f 2759//117 2762//120 2760//118
f 2599//16 2602//16 2598//16
f 2599//16 2598//16 2595//16
f 2595//7 2591//7 2763//7
f 2595//7 2763//7 2761//7
f 2598//33 2762//33 2764//33
f 2598//33 2764//33 2594//33
f 2761//119 2763//121 2764//122
f 2761//119 2764//122 2762//120
f 2595//16 2598//16 2594//16
f 2595//16 2594//16 2591//16
f 2591//7 2587//7 2765//7
f 2591//7 2765//7 2763//7
f 2594//33 2764//33 2766//33
f 2594//33 2766//33 2590//33
f 2763//121 2765//123 2766//124
f 2763//121 2766//124 2764//122
f 2591//16 2594//16 2590//16
f 2591//16 2590//16 2587//16
f 2587//7 2583//7 2767//7
f 2587//7 2767//7 2765//7
f 2590//33 2766//33 2768//33
f 2590//33 2768//33 2586//33
f 2765//123 2767//125 2768//126
f 2765//123 2768//126 2766//124
f 2587//16 2590//16 2586//16
f 2587//16 2586//16 2583//16
f 2583//7 2579//7 2769//7
f 2583//7 2769//7 2767//7
f 2586//33 2768//33 2770//33
f 2586//33 2770//33 2582//33
f 2767//125 2769//127 2770//128
f 2767//125 2770//128 2768//126
f 2583//16 2586//16 2582//16
f 2583//16 2582//16 2579//16
f 2579//7 2771//7 2772//7
f 2579//7 2772//7 2769//7
f 2582//33 2770//33 2773//33
f 2582//33 2773//33 2774//33
f 2769//127 2772//129 2773//130
f 2769//127 2773//130 2770//128
f 2579//1 2582//1 2774//1
f 2579//1 2774//1 2771//1
f 2771//7 2775//7 2776//7
f 2771//7 2776//7 2772//7
f 2774//33 2773//33 2777//33
f 2774//33 2777//33 2778//33
f 2772//129 2776//131 2777//132
f 2772//129 2777//132 2773//130
f 2771//1 2774//1 2778//1
f 2771//1 2778//1 2775//1
f 2775//7 2779//7 2780//7
f 2775//7 2780//7 2776//7
f 2778//33 2777//33 2781//33
f 2778//33 2781//33 2782//33
f 2776//131 2780//133 2781//134
f 2776//131 2781//134 2777//132
f 2775//1 2778//1 2782//1
f 2775//1 2782//1 2779//1
f 2779//7 2673//7 2676//7
f 2779//7 2676//7 2780//7
f 2782//33 2781//33 2678//33
f 2782//33 2678//33 2677//33
f 2780//133 2676//71 2678//74
f 2780//133 2678//74 2781//134
f 2779//1 2782//1 2677//1
f 2779//1 2677//1 2673//1
f 2783//7 2784//7 2785//7
f 2783//7 2785//7 2786//7
f 2787//33 2788//33 2789//33
f 2787//33 2789//33 2790//33
f 2786//71 2785//72 2789//73
f 2786//71 2789//73 2788//74
f 2783//1 2787//1 2790//1
f 2783//1 2790//1 2784//1
f 2784//7 2791//7 2792//7
f 2784//7 2792//7 2785//7
f 2790//33 2789//33 2793//33
f 2790//33 2793//33 2794//33
f 2785//72 2792//75 2793//76
f 2785//72 2793//76 2789//73
f 2784//1 2790//1 2794//1
f 2784//1 2794//1 2791//1
f 2791//7 2795//7 2796//7
f 2791//7 2796//7 2792//7
f 2794//33 2793//33 2797//33
f 2794//33 2797//33 2798//33
f 2792//75 2796//77 2797//78
f 2792//75 2797//78 2793//76
f 2791//1 2794//1 2798//1
f 2791//1 2798//1 2795//1
f 2795//7 2799//7 2800//7
f 2795//7 2800//7 2796//7
f 2798//33 2797//33 2801//33
f 2798//33 2801//33 2802//33
f 2796//77 2800//79 2801//80
f 2796//77 2801//80 2797//78
f 2795//1 2798//1 2802//1
f 2795//1 2802//1 2799//1
f 2799//7 2803//7 2804//7
f 2799//7 2804//7 2800//7
f 2802//33 2801//33 2805//33
f 2802//33 2805//33 2806//33
f 2800//79 2804//81 2805//82
f 2800//79 2805//82 2801//80
f 2799//50 2802//50 2806//50
f 2799//50 2806//50 2803//50
f 2803//7 2807//7 2808//7
f 2803//7 2808//7 2804//7
f 2806//33 2805//33 2809//33
f 2806//33 2809//33 2810//33
f 2804//81 2808//83 2809//84
f 2804//81 2809//84 2805//82
f 2803//50 2806//50 2810//50
f 2803//50 2810//50 2807//50
f 2807//7 2811//7 2812//7
f 2807//7 2812//7 2808//7
f 2810//33 2809//33 2813//33
f 2810//33 2813//33 2814//33
f 2808//83 2812//85 2813//86
f 2808//83 2813//86 2809//84
f 2807//50 2810//50 2814//50
f 2807//50 2814//50 2811//50
f 2811//7 2815//7 2816//7
f 2811//7 2816//7 2812//7
f 2814//33 2813//33 2817//33
f 2814//33 2817//33 2818//33
f 2812//85 2816//87 2817//88
f 2812//85 2817//88 2813//86
f 2811//50 2814//50 2818//50
f 2811//50 2818//50 2815//50
f 2815//7 2819//7 2820//7
f 2815//7 2820//7 2816//7
f 2818//33 2817//33 2821//33
f 2818//33 2821//33 2822//33
f 2816//87 2820//89 2821//90
f 2816//87 2821//90 2817//88
f 2815//50 2818//50 2822//50
f 2815//50 2822//50 2819//50
f 2819//7 2823//7 2824//7
f 2819//7 2824//7 2820//7
f 2822//33 2821//33 2825//33
f 2822//33 2825//33 2826//33
f 2820//89 2824//91 2825//92
f 2820//89 2825//92 2821//90
f 2819//50 2822//50 2826//50
f 2819//50 2826//50 2823//50
f 2823//7 2827//7 2828//7
f 2823//7 2828//7 2824//7
f 2826//33 2825//33 2829//33
f 2826//33 2829//33 2830//33
f 2824//91 2828//93 2829//94
f 2824//91 2829//94 2825//92
f 2823//50 2826//50 2830//50
f 2823//50 2830//50 2827//50
f 2827//7 2831//7 2832//7
f 2827//7 2832//7 2828//7
f 2830//33 2829//33 2833//33
f 2830//33 2833//33 2834//33
f 2828//93 2832//95 2833//96
f 2828//93 2833//96 2829//94
f 2827//50 2830//50 2834//50
f 2827//50 2834//50 2831//50
f 2831//7 2835//7 2836//7
f 2831//7 2836//7 2832//7
f 2834//33 2833//33 2837//33
f 2834//33 2837//33 2838//33
f 2832//95 2836//97 2837//98
f 2832//95 2837//98 2833//96
f 2831//2 2834//2 2838//2
f 2831//2 2838//2 2835//2
f 2835//7 2839//7 2840//7
f 2835//7 2840//7 2836//7
f 2838//33 2837//33 2841//33
f 2838//33 2841//33 2842//33
f 2836//97 2840//99 2841//100
f 2836//97 2841//100 2837//98
f 2835//2 2838//2 2842//2
f 2835//2 2842//2 2839//2
f 2839//7 2843//7 2844//7
f 2839//7 2844//7 2840//7
f 2842//33 2841//33 2845//33
f 2842//33 2845//33 2846//33
f 2840//99 2844//101 2845//102
f 2840//99 2845//102 2841//100
f 2839//2 2842//2 2846//2
f 2839//2 2846//2 2843//2
f 2843//7 2847//7 2848//7
f 2843//7 2848//7 2844//7
f 2846//33 2845//33 2849//33
f 2846//33 2849//33 2850//33
f 2844//101 2848//103 2849//104
f 2844//101 2849//104 2845//102
f 2843//2 2846//2 2850//2
f 2843//2 2850//2 2847//2
f 2847//7 2851//7 2852//7
f 2847//7 2852//7 2848//7
f 2850//33 2849//33 2853//33
f 2850//33 2853//33 2854//33
f 2848//103 2852//105 2853//106
f 2848//103 2853//106 2849//104
f 2847//2 2850//2 2854//2
f 2847//2 2854//2 2851//2
f 2851//7 2855//7 2856//7
f 2851//7 2856//7 2852//7
f 2854//33 2853//33 2857//33
f 2854//33 2857//33 2858//33
f 2852//105 2856//107 2857//108
f 2852//105 2857//108 2853//106
f 2851//2 2854//2 2858//2
f 2851//2 2858//2 2855//2
f 2855//7 2859//7 2860//7
f 2855//7 2860//7 2856//7
f 2858//33 2857//33 2861//33
f 2858//33 2861//33 2862//33
f 2856//107 2860//109 2861//110
f 2856//107 2861//110 2857//108
f 2855//2 2858//2 2862//2
f 2855//2 2862//2 2859//2
f 2859//7 2721//7 2863//7
f 2859//7 2863//7 2860//7
f 2862//33 2861//33 2864//33
f 2862//33 2864//33 2724//33
f 2860//109 2863//111 2864//112
f 2860//109 2864//112 2861//110
f 2859//2 2862//2 2724//2
f 2859//2 2724//2 2721//2
f 2721//7 2717//7 2865//7
f 2721//7 2865//7 2863//7
f 2724//33 2864//33 2866//33
f 2724//33 2866//33 2720//33
f 2863//111 2865//113 2866//114
f 2863//111 2866//114 2864//112
f 2721//16 2724//16 2720//16
f 2721//16 2720//16 2717//16
f 2717//7 2713//7 2867//7
f 2717//7 2867//7 2865//7
f 2720//33 2866//33 2868//33
f 2720//33 2868//33 2716//33
f 2865//113 2867//115 2868//116
f 2865//113 2868//116 2866//114
f 2717//16 2720//16 2716//16
f 2717//16 2716//16 2713//16
f 2713//7 2709//7 2869//7
f 2713//7 2869//7 2867//7
f 2716//33 2868//33 2870//33
f 2716//33 2870//33 2712//33
f 2867//115 2869//117 2870//118
f 2867//115 2870//118 2868//116
f 2713//16 2716//16 2712//16
f 2713//16 2712//16 2709//16
f 2709//7 2705//7 2871//7
f 2709//7 2871//7 2869//7
f 2712//33 2870//33 2872//33
f 2712//33 2872//33 2708//33
f 2869//117 2871//119 2872//120
f 2869//117 2872//120 2870//118
f 2709//16 2712//16 2708//16
f 2709//16 2708//16 2705//16
f 2705//7 2701//7 2873//7
f 2705//7 2873//7 2871//7
f 2708//33 2872//33 2874//33
f 2708//33 2874//33 2704//33
f 2871//119 2873//121 2874//122
f 2871//119 2874//122 2872//120
f 2705//16 2708//16 2704//16
f 2705//16 2704//16 2701//16
f 2701//7 2697//7 2875//7
f 2701//7 2875//7 2873//7
f 2704//33 2874//33 2876//33
f 2704//33 2876//33 2700//33
f 2873//121 2875//123 2876//124
f 2873//121 2876//124 2874//122
f 2701//16 2704//16 2700//16
f 2701//16 2700//16 2697//16
f 2697//7 2693//7 2877//7
f 2697//7 2877//7 2875//7
f 2700//33 2876//33 2878//33
f 2700//33 2878//33 2696//33
f 2875//123 2877//125 2878//126
f 2875//123 2878//126 2876//124
f 2697//16 2700//16 2696//16
f 2697//16 2696//16 2693//16
f 2693//7 2689//7 2879//7
f 2693//7 2879//7 2877//7
f 2696//33 2878//33 2880//33
f 2696//33 2880//33 2692//33
f 2877//125 2879//127 2880//128
f 2877//125 2880//128 2878//126
f 2693//16 2696//16 2692//16
f 2693//16 2692//16 2689//16
f 2689//7 2881//7 2882//7
f 2689//7 2882//7 2879//7
f 2692//33 2880//33 2883//33
f 2692//33 2883//33 2884//33
f 2879//127 2882//129 2883//130
f 2879//127 2883//130 2880//128
f 2689//1 2692//1 2884//1
f 2689//1 2884//1 2881//1
f 2881//7 2885//7 2886//7
f 2881//7 2886//7 2882//7
f 2884//33 2883//33 2887//33
f 2884//33 2887//33 2888//33
f 2882//129 2886//131 2887//132
f 2882//129 2887//132 2883//130
f 2881//1 2884//1 2888//1
f 2881//1 2888//1 2885//1
f 2885//7 2889//7 2890//7
f 2885//7 2890//7 2886//7
f 2888//33 2887//33 2891//33
f 2888//33 2891//33 2892//33
f 2886//131 2890//133 2891//134
f 2886//131 2891//134 2887//132
f 2885//1 2888//1 2892//1
f 2885//1 2892//1 2889//1
f 2889//7 2783//7 2786//7
f 2889//7 2786//7 2890//7
f 2892//33 2891//33 2788//33
f 2892//33 2788//33 2787//33
f 2890//133 2786//71 2788//74
f 2890//133 2788//74 2891//134
f 2889//1 2892//1 2787//1
f 2889//1 2787//1 2783//1
f 2893//7 2894//7 2895//7
f 2893//7 2895//7 2896//7
f 2897//33 2898//33 2899//33
f 2897//33 2899//33 2900//33
f 2896//71 2895//72 2899//73
f 2896//71 2899//73 2898//74
f 2893//1 2897//1 2900//1
f 2893//1 2900//1 2894//1
f 2894//7 2901//7 2902//7
f 2894//7 2902//7 2895//7
f 2900//33 2899//33 2903//33
f 2900//33 2903//33 2904//33
f 2895//72 2902//75 2903//76
f 2895//72 2903//76 2899//73
f 2894//1 2900//1 2904//1
f 2894//1 2904//1 2901//1
f 2901//7 2905//7 2906//7
f 2901//7 2906//7 2902//7
f 2904//33 2903//33 2907//33
f 2904//33 2907//33 2908//33
f 2902//75 2906//77 2907//78
f 2902//75 2907//78 2903//76
f 2901//1 2904//1 2908//1
f 2901//1 2908//1 2905//1
f 2905//7 2909//7 2910//7
f 2905//7 2910//7 2906//7
f 2908//33 2907//33 2911//33
f 2908//33 2911//33 2912//33
f 2906//77 2910//79 2911//80
f 2906//77 2911//80 2907//78
f 2905//1 2908//1 2912//1
f 2905//1 2912//1 2909//1
f 2909//7 2913//7 2914//7
f 2909//7 2914//7 2910//7
f 2912//33 2911//33 2915//33
f 2912//33 2915//33 2916//33
f 2910//79 2914//81 2915//82
f 2910//79 2915//82 2911//80
f 2909//50 2912//50 2916//50
f 2909//50 2916//50 2913//50
f 2913//7 2917//7 2918//7
f 2913//7 2918//7 2914//7
f 2916//33 2915//33 2919//33
f 2916//33 2919//33 2920//33
f 2914//81 2918//83 2919//84
f 2914//81 2919//84 2915//82
f 2913//50 2916//50 2920//50
f 2913//50 2920//50 2917//50
f 2917//7 2921//7 2922//7
f 2917//7 2922//7 2918//7
f 2920//33 2919//33 2923//33
f 2920//33 2923//33 2924//33
f 2918//83 2922//85 2923//86
f 2918//83 2923//86 2919//84
f 2917//50 2920//50 2924//50
f 2917//50 2924//50 2921//50
f 2921//7 2925//7 2926//7
f 2921//7 2926//7 2922//7
f 2924//33 2923//33 2927//33
f 2924//33 2927//33 2928//33
f 2922//85 2926//87 2927//88
f 2922//85 2927//88 2923//86
f 2921//50 2924//50 2928//50
f 2921//50 2928//50 2925//50
f 2925//7 2929//7 2930//7
f 2925//7 2930//7 2926//7
f 2928//33 2927//33 2931//33
f 2928//33 2931//33 2932//33
f 2926//87 2930//89 2931//90
f 2926//87 2931//90 2927//88
f 2925//50 2928//50 2932//50
f 2925//50 2932//50 2929//50
f 2929//7 2933//7 2934//7
f 2929//7 2934//7 2930//7
f 2932//33 2931//33 2935//33
f 2932//33 2935//33 2936//33
f 2930//89 2934//91 2935//92
f 2930//89 2935//92 2931//90
f 2929//50 2932//50 2936//50
f 2929//50 2936//50 2933//50
f 2933//7 2937//7 2938//7
f 2933//7 2938//7 2934//7
f 2936//33 2935//33 2939//33
f 2936//33 2939//33 2940//33
f 2934//91 2938//93 2939//94
f 2934//91 2939//94 2935//92
f 2933//50 2936//50 2940//50
f 2933//50 2940//50 2937//50
f 2937//7 2941//7 2942//7
f 2937//7 2942//7 2938//7
f 2940//33 2939//33 2943//33
f 2940//33 2943//33 2944//33
f 2938//93 2942//95 2943//96
f 2938//93 2943//96 2939//94
f 2937//50 2940//50 2944//50
f 2937//50 2944//50 2941//50
f 2941//7 2945//7 2946//7
f 2941//7 2946//7 2942//7
f 2944//33 2943//33 2947//33
f 2944//33 2947//33 2948//33
f 2942//95 2946//97 2947//98
f 2942//95 2947//98 2943//96
f 2941//2 2944//2 2948//2
f 2941//2 2948//2 2945//2
f 2945//7 2949//7 2950//7
f 2945//7 2950//7 2946//7
f 2948//33 2947//33 2951//33
f 2948//33 2951//33 2952//33
f 2946//97 2950//99 2951//100
f 2946//97 2951//100 2947//98
f 2945//2 2948//2 2952//2
f 2945//2 2952//2 2949//2
f 2949//7 2953//7 2954//7
f 2949//7 2954//7 2950//7
f 2952//33 2951//33 2955//33
f 2952//33 2955//33 2956//33
f 2950//99 2954//101 2955//102
f 2950//99 2955//102 2951//100
f 2949//2 2952//2 2956//2
f 2949//2 2956//2 2953//2
f 2953//7 2957//7 2958//7
f 2953//7 2958//7 2954//7
f 2956//33 2955//33 2959//33
f 2956//33 2959//33 2960//33
f 2954//101 2958//103 2959//104
f 2954//101 2959//104 2955//102
f 2953//2 2956//2 2960//2
f 2953//2 2960//2 2957//2
f 2957//7 2961//7 2962//7
f 2957//7 2962//7 2958//7
f 2960//33 2959//33 2963//33
f 2960//33 2963//33 2964//33
f 2958//103 2962//105 2963//106
f 2958//103 2963//106 2959//104
f 2957//2 2960//2 2964//2
f 2957//2 2964//2 2961//2
f 2961//7 2965//7 2966//7
f 2961//7 2966//7 2962//7
f 2964//33 2963//33 2967//33
f 2964//33 2967//33 2968//33
f 2962//105 2966//107 2967//108
f 2962//105 2967//108 2963//106
f 2961//2 2964//2 2968//2
f 2961//2 2968//2 2965//2
f 2965//7 2969//7 2970//7
f 2965//7 2970//7 2966//7
f 2968//33 2967//33 2971//33
f 2968//33 2971//33 2972//33
f 2966//107 2970//109 2971//110
f 2966//107 2971//110 2967//108
f 2965//2 2968//2 2972//2
f 2965//2 2972//2 2969//2
f 2969//7 2831//7 2973//7
f 2969//7 2973//7 2970//7
f 2972//33 2971//33 2974//33
f 2972//33 2974//33 2834//33
f 2970//109 2973//111 2974//112
f 2970//109 2974//112 2971//110
f 2969//2 2972//2 2834//2
f 2969//2 2834//2 2831//2
f 2831//7 2827//7 2975//7
f 2831//7 2975//7 2973//7
f 2834//33 2974//33 2976//33
f 2834//33 2976//33 2830//33
f 2973//111 2975//113 2976//114
f 2973//111 2976//114 2974//112
f 2831//16 2834//16 2830//16
f 2831//16 2830//16 2827//16
f 2827//7 2823//7 2977//7
f 2827//7 2977//7 2975//7
f 2830//33 2976//33 2978//33
f 2830//33 2978//33 2826//33
f 2975//113 2977//115 2978//116
f 2975//113 2978//116 2976//114
f 2827//16 2830//16 2826//16
f 2827//16 2826//16 2823//16
f 2823//7 2819//7 2979//7
f 2823//7 2979//7 2977//7
f 2826//33 2978//33 2980//33
f 2826//33 2980//33 2822//33
f 2977//115 2979//117 2980//118
f 2977//115 2980//118 2978//116
f 2823//16 2826//16 2822//16
f 2823//16 2822//16 2819//16
f 2819//7 2815//7 2981//7
f 2819//7 2981//7 2979//7
f 2822//33 2980//33 2982//33
f 2822//33 2982//33 2818//33
f 2979//117 2981//119 2982//120
f 2979//117 2982//120 2980//118
f 2819//16 2822//16 2818//16
f 2819//16 2818//16 2815//16
f 2815//7 2811//7 2983//7
f 2815//7 2983//7 2981//7
f 2818//33 2982//33 2984//33
f 2818//33 2984//33 2814//33
f 2981//119 2983//121 2984//122
f 2981//119 2984//122 2982//120
f 2815//16 2818//16 2814//16
f 2815//16 2814//16 2811//16
f 2811//7 2807//7 2985//7
f 2811//7 2985//7 2983//7
f 2814//33 2984//33 2986//33
f 2814//33 2986//33 2810//33
f 2983//121 2985//123 2986//124
f 2983//121 2986//124 2984//122
f 2811//16 2814//16 2810//16
f 2811//16 2810//16 2807//16
f 2807//7 2803//7 2987//7
f 2807//7 2987//7 2985//7
f 2810//33 2986//33 2988//33
f 2810//33 2988//33 2806//33
f 2985//123 2987//125 2988//126
f 2985//123 2988//126 2986//124
f 2807//16 2810//16 2806//16
f 2807//16 2806//16 2803//16
f 2803//7 2799//7 2989//7
f 2803//7 2989//7 2987//7
f 2806//33 2988//33 2990//33
f 2806//33 2990//33 2802//33
f 2987//125 2989//127 2990//128
f 2987//125 2990//128 2988//126
f 2803//16 2806//16 2802//16
f 2803//16 2802//16 2799//16
f 2799//7 2991//7 2992//7
f 2799//7 2992//7 2989//7
f 2802//33 2990//33 2993//33
f 2802//33 2993//33 2994//33
f 2989//127 2992//129 2993//130
f 2989//127 2993//130 2990//128
f 2799//1 2802//1 2994//1
f 2799//1 2994//1 2991//1
f 2991//7 2995//7 2996//7
f 2991//7 2996//7 2992//7
f 2994//33 2993//33 2997//33
f 2994//33 2997//33 2998//33
f 2992//129 2996//131 2997//132
f 2992//129 2997//132 2993//130
f 2991//1 2994//1 2998//1
f 2991//1 2998//1 2995//1
f 2995//7 2999//7 3000//7
f 2995//7 3000//7 2996//7
f 2998//33 2997//33 3001//33
f 2998//33 3001//33 3002//33
f 2996//131 3000//133 3001//134
f 2996//131 3001//134 2997//132
f 2995//1 2998//1 3002//1
f 2995//1 3002//1 2999//1
f 2999//7 2893//7 2896//7
f 2999//7 2896//7 3000//7
f 3002//33 3001//33 2898//33
f 3002//33 2898//33 2897//33
f 3000//133 2896//71 2898//74
f 3000//133 2898//74 3001//134
f 2999//1 3002//1 2897//1
f 2999//1 2897//1 2893//1
f 3003//7 3004//7 3005//7
f 3003//7 3005//7 3006//7
f 3007//33 3008//33 3009//33
f 3007//33 3009//33 3010//33
f 3006//71 3005//72 3009//73
f 3006//71 3009//73 3008//74
f 3003//1 3007//1 3010//1
f 3003//1 3010//1 3004//1
f 3004//7 3011//7 3012//7
f 3004//7 3012//7 3005//7
f 3010//33 3009//33 3013//33
f 3010//33 3013//33 3014//33
f 3005//72 3012//75 3013//76
f 3005//72 3013//76 3009//73
f 3004//1 3010//1 3014//1
f 3004//1 3014//1 3011//1
f 3011//7 3015//7 3016//7
f 3011//7 3016//7 3012//7
f 3014//33 3013//33 3017//33
f 3014//33 3017//33 3018//33
f 3012//75 3016//77 3017//78
f 3012//75 3017//78 3013//76
f 3011//1 3014//1 3018//1
f 3011//1 3018//1 3015//1
f 3015//7 3019//7 3020//7
f 3015//7 3020//7 3016//7
f 3018//33 3017//33 3021//33
f 3018//33 3021//33 3022//33
f 3016//77 3020//79 3021//80
f 3016//77 3021//80 3017//78
f 3015//1 3018//1 3022//1
f 3015//1 3022//1 3019//1
f 3019//7 3023//7 3024//7
f 3019//7 3024//7 3020//7
f 3022//33 3021//33 3025//33
f 3022//33 3025//33 3026//33
f 3020//79 3024//81 3025//82
f 3020//79 3025//82 3021//80
f 3019//50 3022//50 3026//50
f 3019//50 3026//50 3023//50
f 3023//7 3027//7 3028//7
f 3023//7 3028//7 3024//7
f 3026//33 3025//33 3029//33
f 3026//33 3029//33 3030//33
f 3024//81 3028//83 3029//84
f 3024//81 3029//84 3025//82
f 3023//50 3026//50 3030//50
f 3023//50 3030//50 3027//50
f 3027//7 3031//7 3032//7
f 3027//7 3032//7 3028//7
f 3030//33 3029//33 3033//33
f 3030//33 3033//33 3034//33
f 3028//83 3032//85 3033//86
f 3028//83 3033//86 3029//84
f 3027//50 3030//50 3034//50
f 3027//50 3034//50 3031//50
f 3031//7 3035//7 3036//7
f 3031//7 3036//7 3032//7
f 3034//33 3033//33 3037//33
f 3034//33 3037//33 3038//33
f 3032//85 3036//87 3037//88
f 3032//85 3037//88 3033//86
f 3031//50 3034//50 3038//50
f 3031//50 3038//50 3035//50
f 3035//7 3039//7 3040//7
f 3035//7 3040//7 3036//7
f 3038//33 3037//33 3041//33
f 3038//33 3041//33 3042//33
f 3036//87 3040//89 3041//90
f 3036//87 3041//90 3037//88
f 3035//50 3038//50 3042//50
f 3035//50 3042//50 3039//50
f 3039//7 3043//7 3044//7
f 3039//7 3044//7 3040//7
f 3042//33 3041//33 3045//33
f 3042//33 3045//33 3046//33
f 3040//89 3044//91 3045//92
f 3040//89 3045//92 3041//90
f 3039//50 3042//50 3046//50
f 3039//50 3046//50 3043//50
f 3043//7 3047//7 3048//7
f 3043//7 3048//7 3044//7
f 3046//33 3045//33 3049//33
f 3046//33 3049//33 3050//33
f 3044//91 3048//93 3049//94
f 3044//91 3049//94 3045//92
f 3043//50 3046//50 3050//50
f 3043//50 3050//50 3047//50
f 3047//7 3051//7 3052//7
f 3047//7 3052//7 3048//7
f 3050//33 3049//33 3053//33
f 3050//33 3053//33 3054//33
f 3048//93 3052//95 3053//96
f 3048//93 3053//96 3049//94
f 3047//50 3050//50 3054//50
f 3047//50 3054//50 3051//50
f 3051//7 3055//7 3056//7
f 3051//7 3056//7 3052//7
f 3054//33 3053//33 3057//33
f 3054//33 3057//33 3058//33
f 3052//95 3056//97 3057//98
f 3052//95 3057//98 3053//96
f 3051//2 3054//2 3058//2
f 3051//2 3058//2 3055//2
f 3055//7 3059//7 3060//7
f 3055//7 3060//7 3056//7
f 3058//33 3057//33 3061//33
f 3058//33 3061//33 3062//33
f 3056//97 3060//99 3061//100
f 3056//97 3061//100 3057//98
f 3055//2 3058//2 3062//2
f 3055//2 3062//2 3059//2
f 3059//7 3063//7 3064//7
f 3059//7 3064//7 3060//7
f 3062//33 3061//33 3065//33
f 3062//33 3065//33 3066//33
f 3060//99 3064//101 3065//102
f 3060//99 3065//102 3061//100
f 3059//2 3062//2 3066//2
f 3059//2 3066//2 3063//2
f 3063//7 3067//7 3068//7
f 3063//7 3068//7 3064//7
f 3066//33 3065//33 3069//33
f 3066//33 3069//33 3070//33
f 3064//101 3068//103 3069//104
f 3064//101 3069//104 3065//102
f 3063//2 3066//2 3070//2
f 3063//2 3070//2 3067//2
f 3067//7 3071//7 3072//7
f 3067//7 3072//7 3068//7
f 3070//33 3069//33 3073//33
f 3070//33 3073//33 3074//33
f 3068//103 3072//105 3073//106
f 3068//103 3073//106 3069//104
f 3067//2 3070//2 3074//2
f 3067//2 3074//2 3071//2
f 3071//7 3075//7 3076//7
f 3071//7 3076//7 3072//7
f 3074//33 3073//33 3077//33
f 3074//33 3077//33 3078//33
f 3072//105 3076//107 3077//108
f 3072//105 3077//108 3073//106
f 3071//2 3074//2 3078//2
f 3071//2 3078//2 3075//2
f 3075//7 3079//7 3080//7
f 3075//7 3080//7 3076//7
f 3078//33 3077//33 3081//33
f 3078//33 3081//33 3082//33
f 3076//107 3080//109 3081//110
f 3076//107 3081//110 3077//108
f 3075//2 3078//2 3082//2
f 3075//2 3082//2 3079//2
f 3079//7 2941//7 3083//7
f 3079//7 3083//7 3080//7
f 3082//33 3081//33 3084//33
f 3082//33 3084//33 2944//33
f 3080//109 3083//111 3084//112
f 3080//109 3084//112 3081//110
f 3079//2 3082//2 2944//2
f 3079//2 2944//2 2941//2
f 2941//7 2937//7 3085//7
f 2941//7 3085//7 3083//7
f 2944//33 3084//33 3086//33
f 2944//33 3086//33 2940//33
f 3083//111 3085//113 3086//114
f 3083//111 3086//114 3084//112
f 2941//16 2944//16 2940//16
f 2941//16 2940//16 2937//16
f 2937//7 2933//7 3087//7
f 2937//7 3087//7 3085//7
f 2940//33 3086//33 3088//33
f 2940//33 3088//33 2936//33
f 3085//113 3087//115 3088//116
f 3085//113 3088//116 3086//114
f 2937//16 2940//16 2936//16
f 2937//16 2936//16 2933//16
f 2933//7 2929//7 3089//7
f 2933//7 3089//7 3087//7
f 2936//33 3088//33 3090//33
f 2936//33 3090//33 2932//33
f 3087//115 3089//117 3090//118
f 3087//115 3090//118 3088//116
f 2933//16 2936//16 2932//16
f 2933//16 2932//16 2929//16
f 2929//7 2925//7 3091//7
f 2929//7 3091//7 3089//7
f 2932//33 3090//33 3092//33
f 2932//33 3092//33 2928//33
f 3089//117 3091//119 3092//120
f 3089//117 3092//120 3090//118
f 2929//16 2932//16 2928//16
f 2929//16 2928//16 2925//16
f 2925//7 2921//7 3093//7
f 2925//7 3093//7 3091//7
f 2928//33 3092//33 3094//33
f 2928//33 3094//33 2924//33
f 3091//119 3093//121 3094//122
f 3091//119 3094//122 3092//120
f 2925//16 2928//16 2924//16
f 2925//16 2924//16 2921//16
f 2921//7 2917//7 3095//7
f 2921//7 3095//7 3093//7
f 2924//33 3094//33 3096//33
f 2924//33 3096//33 2920//33
f 3093//121 3095//123 3096//124
f 3093//121 3096//124 3094//122
f 2921//16 2924//16 2920//16
f 2921//16 2920//16 2917//16
f 2917//7 2913//7 3097//7
f 2917//7 3097//7 3095//7
f 2920//33 3096//33 3098//33
f 2920//33 3098//33 2916//33
f 3095//123 3097//125 3098//126
f 3095//123 3098//126 3096//124
f 2917//16 2920//16 2916//16
f 2917//16 2916//16 2913//16
f 2913//7 2909//7 3099//7
f 2913//7 3099//7 3097//7
f 2916//33 3098//33 3100//33
f 2916//33 3100//33 2912//33
f 3097//125 3099//127 3100//128
f 3097//125 3100//128 3098//126
f 2913//16 2916//16 2912//16
f 2913//16 2912//16 2909//16
f 2909//7 3101//7 3102//7
f 2909//7 3102//7 3099//7
f 2912//33 3100//33 3103//33
f 2912//33 3103//33 3104//33
f 3099//127 3102//129 3103//130
f 3099//127 3103//130 3100//128
f 2909//1 2912//1 3104//1
f 2909//1 3104//1 3101//1
f 3101//7 3105//7 3106//7
f 3101//7 3106//7 3102//7
f 3104//33 3103//33 3107//33
f 3104//33 3107//33 3108//33
f 3102//129 3106//131 3107//132
f 3102//129 3107//132 3103//130
f 3101//1 3104//1 3108//1
f 3101//1 3108//1 3105//1
f 3105//7 3109//7 3110//7
f 3105//7 3110//7 3106//7
f 3108//33 3107//33 3111//33
f 3108//33 3111//33 3112//33
f 3106//131 3110//133 3111//134
f 3106//131 3111//134 3107//132
f 3105//1 3108//1 3112//1
f 3105//1 3112//1 3109//1
f 3109//7 3003//7 3006//7
f 3109//7 3006//7 3110//7
f 3112//33 3111//33 3008//33
f 3112//33 3008//33 3007//33
f 3110//133 3006//71 3008//74
f 3110//133 3008//74 3111//134
f 3109//1 3112//1 3007//1
f 3109//1 3007//1 3003//1
f 3113//7 3114//7 3115//7
f 3113//7 3115//7 3116//7
f 3117//33 3118//33 3119//33
f 3117//33 3119//33 3120//33
f 3116//71 3115//72 3119//73
f 3116//71 3119//73 3118//74
f 3113//1 3117//1 3120//1
f 3113//1 3120//1 3114//1
f 3114//7 3121//7 3122//7
f 3114//7 3122//7 3115//7
f 3120//33 3119//33 3123//33
f 3120//33 3123//33 3124//33
f 3115//72 3122//75 3123//76
f 3115//72 3123//76 3119//73
f 3114//1 3120//1 3124//1
f 3114//1 3124//1 3121//1
f 3121//7 3125//7 3126//7
f 3121//7 3126//7 3122//7
f 3124//33 3123//33 3127//33
f 3124//33 3127//33 3128//33
f 3122//75 3126//77 3127//78
f 3122//75 3127//78 3123//76
f 3121//1 3124//1 3128//1
f 3121//1 3128//1 3125//1
f 3125//7 3129//7 3130//7
f 3125//7 3130//7 3126//7
f 3128//33 3127//33 3131//33
f 3128//33 3131//33 3132//33
f 3126//77 3130//79 3131//80
f 3126//77 3131//80 3127//78
f 3125//1 3128//1 3132//1
f 3125//1 3132//1 3129//1
f 3129//7 3133//7 3134//7
f 3129//7 3134//7 3130//7
f 3132//33 3131//33 3135//33
f 3132//33 3135//33 3136//33
f 3130//79 3134//81 3135//82
f 3130//79 3135//82 3131//80
f 3129//50 3132//50 3136//50
f 3129//50 3136//50 3133//50
f 3133//7 3137//7 3138//7
f 3133//7 3138//7 3134//7
f 3136//33 3135//33 3139//33
f 3136//33 3139//33 3140//33
f 3134//81 3138//83 3139//84
f 3134//81 3139//84 3135//82
f 3133//50 3136//50 3140//50
f 3133//50 3140//50 3137//50
f 3137//7 3141//7 3142//7
f 3137//7 3142//7 3138//7
f 3140//33 3139//33 3143//33
f 3140//33 3143//33 3144//33
f 3138//83 3142//85 3143//86
f 3138//83 3143//86 3139//84
f 3137//50 3140//50 3144//50
f 3137//50 3144//50 3141//50
f 3141//7 3145//7 3146//7
f 3141//7 3146//7 3142//7
f 3144//33 3143//33 3147//33
f 3144//33 3147//33 3148//33
f 3142//85 3146//87 3147//88
f 3142//85 3147//88 3143//86
f 3141//50 3144//50 3148//50
f 3141//50 3148//50 3145//50
f 3145//7 3149//7 3150//7
f 3145//7 3150//7 3146//7
f 3148//33 3147//33 3151//33
f 3148//33 3151//33 3152//33
f 3146//87 3150//89 3151//90
f 3146//87 3151//90 3147//88
f 3145//50 3148//50 3152//50
f 3145//50 3152//50 3149//50
f 3149//7 3153//7 3154//7
f 3149//7 3154//7 3150//7
f 3152//33 3151//33 3155//33
f 3152//33 3155//33 3156//33
f 3150//89 3154//91 3155//92
f 3150//89 3155//92 3151//90
f 3149//50 3152//50 3156//50
f 3149//50 3156//50 3153//50
f 3153//7 3157//7 3158//7
f 3153//7 3158//7 3154//7
f 3156//33 3155//33 3159//33
f 3156//33 3159//33 3160//33
f 3154//91 3158//93 3159//94
f 3154//91 3159//94 3155//92
f 3153//50 3156//50 3160//50
f 3153//50 3160//50 3157//50
f 3157//7 3161//7 3162//7
f 3157//7 3162//7 3158//7
f 3160//33 3159//33 3163//33
f 3160//33 3163//33 3164//33
f 3158//93 3162//95 3163//96
f 3158//93 3163//96 3159//94
f 3157//50 3160//50 3164//50
f 3157//50 3164//50 3161//50
f 3161//7 3165//7 3166//7
f 3161//7 3166//7 3162//7
f 3164//33 3163//33 3167//33
f 3164//33 3167//33 3168//33
f 3162//95 3166//97 3167//98
f 3162//95 3167//98 3163//96
f 3161//2 3164//2 3168//2
f 3161//2 3168//2 3165//2
f 3165//7 3169//7 3170//7
f 3165//7 3170//7 3166//7
f 3168//33 3167//33 3171//33
f 3168//33 3171//33 3172//33
f 3166//97 3170//99 3171//100
f 3166//97 3171//100 3167//98
f 3165//2 3168//2 3172//2
f 3165//2 3172//2 3169//2
f 3169//7 3173//7 3174//7
f 3169//7 3174//7 3170//7
f 3172//33 3171//33 3175//33
f 3172//33 3175//33 3176//33
f 3170//99 3174//101 3175//102
f 3170//99 3175//102 3171//100
f 3169//2 3172//2 3176//2
f 3169//2 3176//2 3173//2
f 3173//7 3177//7 3178//7
f 3173//7 3178//7 3174//7
f 3176//33 3175//33 3179//33
f 3176//33 3179//33 3180//33
f 3174//101 3178//103 3179//104
f 3174//101 3179//104 3175//102
f 3173//2 3176//2 3180//2
f 3173//2 3180//2 3177//2
f 3177//7 3181//7 3182//7
f 3177//7 3182//7 3178//7
f 3180//33 3179//33 3183//33
f 3180//33 3183//33 3184//33
f 3178//103 3182//105 3183//106
f 3178//103 3183//106 3179//104
f 3177//2 3180//2 3184//2
f 3177//2 3184//2 3181//2
f 3181//7 3185//7 3186//7
f 3181//7 3186//7 3182//7
f 3184//33 3183//33 3187//33
f 3184//33 3187//33 3188//33
f 3182//105 3186//107 3187//108
f 3182//105 3187//108 3183//106
f 3181//2 3184//2 3188//2
f 3181//2 3188//2 3185//2
f 3185//7 3189//7 3190//7
f 3185//7 3190//7 3186//7
f 3188//33 3187//33 3191//33
f 3188//33 3191//33 3192//33
f 3186//107 3190//109 3191//110
f 3186//107 3191//110 3187//108
f 3185//2 3188//2 3192//2
f 3185//2 3192//2 3189//2
f 3189//7 3051//7 3193//7
f 3189//7 3193//7 3190//7
f 3192//33 3191//33 3194//33
f 3192//33 3194//33 3054//33
f 3190//109 3193//111 3194//112
f 3190//109 3194//112 3191//110
f 3189//2 3192//2 3054//2
f 3189//2 3054//2 3051//2
f 3051//7 3047//7 3195//7
f 3051//7 3195//7 3193//7
f 3054//33 3194//33 3196//33
f 3054//33 3196//33 3050//33
f 3193//111 3195//113 3196//114
f 3193//111 3196//114 3194//112
f 3051//16 3054//16 3050//16
f 3051//16 3050//16 3047//16
f 3047//7 3043//7 3197//7
f 3047//7 3197//7 3195//7
f 3050//33 3196//33 3198//33
f 3050//33 3198//33 3046//33
f 3195//113 3197//115 3198//116
f 3195//113 3198//116 3196//114
f 3047//16 3050//16 3046//16
f 3047//16 3046//16 3043//16
f 3043//7 3039//7 3199//7
f 3043//7 3199//7 3197//7
f 3046//33 3198//33 3200//33
f 3046//33 3200//33 3042//33
f 3197//115 3199//117 3200//118
f 3197//115 3200//118 3198//116
f 3043//16 3046//16 3042//16
f 3043//16 3042//16 3039//16
f 3039//7 3035//7 3201//7
f 3039//7 3201//7 3199//7
f 3042//33 3200//33 3202//33
f 3042//33 3202//33 3038//33
f 3199//117 3201//119 3202//120
f 3199//117 3202//120 3200//118
f 3039//16 3042//16 3038//16
f 3039//16 3038//16 3035//16
f 3035//7 3031//7 3203//7
f 3035//7 3203//7 3201//7
f 3038//33 3202//33 3204//33
f 3038//33 3204//33 3034//33
f 3201//119 3203//121 3204//122
f 3201//119 3204//122 3202//120
f 3035//16 3038//16 3034//16
f 3035//16 3034//16 3031//16
f 3031//7 3027//7 3205//7
f 3031//7 3205//7 3203//7
f 3034//33 3204//33 3206//33
f 3034//33 3206//33 3030//33
f 3203//121 3205//123 3206//124
f 3203//121 3206//124 3204//122
f 3031//16 3034//16 3030//16
f 3031//16 3030//16 3027//16
f 3027//7 3023//7 3207//7
f 3027//7 3207//7 3205//7
f 3030//33 3206//33 3208//33
f 3030//33 3208//33 3026//33
f 3205//123 3207//125 3208//126
f 3205//123 3208//126 3206//124
f 3027//16 3030//16 3026//16
f 3027//16 3026//16 3023//16
f 3023//7 3019//7 3209//7
f 3023//7 3209//7 3207//7
f 3026//33 3208//33 3210//33
f 3026//33 3210//33 3022//33
f 3207//125 3209//127 3210//128
f 3207//125 3210//128 3208//126
f 3023//16 3026//16 3022//16
f 3023//16 3022//16 3019//16
f 3019//7 3211//7 3212//7
f 3019//7 3212//7 3209//7
f 3022//33 3210//33 3213//33
f 3022//33 3213//33 3214//33
f 3209//127 3212//129 3213//130
f 3209//127 3213//130 3210//128
f 3019//1 3022//1 3214//1
f 3019//1 3214//1 3211//1
f 3211//7 3215//7 3216//7
f 3211//7 3216//7 3212//7
f 3214//33 3213//33 3217//33
f 3214//33 3217//33 3218//33
f 3212//129 3216//131 3217//132
f 3212//129 3217//132 3213//130
f 3211//1 3214//1 3218//1
f 3211//1 3218//1 3215//1
f 3215//7 3219//7 3220//7
f 3215//7 3220//7 3216//7
f 3218//33 3217//33 3221//33
f 3218//33 3221//33 3222//33
f 3216//131 3220//133 3221//134
f 3216//131 3221//134 3217//132
f 3215//1 3218//1 3222//1
f 3215//1 3222//1 3219//1
f 3219//7 3113//7 3116//7
f 3219//7 3116//7 3220//7
f 3222//33 3221//33 3118//33
f 3222//33 3118//33 3117//33
f 3220//133 3116//71 3118//74
f 3220//133 3118//74 3221//134
f 3219//1 3222//1 3117//1
f 3219//1 3117//1 3113//1
f 3223//7 3224//7 3225//7
f 3223//7 3225//7 3226//7
f 3227//33 3228//33 3229//33
f 3227//33 3229//33 3230//33
f 3226//71 3225//72 3229//73
f 3226//71 3229//73 3228//74
f 3223//1 3227//1 3230//1
f 3223//1 3230//1 3224//1
f 3224//7 3231//7 3232//7
f 3224//7 3232//7 3225//7
f 3230//33 3229//33 3233//33
f 3230//33 3233//33 3234//33
f 3225//72 3232//75 3233//76
f 3225//72 3233//76 3229//73
f 3224//1 3230//1 3234//1
f 3224//1 3234//1 3231//1
f 3231//7 3235//7 3236//7
f 3231//7 3236//7 3232//7
f 3234//33 3233//33 3237//33
f 3234//33 3237//33 3238//33
f 3232//75 3236//77 3237//78
f 3232//75 3237//78 3233//76
f 3231//1 3234//1 3238//1
f 3231//1 3238//1 3235//1
f 3235//7 3239//7 3240//7
f 3235//7 3240//7 3236//7
f 3238//33 3237//33 3241//33
f 3238//33 3241//33 3242//33
f 3236//77 3240//79 3241//80
f 3236//77 3241//80 3237//78
f 3235//1 3238//1 3242//1
f 3235//1 3242//1 3239//1
f 3239//7 3243//7 3244//7
f 3239//7 3244//7 3240//7
f 3242//33 3241//33 3245//33
f 3242//33 3245//33 3246//33
f 3240//79 3244//81 3245//82
f 3240//79 3245//82 3241//80
f 3239//50 3242//50 3246//50
f 3239//50 3246//50 3243//50
f 3243//7 3247//7 3248//7
f 3243//7 3248//7 3244//7
f 3246//33 3245//33 3249//33
f 3246//33 3249//33 3250//33
f 3244//81 3248//83 3249//84
f 3244//81 3249//84 3245//82
f 3243//50 3246//50 3250//50
f 3243//50 3250//50 3247//50
f 3247//7 3251//7 3252//7
f 3247//7 3252//7 3248//7
f 3250//33 3249//33 3253//33
f 3250//33 3253//33 3254//33
f 3248//83 3252//85 3253//86
f 3248//83 3253//86 3249//84
f 3247//50 3250//50 3254//50
f 3247//50 3254//50 3251//50
f 3251//7 3255//7 3256//7
f 3251//7 3256//7 3252//7
f 3254//33 3253//33 3257//33
f 3254//33 3257//33 3258//33
f 3252//85 3256//87 3257//88
f 3252//85 3257//88 3253//86
f 3251//50 3254//50 3258//50
f 3251//50 3258//50 3255//50
f 3255//7 3259//7 3260//7
f 3255//7 3260//7 3256//7
f 3258//33 3257//33 3261//33
f 3258//33 3261//33 3262//33
f 3256//87 3260//89 3261//90
f 3256//87 3261//90 3257//88
f 3255//50 3258//50 3262//50
f 3255//50 3262//50 3259//50
f 3259//7 3263//7 3264//7
f 3259//7 3264//7 3260//7
f 3262//33 3261//33 3265//33
f 3262//33 3265//33 3266//33
f 3260//89 3264//91 3265//92
f 3260//89 3265//92 3261//90
f 3259//50 3262//50 3266//50
f 3259//50 3266//50 3263//50
f 3263//7 3267//7 3268//7
f 3263//7 3268//7 3264//7
f 3266//33 3265//33 3269//33
f 3266//33 3269//33 3270//33
f 3264//91 3268//93 3269//94
f 3264//91 3269//94 3265//92
f 3263//50 3266//50 3270//50
f 3263//50 3270//50 3267//50
f 3267//7 3271//7 3272//7
f 3267//7 3272//7 3268//7
f 3270//33 3269//33 3273//33
f 3270//33 3273//33 3274//33
f 3268//93 3272//95 3273//96
f 3268//93 3273//96 3269//94
f 3267//50 3270//50 3274//50
f 3267//50 3274//50 3271//50
f 3271//7 3275//7 3276//7
f 3271//7 3276//7 3272//7
f 3274//33 3273//33 3277//33
f 3274//33 3277//33 3278//33
f 3272//95 3276//97 3277//98
f 3272//95 3277//98 3273//96
f 3271//2 3274//2 3278//2
f 3271//2 3278//2 3275//2
f 3275//7 3279//7 3280//7
f 3275//7 3280//7 3276//7
f 3278//33 3277//33 3281//33
f 3278//33 3281//33 3282//33
f 3276//97 3280//99 3281//100
f 3276//97 3281//100 3277//98
f 3275//2 3278//2 3282//2
f 3275//2 3282//2 3279//2
f 3279//7 3283//7 3284//7
f 3279//7 3284//7 3280//7
f 3282//33 3281//33 3285//33
f 3282//33 3285//33 3286//33
f 3280//99 3284//101 3285//102
f 3280//99 3285//102 3281//100
f 3279//2 3282//2 3286//2
f 3279//2 3286//2 3283//2
f 3283//7 3287//7 3288//7
f 3283//7 3288//7 3284//7
f 3286//33 3285//33 3289//33
f 3286//33 3289//33 3290//33
f 3284//101 3288//103 3289//104
f 3284//101 3289//104 3285//102
f 3283//2 3286//2 3290//2
f 3283//2 3290//2 3287//2
f 3287//7 3291//7 3292//7
f 3287//7 3292//7 3288//7
f 3290//33 3289//33 3293//33
f 3290//33 3293//33 3294//33
f 3288//103 3292//105 3293//106
f 3288//103 3293//106 3289//104
f 3287//2 3290//2 3294//2
f 3287//2 3294//2 3291//2
f 3291//7 3295//7 3296//7
f 3291//7 3296//7 3292//7
f 3294//33 3293//33 3297//33
f 3294//33 3297//33 3298//33
f 3292//105 3296//107 3297//108
f 3292//105 3297//108 3293//106
f 3291//2 3294//2 3298//2
f 3291//2 3298//2 3295//2
f 3295//7 3299//7 3300//7
f 3295//7 3300//7 3296//7
f 3298//33 3297//33 3301//33
f 3298//33 3301//33 3302//33
f 3296//107 3300//109 3301//110
f 3296//107 3301//110 3297//108
f 3295//2 3298//2 3302//2
f 3295//2 3302//2 3299//2
f 3299//7 3161//7 3303//7
f 3299//7 3303//7 3300//7
f 3302//33 3301//33 3304//33
f 3302//33 3304//33 3164//33
f 3300//109 3303//111 3304//112
f 3300//109 3304//112 3301//110
f 3299//2 3302//2 3164//2
f 3299//2 3164//2 3161//2
f 3161//7 3157//7 3305//7
f 3161//7 3305//7 3303//7
f 3164//33 3304//33 3306//33
f 3164//33 3306//33 3160//33
f 3303//111 3305//113 3306//114
f 3303//111 3306//114 3304//112
f 3161//16 3164//16 3160//16
f 3161//16 3160//16 3157//16
f 3157//7 3153//7 3307//7
f 3157//7 3307//7 3305//7
f 3160//33 3306//33 3308//33
f 3160//33 3308//33 3156//33
f 3305//113 3307//115 3308//116
f 3305//113 3308//116 3306//114
f 3157//16 3160//16 3156//16
f 3157//16 3156//16 3153//16
f 3153//7 3149//7 3309//7
f 3153//7 3309//7 3307//7
f 3156//33 3308//33 3310//33
f 3156//33 3310//33 3152//33
f 3307//115 3309//117 3310//118
f 3307//115 3310//118 3308//116
f 3153//16 3156//16 3152//16
f 3153//16 3152//16 3149//16
f 3149//7 3145//7 3311//7
f 3149//7 3311//7 3309//7
f 3152//33 3310//33 3312//33
f 3152//33 3312//33 3148//33
f 3309//117 3311//119 3312//120
f 3309//117 3312//120 3310//118
f 3149//16 3152//16 3148//16
f 3149//16 3148//16 3145//16
f 3145//7 3141//7 3313//7
f 3145//7 3313//7 3311//7
f 3148//33 3312//33 3314//33
f 3148//33 3314//33 3144//33
f 3311//119 3313//121 3314//122
f 3311//119 3314//122 3312//120
f 3145//16 3148//16 3144//16
f 3145//16 3144//16 3141//16
f 3141//7 3137//7 3315//7
f 3141//7 3315//7 3313//7
f 3144//33 3314//33 3316//33
f 3144//33 3316//33 3140//33
f 3313//121 3315//123 3316//124
f 3313//121 3316//124 3314//122
f 3141//16 3144//16 3140//16
f 3141//16 3140//16 3137//16
f 3137//7 3133//7 3317//7
f 3137//7 3317//7 3315//7
f 3140//33 3316//33 3318//33
f 3140//33 3318//33 3136//33
f 3315//123 3317//125 3318//126
f 3315//123 3318//126 3316//124
f 3137//16 3140//16 3136//16
f 3137//16 3136//16 3133//16
f 3133//7 3129//7 3319//7
f 3133//7 3319//7 3317//7
f 3136//33 3318//33 3320//33
f 3136//33 3320//33 3132//33
f 3317//125 3319//127 3320//128
f 3317//125 3320//128 3318//126
f 3133//16 3136//16 3132//16
f 3133//16 3132//16 3129//16
f 3129//7 3321//7 3322//7
f 3129//7 3322//7 3319//7
f 3132//33 3320//33 3323//33
f 3132//33 3323//33 3324//33
f 3319//127 3322//129 3323//130
f 3319//127 3323//130 3320//128
f 3129//1 3132//1 3324//1
f 3129//1 3324//1 3321//1
f 3321//7 3325//7 3326//7
f 3321//7 3326//7 3322//7
f 3324//33 3323//33 3327//33
f 3324//33 3327//33 3328//33
f 3322//129 3326//131 3327//132
f 3322//129 3327//132 3323//130
f 3321//1 3324//1 3328//1
f 3321//1 3328//1 3325//1
f 3325//7 3329//7 3330//7
f 3325//7 3330//7 3326//7
f 3328//33 3327//33 3331//33
f 3328//33 3331//33 3332//33
f 3326//131 3330//133 3331//134
f 3326//131 3331//134 3327//132
f 3325//1 3328//1 3332//1
f 3325//1 3332//1 3329//1
f 3329//7 3223//7 3226//7
f 3329//7 3226//7 3330//7
f 3332//33 3331//33 3228//33
f 3332//33 3228//33 3227//33
f 3330//133 3226//71 3228//74
f 3330//133 3228//74 3331//134
f 3329//1 3332//1 3227//1
f 3329//1 3227//1 3223//1
f 3333//7 3334//7 3335//7
f 3333//7 3335//7 3336//7
f 3337//33 3338//33 3339//33
f 3337//33 3339//33 3340//33
f 3336//71 3335//72 3339//73
f 3336//71 3339//73 3338//74
f 3333//1 3337//1 3340//1
f 3333//1 3340//1 3334//1
f 3334//7 3341//7 3342//7
f 3334//7 3342//7 3335//7
f 3340//33 3339//33 3343//33
f 3340//33 3343//33 3344//33
f 3335//72 3342//75 3343//76
f 3335//72 3343//76 3339//73
f 3334//1 3340//1 3344//1
f 3334//1 3344//1 3341//1
f 3341//7 3345//7 3346//7
f 3341//7 3346//7 3342//7
f 3344//33 3343//33 3347//33
f 3344//33 3347//33 3348//33
f 3342//75 3346//77 3347//78
f 3342//75 3347//78 3343//76
f 3341//1 3344//1 3348//1
f 3341//1 3348//1 3345//1
f 3345//7 3349//7 3350//7
f 3345//7 3350//7 3346//7
f 3348//33 3347//33 3351//33
f 3348//33 3351//33 3352//33
f 3346//77 3350//79 3351//80
f 3346//77 3351//80 3347//78
f 3345//1 3348//1 3352//1
f 3345//1 3352//1 3349//1
f 3349//7 3353//7 3354//7
f 3349//7 3354//7 3350//7
f 3352//33 3351//33 3355//33
f 3352//33 3355//33 3356//33
f 3350//79 3354//81 3355//82
f 3350//79 3355//82 3351//80
f 3349//50 3352//50 3356//50
f 3349//50 3356//50 3353//50
f 3353//7 3357//7 3358//7
f 3353//7 3358//7 3354//7
f 3356//33 3355//33 3359//33
f 3356//33 3359//33 3360//33
f 3354//81 3358//83 3359//84
f 3354//81 3359//84 3355//82
f 3353//50 3356//50 3360//50
f 3353//50 3360//50 3357//50
f 3357//7 3361//7 3362//7
f 3357//7 3362//7 3358//7
f 3360//33 3359//33 3363//33
f 3360//33 3363//33 3364//33
f 3358//83 3362//85 3363//86
f 3358//83 3363//86 3359//84
f 3357//50 3360//50 3364//50
f 3357//50 3364//50 3361//50
f 3361//7 3365//7 3366//7
f 3361//7 3366//7 3362//7
f 3364//33 3363//33 3367//33
f 3364//33 3367//33 3368//33
f 3362//85 3366//87 3367//88
f 3362//85 3367//88 3363//86
f 3361//50 3364//50 3368//50
f 3361//50 3368//50 3365//50
f 3365//7 3369//7 3370//7
f 3365//7 3370//7 3366//7
f 3368//33 3367//33 3371//33
f 3368//33 3371//33 3372//33
f 3366//87 3370//89 3371//90
f 3366//87 3371//90 3367//88
f 3365//50 3368//50 3372//50
f 3365//50 3372//50 3369//50
f 3369//7 3373//7 3374//7
f 3369//7 3374//7 3370//7
f 3372//33 3371//33 3375//33
f 3372//33 3375//33 3376//33
f 3370//89 3374//91 3375//92
f 3370//89 3375//92 3371//90
f 3369//50 3372//50 3376//50
f 3369//50 3376//50 3373//50
f 3373//7 3377//7 3378//7
f 3373//7 3378//7 3374//7
f 3376//33 3375//33 3379//33
f 3376//33 3379//33 3380//33
f 3374//91 3378//93 3379//94
f 3374//91 3379//94 3375//92
f 3373//50 3376//50 3380//50
f 3373//50 3380//50 3377//50
f 3377//7 2451//7 3381//7
f 3377//7 3381//7 3378//7
f 3380//33 3379//33 3382//33
f 3380//33 3382//33 2454//33
f 3378//93 3381//95 3382//96
f 3378//93 3382//96 3379//94
f 3377//50 3380//50 2454//50
f 3377//50 2454//50 2451//50
f 2451//7 2447//7 3383//7
f 2451//7 3383//7 3381//7
f 2454//33 3382//33 3384//33
f 2454//33 3384//33 2450//33
f 3381//95 3383//97 3384//98
f 3381//95 3384//98 3382//96
f 2451//2 2454//2 2450//2
f 2451//2 2450//2 2447//2
f 2447//7 2443//7 3385//7
f 2447//7 3385//7 3383//7
f 2450//33 3384//33 3386//33
f 2450//33 3386//33 2446//33
f 3383//97 3385//99 3386//100
f 3383//97 3386//100 3384//98
f 2447//2 2450//2 2446//2
f 2447//2 2446//2 2443//2
f 2443//7 2436//7 3387//7
f 2443//7 3387//7 3385//7
f 2446//33 3386//33 3388//33
f 2446//33 3388//33 2442//33
f 3385//99 3387//101 3388//102
f 3385//99 3388//102 3386//100
f 2443//2 2446//2 2442//2
f 2443//2 2442//2 2436//2
f 2436//7 2435//7 3389//7
f 2436//7 3389//7 3387//7
f 2442//33 3388//33 3390//33
f 2442//33 3390//33 2439//33
f 3387//101 3389//103 3390//104
f 3387//101 3390//104 3388//102
f 2436//2 2442//2 2439//2
f 2436//2 2439//2 2435//2
f 2435//7 2559//7 3391//7
f 2435//7 3391//7 3389//7
f 2439//33 3390//33 3392//33
f 2439//33 3392//33 2562//33
f 3389//103 3391//105 3392//106
f 3389//103 3392//106 3390//104
f 2435//2 2439//2 2562//2
f 2435//2 2562//2 2559//2
f 2559//7 2555//7 3393//7
f 2559//7 3393//7 3391//7
f 2562//33 3392//33 3394//33
f 2562//33 3394//33 2558//33
f 3391//105 3393//107 3394//108
f 3391//105 3394//108 3392//106
f 2559//2 2562//2 2558//2
f 2559//2 2558//2 2555//2
f 2555//7 2551//7 3395//7
f 2555//7 3395//7 3393//7
f 2558//33 3394//33 3396//33
f 2558//33 3396//33 2554//33
f 3393//107 3395//109 3396//110
f 3393//107 3396//110 3394//108
f 2555//2 2558//2 2554//2
f 2555//2 2554//2 2551//2
f 2551//7 2547//7 3397//7
f 2551//7 3397//7 3395//7
f 2554//33 3396//33 3398//33
f 2554//33 3398//33 2550//33
f 3395//109 3397//111 3398//112
f 3395//109 3398//112 3396//110
f 2551//2 2554//2 2550//2
f 2551//2 2550//2 2547//2
f 2547//7 3399//7 3400//7
f 2547//7 3400//7 3397//7
f 2550//33 3398//33 3401//33
f 2550//33 3401//33 3402//33
f 3397//111 3400//113 3401//114
f 3397//111 3401//114 3398//112
f 2547//16 2550//16 3402//16
f 2547//16 3402//16 3399//16
f 3399//7 3403//7 3404//7
f 3399//7 3404//7 3400//7
f 3402//33 3401//33 3405//33
f 3402//33 3405//33 3406//33
f 3400//113 3404//115 3405//116
f 3400//113 3405//116 3401//114
f 3399//16 3402//16 3406//16
f 3399//16 3406//16 3403//16
f 3403//7 3407//7 3408//7
f 3403//7 3408//7 3404//7
f 3406//33 3405//33 3409//33
f 3406//33 3409//33 3410//33
f 3404//115 3408//117 3409//118
f 3404//115 3409//118 3405//116
f 3403//16 3406//16 3410//16
f 3403//16 3410//16 3407//16
f 3407//7 3411//7 3412//7
f 3407//7 3412//7 3408//7
f 3410//33 3409//33 3413//33
f 3410//33 3413//33 3414//33
f 3408//117 3412//119 3413//120
f 3408//117 3413//120 3409//118
f 3407//16 3410//16 3414//16
f 3407//16 3414//16 3411//16
f 3411//7 3415//7 3416//7
f 3411//7 3416//7 3412//7
f 3414//33 3413//33 3417//33
f 3414//33 3417//33 3418//33
f 3412//119 3416//121 3417//122
f 3412//119 3417//122 3413//120
f 3411//16 3414//16 3418//16
f 3411//16 3418//16 3415//16
f 3415//7 3419//7 3420//7
f 3415//7 3420//7 3416//7
f 3418//33 3417//33 3421//33
f 3418//33 3421//33 3422//33
f 3416//121 3420//123 3421//124
f 3416//121 3421//124 3417//122
f 3415//16 3418//16 3422//16
f 3415//16 3422//16 3419//16
f 3419//7 3423//7 3424//7
f 3419//7 3424//7 3420//7
f 3422//33 3421//33 3425//33
f 3422//33 3425//33 3426//33
f 3420//123 3424//125 3425//126
f 3420//123 3425//126 3421//124
f 3419//16 3422//16 3426//16
f 3419//16 3426//16 3423//16
f 3423//7 3427//7 3428//7
f 3423//7 3428//7 3424//7
f 3426//33 3425//33 3429//33
f 3426//33 3429//33 3430//33
f 3424//125 3428//127 3429//128
f 3424//125 3429//128 3425//126
f 3423//16 3426//16 3430//16
f 3423//16 3430//16 3427//16
f 3427//7 3431//7 3432//7
f 3427//7 3432//7 3428//7
f 3430//33 3429//33 3433//33
f 3430//33 3433//33 3434//33
f 3428//127 3432//129 3433//130
f 3428//127 3433//130 3429//128
f 3427//1 3430//1 3434//1
f 3427//1 3434//1 3431//1
f 3431//7 3435//7 3436//7
f 3431//7 3436//7 3432//7
f 3434//33 3433//33 3437//33
f 3434//33 3437//33 3438//33
f 3432//129 3436//131 3437//132
f 3432//129 3437//132 3433//130
f 3431//1 3434//1 3438//1
f 3431//1 3438//1 3435//1
f 3435//7 3439//7 3440//7
f 3435//7 3440//7 3436//7
f 3438//33 3437//33 3441//33
f 3438//33 3441//33 3442//33
f 3436//131 3440//133 3441//134
f 3436//131 3441//134 3437//132
f 3435//1 3438//1 3442//1
f 3435//1 3442//1 3439//1
f 3439//7 3333//7 3336//7
f 3439//7 3336//7 3440//7
f 3442//33 3441//33 3338//33
f 3442//33 3338//33 3337//33
f 3440//133 3336//71 3338//74
f 3440//133 3338//74 3441//134
f 3439//1 3442//1 3337//1
f 3439//1 3337//1 3333//1
f 3443//7 3444//7 3445//7
f 3443//7 3445//7 3446//7
f 3447//33 3448//33 3449//33
f 3447//33 3449//33 3450//33
f 3446//71 3445//72 3449//73
f 3446//71 3449//73 3448//74
f 3443//1 3447//1 3450//1
f 3443//1 3450//1 3444//1
f 3444//7 3451//7 3452//7
f 3444//7 3452//7 3445//7
f 3450//33 3449//33 3453//33
f 3450//33 3453//33 3454//33
f 3445//72 3452//75 3453//76
f 3445//72 3453//76 3449//73
f 3444//1 3450//1 3454//1
f 3444//1 3454//1 3451//1
f 3451//7 3455//7 3456//7
f 3451//7 3456//7 3452//7
f 3454//33 3453//33 3457//33
f 3454//33 3457//33 3458//33
f 3452//75 3456//77 3457//78
f 3452//75 3457//78 3453//76
f 3451//1 3454//1 3458//1
f 3451//1 3458//1 3455//1
f 3455//7 3459//7 3460//7
f 3455//7 3460//7 3456//7
f 3458//33 3457//33 3461//33
f 3458//33 3461//33 3462//33
f 3456//77 3460//79 3461//80
f 3456//77 3461//80 3457//78
f 3455//1 3458//1 3462//1
f 3455//1 3462//1 3459//1
f 3459//7 3463//7 3464//7
f 3459//7 3464//7 3460//7
f 3462//33 3461//33 3465//33
f 3462//33 3465//33 3466//33
f 3460//79 3464//81 3465//82
f 3460//79 3465//82 3461//80
f 3459//50 3462//50 3466//50
f 3459//50 3466//50 3463//50
f 3463//7 3467//7 3468//7
f 3463//7 3468//7 3464//7
f 3466//33 3465//33 3469//33
f 3466//33 3469//33 3470//33
f 3464//81 3468//83 3469//84
f 3464//81 3469//84 3465//82
f 3463//50 3466//50 3470//50
f 3463//50 3470//50 3467//50
f 3467//7 3471//7 3472//7
f 3467//7 3472//7 3468//7
f 3470//33 3469//33 3473//33
f 3470//33 3473//33 3474//33
f 3468//83 3472//85 3473//86
f 3468//83 3473//86 3469//84
f 3467//50 3470//50 3474//50
f 3467//50 3474//50 3471//50
f 3471//7 3475//7 3476//7
f 3471//7 3476//7 3472//7
f 3474//33 3473//33 3477//33
f 3474//33 3477//33 3478//33
f 3472//85 3476//87 3477//88
f 3472//85 3477//88 3473//86
f 3471//50 3474//50 3478//50
f 3471//50 3478//50 3475//50
f 3475//7 3479//7 3480//7
f 3475//7 3480//7 3476//7
f 3478//33 3477//33 3481//33
f 3478//33 3481//33 3482//33
f 3476//87 3480//89 3481//90
f 3476//87 3481//90 3477//88
f 3475//50 3478//50 3482//50
f 3475//50 3482//50 3479//50
f 3479//7 3483//7 3484//7
f 3479//7 3484//7 3480//7
f 3482//33 3481//33 3485//33
f 3482//33 3485//33 3486//33
f 3480//89 3484//91 3485//92
f 3480//89 3485//92 3481//90
f 3479//50 3482//50 3486//50
f 3479//50 3486//50 3483//50
f 3483//7 3487//7 3488//7
f 3483//7 3488//7 3484//7
f 3486//33 3485//33 3489//33
f 3486//33 3489//33 3490//33
f 3484//91 3488//93 3489//94
f 3484//91 3489//94 3485//92
f 3483//50 3486//50 3490//50
f 3483//50 3490//50 3487//50
f 3487//7 2579//7 3491//7
f 3487//7 3491//7 3488//7
f 3490//33 3489//33 3492//33
f 3490//33 3492//33 2582//33
f 3488//93 3491//95 3492//96
f 3488//93 3492//96 3489//94
f 3487//50 3490//50 2582//50
f 3487//50 2582//50 2579//50
f 2579//7 2575//7 3493//7
f 2579//7 3493//7 3491//7
f 2582//33 3492//33 3494//33
f 2582//33 3494//33 2578//33
f 3491//95 3493//97 3494//98
f 3491//95 3494//98 3492//96
f 2579//2 2582//2 2578//2
f 2579//2 2578//2 2575//2
f 2575//7 2571//7 3495//7
f 2575//7 3495//7 3493//7
f 2578//33 3494//33 3496//33
f 2578//33 3496//33 2574//33
f 3493//97 3495//99 3496//100
f 3493//97 3496//100 3494//98
f 2575//2 2578//2 2574//2
f 2575//2 2574//2 2571//2
f 2571//7 2564//7 3497//7
f 2571//7 3497//7 3495//7
f 2574//33 3496//33 3498//33
f 2574//33 3498//33 2570//33
f 3495//99 3497//101 3498//102
f 3495//99 3498//102 3496//100
f 2571//2 2574//2 2570//2
f 2571//2 2570//2 2564//2
f 2564//7 2563//7 3499//7
f 2564//7 3499//7 3497//7
f 2570//33 3498//33 3500//33
f 2570//33 3500//33 2567//33
f 3497//101 3499//103 3500//104
f 3497//101 3500//104 3498//102
f 2564//2 2570//2 2567//2
f 2564//2 2567//2 2563//2
f 2563//7 2669//7 3501//7
f 2563//7 3501//7 3499//7
f 2567//33 3500//33 3502//33
f 2567//33 3502//33 2672//33
f 3499//103 3501//105 3502//106
f 3499//103 3502//106 3500//104
f 2563//2 2567//2 2672//2
f 2563//2 2672//2 2669//2
f 2669//7 2665//7 3503//7
f 2669//7 3503//7 3501//7
f 2672//33 3502//33 3504//33
f 2672//33 3504//33 2668//33
f 3501//105 3503//107 3504//108
f 3501//105 3504//108 3502//106
f 2669//2 2672//2 2668//2
f 2669//2 2668//2 2665//2
f 2665//7 2661//7 3505//7
f 2665//7 3505//7 3503//7
f 2668//33 3504//33 3506//33
f 2668//33 3506//33 2664//33
f 3503//107 3505//109 3506//110
f 3503//107 3506//110 3504//108
f 2665//2 2668//2 2664//2
f 2665//2 2664//2 2661//2
f 2661//7 2451//7 3507//7
f 2661//7 3507//7 3505//7
f 2664//33 3506//33 3508//33
f 2664//33 3508//33 2454//33
f 3505//109 3507//111 3508//112
f 3505//109 3508//112 3506//110
f 2661//2 2664//2 2454//2
f 2661//2 2454//2 2451//2
f 2451//7 3377//7 3509//7
f 2451//7 3509//7 3507//7
f 2454//33 3508//33 3510//33
f 2454//33 3510//33 3380//33
f 3507//111 3509//113 3510//114
f 3507//111 3510//114 3508//112
f 2451//16 2454//16 3380//16
f 2451//16 3380//16 3377//16
f 3377//7 3373//7 3511//7
f 3377//7 3511//7 3509//7
f 3380//33 3510//33 3512//33
f 3380//33 3512//33 3376//33
f 3509//113 3511//115 3512//116
f 3509//113 3512//116 3510//114
f 3377//16 3380//16 3376//16
f 3377//16 3376//16 3373//16
f 3373//7 3369//7 3513//7
f 3373//7 3513//7 3511//7
f 3376//33 3512//33 3514//33
f 3376//33 3514//33 3372//33
f 3511//115 3513//117 3514//118
f 3511//115 3514//118 3512//116
f 3373//16 3376//16 3372//16
f 3373//16 3372//16 3369//16
f 3369//7 3365//7 3515//7
f 3369//7 3515//7 3513//7
f 3372//33 3514//33 3516//33
f 3372//33 3516//33 3368//33
f 3513//117 3515//119 3516//120
f 3513//117 3516//120 3514//118
f 3369//16 3372//16 3368//16
f 3369//16 3368//16 3365//16
f 3365//7 3361//7 3517//7
f 3365//7 3517//7 3515//7
f 3368//33 3516//33 3518//33
f 3368//33 3518//33 3364//33
f 3515//119 3517//121 3518//122
f 3515//119 3518//122 3516//120
f 3365//16 3368//16 3364//16
f 3365//16 3364//16 3361//16
f 3361//7 3357//7 3519//7
f 3361//7 3519//7 3517//7
f 3364//33 3518//33 3520//33
f 3364//33 3520//33 3360//33
f 3517//121 3519//123 3520//124
f 3517//121 3520//124 3518//122
f 3361//16 3364//16 3360//16
f 3361//16 3360//16 3357//16
f 3357//7 3353//7 3521//7
f 3357//7 3521//7 3519//7
f 3360//33 3520//33 3522//33
f 3360//33 3522//33 3356//33
f 3519//123 3521//125 3522//126
f 3519//123 3522//126 3520//124
f 3357//16 3360//16 3356//16
f 3357//16 3356//16 3353//16
f 3353//7 3349//7 3523//7
f 3353//7 3523//7 3521//7
f 3356//33 3522//33 3524//33
f 3356//33 3524//33 3352//33
f 3521//125 3523//127 3524//128
f 3521//125 3524//128 3522//126
f 3353//16 3356//16 3352//16
f 3353//16 3352//16 3349//16
f 3349//7 3525//7 3526//7
f 3349//7 3526//7 3523//7
f 3352//33 3524//33 3527//33
f 3352//33 3527//33 3528//33
f 3523//127 3526//129 3527//130
f 3523//127 3527//130 3524//128
f 3349//1 3352//1 3528//1
f 3349//1 3528//1 3525//1
f 3525//7 3529//7 3530//7
f 3525//7 3530//7 3526//7
f 3528//33 3527//33 3531//33
f 3528//33 3531//33 3532//33
f 3526//129 3530//131 3531//132
f 3526//129 3531//132 3527//130
f 3525//1 3528//1 3532//1
f 3525//1 3532//1 3529//1
f 3529//7 3533//7 3534//7
f 3529//7 3534//7 3530//7
f 3532//33 3531//33 3535//33
f 3532//33 3535//33 3536//33
f 3530//131 3534//133 3535//134
f 3530//131 3535//134 3531//132
f 3529//1 3532//1 3536//1
f 3529//1 3536//1 3533//1
f 3533//7 3443//7 3446//7
f 3533//7 3446//7 3534//7
f 3536//33 3535//33 3448//33
f 3536//33 3448//33 3447//33
f 3534//133 3446//71 3448//74
f 3534//133 3448//74 3535//134
f 3533//1 3536//1 3447//1
f 3533//1 3447//1 3443//1
f 3537//7 3538//7 3539//7
f 3537//7 3539//7 3540//7
f 3541//33 3542//33 3543//33
f 3541//33 3543//33 3544//33
f 3540//71 3539//72 3543//73
f 3540//71 3543//73 3542//74
f 3537//1 3541//1 3544//1
f 3537//1 3544//1 3538//1
f 3538//7 3545//7 3546//7
f 3538//7 3546//7 3539//7
f 3544//33 3543//33 3547//33
f 3544//33 3547//33 3548//33
f 3539//72 3546//75 3547//76
f 3539//72 3547//76 3543//73
f 3538//1 3544//1 3548//1
f 3538//1 3548//1 3545//1
f 3545//7 3549//7 3550//7
f 3545//7 3550//7 3546//7
f 3548//33 3547//33 3551//33
f 3548//33 3551//33 3552//33
f 3546//75 3550//77 3551//78
f 3546//75 3551//78 3547//76
f 3545//1 3548//1 3552//1
f 3545//1 3552//1 3549//1
f 3549//7 3553//7 3554//7
f 3549//7 3554//7 3550//7
f 3552//33 3551//33 3555//33
f 3552//33 3555//33 3556//33
f 3550//77 3554//79 3555//80
f 3550//77 3555//80 3551//78
f 3549//1 3552//1 3556//1
f 3549//1 3556//1 3553//1
f 3553//7 3557//7 3558//7
f 3553//7 3558//7 3554//7
f 3556//33 3555//33 3559//33
f 3556//33 3559//33 3560//33
f 3554//79 3558//81 3559//82
f 3554//79 3559//82 3555//80
f 3553//50 3556//50 3560//50
f 3553//50 3560//50 3557//50
f 3557//7 3561//7 3562//7
f 3557//7 3562//7 3558//7
f 3560//33 3559//33 3563//33
f 3560//33 3563//33 3564//33
f 3558//81 3562//83 3563//84
f 3558//81 3563//84 3559//82
f 3557//50 3560//50 3564//50
f 3557//50 3564//50 3561//50
f 3561//7 3565//7 3566//7
f 3561//7 3566//7 3562//7
f 3564//33 3563//33 3567//33
f 3564//33 3567//33 3568//33
f 3562//83 3566//85 3567//86
f 3562//83 3567//86 3563//84
f 3561//50 3564//50 3568//50
f 3561//50 3568//50 3565//50
f 3565//7 3569//7 3570//7
f 3565//7 3570//7 3566//7
f 3568//33 3567//33 3571//33
f 3568//33 3571//33 3572//33
f 3566//85 3570//87 3571//88
f 3566//85 3571//88 3567//86
f 3565//50 3568//50 3572//50
f 3565//50 3572//50 3569//50
f 3569//7 3573//7 3574//7
f 3569//7 3574//7 3570//7
f 3572//33 3571//33 3575//33
f 3572//33 3575//33 3576//33
f 3570//87 3574//89 3575//90
f 3570//87 3575//90 3571//88
f 3569//50 3572//50 3576//50
f 3569//50 3576//50 3573//50
f 3573//7 3577//7 3578//7
f 3573//7 3578//7 3574//7
f 3576//33 3575//33 3579//33
f 3576//33 3579//33 3580//33
f 3574//89 3578//91 3579//92
f 3574//89 3579//92 3575//90
f 3573//50 3576//50 3580//50
f 3573//50 3580//50 3577//50
f 3577//7 3581//7 3582//7
f 3577//7 3582//7 3578//7
f 3580//33 3579//33 3583//33
f 3580//33 3583//33 3584//33
f 3578//91 3582//93 3583//94
f 3578//91 3583//94 3579//92
f 3577//50 3580//50 3584//50
f 3577//50 3584//50 3581//50
f 3581//7 2689//7 3585//7
f 3581//7 3585//7 3582//7
f 3584//33 3583//33 3586//33
f 3584//33 3586//33 2692//33
f 3582//93 3585//95 3586//96
f 3582//93 3586//96 3583//94
f 3581//50 3584//50 2692//50
f 3581//50 2692//50 2689//50
f 2689//7 2685//7 3587//7
f 2689//7 3587//7 3585//7
f 2692//33 3586//33 3588//33
f 2692//33 3588//33 2688//33
f 3585//95 3587//97 3588//98
f 3585//95 3588//98 3586//96
f 2689//2 2692//2 2688//2
f 2689//2 2688//2 2685//2
f 2685//7 2681//7 3589//7
f 2685//7 3589//7 3587//7
f 2688//33 3588//33 3590//33
f 2688//33 3590//33 2684//33
f 3587//97 3589//99 3590//100
f 3587//97 3590//100 3588//98
f 2685//2 2688//2 2684//2
f 2685//2 2684//2 2681//2
f 2681//7 2674//7 3591//7
f 2681//7 3591//7 3589//7
f 2684//33 3590//33 3592//33
f 2684//33 3592//33 2680//33
f 3589//99 3591//101 3592//102
f 3589//99 3592//102 3590//100
f 2681//2 2684//2 2680//2
f 2681//2 2680//2 2674//2
f 2674//7 2673//7 3593//7
f 2674//7 3593//7 3591//7
f 2680//33 3592//33 3594//33
f 2680//33 3594//33 2677//33
f 3591//101 3593//103 3594//104
f 3591//101 3594//104 3592//102
f 2674//2 2680//2 2677//2
f 2674//2 2677//2 2673//2
f 2673//7 2779//7 3595//7
f 2673//7 3595//7 3593//7
f 2677//33 3594//33 3596//33
f 2677//33 3596//33 2782//33
f 3593//103 3595//105 3596//106
f 3593//103 3596//106 3594//104
f 2673//2 2677//2 2782//2
f 2673//2 2782//2 2779//2
f 2779//7 2775//7 3597//7
f 2779//7 3597//7 3595//7
f 2782//33 3596//33 3598//33
f 2782//33 3598//33 2778//33
f 3595//105 3597//107 3598//108
f 3595//105 3598//108 3596//106
f 2779//2 2782//2 2778//2
f 2779//2 2778//2 2775//2
f 2775//7 2771//7 3599//7
f 2775//7 3599//7 3597//7
f 2778//33 3598//33 3600//33
f 2778//33 3600//33 2774//33
f 3597//107 3599//109 3600//110
f 3597//107 3600//110 3598//108
f 2775//2 2778//2 2774//2
f 2775//2 2774//2 2771//2
f 2771//7 2579//7 3601//7
f 2771//7 3601//7 3599//7
f 2774//33 3600//33 3602//33
f 2774//33 3602//33 2582//33
f 3599//109 3601//111 3602//112
f 3599//109 3602//112 3600//110
f 2771//2 2774//2 2582//2
f 2771//2 2582//2 2579//2
f 2579//7 3487//7 3603//7
f 2579//7 3603//7 3601//7
f 2582//33 3602//33 3604//33
f 2582//33 3604//33 3490//33
f 3601//111 3603//113 3604//114
f 3601//111 3604//114 3602//112
f 2579//16 2582//16 3490//16
f 2579//16 3490//16 3487//16
f 3487//7 3483//7 3605//7
f 3487//7 3605//7 3603//7
f 3490//33 3604//33 3606//33
f 3490//33 3606//33 3486//33
f 3603//113 3605//115 3606//116
f 3603//113 3606//116 3604//114
f 3487//16 3490//16 3486//16
f 3487//16 3486//16 3483//16
f 3483//7 3479//7 3607//7
f 3483//7 3607//7 3605//7
f 3486//33 3606//33 3608//33
f 3486//33 3608//33 3482//33
f 3605//115 3607//117 3608//118
f 3605//115 3608//118 3606//116
f 3483//16 3486//16 3482//16
f 3483//16 3482//16 3479//16
f 3479//7 3475//7 3609//7
f 3479//7 3609//7 3607//7
f 3482//33 3608//33 3610//33
f 3482//33 3610//33 3478//33
f 3607//117 3609//119 3610//120
f 3607//117 3610//120 3608//118
f 3479//16 3482//16 3478//16
f 3479//16 3478//16 3475//16
f 3475//7 3471//7 3611//7
f 3475//7 3611//7 3609//7
f 3478//33 3610//33 3612//33
f 3478//33 3612//33 3474//33
f 3609//119 3611//121 3612//122
f 3609//119 3612//122 3610//120
f 3475//16 3478//16 3474//16
f 3475//16 3474//16 3471//16
f 3471//7 3467//7 3613//7
f 3471//7 3613//7 3611//7
f 3474//33 3612//33 3614//33
f 3474//33 3614//33 3470//33
f 3611//121 3613//123 3614//124
f 3611//121 3614//124 3612//122
f 3471//16 3474//16 3470//16
f 3471//16 3470//16 3467//16
f 3467//7 3463//7 3615//7
f 3467//7 3615//7 3613//7
f 3470//33 3614//33 3616//33
f 3470//33 3616//33 3466//33
f 3613//123 3615//125 3616//126
f 3613//123 3616//126 3614//124
f 3467//16 3470//16 3466//16
f 3467//16 3466//16 3463//16
f 3463//7 3459//7 3617//7
f 3463//7 3617//7 3615//7
f 3466//33 3616//33 3618//33
f 3466//33 3618//33 3462//33
f 3615//125 3617//127 3618//128
f 3615//125 3618//128 3616//126
f 3463//16 3466//16 3462//16
f 3463//16 3462//16 3459//16
f 3459//7 3619//7 3620//7
f 3459//7 3620//7 3617//7
f 3462//33 3618//33 3621//33
f 3462//33 3621//33 3622//33
f 3617//127 3620//129 3621//130
f 3617//127 3621//130 3618//128
f 3459//1 3462//1 3622//1
f 3459//1 3622//1 3619//1
f 3619//7 3623//7 3624//7
f 3619//7 3624//7 3620//7
f 3622//33 3621//33 3625//33
f 3622//33 3625//33 3626//33
f 3620//129 3624//131 3625//132
f 3620//129 3625//132 3621//130
f 3619//1 3622//1 3626//1
f 3619//1 3626//1 3623//1
f 3623//7 3627//7 3628//7
f 3623//7 3628//7 3624//7
f 3626//33 3625//33 3629//33
f 3626//33 3629//33 3630//33
f 3624//131 3628//133 3629//134
f 3624//131 3629//134 3625//132
f 3623//1 3626//1 3630//1
f 3623//1 3630//1 3627//1
f 3627//7 3537//7 3540//7
f 3627//7 3540//7 3628//7
f 3630//33 3629//33 3542//33
f 3630//33 3542//33 3541//33
f 3628//133 3540//71 3542//74
f 3628//133 3542//74 3629//134
f 3627//1 3630//1 3541//1
f 3627//1 3541//1 3537//1
f 3631//7 3632//7 3633//7
f 3631//7 3633//7 3634//7
f 3635//33 3636//33 3637//33
f 3635//33 3637//33 3638//33
f 3634//71 3633//72 3637//73
f 3634//71 3637//73 3636//74
f 3631//1 3635//1 3638//1
f 3631//1 3638//1 3632//1
f 3632//7 3639//7 3640//7
f 3632//7 3640//7 3633//7
f 3638//33 3637//33 3641//33
f 3638//33 3641//33 3642//33
f 3633//72 3640//75 3641//76
f 3633//72 3641//76 3637//73
f 3632//1 3638//1 3642//1
f 3632//1 3642//1 3639//1
f 3639//7 3643//7 3644//7
f 3639//7 3644//7 3640//7
f 3642//33 3641//33 3645//33
f 3642//33 3645//33 3646//33
f 3640//75 3644//77 3645//78
f 3640//75 3645//78 3641//76
f 3639//1 3642//1 3646//1
f 3639//1 3646//1 3643//1
f 3643//7 3647//7 3648//7
f 3643//7 3648//7 3644//7
f 3646//33 3645//33 3649//33
f 3646//33 3649//33 3650//33
f 3644//77 3648//79 3649//80
f 3644//77 3649//80 3645//78
f 3643//1 3646//1 3650//1
f 3643//1 3650//1 3647//1
f 3647//7 3651//7 3652//7
f 3647//7 3652//7 3648//7
f 3650//33 3649//33 3653//33
f 3650//33 3653//33 3654//33
f 3648//79 3652//81 3653//82
f 3648//79 3653//82 3649//80
f 3647//50 3650//50 3654//50
f 3647//50 3654//50 3651//50
f 3651//7 3655//7 3656//7
f 3651//7 3656//7 3652//7
f 3654//33 3653//33 3657//33
f 3654//33 3657//33 3658//33
f 3652//81 3656//83 3657//84
f 3652//81 3657//84 3653//82
f 3651//50 3654//50 3658//50
f 3651//50 3658//50 3655//50
f 3655//7 3659//7 3660//7
f 3655//7 3660//7 3656//7
f 3658//33 3657//33 3661//33
f 3658//33 3661//33 3662//33
f 3656//83 3660//85 3661//86
f 3656//83 3661//86 3657//84
f 3655//50 3658//50 3662//50
f 3655//50 3662//50 3659//50
f 3659//7 3663//7 3664//7
f 3659//7 3664//7 3660//7
f 3662//33 3661//33 3665//33
f 3662//33 3665//33 3666//33
f 3660//85 3664//87 3665//88
f 3660//85 3665//88 3661//86
f 3659//50 3662//50 3666//50
f 3659//50 3666//50 3663//50
f 3663//7 3667//7 3668//7
f 3663//7 3668//7 3664//7
f 3666//33 3665//33 3669//33
f 3666//33 3669//33 3670//33
f 3664//87 3668//89 3669//90
f 3664//87 3669//90 3665//88
f 3663//50 3666//50 3670//50
f 3663//50 3670//50 3667//50
f 3667//7 3671//7 3672//7
f 3667//7 3672//7 3668//7
f 3670//33 3669//33 3673//33
f 3670//33 3673//33 3674//33
f 3668//89 3672//91 3673//92
f 3668//89 3673//92 3669//90
f 3667//50 3670//50 3674//50
f 3667//50 3674//50 3671//50
f 3671//7 3675//7 3676//7
f 3671//7 3676//7 3672//7
f 3674//33 3673//33 3677//33
f 3674//33 3677//33 3678//33
f 3672//91 3676//93 3677//94
f 3672//91 3677//94 3673//92
f 3671//50 3674//50 3678//50
f 3671//50 3678//50 3675//50
f 3675//7 2799//7 3679//7
f 3675//7 3679//7 3676//7
f 3678//33 3677//33 3680//33
f 3678//33 3680//33 2802//33
f 3676//93 3679//95 3680//96
f 3676//93 3680//96 3677//94
f 3675//50 3678//50 2802//50
f 3675//50 2802//50 2799//50
f 2799//7 2795//7 3681//7
f 2799//7 3681//7 3679//7
f 2802//33 3680//33 3682//33
f 2802//33 3682//33 2798//33
f 3679//95 3681//97 3682//98
f 3679//95 3682//98 3680//96
f 2799//2 2802//2 2798//2
f 2799//2 2798//2 2795//2
f 2795//7 2791//7 3683//7
f 2795//7 3683//7 3681//7
f 2798//33 3682//33 3684//33
f 2798//33 3684//33 2794//33
f 3681//97 3683//99 3684//100
f 3681//97 3684//100 3682//98
f 2795//2 2798//2 2794//2
f 2795//2 2794//2 2791//2
f 2791//7 2784//7 3685//7
f 2791//7 3685//7 3683//7
f 2794//33 3684//33 3686//33
f 2794//33 3686//33 2790//33
f 3683//99 3685//101 3686//102
f 3683//99 3686//102 3684//100
f 2791//2 2794//2 2790//2
f 2791//2 2790//2 2784//2
f 2784//7 2783//7 3687//7
f 2784//7 3687//7 3685//7
f 2790//33 3686//33 3688//33
f 2790//33 3688//33 2787//33
f 3685//101 3687//103 3688//104
f 3685//101 3688//104 3686//102
f 2784//2 2790//2 2787//2
f 2784//2 2787//2 2783//2
f 2783//7 2889//7 3689//7
f 2783//7 3689//7 3687//7
f 2787//33 3688//33 3690//33
f 2787//33 3690//33 2892//33
f 3687//103 3689//105 3690//106
f 3687//103 3690//106 3688//104
f 2783//2 2787//2 2892//2
f 2783//2 2892//2 2889//2
f 2889//7 2885//7 3691//7
f 2889//7 3691//7 3689//7
f 2892//33 3690//33 3692//33
f 2892//33 3692//33 2888//33
f 3689//105 3691//107 3692//108
f 3689//105 3692//108 3690//106
f 2889//2 2892//2 2888//2
f 2889//2 2888//2 2885//2
f 2885//7 2881//7 3693//7
f 2885//7 3693//7 3691//7
f 2888//33 3692//33 3694//33
f 2888//33 3694//33 2884//33
f 3691//107 3693//109 3694//110
f 3691//107 3694//110 3692//108
f 2885//2 2888//2 2884//2
f 2885//2 2884//2 2881//2
f 2881//7 2689//7 3695//7
f 2881//7 3695//7 3693//7
f 2884//33 3694//33 3696//33
f 2884//33 3696//33 2692//33
f 3693//109 3695//111 3696//112
f 3693//109 3696//112 3694//110
f 2881//2 2884//2 2692//2
f 2881//2 2692//2 2689//2
f 2689//7 3581//7 3697//7
f 2689//7 3697//7 3695//7
f 2692//33 3696//33 3698//33
f 2692//33 3698//33 3584//33
f 3695//111 3697//113 3698//114
f 3695//111 3698//114 3696//112
f 2689//16 2692//16 3584//16
f 2689//16 3584//16 3581//16
f 3581//7 3577//7 3699//7
f 3581//7 3699//7 3697//7
f 3584//33 3698//33 3700//33
f 3584//33 3700//33 3580//33
f 3697//113 3699//115 3700//116
f 3697//113 3700//116 3698//114
f 3581//16 3584//16 3580//16
f 3581//16 3580//16 3577//16
f 3577//7 3573//7 3701//7
f 3577//7 3701//7 3699//7
f 3580//33 3700//33 3702//33
f 3580//33 3702//33 3576//33
f 3699//115 3701//117 3702//118
f 3699//115 3702//118 3700//116
f 3577//16 3580//16 3576//16
f 3577//16 3576//16 3573//16
f 3573//7 3569//7 3703//7
f 3573//7 3703//7 3701//7
f 3576//33 3702//33 3704//33
f 3576//33 3704//33 3572//33
f 3701//117 3703//119 3704//120
f 3701//117 3704//120 3702//118
f 3573//16 3576//16 3572//16
f 3573//16 3572//16 3569//16
f 3569//7 3565//7 3705//7
f 3569//7 3705//7 3703//7
f 3572//33 3704//33 3706//33
f 3572//33 3706//33 3568//33
f 3703//119 3705//121 3706//122
f 3703//119 3706//122 3704//120
f 3569//16 3572//16 3568//16
f 3569//16 3568//16 3565//16
f 3565//7 3561//7 3707//7
f 3565//7 3707//7 3705//7
f 3568//33 3706//33 3708//33
f 3568//33 3708//33 3564//33
f 3705//121 3707//123 3708//124
f 3705//121 3708//124 3706//122
f 3565//16 3568//16 3564//16
f 3565//16 3564//16 3561//16
f 3561//7 3557//7 3709//7
f 3561//7 3709//7 3707//7
f 3564//33 3708//33 3710//33
f 3564//33 3710//33 3560//33
f 3707//123 3709//125 3710//126
f 3707//123 3710//126 3708//124
f 3561//16 3564//16 3560//16
f 3561//16 3560//16 3557//16
f 3557//7 3553//7 3711//7
f 3557//7 3711//7 3709//7
f 3560//33 3710//33 3712//33
f 3560//33 3712//33 3556//33
f 3709//125 3711//127 3712//128
f 3709//125 3712//128 3710//126
f 3557//16 3560//16 3556//16
f 3557//16 3556//16 3553//16
f 3553//7 3713//7 3714//7
f 3553//7 3714//7 3711//7
f 3556//33 3712//33 3715//33
f 3556//33 3715//33 3716//33
f 3711//127 3714//129 3715//130
f 3711//127 3715//130 3712//128
f 3553//1 3556//1 3716//1
f 3553//1 3716//1 3713//1
f 3713//7 3717//7 3718//7
f 3713//7 3718//7 3714//7
f 3716//33 3715//33 3719//33
f 3716//33 3719//33 3720//33
f 3714//129 3718//131 3719//132
f 3714//129 3719//132 3715//130
f 3713//1 3716//1 3720//1
f 3713//1 3720//1 3717//1
f 3717//7 3721//7 3722//7
f 3717//7 3722//7 3718//7
f 3720//33 3719//33 3723//33
f 3720//33 3723//33 3724//33
f 3718//131 3722//133 3723//134
f 3718//131 3723//134 3719//132
f 3717//1 3720//1 3724//1
f 3717//1 3724//1 3721//1
f 3721//7 3631//7 3634//7
f 3721//7 3634//7 3722//7
f 3724//33 3723//33 3636//33
f 3724//33 3636//33 3635//33
f 3722//133 3634//71 3636//74
f 3722//133 3636//74 3723//134
f 3721//1 3724//1 3635//1
f 3721//1 3635//1 3631//1
f 3725//7 3726//7 3727//7
f 3725//7 3727//7 3728//7
f 3729//33 3730//33 3731//33
f 3729//33 3731//33 3732//33
f 3728//71 3727//72 3731//73
f 3728//71 3731//73 3730//74
f 3725//1 3729//1 3732//1
f 3725//1 3732//1 3726//1
f 3726//7 3733//7 3734//7
f 3726//7 3734//7 3727//7
f 3732//33 3731//33 3735//33
f 3732//33 3735//33 3736//33
f 3727//72 3734//75 3735//76
f 3727//72 3735//76 3731//73
f 3726//1 3732//1 3736//1
f 3726//1 3736//1 3733//1
f 3733//7 3737//7 3738//7
f 3733//7 3738//7 3734//7
f 3736//33 3735//33 3739//33
f 3736//33 3739//33 3740//33
f 3734//75 3738//77 3739//78
f 3734//75 3739//78 3735//76
f 3733//1 3736//1 3740//1
f 3733//1 3740//1 3737//1
f 3737//7 3741//7 3742//7
f 3737//7 3742//7 3738//7
f 3740//33 3739//33 3743//33
f 3740//33 3743//33 3744//33
f 3738//77 3742//79 3743//80
f 3738//77 3743//80 3739//78
f 3737//1 3740//1 3744//1
f 3737//1 3744//1 3741//1
f 3741//7 3745//7 3746//7
f 3741//7 3746//7 3742//7
f 3744//33 3743//33 3747//33
f 3744//33 3747//33 3748//33
f 3742//79 3746//81 3747//82
f 3742//79 3747//82 3743//80
f 3741//50 3744//50 3748//50
f 3741//50 3748//50 3745//50
f 3745//7 3749//7 3750//7
f 3745//7 3750//7 3746//7
f 3748//33 3747//33 3751//33
f 3748//33 3751//33 3752//33
f 3746//81 3750//83 3751//84
f 3746//81 3751//84 3747//82
f 3745//50 3748//50 3752//50
f 3745//50 3752//50 3749//50
f 3749//7 3753//7 3754//7
f 3749//7 3754//7 3750//7
f 3752//33 3751//33 3755//33
f 3752//33 3755//33 3756//33
f 3750//83 3754//85 3755//86
f 3750//83 3755//86 3751//84
f 3749//50 3752//50 3756//50
f 3749//50 3756//50 3753//50
f 3753//7 3757//7 3758//7
f 3753//7 3758//7 3754//7
f 3756//33 3755//33 3759//33
f 3756//33 3759//33 3760//33
f 3754//85 3758//87 3759//88
f 3754//85 3759//88 3755//86
f 3753//50 3756//50 3760//50
f 3753//50 3760//50 3757//50
f 3757//7 3761//7 3762//7
f 3757//7 3762//7 3758//7
f 3760//33 3759//33 3763//33
f 3760//33 3763//33 3764//33
f 3758//87 3762//89 3763//90
f 3758//87 3763//90 3759//88
f 3757//50 3760//50 3764//50
f 3757//50 3764//50 3761//50
f 3761//7 3765//7 3766//7
f 3761//7 3766//7 3762//7
f 3764//33 3763//33 3767//33
f 3764//33 3767//33 3768//33
f 3762//89 3766//91 3767//92
f 3762//89 3767//92 3763//90
f 3761//50 3764//50 3768//50
f 3761//50 3768//50 3765//50
f 3765//7 3769//7 3770//7
f 3765//7 3770//7 3766//7
f 3768//33 3767//33 3771//33
f 3768//33 3771//33 3772//33
f 3766//91 3770//93 3771//94
f 3766//91 3771//94 3767//92
f 3765//50 3768//50 3772//50
f 3765//50 3772//50 3769//50
f 3769//7 2909//7 3773//7
f 3769//7 3773//7 3770//7
f 3772//33 3771//33 3774//33
f 3772//33 3774//33 2912//33
f 3770//93 3773//95 3774//96
f 3770//93 3774//96 3771//94
f 3769//50 3772//50 2912//50
f 3769//50 2912//50 2909//50
f 2909//7 2905//7 3775//7
f 2909//7 3775//7 3773//7
f 2912//33 3774//33 3776//33
f 2912//33 3776//33 2908//33
f 3773//95 3775//97 3776//98
f 3773//95 3776//98 3774//96
f 2909//2 2912//2 2908//2
f 2909//2 2908//2 2905//2
f 2905//7 2901//7 3777//7
f 2905//7 3777//7 3775//7
f 2908//33 3776//33 3778//33
f 2908//33 3778//33 2904//33
f 3775//97 3777//99 3778//100
f 3775//97 3778//100 3776//98
f 2905//2 2908//2 2904//2
f 2905//2 2904//2 2901//2
f 2901//7 2894//7 3779//7
f 2901//7 3779//7 3777//7
f 2904//33 3778//33 3780//33
f 2904//33 3780//33 2900//33
f 3777//99 3779//101 3780//102
f 3777//99 3780//102 3778//100
f 2901//2 2904//2 2900//2
f 2901//2 2900//2 2894//2
f 2894//7 2893//7 3781//7
f 2894//7 3781//7 3779//7
f 2900//33 3780//33 3782//33
f 2900//33 3782//33 2897//33
f 3779//101 3781//103 3782//104
f 3779//101 3782//104 3780//102
f 2894//2 2900//2 2897//2
f 2894//2 2897//2 2893//2
f 2893//7 2999//7 3783//7
f 2893//7 3783//7 3781//7
f 2897//33 3782//33 3784//33
f 2897//33 3784//33 3002//33
f 3781//103 3783//105 3784//106
f 3781//103 3784//106 3782//104
f 2893//2 2897//2 3002//2
f 2893//2 3002//2 2999//2
f 2999//7 2995//7 3785//7
f 2999//7 3785//7 3783//7
f 3002//33 3784//33 3786//33
f 3002//33 3786//33 2998//33
f 3783//105 3785//107 3786//108
f 3783//105 3786//108 3784//106
f 2999//2 3002//2 2998//2
f 2999//2 2998//2 2995//2
f 2995//7 2991//7 3787//7
f 2995//7 3787//7 3785//7
f 2998//33 3786//33 3788//33
f 2998//33 3788//33 2994//33
f 3785//107 3787//109 3788//110
f 3785//107 3788//110 3786//108
f 2995//2 2998//2 2994//2
f 2995//2 2994//2 2991//2
f 2991//7 2799//7 3789//7
f 2991//7 3789//7 3787//7
f 2994//33 3788//33 3790//33
f 2994//33 3790//33 2802//33
f 3787//109 3789//111 3790//112
f 3787//109 3790//112 3788//110
f 2991//2 2994//2 2802//2
f 2991//2 2802//2 2799//2
f 2799//7 3675//7 3791//7
f 2799//7 3791//7 3789//7
f 2802//33 3790//33 3792//33
f 2802//33 3792//33 3678//33
f 3789//111 3791//113 3792//114
f 3789//111 3792//114 3790//112
f 2799//16 2802//16 3678//16
f 2799//16 3678//16 3675//16
f 3675//7 3671//7 3793//7
f 3675//7 3793//7 3791//7
f 3678//33 3792//33 3794//33
f 3678//33 3794//33 3674//33
f 3791//113 3793//115 3794//116
f 3791//113 3794//116 3792//114
f 3675//16 3678//16 3674//16
f 3675//16 3674//16 3671//16
f 3671//7 3667//7 3795//7
f 3671//7 3795//7 3793//7
f 3674//33 3794//33 3796//33
f 3674//33 3796//33 3670//33
f 3793//115 3795//117 3796//118
f 3793//115 3796//118 3794//116
f 3671//16 3674//16 3670//16
f 3671//16 3670//16 3667//16
f 3667//7 3663//7 3797//7
f 3667//7 3797//7 3795//7
f 3670//33 3796//33 3798//33
f 3670//33 3798//33 3666//33
f 3795//117 3797//119 3798//120
f 3795//117 3798//120 3796//118
f 3667//16 3670//16 3666//16
f 3667//16 3666//16 3663//16
f 3663//7 3659//7 3799//7
f 3663//7 3799//7 3797//7
f 3666//33 3798//33 3800//33
f 3666//33 3800//33 3662//33
f 3797//119 3799//121 3800//122
f 3797//119 3800//122 3798//120
f 3663//16 3666//16 3662//16
f 3663//16 3662//16 3659//16
f 3659//7 3655//7 3801//7
f 3659//7 3801//7 3799//7
f 3662//33 3800//33 3802//33
f 3662//33 3802//33 3658//33
f 3799//121 3801//123 3802//124
f 3799//121 3802//124 3800//122
f 3659//16 3662//16 3658//16
f 3659//16 3658//16 3655//16
f 3655//7 3651//7 3803//7
f 3655//7 3803//7 3801//7
f 3658//33 3802//33 3804//33
f 3658//33 3804//33 3654//33
f 3801//123 3803//125 3804//126
f 3801//123 3804//126 3802//124
f 3655//16 3658//16 3654//16
f 3655//16 3654//16 3651//16
f 3651//7 3647//7 3805//7
f 3651//7 3805//7 3803//7
f 3654//33 3804//33 3806//33
f 3654//33 3806//33 3650//33
f 3803//125 3805//127 3806//128
f 3803//125 3806//128 3804//126
f 3651//16 3654//16 3650//16
f 3651//16 3650//16 3647//16
f 3647//7 3807//7 3808//7
f 3647//7 3808//7 3805//7
f 3650//33 3806//33 3809//33
f 3650//33 3809//33 3810//33
f 3805//127 3808//129 3809//130
f 3805//127 3809//130 3806//128
f 3647//1 3650//1 3810//1
f 3647//1 3810//1 3807//1
f 3807//7 3811//7 3812//7
f 3807//7 3812//7 3808//7
f 3810//33 3809//33 3813//33
f 3810//33 3813//33 3814//33
f 3808//129 3812//131 3813//132
f 3808//129 3813//132 3809//130
f 3807//1 3810//1 3814//1
f 3807//1 3814//1 3811//1
f 3811//7 3815//7 3816//7
f 3811//7 3816//7 3812//7
f 3814//33 3813//33 3817//33
f 3814//33 3817//33 3818//33
f 3812//131 3816//133 3817//134
f 3812//131 3817//134 3813//132
f 3811//1 3814//1 3818//1
f 3811//1 3818//1 3815//1
f 3815//7 3725//7 3728//7
f 3815//7 3728//7 3816//7
f 3818//33 3817//33 3730//33
f 3818//33 3730//33 3729//33
f 3816//133 3728//71 3730//74
f 3816//133 3730//74 3817//134
f 3815//1 3818//1 3729//1
f 3815//1 3729//1 3725//1
f 3819//7 3820//7 3821//7
f 3819//7 3821//7 3822//7
f 3823//33 3824//33 3825//33
f 3823//33 3825//33 3826//33
f 3822//71 3821//72 3825//73
f 3822//71 3825//73 3824//74
f 3819//1 3823//1 3826//1
f 3819//1 3826//1 3820//1
f 3820//7 3827//7 3828//7
f 3820//7 3828//7 3821//7
f 3826//33 3825//33 3829//33
f 3826//33 3829//33 3830//33
f 3821//72 3828//75 3829//76
f 3821//72 3829//76 3825//73
f 3820//1 3826//1 3830//1
f 3820//1 3830//1 3827//1
f 3827//7 3831//7 3832//7
f 3827//7 3832//7 3828//7
f 3830//33 3829//33 3833//33
f 3830//33 3833//33 3834//33
f 3828//75 3832//77 3833//78
f 3828//75 3833//78 3829//76
f 3827//1 3830//1 3834//1
f 3827//1 3834//1 3831//1
f 3831//7 3835//7 3836//7
f 3831//7 3836//7 3832//7
f 3834//33 3833//33 3837//33
f 3834//33 3837//33 3838//33
f 3832//77 3836//79 3837//80
f 3832//77 3837//80 3833//78
f 3831//1 3834//1 3838//1
f 3831//1 3838//1 3835//1
f 3835//7 3839//7 3840//7
f 3835//7 3840//7 3836//7
f 3838//33 3837//33 3841//33
f 3838//33 3841//33 3842//33
f 3836//79 3840//81 3841//82
f 3836//79 3841//82 3837//80
f 3835//50 3838//50 3842//50
f 3835//50 3842//50 3839//50
f 3839//7 3843//7 3844//7
f 3839//7 3844//7 3840//7
f 3842//33 3841//33 3845//33
f 3842//33 3845//33 3846//33
f 3840//81 3844//83 3845//84
f 3840//81 3845//84 3841//82
f 3839//50 3842//50 3846//50
f 3839//50 3846//50 3843//50
f 3843//7 3847//7 3848//7
f 3843//7 3848//7 3844//7
f 3846//33 3845//33 3849//33
f 3846//33 3849//33 3850//33
f 3844//83 3848//85 3849//86
f 3844//83 3849//86 3845//84
f 3843//50 3846//50 3850//50
f 3843//50 3850//50 3847//50
f 3847//7 3851//7 3852//7
f 3847//7 3852//7 3848//7
f 3850//33 3849//33 3853//33
f 3850//33 3853//33 3854//33
f 3848//85 3852//87 3853//88
f 3848//85 3853//88 3849//86
f 3847//50 3850//50 3854//50
f 3847//50 3854//50 3851//50
f 3851//7 3855//7 3856//7
f 3851//7 3856//7 3852//7
f 3854//33 3853//33 3857//33
f 3854//33 3857//33 3858//33
f 3852//87 3856//89 3857//90
f 3852//87 3857//90 3853//88
f 3851//50 3854//50 3858//50
f 3851//50 3858//50 3855//50
f 3855//7 3859//7 3860//7
f 3855//7 3860//7 3856//7
f 3858//33 3857//33 3861//33
f 3858//33 3861//33 3862//33
f 3856//89 3860//91 3861//92
f 3856//89 3861//92 3857//90
f 3855//50 3858//50 3862//50
f 3855//50 3862//50 3859//50
f 3859//7 3863//7 3864//7
f 3859//7 3864//7 3860//7
f 3862//33 3861//33 3865//33
f 3862//33 3865//33 3866//33
f 3860//91 3864//93 3865//94
f 3860//91 3865//94 3861//92
f 3859//50 3862//50 3866//50
f 3859//50 3866//50 3863//50
f 3863//7 3019//7 3867//7
f 3863//7 3867//7 3864//7
f 3866//33 3865//33 3868//33
f 3866//33 3868//33 3022//33
f 3864//93 3867//95 3868//96
f 3864//93 3868//96 3865//94
f 3863//50 3866//50 3022//50
f 3863//50 3022//50 3019//50
f 3019//7 3015//7 3869//7
f 3019//7 3869//7 3867//7
f 3022//33 3868//33 3870//33
f 3022//33 3870//33 3018//33
f 3867//95 3869//97 3870//98
f 3867//95 3870//98 3868//96
f 3019//2 3022//2 3018//2
f 3019//2 3018//2 3015//2
f 3015//7 3011//7 3871//7
f 3015//7 3871//7 3869//7
f 3018//33 3870//33 3872//33
f 3018//33 3872//33 3014//33
f 3869//97 3871//99 3872//100
f 3869//97 3872//100 3870//98
f 3015//2 3018//2 3014//2
f 3015//2 3014//2 3011//2
f 3011//7 3004//7 3873//7
f 3011//7 3873//7 3871//7
f 3014//33 3872//33 3874//33
f 3014//33 3874//33 3010//33
f 3871//99 3873//101 3874//102
f 3871//99 3874//102 3872//100
f 3011//2 3014//2 3010//2
f 3011//2 3010//2 3004//2
f 3004//7 3003//7 3875//7
f 3004//7 3875//7 3873//7
f 3010//33 3874//33 3876//33
f 3010//33 3876//33 3007//33
f 3873//101 3875//103 3876//104
f 3873//101 3876//104 3874//102
f 3004//2 3010//2 3007//2
f 3004//2 3007//2 3003//2
f 3003//7 3109//7 3877//7
f 3003//7 3877//7 3875//7
f 3007//33 3876//33 3878//33
f 3007//33 3878//33 3112//33
f 3875//103 3877//105 3878//106
f 3875//103 3878//106 3876//104
f 3003//2 3007//2 3112//2
f 3003//2 3112//2 3109//2
f 3109//7 3105//7 3879//7
f 3109//7 3879//7 3877//7
f 3112//33 3878//33 3880//33
f 3112//33 3880//33 3108//33
f 3877//105 3879//107 3880//108
f 3877//105 3880//108 3878//106
f 3109//2 3112//2 3108//2
f 3109//2 3108//2 3105//2
f 3105//7 3101//7 3881//7
f 3105//7 3881//7 3879//7
f 3108//33 3880//33 3882//33
f 3108//33 3882//33 3104//33
f 3879//107 3881//109 3882//110
f 3879//107 3882//110 3880//108
f 3105//2 3108//2 3104//2
f 3105//2 3104//2 3101//2
f 3101//7 2909//7 3883//7
f 3101//7 3883//7 3881//7
f 3104//33 3882//33 3884//33
f 3104//33 3884//33 2912//33
f 3881//109 3883//111 3884//112
f 3881//109 3884//112 3882//110
f 3101//2 3104//2 2912//2
f 3101//2 2912//2 2909//2
f 2909//7 3769//7 3885//7
f 2909//7 3885//7 3883//7
f 2912//33 3884//33 3886//33
f 2912//33 3886//33 3772//33
f 3883//111 3885//113 3886//114
f 3883//111 3886//114 3884//112
f 2909//16 2912//16 3772//16
f 2909//16 3772//16 3769//16
f 3769//7 3765//7 3887//7
f 3769//7 3887//7 3885//7
f 3772//33 3886//33 3888//33
f 3772//33 3888//33 3768//33
f 3885//113 3887//115 3888//116
f 3885//113 3888//116 3886//114
f 3769//16 3772//16 3768//16
f 3769//16 3768//16 3765//16
f 3765//7 3761//7 3889//7
f 3765//7 3889//7 3887//7
f 3768//33 3888//33 3890//33
f 3768//33 3890//33 3764//33
f 3887//115 3889//117 3890//118
f 3887//115 3890//118 3888//116
f 3765//16 3768//16 3764//16
f 3765//16 3764//16 3761//16
f 3761//7 3757//7 3891//7
f 3761//7 3891//7 3889//7
f 3764//33 3890//33 3892//33
f 3764//33 3892//33 3760//33
f 3889//117 3891//119 3892//120
f 3889//117 3892//120 3890//118
f 3761//16 3764//16 3760//16
f 3761//16 3760//16 3757//16
f 3757//7 3753//7 3893//7
f 3757//7 3893//7 3891//7
f 3760//33 3892//33 3894//33
f 3760//33 3894//33 3756//33
f 3891//119 3893//121 3894//122
f 3891//119 3894//122 3892//120
f 3757//16 3760//16 3756//16
f 3757//16 3756//16 3753//16
f 3753//7 3749//7 3895//7
f 3753//7 3895//7 3893//7
f 3756//33 3894//33 3896//33
f 3756//33 3896//33 3752//33
f 3893//121 3895//123 3896//124
f 3893//121 3896//124 3894//122
f 3753//16 3756//16 3752//16
f 3753//16 3752//16 3749//16
f 3749//7 3745//7 3897//7
f 3749//7 3897//7 3895//7
f 3752//33 3896//33 3898//33
f 3752//33 3898//33 3748//33
f 3895//123 3897//125 3898//126
f 3895//123 3898//126 3896//124
f 3749//16 3752//16 3748//16
f 3749//16 3748//16 3745//16
f 3745//7 3741//7 3899//7
f 3745//7 3899//7 3897//7
f 3748//33 3898//33 3900//33
f 3748//33 3900//33 3744//33
f 3897//125 3899//127 3900//128
f 3897//125 3900//128 3898//126
f 3745//16 3748//16 3744//16
f 3745//16 3744//16 3741//16
f 3741//7 3901//7 3902//7
f 3741//7 3902//7 3899//7
f 3744//33 3900//33 3903//33
f 3744//33 3903//33 3904//33
f 3899//127 3902//129 3903//130
f 3899//127 3903//130 3900//128
f 3741//1 3744//1 3904//1
f 3741//1 3904//1 3901//1
f 3901//7 3905//7 3906//7
f 3901//7 3906//7 3902//7
f 3904//33 3903//33 3907//33
f 3904//33 3907//33 3908//33
f 3902//129 3906//131 3907//132
f 3902//129 3907//132 3903//130
f 3901//1 3904//1 3908//1
f 3901//1 3908//1 3905//1
f 3905//7 3909//7 3910//7
f 3905//7 3910//7 3906//7
f 3908//33 3907//33 3911//33
f 3908//33 3911//33 3912//33
f 3906//131 3910//133 3911//134
f 3906//131 3911//134 3907//132
f 3905//1 3908//1 3912//1
f 3905//1 3912//1 3909//1
f 3909//7 3819//7 3822//7
f 3909//7 3822//7 3910//7
f 3912//33 3911//33 3824//33
f 3912//33 3824//33 3823//33
f 3910//133 3822//71 3824//74
f 3910//133 3824//74 3911//134
f 3909//1 3912//1 3823//1
f 3909//1 3823//1 3819//1
f 3913//7 3914//7 3915//7
f 3913//7 3915//7 3916//7
f 3917//33 3918//33 3919//33
f 3917//33 3919//33 3920//33
f 3916//71 3915//72 3919//73
f 3916//71 3919//73 3918//74
f 3913//1 3917//1 3920//1
f 3913//1 3920//1 3914//1
f 3914//7 3921//7 3922//7
f 3914//7 3922//7 3915//7
f 3920//33 3919//33 3923//33
f 3920//33 3923//33 3924//33
f 3915//72 3922//75 3923//76
f 3915//72 3923//76 3919//73
f 3914//1 3920//1 3924//1
f 3914//1 3924//1 3921//1
f 3921//7 3925//7 3926//7
f 3921//7 3926//7 3922//7
f 3924//33 3923//33 3927//33
f 3924//33 3927//33 3928//33
f 3922//75 3926//77 3927//78
f 3922//75 3927//78 3923//76
f 3921//1 3924//1 3928//1
f 3921//1 3928//1 3925//1
f 3925//7 3929//7 3930//7
f 3925//7 3930//7 3926//7
f 3928//33 3927//33 3931//33
f 3928//33 3931//33 3932//33
f 3926//77 3930//79 3931//80
f 3926//77 3931//80 3927//78
f 3925//1 3928//1 3932//1
f 3925//1 3932//1 3929//1
f 3929//7 3933//7 3934//7
f 3929//7 3934//7 3930//7
f 3932//33 3931//33 3935//33
f 3932//33 3935//33 3936//33
f 3930//79 3934//81 3935//82
f 3930//79 3935//82 3931//80
f 3929//50 3932//50 3936//50
f 3929//50 3936//50 3933//50
f 3933//7 3937//7 3938//7
f 3933//7 3938//7 3934//7
f 3936//33 3935//33 3939//33
f 3936//33 3939//33 3940//33
f 3934//81 3938//83 3939//84
f 3934//81 3939//84 3935//82
f 3933//50 3936//50 3940//50
f 3933//50 3940//50 3937//50
f 3937//7 3941//7 3942//7
f 3937//7 3942//7 3938//7
f 3940//33 3939//33 3943//33
f 3940//33 3943//33 3944//33
f 3938//83 3942//85 3943//86
f 3938//83 3943//86 3939//84
f 3937//50 3940//50 3944//50
f 3937//50 3944//50 3941//50
f 3941//7 3945//7 3946//7
f 3941//7 3946//7 3942//7
f 3944//33 3943//33 3947//33
f 3944//33 3947//33 3948//33
f 3942//85 3946//87 3947//88
f 3942//85 3947//88 3943//86
f 3941//50 3944//50 3948//50
f 3941//50 3948//50 3945//50
f 3945//7 3949//7 3950//7
f 3945//7 3950//7 3946//7
f 3948//33 3947//33 3951//33
f 3948//33 3951//33 3952//33
f 3946//87 3950//89 3951//90
f 3946//87 3951//90 3947//88
f 3945//50 3948//50 3952//50
f 3945//50 3952//50 3949//50
f 3949//7 3953//7 3954//7
f 3949//7 3954//7 3950//7
f 3952//33 3951//33 3955//33
f 3952//33 3955//33 3956//33
f 3950//89 3954//91 3955//92
f 3950//89 3955//92 3951//90
f 3949//50 3952//50 3956//50
f 3949//50 3956//50 3953//50
f 3953//7 3957//7 3958//7
f 3953//7 3958//7 3954//7
f 3956//33 3955//33 3959//33
f 3956//33 3959//33 3960//33
f 3954//91 3958//93 3959//94
f 3954//91 3959//94 3955//92
f 3953//50 3956//50 3960//50
f 3953//50 3960//50 3957//50
f 3957//7 3129//7 3961//7
f 3957//7 3961//7 3958//7
f 3960//33 3959//33 3962//33
f 3960//33 3962//33 3132//33
f 3958//93 3961//95 3962//96
f 3958//93 3962//96 3959//94
f 3957//50 3960//50 3132//50
f 3957//50 3132//50 3129//50
f 3129//7 3125//7 3963//7
f 3129//7 3963//7 3961//7
f 3132//33 3962//33 3964//33
f 3132//33 3964//33 3128//33
f 3961//95 3963//97 3964//98
f 3961//95 3964//98 3962//96
f 3129//2 3132//2 3128//2
f 3129//2 3128//2 3125//2
f 3125//7 3121//7 3965//7
f 3125//7 3965//7 3963//7
f 3128//33 3964//33 3966//33
f 3128//33 3966//33 3124//33
f 3963//97 3965//99 3966//100
f 3963//97 3966//100 3964//98
f 3125//2 3128//2 3124//2
f 3125//2 3124//2 3121//2
f 3121//7 3114//7 3967//7
f 3121//7 3967//7 3965//7
f 3124//33 3966//33 3968//33
f 3124//33 3968//33 3120//33
f 3965//99 3967//101 3968//102
f 3965//99 3968//102 3966//100
f 3121//2 3124//2 3120//2
f 3121//2 3120//2 3114//2
f 3114//7 3113//7 3969//7
f 3114//7 3969//7 3967//7
f 3120//33 3968//33 3970//33
f 3120//33 3970//33 3117//33
f 3967//101 3969//103 3970//104
f 3967//101 3970//104 3968//102
f 3114//2 3120//2 3117//2
f 3114//2 3117//2 3113//2
f 3113//7 3219//7 3971//7
f 3113//7 3971//7 3969//7
f 3117//33 3970//33 3972//33
f 3117//33 3972//33 3222//33
f 3969//103 3971//105 3972//106
f 3969//103 3972//106 3970//104
f 3113//2 3117//2 3222//2
f 3113//2 3222//2 3219//2
f 3219//7 3215//7 3973//7
f 3219//7 3973//7 3971//7
f 3222//33 3972//33 3974//33
f 3222//33 3974//33 3218//33
f 3971//105 3973//107 3974//108
f 3971//105 3974//108 3972//106
f 3219//2 3222//2 3218//2
f 3219//2 3218//2 3215//2
f 3215//7 3211//7 3975//7
f 3215//7 3975//7 3973//7
f 3218//33 3974//33 3976//33
f 3218//33 3976//33 3214//33
f 3973//107 3975//109 3976//110
f 3973//107 3976//110 3974//108
f 3215//2 3218//2 3214//2
f 3215//2 3214//2 3211//2
f 3211//7 3019//7 3977//7
f 3211//7 3977//7 3975//7
f 3214//33 3976//33 3978//33
f 3214//33 3978//33 3022//33
f 3975//109 3977//111 3978//112
f 3975//109 3978//112 3976//110
f 3211//2 3214//2 3022//2
f 3211//2 3022//2 3019//2
f 3019//7 3863//7 3979//7
f 3019//7 3979//7 3977//7
f 3022//33 3978//33 3980//33
f 3022//33 3980//33 3866//33
f 3977//111 3979//113 3980//114
f 3977//111 3980//114 3978//112
f 3019//16 3022//16 3866//16
f 3019//16 3866//16 3863//16
f 3863//7 3859//7 3981//7
f 3863//7 3981//7 3979//7
f 3866//33 3980//33 3982//33
f 3866//33 3982//33 3862//33
f 3979//113 3981//115 3982//116
f 3979//113 3982//116 3980//114
f 3863//16 3866//16 3862//16
f 3863//16 3862//16 3859//16
f 3859//7 3855//7 3983//7
f 3859//7 3983//7 3981//7
f 3862//33 3982//33 3984//33
f 3862//33 3984//33 3858//33
f 3981//115 3983//117 3984//118
f 3981//115 3984//118 3982//116
f 3859//16 3862//16 3858//16
f 3859//16 3858//16 3855//16
f 3855//7 3851//7 3985//7
f 3855//7 3985//7 3983//7
f 3858//33 3984//33 3986//33
f 3858//33 3986//33 3854//33
f 3983//117 3985//119 3986//120
f 3983//117 3986//120 3984//118
f 3855//16 3858//16 3854//16
f 3855//16 3854//16 3851//16
f 3851//7 3847//7 3987//7
f 3851//7 3987//7 3985//7
f 3854//33 3986//33 3988//33
f 3854//33 3988//33 3850//33
f 3985//119 3987//121 3988//122
f 3985//119 3988//122 3986//120
f 3851//16 3854//16 3850//16
f 3851//16 3850//16 3847//16
f 3847//7 3843//7 3989//7
f 3847//7 3989//7 3987//7
f 3850//33 3988//33 3990//33
f 3850//33 3990//33 3846//33
f 3987//121 3989//123 3990//124
f 3987//121 3990//124 3988//122
f 3847//16 3850//16 3846//16
f 3847//16 3846//16 3843//16
f 3843//7 3839//7 3991//7
f 3843//7 3991//7 3989//7
f 3846//33 3990//33 3992//33
f 3846//33 3992//33 3842//33
f 3989//123 3991//125 3992//126
f 3989//123 3992//126 3990//124
f 3843//16 3846//16 3842//16
f 3843//16 3842//16 3839//16
f 3839//7 3835//7 3993//7
f 3839//7 3993//7 3991//7
f 3842//33 3992//33 3994//33
f 3842//33 3994//33 3838//33
f 3991//125 3993//127 3994//128
f 3991//125 3994//128 3992//126
f 3839//16 3842//16 3838//16
f 3839//16 3838//16 3835//16
f 3835//7 3995//7 3996//7
f 3835//7 3996//7 3993//7
f 3838//33 3994//33 3997//33
f 3838//33 3997//33 3998//33
f 3993//127 3996//129 3997//130
f 3993//127 3997//130 3994//128
f 3835//1 3838//1 3998//1
f 3835//1 3998//1 3995//1
f 3995//7 3999//7 4000//7
f 3995//7 4000//7 3996//7
f 3998//33 3997//33 4001//33
f 3998//33 4001//33 4002//33
f 3996//129 4000//131 4001//132
f 3996//129 4001//132 3997//130
f 3995//1 3998//1 4002//1
f 3995//1 4002//1 3999//1
f 3999//7 4003//7 4004//7
f 3999//7 4004//7 4000//7
f 4002//33 4001//33 4005//33
f 4002//33 4005//33 4006//33
f 4000//131 4004//133 4005//134
f 4000//131 4005//134 4001//132
f 3999//1 4002//1 4006//1
f 3999//1 4006//1 4003//1
f 4003//7 3913//7 3916//7
f 4003//7 3916//7 4004//7
f 4006//33 4005//33 3918//33
f 4006//33 3918//33 3917//33
f 4004//133 3916//71 3918//74
f 4004//133 3918//74 4005//134
f 4003//1 4006//1 3917//1
f 4003//1 3917//1 3913//1
f 4007//7 4008//7 4009//7
f 4007//7 4009//7 4010//7
f 4011//33 4012//33 4013//33
f 4011//33 4013//33 4014//33
f 4010//71 4009//72 4013//73
f 4010//71 4013//73 4012//74
f 4007//1 4011//1 4014//1
f 4007//1 4014//1 4008//1
f 4008//7 4015//7 4016//7
f 4008//7 4016//7 4009//7
f 4014//33 4013//33 4017//33
f 4014//33 4017//33 4018//33
f 4009//72 4016//75 4017//76
f 4009//72 4017//76 4013//73
f 4008//1 4014//1 4018//1
f 4008//1 4018//1 4015//1
f 4015//7 4019//7 4020//7
f 4015//7 4020//7 4016//7
f 4018//33 4017//33 4021//33
f 4018//33 4021//33 4022//33
f 4016//75 4020//77 4021//78
f 4016//75 4021//78 4017//76
f 4015//1 4018//1 4022//1
f 4015//1 4022//1 4019//1
f 4019//7 4023//7 4024//7
f 4019//7 4024//7 4020//7
f 4022//33 4021//33 4025//33
f 4022//33 4025//33 4026//33
f 4020//77 4024//79 4025//80
f 4020//77 4025//80 4021//78
f 4019//1 4022//1 4026//1
f 4019//1 4026//1 4023//1
f 4023//7 4027//7 4028//7
f 4023//7 4028//7 4024//7
f 4026//33 4025//33 4029//33
f 4026//33 4029//33 4030//33
f 4024//79 4028//81 4029//82
f 4024//79 4029//82 4025//80
f 4023//50 4026//50 4030//50
f 4023//50 4030//50 4027//50
f 4027//7 4031//7 4032//7
f 4027//7 4032//7 4028//7
f 4030//33 4029//33 4033//33
f 4030//33 4033//33 4034//33
f 4028//81 4032//83 4033//84
f 4028//81 4033//84 4029//82
f 4027//50 4030//50 4034//50
f 4027//50 4034//50 4031//50
f 4031//7 4035//7 4036//7
f 4031//7 4036//7 4032//7
f 4034//33 4033//33 4037//33
f 4034//33 4037//33 4038//33
f 4032//83 4036//85 4037//86
f 4032//83 4037//86 4033//84
f 4031//50 4034//50 4038//50
f 4031//50 4038//50 4035//50
f 4035//7 4039//7 4040//7
f 4035//7 4040//7 4036//7
f 4038//33 4037//33 4041//33
f 4038//33 4041//33 4042//33
f 4036//85 4040//87 4041//88
f 4036//85 4041//88 4037//86
f 4035//50 4038//50 4042//50
f 4035//50 4042//50 4039//50
f 4039//7 4043//7 4044//7
f 4039//7 4044//7 4040//7
f 4042//33 4041//33 4045//33
f 4042//33 4045//33 4046//33
f 4040//87 4044//89 4045//90
f 4040//87 4045//90 4041//88
f 4039//50 4042//50 4046//50
f 4039//50 4046//50 4043//50
f 4043//7 4047//7 4048//7
f 4043//7 4048//7 4044//7
f 4046//33 4045//33 4049//33
f 4046//33 4049//33 4050//33
f 4044//89 4048//91 4049//92
f 4044//89 4049//92 4045//90
f 4043//50 4046//50 4050//50
f 4043//50 4050//50 4047//50
f 4047//7 4051//7 4052//7
f 4047//7 4052//7 4048//7
f 4050//33 4049//33 4053//33
f 4050//33 4053//33 4054//33
f 4048//91 4052//93 4053//94
f 4048//91 4053//94 4049//92
f 4047//50 4050//50 4054//50
f 4047//50 4054//50 4051//50
f 4051//7 3239//7 4055//7
f 4051//7 4055//7 4052//7
f 4054//33 4053//33 4056//33
f 4054//33 4056//33 3242//33
f 4052//93 4055//95 4056//96
f 4052//93 4056//96 4053//94
f 4051//50 4054//50 3242//50
f 4051//50 3242//50 3239//50
f 3239//7 3235//7 4057//7
f 3239//7 4057//7 4055//7
f 3242//33 4056//33 4058//33
f 3242//33 4058//33 3238//33
f 4055//95 4057//97 4058//98
f 4055//95 4058//98 4056//96
f 3239//2 3242//2 3238//2
f 3239//2 3238//2 3235//2
f 3235//7 3231//7 4059//7
f 3235//7 4059//7 4057//7
f 3238//33 4058//33 4060//33
f 3238//33 4060//33 3234//33
f 4057//97 4059//99 4060//100
f 4057//97 4060//100 4058//98
f 3235//2 3238//2 3234//2
f 3235//2 3234//2 3231//2
f 3231//7 3224//7 4061//7
f 3231//7 4061//7 4059//7
f 3234//33 4060//33 4062//33
f 3234//33 4062//33 3230//33
f 4059//99 4061//101 4062//102
f 4059//99 4062//102 4060//100
f 3231//2 3234//2 3230//2
f 3231//2 3230//2 3224//2
f 3224//7 3223//7 4063//7
f 3224//7 4063//7 4061//7
f 3230//33 4062//33 4064//33
f 3230//33 4064//33 3227//33
f 4061//101 4063//103 4064//104
f 4061//101 4064//104 4062//102
f 3224//2 3230//2 3227//2
f 3224//2 3227//2 3223//2
f 3223//7 3329//7 4065//7
f 3223//7 4065//7 4063//7
f 3227//33 4064//33 4066//33
f 3227//33 4066//33 3332//33
f 4063//103 4065//105 4066//106
f 4063//103 4066//106 4064//104
f 3223//2 3227//2 3332//2
f 3223//2 3332//2 3329//2
f 3329//7 3325//7 4067//7
f 3329//7 4067//7 4065//7
f 3332//33 4066//33 4068//33
f 3332//33 4068//33 3328//33
f 4065//105 4067//107 4068//108
f 4065//105 4068//108 4066//106
f 3329//2 3332//2 3328//2
f 3329//2 3328//2 3325//2
f 3325//7 3321//7 4069//7
f 3325//7 4069//7 4067//7
f 3328//33 4068//33 4070//33
f 3328//33 4070//33 3324//33
f 4067//107 4069//109 4070//110
f 4067//107 4070//110 4068//108
f 3325//2 3328//2 3324//2
f 3325//2 3324//2 3321//2
f 3321//7 3129//7 4071//7
f 3321//7 4071//7 4069//7
f 3324//33 4070//33 4072//33
f 3324//33 4072//33 3132//33
f 4069//109 4071//111 4072//112
f 4069//109 4072//112 4070//110
f 3321//2 3324//2 3132//2
f 3321//2 3132//2 3129//2
f 3129//7 3957//7 4073//7
f 3129//7 4073//7 4071//7
f 3132//33 4072//33 4074//33
f 3132//33 4074//33 3960//33
f 4071//111 4073//113 4074//114
f 4071//111 4074//114 4072//112
f 3129//16 3132//16 3960//16
f 3129//16 3960//16 3957//16
f 3957//7 3953//7 4075//7
f 3957//7 4075//7 4073//7
f 3960//33 4074//33 4076//33
f 3960//33 4076//33 3956//33
f 4073//113 4075//115 4076//116
f 4073//113 4076//116 4074//114
f 3957//16 3960//16 3956//16
f 3957//16 3956//16 3953//16
f 3953//7 3949//7 4077//7
f 3953//7 4077//7 4075//7
f 3956//33 4076//33 4078//33
f 3956//33 4078//33 3952//33
f 4075//115 4077//117 4078//118
f 4075//115 4078//118 4076//116
f 3953//16 3956//16 3952//16
f 3953//16 3952//16 3949//16
f 3949//7 3945//7 4079//7
f 3949//7 4079//7 4077//7
f 3952//33 4078//33 4080//33
f 3952//33 4080//33 3948//33
f 4077//117 4079//119 4080//120
f 4077//117 4080//120 4078//118
f 3949//16 3952//16 3948//16
f 3949//16 3948//16 3945//16
f 3945//7 3941//7 4081//7
f 3945//7 4081//7 4079//7
f 3948//33 4080//33 4082//33
f 3948//33 4082//33 3944//33
f 4079//119 4081//121 4082//122
f 4079//119 4082//122 4080//120
f 3945//16 3948//16 3944//16
f 3945//16 3944//16 3941//16
f 3941//7 3937//7 4083//7
f 3941//7 4083//7 4081//7
f 3944//33 4082//33 4084//33
f 3944//33 4084//33 3940//33
f 4081//121 4083//123 4084//124
f 4081//121 4084//124 4082//122
f 3941//16 3944//16 3940//16
f 3941//16 3940//16 3937//16
f 3937//7 3933//7 4085//7
f 3937//7 4085//7 4083//7
f 3940//33 4084//33 4086//33
f 3940//33 4086//33 3936//33
f 4083//123 4085//125 4086//126
f 4083//123 4086//126 4084//124
f 3937//16 3940//16 3936//16
f 3937//16 3936//16 3933//16
f 3933//7 3929//7 4087//7
f 3933//7 4087//7 4085//7
f 3936//33 4086//33 4088//33
f 3936//33 4088//33 3932//33
f 4085//125 4087//127 4088//128
f 4085//125 4088//128 4086//126
f 3933//16 3936//16 3932//16
f 3933//16 3932//16 3929//16
f 3929//7 4089//7 4090//7
f 3929//7 4090//7 4087//7
f 3932//33 4088//33 4091//33
f 3932//33 4091//33 4092//33
f 4087//127 4090//129 4091//130
f 4087//127 4091//130 4088//128
f 3929//1 3932//1 4092//1
f 3929//1 4092//1 4089//1
f 4089//7 4093//7 4094//7
f 4089//7 4094//7 4090//7
f 4092//33 4091//33 4095//33
f 4092//33 4095//33 4096//33
f 4090//129 4094//131 4095//132
f 4090//129 4095//132 4091//130
f 4089//1 4092//1 4096//1
f 4089//1 4096//1 4093//1
f 4093//7 4097//7 4098//7
f 4093//7 4098//7 4094//7
f 4096//33 4095//33 4099//33
f 4096//33 4099//33 4100//33
f 4094//131 4098//133 4099//134
f 4094//131 4099//134 4095//132
f 4093//1 4096//1 4100//1
f 4093//1 4100//1 4097//1
f 4097//7 4007//7 4010//7
f 4097//7 4010//7 4098//7
f 4100//33 4099//33 4012//33
f 4100//33 4012//33 4011//33
f 4098//133 4010//71 4012//74
f 4098//133 4012//74 4099//134
f 4097//1 4100//1 4011//1
f 4097//1 4011//1 4007//1
f 4101//7 4102//7 4103//7
f 4101//7 4103//7 4104//7
f 4105//33 4106//33 4107//33
f 4105//33 4107//33 4108//33
f 4104//71 4103//72 4107//73
f 4104//71 4107//73 4106//74
f 4101//1 4105//1 4108//1
f 4101//1 4108//1 4102//1
f 4102//7 4109//7 4110//7
f 4102//7 4110//7 4103//7
f 4108//33 4107//33 4111//33
f 4108//33 4111//33 4112//33
f 4103//72 4110//75 4111//76
f 4103//72 4111//76 4107//73
f 4102//1 4108//1 4112//1
f 4102//1 4112//1 4109//1
f 4109//7 4113//7 4114//7
f 4109//7 4114//7 4110//7
f 4112//33 4111//33 4115//33
f 4112//33 4115//33 4116//33
f 4110//75 4114//77 4115//78
f 4110//75 4115//78 4111//76
f 4109//1 4112//1 4116//1
f 4109//1 4116//1 4113//1
f 4113//7 4117//7 4118//7
f 4113//7 4118//7 4114//7
f 4116//33 4115//33 4119//33
f 4116//33 4119//33 4120//33
f 4114//77 4118//79 4119//80
f 4114//77 4119//80 4115//78
f 4113//1 4116//1 4120//1
f 4113//1 4120//1 4117//1
f 4117//7 4121//7 4122//7
f 4117//7 4122//7 4118//7
f 4120//33 4119//33 4123//33
f 4120//33 4123//33 4124//33
f 4118//79 4122//81 4123//82
f 4118//79 4123//82 4119//80
f 4117//50 4120//50 4124//50
f 4117//50 4124//50 4121//50
f 4121//7 4125//7 4126//7
f 4121//7 4126//7 4122//7
f 4124//33 4123//33 4127//33
f 4124//33 4127//33 4128//33
f 4122//81 4126//83 4127//84
f 4122//81 4127//84 4123//82
f 4121//50 4124//50 4128//50
f 4121//50 4128//50 4125//50
f 4125//7 4129//7 4130//7
f 4125//7 4130//7 4126//7
f 4128//33 4127//33 4131//33
f 4128//33 4131//33 4132//33
f 4126//83 4130//85 4131//86
f 4126//83 4131//86 4127//84
f 4125//50 4128//50 4132//50
f 4125//50 4132//50 4129//50
f 4129//7 4133//7 4134//7
f 4129//7 4134//7 4130//7
f 4132//33 4131//33 4135//33
f 4132//33 4135//33 4136//33
f 4130//85 4134//87 4135//88
f 4130//85 4135//88 4131//86
f 4129//50 4132//50 4136//50
f 4129//50 4136//50 4133//50
f 4133//7 4137//7 4138//7
f 4133//7 4138//7 4134//7
f 4136//33 4135//33 4139//33
f 4136//33 4139//33 4140//33
f 4134//87 4138//89 4139//90
f 4134//87 4139//90 4135//88
f 4133//50 4136//50 4140//50
f 4133//50 4140//50 4137//50
f 4137//7 4141//7 4142//7
f 4137//7 4142//7 4138//7
f 4140//33 4139//33 4143//33
f 4140//33 4143//33 4144//33
f 4138//89 4142//91 4143//92
f 4138//89 4143//92 4139//90
f 4137//50 4140//50 4144//50
f 4137//50 4144//50 4141//50
f 4141//7 4145//7 4146//7
f 4141//7 4146//7 4142//7
f 4144//33 4143//33 4147//33
f 4144//33 4147//33 4148//33
f 4142//91 4146//93 4147//94
f 4142//91 4147//94 4143//92
f 4141//50 4144//50 4148//50
f 4141//50 4148//50 4145//50
f 4145//7 4149//7 4150//7
f 4145//7 4150//7 4146//7
f 4148//33 4147//33 4151//33
f 4148//33 4151//33 4152//33
f 4146//93 4150//95 4151//96
f 4146//93 4151//96 4147//94
f 4145//50 4148//50 4152//50
f 4145//50 4152//50 4149//50
f 4149//7 4153//7 4154//7
f 4149//7 4154//7 4150//7
f 4152//33 4151//33 4155//33
f 4152//33 4155//33 4156//33
f 4150//95 4154//97 4155//98
f 4150//95 4155//98 4151//96
f 4149//2 4152//2 4156//2
f 4149//2 4156//2 4153//2
f 4153//7 4157//7 4158//7
f 4153//7 4158//7 4154//7
f 4156//33 4155//33 4159//33
f 4156//33 4159//33 4160//33
f 4154//97 4158//99 4159//100
f 4154//97 4159//100 4155//98
f 4153//2 4156//2 4160//2
f 4153//2 4160//2 4157//2
f 4157//7 4161//7 4162//7
f 4157//7 4162//7 4158//7
f 4160//33 4159//33 4163//33
f 4160//33 4163//33 4164//33
f 4158//99 4162//101 4163//102
f 4158//99 4163//102 4159//100
f 4157//2 4160//2 4164//2
f 4157//2 4164//2 4161//2
f 4161//7 4165//7 4166//7
f 4161//7 4166//7 4162//7
f 4164//33 4163//33 4167//33
f 4164//33 4167//33 4168//33
f 4162//101 4166//103 4167//104
f 4162//101 4167//104 4163//102
f 4161//2 4164//2 4168//2
f 4161//2 4168//2 4165//2
f 4165//7 4169//7 4170//7
f 4165//7 4170//7 4166//7
f 4168//33 4167//33 4171//33
f 4168//33 4171//33 4172//33
f 4166//103 4170//105 4171//106
f 4166//103 4171//106 4167//104
f 4165//2 4168//2 4172//2
f 4165//2 4172//2 4169//2
f 4169//7 4173//7 4174//7
f 4169//7 4174//7 4170//7
f 4172//33 4171//33 4175//33
f 4172//33 4175//33 4176//33
f 4170//105 4174//107 4175//108
f 4170//105 4175//108 4171//106
f 4169//2 4172//2 4176//2
f 4169//2 4176//2 4173//2
f 4173//7 4177//7 4178//7
f 4173//7 4178//7 4174//7
f 4176//33 4175//33 4179//33
f 4176//33 4179//33 4180//33
f 4174//107 4178//109 4179//110
f 4174//107 4179//110 4175//108
f 4173//2 4176//2 4180//2
f 4173//2 4180//2 4177//2
f 4177//7 4181//7 4182//7
f 4177//7 4182//7 4178//7
f 4180//33 4179//33 4183//33
f 4180//33 4183//33 4184//33
f 4178//109 4182//111 4183//112
f 4178//109 4183//112 4179//110
f 4177//2 4180//2 4184//2
f 4177//2 4184//2 4181//2
f 4181//7 4185//7 4186//7
f 4181//7 4186//7 4182//7
f 4184//33 4183//33 4187//33
f 4184//33 4187//33 4188//33
f 4182//111 4186//113 4187//114
f 4182//111 4187//114 4183//112
f 4181//16 4184//16 4188//16
f 4181//16 4188//16 4185//16
f 4185//7 4189//7 4190//7
f 4185//7 4190//7 4186//7
f 4188//33 4187//33 4191//33
f 4188//33 4191//33 4192//33
f 4186//113 4190//115 4191//116
f 4186//113 4191//116 4187//114
f 4185//16 4188//16 4192//16
f 4185//16 4192//16 4189//16
f 4189//7 4193//7 4194//7
f 4189//7 4194//7 4190//7
f 4192//33 4191//33 4195//33
f 4192//33 4195//33 4196//33
f 4190//115 4194//117 4195//118
f 4190//115 4195//118 4191//116
f 4189//16 4192//16 4196//16
f 4189//16 4196//16 4193//16
f 4193//7 4197//7 4198//7
f 4193//7 4198//7 4194//7
f 4196//33 4195//33 4199//33
f 4196//33 4199//33 4200//33
f 4194//117 4198//119 4199//120
f 4194//117 4199//120 4195//118
f 4193//16 4196//16 4200//16
f 4193//16 4200//16 4197//16
f 4197//7 4201//7 4202//7
f 4197//7 4202//7 4198//7
f 4200//33 4199//33 4203//33
f 4200//33 4203//33 4204//33
f 4198//119 4202//121 4203//122
f 4198//119 4203//122 4199//120
f 4197//16 4200//16 4204//16
f 4197//16 4204//16 4201//16
f 4201//7 4205//7 4206//7
f 4201//7 4206//7 4202//7
f 4204//33 4203//33 4207//33
f 4204//33 4207//33 4208//33
f 4202//121 4206//123 4207//124
f 4202//121 4207//124 4203//122
f 4201//16 4204//16 4208//16
f 4201//16 4208//16 4205//16
f 4205//7 4209//7 4210//7
f 4205//7 4210//7 4206//7
f 4208//33 4207//33 4211//33
f 4208//33 4211//33 4212//33
f 4206//123 4210//125 4211//126
f 4206//123 4211//126 4207//124
f 4205//16 4208//16 4212//16
f 4205//16 4212//16 4209//16
f 4209//7 4213//7 4214//7
f 4209//7 4214//7 4210//7
f 4212//33 4211//33 4215//33
f 4212//33 4215//33 4216//33
f 4210//125 4214//127 4215//128
f 4210//125 4215//128 4211//126
f 4209//16 4212//16 4216//16
f 4209//16 4216//16 4213//16
f 4213//7 4217//7 4218//7
f 4213//7 4218//7 4214//7
f 4216//33 4215//33 4219//33
f 4216//33 4219//33 4220//33
f 4214//127 4218//129 4219//130
f 4214//127 4219//130 4215//128
f 4213//1 4216//1 4220//1
f 4213//1 4220//1 4217//1
f 4217//7 4221//7 4222//7
f 4217//7 4222//7 4218//7
f 4220//33 4219//33 4223//33
f 4220//33 4223//33 4224//33
f 4218//129 4222//131 4223//132
f 4218//129 4223//132 4219//130
f 4217//1 4220//1 4224//1
f 4217//1 4224//1 4221//1
f 4221//7 4225//7 4226//7
f 4221//7 4226//7 4222//7
f 4224//33 4223//33 4227//33
f 4224//33 4227//33 4228//33
f 4222//131 4226//133 4227//134
f 4222//131 4227//134 4223//132
f 4221//1 4224//1 4228//1
f 4221//1 4228//1 4225//1
f 4225//7 4101//7 4104//7
f 4225//7 4104//7 4226//7
f 4228//33 4227//33 4106//33
f 4228//33 4106//33 4105//33
f 4226//133 4104//71 4106//74
f 4226//133 4106//74 4227//134
f 4225//1 4228//1 4105//1
f 4225//1 4105//1 4101//1
f 4229//7 4230//7 4231//7
f 4229//7 4231//7 4232//7
f 4233//33 4234//33 4235//33
f 4233//33 4235//33 4236//33
f 4232//71 4231//72 4235//73
f 4232//71 4235//73 4234//74
f 4229//1 4233//1 4236//1
f 4229//1 4236//1 4230//1
f 4230//7 4237//7 4238//7
f 4230//7 4238//7 4231//7
f 4236//33 4235//33 4239//33
f 4236//33 4239//33 4240//33
f 4231//72 4238//75 4239//76
f 4231//72 4239//76 4235//73
f 4230//1 4236//1 4240//1
f 4230//1 4240//1 4237//1
f 4237//7 4241//7 4242//7
f 4237//7 4242//7 4238//7
f 4240//33 4239//33 4243//33
f 4240//33 4243//33 4244//33
f 4238//75 4242//77 4243//78
f 4238//75 4243//78 4239//76
f 4237//1 4240//1 4244//1
f 4237//1 4244//1 4241//1
f 4241//7 4245//7 4246//7
f 4241//7 4246//7 4242//7
f 4244//33 4243//33 4247//33
f 4244//33 4247//33 4248//33
f 4242//77 4246//79 4247//80
f 4242//77 4247//80 4243//78
f 4241//1 4244//1 4248//1
f 4241//1 4248//1 4245//1
f 4245//7 4249//7 4250//7
f 4245//7 4250//7 4246//7
f 4248//33 4247//33 4251//33
f 4248//33 4251//33 4252//33
f 4246//79 4250//81 4251//82
f 4246//79 4251//82 4247//80
f 4245//50 4248//50 4252//50
f 4245//50 4252//50 4249//50
f 4249//7 4253//7 4254//7
f 4249//7 4254//7 4250//7
f 4252//33 4251//33 4255//33
f 4252//33 4255//33 4256//33
f 4250//81 4254//83 4255//84
f 4250//81 4255//84 4251//82
f 4249//50 4252//50 4256//50
f 4249//50 4256//50 4253//50
f 4253//7 4257//7 4258//7
f 4253//7 4258//7 4254//7
f 4256//33 4255//33 4259//33
f 4256//33 4259//33 4260//33
f 4254//83 4258//85 4259//86
f 4254//83 4259//86 4255//84
f 4253//50 4256//50 4260//50
f 4253//50 4260//50 4257//50
f 4257//7 4261//7 4262//7
f 4257//7 4262//7 4258//7
f 4260//33 4259//33 4263//33
f 4260//33 4263//33 4264//33
f 4258//85 4262//87 4263//88
f 4258//85 4263//88 4259//86
f 4257//50 4260//50 4264//50
f 4257//50 4264//50 4261//50
f 4261//7 4265//7 4266//7
f 4261//7 4266//7 4262//7
f 4264//33 4263//33 4267//33
f 4264//33 4267//33 4268//33
f 4262//87 4266//89 4267//90
f 4262//87 4267//90 4263//88
f 4261//50 4264//50 4268//50
f 4261//50 4268//50 4265//50
f 4265//7 4269//7 4270//7
f 4265//7 4270//7 4266//7
f 4268//33 4267//33 4271//33
f 4268//33 4271//33 4272//33
f 4266//89 4270//91 4271//92
f 4266//89 4271//92 4267//90
f 4265//50 4268//50 4272//50
f 4265//50 4272//50 4269//50
f 4269//7 4273//7 4274//7
f 4269//7 4274//7 4270//7
f 4272//33 4271//33 4275//33
f 4272//33 4275//33 4276//33
f 4270//91 4274//93 4275//94
f 4270//91 4275//94 4271//92
f 4269//50 4272//50 4276//50
f 4269//50 4276//50 4273//50
f 4273//7 4277//7 4278//7
f 4273//7 4278//7 4274//7
f 4276//33 4275//33 4279//33
f 4276//33 4279//33 4280//33
f 4274//93 4278//95 4279//96
f 4274//93 4279//96 4275//94
f 4273//50 4276//50 4280//50
f 4273//50 4280//50 4277//50
f 4277//7 4281//7 4282//7
f 4277//7 4282//7 4278//7
f 4280//33 4279//33 4283//33
f 4280//33 4283//33 4284//33
f 4278//95 4282//97 4283//98
f 4278//95 4283//98 4279//96
f 4277//2 4280//2 4284//2
f 4277//2 4284//2 4281//2
f 4281//7 4285//7 4286//7
f 4281//7 4286//7 4282//7
f 4284//33 4283//33 4287//33
f 4284//33 4287//33 4288//33
f 4282//97 4286//99 4287//100
f 4282//97 4287//100 4283//98
f 4281//2 4284//2 4288//2
f 4281//2 4288//2 4285//2
f 4285//7 4289//7 4290//7
f 4285//7 4290//7 4286//7
f 4288//33 4287//33 4291//33
f 4288//33 4291//33 4292//33
f 4286//99 4290//101 4291//102
f 4286//99 4291//102 4287//100
f 4285//2 4288//2 4292//2
f 4285//2 4292//2 4289//2
f 4289//7 4293//7 4294//7
f 4289//7 4294//7 4290//7
f 4292//33 4291//33 4295//33
f 4292//33 4295//33 4296//33
f 4290//101 4294//103 4295//104
f 4290//101 4295//104 4291//102
f 4289//2 4292//2 4296//2
f 4289//2 4296//2 4293//2
f 4293//7 4297//7 4298//7
f 4293//7 4298//7 4294//7
f 4296//33 4295//33 4299//33
f 4296//33 4299//33 4300//33
f 4294//103 4298//105 4299//106
f 4294//103 4299//106 4295//104
f 4293//2 4296//2 4300//2
f 4293//2 4300//2 4297//2
f 4297//7 4301//7 4302//7
f 4297//7 4302//7 4298//7
f 4300//33 4299//33 4303//33
f 4300//33 4303//33 4304//33
f 4298//105 4302//107 4303//108
f 4298//105 4303//108 4299//106
f 4297//2 4300//2 4304//2
f 4297//2 4304//2 4301//2
f 4301//7 4305//7 4306//7
f 4301//7 4306//7 4302//7
f 4304//33 4303//33 4307//33
f 4304//33 4307//33 4308//33
f 4302//107 4306//109 4307//110
f 4302//107 4307//110 4303//108
f 4301//2 4304//2 4308//2
f 4301//2 4308//2 4305//2
f 4305//7 4149//7 4309//7
f 4305//7 4309//7 4306//7
f 4308//33 4307//33 4310//33
f 4308//33 4310//33 4152//33
f 4306//109 4309//111 4310//112
f 4306//109 4310//112 4307//110
f 4305//2 4308//2 4152//2
f 4305//2 4152//2 4149//2
f 4149//7 4145//7 4311//7
f 4149//7 4311//7 4309//7
f 4152//33 4310//33 4312//33
f 4152//33 4312//33 4148//33
f 4309//111 4311//113 4312//114
f 4309//111 4312//114 4310//112
f 4149//16 4152//16 4148//16
f 4149//16 4148//16 4145//16
f 4145//7 4141//7 4313//7
f 4145//7 4313//7 4311//7
f 4148//33 4312//33 4314//33
f 4148//33 4314//33 4144//33
f 4311//113 4313//115 4314//116
f 4311//113 4314//116 4312//114
f 4145//16 4148//16 4144//16
f 4145//16 4144//16 4141//16
f 4141//7 4137//7 4315//7
f 4141//7 4315//7 4313//7
f 4144//33 4314//33 4316//33
f 4144//33 4316//33 4140//33
f 4313//115 4315//117 4316//118
f 4313//115 4316//118 4314//116
f 4141//16 4144//16 4140//16
f 4141//16 4140//16 4137//16
f 4137//7 4133//7 4317//7
f 4137//7 4317//7 4315//7
f 4140//33 4316//33 4318//33
f 4140//33 4318//33 4136//33
f 4315//117 4317//119 4318//120
f 4315//117 4318//120 4316//118
f 4137//16 4140//16 4136//16
f 4137//16 4136//16 4133//16
f 4133//7 4129//7 4319//7
f 4133//7 4319//7 4317//7
f 4136//33 4318//33 4320//33
f 4136//33 4320//33 4132//33
f 4317//119 4319//121 4320//122
f 4317//119 4320//122 4318//120
f 4133//16 4136//16 4132//16
f 4133//16 4132//16 4129//16
f 4129//7 4125//7 4321//7
f 4129//7 4321//7 4319//7
f 4132//33 4320//33 4322//33
f 4132//33 4322//33 4128//33
f 4319//121 4321//123 4322//124
f 4319//121 4322//124 4320//122
f 4129//16 4132//16 4128//16
f 4129//16 4128//16 4125//16
f 4125//7 4121//7 4323//7
f 4125//7 4323//7 4321//7
f 4128//33 4322//33 4324//33
f 4128//33 4324//33 4124//33
f 4321//123 4323//125 4324//126
f 4321//123 4324//126 4322//124
f 4125//16 4128//16 4124//16
f 4125//16 4124//16 4121//16
f 4121//7 4117//7 4325//7
f 4121//7 4325//7 4323//7
f 4124//33 4324//33 4326//33
f 4124//33 4326//33 4120//33
f 4323//125 4325//127 4326//128
f 4323//125 4326//128 4324//126
f 4121//16 4124//16 4120//16
f 4121//16 4120//16 4117//16
f 4117//7 4327//7 4328//7
f 4117//7 4328//7 4325//7
f 4120//33 4326//33 4329//33
f 4120//33 4329//33 4330//33
f 4325//127 4328//129 4329//130
f 4325//127 4329//130 4326//128
f 4117//1 4120//1 4330//1
f 4117//1 4330//1 4327//1
f 4327//7 4331//7 4332//7
f 4327//7 4332//7 4328//7
f 4330//33 4329//33 4333//33
f 4330//33 4333//33 4334//33
f 4328//129 4332//131 4333//132
f 4328//129 4333//132 4329//130
f 4327//1 4330//1 4334//1
f 4327//1 4334//1 4331//1
f 4331//7 4335//7 4336//7
f 4331//7 4336//7 4332//7
f 4334//33 4333//33 4337//33
f 4334//33 4337//33 4338//33
f 4332//131 4336//133 4337//134
f 4332//131 4337//134 4333//132
f 4331//1 4334//1 4338//1
f 4331//1 4338//1 4335//1
f 4335//7 4229//7 4232//7
f 4335//7 4232//7 4336//7
f 4338//33 4337//33 4234//33
f 4338//33 4234//33 4233//33
f 4336//133 4232//71 4234//74
f 4336//133 4234//74 4337//134
f 4335//1 4338//1 4233//1
f 4335//1 4233//1 4229//1
f 4339//7 4340//7 4341//7
f 4339//7 4341//7 4342//7
f 4343//33 4344//33 4345//33
f 4343//33 4345//33 4346//33
f 4342//71 4341//72 4345//73
f 4342//71 4345//73 4344//74
f 4339//1 4343//1 4346//1
f 4339//1 4346//1 4340//1
f 4340//7 4347//7 4348//7
f 4340//7 4348//7 4341//7
f 4346//33 4345//33 4349//33
f 4346//33 4349//33 4350//33
f 4341//72 4348//75 4349//76
f 4341//72 4349//76 4345//73
f 4340//1 4346//1 4350//1
f 4340//1 4350//1 4347//1
f 4347//7 4351//7 4352//7
f 4347//7 4352//7 4348//7
f 4350//33 4349//33 4353//33
f 4350//33 4353//33 4354//33
f 4348//75 4352//77 4353//78
f 4348//75 4353//78 4349//76
f 4347//1 4350//1 4354//1
f 4347//1 4354//1 4351//1
f 4351//7 4355//7 4356//7
f 4351//7 4356//7 4352//7
f 4354//33 4353//33 4357//33
f 4354//33 4357//33 4358//33
f 4352//77 4356//79 4357//80
f 4352//77 4357//80 4353//78
f 4351//1 4354//1 4358//1
f 4351//1 4358//1 4355//1
f 4355//7 4359//7 4360//7
f 4355//7 4360//7 4356//7
f 4358//33 4357//33 4361//33
f 4358//33 4361//33 4362//33
f 4356//79 4360//81 4361//82
f 4356//79 4361//82 4357//80
f 4355//50 4358//50 4362//50
f 4355//50 4362//50 4359//50
f 4359//7 4363//7 4364//7
f 4359//7 4364//7 4360//7
f 4362//33 4361//33 4365//33
f 4362//33 4365//33 4366//33
f 4360//81 4364//83 4365//84
f 4360//81 4365//84 4361//82
f 4359//50 4362//50 4366//50
f 4359//50 4366//50 4363//50
f 4363//7 4367//7 4368//7
f 4363//7 4368//7 4364//7
f 4366//33 4365//33 4369//33
f 4366//33 4369//33 4370//33
f 4364//83 4368//85 4369//86
f 4364//83 4369//86 4365//84
f 4363//50 4366//50 4370//50
f 4363//50 4370//50 4367//50
f 4367//7 4371//7 4372//7
f 4367//7 4372//7 4368//7
f 4370//33 4369//33 4373//33
f 4370//33 4373//33 4374//33
f 4368//85 4372//87 4373//88
f 4368//85 4373//88 4369//86
f 4367//50 4370//50 4374//50
f 4367//50 4374//50 4371//50
f 4371//7 4375//7 4376//7
f 4371//7 4376//7 4372//7
f 4374//33 4373//33 4377//33
f 4374//33 4377//33 4378//33
f 4372//87 4376//89 4377//90
f 4372//87 4377//90 4373//88
f 4371//50 4374//50 4378//50
f 4371//50 4378//50 4375//50
f 4375//7 4379//7 4380//7
f 4375//7 4380//7 4376//7
f 4378//33 4377//33 4381//33
f 4378//33 4381//33 4382//33
f 4376//89 4380//91 4381//92
f 4376//89 4381//92 4377//90
f 4375//50 4378//50 4382//50
f 4375//50 4382//50 4379//50
f 4379//7 4383//7 4384//7
f 4379//7 4384//7 4380//7
f 4382//33 4381//33 4385//33
f 4382//33 4385//33 4386//33
f 4380//91 4384//93 4385//94
f 4380//91 4385//94 4381//92
f 4379//50 4382//50 4386//50
f 4379//50 4386//50 4383//50
f 4383//7 4387//7 4388//7
f 4383//7 4388//7 4384//7
f 4386//33 4385//33 4389//33
f 4386//33 4389//33 4390//33
f 4384//93 4388//95 4389//96
f 4384//93 4389//96 4385//94
f 4383//50 4386//50 4390//50
f 4383//50 4390//50 4387//50
f 4387//7 4391//7 4392//7
f 4387//7 4392//7 4388//7
f 4390//33 4389//33 4393//33
f 4390//33 4393//33 4394//33
f 4388//95 4392//97 4393//98
f 4388//95 4393//98 4389//96
f 4387//2 4390//2 4394//2
f 4387//2 4394//2 4391//2
f 4391//7 4395//7 4396//7
f 4391//7 4396//7 4392//7
f 4394//33 4393//33 4397//33
f 4394//33 4397//33 4398//33
f 4392//97 4396//99 4397//100
f 4392//97 4397//100 4393//98
f 4391//2 4394//2 4398//2
f 4391//2 4398//2 4395//2
f 4395//7 4399//7 4400//7
f 4395//7 4400//7 4396//7
f 4398//33 4397//33 4401//33
f 4398//33 4401//33 4402//33
f 4396//99 4400//101 4401//102
f 4396//99 4401//102 4397//100
f 4395//2 4398//2 4402//2
f 4395//2 4402//2 4399//2
f 4399//7 4403//7 4404//7
f 4399//7 4404//7 4400//7
f 4402//33 4401//33 4405//33
f 4402//33 4405//33 4406//33
f 4400//101 4404//103 4405//104
f 4400//101 4405//104 4401//102
f 4399//2 4402//2 4406//2
f 4399//2 4406//2 4403//2
f 4403//7 4407//7 4408//7
f 4403//7 4408//7 4404//7
f 4406//33 4405//33 4409//33
f 4406//33 4409//33 4410//33
f 4404//103 4408//105 4409//106
f 4404//103 4409//106 4405//104
f 4403//2 4406//2 4410//2
f 4403//2 4410//2 4407//2
f 4407//7 4411//7 4412//7
f 4407//7 4412//7 4408//7
f 4410//33 4409//33 4413//33
f 4410//33 4413//33 4414//33
f 4408//105 4412//107 4413//108
f 4408//105 4413//108 4409//106
f 4407//2 4410//2 4414//2
f 4407//2 4414//2 4411//2
f 4411//7 4415//7 4416//7
f 4411//7 4416//7 4412//7
f 4414//33 4413//33 4417//33
f 4414//33 4417//33 4418//33
f 4412//107 4416//109 4417//110
f 4412//107 4417//110 4413//108
f 4411//2 4414//2 4418//2
f 4411//2 4418//2 4415//2
f 4415//7 4277//7 4419//7
f 4415//7 4419//7 4416//7
f 4418//33 4417//33 4420//33
f 4418//33 4420//33 4280//33
f 4416//109 4419//111 4420//112
f 4416//109 4420//112 4417//110
f 4415//2 4418//2 4280//2
f 4415//2 4280//2 4277//2
f 4277//7 4273//7 4421//7
f 4277//7 4421//7 4419//7
f 4280//33 4420//33 4422//33
f 4280//33 4422//33 4276//33
f 4419//111 4421//113 4422//114
f 4419//111 4422//114 4420//112
f 4277//16 4280//16 4276//16
f 4277//16 4276//16 4273//16
f 4273//7 4269//7 4423//7
f 4273//7 4423//7 4421//7
f 4276//33 4422//33 4424//33
f 4276//33 4424//33 4272//33
f 4421//113 4423//115 4424//116
f 4421//113 4424//116 4422//114
f 4273//16 4276//16 4272//16
f 4273//16 4272//16 4269//16
f 4269//7 4265//7 4425//7
f 4269//7 4425//7 4423//7
f 4272//33 4424//33 4426//33
f 4272//33 4426//33 4268//33
f 4423//115 4425//117 4426//118
f 4423//115 4426//118 4424//116
f 4269//16 4272//16 4268//16
f 4269//16 4268//16 4265//16
f 4265//7 4261//7 4427//7
f 4265//7 4427//7 4425//7
f 4268//33 4426//33 4428//33
f 4268//33 4428//33 4264//33
f 4425//117 4427//119 4428//120
f 4425//117 4428//120 4426//118
f 4265//16 4268//16 4264//16
f 4265//16 4264//16 4261//16
f 4261//7 4257//7 4429//7
f 4261//7 4429//7 4427//7
f 4264//33 4428//33 4430//33
f 4264//33 4430//33 4260//33
f 4427//119 4429//121 4430//122
f 4427//119 4430//122 4428//120
f 4261//16 4264//16 4260//16
f 4261//16 4260//16 4257//16
f 4257//7 4253//7 4431//7
f 4257//7 4431//7 4429//7
f 4260//33 4430//33 4432//33
f 4260//33 4432//33 4256//33
f 4429//121 4431//123 4432//124
f 4429//121 4432//124 4430//122
f 4257//16 4260//16 4256//16
f 4257//16 4256//16 4253//16
f 4253//7 4249//7 4433//7
f 4253//7 4433//7 4431//7
f 4256//33 4432//33 4434//33
f 4256//33 4434//33 4252//33
f 4431//123 4433//125 4434//126
f 4431//123 4434//126 4432//124
f 4253//16 4256//16 4252//16
f 4253//16 4252//16 4249//16
f 4249//7 4245//7 4435//7
f 4249//7 4435//7 4433//7
f 4252//33 4434//33 4436//33
f 4252//33 4436//33 4248//33
f 4433//125 4435//127 4436//128
f 4433//125 4436//128 4434//126
f 4249//16 4252//16 4248//16
f 4249//16 4248//16 4245//16
f 4245//7 4437//7 4438//7
f 4245//7 4438//7 4435//7
f 4248//33 4436//33 4439//33
f 4248//33 4439//33 4440//33
f 4435//127 4438//129 4439//130
f 4435//127 4439//130 4436//128
f 4245//1 4248//1 4440//1
f 4245//1 4440//1 4437//1
f 4437//7 4441//7 4442//7
f 4437//7 4442//7 4438//7
f 4440//33 4439//33 4443//33
f 4440//33 4443//33 4444//33
f 4438//129 4442//131 4443//132
f 4438//129 4443//132 4439//130
f 4437//1 4440//1 4444//1
f 4437//1 4444//1 4441//1
f 4441//7 4445//7 4446//7
f 4441//7 4446//7 4442//7
f 4444//33 4443//33 4447//33
f 4444//33 4447//33 4448//33
f 4442//131 4446//133 4447//134
f 4442//131 4447//134 4443//132
f 4441//1 4444//1 4448//1
f 4441//1 4448//1 4445//1
f 4445//7 4339//7 4342//7
f 4445//7 4342//7 4446//7
f 4448//33 4447//33 4344//33
f 4448//33 4344//33 4343//33
f 4446//133 4342//71 4344//74
f 4446//133 4344//74 4447//134
f 4445//1 4448//1 4343//1
f 4445//1 4343//1 4339//1
f 4449//7 4450//7 4451//7
f 4449//7 4451//7 4452//7
f 4453//33 4454//33 4455//33
f 4453//33 4455//33 4456//33
f 4452//71 4451//72 4455//73
f 4452//71 4455//73 4454//74
f 4449//1 4453//1 4456//1
f 4449//1 4456//1 4450//1
f 4450//7 4457//7 4458//7
f 4450//7 4458//7 4451//7
f 4456//33 4455//33 4459//33
f 4456//33 4459//33 4460//33
f 4451//72 4458//75 4459//76
f 4451//72 4459//76 4455//73
f 4450//1 4456//1 4460//1
f 4450//1 4460//1 4457//1
f 4457//7 4461//7 4462//7
f 4457//7 4462//7 4458//7
f 4460//33 4459//33 4463//33
f 4460//33 4463//33 4464//33
f 4458//75 4462//77 4463//78
f 4458//75 4463//78 4459//76
f 4457//1 4460//1 4464//1
f 4457//1 4464//1 4461//1
f 4461//7 4465//7 4466//7
f 4461//7 4466//7 4462//7
f 4464//33 4463//33 4467//33
f 4464//33 4467//33 4468//33
f 4462//77 4466//79 4467//80
f 4462//77 4467//80 4463//78
f 4461//1 4464//1 4468//1
f 4461//1 4468//1 4465//1
f 4465//7 4469//7 4470//7
f 4465//7 4470//7 4466//7
f 4468//33 4467//33 4471//33
f 4468//33 4471//33 4472//33
f 4466//79 4470//81 4471//82
f 4466//79 4471//82 4467//80
f 4465//50 4468//50 4472//50
f 4465//50 4472//50 4469//50
f 4469//7 4473//7 4474//7
f 4469//7 4474//7 4470//7
f 4472//33 4471//33 4475//33
f 4472//33 4475//33 4476//33
f 4470//81 4474//83 4475//84
f 4470//81 4475//84 4471//82
f 4469//50 4472//50 4476//50
f 4469//50 4476//50 4473//50
f 4473//7 4477//7 4478//7
f 4473//7 4478//7 4474//7
f 4476//33 4475//33 4479//33
f 4476//33 4479//33 4480//33
f 4474//83 4478//85 4479//86
f 4474//83 4479//86 4475//84
f 4473//50 4476//50 4480//50
f 4473//50 4480//50 4477//50
f 4477//7 4481//7 4482//7
f 4477//7 4482//7 4478//7
f 4480//33 4479//33 4483//33
f 4480//33 4483//33 4484//33
f 4478//85 4482//87 4483//88
f 4478//85 4483//88 4479//86
f 4477//50 4480//50 4484//50
f 4477//50 4484//50 4481//50
f 4481//7 4485//7 4486//7
f 4481//7 4486//7 4482//7
f 4484//33 4483//33 4487//33
f 4484//33 4487//33 4488//33
f 4482//87 4486//89 4487//90
f 4482//87 4487//90 4483//88
f 4481//50 4484//50 4488//50
f 4481//50 4488//50 4485//50
f 4485//7 4489//7 4490//7
f 4485//7 4490//7 4486//7
f 4488//33 4487//33 4491//33
f 4488//33 4491//33 4492//33
f 4486//89 4490//91 4491//92
f 4486//89 4491//92 4487//90
f 4485//50 4488//50 4492//50
f 4485//50 4492//50 4489//50
f 4489//7 4493//7 4494//7
f 4489//7 4494//7 4490//7
f 4492//33 4491//33 4495//33
f 4492//33 4495//33 4496//33
f 4490//91 4494//93 4495//94
f 4490//91 4495//94 4491//92
f 4489//50 4492//50 4496//50
f 4489//50 4496//50 4493//50
f 4493//7 4497//7 4498//7
f 4493//7 4498//7 4494//7
f 4496//33 4495//33 4499//33
f 4496//33 4499//33 4500//33
f 4494//93 4498//95 4499//96
f 4494//93 4499//96 4495//94
f 4493//50 4496//50 4500//50
f 4493//50 4500//50 4497//50
f 4497//7 4501//7 4502//7
f 4497//7 4502//7 4498//7
f 4500//33 4499//33 4503//33
f 4500//33 4503//33 4504//33
f 4498//95 4502//97 4503//98
f 4498//95 4503//98 4499//96
f 4497//2 4500//2 4504//2
f 4497//2 4504//2 4501//2
f 4501//7 4505//7 4506//7
f 4501//7 4506//7 4502//7
f 4504//33 4503//33 4507//33
f 4504//33 4507//33 4508//33
f 4502//97 4506//99 4507//100
f 4502//97 4507//100 4503//98
f 4501//2 4504//2 4508//2
f 4501//2 4508//2 4505//2
f 4505//7 4509//7 4510//7
f 4505//7 4510//7 4506//7
f 4508//33 4507//33 4511//33
f 4508//33 4511//33 4512//33
f 4506//99 4510//101 4511//102
f 4506//99 4511//102 4507//100
f 4505//2 4508//2 4512//2
f 4505//2 4512//2 4509//2
f 4509//7 4513//7 4514//7
f 4509//7 4514//7 4510//7
f 4512//33 4511//33 4515//33
f 4512//33 4515//33 4516//33
f 4510//101 4514//103 4515//104
f 4510//101 4515//104 4511//102
f 4509//2 4512//2 4516//2
f 4509//2 4516//2 4513//2
f 4513//7 4517//7 4518//7
f 4513//7 4518//7 4514//7
f 4516//33 4515//33 4519//33
f 4516//33 4519//33 4520//33
f 4514//103 4518//105 4519//106
f 4514//103 4519//106 4515//104
f 4513//2 4516//2 4520//2
f 4513//2 4520//2 4517//2
f 4517//7 4521//7 4522//7
f 4517//7 4522//7 4518//7
f 4520//33 4519//33 4523//33
f 4520//33 4523//33 4524//33
f 4518//105 4522//107 4523//108
f 4518//105 4523//108 4519//106
f 4517//2 4520//2 4524//2
f 4517//2 4524//2 4521//2
f 4521//7 4525//7 4526//7
f 4521//7 4526//7 4522//7
f 4524//33 4523//33 4527//33
f 4524//33 4527//33 4528//33
f 4522//107 4526//109 4527//110
f 4522//107 4527//110 4523//108
f 4521//2 4524//2 4528//2
f 4521//2 4528//2 4525//2
f 4525//7 4387//7 4529//7
f 4525//7 4529//7 4526//7
f 4528//33 4527//33 4530//33
f 4528//33 4530//33 4390//33
f 4526//109 4529//111 4530//112
f 4526//109 4530//112 4527//110
f 4525//2 4528//2 4390//2
f 4525//2 4390//2 4387//2
f 4387//7 4383//7 4531//7
f 4387//7 4531//7 4529//7
f 4390//33 4530//33 4532//33
f 4390//33 4532//33 4386//33
f 4529//111 4531//113 4532//114
f 4529//111 4532//114 4530//112
f 4387//16 4390//16 4386//16
f 4387//16 4386//16 4383//16
f 4383//7 4379//7 4533//7
f 4383//7 4533//7 4531//7
f 4386//33 4532//33 4534//33
f 4386//33 4534//33 4382//33
f 4531//113 4533//115 4534//116
f 4531//113 4534//116 4532//114
f 4383//16 4386//16 4382//16
f 4383//16 4382//16 4379//16
f 4379//7 4375//7 4535//7
f 4379//7 4535//7 4533//7
f 4382//33 4534//33 4536//33
f 4382//33 4536//33 4378//33
f 4533//115 4535//117 4536//118
f 4533//115 4536//118 4534//116
f 4379//16 4382//16 4378//16
f 4379//16 4378//16 4375//16
f 4375//7 4371//7 4537//7
f 4375//7 4537//7 4535//7
f 4378//33 4536//33 4538//33
f 4378//33 4538//33 4374//33
f 4535//117 4537//119 4538//120
f 4535//117 4538//120 4536//118
f 4375//16 4378//16 4374//16
f 4375//16 4374//16 4371//16
f 4371//7 4367//7 4539//7
f 4371//7 4539//7 4537//7
f 4374//33 4538//33 4540//33
f 4374//33 4540//33 4370//33
f 4537//119 4539//121 4540//122
f 4537//119 4540//122 4538//120
f 4371//16 4374//16 4370//16
f 4371//16 4370//16 4367//16
f 4367//7 4363//7 4541//7
f 4367//7 4541//7 4539//7
f 4370//33 4540//33 4542//33
f 4370//33 4542//33 4366//33
f 4539//121 4541//123 4542//124
f 4539//121 4542//124 4540//122
f 4367//16 4370//16 4366//16
f 4367//16 4366//16 4363//16
f 4363//7 4359//7 4543//7
f 4363//7 4543//7 4541//7
f 4366//33 4542//33 4544//33
f 4366//33 4544//33 4362//33
f 4541//123 4543//125 4544//126
f 4541//123 4544//126 4542//124
f 4363//16 4366//16 4362//16
f 4363//16 4362//16 4359//16
f 4359//7 4355//7 4545//7
f 4359//7 4545//7 4543//7
f 4362//33 4544//33 4546//33
f 4362//33 4546//33 4358//33
f 4543//125 4545//127 4546//128
f 4543//125 4546//128 4544//126
f 4359//16 4362//16 4358//16
f 4359//16 4358//16 4355//16
f 4355//7 4547//7 4548//7
f 4355//7 4548//7 4545//7
f 4358//33 4546//33 4549//33
f 4358//33 4549//33 4550//33
f 4545//127 4548//129 4549//130
f 4545//127 4549//130 4546//128
f 4355//1 4358//1 4550//1
f 4355//1 4550//1 4547//1
f 4547//7 4551//7 4552//7
f 4547//7 4552//7 4548//7
f 4550//33 4549//33 4553//33
f 4550//33 4553//33 4554//33
f 4548//129 4552//131 4553//132
f 4548//129 4553//132 4549//130
f 4547//1 4550//1 4554//1
f 4547//1 4554//1 4551//1
f 4551//7 4555//7 4556//7
f 4551//7 4556//7 4552//7
f 4554//33 4553//33 4557//33
f 4554//33 4557//33 4558//33
f 4552//131 4556//133 4557//134
f 4552//131 4557//134 4553//132
f 4551//1 4554//1 4558//1
f 4551//1 4558//1 4555//1
f 4555//7 4449//7 4452//7
f 4555//7 4452//7 4556//7
f 4558//33 4557//33 4454//33
f 4558//33 4454//33 4453//33
f 4556//133 4452//71 4454//74
f 4556//133 4454//74 4557//134
f 4555//1 4558//1 4453//1
f 4555//1 4453//1 4449//1
f 4559//7 4560//7 4561//7
f 4559//7 4561//7 4562//7
f 4563//33 4564//33 4565//33
f 4563//33 4565//33 4566//33
f 4562//71 4561//72 4565//73
f 4562//71 4565//73 4564//74
f 4559//1 4563//1 4566//1
f 4559//1 4566//1 4560//1
f 4560//7 4567//7 4568//7
f 4560//7 4568//7 4561//7
f 4566//33 4565//33 4569//33
f 4566//33 4569//33 4570//33
f 4561//72 4568//75 4569//76
f 4561//72 4569//76 4565//73
f 4560//1 4566//1 4570//1
f 4560//1 4570//1 4567//1
f 4567//7 4571//7 4572//7
f 4567//7 4572//7 4568//7
f 4570//33 4569//33 4573//33
f 4570//33 4573//33 4574//33
f 4568//75 4572//77 4573//78
f 4568//75 4573//78 4569//76
f 4567//1 4570//1 4574//1
f 4567//1 4574//1 4571//1
f 4571//7 4575//7 4576//7
f 4571//7 4576//7 4572//7
f 4574//33 4573//33 4577//33
f 4574//33 4577//33 4578//33
f 4572//77 4576//79 4577//80
f 4572//77 4577//80 4573//78
f 4571//1 4574//1 4578//1
f 4571//1 4578//1 4575//1
f 4575//7 4579//7 4580//7
f 4575//7 4580//7 4576//7
f 4578//33 4577//33 4581//33
f 4578//33 4581//33 4582//33
f 4576//79 4580//81 4581//82
f 4576//79 4581//82 4577//80
f 4575//50 4578//50 4582//50
f 4575//50 4582//50 4579//50
f 4579//7 4583//7 4584//7
f 4579//7 4584//7 4580//7
f 4582//33 4581//33 4585//33
f 4582//33 4585//33 4586//33
f 4580//81 4584//83 4585//84
f 4580//81 4585//84 4581//82
f 4579//50 4582//50 4586//50
f 4579//50 4586//50 4583//50
f 4583//7 4587//7 4588//7
f 4583//7 4588//7 4584//7
f 4586//33 4585//33 4589//33
f 4586//33 4589//33 4590//33
f 4584//83 4588//85 4589//86
f 4584//83 4589//86 4585//84
f 4583//50 4586//50 4590//50
f 4583//50 4590//50 4587//50
f 4587//7 4591//7 4592//7
f 4587//7 4592//7 4588//7
f 4590//33 4589//33 4593//33
f 4590//33 4593//33 4594//33
f 4588//85 4592//87 4593//88
f 4588//85 4593//88 4589//86
f 4587//50 4590//50 4594//50
f 4587//50 4594//50 4591//50
f 4591//7 4595//7 4596//7
f 4591//7 4596//7 4592//7
f 4594//33 4593//33 4597//33
f 4594//33 4597//33 4598//33
f 4592//87 4596//89 4597//90
f 4592//87 4597//90 4593//88
f 4591//50 4594//50 4598//50
f 4591//50 4598//50 4595//50
f 4595//7 4599//7 4600//7
f 4595//7 4600//7 4596//7
f 4598//33 4597//33 4601//33
f 4598//33 4601//33 4602//33
f 4596//89 4600//91 4601//92
f 4596//89 4601//92 4597//90
f 4595//50 4598//50 4602//50
f 4595//50 4602//50 4599//50
f 4599//7 4603//7 4604//7
f 4599//7 4604//7 4600//7
f 4602//33 4601//33 4605//33
f 4602//33 4605//33 4606//33
f 4600//91 4604//93 4605//94
f 4600//91 4605//94 4601//92
f 4599//50 4602//50 4606//50
f 4599//50 4606//50 4603//50
f 4603//7 4607//7 4608//7
f 4603//7 4608//7 4604//7
f 4606//33 4605//33 4609//33
f 4606//33 4609//33 4610//33
f 4604//93 4608//95 4609//96
f 4604//93 4609//96 4605//94
f 4603//50 4606//50 4610//50
f 4603//50 4610//50 4607//50
f 4607//7 4611//7 4612//7
f 4607//7 4612//7 4608//7
f 4610//33 4609//33 4613//33
f 4610//33 4613//33 4614//33
f 4608//95 4612//97 4613//98
f 4608//95 4613//98 4609//96
f 4607//2 4610//2 4614//2
f 4607//2 4614//2 4611//2
f 4611//7 4615//7 4616//7
f 4611//7 4616//7 4612//7
f 4614//33 4613//33 4617//33
f 4614//33 4617//33 4618//33
f 4612//97 4616//99 4617//100
f 4612//97 4617//100 4613//98
f 4611//2 4614//2 4618//2
f 4611//2 4618//2 4615//2
f 4615//7 4619//7 4620//7
f 4615//7 4620//7 4616//7
f 4618//33 4617//33 4621//33
f 4618//33 4621//33 4622//33
f 4616//99 4620//101 4621//102
f 4616//99 4621//102 4617//100
f 4615//2 4618//2 4622//2
f 4615//2 4622//2 4619//2
f 4619//7 4623//7 4624//7
f 4619//7 4624//7 4620//7
f 4622//33 4621//33 4625//33
f 4622//33 4625//33 4626//33
f 4620//101 4624//103 4625//104
f 4620//101 4625//104 4621//102
f 4619//2 4622//2 4626//2
f 4619//2 4626//2 4623//2
f 4623//7 4627//7 4628//7
f 4623//7 4628//7 4624//7
f 4626//33 4625//33 4629//33
f 4626//33 4629//33 4630//33
f 4624//103 4628//105 4629//106
f 4624//103 4629//106 4625//104
f 4623//2 4626//2 4630//2
f 4623//2 4630//2 4627//2
f 4627//7 4631//7 4632//7
f 4627//7 4632//7 4628//7
f 4630//33 4629//33 4633//33
f 4630//33 4633//33 4634//33
f 4628//105 4632//107 4633//108
f 4628//105 4633//108 4629//106
f 4627//2 4630//2 4634//2
f 4627//2 4634//2 4631//2
f 4631//7 4635//7 4636//7
f 4631//7 4636//7 4632//7
f 4634//33 4633//33 4637//33
f 4634//33 4637//33 4638//33
f 4632//107 4636//109 4637//110
f 4632//107 4637//110 4633//108
f 4631//2 4634//2 4638//2
f 4631//2 4638//2 4635//2
f 4635//7 4497//7 4639//7
f 4635//7 4639//7 4636//7
f 4638//33 4637//33 4640//33
f 4638//33 4640//33 4500//33
f 4636//109 4639//111 4640//112
f 4636//109 4640//112 4637//110
f 4635//2 4638//2 4500//2
f 4635//2 4500//2 4497//2
f 4497//7 4493//7 4641//7
f 4497//7 4641//7 4639//7
f 4500//33 4640//33 4642//33
f 4500//33 4642//33 4496//33
f 4639//111 4641//113 4642//114
f 4639//111 4642//114 4640//112
f 4497//16 4500//16 4496//16
f 4497//16 4496//16 4493//16
f 4493//7 4489//7 4643//7
f 4493//7 4643//7 4641//7
f 4496//33 4642//33 4644//33
f 4496//33 4644//33 4492//33
f 4641//113 4643//115 4644//116
f 4641//113 4644//116 4642//114
f 4493//16 4496//16 4492//16
f 4493//16 4492//16 4489//16
f 4489//7 4485//7 4645//7
f 4489//7 4645//7 4643//7
f 4492//33 4644//33 4646//33
f 4492//33 4646//33 4488//33
f 4643//115 4645//117 4646//118
f 4643//115 4646//118 4644//116
f 4489//16 4492//16 4488//16
f 4489//16 4488//16 4485//16
f 4485//7 4481//7 4647//7
f 4485//7 4647//7 4645//7
f 4488//33 4646//33 4648//33
f 4488//33 4648//33 4484//33
f 4645//117 4647//119 4648//120
f 4645//117 4648//120 4646//118
f 4485//16 4488//16 4484//16
f 4485//16 4484//16 4481//16
f 4481//7 4477//7 4649//7
f 4481//7 4649//7 4647//7
f 4484//33 4648//33 4650//33
f 4484//33 4650//33 4480//33
f 4647//119 4649//121 4650//122
f 4647//119 4650//122 4648//120
f 4481//16 4484//16 4480//16
f 4481//16 4480//16 4477//16
f 4477//7 4473//7 4651//7
f 4477//7 4651//7 4649//7
f 4480//33 4650//33 4652//33
f 4480//33 4652//33 4476//33
f 4649//121 4651//123 4652//124
f 4649//121 4652//124 4650//122
f 4477//16 4480//16 4476//16
f 4477//16 4476//16 4473//16
f 4473//7 4469//7 4653//7
f 4473//7 4653//7 4651//7
f 4476//33 4652//33 4654//33
f 4476//33 4654//33 4472//33
f 4651//123 4653//125 4654//126
f 4651//123 4654//126 4652//124
f 4473//16 4476//16 4472//16
f 4473//16 4472//16 4469//16
f 4469//7 4465//7 4655//7
f 4469//7 4655//7 4653//7
f 4472//33 4654//33 4656//33
f 4472//33 4656//33 4468//33
f 4653//125 4655//127 4656//128
f 4653//125 4656//128 4654//126
f 4469//16 4472//16 4468//16
f 4469//16 4468//16 4465//16
f 4465//7 4657//7 4658//7
f 4465//7 4658//7 4655//7
f 4468//33 4656//33 4659//33
f 4468//33 4659//33 4660//33
f 4655//127 4658//129 4659//130
f 4655//127 4659//130 4656//128
f 4465//1 4468//1 4660//1
f 4465//1 4660//1 4657//1
f 4657//7 4661//7 4662//7
f 4657//7 4662//7 4658//7
f 4660//33 4659//33 4663//33
f 4660//33 4663//33 4664//33
f 4658//129 4662//131 4663//132
f 4658//129 4663//132 4659//130
f 4657//1 4660//1 4664//1
f 4657//1 4664//1 4661//1
f 4661//7 4665//7 4666//7
f 4661//7 4666//7 4662//7
f 4664//33 4663//33 4667//33
f 4664//33 4667//33 4668//33
f 4662//131 4666//133 4667//134
f 4662//131 4667//134 4663//132
f 4661//1 4664//1 4668//1
f 4661//1 4668//1 4665//1
f 4665//7 4559//7 4562//7
f 4665//7 4562//7 4666//7
f 4668//33 4667//33 4564//33
f 4668//33 4564//33 4563//33
f 4666//133 4562//71 4564//74
f 4666//133 4564//74 4667//134
f 4665//1 4668//1 4563//1
f 4665//1 4563//1 4559//1
f 4669//7 4670//7 4671//7
f 4669//7 4671//7 4672//7
f 4673//33 4674//33 4675//33
f 4673//33 4675//33 4676//33
f 4672//71 4671//72 4675//73
f 4672//71 4675//73 4674//74
f 4669//1 4673//1 4676//1
f 4669//1 4676//1 4670//1
f 4670//7 4677//7 4678//7
f 4670//7 4678//7 4671//7
f 4676//33 4675//33 4679//33
f 4676//33 4679//33 4680//33
f 4671//72 4678//75 4679//76
f 4671//72 4679//76 4675//73
f 4670//1 4676//1 4680//1
f 4670//1 4680//1 4677//1
f 4677//7 4681//7 4682//7
f 4677//7 4682//7 4678//7
f 4680//33 4679//33 4683//33
f 4680//33 4683//33 4684//33
f 4678//75 4682//77 4683//78
f 4678//75 4683//78 4679//76
f 4677//1 4680//1 4684//1
f 4677//1 4684//1 4681//1
f 4681//7 4685//7 4686//7
f 4681//7 4686//7 4682//7
f 4684//33 4683//33 4687//33
f 4684//33 4687//33 4688//33
f 4682//77 4686//79 4687//80
f 4682//77 4687//80 4683//78
f 4681//1 4684//1 4688//1
f 4681//1 4688//1 4685//1
f 4685//7 4689//7 4690//7
f 4685//7 4690//7 4686//7
f 4688//33 4687//33 4691//33
f 4688//33 4691//33 4692//33
f 4686//79 4690//81 4691//82
f 4686//79 4691//82 4687//80
f 4685//50 4688//50 4692//50
f 4685//50 4692//50 4689//50
f 4689//7 4693//7 4694//7
f 4689//7 4694//7 4690//7
f 4692//33 4691//33 4695//33
f 4692//33 4695//33 4696//33
f 4690//81 4694//83 4695//84
f 4690//81 4695//84 4691//82
f 4689//50 4692//50 4696//50
f 4689//50 4696//50 4693//50
f 4693//7 4697//7 4698//7
f 4693//7 4698//7 4694//7
f 4696//33 4695//33 4699//33
f 4696//33 4699//33 4700//33
f 4694//83 4698//85 4699//86
f 4694//83 4699//86 4695//84
f 4693//50 4696//50 4700//50
f 4693//50 4700//50 4697//50
f 4697//7 4701//7 4702//7
f 4697//7 4702//7 4698//7
f 4700//33 4699//33 4703//33
f 4700//33 4703//33 4704//33
f 4698//85 4702//87 4703//88
f 4698//85 4703//88 4699//86
f 4697//50 4700//50 4704//50
f 4697//50 4704//50 4701//50
f 4701//7 4705//7 4706//7
f 4701//7 4706//7 4702//7
f 4704//33 4703//33 4707//33
f 4704//33 4707//33 4708//33
f 4702//87 4706//89 4707//90
f 4702//87 4707//90 4703//88
f 4701//50 4704//50 4708//50
f 4701//50 4708//50 4705//50
f 4705//7 4709//7 4710//7
f 4705//7 4710//7 4706//7
f 4708//33 4707//33 4711//33
f 4708//33 4711//33 4712//33
f 4706//89 4710//91 4711//92
f 4706//89 4711//92 4707//90
f 4705//50 4708//50 4712//50
f 4705//50 4712//50 4709//50
f 4709//7 4713//7 4714//7
f 4709//7 4714//7 4710//7
f 4712//33 4711//33 4715//33
f 4712//33 4715//33 4716//33
f 4710//91 4714//93 4715//94
f 4710//91 4715//94 4711//92
f 4709//50 4712//50 4716//50
f 4709//50 4716//50 4713//50
f 4713//7 4717//7 4718//7
f 4713//7 4718//7 4714//7
f 4716//33 4715//33 4719//33
f 4716//33 4719//33 4720//33
f 4714//93 4718//95 4719//96
f 4714//93 4719//96 4715//94
f 4713//50 4716//50 4720//50
f 4713//50 4720//50 4717//50
f 4717//7 4721//7 4722//7
f 4717//7 4722//7 4718//7
f 4720//33 4719//33 4723//33
f 4720//33 4723//33 4724//33
f 4718//95 4722//97 4723//98
f 4718//95 4723//98 4719//96
f 4717//2 4720//2 4724//2
f 4717//2 4724//2 4721//2
f 4721//7 4725//7 4726//7
f 4721//7 4726//7 4722//7
f 4724//33 4723//33 4727//33
f 4724//33 4727//33 4728//33
f 4722//97 4726//99 4727//100
f 4722//97 4727//100 4723//98
f 4721//2 4724//2 4728//2
f 4721//2 4728//2 4725//2
f 4725//7 4729//7 4730//7
f 4725//7 4730//7 4726//7
f 4728//33 4727//33 4731//33
f 4728//33 4731//33 4732//33
f 4726//99 4730//101 4731//102
f 4726//99 4731//102 4727//100
f 4725//2 4728//2 4732//2
f 4725//2 4732//2 4729//2
f 4729//7 4733//7 4734//7
f 4729//7 4734//7 4730//7
f 4732//33 4731//33 4735//33
f 4732//33 4735//33 4736//33
f 4730//101 4734//103 4735//104
f 4730//101 4735//104 4731//102
f 4729//2 4732//2 4736//2
f 4729//2 4736//2 4733//2
f 4733//7 4737//7 4738//7
f 4733//7 4738//7 4734//7
f 4736//33 4735//33 4739//33
f 4736//33 4739//33 4740//33
f 4734//103 4738//105 4739//106
f 4734//103 4739//106 4735//104
f 4733//2 4736//2 4740//2
f 4733//2 4740//2 4737//2
f 4737//7 4741//7 4742//7
f 4737//7 4742//7 4738//7
f 4740//33 4739//33 4743//33
f 4740//33 4743//33 4744//33
f 4738//105 4742//107 4743//108
f 4738//105 4743//108 4739//106
f 4737//2 4740//2 4744//2
f 4737//2 4744//2 4741//2
f 4741//7 4745//7 4746//7
f 4741//7 4746//7 4742//7
f 4744//33 4743//33 4747//33
f 4744//33 4747//33 4748//33
f 4742//107 4746//109 4747//110
f 4742//107 4747//110 4743//108
f 4741//2 4744//2 4748//2
f 4741//2 4748//2 4745//2
f 4745//7 4607//7 4749//7
f 4745//7 4749//7 4746//7
f 4748//33 4747//33 4750//33
f 4748//33 4750//33 4610//33
f 4746//109 4749//111 4750//112
f 4746//109 4750//112 4747//110
f 4745//2 4748//2 4610//2
f 4745//2 4610//2 4607//2
f 4607//7 4603//7 4751//7
f 4607//7 4751//7 4749//7
f 4610//33 4750//33 4752//33
f 4610//33 4752//33 4606//33
f 4749//111 4751//113 4752//114
f 4749//111 4752//114 4750//112
f 4607//16 4610//16 4606//16
f 4607//16 4606//16 4603//16
f 4603//7 4599//7 4753//7
f 4603//7 4753//7 4751//7
f 4606//33 4752//33 4754//33
f 4606//33 4754//33 4602//33
f 4751//113 4753//115 4754//116
f 4751//113 4754//116 4752//114
f 4603//16 4606//16 4602//16
f 4603//16 4602//16 4599//16
f 4599//7 4595//7 4755//7
f 4599//7 4755//7 4753//7
f 4602//33 4754//33 4756//33
f 4602//33 4756//33 4598//33
f 4753//115 4755//117 4756//118
f 4753//115 4756//118 4754//116
f 4599//16 4602//16 4598//16
f 4599//16 4598//16 4595//16
f 4595//7 4591//7 4757//7
f 4595//7 4757//7 4755//7
f 4598//33 4756//33 4758//33
f 4598//33 4758//33 4594//33
f 4755//117 4757//119 4758//120
f 4755//117 4758//120 4756//118
f 4595//16 4598//16 4594//16
f 4595//16 4594//16 4591//16
f 4591//7 4587//7 4759//7
f 4591//7 4759//7 4757//7
f 4594//33 4758//33 4760//33
f 4594//33 4760//33 4590//33
f 4757//119 4759//121 4760//122
f 4757//119 4760//122 4758//120
f 4591//16 4594//16 4590//16
f 4591//16 4590//16 4587//16
f 4587//7 4583//7 4761//7
f 4587//7 4761//7 4759//7
f 4590//33 4760//33 4762//33
f 4590//33 4762//33 4586//33
f 4759//121 4761//123 4762//124
f 4759//121 4762//124 4760//122
f 4587//16 4590//16 4586//16
f 4587//16 4586//16 4583//16
f 4583//7 4579//7 4763//7
f 4583//7 4763//7 4761//7
f 4586//33 4762//33 4764//33
f 4586//33 4764//33 4582//33
f 4761//123 4763//125 4764//126
f 4761//123 4764//126 4762//124
f 4583//16 4586//16 4582//16
f 4583//16 4582//16 4579//16
f 4579//7 4575//7 4765//7
f 4579//7 4765//7 4763//7
f 4582//33 4764//33 4766//33
f 4582//33 4766//33 4578//33
f 4763//125 4765//127 4766//128
f 4763//125 4766//128 4764//126
f 4579//16 4582//16 4578//16
f 4579//16 4578//16 4575//16
f 4575//7 4767//7 4768//7
f 4575//7 4768//7 4765//7
f 4578//33 4766//33 4769//33
f 4578//33 4769//33 4770//33
f 4765//127 4768//129 4769//130
f 4765//127 4769//130 4766//128
f 4575//1 4578//1 4770//1
f 4575//1 4770//1 4767//1
f 4767//7 4771//7 4772//7
f 4767//7 4772//7 4768//7
f 4770//33 4769//33 4773//33
f 4770//33 4773//33 4774//33
f 4768//129 4772//131 4773//132
f 4768//129 4773//132 4769//130
f 4767//1 4770//1 4774//1
f 4767//1 4774//1 4771//1
f 4771//7 4775//7 4776//7
f 4771//7 4776//7 4772//7
f 4774//33 4773//33 4777//33
f 4774//33 4777//33 4778//33
f 4772//131 4776//133 4777//134
f 4772//131 4777//134 4773//132
f 4771//1 4774//1 4778//1
f 4771//1 4778//1 4775//1
f 4775//7 4669//7 4672//7
f 4775//7 4672//7 4776//7
f 4778//33 4777//33 4674//33
f 4778//33 4674//33 4673//33
f 4776//133 4672//71 4674//74
f 4776//133 4674//74 4777//134
f 4775//1 4778//1 4673//1
f 4775//1 4673//1 4669//1
f 4779//7 4780//7 4781//7
f 4779//7 4781//7 4782//7
f 4783//33 4784//33 4785//33
f 4783//33 4785//33 4786//33
f 4782//71 4781//72 4785//73
f 4782//71 4785//73 4784//74
f 4779//1 4783//1 4786//1
f 4779//1 4786//1 4780//1
f 4780//7 4787//7 4788//7
f 4780//7 4788//7 4781//7
f 4786//33 4785//33 4789//33
f 4786//33 4789//33 4790//33
f 4781//72 4788//75 4789//76
f 4781//72 4789//76 4785//73
f 4780//1 4786//1 4790//1
f 4780//1 4790//1 4787//1
f 4787//7 4791//7 4792//7
f 4787//7 4792//7 4788//7
f 4790//33 4789//33 4793//33
f 4790//33 4793//33 4794//33
f 4788//75 4792//77 4793//78
f 4788//75 4793//78 4789//76
f 4787//1 4790//1 4794//1
f 4787//1 4794//1 4791//1
f 4791//7 4795//7 4796//7
f 4791//7 4796//7 4792//7
f 4794//33 4793//33 4797//33
f 4794//33 4797//33 4798//33
f 4792//77 4796//79 4797//80
f 4792//77 4797//80 4793//78
f 4791//1 4794//1 4798//1
f 4791//1 4798//1 4795//1
f 4795//7 4799//7 4800//7
f 4795//7 4800//7 4796//7
f 4798//33 4797//33 4801//33
f 4798//33 4801//33 4802//33
f 4796//79 4800//81 4801//82
f 4796//79 4801//82 4797//80
f 4795//50 4798//50 4802//50
f 4795//50 4802//50 4799//50
f 4799//7 4803//7 4804//7
f 4799//7 4804//7 4800//7
f 4802//33 4801//33 4805//33
f 4802//33 4805//33 4806//33
f 4800//81 4804//83 4805//84
f 4800//81 4805//84 4801//82
f 4799//50 4802//50 4806//50
f 4799//50 4806//50 4803//50
f 4803//7 4807//7 4808//7
f 4803//7 4808//7 4804//7
f 4806//33 4805//33 4809//33
f 4806//33 4809//33 4810//33
f 4804//83 4808//85 4809//86
f 4804//83 4809//86 4805//84
f 4803//50 4806//50 4810//50
f 4803//50 4810//50 4807//50
f 4807//7 4811//7 4812//7
f 4807//7 4812//7 4808//7
f 4810//33 4809//33 4813//33
f 4810//33 4813//33 4814//33
f 4808//85 4812//87 4813//88
f 4808//85 4813//88 4809//86
f 4807//50 4810//50 4814//50
f 4807//50 4814//50 4811//50
f 4811//7 4815//7 4816//7
f 4811//7 4816//7 4812//7
f 4814//33 4813//33 4817//33
f 4814//33 4817//33 4818//33
f 4812//87 4816//89 4817//90
f 4812//87 4817//90 4813//88
f 4811//50 4814//50 4818//50
f 4811//50 4818//50 4815//50
f 4815//7 4819//7 4820//7
f 4815//7 4820//7 4816//7
f 4818//33 4817//33 4821//33
f 4818//33 4821//33 4822//33
f 4816//89 4820//91 4821//92
f 4816//89 4821//92 4817//90
f 4815//50 4818//50 4822//50
f 4815//50 4822//50 4819//50
f 4819//7 4823//7 4824//7
f 4819//7 4824//7 4820//7
f 4822//33 4821//33 4825//33
f 4822//33 4825//33 4826//33
f 4820//91 4824//93 4825//94
f 4820//91 4825//94 4821//92
f 4819//50 4822//50 4826//50
f 4819//50 4826//50 4823//50
f 4823//7 4827//7 4828//7
f 4823//7 4828//7 4824//7
f 4826//33 4825//33 4829//33
f 4826//33 4829//33 4830//33
f 4824//93 4828//95 4829//96
f 4824//93 4829//96 4825//94
f 4823//50 4826//50 4830//50
f 4823//50 4830//50 4827//50
f 4827//7 4831//7 4832//7
f 4827//7 4832//7 4828//7
f 4830//33 4829//33 4833//33
f 4830//33 4833//33 4834//33
f 4828//95 4832//97 4833//98
f 4828//95 4833//98 4829//96
f 4827//2 4830//2 4834//2
f 4827//2 4834//2 4831//2
f 4831//7 4835//7 4836//7
f 4831//7 4836//7 4832//7
f 4834//33 4833//33 4837//33
f 4834//33 4837//33 4838//33
f 4832//97 4836//99 4837//100
f 4832//97 4837//100 4833//98
f 4831//2 4834//2 4838//2
f 4831//2 4838//2 4835//2
f 4835//7 4839//7 4840//7
f 4835//7 4840//7 4836//7
f 4838//33 4837//33 4841//33
f 4838//33 4841//33 4842//33
f 4836//99 4840//101 4841//102
f 4836//99 4841//102 4837//100
f 4835//2 4838//2 4842//2
f 4835//2 4842//2 4839//2
f 4839//7 4843//7 4844//7
f 4839//7 4844//7 4840//7
f 4842//33 4841//33 4845//33
f 4842//33 4845//33 4846//33
f 4840//101 4844//103 4845//104
f 4840//101 4845//104 4841//102
f 4839//2 4842//2 4846//2
f 4839//2 4846//2 4843//2
f 4843//7 4847//7 4848//7
f 4843//7 4848//7 4844//7
f 4846//33 4845//33 4849//33
f 4846//33 4849//33 4850//33
f 4844//103 4848//105 4849//106
f 4844//103 4849//106 4845//104
f 4843//2 4846//2 4850//2
f 4843//2 4850//2 4847//2
f 4847//7 4851//7 4852//7
f 4847//7 4852//7 4848//7
f 4850//33 4849//33 4853//33
f 4850//33 4853//33 4854//33
f 4848//105 4852//107 4853//108
f 4848//105 4853//108 4849//106
f 4847//2 4850//2 4854//2
f 4847//2 4854//2 4851//2
f 4851//7 4855//7 4856//7
f 4851//7 4856//7 4852//7
f 4854//33 4853//33 4857//33
f 4854//33 4857//33 4858//33
f 4852//107 4856//109 4857//110
f 4852//107 4857//110 4853//108
f 4851//2 4854//2 4858//2
f 4851//2 4858//2 4855//2
f 4855//7 4717//7 4859//7
f 4855//7 4859//7 4856//7
f 4858//33 4857//33 4860//33
f 4858//33 4860//33 4720//33
f 4856//109 4859//111 4860//112
f 4856//109 4860//112 4857//110
f 4855//2 4858//2 4720//2
f 4855//2 4720//2 4717//2
f 4717//7 4713//7 4861//7
f 4717//7 4861//7 4859//7
f 4720//33 4860//33 4862//33
f 4720//33 4862//33 4716//33
f 4859//111 4861//113 4862//114
f 4859//111 4862//114 4860//112
f 4717//16 4720//16 4716//16
f 4717//16 4716//16 4713//16
f 4713//7 4709//7 4863//7
f 4713//7 4863//7 4861//7
f 4716//33 4862//33 4864//33
f 4716//33 4864//33 4712//33
f 4861//113 4863//115 4864//116
f 4861//113 4864//116 4862//114
f 4713//16 4716//16 4712//16
f 4713//16 4712//16 4709//16
f 4709//7 4705//7 4865//7
f 4709//7 4865//7 4863//7
f 4712//33 4864//33 4866//33
f 4712//33 4866//33 4708//33
f 4863//115 4865//117 4866//118
f 4863//115 4866//118 4864//116
f 4709//16 4712//16 4708//16
f 4709//16 4708//16 4705//16
f 4705//7 4701//7 4867//7
f 4705//7 4867//7 4865//7
f 4708//33 4866//33 4868//33
f 4708//33 4868//33 4704//33
f 4865//117 4867//119 4868//120
f 4865//117 4868//120 4866//118
f 4705//16 4708//16 4704//16
f 4705//16 4704//16 4701//16
f 4701//7 4697//7 4869//7
f 4701//7 4869//7 4867//7
f 4704//33 4868//33 4870//33
f 4704//33 4870//33 4700//33
f 4867//119 4869//121 4870//122
f 4867//119 4870//122 4868//120
f 4701//16 4704//16 4700//16
f 4701//16 4700//16 4697//16
f 4697//7 4693//7 4871//7
f 4697//7 4871//7 4869//7
f 4700//33 4870//33 4872//33
f 4700//33 4872//33 4696//33
f 4869//121 4871//123 4872//124
f 4869//121 4872//124 4870//122
f 4697//16 4700//16 4696//16
f 4697//16 4696//16 4693//16
f 4693//7 4689//7 4873//7
f 4693//7 4873//7 4871//7
f 4696//33 4872//33 4874//33
f 4696//33 4874//33 4692//33
f 4871//123 4873//125 4874//126
f 4871//123 4874//126 4872//124
f 4693//16 4696//16 4692//16
f 4693//16 4692//16 4689//16
f 4689//7 4685//7 4875//7
f 4689//7 4875//7 4873//7
f 4692//33 4874//33 4876//33
f 4692//33 4876//33 4688//33
f 4873//125 4875//127 4876//128
f 4873//125 4876//128 4874//126
f 4689//16 4692//16 4688//16
f 4689//16 4688//16 4685//16
f 4685//7 4877//7 4878//7
f 4685//7 4878//7 4875//7
f 4688//33 4876//33 4879//33
f 4688//33 4879//33 4880//33
f 4875//127 4878//129 4879//130
f 4875//127 4879//130 4876//128
f 4685//1 4688//1 4880//1
f 4685//1 4880//1 4877//1
f 4877//7 4881//7 4882//7
f 4877//7 4882//7 4878//7
f 4880//33 4879//33 4883//33
f 4880//33 4883//33 4884//33
f 4878//129 4882//131 4883//132
f 4878//129 4883//132 4879//130
f 4877//1 4880//1 4884//1
f 4877//1 4884//1 4881//1
f 4881//7 4885//7 4886//7
f 4881//7 4886//7 4882//7
f 4884//33 4883//33 4887//33
f 4884//33 4887//33 4888//33
f 4882//131 4886//133 4887//134
f 4882//131 4887//134 4883//132
f 4881//1 4884//1 4888//1
f 4881//1 4888//1 4885//1
f 4885//7 4779//7 4782//7
f 4885//7 4782//7 4886//7
f 4888//33 4887//33 4784//33
f 4888//33 4784//33 4783//33
f 4886//133 4782//71 4784//74
f 4886//133 4784//74 4887//134
f 4885//1 4888//1 4783//1
f 4885//1 4783//1 4779//1
f 4889//7 4890//7 4891//7
f 4889//7 4891//7 4892//7
f 4893//33 4894//33 4895//33
f 4893//33 4895//33 4896//33
f 4892//71 4891//72 4895//73
f 4892//71 4895//73 4894//74
f 4889//1 4893//1 4896//1
f 4889//1 4896//1 4890//1
f 4890//7 4897//7 4898//7
f 4890//7 4898//7 4891//7
f 4896//33 4895//33 4899//33
f 4896//33 4899//33 4900//33
f 4891//72 4898//75 4899//76
f 4891//72 4899//76 4895//73
f 4890//1 4896//1 4900//1
f 4890//1 4900//1 4897//1
f 4897//7 4901//7 4902//7
f 4897//7 4902//7 4898//7
f 4900//33 4899//33 4903//33
f 4900//33 4903//33 4904//33
f 4898//75 4902//77 4903//78
f 4898//75 4903//78 4899//76
f 4897//1 4900//1 4904//1
f 4897//1 4904//1 4901//1
f 4901//7 4905//7 4906//7
f 4901//7 4906//7 4902//7
f 4904//33 4903//33 4907//33
f 4904//33 4907//33 4908//33
f 4902//77 4906//79 4907//80
f 4902//77 4907//80 4903//78
f 4901//1 4904//1 4908//1
f 4901//1 4908//1 4905//1
f 4905//7 4909//7 4910//7
f 4905//7 4910//7 4906//7
f 4908//33 4907//33 4911//33
f 4908//33 4911//33 4912//33
f 4906//79 4910//81 4911//82
f 4906//79 4911//82 4907//80
f 4905//50 4908//50 4912//50
f 4905//50 4912//50 4909//50
f 4909//7 4913//7 4914//7
f 4909//7 4914//7 4910//7
f 4912//33 4911//33 4915//33
f 4912//33 4915//33 4916//33
f 4910//81 4914//83 4915//84
f 4910//81 4915//84 4911//82
f 4909//50 4912//50 4916//50
f 4909//50 4916//50 4913//50
f 4913//7 4917//7 4918//7
f 4913//7 4918//7 4914//7
f 4916//33 4915//33 4919//33
f 4916//33 4919//33 4920//33
f 4914//83 4918//85 4919//86
f 4914//83 4919//86 4915//84
f 4913//50 4916//50 4920//50
f 4913//50 4920//50 4917//50
f 4917//7 4921//7 4922//7
f 4917//7 4922//7 4918//7
f 4920//33 4919//33 4923//33
f 4920//33 4923//33 4924//33
f 4918//85 4922//87 4923//88
f 4918//85 4923//88 4919//86
f 4917//50 4920//50 4924//50
f 4917//50 4924//50 4921//50
f 4921//7 4925//7 4926//7
f 4921//7 4926//7 4922//7
f 4924//33 4923//33 4927//33
f 4924//33 4927//33 4928//33
f 4922//87 4926//89 4927//90
f 4922//87 4927//90 4923//88
f 4921//50 4924//50 4928//50
f 4921//50 4928//50 4925//50
f 4925//7 4929//7 4930//7
f 4925//7 4930//7 4926//7
f 4928//33 4927//33 4931//33
f 4928//33 4931//33 4932//33
f 4926//89 4930//91 4931//92
f 4926//89 4931//92 4927//90
f 4925//50 4928//50 4932//50
f 4925//50 4932//50 4929//50
f 4929//7 4933//7 4934//7
f 4929//7 4934//7 4930//7
f 4932//33 4931//33 4935//33
f 4932//33 4935//33 4936//33
f 4930//91 4934//93 4935//94
f 4930//91 4935//94 4931//92
f 4929//50 4932//50 4936//50
f 4929//50 4936//50 4933//50
f 4933//7 4937//7 4938//7
f 4933//7 4938//7 4934//7
f 4936//33 4935//33 4939//33
f 4936//33 4939//33 4940//33
f 4934//93 4938//95 4939//96
f 4934//93 4939//96 4935//94
f 4933//50 4936//50 4940//50
f 4933//50 4940//50 4937//50
f 4937//7 4941//7 4942//7
f 4937//7 4942//7 4938//7
f 4940//33 4939//33 4943//33
f 4940//33 4943//33 4944//33
f 4938//95 4942//97 4943//98
f 4938//95 4943//98 4939//96
f 4937//2 4940//2 4944//2
f 4937//2 4944//2 4941//2
f 4941//7 4945//7 4946//7
f 4941//7 4946//7 4942//7
f 4944//33 4943//33 4947//33
f 4944//33 4947//33 4948//33
f 4942//97 4946//99 4947//100
f 4942//97 4947//100 4943//98
f 4941//2 4944//2 4948//2
f 4941//2 4948//2 4945//2
f 4945//7 4949//7 4950//7
f 4945//7 4950//7 4946//7
f 4948//33 4947//33 4951//33
f 4948//33 4951//33 4952//33
f 4946//99 4950//101 4951//102
f 4946//99 4951//102 4947//100
f 4945//2 4948//2 4952//2
f 4945//2 4952//2 4949//2
f 4949//7 4953//7 4954//7
f 4949//7 4954//7 4950//7
f 4952//33 4951//33 4955//33
f 4952//33 4955//33 4956//33
f 4950//101 4954//103 4955//104
f 4950//101 4955//104 4951//102
f 4949//2 4952//2 4956//2
f 4949//2 4956//2 4953//2
f 4953//7 4957//7 4958//7
f 4953//7 4958//7 4954//7
f 4956//33 4955//33 4959//33
f 4956//33 4959//33 4960//33
f 4954//103 4958//105 4959//106
f 4954//103 4959//106 4955//104
f 4953//2 4956//2 4960//2
f 4953//2 4960//2 4957//2
f 4957//7 4961//7 4962//7
f 4957//7 4962//7 4958//7
f 4960//33 4959//33 4963//33
f 4960//33 4963//33 4964//33
f 4958//105 4962//107 4963//108
f 4958//105 4963//108 4959//106
f 4957//2 4960//2 4964//2
f 4957//2 4964//2 4961//2
f 4961//7 4965//7 4966//7
f 4961//7 4966//7 4962//7
f 4964//33 4963//33 4967//33
f 4964//33 4967//33 4968//33
f 4962//107 4966//109 4967//110
f 4962//107 4967//110 4963//108
f 4961//2 4964//2 4968//2
f 4961//2 4968//2 4965//2
f 4965//7 4827//7 4969//7
f 4965//7 4969//7 4966//7
f 4968//33 4967//33 4970//33
f 4968//33 4970//33 4830//33
f 4966//109 4969//111 4970//112
f 4966//109 4970//112 4967//110
f 4965//2 4968//2 4830//2
f 4965//2 4830//2 4827//2
f 4827//7 4823//7 4971//7
f 4827//7 4971//7 4969//7
f 4830//33 4970//33 4972//33
f 4830//33 4972//33 4826//33
f 4969//111 4971//113 4972//114
f 4969//111 4972//114 4970//112
f 4827//16 4830//16 4826//16
f 4827//16 4826//16 4823//16
f 4823//7 4819//7 4973//7
f 4823//7 4973//7 4971//7
f 4826//33 4972//33 4974//33
f 4826//33 4974//33 4822//33
f 4971//113 4973//115 4974//116
f 4971//113 4974//116 4972//114
f 4823//16 4826//16 4822//16
f 4823//16 4822//16 4819//16
f 4819//7 4815//7 4975//7
f 4819//7 4975//7 4973//7
f 4822//33 4974//33 4976//33
f 4822//33 4976//33 4818//33
f 4973//115 4975//117 4976//118
f 4973//115 4976//118 4974//116
f 4819//16 4822//16 4818//16
f 4819//16 4818//16 4815//16
f 4815//7 4811//7 4977//7
f 4815//7 4977//7 4975//7
f 4818//33 4976//33 4978//33
f 4818//33 4978//33 4814//33
f 4975//117 4977//119 4978//120
f 4975//117 4978//120 4976//118
f 4815//16 4818//16 4814//16
f 4815//16 4814//16 4811//16
f 4811//7 4807//7 4979//7
f 4811//7 4979//7 4977//7
f 4814//33 4978//33 4980//33
f 4814//33 4980//33 4810//33
f 4977//119 4979//121 4980//122
f 4977//119 4980//122 4978//120
f 4811//16 4814//16 4810//16
f 4811//16 4810//16 4807//16
f 4807//7 4803//7 4981//7
f 4807//7 4981//7 4979//7
f 4810//33 4980//33 4982//33
f 4810//33 4982//33 4806//33
f 4979//121 4981//123 4982//124
f 4979//121 4982//124 4980//122
f 4807//16 4810//16 4806//16
f 4807//16 4806//16 4803//16
f 4803//7 4799//7 4983//7
f 4803//7 4983//7 4981//7
f 4806//33 4982//33 4984//33
f 4806//33 4984//33 4802//33
f 4981//123 4983//125 4984//126
f 4981//123 4984//126 4982//124
f 4803//16 4806//16 4802//16
f 4803//16 4802//16 4799//16
f 4799//7 4795//7 4985//7
f 4799//7 4985//7 4983//7
f 4802//33 4984//33 4986//33
f 4802//33 4986//33 4798//33
f 4983//125 4985//127 4986//128
f 4983//125 4986//128 4984//126
f 4799//16 4802//16 4798//16
f 4799//16 4798//16 4795//16
f 4795//7 4987//7 4988//7
f 4795//7 4988//7 4985//7
f 4798//33 4986//33 4989//33
f 4798//33 4989//33 4990//33
f 4985//127 4988//129 4989//130
f 4985//127 4989//130 4986//128
f 4795//1 4798//1 4990//1
f 4795//1 4990//1 4987//1
f 4987//7 4991//7 4992//7
f 4987//7 4992//7 4988//7
f 4990//33 4989//33 4993//33
f 4990//33 4993//33 4994//33
f 4988//129 4992//131 4993//132
f 4988//129 4993//132 4989//130
f 4987//1 4990//1 4994//1
f 4987//1 4994//1 4991//1
f 4991//7 4995//7 4996//7
f 4991//7 4996//7 4992//7
f 4994//33 4993//33 4997//33
f 4994//33 4997//33 4998//33
f 4992//131 4996//133 4997//134
f 4992//131 4997//134 4993//132
f 4991//1 4994//1 4998//1
f 4991//1 4998//1 4995//1
f 4995//7 4889//7 4892//7
f 4995//7 4892//7 4996//7
f 4998//33 4997//33 4894//33
f 4998//33 4894//33 4893//33
f 4996//133 4892//71 4894//74
f 4996//133 4894//74 4997//134
f 4995//1 4998//1 4893//1
f 4995//1 4893//1 4889//1
f 4999//7 5000//7 5001//7
f 4999//7 5001//7 5002//7
f 5003//33 5004//33 5005//33
f 5003//33 5005//33 5006//33
f 5002//71 5001//72 5005//73
f 5002//71 5005//73 5004//74
f 4999//1 5003//1 5006//1
f 4999//1 5006//1 5000//1
f 5000//7 5007//7 5008//7
f 5000//7 5008//7 5001//7
f 5006//33 5005//33 5009//33
f 5006//33 5009//33 5010//33
f 5001//72 5008//75 5009//76
f 5001//72 5009//76 5005//73
f 5000//1 5006//1 5010//1
f 5000//1 5010//1 5007//1
f 5007//7 5011//7 5012//7
f 5007//7 5012//7 5008//7
f 5010//33 5009//33 5013//33
f 5010//33 5013//33 5014//33
f 5008//75 5012//77 5013//78
f 5008//75 5013//78 5009//76
f 5007//1 5010//1 5014//1
f 5007//1 5014//1 5011//1
f 5011//7 5015//7 5016//7
f 5011//7 5016//7 5012//7
f 5014//33 5013//33 5017//33
f 5014//33 5017//33 5018//33
f 5012//77 5016//79 5017//80
f 5012//77 5017//80 5013//78
f 5011//1 5014//1 5018//1
f 5011//1 5018//1 5015//1
f 5015//7 5019//7 5020//7
f 5015//7 5020//7 5016//7
f 5018//33 5017//33 5021//33
f 5018//33 5021//33 5022//33
f 5016//79 5020//81 5021//82
f 5016//79 5021//82 5017//80
f 5015//50 5018//50 5022//50
f 5015//50 5022//50 5019//50
f 5019//7 5023//7 5024//7
f 5019//7 5024//7 5020//7
f 5022//33 5021//33 5025//33
f 5022//33 5025//33 5026//33
f 5020//81 5024//83 5025//84
f 5020//81 5025//84 5021//82
f 5019//50 5022//50 5026//50
f 5019//50 5026//50 5023//50
f 5023//7 5027//7 5028//7
f 5023//7 5028//7 5024//7
f 5026//33 5025//33 5029//33
f 5026//33 5029//33 5030//33
f 5024//83 5028//85 5029//86
f 5024//83 5029//86 5025//84
f 5023//50 5026//50 5030//50
f 5023//50 5030//50 5027//50
f 5027//7 5031//7 5032//7
f 5027//7 5032//7 5028//7
f 5030//33 5029//33 5033//33
f 5030//33 5033//33 5034//33
f 5028//85 5032//87 5033//88
f 5028//85 5033//88 5029//86
f 5027//50 5030//50 5034//50
f 5027//50 5034//50 5031//50
f 5031//7 5035//7 5036//7
f 5031//7 5036//7 5032//7
f 5034//33 5033//33 5037//33
f 5034//33 5037//33 5038//33
f 5032//87 5036//89 5037//90
f 5032//87 5037//90 5033//88
f 5031//50 5034//50 5038//50
f 5031//50 5038//50 5035//50
f 5035//7 5039//7 5040//7
f 5035//7 5040//7 5036//7
f 5038//33 5037//33 5041//33
f 5038//33 5041//33 5042//33
f 5036//89 5040//91 5041//92
f 5036//89 5041//92 5037//90
f 5035//50 5038//50 5042//50
f 5035//50 5042//50 5039//50
f 5039//7 5043//7 5044//7
f 5039//7 5044//7 5040//7
f 5042//33 5041//33 5045//33
f 5042//33 5045//33 5046//33
f 5040//91 5044//93 5045//94
f 5040//91 5045//94 5041//92
f 5039//50 5042//50 5046//50
f 5039//50 5046//50 5043//50
f 5043//7 4117//7 5047//7
f 5043//7 5047//7 5044//7
f 5046//33 5045//33 5048//33
f 5046//33 5048//33 4120//33
f 5044//93 5047//95 5048//96
f 5044//93 5048//96 5045//94
f 5043//50 5046//50 4120//50
f 5043//50 4120//50 4117//50
f 4117//7 4113//7 5049//7
f 4117//7 5049//7 5047//7
f 4120//33 5048//33 5050//33
f 4120//33 5050//33 4116//33
f 5047//95 5049//97 5050//98
f 5047//95 5050//98 5048//96
f 4117//2 4120//2 4116//2
f 4117//2 4116//2 4113//2
f 4113//7 4109//7 5051//7
f 4113//7 5051//7 5049//7
f 4116//33 5050//33 5052//33
f 4116//33 5052//33 4112//33
f 5049//97 5051//99 5052//100
f 5049//97 5052//100 5050//98
f 4113//2 4116//2 4112//2
f 4113//2 4112//2 4109//2
f 4109//7 4102//7 5053//7
f 4109//7 5053//7 5051//7
f 4112//33 5052//33 5054//33
f 4112//33 5054//33 4108//33
f 5051//99 5053//101 5054//102
f 5051//99 5054//102 5052//100
f 4109//2 4112//2 4108//2
f 4109//2 4108//2 4102//2
f 4102//7 4101//7 5055//7
f 4102//7 5055//7 5053//7
f 4108//33 5054//33 5056//33
f 4108//33 5056//33 4105//33
f 5053//101 5055//103 5056//104
f 5053//101 5056//104 5054//102
f 4102//2 4108//2 4105//2
f 4102//2 4105//2 4101//2
f 4101//7 4225//7 5057//7
f 4101//7 5057//7 5055//7
f 4105//33 5056//33 5058//33
f 4105//33 5058//33 4228//33
f 5055//103 5057//105 5058//106
f 5055//103 5058//106 5056//104
f 4101//2 4105//2 4228//2
f 4101//2 4228//2 4225//2
f 4225//7 4221//7 5059//7
f 4225//7 5059//7 5057//7
f 4228//33 5058//33 5060//33
f 4228//33 5060//33 4224//33
f 5057//105 5059//107 5060//108
f 5057//105 5060//108 5058//106
f 4225//2 4228//2 4224//2
f 4225//2 4224//2 4221//2
f 4221//7 4217//7 5061//7
f 4221//7 5061//7 5059//7
f 4224//33 5060//33 5062//33
f 4224//33 5062//33 4220//33
f 5059//107 5061//109 5062//110
f 5059//107 5062//110 5060//108
f 4221//2 4224//2 4220//2
f 4221//2 4220//2 4217//2
f 4217//7 4213//7 5063//7
f 4217//7 5063//7 5061//7
f 4220//33 5062//33 5064//33
f 4220//33 5064//33 4216//33
f 5061//109 5063//111 5064//112
f 5061//109 5064//112 5062//110
f 4217//2 4220//2 4216//2
f 4217//2 4216//2 4213//2
f 4213//7 5065//7 5066//7
f 4213//7 5066//7 5063//7
f 4216//33 5064//33 5067//33
f 4216//33 5067//33 5068//33
f 5063//111 5066//113 5067//114
f 5063//111 5067//114 5064//112
f 4213//16 4216//16 5068//16
f 4213//16 5068//16 5065//16
f 5065//7 5069//7 5070//7
f 5065//7 5070//7 5066//7
f 5068//33 5067//33 5071//33
f 5068//33 5071//33 5072//33
f 5066//113 5070//115 5071//116
f 5066//113 5071//116 5067//114
f 5065//16 5068//16 5072//16
f 5065//16 5072//16 5069//16
f 5069//7 5073//7 5074//7
f 5069//7 5074//7 5070//7
f 5072//33 5071//33 5075//33
f 5072//33 5075//33 5076//33
f 5070//115 5074//117 5075//118
f 5070//115 5075//118 5071//116
f 5069//16 5072//16 5076//16
f 5069//16 5076//16 5073//16
f 5073//7 5077//7 5078//7
f 5073//7 5078//7 5074//7
f 5076//33 5075//33 5079//33
f 5076//33 5079//33 5080//33
f 5074//117 5078//119 5079//120
f 5074//117 5079//120 5075//118
f 5073//16 5076//16 5080//16
f 5073//16 5080//16 5077//16
f 5077//7 5081//7 5082//7
f 5077//7 5082//7 5078//7
f 5080//33 5079//33 5083//33
f 5080//33 5083//33 5084//33
f 5078//119 5082//121 5083//122
f 5078//119 5083//122 5079//120
f 5077//16 5080//16 5084//16
f 5077//16 5084//16 5081//16
f 5081//7 5085//7 5086//7
f 5081//7 5086//7 5082//7
f 5084//33 5083//33 5087//33
f 5084//33 5087//33 5088//33
f 5082//121 5086//123 5087//124
f 5082//121 5087//124 5083//122
f 5081//16 5084//16 5088//16
f 5081//16 5088//16 5085//16
f 5085//7 5089//7 5090//7
f 5085//7 5090//7 5086//7
f 5088//33 5087//33 5091//33
f 5088//33 5091//33 5092//33
f 5086//123 5090//125 5091//126
f 5086//123 5091//126 5087//124
f 5085//16 5088//16 5092//16
f 5085//16 5092//16 5089//16
f 5089//7 5093//7 5094//7
f 5089//7 5094//7 5090//7
f 5092//33 5091//33 5095//33
f 5092//33 5095//33 5096//33
f 5090//125 5094//127 5095//128
f 5090//125 5095//128 5091//126
f 5089//16 5092//16 5096//16
f 5089//16 5096//16 5093//16
f 5093//7 5097//7 5098//7
f 5093//7 5098//7 5094//7
f 5096//33 5095//33 5099//33
f 5096//33 5099//33 5100//33
f 5094//127 5098//129 5099//130
f 5094//127 5099//130 5095//128
f 5093//1 5096//1 5100//1
f 5093//1 5100//1 5097//1
f 5097//7 5101//7 5102//7
f 5097//7 5102//7 5098//7
f 5100//33 5099//33 5103//33
f 5100//33 5103//33 5104//33
f 5098//129 5102//131 5103//132
f 5098//129 5103//132 5099//130
f 5097//1 5100//1 5104//1
f 5097//1 5104//1 5101//1
f 5101//7 5105//7 5106//7
f 5101//7 5106//7 5102//7
f 5104//33 5103//33 5107//33
f 5104//33 5107//33 5108//33
f 5102//131 5106//133 5107//134
f 5102//131 5107//134 5103//132
f 5101//1 5104//1 5108//1
f 5101//1 5108//1 5105//1
f 5105//7 4999//7 5002//7
f 5105//7 5002//7 5106//7
f 5108//33 5107//33 5004//33
f 5108//33 5004//33 5003//33
f 5106//133 5002//71 5004//74
f 5106//133 5004//74 5107//134
f 5105//1 5108//1 5003//1
f 5105//1 5003//1 4999//1
f 5109//7 5110//7 5111//7
f 5109//7 5111//7 5112//7
f 5113//33 5114//33 5115//33
f 5113//33 5115//33 5116//33
f 5112//71 5111//72 5115//73
f 5112//71 5115//73 5114//74
f 5109//1 5113//1 5116//1
f 5109//1 5116//1 5110//1
f 5110//7 5117//7 5118//7
f 5110//7 5118//7 5111//7
f 5116//33 5115//33 5119//33
f 5116//33 5119//33 5120//33
f 5111//72 5118//75 5119//76
f 5111//72 5119//76 5115//73
f 5110//1 5116//1 5120//1
f 5110//1 5120//1 5117//1
f 5117//7 5121//7 5122//7
f 5117//7 5122//7 5118//7
f 5120//33 5119//33 5123//33
f 5120//33 5123//33 5124//33
f 5118//75 5122//77 5123//78
f 5118//75 5123//78 5119//76
f 5117//1 5120//1 5124//1
f 5117//1 5124//1 5121//1
f 5121//7 5125//7 5126//7
f 5121//7 5126//7 5122//7
f 5124//33 5123//33 5127//33
f 5124//33 5127//33 5128//33
f 5122//77 5126//79 5127//80
f 5122//77 5127//80 5123//78
f 5121//1 5124//1 5128//1
f 5121//1 5128//1 5125//1
f 5125//7 5129//7 5130//7
f 5125//7 5130//7 5126//7
f 5128//33 5127//33 5131//33
f 5128//33 5131//33 5132//33
f 5126//79 5130//81 5131//82
f 5126//79 5131//82 5127//80
f 5125//50 5128//50 5132//50
f 5125//50 5132//50 5129//50
f 5129//7 5133//7 5134//7
f 5129//7 5134//7 5130//7
f 5132//33 5131//33 5135//33
f 5132//33 5135//33 5136//33
f 5130//81 5134//83 5135//84
f 5130//81 5135//84 5131//82
f 5129//50 5132//50 5136//50
f 5129//50 5136//50 5133//50
f 5133//7 5137//7 5138//7
f 5133//7 5138//7 5134//7
f 5136//33 5135//33 5139//33
f 5136//33 5139//33 5140//33
f 5134//83 5138//85 5139//86
f 5134//83 5139//86 5135//84
f 5133//50 5136//50 5140//50
f 5133//50 5140//50 5137//50
f 5137//7 5141//7 5142//7
f 5137//7 5142//7 5138//7
f 5140//33 5139//33 5143//33
f 5140//33 5143//33 5144//33
f 5138//85 5142//87 5143//88
f 5138//85 5143//88 5139//86
f 5137//50 5140//50 5144//50
f 5137//50 5144//50 5141//50
f 5141//7 5145//7 5146//7
f 5141//7 5146//7 5142//7
f 5144//33 5143//33 5147//33
f 5144//33 5147//33 5148//33
f 5142//87 5146//89 5147//90
f 5142//87 5147//90 5143//88
f 5141//50 5144//50 5148//50
f 5141//50 5148//50 5145//50
f 5145//7 5149//7 5150//7
f 5145//7 5150//7 5146//7
f 5148//33 5147//33 5151//33
f 5148//33 5151//33 5152//33
f 5146//89 5150//91 5151//92
f 5146//89 5151//92 5147//90
f 5145//50 5148//50 5152//50
f 5145//50 5152//50 5149//50
f 5149//7 5153//7 5154//7
f 5149//7 5154//7 5150//7
f 5152//33 5151//33 5155//33
f 5152//33 5155//33 5156//33
f 5150//91 5154//93 5155//94
f 5150//91 5155//94 5151//92
f 5149//50 5152//50 5156//50
f 5149//50 5156//50 5153//50
f 5153//7 4245//7 5157//7
f 5153//7 5157//7 5154//7
f 5156//33 5155//33 5158//33
f 5156//33 5158//33 4248//33
f 5154//93 5157//95 5158//96
f 5154//93 5158//96 5155//94
f 5153//50 5156//50 4248//50
f 5153//50 4248//50 4245//50
f 4245//7 4241//7 5159//7
f 4245//7 5159//7 5157//7
f 4248//33 5158//33 5160//33
f 4248//33 5160//33 4244//33
f 5157//95 5159//97 5160//98
f 5157//95 5160//98 5158//96
f 4245//2 4248//2 4244//2
f 4245//2 4244//2 4241//2
f 4241//7 4237//7 5161//7
f 4241//7 5161//7 5159//7
f 4244//33 5160//33 5162//33
f 4244//33 5162//33 4240//33
f 5159//97 5161//99 5162//100
f 5159//97 5162//100 5160//98
f 4241//2 4244//2 4240//2
f 4241//2 4240//2 4237//2
f 4237//7 4230//7 5163//7
f 4237//7 5163//7 5161//7
f 4240//33 5162//33 5164//33
f 4240//33 5164//33 4236//33
f 5161//99 5163//101 5164//102
f 5161//99 5164//102 5162//100
f 4237//2 4240//2 4236//2
f 4237//2 4236//2 4230//2
f 4230//7 4229//7 5165//7
f 4230//7 5165//7 5163//7
f 4236//33 5164//33 5166//33
f 4236//33 5166//33 4233//33
f 5163//101 5165//103 5166//104
f 5163//101 5166//104 5164//102
f 4230//2 4236//2 4233//2
f 4230//2 4233//2 4229//2
f 4229//7 4335//7 5167//7
f 4229//7 5167//7 5165//7
f 4233//33 5166//33 5168//33
f 4233//33 5168//33 4338//33
f 5165//103 5167//105 5168//106
f 5165//103 5168//106 5166//104
f 4229//2 4233//2 4338//2
f 4229//2 4338//2 4335//2
f 4335//7 4331//7 5169//7
f 4335//7 5169//7 5167//7
f 4338//33 5168//33 5170//33
f 4338//33 5170//33 4334//33
f 5167//105 5169//107 5170//108
f 5167//105 5170//108 5168//106
f 4335//2 4338//2 4334//2
f 4335//2 4334//2 4331//2
f 4331//7 4327//7 5171//7
f 4331//7 5171//7 5169//7
f 4334//33 5170//33 5172//33
f 4334//33 5172//33 4330//33
f 5169//107 5171//109 5172//110
f 5169//107 5172//110 5170//108
f 4331//2 4334//2 4330//2
f 4331//2 4330//2 4327//2
f 4327//7 4117//7 5173//7
f 4327//7 5173//7 5171//7
f 4330//33 5172//33 5174//33
f 4330//33 5174//33 4120//33
f 5171//109 5173//111 5174//112
f 5171//109 5174//112 5172//110
f 4327//2 4330//2 4120//2
f 4327//2 4120//2 4117//2
f 4117//7 5043//7 5175//7
f 4117//7 5175//7 5173//7
f 4120//33 5174//33 5176//33
f 4120//33 5176//33 5046//33
f 5173//111 5175//113 5176//114
f 5173//111 5176//114 5174//112
f 4117//16 4120//16 5046//16
f 4117//16 5046//16 5043//16
f 5043//7 5039//7 5177//7
f 5043//7 5177//7 5175//7
f 5046//33 5176//33 5178//33
f 5046//33 5178//33 5042//33
f 5175//113 5177//115 5178//116
f 5175//113 5178//116 5176//114
f 5043//16 5046//16 5042//16
f 5043//16 5042//16 5039//16
f 5039//7 5035//7 5179//7
f 5039//7 5179//7 5177//7
f 5042//33 5178//33 5180//33
f 5042//33 5180//33 5038//33
f 5177//115 5179//117 5180//118
f 5177//115 5180//118 5178//116
f 5039//16 5042//16 5038//16
f 5039//16 5038//16 5035//16
f 5035//7 5031//7 5181//7
f 5035//7 5181//7 5179//7
f 5038//33 5180//33 5182//33
f 5038//33 5182//33 5034//33
f 5179//117 5181//119 5182//120
f 5179//117 5182//120 5180//118
f 5035//16 5038//16 5034//16
f 5035//16 5034//16 5031//16
f 5031//7 5027//7 5183//7
f 5031//7 5183//7 5181//7
f 5034//33 5182//33 5184//33
f 5034//33 5184//33 5030//33
f 5181//119 5183//121 5184//122
f 5181//119 5184//122 5182//120
f 5031//16 5034//16 5030//16
f 5031//16 5030//16 5027//16
f 5027//7 5023//7 5185//7
f 5027//7 5185//7 5183//7
f 5030//33 5184//33 5186//33
f 5030//33 5186//33 5026//33
f 5183//121 5185//123 5186//124
f 5183//121 5186//124 5184//122
f 5027//16 5030//16 5026//16
f 5027//16 5026//16 5023//16
f 5023//7 5019//7 5187//7
f 5023//7 5187//7 5185//7
f 5026//33 5186//33 5188//33
f 5026//33 5188//33 5022//33
f 5185//123 5187//125 5188//126
f 5185//123 5188//126 5186//124
f 5023//16 5026//16 5022//16
f 5023//16 5022//16 5019//16
f 5019//7 5015//7 5189//7
f 5019//7 5189//7 5187//7
f 5022//33 5188//33 5190//33
f 5022//33 5190//33 5018//33
f 5187//125 5189//127 5190//128
f 5187//125 5190//128 5188//126
f 5019//16 5022//16 5018//16
f 5019//16 5018//16 5015//16
f 5015//7 5191//7 5192//7
f 5015//7 5192//7 5189//7
f 5018//33 5190//33 5193//33
f 5018//33 5193//33 5194//33
f 5189//127 5192//129 5193//130
f 5189//127 5193//130 5190//128
f 5015//1 5018//1 5194//1
f 5015//1 5194//1 5191//1
f 5191//7 5195//7 5196//7
f 5191//7 5196//7 5192//7
f 5194//33 5193//33 5197//33
f 5194//33 5197//33 5198//33
f 5192//129 5196//131 5197//132
f 5192//129 5197//132 5193//130
f 5191//1 5194//1 5198//1
f 5191//1 5198//1 5195//1
f 5195//7 5199//7 5200//7
f 5195//7 5200//7 5196//7
f 5198//33 5197//33 5201//33
f 5198//33 5201//33 5202//33
f 5196//131 5200//133 5201//134
f 5196//131 5201//134 5197//132
f 5195//1 5198//1 5202//1
f 5195//1 5202//1 5199//1
f 5199//7 5109//7 5112//7
f 5199//7 5112//7 5200//7
f 5202//33 5201//33 5114//33
f 5202//33 5114//33 5113//33
f 5200//133 5112//71 5114//74
f 5200//133 5114//74 5201//134
f 5199//1 5202//1 5113//1
f 5199//1 5113//1 5109//1
f 5203//7 5204//7 5205//7
f 5203//7 5205//7 5206//7
f 5207//33 5208//33 5209//33
f 5207//33 5209//33 5210//33
f 5206//71 5205//72 5209//73
f 5206//71 5209//73 5208//74
f 5203//1 5207//1 5210//1
f 5203//1 5210//1 5204//1
f 5204//7 5211//7 5212//7
f 5204//7 5212//7 5205//7
f 5210//33 5209//33 5213//33
f 5210//33 5213//33 5214//33
f 5205//72 5212//75 5213//76
f 5205//72 5213//76 5209//73
f 5204//1 5210//1 5214//1
f 5204//1 5214//1 5211//1
f 5211//7 5215//7 5216//7
f 5211//7 5216//7 5212//7
f 5214//33 5213//33 5217//33
f 5214//33 5217//33 5218//33
f 5212//75 5216//77 5217//78
f 5212//75 5217//78 5213//76
f 5211//1 5214//1 5218//1
f 5211//1 5218//1 5215//1
f 5215//7 5219//7 5220//7
f 5215//7 5220//7 5216//7
f 5218//33 5217//33 5221//33
f 5218//33 5221//33 5222//33
f 5216//77 5220//79 5221//80
f 5216//77 5221//80 5217//78
f 5215//1 5218//1 5222//1
f 5215//1 5222//1 5219//1
f 5219//7 5223//7 5224//7
f 5219//7 5224//7 5220//7
f 5222//33 5221//33 5225//33
f 5222//33 5225//33 5226//33
f 5220//79 5224//81 5225//82
f 5220//79 5225//82 5221//80
f 5219//50 5222//50 5226//50
f 5219//50 5226//50 5223//50
f 5223//7 5227//7 5228//7
f 5223//7 5228//7 5224//7
f 5226//33 5225//33 5229//33
f 5226//33 5229//33 5230//33
f 5224//81 5228//83 5229//84
f 5224//81 5229//84 5225//82
f 5223//50 5226//50 5230//50
f 5223//50 5230//50 5227//50
f 5227//7 5231//7 5232//7
f 5227//7 5232//7 5228//7
f 5230//33 5229//33 5233//33
f 5230//33 5233//33 5234//33
f 5228//83 5232//85 5233//86
f 5228//83 5233//86 5229//84
f 5227//50 5230//50 5234//50
f 5227//50 5234//50 5231//50
f 5231//7 5235//7 5236//7
f 5231//7 5236//7 5232//7
f 5234//33 5233//33 5237//33
f 5234//33 5237//33 5238//33
f 5232//85 5236//87 5237//88
f 5232//85 5237//88 5233//86
f 5231//50 5234//50 5238//50
f 5231//50 5238//50 5235//50
f 5235//7 5239//7 5240//7
f 5235//7 5240//7 5236//7
f 5238//33 5237//33 5241//33
f 5238//33 5241//33 5242//33
f 5236//87 5240//89 5241//90
f 5236//87 5241//90 5237//88
f 5235//50 5238//50 5242//50
f 5235//50 5242//50 5239//50
f 5239//7 5243//7 5244//7
f 5239//7 5244//7 5240//7
f 5242//33 5241//33 5245//33
f 5242//33 5245//33 5246//33
f 5240//89 5244//91 5245//92
f 5240//89 5245//92 5241//90
f 5239//50 5242//50 5246//50
f 5239//50 5246//50 5243//50
f 5243//7 5247//7 5248//7
f 5243//7 5248//7 5244//7
f 5246//33 5245//33 5249//33
f 5246//33 5249//33 5250//33
f 5244//91 5248//93 5249//94
f 5244//91 5249//94 5245//92
f 5243//50 5246//50 5250//50
f 5243//50 5250//50 5247//50
f 5247//7 4355//7 5251//7
f 5247//7 5251//7 5248//7
f 5250//33 5249//33 5252//33
f 5250//33 5252//33 4358//33
f 5248//93 5251//95 5252//96
f 5248//93 5252//96 5249//94
f 5247//50 5250//50 4358//50
f 5247//50 4358//50 4355//50
f 4355//7 4351//7 5253//7
f 4355//7 5253//7 5251//7
f 4358//33 5252//33 5254//33
f 4358//33 5254//33 4354//33
f 5251//95 5253//97 5254//98
f 5251//95 5254//98 5252//96
f 4355//2 4358//2 4354//2
f 4355//2 4354//2 4351//2
f 4351//7 4347//7 5255//7
f 4351//7 5255//7 5253//7
f 4354//33 5254//33 5256//33
f 4354//33 5256//33 4350//33
f 5253//97 5255//99 5256//100
f 5253//97 5256//100 5254//98
f 4351//2 4354//2 4350//2
f 4351//2 4350//2 4347//2
f 4347//7 4340//7 5257//7
f 4347//7 5257//7 5255//7
f 4350//33 5256//33 5258//33
f 4350//33 5258//33 4346//33
f 5255//99 5257//101 5258//102
f 5255//99 5258//102 5256//100
f 4347//2 4350//2 4346//2
f 4347//2 4346//2 4340//2
f 4340//7 4339//7 5259//7
f 4340//7 5259//7 5257//7
f 4346//33 5258//33 5260//33
f 4346//33 5260//33 4343//33
f 5257//101 5259//103 5260//104
f 5257//101 5260//104 5258//102
f 4340//2 4346//2 4343//2
f 4340//2 4343//2 4339//2
f 4339//7 4445//7 5261//7
f 4339//7 5261//7 5259//7
f 4343//33 5260//33 5262//33
f 4343//33 5262//33 4448//33
f 5259//103 5261//105 5262//106
f 5259//103 5262//106 5260//104
f 4339//2 4343//2 4448//2
f 4339//2 4448//2 4445//2
f 4445//7 4441//7 5263//7
f 4445//7 5263//7 5261//7
f 4448//33 5262//33 5264//33
f 4448//33 5264//33 4444//33
f 5261//105 5263//107 5264//108
f 5261//105 5264//108 5262//106
f 4445//2 4448//2 4444//2
f 4445//2 4444//2 4441//2
f 4441//7 4437//7 5265//7
f 4441//7 5265//7 5263//7
f 4444//33 5264//33 5266//33
f 4444//33 5266//33 4440//33
f 5263//107 5265//109 5266//110
f 5263//107 5266//110 5264//108
f 4441//2 4444//2 4440//2
f 4441//2 4440//2 4437//2
f 4437//7 4245//7 5267//7
f 4437//7 5267//7 5265//7
f 4440//33 5266//33 5268//33
f 4440//33 5268//33 4248//33
f 5265//109 5267//111 5268//112
f 5265//109 5268//112 5266//110
f 4437//2 4440//2 4248//2
f 4437//2 4248//2 4245//2
f 4245//7 5153//7 5269//7
f 4245//7 5269//7 5267//7
f 4248//33 5268//33 5270//33
f 4248//33 5270//33 5156//33
f 5267//111 5269//113 5270//114
f 5267//111 5270//114 5268//112
f 4245//16 4248//16 5156//16
f 4245//16 5156//16 5153//16
f 5153//7 5149//7 5271//7
f 5153//7 5271//7 5269//7
f 5156//33 5270//33 5272//33
f 5156//33 5272//33 5152//33
f 5269//113 5271//115 5272//116
f 5269//113 5272//116 5270//114
f 5153//16 5156//16 5152//16
f 5153//16 5152//16 5149//16
f 5149//7 5145//7 5273//7
f 5149//7 5273//7 5271//7
f 5152//33 5272//33 5274//33
f 5152//33 5274//33 5148//33
f 5271//115 5273//117 5274//118
f 5271//115 5274//118 5272//116
f 5149//16 5152//16 5148//16
f 5149//16 5148//16 5145//16
f 5145//7 5141//7 5275//7
f 5145//7 5275//7 5273//7
f 5148//33 5274//33 5276//33
f 5148//33 5276//33 5144//33
f 5273//117 5275//119 5276//120
f 5273//117 5276//120 5274//118
f 5145//16 5148//16 5144//16
f 5145//16 5144//16 5141//16
f 5141//7 5137//7 5277//7
f 5141//7 5277//7 5275//7
f 5144//33 5276//33 5278//33
f 5144//33 5278//33 5140//33
f 5275//119 5277//121 5278//122
f 5275//119 5278//122 5276//120
f 5141//16 5144//16 5140//16
f 5141//16 5140//16 5137//16
f 5137//7 5133//7 5279//7
f 5137//7 5279//7 5277//7
f 5140//33 5278//33 5280//33
f 5140//33 5280//33 5136//33
f 5277//121 5279//123 5280//124
f 5277//121 5280//124 5278//122
f 5137//16 5140//16 5136//16
f 5137//16 5136//16 5133//16
f 5133//7 5129//7 5281//7
f 5133//7 5281//7 5279//7
f 5136//33 5280//33 5282//33
f 5136//33 5282//33 5132//33
f 5279//123 5281//125 5282//126
f 5279//123 5282//126 5280//124
f 5133//16 5136//16 5132//16
f 5133//16 5132//16 5129//16
f 5129//7 5125//7 5283//7
f 5129//7 5283//7 5281//7
f 5132//33 5282//33 5284//33
f 5132//33 5284//33 5128//33
f 5281//125 5283//127 5284//128
f 5281//125 5284//128 5282//126
f 5129//16 5132//16 5128//16
f 5129//16 5128//16 5125//16
f 5125//7 5285//7 5286//7
f 5125//7 5286//7 5283//7
f 5128//33 5284//33 5287//33
f 5128//33 5287//33 5288//33
f 5283//127 5286//129 5287//130
f 5283//127 5287//130 5284//128
f 5125//1 5128//1 5288//1
f 5125//1 5288//1 5285//1
f 5285//7 5289//7 5290//7
f 5285//7 5290//7 5286//7
f 5288//33 5287//33 5291//33
f 5288//33 5291//33 5292//33
f 5286//129 5290//131 5291//132
f 5286//129 5291//132 5287//130
f 5285//1 5288//1 5292//1
f 5285//1 5292//1 5289//1
f 5289//7 5293//7 5294//7
f 5289//7 5294//7 5290//7
f 5292//33 5291//33 5295//33
f 5292//33 5295//33 5296//33
f 5290//131 5294//133 5295//134
f 5290//131 5295//134 5291//132
f 5289//1 5292//1 5296//1
f 5289//1 5296//1 5293//1
f 5293//7 5203//7 5206//7
f 5293//7 5206//7 5294//7
f 5296//33 5295//33 5208//33
f 5296//33 5208//33 5207//33
f 5294//133 5206//71 5208//74
f 5294//133 5208//74 5295//134
f 5293//1 5296//1 5207//1
f 5293//1 5207//1 5203//1
f 5297//7 5298//7 5299//7
f 5297//7 5299//7 5300//7
f 5301//33 5302//33 5303//33
f 5301//33 5303//33 5304//33
f 5300//71 5299//72 5303//73
f 5300//71 5303//73 5302//74
f 5297//1 5301//1 5304//1
f 5297//1 5304//1 5298//1
f 5298//7 5305//7 5306//7
f 5298//7 5306//7 5299//7
f 5304//33 5303//33 5307//33
f 5304//33 5307//33 5308//33
f 5299//72 5306//75 5307//76
f 5299//72 5307//76 5303//73
f 5298//1 5304//1 5308//1
f 5298//1 5308//1 5305//1
f 5305//7 5309//7 5310//7
f 5305//7 5310//7 5306//7
f 5308//33 5307//33 5311//33
f 5308//33 5311//33 5312//33
f 5306//75 5310//77 5311//78
f 5306//75 5311//78 5307//76
f 5305//1 5308//1 5312//1
f 5305//1 5312//1 5309//1
f 5309//7 5313//7 5314//7
f 5309//7 5314//7 5310//7
f 5312//33 5311//33 5315//33
f 5312//33 5315//33 5316//33
f 5310//77 5314//79 5315//80
f 5310//77 5315//80 5311//78
f 5309//1 5312//1 5316//1
f 5309//1 5316//1 5313//1
f 5313//7 5317//7 5318//7
f 5313//7 5318//7 5314//7
f 5316//33 5315//33 5319//33
f 5316//33 5319//33 5320//33
f 5314//79 5318//81 5319//82
f 5314//79 5319//82 5315//80
f 5313//50 5316//50 5320//50
f 5313//50 5320//50 5317//50
f 5317//7 5321//7 5322//7
f 5317//7 5322//7 5318//7
f 5320//33 5319//33 5323//33
f 5320//33 5323//33 5324//33
f 5318//81 5322//83 5323//84
f 5318//81 5323//84 5319//82
f 5317//50 5320//50 5324//50
f 5317//50 5324//50 5321//50
f 5321//7 5325//7 5326//7
f 5321//7 5326//7 5322//7
f 5324//33 5323//33 5327//33
f 5324//33 5327//33 5328//33
f 5322//83 5326//85 5327//86
f 5322//83 5327//86 5323//84
f 5321//50 5324//50 5328//50
f 5321//50 5328//50 5325//50
f 5325//7 5329//7 5330//7
f 5325//7 5330//7 5326//7
f 5328//33 5327//33 5331//33
f 5328//33 5331//33 5332//33
f 5326//85 5330//87 5331//88
f 5326//85 5331//88 5327//86
f 5325//50 5328//50 5332//50
f 5325//50 5332//50 5329//50
f 5329//7 5333//7 5334//7
f 5329//7 5334//7 5330//7
f 5332//33 5331//33 5335//33
f 5332//33 5335//33 5336//33
f 5330//87 5334//89 5335//90
f 5330//87 5335//90 5331//88
f 5329//50 5332//50 5336//50
f 5329//50 5336//50 5333//50
f 5333//7 5337//7 5338//7
f 5333//7 5338//7 5334//7
f 5336//33 5335//33 5339//33
f 5336//33 5339//33 5340//33
f 5334//89 5338//91 5339//92
f 5334//89 5339//92 5335//90
f 5333//50 5336//50 5340//50
f 5333//50 5340//50 5337//50
f 5337//7 5341//7 5342//7
f 5337//7 5342//7 5338//7
f 5340//33 5339//33 5343//33
f 5340//33 5343//33 5344//33
f 5338//91 5342//93 5343//94
f 5338//91 5343//94 5339//92
f 5337//50 5340//50 5344//50
f 5337//50 5344//50 5341//50
f 5341//7 4465//7 5345//7
f 5341//7 5345//7 5342//7
f 5344//33 5343//33 5346//33
f 5344//33 5346//33 4468//33
f 5342//93 5345//95 5346//96
f 5342//93 5346//96 5343//94
f 5341//50 5344//50 4468//50
f 5341//50 4468//50 4465//50
f 4465//7 4461//7 5347//7
f 4465//7 5347//7 5345//7
f 4468//33 5346//33 5348//33
f 4468//33 5348//33 4464//33
f 5345//95 5347//97 5348//98
f 5345//95 5348//98 5346//96
f 4465//2 4468//2 4464//2
f 4465//2 4464//2 4461//2
f 4461//7 4457//7 5349//7
f 4461//7 5349//7 5347//7
f 4464//33 5348//33 5350//33
f 4464//33 5350//33 4460//33
f 5347//97 5349//99 5350//100
f 5347//97 5350//100 5348//98
f 4461//2 4464//2 4460//2
f 4461//2 4460//2 4457//2
f 4457//7 4450//7 5351//7
f 4457//7 5351//7 5349//7
f 4460//33 5350//33 5352//33
f 4460//33 5352//33 4456//33
f 5349//99 5351//101 5352//102
f 5349//99 5352//102 5350//100
f 4457//2 4460//2 4456//2
f 4457//2 4456//2 4450//2
f 4450//7 4449//7 5353//7
f 4450//7 5353//7 5351//7
f 4456//33 5352//33 5354//33
f 4456//33 5354//33 4453//33
f 5351//101 5353//103 5354//104
f 5351//101 5354//104 5352//102
f 4450//2 4456//2 4453//2
f 4450//2 4453//2 4449//2
f 4449//7 4555//7 5355//7
f 4449//7 5355//7 5353//7
f 4453//33 5354//33 5356//33
f 4453//33 5356//33 4558//33
f 5353//103 5355//105 5356//106
f 5353//103 5356//106 5354//104
f 4449//2 4453//2 4558//2
f 4449//2 4558//2 4555//2
f 4555//7 4551//7 5357//7
f 4555//7 5357//7 5355//7
f 4558//33 5356//33 5358//33
f 4558//33 5358//33 4554//33
f 5355//105 5357//107 5358//108
f 5355//105 5358//108 5356//106
f 4555//2 4558//2 4554//2
f 4555//2 4554//2 4551//2
f 4551//7 4547//7 5359//7
f 4551//7 5359//7 5357//7
f 4554//33 5358//33 5360//33
f 4554//33 5360//33 4550//33
f 5357//107 5359//109 5360//110
f 5357//107 5360//110 5358//108
f 4551//2 4554//2 4550//2
f 4551//2 4550//2 4547//2
f 4547//7 4355//7 5361//7
f 4547//7 5361//7 5359//7
f 4550//33 5360//33 5362//33
f 4550//33 5362//33 4358//33
f 5359//109 5361//111 5362//112
f 5359//109 5362//112 5360//110
f 4547//2 4550//2 4358//2
f 4547//2 4358//2 4355//2
f 4355//7 5247//7 5363//7
f 4355//7 5363//7 5361//7
f 4358//33 5362//33 5364//33
f 4358//33 5364//33 5250//33
f 5361//111 5363//113 5364//114
f 5361//111 5364//114 5362//112
f 4355//16 4358//16 5250//16
f 4355//16 5250//16 5247//16
f 5247//7 5243//7 5365//7
f 5247//7 5365//7 5363//7
f 5250//33 5364//33 5366//33
f 5250//33 5366//33 5246//33
f 5363//113 5365//115 5366//116
f 5363//113 5366//116 5364//114
f 5247//16 5250//16 5246//16
f 5247//16 5246//16 5243//16
f 5243//7 5239//7 5367//7
f 5243//7 5367//7 5365//7
f 5246//33 5366//33 5368//33
f 5246//33 5368//33 5242//33
f 5365//115 5367//117 5368//118
f 5365//115 5368//118 5366//116
f 5243//16 5246//16 5242//16
f 5243//16 5242//16 5239//16
f 5239//7 5235//7 5369//7
f 5239//7 5369//7 5367//7
f 5242//33 5368//33 5370//33
f 5242//33 5370//33 5238//33
f 5367//117 5369//119 5370//120
f 5367//117 5370//120 5368//118
f 5239//16 5242//16 5238//16
f 5239//16 5238//16 5235//16
f 5235//7 5231//7 5371//7
f 5235//7 5371//7 5369//7
f 5238//33 5370//33 5372//33
f 5238//33 5372//33 5234//33
f 5369//119 5371//121 5372//122
f 5369//119 5372//122 5370//120
f 5235//16 5238//16 5234//16
f 5235//16 5234//16 5231//16
f 5231//7 5227//7 5373//7
f 5231//7 5373//7 5371//7
f 5234//33 5372//33 5374//33
f 5234//33 5374//33 5230//33
f 5371//121 5373//123 5374//124
f 5371//121 5374//124 5372//122
f 5231//16 5234//16 5230//16
f 5231//16 5230//16 5227//16
f 5227//7 5223//7 5375//7
f 5227//7 5375//7 5373//7
f 5230//33 5374//33 5376//33
f 5230//33 5376//33 5226//33
f 5373//123 5375//125 5376//126
f 5373//123 5376//126 5374//124
f 5227//16 5230//16 5226//16
f 5227//16 5226//16 5223//16
f 5223//7 5219//7 5377//7
f 5223//7 5377//7 5375//7
f 5226//33 5376//33 5378//33
f 5226//33 5378//33 5222//33
f 5375//125 5377//127 5378//128
f 5375//125 5378//128 5376//126
f 5223//16 5226//16 5222//16
f 5223//16 5222//16 5219//16
f 5219//7 5379//7 5380//7
f 5219//7 5380//7 5377//7
f 5222//33 5378//33 5381//33
f 5222//33 5381//33 5382//33
f 5377//127 5380//129 5381//130
f 5377//127 5381//130 5378//128
f 5219//1 5222//1 5382//1
f 5219//1 5382//1 5379//1
f 5379//7 5383//7 5384//7
f 5379//7 5384//7 5380//7
f 5382//33 5381//33 5385//33
f 5382//33 5385//33 5386//33
f 5380//129 5384//131 5385//132
f 5380//129 5385//132 5381//130
f 5379//1 5382//1 5386//1
f 5379//1 5386//1 5383//1
f 5383//7 5387//7 5388//7
f 5383//7 5388//7 5384//7
f 5386//33 5385//33 5389//33
f 5386//33 5389//33 5390//33
f 5384//131 5388//133 5389//134
f 5384//131 5389//134 5385//132
f 5383//1 5386//1 5390//1
f 5383//1 5390//1 5387//1
f 5387//7 5297//7 5300//7
f 5387//7 5300//7 5388//7
f 5390//33 5389//33 5302//33
f 5390//33 5302//33 5301//33
f 5388//133 5300//71 5302//74
f 5388//133 5302//74 5389//134
f 5387//1 5390//1 5301//1
f 5387//1 5301//1 5297//1
f 5391//7 5392//7 5393//7
f 5391//7 5393//7 5394//7
f 5395//33 5396//33 5397//33
f 5395//33 5397//33 5398//33
f 5394//71 5393//72 5397//73
f 5394//71 5397//73 5396//74
f 5391//1 5395//1 5398//1
f 5391//1 5398//1 5392//1
f 5392//7 5399//7 5400//7
f 5392//7 5400//7 5393//7
f 5398//33 5397//33 5401//33
f 5398//33 5401//33 5402//33
f 5393//72 5400//75 5401//76
f 5393//72 5401//76 5397//73
f 5392//1 5398//1 5402//1
f 5392//1 5402//1 5399//1
f 5399//7 5403//7 5404//7
f 5399//7 5404//7 5400//7
f 5402//33 5401//33 5405//33
f 5402//33 5405//33 5406//33
f 5400//75 5404//77 5405//78
f 5400//75 5405//78 5401//76
f 5399//1 5402//1 5406//1
f 5399//1 5406//1 5403//1
f 5403//7 5407//7 5408//7
f 5403//7 5408//7 5404//7
f 5406//33 5405//33 5409//33
f 5406//33 5409//33 5410//33
f 5404//77 5408//79 5409//80
f 5404//77 5409//80 5405//78
f 5403//1 5406//1 5410//1
f 5403//1 5410//1 5407//1
f 5407//7 5411//7 5412//7
f 5407//7 5412//7 5408//7
f 5410//33 5409//33 5413//33
f 5410//33 5413//33 5414//33
f 5408//79 5412//81 5413//82
f 5408//79 5413//82 5409//80
f 5407//50 5410//50 5414//50
f 5407//50 5414//50 5411//50
f 5411//7 5415//7 5416//7
f 5411//7 5416//7 5412//7
f 5414//33 5413//33 5417//33
f 5414//33 5417//33 5418//33
f 5412//81 5416//83 5417//84
f 5412//81 5417//84 5413//82
f 5411//50 5414//50 5418//50
f 5411//50 5418//50 5415//50
f 5415//7 5419//7 5420//7
f 5415//7 5420//7 5416//7
f 5418//33 5417//33 5421//33
f 5418//33 5421//33 5422//33
f 5416//83 5420//85 5421//86
f 5416//83 5421//86 5417//84
f 5415//50 5418//50 5422//50
f 5415//50 5422//50 5419//50
f 5419//7 5423//7 5424//7
f 5419//7 5424//7 5420//7
f 5422//33 5421//33 5425//33
f 5422//33 5425//33 5426//33
f 5420//85 5424//87 5425//88
f 5420//85 5425//88 5421//86
f 5419//50 5422//50 5426//50
f 5419//50 5426//50 5423//50
f 5423//7 5427//7 5428//7
f 5423//7 5428//7 5424//7
f 5426//33 5425//33 5429//33
f 5426//33 5429//33 5430//33
f 5424//87 5428//89 5429//90
f 5424//87 5429//90 5425//88
f 5423//50 5426//50 5430//50
f 5423//50 5430//50 5427//50
f 5427//7 5431//7 5432//7
f 5427//7 5432//7 5428//7
f 5430//33 5429//33 5433//33
f 5430//33 5433//33 5434//33
f 5428//89 5432//91 5433//92
f 5428//89 5433//92 5429//90
f 5427//50 5430//50 5434//50
f 5427//50 5434//50 5431//50
f 5431//7 5435//7 5436//7
f 5431//7 5436//7 5432//7
f 5434//33 5433//33 5437//33
f 5434//33 5437//33 5438//33
f 5432//91 5436//93 5437//94
f 5432//91 5437//94 5433//92
f 5431//50 5434//50 5438//50
f 5431//50 5438//50 5435//50
f 5435//7 4575//7 5439//7
f 5435//7 5439//7 5436//7
f 5438//33 5437//33 5440//33
f 5438//33 5440//33 4578//33
f 5436//93 5439//95 5440//96
f 5436//93 5440//96 5437//94
f 5435//50 5438//50 4578//50
f 5435//50 4578//50 4575//50
f 4575//7 4571//7 5441//7
f 4575//7 5441//7 5439//7
f 4578//33 5440//33 5442//33
f 4578//33 5442//33 4574//33
f 5439//95 5441//97 5442//98
f 5439//95 5442//98 5440//96
f 4575//2 4578//2 4574//2
f 4575//2 4574//2 4571//2
f 4571//7 4567//7 5443//7
f 4571//7 5443//7 5441//7
f 4574//33 5442//33 5444//33
f 4574//33 5444//33 4570//33
f 5441//97 5443//99 5444//100
f 5441//97 5444//100 5442//98
f 4571//2 4574//2 4570//2
f 4571//2 4570//2 4567//2
f 4567//7 4560//7 5445//7
f 4567//7 5445//7 5443//7
f 4570//33 5444//33 5446//33
f 4570//33 5446//33 4566//33
f 5443//99 5445//101 5446//102
f 5443//99 5446//102 5444//100
f 4567//2 4570//2 4566//2
f 4567//2 4566//2 4560//2
f 4560//7 4559//7 5447//7
f 4560//7 5447//7 5445//7
f 4566//33 5446//33 5448//33
f 4566//33 5448//33 4563//33
f 5445//101 5447//103 5448//104
f 5445//101 5448//104 5446//102
f 4560//2 4566//2 4563//2
f 4560//2 4563//2 4559//2
f 4559//7 4665//7 5449//7
f 4559//7 5449//7 5447//7
f 4563//33 5448//33 5450//33
f 4563//33 5450//33 4668//33
f 5447//103 5449//105 5450//106
f 5447//103 5450//106 5448//104
f 4559//2 4563//2 4668//2
f 4559//2 4668//2 4665//2
f 4665//7 4661//7 5451//7
f 4665//7 5451//7 5449//7
f 4668//33 5450//33 5452//33
f 4668//33 5452//33 4664//33
f 5449//105 5451//107 5452//108
f 5449//105 5452//108 5450//106
f 4665//2 4668//2 4664//2
f 4665//2 4664//2 4661//2
f 4661//7 4657//7 5453//7
f 4661//7 5453//7 5451//7
f 4664//33 5452//33 5454//33
f 4664//33 5454//33 4660//33
f 5451//107 5453//109 5454//110
f 5451//107 5454//110 5452//108
f 4661//2 4664//2 4660//2
f 4661//2 4660//2 4657//2
f 4657//7 4465//7 5455//7
f 4657//7 5455//7 5453//7
f 4660//33 5454//33 5456//33
f 4660//33 5456//33 4468//33
f 5453//109 5455//111 5456//112
f 5453//109 5456//112 5454//110
f 4657//2 4660//2 4468//2
f 4657//2 4468//2 4465//2
f 4465//7 5341//7 5457//7
f 4465//7 5457//7 5455//7
f 4468//33 5456//33 5458//33
f 4468//33 5458//33 5344//33
f 5455//111 5457//113 5458//114
f 5455//111 5458//114 5456//112
f 4465//16 4468//16 5344//16
f 4465//16 5344//16 5341//16
f 5341//7 5337//7 5459//7
f 5341//7 5459//7 5457//7
f 5344//33 5458//33 5460//33
f 5344//33 5460//33 5340//33
f 5457//113 5459//115 5460//116
f 5457//113 5460//116 5458//114
f 5341//16 5344//16 5340//16
f 5341//16 5340//16 5337//16
f 5337//7 5333//7 5461//7
f 5337//7 5461//7 5459//7
f 5340//33 5460//33 5462//33
f 5340//33 5462//33 5336//33
f 5459//115 5461//117 5462//118
f 5459//115 5462//118 5460//116
f 5337//16 5340//16 5336//16
f 5337//16 5336//16 5333//16
f 5333//7 5329//7 5463//7
f 5333//7 5463//7 5461//7
f 5336//33 5462//33 5464//33
f 5336//33 5464//33 5332//33
f 5461//117 5463//119 5464//120
f 5461//117 5464//120 5462//118
f 5333//16 5336//16 5332//16
f 5333//16 5332//16 5329//16
f 5329//7 5325//7 5465//7
f 5329//7 5465//7 5463//7
f 5332//33 5464//33 5466//33
f 5332//33 5466//33 5328//33
f 5463//119 5465//121 5466//122
f 5463//119 5466//122 5464//120
f 5329//16 5332//16 5328//16
f 5329//16 5328//16 5325//16
f 5325//7 5321//7 5467//7
f 5325//7 5467//7 5465//7
f 5328//33 5466//33 5468//33
f 5328//33 5468//33 5324//33
f 5465//121 5467//123 5468//124
f 5465//121 5468//124 5466//122
f 5325//16 5328//16 5324//16
f 5325//16 5324//16 5321//16
f 5321//7 5317//7 5469//7
f 5321//7 5469//7 5467//7
f 5324//33 5468//33 5470//33
f 5324//33 5470//33 5320//33
f 5467//123 5469//125 5470//126
f 5467//123 5470//126 5468//124
f 5321//16 5324//16 5320//16
f 5321//16 5320//16 5317//16
f 5317//7 5313//7 5471//7
f 5317//7 5471//7 5469//7
f 5320//33 5470//33 5472//33
f 5320//33 5472//33 5316//33
f 5469//125 5471//127 5472//128
f 5469//125 5472//128 5470//126
f 5317//16 5320//16 5316//16
f 5317//16 5316//16 5313//16
f 5313//7 5473//7 5474//7
f 5313//7 5474//7 5471//7
f 5316//33 5472//33 5475//33
f 5316//33 5475//33 5476//33
f 5471//127 5474//129 5475//130
f 5471//127 5475//130 5472//128
f 5313//1 5316//1 5476//1
f 5313//1 5476//1 5473//1
f 5473//7 5477//7 5478//7
f 5473//7 5478//7 5474//7
f 5476//33 5475//33 5479//33
f 5476//33 5479//33 5480//33
f 5474//129 5478//131 5479//132
f 5474//129 5479//132 5475//130
f 5473//1 5476//1 5480//1
f 5473//1 5480//1 5477//1
f 5477//7 5481//7 5482//7
f 5477//7 5482//7 5478//7
f 5480//33 5479//33 5483//33
f 5480//33 5483//33 5484//33
f 5478//131 5482//133 5483//134
f 5478//131 5483//134 5479//132
f 5477//1 5480//1 5484//1
f 5477//1 5484//1 5481//1
f 5481//7 5391//7 5394//7
f 5481//7 5394//7 5482//7
f 5484//33 5483//33 5396//33
f 5484//33 5396//33 5395//33
f 5482//133 5394//71 5396//74
f 5482//133 5396//74 5483//134
f 5481//1 5484//1 5395//1
f 5481//1 5395//1 5391//1
f 5485//7 5486//7 5487//7
f 5485//7 5487//7 5488//7
f 5489//33 5490//33 5491//33
f 5489//33 5491//33 5492//33
f 5488//71 5487//72 5491//73
f 5488//71 5491//73 5490//74
f 5485//1 5489//1 5492//1
f 5485//1 5492//1 5486//1
f 5486//7 5493//7 5494//7
f 5486//7 5494//7 5487//7
f 5492//33 5491//33 5495//33
f 5492//33 5495//33 5496//33
f 5487//72 5494//75 5495//76
f 5487//72 5495//76 5491//73
f 5486//1 5492//1 5496//1
f 5486//1 5496//1 5493//1
f 5493//7 5497//7 5498//7
f 5493//7 5498//7 5494//7
f 5496//33 5495//33 5499//33
f 5496//33 5499//33 5500//33
f 5494//75 5498//77 5499//78
f 5494//75 5499//78 5495//76
f 5493//1 5496//1 5500//1
f 5493//1 5500//1 5497//1
f 5497//7 5501//7 5502//7
f 5497//7 5502//7 5498//7
f 5500//33 5499//33 5503//33
f 5500//33 5503//33 5504//33
f 5498//77 5502//79 5503//80
f 5498//77 5503//80 5499//78
f 5497//1 5500//1 5504//1
f 5497//1 5504//1 5501//1
f 5501//7 5505//7 5506//7
f 5501//7 5506//7 5502//7
f 5504//33 5503//33 5507//33
f 5504//33 5507//33 5508//33
f 5502//79 5506//81 5507//82
f 5502//79 5507//82 5503//80
f 5501//50 5504//50 5508//50
f 5501//50 5508//50 5505//50
f 5505//7 5509//7 5510//7
f 5505//7 5510//7 5506//7
f 5508//33 5507//33 5511//33
f 5508//33 5511//33 5512//33
f 5506//81 5510//83 5511//84
f 5506//81 5511//84 5507//82
f 5505//50 5508//50 5512//50
f 5505//50 5512//50 5509//50
f 5509//7 5513//7 5514//7
f 5509//7 5514//7 5510//7
f 5512//33 5511//33 5515//33
f 5512//33 5515//33 5516//33
f 5510//83 5514//85 5515//86
f 5510//83 5515//86 5511//84
f 5509//50 5512//50 5516//50
f 5509//50 5516//50 5513//50
f 5513//7 5517//7 5518//7
f 5513//7 5518//7 5514//7
f 5516//33 5515//33 5519//33
f 5516//33 5519//33 5520//33
f 5514//85 5518//87 5519//88
f 5514//85 5519//88 5515//86
f 5513//50 5516//50 5520//50
f 5513//50 5520//50 5517//50
f 5517//7 5521//7 5522//7
f 5517//7 5522//7 5518//7
f 5520//33 5519//33 5523//33
f 5520//33 5523//33 5524//33
f 5518//87 5522//89 5523//90
f 5518//87 5523//90 5519//88
f 5517//50 5520//50 5524//50
f 5517//50 5524//50 5521//50
f 5521//7 5525//7 5526//7
f 5521//7 5526//7 5522//7
f 5524//33 5523//33 5527//33
f 5524//33 5527//33 5528//33
f 5522//89 5526//91 5527//92
f 5522//89 5527//92 5523//90
f 5521//50 5524//50 5528//50
f 5521//50 5528//50 5525//50
f 5525//7 5529//7 5530//7
f 5525//7 5530//7 5526//7
f 5528//33 5527//33 5531//33
f 5528//33 5531//33 5532//33
f 5526//91 5530//93 5531//94
f 5526//91 5531//94 5527//92
f 5525//50 5528//50 5532//50
f 5525//50 5532//50 5529//50
f 5529//7 4685//7 5533//7
f 5529//7 5533//7 5530//7
f 5532//33 5531//33 5534//33
f 5532//33 5534//33 4688//33
f 5530//93 5533//95 5534//96
f 5530//93 5534//96 5531//94
f 5529//50 5532//50 4688//50
f 5529//50 4688//50 4685//50
f 4685//7 4681//7 5535//7
f 4685//7 5535//7 5533//7
f 4688//33 5534//33 5536//33
f 4688//33 5536//33 4684//33
f 5533//95 5535//97 5536//98
f 5533//95 5536//98 5534//96
f 4685//2 4688//2 4684//2
f 4685//2 4684//2 4681//2
f 4681//7 4677//7 5537//7
f 4681//7 5537//7 5535//7
f 4684//33 5536//33 5538//33
f 4684//33 5538//33 4680//33
f 5535//97 5537//99 5538//100
f 5535//97 5538//100 5536//98
f 4681//2 4684//2 4680//2
f 4681//2 4680//2 4677//2
f 4677//7 4670//7 5539//7
f 4677//7 5539//7 5537//7
f 4680//33 5538//33 5540//33
f 4680//33 5540//33 4676//33
f 5537//99 5539//101 5540//102
f 5537//99 5540//102 5538//100
f 4677//2 4680//2 4676//2
f 4677//2 4676//2 4670//2
f 4670//7 4669//7 5541//7
f 4670//7 5541//7 5539//7
f 4676//33 5540//33 5542//33
f 4676//33 5542//33 4673//33
f 5539//101 5541//103 5542//104
f 5539//101 5542//104 5540//102
f 4670//2 4676//2 4673//2
f 4670//2 4673//2 4669//2
f 4669//7 4775//7 5543//7
f 4669//7 5543//7 5541//7
f 4673//33 5542//33 5544//33
f 4673//33 5544//33 4778//33
f 5541//103 5543//105 5544//106
f 5541//103 5544//106 5542//104
f 4669//2 4673//2 4778//2
f 4669//2 4778//2 4775//2
f 4775//7 4771//7 5545//7
f 4775//7 5545//7 5543//7
f 4778//33 5544//33 5546//33
f 4778//33 5546//33 4774//33
f 5543//105 5545//107 5546//108
f 5543//105 5546//108 5544//106
f 4775//2 4778//2 4774//2
f 4775//2 4774//2 4771//2
f 4771//7 4767//7 5547//7
f 4771//7 5547//7 5545//7
f 4774//33 5546//33 5548//33
f 4774//33 5548//33 4770//33
f 5545//107 5547//109 5548//110
f 5545//107 5548//110 5546//108
f 4771//2 4774//2 4770//2
f 4771//2 4770//2 4767//2
f 4767//7 4575//7 5549//7
f 4767//7 5549//7 5547//7
f 4770//33 5548//33 5550//33
f 4770//33 5550//33 4578//33
f 5547//109 5549//111 5550//112
f 5547//109 5550//112 5548//110
f 4767//2 4770//2 4578//2
f 4767//2 4578//2 4575//2
f 4575//7 5435//7 5551//7
f 4575//7 5551//7 5549//7
f 4578//33 5550//33 5552//33
f 4578//33 5552//33 5438//33
f 5549//111 5551//113 5552//114
f 5549//111 5552//114 5550//112
f 4575//16 4578//16 5438//16
f 4575//16 5438//16 5435//16
f 5435//7 5431//7 5553//7
f 5435//7 5553//7 5551//7
f 5438//33 5552//33 5554//33
f 5438//33 5554//33 5434//33
f 5551//113 5553//115 5554//116
f 5551//113 5554//116 5552//114
f 5435//16 5438//16 5434//16
f 5435//16 5434//16 5431//16
f 5431//7 5427//7 5555//7
f 5431//7 5555//7 5553//7
f 5434//33 5554//33 5556//33
f 5434//33 5556//33 5430//33
f 5553//115 5555//117 5556//118
f 5553//115 5556//118 5554//116
f 5431//16 5434//16 5430//16
f 5431//16 5430//16 5427//16
f 5427//7 5423//7 5557//7
f 5427//7 5557//7 5555//7
f 5430//33 5556//33 5558//33
f 5430//33 5558//33 5426//33
f 5555//117 5557//119 5558//120
f 5555//117 5558//120 5556//118
f 5427//16 5430//16 5426//16
f 5427//16 5426//16 5423//16
f 5423//7 5419//7 5559//7
f 5423//7 5559//7 5557//7
f 5426//33 5558//33 5560//33
f 5426//33 5560//33 5422//33
f 5557//119 5559//121 5560//122
f 5557//119 5560//122 5558//120
f 5423//16 5426//16 5422//16
f 5423//16 5422//16 5419//16
f 5419//7 5415//7 5561//7
f 5419//7 5561//7 5559//7
f 5422//33 5560//33 5562//33
f 5422//33 5562//33 5418//33
f 5559//121 5561//123 5562//124
f 5559//121 5562//124 5560//122
f 5419//16 5422//16 5418//16
f 5419//16 5418//16 5415//16
f 5415//7 5411//7 5563//7
f 5415//7 5563//7 5561//7
f 5418//33 5562//33 5564//33
f 5418//33 5564//33 5414//33
f 5561//123 5563//125 5564//126
f 5561//123 5564//126 5562//124
f 5415//16 5418//16 5414//16
f 5415//16 5414//16 5411//16
f 5411//7 5407//7 5565//7
f 5411//7 5565//7 5563//7
f 5414//33 5564//33 5566//33
f 5414//33 5566//33 5410//33
f 5563//125 5565//127 5566//128
f 5563//125 5566//128 5564//126
f 5411//16 5414//16 5410//16
f 5411//16 5410//16 5407//16
f 5407//7 5567//7 5568//7
f 5407//7 5568//7 5565//7
f 5410//33 5566//33 5569//33
f 5410//33 5569//33 5570//33
f 5565//127 5568//129 5569//130
f 5565//127 5569//130 5566//128
f 5407//1 5410//1 5570//1
f 5407//1 5570//1 5567//1
f 5567//7 5571//7 5572//7
f 5567//7 5572//7 5568//7
f 5570//33 5569//33 5573//33
f 5570//33 5573//33 5574//33
f 5568//129 5572//131 5573//132
f 5568//129 5573//132 5569//130
f 5567//1 5570//1 5574//1
f 5567//1 5574//1 5571//1
f 5571//7 5575//7 5576//7
f 5571//7 5576//7 5572//7
f 5574//33 5573//33 5577//33
f 5574//33 5577//33 5578//33
f 5572//131 5576//133 5577//134
f 5572//131 5577//134 5573//132
f 5571//1 5574//1 5578//1
f 5571//1 5578//1 5575//1
f 5575//7 5485//7 5488//7
f 5575//7 5488//7 5576//7
f 5578//33 5577//33 5490//33
f 5578//33 5490//33 5489//33
f 5576//133 5488//71 5490//74
f 5576//133 5490//74 5577//134
f 5575//1 5578//1 5489//1
f 5575//1 5489//1 5485//1
f 5579//7 5580//7 5581//7
f 5579//7 5581//7 5582//7
f 5583//33 5584//33 5585//33
f 5583//33 5585//33 5586//33
f 5582//71 5581//72 5585//73
f 5582//71 5585//73 5584//74
f 5579//1 5583//1 5586//1
f 5579//1 5586//1 5580//1
f 5580//7 5587//7 5588//7
f 5580//7 5588//7 5581//7
f 5586//33 5585//33 5589//33
f 5586//33 5589//33 5590//33
f 5581//72 5588//75 5589//76
f 5581//72 5589//76 5585//73
f 5580//1 5586//1 5590//1
f 5580//1 5590//1 5587//1
f 5587//7 5591//7 5592//7
f 5587//7 5592//7 5588//7
f 5590//33 5589//33 5593//33
f 5590//33 5593//33 5594//33
f 5588//75 5592//77 5593//78
f 5588//75 5593//78 5589//76
f 5587//1 5590//1 5594//1
f 5587//1 5594//1 5591//1
f 5591//7 5595//7 5596//7
f 5591//7 5596//7 5592//7
f 5594//33 5593//33 5597//33
f 5594//33 5597//33 5598//33
f 5592//77 5596//79 5597//80
f 5592//77 5597//80 5593//78
f 5591//1 5594//1 5598//1
f 5591//1 5598//1 5595//1
f 5595//7 5599//7 5600//7
f 5595//7 5600//7 5596//7
f 5598//33 5597//33 5601//33
f 5598//33 5601//33 5602//33
f 5596//79 5600//81 5601//82
f 5596//79 5601//82 5597//80
f 5595//50 5598//50 5602//50
f 5595//50 5602//50 5599//50
f 5599//7 5603//7 5604//7
f 5599//7 5604//7 5600//7
f 5602//33 5601//33 5605//33
f 5602//33 5605//33 5606//33
f 5600//81 5604//83 5605//84
f 5600//81 5605//84 5601//82
f 5599//50 5602//50 5606//50
f 5599//50 5606//50 5603//50
f 5603//7 5607//7 5608//7
f 5603//7 5608//7 5604//7
f 5606//33 5605//33 5609//33
f 5606//33 5609//33 5610//33
f 5604//83 5608//85 5609//86
f 5604//83 5609//86 5605//84
f 5603//50 5606//50 5610//50
f 5603//50 5610//50 5607//50
f 5607//7 5611//7 5612//7
f 5607//7 5612//7 5608//7
f 5610//33 5609//33 5613//33
f 5610//33 5613//33 5614//33
f 5608//85 5612//87 5613//88
f 5608//85 5613//88 5609//86
f 5607//50 5610//50 5614//50
f 5607//50 5614//50 5611//50
f 5611//7 5615//7 5616//7
f 5611//7 5616//7 5612//7
f 5614//33 5613//33 5617//33
f 5614//33 5617//33 5618//33
f 5612//87 5616//89 5617//90
f 5612//87 5617//90 5613//88
f 5611//50 5614//50 5618//50
f 5611//50 5618//50 5615//50
f 5615//7 5619//7 5620//7
f 5615//7 5620//7 5616//7
f 5618//33 5617//33 5621//33
f 5618//33 5621//33 5622//33
f 5616//89 5620//91 5621//92
f 5616//89 5621//92 5617//90
f 5615//50 5618//50 5622//50
f 5615//50 5622//50 5619//50
f 5619//7 5623//7 5624//7
f 5619//7 5624//7 5620//7
f 5622//33 5621//33 5625//33
f 5622//33 5625//33 5626//33
f 5620//91 5624//93 5625//94
f 5620//91 5625//94 5621//92
f 5619//50 5622//50 5626//50
f 5619//50 5626//50 5623//50
f 5623//7 4795//7 5627//7
f 5623//7 5627//7 5624//7
f 5626//33 5625//33 5628//33
f 5626//33 5628//33 4798//33
f 5624//93 5627//95 5628//96
f 5624//93 5628//96 5625//94
f 5623//50 5626//50 4798//50
f 5623//50 4798//50 4795//50
f 4795//7 4791//7 5629//7
f 4795//7 5629//7 5627//7
f 4798//33 5628//33 5630//33
f 4798//33 5630//33 4794//33
f 5627//95 5629//97 5630//98
f 5627//95 5630//98 5628//96
f 4795//2 4798//2 4794//2
f 4795//2 4794//2 4791//2
f 4791//7 4787//7 5631//7
f 4791//7 5631//7 5629//7
f 4794//33 5630//33 5632//33
f 4794//33 5632//33 4790//33
f 5629//97 5631//99 5632//100
f 5629//97 5632//100 5630//98
f 4791//2 4794//2 4790//2
f 4791//2 4790//2 4787//2
f 4787//7 4780//7 5633//7
f 4787//7 5633//7 5631//7
f 4790//33 5632//33 5634//33
f 4790//33 5634//33 4786//33
f 5631//99 5633//101 5634//102
f 5631//99 5634//102 5632//100
f 4787//2 4790//2 4786//2
f 4787//2 4786//2 4780//2
f 4780//7 4779//7 5635//7
f 4780//7 5635//7 5633//7
f 4786//33 5634//33 5636//33
f 4786//33 5636//33 4783//33
f 5633//101 5635//103 5636//104
f 5633//101 5636//104 5634//102
f 4780//2 4786//2 4783//2
f 4780//2 4783//2 4779//2
f 4779//7 4885//7 5637//7
f 4779//7 5637//7 5635//7
f 4783//33 5636//33 5638//33
f 4783//33 5638//33 4888//33
f 5635//103 5637//105 5638//106
f 5635//103 5638//106 5636//104
f 4779//2 4783//2 4888//2
f 4779//2 4888//2 4885//2
f 4885//7 4881//7 5639//7
f 4885//7 5639//7 5637//7
f 4888//33 5638//33 5640//33
f 4888//33 5640//33 4884//33
f 5637//105 5639//107 5640//108
f 5637//105 5640//108 5638//106
f 4885//2 4888//2 4884//2
f 4885//2 4884//2 4881//2
f 4881//7 4877//7 5641//7
f 4881//7 5641//7 5639//7
f 4884//33 5640//33 5642//33
f 4884//33 5642//33 4880//33
f 5639//107 5641//109 5642//110
f 5639//107 5642//110 5640//108
f 4881//2 4884//2 4880//2
f 4881//2 4880//2 4877//2
f 4877//7 4685//7 5643//7
f 4877//7 5643//7 5641//7
f 4880//33 5642//33 5644//33
f 4880//33 5644//33 4688//33
f 5641//109 5643//111 5644//112
f 5641//109 5644//112 5642//110
f 4877//2 4880//2 4688//2
f 4877//2 4688//2 4685//2
f 4685//7 5529//7 5645//7
f 4685//7 5645//7 5643//7
f 4688//33 5644//33 5646//33
f 4688//33 5646//33 5532//33
f 5643//111 5645//113 5646//114
f 5643//111 5646//114 5644//112
f 4685//16 4688//16 5532//16
f 4685//16 5532//16 5529//16
f 5529//7 5525//7 5647//7
f 5529//7 5647//7 5645//7
f 5532//33 5646//33 5648//33
f 5532//33 5648//33 5528//33
f 5645//113 5647//115 5648//116
f 5645//113 5648//116 5646//114
f 5529//16 5532//16 5528//16
f 5529//16 5528//16 5525//16
f 5525//7 5521//7 5649//7
f 5525//7 5649//7 5647//7
f 5528//33 5648//33 5650//33
f 5528//33 5650//33 5524//33
f 5647//115 5649//117 5650//118
f 5647//115 5650//118 5648//116
f 5525//16 5528//16 5524//16
f 5525//16 5524//16 5521//16
f 5521//7 5517//7 5651//7
f 5521//7 5651//7 5649//7
f 5524//33 5650//33 5652//33
f 5524//33 5652//33 5520//33
f 5649//117 5651//119 5652//120
f 5649//117 5652//120 5650//118
f 5521//16 5524//16 5520//16
f 5521//16 5520//16 5517//16
f 5517//7 5513//7 5653//7
f 5517//7 5653//7 5651//7
f 5520//33 5652//33 5654//33
f 5520//33 5654//33 5516//33
f 5651//119 5653//121 5654//122
f 5651//119 5654//122 5652//120
f 5517//16 5520//16 5516//16
f 5517//16 5516//16 5513//16
f 5513//7 5509//7 5655//7
f 5513//7 5655//7 5653//7
f 5516//33 5654//33 5656//33
f 5516//33 5656//33 5512//33
f 5653//121 5655//123 5656//124
f 5653//121 5656//124 5654//122
f 5513//16 5516//16 5512//16
f 5513//16 5512//16 5509//16
f 5509//7 5505//7 5657//7
f 5509//7 5657//7 5655//7
f 5512//33 5656//33 5658//33
f 5512//33 5658//33 5508//33
f 5655//123 5657//125 5658//126
f 5655//123 5658//126 5656//124
f 5509//16 5512//16 5508//16
f 5509//16 5508//16 5505//16
f 5505//7 5501//7 5659//7
f 5505//7 5659//7 5657//7
f 5508//33 5658//33 5660//33
f 5508//33 5660//33 5504//33
f 5657//125 5659//127 5660//128
f 5657//125 5660//128 5658//126
f 5505//16 5508//16 5504//16
f 5505//16 5504//16 5501//16
f 5501//7 5661//7 5662//7
f 5501//7 5662//7 5659//7
f 5504//33 5660//33 5663//33
f 5504//33 5663//33 5664//33
f 5659//127 5662//129 5663//130
f 5659//127 5663//130 5660//128
f 5501//1 5504//1 5664//1
f 5501//1 5664//1 5661//1
f 5661//7 5665//7 5666//7
f 5661//7 5666//7 5662//7
f 5664//33 5663//33 5667//33
f 5664//33 5667//33 5668//33
f 5662//129 5666//131 5667//132
f 5662//129 5667//132 5663//130
f 5661//1 5664//1 5668//1
f 5661//1 5668//1 5665//1
f 5665//7 5669//7 5670//7
f 5665//7 5670//7 5666//7
f 5668//33 5667//33 5671//33
f 5668//33 5671//33 5672//33
f 5666//131 5670//133 5671//134
f 5666//131 5671//134 5667//132
f 5665//1 5668//1 5672//1
f 5665//1 5672//1 5669//1
f 5669//7 5579//7 5582//7
f 5669//7 5582//7 5670//7
f 5672//33 5671//33 5584//33
f 5672//33 5584//33 5583//33
f 5670//133 5582//71 5584//74
f 5670//133 5584//74 5671//134
f 5669//1 5672//1 5583//1
f 5669//1 5583//1 5579//1
f 5673//7 5674//7 5675//7
f 5673//7 5675//7 5676//7
f 5677//33 5678//33 5679//33
f 5677//33 5679//33 5680//33
f 5676//71 5675//72 5679//73
f 5676//71 5679//73 5678//74
f 5673//1 5677//1 5680//1
f 5673//1 5680//1 5674//1
f 5674//7 5681//7 5682//7
f 5674//7 5682//7 5675//7
f 5680//33 5679//33 5683//33
f 5680//33 5683//33 5684//33
f 5675//72 5682//75 5683//76
f 5675//72 5683//76 5679//73
f 5674//1 5680//1 5684//1
f 5674//1 5684//1 5681//1
f 5681//7 5685//7 5686//7
f 5681//7 5686//7 5682//7
f 5684//33 5683//33 5687//33
f 5684//33 5687//33 5688//33
f 5682//75 5686//77 5687//78
f 5682//75 5687//78 5683//76
f 5681//1 5684//1 5688//1
f 5681//1 5688//1 5685//1
f 5685//7 5689//7 5690//7
f 5685//7 5690//7 5686//7
f 5688//33 5687//33 5691//33
f 5688//33 5691//33 5692//33
f 5686//77 5690//79 5691//80
f 5686//77 5691//80 5687//78
f 5685//1 5688//1 5692//1
f 5685//1 5692//1 5689//1
f 5689//7 5693//7 5694//7
f 5689//7 5694//7 5690//7
f 5692//33 5691//33 5695//33
f 5692//33 5695//33 5696//33
f 5690//79 5694//81 5695//82
f 5690//79 5695//82 5691//80
f 5689//50 5692//50 5696//50
f 5689//50 5696//50 5693//50
f 5693//7 5697//7 5698//7
f 5693//7 5698//7 5694//7
f 5696//33 5695//33 5699//33
f 5696//33 5699//33 5700//33
f 5694//81 5698//83 5699//84
f 5694//81 5699//84 5695//82
f 5693//50 5696//50 5700//50
f 5693//50 5700//50 5697//50
f 5697//7 5701//7 5702//7
f 5697//7 5702//7 5698//7
f 5700//33 5699//33 5703//33
f 5700//33 5703//33 5704//33
f 5698//83 5702//85 5703//86
f 5698//83 5703//86 5699//84
f 5697//50 5700//50 5704//50
f 5697//50 5704//50 5701//50
f 5701//7 5705//7 5706//7
f 5701//7 5706//7 5702//7
f 5704//33 5703//33 5707//33
f 5704//33 5707//33 5708//33
f 5702//85 5706//87 5707//88
f 5702//85 5707//88 5703//86
f 5701//50 5704//50 5708//50
f 5701//50 5708//50 5705//50
f 5705//7 5709//7 5710//7
f 5705//7 5710//7 5706//7
f 5708//33 5707//33 5711//33
f 5708//33 5711//33 5712//33
f 5706//87 5710//89 5711//90
f 5706//87 5711//90 5707//88
f 5705//50 5708//50 5712//50
f 5705//50 5712//50 5709//50
f 5709//7 5713//7 5714//7
f 5709//7 5714//7 5710//7
f 5712//33 5711//33 5715//33
f 5712//33 5715//33 5716//33
f 5710//89 5714//91 5715//92
f 5710//89 5715//92 5711//90
f 5709//50 5712//50 5716//50
f 5709//50 5716//50 5713//50
f 5713//7 5717//7 5718//7
f 5713//7 5718//7 5714//7
f 5716//33 5715//33 5719//33
f 5716//33 5719//33 5720//33
f 5714//91 5718//93 5719//94
f 5714//91 5719//94 5715//92
f 5713//50 5716//50 5720//50
f 5713//50 5720//50 5717//50
f 5717//7 4905//7 5721//7
f 5717//7 5721//7 5718//7
f 5720//33 5719//33 5722//33
f 5720//33 5722//33 4908//33
f 5718//93 5721//95 5722//96
f 5718//93 5722//96 5719//94
f 5717//50 5720//50 4908//50
f 5717//50 4908//50 4905//50
f 4905//7 4901//7 5723//7
f 4905//7 5723//7 5721//7
f 4908//33 5722//33 5724//33
f 4908//33 5724//33 4904//33
f 5721//95 5723//97 5724//98
f 5721//95 5724//98 5722//96
f 4905//2 4908//2 4904//2
f 4905//2 4904//2 4901//2
f 4901//7 4897//7 5725//7
f 4901//7 5725//7 5723//7
f 4904//33 5724//33 5726//33
f 4904//33 5726//33 4900//33
f 5723//97 5725//99 5726//100
f 5723//97 5726//100 5724//98
f 4901//2 4904//2 4900//2
f 4901//2 4900//2 4897//2
f 4897//7 4890//7 5727//7
f 4897//7 5727//7 5725//7
f 4900//33 5726//33 5728//33
f 4900//33 5728//33 4896//33
f 5725//99 5727//101 5728//102
f 5725//99 5728//102 5726//100
f 4897//2 4900//2 4896//2
f 4897//2 4896//2 4890//2
f 4890//7 4889//7 5729//7
f 4890//7 5729//7 5727//7
f 4896//33 5728//33 5730//33
f 4896//33 5730//33 4893//33
f 5727//101 5729//103 5730//104
f 5727//101 5730//104 5728//102
f 4890//2 4896//2 4893//2
f 4890//2 4893//2 4889//2
f 4889//7 4995//7 5731//7
f 4889//7 5731//7 5729//7
f 4893//33 5730//33 5732//33
f 4893//33 5732//33 4998//33
f 5729//103 5731//105 5732//106
f 5729//103 5732//106 5730//104
f 4889//2 4893//2 4998//2
f 4889//2 4998//2 4995//2
f 4995//7 4991//7 5733//7
f 4995//7 5733//7 5731//7
f 4998//33 5732//33 5734//33
f 4998//33 5734//33 4994//33
f 5731//105 5733//107 5734//108
f 5731//105 5734//108 5732//106
f 4995//2 4998//2 4994//2
f 4995//2 4994//2 4991//2
f 4991//7 4987//7 5735//7
f 4991//7 5735//7 5733//7
f 4994//33 5734//33 5736//33
f 4994//33 5736//33 4990//33
f 5733//107 5735//109 5736//110
f 5733//107 5736//110 5734//108
f 4991//2 4994//2 4990//2
f 4991//2 4990//2 4987//2
f 4987//7 4795//7 5737//7
f 4987//7 5737//7 5735//7
f 4990//33 5736//33 5738//33
f 4990//33 5738//33 4798//33
f 5735//109 5737//111 5738//112
f 5735//109 5738//112 5736//110
f 4987//2 4990//2 4798//2
f 4987//2 4798//2 4795//2
f 4795//7 5623//7 5739//7
f 4795//7 5739//7 5737//7
f 4798//33 5738//33 5740//33
f 4798//33 5740//33 5626//33
f 5737//111 5739//113 5740//114
f 5737//111 5740//114 5738//112
f 4795//16 4798//16 5626//16
f 4795//16 5626//16 5623//16
f 5623//7 5619//7 5741//7
f 5623//7 5741//7 5739//7
f 5626//33 5740//33 5742//33
f 5626//33 5742//33 5622//33
f 5739//113 5741//115 5742//116
f 5739//113 5742//116 5740//114
f 5623//16 5626//16 5622//16
f 5623//16 5622//16 5619//16
f 5619//7 5615//7 5743//7
f 5619//7 5743//7 5741//7
f 5622//33 5742//33 5744//33
f 5622//33 5744//33 5618//33
f 5741//115 5743//117 5744//118
f 5741//115 5744//118 5742//116
f 5619//16 5622//16 5618//16
f 5619//16 5618//16 5615//16
f 5615//7 5611//7 5745//7
f 5615//7 5745//7 5743//7
f 5618//33 5744//33 5746//33
f 5618//33 5746//33 5614//33
f 5743//117 5745//119 5746//120
f 5743//117 5746//120 5744//118
f 5615//16 5618//16 5614//16
f 5615//16 5614//16 5611//16
f 5611//7 5607//7 5747//7
f 5611//7 5747//7 5745//7
f 5614//33 5746//33 5748//33
f 5614//33 5748//33 5610//33
f 5745//119 5747//121 5748//122
f 5745//119 5748//122 5746//120
f 5611//16 5614//16 5610//16
f 5611//16 5610//16 5607//16
f 5607//7 5603//7 5749//7
f 5607//7 5749//7 5747//7
f 5610//33 5748//33 5750//33
f 5610//33 5750//33 5606//33
f 5747//121 5749//123 5750//124
f 5747//121 5750//124 5748//122
f 5607//16 5610//16 5606//16
f 5607//16 5606//16 5603//16
f 5603//7 5599//7 5751//7
f 5603//7 5751//7 5749//7
f 5606//33 5750//33 5752//33
f 5606//33 5752//33 5602//33
f 5749//123 5751//125 5752//126
f 5749//123 5752//126 5750//124
f 5603//16 5606//16 5602//16
f 5603//16 5602//16 5599//16
f 5599//7 5595//7 5753//7
f 5599//7 5753//7 5751//7
f 5602//33 5752//33 5754//33
f 5602//33 5754//33 5598//33
f 5751//125 5753//127 5754//128
f 5751//125 5754//128 5752//126
f 5599//16 5602//16 5598//16
f 5599//16 5598//16 5595//16
f 5595//7 5755//7 5756//7
f 5595//7 5756//7 5753//7
f 5598//33 5754//33 5757//33
f 5598//33 5757//33 5758//33
f 5753//127 5756//129 5757//130
f 5753//127 5757//130 5754//128
f 5595//1 5598//1 5758//1
f 5595//1 5758//1 5755//1
f 5755//7 5759//7 5760//7
f 5755//7 5760//7 5756//7
f 5758//33 5757//33 5761//33
f 5758//33 5761//33 5762//33
f 5756//129 5760//131 5761//132
f 5756//129 5761//132 5757//130
f 5755//1 5758//1 5762//1
f 5755//1 5762//1 5759//1
f 5759//7 5763//7 5764//7
f 5759//7 5764//7 5760//7
f 5762//33 5761//33 5765//33
f 5762//33 5765//33 5766//33
f 5760//131 5764//133 5765//134
f 5760//131 5765//134 5761//132
f 5759//1 5762//1 5766//1
f 5759//1 5766//1 5763//1
f 5763//7 5673//7 5676//7
f 5763//7 5676//7 5764//7
f 5766//33 5765//33 5678//33
f 5766//33 5678//33 5677//33
f 5764//133 5676//71 5678//74
f 5764//133 5678//74 5765//134
f 5763//1 5766//1 5677//1
f 5763//1 5677//1 5673//1
