# Extracted from KIPR Simulator demobot_v6.glb; GPL-3.0
mtllib metal_011.mtl
s off
usemtl material_0
v 0.0264510 0.0387056 -0.0083302
v 0.0271307 0.0386206 -0.0083302
v 0.0264510 0.0387056 -0.0103411
v 0.0271307 0.0386206 -0.0103411
v 0.0277255 0.0383657 -0.0083302
v 0.0277255 0.0383657 -0.0103411
v 0.0282636 0.0379692 -0.0083302
v 0.0282636 0.0379692 -0.0103411
v 0.0286601 0.0374594 -0.0083302
v 0.0286601 0.0374594 -0.0103411
v 0.0289150 0.0368328 -0.0083302
v 0.0289150 0.0368328 -0.0103411
v 0.0290000 0.0361814 -0.0083302
v 0.0290000 0.0361814 -0.0103411
v -0.0180925 0.0279928 -0.0083302
v -0.0180925 0.0279928 -0.0103411
v -0.0155966 0.0279928 -0.0083302
v -0.0155966 0.0279928 -0.0103411
v 0.0000159 0.0279928 -0.0083302
v 0.0000159 0.0279928 -0.0103411
v 0.0180925 0.0279928 -0.0083302
v 0.0180925 0.0279928 -0.0103411
v 0.0180925 0.0279928 -0.0083302
v 0.0180925 0.0279928 -0.0103411
v 0.0187439 0.0279078 -0.0083302
v 0.0187439 0.0279078 -0.0103411
v 0.0193670 0.0276529 -0.0083302
v 0.0193670 0.0276529 -0.0103411
v 0.0199051 0.0272564 -0.0083302
v 0.0199051 0.0272564 -0.0103411
v 0.0203016 0.0267466 -0.0083302
v 0.0203016 0.0267466 -0.0103411
v 0.0205565 0.0261235 -0.0083302
v 0.0205565 0.0261235 -0.0103411
v 0.0206415 0.0254721 -0.0083302
v 0.0206415 0.0254721 -0.0103411
v 0.0290000 0.0361814 -0.0103411
v 0.0290000 0.0361814 -0.0083302
v 0.0290000 0.0337174 -0.0103411
v 0.0290000 0.0337174 -0.0083302
v 0.0290000 0.0295824 -0.0103411
v 0.0290000 0.0295824 -0.0083302
v 0.0290000 0.0178500 -0.0103411
v 0.0290000 0.0178500 -0.0083302
v 0.0290000 0.0089533 -0.0103411
v 0.0290000 0.0089533 -0.0083302
v 0.0290000 0.0035119 -0.0103411
v 0.0290000 0.0035119 -0.0083302
v 0.0206415 0.0254721 -0.0083302
v 0.0206415 0.0254721 -0.0103411
v 0.0206415 0.0178500 -0.0083302
v 0.0206415 0.0178500 -0.0103411
v 0.0206415 0.0102278 -0.0083302
v 0.0206415 0.0102278 -0.0103411
v 0.0206415 0.0102278 -0.0083302
v 0.0206415 0.0102278 -0.0103411
v 0.0205565 0.0095764 -0.0083302
v 0.0205565 0.0095764 -0.0103411
v 0.0203016 0.0089533 -0.0083302
v 0.0203016 0.0089533 -0.0103411
v 0.0199051 0.0084435 -0.0083302
v 0.0199051 0.0084435 -0.0103411
v 0.0193670 0.0080187 -0.0083302
v 0.0193670 0.0080187 -0.0103411
v 0.0187439 0.0077638 -0.0083302
v 0.0187439 0.0077638 -0.0103411
v 0.0180925 0.0076788 -0.0083302
v 0.0180925 0.0076788 -0.0103411
v 0.0180925 0.0076788 -0.0083302
v 0.0180925 0.0076788 -0.0103411
v 0.0000159 0.0076788 -0.0083302
v 0.0000159 0.0076788 -0.0103411
v -0.0155966 0.0076788 -0.0083302
v -0.0155966 0.0076788 -0.0103411
v -0.0180925 0.0076788 -0.0083302
v -0.0180925 0.0076788 -0.0103411
v 0.0290000 0.0035119 -0.0103411
v 0.0290000 0.0035119 -0.0083302
v 0.0290000 0.0027189 -0.0102561
v 0.0290000 0.0031721 -0.0083019
v 0.0290000 0.0019825 -0.0100012
v 0.0290000 0.0028605 -0.0081886
v 0.0290000 0.0013311 -0.0095764
v 0.0290000 0.0025773 -0.0080187
v 0.0290000 0.0007647 -0.0090099
v 0.0290000 0.0023224 -0.0077638
v 0.0290000 0.0003399 -0.0083585
v 0.0290000 0.0021525 -0.0074806
v 0.0290000 0.0000850 -0.0076222
v 0.0290000 0.0020392 -0.0071690
v 0.0290000 0.0000000 -0.0068292
v 0.0290000 0.0020109 -0.0068292
v 0.0290000 0.0000000 -0.0068292
v 0.0199900 0.0000000 -0.0068292
v 0.0290000 0.0000850 -0.0076222
v 0.0119997 0.0000000 -0.0068292
v 0.0040093 0.0000000 -0.0068292
v 0.0290000 0.0035119 -0.0103411
v 0.0290000 0.0027189 -0.0102561
v 0.0210380 0.0035119 -0.0103411
v 0.0000159 0.0035119 -0.0103411
v -0.0290000 0.0035119 -0.0103411
v -0.0277822 0.0035119 -0.0103411
v -0.0290000 0.0027189 -0.0102561
v -0.0155966 0.0035119 -0.0103411
v 0.0290000 0.0019825 -0.0100012
v -0.0290000 0.0019825 -0.0100012
v 0.0290000 0.0013311 -0.0095764
v -0.0290000 0.0013311 -0.0095764
v 0.0290000 0.0007647 -0.0090099
v -0.0290000 0.0007647 -0.0090099
v 0.0290000 0.0003399 -0.0083585
v -0.0290000 0.0003399 -0.0083585
v -0.0290000 0.0000850 -0.0076222
v -0.0290000 0.0000000 -0.0068292
v -0.0277822 0.0000000 -0.0068292
v -0.0199900 0.0000000 -0.0068292
v -0.0119997 0.0000000 -0.0068292
v -0.0040093 0.0000000 -0.0068292
v 0.0290000 0.0000000 -0.0068292
v 0.0290000 0.0020109 -0.0068292
v 0.0290000 0.0000000 -0.0026623
v 0.0290000 0.0020109 -0.0026623
v 0.0290000 0.0000000 0.0013311
v 0.0290000 0.0020109 0.0013311
v 0.0290000 0.0000000 0.0077921
v 0.0290000 0.0020109 0.0077921
v 0.0252615 0.0000000 0.0075372
v 0.0246632 0.0000000 0.0077921
v 0.0246632 0.0020109 0.0077921
v 0.0240118 0.0020109 0.0078771
v 0.0240118 0.0000000 0.0078771
v 0.0233320 0.0020109 0.0077921
v 0.0233320 0.0000000 0.0077921
v 0.0227373 0.0020109 0.0075372
v 0.0227373 0.0000000 0.0075372
v 0.0221992 0.0020109 0.0071407
v 0.0221992 0.0000000 0.0071407
v 0.0218027 0.0020109 0.0066026
v 0.0218027 0.0000000 0.0066026
v 0.0215478 0.0020109 0.0060078
v 0.0215478 0.0000000 0.0060078
v 0.0214628 0.0020109 0.0053564
v 0.0214628 0.0000000 0.0053564
v 0.0215478 0.0020109 0.0046767
v 0.0215478 0.0000000 0.0046767
v 0.0218027 0.0020109 0.0040819
v 0.0218027 0.0000000 0.0040819
v 0.0221992 0.0020109 0.0035438
v 0.0221992 0.0000000 0.0035438
v 0.0227373 0.0020109 0.0031473
v 0.0227373 0.0000000 0.0031473
v 0.0233320 0.0020109 0.0028924
v 0.0233320 0.0000000 0.0028924
v 0.0240118 0.0020109 0.0028074
v 0.0240118 0.0000000 0.0028074
v 0.0246632 0.0020109 0.0028924
v 0.0246632 0.0000000 0.0028924
v 0.0252615 0.0020109 0.0031473
v 0.0252615 0.0000000 0.0031473
v 0.0257996 0.0020109 0.0035438
v 0.0257996 0.0000000 0.0035438
v 0.0261961 0.0020109 0.0040819
v 0.0261961 0.0000000 0.0040819
v 0.0264510 0.0020109 0.0046767
v 0.0264510 0.0000000 0.0046767
v 0.0265360 0.0020109 0.0053564
v 0.0265360 0.0000000 0.0053564
v 0.0264510 0.0020109 0.0060078
v 0.0264510 0.0000000 0.0060078
v 0.0261961 0.0020109 0.0066026
v 0.0261961 0.0000000 0.0066026
v 0.0257996 0.0020109 0.0071407
v 0.0257996 0.0000000 0.0071407
v 0.0252615 0.0020109 0.0075372
v -0.0024516 0.0000000 -0.0020109
v -0.0025366 0.0000000 -0.0026623
v -0.0025366 0.0020109 -0.0026623
v -0.0024516 0.0020109 -0.0033137
v -0.0024516 0.0000000 -0.0033137
v -0.0021967 0.0020109 -0.0039368
v -0.0021967 0.0000000 -0.0039368
v -0.0018002 0.0020109 -0.0044466
v -0.0018002 0.0000000 -0.0044466
v -0.0012621 0.0020109 -0.0048431
v -0.0012621 0.0000000 -0.0048431
v -0.0006673 0.0020109 -0.0050980
v -0.0006673 0.0000000 -0.0050980
v 0.0000159 0.0020109 -0.0051829
v 0.0000159 0.0000000 -0.0051829
v 0.0006673 0.0020109 -0.0050980
v 0.0006673 0.0000000 -0.0050980
v 0.0012621 0.0020109 -0.0048431
v 0.0012621 0.0000000 -0.0048431
v 0.0018002 0.0020109 -0.0044466
v 0.0018002 0.0000000 -0.0044466
v 0.0021967 0.0020109 -0.0039368
v 0.0021967 0.0000000 -0.0039368
v 0.0024516 0.0020109 -0.0033137
v 0.0024516 0.0000000 -0.0033137
v 0.0025366 0.0020109 -0.0026623
v 0.0025366 0.0000000 -0.0026623
v 0.0024516 0.0020109 -0.0020109
v 0.0024516 0.0000000 -0.0020109
v 0.0021967 0.0020109 -0.0013878
v 0.0021967 0.0000000 -0.0013878
v 0.0018002 0.0020109 -0.0008497
v 0.0018002 0.0000000 -0.0008497
v 0.0012621 0.0020109 -0.0004532
v 0.0012621 0.0000000 -0.0004532
v 0.0006673 0.0020109 -0.0001983
v 0.0006673 0.0000000 -0.0001983
v 0.0000159 0.0020109 -0.0001133
v 0.0000159 0.0000000 -0.0001133
v -0.0006673 0.0020109 -0.0001983
v -0.0006673 0.0000000 -0.0001983
v -0.0012621 0.0020109 -0.0004532
v -0.0012621 0.0000000 -0.0004532
v -0.0018002 0.0020109 -0.0008497
v -0.0018002 0.0000000 -0.0008497
v -0.0021967 0.0020109 -0.0013878
v -0.0021967 0.0000000 -0.0013878
v -0.0024516 0.0020109 -0.0020109
v -0.0290000 0.0020109 -0.0068292
v -0.0290000 0.0000000 -0.0068292
v -0.0290000 0.0020109 -0.0026623
v -0.0290000 0.0000000 -0.0026623
v -0.0290000 0.0020109 0.0013311
v -0.0290000 0.0000000 0.0013311
v -0.0290000 0.0020109 0.0077921
v -0.0290000 0.0000000 0.0077921
v -0.0138123 0.0020109 -0.0013878
v -0.0135574 0.0020109 -0.0020109
v -0.0135574 0.0000000 -0.0020109
v -0.0134724 0.0000000 -0.0026623
v -0.0134724 0.0020109 -0.0026623
v -0.0135574 0.0000000 -0.0033137
v -0.0135574 0.0020109 -0.0033137
v -0.0138123 0.0000000 -0.0039368
v -0.0138123 0.0020109 -0.0039368
v -0.0142088 0.0000000 -0.0044466
v -0.0142088 0.0020109 -0.0044466
v -0.0147186 0.0000000 -0.0048431
v -0.0147186 0.0020109 -0.0048431
v -0.0153417 0.0000000 -0.0050980
v -0.0153417 0.0020109 -0.0050980
v -0.0159931 0.0000000 -0.0051829
v -0.0159931 0.0020109 -0.0051829
v -0.0166481 0.0000000 -0.0050980
v -0.0166481 0.0020109 -0.0050980
v -0.0172711 0.0000000 -0.0048431
v -0.0172711 0.0020109 -0.0048431
v -0.0178093 0.0000000 -0.0044466
v -0.0178093 0.0020109 -0.0044466
v -0.0182058 0.0000000 -0.0039368
v -0.0182058 0.0020109 -0.0039368
v -0.0184607 0.0000000 -0.0033137
v -0.0184607 0.0020109 -0.0033137
v -0.0185456 0.0000000 -0.0026623
v -0.0185456 0.0020109 -0.0026623
v -0.0184607 0.0000000 -0.0020109
v -0.0184607 0.0020109 -0.0020109
v -0.0182058 0.0000000 -0.0013878
v -0.0182058 0.0020109 -0.0013878
v -0.0178093 0.0000000 -0.0008497
v -0.0178093 0.0020109 -0.0008497
v -0.0172711 0.0000000 -0.0004532
v -0.0172711 0.0020109 -0.0004532
v -0.0166481 0.0000000 -0.0001983
v -0.0166481 0.0020109 -0.0001983
v -0.0159931 0.0000000 -0.0001133
v -0.0159931 0.0020109 -0.0001133
v -0.0153417 0.0000000 -0.0001983
v -0.0153417 0.0020109 -0.0001983
v -0.0147186 0.0000000 -0.0004532
v -0.0147186 0.0020109 -0.0004532
v -0.0142088 0.0000000 -0.0008497
v -0.0142088 0.0020109 -0.0008497
v -0.0138123 0.0000000 -0.0013878
v -0.0104420 0.0000000 0.0060078
v -0.0105269 0.0000000 0.0053564
v -0.0105269 0.0020109 0.0053564
v -0.0104420 0.0020109 0.0046767
v -0.0104420 0.0000000 0.0046767
v -0.0101871 0.0020109 0.0040819
v -0.0101871 0.0000000 0.0040819
v -0.0097906 0.0020109 0.0035438
v -0.0097906 0.0000000 0.0035438
v -0.0092808 0.0020109 0.0031473
v -0.0092808 0.0000000 0.0031473
v -0.0086577 0.0020109 0.0028924
v -0.0086577 0.0000000 0.0028924
v -0.0080027 0.0020109 0.0028074
v -0.0080027 0.0000000 0.0028074
v -0.0073513 0.0020109 0.0028924
v -0.0073513 0.0000000 0.0028924
v -0.0067283 0.0020109 0.0031473
v -0.0067283 0.0000000 0.0031473
v -0.0061901 0.0020109 0.0035438
v -0.0061901 0.0000000 0.0035438
v -0.0057936 0.0020109 0.0040819
v -0.0057936 0.0000000 0.0040819
v -0.0055387 0.0020109 0.0046767
v -0.0055387 0.0000000 0.0046767
v -0.0054538 0.0020109 0.0053564
v -0.0054538 0.0000000 0.0053564
v -0.0055387 0.0020109 0.0060078
v -0.0055387 0.0000000 0.0060078
v -0.0057936 0.0020109 0.0066026
v -0.0057936 0.0000000 0.0066026
v -0.0061901 0.0020109 0.0071407
v -0.0061901 0.0000000 0.0071407
v -0.0067283 0.0020109 0.0075372
v -0.0067283 0.0000000 0.0075372
v -0.0073513 0.0020109 0.0077921
v -0.0073513 0.0000000 0.0077921
v -0.0080027 0.0020109 0.0078771
v -0.0080027 0.0000000 0.0078771
v -0.0086577 0.0020109 0.0077921
v -0.0086577 0.0000000 0.0077921
v -0.0092808 0.0020109 0.0075372
v -0.0092808 0.0000000 0.0075372
v -0.0097906 0.0020109 0.0071407
v -0.0097906 0.0000000 0.0071407
v -0.0101871 0.0020109 0.0066026
v -0.0101871 0.0000000 0.0066026
v -0.0104420 0.0020109 0.0060078
v -0.0290000 0.0000000 0.0077921
v -0.0289150 0.0000000 0.0084718
v -0.0290000 0.0020109 0.0077921
v -0.0289150 0.0020109 0.0084718
v 0.0290000 0.0020109 0.0077921
v 0.0289150 0.0020109 0.0084718
v 0.0290000 0.0000000 0.0077921
v 0.0289150 0.0000000 0.0084718
v 0.0286601 0.0020109 0.0090666
v 0.0286601 0.0000000 0.0090666
v 0.0286318 0.0000000 0.0091232
v 0.0286318 0.0020109 0.0091232
v 0.0282636 0.0000000 0.0096047
v 0.0282636 0.0020109 0.0096047
v 0.0277255 0.0020109 0.0100012
v 0.0277255 0.0000000 0.0100012
v 0.0271307 0.0020109 0.0102561
v 0.0271307 0.0000000 0.0102561
v 0.0264510 0.0020109 0.0103411
v 0.0264510 0.0000000 0.0103411
v 0.0199900 0.0000000 0.0103411
v 0.0199900 0.0020109 0.0103411
v 0.0119997 0.0000000 0.0103411
v 0.0119997 0.0020109 0.0103411
v 0.0040093 0.0000000 0.0103411
v 0.0040093 0.0020109 0.0103411
v -0.0040093 0.0000000 0.0103411
v -0.0040093 0.0020109 0.0103411
v -0.0119997 0.0000000 0.0103411
v -0.0119997 0.0020109 0.0103411
v -0.0199900 0.0000000 0.0103411
v -0.0199900 0.0020109 0.0103411
v -0.0264510 0.0000000 0.0103411
v -0.0264510 0.0020109 0.0103411
v -0.0271307 0.0020109 0.0102561
v -0.0271307 0.0000000 0.0102561
v -0.0277255 0.0020109 0.0100012
v -0.0277255 0.0000000 0.0100012
v -0.0277822 0.0000000 0.0099729
v -0.0277822 0.0020109 0.0099729
v -0.0282636 0.0000000 0.0096047
v -0.0282636 0.0020109 0.0096047
v -0.0286318 0.0000000 0.0091232
v -0.0286318 0.0020109 0.0091232
v -0.0286601 0.0000000 0.0090666
v -0.0286601 0.0020109 0.0090666
v -0.0184607 0.0000000 -0.0020109
v -0.0199900 0.0000000 -0.0026623
v -0.0185456 0.0000000 -0.0026623
v -0.0184607 0.0000000 -0.0033137
v -0.0182058 0.0000000 -0.0039368
v 0.0105269 0.0000000 0.0053564
v 0.0104420 0.0000000 0.0046767
v 0.0119997 0.0000000 0.0013311
v 0.0101871 0.0000000 0.0040819
v 0.0097906 0.0000000 0.0035438
v 0.0092808 0.0000000 0.0031473
v 0.0086577 0.0000000 0.0028924
v 0.0080027 0.0000000 0.0028074
v 0.0040093 0.0000000 0.0013311
v 0.0073513 0.0000000 0.0028924
v 0.0067283 0.0000000 0.0031473
v 0.0061901 0.0000000 0.0035438
v 0.0057936 0.0000000 0.0040819
v 0.0055387 0.0000000 0.0046767
v 0.0054538 0.0000000 0.0053564
v -0.0080027 0.0000000 0.0028074
v -0.0040093 0.0000000 0.0013311
v -0.0073513 0.0000000 0.0028924
v -0.0067283 0.0000000 0.0031473
v -0.0061901 0.0000000 0.0035438
v -0.0057936 0.0000000 0.0040819
v -0.0055387 0.0000000 0.0046767
v -0.0054538 0.0000000 0.0053564
v -0.0080027 0.0000000 0.0078771
v -0.0073513 0.0000000 0.0077921
v -0.0040093 0.0000000 0.0091232
v -0.0067283 0.0000000 0.0075372
v -0.0061901 0.0000000 0.0071407
v -0.0057936 0.0000000 0.0066026
v -0.0055387 0.0000000 0.0060078
v 0.0040093 0.0000000 0.0091232
v 0.0055387 0.0000000 0.0060078
v 0.0057936 0.0000000 0.0066026
v 0.0061901 0.0000000 0.0071407
v 0.0067283 0.0000000 0.0075372
v 0.0073513 0.0000000 0.0077921
v 0.0080027 0.0000000 0.0078771
v 0.0119997 0.0000000 0.0091232
v 0.0086577 0.0000000 0.0077921
v 0.0092808 0.0000000 0.0075372
v 0.0097906 0.0000000 0.0071407
v 0.0101871 0.0000000 0.0066026
v 0.0104420 0.0000000 0.0060078
v 0.0199900 0.0000000 0.0091232
v 0.0240118 0.0000000 0.0078771
v 0.0233320 0.0000000 0.0077921
v 0.0227373 0.0000000 0.0075372
v 0.0221992 0.0000000 0.0071407
v 0.0218027 0.0000000 0.0066026
v 0.0215478 0.0000000 0.0060078
v 0.0214628 0.0000000 0.0053564
v 0.0240118 0.0000000 0.0028074
v 0.0233320 0.0000000 0.0028924
v 0.0199900 0.0000000 0.0013311
v 0.0227373 0.0000000 0.0031473
v 0.0221992 0.0000000 0.0035438
v 0.0218027 0.0000000 0.0040819
v 0.0215478 0.0000000 0.0046767
v 0.0184607 0.0000000 -0.0033137
v 0.0199900 0.0000000 -0.0026623
v 0.0185456 0.0000000 -0.0026623
v 0.0184607 0.0000000 -0.0020109
v 0.0182058 0.0000000 -0.0013878
v 0.0178093 0.0000000 -0.0008497
v 0.0172711 0.0000000 -0.0004532
v 0.0166480 0.0000000 -0.0001983
v 0.0159931 0.0000000 -0.0001133
v 0.0153417 0.0000000 -0.0001983
v 0.0147186 0.0000000 -0.0004532
v 0.0142088 0.0000000 -0.0008497
v 0.0138123 0.0000000 -0.0013878
v 0.0135574 0.0000000 -0.0020109
v 0.0138123 0.0000000 -0.0039368
v 0.0135574 0.0000000 -0.0033137
v 0.0119997 0.0000000 -0.0026623
v 0.0134724 0.0000000 -0.0026623
v 0.0040093 0.0000000 -0.0026623
v 0.0024516 0.0000000 -0.0033137
v 0.0025366 0.0000000 -0.0026623
v 0.0024516 0.0000000 -0.0020109
v 0.0021967 0.0000000 -0.0013878
v 0.0018002 0.0000000 -0.0008497
v 0.0012621 0.0000000 -0.0004532
v 0.0006673 0.0000000 -0.0001983
v 0.0000159 0.0000000 -0.0001133
v -0.0006673 0.0000000 -0.0001983
v -0.0012621 0.0000000 -0.0004532
v -0.0018002 0.0000000 -0.0008497
v -0.0021967 0.0000000 -0.0013878
v -0.0024516 0.0000000 -0.0020109
v -0.0021967 0.0000000 -0.0039368
v -0.0024516 0.0000000 -0.0033137
v -0.0040093 0.0000000 -0.0026623
v -0.0025366 0.0000000 -0.0026623
v -0.0119997 0.0000000 -0.0026623
v -0.0135574 0.0000000 -0.0033137
v -0.0134724 0.0000000 -0.0026623
v -0.0135574 0.0000000 -0.0020109
v -0.0138123 0.0000000 -0.0013878
v -0.0159931 0.0000000 -0.0001133
v -0.0153417 0.0000000 -0.0001983
v -0.0119997 0.0000000 0.0013311
v -0.0147186 0.0000000 -0.0004532
v -0.0142088 0.0000000 -0.0008497
v -0.0086577 0.0000000 0.0028924
v -0.0092808 0.0000000 0.0031473
v -0.0097906 0.0000000 0.0035438
v -0.0101871 0.0000000 0.0040819
v -0.0104420 0.0000000 0.0046767
v -0.0105269 0.0000000 0.0053564
v -0.0119997 0.0000000 0.0091232
v -0.0104420 0.0000000 0.0060078
v -0.0101871 0.0000000 0.0066026
v -0.0097906 0.0000000 0.0071407
v -0.0092808 0.0000000 0.0075372
v -0.0086577 0.0000000 0.0077921
v -0.0119997 0.0000000 0.0103411
v -0.0040093 0.0000000 0.0103411
v 0.0040093 0.0000000 0.0103411
v 0.0119997 0.0000000 0.0103411
v 0.0199900 0.0000000 0.0103411
v 0.0264510 0.0000000 0.0103411
v 0.0271307 0.0000000 0.0102561
v 0.0277255 0.0000000 0.0100012
v 0.0282636 0.0000000 0.0096047
v 0.0286318 0.0000000 0.0091232
v 0.0246632 0.0000000 0.0077921
v 0.0252615 0.0000000 0.0075372
v 0.0257996 0.0000000 0.0071407
v 0.0286601 0.0000000 0.0090666
v 0.0261961 0.0000000 0.0066026
v 0.0289150 0.0000000 0.0084718
v 0.0290000 0.0000000 0.0077921
v 0.0264510 0.0000000 0.0060078
v 0.0265360 0.0000000 0.0053564
v 0.0290000 0.0000000 0.0013311
v 0.0264510 0.0000000 0.0046767
v 0.0261961 0.0000000 0.0040819
v 0.0257996 0.0000000 0.0035438
v 0.0252615 0.0000000 0.0031473
v 0.0246632 0.0000000 0.0028924
v 0.0290000 0.0000000 -0.0026623
v 0.0290000 0.0000000 -0.0068292
v 0.0199900 0.0000000 -0.0068292
v 0.0182058 0.0000000 -0.0039368
v 0.0178093 0.0000000 -0.0044466
v 0.0172711 0.0000000 -0.0048431
v 0.0166480 0.0000000 -0.0050980
v 0.0159931 0.0000000 -0.0051829
v 0.0119997 0.0000000 -0.0068292
v 0.0153417 0.0000000 -0.0050980
v 0.0147186 0.0000000 -0.0048431
v 0.0142088 0.0000000 -0.0044466
v 0.0040093 0.0000000 -0.0068292
v 0.0021967 0.0000000 -0.0039368
v 0.0018002 0.0000000 -0.0044466
v 0.0012621 0.0000000 -0.0048431
v 0.0006673 0.0000000 -0.0050980
v 0.0000159 0.0000000 -0.0051829
v -0.0040093 0.0000000 -0.0068292
v -0.0006673 0.0000000 -0.0050980
v -0.0012621 0.0000000 -0.0048431
v -0.0018002 0.0000000 -0.0044466
v -0.0119997 0.0000000 -0.0068292
v -0.0138123 0.0000000 -0.0039368
v -0.0142088 0.0000000 -0.0044466
v -0.0147186 0.0000000 -0.0048431
v -0.0153417 0.0000000 -0.0050980
v -0.0159931 0.0000000 -0.0051829
v -0.0199900 0.0000000 -0.0068292
v -0.0166481 0.0000000 -0.0050980
v -0.0172711 0.0000000 -0.0048431
v -0.0178093 0.0000000 -0.0044466
v -0.0277822 0.0000000 -0.0068292
v -0.0277822 0.0000000 -0.0026623
v -0.0290000 0.0000000 -0.0068292
v -0.0290000 0.0000000 -0.0026623
v -0.0290000 0.0000000 0.0077921
v -0.0290000 0.0000000 0.0013311
v -0.0277822 0.0000000 0.0013311
v -0.0199900 0.0000000 0.0013311
v -0.0182058 0.0000000 -0.0013878
v -0.0178093 0.0000000 -0.0008497
v -0.0172711 0.0000000 -0.0004532
v -0.0166481 0.0000000 -0.0001983
v -0.0199900 0.0000000 0.0091232
v -0.0199900 0.0000000 0.0103411
v -0.0277822 0.0000000 0.0091232
v -0.0264510 0.0000000 0.0103411
v -0.0271307 0.0000000 0.0102561
v -0.0277255 0.0000000 0.0100012
v -0.0277822 0.0000000 0.0099729
v -0.0282636 0.0000000 0.0096047
v -0.0286318 0.0000000 0.0091232
v -0.0286601 0.0000000 0.0090666
v -0.0289150 0.0000000 0.0084718
v -0.0265360 0.0000000 0.0053564
v -0.0264510 0.0000000 0.0046767
v -0.0261961 0.0000000 0.0040819
v -0.0257996 0.0000000 0.0035438
v -0.0252615 0.0000000 0.0031473
v -0.0246632 0.0000000 0.0028924
v -0.0240118 0.0000000 0.0028074
v -0.0233321 0.0000000 0.0028924
v -0.0227373 0.0000000 0.0031473
v -0.0221992 0.0000000 0.0035438
v -0.0218027 0.0000000 0.0040819
v -0.0215478 0.0000000 0.0046767
v -0.0214628 0.0000000 0.0053564
v -0.0215478 0.0000000 0.0060078
v -0.0218027 0.0000000 0.0066026
v -0.0221992 0.0000000 0.0071407
v -0.0227373 0.0000000 0.0075372
v -0.0233321 0.0000000 0.0077921
v -0.0240118 0.0000000 0.0078771
v -0.0246632 0.0000000 0.0077921
v -0.0252615 0.0000000 0.0075372
v -0.0257996 0.0000000 0.0071407
v -0.0261961 0.0000000 0.0066026
v -0.0264510 0.0000000 0.0060078
v -0.0246632 0.0020109 0.0077921
v -0.0240118 0.0020109 0.0078771
v -0.0240118 0.0000000 0.0078771
v -0.0233321 0.0000000 0.0077921
v -0.0233321 0.0020109 0.0077921
v -0.0227373 0.0000000 0.0075372
v -0.0227373 0.0020109 0.0075372
v -0.0221992 0.0000000 0.0071407
v -0.0221992 0.0020109 0.0071407
v -0.0218027 0.0000000 0.0066026
v -0.0218027 0.0020109 0.0066026
v -0.0215478 0.0000000 0.0060078
v -0.0215478 0.0020109 0.0060078
v -0.0214628 0.0000000 0.0053564
v -0.0214628 0.0020109 0.0053564
v -0.0215478 0.0000000 0.0046767
v -0.0215478 0.0020109 0.0046767
v -0.0218027 0.0000000 0.0040819
v -0.0218027 0.0020109 0.0040819
v -0.0221992 0.0000000 0.0035438
v -0.0221992 0.0020109 0.0035438
v -0.0227373 0.0000000 0.0031473
v -0.0227373 0.0020109 0.0031473
v -0.0233321 0.0000000 0.0028924
v -0.0233321 0.0020109 0.0028924
v -0.0240118 0.0000000 0.0028074
v -0.0240118 0.0020109 0.0028074
v -0.0246632 0.0000000 0.0028924
v -0.0246632 0.0020109 0.0028924
v -0.0252615 0.0000000 0.0031473
v -0.0252615 0.0020109 0.0031473
v -0.0257996 0.0000000 0.0035438
v -0.0257996 0.0020109 0.0035438
v -0.0261961 0.0000000 0.0040819
v -0.0261961 0.0020109 0.0040819
v -0.0264510 0.0000000 0.0046767
v -0.0264510 0.0020109 0.0046767
v -0.0265360 0.0000000 0.0053564
v -0.0265360 0.0020109 0.0053564
v -0.0264510 0.0000000 0.0060078
v -0.0264510 0.0020109 0.0060078
v -0.0261961 0.0000000 0.0066026
v -0.0261961 0.0020109 0.0066026
v -0.0257996 0.0000000 0.0071407
v -0.0257996 0.0020109 0.0071407
v -0.0252615 0.0000000 0.0075372
v -0.0252615 0.0020109 0.0075372
v -0.0246632 0.0000000 0.0077921
v 0.0086577 0.0000000 0.0077921
v 0.0080027 0.0000000 0.0078771
v 0.0080027 0.0020109 0.0078771
v 0.0073513 0.0020109 0.0077921
v 0.0073513 0.0000000 0.0077921
v 0.0067283 0.0020109 0.0075372
v 0.0067283 0.0000000 0.0075372
v 0.0061901 0.0020109 0.0071407
v 0.0061901 0.0000000 0.0071407
v 0.0057936 0.0020109 0.0066026
v 0.0057936 0.0000000 0.0066026
v 0.0055387 0.0020109 0.0060078
v 0.0055387 0.0000000 0.0060078
v 0.0054538 0.0020109 0.0053564
v 0.0054538 0.0000000 0.0053564
v 0.0055387 0.0020109 0.0046767
v 0.0055387 0.0000000 0.0046767
v 0.0057936 0.0020109 0.0040819
v 0.0057936 0.0000000 0.0040819
v 0.0061901 0.0020109 0.0035438
v 0.0061901 0.0000000 0.0035438
v 0.0067283 0.0020109 0.0031473
v 0.0067283 0.0000000 0.0031473
v 0.0073513 0.0020109 0.0028924
v 0.0073513 0.0000000 0.0028924
v 0.0080027 0.0020109 0.0028074
v 0.0080027 0.0000000 0.0028074
v 0.0086577 0.0020109 0.0028924
v 0.0086577 0.0000000 0.0028924
v 0.0092808 0.0020109 0.0031473
v 0.0092808 0.0000000 0.0031473
v 0.0097906 0.0020109 0.0035438
v 0.0097906 0.0000000 0.0035438
v 0.0101871 0.0020109 0.0040819
v 0.0101871 0.0000000 0.0040819
v 0.0104420 0.0020109 0.0046767
v 0.0104420 0.0000000 0.0046767
v 0.0105269 0.0020109 0.0053564
v 0.0105269 0.0000000 0.0053564
v 0.0104420 0.0020109 0.0060078
v 0.0104420 0.0000000 0.0060078
v 0.0101871 0.0020109 0.0066026
v 0.0101871 0.0000000 0.0066026
v 0.0097906 0.0020109 0.0071407
v 0.0097906 0.0000000 0.0071407
v 0.0092808 0.0020109 0.0075372
v 0.0092808 0.0000000 0.0075372
v 0.0086577 0.0020109 0.0077921
v -0.0240118 0.0020109 0.0028074
v -0.0233321 0.0020109 0.0028924
v -0.0199900 0.0020109 0.0013311
v -0.0227373 0.0020109 0.0031473
v -0.0221992 0.0020109 0.0035438
v -0.0218027 0.0020109 0.0040819
v -0.0215478 0.0020109 0.0046767
v -0.0214628 0.0020109 0.0053564
v -0.0105269 0.0020109 0.0053564
v -0.0104420 0.0020109 0.0046767
v -0.0119997 0.0020109 0.0013311
v -0.0101871 0.0020109 0.0040819
v -0.0097906 0.0020109 0.0035438
v -0.0092808 0.0020109 0.0031473
v -0.0086577 0.0020109 0.0028924
v -0.0080027 0.0020109 0.0028074
v -0.0040093 0.0020109 0.0013311
v -0.0073513 0.0020109 0.0028924
v -0.0067283 0.0020109 0.0031473
v -0.0061901 0.0020109 0.0035438
v -0.0057936 0.0020109 0.0040819
v -0.0055387 0.0020109 0.0046767
v -0.0054538 0.0020109 0.0053564
v 0.0040093 0.0020109 0.0091232
v -0.0040093 0.0020109 0.0091232
v -0.0055387 0.0020109 0.0060078
v -0.0057936 0.0020109 0.0066026
v -0.0061901 0.0020109 0.0071407
v -0.0067283 0.0020109 0.0075372
v -0.0073513 0.0020109 0.0077921
v -0.0080027 0.0020109 0.0078771
v -0.0119997 0.0020109 0.0091232
v -0.0086577 0.0020109 0.0077921
v -0.0092808 0.0020109 0.0075372
v -0.0097906 0.0020109 0.0071407
v -0.0101871 0.0020109 0.0066026
v -0.0104420 0.0020109 0.0060078
v -0.0199900 0.0020109 0.0091232
v -0.0215478 0.0020109 0.0060078
v -0.0218027 0.0020109 0.0066026
v -0.0221992 0.0020109 0.0071407
v -0.0227373 0.0020109 0.0075372
v -0.0233321 0.0020109 0.0077921
v -0.0240118 0.0020109 0.0078771
v -0.0277822 0.0020109 0.0091232
v -0.0246632 0.0020109 0.0077921
v -0.0252615 0.0020109 0.0075372
v -0.0257996 0.0020109 0.0071407
v -0.0261961 0.0020109 0.0066026
v -0.0264510 0.0020109 0.0060078
v -0.0265360 0.0020109 0.0053564
v -0.0277822 0.0020109 0.0013311
v -0.0264510 0.0020109 0.0046767
v -0.0261961 0.0020109 0.0040819
v -0.0257996 0.0020109 0.0035438
v -0.0252615 0.0020109 0.0031473
v -0.0246632 0.0020109 0.0028924
v -0.0277822 0.0020109 -0.0026623
v -0.0199900 0.0020109 -0.0026623
v -0.0184607 0.0020109 -0.0033137
v -0.0185456 0.0020109 -0.0026623
v -0.0184607 0.0020109 -0.0020109
v -0.0182058 0.0020109 -0.0013878
v -0.0178093 0.0020109 -0.0008497
v -0.0172711 0.0020109 -0.0004532
v -0.0166481 0.0020109 -0.0001983
v -0.0159931 0.0020109 -0.0001133
v -0.0153417 0.0020109 -0.0001983
v -0.0147186 0.0020109 -0.0004532
v -0.0142088 0.0020109 -0.0008497
v -0.0138123 0.0020109 -0.0013878
v -0.0135574 0.0020109 -0.0020109
v -0.0138123 0.0020109 -0.0039368
v -0.0135574 0.0020109 -0.0033137
v -0.0119997 0.0020109 -0.0026623
v -0.0134724 0.0020109 -0.0026623
v -0.0040093 0.0020109 -0.0026623
v -0.0024516 0.0020109 -0.0033137
v -0.0025366 0.0020109 -0.0026623
v -0.0024516 0.0020109 -0.0020109
v -0.0021967 0.0020109 -0.0013878
v -0.0018002 0.0020109 -0.0008497
v -0.0012621 0.0020109 -0.0004532
v -0.0006673 0.0020109 -0.0001983
v 0.0000159 0.0020109 -0.0001133
v 0.0021967 0.0020109 -0.0039368
v 0.0024516 0.0020109 -0.0033137
v 0.0040093 0.0020109 -0.0026623
v 0.0025366 0.0020109 -0.0026623
v 0.0024516 0.0020109 -0.0020109
v 0.0040093 0.0020109 0.0013311
v 0.0021967 0.0020109 -0.0013878
v 0.0018002 0.0020109 -0.0008497
v 0.0012621 0.0020109 -0.0004532
v 0.0006673 0.0020109 -0.0001983
v 0.0080027 0.0020109 0.0028074
v 0.0073513 0.0020109 0.0028924
v 0.0067283 0.0020109 0.0031473
v 0.0061901 0.0020109 0.0035438
v 0.0057936 0.0020109 0.0040819
v 0.0055387 0.0020109 0.0046767
v 0.0054538 0.0020109 0.0053564
v 0.0055387 0.0020109 0.0060078
v 0.0057936 0.0020109 0.0066026
v 0.0061901 0.0020109 0.0071407
v 0.0067283 0.0020109 0.0075372
v 0.0073513 0.0020109 0.0077921
v 0.0080027 0.0020109 0.0078771
v 0.0105269 0.0020109 0.0053564
v 0.0104420 0.0020109 0.0060078
v 0.0119997 0.0020109 0.0091232
v 0.0101871 0.0020109 0.0066026
v 0.0097906 0.0020109 0.0071407
v 0.0092808 0.0020109 0.0075372
v 0.0086577 0.0020109 0.0077921
v 0.0240118 0.0020109 0.0078771
v 0.0233320 0.0020109 0.0077921
v 0.0199900 0.0020109 0.0091232
v 0.0227373 0.0020109 0.0075372
v 0.0221992 0.0020109 0.0071407
v 0.0218027 0.0020109 0.0066026
v 0.0215478 0.0020109 0.0060078
v 0.0214628 0.0020109 0.0053564
v 0.0199900 0.0020109 0.0013311
v 0.0215478 0.0020109 0.0046767
v 0.0218027 0.0020109 0.0040819
v 0.0221992 0.0020109 0.0035438
v 0.0227373 0.0020109 0.0031473
v 0.0233320 0.0020109 0.0028924
v 0.0240118 0.0020109 0.0028074
v 0.0290000 0.0020109 -0.0068292
v 0.0199900 0.0020109 -0.0068292
v 0.0290000 0.0020109 -0.0026623
v 0.0199900 0.0020109 -0.0026623
v 0.0290000 0.0020109 0.0013311
v 0.0246632 0.0020109 0.0028924
v 0.0252615 0.0020109 0.0031473
v 0.0257996 0.0020109 0.0035438
v 0.0261961 0.0020109 0.0040819
v 0.0264510 0.0020109 0.0046767
v 0.0290000 0.0020109 0.0077921
v 0.0265360 0.0020109 0.0053564
v 0.0264510 0.0020109 0.0060078
v 0.0289150 0.0020109 0.0084718
v 0.0261961 0.0020109 0.0066026
v 0.0286601 0.0020109 0.0090666
v 0.0257996 0.0020109 0.0071407
v 0.0286318 0.0020109 0.0091232
v 0.0252615 0.0020109 0.0075372
v 0.0246632 0.0020109 0.0077921
v 0.0271307 0.0020109 0.0102561
v 0.0277255 0.0020109 0.0100012
v 0.0264510 0.0020109 0.0103411
v 0.0282636 0.0020109 0.0096047
v 0.0199900 0.0020109 0.0103411
v 0.0119997 0.0020109 0.0103411
v 0.0040093 0.0020109 0.0103411
v -0.0040093 0.0020109 0.0103411
v -0.0119997 0.0020109 0.0103411
v -0.0199900 0.0020109 0.0103411
v -0.0264510 0.0020109 0.0103411
v -0.0271307 0.0020109 0.0102561
v -0.0277255 0.0020109 0.0100012
v -0.0277822 0.0020109 0.0099729
v -0.0282636 0.0020109 0.0096047
v -0.0286318 0.0020109 0.0091232
v -0.0286601 0.0020109 0.0090666
v -0.0289150 0.0020109 0.0084718
v -0.0290000 0.0020109 0.0077921
v -0.0290000 0.0020109 0.0013311
v -0.0290000 0.0020109 -0.0026623
v -0.0290000 0.0020109 -0.0068292
v -0.0277822 0.0020109 -0.0068292
v -0.0199900 0.0020109 -0.0068292
v -0.0182058 0.0020109 -0.0039368
v -0.0178093 0.0020109 -0.0044466
v -0.0172711 0.0020109 -0.0048431
v -0.0166481 0.0020109 -0.0050980
v -0.0159931 0.0020109 -0.0051829
v -0.0119997 0.0020109 -0.0068292
v -0.0153417 0.0020109 -0.0050980
v -0.0147186 0.0020109 -0.0048431
v -0.0142088 0.0020109 -0.0044466
v -0.0040093 0.0020109 -0.0068292
v -0.0021967 0.0020109 -0.0039368
v -0.0018002 0.0020109 -0.0044466
v -0.0012621 0.0020109 -0.0048431
v -0.0006673 0.0020109 -0.0050980
v 0.0000159 0.0020109 -0.0051829
v 0.0040093 0.0020109 -0.0068292
v 0.0006673 0.0020109 -0.0050980
v 0.0012621 0.0020109 -0.0048431
v 0.0018002 0.0020109 -0.0044466
v 0.0119997 0.0020109 -0.0068292
v 0.0119997 0.0020109 -0.0026623
v 0.0119997 0.0020109 0.0013311
v 0.0086577 0.0020109 0.0028924
v 0.0092808 0.0020109 0.0031473
v 0.0097906 0.0020109 0.0035438
v 0.0101871 0.0020109 0.0040819
v 0.0104420 0.0020109 0.0046767
v 0.0159931 0.0020109 -0.0001133
v 0.0166480 0.0020109 -0.0001983
v 0.0172711 0.0020109 -0.0004532
v 0.0178093 0.0020109 -0.0008497
v 0.0182058 0.0020109 -0.0013878
v 0.0184607 0.0020109 -0.0020109
v 0.0185456 0.0020109 -0.0026623
v 0.0184607 0.0020109 -0.0033137
v 0.0182058 0.0020109 -0.0039368
v 0.0178093 0.0020109 -0.0044466
v 0.0172711 0.0020109 -0.0048431
v 0.0166480 0.0020109 -0.0050980
v 0.0159931 0.0020109 -0.0051829
v 0.0153417 0.0020109 -0.0050980
v 0.0147186 0.0020109 -0.0048431
v 0.0142088 0.0020109 -0.0044466
v 0.0138123 0.0020109 -0.0039368
v 0.0135574 0.0020109 -0.0033137
v 0.0134724 0.0020109 -0.0026623
v 0.0135574 0.0020109 -0.0020109
v 0.0138123 0.0020109 -0.0013878
v 0.0142088 0.0020109 -0.0008497
v 0.0147186 0.0020109 -0.0004532
v 0.0153417 0.0020109 -0.0001983
v 0.0138123 0.0000000 -0.0013878
v 0.0135574 0.0000000 -0.0020109
v 0.0135574 0.0020109 -0.0020109
v 0.0134724 0.0020109 -0.0026623
v 0.0134724 0.0000000 -0.0026623
v 0.0135574 0.0020109 -0.0033137
v 0.0135574 0.0000000 -0.0033137
v 0.0138123 0.0020109 -0.0039368
v 0.0138123 0.0000000 -0.0039368
v 0.0142088 0.0020109 -0.0044466
v 0.0142088 0.0000000 -0.0044466
v 0.0147186 0.0020109 -0.0048431
v 0.0147186 0.0000000 -0.0048431
v 0.0153417 0.0020109 -0.0050980
v 0.0153417 0.0000000 -0.0050980
v 0.0159931 0.0020109 -0.0051829
v 0.0159931 0.0000000 -0.0051829
v 0.0166480 0.0020109 -0.0050980
v 0.0166480 0.0000000 -0.0050980
v 0.0172711 0.0020109 -0.0048431
v 0.0172711 0.0000000 -0.0048431
v 0.0178093 0.0020109 -0.0044466
v 0.0178093 0.0000000 -0.0044466
v 0.0182058 0.0020109 -0.0039368
v 0.0182058 0.0000000 -0.0039368
v 0.0184607 0.0020109 -0.0033137
v 0.0184607 0.0000000 -0.0033137
v 0.0185456 0.0020109 -0.0026623
v 0.0185456 0.0000000 -0.0026623
v 0.0184607 0.0020109 -0.0020109
v 0.0184607 0.0000000 -0.0020109
v 0.0182058 0.0020109 -0.0013878
v 0.0182058 0.0000000 -0.0013878
v 0.0178093 0.0020109 -0.0008497
v 0.0178093 0.0000000 -0.0008497
v 0.0172711 0.0020109 -0.0004532
v 0.0172711 0.0000000 -0.0004532
v 0.0166480 0.0020109 -0.0001983
v 0.0166480 0.0000000 -0.0001983
v 0.0159931 0.0020109 -0.0001133
v 0.0159931 0.0000000 -0.0001133
v 0.0153417 0.0020109 -0.0001983
v 0.0153417 0.0000000 -0.0001983
v 0.0147186 0.0020109 -0.0004532
v 0.0147186 0.0000000 -0.0004532
v 0.0142088 0.0020109 -0.0008497
v 0.0142088 0.0000000 -0.0008497
v 0.0138123 0.0020109 -0.0013878
v -0.0290000 0.0000000 -0.0068292
v -0.0290000 0.0020109 -0.0068292
v -0.0290000 0.0000850 -0.0076222
v -0.0290000 0.0020392 -0.0071690
v -0.0290000 0.0003399 -0.0083585
v -0.0290000 0.0021525 -0.0074806
v -0.0290000 0.0007647 -0.0090099
v -0.0290000 0.0023224 -0.0077638
v -0.0290000 0.0013311 -0.0095764
v -0.0290000 0.0025773 -0.0080187
v -0.0290000 0.0019825 -0.0100012
v -0.0290000 0.0028605 -0.0081886
v -0.0290000 0.0027189 -0.0102561
v -0.0290000 0.0031721 -0.0083019
v -0.0290000 0.0035119 -0.0103411
v -0.0290000 0.0035119 -0.0083302
v 0.0290000 0.0035119 -0.0083302
v 0.0210380 0.0035119 -0.0083302
v 0.0290000 0.0031721 -0.0083019
v 0.0000159 0.0035119 -0.0083302
v 0.0290000 0.0020109 -0.0068292
v 0.0290000 0.0020392 -0.0071690
v 0.0199900 0.0020109 -0.0068292
v 0.0119997 0.0020109 -0.0068292
v 0.0040093 0.0020109 -0.0068292
v -0.0040093 0.0020109 -0.0068292
v -0.0290000 0.0020109 -0.0068292
v -0.0277822 0.0020109 -0.0068292
v -0.0290000 0.0020392 -0.0071690
v -0.0199900 0.0020109 -0.0068292
v -0.0119997 0.0020109 -0.0068292
v -0.0290000 0.0021525 -0.0074806
v 0.0290000 0.0021525 -0.0074806
v -0.0290000 0.0023224 -0.0077638
v 0.0290000 0.0023224 -0.0077638
v -0.0290000 0.0025773 -0.0080187
v 0.0290000 0.0025773 -0.0080187
v -0.0290000 0.0028605 -0.0081886
v 0.0290000 0.0028605 -0.0081886
v -0.0290000 0.0031721 -0.0083019
v -0.0290000 0.0035119 -0.0083302
v -0.0277822 0.0035119 -0.0083302
v -0.0155966 0.0035119 -0.0083302
v -0.0290000 0.0361814 -0.0083302
v -0.0290000 0.0361814 -0.0103411
v -0.0290000 0.0337174 -0.0083302
v -0.0290000 0.0337174 -0.0103411
v -0.0290000 0.0295824 -0.0083302
v -0.0290000 0.0295824 -0.0103411
v -0.0290000 0.0178500 -0.0083302
v -0.0290000 0.0178500 -0.0103411
v -0.0290000 0.0089533 -0.0083302
v -0.0290000 0.0089533 -0.0103411
v -0.0290000 0.0035119 -0.0083302
v -0.0290000 0.0035119 -0.0103411
v -0.0180925 0.0076788 -0.0083302
v -0.0180925 0.0076788 -0.0103411
v -0.0187439 0.0077638 -0.0083302
v -0.0187439 0.0077638 -0.0103411
v -0.0193670 0.0080187 -0.0083302
v -0.0193670 0.0080187 -0.0103411
v -0.0199051 0.0084435 -0.0083302
v -0.0199051 0.0084435 -0.0103411
v -0.0203016 0.0089533 -0.0083302
v -0.0203016 0.0089533 -0.0103411
v -0.0205565 0.0095764 -0.0083302
v -0.0205565 0.0095764 -0.0103411
v -0.0206415 0.0102278 -0.0083302
v -0.0206415 0.0102278 -0.0103411
v -0.0218027 0.0115023 -0.0083302
v -0.0215478 0.0120971 -0.0083302
v -0.0215478 0.0120971 -0.0103411
v -0.0214628 0.0127803 -0.0103411
v -0.0214628 0.0127803 -0.0083302
v -0.0215478 0.0134317 -0.0103411
v -0.0215478 0.0134317 -0.0083302
v -0.0218027 0.0140265 -0.0103411
v -0.0218027 0.0140265 -0.0083302
v -0.0221992 0.0145646 -0.0103411
v -0.0221992 0.0145646 -0.0083302
v -0.0227373 0.0149611 -0.0103411
v -0.0227373 0.0149611 -0.0083302
v -0.0233321 0.0152160 -0.0103411
v -0.0233321 0.0152160 -0.0083302
v -0.0240118 0.0153010 -0.0103411
v -0.0240118 0.0153010 -0.0083302
v -0.0246632 0.0152160 -0.0103411
v -0.0246632 0.0152160 -0.0083302
v -0.0252615 0.0149611 -0.0103411
v -0.0252615 0.0149611 -0.0083302
v -0.0257996 0.0145646 -0.0103411
v -0.0257996 0.0145646 -0.0083302
v -0.0261961 0.0140265 -0.0103411
v -0.0261961 0.0140265 -0.0083302
v -0.0264510 0.0134317 -0.0103411
v -0.0264510 0.0134317 -0.0083302
v -0.0265360 0.0127803 -0.0103411
v -0.0265360 0.0127803 -0.0083302
v -0.0264510 0.0120971 -0.0103411
v -0.0264510 0.0120971 -0.0083302
v -0.0261961 0.0115023 -0.0103411
v -0.0261961 0.0115023 -0.0083302
v -0.0257996 0.0109642 -0.0103411
v -0.0257996 0.0109642 -0.0083302
v -0.0252615 0.0105677 -0.0103411
v -0.0252615 0.0105677 -0.0083302
v -0.0246632 0.0103128 -0.0103411
v -0.0246632 0.0103128 -0.0083302
v -0.0240118 0.0102278 -0.0103411
v -0.0240118 0.0102278 -0.0083302
v -0.0233321 0.0103128 -0.0103411
v -0.0233321 0.0103128 -0.0083302
v -0.0227373 0.0105677 -0.0103411
v -0.0227373 0.0105677 -0.0083302
v -0.0221992 0.0109642 -0.0103411
v -0.0221992 0.0109642 -0.0083302
v -0.0218027 0.0115023 -0.0103411
v -0.0206415 0.0102278 -0.0083302
v -0.0206415 0.0102278 -0.0103411
v -0.0206415 0.0178500 -0.0083302
v -0.0206415 0.0178500 -0.0103411
v -0.0206415 0.0254721 -0.0083302
v -0.0206415 0.0254721 -0.0103411
v -0.0227373 0.0251323 -0.0083302
v -0.0233321 0.0253872 -0.0083302
v -0.0233321 0.0253872 -0.0103411
v -0.0240118 0.0254721 -0.0103411
v -0.0240118 0.0254721 -0.0083302
v -0.0246632 0.0253872 -0.0103411
v -0.0246632 0.0253872 -0.0083302
v -0.0252615 0.0251323 -0.0103411
v -0.0252615 0.0251323 -0.0083302
v -0.0257996 0.0247358 -0.0103411
v -0.0257996 0.0247358 -0.0083302
v -0.0261961 0.0241976 -0.0103411
v -0.0261961 0.0241976 -0.0083302
v -0.0264510 0.0235746 -0.0103411
v -0.0264510 0.0235746 -0.0083302
v -0.0265360 0.0229232 -0.0103411
v -0.0265360 0.0229232 -0.0083302
v -0.0264510 0.0222717 -0.0103411
v -0.0264510 0.0222717 -0.0083302
v -0.0261961 0.0216487 -0.0103411
v -0.0261961 0.0216487 -0.0083302
v -0.0257996 0.0211389 -0.0103411
v -0.0257996 0.0211389 -0.0083302
v -0.0252615 0.0207424 -0.0103411
v -0.0252615 0.0207424 -0.0083302
v -0.0246632 0.0204839 -0.0103411
v -0.0246632 0.0204839 -0.0083302
v -0.0240118 0.0203989 -0.0103411
v -0.0240118 0.0203989 -0.0083302
v -0.0233321 0.0204839 -0.0103411
v -0.0233321 0.0204839 -0.0083302
v -0.0227373 0.0207424 -0.0103411
v -0.0227373 0.0207424 -0.0083302
v -0.0221992 0.0211389 -0.0103411
v -0.0221992 0.0211389 -0.0083302
v -0.0218027 0.0216487 -0.0103411
v -0.0218027 0.0216487 -0.0083302
v -0.0215478 0.0222717 -0.0103411
v -0.0215478 0.0222717 -0.0083302
v -0.0214628 0.0229232 -0.0103411
v -0.0214628 0.0229232 -0.0083302
v -0.0215478 0.0235746 -0.0103411
v -0.0215478 0.0235746 -0.0083302
v -0.0218027 0.0241976 -0.0103411
v -0.0218027 0.0241976 -0.0083302
v -0.0221992 0.0247358 -0.0103411
v -0.0221992 0.0247358 -0.0083302
v -0.0227373 0.0251323 -0.0103411
v -0.0180925 0.0279928 -0.0103411
v -0.0180925 0.0279928 -0.0083302
v -0.0187439 0.0279078 -0.0103411
v -0.0187439 0.0279078 -0.0083302
v -0.0193670 0.0276529 -0.0103411
v -0.0193670 0.0276529 -0.0083302
v -0.0199051 0.0272564 -0.0103411
v -0.0199051 0.0272564 -0.0083302
v -0.0203016 0.0267466 -0.0103411
v -0.0203016 0.0267466 -0.0083302
v -0.0205565 0.0261235 -0.0103411
v -0.0205565 0.0261235 -0.0083302
v -0.0206415 0.0254721 -0.0103411
v -0.0206415 0.0254721 -0.0083302
v 0.0215478 0.0120971 -0.0103411
v 0.0214628 0.0127803 -0.0103411
v 0.0214628 0.0127803 -0.0083302
v 0.0215478 0.0134317 -0.0083302
v 0.0215478 0.0134317 -0.0103411
v 0.0218027 0.0140265 -0.0083302
v 0.0218027 0.0140265 -0.0103411
v 0.0221992 0.0145646 -0.0083302
v 0.0221992 0.0145646 -0.0103411
v 0.0227373 0.0149611 -0.0083302
v 0.0227373 0.0149611 -0.0103411
v 0.0233320 0.0152160 -0.0083302
v 0.0233320 0.0152160 -0.0103411
v 0.0240118 0.0153010 -0.0083302
v 0.0240118 0.0153010 -0.0103411
v 0.0246632 0.0152160 -0.0083302
v 0.0246632 0.0152160 -0.0103411
v 0.0252615 0.0149611 -0.0083302
v 0.0252615 0.0149611 -0.0103411
v 0.0257996 0.0145646 -0.0083302
v 0.0257996 0.0145646 -0.0103411
v 0.0261961 0.0140265 -0.0083302
v 0.0261961 0.0140265 -0.0103411
v 0.0264510 0.0134317 -0.0083302
v 0.0264510 0.0134317 -0.0103411
v 0.0265360 0.0127803 -0.0083302
v 0.0265360 0.0127803 -0.0103411
v 0.0264510 0.0120971 -0.0083302
v 0.0264510 0.0120971 -0.0103411
v 0.0261961 0.0115023 -0.0083302
v 0.0261961 0.0115023 -0.0103411
v 0.0257996 0.0109642 -0.0083302
v 0.0257996 0.0109642 -0.0103411
v 0.0252615 0.0105677 -0.0083302
v 0.0252615 0.0105677 -0.0103411
v 0.0246632 0.0103128 -0.0083302
v 0.0246632 0.0103128 -0.0103411
v 0.0240118 0.0102278 -0.0083302
v 0.0240118 0.0102278 -0.0103411
v 0.0233320 0.0103128 -0.0083302
v 0.0233320 0.0103128 -0.0103411
v 0.0227373 0.0105677 -0.0083302
v 0.0227373 0.0105677 -0.0103411
v 0.0221992 0.0109642 -0.0083302
v 0.0221992 0.0109642 -0.0103411
v 0.0218027 0.0115023 -0.0083302
v 0.0218027 0.0115023 -0.0103411
v 0.0215478 0.0120971 -0.0083302
v 0.0215478 0.0222717 -0.0103411
v 0.0214628 0.0229232 -0.0103411
v 0.0214628 0.0229232 -0.0083302
v 0.0215478 0.0235746 -0.0083302
v 0.0215478 0.0235746 -0.0103411
v 0.0218027 0.0241976 -0.0083302
v 0.0218027 0.0241976 -0.0103411
v 0.0221992 0.0247358 -0.0083302
v 0.0221992 0.0247358 -0.0103411
v 0.0227373 0.0251323 -0.0083302
v 0.0227373 0.0251323 -0.0103411
v 0.0233320 0.0253872 -0.0083302
v 0.0233320 0.0253872 -0.0103411
v 0.0240118 0.0254721 -0.0083302
v 0.0240118 0.0254721 -0.0103411
v 0.0246632 0.0253872 -0.0083302
v 0.0246632 0.0253872 -0.0103411
v 0.0252615 0.0251323 -0.0083302
v 0.0252615 0.0251323 -0.0103411
v 0.0257996 0.0247358 -0.0083302
v 0.0257996 0.0247358 -0.0103411
v 0.0261961 0.0241976 -0.0083302
v 0.0261961 0.0241976 -0.0103411
v 0.0264510 0.0235746 -0.0083302
v 0.0264510 0.0235746 -0.0103411
v 0.0265360 0.0229232 -0.0083302
v 0.0265360 0.0229232 -0.0103411
v 0.0264510 0.0222717 -0.0083302
v 0.0264510 0.0222717 -0.0103411
v 0.0261961 0.0216487 -0.0083302
v 0.0261961 0.0216487 -0.0103411
v 0.0257996 0.0211389 -0.0083302
v 0.0257996 0.0211389 -0.0103411
v 0.0252615 0.0207424 -0.0083302
v 0.0252615 0.0207424 -0.0103411
v 0.0246632 0.0204839 -0.0083302
v 0.0246632 0.0204839 -0.0103411
v 0.0240118 0.0203989 -0.0083302
v 0.0240118 0.0203989 -0.0103411
v 0.0233320 0.0204839 -0.0083302
v 0.0233320 0.0204839 -0.0103411
v 0.0227373 0.0207424 -0.0083302
v 0.0227373 0.0207424 -0.0103411
v 0.0221992 0.0211389 -0.0083302
v 0.0221992 0.0211389 -0.0103411
v 0.0218027 0.0216487 -0.0083302
v 0.0218027 0.0216487 -0.0103411
v 0.0215478 0.0222717 -0.0083302
v 0.0080027 0.0311684 -0.0083302
v 0.0086577 0.0312534 -0.0083302
v 0.0086577 0.0312534 -0.0103411
v 0.0092808 0.0315083 -0.0103411
v 0.0092808 0.0315083 -0.0083302
v 0.0097906 0.0319331 -0.0103411
v 0.0097906 0.0319331 -0.0083302
v 0.0101871 0.0324429 -0.0103411
v 0.0101871 0.0324429 -0.0083302
v 0.0104420 0.0330660 -0.0103411
v 0.0104420 0.0330660 -0.0083302
v 0.0105269 0.0337174 -0.0103411
v 0.0105269 0.0337174 -0.0083302
v 0.0104420 0.0343688 -0.0103411
v 0.0104420 0.0343688 -0.0083302
v 0.0101871 0.0349919 -0.0103411
v 0.0101871 0.0349919 -0.0083302
v 0.0097906 0.0355017 -0.0103411
v 0.0097906 0.0355017 -0.0083302
v 0.0092808 0.0359265 -0.0103411
v 0.0092808 0.0359265 -0.0083302
v 0.0086577 0.0361814 -0.0103411
v 0.0086577 0.0361814 -0.0083302
v 0.0080027 0.0362664 -0.0103411
v 0.0080027 0.0362664 -0.0083302
v 0.0073513 0.0361814 -0.0103411
v 0.0073513 0.0361814 -0.0083302
v 0.0067283 0.0359265 -0.0103411
v 0.0067283 0.0359265 -0.0083302
v 0.0061901 0.0355017 -0.0103411
v 0.0061901 0.0355017 -0.0083302
v 0.0057936 0.0349919 -0.0103411
v 0.0057936 0.0349919 -0.0083302
v 0.0055387 0.0343688 -0.0103411
v 0.0055387 0.0343688 -0.0083302
v 0.0054538 0.0337174 -0.0103411
v 0.0054538 0.0337174 -0.0083302
v 0.0055387 0.0330660 -0.0103411
v 0.0055387 0.0330660 -0.0083302
v 0.0057936 0.0324429 -0.0103411
v 0.0057936 0.0324429 -0.0083302
v 0.0061901 0.0319331 -0.0103411
v 0.0061901 0.0319331 -0.0083302
v 0.0067283 0.0315083 -0.0103411
v 0.0067283 0.0315083 -0.0083302
v 0.0073513 0.0312534 -0.0103411
v 0.0073513 0.0312534 -0.0083302
v 0.0080027 0.0311684 -0.0103411
v 0.0218027 0.0324429 -0.0103411
v 0.0215478 0.0330660 -0.0103411
v 0.0215478 0.0330660 -0.0083302
v 0.0214628 0.0337174 -0.0083302
v 0.0214628 0.0337174 -0.0103411
v 0.0215478 0.0343688 -0.0083302
v 0.0215478 0.0343688 -0.0103411
v 0.0218027 0.0349919 -0.0083302
v 0.0218027 0.0349919 -0.0103411
v 0.0221992 0.0355017 -0.0083302
v 0.0221992 0.0355017 -0.0103411
v 0.0227373 0.0359265 -0.0083302
v 0.0227373 0.0359265 -0.0103411
v 0.0233320 0.0361814 -0.0083302
v 0.0233320 0.0361814 -0.0103411
v 0.0240118 0.0362664 -0.0083302
v 0.0240118 0.0362664 -0.0103411
v 0.0246632 0.0361814 -0.0083302
v 0.0246632 0.0361814 -0.0103411
v 0.0252615 0.0359265 -0.0083302
v 0.0252615 0.0359265 -0.0103411
v 0.0257996 0.0355017 -0.0083302
v 0.0257996 0.0355017 -0.0103411
v 0.0261961 0.0349919 -0.0083302
v 0.0261961 0.0349919 -0.0103411
v 0.0264510 0.0343688 -0.0083302
v 0.0264510 0.0343688 -0.0103411
v 0.0265360 0.0337174 -0.0083302
v 0.0265360 0.0337174 -0.0103411
v 0.0264510 0.0330660 -0.0083302
v 0.0264510 0.0330660 -0.0103411
v 0.0261961 0.0324429 -0.0083302
v 0.0261961 0.0324429 -0.0103411
v 0.0257996 0.0319331 -0.0083302
v 0.0257996 0.0319331 -0.0103411
v 0.0252615 0.0315083 -0.0083302
v 0.0252615 0.0315083 -0.0103411
v 0.0246632 0.0312534 -0.0083302
v 0.0246632 0.0312534 -0.0103411
v 0.0240118 0.0311684 -0.0083302
v 0.0240118 0.0311684 -0.0103411
v 0.0233320 0.0312534 -0.0083302
v 0.0233320 0.0312534 -0.0103411
v 0.0227373 0.0315083 -0.0083302
v 0.0227373 0.0315083 -0.0103411
v 0.0221992 0.0319331 -0.0083302
v 0.0221992 0.0319331 -0.0103411
v 0.0218027 0.0324429 -0.0083302
v -0.0055387 0.0343688 -0.0103411
v -0.0054538 0.0337174 -0.0103411
v -0.0054538 0.0337174 -0.0083302
v -0.0055387 0.0330660 -0.0083302
v -0.0055387 0.0330660 -0.0103411
v -0.0057936 0.0324429 -0.0083302
v -0.0057936 0.0324429 -0.0103411
v -0.0061901 0.0319331 -0.0083302
v -0.0061901 0.0319331 -0.0103411
v -0.0067283 0.0315083 -0.0083302
v -0.0067283 0.0315083 -0.0103411
v -0.0073513 0.0312534 -0.0083302
v -0.0073513 0.0312534 -0.0103411
v -0.0080027 0.0311684 -0.0083302
v -0.0080027 0.0311684 -0.0103411
v -0.0086577 0.0312534 -0.0083302
v -0.0086577 0.0312534 -0.0103411
v -0.0092808 0.0315083 -0.0083302
v -0.0092808 0.0315083 -0.0103411
v -0.0097906 0.0319331 -0.0083302
v -0.0097906 0.0319331 -0.0103411
v -0.0101871 0.0324429 -0.0083302
v -0.0101871 0.0324429 -0.0103411
v -0.0104420 0.0330660 -0.0083302
v -0.0104420 0.0330660 -0.0103411
v -0.0105269 0.0337174 -0.0083302
v -0.0105269 0.0337174 -0.0103411
v -0.0104420 0.0343688 -0.0083302
v -0.0104420 0.0343688 -0.0103411
v -0.0101871 0.0349919 -0.0083302
v -0.0101871 0.0349919 -0.0103411
v -0.0097906 0.0355017 -0.0083302
v -0.0097906 0.0355017 -0.0103411
v -0.0092808 0.0359265 -0.0083302
v -0.0092808 0.0359265 -0.0103411
v -0.0086577 0.0361814 -0.0083302
v -0.0086577 0.0361814 -0.0103411
v -0.0080027 0.0362664 -0.0083302
v -0.0080027 0.0362664 -0.0103411
v -0.0073513 0.0361814 -0.0083302
v -0.0073513 0.0361814 -0.0103411
v -0.0067283 0.0359265 -0.0083302
v -0.0067283 0.0359265 -0.0103411
v -0.0061901 0.0355017 -0.0083302
v -0.0061901 0.0355017 -0.0103411
v -0.0057936 0.0349919 -0.0083302
v -0.0057936 0.0349919 -0.0103411
v -0.0055387 0.0343688 -0.0083302
v 0.0264510 0.0387056 -0.0083302
v 0.0264510 0.0387056 -0.0103411
v 0.0210380 0.0387056 -0.0083302
v 0.0210380 0.0387056 -0.0103411
v 0.0000159 0.0387056 -0.0083302
v 0.0000159 0.0387056 -0.0103411
v -0.0155966 0.0387056 -0.0083302
v -0.0155966 0.0387056 -0.0103411
v -0.0264510 0.0387056 -0.0083302
v -0.0264510 0.0387056 -0.0103411
v -0.0104420 0.0343688 -0.0083302
v -0.0155966 0.0337174 -0.0083302
v -0.0105269 0.0337174 -0.0083302
v -0.0104420 0.0330660 -0.0083302
v -0.0155966 0.0295824 -0.0083302
v -0.0101871 0.0324429 -0.0083302
v -0.0097906 0.0319331 -0.0083302
v -0.0092808 0.0315083 -0.0083302
v -0.0086577 0.0312534 -0.0083302
v -0.0080027 0.0311684 -0.0083302
v 0.0000159 0.0295824 -0.0083302
v -0.0073513 0.0312534 -0.0083302
v -0.0067283 0.0315083 -0.0083302
v -0.0061901 0.0319331 -0.0083302
v -0.0057936 0.0324429 -0.0083302
v -0.0055387 0.0330660 -0.0083302
v -0.0054538 0.0337174 -0.0083302
v -0.0057936 0.0349919 -0.0083302
v -0.0055387 0.0343688 -0.0083302
v 0.0000159 0.0337174 -0.0083302
v 0.0055387 0.0343688 -0.0083302
v 0.0054538 0.0337174 -0.0083302
v 0.0055387 0.0330660 -0.0083302
v 0.0057936 0.0324429 -0.0083302
v 0.0061901 0.0319331 -0.0083302
v 0.0067283 0.0315083 -0.0083302
v 0.0073513 0.0312534 -0.0083302
v 0.0080027 0.0311684 -0.0083302
v 0.0104420 0.0343688 -0.0083302
v 0.0105269 0.0337174 -0.0083302
v 0.0210380 0.0337174 -0.0083302
v 0.0215478 0.0343688 -0.0083302
v 0.0214628 0.0337174 -0.0083302
v 0.0215478 0.0330660 -0.0083302
v 0.0246632 0.0312534 -0.0083302
v 0.0240118 0.0311684 -0.0083302
v 0.0210380 0.0295824 -0.0083302
v 0.0233320 0.0312534 -0.0083302
v 0.0227373 0.0315083 -0.0083302
v 0.0221992 0.0319331 -0.0083302
v 0.0218027 0.0324429 -0.0083302
v 0.0104420 0.0330660 -0.0083302
v 0.0101871 0.0324429 -0.0083302
v 0.0097906 0.0319331 -0.0083302
v 0.0092808 0.0315083 -0.0083302
v 0.0086577 0.0312534 -0.0083302
v 0.0240118 0.0254721 -0.0083302
v 0.0233320 0.0253872 -0.0083302
v 0.0227373 0.0251323 -0.0083302
v 0.0221992 0.0247358 -0.0083302
v 0.0218027 0.0241976 -0.0083302
v 0.0215478 0.0235746 -0.0083302
v 0.0214628 0.0229232 -0.0083302
v 0.0246632 0.0204839 -0.0083302
v 0.0240118 0.0203989 -0.0083302
v 0.0210380 0.0178500 -0.0083302
v 0.0233320 0.0204839 -0.0083302
v 0.0227373 0.0207424 -0.0083302
v 0.0221992 0.0211389 -0.0083302
v 0.0218027 0.0216487 -0.0083302
v 0.0215478 0.0222717 -0.0083302
v 0.0240118 0.0153010 -0.0083302
v 0.0233320 0.0152160 -0.0083302
v 0.0227373 0.0149611 -0.0083302
v 0.0221992 0.0145646 -0.0083302
v 0.0218027 0.0140265 -0.0083302
v 0.0215478 0.0134317 -0.0083302
v 0.0214628 0.0127803 -0.0083302
v 0.0240118 0.0102278 -0.0083302
v 0.0233320 0.0103128 -0.0083302
v 0.0210380 0.0089533 -0.0083302
v 0.0227373 0.0105677 -0.0083302
v 0.0221992 0.0109642 -0.0083302
v 0.0218027 0.0115023 -0.0083302
v 0.0215478 0.0120971 -0.0083302
v 0.0203016 0.0089533 -0.0083302
v 0.0205565 0.0095764 -0.0083302
v 0.0206415 0.0102278 -0.0083302
v 0.0206415 0.0178500 -0.0083302
v 0.0206415 0.0254721 -0.0083302
v 0.0205565 0.0261235 -0.0083302
v 0.0203016 0.0267466 -0.0083302
v 0.0199051 0.0272564 -0.0083302
v 0.0193670 0.0276529 -0.0083302
v 0.0187439 0.0279078 -0.0083302
v 0.0180925 0.0279928 -0.0083302
v 0.0000159 0.0279928 -0.0083302
v -0.0155966 0.0279928 -0.0083302
v -0.0180925 0.0279928 -0.0083302
v -0.0187439 0.0279078 -0.0083302
v -0.0193670 0.0276529 -0.0083302
v -0.0233321 0.0253872 -0.0083302
v -0.0199051 0.0272564 -0.0083302
v -0.0203016 0.0267466 -0.0083302
v -0.0205565 0.0261235 -0.0083302
v -0.0227373 0.0251323 -0.0083302
v -0.0221992 0.0247358 -0.0083302
v -0.0206415 0.0254721 -0.0083302
v -0.0218027 0.0241976 -0.0083302
v -0.0215478 0.0235746 -0.0083302
v -0.0206415 0.0178500 -0.0083302
v -0.0214628 0.0229232 -0.0083302
v -0.0215478 0.0222717 -0.0083302
v -0.0218027 0.0216487 -0.0083302
v -0.0221992 0.0211389 -0.0083302
v -0.0227373 0.0207424 -0.0083302
v -0.0233321 0.0204839 -0.0083302
v -0.0240118 0.0203989 -0.0083302
v -0.0246632 0.0152160 -0.0083302
v -0.0240118 0.0153010 -0.0083302
v -0.0233321 0.0152160 -0.0083302
v -0.0227373 0.0149611 -0.0083302
v -0.0221992 0.0145646 -0.0083302
v -0.0218027 0.0140265 -0.0083302
v -0.0215478 0.0134317 -0.0083302
v -0.0214628 0.0127803 -0.0083302
v -0.0206415 0.0102278 -0.0083302
v -0.0215478 0.0120971 -0.0083302
v -0.0218027 0.0115023 -0.0083302
v -0.0205565 0.0095764 -0.0083302
v -0.0221992 0.0109642 -0.0083302
v -0.0227373 0.0105677 -0.0083302
v -0.0233321 0.0103128 -0.0083302
v -0.0240118 0.0102278 -0.0083302
v -0.0203016 0.0089533 -0.0083302
v -0.0199051 0.0084435 -0.0083302
v -0.0277822 0.0089533 -0.0083302
v -0.0246632 0.0103128 -0.0083302
v -0.0252615 0.0105677 -0.0083302
v -0.0257996 0.0109642 -0.0083302
v -0.0261961 0.0115023 -0.0083302
v -0.0264510 0.0120971 -0.0083302
v -0.0265360 0.0127803 -0.0083302
v -0.0277822 0.0178500 -0.0083302
v -0.0264510 0.0134317 -0.0083302
v -0.0261961 0.0140265 -0.0083302
v -0.0257996 0.0145646 -0.0083302
v -0.0252615 0.0149611 -0.0083302
v -0.0246632 0.0204839 -0.0083302
v -0.0252615 0.0207424 -0.0083302
v -0.0257996 0.0211389 -0.0083302
v -0.0261961 0.0216487 -0.0083302
v -0.0264510 0.0222717 -0.0083302
v -0.0265360 0.0229232 -0.0083302
v -0.0277822 0.0295824 -0.0083302
v -0.0264510 0.0235746 -0.0083302
v -0.0261961 0.0241976 -0.0083302
v -0.0257996 0.0247358 -0.0083302
v -0.0252615 0.0251323 -0.0083302
v -0.0246632 0.0253872 -0.0083302
v -0.0240118 0.0254721 -0.0083302
v -0.0264510 0.0343688 -0.0083302
v -0.0277822 0.0337174 -0.0083302
v -0.0265360 0.0337174 -0.0083302
v -0.0264510 0.0330660 -0.0083302
v -0.0261961 0.0324429 -0.0083302
v -0.0257996 0.0319331 -0.0083302
v -0.0252615 0.0315083 -0.0083302
v -0.0246632 0.0312534 -0.0083302
v -0.0240118 0.0311684 -0.0083302
v -0.0233321 0.0312534 -0.0083302
v -0.0227373 0.0315083 -0.0083302
v -0.0221992 0.0319331 -0.0083302
v -0.0218027 0.0324429 -0.0083302
v -0.0215478 0.0330660 -0.0083302
v -0.0214628 0.0337174 -0.0083302
v -0.0215478 0.0343688 -0.0083302
v -0.0271307 0.0386206 -0.0083302
v -0.0252615 0.0359265 -0.0083302
v -0.0264510 0.0387056 -0.0083302
v -0.0246632 0.0361814 -0.0083302
v -0.0240118 0.0362664 -0.0083302
v -0.0155966 0.0387056 -0.0083302
v -0.0233321 0.0361814 -0.0083302
v -0.0227373 0.0359265 -0.0083302
v -0.0221992 0.0355017 -0.0083302
v -0.0218027 0.0349919 -0.0083302
v -0.0101871 0.0349919 -0.0083302
v -0.0097906 0.0355017 -0.0083302
v -0.0092808 0.0359265 -0.0083302
v -0.0086577 0.0361814 -0.0083302
v -0.0080027 0.0362664 -0.0083302
v 0.0000159 0.0387056 -0.0083302
v -0.0073513 0.0361814 -0.0083302
v -0.0067283 0.0359265 -0.0083302
v -0.0061901 0.0355017 -0.0083302
v 0.0057936 0.0349919 -0.0083302
v 0.0061901 0.0355017 -0.0083302
v 0.0067283 0.0359265 -0.0083302
v 0.0073513 0.0361814 -0.0083302
v 0.0080027 0.0362664 -0.0083302
v 0.0210380 0.0387056 -0.0083302
v 0.0086577 0.0361814 -0.0083302
v 0.0092808 0.0359265 -0.0083302
v 0.0097906 0.0355017 -0.0083302
v 0.0101871 0.0349919 -0.0083302
v 0.0218027 0.0349919 -0.0083302
v 0.0221992 0.0355017 -0.0083302
v 0.0227373 0.0359265 -0.0083302
v 0.0233320 0.0361814 -0.0083302
v 0.0264510 0.0387056 -0.0083302
v 0.0240118 0.0362664 -0.0083302
v 0.0246632 0.0361814 -0.0083302
v 0.0271307 0.0386206 -0.0083302
v 0.0252615 0.0359265 -0.0083302
v 0.0277255 0.0383657 -0.0083302
v 0.0257996 0.0355017 -0.0083302
v 0.0282636 0.0379692 -0.0083302
v 0.0286601 0.0374594 -0.0083302
v 0.0261961 0.0349919 -0.0083302
v 0.0289150 0.0368328 -0.0083302
v 0.0290000 0.0361814 -0.0083302
v 0.0264510 0.0343688 -0.0083302
v 0.0290000 0.0337174 -0.0083302
v 0.0265360 0.0337174 -0.0083302
v 0.0264510 0.0330660 -0.0083302
v 0.0290000 0.0295824 -0.0083302
v 0.0261961 0.0324429 -0.0083302
v 0.0257996 0.0319331 -0.0083302
v 0.0252615 0.0315083 -0.0083302
v 0.0246632 0.0253872 -0.0083302
v 0.0252615 0.0251323 -0.0083302
v 0.0257996 0.0247358 -0.0083302
v 0.0261961 0.0241976 -0.0083302
v 0.0264510 0.0235746 -0.0083302
v 0.0290000 0.0178500 -0.0083302
v 0.0265360 0.0229232 -0.0083302
v 0.0264510 0.0222717 -0.0083302
v 0.0261961 0.0216487 -0.0083302
v 0.0257996 0.0211389 -0.0083302
v 0.0252615 0.0207424 -0.0083302
v 0.0246632 0.0152160 -0.0083302
v 0.0252615 0.0149611 -0.0083302
v 0.0257996 0.0145646 -0.0083302
v 0.0261961 0.0140265 -0.0083302
v 0.0264510 0.0134317 -0.0083302
v 0.0290000 0.0089533 -0.0083302
v 0.0265360 0.0127803 -0.0083302
v 0.0264510 0.0120971 -0.0083302
v 0.0261961 0.0115023 -0.0083302
v 0.0257996 0.0109642 -0.0083302
v 0.0252615 0.0105677 -0.0083302
v 0.0246632 0.0103128 -0.0083302
v 0.0290000 0.0035119 -0.0083302
v 0.0210380 0.0035119 -0.0083302
v 0.0199051 0.0084435 -0.0083302
v 0.0193670 0.0080187 -0.0083302
v 0.0187439 0.0077638 -0.0083302
v 0.0180925 0.0076788 -0.0083302
v 0.0000159 0.0035119 -0.0083302
v 0.0000159 0.0076788 -0.0083302
v -0.0155966 0.0076788 -0.0083302
v -0.0155966 0.0035119 -0.0083302
v -0.0180925 0.0076788 -0.0083302
v -0.0277822 0.0035119 -0.0083302
v -0.0187439 0.0077638 -0.0083302
v -0.0193670 0.0080187 -0.0083302
v -0.0290000 0.0035119 -0.0083302
v -0.0290000 0.0089533 -0.0083302
v -0.0290000 0.0178500 -0.0083302
v -0.0290000 0.0295824 -0.0083302
v -0.0290000 0.0337174 -0.0083302
v -0.0290000 0.0361814 -0.0083302
v -0.0289150 0.0368328 -0.0083302
v -0.0286601 0.0374594 -0.0083302
v -0.0282636 0.0379692 -0.0083302
v -0.0277822 0.0383374 -0.0083302
v -0.0261961 0.0349919 -0.0083302
v -0.0257996 0.0355017 -0.0083302
v -0.0277255 0.0383657 -0.0083302
v -0.0264510 0.0387056 -0.0103411
v -0.0271307 0.0386206 -0.0103411
v -0.0264510 0.0387056 -0.0083302
v -0.0271307 0.0386206 -0.0083302
v -0.0290000 0.0361814 -0.0083302
v -0.0289150 0.0368328 -0.0083302
v -0.0290000 0.0361814 -0.0103411
v -0.0289150 0.0368328 -0.0103411
v -0.0286601 0.0374594 -0.0083302
v -0.0286601 0.0374594 -0.0103411
v -0.0282636 0.0379692 -0.0083302
v -0.0282636 0.0379692 -0.0103411
v -0.0277822 0.0383374 -0.0103411
v -0.0277822 0.0383374 -0.0083302
v -0.0277255 0.0383657 -0.0103411
v -0.0277255 0.0383657 -0.0083302
v 0.0240118 0.0102278 -0.0103411
v 0.0210380 0.0089533 -0.0103411
v 0.0233320 0.0103128 -0.0103411
v 0.0227373 0.0105677 -0.0103411
v 0.0221992 0.0109642 -0.0103411
v 0.0218027 0.0115023 -0.0103411
v 0.0215478 0.0120971 -0.0103411
v 0.0214628 0.0127803 -0.0103411
v 0.0246632 0.0152160 -0.0103411
v 0.0240118 0.0153010 -0.0103411
v 0.0210380 0.0178500 -0.0103411
v 0.0233320 0.0152160 -0.0103411
v 0.0227373 0.0149611 -0.0103411
v 0.0221992 0.0145646 -0.0103411
v 0.0218027 0.0140265 -0.0103411
v 0.0215478 0.0134317 -0.0103411
v 0.0240118 0.0203989 -0.0103411
v 0.0233320 0.0204839 -0.0103411
v 0.0227373 0.0207424 -0.0103411
v 0.0221992 0.0211389 -0.0103411
v 0.0218027 0.0216487 -0.0103411
v 0.0215478 0.0222717 -0.0103411
v 0.0214628 0.0229232 -0.0103411
v 0.0246632 0.0253872 -0.0103411
v 0.0240118 0.0254721 -0.0103411
v 0.0210380 0.0295824 -0.0103411
v 0.0233320 0.0253872 -0.0103411
v 0.0227373 0.0251323 -0.0103411
v 0.0221992 0.0247358 -0.0103411
v 0.0218027 0.0241976 -0.0103411
v 0.0215478 0.0235746 -0.0103411
v 0.0240118 0.0311684 -0.0103411
v 0.0233320 0.0312534 -0.0103411
v 0.0227373 0.0315083 -0.0103411
v 0.0221992 0.0319331 -0.0103411
v 0.0218027 0.0324429 -0.0103411
v 0.0215478 0.0330660 -0.0103411
v 0.0215478 0.0343688 -0.0103411
v 0.0214628 0.0337174 -0.0103411
v 0.0210380 0.0337174 -0.0103411
v 0.0105269 0.0337174 -0.0103411
v 0.0104420 0.0330660 -0.0103411
v 0.0101871 0.0324429 -0.0103411
v 0.0097906 0.0319331 -0.0103411
v 0.0092808 0.0315083 -0.0103411
v 0.0086577 0.0312534 -0.0103411
v 0.0080027 0.0311684 -0.0103411
v 0.0057936 0.0349919 -0.0103411
v 0.0055387 0.0343688 -0.0103411
v 0.0000159 0.0337174 -0.0103411
v 0.0054538 0.0337174 -0.0103411
v -0.0055387 0.0343688 -0.0103411
v -0.0054538 0.0337174 -0.0103411
v -0.0055387 0.0330660 -0.0103411
v -0.0080027 0.0311684 -0.0103411
v -0.0073513 0.0312534 -0.0103411
v 0.0000159 0.0295824 -0.0103411
v -0.0067283 0.0315083 -0.0103411
v -0.0061901 0.0319331 -0.0103411
v -0.0057936 0.0324429 -0.0103411
v 0.0055387 0.0330660 -0.0103411
v 0.0057936 0.0324429 -0.0103411
v 0.0061901 0.0319331 -0.0103411
v 0.0067283 0.0315083 -0.0103411
v 0.0073513 0.0312534 -0.0103411
v 0.0000159 0.0279928 -0.0103411
v 0.0180925 0.0279928 -0.0103411
v 0.0187439 0.0279078 -0.0103411
v 0.0193670 0.0276529 -0.0103411
v 0.0199051 0.0272564 -0.0103411
v 0.0203016 0.0267466 -0.0103411
v 0.0205565 0.0261235 -0.0103411
v 0.0206415 0.0254721 -0.0103411
v 0.0206415 0.0178500 -0.0103411
v 0.0206415 0.0102278 -0.0103411
v 0.0205565 0.0095764 -0.0103411
v 0.0203016 0.0089533 -0.0103411
v 0.0199051 0.0084435 -0.0103411
v -0.0265360 0.0127803 -0.0103411
v -0.0264510 0.0120971 -0.0103411
v -0.0277822 0.0089533 -0.0103411
v -0.0261961 0.0115023 -0.0103411
v -0.0257996 0.0109642 -0.0103411
v -0.0252615 0.0105677 -0.0103411
v -0.0246632 0.0103128 -0.0103411
v -0.0240118 0.0102278 -0.0103411
v -0.0203016 0.0089533 -0.0103411
v -0.0205565 0.0095764 -0.0103411
v -0.0233321 0.0103128 -0.0103411
v -0.0227373 0.0105677 -0.0103411
v -0.0221992 0.0109642 -0.0103411
v -0.0206415 0.0102278 -0.0103411
v -0.0218027 0.0115023 -0.0103411
v -0.0215478 0.0120971 -0.0103411
v -0.0214628 0.0127803 -0.0103411
v -0.0206415 0.0178500 -0.0103411
v -0.0215478 0.0134317 -0.0103411
v -0.0218027 0.0140265 -0.0103411
v -0.0221992 0.0145646 -0.0103411
v -0.0227373 0.0149611 -0.0103411
v -0.0233321 0.0152160 -0.0103411
v -0.0240118 0.0153010 -0.0103411
v -0.0240118 0.0254721 -0.0103411
v -0.0193670 0.0276529 -0.0103411
v -0.0233321 0.0253872 -0.0103411
v -0.0199051 0.0272564 -0.0103411
v -0.0203016 0.0267466 -0.0103411
v -0.0227373 0.0251323 -0.0103411
v -0.0221992 0.0247358 -0.0103411
v -0.0205565 0.0261235 -0.0103411
v -0.0218027 0.0241976 -0.0103411
v -0.0215478 0.0235746 -0.0103411
v -0.0214628 0.0229232 -0.0103411
v -0.0215478 0.0222717 -0.0103411
v -0.0206415 0.0254721 -0.0103411
v -0.0218027 0.0216487 -0.0103411
v -0.0221992 0.0211389 -0.0103411
v -0.0227373 0.0207424 -0.0103411
v -0.0233321 0.0204839 -0.0103411
v -0.0240118 0.0203989 -0.0103411
v -0.0246632 0.0204839 -0.0103411
v -0.0265360 0.0229232 -0.0103411
v -0.0264510 0.0222717 -0.0103411
v -0.0277822 0.0178500 -0.0103411
v -0.0261961 0.0216487 -0.0103411
v -0.0257996 0.0211389 -0.0103411
v -0.0252615 0.0207424 -0.0103411
v -0.0246632 0.0152160 -0.0103411
v -0.0252615 0.0149611 -0.0103411
v -0.0257996 0.0145646 -0.0103411
v -0.0261961 0.0140265 -0.0103411
v -0.0264510 0.0134317 -0.0103411
v -0.0290000 0.0295824 -0.0103411
v -0.0290000 0.0178500 -0.0103411
v -0.0290000 0.0089533 -0.0103411
v -0.0290000 0.0035119 -0.0103411
v -0.0277822 0.0035119 -0.0103411
v -0.0199051 0.0084435 -0.0103411
v -0.0193670 0.0080187 -0.0103411
v -0.0187439 0.0077638 -0.0103411
v -0.0155966 0.0035119 -0.0103411
v -0.0180925 0.0076788 -0.0103411
v -0.0155966 0.0076788 -0.0103411
v 0.0000159 0.0035119 -0.0103411
v 0.0000159 0.0076788 -0.0103411
v 0.0210380 0.0035119 -0.0103411
v 0.0180925 0.0076788 -0.0103411
v 0.0187439 0.0077638 -0.0103411
v 0.0193670 0.0080187 -0.0103411
v 0.0290000 0.0035119 -0.0103411
v 0.0290000 0.0089533 -0.0103411
v 0.0246632 0.0103128 -0.0103411
v 0.0252615 0.0105677 -0.0103411
v 0.0257996 0.0109642 -0.0103411
v 0.0261961 0.0115023 -0.0103411
v 0.0264510 0.0120971 -0.0103411
v 0.0265360 0.0127803 -0.0103411
v 0.0290000 0.0178500 -0.0103411
v 0.0264510 0.0134317 -0.0103411
v 0.0261961 0.0140265 -0.0103411
v 0.0257996 0.0145646 -0.0103411
v 0.0252615 0.0149611 -0.0103411
v 0.0246632 0.0204839 -0.0103411
v 0.0252615 0.0207424 -0.0103411
v 0.0257996 0.0211389 -0.0103411
v 0.0261961 0.0216487 -0.0103411
v 0.0264510 0.0222717 -0.0103411
v 0.0265360 0.0229232 -0.0103411
v 0.0290000 0.0295824 -0.0103411
v 0.0264510 0.0235746 -0.0103411
v 0.0261961 0.0241976 -0.0103411
v 0.0257996 0.0247358 -0.0103411
v 0.0252615 0.0251323 -0.0103411
v 0.0246632 0.0312534 -0.0103411
v 0.0252615 0.0315083 -0.0103411
v 0.0257996 0.0319331 -0.0103411
v 0.0261961 0.0324429 -0.0103411
v 0.0290000 0.0337174 -0.0103411
v 0.0264510 0.0330660 -0.0103411
v 0.0265360 0.0337174 -0.0103411
v 0.0290000 0.0361814 -0.0103411
v 0.0264510 0.0343688 -0.0103411
v 0.0289150 0.0368328 -0.0103411
v 0.0261961 0.0349919 -0.0103411
v 0.0286601 0.0374594 -0.0103411
v 0.0257996 0.0355017 -0.0103411
v 0.0282636 0.0379692 -0.0103411
v 0.0277255 0.0383657 -0.0103411
v 0.0252615 0.0359265 -0.0103411
v 0.0271307 0.0386206 -0.0103411
v 0.0264510 0.0387056 -0.0103411
v 0.0246632 0.0361814 -0.0103411
v 0.0240118 0.0362664 -0.0103411
v 0.0210380 0.0387056 -0.0103411
v 0.0233320 0.0361814 -0.0103411
v 0.0227373 0.0359265 -0.0103411
v 0.0221992 0.0355017 -0.0103411
v 0.0218027 0.0349919 -0.0103411
v 0.0104420 0.0343688 -0.0103411
v 0.0101871 0.0349919 -0.0103411
v 0.0097906 0.0355017 -0.0103411
v 0.0092808 0.0359265 -0.0103411
v 0.0086577 0.0361814 -0.0103411
v 0.0080027 0.0362664 -0.0103411
v 0.0000159 0.0387056 -0.0103411
v 0.0073513 0.0361814 -0.0103411
v 0.0067283 0.0359265 -0.0103411
v 0.0061901 0.0355017 -0.0103411
v -0.0057936 0.0349919 -0.0103411
v -0.0061901 0.0355017 -0.0103411
v -0.0067283 0.0359265 -0.0103411
v -0.0073513 0.0361814 -0.0103411
v -0.0080027 0.0362664 -0.0103411
v -0.0155966 0.0387056 -0.0103411
v -0.0086577 0.0361814 -0.0103411
v -0.0092808 0.0359265 -0.0103411
v -0.0097906 0.0355017 -0.0103411
v -0.0101871 0.0349919 -0.0103411
v -0.0155966 0.0337174 -0.0103411
v -0.0104420 0.0343688 -0.0103411
v -0.0105269 0.0337174 -0.0103411
v -0.0155966 0.0295824 -0.0103411
v -0.0104420 0.0330660 -0.0103411
v -0.0101871 0.0324429 -0.0103411
v -0.0097906 0.0319331 -0.0103411
v -0.0092808 0.0315083 -0.0103411
v -0.0086577 0.0312534 -0.0103411
v -0.0155966 0.0279928 -0.0103411
v -0.0180925 0.0279928 -0.0103411
v -0.0277822 0.0295824 -0.0103411
v -0.0187439 0.0279078 -0.0103411
v -0.0246632 0.0253872 -0.0103411
v -0.0252615 0.0251323 -0.0103411
v -0.0257996 0.0247358 -0.0103411
v -0.0261961 0.0241976 -0.0103411
v -0.0264510 0.0235746 -0.0103411
v -0.0290000 0.0337174 -0.0103411
v -0.0277822 0.0337174 -0.0103411
v -0.0290000 0.0361814 -0.0103411
v -0.0289150 0.0368328 -0.0103411
v -0.0286601 0.0374594 -0.0103411
v -0.0282636 0.0379692 -0.0103411
v -0.0277822 0.0383374 -0.0103411
v -0.0261961 0.0349919 -0.0103411
v -0.0257996 0.0355017 -0.0103411
v -0.0277255 0.0383657 -0.0103411
v -0.0252615 0.0359265 -0.0103411
v -0.0271307 0.0386206 -0.0103411
v -0.0246632 0.0361814 -0.0103411
v -0.0264510 0.0387056 -0.0103411
v -0.0240118 0.0362664 -0.0103411
v -0.0233321 0.0361814 -0.0103411
v -0.0227373 0.0359265 -0.0103411
v -0.0221992 0.0355017 -0.0103411
v -0.0218027 0.0349919 -0.0103411
v -0.0215478 0.0343688 -0.0103411
v -0.0214628 0.0337174 -0.0103411
v -0.0215478 0.0330660 -0.0103411
v -0.0218027 0.0324429 -0.0103411
v -0.0221992 0.0319331 -0.0103411
v -0.0227373 0.0315083 -0.0103411
v -0.0233321 0.0312534 -0.0103411
v -0.0240118 0.0311684 -0.0103411
v -0.0246632 0.0312534 -0.0103411
v -0.0252615 0.0315083 -0.0103411
v -0.0257996 0.0319331 -0.0103411
v -0.0261961 0.0324429 -0.0103411
v -0.0264510 0.0330660 -0.0103411
v -0.0265360 0.0337174 -0.0103411
v -0.0264510 0.0343688 -0.0103411
v -0.0261961 0.0349919 -0.0083302
v -0.0264510 0.0343688 -0.0083302
v -0.0264510 0.0343688 -0.0103411
v -0.0265360 0.0337174 -0.0103411
v -0.0265360 0.0337174 -0.0083302
v -0.0264510 0.0330660 -0.0103411
v -0.0264510 0.0330660 -0.0083302
v -0.0261961 0.0324429 -0.0103411
v -0.0261961 0.0324429 -0.0083302
v -0.0257996 0.0319331 -0.0103411
v -0.0257996 0.0319331 -0.0083302
v -0.0252615 0.0315083 -0.0103411
v -0.0252615 0.0315083 -0.0083302
v -0.0246632 0.0312534 -0.0103411
v -0.0246632 0.0312534 -0.0083302
v -0.0240118 0.0311684 -0.0103411
v -0.0240118 0.0311684 -0.0083302
v -0.0233321 0.0312534 -0.0103411
v -0.0233321 0.0312534 -0.0083302
v -0.0227373 0.0315083 -0.0103411
v -0.0227373 0.0315083 -0.0083302
v -0.0221992 0.0319331 -0.0103411
v -0.0221992 0.0319331 -0.0083302
v -0.0218027 0.0324429 -0.0103411
v -0.0218027 0.0324429 -0.0083302
v -0.0215478 0.0330660 -0.0103411
v -0.0215478 0.0330660 -0.0083302
v -0.0214628 0.0337174 -0.0103411
v -0.0214628 0.0337174 -0.0083302
v -0.0215478 0.0343688 -0.0103411
v -0.0215478 0.0343688 -0.0083302
v -0.0218027 0.0349919 -0.0103411
v -0.0218027 0.0349919 -0.0083302
v -0.0221992 0.0355017 -0.0103411
v -0.0221992 0.0355017 -0.0083302
v -0.0227373 0.0359265 -0.0103411
v -0.0227373 0.0359265 -0.0083302
v -0.0233321 0.0361814 -0.0103411
v -0.0233321 0.0361814 -0.0083302
v -0.0240118 0.0362664 -0.0103411
v -0.0240118 0.0362664 -0.0083302
v -0.0246632 0.0361814 -0.0103411
v -0.0246632 0.0361814 -0.0083302
v -0.0252615 0.0359265 -0.0103411
v -0.0252615 0.0359265 -0.0083302
v -0.0257996 0.0355017 -0.0103411
v -0.0257996 0.0355017 -0.0083302
v -0.0261961 0.0349919 -0.0103411
vn 0.0139498 0.9999027 0.0
vn 0.2124649 0.9771687 0.0
vn 0.3032142 0.9529224 0.0
vn 0.4645355 0.8855545 0.0
vn 0.5312835 0.8471941 0.0
vn 0.6625816 0.7489898 0.0
vn 0.7286364 0.6849007 0.0
vn 0.8435876 0.5369915 0.0
vn 0.8893669 0.4571941 0.0
vn 0.9545353 0.2980981 0.0
vn 0.9765986 0.2150703 0.0
vn 0.999628 0.0272737 0.0
vn 0.0447074 -0.9990001 0.0
vn 0.0150607 -0.9998866 0.0
vn 0.0 -1.0 0.0
vn -0.0023095 -0.9999973 0.0
vn -0.0087719 -0.9999615 0.0
vn -0.2154431 -0.9765164 0.0
vn -0.2990995 -0.9542219 0.0
vn -0.452861 -0.8915811 0.0
vn -0.5248881 -0.8511712 0.0
vn -0.6625816 -0.7489898 0.0
vn -0.7286364 -0.6849007 0.0
vn -0.8430693 -0.537805 0.0
vn -0.8886253 -0.4586339 0.0
vn -0.9542219 -0.2990995 0.0
vn -0.9765164 -0.2154431 0.0
vn -0.9998186 -0.0190444 0.0
vn -0.9999857 -0.0053473 0.0
vn 1.0 0.0 0.0
vn -1.0 0.0 0.0
vn -0.9999857 0.0053472 0.0
vn -0.9998186 0.0190442 0.0
vn -0.9765164 0.2154431 0.0
vn -0.9542219 0.2990995 0.0
vn -0.8886253 0.4586339 0.0
vn -0.8430693 0.537805 0.0
vn -0.7353595 0.6776772 0.0
vn -0.678276 0.7348073 0.0
vn -0.5449727 0.8384538 0.0
vn -0.463994 0.8858383 0.0
vn -0.2990995 0.9542219 0.0
vn -0.2154431 0.9765164 0.0
vn -0.0087719 0.9999615 0.0
vn -0.0023095 0.9999973 0.0
vn 0.0 1.0 0.0
vn 0.0150607 0.9998866 0.0
vn 0.0447074 0.9990001 0.0
vn 0.0 -0.9998532 -0.0171349
vn 0.0 -0.9999244 -0.0122976
vn 0.0 -0.9719051 -0.2353732
vn 0.0 -0.9998324 -0.0183089
vn 0.0 -0.9991706 -0.0407201
vn 0.0 -0.0072798 -0.9999735
vn 0.0 -0.1947643 -0.9808501
vn 0.0 -0.0100664 -0.9999493
vn 0.0 -0.0274665 -0.9996227
vn 0.0 -0.0136328 -0.9999071
vn 0.0 -0.008545 -0.9999635
vn 0.0 -0.2327924 -0.9725265
vn 0.0 -0.0155622 -0.9998789
vn 0.0 -0.4027213 -0.9153227
vn 0.0 -0.4762609 -0.879304
vn 0.0 -0.6038684 -0.7970841
vn 0.0 -0.6576972 -0.7532824
vn 0.0 -0.7533608 -0.6576074
vn 0.0 -0.7971201 -0.6038207
vn 0.0 -0.8792942 -0.476279
vn 0.0 -0.9153087 -0.4027531
vn 0.0 -0.9813213 -0.192376
vn 0.0 -0.9999566 -0.0093128
vn 0.0 -0.9999507 -0.0099252
vn 0.0 -0.9998318 -0.0183423
vn 0.0 -0.9999213 -0.0125441
vn 0.0 -0.9998324 -0.0183062
vn 0.9999292 0.0 0.0119028
vn -0.4630636 0.0 -0.8863251
vn -0.2181207 0.0 -0.9759218
vn -0.3063827 0.0 -0.9519084
vn -0.0428336 0.0 -0.9990822
vn 0.0422298 0.0 -0.9991079
vn 0.2124546 0.0 -0.9771709
vn 0.3032289 0.0 -0.9529177
vn 0.4645777 0.0 -0.8855324
vn 0.5313063 0.0 -0.8471798
vn 0.6705413 0.0 -0.7418722
vn 0.7418722 0.0 -0.6705413
vn 0.8471941 0.0 -0.5312835
vn 0.8855545 0.0 -0.4645355
vn 0.9515682 0.0 -0.3074377
vn 0.9758361 0.0 -0.2185038
vn 0.9990821 0.0 -0.0428358
vn 0.9991077 0.0 0.042234
vn 0.9771687 0.0 0.2124649
vn 0.9529224 0.0 0.3032142
vn 0.8855545 0.0 0.4645355
vn 0.8471941 0.0 0.5312835
vn 0.7418722 0.0 0.6705413
vn 0.6705413 0.0 0.7418722
vn 0.5313063 0.0 0.8471798
vn 0.4645777 0.0 0.8855324
vn 0.3032289 0.0 0.9529177
vn 0.2124546 0.0 0.9771709
vn 0.0422298 0.0 0.9991079
vn -0.0428336 0.0 0.9990822
vn -0.2181207 0.0 0.9759218
vn -0.3063827 0.0 0.9519084
vn -0.4630636 0.0 0.8863251
vn -0.5304858 0.0 0.8476939
vn -0.6705413 0.0 0.7418722
vn -0.7418722 0.0 0.6705413
vn -0.8471941 0.0 0.5312835
vn -0.8855545 0.0 0.4645355
vn -0.9529224 0.0 0.3032142
vn -0.9771687 0.0 0.2124649
vn -0.9991077 0.0 0.042234
vn -0.9990821 0.0 -0.0428358
vn -0.9758361 0.0 -0.2185038
vn -0.9515682 0.0 -0.3074377
vn -0.8855545 0.0 -0.4645355
vn -0.8471941 0.0 -0.5312835
vn -0.7418722 0.0 -0.6705413
vn -0.6705413 0.0 -0.7418722
vn -0.5304858 0.0 -0.8476939
vn 0.9765164 0.0 -0.2154431
vn 0.9990554 0.0 0.043455
vn 0.9990554 0.0 -0.043455
vn 0.9765164 0.0 0.2154431
vn 0.9542219 0.0 0.2990995
vn 0.8886253 0.0 0.4586339
vn 0.8430693 0.0 0.537805
vn 0.7286364 0.0 0.6849007
vn 0.6625816 0.0 0.7489898
vn 0.5312835 0.0 0.8471941
vn 0.4645355 0.0 0.8855545
vn 0.3026533 0.0 0.9531007
vn 0.2116455 0.0 0.9773465
vn 0.0420383 0.0 0.999116
vn -0.0427102 0.0 0.9990875
vn -0.2184058 0.0 0.975858
vn -0.3073909 0.0 0.9515833
vn -0.4645355 0.0 0.8855545
vn -0.5312835 0.0 0.8471941
vn -0.6625816 0.0 0.7489898
vn -0.7286364 0.0 0.6849007
vn -0.8430693 0.0 0.537805
vn -0.8886253 0.0 0.4586339
vn -0.9542219 0.0 0.2990995
vn -0.9765164 0.0 0.2154431
vn -0.9990554 0.0 0.043455
vn -0.9990554 0.0 -0.043455
vn -0.9765164 0.0 -0.2154431
vn -0.9542219 0.0 -0.2990995
vn -0.8915811 0.0 -0.452861
vn -0.8511712 0.0 -0.5248881
vn -0.5312835 0.0 -0.8471941
vn -0.4645355 0.0 -0.8855545
vn -0.3074377 0.0 -0.9515682
vn -0.2185038 0.0 -0.9758361
vn -0.0427605 0.0 -0.9990854
vn 0.0420878 0.0 -0.9991139
vn 0.2117407 0.0 -0.9773259
vn 0.3026995 0.0 -0.9530861
vn 0.4645355 0.0 -0.8855545
vn 0.5312835 0.0 -0.8471941
vn 0.8511712 0.0 -0.5248881
vn 0.8915811 0.0 -0.452861
vn 0.9542219 0.0 -0.2990995
vn -0.9999292 0.0 0.0119028
vn -0.7359341 0.0 0.6770532
vn -0.6770532 0.0 0.7359341
vn -0.537805 0.0 0.8430693
vn -0.4586339 0.0 0.8886253
vn -0.2990537 0.0 0.9542363
vn -0.2153464 0.0 0.9765377
vn -0.0433243 0.0 0.9990611
vn 0.0432449 0.0 0.9990645
vn 0.2145919 0.0 0.9767038
vn 0.2985666 0.0 0.9543888
vn 0.4528812 0.0 0.8915709
vn 0.5248657 0.0 0.851185
vn 0.6625311 0.0 0.7490344
vn 0.7286107 0.0 0.684928
vn 0.9542363 0.0 0.2990537
vn 0.9765377 0.0 0.2153464
vn 0.9990576 0.0 0.0434039
vn 0.9990576 0.0 -0.0434039
vn 0.9765377 0.0 -0.2153464
vn 0.9542363 0.0 -0.2990537
vn 0.7418472 0.0 -0.670569
vn 0.6704912 0.0 -0.7419175
vn 0.5248657 0.0 -0.851185
vn 0.4528812 0.0 -0.8915709
vn 0.2986123 0.0 -0.9543745
vn 0.2146883 0.0 -0.9766826
vn 0.0432958 0.0 -0.9990623
vn -0.0433752 0.0 -0.9990589
vn -0.2154431 0.0 -0.9765164
vn -0.2990995 0.0 -0.9542219
vn -0.4586339 0.0 -0.8886253
vn -0.537805 0.0 -0.8430693
vn -0.6849007 0.0 -0.7286364
vn -0.7489898 0.0 -0.6625816
vn 0.975858 0.0 -0.2184058
vn 0.9991098 0.0 0.0421844
vn 0.9990843 0.0 -0.0427855
vn 0.9771894 0.0 0.2123694
vn 0.9529372 0.0 0.3031679
vn 0.7489898 0.0 0.6625816
vn 0.6849007 0.0 0.7286364
vn 0.537805 0.0 0.8430693
vn 0.4586339 0.0 0.8886253
vn 0.2985837 0.0 0.9543835
vn 0.2146777 0.0 0.9766849
vn 0.0432958 0.0 0.9990623
vn -0.0433752 0.0 0.9990589
vn -0.2154537 0.0 0.976514
vn -0.2991282 0.0 0.9542129
vn -0.4528812 0.0 0.8915709
vn -0.5248657 0.0 0.851185
vn -0.6704912 0.0 0.7419175
vn -0.7418472 0.0 0.670569
vn -0.9529372 0.0 0.3031679
vn -0.9771894 0.0 0.2123694
vn -0.9991098 0.0 0.0421844
vn -0.9990843 0.0 -0.0427855
vn -0.975858 0.0 -0.2184058
vn -0.9515833 0.0 -0.3073909
vn -0.7418472 0.0 -0.670569
vn -0.6704912 0.0 -0.7419175
vn -0.5248657 0.0 -0.851185
vn -0.4528812 0.0 -0.8915709
vn -0.2991282 0.0 -0.9542129
vn -0.2154537 0.0 -0.976514
vn 0.2146777 0.0 -0.9766849
vn 0.2985837 0.0 -0.9543835
vn 0.4586339 0.0 -0.8886253
vn 0.537805 0.0 -0.8430693
vn 0.6849007 0.0 -0.7286364
vn 0.7489898 0.0 -0.6625816
vn 0.9515833 0.0 -0.3073909
vn 0.917079 0.0 0.3987055
vn 0.8137242 0.0 0.5812511
vn 0.8 0.0 0.6
vn 0.6958042 0.0 0.7182316
vn 0.3032142 0.0 0.9529224
vn 0.2124649 0.0 0.9771687
vn 0.0119028 0.0 0.9999292
vn 0.0 0.0 1.0
vn -0.0119028 0.0 0.9999292
vn -0.2124649 0.0 0.9771687
vn -0.3032142 0.0 0.9529224
vn -0.398654 0.0 0.9171014
vn -0.5811864 0.0 0.8137704
vn -0.6000377 0.0 0.7999718
vn -0.6750667 0.0 0.7377567
vn -0.7378348 0.0 0.6749814
vn -0.8 0.0 0.6
vn -0.8137242 0.0 0.5812511
vn -0.917079 0.0 0.3987055
vn 0.2181207 0.0 -0.9759218
vn -0.042234 0.0 -0.9991077
vn 0.0428358 0.0 -0.9990821
vn -0.2124649 0.0 -0.9771687
vn -0.3032142 0.0 -0.9529224
vn -0.042234 0.0 0.9991077
vn 0.0428358 0.0 0.9990821
vn 0.2181207 0.0 0.9759218
vn 0.3063827 0.0 0.9519084
vn 0.4630636 0.0 0.8863251
vn 0.5304858 0.0 0.8476939
vn 0.5304858 0.0 -0.8476939
vn 0.4630636 0.0 -0.8863251
vn 0.3063827 0.0 -0.9519084
vn -0.2146777 0.0 -0.9766849
vn 0.0433752 0.0 -0.9990589
vn -0.0432958 0.0 -0.9990623
vn 0.2154537 0.0 -0.976514
vn 0.2991282 0.0 -0.9542129
vn 0.7418472 0.0 0.670569
vn 0.6704912 0.0 0.7419175
vn 0.2991282 0.0 0.9542129
vn 0.2154537 0.0 0.976514
vn 0.0433752 0.0 0.9990589
vn -0.0432958 0.0 0.9990623
vn -0.2146777 0.0 0.9766849
vn -0.2985837 0.0 0.9543835
vn -0.6849007 0.0 0.7286364
vn -0.7489898 0.0 0.6625816
vn -0.2985837 0.0 -0.9543835
vn 0.0 0.9999803 0.0062794
vn 0.0 0.9999903 0.0044136
vn 0.0 0.9999947 0.0032628
vn 0.0 0.9999939 0.0034893
vn 0.0 0.9999776 0.0066902
vn 0.0 0.9999898 0.004512
vn 0.0 0.9997142 0.0239082
vn 0.0 0.9999898 0.0045167
vn 0.0 0.9999777 0.0066761
vn 0.7359341 0.0 0.6770532
vn 0.6770532 0.0 0.7359341
vn 0.2990537 0.0 0.9542363
vn 0.2153464 0.0 0.9765377
vn 0.0433265 0.0 0.999061
vn -0.0432493 0.0 0.9990643
vn -0.2146025 0.0 0.9767015
vn -0.2985523 0.0 0.9543933
vn -0.4528409 0.0 0.8915914
vn -0.5248433 0.0 0.8511988
vn -0.6625311 0.0 0.7490344
vn -0.7286107 0.0 0.684928
vn -0.9542363 0.0 0.2990537
vn -0.9765377 0.0 0.2153464
vn -0.9990576 0.0 0.0434039
vn -0.9990576 0.0 -0.0434039
vn -0.9765377 0.0 -0.2153464
vn -0.9542363 0.0 -0.2990537
vn -0.5248433 0.0 -0.8511988
vn -0.4528409 0.0 -0.8915914
vn -0.298598 0.0 -0.954379
vn -0.2146989 0.0 -0.9766803
vn -0.0433002 0.0 -0.9990621
vn 0.0433774 0.0 -0.9990588
vn 0.2154431 0.0 -0.9765164
vn 0.2990995 0.0 -0.9542219
vn 0.0 0.0025217 0.9999968
vn 0.0 0.0052363 0.9999863
vn 0.0 0.1863292 0.9824874
vn 0.0 0.0082354 0.9999661
vn 0.0 0.9736205 0.2281734
vn 0.0 0.9819222 0.1892848
vn 0.0 0.9161759 0.4007764
vn 0.0 0.8886459 0.4585939
vn 0.0 0.8099583 0.5864875
vn 0.0 0.7592634 0.6507835
vn 0.0 0.6507835 0.7592634
vn 0.0 0.5864875 0.8099583
vn 0.0 0.4585939 0.8886459
vn 0.0 0.4007764 0.9161759
vn 0.0 0.2310496 0.972942
vn 0.0 0.0048951 0.999988
vn 0.0 0.0030119 0.9999955
vn 0.0 0.0057981 0.9999832
vn -0.999628 0.0272737 0.0
vn 0.2154431 0.9765164 0.0
vn 0.2990995 0.9542219 0.0
vn 0.463994 0.8858383 0.0
vn 0.5449727 0.8384538 0.0
vn 0.678276 0.7348073 0.0
vn 0.7353595 0.6776772 0.0
vn 0.8430693 0.537805 0.0
vn 0.8886253 0.4586339 0.0
vn 0.9542219 0.2990995 0.0
vn 0.9765164 0.2154431 0.0
vn 0.9998186 0.0190442 0.0
vn 0.9999857 0.0053472 0.0
vn -0.8855545 0.4645355 0.0
vn -0.9773259 0.2117407 0.0
vn -0.9530861 0.3026995 0.0
vn -0.9991139 0.0420878 0.0
vn -0.9990854 -0.0427605 0.0
vn -0.9758361 -0.2185038 0.0
vn -0.9515682 -0.3074377 0.0
vn -0.8855545 -0.4645355 0.0
vn -0.8471941 -0.5312835 0.0
vn -0.7418722 -0.6705413 0.0
vn -0.6705413 -0.7418722 0.0
vn -0.5312835 -0.8471941 0.0
vn -0.4645355 -0.8855545 0.0
vn -0.3032142 -0.9529224 0.0
vn -0.2124649 -0.9771687 0.0
vn -0.042234 -0.9991077 0.0
vn 0.0428358 -0.9990821 0.0
vn 0.2181207 -0.9759218 0.0
vn 0.3063827 -0.9519084 0.0
vn 0.4630636 -0.8863251 0.0
vn 0.5304858 -0.8476939 0.0
vn 0.6705413 -0.7418722 0.0
vn 0.7418722 -0.6705413 0.0
vn 0.8471941 -0.5312835 0.0
vn 0.8855545 -0.4645355 0.0
vn 0.9515682 -0.3074377 0.0
vn 0.9758361 -0.2185038 0.0
vn 0.9990854 -0.0427605 0.0
vn 0.9991139 0.0420878 0.0
vn 0.9773259 0.2117407 0.0
vn 0.9530861 0.3026995 0.0
vn 0.8855545 0.4645355 0.0
vn 0.8471941 0.5312835 0.0
vn 0.7418722 0.6705413 0.0
vn 0.6705413 0.7418722 0.0
vn 0.5304858 0.8476939 0.0
vn 0.4630636 0.8863251 0.0
vn 0.3063827 0.9519084 0.0
vn 0.2181207 0.9759218 0.0
vn 0.0428358 0.9990821 0.0
vn -0.042234 0.9991077 0.0
vn -0.2124649 0.9771687 0.0
vn -0.3032142 0.9529224 0.0
vn -0.4645355 0.8855545 0.0
vn -0.5312835 0.8471941 0.0
vn -0.6705413 0.7418722 0.0
vn -0.7418722 0.6705413 0.0
vn -0.8471941 0.5312835 0.0
vn 0.9999857 -0.0053473 0.0
vn 0.9998186 -0.0190444 0.0
vn -0.2123694 -0.9771894 0.0
vn -0.3031679 -0.9529372 0.0
vn -0.0421844 -0.9991098 0.0
vn 0.0427855 -0.9990843 0.0
vn 0.2180229 -0.9759437 0.0
vn 0.306336 -0.9519235 0.0
vn 0.670569 -0.7418472 0.0
vn 0.7419175 -0.6704912 0.0
vn 0.851185 -0.5248657 0.0
vn 0.8915709 -0.4528812 0.0
vn 0.9542129 -0.2991282 0.0
vn 0.976514 -0.2154537 0.0
vn 0.9990555 -0.0434528 0.0
vn 0.9990556 0.0434505 0.0
vn 0.9765188 0.2154324 0.0
vn 0.9542174 0.2991138 0.0
vn 0.888604 0.4586751 0.0
vn 0.8430544 0.5378283 0.0
vn 0.5317934 0.8468741 0.0
vn 0.4659461 0.8848131 0.0
vn 0.3097375 0.9508221 0.0
vn 0.2198797 0.975527 0.0
vn -0.2141828 0.9767936 0.0
vn -0.3065415 0.9518573 0.0
vn -0.4674222 0.8840342 0.0
vn -0.5325916 0.8463724 0.0
vn -0.6625816 0.7489898 0.0
vn -0.7286364 0.6849007 0.0
vn -0.8430544 0.5378283 0.0
vn -0.888604 0.4586751 0.0
vn -0.9542174 0.2991138 0.0
vn -0.9765188 0.2154324 0.0
vn -0.9990556 0.0434505 0.0
vn -0.9990555 -0.0434528 0.0
vn -0.976514 -0.2154537 0.0
vn -0.9542129 -0.2991282 0.0
vn -0.8915709 -0.4528812 0.0
vn -0.851185 -0.5248657 0.0
vn -0.7419175 -0.6704912 0.0
vn -0.670569 -0.7418472 0.0
vn 0.2154431 -0.9765164 0.0
vn 0.2990995 -0.9542219 0.0
vn 0.452861 -0.8915811 0.0
vn 0.5248881 -0.8511712 0.0
vn 0.6625816 -0.7489898 0.0
vn 0.7286364 -0.6849007 0.0
vn 0.8430693 -0.537805 0.0
vn 0.8886253 -0.4586339 0.0
vn 0.9542219 -0.2990995 0.0
vn 0.9765164 -0.2154431 0.0
vn 0.5313063 -0.8471798 0.0
vn 0.4645777 -0.8855324 0.0
vn 0.3032289 -0.9529177 0.0
vn 0.2124546 -0.9771709 0.0
vn 0.0422298 -0.9991079 0.0
vn -0.0428336 -0.9990822 0.0
vn -0.2181207 -0.9759218 0.0
vn -0.3063827 -0.9519084 0.0
vn -0.4630636 -0.8863251 0.0
vn -0.5304858 -0.8476939 0.0
vn -0.5304858 0.8476939 0.0
vn -0.4630636 0.8863251 0.0
vn -0.3063827 0.9519084 0.0
vn -0.2181207 0.9759218 0.0
vn -0.0428336 0.9990822 0.0
vn 0.0422298 0.9991079 0.0
vn 0.2124546 0.9771709 0.0
vn 0.3032289 0.9529177 0.0
vn 0.4645777 0.8855324 0.0
vn 0.5313063 0.8471798 0.0
vn 0.3031826 -0.9529325 0.0
vn 0.2123591 -0.9771917 0.0
vn 0.0421802 -0.99911 0.0
vn -0.0427833 -0.9990844 0.0
vn -0.2180229 -0.9759437 0.0
vn -0.306336 -0.9519235 0.0
vn -0.5317934 0.8468741 0.0
vn -0.4659461 0.8848131 0.0
vn -0.3097375 0.9508221 0.0
vn -0.2198797 0.975527 0.0
vn 0.2141724 0.9767959 0.0
vn 0.3065564 0.9518525 0.0
vn 0.4674645 0.8840119 0.0
vn 0.5326144 0.846358 0.0
vn -0.0432958 0.9990623 0.0
vn -0.2985837 0.9543835 0.0
vn -0.2146777 0.9766849 0.0
vn -0.4698314 0.8827562 0.0
vn -0.5579718 0.8298599 0.0
vn -0.692517 0.7214016 0.0
vn -0.7425677 0.669771 0.0
vn -0.9542363 0.2990537 0.0
vn -0.9765377 0.2153464 0.0
vn -0.9990576 0.0434039 0.0
vn -0.9990576 -0.0434039 0.0
vn -0.9765377 -0.2153464 0.0
vn -0.9542363 -0.2990537 0.0
vn -0.7425677 -0.669771 0.0
vn -0.692517 -0.7214016 0.0
vn -0.5579718 -0.8298599 0.0
vn -0.4698314 -0.8827562 0.0
vn -0.2985837 -0.9543835 0.0
vn -0.2146777 -0.9766849 0.0
vn -0.0432958 -0.9990623 0.0
vn 0.0433752 -0.9990589 0.0
vn 0.2154537 -0.976514 0.0
vn 0.2991282 -0.9542129 0.0
vn 0.4640144 -0.8858276 0.0
vn 0.5449502 -0.8384684 0.0
vn 0.6782262 -0.7348532 0.0
vn 0.7353341 -0.6777048 0.0
vn 0.9542363 -0.2990537 0.0
vn 0.9765377 -0.2153464 0.0
vn 0.9990576 -0.0434039 0.0
vn 0.9990576 0.0434039 0.0
vn 0.9765377 0.2153464 0.0
vn 0.9542363 0.2990537 0.0
vn 0.7353341 0.6777048 0.0
vn 0.6782262 0.7348532 0.0
vn 0.5449502 0.8384684 0.0
vn 0.4640144 0.8858276 0.0
vn 0.2991282 0.9542129 0.0
vn 0.2154537 0.976514 0.0
vn 0.0433752 0.9990589 0.0
vn 0.9990554 0.043455 0.0
vn 0.9990554 -0.043455 0.0
vn 0.7353595 -0.6776772 0.0
vn 0.678276 -0.7348073 0.0
vn 0.5514354 -0.8342176 0.0
vn 0.4758386 -0.8795326 0.0
vn -0.4743086 -0.8803586 0.0
vn -0.5506095 -0.8347629 0.0
vn -0.678276 -0.7348073 0.0
vn -0.7353595 -0.6776772 0.0
vn -0.9990554 -0.043455 0.0
vn -0.9990554 0.043455 0.0
vn -0.5506095 0.8347629 0.0
vn -0.4743086 0.8803586 0.0
vn 0.4758386 0.8795326 0.0
vn 0.5514354 0.8342176 0.0
vn -0.7353341 0.6777048 0.0
vn -0.6782262 0.7348532 0.0
vn -0.5449502 0.8384684 0.0
vn -0.4640144 0.8858276 0.0
vn -0.2991282 0.9542129 0.0
vn -0.2154537 0.976514 0.0
vn -0.0433752 0.9990589 0.0
vn 0.0432958 0.9990623 0.0
vn 0.2146777 0.9766849 0.0
vn 0.2985837 0.9543835 0.0
vn 0.4698314 0.8827562 0.0
vn 0.5579718 0.8298599 0.0
vn 0.692517 0.7214016 0.0
vn 0.7425677 0.669771 0.0
vn 0.7425677 -0.669771 0.0
vn 0.692517 -0.7214016 0.0
vn 0.5579718 -0.8298599 0.0
vn 0.4698314 -0.8827562 0.0
vn 0.2985837 -0.9543835 0.0
vn 0.2146777 -0.9766849 0.0
vn 0.0432958 -0.9990623 0.0
vn -0.0433752 -0.9990589 0.0
vn -0.2154537 -0.976514 0.0
vn -0.2991282 -0.9542129 0.0
vn -0.4640144 -0.8858276 0.0
vn -0.5449502 -0.8384684 0.0
vn -0.6782262 -0.7348532 0.0
vn -0.7353341 -0.6777048 0.0
vn -0.0073693 0.9999728 0.0
vn -0.9765986 0.2150703 0.0
vn -0.9545353 0.2980981 0.0
vn -0.8893669 0.4571941 0.0
vn -0.8435876 0.5369915 0.0
vn -0.7071471 0.7070665 0.0
vn -0.6000377 0.7999718 0.0
vn -0.5811864 0.8137704 0.0
vn -0.398654 0.9171014 0.0
vn 0.0 0.0 -1.0
vn 0.5506095 0.8347629 0.0
vn 0.4743086 0.8803586 0.0
vn -0.475796 0.8795557 0.0
vn -0.5514124 0.8342328 0.0
vn -0.5514124 -0.8342328 0.0
vn -0.475796 -0.8795557 0.0
vn 0.4743086 -0.8803586 0.0
vn 0.5506095 -0.8347629 0.0
f 1//1 2//2 3//1
f 3//1 2//2 4//3
f 2//2 5//4 4//3
f 4//3 5//4 6//5
f 5//4 7//6 6//5
f 6//5 7//6 8//7
f 7//6 9//8 8//7
f 8//7 9//8 10//9
f 9//8 11//10 10//9
f 10//9 11//10 12//11
f 11//10 13//12 12//11
f 13//12 14//12 12//11
f 15//13 16//14 17//15
f 16//14 18//15 17//15
f 17//15 18//15 19//15
f 18//15 20//15 19//15
f 19//15 20//15 21//16
f 20//15 22//17 21//16
f 23//16 24//17 25//18
f 24//17 26//19 25//18
f 25//18 26//19 27//20
f 26//19 28//21 27//20
f 27//20 28//21 29//22
f 28//21 30//23 29//22
f 29//22 30//23 31//24
f 30//23 32//25 31//24
f 31//24 32//25 33//26
f 32//25 34//27 33//26
f 33//26 34//27 35//28
f 34//27 36//29 35//28
f 37//12 38//12 39//30
f 38//12 40//30 39//30
f 39//30 40//30 41//30
f 40//30 42//30 41//30
f 41//30 42//30 43//30
f 42//30 44//30 43//30
f 43//30 44//30 45//30
f 44//30 46//30 45//30
f 45//30 46//30 47//30
f 46//30 48//30 47//30
f 49//28 50//29 51//31
f 50//29 52//31 51//31
f 51//31 52//31 53//32
f 52//31 54//33 53//32
f 55//32 56//33 57//34
f 56//33 58//35 57//34
f 57//34 58//35 59//36
f 58//35 60//37 59//36
f 59//36 60//37 61//38
f 60//37 62//39 61//38
f 61//38 62//39 63//40
f 62//39 64//41 63//40
f 63//40 64//41 65//42
f 64//41 66//43 65//42
f 65//42 66//43 67//44
f 66//43 68//45 67//44
f 69//44 70//45 71//46
f 70//45 72//46 71//46
f 71//46 72//46 73//46
f 72//46 74//46 73//46
f 73//46 74//46 75//47
f 74//46 76//48 75//47
f 77//30 78//30 79//30
f 78//30 80//30 79//30
f 79//30 80//30 81//30
f 80//30 82//30 81//30
f 81//30 82//30 83//30
f 82//30 84//30 83//30
f 83//30 84//30 85//30
f 84//30 86//30 85//30
f 85//30 86//30 87//30
f 86//30 88//30 87//30
f 87//30 88//30 89//30
f 88//30 90//30 89//30
f 89//30 90//30 91//30
f 90//30 92//30 91//30
f 93//49 94//50 95//51
f 94//50 96//52 95//51
f 96//52 97//53 95//51
f 98//54 99//55 100//56
f 100//56 99//55 101//57
f 102//58 103//59 104//60
f 103//59 105//61 104//60
f 105//61 101//57 104//60
f 101//57 99//55 104//60
f 99//55 106//62 104//60
f 104//60 106//62 107//63
f 106//62 108//64 107//63
f 107//63 108//64 109//65
f 108//64 110//66 109//65
f 109//65 110//66 111//67
f 110//66 112//68 111//67
f 111//67 112//68 113//69
f 112//68 95//51 113//69
f 113//69 95//51 114//70
f 95//51 97//53 114//70
f 115//71 114//70 116//72
f 116//72 114//70 117//73
f 117//73 114//70 118//74
f 118//74 114//70 119//75
f 114//70 97//53 119//75
f 120//30 121//30 122//30
f 121//30 123//30 122//30
f 122//30 123//30 124//30
f 123//30 125//30 124//30
f 124//30 125//30 126//76
f 125//30 127//76 126//76
f 128//77 129//78 130//79
f 130//79 129//78 131//80
f 129//78 132//81 131//80
f 131//80 132//81 133//82
f 132//81 134//83 133//82
f 133//82 134//83 135//84
f 134//83 136//85 135//84
f 135//84 136//85 137//86
f 136//85 138//87 137//86
f 137//86 138//87 139//88
f 138//87 140//89 139//88
f 139//88 140//89 141//90
f 140//89 142//91 141//90
f 141//90 142//91 143//92
f 142//91 144//93 143//92
f 143//92 144//93 145//94
f 144//93 146//95 145//94
f 145//94 146//95 147//96
f 146//95 148//97 147//96
f 147//96 148//97 149//98
f 148//97 150//99 149//98
f 149//98 150//99 151//100
f 150//99 152//101 151//100
f 151//100 152//101 153//102
f 152//101 154//103 153//102
f 153//102 154//103 155//104
f 154//103 156//105 155//104
f 155//104 156//105 157//106
f 156//105 158//107 157//106
f 157//106 158//107 159//108
f 158//107 160//109 159//108
f 159//108 160//109 161//110
f 160//109 162//111 161//110
f 161//110 162//111 163//112
f 162//111 164//113 163//112
f 163//112 164//113 165//114
f 164//113 166//115 165//114
f 165//114 166//115 167//116
f 166//115 168//117 167//116
f 167//116 168//117 169//118
f 168//117 170//119 169//118
f 169//118 170//119 171//120
f 170//119 172//121 171//120
f 171//120 172//121 173//122
f 172//121 174//123 173//122
f 173//122 174//123 175//124
f 174//123 128//77 175//124
f 128//77 130//79 175//124
f 176//125 177//126 178//127
f 178//127 177//126 179//128
f 177//126 180//129 179//128
f 179//128 180//129 181//130
f 180//129 182//131 181//130
f 181//130 182//131 183//132
f 182//131 184//133 183//132
f 183//132 184//133 185//134
f 184//133 186//135 185//134
f 185//134 186//135 187//136
f 186//135 188//137 187//136
f 187//136 188//137 189//138
f 188//137 190//139 189//138
f 189//138 190//139 191//140
f 190//139 192//141 191//140
f 191//140 192//141 193//142
f 192//141 194//143 193//142
f 193//142 194//143 195//144
f 194//143 196//145 195//144
f 195//144 196//145 197//146
f 196//145 198//147 197//146
f 197//146 198//147 199//148
f 198//147 200//149 199//148
f 199//148 200//149 201//150
f 200//149 202//151 201//150
f 201//150 202//151 203//152
f 202//151 204//153 203//152
f 203//152 204//153 205//154
f 204//153 206//155 205//154
f 205//154 206//155 207//122
f 206//155 208//123 207//122
f 207//122 208//123 209//156
f 208//123 210//157 209//156
f 209//156 210//157 211//158
f 210//157 212//159 211//158
f 211//158 212//159 213//160
f 212//159 214//161 213//160
f 213//160 214//161 215//162
f 214//161 216//163 215//162
f 215//162 216//163 217//164
f 216//163 218//165 217//164
f 217//164 218//165 219//86
f 218//165 220//87 219//86
f 219//86 220//87 221//166
f 220//87 222//167 221//166
f 221//166 222//167 223//168
f 222//167 176//125 223//168
f 176//125 178//127 223//168
f 224//31 225//31 226//31
f 225//31 227//31 226//31
f 226//31 227//31 228//31
f 227//31 229//31 228//31
f 228//31 229//31 230//169
f 229//31 231//169 230//169
f 232//154 233//152 234//153
f 234//153 233//152 235//151
f 233//152 236//150 235//151
f 235//151 236//150 237//149
f 236//150 238//148 237//149
f 237//149 238//148 239//147
f 238//148 240//146 239//147
f 239//147 240//146 241//170
f 240//146 242//171 241//170
f 241//170 242//171 243//172
f 242//171 244//173 243//172
f 243//172 244//173 245//174
f 244//173 246//175 245//174
f 245//174 246//175 247//176
f 246//175 248//177 247//176
f 247//176 248//177 249//178
f 248//177 250//179 249//178
f 249//178 250//179 251//180
f 250//179 252//181 251//180
f 251//180 252//181 253//182
f 252//181 254//183 253//182
f 253//182 254//183 255//131
f 254//183 256//130 255//131
f 255//131 256//130 257//184
f 256//130 258//185 257//184
f 257//184 258//185 259//186
f 258//185 260//187 259//186
f 259//186 260//187 261//188
f 260//187 262//189 261//188
f 261//188 262//189 263//167
f 262//189 264//166 263//167
f 263//167 264//166 265//190
f 264//166 266//191 265//190
f 265//190 266//191 267//192
f 266//191 268//193 267//192
f 267//192 268//193 269//194
f 268//193 270//195 269//194
f 269//194 270//195 271//196
f 270//195 272//197 271//196
f 271//196 272//197 273//198
f 272//197 274//199 273//198
f 273//198 274//199 275//200
f 274//199 276//201 275//200
f 275//200 276//201 277//202
f 276//201 278//203 277//202
f 277//202 278//203 279//155
f 278//203 232//154 279//155
f 232//154 234//153 279//155
f 280//204 281//205 282//206
f 282//206 281//205 283//207
f 281//205 284//208 283//207
f 283//207 284//208 285//96
f 284//208 286//97 285//96
f 285//96 286//97 287//209
f 286//97 288//210 287//209
f 287//209 288//210 289//211
f 288//210 290//212 289//211
f 289//211 290//212 291//213
f 290//212 292//214 291//213
f 291//213 292//214 293//215
f 292//214 294//216 293//215
f 293//215 294//216 295//217
f 294//216 296//218 295//217
f 295//217 296//218 297//219
f 296//218 298//220 297//219
f 297//219 298//220 299//221
f 298//220 300//222 299//221
f 299//221 300//222 301//112
f 300//222 302//113 301//112
f 301//112 302//113 303//223
f 302//113 304//224 303//223
f 303//223 304//224 305//225
f 304//224 306//226 305//225
f 305//225 306//226 307//227
f 306//226 308//228 307//227
f 307//227 308//228 309//120
f 308//228 310//121 309//120
f 309//120 310//121 311//229
f 310//121 312//230 311//229
f 311//229 312//230 313//231
f 312//230 314//232 313//231
f 313//231 314//232 315//233
f 314//232 316//234 315//233
f 315//233 316//234 317//197
f 316//234 318//196 317//197
f 317//197 318//196 319//235
f 318//196 320//236 319//235
f 319//235 320//236 321//237
f 320//236 322//238 321//237
f 321//237 322//238 323//239
f 322//238 324//240 323//239
f 323//239 324//240 325//88
f 324//240 326//89 325//88
f 325//88 326//89 327//241
f 326//89 280//204 327//241
f 280//204 282//206 327//241
f 328//169 329//115 330//169
f 330//169 329//115 331//114
f 332//76 333//94 334//76
f 334//76 333//94 335//95
f 333//94 336//242 335//95
f 335//95 336//242 337//242
f 337//242 336//242 338//243
f 336//242 339//244 338//243
f 338//243 339//244 340//245
f 339//244 341//245 340//245
f 341//245 342//134 340//245
f 340//245 342//134 343//135
f 342//134 344//246 343//135
f 343//135 344//246 345//247
f 344//246 346//248 345//247
f 345//247 346//248 347//248
f 347//248 346//248 348//249
f 346//248 349//249 348//249
f 348//249 349//249 350//249
f 349//249 351//249 350//249
f 350//249 351//249 352//249
f 351//249 353//249 352//249
f 352//249 353//249 354//249
f 353//249 355//249 354//249
f 354//249 355//249 356//249
f 355//249 357//249 356//249
f 356//249 357//249 358//249
f 357//249 359//249 358//249
f 358//249 359//249 360//250
f 359//249 361//250 360//250
f 361//250 362//251 360//250
f 360//250 362//251 363//252
f 362//251 364//253 363//252
f 363//252 364//253 365//253
f 365//253 364//253 366//254
f 364//253 367//255 366//254
f 366//254 367//255 368//256
f 367//255 369//257 368//256
f 368//256 369//257 370//258
f 369//257 371//259 370//258
f 370//258 371//259 372//260
f 371//259 373//260 372//260
f 373//260 331//114 372//260
f 331//114 329//115 372//260
f 374//15 375//15 376//15
f 376//15 375//15 377//15
f 377//15 375//15 378//15
f 379//15 380//15 381//15
f 380//15 382//15 381//15
f 382//15 383//15 381//15
f 383//15 384//15 381//15
f 384//15 385//15 381//15
f 385//15 386//15 381//15
f 381//15 386//15 387//15
f 386//15 388//15 387//15
f 388//15 389//15 387//15
f 389//15 390//15 387//15
f 390//15 391//15 387//15
f 391//15 392//15 387//15
f 392//15 393//15 387//15
f 394//15 395//15 396//15
f 396//15 395//15 397//15
f 397//15 395//15 398//15
f 398//15 395//15 399//15
f 399//15 395//15 400//15
f 400//15 395//15 401//15
f 402//15 403//15 404//15
f 403//15 405//15 404//15
f 405//15 406//15 404//15
f 406//15 407//15 404//15
f 407//15 408//15 404//15
f 408//15 401//15 404//15
f 401//15 395//15 404//15
f 404//15 395//15 409//15
f 395//15 387//15 409//15
f 387//15 393//15 409//15
f 393//15 410//15 409//15
f 410//15 411//15 409//15
f 411//15 412//15 409//15
f 412//15 413//15 409//15
f 413//15 414//15 409//15
f 414//15 415//15 409//15
f 409//15 415//15 416//15
f 415//15 417//15 416//15
f 417//15 418//15 416//15
f 418//15 419//15 416//15
f 419//15 420//15 416//15
f 420//15 421//15 416//15
f 421//15 379//15 416//15
f 379//15 381//15 416//15
f 416//15 381//15 422//15
f 423//15 422//15 424//15
f 424//15 422//15 425//15
f 425//15 422//15 426//15
f 426//15 422//15 427//15
f 427//15 422//15 428//15
f 428//15 422//15 429//15
f 430//15 431//15 432//15
f 431//15 433//15 432//15
f 433//15 434//15 432//15
f 434//15 435//15 432//15
f 435//15 436//15 432//15
f 436//15 429//15 432//15
f 429//15 422//15 432//15
f 422//15 381//15 432//15
f 437//15 438//15 439//15
f 439//15 438//15 440//15
f 440//15 438//15 441//15
f 438//15 432//15 441//15
f 441//15 432//15 442//15
f 442//15 432//15 443//15
f 443//15 432//15 444//15
f 444//15 432//15 445//15
f 432//15 381//15 445//15
f 445//15 381//15 446//15
f 446//15 381//15 447//15
f 447//15 381//15 448//15
f 448//15 381//15 449//15
f 449//15 381//15 450//15
f 451//15 452//15 453//15
f 452//15 454//15 453//15
f 454//15 450//15 453//15
f 450//15 381//15 453//15
f 453//15 381//15 455//15
f 381//15 387//15 455//15
f 456//15 455//15 457//15
f 457//15 455//15 458//15
f 458//15 455//15 459//15
f 455//15 387//15 459//15
f 459//15 387//15 460//15
f 460//15 387//15 461//15
f 461//15 387//15 462//15
f 462//15 387//15 463//15
f 387//15 395//15 463//15
f 463//15 395//15 464//15
f 464//15 395//15 465//15
f 465//15 395//15 466//15
f 466//15 395//15 467//15
f 467//15 395//15 468//15
f 469//15 470//15 471//15
f 470//15 472//15 471//15
f 472//15 468//15 471//15
f 468//15 395//15 471//15
f 471//15 395//15 473//15
f 474//15 473//15 475//15
f 475//15 473//15 476//15
f 476//15 473//15 477//15
f 478//15 479//15 480//15
f 479//15 481//15 480//15
f 481//15 482//15 480//15
f 482//15 477//15 480//15
f 477//15 473//15 480//15
f 473//15 395//15 480//15
f 395//15 394//15 480//15
f 394//15 483//15 480//15
f 483//15 484//15 480//15
f 484//15 485//15 480//15
f 485//15 486//15 480//15
f 486//15 487//15 480//15
f 487//15 488//15 480//15
f 480//15 488//15 489//15
f 488//15 490//15 489//15
f 490//15 491//15 489//15
f 491//15 492//15 489//15
f 492//15 493//15 489//15
f 493//15 494//15 489//15
f 494//15 402//15 489//15
f 402//15 404//15 489//15
f 495//15 489//15 496//15
f 489//15 404//15 496//15
f 496//15 404//15 497//15
f 404//15 409//15 497//15
f 497//15 409//15 498//15
f 409//15 416//15 498//15
f 498//15 416//15 499//15
f 416//15 422//15 499//15
f 499//15 422//15 500//15
f 501//15 500//15 502//15
f 502//15 500//15 503//15
f 503//15 500//15 504//15
f 500//15 422//15 504//15
f 422//15 423//15 504//15
f 423//15 505//15 504//15
f 505//15 506//15 504//15
f 506//15 507//15 504//15
f 504//15 507//15 508//15
f 507//15 509//15 508//15
f 508//15 509//15 510//15
f 510//15 509//15 511//15
f 509//15 512//15 511//15
f 512//15 513//15 511//15
f 511//15 513//15 514//15
f 513//15 515//15 514//15
f 515//15 516//15 514//15
f 516//15 517//15 514//15
f 517//15 518//15 514//15
f 518//15 519//15 514//15
f 519//15 430//15 514//15
f 430//15 432//15 514//15
f 432//15 438//15 514//15
f 514//15 438//15 520//15
f 521//49 520//15 522//50
f 520//15 438//15 522//50
f 438//15 437//15 522//50
f 437//15 523//15 522//50
f 523//15 524//15 522//50
f 524//15 525//15 522//50
f 525//15 526//15 522//50
f 526//15 527//15 522//50
f 522//50 527//15 528//52
f 527//15 529//15 528//52
f 529//15 530//15 528//52
f 530//15 531//15 528//52
f 531//15 451//15 528//52
f 451//15 453//15 528//52
f 528//52 453//15 532//53
f 453//15 455//15 532//53
f 455//15 456//15 532//53
f 456//15 533//15 532//53
f 533//15 534//15 532//53
f 534//15 535//15 532//53
f 535//15 536//15 532//53
f 536//15 537//15 532//53
f 532//53 537//15 538//75
f 537//15 539//15 538//75
f 539//15 540//15 538//75
f 540//15 541//15 538//75
f 541//15 469//15 538//75
f 469//15 471//15 538//75
f 538//75 471//15 542//74
f 471//15 473//15 542//74
f 473//15 474//15 542//74
f 474//15 543//15 542//74
f 543//15 544//15 542//74
f 544//15 545//15 542//74
f 545//15 546//15 542//74
f 546//15 547//15 542//74
f 542//74 547//15 548//73
f 547//15 549//15 548//73
f 549//15 550//15 548//73
f 550//15 551//15 548//73
f 551//15 378//15 548//73
f 378//15 375//15 548//73
f 548//73 375//15 552//72
f 375//15 553//15 552//72
f 552//72 553//15 554//71
f 554//71 553//15 555//15
f 556//15 557//15 558//15
f 557//15 555//15 558//15
f 555//15 553//15 558//15
f 558//15 553//15 559//15
f 553//15 375//15 559//15
f 375//15 374//15 559//15
f 374//15 560//15 559//15
f 560//15 561//15 559//15
f 561//15 562//15 559//15
f 562//15 563//15 559//15
f 563//15 478//15 559//15
f 478//15 480//15 559//15
f 480//15 489//15 559//15
f 559//15 489//15 564//15
f 489//15 495//15 564//15
f 495//15 565//15 564//15
f 564//15 565//15 566//15
f 565//15 567//15 566//15
f 567//15 568//15 566//15
f 568//15 569//15 566//15
f 569//15 570//15 566//15
f 570//15 571//15 566//15
f 571//15 572//15 566//15
f 572//15 573//15 566//15
f 573//15 574//15 566//15
f 574//15 556//15 566//15
f 556//15 558//15 566//15
f 566//15 558//15 575//15
f 575//15 558//15 576//15
f 576//15 558//15 577//15
f 577//15 558//15 578//15
f 578//15 558//15 579//15
f 579//15 558//15 580//15
f 580//15 558//15 581//15
f 558//15 559//15 581//15
f 581//15 559//15 582//15
f 582//15 559//15 583//15
f 583//15 559//15 584//15
f 584//15 559//15 585//15
f 585//15 559//15 586//15
f 586//15 559//15 587//15
f 559//15 564//15 587//15
f 587//15 564//15 588//15
f 588//15 564//15 589//15
f 589//15 564//15 590//15
f 590//15 564//15 591//15
f 591//15 564//15 592//15
f 592//15 564//15 593//15
f 564//15 566//15 593//15
f 593//15 566//15 594//15
f 594//15 566//15 595//15
f 595//15 566//15 596//15
f 596//15 566//15 597//15
f 597//15 566//15 598//15
f 566//15 575//15 598//15
f 599//261 600//262 601//263
f 601//263 600//262 602//264
f 600//262 603//265 602//264
f 602//264 603//265 604//157
f 603//265 605//156 604//157
f 604//157 605//156 606//123
f 605//156 607//122 606//123
f 606//123 607//122 608//121
f 607//122 609//120 608//121
f 608//121 609//120 610//119
f 609//120 611//118 610//119
f 610//119 611//118 612//117
f 611//118 613//116 612//117
f 612//117 613//116 614//115
f 613//116 615//114 614//115
f 614//115 615//114 616//113
f 615//114 617//112 616//113
f 616//113 617//112 618//111
f 617//112 619//110 618//111
f 618//111 619//110 620//143
f 619//110 621//142 620//143
f 620//143 621//142 622//252
f 621//142 623//251 622//252
f 622//252 623//251 624//266
f 623//251 625//267 624//266
f 624//266 625//267 626//268
f 625//267 627//269 626//268
f 626//268 627//269 628//270
f 627//269 629//271 628//270
f 628//270 629//271 630//99
f 629//271 631//98 630//99
f 630//99 631//98 632//97
f 631//98 633//96 632//97
f 632//97 633//96 634//95
f 633//96 635//94 634//95
f 634//95 635//94 636//93
f 635//94 637//92 636//93
f 636//93 637//92 638//91
f 637//92 639//90 638//91
f 638//91 639//90 640//89
f 639//90 641//88 640//89
f 640//89 641//88 642//87
f 641//88 643//86 642//87
f 642//87 643//86 644//272
f 643//86 645//273 644//272
f 644//272 645//273 646//274
f 645//273 599//261 646//274
f 599//261 601//263 646//274
f 647//275 648//276 649//277
f 649//277 648//276 650//278
f 648//276 651//279 650//278
f 650//278 651//279 652//193
f 651//279 653//192 652//193
f 652//193 653//192 654//191
f 653//192 655//190 654//191
f 654//191 655//190 656//88
f 655//190 657//89 656//88
f 656//88 657//89 658//241
f 657//89 659//204 658//241
f 658//241 659//204 660//206
f 659//204 661//205 660//206
f 660//206 661//205 662//207
f 661//205 663//208 662//207
f 662//207 663//208 664//96
f 663//208 665//97 664//96
f 664//96 665//97 666//280
f 665//97 667//281 666//280
f 666//280 667//281 668//181
f 667//281 669//180 668//181
f 668//181 669//180 670//282
f 669//180 671//283 670//282
f 670//282 671//283 672//284
f 671//283 673//285 672//284
f 672//284 673//285 674//286
f 673//285 675//287 674//286
f 674//286 675//287 676//173
f 675//287 677//172 676//173
f 676//173 677//172 678//288
f 677//172 679//289 678//288
f 678//288 679//289 680//112
f 679//289 681//113 680//112
f 680//112 681//113 682//223
f 681//113 683//224 682//223
f 682//223 683//224 684//225
f 683//224 685//226 684//225
f 684//225 685//226 686//227
f 685//226 687//228 686//227
f 686//227 687//228 688//120
f 687//228 689//121 688//120
f 688//120 689//121 690//203
f 689//121 691//202 690//203
f 690//203 691//202 692//201
f 691//202 693//200 692//201
f 692//201 693//200 694//290
f 693//200 647//275 694//290
f 647//275 649//277 694//290
f 695//46 696//46 697//46
f 696//46 698//46 697//46
f 698//46 699//46 697//46
f 699//46 700//46 697//46
f 700//46 701//46 697//46
f 701//46 702//46 697//46
f 703//46 704//46 705//46
f 704//46 706//46 705//46
f 706//46 707//46 705//46
f 707//46 708//46 705//46
f 708//46 709//46 705//46
f 709//46 710//46 705//46
f 705//46 710//46 711//46
f 710//46 712//46 711//46
f 712//46 713//46 711//46
f 713//46 714//46 711//46
f 714//46 715//46 711//46
f 715//46 716//46 711//46
f 716//46 717//46 711//46
f 718//46 711//46 719//46
f 711//46 717//46 719//46
f 717//46 720//46 719//46
f 720//46 721//46 719//46
f 721//46 722//46 719//46
f 722//46 723//46 719//46
f 723//46 724//46 719//46
f 724//46 725//46 719//46
f 719//46 725//46 726//46
f 725//46 727//46 726//46
f 727//46 728//46 726//46
f 728//46 729//46 726//46
f 729//46 730//46 726//46
f 730//46 731//46 726//46
f 731//46 703//46 726//46
f 703//46 705//46 726//46
f 705//46 697//46 726//46
f 726//46 697//46 732//46
f 697//46 702//46 732//46
f 702//46 733//46 732//46
f 733//46 734//46 732//46
f 734//46 735//46 732//46
f 735//46 736//46 732//46
f 736//46 737//46 732//46
f 737//46 738//46 732//46
f 732//46 738//46 739//46
f 738//46 740//46 739//46
f 740//46 741//46 739//46
f 741//46 742//46 739//46
f 742//46 743//46 739//46
f 743//46 744//46 739//46
f 744//46 745//46 739//46
f 739//46 745//46 746//46
f 745//46 747//46 746//46
f 747//46 748//46 746//46
f 748//46 749//46 746//46
f 749//46 750//46 746//46
f 750//46 751//46 746//46
f 751//46 695//46 746//46
f 695//46 697//46 746//46
f 746//46 697//46 752//46
f 752//46 697//46 753//46
f 754//46 753//46 755//46
f 755//46 753//46 756//46
f 756//46 753//46 757//46
f 753//46 697//46 757//46
f 757//46 697//46 758//46
f 758//46 697//46 759//46
f 759//46 697//46 760//46
f 760//46 697//46 761//46
f 697//46 705//46 761//46
f 761//46 705//46 762//46
f 762//46 705//46 763//46
f 763//46 705//46 764//46
f 764//46 705//46 765//46
f 765//46 705//46 766//46
f 767//46 768//46 769//46
f 768//46 770//46 769//46
f 770//46 766//46 769//46
f 766//46 705//46 769//46
f 705//46 711//46 769//46
f 769//46 711//46 771//46
f 772//46 771//46 773//46
f 773//46 771//46 774//46
f 774//46 771//46 775//46
f 771//46 711//46 775//46
f 775//46 711//46 776//46
f 776//46 711//46 777//46
f 777//46 711//46 778//46
f 778//46 711//46 779//46
f 780//46 781//46 782//46
f 781//46 783//46 782//46
f 783//46 784//46 782//46
f 782//46 784//46 785//46
f 784//46 786//46 785//46
f 786//46 787//46 785//46
f 787//46 788//46 785//46
f 788//46 789//46 785//46
f 789//46 779//46 785//46
f 779//46 711//46 785//46
f 711//46 718//46 785//46
f 790//46 785//46 791//46
f 791//46 785//46 792//46
f 792//46 785//46 793//46
f 793//46 785//46 794//46
f 794//46 785//46 795//46
f 795//46 785//46 796//46
f 785//46 718//46 796//46
f 796//46 718//46 797//46
f 797//46 718//46 798//46
f 798//46 718//46 799//46
f 799//46 718//46 800//46
f 800//46 718//46 801//46
f 801//46 718//46 802//46
f 803//46 804//46 805//46
f 804//46 806//46 805//46
f 806//46 807//46 805//46
f 807//46 808//46 805//46
f 808//46 809//46 805//46
f 809//46 802//46 805//46
f 802//46 718//46 805//46
f 810//46 811//46 812//46
f 811//46 813//46 812//46
f 813//46 814//46 812//46
f 814//46 815//46 812//46
f 815//46 816//46 812//46
f 816//46 817//46 812//46
f 812//46 817//46 818//46
f 817//46 819//46 818//46
f 819//46 820//46 818//46
f 820//46 821//46 818//46
f 821//46 822//46 818//46
f 822//46 823//46 818//46
f 823//46 824//46 818//46
f 825//291 826//292 827//46
f 826//292 828//46 827//46
f 827//46 828//46 829//46
f 828//46 818//46 829//46
f 818//46 824//46 829//46
f 824//46 830//46 829//46
f 830//46 831//46 829//46
f 831//46 832//46 829//46
f 832//46 833//46 829//46
f 833//46 834//46 829//46
f 829//46 834//46 835//46
f 834//46 836//46 835//46
f 836//46 837//46 835//46
f 835//46 837//46 838//46
f 837//46 839//46 838//46
f 838//46 839//46 840//46
f 839//46 841//46 840//46
f 840//46 841//46 842//46
f 841//46 843//46 842//46
f 843//46 844//46 842//46
f 844//46 810//46 842//46
f 810//46 812//46 842//46
f 845//46 846//46 847//46
f 846//46 848//46 847//46
f 848//46 842//46 847//46
f 847//46 842//46 849//46
f 842//46 812//46 849//46
f 812//46 805//46 849//46
f 849//46 805//46 850//46
f 805//46 718//46 850//46
f 850//46 718//46 851//46
f 718//46 719//46 851//46
f 851//46 719//46 852//46
f 719//46 726//46 852//46
f 852//46 726//46 853//46
f 726//46 732//46 853//46
f 853//46 732//46 854//46
f 854//46 732//46 855//46
f 732//46 739//46 855//46
f 855//46 739//46 856//46
f 856//46 739//46 857//46
f 857//46 739//46 858//46
f 858//46 739//46 859//46
f 859//46 739//46 860//46
f 860//46 739//46 861//46
f 861//46 739//46 862//46
f 862//46 739//46 863//46
f 863//46 739//46 864//46
f 739//46 746//46 864//46
f 864//46 746//46 865//46
f 746//46 752//46 865//46
f 865//46 752//46 866//293
f 866//293 752//46 867//294
f 752//46 753//46 867//294
f 867//294 753//46 868//295
f 753//46 754//46 868//295
f 754//46 869//46 868//295
f 869//46 870//46 868//295
f 870//46 871//46 868//295
f 871//46 872//46 868//295
f 872//46 873//46 868//295
f 868//295 873//46 874//296
f 873//46 875//46 874//296
f 875//46 876//46 874//296
f 876//46 877//46 874//296
f 877//46 767//46 874//296
f 767//46 769//46 874//296
f 769//46 771//46 874//296
f 874//296 771//46 878//297
f 771//46 772//46 878//297
f 772//46 879//46 878//297
f 879//46 880//46 878//297
f 880//46 881//46 878//297
f 881//46 882//46 878//297
f 882//46 883//46 878//297
f 878//297 883//46 884//298
f 883//46 885//46 884//298
f 885//46 886//46 884//298
f 886//46 887//46 884//298
f 887//46 780//46 884//298
f 780//46 782//46 884//298
f 888//299 884//298 889//46
f 884//298 782//46 889//46
f 889//46 782//46 890//46
f 782//46 785//46 890//46
f 785//46 790//46 890//46
f 790//46 891//46 890//46
f 891//46 892//46 890//46
f 892//46 893//46 890//46
f 893//46 894//46 890//46
f 894//46 895//46 890//46
f 895//46 803//46 890//46
f 803//46 805//46 890//46
f 805//46 812//46 890//46
f 812//46 818//46 890//46
f 890//46 818//46 896//46
f 896//46 818//46 897//46
f 897//46 818//46 898//46
f 898//46 818//46 899//46
f 899//46 818//46 900//46
f 900//46 818//46 901//46
f 818//46 828//46 901//46
f 901//46 828//46 902//46
f 902//46 828//46 903//46
f 903//46 828//46 904//46
f 828//46 826//292 904//46
f 904//46 826//292 905//46
f 905//46 826//292 906//46
f 906//46 826//292 907//46
f 907//46 826//292 908//46
f 826//292 888//299 908//46
f 908//46 888//299 909//46
f 909//46 888//299 910//46
f 910//46 888//299 911//46
f 911//46 888//299 912//46
f 912//46 888//299 913//46
f 888//299 889//46 913//46
f 913//46 889//46 914//46
f 914//46 889//46 915//46
f 915//46 889//46 916//46
f 889//46 890//46 916//46
f 916//46 890//46 917//46
f 917//46 890//46 918//46
f 918//46 890//46 919//46
f 890//46 896//46 919//46
f 920//167 921//125 922//168
f 922//168 921//125 923//127
f 921//125 924//126 923//127
f 923//127 924//126 925//128
f 924//126 926//129 925//128
f 925//128 926//129 927//130
f 926//129 928//131 927//130
f 927//130 928//131 929//300
f 928//131 930//301 929//300
f 929//300 930//301 931//211
f 930//301 932//212 931//211
f 931//211 932//212 933//302
f 932//212 934//303 933//302
f 933//302 934//303 935//304
f 934//303 936//305 935//304
f 935//304 936//305 937//306
f 936//305 938//307 937//306
f 937//306 938//307 939//308
f 938//307 940//309 939//308
f 939//308 940//309 941//310
f 940//309 942//311 941//310
f 941//310 942//311 943//146
f 942//311 944//147 943//146
f 943//146 944//147 945//312
f 944//147 946//313 945//312
f 945//312 946//313 947//314
f 946//313 948//315 947//314
f 947//314 948//315 949//316
f 948//315 950//317 949//316
f 949//316 950//317 951//154
f 950//317 952//155 951//154
f 951//154 952//155 953//229
f 952//155 954//230 953//229
f 953//229 954//230 955//318
f 954//230 956//319 955//318
f 955//318 956//319 957//320
f 956//319 958//321 957//320
f 957//320 958//321 959//322
f 958//321 960//323 959//322
f 959//322 960//323 961//324
f 960//323 962//325 961//324
f 961//324 962//325 963//237
f 962//325 964//238 963//237
f 963//237 964//238 965//239
f 964//238 966//240 965//239
f 965//239 966//240 967//166
f 966//240 920//167 967//166
f 920//167 922//168 967//166
f 968//31 969//31 970//31
f 969//31 971//31 970//31
f 970//31 971//31 972//31
f 971//31 973//31 972//31
f 972//31 973//31 974//31
f 973//31 975//31 974//31
f 974//31 975//31 976//31
f 975//31 977//31 976//31
f 976//31 977//31 978//31
f 977//31 979//31 978//31
f 978//31 979//31 980//31
f 979//31 981//31 980//31
f 980//31 981//31 982//31
f 981//31 983//31 982//31
f 984//326 985//327 986//328
f 985//327 987//329 986//328
f 988//291 989//330 990//292
f 990//292 989//330 991//299
f 991//299 989//330 992//298
f 992//298 989//330 993//297
f 994//293 995//294 996//331
f 995//294 997//295 996//331
f 997//295 998//296 996//331
f 998//296 993//297 996//331
f 993//297 989//330 996//331
f 996//331 989//330 999//332
f 989//330 1000//333 999//332
f 999//332 1000//333 1001//334
f 1000//333 1002//335 1001//334
f 1001//334 1002//335 1003//336
f 1002//335 1004//337 1003//336
f 1003//336 1004//337 1005//338
f 1004//337 1006//339 1005//338
f 1005//338 1006//339 1007//340
f 1006//339 986//328 1007//340
f 986//328 987//329 1007//340
f 1008//341 1007//340 1009//342
f 1009//342 1007//340 1010//343
f 1007//340 987//329 1010//343
f 1011//344 1012//344 1013//31
f 1012//344 1014//31 1013//31
f 1013//31 1014//31 1015//31
f 1014//31 1016//31 1015//31
f 1015//31 1016//31 1017//31
f 1016//31 1018//31 1017//31
f 1017//31 1018//31 1019//31
f 1018//31 1020//31 1019//31
f 1019//31 1020//31 1021//31
f 1020//31 1022//31 1021//31
f 1023//47 1024//48 1025//345
f 1024//48 1026//346 1025//345
f 1025//345 1026//346 1027//347
f 1026//346 1028//348 1027//347
f 1027//347 1028//348 1029//349
f 1028//348 1030//350 1029//349
f 1029//349 1030//350 1031//351
f 1030//350 1032//352 1031//351
f 1031//351 1032//352 1033//353
f 1032//352 1034//354 1033//353
f 1033//353 1034//354 1035//355
f 1034//354 1036//356 1035//355
f 1037//357 1038//358 1039//359
f 1039//359 1038//358 1040//360
f 1038//358 1041//361 1040//360
f 1040//360 1041//361 1042//362
f 1041//361 1043//363 1042//362
f 1042//362 1043//363 1044//364
f 1043//363 1045//365 1044//364
f 1044//364 1045//365 1046//366
f 1045//365 1047//367 1046//366
f 1046//366 1047//367 1048//368
f 1047//367 1049//369 1048//368
f 1048//368 1049//369 1050//370
f 1049//369 1051//371 1050//370
f 1050//370 1051//371 1052//372
f 1051//371 1053//373 1052//372
f 1052//372 1053//373 1054//374
f 1053//373 1055//375 1054//374
f 1054//374 1055//375 1056//376
f 1055//375 1057//377 1056//376
f 1056//376 1057//377 1058//378
f 1057//377 1059//379 1058//378
f 1058//378 1059//379 1060//380
f 1059//379 1061//381 1060//380
f 1060//380 1061//381 1062//382
f 1061//381 1063//383 1062//382
f 1062//382 1063//383 1064//384
f 1063//383 1065//385 1064//384
f 1064//384 1065//385 1066//386
f 1065//385 1067//387 1066//386
f 1066//386 1067//387 1068//388
f 1067//387 1069//389 1068//388
f 1068//388 1069//389 1070//390
f 1069//389 1071//391 1070//390
f 1070//390 1071//391 1072//392
f 1071//391 1073//393 1072//392
f 1072//392 1073//393 1074//394
f 1073//393 1075//395 1074//394
f 1074//394 1075//395 1076//396
f 1075//395 1077//397 1076//396
f 1076//396 1077//397 1078//398
f 1077//397 1079//399 1078//398
f 1078//398 1079//399 1080//400
f 1079//399 1081//401 1080//400
f 1080//400 1081//401 1082//402
f 1081//401 1083//403 1082//402
f 1082//402 1083//403 1084//404
f 1083//403 1037//357 1084//404
f 1037//357 1039//359 1084//404
f 1085//355 1086//356 1087//30
f 1086//356 1088//30 1087//30
f 1087//30 1088//30 1089//405
f 1088//30 1090//406 1089//405
f 1091//369 1092//407 1093//408
f 1093//408 1092//407 1094//409
f 1092//407 1095//410 1094//409
f 1094//409 1095//410 1096//411
f 1095//410 1097//412 1096//411
f 1096//411 1097//412 1098//376
f 1097//412 1099//377 1098//376
f 1098//376 1099//377 1100//413
f 1099//377 1101//414 1100//413
f 1100//413 1101//414 1102//415
f 1101//414 1103//416 1102//415
f 1102//415 1103//416 1104//417
f 1103//416 1105//418 1104//417
f 1104//417 1105//418 1106//419
f 1105//418 1107//420 1106//419
f 1106//419 1107//420 1108//421
f 1107//420 1109//422 1108//421
f 1108//421 1109//422 1110//423
f 1109//422 1111//424 1110//423
f 1110//423 1111//424 1112//7
f 1111//424 1113//6 1112//7
f 1112//7 1113//6 1114//425
f 1113//6 1115//426 1114//425
f 1114//425 1115//426 1116//427
f 1115//426 1117//428 1116//427
f 1116//427 1117//428 1118//396
f 1117//428 1119//397 1118//396
f 1118//396 1119//397 1120//429
f 1119//397 1121//430 1120//429
f 1120//429 1121//430 1122//431
f 1121//430 1123//432 1122//431
f 1122//431 1123//432 1124//433
f 1123//432 1125//434 1124//433
f 1124//433 1125//434 1126//435
f 1125//434 1127//436 1126//435
f 1126//435 1127//436 1128//437
f 1127//436 1129//438 1128//437
f 1128//437 1129//438 1130//439
f 1129//438 1131//440 1130//439
f 1130//439 1131//440 1132//441
f 1131//440 1133//442 1132//441
f 1132//441 1133//442 1134//443
f 1133//442 1135//444 1134//443
f 1134//443 1135//444 1136//445
f 1135//444 1137//446 1136//445
f 1136//445 1137//446 1138//368
f 1137//446 1091//369 1138//368
f 1091//369 1093//408 1138//368
f 1139//14 1140//13 1141//447
f 1140//13 1142//448 1141//447
f 1141//447 1142//448 1143//449
f 1142//448 1144//450 1143//449
f 1143//449 1144//450 1145//451
f 1144//450 1146//452 1145//451
f 1145//451 1146//452 1147//453
f 1146//452 1148//454 1147//453
f 1147//453 1148//454 1149//455
f 1148//454 1150//456 1149//455
f 1149//455 1150//456 1151//406
f 1151//406 1150//456 1152//405
f 1153//386 1154//384 1155//385
f 1155//385 1154//384 1156//383
f 1154//384 1157//382 1156//383
f 1156//383 1157//382 1158//381
f 1157//382 1159//380 1158//381
f 1158//381 1159//380 1160//379
f 1159//380 1161//378 1160//379
f 1160//379 1161//378 1162//457
f 1161//378 1163//458 1162//457
f 1162//457 1163//458 1164//459
f 1163//458 1165//460 1164//459
f 1164//459 1165//460 1166//461
f 1165//460 1167//462 1166//461
f 1166//461 1167//462 1168//463
f 1167//462 1169//464 1168//463
f 1168//463 1169//464 1170//465
f 1169//464 1171//466 1170//465
f 1170//465 1171//466 1172//367
f 1171//466 1173//366 1172//367
f 1172//367 1173//366 1174//365
f 1173//366 1175//364 1174//365
f 1174//365 1175//364 1176//363
f 1175//364 1177//362 1176//363
f 1176//363 1177//362 1178//361
f 1177//362 1179//360 1178//361
f 1178//361 1179//360 1180//358
f 1179//360 1181//359 1180//358
f 1180//358 1181//359 1182//357
f 1181//359 1183//404 1182//357
f 1182//357 1183//404 1184//403
f 1183//404 1185//402 1184//403
f 1184//403 1185//402 1186//467
f 1185//402 1187//468 1186//467
f 1186//467 1187//468 1188//469
f 1187//468 1189//470 1188//469
f 1188//469 1189//470 1190//471
f 1189//470 1191//472 1190//471
f 1190//471 1191//472 1192//473
f 1191//472 1193//474 1192//473
f 1192//473 1193//474 1194//475
f 1193//474 1195//476 1194//475
f 1194//475 1195//476 1196//391
f 1195//476 1197//390 1196//391
f 1196//391 1197//390 1198//389
f 1197//390 1199//388 1198//389
f 1198//389 1199//388 1200//387
f 1199//388 1153//386 1200//387
f 1153//386 1155//385 1200//387
f 1201//421 1202//419 1203//420
f 1203//420 1202//419 1204//418
f 1202//419 1205//417 1204//418
f 1204//418 1205//417 1206//416
f 1205//417 1207//415 1206//416
f 1206//416 1207//415 1208//414
f 1207//415 1209//413 1208//414
f 1208//414 1209//413 1210//457
f 1209//413 1211//458 1210//457
f 1210//457 1211//458 1212//477
f 1211//458 1213//478 1212//477
f 1212//477 1213//478 1214//479
f 1213//478 1215//480 1214//479
f 1214//479 1215//480 1216//481
f 1215//480 1217//482 1216//481
f 1216//481 1217//482 1218//465
f 1217//482 1219//466 1218//465
f 1218//465 1219//466 1220//446
f 1219//466 1221//445 1220//446
f 1220//446 1221//445 1222//444
f 1221//445 1223//443 1222//444
f 1222//444 1223//443 1224//442
f 1223//443 1225//441 1224//442
f 1224//442 1225//441 1226//440
f 1225//441 1227//439 1226//440
f 1226//440 1227//439 1228//438
f 1227//439 1229//437 1228//438
f 1228//438 1229//437 1230//436
f 1229//437 1231//435 1230//436
f 1230//436 1231//435 1232//434
f 1231//435 1233//433 1232//434
f 1232//434 1233//433 1234//483
f 1233//433 1235//484 1234//483
f 1234//483 1235//484 1236//485
f 1235//484 1237//486 1236//485
f 1236//485 1237//486 1238//471
f 1237//486 1239//472 1238//471
f 1238//471 1239//472 1240//487
f 1239//472 1241//488 1240//487
f 1240//487 1241//488 1242//489
f 1241//488 1243//490 1242//489
f 1242//489 1243//490 1244//6
f 1243//490 1245//7 1244//6
f 1244//6 1245//7 1246//424
f 1245//7 1247//423 1246//424
f 1246//424 1247//423 1248//422
f 1247//423 1201//421 1248//422
f 1201//421 1203//420 1248//422
f 1249//491 1250//492 1251//493
f 1251//493 1250//492 1252//494
f 1250//492 1253//495 1252//494
f 1252//494 1253//495 1254//496
f 1253//495 1255//497 1254//496
f 1254//496 1255//497 1256//37
f 1255//497 1257//36 1256//37
f 1256//37 1257//36 1258//498
f 1257//36 1259//499 1258//498
f 1258//498 1259//499 1260//500
f 1259//499 1261//501 1260//500
f 1260//500 1261//501 1262//502
f 1261//501 1263//503 1262//502
f 1262//502 1263//503 1264//25
f 1263//503 1265//24 1264//25
f 1264//25 1265//24 1266//504
f 1265//24 1267//505 1266//504
f 1266//504 1267//505 1268//506
f 1267//505 1269//507 1268//506
f 1268//506 1269//507 1270//508
f 1269//507 1271//509 1270//508
f 1270//508 1271//509 1272//510
f 1271//509 1273//511 1272//510
f 1272//510 1273//511 1274//512
f 1273//511 1275//513 1274//512
f 1274//512 1275//513 1276//514
f 1275//513 1277//515 1276//514
f 1276//514 1277//515 1278//516
f 1277//515 1279//517 1278//516
f 1278//516 1279//517 1280//453
f 1279//517 1281//454 1280//453
f 1280//453 1281//454 1282//518
f 1281//454 1283//519 1282//518
f 1282//518 1283//519 1284//520
f 1283//519 1285//521 1284//520
f 1284//520 1285//521 1286//522
f 1285//521 1287//523 1286//522
f 1286//522 1287//523 1288//352
f 1287//523 1289//351 1288//352
f 1288//352 1289//351 1290//524
f 1289//351 1291//525 1290//524
f 1290//524 1291//525 1292//526
f 1291//525 1293//527 1292//526
f 1292//526 1293//527 1294//528
f 1293//527 1295//529 1294//528
f 1294//528 1295//529 1296//530
f 1295//529 1249//491 1296//530
f 1249//491 1251//493 1296//530
f 1297//352 1298//354 1299//353
f 1299//353 1298//354 1300//531
f 1298//354 1301//532 1300//531
f 1300//531 1301//532 1302//456
f 1301//532 1303//455 1302//456
f 1302//456 1303//455 1304//454
f 1303//455 1305//453 1304//454
f 1304//454 1305//453 1306//533
f 1305//453 1307//534 1306//533
f 1306//533 1307//534 1308//535
f 1307//534 1309//536 1308//535
f 1308//535 1309//536 1310//459
f 1309//536 1311//460 1310//459
f 1310//459 1311//460 1312//461
f 1311//460 1313//462 1312//461
f 1312//461 1313//462 1314//463
f 1313//462 1315//464 1314//463
f 1314//463 1315//464 1316//537
f 1315//464 1317//538 1316//537
f 1316//537 1317//538 1318//539
f 1317//538 1319//540 1318//539
f 1318//539 1319//540 1320//24
f 1319//540 1321//25 1320//24
f 1320//24 1321//25 1322//26
f 1321//25 1323//27 1322//26
f 1322//26 1323//27 1324//541
f 1323//27 1325//542 1324//541
f 1324//541 1325//542 1326//34
f 1325//542 1327//35 1326//34
f 1326//34 1327//35 1328//36
f 1327//35 1329//37 1328//36
f 1328//36 1329//37 1330//38
f 1329//37 1331//39 1330//38
f 1330//38 1331//39 1332//543
f 1331//39 1333//544 1332//543
f 1332//543 1333//544 1334//469
f 1333//544 1335//470 1334//469
f 1334//469 1335//470 1336//471
f 1335//470 1337//472 1336//471
f 1336//471 1337//472 1338//473
f 1337//472 1339//474 1338//473
f 1338//473 1339//474 1340//545
f 1339//474 1341//546 1340//545
f 1340//545 1341//546 1342//349
f 1341//546 1343//350 1342//349
f 1342//349 1343//350 1344//351
f 1343//350 1297//352 1344//351
f 1297//352 1299//353 1344//351
f 1345//502 1346//500 1347//501
f 1347//501 1346//500 1348//499
f 1346//500 1349//498 1348//499
f 1348//499 1349//498 1350//36
f 1349//498 1351//37 1350//36
f 1350//36 1351//37 1352//547
f 1351//37 1353//548 1352//547
f 1352//547 1353//548 1354//549
f 1353//548 1355//550 1354//549
f 1354//549 1355//550 1356//551
f 1355//550 1357//552 1356//551
f 1356//551 1357//552 1358//553
f 1357//552 1359//554 1358//553
f 1358//553 1359//554 1360//555
f 1359//554 1361//556 1360//555
f 1360//555 1361//556 1362//557
f 1361//556 1363//558 1362//557
f 1362//557 1363//558 1364//559
f 1363//558 1365//560 1364//559
f 1364//559 1365//560 1366//351
f 1365//560 1367//352 1366//351
f 1366//351 1367//352 1368//523
f 1367//352 1369//522 1368//523
f 1368//523 1369//522 1370//521
f 1369//522 1371//520 1370//521
f 1370//521 1371//520 1372//519
f 1371//520 1373//518 1372//519
f 1372//519 1373//518 1374//454
f 1373//518 1375//453 1374//454
f 1374//454 1375//453 1376//561
f 1375//453 1377//562 1376//561
f 1376//561 1377//562 1378//563
f 1377//562 1379//564 1378//563
f 1378//563 1379//564 1380//565
f 1379//564 1381//566 1380//565
f 1380//565 1381//566 1382//567
f 1381//566 1383//568 1382//567
f 1382//567 1383//568 1384//569
f 1383//568 1385//570 1384//569
f 1384//569 1385//570 1386//571
f 1385//570 1387//572 1386//571
f 1386//571 1387//572 1388//573
f 1387//572 1389//574 1388//573
f 1388//573 1389//574 1390//24
f 1389//574 1391//25 1390//24
f 1390//24 1391//25 1392//503
f 1391//25 1345//502 1392//503
f 1345//502 1347//501 1392//503
f 1393//1 1394//1 1395//46
f 1394//1 1396//46 1395//46
f 1395//46 1396//46 1397//46
f 1396//46 1398//46 1397//46
f 1397//46 1398//46 1399//46
f 1398//46 1400//46 1399//46
f 1399//46 1400//46 1401//575
f 1400//46 1402//575 1401//575
f 1403//249 1404//249 1405//249
f 1405//249 1404//249 1406//249
f 1404//249 1407//249 1406//249
f 1406//249 1407//249 1408//249
f 1408//249 1407//249 1409//249
f 1409//249 1407//249 1410//249
f 1410//249 1407//249 1411//249
f 1411//249 1407//249 1412//249
f 1407//249 1413//249 1412//249
f 1412//249 1413//249 1414//249
f 1414//249 1413//249 1415//249
f 1415//249 1413//249 1416//249
f 1416//249 1413//249 1417//249
f 1417//249 1413//249 1418//249
f 1418//249 1413//249 1419//249
f 1420//249 1421//249 1422//249
f 1421//249 1419//249 1422//249
f 1419//249 1413//249 1422//249
f 1423//249 1422//249 1424//249
f 1424//249 1422//249 1425//249
f 1422//249 1413//249 1425//249
f 1425//249 1413//249 1426//249
f 1426//249 1413//249 1427//249
f 1427//249 1413//249 1428//249
f 1428//249 1413//249 1429//249
f 1429//249 1413//249 1430//249
f 1431//249 1432//249 1433//249
f 1434//249 1433//249 1435//249
f 1435//249 1433//249 1436//249
f 1437//249 1438//249 1439//249
f 1438//249 1440//249 1439//249
f 1440//249 1441//249 1439//249
f 1441//249 1442//249 1439//249
f 1442//249 1443//249 1439//249
f 1443//249 1436//249 1439//249
f 1436//249 1433//249 1439//249
f 1433//249 1432//249 1439//249
f 1432//249 1444//249 1439//249
f 1444//249 1445//249 1439//249
f 1445//249 1446//249 1439//249
f 1446//249 1447//249 1439//249
f 1447//249 1448//249 1439//249
f 1448//249 1430//249 1439//249
f 1430//249 1413//249 1439//249
f 1449//249 1439//249 1450//249
f 1450//249 1439//249 1451//249
f 1451//249 1439//249 1452//249
f 1452//249 1439//249 1453//249
f 1453//249 1439//249 1454//249
f 1454//249 1439//249 1455//249
f 1456//249 1457//249 1458//249
f 1457//249 1459//249 1458//249
f 1459//249 1460//249 1458//249
f 1460//249 1461//249 1458//249
f 1461//249 1462//249 1458//249
f 1462//249 1463//249 1458//249
f 1463//249 1455//249 1458//249
f 1455//249 1439//249 1458//249
f 1464//249 1458//249 1465//249
f 1465//249 1458//249 1466//249
f 1466//249 1458//249 1467//249
f 1467//249 1458//249 1468//249
f 1468//249 1458//249 1469//249
f 1469//249 1458//249 1470//249
f 1471//249 1472//249 1473//249
f 1472//249 1474//249 1473//249
f 1474//249 1475//249 1473//249
f 1475//249 1476//249 1473//249
f 1476//249 1477//249 1473//249
f 1477//249 1470//249 1473//249
f 1470//249 1458//249 1473//249
f 1478//249 1473//249 1479//249
f 1479//249 1473//249 1480//249
f 1473//249 1458//249 1480//249
f 1480//249 1458//249 1481//249
f 1481//249 1458//249 1482//249
f 1458//249 1439//249 1482//249
f 1482//249 1439//249 1483//249
f 1483//249 1439//249 1484//249
f 1484//249 1439//249 1485//249
f 1485//249 1439//249 1486//249
f 1486//249 1439//249 1487//249
f 1487//249 1439//249 1488//249
f 1488//249 1439//249 1489//249
f 1439//249 1413//249 1489//249
f 1413//249 1407//249 1489//249
f 1489//249 1407//249 1490//249
f 1490//249 1407//249 1491//249
f 1491//249 1407//249 1492//249
f 1493//249 1494//249 1495//249
f 1495//249 1494//249 1496//249
f 1496//249 1494//249 1497//249
f 1494//249 1498//249 1497//249
f 1498//249 1499//249 1497//249
f 1497//249 1499//249 1500//249
f 1499//249 1501//249 1500//249
f 1501//249 1502//249 1500//249
f 1500//249 1502//249 1503//249
f 1502//249 1504//249 1503//249
f 1504//249 1505//249 1503//249
f 1505//249 1506//249 1503//249
f 1506//249 1507//249 1503//249
f 1507//249 1508//249 1503//249
f 1508//249 1509//249 1503//249
f 1509//249 1510//249 1503//249
f 1511//249 1512//249 1503//249
f 1512//249 1513//249 1503//249
f 1513//249 1514//249 1503//249
f 1514//249 1515//249 1503//249
f 1515//249 1516//249 1503//249
f 1516//249 1517//249 1503//249
f 1517//249 1518//249 1503//249
f 1503//249 1518//249 1519//249
f 1518//249 1520//249 1519//249
f 1520//249 1521//249 1519//249
f 1519//249 1521//249 1522//249
f 1521//249 1523//249 1522//249
f 1523//249 1524//249 1522//249
f 1524//249 1525//249 1522//249
f 1525//249 1526//249 1522//249
f 1522//249 1526//249 1527//249
f 1528//249 1527//249 1529//249
f 1527//249 1526//249 1529//249
f 1526//249 1530//249 1529//249
f 1530//249 1531//249 1529//249
f 1531//249 1532//249 1529//249
f 1532//249 1533//249 1529//249
f 1533//249 1534//249 1529//249
f 1534//249 1535//249 1529//249
f 1529//249 1535//249 1536//249
f 1535//249 1537//249 1536//249
f 1537//249 1538//249 1536//249
f 1538//249 1539//249 1536//249
f 1539//249 1540//249 1536//249
f 1540//249 1511//249 1536//249
f 1511//249 1503//249 1536//249
f 1503//249 1510//249 1536//249
f 1510//249 1541//249 1536//249
f 1541//249 1542//249 1536//249
f 1542//249 1543//249 1536//249
f 1543//249 1544//249 1536//249
f 1544//249 1545//249 1536//249
f 1545//249 1546//249 1536//249
f 1536//249 1546//249 1547//249
f 1546//249 1548//249 1547//249
f 1548//249 1549//249 1547//249
f 1549//249 1550//249 1547//249
f 1550//249 1551//249 1547//249
f 1551//249 1552//249 1547//249
f 1552//249 1553//249 1547//249
f 1553//249 1494//249 1547//249
f 1494//249 1493//249 1547//249
f 1493//249 1492//249 1547//249
f 1492//249 1407//249 1547//249
f 1554//249 1555//249 1556//249
f 1556//249 1555//249 1557//249
f 1557//249 1555//249 1558//249
f 1555//249 1547//249 1558//249
f 1558//249 1547//249 1559//249
f 1559//249 1547//249 1560//249
f 1560//249 1547//249 1561//249
f 1561//249 1547//249 1562//249
f 1547//249 1407//249 1562//249
f 1562//249 1407//249 1563//249
f 1563//249 1407//249 1564//249
f 1564//249 1407//249 1565//249
f 1565//249 1407//249 1566//249
f 1566//249 1407//249 1567//249
f 1567//249 1407//249 1568//249
f 1407//249 1404//249 1568//249
f 1568//249 1404//249 1569//249
f 1570//249 1571//249 1572//249
f 1571//249 1573//249 1572//249
f 1573//249 1574//249 1572//249
f 1572//249 1574//249 1575//249
f 1574//249 1576//249 1575//249
f 1576//249 1577//249 1575//249
f 1577//249 1578//249 1575//249
f 1578//249 1579//249 1575//249
f 1579//249 1569//249 1575//249
f 1569//249 1404//249 1575//249
f 1404//249 1403//249 1575//249
f 1403//249 1580//249 1575//249
f 1580//249 1581//249 1575//249
f 1581//249 1582//249 1575//249
f 1582//249 1583//249 1575//249
f 1583//249 1584//249 1575//249
f 1575//249 1584//249 1585//249
f 1584//249 1586//249 1585//249
f 1586//249 1587//249 1585//249
f 1587//249 1588//249 1585//249
f 1588//249 1420//249 1585//249
f 1420//249 1422//249 1585//249
f 1422//249 1423//249 1585//249
f 1423//249 1589//249 1585//249
f 1589//249 1590//249 1585//249
f 1590//249 1591//249 1585//249
f 1591//249 1592//249 1585//249
f 1592//249 1593//249 1585//249
f 1585//249 1593//249 1594//249
f 1593//249 1595//249 1594//249
f 1595//249 1596//249 1594//249
f 1596//249 1597//249 1594//249
f 1597//249 1598//249 1594//249
f 1598//249 1431//249 1594//249
f 1431//249 1433//249 1594//249
f 1433//249 1434//249 1594//249
f 1434//249 1599//249 1594//249
f 1599//249 1600//249 1594//249
f 1600//249 1601//249 1594//249
f 1601//249 1602//249 1594//249
f 1594//249 1602//249 1603//249
f 1602//249 1604//249 1603//249
f 1604//249 1605//249 1603//249
f 1603//249 1605//249 1606//249
f 1605//249 1607//249 1606//249
f 1606//249 1607//249 1608//249
f 1607//249 1609//249 1608//249
f 1608//249 1609//249 1610//249
f 1610//249 1609//249 1611//249
f 1609//249 1612//249 1611//249
f 1611//249 1612//249 1613//249
f 1613//249 1612//249 1614//249
f 1612//249 1615//249 1614//249
f 1614//249 1615//249 1616//249
f 1615//249 1617//249 1616//249
f 1617//249 1618//249 1616//249
f 1616//249 1618//249 1619//249
f 1618//249 1620//249 1619//249
f 1620//249 1621//249 1619//249
f 1621//249 1622//249 1619//249
f 1622//249 1437//249 1619//249
f 1437//249 1439//249 1619//249
f 1439//249 1449//249 1619//249
f 1449//249 1623//249 1619//249
f 1623//249 1624//249 1619//249
f 1624//249 1625//249 1619//249
f 1625//249 1626//249 1619//249
f 1626//249 1627//249 1619//249
f 1619//249 1627//249 1628//249
f 1627//249 1629//249 1628//249
f 1629//249 1630//249 1628//249
f 1630//249 1631//249 1628//249
f 1631//249 1632//249 1628//249
f 1632//249 1633//249 1628//249
f 1633//249 1456//249 1628//249
f 1456//249 1458//249 1628//249
f 1458//249 1464//249 1628//249
f 1464//249 1634//249 1628//249
f 1634//249 1635//249 1628//249
f 1635//249 1636//249 1628//249
f 1636//249 1637//249 1628//249
f 1637//249 1638//249 1628//249
f 1628//249 1638//249 1639//249
f 1638//249 1640//249 1639//249
f 1640//249 1641//249 1639//249
f 1641//249 1642//249 1639//249
f 1642//249 1643//249 1639//249
f 1643//249 1644//249 1639//249
f 1644//249 1645//249 1639//249
f 1645//249 1471//249 1639//249
f 1471//249 1473//249 1639//249
f 1639//249 1473//249 1646//326
f 1646//326 1473//249 1647//327
f 1473//249 1478//249 1647//327
f 1478//249 1648//249 1647//327
f 1648//249 1649//249 1647//327
f 1649//249 1650//249 1647//327
f 1650//249 1651//249 1647//327
f 1647//327 1651//249 1652//329
f 1651//249 1653//249 1652//329
f 1653//249 1654//249 1652//329
f 1652//329 1654//249 1655//343
f 1654//249 1656//249 1655//343
f 1655//343 1656//249 1657//342
f 1656//249 1658//249 1657//342
f 1658//249 1659//249 1657//342
f 1659//249 1528//249 1657//342
f 1528//249 1529//249 1657//342
f 1660//341 1657//342 1661//249
f 1657//342 1529//249 1661//249
f 1661//249 1529//249 1662//249
f 1529//249 1536//249 1662//249
f 1662//249 1536//249 1663//249
f 1536//249 1547//249 1663//249
f 1663//249 1547//249 1664//249
f 1547//249 1555//249 1664//249
f 1664//249 1555//249 1665//249
f 1665//249 1555//249 1666//249
f 1666//249 1555//249 1667//249
f 1667//249 1555//249 1668//249
f 1668//249 1555//249 1669//249
f 1555//249 1554//249 1669//249
f 1554//249 1670//249 1669//249
f 1670//249 1671//249 1669//249
f 1669//249 1671//249 1672//249
f 1671//249 1571//249 1672//249
f 1571//249 1570//249 1672//249
f 1673//575 1674//398 1675//575
f 1675//575 1674//398 1676//399
f 1677//344 1678//576 1679//344
f 1679//344 1678//576 1680//577
f 1678//576 1681//578 1680//577
f 1680//577 1681//578 1682//579
f 1681//578 1683//580 1682//579
f 1682//579 1683//580 1684//580
f 1684//580 1683//580 1685//581
f 1683//580 1686//582 1685//581
f 1685//581 1686//582 1687//583
f 1686//582 1688//583 1687//583
f 1688//583 1676//399 1687//583
f 1676//399 1674//398 1687//583
f 1689//584 1690//584 1691//584
f 1691//584 1690//584 1692//584
f 1692//584 1690//584 1693//584
f 1693//584 1690//584 1694//584
f 1694//584 1690//584 1695//584
f 1695//584 1690//584 1696//584
f 1697//584 1698//584 1699//584
f 1698//584 1700//584 1699//584
f 1700//584 1701//584 1699//584
f 1701//584 1702//584 1699//584
f 1702//584 1703//584 1699//584
f 1703//584 1704//584 1699//584
f 1704//584 1696//584 1699//584
f 1696//584 1690//584 1699//584
f 1705//584 1699//584 1706//584
f 1706//584 1699//584 1707//584
f 1707//584 1699//584 1708//584
f 1708//584 1699//584 1709//584
f 1709//584 1699//584 1710//584
f 1710//584 1699//584 1711//584
f 1712//584 1713//584 1714//584
f 1713//584 1715//584 1714//584
f 1715//584 1716//584 1714//584
f 1716//584 1717//584 1714//584
f 1717//584 1718//584 1714//584
f 1718//584 1719//584 1714//584
f 1719//584 1711//584 1714//584
f 1711//584 1699//584 1714//584
f 1720//584 1714//584 1721//584
f 1721//584 1714//584 1722//584
f 1722//584 1714//584 1723//584
f 1723//584 1714//584 1724//584
f 1724//584 1714//584 1725//584
f 1726//584 1727//584 1728//584
f 1727//584 1725//584 1728//584
f 1725//584 1714//584 1728//584
f 1729//584 1728//584 1730//584
f 1728//584 1714//584 1730//584
f 1730//584 1714//584 1731//584
f 1731//584 1714//584 1732//584
f 1732//584 1714//584 1733//584
f 1733//584 1714//584 1734//584
f 1734//584 1714//584 1735//584
f 1736//584 1737//584 1738//584
f 1737//584 1739//584 1738//584
f 1740//584 1738//584 1741//584
f 1741//584 1738//584 1742//584
f 1743//584 1744//584 1745//584
f 1744//584 1746//584 1745//584
f 1746//584 1747//584 1745//584
f 1747//584 1748//584 1745//584
f 1748//584 1742//584 1745//584
f 1742//584 1738//584 1745//584
f 1738//584 1739//584 1745//584
f 1739//584 1749//584 1745//584
f 1749//584 1750//584 1745//584
f 1750//584 1751//584 1745//584
f 1751//584 1752//584 1745//584
f 1752//584 1753//584 1745//584
f 1753//584 1735//584 1745//584
f 1735//584 1714//584 1745//584
f 1754//584 1745//584 1755//584
f 1745//584 1714//584 1755//584
f 1755//584 1714//584 1756//584
f 1756//584 1714//584 1757//584
f 1757//584 1714//584 1758//584
f 1758//584 1714//584 1759//584
f 1759//584 1714//584 1760//584
f 1760//584 1714//584 1761//584
f 1714//584 1699//584 1761//584
f 1761//584 1699//584 1762//584
f 1762//584 1699//584 1763//584
f 1699//584 1690//584 1763//584
f 1763//584 1690//584 1764//584
f 1764//584 1690//584 1765//584
f 1765//584 1690//584 1766//584
f 1767//584 1768//584 1769//584
f 1768//584 1770//584 1769//584
f 1770//584 1771//584 1769//584
f 1771//584 1772//584 1769//584
f 1772//584 1773//584 1769//584
f 1773//584 1774//584 1769//584
f 1775//584 1769//584 1776//584
f 1769//584 1774//584 1776//584
f 1774//584 1777//584 1776//584
f 1777//584 1778//584 1776//584
f 1778//584 1779//584 1776//584
f 1776//584 1779//584 1780//584
f 1779//584 1781//584 1780//584
f 1781//584 1782//584 1780//584
f 1782//584 1783//584 1780//584
f 1780//584 1783//584 1784//584
f 1783//584 1785//584 1784//584
f 1785//584 1786//584 1784//584
f 1786//584 1787//584 1784//584
f 1787//584 1788//584 1784//584
f 1788//584 1789//584 1784//584
f 1789//584 1790//584 1784//584
f 1791//584 1792//584 1793//584
f 1792//584 1794//584 1793//584
f 1794//584 1795//584 1793//584
f 1793//584 1795//584 1796//584
f 1796//584 1795//584 1797//584
f 1795//584 1798//584 1797//584
f 1797//584 1798//584 1799//584
f 1799//584 1798//584 1800//584
f 1800//584 1798//584 1801//584
f 1801//584 1798//584 1802//584
f 1798//584 1803//584 1802//584
f 1803//584 1784//584 1802//584
f 1802//584 1784//584 1804//584
f 1804//584 1784//584 1805//584
f 1805//584 1784//584 1806//584
f 1806//584 1784//584 1807//584
f 1807//584 1784//584 1808//584
f 1808//584 1784//584 1809//584
f 1810//584 1811//584 1812//584
f 1811//584 1813//584 1812//584
f 1813//584 1814//584 1812//584
f 1814//584 1815//584 1812//584
f 1815//584 1809//584 1812//584
f 1809//584 1784//584 1812//584
f 1784//584 1790//584 1812//584
f 1790//584 1816//584 1812//584
f 1816//584 1817//584 1812//584
f 1817//584 1818//584 1812//584
f 1818//584 1819//584 1812//584
f 1819//584 1820//584 1812//584
f 1820//584 1767//584 1812//584
f 1767//584 1769//584 1812//584
f 1821//584 1812//584 1822//584
f 1812//584 1769//584 1822//584
f 1822//584 1769//584 1823//584
f 1824//58 1823//584 1825//59
f 1823//584 1769//584 1825//59
f 1769//584 1775//584 1825//59
f 1775//584 1826//584 1825//59
f 1826//584 1827//584 1825//59
f 1827//584 1828//584 1825//59
f 1825//59 1828//584 1829//61
f 1828//584 1830//584 1829//61
f 1830//584 1831//584 1829//61
f 1829//61 1831//584 1832//57
f 1831//584 1833//584 1832//57
f 1832//57 1833//584 1834//56
f 1833//584 1835//584 1834//56
f 1835//584 1836//584 1834//56
f 1836//584 1837//584 1834//56
f 1837//584 1766//584 1834//56
f 1766//584 1690//584 1834//56
f 1834//56 1690//584 1838//54
f 1838//54 1690//584 1839//584
f 1690//584 1689//584 1839//584
f 1689//584 1840//584 1839//584
f 1840//584 1841//584 1839//584
f 1841//584 1842//584 1839//584
f 1842//584 1843//584 1839//584
f 1843//584 1844//584 1839//584
f 1844//584 1845//584 1839//584
f 1839//584 1845//584 1846//584
f 1845//584 1847//584 1846//584
f 1847//584 1848//584 1846//584
f 1848//584 1849//584 1846//584
f 1849//584 1850//584 1846//584
f 1850//584 1697//584 1846//584
f 1697//584 1699//584 1846//584
f 1699//584 1705//584 1846//584
f 1705//584 1851//584 1846//584
f 1851//584 1852//584 1846//584
f 1852//584 1853//584 1846//584
f 1853//584 1854//584 1846//584
f 1854//584 1855//584 1846//584
f 1855//584 1856//584 1846//584
f 1846//584 1856//584 1857//584
f 1856//584 1858//584 1857//584
f 1858//584 1859//584 1857//584
f 1859//584 1860//584 1857//584
f 1860//584 1861//584 1857//584
f 1861//584 1712//584 1857//584
f 1712//584 1714//584 1857//584
f 1714//584 1720//584 1857//584
f 1720//584 1862//584 1857//584
f 1862//584 1863//584 1857//584
f 1863//584 1864//584 1857//584
f 1864//584 1865//584 1857//584
f 1857//584 1865//584 1866//584
f 1865//584 1867//584 1866//584
f 1867//584 1868//584 1866//584
f 1866//584 1868//584 1869//584
f 1868//584 1870//584 1869//584
f 1869//584 1870//584 1871//584
f 1870//584 1872//584 1871//584
f 1871//584 1872//584 1873//584
f 1872//584 1874//584 1873//584
f 1873//584 1874//584 1875//584
f 1875//584 1874//584 1876//584
f 1874//584 1877//584 1876//584
f 1876//584 1877//584 1878//584
f 1878//584 1877//584 1879//584
f 1877//584 1880//584 1879//584
f 1880//584 1881//584 1879//584
f 1879//584 1881//584 1882//584
f 1881//584 1883//584 1882//584
f 1883//584 1884//584 1882//584
f 1884//584 1885//584 1882//584
f 1885//584 1886//584 1882//584
f 1886//584 1726//584 1882//584
f 1726//584 1728//584 1882//584
f 1728//584 1729//584 1882//584
f 1729//584 1887//584 1882//584
f 1887//584 1888//584 1882//584
f 1888//584 1889//584 1882//584
f 1889//584 1890//584 1882//584
f 1890//584 1891//584 1882//584
f 1891//584 1892//584 1882//584
f 1882//584 1892//584 1893//584
f 1892//584 1894//584 1893//584
f 1894//584 1895//584 1893//584
f 1895//584 1896//584 1893//584
f 1896//584 1736//584 1893//584
f 1736//584 1738//584 1893//584
f 1738//584 1740//584 1893//584
f 1740//584 1897//584 1893//584
f 1897//584 1898//584 1893//584
f 1898//584 1899//584 1893//584
f 1899//584 1900//584 1893//584
f 1900//584 1901//584 1893//584
f 1893//584 1901//584 1902//584
f 1901//584 1903//584 1902//584
f 1903//584 1904//584 1902//584
f 1904//584 1905//584 1902//584
f 1905//584 1906//584 1902//584
f 1902//584 1906//584 1907//584
f 1906//584 1908//584 1907//584
f 1908//584 1909//584 1907//584
f 1907//584 1909//584 1910//584
f 1909//584 1911//584 1910//584
f 1911//584 1912//584 1910//584
f 1912//584 1913//584 1910//584
f 1913//584 1914//584 1910//584
f 1914//584 1915//584 1910//584
f 1915//584 1743//584 1910//584
f 1743//584 1745//584 1910//584
f 1745//584 1754//584 1910//584
f 1754//584 1916//584 1910//584
f 1916//584 1917//584 1910//584
f 1910//584 1917//584 1918//584
f 1917//584 1919//584 1918//584
f 1919//584 1792//584 1918//584
f 1792//584 1791//584 1918//584
f 1791//584 1920//584 1918//584
f 1920//584 1921//584 1918//584
f 1921//584 1922//584 1918//584
f 1922//584 1923//584 1918//584
f 1923//584 1924//584 1918//584
f 1924//584 1810//584 1918//584
f 1810//584 1812//584 1918//584
f 1812//584 1821//584 1918//584
f 1821//584 1925//584 1918//584
f 1918//584 1925//584 1926//584
f 1925//584 1927//584 1926//584
f 1927//584 1928//584 1926//584
f 1928//584 1929//584 1926//584
f 1929//584 1930//584 1926//584
f 1930//584 1931//584 1926//584
f 1926//584 1931//584 1932//584
f 1932//584 1931//584 1933//584
f 1931//584 1934//584 1933//584
f 1933//584 1934//584 1935//584
f 1934//584 1936//584 1935//584
f 1935//584 1936//584 1937//584
f 1936//584 1938//584 1937//584
f 1937//584 1938//584 1939//584
f 1939//584 1938//584 1940//584
f 1938//584 1902//584 1940//584
f 1940//584 1902//584 1941//584
f 1941//584 1902//584 1942//584
f 1942//584 1902//584 1943//584
f 1943//584 1902//584 1944//584
f 1944//584 1902//584 1945//584
f 1902//584 1907//584 1945//584
f 1945//584 1907//584 1946//584
f 1907//584 1910//584 1946//584
f 1946//584 1910//584 1947//584
f 1947//584 1910//584 1948//584
f 1948//584 1910//584 1949//584
f 1949//584 1910//584 1950//584
f 1950//584 1910//584 1951//584
f 1910//584 1918//584 1951//584
f 1951//584 1918//584 1952//584
f 1952//584 1918//584 1953//584
f 1953//584 1918//584 1954//584
f 1954//584 1918//584 1955//584
f 1955//584 1918//584 1956//584
f 1918//584 1926//584 1956//584
f 1956//584 1926//584 1957//584
f 1957//584 1926//584 1958//584
f 1926//584 1932//584 1958//584
f 1959//454 1960//456 1961//455
f 1961//455 1960//456 1962//532
f 1960//456 1963//531 1962//532
f 1962//532 1963//531 1964//354
f 1963//531 1965//353 1964//354
f 1964//354 1965//353 1966//352
f 1965//353 1967//351 1966//352
f 1966//352 1967//351 1968//350
f 1967//351 1969//349 1968//350
f 1968//350 1969//349 1970//585
f 1969//349 1971//586 1970//585
f 1970//585 1971//586 1972//394
f 1971//586 1973//395 1972//394
f 1972//394 1973//395 1974//396
f 1973//395 1975//397 1974//396
f 1974//396 1975//397 1976//398
f 1975//397 1977//399 1976//398
f 1976//398 1977//399 1978//587
f 1977//399 1979//588 1978//587
f 1978//587 1979//588 1980//39
f 1979//588 1981//38 1980//39
f 1980//39 1981//38 1982//37
f 1981//38 1983//36 1982//37
f 1982//37 1983//36 1984//35
f 1983//36 1985//34 1984//35
f 1984//35 1985//34 1986//542
f 1985//34 1987//541 1986//542
f 1986//542 1987//541 1988//27
f 1987//541 1989//26 1988//27
f 1988//27 1989//26 1990//25
f 1989//26 1991//24 1990//25
f 1990//25 1991//24 1992//540
f 1991//24 1993//539 1992//540
f 1992//540 1993//539 1994//589
f 1993//539 1995//590 1994//589
f 1994//589 1995//590 1996//370
f 1995//590 1997//371 1996//370
f 1996//370 1997//371 1998//372
f 1997//371 1999//373 1998//372
f 1998//372 1999//373 2000//374
f 1999//373 2001//375 2000//374
f 2000//374 2001//375 2002//591
f 2001//375 2003//592 2002//591
f 2002//591 2003//592 2004//534
f 2003//592 2005//533 2004//534
f 2004//534 2005//533 2006//453
f 2005//533 1959//454 2006//453
f 1959//454 1961//455 2006//453
