# Botball Lab: metres, +Y up, centred XZ, base Y=0
mtllib metal_008.mtl
s off
v 0.0000000 0.0000000 -0.0130750
v 0.0000000 0.0000000 -0.0118119
v -0.0041923 0.0000000 -0.0126458
v -0.0041500 0.0000000 -0.0130750
v 0.0000000 0.0015000 -0.0130750
v -0.0041500 0.0015000 -0.0130750
v -0.0041923 0.0015000 -0.0126458
v 0.0000000 0.0015000 -0.0118119
v 0.0000000 0.0000000 -0.0104447
v -0.0043175 0.0000000 -0.0122331
v -0.0043175 0.0015000 -0.0122331
v 0.0000000 0.0015000 -0.0104447
v 0.0000000 0.0000000 -0.0088321
v -0.0045208 0.0000000 -0.0118527
v -0.0045208 0.0015000 -0.0118527
v 0.0000000 0.0015000 -0.0088321
v 0.0000000 0.0000000 -0.0067250
v -0.0047944 0.0000000 -0.0115194
v -0.0047944 0.0015000 -0.0115194
v 0.0000000 0.0015000 -0.0067250
v -0.0021071 0.0000000 -0.0067250
v -0.0051277 0.0000000 -0.0112458
v -0.0051277 0.0015000 -0.0112458
v -0.0021071 0.0015000 -0.0067250
v -0.0037197 0.0000000 -0.0067250
v -0.0055081 0.0000000 -0.0110425
v -0.0055081 0.0015000 -0.0110425
v -0.0037197 0.0015000 -0.0067250
v -0.0050869 0.0000000 -0.0067250
v -0.0059208 0.0000000 -0.0109173
v -0.0059208 0.0015000 -0.0109173
v -0.0050869 0.0015000 -0.0067250
v -0.0063500 0.0000000 -0.0067250
v -0.0063500 0.0000000 -0.0108750
v -0.0063500 0.0015000 -0.0108750
v -0.0063500 0.0015000 -0.0067250
v -0.0076131 0.0000000 -0.0067250
v -0.0067792 0.0000000 -0.0109173
v -0.0067792 0.0015000 -0.0109173
v -0.0076131 0.0015000 -0.0067250
v -0.0089803 0.0000000 -0.0067250
v -0.0071919 0.0000000 -0.0110425
v -0.0071919 0.0015000 -0.0110425
v -0.0089803 0.0015000 -0.0067250
v -0.0105929 0.0000000 -0.0067250
v -0.0075723 0.0000000 -0.0112458
v -0.0075723 0.0015000 -0.0112458
v -0.0105929 0.0015000 -0.0067250
v -0.0127000 0.0000000 -0.0067250
v -0.0079056 0.0000000 -0.0115194
v -0.0079056 0.0015000 -0.0115194
v -0.0127000 0.0015000 -0.0067250
v -0.0127000 0.0000000 -0.0088321
v -0.0081792 0.0000000 -0.0118527
v -0.0081792 0.0015000 -0.0118527
v -0.0127000 0.0015000 -0.0088321
v -0.0127000 0.0000000 -0.0104447
v -0.0083825 0.0000000 -0.0122331
v -0.0083825 0.0015000 -0.0122331
v -0.0127000 0.0015000 -0.0104447
v -0.0127000 0.0000000 -0.0118119
v -0.0085077 0.0000000 -0.0126458
v -0.0085077 0.0015000 -0.0126458
v -0.0127000 0.0015000 -0.0118119
v -0.0127000 0.0000000 -0.0130750
v -0.0085500 0.0000000 -0.0130750
v -0.0085500 0.0015000 -0.0130750
v -0.0127000 0.0015000 -0.0130750
v -0.0127000 0.0000000 -0.0143381
v -0.0085077 0.0000000 -0.0135042
v -0.0085077 0.0015000 -0.0135042
v -0.0127000 0.0015000 -0.0143381
v -0.0127000 0.0000000 -0.0157053
v -0.0083825 0.0000000 -0.0139169
v -0.0083825 0.0015000 -0.0139169
v -0.0127000 0.0015000 -0.0157053
v -0.0127000 0.0000000 -0.0173179
v -0.0081792 0.0000000 -0.0142973
v -0.0081792 0.0015000 -0.0142973
v -0.0127000 0.0015000 -0.0173179
v -0.0127000 0.0000000 -0.0194250
v -0.0079056 0.0000000 -0.0146306
v -0.0079056 0.0015000 -0.0146306
v -0.0127000 0.0015000 -0.0194250
v -0.0105929 0.0000000 -0.0194250
v -0.0075723 0.0000000 -0.0149042
v -0.0075723 0.0015000 -0.0149042
v -0.0105929 0.0015000 -0.0194250
v -0.0089803 0.0000000 -0.0194250
v -0.0071919 0.0000000 -0.0151075
v -0.0071919 0.0015000 -0.0151075
v -0.0089803 0.0015000 -0.0194250
v -0.0076131 0.0000000 -0.0194250
v -0.0067792 0.0000000 -0.0152327
v -0.0067792 0.0015000 -0.0152327
v -0.0076131 0.0015000 -0.0194250
v -0.0063500 0.0000000 -0.0194250
v -0.0063500 0.0000000 -0.0152750
v -0.0063500 0.0015000 -0.0152750
v -0.0063500 0.0015000 -0.0194250
v -0.0050869 0.0000000 -0.0194250
v -0.0059208 0.0000000 -0.0152327
v -0.0059208 0.0015000 -0.0152327
v -0.0050869 0.0015000 -0.0194250
v -0.0037197 0.0000000 -0.0194250
v -0.0055081 0.0000000 -0.0151075
v -0.0055081 0.0015000 -0.0151075
v -0.0037197 0.0015000 -0.0194250
v -0.0021071 0.0000000 -0.0194250
v -0.0051277 0.0000000 -0.0149042
v -0.0051277 0.0015000 -0.0149042
v -0.0021071 0.0015000 -0.0194250
v -0.0000000 0.0000000 -0.0194250
v -0.0047944 0.0000000 -0.0146306
v -0.0047944 0.0015000 -0.0146306
v -0.0000000 0.0015000 -0.0194250
v 0.0000000 0.0000000 -0.0173179
v -0.0045208 0.0000000 -0.0142973
v -0.0045208 0.0015000 -0.0142973
v 0.0000000 0.0015000 -0.0173179
v 0.0000000 0.0000000 -0.0157053
v -0.0043175 0.0000000 -0.0139169
v -0.0043175 0.0015000 -0.0139169
v 0.0000000 0.0015000 -0.0157053
v 0.0000000 0.0000000 -0.0143381
v -0.0041923 0.0000000 -0.0135042
v -0.0041923 0.0015000 -0.0135042
v 0.0000000 0.0015000 -0.0143381
v 0.0000000 0.0000000 -0.0003750
v 0.0000000 0.0000000 0.0008881
v -0.0041923 0.0000000 0.0000542
v -0.0041500 0.0000000 -0.0003750
v 0.0000000 0.0015000 -0.0003750
v -0.0041500 0.0015000 -0.0003750
v -0.0041923 0.0015000 0.0000542
v 0.0000000 0.0015000 0.0008881
v 0.0000000 0.0000000 0.0022553
v -0.0043175 0.0000000 0.0004669
v -0.0043175 0.0015000 0.0004669
v 0.0000000 0.0015000 0.0022553
v 0.0000000 0.0000000 0.0038679
v -0.0045208 0.0000000 0.0008473
v -0.0045208 0.0015000 0.0008473
v 0.0000000 0.0015000 0.0038679
v 0.0000000 0.0000000 0.0059750
v -0.0047944 0.0000000 0.0011806
v -0.0047944 0.0015000 0.0011806
v 0.0000000 0.0015000 0.0059750
v -0.0021071 0.0000000 0.0059750
v -0.0051277 0.0000000 0.0014542
v -0.0051277 0.0015000 0.0014542
v -0.0021071 0.0015000 0.0059750
v -0.0037197 0.0000000 0.0059750
v -0.0055081 0.0000000 0.0016575
v -0.0055081 0.0015000 0.0016575
v -0.0037197 0.0015000 0.0059750
v -0.0050869 0.0000000 0.0059750
v -0.0059208 0.0000000 0.0017827
v -0.0059208 0.0015000 0.0017827
v -0.0050869 0.0015000 0.0059750
v -0.0063500 0.0000000 0.0059750
v -0.0063500 0.0000000 0.0018250
v -0.0063500 0.0015000 0.0018250
v -0.0063500 0.0015000 0.0059750
v -0.0076131 0.0000000 0.0059750
v -0.0067792 0.0000000 0.0017827
v -0.0067792 0.0015000 0.0017827
v -0.0076131 0.0015000 0.0059750
v -0.0089803 0.0000000 0.0059750
v -0.0071919 0.0000000 0.0016575
v -0.0071919 0.0015000 0.0016575
v -0.0089803 0.0015000 0.0059750
v -0.0105929 0.0000000 0.0059750
v -0.0075723 0.0000000 0.0014542
v -0.0075723 0.0015000 0.0014542
v -0.0105929 0.0015000 0.0059750
v -0.0127000 0.0000000 0.0059750
v -0.0079056 0.0000000 0.0011806
v -0.0079056 0.0015000 0.0011806
v -0.0127000 0.0015000 0.0059750
v -0.0127000 0.0000000 0.0038679
v -0.0081792 0.0000000 0.0008473
v -0.0081792 0.0015000 0.0008473
v -0.0127000 0.0015000 0.0038679
v -0.0127000 0.0000000 0.0022553
v -0.0083825 0.0000000 0.0004669
v -0.0083825 0.0015000 0.0004669
v -0.0127000 0.0015000 0.0022553
v -0.0127000 0.0000000 0.0008881
v -0.0085077 0.0000000 0.0000542
v -0.0085077 0.0015000 0.0000542
v -0.0127000 0.0015000 0.0008881
v -0.0127000 0.0000000 -0.0003750
v -0.0085500 0.0000000 -0.0003750
v -0.0085500 0.0015000 -0.0003750
v -0.0127000 0.0015000 -0.0003750
v -0.0127000 0.0000000 -0.0016381
v -0.0085077 0.0000000 -0.0008042
v -0.0085077 0.0015000 -0.0008042
v -0.0127000 0.0015000 -0.0016381
v -0.0127000 0.0000000 -0.0030053
v -0.0083825 0.0000000 -0.0012169
v -0.0083825 0.0015000 -0.0012169
v -0.0127000 0.0015000 -0.0030053
v -0.0127000 0.0000000 -0.0046179
v -0.0081792 0.0000000 -0.0015973
v -0.0081792 0.0015000 -0.0015973
v -0.0127000 0.0015000 -0.0046179
v -0.0079056 0.0000000 -0.0019306
v -0.0079056 0.0015000 -0.0019306
v -0.0075723 0.0000000 -0.0022042
v -0.0075723 0.0015000 -0.0022042
v -0.0071919 0.0000000 -0.0024075
v -0.0071919 0.0015000 -0.0024075
v -0.0067792 0.0000000 -0.0025327
v -0.0067792 0.0015000 -0.0025327
v -0.0063500 0.0000000 -0.0025750
v -0.0063500 0.0015000 -0.0025750
v -0.0059208 0.0000000 -0.0025327
v -0.0059208 0.0015000 -0.0025327
v -0.0055081 0.0000000 -0.0024075
v -0.0055081 0.0015000 -0.0024075
v -0.0051277 0.0000000 -0.0022042
v -0.0051277 0.0015000 -0.0022042
v -0.0047944 0.0000000 -0.0019306
v -0.0047944 0.0015000 -0.0019306
v 0.0000000 0.0000000 -0.0046179
v -0.0045208 0.0000000 -0.0015973
v -0.0045208 0.0015000 -0.0015973
v 0.0000000 0.0015000 -0.0046179
v 0.0000000 0.0000000 -0.0030053
v -0.0043175 0.0000000 -0.0012169
v -0.0043175 0.0015000 -0.0012169
v 0.0000000 0.0015000 -0.0030053
v 0.0000000 0.0000000 -0.0016381
v -0.0041923 0.0000000 -0.0008042
v -0.0041923 0.0015000 -0.0008042
v 0.0000000 0.0015000 -0.0016381
v 0.0000000 0.0000000 0.0123250
v 0.0000000 0.0000000 0.0135881
v -0.0041923 0.0000000 0.0127542
v -0.0041500 0.0000000 0.0123250
v 0.0000000 0.0015000 0.0123250
v -0.0041500 0.0015000 0.0123250
v -0.0041923 0.0015000 0.0127542
v 0.0000000 0.0015000 0.0135881
v 0.0000000 0.0000000 0.0149553
v -0.0043175 0.0000000 0.0131669
v -0.0043175 0.0015000 0.0131669
v 0.0000000 0.0015000 0.0149553
v 0.0000000 0.0000000 0.0165679
v -0.0045208 0.0000000 0.0135473
v -0.0045208 0.0015000 0.0135473
v 0.0000000 0.0015000 0.0165679
v 0.0000000 0.0000000 0.0186750
v -0.0047944 0.0000000 0.0138806
v -0.0047944 0.0015000 0.0138806
v 0.0000000 0.0015000 0.0186750
v -0.0021071 0.0000000 0.0186750
v -0.0051277 0.0000000 0.0141542
v -0.0051277 0.0015000 0.0141542
v -0.0021071 0.0015000 0.0186750
v -0.0037197 0.0000000 0.0186750
v -0.0055081 0.0000000 0.0143575
v -0.0055081 0.0015000 0.0143575
v -0.0037197 0.0015000 0.0186750
v -0.0050869 0.0000000 0.0186750
v -0.0059208 0.0000000 0.0144827
v -0.0059208 0.0015000 0.0144827
v -0.0050869 0.0015000 0.0186750
v -0.0063500 0.0000000 0.0186750
v -0.0063500 0.0000000 0.0145250
v -0.0063500 0.0015000 0.0145250
v -0.0063500 0.0015000 0.0186750
v -0.0076131 0.0000000 0.0186750
v -0.0067792 0.0000000 0.0144827
v -0.0067792 0.0015000 0.0144827
v -0.0076131 0.0015000 0.0186750
v -0.0089803 0.0000000 0.0186750
v -0.0071919 0.0000000 0.0143575
v -0.0071919 0.0015000 0.0143575
v -0.0089803 0.0015000 0.0186750
v -0.0105929 0.0000000 0.0186750
v -0.0075723 0.0000000 0.0141542
v -0.0075723 0.0015000 0.0141542
v -0.0105929 0.0015000 0.0186750
v -0.0127000 0.0000000 0.0186750
v -0.0079056 0.0000000 0.0138806
v -0.0079056 0.0015000 0.0138806
v -0.0127000 0.0015000 0.0186750
v -0.0127000 0.0000000 0.0165679
v -0.0081792 0.0000000 0.0135473
v -0.0081792 0.0015000 0.0135473
v -0.0127000 0.0015000 0.0165679
v -0.0127000 0.0000000 0.0149553
v -0.0083825 0.0000000 0.0131669
v -0.0083825 0.0015000 0.0131669
v -0.0127000 0.0015000 0.0149553
v -0.0127000 0.0000000 0.0135881
v -0.0085077 0.0000000 0.0127542
v -0.0085077 0.0015000 0.0127542
v -0.0127000 0.0015000 0.0135881
v -0.0127000 0.0000000 0.0123250
v -0.0085500 0.0000000 0.0123250
v -0.0085500 0.0015000 0.0123250
v -0.0127000 0.0015000 0.0123250
v -0.0127000 0.0000000 0.0110619
v -0.0085077 0.0000000 0.0118958
v -0.0085077 0.0015000 0.0118958
v -0.0127000 0.0015000 0.0110619
v -0.0127000 0.0000000 0.0096947
v -0.0083825 0.0000000 0.0114831
v -0.0083825 0.0015000 0.0114831
v -0.0127000 0.0015000 0.0096947
v -0.0127000 0.0000000 0.0080821
v -0.0081792 0.0000000 0.0111027
v -0.0081792 0.0015000 0.0111027
v -0.0127000 0.0015000 0.0080821
v -0.0079056 0.0000000 0.0107694
v -0.0079056 0.0015000 0.0107694
v -0.0075723 0.0000000 0.0104958
v -0.0075723 0.0015000 0.0104958
v -0.0071919 0.0000000 0.0102925
v -0.0071919 0.0015000 0.0102925
v -0.0067792 0.0000000 0.0101673
v -0.0067792 0.0015000 0.0101673
v -0.0063500 0.0000000 0.0101250
v -0.0063500 0.0015000 0.0101250
v -0.0059208 0.0000000 0.0101673
v -0.0059208 0.0015000 0.0101673
v -0.0055081 0.0000000 0.0102925
v -0.0055081 0.0015000 0.0102925
v -0.0051277 0.0000000 0.0104958
v -0.0051277 0.0015000 0.0104958
v -0.0047944 0.0000000 0.0107694
v -0.0047944 0.0015000 0.0107694
v 0.0000000 0.0000000 0.0080821
v -0.0045208 0.0000000 0.0111027
v -0.0045208 0.0015000 0.0111027
v 0.0000000 0.0015000 0.0080821
v 0.0000000 0.0000000 0.0096947
v -0.0043175 0.0000000 0.0114831
v -0.0043175 0.0015000 0.0114831
v 0.0000000 0.0015000 0.0096947
v 0.0000000 0.0000000 0.0110619
v -0.0041923 0.0000000 0.0118958
v -0.0041923 0.0015000 0.0118958
v 0.0000000 0.0015000 0.0110619
v 0.0127000 0.0000000 -0.0130750
v 0.0127000 0.0000000 -0.0118119
v 0.0085077 0.0000000 -0.0126458
v 0.0085500 0.0000000 -0.0130750
v 0.0127000 0.0015000 -0.0130750
v 0.0085500 0.0015000 -0.0130750
v 0.0085077 0.0015000 -0.0126458
v 0.0127000 0.0015000 -0.0118119
v 0.0127000 0.0000000 -0.0104447
v 0.0083825 0.0000000 -0.0122331
v 0.0083825 0.0015000 -0.0122331
v 0.0127000 0.0015000 -0.0104447
v 0.0127000 0.0000000 -0.0088321
v 0.0081792 0.0000000 -0.0118527
v 0.0081792 0.0015000 -0.0118527
v 0.0127000 0.0015000 -0.0088321
v 0.0127000 0.0000000 -0.0067250
v 0.0079056 0.0000000 -0.0115194
v 0.0079056 0.0015000 -0.0115194
v 0.0127000 0.0015000 -0.0067250
v 0.0105929 0.0000000 -0.0067250
v 0.0075723 0.0000000 -0.0112458
v 0.0075723 0.0015000 -0.0112458
v 0.0105929 0.0015000 -0.0067250
v 0.0089803 0.0000000 -0.0067250
v 0.0071919 0.0000000 -0.0110425
v 0.0071919 0.0015000 -0.0110425
v 0.0089803 0.0015000 -0.0067250
v 0.0076131 0.0000000 -0.0067250
v 0.0067792 0.0000000 -0.0109173
v 0.0067792 0.0015000 -0.0109173
v 0.0076131 0.0015000 -0.0067250
v 0.0063500 0.0000000 -0.0067250
v 0.0063500 0.0000000 -0.0108750
v 0.0063500 0.0015000 -0.0108750
v 0.0063500 0.0015000 -0.0067250
v 0.0050869 0.0000000 -0.0067250
v 0.0059208 0.0000000 -0.0109173
v 0.0059208 0.0015000 -0.0109173
v 0.0050869 0.0015000 -0.0067250
v 0.0037197 0.0000000 -0.0067250
v 0.0055081 0.0000000 -0.0110425
v 0.0055081 0.0015000 -0.0110425
v 0.0037197 0.0015000 -0.0067250
v 0.0021071 0.0000000 -0.0067250
v 0.0051277 0.0000000 -0.0112458
v 0.0051277 0.0015000 -0.0112458
v 0.0021071 0.0015000 -0.0067250
v 0.0047944 0.0000000 -0.0115194
v 0.0047944 0.0015000 -0.0115194
v 0.0045208 0.0000000 -0.0118527
v 0.0045208 0.0015000 -0.0118527
v 0.0043175 0.0000000 -0.0122331
v 0.0043175 0.0015000 -0.0122331
v 0.0041923 0.0000000 -0.0126458
v 0.0041923 0.0015000 -0.0126458
v 0.0041500 0.0000000 -0.0130750
v 0.0041500 0.0015000 -0.0130750
v 0.0041923 0.0000000 -0.0135042
v 0.0041923 0.0015000 -0.0135042
v 0.0043175 0.0000000 -0.0139169
v 0.0043175 0.0015000 -0.0139169
v 0.0045208 0.0000000 -0.0142973
v 0.0045208 0.0015000 -0.0142973
v 0.0047944 0.0000000 -0.0146306
v 0.0047944 0.0015000 -0.0146306
v 0.0021071 0.0000000 -0.0194250
v 0.0051277 0.0000000 -0.0149042
v 0.0051277 0.0015000 -0.0149042
v 0.0021071 0.0015000 -0.0194250
v 0.0037197 0.0000000 -0.0194250
v 0.0055081 0.0000000 -0.0151075
v 0.0055081 0.0015000 -0.0151075
v 0.0037197 0.0015000 -0.0194250
v 0.0050869 0.0000000 -0.0194250
v 0.0059208 0.0000000 -0.0152327
v 0.0059208 0.0015000 -0.0152327
v 0.0050869 0.0015000 -0.0194250
v 0.0063500 0.0000000 -0.0194250
v 0.0063500 0.0000000 -0.0152750
v 0.0063500 0.0015000 -0.0152750
v 0.0063500 0.0015000 -0.0194250
v 0.0076131 0.0000000 -0.0194250
v 0.0067792 0.0000000 -0.0152327
v 0.0067792 0.0015000 -0.0152327
v 0.0076131 0.0015000 -0.0194250
v 0.0089803 0.0000000 -0.0194250
v 0.0071919 0.0000000 -0.0151075
v 0.0071919 0.0015000 -0.0151075
v 0.0089803 0.0015000 -0.0194250
v 0.0105929 0.0000000 -0.0194250
v 0.0075723 0.0000000 -0.0149042
v 0.0075723 0.0015000 -0.0149042
v 0.0105929 0.0015000 -0.0194250
v 0.0127000 0.0000000 -0.0194250
v 0.0079056 0.0000000 -0.0146306
v 0.0079056 0.0015000 -0.0146306
v 0.0127000 0.0015000 -0.0194250
v 0.0127000 0.0000000 -0.0173179
v 0.0081792 0.0000000 -0.0142973
v 0.0081792 0.0015000 -0.0142973
v 0.0127000 0.0015000 -0.0173179
v 0.0127000 0.0000000 -0.0157053
v 0.0083825 0.0000000 -0.0139169
v 0.0083825 0.0015000 -0.0139169
v 0.0127000 0.0015000 -0.0157053
v 0.0127000 0.0000000 -0.0143381
v 0.0085077 0.0000000 -0.0135042
v 0.0085077 0.0015000 -0.0135042
v 0.0127000 0.0015000 -0.0143381
v 0.0127000 0.0000000 -0.0003750
v 0.0127000 0.0000000 0.0008881
v 0.0085077 0.0000000 0.0000542
v 0.0085500 0.0000000 -0.0003750
v 0.0127000 0.0015000 -0.0003750
v 0.0085500 0.0015000 -0.0003750
v 0.0085077 0.0015000 0.0000542
v 0.0127000 0.0015000 0.0008881
v 0.0127000 0.0000000 0.0022553
v 0.0083825 0.0000000 0.0004669
v 0.0083825 0.0015000 0.0004669
v 0.0127000 0.0015000 0.0022553
v 0.0127000 0.0000000 0.0038679
v 0.0081792 0.0000000 0.0008473
v 0.0081792 0.0015000 0.0008473
v 0.0127000 0.0015000 0.0038679
v 0.0127000 0.0000000 0.0059750
v 0.0079056 0.0000000 0.0011806
v 0.0079056 0.0015000 0.0011806
v 0.0127000 0.0015000 0.0059750
v 0.0105929 0.0000000 0.0059750
v 0.0075723 0.0000000 0.0014542
v 0.0075723 0.0015000 0.0014542
v 0.0105929 0.0015000 0.0059750
v 0.0089803 0.0000000 0.0059750
v 0.0071919 0.0000000 0.0016575
v 0.0071919 0.0015000 0.0016575
v 0.0089803 0.0015000 0.0059750
v 0.0076131 0.0000000 0.0059750
v 0.0067792 0.0000000 0.0017827
v 0.0067792 0.0015000 0.0017827
v 0.0076131 0.0015000 0.0059750
v 0.0063500 0.0000000 0.0059750
v 0.0063500 0.0000000 0.0018250
v 0.0063500 0.0015000 0.0018250
v 0.0063500 0.0015000 0.0059750
v 0.0050869 0.0000000 0.0059750
v 0.0059208 0.0000000 0.0017827
v 0.0059208 0.0015000 0.0017827
v 0.0050869 0.0015000 0.0059750
v 0.0037197 0.0000000 0.0059750
v 0.0055081 0.0000000 0.0016575
v 0.0055081 0.0015000 0.0016575
v 0.0037197 0.0015000 0.0059750
v 0.0021071 0.0000000 0.0059750
v 0.0051277 0.0000000 0.0014542
v 0.0051277 0.0015000 0.0014542
v 0.0021071 0.0015000 0.0059750
v 0.0047944 0.0000000 0.0011806
v 0.0047944 0.0015000 0.0011806
v 0.0045208 0.0000000 0.0008473
v 0.0045208 0.0015000 0.0008473
v 0.0043175 0.0000000 0.0004669
v 0.0043175 0.0015000 0.0004669
v 0.0041923 0.0000000 0.0000542
v 0.0041923 0.0015000 0.0000542
v 0.0041500 0.0000000 -0.0003750
v 0.0041500 0.0015000 -0.0003750
v 0.0041923 0.0000000 -0.0008042
v 0.0041923 0.0015000 -0.0008042
v 0.0043175 0.0000000 -0.0012169
v 0.0043175 0.0015000 -0.0012169
v 0.0045208 0.0000000 -0.0015973
v 0.0045208 0.0015000 -0.0015973
v 0.0047944 0.0000000 -0.0019306
v 0.0047944 0.0015000 -0.0019306
v 0.0051277 0.0000000 -0.0022042
v 0.0051277 0.0015000 -0.0022042
v 0.0055081 0.0000000 -0.0024075
v 0.0055081 0.0015000 -0.0024075
v 0.0059208 0.0000000 -0.0025327
v 0.0059208 0.0015000 -0.0025327
v 0.0063500 0.0000000 -0.0025750
v 0.0063500 0.0015000 -0.0025750
v 0.0067792 0.0000000 -0.0025327
v 0.0067792 0.0015000 -0.0025327
v 0.0071919 0.0000000 -0.0024075
v 0.0071919 0.0015000 -0.0024075
v 0.0075723 0.0000000 -0.0022042
v 0.0075723 0.0015000 -0.0022042
v 0.0079056 0.0000000 -0.0019306
v 0.0079056 0.0015000 -0.0019306
v 0.0127000 0.0000000 -0.0046179
v 0.0081792 0.0000000 -0.0015973
v 0.0081792 0.0015000 -0.0015973
v 0.0127000 0.0015000 -0.0046179
v 0.0127000 0.0000000 -0.0030053
v 0.0083825 0.0000000 -0.0012169
v 0.0083825 0.0015000 -0.0012169
v 0.0127000 0.0015000 -0.0030053
v 0.0127000 0.0000000 -0.0016381
v 0.0085077 0.0000000 -0.0008042
v 0.0085077 0.0015000 -0.0008042
v 0.0127000 0.0015000 -0.0016381
v 0.0127000 0.0000000 0.0123250
v 0.0127000 0.0000000 0.0135881
v 0.0085077 0.0000000 0.0127542
v 0.0085500 0.0000000 0.0123250
v 0.0127000 0.0015000 0.0123250
v 0.0085500 0.0015000 0.0123250
v 0.0085077 0.0015000 0.0127542
v 0.0127000 0.0015000 0.0135881
v 0.0127000 0.0000000 0.0149553
v 0.0083825 0.0000000 0.0131669
v 0.0083825 0.0015000 0.0131669
v 0.0127000 0.0015000 0.0149553
v 0.0127000 0.0000000 0.0165679
v 0.0081792 0.0000000 0.0135473
v 0.0081792 0.0015000 0.0135473
v 0.0127000 0.0015000 0.0165679
v 0.0127000 0.0000000 0.0186750
v 0.0079056 0.0000000 0.0138806
v 0.0079056 0.0015000 0.0138806
v 0.0127000 0.0015000 0.0186750
v 0.0105929 0.0000000 0.0186750
v 0.0075723 0.0000000 0.0141542
v 0.0075723 0.0015000 0.0141542
v 0.0105929 0.0015000 0.0186750
v 0.0089803 0.0000000 0.0186750
v 0.0071919 0.0000000 0.0143575
v 0.0071919 0.0015000 0.0143575
v 0.0089803 0.0015000 0.0186750
v 0.0076131 0.0000000 0.0186750
v 0.0067792 0.0000000 0.0144827
v 0.0067792 0.0015000 0.0144827
v 0.0076131 0.0015000 0.0186750
v 0.0063500 0.0000000 0.0186750
v 0.0063500 0.0000000 0.0145250
v 0.0063500 0.0015000 0.0145250
v 0.0063500 0.0015000 0.0186750
v 0.0050869 0.0000000 0.0186750
v 0.0059208 0.0000000 0.0144827
v 0.0059208 0.0015000 0.0144827
v 0.0050869 0.0015000 0.0186750
v 0.0037197 0.0000000 0.0186750
v 0.0055081 0.0000000 0.0143575
v 0.0055081 0.0015000 0.0143575
v 0.0037197 0.0015000 0.0186750
v 0.0021071 0.0000000 0.0186750
v 0.0051277 0.0000000 0.0141542
v 0.0051277 0.0015000 0.0141542
v 0.0021071 0.0015000 0.0186750
v 0.0047944 0.0000000 0.0138806
v 0.0047944 0.0015000 0.0138806
v 0.0045208 0.0000000 0.0135473
v 0.0045208 0.0015000 0.0135473
v 0.0043175 0.0000000 0.0131669
v 0.0043175 0.0015000 0.0131669
v 0.0041923 0.0000000 0.0127542
v 0.0041923 0.0015000 0.0127542
v 0.0041500 0.0000000 0.0123250
v 0.0041500 0.0015000 0.0123250
v 0.0041923 0.0000000 0.0118958
v 0.0041923 0.0015000 0.0118958
v 0.0043175 0.0000000 0.0114831
v 0.0043175 0.0015000 0.0114831
v 0.0045208 0.0000000 0.0111027
v 0.0045208 0.0015000 0.0111027
v 0.0047944 0.0000000 0.0107694
v 0.0047944 0.0015000 0.0107694
v 0.0051277 0.0000000 0.0104958
v 0.0051277 0.0015000 0.0104958
v 0.0055081 0.0000000 0.0102925
v 0.0055081 0.0015000 0.0102925
v 0.0059208 0.0000000 0.0101673
v 0.0059208 0.0015000 0.0101673
v 0.0063500 0.0000000 0.0101250
v 0.0063500 0.0015000 0.0101250
v 0.0067792 0.0000000 0.0101673
v 0.0067792 0.0015000 0.0101673
v 0.0071919 0.0000000 0.0102925
v 0.0071919 0.0015000 0.0102925
v 0.0075723 0.0000000 0.0104958
v 0.0075723 0.0015000 0.0104958
v 0.0079056 0.0000000 0.0107694
v 0.0079056 0.0015000 0.0107694
v 0.0127000 0.0000000 0.0080821
v 0.0081792 0.0000000 0.0111027
v 0.0081792 0.0015000 0.0111027
v 0.0127000 0.0015000 0.0080821
v 0.0127000 0.0000000 0.0096947
v 0.0083825 0.0000000 0.0114831
v 0.0083825 0.0015000 0.0114831
v 0.0127000 0.0015000 0.0096947
v 0.0127000 0.0000000 0.0110619
v 0.0085077 0.0000000 0.0118958
v 0.0085077 0.0015000 0.0118958
v 0.0127000 0.0015000 0.0110619
v 0.0000000 0.0071000 0.0194250
v 0.0000000 0.0083631 0.0194250
v -0.0041923 0.0075292 0.0194250
v -0.0041500 0.0071000 0.0194250
v 0.0000000 0.0071000 0.0179250
v -0.0041500 0.0071000 0.0179250
v -0.0041923 0.0075292 0.0179250
v 0.0000000 0.0083631 0.0179250
v 0.0000000 0.0097303 0.0194250
v -0.0043175 0.0079419 0.0194250
v -0.0043175 0.0079419 0.0179250
v 0.0000000 0.0097303 0.0179250
v 0.0000000 0.0113429 0.0194250
v -0.0045208 0.0083223 0.0194250
v -0.0045208 0.0083223 0.0179250
v 0.0000000 0.0113429 0.0179250
v 0.0000000 0.0134500 0.0194250
v -0.0047944 0.0086556 0.0194250
v -0.0047944 0.0086556 0.0179250
v 0.0000000 0.0134500 0.0179250
v -0.0021071 0.0134500 0.0194250
v -0.0051277 0.0089292 0.0194250
v -0.0051277 0.0089292 0.0179250
v -0.0021071 0.0134500 0.0179250
v -0.0037197 0.0134500 0.0194250
v -0.0055081 0.0091325 0.0194250
v -0.0055081 0.0091325 0.0179250
v -0.0037197 0.0134500 0.0179250
v -0.0050869 0.0134500 0.0194250
v -0.0059208 0.0092577 0.0194250
v -0.0059208 0.0092577 0.0179250
v -0.0050869 0.0134500 0.0179250
v -0.0063500 0.0134500 0.0194250
v -0.0063500 0.0093000 0.0194250
v -0.0063500 0.0093000 0.0179250
v -0.0063500 0.0134500 0.0179250
v -0.0076131 0.0134500 0.0194250
v -0.0067792 0.0092577 0.0194250
v -0.0067792 0.0092577 0.0179250
v -0.0076131 0.0134500 0.0179250
v -0.0089803 0.0134500 0.0194250
v -0.0071919 0.0091325 0.0194250
v -0.0071919 0.0091325 0.0179250
v -0.0089803 0.0134500 0.0179250
v -0.0105929 0.0134500 0.0194250
v -0.0075723 0.0089292 0.0194250
v -0.0075723 0.0089292 0.0179250
v -0.0105929 0.0134500 0.0179250
v -0.0127000 0.0134500 0.0194250
v -0.0079056 0.0086556 0.0194250
v -0.0079056 0.0086556 0.0179250
v -0.0127000 0.0134500 0.0179250
v -0.0127000 0.0113429 0.0194250
v -0.0081792 0.0083223 0.0194250
v -0.0081792 0.0083223 0.0179250
v -0.0127000 0.0113429 0.0179250
v -0.0127000 0.0097303 0.0194250
v -0.0083825 0.0079419 0.0194250
v -0.0083825 0.0079419 0.0179250
v -0.0127000 0.0097303 0.0179250
v -0.0127000 0.0083631 0.0194250
v -0.0085077 0.0075292 0.0194250
v -0.0085077 0.0075292 0.0179250
v -0.0127000 0.0083631 0.0179250
v -0.0127000 0.0071000 0.0194250
v -0.0085500 0.0071000 0.0194250
v -0.0085500 0.0071000 0.0179250
v -0.0127000 0.0071000 0.0179250
v -0.0127000 0.0058369 0.0194250
v -0.0085077 0.0066708 0.0194250
v -0.0085077 0.0066708 0.0179250
v -0.0127000 0.0058369 0.0179250
v -0.0127000 0.0044697 0.0194250
v -0.0083825 0.0062581 0.0194250
v -0.0083825 0.0062581 0.0179250
v -0.0127000 0.0044697 0.0179250
v -0.0127000 0.0028571 0.0194250
v -0.0081792 0.0058777 0.0194250
v -0.0081792 0.0058777 0.0179250
v -0.0127000 0.0028571 0.0179250
v -0.0127000 0.0007500 0.0194250
v -0.0079056 0.0055444 0.0194250
v -0.0079056 0.0055444 0.0179250
v -0.0127000 0.0007500 0.0179250
v -0.0105929 0.0007500 0.0194250
v -0.0075723 0.0052708 0.0194250
v -0.0075723 0.0052708 0.0179250
v -0.0105929 0.0007500 0.0179250
v -0.0089803 0.0007500 0.0194250
v -0.0071919 0.0050675 0.0194250
v -0.0071919 0.0050675 0.0179250
v -0.0089803 0.0007500 0.0179250
v -0.0076131 0.0007500 0.0194250
v -0.0067792 0.0049423 0.0194250
v -0.0067792 0.0049423 0.0179250
v -0.0076131 0.0007500 0.0179250
v -0.0063500 0.0007500 0.0194250
v -0.0063500 0.0049000 0.0194250
v -0.0063500 0.0049000 0.0179250
v -0.0063500 0.0007500 0.0179250
v -0.0050869 0.0007500 0.0194250
v -0.0059208 0.0049423 0.0194250
v -0.0059208 0.0049423 0.0179250
v -0.0050869 0.0007500 0.0179250
v -0.0037197 0.0007500 0.0194250
v -0.0055081 0.0050675 0.0194250
v -0.0055081 0.0050675 0.0179250
v -0.0037197 0.0007500 0.0179250
v -0.0021071 0.0007500 0.0194250
v -0.0051277 0.0052708 0.0194250
v -0.0051277 0.0052708 0.0179250
v -0.0021071 0.0007500 0.0179250
v -0.0000000 0.0007500 0.0194250
v -0.0047944 0.0055444 0.0194250
v -0.0047944 0.0055444 0.0179250
v -0.0000000 0.0007500 0.0179250
v 0.0000000 0.0028571 0.0194250
v -0.0045208 0.0058777 0.0194250
v -0.0045208 0.0058777 0.0179250
v 0.0000000 0.0028571 0.0179250
v 0.0000000 0.0044697 0.0194250
v -0.0043175 0.0062581 0.0194250
v -0.0043175 0.0062581 0.0179250
v 0.0000000 0.0044697 0.0179250
v 0.0000000 0.0058369 0.0194250
v -0.0041923 0.0066708 0.0194250
v -0.0041923 0.0066708 0.0179250
v 0.0000000 0.0058369 0.0179250
v 0.0000000 0.0198000 0.0194250
v 0.0000000 0.0210631 0.0194250
v -0.0041923 0.0202292 0.0194250
v -0.0041500 0.0198000 0.0194250
v 0.0000000 0.0198000 0.0179250
v -0.0041500 0.0198000 0.0179250
v -0.0041923 0.0202292 0.0179250
v 0.0000000 0.0210631 0.0179250
v 0.0000000 0.0224303 0.0194250
v -0.0043175 0.0206419 0.0194250
v -0.0043175 0.0206419 0.0179250
v 0.0000000 0.0224303 0.0179250
v 0.0000000 0.0240429 0.0194250
v -0.0045208 0.0210223 0.0194250
v -0.0045208 0.0210223 0.0179250
v 0.0000000 0.0240429 0.0179250
v 0.0000000 0.0261500 0.0194250
v -0.0047944 0.0213556 0.0194250
v -0.0047944 0.0213556 0.0179250
v 0.0000000 0.0261500 0.0179250
v -0.0021071 0.0261500 0.0194250
v -0.0051277 0.0216292 0.0194250
v -0.0051277 0.0216292 0.0179250
v -0.0021071 0.0261500 0.0179250
v -0.0037197 0.0261500 0.0194250
v -0.0055081 0.0218325 0.0194250
v -0.0055081 0.0218325 0.0179250
v -0.0037197 0.0261500 0.0179250
v -0.0050869 0.0261500 0.0194250
v -0.0059208 0.0219577 0.0194250
v -0.0059208 0.0219577 0.0179250
v -0.0050869 0.0261500 0.0179250
v -0.0063500 0.0261500 0.0194250
v -0.0063500 0.0220000 0.0194250
v -0.0063500 0.0220000 0.0179250
v -0.0063500 0.0261500 0.0179250
v -0.0076131 0.0261500 0.0194250
v -0.0067792 0.0219577 0.0194250
v -0.0067792 0.0219577 0.0179250
v -0.0076131 0.0261500 0.0179250
v -0.0089803 0.0261500 0.0194250
v -0.0071919 0.0218325 0.0194250
v -0.0071919 0.0218325 0.0179250
v -0.0089803 0.0261500 0.0179250
v -0.0105929 0.0261500 0.0194250
v -0.0075723 0.0216292 0.0194250
v -0.0075723 0.0216292 0.0179250
v -0.0105929 0.0261500 0.0179250
v -0.0127000 0.0261500 0.0194250
v -0.0079056 0.0213556 0.0194250
v -0.0079056 0.0213556 0.0179250
v -0.0127000 0.0261500 0.0179250
v -0.0127000 0.0240429 0.0194250
v -0.0081792 0.0210223 0.0194250
v -0.0081792 0.0210223 0.0179250
v -0.0127000 0.0240429 0.0179250
v -0.0127000 0.0224303 0.0194250
v -0.0083825 0.0206419 0.0194250
v -0.0083825 0.0206419 0.0179250
v -0.0127000 0.0224303 0.0179250
v -0.0127000 0.0210631 0.0194250
v -0.0085077 0.0202292 0.0194250
v -0.0085077 0.0202292 0.0179250
v -0.0127000 0.0210631 0.0179250
v -0.0127000 0.0198000 0.0194250
v -0.0085500 0.0198000 0.0194250
v -0.0085500 0.0198000 0.0179250
v -0.0127000 0.0198000 0.0179250
v -0.0127000 0.0185369 0.0194250
v -0.0085077 0.0193708 0.0194250
v -0.0085077 0.0193708 0.0179250
v -0.0127000 0.0185369 0.0179250
v -0.0127000 0.0171697 0.0194250
v -0.0083825 0.0189581 0.0194250
v -0.0083825 0.0189581 0.0179250
v -0.0127000 0.0171697 0.0179250
v -0.0127000 0.0155571 0.0194250
v -0.0081792 0.0185777 0.0194250
v -0.0081792 0.0185777 0.0179250
v -0.0127000 0.0155571 0.0179250
v -0.0079056 0.0182444 0.0194250
v -0.0079056 0.0182444 0.0179250
v -0.0075723 0.0179708 0.0194250
v -0.0075723 0.0179708 0.0179250
v -0.0071919 0.0177675 0.0194250
v -0.0071919 0.0177675 0.0179250
v -0.0067792 0.0176423 0.0194250
v -0.0067792 0.0176423 0.0179250
v -0.0063500 0.0176000 0.0194250
v -0.0063500 0.0176000 0.0179250
v -0.0059208 0.0176423 0.0194250
v -0.0059208 0.0176423 0.0179250
v -0.0055081 0.0177675 0.0194250
v -0.0055081 0.0177675 0.0179250
v -0.0051277 0.0179708 0.0194250
v -0.0051277 0.0179708 0.0179250
v -0.0047944 0.0182444 0.0194250
v -0.0047944 0.0182444 0.0179250
v 0.0000000 0.0155571 0.0194250
v -0.0045208 0.0185777 0.0194250
v -0.0045208 0.0185777 0.0179250
v 0.0000000 0.0155571 0.0179250
v 0.0000000 0.0171697 0.0194250
v -0.0043175 0.0189581 0.0194250
v -0.0043175 0.0189581 0.0179250
v 0.0000000 0.0171697 0.0179250
v 0.0000000 0.0185369 0.0194250
v -0.0041923 0.0193708 0.0194250
v -0.0041923 0.0193708 0.0179250
v 0.0000000 0.0185369 0.0179250
v 0.0127000 0.0071000 0.0194250
v 0.0127000 0.0083631 0.0194250
v 0.0085077 0.0075292 0.0194250
v 0.0085500 0.0071000 0.0194250
v 0.0127000 0.0071000 0.0179250
v 0.0085500 0.0071000 0.0179250
v 0.0085077 0.0075292 0.0179250
v 0.0127000 0.0083631 0.0179250
v 0.0127000 0.0097303 0.0194250
v 0.0083825 0.0079419 0.0194250
v 0.0083825 0.0079419 0.0179250
v 0.0127000 0.0097303 0.0179250
v 0.0127000 0.0113429 0.0194250
v 0.0081792 0.0083223 0.0194250
v 0.0081792 0.0083223 0.0179250
v 0.0127000 0.0113429 0.0179250
v 0.0127000 0.0134500 0.0194250
v 0.0079056 0.0086556 0.0194250
v 0.0079056 0.0086556 0.0179250
v 0.0127000 0.0134500 0.0179250
v 0.0105929 0.0134500 0.0194250
v 0.0075723 0.0089292 0.0194250
v 0.0075723 0.0089292 0.0179250
v 0.0105929 0.0134500 0.0179250
v 0.0089803 0.0134500 0.0194250
v 0.0071919 0.0091325 0.0194250
v 0.0071919 0.0091325 0.0179250
v 0.0089803 0.0134500 0.0179250
v 0.0076131 0.0134500 0.0194250
v 0.0067792 0.0092577 0.0194250
v 0.0067792 0.0092577 0.0179250
v 0.0076131 0.0134500 0.0179250
v 0.0063500 0.0134500 0.0194250
v 0.0063500 0.0093000 0.0194250
v 0.0063500 0.0093000 0.0179250
v 0.0063500 0.0134500 0.0179250
v 0.0050869 0.0134500 0.0194250
v 0.0059208 0.0092577 0.0194250
v 0.0059208 0.0092577 0.0179250
v 0.0050869 0.0134500 0.0179250
v 0.0037197 0.0134500 0.0194250
v 0.0055081 0.0091325 0.0194250
v 0.0055081 0.0091325 0.0179250
v 0.0037197 0.0134500 0.0179250
v 0.0021071 0.0134500 0.0194250
v 0.0051277 0.0089292 0.0194250
v 0.0051277 0.0089292 0.0179250
v 0.0021071 0.0134500 0.0179250
v 0.0047944 0.0086556 0.0194250
v 0.0047944 0.0086556 0.0179250
v 0.0045208 0.0083223 0.0194250
v 0.0045208 0.0083223 0.0179250
v 0.0043175 0.0079419 0.0194250
v 0.0043175 0.0079419 0.0179250
v 0.0041923 0.0075292 0.0194250
v 0.0041923 0.0075292 0.0179250
v 0.0041500 0.0071000 0.0194250
v 0.0041500 0.0071000 0.0179250
v 0.0041923 0.0066708 0.0194250
v 0.0041923 0.0066708 0.0179250
v 0.0043175 0.0062581 0.0194250
v 0.0043175 0.0062581 0.0179250
v 0.0045208 0.0058777 0.0194250
v 0.0045208 0.0058777 0.0179250
v 0.0047944 0.0055444 0.0194250
v 0.0047944 0.0055444 0.0179250
v 0.0021071 0.0007500 0.0194250
v 0.0051277 0.0052708 0.0194250
v 0.0051277 0.0052708 0.0179250
v 0.0021071 0.0007500 0.0179250
v 0.0037197 0.0007500 0.0194250
v 0.0055081 0.0050675 0.0194250
v 0.0055081 0.0050675 0.0179250
v 0.0037197 0.0007500 0.0179250
v 0.0050869 0.0007500 0.0194250
v 0.0059208 0.0049423 0.0194250
v 0.0059208 0.0049423 0.0179250
v 0.0050869 0.0007500 0.0179250
v 0.0063500 0.0007500 0.0194250
v 0.0063500 0.0049000 0.0194250
v 0.0063500 0.0049000 0.0179250
v 0.0063500 0.0007500 0.0179250
v 0.0076131 0.0007500 0.0194250
v 0.0067792 0.0049423 0.0194250
v 0.0067792 0.0049423 0.0179250
v 0.0076131 0.0007500 0.0179250
v 0.0089803 0.0007500 0.0194250
v 0.0071919 0.0050675 0.0194250
v 0.0071919 0.0050675 0.0179250
v 0.0089803 0.0007500 0.0179250
v 0.0105929 0.0007500 0.0194250
v 0.0075723 0.0052708 0.0194250
v 0.0075723 0.0052708 0.0179250
v 0.0105929 0.0007500 0.0179250
v 0.0127000 0.0007500 0.0194250
v 0.0079056 0.0055444 0.0194250
v 0.0079056 0.0055444 0.0179250
v 0.0127000 0.0007500 0.0179250
v 0.0127000 0.0028571 0.0194250
v 0.0081792 0.0058777 0.0194250
v 0.0081792 0.0058777 0.0179250
v 0.0127000 0.0028571 0.0179250
v 0.0127000 0.0044697 0.0194250
v 0.0083825 0.0062581 0.0194250
v 0.0083825 0.0062581 0.0179250
v 0.0127000 0.0044697 0.0179250
v 0.0127000 0.0058369 0.0194250
v 0.0085077 0.0066708 0.0194250
v 0.0085077 0.0066708 0.0179250
v 0.0127000 0.0058369 0.0179250
v 0.0127000 0.0198000 0.0194250
v 0.0127000 0.0210631 0.0194250
v 0.0085077 0.0202292 0.0194250
v 0.0085500 0.0198000 0.0194250
v 0.0127000 0.0198000 0.0179250
v 0.0085500 0.0198000 0.0179250
v 0.0085077 0.0202292 0.0179250
v 0.0127000 0.0210631 0.0179250
v 0.0127000 0.0224303 0.0194250
v 0.0083825 0.0206419 0.0194250
v 0.0083825 0.0206419 0.0179250
v 0.0127000 0.0224303 0.0179250
v 0.0127000 0.0240429 0.0194250
v 0.0081792 0.0210223 0.0194250
v 0.0081792 0.0210223 0.0179250
v 0.0127000 0.0240429 0.0179250
v 0.0127000 0.0261500 0.0194250
v 0.0079056 0.0213556 0.0194250
v 0.0079056 0.0213556 0.0179250
v 0.0127000 0.0261500 0.0179250
v 0.0105929 0.0261500 0.0194250
v 0.0075723 0.0216292 0.0194250
v 0.0075723 0.0216292 0.0179250
v 0.0105929 0.0261500 0.0179250
v 0.0089803 0.0261500 0.0194250
v 0.0071919 0.0218325 0.0194250
v 0.0071919 0.0218325 0.0179250
v 0.0089803 0.0261500 0.0179250
v 0.0076131 0.0261500 0.0194250
v 0.0067792 0.0219577 0.0194250
v 0.0067792 0.0219577 0.0179250
v 0.0076131 0.0261500 0.0179250
v 0.0063500 0.0261500 0.0194250
v 0.0063500 0.0220000 0.0194250
v 0.0063500 0.0220000 0.0179250
v 0.0063500 0.0261500 0.0179250
v 0.0050869 0.0261500 0.0194250
v 0.0059208 0.0219577 0.0194250
v 0.0059208 0.0219577 0.0179250
v 0.0050869 0.0261500 0.0179250
v 0.0037197 0.0261500 0.0194250
v 0.0055081 0.0218325 0.0194250
v 0.0055081 0.0218325 0.0179250
v 0.0037197 0.0261500 0.0179250
v 0.0021071 0.0261500 0.0194250
v 0.0051277 0.0216292 0.0194250
v 0.0051277 0.0216292 0.0179250
v 0.0021071 0.0261500 0.0179250
v 0.0047944 0.0213556 0.0194250
v 0.0047944 0.0213556 0.0179250
v 0.0045208 0.0210223 0.0194250
v 0.0045208 0.0210223 0.0179250
v 0.0043175 0.0206419 0.0194250
v 0.0043175 0.0206419 0.0179250
v 0.0041923 0.0202292 0.0194250
v 0.0041923 0.0202292 0.0179250
v 0.0041500 0.0198000 0.0194250
v 0.0041500 0.0198000 0.0179250
v 0.0041923 0.0193708 0.0194250
v 0.0041923 0.0193708 0.0179250
v 0.0043175 0.0189581 0.0194250
v 0.0043175 0.0189581 0.0179250
v 0.0045208 0.0185777 0.0194250
v 0.0045208 0.0185777 0.0179250
v 0.0047944 0.0182444 0.0194250
v 0.0047944 0.0182444 0.0179250
v 0.0051277 0.0179708 0.0194250
v 0.0051277 0.0179708 0.0179250
v 0.0055081 0.0177675 0.0194250
v 0.0055081 0.0177675 0.0179250
v 0.0059208 0.0176423 0.0194250
v 0.0059208 0.0176423 0.0179250
v 0.0063500 0.0176000 0.0194250
v 0.0063500 0.0176000 0.0179250
v 0.0067792 0.0176423 0.0194250
v 0.0067792 0.0176423 0.0179250
v 0.0071919 0.0177675 0.0194250
v 0.0071919 0.0177675 0.0179250
v 0.0075723 0.0179708 0.0194250
v 0.0075723 0.0179708 0.0179250
v 0.0079056 0.0182444 0.0194250
v 0.0079056 0.0182444 0.0179250
v 0.0127000 0.0155571 0.0194250
v 0.0081792 0.0185777 0.0194250
v 0.0081792 0.0185777 0.0179250
v 0.0127000 0.0155571 0.0179250
v 0.0127000 0.0171697 0.0194250
v 0.0083825 0.0189581 0.0194250
v 0.0083825 0.0189581 0.0179250
v 0.0127000 0.0171697 0.0179250
v 0.0127000 0.0185369 0.0194250
v 0.0085077 0.0193708 0.0194250
v 0.0085077 0.0193708 0.0179250
v 0.0127000 0.0185369 0.0179250
usemtl body
vn 0.0 -1.0 0.0
vn 0.0 1.0 0.0
vn -0.9994608 0.0 -0.0328341
vn -0.9738481 0.0 -0.2272002
vn -0.9866507 0.0 -0.1628505
vn -0.9994608 0.0 0.0328341
vn 1.0 0.0 0.0
vn -0.9108364 0.0 -0.4127676
vn -0.9359394 0.0 -0.352161
vn -0.812762 0.0 -0.5825959
vn -0.8492562 0.0 -0.527981
vn -0.6835537 0.0 -0.7299002
vn -0.7299002 0.0 -0.6835537
vn -0.527981 0.0 -0.8492562
vn -0.5825959 0.0 -0.812762
vn 0.0 0.0 1.0
vn -0.352161 0.0 -0.9359394
vn -0.4127676 0.0 -0.9108364
vn -0.1628505 0.0 -0.9866507
vn -0.2272002 0.0 -0.9738481
vn 0.0328341 0.0 -0.9994608
vn -0.0328341 0.0 -0.9994608
vn 0.2272002 0.0 -0.9738481
vn 0.1628505 0.0 -0.9866507
vn 0.4127676 0.0 -0.9108364
vn 0.352161 0.0 -0.9359394
vn 0.5825959 0.0 -0.812762
vn 0.527981 0.0 -0.8492562
vn 0.7299002 0.0 -0.6835537
vn 0.6835537 0.0 -0.7299002
vn 0.8492562 0.0 -0.527981
vn 0.812762 0.0 -0.5825959
vn -1.0 0.0 0.0
vn 0.9359394 0.0 -0.352161
vn 0.9108364 0.0 -0.4127676
vn 0.9866507 0.0 -0.1628505
vn 0.9738481 0.0 -0.2272002
vn 0.9994608 0.0 0.0328341
vn 0.9994608 0.0 -0.0328341
vn 0.9738481 0.0 0.2272002
vn 0.9866507 0.0 0.1628505
vn 0.9108364 0.0 0.4127676
vn 0.9359394 0.0 0.352161
vn 0.812762 0.0 0.5825959
vn 0.8492562 0.0 0.527981
vn 0.6835537 0.0 0.7299002
vn 0.7299002 0.0 0.6835537
vn 0.527981 0.0 0.8492562
vn 0.5825959 0.0 0.812762
vn 0.0 0.0 -1.0
vn 0.352161 0.0 0.9359394
vn 0.4127676 0.0 0.9108364
vn 0.1628505 0.0 0.9866507
vn 0.2272002 0.0 0.9738481
vn -0.0328341 0.0 0.9994608
vn 0.0328341 0.0 0.9994608
vn -0.2272002 0.0 0.9738481
vn -0.1628505 0.0 0.9866507
vn -0.4127676 0.0 0.9108364
vn -0.352161 0.0 0.9359394
vn -0.5825959 0.0 0.812762
vn -0.527981 0.0 0.8492562
vn -0.7299002 0.0 0.6835537
vn -0.6835537 0.0 0.7299002
vn -0.8492562 0.0 0.527981
vn -0.812762 0.0 0.5825959
vn -0.9359394 0.0 0.352161
vn -0.9108364 0.0 0.4127676
vn -0.9866507 0.0 0.1628505
vn -0.9738481 0.0 0.2272002
vn -0.9994608 -0.0328341 0.0
vn -0.9738481 -0.2272002 0.0
vn -0.9866507 -0.1628505 0.0
vn -0.9994608 0.0328341 0.0
vn -0.9108364 -0.4127676 0.0
vn -0.9359394 -0.352161 0.0
vn -0.812762 -0.5825959 0.0
vn -0.8492562 -0.527981 0.0
vn -0.6835537 -0.7299002 0.0
vn -0.7299002 -0.6835537 0.0
vn -0.527981 -0.8492562 0.0
vn -0.5825959 -0.812762 0.0
vn -0.352161 -0.9359394 0.0
vn -0.4127676 -0.9108364 0.0
vn -0.1628505 -0.9866507 0.0
vn -0.2272002 -0.9738481 0.0
vn 0.0328341 -0.9994608 0.0
vn -0.0328341 -0.9994608 0.0
vn 0.2272002 -0.9738481 0.0
vn 0.1628505 -0.9866507 0.0
vn 0.4127676 -0.9108364 0.0
vn 0.352161 -0.9359394 0.0
vn 0.5825959 -0.812762 0.0
vn 0.527981 -0.8492562 0.0
vn 0.7299002 -0.6835537 0.0
vn 0.6835537 -0.7299002 0.0
vn 0.8492562 -0.527981 0.0
vn 0.812762 -0.5825959 0.0
vn 0.9359394 -0.352161 0.0
vn 0.9108364 -0.4127676 0.0
vn 0.9866507 -0.1628505 0.0
vn 0.9738481 -0.2272002 0.0
vn 0.9994608 0.0328341 0.0
vn 0.9994608 -0.0328341 0.0
vn 0.9738481 0.2272002 0.0
vn 0.9866507 0.1628505 0.0
vn 0.9108364 0.4127676 0.0
vn 0.9359394 0.352161 0.0
vn 0.812762 0.5825959 0.0
vn 0.8492562 0.527981 0.0
vn 0.6835537 0.7299002 0.0
vn 0.7299002 0.6835537 0.0
vn 0.527981 0.8492562 0.0
vn 0.5825959 0.812762 0.0
vn 0.352161 0.9359394 0.0
vn 0.4127676 0.9108364 0.0
vn 0.1628505 0.9866507 0.0
vn 0.2272002 0.9738481 0.0
vn -0.0328341 0.9994608 0.0
vn 0.0328341 0.9994608 0.0
vn -0.2272002 0.9738481 0.0
vn -0.1628505 0.9866507 0.0
vn -0.4127676 0.9108364 0.0
vn -0.352161 0.9359394 0.0
vn -0.5825959 0.812762 0.0
vn -0.527981 0.8492562 0.0
vn -0.7299002 0.6835537 0.0
vn -0.6835537 0.7299002 0.0
vn -0.8492562 0.527981 0.0
vn -0.812762 0.5825959 0.0
vn -0.9359394 0.352161 0.0
vn -0.9108364 0.4127676 0.0
vn -0.9866507 0.1628505 0.0
vn -0.9738481 0.2272002 0.0
f 1//1 2//1 3//1
f 1//1 3//1 4//1
f 5//2 6//2 7//2
f 5//2 7//2 8//2
f 4//3 3//4 7//5
f 4//3 7//5 6//6
f 1//7 5//7 8//7
f 1//7 8//7 2//7
f 2//1 9//1 10//1
f 2//1 10//1 3//1
f 8//2 7//2 11//2
f 8//2 11//2 12//2
f 3//4 10//8 11//9
f 3//4 11//9 7//5
f 2//7 8//7 12//7
f 2//7 12//7 9//7
f 9//1 13//1 14//1
f 9//1 14//1 10//1
f 12//2 11//2 15//2
f 12//2 15//2 16//2
f 10//8 14//10 15//11
f 10//8 15//11 11//9
f 9//7 12//7 16//7
f 9//7 16//7 13//7
f 13//1 17//1 18//1
f 13//1 18//1 14//1
f 16//2 15//2 19//2
f 16//2 19//2 20//2
f 14//10 18//12 19//13
f 14//10 19//13 15//11
f 13//7 16//7 20//7
f 13//7 20//7 17//7
f 17//1 21//1 22//1
f 17//1 22//1 18//1
f 20//2 19//2 23//2
f 20//2 23//2 24//2
f 18//12 22//14 23//15
f 18//12 23//15 19//13
f 17//16 20//16 24//16
f 17//16 24//16 21//16
f 21//1 25//1 26//1
f 21//1 26//1 22//1
f 24//2 23//2 27//2
f 24//2 27//2 28//2
f 22//14 26//17 27//18
f 22//14 27//18 23//15
f 21//16 24//16 28//16
f 21//16 28//16 25//16
f 25//1 29//1 30//1
f 25//1 30//1 26//1
f 28//2 27//2 31//2
f 28//2 31//2 32//2
f 26//17 30//19 31//20
f 26//17 31//20 27//18
f 25//16 28//16 32//16
f 25//16 32//16 29//16
f 29//1 33//1 34//1
f 29//1 34//1 30//1
f 32//2 31//2 35//2
f 32//2 35//2 36//2
f 30//19 34//21 35//22
f 30//19 35//22 31//20
f 29//16 32//16 36//16
f 29//16 36//16 33//16
f 33//1 37//1 38//1
f 33//1 38//1 34//1
f 36//2 35//2 39//2
f 36//2 39//2 40//2
f 34//21 38//23 39//24
f 34//21 39//24 35//22
f 33//16 36//16 40//16
f 33//16 40//16 37//16
f 37//1 41//1 42//1
f 37//1 42//1 38//1
f 40//2 39//2 43//2
f 40//2 43//2 44//2
f 38//23 42//25 43//26
f 38//23 43//26 39//24
f 37//16 40//16 44//16
f 37//16 44//16 41//16
f 41//1 45//1 46//1
f 41//1 46//1 42//1
f 44//2 43//2 47//2
f 44//2 47//2 48//2
f 42//25 46//27 47//28
f 42//25 47//28 43//26
f 41//16 44//16 48//16
f 41//16 48//16 45//16
f 45//1 49//1 50//1
f 45//1 50//1 46//1
f 48//2 47//2 51//2
f 48//2 51//2 52//2
f 46//27 50//29 51//30
f 46//27 51//30 47//28
f 45//16 48//16 52//16
f 45//16 52//16 49//16
f 49//1 53//1 54//1
f 49//1 54//1 50//1
f 52//2 51//2 55//2
f 52//2 55//2 56//2
f 50//29 54//31 55//32
f 50//29 55//32 51//30
f 49//33 52//33 56//33
f 49//33 56//33 53//33
f 53//1 57//1 58//1
f 53//1 58//1 54//1
f 56//2 55//2 59//2
f 56//2 59//2 60//2
f 54//31 58//34 59//35
f 54//31 59//35 55//32
f 53//33 56//33 60//33
f 53//33 60//33 57//33
f 57//1 61//1 62//1
f 57//1 62//1 58//1
f 60//2 59//2 63//2
f 60//2 63//2 64//2
f 58//34 62//36 63//37
f 58//34 63//37 59//35
f 57//33 60//33 64//33
f 57//33 64//33 61//33
f 61//1 65//1 66//1
f 61//1 66//1 62//1
f 64//2 63//2 67//2
f 64//2 67//2 68//2
f 62//36 66//38 67//39
f 62//36 67//39 63//37
f 61//33 64//33 68//33
f 61//33 68//33 65//33
f 65//1 69//1 70//1
f 65//1 70//1 66//1
f 68//2 67//2 71//2
f 68//2 71//2 72//2
f 66//38 70//40 71//41
f 66//38 71//41 67//39
f 65//33 68//33 72//33
f 65//33 72//33 69//33
f 69//1 73//1 74//1
f 69//1 74//1 70//1
f 72//2 71//2 75//2
f 72//2 75//2 76//2
f 70//40 74//42 75//43
f 70//40 75//43 71//41
f 69//33 72//33 76//33
f 69//33 76//33 73//33
f 73//1 77//1 78//1
f 73//1 78//1 74//1
f 76//2 75//2 79//2
f 76//2 79//2 80//2
f 74//42 78//44 79//45
f 74//42 79//45 75//43
f 73//33 76//33 80//33
f 73//33 80//33 77//33
f 77//1 81//1 82//1
f 77//1 82//1 78//1
f 80//2 79//2 83//2
f 80//2 83//2 84//2
f 78//44 82//46 83//47
f 78//44 83//47 79//45
f 77//33 80//33 84//33
f 77//33 84//33 81//33
f 81//1 85//1 86//1
f 81//1 86//1 82//1
f 84//2 83//2 87//2
f 84//2 87//2 88//2
f 82//46 86//48 87//49
f 82//46 87//49 83//47
f 81//50 84//50 88//50
f 81//50 88//50 85//50
f 85//1 89//1 90//1
f 85//1 90//1 86//1
f 88//2 87//2 91//2
f 88//2 91//2 92//2
f 86//48 90//51 91//52
f 86//48 91//52 87//49
f 85//50 88//50 92//50
f 85//50 92//50 89//50
f 89//1 93//1 94//1
f 89//1 94//1 90//1
f 92//2 91//2 95//2
f 92//2 95//2 96//2
f 90//51 94//53 95//54
f 90//51 95//54 91//52
f 89//50 92//50 96//50
f 89//50 96//50 93//50
f 93//1 97//1 98//1
f 93//1 98//1 94//1
f 96//2 95//2 99//2
f 96//2 99//2 100//2
f 94//53 98//55 99//56
f 94//53 99//56 95//54
f 93//50 96//50 100//50
f 93//50 100//50 97//50
f 97//1 101//1 102//1
f 97//1 102//1 98//1
f 100//2 99//2 103//2
f 100//2 103//2 104//2
f 98//55 102//57 103//58
f 98//55 103//58 99//56
f 97//50 100//50 104//50
f 97//50 104//50 101//50
f 101//1 105//1 106//1
f 101//1 106//1 102//1
f 104//2 103//2 107//2
f 104//2 107//2 108//2
f 102//57 106//59 107//60
f 102//57 107//60 103//58
f 101//50 104//50 108//50
f 101//50 108//50 105//50
f 105//1 109//1 110//1
f 105//1 110//1 106//1
f 108//2 107//2 111//2
f 108//2 111//2 112//2
f 106//59 110//61 111//62
f 106//59 111//62 107//60
f 105//50 108//50 112//50
f 105//50 112//50 109//50
f 109//1 113//1 114//1
f 109//1 114//1 110//1
f 112//2 111//2 115//2
f 112//2 115//2 116//2
f 110//61 114//63 115//64
f 110//61 115//64 111//62
f 109//50 112//50 116//50
f 109//50 116//50 113//50
f 113//1 117//1 118//1
f 113//1 118//1 114//1
f 116//2 115//2 119//2
f 116//2 119//2 120//2
f 114//63 118//65 119//66
f 114//63 119//66 115//64
f 113//7 116//7 120//7
f 113//7 120//7 117//7
f 117//1 121//1 122//1
f 117//1 122//1 118//1
f 120//2 119//2 123//2
f 120//2 123//2 124//2
f 118//65 122//67 123//68
f 118//65 123//68 119//66
f 117//7 120//7 124//7
f 117//7 124//7 121//7
f 121//1 125//1 126//1
f 121//1 126//1 122//1
f 124//2 123//2 127//2
f 124//2 127//2 128//2
f 122//67 126//69 127//70
f 122//67 127//70 123//68
f 121//7 124//7 128//7
f 121//7 128//7 125//7
f 125//1 1//1 4//1
f 125//1 4//1 126//1
f 128//2 127//2 6//2
f 128//2 6//2 5//2
f 126//69 4//3 6//6
f 126//69 6//6 127//70
f 125//7 128//7 5//7
f 125//7 5//7 1//7
f 129//1 130//1 131//1
f 129//1 131//1 132//1
f 133//2 134//2 135//2
f 133//2 135//2 136//2
f 132//3 131//4 135//5
f 132//3 135//5 134//6
f 129//7 133//7 136//7
f 129//7 136//7 130//7
f 130//1 137//1 138//1
f 130//1 138//1 131//1
f 136//2 135//2 139//2
f 136//2 139//2 140//2
f 131//4 138//8 139//9
f 131//4 139//9 135//5
f 130//7 136//7 140//7
f 130//7 140//7 137//7
f 137//1 141//1 142//1
f 137//1 142//1 138//1
f 140//2 139//2 143//2
f 140//2 143//2 144//2
f 138//8 142//10 143//11
f 138//8 143//11 139//9
f 137//7 140//7 144//7
f 137//7 144//7 141//7
f 141//1 145//1 146//1
f 141//1 146//1 142//1
f 144//2 143//2 147//2
f 144//2 147//2 148//2
f 142//10 146//12 147//13
f 142//10 147//13 143//11
f 141//7 144//7 148//7
f 141//7 148//7 145//7
f 145//1 149//1 150//1
f 145//1 150//1 146//1
f 148//2 147//2 151//2
f 148//2 151//2 152//2
f 146//12 150//14 151//15
f 146//12 151//15 147//13
f 145//16 148//16 152//16
f 145//16 152//16 149//16
f 149//1 153//1 154//1
f 149//1 154//1 150//1
f 152//2 151//2 155//2
f 152//2 155//2 156//2
f 150//14 154//17 155//18
f 150//14 155//18 151//15
f 149//16 152//16 156//16
f 149//16 156//16 153//16
f 153//1 157//1 158//1
f 153//1 158//1 154//1
f 156//2 155//2 159//2
f 156//2 159//2 160//2
f 154//17 158//19 159//20
f 154//17 159//20 155//18
f 153//16 156//16 160//16
f 153//16 160//16 157//16
f 157//1 161//1 162//1
f 157//1 162//1 158//1
f 160//2 159//2 163//2
f 160//2 163//2 164//2
f 158//19 162//21 163//22
f 158//19 163//22 159//20
f 157//16 160//16 164//16
f 157//16 164//16 161//16
f 161//1 165//1 166//1
f 161//1 166//1 162//1
f 164//2 163//2 167//2
f 164//2 167//2 168//2
f 162//21 166//23 167//24
f 162//21 167//24 163//22
f 161//16 164//16 168//16
f 161//16 168//16 165//16
f 165//1 169//1 170//1
f 165//1 170//1 166//1
f 168//2 167//2 171//2
f 168//2 171//2 172//2
f 166//23 170//25 171//26
f 166//23 171//26 167//24
f 165//16 168//16 172//16
f 165//16 172//16 169//16
f 169//1 173//1 174//1
f 169//1 174//1 170//1
f 172//2 171//2 175//2
f 172//2 175//2 176//2
f 170//25 174//27 175//28
f 170//25 175//28 171//26
f 169//16 172//16 176//16
f 169//16 176//16 173//16
f 173//1 177//1 178//1
f 173//1 178//1 174//1
f 176//2 175//2 179//2
f 176//2 179//2 180//2
f 174//27 178//29 179//30
f 174//27 179//30 175//28
f 173//16 176//16 180//16
f 173//16 180//16 177//16
f 177//1 181//1 182//1
f 177//1 182//1 178//1
f 180//2 179//2 183//2
f 180//2 183//2 184//2
f 178//29 182//31 183//32
f 178//29 183//32 179//30
f 177//33 180//33 184//33
f 177//33 184//33 181//33
f 181//1 185//1 186//1
f 181//1 186//1 182//1
f 184//2 183//2 187//2
f 184//2 187//2 188//2
f 182//31 186//34 187//35
f 182//31 187//35 183//32
f 181//33 184//33 188//33
f 181//33 188//33 185//33
f 185//1 189//1 190//1
f 185//1 190//1 186//1
f 188//2 187//2 191//2
f 188//2 191//2 192//2
f 186//34 190//36 191//37
f 186//34 191//37 187//35
f 185//33 188//33 192//33
f 185//33 192//33 189//33
f 189//1 193//1 194//1
f 189//1 194//1 190//1
f 192//2 191//2 195//2
f 192//2 195//2 196//2
f 190//36 194//38 195//39
f 190//36 195//39 191//37
f 189//33 192//33 196//33
f 189//33 196//33 193//33
f 193//1 197//1 198//1
f 193//1 198//1 194//1
f 196//2 195//2 199//2
f 196//2 199//2 200//2
f 194//38 198//40 199//41
f 194//38 199//41 195//39
f 193//33 196//33 200//33
f 193//33 200//33 197//33
f 197//1 201//1 202//1
f 197//1 202//1 198//1
f 200//2 199//2 203//2
f 200//2 203//2 204//2
f 198//40 202//42 203//43
f 198//40 203//43 199//41
f 197//33 200//33 204//33
f 197//33 204//33 201//33
f 201//1 205//1 206//1
f 201//1 206//1 202//1
f 204//2 203//2 207//2
f 204//2 207//2 208//2
f 202//42 206//44 207//45
f 202//42 207//45 203//43
f 201//33 204//33 208//33
f 201//33 208//33 205//33
f 205//1 49//1 209//1
f 205//1 209//1 206//1
f 208//2 207//2 210//2
f 208//2 210//2 52//2
f 206//44 209//46 210//47
f 206//44 210//47 207//45
f 205//33 208//33 52//33
f 205//33 52//33 49//33
f 49//1 45//1 211//1
f 49//1 211//1 209//1
f 52//2 210//2 212//2
f 52//2 212//2 48//2
f 209//46 211//48 212//49
f 209//46 212//49 210//47
f 49//50 52//50 48//50
f 49//50 48//50 45//50
f 45//1 41//1 213//1
f 45//1 213//1 211//1
f 48//2 212//2 214//2
f 48//2 214//2 44//2
f 211//48 213//51 214//52
f 211//48 214//52 212//49
f 45//50 48//50 44//50
f 45//50 44//50 41//50
f 41//1 37//1 215//1
f 41//1 215//1 213//1
f 44//2 214//2 216//2
f 44//2 216//2 40//2
f 213//51 215//53 216//54
f 213//51 216//54 214//52
f 41//50 44//50 40//50
f 41//50 40//50 37//50
f 37//1 33//1 217//1
f 37//1 217//1 215//1
f 40//2 216//2 218//2
f 40//2 218//2 36//2
f 215//53 217//55 218//56
f 215//53 218//56 216//54
f 37//50 40//50 36//50
f 37//50 36//50 33//50
f 33//1 29//1 219//1
f 33//1 219//1 217//1
f 36//2 218//2 220//2
f 36//2 220//2 32//2
f 217//55 219//57 220//58
f 217//55 220//58 218//56
f 33//50 36//50 32//50
f 33//50 32//50 29//50
f 29//1 25//1 221//1
f 29//1 221//1 219//1
f 32//2 220//2 222//2
f 32//2 222//2 28//2
f 219//57 221//59 222//60
f 219//57 222//60 220//58
f 29//50 32//50 28//50
f 29//50 28//50 25//50
f 25//1 21//1 223//1
f 25//1 223//1 221//1
f 28//2 222//2 224//2
f 28//2 224//2 24//2
f 221//59 223//61 224//62
f 221//59 224//62 222//60
f 25//50 28//50 24//50
f 25//50 24//50 21//50
f 21//1 17//1 225//1
f 21//1 225//1 223//1
f 24//2 224//2 226//2
f 24//2 226//2 20//2
f 223//61 225//63 226//64
f 223//61 226//64 224//62
f 21//50 24//50 20//50
f 21//50 20//50 17//50
f 17//1 227//1 228//1
f 17//1 228//1 225//1
f 20//2 226//2 229//2
f 20//2 229//2 230//2
f 225//63 228//65 229//66
f 225//63 229//66 226//64
f 17//7 20//7 230//7
f 17//7 230//7 227//7
f 227//1 231//1 232//1
f 227//1 232//1 228//1
f 230//2 229//2 233//2
f 230//2 233//2 234//2
f 228//65 232//67 233//68
f 228//65 233//68 229//66
f 227//7 230//7 234//7
f 227//7 234//7 231//7
f 231//1 235//1 236//1
f 231//1 236//1 232//1
f 234//2 233//2 237//2
f 234//2 237//2 238//2
f 232//67 236//69 237//70
f 232//67 237//70 233//68
f 231//7 234//7 238//7
f 231//7 238//7 235//7
f 235//1 129//1 132//1
f 235//1 132//1 236//1
f 238//2 237//2 134//2
f 238//2 134//2 133//2
f 236//69 132//3 134//6
f 236//69 134//6 237//70
f 235//7 238//7 133//7
f 235//7 133//7 129//7
f 239//1 240//1 241//1
f 239//1 241//1 242//1
f 243//2 244//2 245//2
f 243//2 245//2 246//2
f 242//3 241//4 245//5
f 242//3 245//5 244//6
f 239//7 243//7 246//7
f 239//7 246//7 240//7
f 240//1 247//1 248//1
f 240//1 248//1 241//1
f 246//2 245//2 249//2
f 246//2 249//2 250//2
f 241//4 248//8 249//9
f 241//4 249//9 245//5
f 240//7 246//7 250//7
f 240//7 250//7 247//7
f 247//1 251//1 252//1
f 247//1 252//1 248//1
f 250//2 249//2 253//2
f 250//2 253//2 254//2
f 248//8 252//10 253//11
f 248//8 253//11 249//9
f 247//7 250//7 254//7
f 247//7 254//7 251//7
f 251//1 255//1 256//1
f 251//1 256//1 252//1
f 254//2 253//2 257//2
f 254//2 257//2 258//2
f 252//10 256//12 257//13
f 252//10 257//13 253//11
f 251//7 254//7 258//7
f 251//7 258//7 255//7
f 255//1 259//1 260//1
f 255//1 260//1 256//1
f 258//2 257//2 261//2
f 258//2 261//2 262//2
f 256//12 260//14 261//15
f 256//12 261//15 257//13
f 255//16 258//16 262//16
f 255//16 262//16 259//16
f 259//1 263//1 264//1
f 259//1 264//1 260//1
f 262//2 261//2 265//2
f 262//2 265//2 266//2
f 260//14 264//17 265//18
f 260//14 265//18 261//15
f 259//16 262//16 266//16
f 259//16 266//16 263//16
f 263//1 267//1 268//1
f 263//1 268//1 264//1
f 266//2 265//2 269//2
f 266//2 269//2 270//2
f 264//17 268//19 269//20
f 264//17 269//20 265//18
f 263//16 266//16 270//16
f 263//16 270//16 267//16
f 267//1 271//1 272//1
f 267//1 272//1 268//1
f 270//2 269//2 273//2
f 270//2 273//2 274//2
f 268//19 272//21 273//22
f 268//19 273//22 269//20
f 267//16 270//16 274//16
f 267//16 274//16 271//16
f 271//1 275//1 276//1
f 271//1 276//1 272//1
f 274//2 273//2 277//2
f 274//2 277//2 278//2
f 272//21 276//23 277//24
f 272//21 277//24 273//22
f 271//16 274//16 278//16
f 271//16 278//16 275//16
f 275//1 279//1 280//1
f 275//1 280//1 276//1
f 278//2 277//2 281//2
f 278//2 281//2 282//2
f 276//23 280//25 281//26
f 276//23 281//26 277//24
f 275//16 278//16 282//16
f 275//16 282//16 279//16
f 279//1 283//1 284//1
f 279//1 284//1 280//1
f 282//2 281//2 285//2
f 282//2 285//2 286//2
f 280//25 284//27 285//28
f 280//25 285//28 281//26
f 279//16 282//16 286//16
f 279//16 286//16 283//16
f 283//1 287//1 288//1
f 283//1 288//1 284//1
f 286//2 285//2 289//2
f 286//2 289//2 290//2
f 284//27 288//29 289//30
f 284//27 289//30 285//28
f 283//16 286//16 290//16
f 283//16 290//16 287//16
f 287//1 291//1 292//1
f 287//1 292//1 288//1
f 290//2 289//2 293//2
f 290//2 293//2 294//2
f 288//29 292//31 293//32
f 288//29 293//32 289//30
f 287//33 290//33 294//33
f 287//33 294//33 291//33
f 291//1 295//1 296//1
f 291//1 296//1 292//1
f 294//2 293//2 297//2
f 294//2 297//2 298//2
f 292//31 296//34 297//35
f 292//31 297//35 293//32
f 291//33 294//33 298//33
f 291//33 298//33 295//33
f 295//1 299//1 300//1
f 295//1 300//1 296//1
f 298//2 297//2 301//2
f 298//2 301//2 302//2
f 296//34 300//36 301//37
f 296//34 301//37 297//35
f 295//33 298//33 302//33
f 295//33 302//33 299//33
f 299//1 303//1 304//1
f 299//1 304//1 300//1
f 302//2 301//2 305//2
f 302//2 305//2 306//2
f 300//36 304//38 305//39
f 300//36 305//39 301//37
f 299//33 302//33 306//33
f 299//33 306//33 303//33
f 303//1 307//1 308//1
f 303//1 308//1 304//1
f 306//2 305//2 309//2
f 306//2 309//2 310//2
f 304//38 308//40 309//41
f 304//38 309//41 305//39
f 303//33 306//33 310//33
f 303//33 310//33 307//33
f 307//1 311//1 312//1
f 307//1 312//1 308//1
f 310//2 309//2 313//2
f 310//2 313//2 314//2
f 308//40 312//42 313//43
f 308//40 313//43 309//41
f 307//33 310//33 314//33
f 307//33 314//33 311//33
f 311//1 315//1 316//1
f 311//1 316//1 312//1
f 314//2 313//2 317//2
f 314//2 317//2 318//2
f 312//42 316//44 317//45
f 312//42 317//45 313//43
f 311//33 314//33 318//33
f 311//33 318//33 315//33
f 315//1 177//1 319//1
f 315//1 319//1 316//1
f 318//2 317//2 320//2
f 318//2 320//2 180//2
f 316//44 319//46 320//47
f 316//44 320//47 317//45
f 315//33 318//33 180//33
f 315//33 180//33 177//33
f 177//1 173//1 321//1
f 177//1 321//1 319//1
f 180//2 320//2 322//2
f 180//2 322//2 176//2
f 319//46 321//48 322//49
f 319//46 322//49 320//47
f 177//50 180//50 176//50
f 177//50 176//50 173//50
f 173//1 169//1 323//1
f 173//1 323//1 321//1
f 176//2 322//2 324//2
f 176//2 324//2 172//2
f 321//48 323//51 324//52
f 321//48 324//52 322//49
f 173//50 176//50 172//50
f 173//50 172//50 169//50
f 169//1 165//1 325//1
f 169//1 325//1 323//1
f 172//2 324//2 326//2
f 172//2 326//2 168//2
f 323//51 325//53 326//54
f 323//51 326//54 324//52
f 169//50 172//50 168//50
f 169//50 168//50 165//50
f 165//1 161//1 327//1
f 165//1 327//1 325//1
f 168//2 326//2 328//2
f 168//2 328//2 164//2
f 325//53 327//55 328//56
f 325//53 328//56 326//54
f 165//50 168//50 164//50
f 165//50 164//50 161//50
f 161//1 157//1 329//1
f 161//1 329//1 327//1
f 164//2 328//2 330//2
f 164//2 330//2 160//2
f 327//55 329//57 330//58
f 327//55 330//58 328//56
f 161//50 164//50 160//50
f 161//50 160//50 157//50
f 157//1 153//1 331//1
f 157//1 331//1 329//1
f 160//2 330//2 332//2
f 160//2 332//2 156//2
f 329//57 331//59 332//60
f 329//57 332//60 330//58
f 157//50 160//50 156//50
f 157//50 156//50 153//50
f 153//1 149//1 333//1
f 153//1 333//1 331//1
f 156//2 332//2 334//2
f 156//2 334//2 152//2
f 331//59 333//61 334//62
f 331//59 334//62 332//60
f 153//50 156//50 152//50
f 153//50 152//50 149//50
f 149//1 145//1 335//1
f 149//1 335//1 333//1
f 152//2 334//2 336//2
f 152//2 336//2 148//2
f 333//61 335//63 336//64
f 333//61 336//64 334//62
f 149//50 152//50 148//50
f 149//50 148//50 145//50
f 145//1 337//1 338//1
f 145//1 338//1 335//1
f 148//2 336//2 339//2
f 148//2 339//2 340//2
f 335//63 338//65 339//66
f 335//63 339//66 336//64
f 145//7 148//7 340//7
f 145//7 340//7 337//7
f 337//1 341//1 342//1
f 337//1 342//1 338//1
f 340//2 339//2 343//2
f 340//2 343//2 344//2
f 338//65 342//67 343//68
f 338//65 343//68 339//66
f 337//7 340//7 344//7
f 337//7 344//7 341//7
f 341//1 345//1 346//1
f 341//1 346//1 342//1
f 344//2 343//2 347//2
f 344//2 347//2 348//2
f 342//67 346//69 347//70
f 342//67 347//70 343//68
f 341//7 344//7 348//7
f 341//7 348//7 345//7
f 345//1 239//1 242//1
f 345//1 242//1 346//1
f 348//2 347//2 244//2
f 348//2 244//2 243//2
f 346//69 242//3 244//6
f 346//69 244//6 347//70
f 345//7 348//7 243//7
f 345//7 243//7 239//7
f 349//1 350//1 351//1
f 349//1 351//1 352//1
f 353//2 354//2 355//2
f 353//2 355//2 356//2
f 352//3 351//4 355//5
f 352//3 355//5 354//6
f 349//7 353//7 356//7
f 349//7 356//7 350//7
f 350//1 357//1 358//1
f 350//1 358//1 351//1
f 356//2 355//2 359//2
f 356//2 359//2 360//2
f 351//4 358//8 359//9
f 351//4 359//9 355//5
f 350//7 356//7 360//7
f 350//7 360//7 357//7
f 357//1 361//1 362//1
f 357//1 362//1 358//1
f 360//2 359//2 363//2
f 360//2 363//2 364//2
f 358//8 362//10 363//11
f 358//8 363//11 359//9
f 357//7 360//7 364//7
f 357//7 364//7 361//7
f 361//1 365//1 366//1
f 361//1 366//1 362//1
f 364//2 363//2 367//2
f 364//2 367//2 368//2
f 362//10 366//12 367//13
f 362//10 367//13 363//11
f 361//7 364//7 368//7
f 361//7 368//7 365//7
f 365//1 369//1 370//1
f 365//1 370//1 366//1
f 368//2 367//2 371//2
f 368//2 371//2 372//2
f 366//12 370//14 371//15
f 366//12 371//15 367//13
f 365//16 368//16 372//16
f 365//16 372//16 369//16
f 369//1 373//1 374//1
f 369//1 374//1 370//1
f 372//2 371//2 375//2
f 372//2 375//2 376//2
f 370//14 374//17 375//18
f 370//14 375//18 371//15
f 369//16 372//16 376//16
f 369//16 376//16 373//16
f 373//1 377//1 378//1
f 373//1 378//1 374//1
f 376//2 375//2 379//2
f 376//2 379//2 380//2
f 374//17 378//19 379//20
f 374//17 379//20 375//18
f 373//16 376//16 380//16
f 373//16 380//16 377//16
f 377//1 381//1 382//1
f 377//1 382//1 378//1
f 380//2 379//2 383//2
f 380//2 383//2 384//2
f 378//19 382//21 383//22
f 378//19 383//22 379//20
f 377//16 380//16 384//16
f 377//16 384//16 381//16
f 381//1 385//1 386//1
f 381//1 386//1 382//1
f 384//2 383//2 387//2
f 384//2 387//2 388//2
f 382//21 386//23 387//24
f 382//21 387//24 383//22
f 381//16 384//16 388//16
f 381//16 388//16 385//16
f 385//1 389//1 390//1
f 385//1 390//1 386//1
f 388//2 387//2 391//2
f 388//2 391//2 392//2
f 386//23 390//25 391//26
f 386//23 391//26 387//24
f 385//16 388//16 392//16
f 385//16 392//16 389//16
f 389//1 393//1 394//1
f 389//1 394//1 390//1
f 392//2 391//2 395//2
f 392//2 395//2 396//2
f 390//25 394//27 395//28
f 390//25 395//28 391//26
f 389//16 392//16 396//16
f 389//16 396//16 393//16
f 393//1 17//1 397//1
f 393//1 397//1 394//1
f 396//2 395//2 398//2
f 396//2 398//2 20//2
f 394//27 397//29 398//30
f 394//27 398//30 395//28
f 393//16 396//16 20//16
f 393//16 20//16 17//16
f 17//1 13//1 399//1
f 17//1 399//1 397//1
f 20//2 398//2 400//2
f 20//2 400//2 16//2
f 397//29 399//31 400//32
f 397//29 400//32 398//30
f 17//33 20//33 16//33
f 17//33 16//33 13//33
f 13//1 9//1 401//1
f 13//1 401//1 399//1
f 16//2 400//2 402//2
f 16//2 402//2 12//2
f 399//31 401//34 402//35
f 399//31 402//35 400//32
f 13//33 16//33 12//33
f 13//33 12//33 9//33
f 9//1 2//1 403//1
f 9//1 403//1 401//1
f 12//2 402//2 404//2
f 12//2 404//2 8//2
f 401//34 403//36 404//37
f 401//34 404//37 402//35
f 9//33 12//33 8//33
f 9//33 8//33 2//33
f 2//1 1//1 405//1
f 2//1 405//1 403//1
f 8//2 404//2 406//2
f 8//2 406//2 5//2
f 403//36 405//38 406//39
f 403//36 406//39 404//37
f 2//33 8//33 5//33
f 2//33 5//33 1//33
f 1//1 125//1 407//1
f 1//1 407//1 405//1
f 5//2 406//2 408//2
f 5//2 408//2 128//2
f 405//38 407//40 408//41
f 405//38 408//41 406//39
f 1//33 5//33 128//33
f 1//33 128//33 125//33
f 125//1 121//1 409//1
f 125//1 409//1 407//1
f 128//2 408//2 410//2
f 128//2 410//2 124//2
f 407//40 409//42 410//43
f 407//40 410//43 408//41
f 125//33 128//33 124//33
f 125//33 124//33 121//33
f 121//1 117//1 411//1
f 121//1 411//1 409//1
f 124//2 410//2 412//2
f 124//2 412//2 120//2
f 409//42 411//44 412//45
f 409//42 412//45 410//43
f 121//33 124//33 120//33
f 121//33 120//33 117//33
f 117//1 113//1 413//1
f 117//1 413//1 411//1
f 120//2 412//2 414//2
f 120//2 414//2 116//2
f 411//44 413//46 414//47
f 411//44 414//47 412//45
f 117//33 120//33 116//33
f 117//33 116//33 113//33
f 113//1 415//1 416//1
f 113//1 416//1 413//1
f 116//2 414//2 417//2
f 116//2 417//2 418//2
f 413//46 416//48 417//49
f 413//46 417//49 414//47
f 113//50 116//50 418//50
f 113//50 418//50 415//50
f 415//1 419//1 420//1
f 415//1 420//1 416//1
f 418//2 417//2 421//2
f 418//2 421//2 422//2
f 416//48 420//51 421//52
f 416//48 421//52 417//49
f 415//50 418//50 422//50
f 415//50 422//50 419//50
f 419//1 423//1 424//1
f 419//1 424//1 420//1
f 422//2 421//2 425//2
f 422//2 425//2 426//2
f 420//51 424//53 425//54
f 420//51 425//54 421//52
f 419//50 422//50 426//50
f 419//50 426//50 423//50
f 423//1 427//1 428//1
f 423//1 428//1 424//1
f 426//2 425//2 429//2
f 426//2 429//2 430//2
f 424//53 428//55 429//56
f 424//53 429//56 425//54
f 423//50 426//50 430//50
f 423//50 430//50 427//50
f 427//1 431//1 432//1
f 427//1 432//1 428//1
f 430//2 429//2 433//2
f 430//2 433//2 434//2
f 428//55 432//57 433//58
f 428//55 433//58 429//56
f 427//50 430//50 434//50
f 427//50 434//50 431//50
f 431//1 435//1 436//1
f 431//1 436//1 432//1
f 434//2 433//2 437//2
f 434//2 437//2 438//2
f 432//57 436//59 437//60
f 432//57 437//60 433//58
f 431//50 434//50 438//50
f 431//50 438//50 435//50
f 435//1 439//1 440//1
f 435//1 440//1 436//1
f 438//2 437//2 441//2
f 438//2 441//2 442//2
f 436//59 440//61 441//62
f 436//59 441//62 437//60
f 435//50 438//50 442//50
f 435//50 442//50 439//50
f 439//1 443//1 444//1
f 439//1 444//1 440//1
f 442//2 441//2 445//2
f 442//2 445//2 446//2
f 440//61 444//63 445//64
f 440//61 445//64 441//62
f 439//50 442//50 446//50
f 439//50 446//50 443//50
f 443//1 447//1 448//1
f 443//1 448//1 444//1
f 446//2 445//2 449//2
f 446//2 449//2 450//2
f 444//63 448//65 449//66
f 444//63 449//66 445//64
f 443//7 446//7 450//7
f 443//7 450//7 447//7
f 447//1 451//1 452//1
f 447//1 452//1 448//1
f 450//2 449//2 453//2
f 450//2 453//2 454//2
f 448//65 452//67 453//68
f 448//65 453//68 449//66
f 447//7 450//7 454//7
f 447//7 454//7 451//7
f 451//1 455//1 456//1
f 451//1 456//1 452//1
f 454//2 453//2 457//2
f 454//2 457//2 458//2
f 452//67 456//69 457//70
f 452//67 457//70 453//68
f 451//7 454//7 458//7
f 451//7 458//7 455//7
f 455//1 349//1 352//1
f 455//1 352//1 456//1
f 458//2 457//2 354//2
f 458//2 354//2 353//2
f 456//69 352//3 354//6
f 456//69 354//6 457//70
f 455//7 458//7 353//7
f 455//7 353//7 349//7
f 459//1 460//1 461//1
f 459//1 461//1 462//1
f 463//2 464//2 465//2
f 463//2 465//2 466//2
f 462//3 461//4 465//5
f 462//3 465//5 464//6
f 459//7 463//7 466//7
f 459//7 466//7 460//7
f 460//1 467//1 468//1
f 460//1 468//1 461//1
f 466//2 465//2 469//2
f 466//2 469//2 470//2
f 461//4 468//8 469//9
f 461//4 469//9 465//5
f 460//7 466//7 470//7
f 460//7 470//7 467//7
f 467//1 471//1 472//1
f 467//1 472//1 468//1
f 470//2 469//2 473//2
f 470//2 473//2 474//2
f 468//8 472//10 473//11
f 468//8 473//11 469//9
f 467//7 470//7 474//7
f 467//7 474//7 471//7
f 471//1 475//1 476//1
f 471//1 476//1 472//1
f 474//2 473//2 477//2
f 474//2 477//2 478//2
f 472//10 476//12 477//13
f 472//10 477//13 473//11
f 471//7 474//7 478//7
f 471//7 478//7 475//7
f 475//1 479//1 480//1
f 475//1 480//1 476//1
f 478//2 477//2 481//2
f 478//2 481//2 482//2
f 476//12 480//14 481//15
f 476//12 481//15 477//13
f 475//16 478//16 482//16
f 475//16 482//16 479//16
f 479//1 483//1 484//1
f 479//1 484//1 480//1
f 482//2 481//2 485//2
f 482//2 485//2 486//2
f 480//14 484//17 485//18
f 480//14 485//18 481//15
f 479//16 482//16 486//16
f 479//16 486//16 483//16
f 483//1 487//1 488//1
f 483//1 488//1 484//1
f 486//2 485//2 489//2
f 486//2 489//2 490//2
f 484//17 488//19 489//20
f 484//17 489//20 485//18
f 483//16 486//16 490//16
f 483//16 490//16 487//16
f 487//1 491//1 492//1
f 487//1 492//1 488//1
f 490//2 489//2 493//2
f 490//2 493//2 494//2
f 488//19 492//21 493//22
f 488//19 493//22 489//20
f 487//16 490//16 494//16
f 487//16 494//16 491//16
f 491//1 495//1 496//1
f 491//1 496//1 492//1
f 494//2 493//2 497//2
f 494//2 497//2 498//2
f 492//21 496//23 497//24
f 492//21 497//24 493//22
f 491//16 494//16 498//16
f 491//16 498//16 495//16
f 495//1 499//1 500//1
f 495//1 500//1 496//1
f 498//2 497//2 501//2
f 498//2 501//2 502//2
f 496//23 500//25 501//26
f 496//23 501//26 497//24
f 495//16 498//16 502//16
f 495//16 502//16 499//16
f 499//1 503//1 504//1
f 499//1 504//1 500//1
f 502//2 501//2 505//2
f 502//2 505//2 506//2
f 500//25 504//27 505//28
f 500//25 505//28 501//26
f 499//16 502//16 506//16
f 499//16 506//16 503//16
f 503//1 145//1 507//1
f 503//1 507//1 504//1
f 506//2 505//2 508//2
f 506//2 508//2 148//2
f 504//27 507//29 508//30
f 504//27 508//30 505//28
f 503//16 506//16 148//16
f 503//16 148//16 145//16
f 145//1 141//1 509//1
f 145//1 509//1 507//1
f 148//2 508//2 510//2
f 148//2 510//2 144//2
f 507//29 509//31 510//32
f 507//29 510//32 508//30
f 145//33 148//33 144//33
f 145//33 144//33 141//33
f 141//1 137//1 511//1
f 141//1 511//1 509//1
f 144//2 510//2 512//2
f 144//2 512//2 140//2
f 509//31 511//34 512//35
f 509//31 512//35 510//32
f 141//33 144//33 140//33
f 141//33 140//33 137//33
f 137//1 130//1 513//1
f 137//1 513//1 511//1
f 140//2 512//2 514//2
f 140//2 514//2 136//2
f 511//34 513//36 514//37
f 511//34 514//37 512//35
f 137//33 140//33 136//33
f 137//33 136//33 130//33
f 130//1 129//1 515//1
f 130//1 515//1 513//1
f 136//2 514//2 516//2
f 136//2 516//2 133//2
f 513//36 515//38 516//39
f 513//36 516//39 514//37
f 130//33 136//33 133//33
f 130//33 133//33 129//33
f 129//1 235//1 517//1
f 129//1 517//1 515//1
f 133//2 516//2 518//2
f 133//2 518//2 238//2
f 515//38 517//40 518//41
f 515//38 518//41 516//39
f 129//33 133//33 238//33
f 129//33 238//33 235//33
f 235//1 231//1 519//1
f 235//1 519//1 517//1
f 238//2 518//2 520//2
f 238//2 520//2 234//2
f 517//40 519//42 520//43
f 517//40 520//43 518//41
f 235//33 238//33 234//33
f 235//33 234//33 231//33
f 231//1 227//1 521//1
f 231//1 521//1 519//1
f 234//2 520//2 522//2
f 234//2 522//2 230//2
f 519//42 521//44 522//45
f 519//42 522//45 520//43
f 231//33 234//33 230//33
f 231//33 230//33 227//33
f 227//1 17//1 523//1
f 227//1 523//1 521//1
f 230//2 522//2 524//2
f 230//2 524//2 20//2
f 521//44 523//46 524//47
f 521//44 524//47 522//45
f 227//33 230//33 20//33
f 227//33 20//33 17//33
f 17//1 393//1 525//1
f 17//1 525//1 523//1
f 20//2 524//2 526//2
f 20//2 526//2 396//2
f 523//46 525//48 526//49
f 523//46 526//49 524//47
f 17//50 20//50 396//50
f 17//50 396//50 393//50
f 393//1 389//1 527//1
f 393//1 527//1 525//1
f 396//2 526//2 528//2
f 396//2 528//2 392//2
f 525//48 527//51 528//52
f 525//48 528//52 526//49
f 393//50 396//50 392//50
f 393//50 392//50 389//50
f 389//1 385//1 529//1
f 389//1 529//1 527//1
f 392//2 528//2 530//2
f 392//2 530//2 388//2
f 527//51 529//53 530//54
f 527//51 530//54 528//52
f 389//50 392//50 388//50
f 389//50 388//50 385//50
f 385//1 381//1 531//1
f 385//1 531//1 529//1
f 388//2 530//2 532//2
f 388//2 532//2 384//2
f 529//53 531//55 532//56
f 529//53 532//56 530//54
f 385//50 388//50 384//50
f 385//50 384//50 381//50
f 381//1 377//1 533//1
f 381//1 533//1 531//1
f 384//2 532//2 534//2
f 384//2 534//2 380//2
f 531//55 533//57 534//58
f 531//55 534//58 532//56
f 381//50 384//50 380//50
f 381//50 380//50 377//50
f 377//1 373//1 535//1
f 377//1 535//1 533//1
f 380//2 534//2 536//2
f 380//2 536//2 376//2
f 533//57 535//59 536//60
f 533//57 536//60 534//58
f 377//50 380//50 376//50
f 377//50 376//50 373//50
f 373//1 369//1 537//1
f 373//1 537//1 535//1
f 376//2 536//2 538//2
f 376//2 538//2 372//2
f 535//59 537//61 538//62
f 535//59 538//62 536//60
f 373//50 376//50 372//50
f 373//50 372//50 369//50
f 369//1 365//1 539//1
f 369//1 539//1 537//1
f 372//2 538//2 540//2
f 372//2 540//2 368//2
f 537//61 539//63 540//64
f 537//61 540//64 538//62
f 369//50 372//50 368//50
f 369//50 368//50 365//50
f 365//1 541//1 542//1
f 365//1 542//1 539//1
f 368//2 540//2 543//2
f 368//2 543//2 544//2
f 539//63 542//65 543//66
f 539//63 543//66 540//64
f 365//7 368//7 544//7
f 365//7 544//7 541//7
f 541//1 545//1 546//1
f 541//1 546//1 542//1
f 544//2 543//2 547//2
f 544//2 547//2 548//2
f 542//65 546//67 547//68
f 542//65 547//68 543//66
f 541//7 544//7 548//7
f 541//7 548//7 545//7
f 545//1 549//1 550//1
f 545//1 550//1 546//1
f 548//2 547//2 551//2
f 548//2 551//2 552//2
f 546//67 550//69 551//70
f 546//67 551//70 547//68
f 545//7 548//7 552//7
f 545//7 552//7 549//7
f 549//1 459//1 462//1
f 549//1 462//1 550//1
f 552//2 551//2 464//2
f 552//2 464//2 463//2
f 550//69 462//3 464//6
f 550//69 464//6 551//70
f 549//7 552//7 463//7
f 549//7 463//7 459//7
f 553//1 554//1 555//1
f 553//1 555//1 556//1
f 557//2 558//2 559//2
f 557//2 559//2 560//2
f 556//3 555//4 559//5
f 556//3 559//5 558//6
f 553//7 557//7 560//7
f 553//7 560//7 554//7
f 554//1 561//1 562//1
f 554//1 562//1 555//1
f 560//2 559//2 563//2
f 560//2 563//2 564//2
f 555//4 562//8 563//9
f 555//4 563//9 559//5
f 554//7 560//7 564//7
f 554//7 564//7 561//7
f 561//1 565//1 566//1
f 561//1 566//1 562//1
f 564//2 563//2 567//2
f 564//2 567//2 568//2
f 562//8 566//10 567//11
f 562//8 567//11 563//9
f 561//7 564//7 568//7
f 561//7 568//7 565//7
f 565//1 569//1 570//1
f 565//1 570//1 566//1
f 568//2 567//2 571//2
f 568//2 571//2 572//2
f 566//10 570//12 571//13
f 566//10 571//13 567//11
f 565//7 568//7 572//7
f 565//7 572//7 569//7
f 569//1 573//1 574//1
f 569//1 574//1 570//1
f 572//2 571//2 575//2
f 572//2 575//2 576//2
f 570//12 574//14 575//15
f 570//12 575//15 571//13
f 569//16 572//16 576//16
f 569//16 576//16 573//16
f 573//1 577//1 578//1
f 573//1 578//1 574//1
f 576//2 575//2 579//2
f 576//2 579//2 580//2
f 574//14 578//17 579//18
f 574//14 579//18 575//15
f 573//16 576//16 580//16
f 573//16 580//16 577//16
f 577//1 581//1 582//1
f 577//1 582//1 578//1
f 580//2 579//2 583//2
f 580//2 583//2 584//2
f 578//17 582//19 583//20
f 578//17 583//20 579//18
f 577//16 580//16 584//16
f 577//16 584//16 581//16
f 581//1 585//1 586//1
f 581//1 586//1 582//1
f 584//2 583//2 587//2
f 584//2 587//2 588//2
f 582//19 586//21 587//22
f 582//19 587//22 583//20
f 581//16 584//16 588//16
f 581//16 588//16 585//16
f 585//1 589//1 590//1
f 585//1 590//1 586//1
f 588//2 587//2 591//2
f 588//2 591//2 592//2
f 586//21 590//23 591//24
f 586//21 591//24 587//22
f 585//16 588//16 592//16
f 585//16 592//16 589//16
f 589//1 593//1 594//1
f 589//1 594//1 590//1
f 592//2 591//2 595//2
f 592//2 595//2 596//2
f 590//23 594//25 595//26
f 590//23 595//26 591//24
f 589//16 592//16 596//16
f 589//16 596//16 593//16
f 593//1 597//1 598//1
f 593//1 598//1 594//1
f 596//2 595//2 599//2
f 596//2 599//2 600//2
f 594//25 598//27 599//28
f 594//25 599//28 595//26
f 593//16 596//16 600//16
f 593//16 600//16 597//16
f 597//1 255//1 601//1
f 597//1 601//1 598//1
f 600//2 599//2 602//2
f 600//2 602//2 258//2
f 598//27 601//29 602//30
f 598//27 602//30 599//28
f 597//16 600//16 258//16
f 597//16 258//16 255//16
f 255//1 251//1 603//1
f 255//1 603//1 601//1
f 258//2 602//2 604//2
f 258//2 604//2 254//2
f 601//29 603//31 604//32
f 601//29 604//32 602//30
f 255//33 258//33 254//33
f 255//33 254//33 251//33
f 251//1 247//1 605//1
f 251//1 605//1 603//1
f 254//2 604//2 606//2
f 254//2 606//2 250//2
f 603//31 605//34 606//35
f 603//31 606//35 604//32
f 251//33 254//33 250//33
f 251//33 250//33 247//33
f 247//1 240//1 607//1
f 247//1 607//1 605//1
f 250//2 606//2 608//2
f 250//2 608//2 246//2
f 605//34 607//36 608//37
f 605//34 608//37 606//35
f 247//33 250//33 246//33
f 247//33 246//33 240//33
f 240//1 239//1 609//1
f 240//1 609//1 607//1
f 246//2 608//2 610//2
f 246//2 610//2 243//2
f 607//36 609//38 610//39
f 607//36 610//39 608//37
f 240//33 246//33 243//33
f 240//33 243//33 239//33
f 239//1 345//1 611//1
f 239//1 611//1 609//1
f 243//2 610//2 612//2
f 243//2 612//2 348//2
f 609//38 611//40 612//41
f 609//38 612//41 610//39
f 239//33 243//33 348//33
f 239//33 348//33 345//33
f 345//1 341//1 613//1
f 345//1 613//1 611//1
f 348//2 612//2 614//2
f 348//2 614//2 344//2
f 611//40 613//42 614//43
f 611//40 614//43 612//41
f 345//33 348//33 344//33
f 345//33 344//33 341//33
f 341//1 337//1 615//1
f 341//1 615//1 613//1
f 344//2 614//2 616//2
f 344//2 616//2 340//2
f 613//42 615//44 616//45
f 613//42 616//45 614//43
f 341//33 344//33 340//33
f 341//33 340//33 337//33
f 337//1 145//1 617//1
f 337//1 617//1 615//1
f 340//2 616//2 618//2
f 340//2 618//2 148//2
f 615//44 617//46 618//47
f 615//44 618//47 616//45
f 337//33 340//33 148//33
f 337//33 148//33 145//33
f 145//1 503//1 619//1
f 145//1 619//1 617//1
f 148//2 618//2 620//2
f 148//2 620//2 506//2
f 617//46 619//48 620//49
f 617//46 620//49 618//47
f 145//50 148//50 506//50
f 145//50 506//50 503//50
f 503//1 499//1 621//1
f 503//1 621//1 619//1
f 506//2 620//2 622//2
f 506//2 622//2 502//2
f 619//48 621//51 622//52
f 619//48 622//52 620//49
f 503//50 506//50 502//50
f 503//50 502//50 499//50
f 499//1 495//1 623//1
f 499//1 623//1 621//1
f 502//2 622//2 624//2
f 502//2 624//2 498//2
f 621//51 623//53 624//54
f 621//51 624//54 622//52
f 499//50 502//50 498//50
f 499//50 498//50 495//50
f 495//1 491//1 625//1
f 495//1 625//1 623//1
f 498//2 624//2 626//2
f 498//2 626//2 494//2
f 623//53 625//55 626//56
f 623//53 626//56 624//54
f 495//50 498//50 494//50
f 495//50 494//50 491//50
f 491//1 487//1 627//1
f 491//1 627//1 625//1
f 494//2 626//2 628//2
f 494//2 628//2 490//2
f 625//55 627//57 628//58
f 625//55 628//58 626//56
f 491//50 494//50 490//50
f 491//50 490//50 487//50
f 487//1 483//1 629//1
f 487//1 629//1 627//1
f 490//2 628//2 630//2
f 490//2 630//2 486//2
f 627//57 629//59 630//60
f 627//57 630//60 628//58
f 487//50 490//50 486//50
f 487//50 486//50 483//50
f 483//1 479//1 631//1
f 483//1 631//1 629//1
f 486//2 630//2 632//2
f 486//2 632//2 482//2
f 629//59 631//61 632//62
f 629//59 632//62 630//60
f 483//50 486//50 482//50
f 483//50 482//50 479//50
f 479//1 475//1 633//1
f 479//1 633//1 631//1
f 482//2 632//2 634//2
f 482//2 634//2 478//2
f 631//61 633//63 634//64
f 631//61 634//64 632//62
f 479//50 482//50 478//50
f 479//50 478//50 475//50
f 475//1 635//1 636//1
f 475//1 636//1 633//1
f 478//2 634//2 637//2
f 478//2 637//2 638//2
f 633//63 636//65 637//66
f 633//63 637//66 634//64
f 475//7 478//7 638//7
f 475//7 638//7 635//7
f 635//1 639//1 640//1
f 635//1 640//1 636//1
f 638//2 637//2 641//2
f 638//2 641//2 642//2
f 636//65 640//67 641//68
f 636//65 641//68 637//66
f 635//7 638//7 642//7
f 635//7 642//7 639//7
f 639//1 643//1 644//1
f 639//1 644//1 640//1
f 642//2 641//2 645//2
f 642//2 645//2 646//2
f 640//67 644//69 645//70
f 640//67 645//70 641//68
f 639//7 642//7 646//7
f 639//7 646//7 643//7
f 643//1 553//1 556//1
f 643//1 556//1 644//1
f 646//2 645//2 558//2
f 646//2 558//2 557//2
f 644//69 556//3 558//6
f 644//69 558//6 645//70
f 643//7 646//7 557//7
f 643//7 557//7 553//7
f 647//16 648//16 649//16
f 647//16 649//16 650//16
f 651//50 652//50 653//50
f 651//50 653//50 654//50
f 650//71 649//72 653//73
f 650//71 653//73 652//74
f 647//7 651//7 654//7
f 647//7 654//7 648//7
f 648//16 655//16 656//16
f 648//16 656//16 649//16
f 654//50 653//50 657//50
f 654//50 657//50 658//50
f 649//72 656//75 657//76
f 649//72 657//76 653//73
f 648//7 654//7 658//7
f 648//7 658//7 655//7
f 655//16 659//16 660//16
f 655//16 660//16 656//16
f 658//50 657//50 661//50
f 658//50 661//50 662//50
f 656//75 660//77 661//78
f 656//75 661//78 657//76
f 655//7 658//7 662//7
f 655//7 662//7 659//7
f 659//16 663//16 664//16
f 659//16 664//16 660//16
f 662//50 661//50 665//50
f 662//50 665//50 666//50
f 660//77 664//79 665//80
f 660//77 665//80 661//78
f 659//7 662//7 666//7
f 659//7 666//7 663//7
f 663//16 667//16 668//16
f 663//16 668//16 664//16
f 666//50 665//50 669//50
f 666//50 669//50 670//50
f 664//79 668//81 669//82
f 664//79 669//82 665//80
f 663//2 666//2 670//2
f 663//2 670//2 667//2
f 667//16 671//16 672//16
f 667//16 672//16 668//16
f 670//50 669//50 673//50
f 670//50 673//50 674//50
f 668//81 672//83 673//84
f 668//81 673//84 669//82
f 667//2 670//2 674//2
f 667//2 674//2 671//2
f 671//16 675//16 676//16
f 671//16 676//16 672//16
f 674//50 673//50 677//50
f 674//50 677//50 678//50
f 672//83 676//85 677//86
f 672//83 677//86 673//84
f 671//2 674//2 678//2
f 671//2 678//2 675//2
f 675//16 679//16 680//16
f 675//16 680//16 676//16
f 678//50 677//50 681//50
f 678//50 681//50 682//50
f 676//85 680//87 681//88
f 676//85 681//88 677//86
f 675//2 678//2 682//2
f 675//2 682//2 679//2
f 679//16 683//16 684//16
f 679//16 684//16 680//16
f 682//50 681//50 685//50
f 682//50 685//50 686//50
f 680//87 684//89 685//90
f 680//87 685//90 681//88
f 679//2 682//2 686//2
f 679//2 686//2 683//2
f 683//16 687//16 688//16
f 683//16 688//16 684//16
f 686//50 685//50 689//50
f 686//50 689//50 690//50
f 684//89 688//91 689//92
f 684//89 689//92 685//90
f 683//2 686//2 690//2
f 683//2 690//2 687//2
f 687//16 691//16 692//16
f 687//16 692//16 688//16
f 690//50 689//50 693//50
f 690//50 693//50 694//50
f 688//91 692//93 693//94
f 688//91 693//94 689//92
f 687//2 690//2 694//2
f 687//2 694//2 691//2
f 691//16 695//16 696//16
f 691//16 696//16 692//16
f 694//50 693//50 697//50
f 694//50 697//50 698//50
f 692//93 696//95 697//96
f 692//93 697//96 693//94
f 691//2 694//2 698//2
f 691//2 698//2 695//2
f 695//16 699//16 700//16
f 695//16 700//16 696//16
f 698//50 697//50 701//50
f 698//50 701//50 702//50
f 696//95 700//97 701//98
f 696//95 701//98 697//96
f 695//33 698//33 702//33
f 695//33 702//33 699//33
f 699//16 703//16 704//16
f 699//16 704//16 700//16
f 702//50 701//50 705//50
f 702//50 705//50 706//50
f 700//97 704//99 705//100
f 700//97 705//100 701//98
f 699//33 702//33 706//33
f 699//33 706//33 703//33
f 703//16 707//16 708//16
f 703//16 708//16 704//16
f 706//50 705//50 709//50
f 706//50 709//50 710//50
f 704//99 708//101 709//102
f 704//99 709//102 705//100
f 703//33 706//33 710//33
f 703//33 710//33 707//33
f 707//16 711//16 712//16
f 707//16 712//16 708//16
f 710//50 709//50 713//50
f 710//50 713//50 714//50
f 708//101 712//103 713//104
f 708//101 713//104 709//102
f 707//33 710//33 714//33
f 707//33 714//33 711//33
f 711//16 715//16 716//16
f 711//16 716//16 712//16
f 714//50 713//50 717//50
f 714//50 717//50 718//50
f 712//103 716//105 717//106
f 712//103 717//106 713//104
f 711//33 714//33 718//33
f 711//33 718//33 715//33
f 715//16 719//16 720//16
f 715//16 720//16 716//16
f 718//50 717//50 721//50
f 718//50 721//50 722//50
f 716//105 720//107 721//108
f 716//105 721//108 717//106
f 715//33 718//33 722//33
f 715//33 722//33 719//33
f 719//16 723//16 724//16
f 719//16 724//16 720//16
f 722//50 721//50 725//50
f 722//50 725//50 726//50
f 720//107 724//109 725//110
f 720//107 725//110 721//108
f 719//33 722//33 726//33
f 719//33 726//33 723//33
f 723//16 727//16 728//16
f 723//16 728//16 724//16
f 726//50 725//50 729//50
f 726//50 729//50 730//50
f 724//109 728//111 729//112
f 724//109 729//112 725//110
f 723//33 726//33 730//33
f 723//33 730//33 727//33
f 727//16 731//16 732//16
f 727//16 732//16 728//16
f 730//50 729//50 733//50
f 730//50 733//50 734//50
f 728//111 732//113 733//114
f 728//111 733//114 729//112
f 727//1 730//1 734//1
f 727//1 734//1 731//1
f 731//16 735//16 736//16
f 731//16 736//16 732//16
f 734//50 733//50 737//50
f 734//50 737//50 738//50
f 732//113 736//115 737//116
f 732//113 737//116 733//114
f 731//1 734//1 738//1
f 731//1 738//1 735//1
f 735//16 739//16 740//16
f 735//16 740//16 736//16
f 738//50 737//50 741//50
f 738//50 741//50 742//50
f 736//115 740//117 741//118
f 736//115 741//118 737//116
f 735//1 738//1 742//1
f 735//1 742//1 739//1
f 739//16 743//16 744//16
f 739//16 744//16 740//16
f 742//50 741//50 745//50
f 742//50 745//50 746//50
f 740//117 744//119 745//120
f 740//117 745//120 741//118
f 739//1 742//1 746//1
f 739//1 746//1 743//1
f 743//16 747//16 748//16
f 743//16 748//16 744//16
f 746//50 745//50 749//50
f 746//50 749//50 750//50
f 744//119 748//121 749//122
f 744//119 749//122 745//120
f 743//1 746//1 750//1
f 743//1 750//1 747//1
f 747//16 751//16 752//16
f 747//16 752//16 748//16
f 750//50 749//50 753//50
f 750//50 753//50 754//50
f 748//121 752//123 753//124
f 748//121 753//124 749//122
f 747//1 750//1 754//1
f 747//1 754//1 751//1
f 751//16 755//16 756//16
f 751//16 756//16 752//16
f 754//50 753//50 757//50
f 754//50 757//50 758//50
f 752//123 756//125 757//126
f 752//123 757//126 753//124
f 751//1 754//1 758//1
f 751//1 758//1 755//1
f 755//16 759//16 760//16
f 755//16 760//16 756//16
f 758//50 757//50 761//50
f 758//50 761//50 762//50
f 756//125 760//127 761//128
f 756//125 761//128 757//126
f 755//1 758//1 762//1
f 755//1 762//1 759//1
f 759//16 763//16 764//16
f 759//16 764//16 760//16
f 762//50 761//50 765//50
f 762//50 765//50 766//50
f 760//127 764//129 765//130
f 760//127 765//130 761//128
f 759//7 762//7 766//7
f 759//7 766//7 763//7
f 763//16 767//16 768//16
f 763//16 768//16 764//16
f 766//50 765//50 769//50
f 766//50 769//50 770//50
f 764//129 768//131 769//132
f 764//129 769//132 765//130
f 763//7 766//7 770//7
f 763//7 770//7 767//7
f 767//16 771//16 772//16
f 767//16 772//16 768//16
f 770//50 769//50 773//50
f 770//50 773//50 774//50
f 768//131 772//133 773//134
f 768//131 773//134 769//132
f 767//7 770//7 774//7
f 767//7 774//7 771//7
f 771//16 647//16 650//16
f 771//16 650//16 772//16
f 774//50 773//50 652//50
f 774//50 652//50 651//50
f 772//133 650//71 652//74
f 772//133 652//74 773//134
f 771//7 774//7 651//7
f 771//7 651//7 647//7
f 775//16 776//16 777//16
f 775//16 777//16 778//16
f 779//50 780//50 781//50
f 779//50 781//50 782//50
f 778//71 777//72 781//73
f 778//71 781//73 780//74
f 775//7 779//7 782//7
f 775//7 782//7 776//7
f 776//16 783//16 784//16
f 776//16 784//16 777//16
f 782//50 781//50 785//50
f 782//50 785//50 786//50
f 777//72 784//75 785//76
f 777//72 785//76 781//73
f 776//7 782//7 786//7
f 776//7 786//7 783//7
f 783//16 787//16 788//16
f 783//16 788//16 784//16
f 786//50 785//50 789//50
f 786//50 789//50 790//50
f 784//75 788//77 789//78
f 784//75 789//78 785//76
f 783//7 786//7 790//7
f 783//7 790//7 787//7
f 787//16 791//16 792//16
f 787//16 792//16 788//16
f 790//50 789//50 793//50
f 790//50 793//50 794//50
f 788//77 792//79 793//80
f 788//77 793//80 789//78
f 787//7 790//7 794//7
f 787//7 794//7 791//7
f 791//16 795//16 796//16
f 791//16 796//16 792//16
f 794//50 793//50 797//50
f 794//50 797//50 798//50
f 792//79 796//81 797//82
f 792//79 797//82 793//80
f 791//2 794//2 798//2
f 791//2 798//2 795//2
f 795//16 799//16 800//16
f 795//16 800//16 796//16
f 798//50 797//50 801//50
f 798//50 801//50 802//50
f 796//81 800//83 801//84
f 796//81 801//84 797//82
f 795//2 798//2 802//2
f 795//2 802//2 799//2
f 799//16 803//16 804//16
f 799//16 804//16 800//16
f 802//50 801//50 805//50
f 802//50 805//50 806//50
f 800//83 804//85 805//86
f 800//83 805//86 801//84
f 799//2 802//2 806//2
f 799//2 806//2 803//2
f 803//16 807//16 808//16
f 803//16 808//16 804//16
f 806//50 805//50 809//50
f 806//50 809//50 810//50
f 804//85 808//87 809//88
f 804//85 809//88 805//86
f 803//2 806//2 810//2
f 803//2 810//2 807//2
f 807//16 811//16 812//16
f 807//16 812//16 808//16
f 810//50 809//50 813//50
f 810//50 813//50 814//50
f 808//87 812//89 813//90
f 808//87 813//90 809//88
f 807//2 810//2 814//2
f 807//2 814//2 811//2
f 811//16 815//16 816//16
f 811//16 816//16 812//16
f 814//50 813//50 817//50
f 814//50 817//50 818//50
f 812//89 816//91 817//92
f 812//89 817//92 813//90
f 811//2 814//2 818//2
f 811//2 818//2 815//2
f 815//16 819//16 820//16
f 815//16 820//16 816//16
f 818//50 817//50 821//50
f 818//50 821//50 822//50
f 816//91 820//93 821//94
f 816//91 821//94 817//92
f 815//2 818//2 822//2
f 815//2 822//2 819//2
f 819//16 823//16 824//16
f 819//16 824//16 820//16
f 822//50 821//50 825//50
f 822//50 825//50 826//50
f 820//93 824//95 825//96
f 820//93 825//96 821//94
f 819//2 822//2 826//2
f 819//2 826//2 823//2
f 823//16 827//16 828//16
f 823//16 828//16 824//16
f 826//50 825//50 829//50
f 826//50 829//50 830//50
f 824//95 828//97 829//98
f 824//95 829//98 825//96
f 823//33 826//33 830//33
f 823//33 830//33 827//33
f 827//16 831//16 832//16
f 827//16 832//16 828//16
f 830//50 829//50 833//50
f 830//50 833//50 834//50
f 828//97 832//99 833//100
f 828//97 833//100 829//98
f 827//33 830//33 834//33
f 827//33 834//33 831//33
f 831//16 835//16 836//16
f 831//16 836//16 832//16
f 834//50 833//50 837//50
f 834//50 837//50 838//50
f 832//99 836//101 837//102
f 832//99 837//102 833//100
f 831//33 834//33 838//33
f 831//33 838//33 835//33
f 835//16 839//16 840//16
f 835//16 840//16 836//16
f 838//50 837//50 841//50
f 838//50 841//50 842//50
f 836//101 840//103 841//104
f 836//101 841//104 837//102
f 835//33 838//33 842//33
f 835//33 842//33 839//33
f 839//16 843//16 844//16
f 839//16 844//16 840//16
f 842//50 841//50 845//50
f 842//50 845//50 846//50
f 840//103 844//105 845//106
f 840//103 845//106 841//104
f 839//33 842//33 846//33
f 839//33 846//33 843//33
f 843//16 847//16 848//16
f 843//16 848//16 844//16
f 846//50 845//50 849//50
f 846//50 849//50 850//50
f 844//105 848//107 849//108
f 844//105 849//108 845//106
f 843//33 846//33 850//33
f 843//33 850//33 847//33
f 847//16 851//16 852//16
f 847//16 852//16 848//16
f 850//50 849//50 853//50
f 850//50 853//50 854//50
f 848//107 852//109 853//110
f 848//107 853//110 849//108
f 847//33 850//33 854//33
f 847//33 854//33 851//33
f 851//16 695//16 855//16
f 851//16 855//16 852//16
f 854//50 853//50 856//50
f 854//50 856//50 698//50
f 852//109 855//111 856//112
f 852//109 856//112 853//110
f 851//33 854//33 698//33
f 851//33 698//33 695//33
f 695//16 691//16 857//16
f 695//16 857//16 855//16
f 698//50 856//50 858//50
f 698//50 858//50 694//50
f 855//111 857//113 858//114
f 855//111 858//114 856//112
f 695//1 698//1 694//1
f 695//1 694//1 691//1
f 691//16 687//16 859//16
f 691//16 859//16 857//16
f 694//50 858//50 860//50
f 694//50 860//50 690//50
f 857//113 859//115 860//116
f 857//113 860//116 858//114
f 691//1 694//1 690//1
f 691//1 690//1 687//1
f 687//16 683//16 861//16
f 687//16 861//16 859//16
f 690//50 860//50 862//50
f 690//50 862//50 686//50
f 859//115 861//117 862//118
f 859//115 862//118 860//116
f 687//1 690//1 686//1
f 687//1 686//1 683//1
f 683//16 679//16 863//16
f 683//16 863//16 861//16
f 686//50 862//50 864//50
f 686//50 864//50 682//50
f 861//117 863//119 864//120
f 861//117 864//120 862//118
f 683//1 686//1 682//1
f 683//1 682//1 679//1
f 679//16 675//16 865//16
f 679//16 865//16 863//16
f 682//50 864//50 866//50
f 682//50 866//50 678//50
f 863//119 865//121 866//122
f 863//119 866//122 864//120
f 679//1 682//1 678//1
f 679//1 678//1 675//1
f 675//16 671//16 867//16
f 675//16 867//16 865//16
f 678//50 866//50 868//50
f 678//50 868//50 674//50
f 865//121 867//123 868//124
f 865//121 868//124 866//122
f 675//1 678//1 674//1
f 675//1 674//1 671//1
f 671//16 667//16 869//16
f 671//16 869//16 867//16
f 674//50 868//50 870//50
f 674//50 870//50 670//50
f 867//123 869//125 870//126
f 867//123 870//126 868//124
f 671//1 674//1 670//1
f 671//1 670//1 667//1
f 667//16 663//16 871//16
f 667//16 871//16 869//16
f 670//50 870//50 872//50
f 670//50 872//50 666//50
f 869//125 871//127 872//128
f 869//125 872//128 870//126
f 667//1 670//1 666//1
f 667//1 666//1 663//1
f 663//16 873//16 874//16
f 663//16 874//16 871//16
f 666//50 872//50 875//50
f 666//50 875//50 876//50
f 871//127 874//129 875//130
f 871//127 875//130 872//128
f 663//7 666//7 876//7
f 663//7 876//7 873//7
f 873//16 877//16 878//16
f 873//16 878//16 874//16
f 876//50 875//50 879//50
f 876//50 879//50 880//50
f 874//129 878//131 879//132
f 874//129 879//132 875//130
f 873//7 876//7 880//7
f 873//7 880//7 877//7
f 877//16 881//16 882//16
f 877//16 882//16 878//16
f 880//50 879//50 883//50
f 880//50 883//50 884//50
f 878//131 882//133 883//134
f 878//131 883//134 879//132
f 877//7 880//7 884//7
f 877//7 884//7 881//7
f 881//16 775//16 778//16
f 881//16 778//16 882//16
f 884//50 883//50 780//50
f 884//50 780//50 779//50
f 882//133 778//71 780//74
f 882//133 780//74 883//134
f 881//7 884//7 779//7
f 881//7 779//7 775//7
f 885//16 886//16 887//16
f 885//16 887//16 888//16
f 889//50 890//50 891//50
f 889//50 891//50 892//50
f 888//71 887//72 891//73
f 888//71 891//73 890//74
f 885//7 889//7 892//7
f 885//7 892//7 886//7
f 886//16 893//16 894//16
f 886//16 894//16 887//16
f 892//50 891//50 895//50
f 892//50 895//50 896//50
f 887//72 894//75 895//76
f 887//72 895//76 891//73
f 886//7 892//7 896//7
f 886//7 896//7 893//7
f 893//16 897//16 898//16
f 893//16 898//16 894//16
f 896//50 895//50 899//50
f 896//50 899//50 900//50
f 894//75 898//77 899//78
f 894//75 899//78 895//76
f 893//7 896//7 900//7
f 893//7 900//7 897//7
f 897//16 901//16 902//16
f 897//16 902//16 898//16
f 900//50 899//50 903//50
f 900//50 903//50 904//50
f 898//77 902//79 903//80
f 898//77 903//80 899//78
f 897//7 900//7 904//7
f 897//7 904//7 901//7
f 901//16 905//16 906//16
f 901//16 906//16 902//16
f 904//50 903//50 907//50
f 904//50 907//50 908//50
f 902//79 906//81 907//82
f 902//79 907//82 903//80
f 901//2 904//2 908//2
f 901//2 908//2 905//2
f 905//16 909//16 910//16
f 905//16 910//16 906//16
f 908//50 907//50 911//50
f 908//50 911//50 912//50
f 906//81 910//83 911//84
f 906//81 911//84 907//82
f 905//2 908//2 912//2
f 905//2 912//2 909//2
f 909//16 913//16 914//16
f 909//16 914//16 910//16
f 912//50 911//50 915//50
f 912//50 915//50 916//50
f 910//83 914//85 915//86
f 910//83 915//86 911//84
f 909//2 912//2 916//2
f 909//2 916//2 913//2
f 913//16 917//16 918//16
f 913//16 918//16 914//16
f 916//50 915//50 919//50
f 916//50 919//50 920//50
f 914//85 918//87 919//88
f 914//85 919//88 915//86
f 913//2 916//2 920//2
f 913//2 920//2 917//2
f 917//16 921//16 922//16
f 917//16 922//16 918//16
f 920//50 919//50 923//50
f 920//50 923//50 924//50
f 918//87 922//89 923//90
f 918//87 923//90 919//88
f 917//2 920//2 924//2
f 917//2 924//2 921//2
f 921//16 925//16 926//16
f 921//16 926//16 922//16
f 924//50 923//50 927//50
f 924//50 927//50 928//50
f 922//89 926//91 927//92
f 922//89 927//92 923//90
f 921//2 924//2 928//2
f 921//2 928//2 925//2
f 925//16 929//16 930//16
f 925//16 930//16 926//16
f 928//50 927//50 931//50
f 928//50 931//50 932//50
f 926//91 930//93 931//94
f 926//91 931//94 927//92
f 925//2 928//2 932//2
f 925//2 932//2 929//2
f 929//16 663//16 933//16
f 929//16 933//16 930//16
f 932//50 931//50 934//50
f 932//50 934//50 666//50
f 930//93 933//95 934//96
f 930//93 934//96 931//94
f 929//2 932//2 666//2
f 929//2 666//2 663//2
f 663//16 659//16 935//16
f 663//16 935//16 933//16
f 666//50 934//50 936//50
f 666//50 936//50 662//50
f 933//95 935//97 936//98
f 933//95 936//98 934//96
f 663//33 666//33 662//33
f 663//33 662//33 659//33
f 659//16 655//16 937//16
f 659//16 937//16 935//16
f 662//50 936//50 938//50
f 662//50 938//50 658//50
f 935//97 937//99 938//100
f 935//97 938//100 936//98
f 659//33 662//33 658//33
f 659//33 658//33 655//33
f 655//16 648//16 939//16
f 655//16 939//16 937//16
f 658//50 938//50 940//50
f 658//50 940//50 654//50
f 937//99 939//101 940//102
f 937//99 940//102 938//100
f 655//33 658//33 654//33
f 655//33 654//33 648//33
f 648//16 647//16 941//16
f 648//16 941//16 939//16
f 654//50 940//50 942//50
f 654//50 942//50 651//50
f 939//101 941//103 942//104
f 939//101 942//104 940//102
f 648//33 654//33 651//33
f 648//33 651//33 647//33
f 647//16 771//16 943//16
f 647//16 943//16 941//16
f 651//50 942//50 944//50
f 651//50 944//50 774//50
f 941//103 943//105 944//106
f 941//103 944//106 942//104
f 647//33 651//33 774//33
f 647//33 774//33 771//33
f 771//16 767//16 945//16
f 771//16 945//16 943//16
f 774//50 944//50 946//50
f 774//50 946//50 770//50
f 943//105 945//107 946//108
f 943//105 946//108 944//106
f 771//33 774//33 770//33
f 771//33 770//33 767//33
f 767//16 763//16 947//16
f 767//16 947//16 945//16
f 770//50 946//50 948//50
f 770//50 948//50 766//50
f 945//107 947//109 948//110
f 945//107 948//110 946//108
f 767//33 770//33 766//33
f 767//33 766//33 763//33
f 763//16 759//16 949//16
f 763//16 949//16 947//16
f 766//50 948//50 950//50
f 766//50 950//50 762//50
f 947//109 949//111 950//112
f 947//109 950//112 948//110
f 763//33 766//33 762//33
f 763//33 762//33 759//33
f 759//16 951//16 952//16
f 759//16 952//16 949//16
f 762//50 950//50 953//50
f 762//50 953//50 954//50
f 949//111 952//113 953//114
f 949//111 953//114 950//112
f 759//1 762//1 954//1
f 759//1 954//1 951//1
f 951//16 955//16 956//16
f 951//16 956//16 952//16
f 954//50 953//50 957//50
f 954//50 957//50 958//50
f 952//113 956//115 957//116
f 952//113 957//116 953//114
f 951//1 954//1 958//1
f 951//1 958//1 955//1
f 955//16 959//16 960//16
f 955//16 960//16 956//16
f 958//50 957//50 961//50
f 958//50 961//50 962//50
f 956//115 960//117 961//118
f 956//115 961//118 957//116
f 955//1 958//1 962//1
f 955//1 962//1 959//1
f 959//16 963//16 964//16
f 959//16 964//16 960//16
f 962//50 961//50 965//50
f 962//50 965//50 966//50
f 960//117 964//119 965//120
f 960//117 965//120 961//118
f 959//1 962//1 966//1
f 959//1 966//1 963//1
f 963//16 967//16 968//16
f 963//16 968//16 964//16
f 966//50 965//50 969//50
f 966//50 969//50 970//50
f 964//119 968//121 969//122
f 964//119 969//122 965//120
f 963//1 966//1 970//1
f 963//1 970//1 967//1
f 967//16 971//16 972//16
f 967//16 972//16 968//16
f 970//50 969//50 973//50
f 970//50 973//50 974//50
f 968//121 972//123 973//124
f 968//121 973//124 969//122
f 967//1 970//1 974//1
f 967//1 974//1 971//1
f 971//16 975//16 976//16
f 971//16 976//16 972//16
f 974//50 973//50 977//50
f 974//50 977//50 978//50
f 972//123 976//125 977//126
f 972//123 977//126 973//124
f 971//1 974//1 978//1
f 971//1 978//1 975//1
f 975//16 979//16 980//16
f 975//16 980//16 976//16
f 978//50 977//50 981//50
f 978//50 981//50 982//50
f 976//125 980//127 981//128
f 976//125 981//128 977//126
f 975//1 978//1 982//1
f 975//1 982//1 979//1
f 979//16 983//16 984//16
f 979//16 984//16 980//16
f 982//50 981//50 985//50
f 982//50 985//50 986//50
f 980//127 984//129 985//130
f 980//127 985//130 981//128
f 979//7 982//7 986//7
f 979//7 986//7 983//7
f 983//16 987//16 988//16
f 983//16 988//16 984//16
f 986//50 985//50 989//50
f 986//50 989//50 990//50
f 984//129 988//131 989//132
f 984//129 989//132 985//130
f 983//7 986//7 990//7
f 983//7 990//7 987//7
f 987//16 991//16 992//16
f 987//16 992//16 988//16
f 990//50 989//50 993//50
f 990//50 993//50 994//50
f 988//131 992//133 993//134
f 988//131 993//134 989//132
f 987//7 990//7 994//7
f 987//7 994//7 991//7
f 991//16 885//16 888//16
f 991//16 888//16 992//16
f 994//50 993//50 890//50
f 994//50 890//50 889//50
f 992//133 888//71 890//74
f 992//133 890//74 993//134
f 991//7 994//7 889//7
f 991//7 889//7 885//7
f 995//16 996//16 997//16
f 995//16 997//16 998//16
f 999//50 1000//50 1001//50
f 999//50 1001//50 1002//50
f 998//71 997//72 1001//73
f 998//71 1001//73 1000//74
f 995//7 999//7 1002//7
f 995//7 1002//7 996//7
f 996//16 1003//16 1004//16
f 996//16 1004//16 997//16
f 1002//50 1001//50 1005//50
f 1002//50 1005//50 1006//50
f 997//72 1004//75 1005//76
f 997//72 1005//76 1001//73
f 996//7 1002//7 1006//7
f 996//7 1006//7 1003//7
f 1003//16 1007//16 1008//16
f 1003//16 1008//16 1004//16
f 1006//50 1005//50 1009//50
f 1006//50 1009//50 1010//50
f 1004//75 1008//77 1009//78
f 1004//75 1009//78 1005//76
f 1003//7 1006//7 1010//7
f 1003//7 1010//7 1007//7
f 1007//16 1011//16 1012//16
f 1007//16 1012//16 1008//16
f 1010//50 1009//50 1013//50
f 1010//50 1013//50 1014//50
f 1008//77 1012//79 1013//80
f 1008//77 1013//80 1009//78
f 1007//7 1010//7 1014//7
f 1007//7 1014//7 1011//7
f 1011//16 1015//16 1016//16
f 1011//16 1016//16 1012//16
f 1014//50 1013//50 1017//50
f 1014//50 1017//50 1018//50
f 1012//79 1016//81 1017//82
f 1012//79 1017//82 1013//80
f 1011//2 1014//2 1018//2
f 1011//2 1018//2 1015//2
f 1015//16 1019//16 1020//16
f 1015//16 1020//16 1016//16
f 1018//50 1017//50 1021//50
f 1018//50 1021//50 1022//50
f 1016//81 1020//83 1021//84
f 1016//81 1021//84 1017//82
f 1015//2 1018//2 1022//2
f 1015//2 1022//2 1019//2
f 1019//16 1023//16 1024//16
f 1019//16 1024//16 1020//16
f 1022//50 1021//50 1025//50
f 1022//50 1025//50 1026//50
f 1020//83 1024//85 1025//86
f 1020//83 1025//86 1021//84
f 1019//2 1022//2 1026//2
f 1019//2 1026//2 1023//2
f 1023//16 1027//16 1028//16
f 1023//16 1028//16 1024//16
f 1026//50 1025//50 1029//50
f 1026//50 1029//50 1030//50
f 1024//85 1028//87 1029//88
f 1024//85 1029//88 1025//86
f 1023//2 1026//2 1030//2
f 1023//2 1030//2 1027//2
f 1027//16 1031//16 1032//16
f 1027//16 1032//16 1028//16
f 1030//50 1029//50 1033//50
f 1030//50 1033//50 1034//50
f 1028//87 1032//89 1033//90
f 1028//87 1033//90 1029//88
f 1027//2 1030//2 1034//2
f 1027//2 1034//2 1031//2
f 1031//16 1035//16 1036//16
f 1031//16 1036//16 1032//16
f 1034//50 1033//50 1037//50
f 1034//50 1037//50 1038//50
f 1032//89 1036//91 1037//92
f 1032//89 1037//92 1033//90
f 1031//2 1034//2 1038//2
f 1031//2 1038//2 1035//2
f 1035//16 1039//16 1040//16
f 1035//16 1040//16 1036//16
f 1038//50 1037//50 1041//50
f 1038//50 1041//50 1042//50
f 1036//91 1040//93 1041//94
f 1036//91 1041//94 1037//92
f 1035//2 1038//2 1042//2
f 1035//2 1042//2 1039//2
f 1039//16 791//16 1043//16
f 1039//16 1043//16 1040//16
f 1042//50 1041//50 1044//50
f 1042//50 1044//50 794//50
f 1040//93 1043//95 1044//96
f 1040//93 1044//96 1041//94
f 1039//2 1042//2 794//2
f 1039//2 794//2 791//2
f 791//16 787//16 1045//16
f 791//16 1045//16 1043//16
f 794//50 1044//50 1046//50
f 794//50 1046//50 790//50
f 1043//95 1045//97 1046//98
f 1043//95 1046//98 1044//96
f 791//33 794//33 790//33
f 791//33 790//33 787//33
f 787//16 783//16 1047//16
f 787//16 1047//16 1045//16
f 790//50 1046//50 1048//50
f 790//50 1048//50 786//50
f 1045//97 1047//99 1048//100
f 1045//97 1048//100 1046//98
f 787//33 790//33 786//33
f 787//33 786//33 783//33
f 783//16 776//16 1049//16
f 783//16 1049//16 1047//16
f 786//50 1048//50 1050//50
f 786//50 1050//50 782//50
f 1047//99 1049//101 1050//102
f 1047//99 1050//102 1048//100
f 783//33 786//33 782//33
f 783//33 782//33 776//33
f 776//16 775//16 1051//16
f 776//16 1051//16 1049//16
f 782//50 1050//50 1052//50
f 782//50 1052//50 779//50
f 1049//101 1051//103 1052//104
f 1049//101 1052//104 1050//102
f 776//33 782//33 779//33
f 776//33 779//33 775//33
f 775//16 881//16 1053//16
f 775//16 1053//16 1051//16
f 779//50 1052//50 1054//50
f 779//50 1054//50 884//50
f 1051//103 1053//105 1054//106
f 1051//103 1054//106 1052//104
f 775//33 779//33 884//33
f 775//33 884//33 881//33
f 881//16 877//16 1055//16
f 881//16 1055//16 1053//16
f 884//50 1054//50 1056//50
f 884//50 1056//50 880//50
f 1053//105 1055//107 1056//108
f 1053//105 1056//108 1054//106
f 881//33 884//33 880//33
f 881//33 880//33 877//33
f 877//16 873//16 1057//16
f 877//16 1057//16 1055//16
f 880//50 1056//50 1058//50
f 880//50 1058//50 876//50
f 1055//107 1057//109 1058//110
f 1055//107 1058//110 1056//108
f 877//33 880//33 876//33
f 877//33 876//33 873//33
f 873//16 663//16 1059//16
f 873//16 1059//16 1057//16
f 876//50 1058//50 1060//50
f 876//50 1060//50 666//50
f 1057//109 1059//111 1060//112
f 1057//109 1060//112 1058//110
f 873//33 876//33 666//33
f 873//33 666//33 663//33
f 663//16 929//16 1061//16
f 663//16 1061//16 1059//16
f 666//50 1060//50 1062//50
f 666//50 1062//50 932//50
f 1059//111 1061//113 1062//114
f 1059//111 1062//114 1060//112
f 663//1 666//1 932//1
f 663//1 932//1 929//1
f 929//16 925//16 1063//16
f 929//16 1063//16 1061//16
f 932//50 1062//50 1064//50
f 932//50 1064//50 928//50
f 1061//113 1063//115 1064//116
f 1061//113 1064//116 1062//114
f 929//1 932//1 928//1
f 929//1 928//1 925//1
f 925//16 921//16 1065//16
f 925//16 1065//16 1063//16
f 928//50 1064//50 1066//50
f 928//50 1066//50 924//50
f 1063//115 1065//117 1066//118
f 1063//115 1066//118 1064//116
f 925//1 928//1 924//1
f 925//1 924//1 921//1
f 921//16 917//16 1067//16
f 921//16 1067//16 1065//16
f 924//50 1066//50 1068//50
f 924//50 1068//50 920//50
f 1065//117 1067//119 1068//120
f 1065//117 1068//120 1066//118
f 921//1 924//1 920//1
f 921//1 920//1 917//1
f 917//16 913//16 1069//16
f 917//16 1069//16 1067//16
f 920//50 1068//50 1070//50
f 920//50 1070//50 916//50
f 1067//119 1069//121 1070//122
f 1067//119 1070//122 1068//120
f 917//1 920//1 916//1
f 917//1 916//1 913//1
f 913//16 909//16 1071//16
f 913//16 1071//16 1069//16
f 916//50 1070//50 1072//50
f 916//50 1072//50 912//50
f 1069//121 1071//123 1072//124
f 1069//121 1072//124 1070//122
f 913//1 916//1 912//1
f 913//1 912//1 909//1
f 909//16 905//16 1073//16
f 909//16 1073//16 1071//16
f 912//50 1072//50 1074//50
f 912//50 1074//50 908//50
f 1071//123 1073//125 1074//126
f 1071//123 1074//126 1072//124
f 909//1 912//1 908//1
f 909//1 908//1 905//1
f 905//16 901//16 1075//16
f 905//16 1075//16 1073//16
f 908//50 1074//50 1076//50
f 908//50 1076//50 904//50
f 1073//125 1075//127 1076//128
f 1073//125 1076//128 1074//126
f 905//1 908//1 904//1
f 905//1 904//1 901//1
f 901//16 1077//16 1078//16
f 901//16 1078//16 1075//16
f 904//50 1076//50 1079//50
f 904//50 1079//50 1080//50
f 1075//127 1078//129 1079//130
f 1075//127 1079//130 1076//128
f 901//7 904//7 1080//7
f 901//7 1080//7 1077//7
f 1077//16 1081//16 1082//16
f 1077//16 1082//16 1078//16
f 1080//50 1079//50 1083//50
f 1080//50 1083//50 1084//50
f 1078//129 1082//131 1083//132
f 1078//129 1083//132 1079//130
f 1077//7 1080//7 1084//7
f 1077//7 1084//7 1081//7
f 1081//16 1085//16 1086//16
f 1081//16 1086//16 1082//16
f 1084//50 1083//50 1087//50
f 1084//50 1087//50 1088//50
f 1082//131 1086//133 1087//134
f 1082//131 1087//134 1083//132
f 1081//7 1084//7 1088//7
f 1081//7 1088//7 1085//7
f 1085//16 995//16 998//16
f 1085//16 998//16 1086//16
f 1088//50 1087//50 1000//50
f 1088//50 1000//50 999//50
f 1086//133 998//71 1000//74
f 1086//133 1000//74 1087//134
f 1085//7 1088//7 999//7
f 1085//7 999//7 995//7
