# Botball Lab: metres, +Y up, centred XZ, base Y=0
mtllib metal_029.mtl
s off
v 0.0018000 0.0000000 0.0000000
v 0.0018000 0.0508000 0.0000000
v 0.0017913 0.0508000 0.0001764
v 0.0017913 0.0000000 0.0001764
v 0.0000000 0.0000000 0.0000000
v 0.0000000 0.0508000 0.0000000
v 0.0017654 0.0508000 0.0003512
v 0.0017654 0.0000000 0.0003512
v 0.0017225 0.0508000 0.0005225
v 0.0017225 0.0000000 0.0005225
v 0.0016630 0.0508000 0.0006888
v 0.0016630 0.0000000 0.0006888
v 0.0015875 0.0508000 0.0008485
v 0.0015875 0.0000000 0.0008485
v 0.0014966 0.0508000 0.0010000
v 0.0014966 0.0000000 0.0010000
v 0.0013914 0.0508000 0.0011419
v 0.0013914 0.0000000 0.0011419
v 0.0012728 0.0508000 0.0012728
v 0.0012728 0.0000000 0.0012728
v 0.0011419 0.0508000 0.0013914
v 0.0011419 0.0000000 0.0013914
v 0.0010000 0.0508000 0.0014966
v 0.0010000 0.0000000 0.0014966
v 0.0008485 0.0508000 0.0015875
v 0.0008485 0.0000000 0.0015875
v 0.0006888 0.0508000 0.0016630
v 0.0006888 0.0000000 0.0016630
v 0.0005225 0.0508000 0.0017225
v 0.0005225 0.0000000 0.0017225
v 0.0003512 0.0508000 0.0017654
v 0.0003512 0.0000000 0.0017654
v 0.0001764 0.0508000 0.0017913
v 0.0001764 0.0000000 0.0017913
v 0.0000000 0.0508000 0.0018000
v 0.0000000 0.0000000 0.0018000
v -0.0001764 0.0508000 0.0017913
v -0.0001764 0.0000000 0.0017913
v -0.0003512 0.0508000 0.0017654
v -0.0003512 0.0000000 0.0017654
v -0.0005225 0.0508000 0.0017225
v -0.0005225 0.0000000 0.0017225
v -0.0006888 0.0508000 0.0016630
v -0.0006888 0.0000000 0.0016630
v -0.0008485 0.0508000 0.0015875
v -0.0008485 0.0000000 0.0015875
v -0.0010000 0.0508000 0.0014966
v -0.0010000 0.0000000 0.0014966
v -0.0011419 0.0508000 0.0013914
v -0.0011419 0.0000000 0.0013914
v -0.0012728 0.0508000 0.0012728
v -0.0012728 0.0000000 0.0012728
v -0.0013914 0.0508000 0.0011419
v -0.0013914 0.0000000 0.0011419
v -0.0014966 0.0508000 0.0010000
v -0.0014966 0.0000000 0.0010000
v -0.0015875 0.0508000 0.0008485
v -0.0015875 0.0000000 0.0008485
v -0.0016630 0.0508000 0.0006888
v -0.0016630 0.0000000 0.0006888
v -0.0017225 0.0508000 0.0005225
v -0.0017225 0.0000000 0.0005225
v -0.0017654 0.0508000 0.0003512
v -0.0017654 0.0000000 0.0003512
v -0.0017913 0.0508000 0.0001764
v -0.0017913 0.0000000 0.0001764
v -0.0018000 0.0508000 0.0000000
v -0.0018000 0.0000000 0.0000000
v -0.0017913 0.0508000 -0.0001764
v -0.0017913 0.0000000 -0.0001764
v -0.0017654 0.0508000 -0.0003512
v -0.0017654 0.0000000 -0.0003512
v -0.0017225 0.0508000 -0.0005225
v -0.0017225 0.0000000 -0.0005225
v -0.0016630 0.0508000 -0.0006888
v -0.0016630 0.0000000 -0.0006888
v -0.0015875 0.0508000 -0.0008485
v -0.0015875 0.0000000 -0.0008485
v -0.0014966 0.0508000 -0.0010000
v -0.0014966 0.0000000 -0.0010000
v -0.0013914 0.0508000 -0.0011419
v -0.0013914 0.0000000 -0.0011419
v -0.0012728 0.0508000 -0.0012728
v -0.0012728 0.0000000 -0.0012728
v -0.0011419 0.0508000 -0.0013914
v -0.0011419 0.0000000 -0.0013914
v -0.0010000 0.0508000 -0.0014966
v -0.0010000 0.0000000 -0.0014966
v -0.0008485 0.0508000 -0.0015875
v -0.0008485 0.0000000 -0.0015875
v -0.0006888 0.0508000 -0.0016630
v -0.0006888 0.0000000 -0.0016630
v -0.0005225 0.0508000 -0.0017225
v -0.0005225 0.0000000 -0.0017225
v -0.0003512 0.0508000 -0.0017654
v -0.0003512 0.0000000 -0.0017654
v -0.0001764 0.0508000 -0.0017913
v -0.0001764 0.0000000 -0.0017913
v -0.0000000 0.0508000 -0.0018000
v -0.0000000 0.0000000 -0.0018000
v 0.0001764 0.0508000 -0.0017913
v 0.0001764 0.0000000 -0.0017913
v 0.0003512 0.0508000 -0.0017654
v 0.0003512 0.0000000 -0.0017654
v 0.0005225 0.0508000 -0.0017225
v 0.0005225 0.0000000 -0.0017225
v 0.0006888 0.0508000 -0.0016630
v 0.0006888 0.0000000 -0.0016630
v 0.0008485 0.0508000 -0.0015875
v 0.0008485 0.0000000 -0.0015875
v 0.0010000 0.0508000 -0.0014966
v 0.0010000 0.0000000 -0.0014966
v 0.0011419 0.0508000 -0.0013914
v 0.0011419 0.0000000 -0.0013914
v 0.0012728 0.0508000 -0.0012728
v 0.0012728 0.0000000 -0.0012728
v 0.0013914 0.0508000 -0.0011419
v 0.0013914 0.0000000 -0.0011419
v 0.0014966 0.0508000 -0.0010000
v 0.0014966 0.0000000 -0.0010000
v 0.0015875 0.0508000 -0.0008485
v 0.0015875 0.0000000 -0.0008485
v 0.0016630 0.0508000 -0.0006888
v 0.0016630 0.0000000 -0.0006888
v 0.0017225 0.0508000 -0.0005225
v 0.0017225 0.0000000 -0.0005225
v 0.0017654 0.0508000 -0.0003512
v 0.0017654 0.0000000 -0.0003512
v 0.0017913 0.0508000 -0.0001764
v 0.0017913 0.0000000 -0.0001764
v 0.0015480 0.0000000 0.0000000
v 0.0017802 0.0001984 0.0000000
v 0.0017460 0.0002232 0.0003473
v 0.0015183 0.0000248 0.0003020
v 0.0016447 0.0002480 0.0006813
v 0.0014302 0.0000496 0.0005924
v 0.0014802 0.0002729 0.0009890
v 0.0012871 0.0000744 0.0008600
v 0.0012588 0.0002977 0.0012588
v 0.0010946 0.0000992 0.0010946
v 0.0009890 0.0003225 0.0014802
v 0.0008600 0.0001240 0.0012871
v 0.0006813 0.0003473 0.0016447
v 0.0005924 0.0001488 0.0014302
v 0.0003473 0.0003721 0.0017460
v 0.0003020 0.0001736 0.0015183
v 0.0000000 0.0003969 0.0017802
v 0.0000000 0.0001984 0.0015480
v -0.0003473 0.0004217 0.0017460
v -0.0003020 0.0002232 0.0015183
v -0.0006813 0.0004465 0.0016447
v -0.0005924 0.0002480 0.0014302
v -0.0009890 0.0004713 0.0014802
v -0.0008600 0.0002729 0.0012871
v -0.0012588 0.0004961 0.0012588
v -0.0010946 0.0002977 0.0010946
v -0.0014802 0.0005209 0.0009890
v -0.0012871 0.0003225 0.0008600
v -0.0016447 0.0005457 0.0006813
v -0.0014302 0.0003473 0.0005924
v -0.0017460 0.0005705 0.0003473
v -0.0015183 0.0003721 0.0003020
v -0.0017802 0.0005953 0.0000000
v -0.0015480 0.0003969 0.0000000
v -0.0017460 0.0006201 -0.0003473
v -0.0015183 0.0004217 -0.0003020
v -0.0016447 0.0006449 -0.0006813
v -0.0014302 0.0004465 -0.0005924
v -0.0014802 0.0006697 -0.0009890
v -0.0012871 0.0004713 -0.0008600
v -0.0012588 0.0006945 -0.0012588
v -0.0010946 0.0004961 -0.0010946
v -0.0009890 0.0007193 -0.0014802
v -0.0008600 0.0005209 -0.0012871
v -0.0006813 0.0007441 -0.0016447
v -0.0005924 0.0005457 -0.0014302
v -0.0003473 0.0007689 -0.0017460
v -0.0003020 0.0005705 -0.0015183
v -0.0000000 0.0007937 -0.0017802
v -0.0000000 0.0005953 -0.0015480
v 0.0003473 0.0008186 -0.0017460
v 0.0003020 0.0006201 -0.0015183
v 0.0006813 0.0008434 -0.0016447
v 0.0005924 0.0006449 -0.0014302
v 0.0009890 0.0008682 -0.0014802
v 0.0008600 0.0006697 -0.0012871
v 0.0012588 0.0008930 -0.0012588
v 0.0010946 0.0006945 -0.0010946
v 0.0014802 0.0009178 -0.0009890
v 0.0012871 0.0007193 -0.0008600
v 0.0016447 0.0009426 -0.0006813
v 0.0014302 0.0007441 -0.0005924
v 0.0017460 0.0009674 -0.0003473
v 0.0015183 0.0007689 -0.0003020
v 0.0017802 0.0009922 -0.0000000
v 0.0015480 0.0007937 -0.0000000
v 0.0017460 0.0010170 0.0003473
v 0.0015183 0.0008186 0.0003020
v 0.0016447 0.0010418 0.0006813
v 0.0014302 0.0008434 0.0005924
v 0.0014802 0.0010666 0.0009890
v 0.0012871 0.0008682 0.0008600
v 0.0012588 0.0010914 0.0012588
v 0.0010946 0.0008930 0.0010946
v 0.0009890 0.0011162 0.0014802
v 0.0008600 0.0009178 0.0012871
v 0.0006813 0.0011410 0.0016447
v 0.0005924 0.0009426 0.0014302
v 0.0003473 0.0011658 0.0017460
v 0.0003020 0.0009674 0.0015183
v 0.0000000 0.0011906 0.0017802
v 0.0000000 0.0009922 0.0015480
v -0.0003473 0.0012154 0.0017460
v -0.0003020 0.0010170 0.0015183
v -0.0006813 0.0012402 0.0016447
v -0.0005924 0.0010418 0.0014302
v -0.0009890 0.0012650 0.0014802
v -0.0008600 0.0010666 0.0012871
v -0.0012588 0.0012898 0.0012588
v -0.0010946 0.0010914 0.0010946
v -0.0014802 0.0013146 0.0009890
v -0.0012871 0.0011162 0.0008600
v -0.0016447 0.0013395 0.0006813
v -0.0014302 0.0011410 0.0005924
v -0.0017460 0.0013643 0.0003473
v -0.0015183 0.0011658 0.0003020
v -0.0017802 0.0013891 0.0000000
v -0.0015480 0.0011906 0.0000000
v -0.0017460 0.0014139 -0.0003473
v -0.0015183 0.0012154 -0.0003020
v -0.0016447 0.0014387 -0.0006813
v -0.0014302 0.0012402 -0.0005924
v -0.0014802 0.0014635 -0.0009890
v -0.0012871 0.0012650 -0.0008600
v -0.0012588 0.0014883 -0.0012588
v -0.0010946 0.0012898 -0.0010946
v -0.0009890 0.0015131 -0.0014802
v -0.0008600 0.0013146 -0.0012871
v -0.0006813 0.0015379 -0.0016447
v -0.0005924 0.0013395 -0.0014302
v -0.0003473 0.0015627 -0.0017460
v -0.0003020 0.0013643 -0.0015183
v -0.0000000 0.0015875 -0.0017802
v -0.0000000 0.0013891 -0.0015480
v 0.0003473 0.0016123 -0.0017460
v 0.0003020 0.0014139 -0.0015183
v 0.0006813 0.0016371 -0.0016447
v 0.0005924 0.0014387 -0.0014302
v 0.0009890 0.0016619 -0.0014802
v 0.0008600 0.0014635 -0.0012871
v 0.0012588 0.0016867 -0.0012588
v 0.0010946 0.0014883 -0.0010946
v 0.0014802 0.0017115 -0.0009890
v 0.0012871 0.0015131 -0.0008600
v 0.0016447 0.0017363 -0.0006813
v 0.0014302 0.0015379 -0.0005924
v 0.0017460 0.0017611 -0.0003473
v 0.0015183 0.0015627 -0.0003020
v 0.0017802 0.0017859 -0.0000000
v 0.0015480 0.0015875 -0.0000000
v 0.0017460 0.0018107 0.0003473
v 0.0015183 0.0016123 0.0003020
v 0.0016447 0.0018355 0.0006813
v 0.0014302 0.0016371 0.0005924
v 0.0014802 0.0018604 0.0009890
v 0.0012871 0.0016619 0.0008600
v 0.0012588 0.0018852 0.0012588
v 0.0010946 0.0016867 0.0010946
v 0.0009890 0.0019100 0.0014802
v 0.0008600 0.0017115 0.0012871
v 0.0006813 0.0019348 0.0016447
v 0.0005924 0.0017363 0.0014302
v 0.0003473 0.0019596 0.0017460
v 0.0003020 0.0017611 0.0015183
v 0.0000000 0.0019844 0.0017802
v 0.0000000 0.0017859 0.0015480
v -0.0003473 0.0020092 0.0017460
v -0.0003020 0.0018107 0.0015183
v -0.0006813 0.0020340 0.0016447
v -0.0005924 0.0018355 0.0014302
v -0.0009890 0.0020588 0.0014802
v -0.0008600 0.0018604 0.0012871
v -0.0012588 0.0020836 0.0012588
v -0.0010946 0.0018852 0.0010946
v -0.0014802 0.0021084 0.0009890
v -0.0012871 0.0019100 0.0008600
v -0.0016447 0.0021332 0.0006813
v -0.0014302 0.0019348 0.0005924
v -0.0017460 0.0021580 0.0003473
v -0.0015183 0.0019596 0.0003020
v -0.0017802 0.0021828 0.0000000
v -0.0015480 0.0019844 0.0000000
v -0.0017460 0.0022076 -0.0003473
v -0.0015183 0.0020092 -0.0003020
v -0.0016447 0.0022324 -0.0006813
v -0.0014302 0.0020340 -0.0005924
v -0.0014802 0.0022572 -0.0009890
v -0.0012871 0.0020588 -0.0008600
v -0.0012588 0.0022820 -0.0012588
v -0.0010946 0.0020836 -0.0010946
v -0.0009890 0.0023068 -0.0014802
v -0.0008600 0.0021084 -0.0012871
v -0.0006813 0.0023316 -0.0016447
v -0.0005924 0.0021332 -0.0014302
v -0.0003473 0.0023564 -0.0017460
v -0.0003020 0.0021580 -0.0015183
v -0.0000000 0.0023812 -0.0017802
v -0.0000000 0.0021828 -0.0015480
v 0.0003473 0.0024061 -0.0017460
v 0.0003020 0.0022076 -0.0015183
v 0.0006813 0.0024309 -0.0016447
v 0.0005924 0.0022324 -0.0014302
v 0.0009890 0.0024557 -0.0014802
v 0.0008600 0.0022572 -0.0012871
v 0.0012588 0.0024805 -0.0012588
v 0.0010946 0.0022820 -0.0010946
v 0.0014802 0.0025053 -0.0009890
v 0.0012871 0.0023068 -0.0008600
v 0.0016447 0.0025301 -0.0006813
v 0.0014302 0.0023316 -0.0005924
v 0.0017460 0.0025549 -0.0003473
v 0.0015183 0.0023564 -0.0003020
v 0.0017802 0.0025797 -0.0000000
v 0.0015480 0.0023812 -0.0000000
v 0.0017460 0.0026045 0.0003473
v 0.0015183 0.0024061 0.0003020
v 0.0016447 0.0026293 0.0006813
v 0.0014302 0.0024309 0.0005924
v 0.0014802 0.0026541 0.0009890
v 0.0012871 0.0024557 0.0008600
v 0.0012588 0.0026789 0.0012588
v 0.0010946 0.0024805 0.0010946
v 0.0009890 0.0027037 0.0014802
v 0.0008600 0.0025053 0.0012871
v 0.0006813 0.0027285 0.0016447
v 0.0005924 0.0025301 0.0014302
v 0.0003473 0.0027533 0.0017460
v 0.0003020 0.0025549 0.0015183
v -0.0000000 0.0027781 0.0017802
v -0.0000000 0.0025797 0.0015480
v -0.0003473 0.0028029 0.0017460
v -0.0003020 0.0026045 0.0015183
v -0.0006813 0.0028277 0.0016447
v -0.0005924 0.0026293 0.0014302
v -0.0009890 0.0028525 0.0014802
v -0.0008600 0.0026541 0.0012871
v -0.0012588 0.0028773 0.0012588
v -0.0010946 0.0026789 0.0010946
v -0.0014802 0.0029021 0.0009890
v -0.0012871 0.0027037 0.0008600
v -0.0016447 0.0029270 0.0006813
v -0.0014302 0.0027285 0.0005924
v -0.0017460 0.0029518 0.0003473
v -0.0015183 0.0027533 0.0003020
v -0.0017802 0.0029766 0.0000000
v -0.0015480 0.0027781 0.0000000
v -0.0017460 0.0030014 -0.0003473
v -0.0015183 0.0028029 -0.0003020
v -0.0016447 0.0030262 -0.0006813
v -0.0014302 0.0028277 -0.0005924
v -0.0014802 0.0030510 -0.0009890
v -0.0012871 0.0028525 -0.0008600
v -0.0012588 0.0030758 -0.0012588
v -0.0010946 0.0028773 -0.0010946
v -0.0009890 0.0031006 -0.0014802
v -0.0008600 0.0029021 -0.0012871
v -0.0006813 0.0031254 -0.0016447
v -0.0005924 0.0029270 -0.0014302
v -0.0003473 0.0031502 -0.0017460
v -0.0003020 0.0029518 -0.0015183
v -0.0000000 0.0031750 -0.0017802
v -0.0000000 0.0029766 -0.0015480
v 0.0003473 0.0031998 -0.0017460
v 0.0003020 0.0030014 -0.0015183
v 0.0006813 0.0032246 -0.0016447
v 0.0005924 0.0030262 -0.0014302
v 0.0009890 0.0032494 -0.0014802
v 0.0008600 0.0030510 -0.0012871
v 0.0012588 0.0032742 -0.0012588
v 0.0010946 0.0030758 -0.0010946
v 0.0014802 0.0032990 -0.0009890
v 0.0012871 0.0031006 -0.0008600
v 0.0016447 0.0033238 -0.0006813
v 0.0014302 0.0031254 -0.0005924
v 0.0017460 0.0033486 -0.0003473
v 0.0015183 0.0031502 -0.0003020
v 0.0017802 0.0033734 -0.0000000
v 0.0015480 0.0031750 -0.0000000
v 0.0017460 0.0033982 0.0003473
v 0.0015183 0.0031998 0.0003020
v 0.0016447 0.0034230 0.0006813
v 0.0014302 0.0032246 0.0005924
v 0.0014802 0.0034479 0.0009890
v 0.0012871 0.0032494 0.0008600
v 0.0012588 0.0034727 0.0012588
v 0.0010946 0.0032742 0.0010946
v 0.0009890 0.0034975 0.0014802
v 0.0008600 0.0032990 0.0012871
v 0.0006813 0.0035223 0.0016447
v 0.0005924 0.0033238 0.0014302
v 0.0003473 0.0035471 0.0017460
v 0.0003020 0.0033486 0.0015183
v -0.0000000 0.0035719 0.0017802
v -0.0000000 0.0033734 0.0015480
v -0.0003473 0.0035967 0.0017460
v -0.0003020 0.0033982 0.0015183
v -0.0006813 0.0036215 0.0016447
v -0.0005924 0.0034230 0.0014302
v -0.0009890 0.0036463 0.0014802
v -0.0008600 0.0034479 0.0012871
v -0.0012588 0.0036711 0.0012588
v -0.0010946 0.0034727 0.0010946
v -0.0014802 0.0036959 0.0009890
v -0.0012871 0.0034975 0.0008600
v -0.0016447 0.0037207 0.0006813
v -0.0014302 0.0035223 0.0005924
v -0.0017460 0.0037455 0.0003473
v -0.0015183 0.0035471 0.0003020
v -0.0017802 0.0037703 0.0000000
v -0.0015480 0.0035719 0.0000000
v -0.0017460 0.0037951 -0.0003473
v -0.0015183 0.0035967 -0.0003020
v -0.0016447 0.0038199 -0.0006813
v -0.0014302 0.0036215 -0.0005924
v -0.0014802 0.0038447 -0.0009890
v -0.0012871 0.0036463 -0.0008600
v -0.0012588 0.0038695 -0.0012588
v -0.0010946 0.0036711 -0.0010946
v -0.0009890 0.0038943 -0.0014802
v -0.0008600 0.0036959 -0.0012871
v -0.0006813 0.0039191 -0.0016447
v -0.0005924 0.0037207 -0.0014302
v -0.0003473 0.0039439 -0.0017460
v -0.0003020 0.0037455 -0.0015183
v -0.0000000 0.0039688 -0.0017802
v -0.0000000 0.0037703 -0.0015480
v 0.0003473 0.0039936 -0.0017460
v 0.0003020 0.0037951 -0.0015183
v 0.0006813 0.0040184 -0.0016447
v 0.0005924 0.0038199 -0.0014302
v 0.0009890 0.0040432 -0.0014802
v 0.0008600 0.0038447 -0.0012871
v 0.0012588 0.0040680 -0.0012588
v 0.0010946 0.0038695 -0.0010946
v 0.0014802 0.0040928 -0.0009890
v 0.0012871 0.0038943 -0.0008600
v 0.0016447 0.0041176 -0.0006813
v 0.0014302 0.0039191 -0.0005924
v 0.0017460 0.0041424 -0.0003473
v 0.0015183 0.0039439 -0.0003020
v 0.0017802 0.0041672 -0.0000000
v 0.0015480 0.0039688 -0.0000000
v 0.0017460 0.0041920 0.0003473
v 0.0015183 0.0039936 0.0003020
v 0.0016447 0.0042168 0.0006813
v 0.0014302 0.0040184 0.0005924
v 0.0014802 0.0042416 0.0009890
v 0.0012871 0.0040432 0.0008600
v 0.0012588 0.0042664 0.0012588
v 0.0010946 0.0040680 0.0010946
v 0.0009890 0.0042912 0.0014802
v 0.0008600 0.0040928 0.0012871
v 0.0006813 0.0043160 0.0016447
v 0.0005924 0.0041176 0.0014302
v 0.0003473 0.0043408 0.0017460
v 0.0003020 0.0041424 0.0015183
v -0.0000000 0.0043656 0.0017802
v -0.0000000 0.0041672 0.0015480
v -0.0003473 0.0043904 0.0017460
v -0.0003020 0.0041920 0.0015183
v -0.0006813 0.0044152 0.0016447
v -0.0005924 0.0042168 0.0014302
v -0.0009890 0.0044400 0.0014802
v -0.0008600 0.0042416 0.0012871
v -0.0012588 0.0044648 0.0012588
v -0.0010946 0.0042664 0.0010946
v -0.0014802 0.0044896 0.0009890
v -0.0012871 0.0042912 0.0008600
v -0.0016447 0.0045145 0.0006813
v -0.0014302 0.0043160 0.0005924
v -0.0017460 0.0045393 0.0003473
v -0.0015183 0.0043408 0.0003020
v -0.0017802 0.0045641 0.0000000
v -0.0015480 0.0043656 0.0000000
v -0.0017460 0.0045889 -0.0003473
v -0.0015183 0.0043904 -0.0003020
v -0.0016447 0.0046137 -0.0006813
v -0.0014302 0.0044152 -0.0005924
v -0.0014802 0.0046385 -0.0009890
v -0.0012871 0.0044400 -0.0008600
v -0.0012588 0.0046633 -0.0012588
v -0.0010946 0.0044648 -0.0010946
v -0.0009890 0.0046881 -0.0014802
v -0.0008600 0.0044896 -0.0012871
v -0.0006813 0.0047129 -0.0016447
v -0.0005924 0.0045145 -0.0014302
v -0.0003473 0.0047377 -0.0017460
v -0.0003020 0.0045393 -0.0015183
v -0.0000000 0.0047625 -0.0017802
v -0.0000000 0.0045641 -0.0015480
v 0.0003473 0.0047873 -0.0017460
v 0.0003020 0.0045889 -0.0015183
v 0.0006813 0.0048121 -0.0016447
v 0.0005924 0.0046137 -0.0014302
v 0.0009890 0.0048369 -0.0014802
v 0.0008600 0.0046385 -0.0012871
v 0.0012588 0.0048617 -0.0012588
v 0.0010946 0.0046633 -0.0010946
v 0.0014802 0.0048865 -0.0009890
v 0.0012871 0.0046881 -0.0008600
v 0.0016447 0.0049113 -0.0006813
v 0.0014302 0.0047129 -0.0005924
v 0.0017460 0.0049361 -0.0003473
v 0.0015183 0.0047377 -0.0003020
v 0.0017802 0.0049609 -0.0000000
v 0.0015480 0.0047625 -0.0000000
v 0.0017460 0.0049857 0.0003473
v 0.0015183 0.0047873 0.0003020
v 0.0016447 0.0050105 0.0006813
v 0.0014302 0.0048121 0.0005924
v 0.0014802 0.0050354 0.0009890
v 0.0012871 0.0048369 0.0008600
v 0.0012588 0.0050602 0.0012588
v 0.0010946 0.0048617 0.0010946
v 0.0009890 0.0050850 0.0014802
v 0.0008600 0.0048865 0.0012871
v 0.0006813 0.0051098 0.0016447
v 0.0005924 0.0049113 0.0014302
v 0.0003473 0.0051346 0.0017460
v 0.0003020 0.0049361 0.0015183
v -0.0000000 0.0051594 0.0017802
v -0.0000000 0.0049609 0.0015480
v -0.0003473 0.0051842 0.0017460
v -0.0003020 0.0049857 0.0015183
v -0.0006813 0.0052090 0.0016447
v -0.0005924 0.0050105 0.0014302
v -0.0009890 0.0052338 0.0014802
v -0.0008600 0.0050354 0.0012871
v -0.0012588 0.0052586 0.0012588
v -0.0010946 0.0050602 0.0010946
v -0.0014802 0.0052834 0.0009890
v -0.0012871 0.0050850 0.0008600
v -0.0016447 0.0053082 0.0006813
v -0.0014302 0.0051098 0.0005924
v -0.0017460 0.0053330 0.0003473
v -0.0015183 0.0051346 0.0003020
v -0.0017802 0.0053578 -0.0000000
v -0.0015480 0.0051594 -0.0000000
v -0.0017460 0.0053826 -0.0003473
v -0.0015183 0.0051842 -0.0003020
v -0.0016447 0.0054074 -0.0006813
v -0.0014302 0.0052090 -0.0005924
v -0.0014802 0.0054322 -0.0009890
v -0.0012871 0.0052338 -0.0008600
v -0.0012588 0.0054570 -0.0012588
v -0.0010946 0.0052586 -0.0010946
v -0.0009890 0.0054818 -0.0014802
v -0.0008600 0.0052834 -0.0012871
v -0.0006813 0.0055066 -0.0016447
v -0.0005924 0.0053082 -0.0014302
v -0.0003473 0.0055314 -0.0017460
v -0.0003020 0.0053330 -0.0015183
v -0.0000000 0.0055562 -0.0017802
v -0.0000000 0.0053578 -0.0015480
v 0.0003473 0.0055811 -0.0017460
v 0.0003020 0.0053826 -0.0015183
v 0.0006813 0.0056059 -0.0016447
v 0.0005924 0.0054074 -0.0014302
v 0.0009890 0.0056307 -0.0014802
v 0.0008600 0.0054322 -0.0012871
v 0.0012588 0.0056555 -0.0012588
v 0.0010946 0.0054570 -0.0010946
v 0.0014802 0.0056803 -0.0009890
v 0.0012871 0.0054818 -0.0008600
v 0.0016447 0.0057051 -0.0006813
v 0.0014302 0.0055066 -0.0005924
v 0.0017460 0.0057299 -0.0003473
v 0.0015183 0.0055314 -0.0003020
v 0.0017802 0.0057547 -0.0000000
v 0.0015480 0.0055562 -0.0000000
v 0.0017460 0.0057795 0.0003473
v 0.0015183 0.0055811 0.0003020
v 0.0016447 0.0058043 0.0006813
v 0.0014302 0.0056059 0.0005924
v 0.0014802 0.0058291 0.0009890
v 0.0012871 0.0056307 0.0008600
v 0.0012588 0.0058539 0.0012588
v 0.0010946 0.0056555 0.0010946
v 0.0009890 0.0058787 0.0014802
v 0.0008600 0.0056803 0.0012871
v 0.0006813 0.0059035 0.0016447
v 0.0005924 0.0057051 0.0014302
v 0.0003473 0.0059283 0.0017460
v 0.0003020 0.0057299 0.0015183
v -0.0000000 0.0059531 0.0017802
v -0.0000000 0.0057547 0.0015480
v -0.0003473 0.0059779 0.0017460
v -0.0003020 0.0057795 0.0015183
v -0.0006813 0.0060027 0.0016447
v -0.0005924 0.0058043 0.0014302
v -0.0009890 0.0060275 0.0014802
v -0.0008600 0.0058291 0.0012871
v -0.0012588 0.0060523 0.0012588
v -0.0010946 0.0058539 0.0010946
v -0.0014802 0.0060771 0.0009890
v -0.0012871 0.0058787 0.0008600
v -0.0016447 0.0061020 0.0006813
v -0.0014302 0.0059035 0.0005924
v -0.0017460 0.0061268 0.0003473
v -0.0015183 0.0059283 0.0003020
v -0.0017802 0.0061516 0.0000000
v -0.0015480 0.0059531 0.0000000
v -0.0017460 0.0061764 -0.0003473
v -0.0015183 0.0059779 -0.0003020
v -0.0016447 0.0062012 -0.0006813
v -0.0014302 0.0060027 -0.0005924
v -0.0014802 0.0062260 -0.0009890
v -0.0012871 0.0060275 -0.0008600
v -0.0012588 0.0062508 -0.0012588
v -0.0010946 0.0060523 -0.0010946
v -0.0009890 0.0062756 -0.0014802
v -0.0008600 0.0060771 -0.0012871
v -0.0006813 0.0063004 -0.0016447
v -0.0005924 0.0061020 -0.0014302
v -0.0003473 0.0063252 -0.0017460
v -0.0003020 0.0061268 -0.0015183
v -0.0000000 0.0063500 -0.0017802
v -0.0000000 0.0061516 -0.0015480
v 0.0003473 0.0063748 -0.0017460
v 0.0003020 0.0061764 -0.0015183
v 0.0006813 0.0063996 -0.0016447
v 0.0005924 0.0062012 -0.0014302
v 0.0009890 0.0064244 -0.0014802
v 0.0008600 0.0062260 -0.0012871
v 0.0012588 0.0064492 -0.0012588
v 0.0010946 0.0062508 -0.0010946
v 0.0014802 0.0064740 -0.0009890
v 0.0012871 0.0062756 -0.0008600
v 0.0016447 0.0064988 -0.0006813
v 0.0014302 0.0063004 -0.0005924
v 0.0017460 0.0065236 -0.0003473
v 0.0015183 0.0063252 -0.0003020
v 0.0017802 0.0065484 -0.0000000
v 0.0015480 0.0063500 -0.0000000
v 0.0017460 0.0065732 0.0003473
v 0.0015183 0.0063748 0.0003020
v 0.0016447 0.0065980 0.0006813
v 0.0014302 0.0063996 0.0005924
v 0.0014802 0.0066229 0.0009890
v 0.0012871 0.0064244 0.0008600
v 0.0012588 0.0066477 0.0012588
v 0.0010946 0.0064492 0.0010946
v 0.0009890 0.0066725 0.0014802
v 0.0008600 0.0064740 0.0012871
v 0.0006813 0.0066973 0.0016447
v 0.0005924 0.0064988 0.0014302
v 0.0003473 0.0067221 0.0017460
v 0.0003020 0.0065236 0.0015183
v 0.0000000 0.0067469 0.0017802
v 0.0000000 0.0065484 0.0015480
v -0.0003473 0.0067717 0.0017460
v -0.0003020 0.0065732 0.0015183
v -0.0006813 0.0067965 0.0016447
v -0.0005924 0.0065980 0.0014302
v -0.0009890 0.0068213 0.0014802
v -0.0008600 0.0066229 0.0012871
v -0.0012588 0.0068461 0.0012588
v -0.0010946 0.0066477 0.0010946
v -0.0014802 0.0068709 0.0009890
v -0.0012871 0.0066725 0.0008600
v -0.0016447 0.0068957 0.0006813
v -0.0014302 0.0066973 0.0005924
v -0.0017460 0.0069205 0.0003473
v -0.0015183 0.0067221 0.0003020
v -0.0017802 0.0069453 -0.0000000
v -0.0015480 0.0067469 -0.0000000
v -0.0017460 0.0069701 -0.0003473
v -0.0015183 0.0067717 -0.0003020
v -0.0016447 0.0069949 -0.0006813
v -0.0014302 0.0067965 -0.0005924
v -0.0014802 0.0070197 -0.0009890
v -0.0012871 0.0068213 -0.0008600
v -0.0012588 0.0070445 -0.0012588
v -0.0010946 0.0068461 -0.0010946
v -0.0009890 0.0070693 -0.0014802
v -0.0008600 0.0068709 -0.0012871
v -0.0006813 0.0070941 -0.0016447
v -0.0005924 0.0068957 -0.0014302
v -0.0003473 0.0071189 -0.0017460
v -0.0003020 0.0069205 -0.0015183
v -0.0000000 0.0071437 -0.0017802
v -0.0000000 0.0069453 -0.0015480
v 0.0003473 0.0071686 -0.0017460
v 0.0003020 0.0069701 -0.0015183
v 0.0006813 0.0071934 -0.0016447
v 0.0005924 0.0069949 -0.0014302
v 0.0009890 0.0072182 -0.0014802
v 0.0008600 0.0070197 -0.0012871
v 0.0012588 0.0072430 -0.0012588
v 0.0010946 0.0070445 -0.0010946
v 0.0014802 0.0072678 -0.0009890
v 0.0012871 0.0070693 -0.0008600
v 0.0016447 0.0072926 -0.0006813
v 0.0014302 0.0070941 -0.0005924
v 0.0017460 0.0073174 -0.0003473
v 0.0015183 0.0071189 -0.0003020
v 0.0017802 0.0073422 -0.0000000
v 0.0015480 0.0071437 -0.0000000
v 0.0017460 0.0073670 0.0003473
v 0.0015183 0.0071686 0.0003020
v 0.0016447 0.0073918 0.0006813
v 0.0014302 0.0071934 0.0005924
v 0.0014802 0.0074166 0.0009890
v 0.0012871 0.0072182 0.0008600
v 0.0012588 0.0074414 0.0012588
v 0.0010946 0.0072430 0.0010946
v 0.0009890 0.0074662 0.0014802
v 0.0008600 0.0072678 0.0012871
v 0.0006813 0.0074910 0.0016447
v 0.0005924 0.0072926 0.0014302
v 0.0003473 0.0075158 0.0017460
v 0.0003020 0.0073174 0.0015183
v 0.0000000 0.0075406 0.0017802
v 0.0000000 0.0073422 0.0015480
v -0.0003473 0.0075654 0.0017460
v -0.0003020 0.0073670 0.0015183
v -0.0006813 0.0075902 0.0016447
v -0.0005924 0.0073918 0.0014302
v -0.0009890 0.0076150 0.0014802
v -0.0008600 0.0074166 0.0012871
v -0.0012588 0.0076398 0.0012588
v -0.0010946 0.0074414 0.0010946
v -0.0014802 0.0076646 0.0009890
v -0.0012871 0.0074662 0.0008600
v -0.0016447 0.0076895 0.0006813
v -0.0014302 0.0074910 0.0005924
v -0.0017460 0.0077143 0.0003473
v -0.0015183 0.0075158 0.0003020
v -0.0017802 0.0077391 0.0000000
v -0.0015480 0.0075406 0.0000000
v -0.0017460 0.0077639 -0.0003473
v -0.0015183 0.0075654 -0.0003020
v -0.0016447 0.0077887 -0.0006813
v -0.0014302 0.0075902 -0.0005924
v -0.0014802 0.0078135 -0.0009890
v -0.0012871 0.0076150 -0.0008600
v -0.0012588 0.0078383 -0.0012588
v -0.0010946 0.0076398 -0.0010946
v -0.0009890 0.0078631 -0.0014802
v -0.0008600 0.0076646 -0.0012871
v -0.0006813 0.0078879 -0.0016447
v -0.0005924 0.0076895 -0.0014302
v -0.0003473 0.0079127 -0.0017460
v -0.0003020 0.0077143 -0.0015183
v -0.0000000 0.0079375 -0.0017802
v -0.0000000 0.0077391 -0.0015480
v 0.0003473 0.0079623 -0.0017460
v 0.0003020 0.0077639 -0.0015183
v 0.0006813 0.0079871 -0.0016447
v 0.0005924 0.0077887 -0.0014302
v 0.0009890 0.0080119 -0.0014802
v 0.0008600 0.0078135 -0.0012871
v 0.0012588 0.0080367 -0.0012588
v 0.0010946 0.0078383 -0.0010946
v 0.0014802 0.0080615 -0.0009890
v 0.0012871 0.0078631 -0.0008600
v 0.0016447 0.0080863 -0.0006813
v 0.0014302 0.0078879 -0.0005924
v 0.0017460 0.0081111 -0.0003473
v 0.0015183 0.0079127 -0.0003020
v 0.0017802 0.0081359 -0.0000000
v 0.0015480 0.0079375 -0.0000000
v 0.0017460 0.0081607 0.0003473
v 0.0015183 0.0079623 0.0003020
v 0.0016447 0.0081855 0.0006813
v 0.0014302 0.0079871 0.0005924
v 0.0014802 0.0082104 0.0009890
v 0.0012871 0.0080119 0.0008600
v 0.0012588 0.0082352 0.0012588
v 0.0010946 0.0080367 0.0010946
v 0.0009890 0.0082600 0.0014802
v 0.0008600 0.0080615 0.0012871
v 0.0006813 0.0082848 0.0016447
v 0.0005924 0.0080863 0.0014302
v 0.0003473 0.0083096 0.0017460
v 0.0003020 0.0081111 0.0015183
v 0.0000000 0.0083344 0.0017802
v 0.0000000 0.0081359 0.0015480
v -0.0003473 0.0083592 0.0017460
v -0.0003020 0.0081607 0.0015183
v -0.0006813 0.0083840 0.0016447
v -0.0005924 0.0081855 0.0014302
v -0.0009890 0.0084088 0.0014802
v -0.0008600 0.0082104 0.0012871
v -0.0012588 0.0084336 0.0012588
v -0.0010946 0.0082352 0.0010946
v -0.0014802 0.0084584 0.0009890
v -0.0012871 0.0082600 0.0008600
v -0.0016447 0.0084832 0.0006813
v -0.0014302 0.0082848 0.0005924
v -0.0017460 0.0085080 0.0003473
v -0.0015183 0.0083096 0.0003020
v -0.0017802 0.0085328 -0.0000000
v -0.0015480 0.0083344 -0.0000000
v -0.0017460 0.0085576 -0.0003473
v -0.0015183 0.0083592 -0.0003020
v -0.0016447 0.0085824 -0.0006813
v -0.0014302 0.0083840 -0.0005924
v -0.0014802 0.0086072 -0.0009890
v -0.0012871 0.0084088 -0.0008600
v -0.0012588 0.0086320 -0.0012588
v -0.0010946 0.0084336 -0.0010946
v -0.0009890 0.0086568 -0.0014802
v -0.0008600 0.0084584 -0.0012871
v -0.0006813 0.0086816 -0.0016447
v -0.0005924 0.0084832 -0.0014302
v -0.0003473 0.0087064 -0.0017460
v -0.0003020 0.0085080 -0.0015183
v -0.0000000 0.0087313 -0.0017802
v -0.0000000 0.0085328 -0.0015480
v 0.0003473 0.0087561 -0.0017460
v 0.0003020 0.0085576 -0.0015183
v 0.0006813 0.0087809 -0.0016447
v 0.0005924 0.0085824 -0.0014302
v 0.0009890 0.0088057 -0.0014802
v 0.0008600 0.0086072 -0.0012871
v 0.0012588 0.0088305 -0.0012588
v 0.0010946 0.0086320 -0.0010946
v 0.0014802 0.0088553 -0.0009890
v 0.0012871 0.0086568 -0.0008600
v 0.0016447 0.0088801 -0.0006813
v 0.0014302 0.0086816 -0.0005924
v 0.0017460 0.0089049 -0.0003473
v 0.0015183 0.0087064 -0.0003020
v 0.0017802 0.0089297 -0.0000000
v 0.0015480 0.0087312 -0.0000000
v 0.0017460 0.0089545 0.0003473
v 0.0015183 0.0087561 0.0003020
v 0.0016447 0.0089793 0.0006813
v 0.0014302 0.0087809 0.0005924
v 0.0014802 0.0090041 0.0009890
v 0.0012871 0.0088057 0.0008600
v 0.0012588 0.0090289 0.0012588
v 0.0010946 0.0088305 0.0010946
v 0.0009890 0.0090537 0.0014802
v 0.0008600 0.0088553 0.0012871
v 0.0006813 0.0090785 0.0016447
v 0.0005924 0.0088801 0.0014302
v 0.0003473 0.0091033 0.0017460
v 0.0003020 0.0089049 0.0015183
v 0.0000000 0.0091281 0.0017802
v 0.0000000 0.0089297 0.0015480
v -0.0003473 0.0091529 0.0017460
v -0.0003020 0.0089545 0.0015183
v -0.0006813 0.0091777 0.0016447
v -0.0005924 0.0089793 0.0014302
v -0.0009890 0.0092025 0.0014802
v -0.0008600 0.0090041 0.0012871
v -0.0012588 0.0092273 0.0012588
v -0.0010946 0.0090289 0.0010946
v -0.0014802 0.0092521 0.0009890
v -0.0012871 0.0090537 0.0008600
v -0.0016447 0.0092770 0.0006813
v -0.0014302 0.0090785 0.0005924
v -0.0017460 0.0093018 0.0003473
v -0.0015183 0.0091033 0.0003020
v -0.0017802 0.0093266 0.0000000
v -0.0015480 0.0091281 0.0000000
v -0.0017460 0.0093514 -0.0003473
v -0.0015183 0.0091529 -0.0003020
v -0.0016447 0.0093762 -0.0006813
v -0.0014302 0.0091777 -0.0005924
v -0.0014802 0.0094010 -0.0009890
v -0.0012871 0.0092025 -0.0008600
v -0.0012588 0.0094258 -0.0012588
v -0.0010946 0.0092273 -0.0010946
v -0.0009890 0.0094506 -0.0014802
v -0.0008600 0.0092521 -0.0012871
v -0.0006813 0.0094754 -0.0016447
v -0.0005924 0.0092770 -0.0014302
v -0.0003473 0.0095002 -0.0017460
v -0.0003020 0.0093018 -0.0015183
v 0.0000000 0.0095250 -0.0017802
v 0.0000000 0.0093266 -0.0015480
v 0.0003473 0.0095498 -0.0017460
v 0.0003020 0.0093514 -0.0015183
v 0.0006813 0.0095746 -0.0016447
v 0.0005924 0.0093762 -0.0014302
v 0.0009890 0.0095994 -0.0014802
v 0.0008600 0.0094010 -0.0012871
v 0.0012588 0.0096242 -0.0012588
v 0.0010946 0.0094258 -0.0010946
v 0.0014802 0.0096490 -0.0009890
v 0.0012871 0.0094506 -0.0008600
v 0.0016447 0.0096738 -0.0006813
v 0.0014302 0.0094754 -0.0005924
v 0.0017460 0.0096986 -0.0003473
v 0.0015183 0.0095002 -0.0003020
v 0.0017802 0.0097234 -0.0000000
v 0.0015480 0.0095250 -0.0000000
v 0.0017460 0.0097482 0.0003473
v 0.0015183 0.0095498 0.0003020
v 0.0016447 0.0097730 0.0006813
v 0.0014302 0.0095746 0.0005924
v 0.0014802 0.0097979 0.0009890
v 0.0012871 0.0095994 0.0008600
v 0.0012588 0.0098227 0.0012588
v 0.0010946 0.0096242 0.0010946
v 0.0009890 0.0098475 0.0014802
v 0.0008600 0.0096490 0.0012871
v 0.0006813 0.0098723 0.0016447
v 0.0005924 0.0096738 0.0014302
v 0.0003473 0.0098971 0.0017460
v 0.0003020 0.0096986 0.0015183
v 0.0000000 0.0099219 0.0017802
v 0.0000000 0.0097234 0.0015480
v -0.0003473 0.0099467 0.0017460
v -0.0003020 0.0097482 0.0015183
v -0.0006813 0.0099715 0.0016447
v -0.0005924 0.0097730 0.0014302
v -0.0009890 0.0099963 0.0014802
v -0.0008600 0.0097979 0.0012871
v -0.0012588 0.0100211 0.0012588
v -0.0010946 0.0098227 0.0010946
v -0.0014802 0.0100459 0.0009890
v -0.0012871 0.0098475 0.0008600
v -0.0016447 0.0100707 0.0006813
v -0.0014302 0.0098723 0.0005924
v -0.0017460 0.0100955 0.0003473
v -0.0015183 0.0098971 0.0003020
v -0.0017802 0.0101203 -0.0000000
v -0.0015480 0.0099219 -0.0000000
v -0.0017460 0.0101451 -0.0003473
v -0.0015183 0.0099467 -0.0003020
v -0.0016447 0.0101699 -0.0006813
v -0.0014302 0.0099715 -0.0005924
v -0.0014802 0.0101947 -0.0009890
v -0.0012871 0.0099963 -0.0008600
v -0.0012588 0.0102195 -0.0012588
v -0.0010946 0.0100211 -0.0010946
v -0.0009890 0.0102443 -0.0014802
v -0.0008600 0.0100459 -0.0012871
v -0.0006813 0.0102691 -0.0016447
v -0.0005924 0.0100707 -0.0014302
v -0.0003473 0.0102939 -0.0017460
v -0.0003020 0.0100955 -0.0015183
v -0.0000000 0.0103187 -0.0017802
v -0.0000000 0.0101203 -0.0015480
v 0.0003473 0.0103436 -0.0017460
v 0.0003020 0.0101451 -0.0015183
v 0.0006813 0.0103684 -0.0016447
v 0.0005924 0.0101699 -0.0014302
v 0.0009890 0.0103932 -0.0014802
v 0.0008600 0.0101947 -0.0012871
v 0.0012588 0.0104180 -0.0012588
v 0.0010946 0.0102195 -0.0010946
v 0.0014802 0.0104428 -0.0009890
v 0.0012871 0.0102443 -0.0008600
v 0.0016447 0.0104676 -0.0006813
v 0.0014302 0.0102691 -0.0005924
v 0.0017460 0.0104924 -0.0003473
v 0.0015183 0.0102939 -0.0003020
v 0.0017802 0.0105172 0.0000000
v 0.0015480 0.0103187 0.0000000
v 0.0017460 0.0105420 0.0003473
v 0.0015183 0.0103436 0.0003020
v 0.0016447 0.0105668 0.0006813
v 0.0014302 0.0103684 0.0005924
v 0.0014802 0.0105916 0.0009890
v 0.0012871 0.0103932 0.0008600
v 0.0012588 0.0106164 0.0012588
v 0.0010946 0.0104180 0.0010946
v 0.0009890 0.0106412 0.0014802
v 0.0008600 0.0104428 0.0012871
v 0.0006813 0.0106660 0.0016447
v 0.0005924 0.0104676 0.0014302
v 0.0003473 0.0106908 0.0017460
v 0.0003020 0.0104924 0.0015183
v 0.0000000 0.0107156 0.0017802
v 0.0000000 0.0105172 0.0015480
v -0.0003473 0.0107404 0.0017460
v -0.0003020 0.0105420 0.0015183
v -0.0006813 0.0107652 0.0016447
v -0.0005924 0.0105668 0.0014302
v -0.0009890 0.0107900 0.0014802
v -0.0008600 0.0105916 0.0012871
v -0.0012588 0.0108148 0.0012588
v -0.0010946 0.0106164 0.0010946
v -0.0014802 0.0108396 0.0009890
v -0.0012871 0.0106412 0.0008600
v -0.0016447 0.0108645 0.0006813
v -0.0014302 0.0106660 0.0005924
v -0.0017460 0.0108893 0.0003473
v -0.0015183 0.0106908 0.0003020
v -0.0017802 0.0109141 0.0000000
v -0.0015480 0.0107156 0.0000000
v -0.0017460 0.0109389 -0.0003473
v -0.0015183 0.0107404 -0.0003020
v -0.0016447 0.0109637 -0.0006813
v -0.0014302 0.0107652 -0.0005924
v -0.0014802 0.0109885 -0.0009890
v -0.0012871 0.0107900 -0.0008600
v -0.0012588 0.0110133 -0.0012588
v -0.0010946 0.0108148 -0.0010946
v -0.0009890 0.0110381 -0.0014802
v -0.0008600 0.0108396 -0.0012871
v -0.0006813 0.0110629 -0.0016447
v -0.0005924 0.0108645 -0.0014302
v -0.0003473 0.0110877 -0.0017460
v -0.0003020 0.0108893 -0.0015183
v 0.0000000 0.0111125 -0.0017802
v 0.0000000 0.0109141 -0.0015480
v 0.0003473 0.0111373 -0.0017460
v 0.0003020 0.0109389 -0.0015183
v 0.0006813 0.0111621 -0.0016447
v 0.0005924 0.0109637 -0.0014302
v 0.0009890 0.0111869 -0.0014802
v 0.0008600 0.0109885 -0.0012871
v 0.0012588 0.0112117 -0.0012588
v 0.0010946 0.0110133 -0.0010946
v 0.0014802 0.0112365 -0.0009890
v 0.0012871 0.0110381 -0.0008600
v 0.0016447 0.0112613 -0.0006813
v 0.0014302 0.0110629 -0.0005924
v 0.0017460 0.0112861 -0.0003473
v 0.0015183 0.0110877 -0.0003020
v 0.0017802 0.0113109 -0.0000000
v 0.0015480 0.0111125 -0.0000000
v 0.0017460 0.0113357 0.0003473
v 0.0015183 0.0111373 0.0003020
v 0.0016447 0.0113605 0.0006813
v 0.0014302 0.0111621 0.0005924
v 0.0014802 0.0113854 0.0009890
v 0.0012871 0.0111869 0.0008600
v 0.0012588 0.0114102 0.0012588
v 0.0010946 0.0112117 0.0010946
v 0.0009890 0.0114350 0.0014802
v 0.0008600 0.0112365 0.0012871
v 0.0006813 0.0114598 0.0016447
v 0.0005924 0.0112613 0.0014302
v 0.0003473 0.0114846 0.0017460
v 0.0003020 0.0112861 0.0015183
v 0.0000000 0.0115094 0.0017802
v 0.0000000 0.0113109 0.0015480
v -0.0003473 0.0115342 0.0017460
v -0.0003020 0.0113357 0.0015183
v -0.0006813 0.0115590 0.0016447
v -0.0005924 0.0113605 0.0014302
v -0.0009890 0.0115838 0.0014802
v -0.0008600 0.0113854 0.0012871
v -0.0012588 0.0116086 0.0012588
v -0.0010946 0.0114102 0.0010946
v -0.0014802 0.0116334 0.0009890
v -0.0012871 0.0114350 0.0008600
v -0.0016447 0.0116582 0.0006813
v -0.0014302 0.0114598 0.0005924
v -0.0017460 0.0116830 0.0003473
v -0.0015183 0.0114846 0.0003020
v -0.0017802 0.0117078 -0.0000000
v -0.0015480 0.0115094 -0.0000000
v -0.0017460 0.0117326 -0.0003473
v -0.0015183 0.0115342 -0.0003020
v -0.0016447 0.0117574 -0.0006813
v -0.0014302 0.0115590 -0.0005924
v -0.0014802 0.0117822 -0.0009890
v -0.0012871 0.0115838 -0.0008600
v -0.0012588 0.0118070 -0.0012588
v -0.0010946 0.0116086 -0.0010946
v -0.0009890 0.0118318 -0.0014802
v -0.0008600 0.0116334 -0.0012871
v -0.0006813 0.0118566 -0.0016447
v -0.0005924 0.0116582 -0.0014302
v -0.0003473 0.0118814 -0.0017460
v -0.0003020 0.0116830 -0.0015183
v -0.0000000 0.0119063 -0.0017802
v -0.0000000 0.0117078 -0.0015480
v 0.0003473 0.0119311 -0.0017460
v 0.0003020 0.0117326 -0.0015183
v 0.0006813 0.0119559 -0.0016447
v 0.0005924 0.0117574 -0.0014302
v 0.0009890 0.0119807 -0.0014802
v 0.0008600 0.0117822 -0.0012871
v 0.0012588 0.0120055 -0.0012588
v 0.0010946 0.0118070 -0.0010946
v 0.0014802 0.0120303 -0.0009890
v 0.0012871 0.0118318 -0.0008600
v 0.0016447 0.0120551 -0.0006813
v 0.0014302 0.0118566 -0.0005924
v 0.0017460 0.0120799 -0.0003473
v 0.0015183 0.0118814 -0.0003020
v 0.0017802 0.0121047 -0.0000000
v 0.0015480 0.0119063 -0.0000000
v 0.0017460 0.0121295 0.0003473
v 0.0015183 0.0119311 0.0003020
v 0.0016447 0.0121543 0.0006813
v 0.0014302 0.0119559 0.0005924
v 0.0014802 0.0121791 0.0009890
v 0.0012871 0.0119807 0.0008600
v 0.0012588 0.0122039 0.0012588
v 0.0010946 0.0120055 0.0010946
v 0.0009890 0.0122287 0.0014802
v 0.0008600 0.0120303 0.0012871
v 0.0006813 0.0122535 0.0016447
v 0.0005924 0.0120551 0.0014302
v 0.0003473 0.0122783 0.0017460
v 0.0003020 0.0120799 0.0015183
v 0.0000000 0.0123031 0.0017802
v 0.0000000 0.0121047 0.0015480
v -0.0003473 0.0123279 0.0017460
v -0.0003020 0.0121295 0.0015183
v -0.0006813 0.0123527 0.0016447
v -0.0005924 0.0121543 0.0014302
v -0.0009890 0.0123775 0.0014802
v -0.0008600 0.0121791 0.0012871
v -0.0012588 0.0124023 0.0012588
v -0.0010946 0.0122039 0.0010946
v -0.0014802 0.0124271 0.0009890
v -0.0012871 0.0122287 0.0008600
v -0.0016447 0.0124520 0.0006813
v -0.0014302 0.0122535 0.0005924
v -0.0017460 0.0124768 0.0003473
v -0.0015183 0.0122783 0.0003020
v -0.0017802 0.0125016 0.0000000
v -0.0015480 0.0123031 0.0000000
v -0.0017460 0.0125264 -0.0003473
v -0.0015183 0.0123279 -0.0003020
v -0.0016447 0.0125512 -0.0006813
v -0.0014302 0.0123527 -0.0005924
v -0.0014802 0.0125760 -0.0009890
v -0.0012871 0.0123775 -0.0008600
v -0.0012588 0.0126008 -0.0012588
v -0.0010946 0.0124023 -0.0010946
v -0.0009890 0.0126256 -0.0014802
v -0.0008600 0.0124271 -0.0012871
v -0.0006813 0.0126504 -0.0016447
v -0.0005924 0.0124520 -0.0014302
v -0.0003473 0.0126752 -0.0017460
v -0.0003020 0.0124768 -0.0015183
v 0.0000000 0.0127000 -0.0017802
v 0.0000000 0.0125016 -0.0015480
v 0.0003473 0.0127248 -0.0017460
v 0.0003020 0.0125264 -0.0015183
v 0.0006813 0.0127496 -0.0016447
v 0.0005924 0.0125512 -0.0014302
v 0.0009890 0.0127744 -0.0014802
v 0.0008600 0.0125760 -0.0012871
v 0.0012588 0.0127992 -0.0012588
v 0.0010946 0.0126008 -0.0010946
v 0.0014802 0.0128240 -0.0009890
v 0.0012871 0.0126256 -0.0008600
v 0.0016447 0.0128488 -0.0006813
v 0.0014302 0.0126504 -0.0005924
v 0.0017460 0.0128736 -0.0003473
v 0.0015183 0.0126752 -0.0003020
v 0.0017802 0.0128984 -0.0000000
v 0.0015480 0.0127000 -0.0000000
v 0.0017460 0.0129232 0.0003473
v 0.0015183 0.0127248 0.0003020
v 0.0016447 0.0129480 0.0006813
v 0.0014302 0.0127496 0.0005924
v 0.0014802 0.0129729 0.0009890
v 0.0012871 0.0127744 0.0008600
v 0.0012588 0.0129977 0.0012588
v 0.0010946 0.0127992 0.0010946
v 0.0009890 0.0130225 0.0014802
v 0.0008600 0.0128240 0.0012871
v 0.0006813 0.0130473 0.0016447
v 0.0005924 0.0128488 0.0014302
v 0.0003473 0.0130721 0.0017460
v 0.0003020 0.0128736 0.0015183
v 0.0000000 0.0130969 0.0017802
v 0.0000000 0.0128984 0.0015480
v -0.0003473 0.0131217 0.0017460
v -0.0003020 0.0129232 0.0015183
v -0.0006813 0.0131465 0.0016447
v -0.0005924 0.0129480 0.0014302
v -0.0009890 0.0131713 0.0014802
v -0.0008600 0.0129729 0.0012871
v -0.0012588 0.0131961 0.0012588
v -0.0010946 0.0129977 0.0010946
v -0.0014802 0.0132209 0.0009890
v -0.0012871 0.0130225 0.0008600
v -0.0016447 0.0132457 0.0006813
v -0.0014302 0.0130473 0.0005924
v -0.0017460 0.0132705 0.0003473
v -0.0015183 0.0130721 0.0003020
v -0.0017802 0.0132953 0.0000000
v -0.0015480 0.0130969 0.0000000
v -0.0017460 0.0133201 -0.0003473
v -0.0015183 0.0131217 -0.0003020
v -0.0016447 0.0133449 -0.0006813
v -0.0014302 0.0131465 -0.0005924
v -0.0014802 0.0133697 -0.0009890
v -0.0012871 0.0131713 -0.0008600
v -0.0012588 0.0133945 -0.0012588
v -0.0010946 0.0131961 -0.0010946
v -0.0009890 0.0134193 -0.0014802
v -0.0008600 0.0132209 -0.0012871
v -0.0006813 0.0134441 -0.0016447
v -0.0005924 0.0132457 -0.0014302
v -0.0003473 0.0134689 -0.0017460
v -0.0003020 0.0132705 -0.0015183
v -0.0000000 0.0134938 -0.0017802
v -0.0000000 0.0132953 -0.0015480
v 0.0003473 0.0135186 -0.0017460
v 0.0003020 0.0133201 -0.0015183
v 0.0006813 0.0135434 -0.0016447
v 0.0005924 0.0133449 -0.0014302
v 0.0009890 0.0135682 -0.0014802
v 0.0008600 0.0133697 -0.0012871
v 0.0012588 0.0135930 -0.0012588
v 0.0010946 0.0133945 -0.0010946
v 0.0014802 0.0136178 -0.0009890
v 0.0012871 0.0134193 -0.0008600
v 0.0016447 0.0136426 -0.0006813
v 0.0014302 0.0134441 -0.0005924
v 0.0017460 0.0136674 -0.0003473
v 0.0015183 0.0134689 -0.0003020
v 0.0017802 0.0136922 0.0000000
v 0.0015480 0.0134937 0.0000000
v 0.0017460 0.0137170 0.0003473
v 0.0015183 0.0135186 0.0003020
v 0.0016447 0.0137418 0.0006813
v 0.0014302 0.0135434 0.0005924
v 0.0014802 0.0137666 0.0009890
v 0.0012871 0.0135682 0.0008600
v 0.0012588 0.0137914 0.0012588
v 0.0010946 0.0135930 0.0010946
v 0.0009890 0.0138162 0.0014802
v 0.0008600 0.0136178 0.0012871
v 0.0006813 0.0138410 0.0016447
v 0.0005924 0.0136426 0.0014302
v 0.0003473 0.0138658 0.0017460
v 0.0003020 0.0136674 0.0015183
v 0.0000000 0.0138906 0.0017802
v 0.0000000 0.0136922 0.0015480
v -0.0003473 0.0139154 0.0017460
v -0.0003020 0.0137170 0.0015183
v -0.0006813 0.0139402 0.0016447
v -0.0005924 0.0137418 0.0014302
v -0.0009890 0.0139650 0.0014802
v -0.0008600 0.0137666 0.0012871
v -0.0012588 0.0139898 0.0012588
v -0.0010946 0.0137914 0.0010946
v -0.0014802 0.0140146 0.0009890
v -0.0012871 0.0138162 0.0008600
v -0.0016447 0.0140395 0.0006813
v -0.0014302 0.0138410 0.0005924
v -0.0017460 0.0140643 0.0003473
v -0.0015183 0.0138658 0.0003020
v -0.0017802 0.0140891 0.0000000
v -0.0015480 0.0138906 0.0000000
v -0.0017460 0.0141139 -0.0003473
v -0.0015183 0.0139154 -0.0003020
v -0.0016447 0.0141387 -0.0006813
v -0.0014302 0.0139402 -0.0005924
v -0.0014802 0.0141635 -0.0009890
v -0.0012871 0.0139650 -0.0008600
v -0.0012588 0.0141883 -0.0012588
v -0.0010946 0.0139898 -0.0010946
v -0.0009890 0.0142131 -0.0014802
v -0.0008600 0.0140146 -0.0012871
v -0.0006813 0.0142379 -0.0016447
v -0.0005924 0.0140395 -0.0014302
v -0.0003473 0.0142627 -0.0017460
v -0.0003020 0.0140643 -0.0015183
v 0.0000000 0.0142875 -0.0017802
v 0.0000000 0.0140891 -0.0015480
v 0.0003473 0.0143123 -0.0017460
v 0.0003020 0.0141139 -0.0015183
v 0.0006813 0.0143371 -0.0016447
v 0.0005924 0.0141387 -0.0014302
v 0.0009890 0.0143619 -0.0014802
v 0.0008600 0.0141635 -0.0012871
v 0.0012588 0.0143867 -0.0012588
v 0.0010946 0.0141883 -0.0010946
v 0.0014802 0.0144115 -0.0009890
v 0.0012871 0.0142131 -0.0008600
v 0.0016447 0.0144363 -0.0006813
v 0.0014302 0.0142379 -0.0005924
v 0.0017460 0.0144611 -0.0003473
v 0.0015183 0.0142627 -0.0003020
v 0.0017802 0.0144859 -0.0000000
v 0.0015480 0.0142875 -0.0000000
v 0.0017460 0.0145107 0.0003473
v 0.0015183 0.0143123 0.0003020
v 0.0016447 0.0145355 0.0006813
v 0.0014302 0.0143371 0.0005924
v 0.0014802 0.0145604 0.0009890
v 0.0012871 0.0143619 0.0008600
v 0.0012588 0.0145852 0.0012588
v 0.0010946 0.0143867 0.0010946
v 0.0009890 0.0146100 0.0014802
v 0.0008600 0.0144115 0.0012871
v 0.0006813 0.0146348 0.0016447
v 0.0005924 0.0144363 0.0014302
v 0.0003473 0.0146596 0.0017460
v 0.0003020 0.0144611 0.0015183
v 0.0000000 0.0146844 0.0017802
v 0.0000000 0.0144859 0.0015480
v -0.0003473 0.0147092 0.0017460
v -0.0003020 0.0145107 0.0015183
v -0.0006813 0.0147340 0.0016447
v -0.0005924 0.0145355 0.0014302
v -0.0009890 0.0147588 0.0014802
v -0.0008600 0.0145604 0.0012871
v -0.0012588 0.0147836 0.0012588
v -0.0010946 0.0145852 0.0010946
v -0.0014802 0.0148084 0.0009890
v -0.0012871 0.0146100 0.0008600
v -0.0016447 0.0148332 0.0006813
v -0.0014302 0.0146348 0.0005924
v -0.0017460 0.0148580 0.0003473
v -0.0015183 0.0146596 0.0003020
v -0.0017802 0.0148828 0.0000000
v -0.0015480 0.0146844 0.0000000
v -0.0017460 0.0149076 -0.0003473
v -0.0015183 0.0147092 -0.0003020
v -0.0016447 0.0149324 -0.0006813
v -0.0014302 0.0147340 -0.0005924
v -0.0014802 0.0149572 -0.0009890
v -0.0012871 0.0147588 -0.0008600
v -0.0012588 0.0149820 -0.0012588
v -0.0010946 0.0147836 -0.0010946
v -0.0009890 0.0150068 -0.0014802
v -0.0008600 0.0148084 -0.0012871
v -0.0006813 0.0150316 -0.0016447
v -0.0005924 0.0148332 -0.0014302
v -0.0003473 0.0150564 -0.0017460
v -0.0003020 0.0148580 -0.0015183
v -0.0000000 0.0150813 -0.0017802
v -0.0000000 0.0148828 -0.0015480
v 0.0003473 0.0151061 -0.0017460
v 0.0003020 0.0149076 -0.0015183
v 0.0006813 0.0151309 -0.0016447
v 0.0005924 0.0149324 -0.0014302
v 0.0009890 0.0151557 -0.0014802
v 0.0008600 0.0149572 -0.0012871
v 0.0012588 0.0151805 -0.0012588
v 0.0010946 0.0149820 -0.0010946
v 0.0014802 0.0152053 -0.0009890
v 0.0012871 0.0150068 -0.0008600
v 0.0016447 0.0152301 -0.0006813
v 0.0014302 0.0150316 -0.0005924
v 0.0017460 0.0152549 -0.0003473
v 0.0015183 0.0150564 -0.0003020
v 0.0017802 0.0152797 -0.0000000
v 0.0015480 0.0150812 -0.0000000
v 0.0017460 0.0153045 0.0003473
v 0.0015183 0.0151061 0.0003020
v 0.0016447 0.0153293 0.0006813
v 0.0014302 0.0151309 0.0005924
v 0.0014802 0.0153541 0.0009890
v 0.0012871 0.0151557 0.0008600
v 0.0012588 0.0153789 0.0012588
v 0.0010946 0.0151805 0.0010946
v 0.0009890 0.0154037 0.0014802
v 0.0008600 0.0152053 0.0012871
v 0.0006813 0.0154285 0.0016447
v 0.0005924 0.0152301 0.0014302
v 0.0003473 0.0154533 0.0017460
v 0.0003020 0.0152549 0.0015183
v 0.0000000 0.0154781 0.0017802
v 0.0000000 0.0152797 0.0015480
v -0.0003473 0.0155029 0.0017460
v -0.0003020 0.0153045 0.0015183
v -0.0006813 0.0155277 0.0016447
v -0.0005924 0.0153293 0.0014302
v -0.0009890 0.0155525 0.0014802
v -0.0008600 0.0153541 0.0012871
v -0.0012588 0.0155773 0.0012588
v -0.0010946 0.0153789 0.0010946
v -0.0014802 0.0156021 0.0009890
v -0.0012871 0.0154037 0.0008600
v -0.0016447 0.0156270 0.0006813
v -0.0014302 0.0154285 0.0005924
v -0.0017460 0.0156518 0.0003473
v -0.0015183 0.0154533 0.0003020
v -0.0017802 0.0156766 0.0000000
v -0.0015480 0.0154781 0.0000000
v -0.0017460 0.0157014 -0.0003473
v -0.0015183 0.0155029 -0.0003020
v -0.0016447 0.0157262 -0.0006813
v -0.0014302 0.0155277 -0.0005924
v -0.0014802 0.0157510 -0.0009890
v -0.0012871 0.0155525 -0.0008600
v -0.0012588 0.0157758 -0.0012588
v -0.0010946 0.0155773 -0.0010946
v -0.0009890 0.0158006 -0.0014802
v -0.0008600 0.0156021 -0.0012871
v -0.0006813 0.0158254 -0.0016447
v -0.0005924 0.0156270 -0.0014302
v -0.0003473 0.0158502 -0.0017460
v -0.0003020 0.0156518 -0.0015183
v 0.0000000 0.0158750 -0.0017802
v 0.0000000 0.0156766 -0.0015480
v 0.0003473 0.0158998 -0.0017460
v 0.0003020 0.0157014 -0.0015183
v 0.0006813 0.0159246 -0.0016447
v 0.0005924 0.0157262 -0.0014302
v 0.0009890 0.0159494 -0.0014802
v 0.0008600 0.0157510 -0.0012871
v 0.0012588 0.0159742 -0.0012588
v 0.0010946 0.0157758 -0.0010946
v 0.0014802 0.0159990 -0.0009890
v 0.0012871 0.0158006 -0.0008600
v 0.0016447 0.0160238 -0.0006813
v 0.0014302 0.0158254 -0.0005924
v 0.0017460 0.0160486 -0.0003473
v 0.0015183 0.0158502 -0.0003020
v 0.0017802 0.0160734 -0.0000000
v 0.0015480 0.0158750 -0.0000000
v 0.0017460 0.0160982 0.0003473
v 0.0015183 0.0158998 0.0003020
v 0.0016447 0.0161230 0.0006813
v 0.0014302 0.0159246 0.0005924
v 0.0014802 0.0161479 0.0009890
v 0.0012871 0.0159494 0.0008600
v 0.0012588 0.0161727 0.0012588
v 0.0010946 0.0159742 0.0010946
v 0.0009890 0.0161975 0.0014802
v 0.0008600 0.0159990 0.0012871
v 0.0006813 0.0162223 0.0016447
v 0.0005924 0.0160238 0.0014302
v 0.0003473 0.0162471 0.0017460
v 0.0003020 0.0160486 0.0015183
v 0.0000000 0.0162719 0.0017802
v 0.0000000 0.0160734 0.0015480
v -0.0003473 0.0162967 0.0017460
v -0.0003020 0.0160982 0.0015183
v -0.0006813 0.0163215 0.0016447
v -0.0005924 0.0161230 0.0014302
v -0.0009890 0.0163463 0.0014802
v -0.0008600 0.0161479 0.0012871
v -0.0012588 0.0163711 0.0012588
v -0.0010946 0.0161727 0.0010946
v -0.0014802 0.0163959 0.0009890
v -0.0012871 0.0161975 0.0008600
v -0.0016447 0.0164207 0.0006813
v -0.0014302 0.0162223 0.0005924
v -0.0017460 0.0164455 0.0003473
v -0.0015183 0.0162471 0.0003020
v -0.0017802 0.0164703 0.0000000
v -0.0015480 0.0162719 0.0000000
v -0.0017460 0.0164951 -0.0003473
v -0.0015183 0.0162967 -0.0003020
v -0.0016447 0.0165199 -0.0006813
v -0.0014302 0.0163215 -0.0005924
v -0.0014802 0.0165447 -0.0009890
v -0.0012871 0.0163463 -0.0008600
v -0.0012588 0.0165695 -0.0012588
v -0.0010946 0.0163711 -0.0010946
v -0.0009890 0.0165943 -0.0014802
v -0.0008600 0.0163959 -0.0012871
v -0.0006813 0.0166191 -0.0016447
v -0.0005924 0.0164207 -0.0014302
v -0.0003473 0.0166439 -0.0017460
v -0.0003020 0.0164455 -0.0015183
v 0.0000000 0.0166687 -0.0017802
v 0.0000000 0.0164703 -0.0015480
v 0.0003473 0.0166936 -0.0017460
v 0.0003020 0.0164951 -0.0015183
v 0.0006813 0.0167184 -0.0016447
v 0.0005924 0.0165199 -0.0014302
v 0.0009890 0.0167432 -0.0014802
v 0.0008600 0.0165447 -0.0012871
v 0.0012588 0.0167680 -0.0012588
v 0.0010946 0.0165695 -0.0010946
v 0.0014802 0.0167928 -0.0009890
v 0.0012871 0.0165943 -0.0008600
v 0.0016447 0.0168176 -0.0006813
v 0.0014302 0.0166191 -0.0005924
v 0.0017460 0.0168424 -0.0003473
v 0.0015183 0.0166439 -0.0003020
v 0.0017802 0.0168672 0.0000000
v 0.0015480 0.0166687 0.0000000
v 0.0017460 0.0168920 0.0003473
v 0.0015183 0.0166936 0.0003020
v 0.0016447 0.0169168 0.0006813
v 0.0014302 0.0167184 0.0005924
v 0.0014802 0.0169416 0.0009890
v 0.0012871 0.0167432 0.0008600
v 0.0012588 0.0169664 0.0012588
v 0.0010946 0.0167680 0.0010946
v 0.0009890 0.0169912 0.0014802
v 0.0008600 0.0167928 0.0012871
v 0.0006813 0.0170160 0.0016447
v 0.0005924 0.0168176 0.0014302
v 0.0003473 0.0170408 0.0017460
v 0.0003020 0.0168424 0.0015183
v 0.0000000 0.0170656 0.0017802
v 0.0000000 0.0168672 0.0015480
v -0.0003473 0.0170904 0.0017460
v -0.0003020 0.0168920 0.0015183
v -0.0006813 0.0171152 0.0016447
v -0.0005924 0.0169168 0.0014302
v -0.0009890 0.0171400 0.0014802
v -0.0008600 0.0169416 0.0012871
v -0.0012588 0.0171648 0.0012588
v -0.0010946 0.0169664 0.0010946
v -0.0014802 0.0171896 0.0009890
v -0.0012871 0.0169912 0.0008600
v -0.0016447 0.0172145 0.0006813
v -0.0014302 0.0170160 0.0005924
v -0.0017460 0.0172393 0.0003473
v -0.0015183 0.0170408 0.0003020
v -0.0017802 0.0172641 0.0000000
v -0.0015480 0.0170656 0.0000000
v -0.0017460 0.0172889 -0.0003473
v -0.0015183 0.0170904 -0.0003020
v -0.0016447 0.0173137 -0.0006813
v -0.0014302 0.0171152 -0.0005924
v -0.0014802 0.0173385 -0.0009890
v -0.0012871 0.0171400 -0.0008600
v -0.0012588 0.0173633 -0.0012588
v -0.0010946 0.0171648 -0.0010946
v -0.0009890 0.0173881 -0.0014802
v -0.0008600 0.0171896 -0.0012871
v -0.0006813 0.0174129 -0.0016447
v -0.0005924 0.0172145 -0.0014302
v -0.0003473 0.0174377 -0.0017460
v -0.0003020 0.0172393 -0.0015183
v -0.0000000 0.0174625 -0.0017802
v -0.0000000 0.0172641 -0.0015480
v 0.0003473 0.0174873 -0.0017460
v 0.0003020 0.0172889 -0.0015183
v 0.0006813 0.0175121 -0.0016447
v 0.0005924 0.0173137 -0.0014302
v 0.0009890 0.0175369 -0.0014802
v 0.0008600 0.0173385 -0.0012871
v 0.0012588 0.0175617 -0.0012588
v 0.0010946 0.0173633 -0.0010946
v 0.0014802 0.0175865 -0.0009890
v 0.0012871 0.0173881 -0.0008600
v 0.0016447 0.0176113 -0.0006813
v 0.0014302 0.0174129 -0.0005924
v 0.0017460 0.0176361 -0.0003473
v 0.0015183 0.0174377 -0.0003020
v 0.0017802 0.0176609 -0.0000000
v 0.0015480 0.0174625 -0.0000000
v 0.0017460 0.0176857 0.0003473
v 0.0015183 0.0174873 0.0003020
v 0.0016447 0.0177105 0.0006813
v 0.0014302 0.0175121 0.0005924
v 0.0014802 0.0177354 0.0009890
v 0.0012871 0.0175369 0.0008600
v 0.0012588 0.0177602 0.0012588
v 0.0010946 0.0175617 0.0010946
v 0.0009890 0.0177850 0.0014802
v 0.0008600 0.0175865 0.0012871
v 0.0006813 0.0178098 0.0016447
v 0.0005924 0.0176113 0.0014302
v 0.0003473 0.0178346 0.0017460
v 0.0003020 0.0176361 0.0015183
v -0.0000000 0.0178594 0.0017802
v -0.0000000 0.0176609 0.0015480
v -0.0003473 0.0178842 0.0017460
v -0.0003020 0.0176857 0.0015183
v -0.0006813 0.0179090 0.0016447
v -0.0005924 0.0177105 0.0014302
v -0.0009890 0.0179338 0.0014802
v -0.0008600 0.0177354 0.0012871
v -0.0012588 0.0179586 0.0012588
v -0.0010946 0.0177602 0.0010946
v -0.0014802 0.0179834 0.0009890
v -0.0012871 0.0177850 0.0008600
v -0.0016447 0.0180082 0.0006813
v -0.0014302 0.0178098 0.0005924
v -0.0017460 0.0180330 0.0003473
v -0.0015183 0.0178346 0.0003020
v -0.0017802 0.0180578 0.0000000
v -0.0015480 0.0178594 0.0000000
v -0.0017460 0.0180826 -0.0003473
v -0.0015183 0.0178842 -0.0003020
v -0.0016447 0.0181074 -0.0006813
v -0.0014302 0.0179090 -0.0005924
v -0.0014802 0.0181322 -0.0009890
v -0.0012871 0.0179338 -0.0008600
v -0.0012588 0.0181570 -0.0012588
v -0.0010946 0.0179586 -0.0010946
v -0.0009890 0.0181818 -0.0014802
v -0.0008600 0.0179834 -0.0012871
v -0.0006813 0.0182066 -0.0016447
v -0.0005924 0.0180082 -0.0014302
v -0.0003473 0.0182314 -0.0017460
v -0.0003020 0.0180330 -0.0015183
v -0.0000000 0.0182562 -0.0017802
v -0.0000000 0.0180578 -0.0015480
v 0.0003473 0.0182811 -0.0017460
v 0.0003020 0.0180826 -0.0015183
v 0.0006813 0.0183059 -0.0016447
v 0.0005924 0.0181074 -0.0014302
v 0.0009890 0.0183307 -0.0014802
v 0.0008600 0.0181322 -0.0012871
v 0.0012588 0.0183555 -0.0012588
v 0.0010946 0.0181570 -0.0010946
v 0.0014802 0.0183803 -0.0009890
v 0.0012871 0.0181818 -0.0008600
v 0.0016447 0.0184051 -0.0006813
v 0.0014302 0.0182066 -0.0005924
v 0.0017460 0.0184299 -0.0003473
v 0.0015183 0.0182314 -0.0003020
v 0.0017802 0.0184547 -0.0000000
v 0.0015480 0.0182562 -0.0000000
v 0.0017460 0.0184795 0.0003473
v 0.0015183 0.0182811 0.0003020
v 0.0016447 0.0185043 0.0006813
v 0.0014302 0.0183059 0.0005924
v 0.0014802 0.0185291 0.0009890
v 0.0012871 0.0183307 0.0008600
v 0.0012588 0.0185539 0.0012588
v 0.0010946 0.0183555 0.0010946
v 0.0009890 0.0185787 0.0014802
v 0.0008600 0.0183803 0.0012871
v 0.0006813 0.0186035 0.0016447
v 0.0005924 0.0184051 0.0014302
v 0.0003473 0.0186283 0.0017460
v 0.0003020 0.0184299 0.0015183
v 0.0000000 0.0186531 0.0017802
v 0.0000000 0.0184547 0.0015480
v -0.0003473 0.0186779 0.0017460
v -0.0003020 0.0184795 0.0015183
v -0.0006813 0.0187027 0.0016447
v -0.0005924 0.0185043 0.0014302
v -0.0009890 0.0187275 0.0014802
v -0.0008600 0.0185291 0.0012871
v -0.0012588 0.0187523 0.0012588
v -0.0010946 0.0185539 0.0010946
v -0.0014802 0.0187771 0.0009890
v -0.0012871 0.0185787 0.0008600
v -0.0016447 0.0188020 0.0006813
v -0.0014302 0.0186035 0.0005924
v -0.0017460 0.0188268 0.0003473
v -0.0015183 0.0186283 0.0003020
v -0.0017802 0.0188516 -0.0000000
v -0.0015480 0.0186531 -0.0000000
v -0.0017460 0.0188764 -0.0003473
v -0.0015183 0.0186779 -0.0003020
v -0.0016447 0.0189012 -0.0006813
v -0.0014302 0.0187027 -0.0005924
v -0.0014802 0.0189260 -0.0009890
v -0.0012871 0.0187275 -0.0008600
v -0.0012588 0.0189508 -0.0012588
v -0.0010946 0.0187523 -0.0010946
v -0.0009890 0.0189756 -0.0014802
v -0.0008600 0.0187771 -0.0012871
v -0.0006813 0.0190004 -0.0016447
v -0.0005924 0.0188020 -0.0014302
v -0.0003473 0.0190252 -0.0017460
v -0.0003020 0.0188268 -0.0015183
v -0.0000000 0.0190500 -0.0017802
v -0.0000000 0.0188516 -0.0015480
v 0.0003473 0.0190748 -0.0017460
v 0.0003020 0.0188764 -0.0015183
v 0.0006813 0.0190996 -0.0016447
v 0.0005924 0.0189012 -0.0014302
v 0.0009890 0.0191244 -0.0014802
v 0.0008600 0.0189260 -0.0012871
v 0.0012588 0.0191492 -0.0012588
v 0.0010946 0.0189508 -0.0010946
v 0.0014802 0.0191740 -0.0009890
v 0.0012871 0.0189756 -0.0008600
v 0.0016447 0.0191988 -0.0006813
v 0.0014302 0.0190004 -0.0005924
v 0.0017460 0.0192236 -0.0003473
v 0.0015183 0.0190252 -0.0003020
v 0.0017802 0.0192484 -0.0000000
v 0.0015480 0.0190500 -0.0000000
v 0.0017460 0.0192732 0.0003473
v 0.0015183 0.0190748 0.0003020
v 0.0016447 0.0192980 0.0006813
v 0.0014302 0.0190996 0.0005924
v 0.0014802 0.0193229 0.0009890
v 0.0012871 0.0191244 0.0008600
v 0.0012588 0.0193477 0.0012588
v 0.0010946 0.0191492 0.0010946
v 0.0009890 0.0193725 0.0014802
v 0.0008600 0.0191740 0.0012871
v 0.0006813 0.0193973 0.0016447
v 0.0005924 0.0191988 0.0014302
v 0.0003473 0.0194221 0.0017460
v 0.0003020 0.0192236 0.0015183
v 0.0000000 0.0194469 0.0017802
v 0.0000000 0.0192484 0.0015480
v -0.0003473 0.0194717 0.0017460
v -0.0003020 0.0192732 0.0015183
v -0.0006813 0.0194965 0.0016447
v -0.0005924 0.0192980 0.0014302
v -0.0009890 0.0195213 0.0014802
v -0.0008600 0.0193229 0.0012871
v -0.0012588 0.0195461 0.0012588
v -0.0010946 0.0193477 0.0010946
v -0.0014802 0.0195709 0.0009890
v -0.0012871 0.0193725 0.0008600
v -0.0016447 0.0195957 0.0006813
v -0.0014302 0.0193973 0.0005924
v -0.0017460 0.0196205 0.0003473
v -0.0015183 0.0194221 0.0003020
v -0.0017802 0.0196453 0.0000000
v -0.0015480 0.0194469 0.0000000
v -0.0017460 0.0196701 -0.0003473
v -0.0015183 0.0194717 -0.0003020
v -0.0016447 0.0196949 -0.0006813
v -0.0014302 0.0194965 -0.0005924
v -0.0014802 0.0197197 -0.0009890
v -0.0012871 0.0195213 -0.0008600
v -0.0012588 0.0197445 -0.0012588
v -0.0010946 0.0195461 -0.0010946
v -0.0009890 0.0197693 -0.0014802
v -0.0008600 0.0195709 -0.0012871
v -0.0006813 0.0197941 -0.0016447
v -0.0005924 0.0195957 -0.0014302
v -0.0003473 0.0198189 -0.0017460
v -0.0003020 0.0196205 -0.0015183
v 0.0000000 0.0198437 -0.0017802
v 0.0000000 0.0196453 -0.0015480
v 0.0003473 0.0198686 -0.0017460
v 0.0003020 0.0196701 -0.0015183
v 0.0006813 0.0198934 -0.0016447
v 0.0005924 0.0196949 -0.0014302
v 0.0009890 0.0199182 -0.0014802
v 0.0008600 0.0197197 -0.0012871
v 0.0012588 0.0199430 -0.0012588
v 0.0010946 0.0197445 -0.0010946
v 0.0014802 0.0199678 -0.0009890
v 0.0012871 0.0197693 -0.0008600
v 0.0016447 0.0199926 -0.0006813
v 0.0014302 0.0197941 -0.0005924
v 0.0017460 0.0200174 -0.0003473
v 0.0015183 0.0198189 -0.0003020
v 0.0017802 0.0200422 0.0000000
v 0.0015480 0.0198438 0.0000000
v 0.0017460 0.0200670 0.0003473
v 0.0015183 0.0198686 0.0003020
v 0.0016447 0.0200918 0.0006813
v 0.0014302 0.0198934 0.0005924
v 0.0014802 0.0201166 0.0009890
v 0.0012871 0.0199182 0.0008600
v 0.0012588 0.0201414 0.0012588
v 0.0010946 0.0199430 0.0010946
v 0.0009890 0.0201662 0.0014802
v 0.0008600 0.0199678 0.0012871
v 0.0006813 0.0201910 0.0016447
v 0.0005924 0.0199926 0.0014302
v 0.0003473 0.0202158 0.0017460
v 0.0003020 0.0200174 0.0015183
v 0.0000000 0.0202406 0.0017802
v 0.0000000 0.0200422 0.0015480
v -0.0003473 0.0202654 0.0017460
v -0.0003020 0.0200670 0.0015183
v -0.0006813 0.0202902 0.0016447
v -0.0005924 0.0200918 0.0014302
v -0.0009890 0.0203150 0.0014802
v -0.0008600 0.0201166 0.0012871
v -0.0012588 0.0203398 0.0012588
v -0.0010946 0.0201414 0.0010946
v -0.0014802 0.0203646 0.0009890
v -0.0012871 0.0201662 0.0008600
v -0.0016447 0.0203895 0.0006813
v -0.0014302 0.0201910 0.0005924
v -0.0017460 0.0204143 0.0003473
v -0.0015183 0.0202158 0.0003020
v -0.0017802 0.0204391 0.0000000
v -0.0015480 0.0202406 0.0000000
v -0.0017460 0.0204639 -0.0003473
v -0.0015183 0.0202654 -0.0003020
v -0.0016447 0.0204887 -0.0006813
v -0.0014302 0.0202902 -0.0005924
v -0.0014802 0.0205135 -0.0009890
v -0.0012871 0.0203150 -0.0008600
v -0.0012588 0.0205383 -0.0012588
v -0.0010946 0.0203398 -0.0010946
v -0.0009890 0.0205631 -0.0014802
v -0.0008600 0.0203646 -0.0012871
v -0.0006813 0.0205879 -0.0016447
v -0.0005924 0.0203895 -0.0014302
v -0.0003473 0.0206127 -0.0017460
v -0.0003020 0.0204143 -0.0015183
v -0.0000000 0.0206375 -0.0017802
v -0.0000000 0.0204391 -0.0015480
v 0.0003473 0.0206623 -0.0017460
v 0.0003020 0.0204639 -0.0015183
v 0.0006813 0.0206871 -0.0016447
v 0.0005924 0.0204887 -0.0014302
v 0.0009890 0.0207119 -0.0014802
v 0.0008600 0.0205135 -0.0012871
v 0.0012588 0.0207367 -0.0012588
v 0.0010946 0.0205383 -0.0010946
v 0.0014802 0.0207615 -0.0009890
v 0.0012871 0.0205631 -0.0008600
v 0.0016447 0.0207863 -0.0006813
v 0.0014302 0.0205879 -0.0005924
v 0.0017460 0.0208111 -0.0003473
v 0.0015183 0.0206127 -0.0003020
v 0.0017802 0.0208359 0.0000000
v 0.0015480 0.0206375 0.0000000
v 0.0017460 0.0208607 0.0003473
v 0.0015183 0.0206623 0.0003020
v 0.0016447 0.0208855 0.0006813
v 0.0014302 0.0206871 0.0005924
v 0.0014802 0.0209104 0.0009890
v 0.0012871 0.0207119 0.0008600
v 0.0012588 0.0209352 0.0012588
v 0.0010946 0.0207367 0.0010946
v 0.0009890 0.0209600 0.0014802
v 0.0008600 0.0207615 0.0012871
v 0.0006813 0.0209848 0.0016447
v 0.0005924 0.0207863 0.0014302
v 0.0003473 0.0210096 0.0017460
v 0.0003020 0.0208111 0.0015183
v -0.0000000 0.0210344 0.0017802
v -0.0000000 0.0208359 0.0015480
v -0.0003473 0.0210592 0.0017460
v -0.0003020 0.0208607 0.0015183
v -0.0006813 0.0210840 0.0016447
v -0.0005924 0.0208855 0.0014302
v -0.0009890 0.0211088 0.0014802
v -0.0008600 0.0209104 0.0012871
v -0.0012588 0.0211336 0.0012588
v -0.0010946 0.0209352 0.0010946
v -0.0014802 0.0211584 0.0009890
v -0.0012871 0.0209600 0.0008600
v -0.0016447 0.0211832 0.0006813
v -0.0014302 0.0209848 0.0005924
v -0.0017460 0.0212080 0.0003473
v -0.0015183 0.0210096 0.0003020
v -0.0017802 0.0212328 0.0000000
v -0.0015480 0.0210344 0.0000000
v -0.0017460 0.0212576 -0.0003473
v -0.0015183 0.0210592 -0.0003020
v -0.0016447 0.0212824 -0.0006813
v -0.0014302 0.0210840 -0.0005924
v -0.0014802 0.0213072 -0.0009890
v -0.0012871 0.0211088 -0.0008600
v -0.0012588 0.0213320 -0.0012588
v -0.0010946 0.0211336 -0.0010946
v -0.0009890 0.0213568 -0.0014802
v -0.0008600 0.0211584 -0.0012871
v -0.0006813 0.0213816 -0.0016447
v -0.0005924 0.0211832 -0.0014302
v -0.0003473 0.0214064 -0.0017460
v -0.0003020 0.0212080 -0.0015183
v -0.0000000 0.0214312 -0.0017802
v -0.0000000 0.0212328 -0.0015480
v 0.0003473 0.0214561 -0.0017460
v 0.0003020 0.0212576 -0.0015183
v 0.0006813 0.0214809 -0.0016447
v 0.0005924 0.0212824 -0.0014302
v 0.0009890 0.0215057 -0.0014802
v 0.0008600 0.0213072 -0.0012871
v 0.0012588 0.0215305 -0.0012588
v 0.0010946 0.0213320 -0.0010946
v 0.0014802 0.0215553 -0.0009890
v 0.0012871 0.0213568 -0.0008600
v 0.0016447 0.0215801 -0.0006813
v 0.0014302 0.0213816 -0.0005924
v 0.0017460 0.0216049 -0.0003473
v 0.0015183 0.0214064 -0.0003020
v 0.0017802 0.0216297 -0.0000000
v 0.0015480 0.0214312 -0.0000000
v 0.0017460 0.0216545 0.0003473
v 0.0015183 0.0214561 0.0003020
v 0.0016447 0.0216793 0.0006813
v 0.0014302 0.0214809 0.0005924
v 0.0014802 0.0217041 0.0009890
v 0.0012871 0.0215057 0.0008600
v 0.0012588 0.0217289 0.0012588
v 0.0010946 0.0215305 0.0010946
v 0.0009890 0.0217537 0.0014802
v 0.0008600 0.0215553 0.0012871
v 0.0006813 0.0217785 0.0016447
v 0.0005924 0.0215801 0.0014302
v 0.0003473 0.0218033 0.0017460
v 0.0003020 0.0216049 0.0015183
v 0.0000000 0.0218281 0.0017802
v 0.0000000 0.0216297 0.0015480
v -0.0003473 0.0218529 0.0017460
v -0.0003020 0.0216545 0.0015183
v -0.0006813 0.0218777 0.0016447
v -0.0005924 0.0216793 0.0014302
v -0.0009890 0.0219025 0.0014802
v -0.0008600 0.0217041 0.0012871
v -0.0012588 0.0219273 0.0012588
v -0.0010946 0.0217289 0.0010946
v -0.0014802 0.0219521 0.0009890
v -0.0012871 0.0217537 0.0008600
v -0.0016447 0.0219770 0.0006813
v -0.0014302 0.0217785 0.0005924
v -0.0017460 0.0220018 0.0003473
v -0.0015183 0.0218033 0.0003020
v -0.0017802 0.0220266 -0.0000000
v -0.0015480 0.0218281 -0.0000000
v -0.0017460 0.0220514 -0.0003473
v -0.0015183 0.0218529 -0.0003020
v -0.0016447 0.0220762 -0.0006813
v -0.0014302 0.0218777 -0.0005924
v -0.0014802 0.0221010 -0.0009890
v -0.0012871 0.0219025 -0.0008600
v -0.0012588 0.0221258 -0.0012588
v -0.0010946 0.0219273 -0.0010946
v -0.0009890 0.0221506 -0.0014802
v -0.0008600 0.0219521 -0.0012871
v -0.0006813 0.0221754 -0.0016447
v -0.0005924 0.0219770 -0.0014302
v -0.0003473 0.0222002 -0.0017460
v -0.0003020 0.0220018 -0.0015183
v -0.0000000 0.0222250 -0.0017802
v -0.0000000 0.0220266 -0.0015480
v 0.0003473 0.0222498 -0.0017460
v 0.0003020 0.0220514 -0.0015183
v 0.0006813 0.0222746 -0.0016447
v 0.0005924 0.0220762 -0.0014302
v 0.0009890 0.0222994 -0.0014802
v 0.0008600 0.0221010 -0.0012871
v 0.0012588 0.0223242 -0.0012588
v 0.0010946 0.0221258 -0.0010946
v 0.0014802 0.0223490 -0.0009890
v 0.0012871 0.0221506 -0.0008600
v 0.0016447 0.0223738 -0.0006813
v 0.0014302 0.0221754 -0.0005924
v 0.0017460 0.0223986 -0.0003473
v 0.0015183 0.0222002 -0.0003020
v 0.0017802 0.0224234 -0.0000000
v 0.0015480 0.0222250 -0.0000000
v 0.0017460 0.0224482 0.0003473
v 0.0015183 0.0222498 0.0003020
v 0.0016447 0.0224730 0.0006813
v 0.0014302 0.0222746 0.0005924
v 0.0014802 0.0224979 0.0009890
v 0.0012871 0.0222994 0.0008600
v 0.0012588 0.0225227 0.0012588
v 0.0010946 0.0223242 0.0010946
v 0.0009890 0.0225475 0.0014802
v 0.0008600 0.0223490 0.0012871
v 0.0006813 0.0225723 0.0016447
v 0.0005924 0.0223738 0.0014302
v 0.0003473 0.0225971 0.0017460
v 0.0003020 0.0223986 0.0015183
v 0.0000000 0.0226219 0.0017802
v 0.0000000 0.0224234 0.0015480
v -0.0003473 0.0226467 0.0017460
v -0.0003020 0.0224482 0.0015183
v -0.0006813 0.0226715 0.0016447
v -0.0005924 0.0224730 0.0014302
v -0.0009890 0.0226963 0.0014802
v -0.0008600 0.0224979 0.0012871
v -0.0012588 0.0227211 0.0012588
v -0.0010946 0.0225227 0.0010946
v -0.0014802 0.0227459 0.0009890
v -0.0012871 0.0225475 0.0008600
v -0.0016447 0.0227707 0.0006813
v -0.0014302 0.0225723 0.0005924
v -0.0017460 0.0227955 0.0003473
v -0.0015183 0.0225971 0.0003020
v -0.0017802 0.0228203 0.0000000
v -0.0015480 0.0226219 0.0000000
v -0.0017460 0.0228451 -0.0003473
v -0.0015183 0.0226467 -0.0003020
v -0.0016447 0.0228699 -0.0006813
v -0.0014302 0.0226715 -0.0005924
v -0.0014802 0.0228947 -0.0009890
v -0.0012871 0.0226963 -0.0008600
v -0.0012588 0.0229195 -0.0012588
v -0.0010946 0.0227211 -0.0010946
v -0.0009890 0.0229443 -0.0014802
v -0.0008600 0.0227459 -0.0012871
v -0.0006813 0.0229691 -0.0016447
v -0.0005924 0.0227707 -0.0014302
v -0.0003473 0.0229939 -0.0017460
v -0.0003020 0.0227955 -0.0015183
v 0.0000000 0.0230187 -0.0017802
v 0.0000000 0.0228203 -0.0015480
v 0.0003473 0.0230436 -0.0017460
v 0.0003020 0.0228451 -0.0015183
v 0.0006813 0.0230684 -0.0016447
v 0.0005924 0.0228699 -0.0014302
v 0.0009890 0.0230932 -0.0014802
v 0.0008600 0.0228947 -0.0012871
v 0.0012588 0.0231180 -0.0012588
v 0.0010946 0.0229195 -0.0010946
v 0.0014802 0.0231428 -0.0009890
v 0.0012871 0.0229443 -0.0008600
v 0.0016447 0.0231676 -0.0006813
v 0.0014302 0.0229691 -0.0005924
v 0.0017460 0.0231924 -0.0003473
v 0.0015183 0.0229939 -0.0003020
v 0.0017802 0.0232172 0.0000000
v 0.0015480 0.0230187 0.0000000
v 0.0017460 0.0232420 0.0003473
v 0.0015183 0.0230436 0.0003020
v 0.0016447 0.0232668 0.0006813
v 0.0014302 0.0230684 0.0005924
v 0.0014802 0.0232916 0.0009890
v 0.0012871 0.0230932 0.0008600
v 0.0012588 0.0233164 0.0012588
v 0.0010946 0.0231180 0.0010946
v 0.0009890 0.0233412 0.0014802
v 0.0008600 0.0231428 0.0012871
v 0.0006813 0.0233660 0.0016447
v 0.0005924 0.0231676 0.0014302
v 0.0003473 0.0233908 0.0017460
v 0.0003020 0.0231924 0.0015183
v 0.0000000 0.0234156 0.0017802
v 0.0000000 0.0232172 0.0015480
v -0.0003473 0.0234404 0.0017460
v -0.0003020 0.0232420 0.0015183
v -0.0006813 0.0234652 0.0016447
v -0.0005924 0.0232668 0.0014302
v -0.0009890 0.0234900 0.0014802
v -0.0008600 0.0232916 0.0012871
v -0.0012588 0.0235148 0.0012588
v -0.0010946 0.0233164 0.0010946
v -0.0014802 0.0235396 0.0009890
v -0.0012871 0.0233412 0.0008600
v -0.0016447 0.0235645 0.0006813
v -0.0014302 0.0233660 0.0005924
v -0.0017460 0.0235893 0.0003473
v -0.0015183 0.0233908 0.0003020
v -0.0017802 0.0236141 0.0000000
v -0.0015480 0.0234156 0.0000000
v -0.0017460 0.0236389 -0.0003473
v -0.0015183 0.0234404 -0.0003020
v -0.0016447 0.0236637 -0.0006813
v -0.0014302 0.0234652 -0.0005924
v -0.0014802 0.0236885 -0.0009890
v -0.0012871 0.0234900 -0.0008600
v -0.0012588 0.0237133 -0.0012588
v -0.0010946 0.0235148 -0.0010946
v -0.0009890 0.0237381 -0.0014802
v -0.0008600 0.0235396 -0.0012871
v -0.0006813 0.0237629 -0.0016447
v -0.0005924 0.0235645 -0.0014302
v -0.0003473 0.0237877 -0.0017460
v -0.0003020 0.0235893 -0.0015183
v -0.0000000 0.0238125 -0.0017802
v -0.0000000 0.0236141 -0.0015480
v 0.0003473 0.0238373 -0.0017460
v 0.0003020 0.0236389 -0.0015183
v 0.0006813 0.0238621 -0.0016447
v 0.0005924 0.0236637 -0.0014302
v 0.0009890 0.0238869 -0.0014802
v 0.0008600 0.0236885 -0.0012871
v 0.0012588 0.0239117 -0.0012588
v 0.0010946 0.0237133 -0.0010946
v 0.0014802 0.0239365 -0.0009890
v 0.0012871 0.0237381 -0.0008600
v 0.0016447 0.0239613 -0.0006813
v 0.0014302 0.0237629 -0.0005924
v 0.0017460 0.0239861 -0.0003473
v 0.0015183 0.0237877 -0.0003020
v 0.0017802 0.0240109 -0.0000000
v 0.0015480 0.0238125 -0.0000000
v 0.0017460 0.0240357 0.0003473
v 0.0015183 0.0238373 0.0003020
v 0.0016447 0.0240605 0.0006813
v 0.0014302 0.0238621 0.0005924
v 0.0014802 0.0240854 0.0009890
v 0.0012871 0.0238869 0.0008600
v 0.0012588 0.0241102 0.0012588
v 0.0010946 0.0239117 0.0010946
v 0.0009890 0.0241350 0.0014802
v 0.0008600 0.0239365 0.0012871
v 0.0006813 0.0241598 0.0016447
v 0.0005924 0.0239613 0.0014302
v 0.0003473 0.0241846 0.0017460
v 0.0003020 0.0239861 0.0015183
v -0.0000000 0.0242094 0.0017802
v -0.0000000 0.0240109 0.0015480
v -0.0003473 0.0242342 0.0017460
v -0.0003020 0.0240357 0.0015183
v -0.0006813 0.0242590 0.0016447
v -0.0005924 0.0240605 0.0014302
v -0.0009890 0.0242838 0.0014802
v -0.0008600 0.0240854 0.0012871
v -0.0012588 0.0243086 0.0012588
v -0.0010946 0.0241102 0.0010946
v -0.0014802 0.0243334 0.0009890
v -0.0012871 0.0241350 0.0008600
v -0.0016447 0.0243582 0.0006813
v -0.0014302 0.0241598 0.0005924
v -0.0017460 0.0243830 0.0003473
v -0.0015183 0.0241846 0.0003020
v -0.0017802 0.0244078 0.0000000
v -0.0015480 0.0242094 0.0000000
v -0.0017460 0.0244326 -0.0003473
v -0.0015183 0.0242342 -0.0003020
v -0.0016447 0.0244574 -0.0006813
v -0.0014302 0.0242590 -0.0005924
v -0.0014802 0.0244822 -0.0009890
v -0.0012871 0.0242838 -0.0008600
v -0.0012588 0.0245070 -0.0012588
v -0.0010946 0.0243086 -0.0010946
v -0.0009890 0.0245318 -0.0014802
v -0.0008600 0.0243334 -0.0012871
v -0.0006813 0.0245566 -0.0016447
v -0.0005924 0.0243582 -0.0014302
v -0.0003473 0.0245814 -0.0017460
v -0.0003020 0.0243830 -0.0015183
v -0.0000000 0.0246062 -0.0017802
v -0.0000000 0.0244078 -0.0015480
v 0.0003473 0.0246311 -0.0017460
v 0.0003020 0.0244326 -0.0015183
v 0.0006813 0.0246559 -0.0016447
v 0.0005924 0.0244574 -0.0014302
v 0.0009890 0.0246807 -0.0014802
v 0.0008600 0.0244822 -0.0012871
v 0.0012588 0.0247055 -0.0012588
v 0.0010946 0.0245070 -0.0010946
v 0.0014802 0.0247303 -0.0009890
v 0.0012871 0.0245318 -0.0008600
v 0.0016447 0.0247551 -0.0006813
v 0.0014302 0.0245566 -0.0005924
v 0.0017460 0.0247799 -0.0003473
v 0.0015183 0.0245814 -0.0003020
v 0.0017802 0.0248047 -0.0000000
v 0.0015480 0.0246062 -0.0000000
v 0.0017460 0.0248295 0.0003473
v 0.0015183 0.0246311 0.0003020
v 0.0016447 0.0248543 0.0006813
v 0.0014302 0.0246559 0.0005924
v 0.0014802 0.0248791 0.0009890
v 0.0012871 0.0246807 0.0008600
v 0.0012588 0.0249039 0.0012588
v 0.0010946 0.0247055 0.0010946
v 0.0009890 0.0249287 0.0014802
v 0.0008600 0.0247303 0.0012871
v 0.0006813 0.0249535 0.0016447
v 0.0005924 0.0247551 0.0014302
v 0.0003473 0.0249783 0.0017460
v 0.0003020 0.0247799 0.0015183
v 0.0000000 0.0250031 0.0017802
v 0.0000000 0.0248047 0.0015480
v -0.0003473 0.0250279 0.0017460
v -0.0003020 0.0248295 0.0015183
v -0.0006813 0.0250527 0.0016447
v -0.0005924 0.0248543 0.0014302
v -0.0009890 0.0250775 0.0014802
v -0.0008600 0.0248791 0.0012871
v -0.0012588 0.0251023 0.0012588
v -0.0010946 0.0249039 0.0010946
v -0.0014802 0.0251271 0.0009890
v -0.0012871 0.0249287 0.0008600
v -0.0016447 0.0251520 0.0006813
v -0.0014302 0.0249535 0.0005924
v -0.0017460 0.0251768 0.0003473
v -0.0015183 0.0249783 0.0003020
v -0.0017802 0.0252016 -0.0000000
v -0.0015480 0.0250031 -0.0000000
v -0.0017460 0.0252264 -0.0003473
v -0.0015183 0.0250279 -0.0003020
v -0.0016447 0.0252512 -0.0006813
v -0.0014302 0.0250527 -0.0005924
v -0.0014802 0.0252760 -0.0009890
v -0.0012871 0.0250775 -0.0008600
v -0.0012588 0.0253008 -0.0012588
v -0.0010946 0.0251023 -0.0010946
v -0.0009890 0.0253256 -0.0014802
v -0.0008600 0.0251271 -0.0012871
v -0.0006813 0.0253504 -0.0016447
v -0.0005924 0.0251520 -0.0014302
v -0.0003473 0.0253752 -0.0017460
v -0.0003020 0.0251768 -0.0015183
v -0.0000000 0.0254000 -0.0017802
v -0.0000000 0.0252016 -0.0015480
v 0.0003473 0.0254248 -0.0017460
v 0.0003020 0.0252264 -0.0015183
v 0.0006813 0.0254496 -0.0016447
v 0.0005924 0.0252512 -0.0014302
v 0.0009890 0.0254744 -0.0014802
v 0.0008600 0.0252760 -0.0012871
v 0.0012588 0.0254992 -0.0012588
v 0.0010946 0.0253008 -0.0010946
v 0.0014802 0.0255240 -0.0009890
v 0.0012871 0.0253256 -0.0008600
v 0.0016447 0.0255488 -0.0006813
v 0.0014302 0.0253504 -0.0005924
v 0.0017460 0.0255736 -0.0003473
v 0.0015183 0.0253752 -0.0003020
v 0.0017802 0.0255984 -0.0000000
v 0.0015480 0.0254000 -0.0000000
v 0.0017460 0.0256232 0.0003473
v 0.0015183 0.0254248 0.0003020
v 0.0016447 0.0256480 0.0006813
v 0.0014302 0.0254496 0.0005924
v 0.0014802 0.0256729 0.0009890
v 0.0012871 0.0254744 0.0008600
v 0.0012588 0.0256977 0.0012588
v 0.0010946 0.0254992 0.0010946
v 0.0009890 0.0257225 0.0014802
v 0.0008600 0.0255240 0.0012871
v 0.0006813 0.0257473 0.0016447
v 0.0005924 0.0255488 0.0014302
v 0.0003473 0.0257721 0.0017460
v 0.0003020 0.0255736 0.0015183
v 0.0000000 0.0257969 0.0017802
v 0.0000000 0.0255984 0.0015480
v -0.0003473 0.0258217 0.0017460
v -0.0003020 0.0256232 0.0015183
v -0.0006813 0.0258465 0.0016447
v -0.0005924 0.0256480 0.0014302
v -0.0009890 0.0258713 0.0014802
v -0.0008600 0.0256729 0.0012871
v -0.0012588 0.0258961 0.0012588
v -0.0010946 0.0256977 0.0010946
v -0.0014802 0.0259209 0.0009890
v -0.0012871 0.0257225 0.0008600
v -0.0016447 0.0259457 0.0006813
v -0.0014302 0.0257473 0.0005924
v -0.0017460 0.0259705 0.0003473
v -0.0015183 0.0257721 0.0003020
v -0.0017802 0.0259953 0.0000000
v -0.0015480 0.0257969 0.0000000
v -0.0017460 0.0260201 -0.0003473
v -0.0015183 0.0258217 -0.0003020
v -0.0016447 0.0260449 -0.0006813
v -0.0014302 0.0258465 -0.0005924
v -0.0014802 0.0260697 -0.0009890
v -0.0012871 0.0258713 -0.0008600
v -0.0012588 0.0260945 -0.0012588
v -0.0010946 0.0258961 -0.0010946
v -0.0009890 0.0261193 -0.0014802
v -0.0008600 0.0259209 -0.0012871
v -0.0006813 0.0261441 -0.0016447
v -0.0005924 0.0259457 -0.0014302
v -0.0003473 0.0261689 -0.0017460
v -0.0003020 0.0259705 -0.0015183
v 0.0000000 0.0261937 -0.0017802
v 0.0000000 0.0259953 -0.0015480
v 0.0003473 0.0262186 -0.0017460
v 0.0003020 0.0260201 -0.0015183
v 0.0006813 0.0262434 -0.0016447
v 0.0005924 0.0260449 -0.0014302
v 0.0009890 0.0262682 -0.0014802
v 0.0008600 0.0260697 -0.0012871
v 0.0012588 0.0262930 -0.0012588
v 0.0010946 0.0260945 -0.0010946
v 0.0014802 0.0263178 -0.0009890
v 0.0012871 0.0261193 -0.0008600
v 0.0016447 0.0263426 -0.0006813
v 0.0014302 0.0261441 -0.0005924
v 0.0017460 0.0263674 -0.0003473
v 0.0015183 0.0261689 -0.0003020
v 0.0017802 0.0263922 -0.0000000
v 0.0015480 0.0261937 -0.0000000
v 0.0017460 0.0264170 0.0003473
v 0.0015183 0.0262186 0.0003020
v 0.0016447 0.0264418 0.0006813
v 0.0014302 0.0262434 0.0005924
v 0.0014802 0.0264666 0.0009890
v 0.0012871 0.0262682 0.0008600
v 0.0012588 0.0264914 0.0012588
v 0.0010946 0.0262930 0.0010946
v 0.0009890 0.0265162 0.0014802
v 0.0008600 0.0263178 0.0012871
v 0.0006813 0.0265410 0.0016447
v 0.0005924 0.0263426 0.0014302
v 0.0003473 0.0265658 0.0017460
v 0.0003020 0.0263674 0.0015183
v 0.0000000 0.0265906 0.0017802
v 0.0000000 0.0263922 0.0015480
v -0.0003473 0.0266154 0.0017460
v -0.0003020 0.0264170 0.0015183
v -0.0006813 0.0266402 0.0016447
v -0.0005924 0.0264418 0.0014302
v -0.0009890 0.0266650 0.0014802
v -0.0008600 0.0264666 0.0012871
v -0.0012588 0.0266898 0.0012588
v -0.0010946 0.0264914 0.0010946
v -0.0014802 0.0267146 0.0009890
v -0.0012871 0.0265162 0.0008600
v -0.0016447 0.0267395 0.0006813
v -0.0014302 0.0265410 0.0005924
v -0.0017460 0.0267643 0.0003473
v -0.0015183 0.0265658 0.0003020
v -0.0017802 0.0267891 0.0000000
v -0.0015480 0.0265906 0.0000000
v -0.0017460 0.0268139 -0.0003473
v -0.0015183 0.0266154 -0.0003020
v -0.0016447 0.0268387 -0.0006813
v -0.0014302 0.0266402 -0.0005924
v -0.0014802 0.0268635 -0.0009890
v -0.0012871 0.0266650 -0.0008600
v -0.0012588 0.0268883 -0.0012588
v -0.0010946 0.0266898 -0.0010946
v -0.0009890 0.0269131 -0.0014802
v -0.0008600 0.0267146 -0.0012871
v -0.0006813 0.0269379 -0.0016447
v -0.0005924 0.0267395 -0.0014302
v -0.0003473 0.0269627 -0.0017460
v -0.0003020 0.0267643 -0.0015183
v -0.0000000 0.0269875 -0.0017802
v -0.0000000 0.0267891 -0.0015480
v 0.0003473 0.0270123 -0.0017460
v 0.0003020 0.0268139 -0.0015183
v 0.0006813 0.0270371 -0.0016447
v 0.0005924 0.0268387 -0.0014302
v 0.0009890 0.0270619 -0.0014802
v 0.0008600 0.0268635 -0.0012871
v 0.0012588 0.0270867 -0.0012588
v 0.0010946 0.0268883 -0.0010946
v 0.0014802 0.0271115 -0.0009890
v 0.0012871 0.0269131 -0.0008600
v 0.0016447 0.0271363 -0.0006813
v 0.0014302 0.0269379 -0.0005924
v 0.0017460 0.0271611 -0.0003473
v 0.0015183 0.0269627 -0.0003020
v 0.0017802 0.0271859 0.0000000
v 0.0015480 0.0269875 0.0000000
v 0.0017460 0.0272107 0.0003473
v 0.0015183 0.0270123 0.0003020
v 0.0016447 0.0272355 0.0006813
v 0.0014302 0.0270371 0.0005924
v 0.0014802 0.0272604 0.0009890
v 0.0012871 0.0270619 0.0008600
v 0.0012588 0.0272852 0.0012588
v 0.0010946 0.0270867 0.0010946
v 0.0009890 0.0273100 0.0014802
v 0.0008600 0.0271115 0.0012871
v 0.0006813 0.0273348 0.0016447
v 0.0005924 0.0271363 0.0014302
v 0.0003473 0.0273596 0.0017460
v 0.0003020 0.0271611 0.0015183
v -0.0000000 0.0273844 0.0017802
v -0.0000000 0.0271859 0.0015480
v -0.0003473 0.0274092 0.0017460
v -0.0003020 0.0272107 0.0015183
v -0.0006813 0.0274340 0.0016447
v -0.0005924 0.0272355 0.0014302
v -0.0009890 0.0274588 0.0014802
v -0.0008600 0.0272604 0.0012871
v -0.0012588 0.0274836 0.0012588
v -0.0010946 0.0272852 0.0010946
v -0.0014802 0.0275084 0.0009890
v -0.0012871 0.0273100 0.0008600
v -0.0016447 0.0275332 0.0006813
v -0.0014302 0.0273348 0.0005924
v -0.0017460 0.0275580 0.0003473
v -0.0015183 0.0273596 0.0003020
v -0.0017802 0.0275828 0.0000000
v -0.0015480 0.0273844 0.0000000
v -0.0017460 0.0276076 -0.0003473
v -0.0015183 0.0274092 -0.0003020
v -0.0016447 0.0276324 -0.0006813
v -0.0014302 0.0274340 -0.0005924
v -0.0014802 0.0276572 -0.0009890
v -0.0012871 0.0274588 -0.0008600
v -0.0012588 0.0276820 -0.0012588
v -0.0010946 0.0274836 -0.0010946
v -0.0009890 0.0277068 -0.0014802
v -0.0008600 0.0275084 -0.0012871
v -0.0006813 0.0277316 -0.0016447
v -0.0005924 0.0275332 -0.0014302
v -0.0003473 0.0277564 -0.0017460
v -0.0003020 0.0275580 -0.0015183
v -0.0000000 0.0277812 -0.0017802
v -0.0000000 0.0275828 -0.0015480
v 0.0003473 0.0278061 -0.0017460
v 0.0003020 0.0276076 -0.0015183
v 0.0006813 0.0278309 -0.0016447
v 0.0005924 0.0276324 -0.0014302
v 0.0009890 0.0278557 -0.0014802
v 0.0008600 0.0276572 -0.0012871
v 0.0012588 0.0278805 -0.0012588
v 0.0010946 0.0276820 -0.0010946
v 0.0014802 0.0279053 -0.0009890
v 0.0012871 0.0277068 -0.0008600
v 0.0016447 0.0279301 -0.0006813
v 0.0014302 0.0277316 -0.0005924
v 0.0017460 0.0279549 -0.0003473
v 0.0015183 0.0277564 -0.0003020
v 0.0017802 0.0279797 -0.0000000
v 0.0015480 0.0277813 -0.0000000
v 0.0017460 0.0280045 0.0003473
v 0.0015183 0.0278061 0.0003020
v 0.0016447 0.0280293 0.0006813
v 0.0014302 0.0278309 0.0005924
v 0.0014802 0.0280541 0.0009890
v 0.0012871 0.0278557 0.0008600
v 0.0012588 0.0280789 0.0012588
v 0.0010946 0.0278805 0.0010946
v 0.0009890 0.0281037 0.0014802
v 0.0008600 0.0279053 0.0012871
v 0.0006813 0.0281285 0.0016447
v 0.0005924 0.0279301 0.0014302
v 0.0003473 0.0281533 0.0017460
v 0.0003020 0.0279549 0.0015183
v 0.0000000 0.0281781 0.0017802
v 0.0000000 0.0279797 0.0015480
v -0.0003473 0.0282029 0.0017460
v -0.0003020 0.0280045 0.0015183
v -0.0006813 0.0282277 0.0016447
v -0.0005924 0.0280293 0.0014302
v -0.0009890 0.0282525 0.0014802
v -0.0008600 0.0280541 0.0012871
v -0.0012588 0.0282773 0.0012588
v -0.0010946 0.0280789 0.0010946
v -0.0014802 0.0283021 0.0009890
v -0.0012871 0.0281037 0.0008600
v -0.0016447 0.0283270 0.0006813
v -0.0014302 0.0281285 0.0005924
v -0.0017460 0.0283518 0.0003473
v -0.0015183 0.0281533 0.0003020
v -0.0017802 0.0283766 -0.0000000
v -0.0015480 0.0281781 -0.0000000
v -0.0017460 0.0284014 -0.0003473
v -0.0015183 0.0282029 -0.0003020
v -0.0016447 0.0284262 -0.0006813
v -0.0014302 0.0282277 -0.0005924
v -0.0014802 0.0284510 -0.0009890
v -0.0012871 0.0282525 -0.0008600
v -0.0012588 0.0284758 -0.0012588
v -0.0010946 0.0282773 -0.0010946
v -0.0009890 0.0285006 -0.0014802
v -0.0008600 0.0283021 -0.0012871
v -0.0006813 0.0285254 -0.0016447
v -0.0005924 0.0283270 -0.0014302
v -0.0003473 0.0285502 -0.0017460
v -0.0003020 0.0283518 -0.0015183
v -0.0000000 0.0285750 -0.0017802
v -0.0000000 0.0283766 -0.0015480
v 0.0003473 0.0285998 -0.0017460
v 0.0003020 0.0284014 -0.0015183
v 0.0006813 0.0286246 -0.0016447
v 0.0005924 0.0284262 -0.0014302
v 0.0009890 0.0286494 -0.0014802
v 0.0008600 0.0284510 -0.0012871
v 0.0012588 0.0286742 -0.0012588
v 0.0010946 0.0284758 -0.0010946
v 0.0014802 0.0286990 -0.0009890
v 0.0012871 0.0285006 -0.0008600
v 0.0016447 0.0287238 -0.0006813
v 0.0014302 0.0285254 -0.0005924
v 0.0017460 0.0287486 -0.0003473
v 0.0015183 0.0285502 -0.0003020
v 0.0017802 0.0287734 -0.0000000
v 0.0015480 0.0285750 -0.0000000
v 0.0017460 0.0287982 0.0003473
v 0.0015183 0.0285998 0.0003020
v 0.0016447 0.0288230 0.0006813
v 0.0014302 0.0286246 0.0005924
v 0.0014802 0.0288479 0.0009890
v 0.0012871 0.0286494 0.0008600
v 0.0012588 0.0288727 0.0012588
v 0.0010946 0.0286742 0.0010946
v 0.0009890 0.0288975 0.0014802
v 0.0008600 0.0286990 0.0012871
v 0.0006813 0.0289223 0.0016447
v 0.0005924 0.0287238 0.0014302
v 0.0003473 0.0289471 0.0017460
v 0.0003020 0.0287486 0.0015183
v 0.0000000 0.0289719 0.0017802
v 0.0000000 0.0287734 0.0015480
v -0.0003473 0.0289967 0.0017460
v -0.0003020 0.0287982 0.0015183
v -0.0006813 0.0290215 0.0016447
v -0.0005924 0.0288230 0.0014302
v -0.0009890 0.0290463 0.0014802
v -0.0008600 0.0288479 0.0012871
v -0.0012588 0.0290711 0.0012588
v -0.0010946 0.0288727 0.0010946
v -0.0014802 0.0290959 0.0009890
v -0.0012871 0.0288975 0.0008600
v -0.0016447 0.0291207 0.0006813
v -0.0014302 0.0289223 0.0005924
v -0.0017460 0.0291455 0.0003473
v -0.0015183 0.0289471 0.0003020
v -0.0017802 0.0291703 0.0000000
v -0.0015480 0.0289719 0.0000000
v -0.0017460 0.0291951 -0.0003473
v -0.0015183 0.0289967 -0.0003020
v -0.0016447 0.0292199 -0.0006813
v -0.0014302 0.0290215 -0.0005924
v -0.0014802 0.0292447 -0.0009890
v -0.0012871 0.0290463 -0.0008600
v -0.0012588 0.0292695 -0.0012588
v -0.0010946 0.0290711 -0.0010946
v -0.0009890 0.0292943 -0.0014802
v -0.0008600 0.0290959 -0.0012871
v -0.0006813 0.0293191 -0.0016447
v -0.0005924 0.0291207 -0.0014302
v -0.0003473 0.0293439 -0.0017460
v -0.0003020 0.0291455 -0.0015183
v 0.0000000 0.0293687 -0.0017802
v 0.0000000 0.0291703 -0.0015480
v 0.0003473 0.0293936 -0.0017460
v 0.0003020 0.0291951 -0.0015183
v 0.0006813 0.0294184 -0.0016447
v 0.0005924 0.0292199 -0.0014302
v 0.0009890 0.0294432 -0.0014802
v 0.0008600 0.0292447 -0.0012871
v 0.0012588 0.0294680 -0.0012588
v 0.0010946 0.0292695 -0.0010946
v 0.0014802 0.0294928 -0.0009890
v 0.0012871 0.0292943 -0.0008600
v 0.0016447 0.0295176 -0.0006813
v 0.0014302 0.0293191 -0.0005924
v 0.0017460 0.0295424 -0.0003473
v 0.0015183 0.0293439 -0.0003020
v 0.0017802 0.0295672 -0.0000000
v 0.0015480 0.0293687 -0.0000000
v 0.0017460 0.0295920 0.0003473
v 0.0015183 0.0293936 0.0003020
v 0.0016447 0.0296168 0.0006813
v 0.0014302 0.0294184 0.0005924
v 0.0014802 0.0296416 0.0009890
v 0.0012871 0.0294432 0.0008600
v 0.0012588 0.0296664 0.0012588
v 0.0010946 0.0294680 0.0010946
v 0.0009890 0.0296912 0.0014802
v 0.0008600 0.0294928 0.0012871
v 0.0006813 0.0297160 0.0016447
v 0.0005924 0.0295176 0.0014302
v 0.0003473 0.0297408 0.0017460
v 0.0003020 0.0295424 0.0015183
v 0.0000000 0.0297656 0.0017802
v 0.0000000 0.0295672 0.0015480
v -0.0003473 0.0297904 0.0017460
v -0.0003020 0.0295920 0.0015183
v -0.0006813 0.0298152 0.0016447
v -0.0005924 0.0296168 0.0014302
v -0.0009890 0.0298400 0.0014802
v -0.0008600 0.0296416 0.0012871
v -0.0012588 0.0298648 0.0012588
v -0.0010946 0.0296664 0.0010946
v -0.0014802 0.0298896 0.0009890
v -0.0012871 0.0296912 0.0008600
v -0.0016447 0.0299145 0.0006813
v -0.0014302 0.0297160 0.0005924
v -0.0017460 0.0299393 0.0003473
v -0.0015183 0.0297408 0.0003020
v -0.0017802 0.0299641 0.0000000
v -0.0015480 0.0297656 0.0000000
v -0.0017460 0.0299889 -0.0003473
v -0.0015183 0.0297904 -0.0003020
v -0.0016447 0.0300137 -0.0006813
v -0.0014302 0.0298152 -0.0005924
v -0.0014802 0.0300385 -0.0009890
v -0.0012871 0.0298400 -0.0008600
v -0.0012588 0.0300633 -0.0012588
v -0.0010946 0.0298648 -0.0010946
v -0.0009890 0.0300881 -0.0014802
v -0.0008600 0.0298896 -0.0012871
v -0.0006813 0.0301129 -0.0016447
v -0.0005924 0.0299145 -0.0014302
v -0.0003473 0.0301377 -0.0017460
v -0.0003020 0.0299393 -0.0015183
v -0.0000000 0.0301625 -0.0017802
v -0.0000000 0.0299641 -0.0015480
v 0.0003473 0.0301873 -0.0017460
v 0.0003020 0.0299889 -0.0015183
v 0.0006813 0.0302121 -0.0016447
v 0.0005924 0.0300137 -0.0014302
v 0.0009890 0.0302369 -0.0014802
v 0.0008600 0.0300385 -0.0012871
v 0.0012588 0.0302617 -0.0012588
v 0.0010946 0.0300633 -0.0010946
v 0.0014802 0.0302865 -0.0009890
v 0.0012871 0.0300881 -0.0008600
v 0.0016447 0.0303113 -0.0006813
v 0.0014302 0.0301129 -0.0005924
v 0.0017460 0.0303361 -0.0003473
v 0.0015183 0.0301377 -0.0003020
v 0.0017802 0.0303609 -0.0000000
v 0.0015480 0.0301625 -0.0000000
v 0.0017460 0.0303857 0.0003473
v 0.0015183 0.0301873 0.0003020
v 0.0016447 0.0304105 0.0006813
v 0.0014302 0.0302121 0.0005924
v 0.0014802 0.0304354 0.0009890
v 0.0012871 0.0302369 0.0008600
v 0.0012588 0.0304602 0.0012588
v 0.0010946 0.0302617 0.0010946
v 0.0009890 0.0304850 0.0014802
v 0.0008600 0.0302865 0.0012871
v 0.0006813 0.0305098 0.0016447
v 0.0005924 0.0303113 0.0014302
v 0.0003473 0.0305346 0.0017460
v 0.0003020 0.0303361 0.0015183
v 0.0000000 0.0305594 0.0017802
v 0.0000000 0.0303609 0.0015480
v -0.0003473 0.0305842 0.0017460
v -0.0003020 0.0303857 0.0015183
v -0.0006813 0.0306090 0.0016447
v -0.0005924 0.0304105 0.0014302
v -0.0009890 0.0306338 0.0014802
v -0.0008600 0.0304354 0.0012871
v -0.0012588 0.0306586 0.0012588
v -0.0010946 0.0304602 0.0010946
v -0.0014802 0.0306834 0.0009890
v -0.0012871 0.0304850 0.0008600
v -0.0016447 0.0307082 0.0006813
v -0.0014302 0.0305098 0.0005924
v -0.0017460 0.0307330 0.0003473
v -0.0015183 0.0305346 0.0003020
v -0.0017802 0.0307578 0.0000000
v -0.0015480 0.0305594 0.0000000
v -0.0017460 0.0307826 -0.0003473
v -0.0015183 0.0305842 -0.0003020
v -0.0016447 0.0308074 -0.0006813
v -0.0014302 0.0306090 -0.0005924
v -0.0014802 0.0308322 -0.0009890
v -0.0012871 0.0306338 -0.0008600
v -0.0012588 0.0308570 -0.0012588
v -0.0010946 0.0306586 -0.0010946
v -0.0009890 0.0308818 -0.0014802
v -0.0008600 0.0306834 -0.0012871
v -0.0006813 0.0309066 -0.0016447
v -0.0005924 0.0307082 -0.0014302
v -0.0003473 0.0309314 -0.0017460
v -0.0003020 0.0307330 -0.0015183
v -0.0000000 0.0309562 -0.0017802
v -0.0000000 0.0307578 -0.0015480
v 0.0003473 0.0309811 -0.0017460
v 0.0003020 0.0307826 -0.0015183
v 0.0006813 0.0310059 -0.0016447
v 0.0005924 0.0308074 -0.0014302
v 0.0009890 0.0310307 -0.0014802
v 0.0008600 0.0308322 -0.0012871
v 0.0012588 0.0310555 -0.0012588
v 0.0010946 0.0308570 -0.0010946
v 0.0014802 0.0310803 -0.0009890
v 0.0012871 0.0308818 -0.0008600
v 0.0016447 0.0311051 -0.0006813
v 0.0014302 0.0309066 -0.0005924
v 0.0017460 0.0311299 -0.0003473
v 0.0015183 0.0309314 -0.0003020
v 0.0017802 0.0311547 -0.0000000
v 0.0015480 0.0309562 -0.0000000
v 0.0017460 0.0311795 0.0003473
v 0.0015183 0.0309811 0.0003020
v 0.0016447 0.0312043 0.0006813
v 0.0014302 0.0310059 0.0005924
v 0.0014802 0.0312291 0.0009890
v 0.0012871 0.0310307 0.0008600
v 0.0012588 0.0312539 0.0012588
v 0.0010946 0.0310555 0.0010946
v 0.0009890 0.0312787 0.0014802
v 0.0008600 0.0310803 0.0012871
v 0.0006813 0.0313035 0.0016447
v 0.0005924 0.0311051 0.0014302
v 0.0003473 0.0313283 0.0017460
v 0.0003020 0.0311299 0.0015183
v 0.0000000 0.0313531 0.0017802
v 0.0000000 0.0311547 0.0015480
v -0.0003473 0.0313779 0.0017460
v -0.0003020 0.0311795 0.0015183
v -0.0006813 0.0314027 0.0016447
v -0.0005924 0.0312043 0.0014302
v -0.0009890 0.0314275 0.0014802
v -0.0008600 0.0312291 0.0012871
v -0.0012588 0.0314523 0.0012588
v -0.0010946 0.0312539 0.0010946
v -0.0014802 0.0314771 0.0009890
v -0.0012871 0.0312787 0.0008600
v -0.0016447 0.0315020 0.0006813
v -0.0014302 0.0313035 0.0005924
v -0.0017460 0.0315268 0.0003473
v -0.0015183 0.0313283 0.0003020
v -0.0017802 0.0315516 -0.0000000
v -0.0015480 0.0313531 -0.0000000
v -0.0017460 0.0315764 -0.0003473
v -0.0015183 0.0313779 -0.0003020
v -0.0016447 0.0316012 -0.0006813
v -0.0014302 0.0314027 -0.0005924
v -0.0014802 0.0316260 -0.0009890
v -0.0012871 0.0314275 -0.0008600
v -0.0012588 0.0316508 -0.0012588
v -0.0010946 0.0314523 -0.0010946
v -0.0009890 0.0316756 -0.0014802
v -0.0008600 0.0314771 -0.0012871
v -0.0006813 0.0317004 -0.0016447
v -0.0005924 0.0315020 -0.0014302
v -0.0003473 0.0317252 -0.0017460
v -0.0003020 0.0315268 -0.0015183
v -0.0000000 0.0317500 -0.0017802
v -0.0000000 0.0315516 -0.0015480
v 0.0003473 0.0317748 -0.0017460
v 0.0003020 0.0315764 -0.0015183
v 0.0006813 0.0317996 -0.0016447
v 0.0005924 0.0316012 -0.0014302
v 0.0009890 0.0318244 -0.0014802
v 0.0008600 0.0316260 -0.0012871
v 0.0012588 0.0318492 -0.0012588
v 0.0010946 0.0316508 -0.0010946
v 0.0014802 0.0318740 -0.0009890
v 0.0012871 0.0316756 -0.0008600
v 0.0016447 0.0318988 -0.0006813
v 0.0014302 0.0317004 -0.0005924
v 0.0017460 0.0319236 -0.0003473
v 0.0015183 0.0317252 -0.0003020
v 0.0017802 0.0319484 -0.0000000
v 0.0015480 0.0317500 -0.0000000
v 0.0017460 0.0319732 0.0003473
v 0.0015183 0.0317748 0.0003020
v 0.0016447 0.0319980 0.0006813
v 0.0014302 0.0317996 0.0005924
v 0.0014802 0.0320229 0.0009890
v 0.0012871 0.0318244 0.0008600
v 0.0012588 0.0320477 0.0012588
v 0.0010946 0.0318492 0.0010946
v 0.0009890 0.0320725 0.0014802
v 0.0008600 0.0318740 0.0012871
v 0.0006813 0.0320973 0.0016447
v 0.0005924 0.0318988 0.0014302
v 0.0003473 0.0321221 0.0017460
v 0.0003020 0.0319236 0.0015183
v 0.0000000 0.0321469 0.0017802
v 0.0000000 0.0319484 0.0015480
v -0.0003473 0.0321717 0.0017460
v -0.0003020 0.0319732 0.0015183
v -0.0006813 0.0321965 0.0016447
v -0.0005924 0.0319980 0.0014302
v -0.0009890 0.0322213 0.0014802
v -0.0008600 0.0320229 0.0012871
v -0.0012588 0.0322461 0.0012588
v -0.0010946 0.0320477 0.0010946
v -0.0014802 0.0322709 0.0009890
v -0.0012871 0.0320725 0.0008600
v -0.0016447 0.0322957 0.0006813
v -0.0014302 0.0320973 0.0005924
v -0.0017460 0.0323205 0.0003473
v -0.0015183 0.0321221 0.0003020
v -0.0017802 0.0323453 0.0000000
v -0.0015480 0.0321469 0.0000000
v -0.0017460 0.0323701 -0.0003473
v -0.0015183 0.0321717 -0.0003020
v -0.0016447 0.0323949 -0.0006813
v -0.0014302 0.0321965 -0.0005924
v -0.0014802 0.0324197 -0.0009890
v -0.0012871 0.0322213 -0.0008600
v -0.0012588 0.0324445 -0.0012588
v -0.0010946 0.0322461 -0.0010946
v -0.0009890 0.0324693 -0.0014802
v -0.0008600 0.0322709 -0.0012871
v -0.0006813 0.0324941 -0.0016447
v -0.0005924 0.0322957 -0.0014302
v -0.0003473 0.0325189 -0.0017460
v -0.0003020 0.0323205 -0.0015183
v -0.0000000 0.0325438 -0.0017802
v -0.0000000 0.0323453 -0.0015480
v 0.0003473 0.0325686 -0.0017460
v 0.0003020 0.0323701 -0.0015183
v 0.0006813 0.0325934 -0.0016447
v 0.0005924 0.0323949 -0.0014302
v 0.0009890 0.0326182 -0.0014802
v 0.0008600 0.0324197 -0.0012871
v 0.0012588 0.0326430 -0.0012588
v 0.0010946 0.0324445 -0.0010946
v 0.0014802 0.0326678 -0.0009890
v 0.0012871 0.0324693 -0.0008600
v 0.0016447 0.0326926 -0.0006813
v 0.0014302 0.0324941 -0.0005924
v 0.0017460 0.0327174 -0.0003473
v 0.0015183 0.0325189 -0.0003020
v 0.0017802 0.0327422 -0.0000000
v 0.0015480 0.0325437 -0.0000000
v 0.0017460 0.0327670 0.0003473
v 0.0015183 0.0325686 0.0003020
v 0.0016447 0.0327918 0.0006813
v 0.0014302 0.0325934 0.0005924
v 0.0014802 0.0328166 0.0009890
v 0.0012871 0.0326182 0.0008600
v 0.0012588 0.0328414 0.0012588
v 0.0010946 0.0326430 0.0010946
v 0.0009890 0.0328662 0.0014802
v 0.0008600 0.0326678 0.0012871
v 0.0006813 0.0328910 0.0016447
v 0.0005924 0.0326926 0.0014302
v 0.0003473 0.0329158 0.0017460
v 0.0003020 0.0327174 0.0015183
v 0.0000000 0.0329406 0.0017802
v 0.0000000 0.0327422 0.0015480
v -0.0003473 0.0329654 0.0017460
v -0.0003020 0.0327670 0.0015183
v -0.0006813 0.0329902 0.0016447
v -0.0005924 0.0327918 0.0014302
v -0.0009890 0.0330150 0.0014802
v -0.0008600 0.0328166 0.0012871
v -0.0012588 0.0330398 0.0012588
v -0.0010946 0.0328414 0.0010946
v -0.0014802 0.0330646 0.0009890
v -0.0012871 0.0328662 0.0008600
v -0.0016447 0.0330895 0.0006813
v -0.0014302 0.0328910 0.0005924
v -0.0017460 0.0331143 0.0003473
v -0.0015183 0.0329158 0.0003020
v -0.0017802 0.0331391 -0.0000000
v -0.0015480 0.0329406 -0.0000000
v -0.0017460 0.0331639 -0.0003473
v -0.0015183 0.0329654 -0.0003020
v -0.0016447 0.0331887 -0.0006813
v -0.0014302 0.0329902 -0.0005924
v -0.0014802 0.0332135 -0.0009890
v -0.0012871 0.0330150 -0.0008600
v -0.0012588 0.0332383 -0.0012588
v -0.0010946 0.0330398 -0.0010946
v -0.0009890 0.0332631 -0.0014802
v -0.0008600 0.0330646 -0.0012871
v -0.0006813 0.0332879 -0.0016447
v -0.0005924 0.0330895 -0.0014302
v -0.0003473 0.0333127 -0.0017460
v -0.0003020 0.0331143 -0.0015183
v 0.0000000 0.0333375 -0.0017802
v 0.0000000 0.0331391 -0.0015480
v 0.0003473 0.0333623 -0.0017460
v 0.0003020 0.0331639 -0.0015183
v 0.0006813 0.0333871 -0.0016447
v 0.0005924 0.0331887 -0.0014302
v 0.0009890 0.0334119 -0.0014802
v 0.0008600 0.0332135 -0.0012871
v 0.0012588 0.0334367 -0.0012588
v 0.0010946 0.0332383 -0.0010946
v 0.0014802 0.0334615 -0.0009890
v 0.0012871 0.0332631 -0.0008600
v 0.0016447 0.0334863 -0.0006813
v 0.0014302 0.0332879 -0.0005924
v 0.0017460 0.0335111 -0.0003473
v 0.0015183 0.0333127 -0.0003020
v 0.0017802 0.0335359 0.0000000
v 0.0015480 0.0333375 0.0000000
v 0.0017460 0.0335607 0.0003473
v 0.0015183 0.0333623 0.0003020
v 0.0016447 0.0335855 0.0006813
v 0.0014302 0.0333871 0.0005924
v 0.0014802 0.0336104 0.0009890
v 0.0012871 0.0334119 0.0008600
v 0.0012588 0.0336352 0.0012588
v 0.0010946 0.0334367 0.0010946
v 0.0009890 0.0336600 0.0014802
v 0.0008600 0.0334615 0.0012871
v 0.0006813 0.0336848 0.0016447
v 0.0005924 0.0334863 0.0014302
v 0.0003473 0.0337096 0.0017460
v 0.0003020 0.0335111 0.0015183
v 0.0000000 0.0337344 0.0017802
v 0.0000000 0.0335359 0.0015480
v -0.0003473 0.0337592 0.0017460
v -0.0003020 0.0335607 0.0015183
v -0.0006813 0.0337840 0.0016447
v -0.0005924 0.0335855 0.0014302
v -0.0009890 0.0338088 0.0014802
v -0.0008600 0.0336104 0.0012871
v -0.0012588 0.0338336 0.0012588
v -0.0010946 0.0336352 0.0010946
v -0.0014802 0.0338584 0.0009890
v -0.0012871 0.0336600 0.0008600
v -0.0016447 0.0338832 0.0006813
v -0.0014302 0.0336848 0.0005924
v -0.0017460 0.0339080 0.0003473
v -0.0015183 0.0337096 0.0003020
v -0.0017802 0.0339328 0.0000000
v -0.0015480 0.0337344 0.0000000
v -0.0017460 0.0339576 -0.0003473
v -0.0015183 0.0337592 -0.0003020
v -0.0016447 0.0339824 -0.0006813
v -0.0014302 0.0337840 -0.0005924
v -0.0014802 0.0340072 -0.0009890
v -0.0012871 0.0338088 -0.0008600
v -0.0012588 0.0340320 -0.0012588
v -0.0010946 0.0338336 -0.0010946
v -0.0009890 0.0340568 -0.0014802
v -0.0008600 0.0338584 -0.0012871
v -0.0006813 0.0340816 -0.0016447
v -0.0005924 0.0338832 -0.0014302
v -0.0003473 0.0341064 -0.0017460
v -0.0003020 0.0339080 -0.0015183
v -0.0000000 0.0341313 -0.0017802
v -0.0000000 0.0339328 -0.0015480
v 0.0003473 0.0341561 -0.0017460
v 0.0003020 0.0339576 -0.0015183
v 0.0006813 0.0341809 -0.0016447
v 0.0005924 0.0339824 -0.0014302
v 0.0009890 0.0342057 -0.0014802
v 0.0008600 0.0340072 -0.0012871
v 0.0012588 0.0342305 -0.0012588
v 0.0010946 0.0340320 -0.0010946
v 0.0014802 0.0342553 -0.0009890
v 0.0012871 0.0340568 -0.0008600
v 0.0016447 0.0342801 -0.0006813
v 0.0014302 0.0340816 -0.0005924
v 0.0017460 0.0343049 -0.0003473
v 0.0015183 0.0341064 -0.0003020
v 0.0017802 0.0343297 -0.0000000
v 0.0015480 0.0341313 -0.0000000
v 0.0017460 0.0343545 0.0003473
v 0.0015183 0.0341561 0.0003020
v 0.0016447 0.0343793 0.0006813
v 0.0014302 0.0341809 0.0005924
v 0.0014802 0.0344041 0.0009890
v 0.0012871 0.0342057 0.0008600
v 0.0012588 0.0344289 0.0012588
v 0.0010946 0.0342305 0.0010946
v 0.0009890 0.0344537 0.0014802
v 0.0008600 0.0342553 0.0012871
v 0.0006813 0.0344785 0.0016447
v 0.0005924 0.0342801 0.0014302
v 0.0003473 0.0345033 0.0017460
v 0.0003020 0.0343049 0.0015183
v 0.0000000 0.0345281 0.0017802
v 0.0000000 0.0343297 0.0015480
v -0.0003473 0.0345529 0.0017460
v -0.0003020 0.0343545 0.0015183
v -0.0006813 0.0345777 0.0016447
v -0.0005924 0.0343793 0.0014302
v -0.0009890 0.0346025 0.0014802
v -0.0008600 0.0344041 0.0012871
v -0.0012588 0.0346273 0.0012588
v -0.0010946 0.0344289 0.0010946
v -0.0014802 0.0346521 0.0009890
v -0.0012871 0.0344537 0.0008600
v -0.0016447 0.0346770 0.0006813
v -0.0014302 0.0344785 0.0005924
v -0.0017460 0.0347018 0.0003473
v -0.0015183 0.0345033 0.0003020
v -0.0017802 0.0347266 0.0000000
v -0.0015480 0.0345281 0.0000000
v -0.0017460 0.0347514 -0.0003473
v -0.0015183 0.0345529 -0.0003020
v -0.0016447 0.0347762 -0.0006813
v -0.0014302 0.0345777 -0.0005924
v -0.0014802 0.0348010 -0.0009890
v -0.0012871 0.0346025 -0.0008600
v -0.0012588 0.0348258 -0.0012588
v -0.0010946 0.0346273 -0.0010946
v -0.0009890 0.0348506 -0.0014802
v -0.0008600 0.0346521 -0.0012871
v -0.0006813 0.0348754 -0.0016447
v -0.0005924 0.0346770 -0.0014302
v -0.0003473 0.0349002 -0.0017460
v -0.0003020 0.0347018 -0.0015183
v -0.0000000 0.0349250 -0.0017802
v -0.0000000 0.0347266 -0.0015480
v 0.0003473 0.0349498 -0.0017460
v 0.0003020 0.0347514 -0.0015183
v 0.0006813 0.0349746 -0.0016447
v 0.0005924 0.0347762 -0.0014302
v 0.0009890 0.0349994 -0.0014802
v 0.0008600 0.0348010 -0.0012871
v 0.0012588 0.0350242 -0.0012588
v 0.0010946 0.0348258 -0.0010946
v 0.0014802 0.0350490 -0.0009890
v 0.0012871 0.0348506 -0.0008600
v 0.0016447 0.0350738 -0.0006813
v 0.0014302 0.0348754 -0.0005924
v 0.0017460 0.0350986 -0.0003473
v 0.0015183 0.0349002 -0.0003020
v 0.0017802 0.0351234 -0.0000000
v 0.0015480 0.0349250 -0.0000000
v 0.0017460 0.0351482 0.0003473
v 0.0015183 0.0349498 0.0003020
v 0.0016447 0.0351730 0.0006813
v 0.0014302 0.0349746 0.0005924
v 0.0014802 0.0351979 0.0009890
v 0.0012871 0.0349994 0.0008600
v 0.0012588 0.0352227 0.0012588
v 0.0010946 0.0350242 0.0010946
v 0.0009890 0.0352475 0.0014802
v 0.0008600 0.0350490 0.0012871
v 0.0006813 0.0352723 0.0016447
v 0.0005924 0.0350738 0.0014302
v 0.0003473 0.0352971 0.0017460
v 0.0003020 0.0350986 0.0015183
v -0.0000000 0.0353219 0.0017802
v -0.0000000 0.0351234 0.0015480
v -0.0003473 0.0353467 0.0017460
v -0.0003020 0.0351482 0.0015183
v -0.0006813 0.0353715 0.0016447
v -0.0005924 0.0351730 0.0014302
v -0.0009890 0.0353963 0.0014802
v -0.0008600 0.0351979 0.0012871
v -0.0012588 0.0354211 0.0012588
v -0.0010946 0.0352227 0.0010946
v -0.0014802 0.0354459 0.0009890
v -0.0012871 0.0352475 0.0008600
v -0.0016447 0.0354707 0.0006813
v -0.0014302 0.0352723 0.0005924
v -0.0017460 0.0354955 0.0003473
v -0.0015183 0.0352971 0.0003020
v -0.0017802 0.0355203 -0.0000000
v -0.0015480 0.0353219 -0.0000000
v -0.0017460 0.0355451 -0.0003473
v -0.0015183 0.0353467 -0.0003020
v -0.0016447 0.0355699 -0.0006813
v -0.0014302 0.0353715 -0.0005924
v -0.0014802 0.0355947 -0.0009890
v -0.0012871 0.0353963 -0.0008600
v -0.0012588 0.0356195 -0.0012588
v -0.0010946 0.0354211 -0.0010946
v -0.0009890 0.0356443 -0.0014802
v -0.0008600 0.0354459 -0.0012871
v -0.0006813 0.0356691 -0.0016447
v -0.0005924 0.0354707 -0.0014302
v -0.0003473 0.0356939 -0.0017460
v -0.0003020 0.0354955 -0.0015183
v 0.0000000 0.0357188 -0.0017802
v 0.0000000 0.0355203 -0.0015480
v 0.0003473 0.0357436 -0.0017460
v 0.0003020 0.0355451 -0.0015183
v 0.0006813 0.0357684 -0.0016447
v 0.0005924 0.0355699 -0.0014302
v 0.0009890 0.0357932 -0.0014802
v 0.0008600 0.0355947 -0.0012871
v 0.0012588 0.0358180 -0.0012588
v 0.0010946 0.0356195 -0.0010946
v 0.0014802 0.0358428 -0.0009890
v 0.0012871 0.0356443 -0.0008600
v 0.0016447 0.0358676 -0.0006813
v 0.0014302 0.0356691 -0.0005924
v 0.0017460 0.0358924 -0.0003473
v 0.0015183 0.0356939 -0.0003020
v 0.0017802 0.0359172 -0.0000000
v 0.0015480 0.0357188 -0.0000000
v 0.0017460 0.0359420 0.0003473
v 0.0015183 0.0357436 0.0003020
v 0.0016447 0.0359668 0.0006813
v 0.0014302 0.0357684 0.0005924
v 0.0014802 0.0359916 0.0009890
v 0.0012871 0.0357932 0.0008600
v 0.0012588 0.0360164 0.0012588
v 0.0010946 0.0358180 0.0010946
v 0.0009890 0.0360412 0.0014802
v 0.0008600 0.0358428 0.0012871
v 0.0006813 0.0360660 0.0016447
v 0.0005924 0.0358676 0.0014302
v 0.0003473 0.0360908 0.0017460
v 0.0003020 0.0358924 0.0015183
v 0.0000000 0.0361156 0.0017802
v 0.0000000 0.0359172 0.0015480
v -0.0003473 0.0361404 0.0017460
v -0.0003020 0.0359420 0.0015183
v -0.0006813 0.0361652 0.0016447
v -0.0005924 0.0359668 0.0014302
v -0.0009890 0.0361900 0.0014802
v -0.0008600 0.0359916 0.0012871
v -0.0012588 0.0362148 0.0012588
v -0.0010946 0.0360164 0.0010946
v -0.0014802 0.0362396 0.0009890
v -0.0012871 0.0360412 0.0008600
v -0.0016447 0.0362645 0.0006813
v -0.0014302 0.0360660 0.0005924
v -0.0017460 0.0362893 0.0003473
v -0.0015183 0.0360908 0.0003020
v -0.0017802 0.0363141 0.0000000
v -0.0015480 0.0361156 0.0000000
v -0.0017460 0.0363389 -0.0003473
v -0.0015183 0.0361404 -0.0003020
v -0.0016447 0.0363637 -0.0006813
v -0.0014302 0.0361652 -0.0005924
v -0.0014802 0.0363885 -0.0009890
v -0.0012871 0.0361900 -0.0008600
v -0.0012588 0.0364133 -0.0012588
v -0.0010946 0.0362148 -0.0010946
v -0.0009890 0.0364381 -0.0014802
v -0.0008600 0.0362396 -0.0012871
v -0.0006813 0.0364629 -0.0016447
v -0.0005924 0.0362645 -0.0014302
v -0.0003473 0.0364877 -0.0017460
v -0.0003020 0.0362893 -0.0015183
v -0.0000000 0.0365125 -0.0017802
v -0.0000000 0.0363141 -0.0015480
v 0.0003473 0.0365373 -0.0017460
v 0.0003020 0.0363389 -0.0015183
v 0.0006813 0.0365621 -0.0016447
v 0.0005924 0.0363637 -0.0014302
v 0.0009890 0.0365869 -0.0014802
v 0.0008600 0.0363885 -0.0012871
v 0.0012588 0.0366117 -0.0012588
v 0.0010946 0.0364133 -0.0010946
v 0.0014802 0.0366365 -0.0009890
v 0.0012871 0.0364381 -0.0008600
v 0.0016447 0.0366613 -0.0006813
v 0.0014302 0.0364629 -0.0005924
v 0.0017460 0.0366861 -0.0003473
v 0.0015183 0.0364877 -0.0003020
v 0.0017802 0.0367109 -0.0000000
v 0.0015480 0.0365125 -0.0000000
v 0.0017460 0.0367357 0.0003473
v 0.0015183 0.0365373 0.0003020
v 0.0016447 0.0367605 0.0006813
v 0.0014302 0.0365621 0.0005924
v 0.0014802 0.0367854 0.0009890
v 0.0012871 0.0365869 0.0008600
v 0.0012588 0.0368102 0.0012588
v 0.0010946 0.0366117 0.0010946
v 0.0009890 0.0368350 0.0014802
v 0.0008600 0.0366365 0.0012871
v 0.0006813 0.0368598 0.0016447
v 0.0005924 0.0366613 0.0014302
v 0.0003473 0.0368846 0.0017460
v 0.0003020 0.0366861 0.0015183
v 0.0000000 0.0369094 0.0017802
v 0.0000000 0.0367109 0.0015480
v -0.0003473 0.0369342 0.0017460
v -0.0003020 0.0367357 0.0015183
v -0.0006813 0.0369590 0.0016447
v -0.0005924 0.0367605 0.0014302
v -0.0009890 0.0369838 0.0014802
v -0.0008600 0.0367854 0.0012871
v -0.0012588 0.0370086 0.0012588
v -0.0010946 0.0368102 0.0010946
v -0.0014802 0.0370334 0.0009890
v -0.0012871 0.0368350 0.0008600
v -0.0016447 0.0370582 0.0006813
v -0.0014302 0.0368598 0.0005924
v -0.0017460 0.0370830 0.0003473
v -0.0015183 0.0368846 0.0003020
v -0.0017802 0.0371078 0.0000000
v -0.0015480 0.0369094 0.0000000
v -0.0017460 0.0371326 -0.0003473
v -0.0015183 0.0369342 -0.0003020
v -0.0016447 0.0371574 -0.0006813
v -0.0014302 0.0369590 -0.0005924
v -0.0014802 0.0371822 -0.0009890
v -0.0012871 0.0369838 -0.0008600
v -0.0012588 0.0372070 -0.0012588
v -0.0010946 0.0370086 -0.0010946
v -0.0009890 0.0372318 -0.0014802
v -0.0008600 0.0370334 -0.0012871
v -0.0006813 0.0372566 -0.0016447
v -0.0005924 0.0370582 -0.0014302
v -0.0003473 0.0372814 -0.0017460
v -0.0003020 0.0370830 -0.0015183
v 0.0000000 0.0373062 -0.0017802
v 0.0000000 0.0371078 -0.0015480
v 0.0003473 0.0373311 -0.0017460
v 0.0003020 0.0371326 -0.0015183
v 0.0006813 0.0373559 -0.0016447
v 0.0005924 0.0371574 -0.0014302
v 0.0009890 0.0373807 -0.0014802
v 0.0008600 0.0371822 -0.0012871
v 0.0012588 0.0374055 -0.0012588
v 0.0010946 0.0372070 -0.0010946
v 0.0014802 0.0374303 -0.0009890
v 0.0012871 0.0372318 -0.0008600
v 0.0016447 0.0374551 -0.0006813
v 0.0014302 0.0372566 -0.0005924
v 0.0017460 0.0374799 -0.0003473
v 0.0015183 0.0372814 -0.0003020
v 0.0017802 0.0375047 0.0000000
v 0.0015480 0.0373062 0.0000000
v 0.0017460 0.0375295 0.0003473
v 0.0015183 0.0373311 0.0003020
v 0.0016447 0.0375543 0.0006813
v 0.0014302 0.0373559 0.0005924
v 0.0014802 0.0375791 0.0009890
v 0.0012871 0.0373807 0.0008600
v 0.0012588 0.0376039 0.0012588
v 0.0010946 0.0374055 0.0010946
v 0.0009890 0.0376287 0.0014802
v 0.0008600 0.0374303 0.0012871
v 0.0006813 0.0376535 0.0016447
v 0.0005924 0.0374551 0.0014302
v 0.0003473 0.0376783 0.0017460
v 0.0003020 0.0374799 0.0015183
v -0.0000000 0.0377031 0.0017802
v -0.0000000 0.0375047 0.0015480
v -0.0003473 0.0377279 0.0017460
v -0.0003020 0.0375295 0.0015183
v -0.0006813 0.0377527 0.0016447
v -0.0005924 0.0375543 0.0014302
v -0.0009890 0.0377775 0.0014802
v -0.0008600 0.0375791 0.0012871
v -0.0012588 0.0378023 0.0012588
v -0.0010946 0.0376039 0.0010946
v -0.0014802 0.0378271 0.0009890
v -0.0012871 0.0376287 0.0008600
v -0.0016447 0.0378520 0.0006813
v -0.0014302 0.0376535 0.0005924
v -0.0017460 0.0378768 0.0003473
v -0.0015183 0.0376783 0.0003020
v -0.0017802 0.0379016 0.0000000
v -0.0015480 0.0377031 0.0000000
v -0.0017460 0.0379264 -0.0003473
v -0.0015183 0.0377279 -0.0003020
v -0.0016447 0.0379512 -0.0006813
v -0.0014302 0.0377527 -0.0005924
v -0.0014802 0.0379760 -0.0009890
v -0.0012871 0.0377775 -0.0008600
v -0.0012588 0.0380008 -0.0012588
v -0.0010946 0.0378023 -0.0010946
v -0.0009890 0.0380256 -0.0014802
v -0.0008600 0.0378271 -0.0012871
v -0.0006813 0.0380504 -0.0016447
v -0.0005924 0.0378520 -0.0014302
v -0.0003473 0.0380752 -0.0017460
v -0.0003020 0.0378768 -0.0015183
v -0.0000000 0.0381000 -0.0017802
v -0.0000000 0.0379016 -0.0015480
v 0.0003473 0.0381248 -0.0017460
v 0.0003020 0.0379264 -0.0015183
v 0.0006813 0.0381496 -0.0016447
v 0.0005924 0.0379512 -0.0014302
v 0.0009890 0.0381744 -0.0014802
v 0.0008600 0.0379760 -0.0012871
v 0.0012588 0.0381992 -0.0012588
v 0.0010946 0.0380008 -0.0010946
v 0.0014802 0.0382240 -0.0009890
v 0.0012871 0.0380256 -0.0008600
v 0.0016447 0.0382488 -0.0006813
v 0.0014302 0.0380504 -0.0005924
v 0.0017460 0.0382736 -0.0003473
v 0.0015183 0.0380752 -0.0003020
v 0.0017802 0.0382984 -0.0000000
v 0.0015480 0.0381000 -0.0000000
v 0.0017460 0.0383232 0.0003473
v 0.0015183 0.0381248 0.0003020
v 0.0016447 0.0383480 0.0006813
v 0.0014302 0.0381496 0.0005924
v 0.0014802 0.0383729 0.0009890
v 0.0012871 0.0381744 0.0008600
v 0.0012588 0.0383977 0.0012588
v 0.0010946 0.0381992 0.0010946
v 0.0009890 0.0384225 0.0014802
v 0.0008600 0.0382240 0.0012871
v 0.0006813 0.0384473 0.0016447
v 0.0005924 0.0382488 0.0014302
v 0.0003473 0.0384721 0.0017460
v 0.0003020 0.0382736 0.0015183
v 0.0000000 0.0384969 0.0017802
v 0.0000000 0.0382984 0.0015480
v -0.0003473 0.0385217 0.0017460
v -0.0003020 0.0383232 0.0015183
v -0.0006813 0.0385465 0.0016447
v -0.0005924 0.0383480 0.0014302
v -0.0009890 0.0385713 0.0014802
v -0.0008600 0.0383729 0.0012871
v -0.0012588 0.0385961 0.0012588
v -0.0010946 0.0383977 0.0010946
v -0.0014802 0.0386209 0.0009890
v -0.0012871 0.0384225 0.0008600
v -0.0016447 0.0386457 0.0006813
v -0.0014302 0.0384473 0.0005924
v -0.0017460 0.0386705 0.0003473
v -0.0015183 0.0384721 0.0003020
v -0.0017802 0.0386953 0.0000000
v -0.0015480 0.0384969 0.0000000
v -0.0017460 0.0387201 -0.0003473
v -0.0015183 0.0385217 -0.0003020
v -0.0016447 0.0387449 -0.0006813
v -0.0014302 0.0385465 -0.0005924
v -0.0014802 0.0387697 -0.0009890
v -0.0012871 0.0385713 -0.0008600
v -0.0012588 0.0387945 -0.0012588
v -0.0010946 0.0385961 -0.0010946
v -0.0009890 0.0388193 -0.0014802
v -0.0008600 0.0386209 -0.0012871
v -0.0006813 0.0388441 -0.0016447
v -0.0005924 0.0386457 -0.0014302
v -0.0003473 0.0388689 -0.0017460
v -0.0003020 0.0386705 -0.0015183
v -0.0000000 0.0388937 -0.0017802
v -0.0000000 0.0386953 -0.0015480
v 0.0003473 0.0389186 -0.0017460
v 0.0003020 0.0387201 -0.0015183
v 0.0006813 0.0389434 -0.0016447
v 0.0005924 0.0387449 -0.0014302
v 0.0009890 0.0389682 -0.0014802
v 0.0008600 0.0387697 -0.0012871
v 0.0012588 0.0389930 -0.0012588
v 0.0010946 0.0387945 -0.0010946
v 0.0014802 0.0390178 -0.0009890
v 0.0012871 0.0388193 -0.0008600
v 0.0016447 0.0390426 -0.0006813
v 0.0014302 0.0388441 -0.0005924
v 0.0017460 0.0390674 -0.0003473
v 0.0015183 0.0388689 -0.0003020
v 0.0017802 0.0390922 -0.0000000
v 0.0015480 0.0388937 -0.0000000
v 0.0017460 0.0391170 0.0003473
v 0.0015183 0.0389186 0.0003020
v 0.0016447 0.0391418 0.0006813
v 0.0014302 0.0389434 0.0005924
v 0.0014802 0.0391666 0.0009890
v 0.0012871 0.0389682 0.0008600
v 0.0012588 0.0391914 0.0012588
v 0.0010946 0.0389930 0.0010946
v 0.0009890 0.0392162 0.0014802
v 0.0008600 0.0390178 0.0012871
v 0.0006813 0.0392410 0.0016447
v 0.0005924 0.0390426 0.0014302
v 0.0003473 0.0392658 0.0017460
v 0.0003020 0.0390674 0.0015183
v 0.0000000 0.0392906 0.0017802
v 0.0000000 0.0390922 0.0015480
v -0.0003473 0.0393154 0.0017460
v -0.0003020 0.0391170 0.0015183
v -0.0006813 0.0393402 0.0016447
v -0.0005924 0.0391418 0.0014302
v -0.0009890 0.0393650 0.0014802
v -0.0008600 0.0391666 0.0012871
v -0.0012588 0.0393898 0.0012588
v -0.0010946 0.0391914 0.0010946
v -0.0014802 0.0394146 0.0009890
v -0.0012871 0.0392162 0.0008600
v -0.0016447 0.0394395 0.0006813
v -0.0014302 0.0392410 0.0005924
v -0.0017460 0.0394643 0.0003473
v -0.0015183 0.0392658 0.0003020
v -0.0017802 0.0394891 -0.0000000
v -0.0015480 0.0392906 -0.0000000
v -0.0017460 0.0395139 -0.0003473
v -0.0015183 0.0393154 -0.0003020
v -0.0016447 0.0395387 -0.0006813
v -0.0014302 0.0393402 -0.0005924
v -0.0014802 0.0395635 -0.0009890
v -0.0012871 0.0393650 -0.0008600
v -0.0012588 0.0395883 -0.0012588
v -0.0010946 0.0393898 -0.0010946
v -0.0009890 0.0396131 -0.0014802
v -0.0008600 0.0394146 -0.0012871
v -0.0006813 0.0396379 -0.0016447
v -0.0005924 0.0394395 -0.0014302
v -0.0003473 0.0396627 -0.0017460
v -0.0003020 0.0394643 -0.0015183
v 0.0000000 0.0396875 -0.0017802
v 0.0000000 0.0394891 -0.0015480
v 0.0003473 0.0397123 -0.0017460
v 0.0003020 0.0395139 -0.0015183
v 0.0006813 0.0397371 -0.0016447
v 0.0005924 0.0395387 -0.0014302
v 0.0009890 0.0397619 -0.0014802
v 0.0008600 0.0395635 -0.0012871
v 0.0012588 0.0397867 -0.0012588
v 0.0010946 0.0395883 -0.0010946
v 0.0014802 0.0398115 -0.0009890
v 0.0012871 0.0396131 -0.0008600
v 0.0016447 0.0398363 -0.0006813
v 0.0014302 0.0396379 -0.0005924
v 0.0017460 0.0398611 -0.0003473
v 0.0015183 0.0396627 -0.0003020
v 0.0017802 0.0398859 0.0000000
v 0.0015480 0.0396875 0.0000000
v 0.0017460 0.0399107 0.0003473
v 0.0015183 0.0397123 0.0003020
v 0.0016447 0.0399355 0.0006813
v 0.0014302 0.0397371 0.0005924
v 0.0014802 0.0399604 0.0009890
v 0.0012871 0.0397619 0.0008600
v 0.0012588 0.0399852 0.0012588
v 0.0010946 0.0397867 0.0010946
v 0.0009890 0.0400100 0.0014802
v 0.0008600 0.0398115 0.0012871
v 0.0006813 0.0400348 0.0016447
v 0.0005924 0.0398363 0.0014302
v 0.0003473 0.0400596 0.0017460
v 0.0003020 0.0398611 0.0015183
v 0.0000000 0.0400844 0.0017802
v 0.0000000 0.0398859 0.0015480
v -0.0003473 0.0401092 0.0017460
v -0.0003020 0.0399107 0.0015183
v -0.0006813 0.0401340 0.0016447
v -0.0005924 0.0399355 0.0014302
v -0.0009890 0.0401588 0.0014802
v -0.0008600 0.0399604 0.0012871
v -0.0012588 0.0401836 0.0012588
v -0.0010946 0.0399852 0.0010946
v -0.0014802 0.0402084 0.0009890
v -0.0012871 0.0400100 0.0008600
v -0.0016447 0.0402332 0.0006813
v -0.0014302 0.0400348 0.0005924
v -0.0017460 0.0402580 0.0003473
v -0.0015183 0.0400596 0.0003020
v -0.0017802 0.0402828 0.0000000
v -0.0015480 0.0400844 0.0000000
v -0.0017460 0.0403076 -0.0003473
v -0.0015183 0.0401092 -0.0003020
v -0.0016447 0.0403324 -0.0006813
v -0.0014302 0.0401340 -0.0005924
v -0.0014802 0.0403572 -0.0009890
v -0.0012871 0.0401588 -0.0008600
v -0.0012588 0.0403820 -0.0012588
v -0.0010946 0.0401836 -0.0010946
v -0.0009890 0.0404068 -0.0014802
v -0.0008600 0.0402084 -0.0012871
v -0.0006813 0.0404316 -0.0016447
v -0.0005924 0.0402332 -0.0014302
v -0.0003473 0.0404564 -0.0017460
v -0.0003020 0.0402580 -0.0015183
v -0.0000000 0.0404813 -0.0017802
v -0.0000000 0.0402828 -0.0015480
v 0.0003473 0.0405061 -0.0017460
v 0.0003020 0.0403076 -0.0015183
v 0.0006813 0.0405309 -0.0016447
v 0.0005924 0.0403324 -0.0014302
v 0.0009890 0.0405557 -0.0014802
v 0.0008600 0.0403572 -0.0012871
v 0.0012588 0.0405805 -0.0012588
v 0.0010946 0.0403820 -0.0010946
v 0.0014802 0.0406053 -0.0009890
v 0.0012871 0.0404068 -0.0008600
v 0.0016447 0.0406301 -0.0006813
v 0.0014302 0.0404316 -0.0005924
v 0.0017460 0.0406549 -0.0003473
v 0.0015183 0.0404564 -0.0003020
v 0.0017802 0.0406797 -0.0000000
v 0.0015480 0.0404812 -0.0000000
v 0.0017460 0.0407045 0.0003473
v 0.0015183 0.0405061 0.0003020
v 0.0016447 0.0407293 0.0006813
v 0.0014302 0.0405309 0.0005924
v 0.0014802 0.0407541 0.0009890
v 0.0012871 0.0405557 0.0008600
v 0.0012588 0.0407789 0.0012588
v 0.0010946 0.0405805 0.0010946
v 0.0009890 0.0408037 0.0014802
v 0.0008600 0.0406053 0.0012871
v 0.0006813 0.0408285 0.0016447
v 0.0005924 0.0406301 0.0014302
v 0.0003473 0.0408533 0.0017460
v 0.0003020 0.0406549 0.0015183
v 0.0000000 0.0408781 0.0017802
v 0.0000000 0.0406797 0.0015480
v -0.0003473 0.0409029 0.0017460
v -0.0003020 0.0407045 0.0015183
v -0.0006813 0.0409277 0.0016447
v -0.0005924 0.0407293 0.0014302
v -0.0009890 0.0409525 0.0014802
v -0.0008600 0.0407541 0.0012871
v -0.0012588 0.0409773 0.0012588
v -0.0010946 0.0407789 0.0010946
v -0.0014802 0.0410021 0.0009890
v -0.0012871 0.0408037 0.0008600
v -0.0016447 0.0410270 0.0006813
v -0.0014302 0.0408285 0.0005924
v -0.0017460 0.0410518 0.0003473
v -0.0015183 0.0408533 0.0003020
v -0.0017802 0.0410766 0.0000000
v -0.0015480 0.0408781 0.0000000
v -0.0017460 0.0411014 -0.0003473
v -0.0015183 0.0409029 -0.0003020
v -0.0016447 0.0411262 -0.0006813
v -0.0014302 0.0409277 -0.0005924
v -0.0014802 0.0411510 -0.0009890
v -0.0012871 0.0409525 -0.0008600
v -0.0012588 0.0411758 -0.0012588
v -0.0010946 0.0409773 -0.0010946
v -0.0009890 0.0412006 -0.0014802
v -0.0008600 0.0410021 -0.0012871
v -0.0006813 0.0412254 -0.0016447
v -0.0005924 0.0410270 -0.0014302
v -0.0003473 0.0412502 -0.0017460
v -0.0003020 0.0410518 -0.0015183
v -0.0000000 0.0412750 -0.0017802
v -0.0000000 0.0410766 -0.0015480
v 0.0003473 0.0412998 -0.0017460
v 0.0003020 0.0411014 -0.0015183
v 0.0006813 0.0413246 -0.0016447
v 0.0005924 0.0411262 -0.0014302
v 0.0009890 0.0413494 -0.0014802
v 0.0008600 0.0411510 -0.0012871
v 0.0012588 0.0413742 -0.0012588
v 0.0010946 0.0411758 -0.0010946
v 0.0014802 0.0413990 -0.0009890
v 0.0012871 0.0412006 -0.0008600
v 0.0016447 0.0414238 -0.0006813
v 0.0014302 0.0412254 -0.0005924
v 0.0017460 0.0414486 -0.0003473
v 0.0015183 0.0412502 -0.0003020
v 0.0017802 0.0414734 0.0000000
v 0.0015480 0.0412750 0.0000000
v 0.0017460 0.0414982 0.0003473
v 0.0015183 0.0412998 0.0003020
v 0.0016447 0.0415230 0.0006813
v 0.0014302 0.0413246 0.0005924
v 0.0014802 0.0415479 0.0009890
v 0.0012871 0.0413494 0.0008600
v 0.0012588 0.0415727 0.0012588
v 0.0010946 0.0413742 0.0010946
v 0.0009890 0.0415975 0.0014802
v 0.0008600 0.0413990 0.0012871
v 0.0006813 0.0416223 0.0016447
v 0.0005924 0.0414238 0.0014302
v 0.0003473 0.0416471 0.0017460
v 0.0003020 0.0414486 0.0015183
v -0.0000000 0.0416719 0.0017802
v -0.0000000 0.0414734 0.0015480
v -0.0003473 0.0416967 0.0017460
v -0.0003020 0.0414982 0.0015183
v -0.0006813 0.0417215 0.0016447
v -0.0005924 0.0415230 0.0014302
v -0.0009890 0.0417463 0.0014802
v -0.0008600 0.0415479 0.0012871
v -0.0012588 0.0417711 0.0012588
v -0.0010946 0.0415727 0.0010946
v -0.0014802 0.0417959 0.0009890
v -0.0012871 0.0415975 0.0008600
v -0.0016447 0.0418207 0.0006813
v -0.0014302 0.0416223 0.0005924
v -0.0017460 0.0418455 0.0003473
v -0.0015183 0.0416471 0.0003020
v -0.0017802 0.0418703 -0.0000000
v -0.0015480 0.0416719 -0.0000000
v -0.0017460 0.0418951 -0.0003473
v -0.0015183 0.0416967 -0.0003020
v -0.0016447 0.0419199 -0.0006813
v -0.0014302 0.0417215 -0.0005924
v -0.0014802 0.0419447 -0.0009890
v -0.0012871 0.0417463 -0.0008600
v -0.0012588 0.0419695 -0.0012588
v -0.0010946 0.0417711 -0.0010946
v -0.0009890 0.0419943 -0.0014802
v -0.0008600 0.0417959 -0.0012871
v -0.0006813 0.0420191 -0.0016447
v -0.0005924 0.0418207 -0.0014302
v -0.0003473 0.0420439 -0.0017460
v -0.0003020 0.0418455 -0.0015183
v -0.0000000 0.0420688 -0.0017802
v -0.0000000 0.0418703 -0.0015480
v 0.0003473 0.0420936 -0.0017460
v 0.0003020 0.0418951 -0.0015183
v 0.0006813 0.0421184 -0.0016447
v 0.0005924 0.0419199 -0.0014302
v 0.0009890 0.0421432 -0.0014802
v 0.0008600 0.0419447 -0.0012871
v 0.0012588 0.0421680 -0.0012588
v 0.0010946 0.0419695 -0.0010946
v 0.0014802 0.0421928 -0.0009890
v 0.0012871 0.0419943 -0.0008600
v 0.0016447 0.0422176 -0.0006813
v 0.0014302 0.0420191 -0.0005924
v 0.0017460 0.0422424 -0.0003473
v 0.0015183 0.0420439 -0.0003020
v 0.0017802 0.0422672 -0.0000000
v 0.0015480 0.0420687 -0.0000000
v 0.0017460 0.0422920 0.0003473
v 0.0015183 0.0420936 0.0003020
v 0.0016447 0.0423168 0.0006813
v 0.0014302 0.0421184 0.0005924
v 0.0014802 0.0423416 0.0009890
v 0.0012871 0.0421432 0.0008600
v 0.0012588 0.0423664 0.0012588
v 0.0010946 0.0421680 0.0010946
v 0.0009890 0.0423912 0.0014802
v 0.0008600 0.0421928 0.0012871
v 0.0006813 0.0424160 0.0016447
v 0.0005924 0.0422176 0.0014302
v 0.0003473 0.0424408 0.0017460
v 0.0003020 0.0422424 0.0015183
v 0.0000000 0.0424656 0.0017802
v 0.0000000 0.0422672 0.0015480
v -0.0003473 0.0424904 0.0017460
v -0.0003020 0.0422920 0.0015183
v -0.0006813 0.0425152 0.0016447
v -0.0005924 0.0423168 0.0014302
v -0.0009890 0.0425400 0.0014802
v -0.0008600 0.0423416 0.0012871
v -0.0012588 0.0425648 0.0012588
v -0.0010946 0.0423664 0.0010946
v -0.0014802 0.0425896 0.0009890
v -0.0012871 0.0423912 0.0008600
v -0.0016447 0.0426145 0.0006813
v -0.0014302 0.0424160 0.0005924
v -0.0017460 0.0426393 0.0003473
v -0.0015183 0.0424408 0.0003020
v -0.0017802 0.0426641 0.0000000
v -0.0015480 0.0424656 0.0000000
v -0.0017460 0.0426889 -0.0003473
v -0.0015183 0.0424904 -0.0003020
v -0.0016447 0.0427137 -0.0006813
v -0.0014302 0.0425152 -0.0005924
v -0.0014802 0.0427385 -0.0009890
v -0.0012871 0.0425400 -0.0008600
v -0.0012588 0.0427633 -0.0012588
v -0.0010946 0.0425648 -0.0010946
v -0.0009890 0.0427881 -0.0014802
v -0.0008600 0.0425896 -0.0012871
v -0.0006813 0.0428129 -0.0016447
v -0.0005924 0.0426145 -0.0014302
v -0.0003473 0.0428377 -0.0017460
v -0.0003020 0.0426393 -0.0015183
v -0.0000000 0.0428625 -0.0017802
v -0.0000000 0.0426641 -0.0015480
v 0.0003473 0.0428873 -0.0017460
v 0.0003020 0.0426889 -0.0015183
v 0.0006813 0.0429121 -0.0016447
v 0.0005924 0.0427137 -0.0014302
v 0.0009890 0.0429369 -0.0014802
v 0.0008600 0.0427385 -0.0012871
v 0.0012588 0.0429617 -0.0012588
v 0.0010946 0.0427633 -0.0010946
v 0.0014802 0.0429865 -0.0009890
v 0.0012871 0.0427881 -0.0008600
v 0.0016447 0.0430113 -0.0006813
v 0.0014302 0.0428129 -0.0005924
v 0.0017460 0.0430361 -0.0003473
v 0.0015183 0.0428377 -0.0003020
v 0.0017802 0.0430609 -0.0000000
v 0.0015480 0.0428625 -0.0000000
v 0.0017460 0.0430857 0.0003473
v 0.0015183 0.0428873 0.0003020
v 0.0016447 0.0431105 0.0006813
v 0.0014302 0.0429121 0.0005924
v 0.0014802 0.0431354 0.0009890
v 0.0012871 0.0429369 0.0008600
v 0.0012588 0.0431602 0.0012588
v 0.0010946 0.0429617 0.0010946
v 0.0009890 0.0431850 0.0014802
v 0.0008600 0.0429865 0.0012871
v 0.0006813 0.0432098 0.0016447
v 0.0005924 0.0430113 0.0014302
v 0.0003473 0.0432346 0.0017460
v 0.0003020 0.0430361 0.0015183
v 0.0000000 0.0432594 0.0017802
v 0.0000000 0.0430609 0.0015480
v -0.0003473 0.0432842 0.0017460
v -0.0003020 0.0430857 0.0015183
v -0.0006813 0.0433090 0.0016447
v -0.0005924 0.0431105 0.0014302
v -0.0009890 0.0433338 0.0014802
v -0.0008600 0.0431354 0.0012871
v -0.0012588 0.0433586 0.0012588
v -0.0010946 0.0431602 0.0010946
v -0.0014802 0.0433834 0.0009890
v -0.0012871 0.0431850 0.0008600
v -0.0016447 0.0434082 0.0006813
v -0.0014302 0.0432098 0.0005924
v -0.0017460 0.0434330 0.0003473
v -0.0015183 0.0432346 0.0003020
v -0.0017802 0.0434578 0.0000000
v -0.0015480 0.0432594 0.0000000
v -0.0017460 0.0434826 -0.0003473
v -0.0015183 0.0432842 -0.0003020
v -0.0016447 0.0435074 -0.0006813
v -0.0014302 0.0433090 -0.0005924
v -0.0014802 0.0435322 -0.0009890
v -0.0012871 0.0433338 -0.0008600
v -0.0012588 0.0435570 -0.0012588
v -0.0010946 0.0433586 -0.0010946
v -0.0009890 0.0435818 -0.0014802
v -0.0008600 0.0433834 -0.0012871
v -0.0006813 0.0436066 -0.0016447
v -0.0005924 0.0434082 -0.0014302
v -0.0003473 0.0436314 -0.0017460
v -0.0003020 0.0434330 -0.0015183
v 0.0000000 0.0436563 -0.0017802
v 0.0000000 0.0434578 -0.0015480
v 0.0003473 0.0436811 -0.0017460
v 0.0003020 0.0434826 -0.0015183
v 0.0006813 0.0437059 -0.0016447
v 0.0005924 0.0435074 -0.0014302
v 0.0009890 0.0437307 -0.0014802
v 0.0008600 0.0435322 -0.0012871
v 0.0012588 0.0437555 -0.0012588
v 0.0010946 0.0435570 -0.0010946
v 0.0014802 0.0437803 -0.0009890
v 0.0012871 0.0435818 -0.0008600
v 0.0016447 0.0438051 -0.0006813
v 0.0014302 0.0436066 -0.0005924
v 0.0017460 0.0438299 -0.0003473
v 0.0015183 0.0436314 -0.0003020
v 0.0017802 0.0438547 0.0000000
v 0.0015480 0.0436563 0.0000000
v 0.0017460 0.0438795 0.0003473
v 0.0015183 0.0436811 0.0003020
v 0.0016447 0.0439043 0.0006813
v 0.0014302 0.0437059 0.0005924
v 0.0014802 0.0439291 0.0009890
v 0.0012871 0.0437307 0.0008600
v 0.0012588 0.0439539 0.0012588
v 0.0010946 0.0437555 0.0010946
v 0.0009890 0.0439787 0.0014802
v 0.0008600 0.0437803 0.0012871
v 0.0006813 0.0440035 0.0016447
v 0.0005924 0.0438051 0.0014302
v 0.0003473 0.0440283 0.0017460
v 0.0003020 0.0438299 0.0015183
v -0.0000000 0.0440531 0.0017802
v -0.0000000 0.0438547 0.0015480
v -0.0003473 0.0440779 0.0017460
v -0.0003020 0.0438795 0.0015183
v -0.0006813 0.0441027 0.0016447
v -0.0005924 0.0439043 0.0014302
v -0.0009890 0.0441275 0.0014802
v -0.0008600 0.0439291 0.0012871
v -0.0012588 0.0441523 0.0012588
v -0.0010946 0.0439539 0.0010946
v -0.0014802 0.0441771 0.0009890
v -0.0012871 0.0439787 0.0008600
v -0.0016447 0.0442020 0.0006813
v -0.0014302 0.0440035 0.0005924
v -0.0017460 0.0442268 0.0003473
v -0.0015183 0.0440283 0.0003020
v -0.0017802 0.0442516 0.0000000
v -0.0015480 0.0440531 0.0000000
v -0.0017460 0.0442764 -0.0003473
v -0.0015183 0.0440779 -0.0003020
v -0.0016447 0.0443012 -0.0006813
v -0.0014302 0.0441027 -0.0005924
v -0.0014802 0.0443260 -0.0009890
v -0.0012871 0.0441275 -0.0008600
v -0.0012588 0.0443508 -0.0012588
v -0.0010946 0.0441523 -0.0010946
v -0.0009890 0.0443756 -0.0014802
v -0.0008600 0.0441771 -0.0012871
v -0.0006813 0.0444004 -0.0016447
v -0.0005924 0.0442020 -0.0014302
v -0.0003473 0.0444252 -0.0017460
v -0.0003020 0.0442268 -0.0015183
v -0.0000000 0.0444500 -0.0017802
v -0.0000000 0.0442516 -0.0015480
v 0.0003473 0.0444748 -0.0017460
v 0.0003020 0.0442764 -0.0015183
v 0.0006813 0.0444996 -0.0016447
v 0.0005924 0.0443012 -0.0014302
v 0.0009890 0.0445244 -0.0014802
v 0.0008600 0.0443260 -0.0012871
v 0.0012588 0.0445492 -0.0012588
v 0.0010946 0.0443508 -0.0010946
v 0.0014802 0.0445740 -0.0009890
v 0.0012871 0.0443756 -0.0008600
v 0.0016447 0.0445988 -0.0006813
v 0.0014302 0.0444004 -0.0005924
v 0.0017460 0.0446236 -0.0003473
v 0.0015183 0.0444252 -0.0003020
v 0.0017802 0.0446484 -0.0000000
v 0.0015480 0.0444500 -0.0000000
v 0.0017460 0.0446732 0.0003473
v 0.0015183 0.0444748 0.0003020
v 0.0016447 0.0446980 0.0006813
v 0.0014302 0.0444996 0.0005924
v 0.0014802 0.0447229 0.0009890
v 0.0012871 0.0445244 0.0008600
v 0.0012588 0.0447477 0.0012588
v 0.0010946 0.0445492 0.0010946
v 0.0009890 0.0447725 0.0014802
v 0.0008600 0.0445740 0.0012871
v 0.0006813 0.0447973 0.0016447
v 0.0005924 0.0445988 0.0014302
v 0.0003473 0.0448221 0.0017460
v 0.0003020 0.0446236 0.0015183
v 0.0000000 0.0448469 0.0017802
v 0.0000000 0.0446484 0.0015480
v -0.0003473 0.0448717 0.0017460
v -0.0003020 0.0446732 0.0015183
v -0.0006813 0.0448965 0.0016447
v -0.0005924 0.0446980 0.0014302
v -0.0009890 0.0449213 0.0014802
v -0.0008600 0.0447229 0.0012871
v -0.0012588 0.0449461 0.0012588
v -0.0010946 0.0447477 0.0010946
v -0.0014802 0.0449709 0.0009890
v -0.0012871 0.0447725 0.0008600
v -0.0016447 0.0449957 0.0006813
v -0.0014302 0.0447973 0.0005924
v -0.0017460 0.0450205 0.0003473
v -0.0015183 0.0448221 0.0003020
v -0.0017802 0.0450453 0.0000000
v -0.0015480 0.0448469 0.0000000
v -0.0017460 0.0450701 -0.0003473
v -0.0015183 0.0448717 -0.0003020
v -0.0016447 0.0450949 -0.0006813
v -0.0014302 0.0448965 -0.0005924
v -0.0014802 0.0451197 -0.0009890
v -0.0012871 0.0449213 -0.0008600
v -0.0012588 0.0451445 -0.0012588
v -0.0010946 0.0449461 -0.0010946
v -0.0009890 0.0451693 -0.0014802
v -0.0008600 0.0449709 -0.0012871
v -0.0006813 0.0451941 -0.0016447
v -0.0005924 0.0449957 -0.0014302
v -0.0003473 0.0452189 -0.0017460
v -0.0003020 0.0450205 -0.0015183
v -0.0000000 0.0452437 -0.0017802
v -0.0000000 0.0450453 -0.0015480
v 0.0003473 0.0452686 -0.0017460
v 0.0003020 0.0450701 -0.0015183
v 0.0006813 0.0452934 -0.0016447
v 0.0005924 0.0450949 -0.0014302
v 0.0009890 0.0453182 -0.0014802
v 0.0008600 0.0451197 -0.0012871
v 0.0012588 0.0453430 -0.0012588
v 0.0010946 0.0451445 -0.0010946
v 0.0014802 0.0453678 -0.0009890
v 0.0012871 0.0451693 -0.0008600
v 0.0016447 0.0453926 -0.0006813
v 0.0014302 0.0451941 -0.0005924
v 0.0017460 0.0454174 -0.0003473
v 0.0015183 0.0452189 -0.0003020
v 0.0017802 0.0454422 -0.0000000
v 0.0015480 0.0452437 -0.0000000
v 0.0017460 0.0454670 0.0003473
v 0.0015183 0.0452686 0.0003020
v 0.0016447 0.0454918 0.0006813
v 0.0014302 0.0452934 0.0005924
v 0.0014802 0.0455166 0.0009890
v 0.0012871 0.0453182 0.0008600
v 0.0012588 0.0455414 0.0012588
v 0.0010946 0.0453430 0.0010946
v 0.0009890 0.0455662 0.0014802
v 0.0008600 0.0453678 0.0012871
v 0.0006813 0.0455910 0.0016447
v 0.0005924 0.0453926 0.0014302
v 0.0003473 0.0456158 0.0017460
v 0.0003020 0.0454174 0.0015183
v 0.0000000 0.0456406 0.0017802
v 0.0000000 0.0454422 0.0015480
v -0.0003473 0.0456654 0.0017460
v -0.0003020 0.0454670 0.0015183
v -0.0006813 0.0456902 0.0016447
v -0.0005924 0.0454918 0.0014302
v -0.0009890 0.0457150 0.0014802
v -0.0008600 0.0455166 0.0012871
v -0.0012588 0.0457398 0.0012588
v -0.0010946 0.0455414 0.0010946
v -0.0014802 0.0457646 0.0009890
v -0.0012871 0.0455662 0.0008600
v -0.0016447 0.0457895 0.0006813
v -0.0014302 0.0455910 0.0005924
v -0.0017460 0.0458143 0.0003473
v -0.0015183 0.0456158 0.0003020
v -0.0017802 0.0458391 -0.0000000
v -0.0015480 0.0456406 -0.0000000
v -0.0017460 0.0458639 -0.0003473
v -0.0015183 0.0456654 -0.0003020
v -0.0016447 0.0458887 -0.0006813
v -0.0014302 0.0456902 -0.0005924
v -0.0014802 0.0459135 -0.0009890
v -0.0012871 0.0457150 -0.0008600
v -0.0012588 0.0459383 -0.0012588
v -0.0010946 0.0457398 -0.0010946
v -0.0009890 0.0459631 -0.0014802
v -0.0008600 0.0457646 -0.0012871
v -0.0006813 0.0459879 -0.0016447
v -0.0005924 0.0457895 -0.0014302
v -0.0003473 0.0460127 -0.0017460
v -0.0003020 0.0458143 -0.0015183
v 0.0000000 0.0460375 -0.0017802
v 0.0000000 0.0458391 -0.0015480
v 0.0003473 0.0460623 -0.0017460
v 0.0003020 0.0458639 -0.0015183
v 0.0006813 0.0460871 -0.0016447
v 0.0005924 0.0458887 -0.0014302
v 0.0009890 0.0461119 -0.0014802
v 0.0008600 0.0459135 -0.0012871
v 0.0012588 0.0461367 -0.0012588
v 0.0010946 0.0459383 -0.0010946
v 0.0014802 0.0461615 -0.0009890
v 0.0012871 0.0459631 -0.0008600
v 0.0016447 0.0461863 -0.0006813
v 0.0014302 0.0459879 -0.0005924
v 0.0017460 0.0462111 -0.0003473
v 0.0015183 0.0460127 -0.0003020
v 0.0017802 0.0462359 0.0000000
v 0.0015480 0.0460375 0.0000000
v 0.0017460 0.0462607 0.0003473
v 0.0015183 0.0460623 0.0003020
v 0.0016447 0.0462855 0.0006813
v 0.0014302 0.0460871 0.0005924
v 0.0014802 0.0463104 0.0009890
v 0.0012871 0.0461119 0.0008600
v 0.0012588 0.0463352 0.0012588
v 0.0010946 0.0461367 0.0010946
v 0.0009890 0.0463600 0.0014802
v 0.0008600 0.0461615 0.0012871
v 0.0006813 0.0463848 0.0016447
v 0.0005924 0.0461863 0.0014302
v 0.0003473 0.0464096 0.0017460
v 0.0003020 0.0462111 0.0015183
v 0.0000000 0.0464344 0.0017802
v 0.0000000 0.0462359 0.0015480
v -0.0003473 0.0464592 0.0017460
v -0.0003020 0.0462607 0.0015183
v -0.0006813 0.0464840 0.0016447
v -0.0005924 0.0462855 0.0014302
v -0.0009890 0.0465088 0.0014802
v -0.0008600 0.0463104 0.0012871
v -0.0012588 0.0465336 0.0012588
v -0.0010946 0.0463352 0.0010946
v -0.0014802 0.0465584 0.0009890
v -0.0012871 0.0463600 0.0008600
v -0.0016447 0.0465832 0.0006813
v -0.0014302 0.0463848 0.0005924
v -0.0017460 0.0466080 0.0003473
v -0.0015183 0.0464096 0.0003020
v -0.0017802 0.0466328 0.0000000
v -0.0015480 0.0464344 0.0000000
v -0.0017460 0.0466576 -0.0003473
v -0.0015183 0.0464592 -0.0003020
v -0.0016447 0.0466824 -0.0006813
v -0.0014302 0.0464840 -0.0005924
v -0.0014802 0.0467072 -0.0009890
v -0.0012871 0.0465088 -0.0008600
v -0.0012588 0.0467320 -0.0012588
v -0.0010946 0.0465336 -0.0010946
v -0.0009890 0.0467568 -0.0014802
v -0.0008600 0.0465584 -0.0012871
v -0.0006813 0.0467816 -0.0016447
v -0.0005924 0.0465832 -0.0014302
v -0.0003473 0.0468064 -0.0017460
v -0.0003020 0.0466080 -0.0015183
v -0.0000000 0.0468312 -0.0017802
v -0.0000000 0.0466328 -0.0015480
v 0.0003473 0.0468561 -0.0017460
v 0.0003020 0.0466576 -0.0015183
v 0.0006813 0.0468809 -0.0016447
v 0.0005924 0.0466824 -0.0014302
v 0.0009890 0.0469057 -0.0014802
v 0.0008600 0.0467072 -0.0012871
v 0.0012588 0.0469305 -0.0012588
v 0.0010946 0.0467320 -0.0010946
v 0.0014802 0.0469553 -0.0009890
v 0.0012871 0.0467568 -0.0008600
v 0.0016447 0.0469801 -0.0006813
v 0.0014302 0.0467816 -0.0005924
v 0.0017460 0.0470049 -0.0003473
v 0.0015183 0.0468064 -0.0003020
v 0.0017802 0.0470297 -0.0000000
v 0.0015480 0.0468312 -0.0000000
v 0.0017460 0.0470545 0.0003473
v 0.0015183 0.0468561 0.0003020
v 0.0016447 0.0470793 0.0006813
v 0.0014302 0.0468809 0.0005924
v 0.0014802 0.0471041 0.0009890
v 0.0012871 0.0469057 0.0008600
v 0.0012588 0.0471289 0.0012588
v 0.0010946 0.0469305 0.0010946
v 0.0009890 0.0471537 0.0014802
v 0.0008600 0.0469553 0.0012871
v 0.0006813 0.0471785 0.0016447
v 0.0005924 0.0469801 0.0014302
v 0.0003473 0.0472033 0.0017460
v 0.0003020 0.0470049 0.0015183
v 0.0000000 0.0472281 0.0017802
v 0.0000000 0.0470297 0.0015480
v -0.0003473 0.0472529 0.0017460
v -0.0003020 0.0470545 0.0015183
v -0.0006813 0.0472777 0.0016447
v -0.0005924 0.0470793 0.0014302
v -0.0009890 0.0473025 0.0014802
v -0.0008600 0.0471041 0.0012871
v -0.0012588 0.0473273 0.0012588
v -0.0010946 0.0471289 0.0010946
v -0.0014802 0.0473521 0.0009890
v -0.0012871 0.0471537 0.0008600
v -0.0016447 0.0473770 0.0006813
v -0.0014302 0.0471785 0.0005924
v -0.0017460 0.0474018 0.0003473
v -0.0015183 0.0472033 0.0003020
v -0.0017802 0.0474266 0.0000000
v -0.0015480 0.0472281 0.0000000
v -0.0017460 0.0474514 -0.0003473
v -0.0015183 0.0472529 -0.0003020
v -0.0016447 0.0474762 -0.0006813
v -0.0014302 0.0472777 -0.0005924
v -0.0014802 0.0475010 -0.0009890
v -0.0012871 0.0473025 -0.0008600
v -0.0012588 0.0475258 -0.0012588
v -0.0010946 0.0473273 -0.0010946
v -0.0009890 0.0475506 -0.0014802
v -0.0008600 0.0473521 -0.0012871
v -0.0006813 0.0475754 -0.0016447
v -0.0005924 0.0473770 -0.0014302
v -0.0003473 0.0476002 -0.0017460
v -0.0003020 0.0474018 -0.0015183
v -0.0000000 0.0476250 -0.0017802
v -0.0000000 0.0474266 -0.0015480
v 0.0003473 0.0476498 -0.0017460
v 0.0003020 0.0474514 -0.0015183
v 0.0006813 0.0476746 -0.0016447
v 0.0005924 0.0474762 -0.0014302
v 0.0009890 0.0476994 -0.0014802
v 0.0008600 0.0475010 -0.0012871
v 0.0012588 0.0477242 -0.0012588
v 0.0010946 0.0475258 -0.0010946
v 0.0014802 0.0477490 -0.0009890
v 0.0012871 0.0475506 -0.0008600
v 0.0016447 0.0477738 -0.0006813
v 0.0014302 0.0475754 -0.0005924
v 0.0017460 0.0477986 -0.0003473
v 0.0015183 0.0476002 -0.0003020
v 0.0017802 0.0478234 -0.0000000
v 0.0015480 0.0476250 -0.0000000
v 0.0017460 0.0478482 0.0003473
v 0.0015183 0.0476498 0.0003020
v 0.0016447 0.0478730 0.0006813
v 0.0014302 0.0476746 0.0005924
v 0.0014802 0.0478979 0.0009890
v 0.0012871 0.0476994 0.0008600
v 0.0012588 0.0479227 0.0012588
v 0.0010946 0.0477242 0.0010946
v 0.0009890 0.0479475 0.0014802
v 0.0008600 0.0477490 0.0012871
v 0.0006813 0.0479723 0.0016447
v 0.0005924 0.0477738 0.0014302
v 0.0003473 0.0479971 0.0017460
v 0.0003020 0.0477986 0.0015183
v -0.0000000 0.0480219 0.0017802
v -0.0000000 0.0478234 0.0015480
v -0.0003473 0.0480467 0.0017460
v -0.0003020 0.0478482 0.0015183
v -0.0006813 0.0480715 0.0016447
v -0.0005924 0.0478730 0.0014302
v -0.0009890 0.0480963 0.0014802
v -0.0008600 0.0478979 0.0012871
v -0.0012588 0.0481211 0.0012588
v -0.0010946 0.0479227 0.0010946
v -0.0014802 0.0481459 0.0009890
v -0.0012871 0.0479475 0.0008600
v -0.0016447 0.0481707 0.0006813
v -0.0014302 0.0479723 0.0005924
v -0.0017460 0.0481955 0.0003473
v -0.0015183 0.0479971 0.0003020
v -0.0017802 0.0482203 -0.0000000
v -0.0015480 0.0480219 -0.0000000
v -0.0017460 0.0482451 -0.0003473
v -0.0015183 0.0480467 -0.0003020
v -0.0016447 0.0482699 -0.0006813
v -0.0014302 0.0480715 -0.0005924
v -0.0014802 0.0482947 -0.0009890
v -0.0012871 0.0480963 -0.0008600
v -0.0012588 0.0483195 -0.0012588
v -0.0010946 0.0481211 -0.0010946
v -0.0009890 0.0483443 -0.0014802
v -0.0008600 0.0481459 -0.0012871
v -0.0006813 0.0483691 -0.0016447
v -0.0005924 0.0481707 -0.0014302
v -0.0003473 0.0483939 -0.0017460
v -0.0003020 0.0481955 -0.0015183
v -0.0000000 0.0484188 -0.0017802
v -0.0000000 0.0482203 -0.0015480
v 0.0003473 0.0484436 -0.0017460
v 0.0003020 0.0482451 -0.0015183
v 0.0006813 0.0484684 -0.0016447
v 0.0005924 0.0482699 -0.0014302
v 0.0009890 0.0484932 -0.0014802
v 0.0008600 0.0482947 -0.0012871
v 0.0012588 0.0485180 -0.0012588
v 0.0010946 0.0483195 -0.0010946
v 0.0014802 0.0485428 -0.0009890
v 0.0012871 0.0483443 -0.0008600
v 0.0016447 0.0485676 -0.0006813
v 0.0014302 0.0483691 -0.0005924
v 0.0017460 0.0485924 -0.0003473
v 0.0015183 0.0483939 -0.0003020
v 0.0017802 0.0486172 -0.0000000
v 0.0015480 0.0484187 -0.0000000
v 0.0017460 0.0486420 0.0003473
v 0.0015183 0.0484436 0.0003020
v 0.0016447 0.0486668 0.0006813
v 0.0014302 0.0484684 0.0005924
v 0.0014802 0.0486916 0.0009890
v 0.0012871 0.0484932 0.0008600
v 0.0012588 0.0487164 0.0012588
v 0.0010946 0.0485180 0.0010946
v 0.0009890 0.0487412 0.0014802
v 0.0008600 0.0485428 0.0012871
v 0.0006813 0.0487660 0.0016447
v 0.0005924 0.0485676 0.0014302
v 0.0003473 0.0487908 0.0017460
v 0.0003020 0.0485924 0.0015183
v 0.0000000 0.0488156 0.0017802
v 0.0000000 0.0486172 0.0015480
v -0.0003473 0.0488404 0.0017460
v -0.0003020 0.0486420 0.0015183
v -0.0006813 0.0488652 0.0016447
v -0.0005924 0.0486668 0.0014302
v -0.0009890 0.0488900 0.0014802
v -0.0008600 0.0486916 0.0012871
v -0.0012588 0.0489148 0.0012588
v -0.0010946 0.0487164 0.0010946
v -0.0014802 0.0489396 0.0009890
v -0.0012871 0.0487412 0.0008600
v -0.0016447 0.0489645 0.0006813
v -0.0014302 0.0487660 0.0005924
v -0.0017460 0.0489893 0.0003473
v -0.0015183 0.0487908 0.0003020
v -0.0017802 0.0490141 0.0000000
v -0.0015480 0.0488156 0.0000000
v -0.0017460 0.0490389 -0.0003473
v -0.0015183 0.0488404 -0.0003020
v -0.0016447 0.0490637 -0.0006813
v -0.0014302 0.0488652 -0.0005924
v -0.0014802 0.0490885 -0.0009890
v -0.0012871 0.0488900 -0.0008600
v -0.0012588 0.0491133 -0.0012588
v -0.0010946 0.0489148 -0.0010946
v -0.0009890 0.0491381 -0.0014802
v -0.0008600 0.0489396 -0.0012871
v -0.0006813 0.0491629 -0.0016447
v -0.0005924 0.0489645 -0.0014302
v -0.0003473 0.0491877 -0.0017460
v -0.0003020 0.0489893 -0.0015183
v -0.0000000 0.0492125 -0.0017802
v -0.0000000 0.0490141 -0.0015480
v 0.0003473 0.0492373 -0.0017460
v 0.0003020 0.0490389 -0.0015183
v 0.0006813 0.0492621 -0.0016447
v 0.0005924 0.0490637 -0.0014302
v 0.0009890 0.0492869 -0.0014802
v 0.0008600 0.0490885 -0.0012871
v 0.0012588 0.0493117 -0.0012588
v 0.0010946 0.0491133 -0.0010946
v 0.0014802 0.0493365 -0.0009890
v 0.0012871 0.0491381 -0.0008600
v 0.0016447 0.0493613 -0.0006813
v 0.0014302 0.0491629 -0.0005924
v 0.0017460 0.0493861 -0.0003473
v 0.0015183 0.0491877 -0.0003020
v 0.0017802 0.0494109 -0.0000000
v 0.0015480 0.0492125 -0.0000000
v 0.0017460 0.0494357 0.0003473
v 0.0015183 0.0492373 0.0003020
v 0.0016447 0.0494605 0.0006813
v 0.0014302 0.0492621 0.0005924
v 0.0014802 0.0494854 0.0009890
v 0.0012871 0.0492869 0.0008600
v 0.0012588 0.0495102 0.0012588
v 0.0010946 0.0493117 0.0010946
v 0.0009890 0.0495350 0.0014802
v 0.0008600 0.0493365 0.0012871
v 0.0006813 0.0495598 0.0016447
v 0.0005924 0.0493613 0.0014302
v 0.0003473 0.0495846 0.0017460
v 0.0003020 0.0493861 0.0015183
v 0.0000000 0.0496094 0.0017802
v 0.0000000 0.0494109 0.0015480
v -0.0003473 0.0496342 0.0017460
v -0.0003020 0.0494357 0.0015183
v -0.0006813 0.0496590 0.0016447
v -0.0005924 0.0494605 0.0014302
v -0.0009890 0.0496838 0.0014802
v -0.0008600 0.0494854 0.0012871
v -0.0012588 0.0497086 0.0012588
v -0.0010946 0.0495102 0.0010946
v -0.0014802 0.0497334 0.0009890
v -0.0012871 0.0495350 0.0008600
v -0.0016447 0.0497582 0.0006813
v -0.0014302 0.0495598 0.0005924
v -0.0017460 0.0497830 0.0003473
v -0.0015183 0.0495846 0.0003020
v -0.0017802 0.0498078 0.0000000
v -0.0015480 0.0496094 0.0000000
v -0.0017460 0.0498326 -0.0003473
v -0.0015183 0.0496342 -0.0003020
v -0.0016447 0.0498574 -0.0006813
v -0.0014302 0.0496590 -0.0005924
v -0.0014802 0.0498822 -0.0009890
v -0.0012871 0.0496838 -0.0008600
v -0.0012588 0.0499070 -0.0012588
v -0.0010946 0.0497086 -0.0010946
v -0.0009890 0.0499318 -0.0014802
v -0.0008600 0.0497334 -0.0012871
v -0.0006813 0.0499566 -0.0016447
v -0.0005924 0.0497582 -0.0014302
v -0.0003473 0.0499814 -0.0017460
v -0.0003020 0.0497830 -0.0015183
v 0.0000000 0.0500063 -0.0017802
v 0.0000000 0.0498078 -0.0015480
v 0.0003473 0.0500311 -0.0017460
v 0.0003020 0.0498326 -0.0015183
v 0.0006813 0.0500559 -0.0016447
v 0.0005924 0.0498574 -0.0014302
v 0.0009890 0.0500807 -0.0014802
v 0.0008600 0.0498822 -0.0012871
v 0.0012588 0.0501055 -0.0012588
v 0.0010946 0.0499070 -0.0010946
v 0.0014802 0.0501303 -0.0009890
v 0.0012871 0.0499318 -0.0008600
v 0.0016447 0.0501551 -0.0006813
v 0.0014302 0.0499566 -0.0005924
v 0.0017460 0.0501799 -0.0003473
v 0.0015183 0.0499814 -0.0003020
v 0.0017802 0.0502047 0.0000000
v 0.0015480 0.0500062 0.0000000
v 0.0017460 0.0502295 0.0003473
v 0.0015183 0.0500311 0.0003020
v 0.0016447 0.0502543 0.0006813
v 0.0014302 0.0500559 0.0005924
v 0.0014802 0.0502791 0.0009890
v 0.0012871 0.0500807 0.0008600
v 0.0012588 0.0503039 0.0012588
v 0.0010946 0.0501055 0.0010946
v 0.0009890 0.0503287 0.0014802
v 0.0008600 0.0501303 0.0012871
v 0.0006813 0.0503535 0.0016447
v 0.0005924 0.0501551 0.0014302
v 0.0003473 0.0503783 0.0017460
v 0.0003020 0.0501799 0.0015183
v -0.0000000 0.0504031 0.0017802
v -0.0000000 0.0502047 0.0015480
v -0.0003473 0.0504279 0.0017460
v -0.0003020 0.0502295 0.0015183
v -0.0006813 0.0504527 0.0016447
v -0.0005924 0.0502543 0.0014302
v -0.0009890 0.0504775 0.0014802
v -0.0008600 0.0502791 0.0012871
v -0.0012588 0.0505023 0.0012588
v -0.0010946 0.0503039 0.0010946
v -0.0014802 0.0505271 0.0009890
v -0.0012871 0.0503287 0.0008600
v -0.0016447 0.0505520 0.0006813
v -0.0014302 0.0503535 0.0005924
v -0.0017460 0.0505768 0.0003473
v -0.0015183 0.0503783 0.0003020
v -0.0017802 0.0506016 0.0000000
v -0.0015480 0.0504031 0.0000000
v -0.0017460 0.0506264 -0.0003473
v -0.0015183 0.0504279 -0.0003020
v -0.0016447 0.0506512 -0.0006813
v -0.0014302 0.0504527 -0.0005924
v -0.0014802 0.0506760 -0.0009890
v -0.0012871 0.0504775 -0.0008600
v -0.0012588 0.0507008 -0.0012588
v -0.0010946 0.0505023 -0.0010946
v -0.0009890 0.0507256 -0.0014802
v -0.0008600 0.0505271 -0.0012871
v -0.0006813 0.0507504 -0.0016447
v -0.0005924 0.0505520 -0.0014302
v -0.0003473 0.0507752 -0.0017460
v -0.0003020 0.0505768 -0.0015183
v -0.0000000 0.0508000 -0.0017802
v -0.0000000 0.0506016 -0.0015480
v 0.0003473 0.0508248 -0.0017460
v 0.0003020 0.0506264 -0.0015183
v 0.0006813 0.0508496 -0.0016447
v 0.0005924 0.0506512 -0.0014302
v 0.0009890 0.0508744 -0.0014802
v 0.0008600 0.0506760 -0.0012871
v 0.0012588 0.0508992 -0.0012588
v 0.0010946 0.0507008 -0.0010946
v 0.0014802 0.0509240 -0.0009890
v 0.0012871 0.0507256 -0.0008600
v 0.0016447 0.0509488 -0.0006813
v 0.0014302 0.0507504 -0.0005924
v 0.0017460 0.0509736 -0.0003473
v 0.0015183 0.0507752 -0.0003020
v 0.0017802 0.0509984 -0.0000000
v 0.0015480 0.0508000 -0.0000000
usemtl body
vn 0.9998649 0.0 0.0164377
vn 0.9998649 0.0 -0.0164377
vn 0.9966492 0.0 0.0817948
vn 0.9934502 0.0 0.1142657
vn 0.0 1.0 0.0
vn 0.0 -1.0 0.0
vn 0.9838729 0.0 0.1788688
vn 0.9774806 0.0 0.2110255
vn 0.9615738 0.0 0.2745464
vn 0.9520659 0.0 0.305893
vn 0.9300448 0.0 0.3674461
vn 0.9175349 0.0 0.3976552
vn 0.8895006 0.0 0.456934
vn 0.8739612 0.0 0.4859957
vn 0.8403244 0.0 0.5420838
vn 0.8222466 0.0 0.5691314
vn 0.7834057 0.0 0.6215107
vn 0.7626334 0.0 0.646831
vn 0.7186295 0.0 0.6953931
vn 0.6953931 0.0 0.7186295
vn 0.646831 0.0 0.7626334
vn 0.6215107 0.0 0.7834057
vn 0.5691314 0.0 0.8222466
vn 0.5420838 0.0 0.8403244
vn 0.4859957 0.0 0.8739612
vn 0.456934 0.0 0.8895006
vn 0.3976552 0.0 0.9175349
vn 0.3674461 0.0 0.9300448
vn 0.305893 0.0 0.9520659
vn 0.2745464 0.0 0.9615738
vn 0.2110255 0.0 0.9774806
vn 0.1788688 0.0 0.9838729
vn 0.1142657 0.0 0.9934502
vn 0.0817948 0.0 0.9966492
vn 0.0164377 0.0 0.9998649
vn -0.0164377 0.0 0.9998649
vn -0.0817948 0.0 0.9966492
vn -0.1142657 0.0 0.9934502
vn -0.1788688 0.0 0.9838729
vn -0.2110255 0.0 0.9774806
vn -0.2745464 0.0 0.9615738
vn -0.305893 0.0 0.9520659
vn -0.3674461 0.0 0.9300448
vn -0.3976552 0.0 0.9175349
vn -0.456934 0.0 0.8895006
vn -0.4859957 0.0 0.8739612
vn -0.5420838 0.0 0.8403244
vn -0.5691314 0.0 0.8222466
vn -0.6215107 0.0 0.7834057
vn -0.646831 0.0 0.7626334
vn -0.6953931 0.0 0.7186295
vn -0.7186295 0.0 0.6953931
vn -0.7626334 0.0 0.646831
vn -0.7834057 0.0 0.6215107
vn -0.8222466 0.0 0.5691314
vn -0.8403244 0.0 0.5420838
vn -0.8739612 0.0 0.4859957
vn -0.8895006 0.0 0.456934
vn -0.9175349 0.0 0.3976552
vn -0.9300448 0.0 0.3674461
vn -0.9520659 0.0 0.305893
vn -0.9615738 0.0 0.2745464
vn -0.9774806 0.0 0.2110255
vn -0.9838729 0.0 0.1788688
vn -0.9934502 0.0 0.1142657
vn -0.9966492 0.0 0.0817948
vn -0.9998649 0.0 0.0164377
vn -0.9998649 0.0 -0.0164377
vn -0.9966492 0.0 -0.0817948
vn -0.9934502 0.0 -0.1142657
vn -0.9838729 0.0 -0.1788688
vn -0.9774806 0.0 -0.2110255
vn -0.9615738 0.0 -0.2745464
vn -0.9520659 0.0 -0.305893
vn -0.9300448 0.0 -0.3674461
vn -0.9175349 0.0 -0.3976552
vn -0.8895006 0.0 -0.456934
vn -0.8739612 0.0 -0.4859957
vn -0.8403244 0.0 -0.5420838
vn -0.8222466 0.0 -0.5691314
vn -0.7834057 0.0 -0.6215107
vn -0.7626334 0.0 -0.646831
vn -0.7186295 0.0 -0.6953931
vn -0.6953931 0.0 -0.7186295
vn -0.646831 0.0 -0.7626334
vn -0.6215107 0.0 -0.7834057
vn -0.5691314 0.0 -0.8222466
vn -0.5420838 0.0 -0.8403244
vn -0.4859957 0.0 -0.8739612
vn -0.456934 0.0 -0.8895006
vn -0.3976552 0.0 -0.9175349
vn -0.3674461 0.0 -0.9300448
vn -0.305893 0.0 -0.9520659
vn -0.2745464 0.0 -0.9615738
vn -0.2110255 0.0 -0.9774806
vn -0.1788688 0.0 -0.9838729
vn -0.1142657 0.0 -0.9934502
vn -0.0817948 0.0 -0.9966492
vn -0.0164377 0.0 -0.9998649
vn 0.0164377 0.0 -0.9998649
vn 0.0817948 0.0 -0.9966492
vn 0.1142657 0.0 -0.9934502
vn 0.1788688 0.0 -0.9838729
vn 0.2110255 0.0 -0.9774806
vn 0.2745464 0.0 -0.9615738
vn 0.305893 0.0 -0.9520659
vn 0.3674461 0.0 -0.9300448
vn 0.3976552 0.0 -0.9175349
vn 0.456934 0.0 -0.8895006
vn 0.4859957 0.0 -0.8739612
vn 0.5420838 0.0 -0.8403244
vn 0.5691314 0.0 -0.8222466
vn 0.6215107 0.0 -0.7834057
vn 0.646831 0.0 -0.7626334
vn 0.6953931 0.0 -0.7186295
vn 0.7186295 0.0 -0.6953931
vn 0.7626334 0.0 -0.646831
vn 0.7834057 0.0 -0.6215107
vn 0.8222466 0.0 -0.5691314
vn 0.8403244 0.0 -0.5420838
vn 0.8739612 0.0 -0.4859957
vn 0.8895006 0.0 -0.456934
vn 0.9175349 0.0 -0.3976552
vn 0.9300448 0.0 -0.3674461
vn 0.9520659 0.0 -0.305893
vn 0.9615738 0.0 -0.2745464
vn 0.9774806 0.0 -0.2110255
vn 0.9838729 0.0 -0.1788688
vn 0.9934502 0.0 -0.1142657
vn 0.9966492 0.0 -0.0817948
vn 0.6415962 -0.7574383 0.1210025
vn 0.6451089 -0.7550115 0.1174403
vn 0.6316222 -0.7579032 0.1632058
vn 0.6167488 -0.7595591 0.2066177
vn 0.5875804 -0.757914 0.2834001
vn 0.5645105 -0.7595463 0.3231368
vn 0.5210456 -0.7578388 0.3926727
vn 0.4908016 -0.7594586 0.4270086
vn 0.4345801 -0.7577982 0.4867052
vn 0.3980685 -0.7594582 0.5145529
vn 0.3312562 -0.7578042 0.5621407
vn 0.290082 -0.7594544 0.582307
vn 0.2152709 -0.7577798 0.6159774
vn 0.1709211 -0.7594069 0.6277636
vn 0.0909405 -0.7577308 0.6461996
vn 0.045108 -0.7593985 0.6490603
vn -0.0369013 -0.7577543 0.6514957
vn -0.0823534 -0.7594138 0.6453748
vn -0.1632252 -0.7577424 0.6318101
vn -0.2066492 -0.7593981 0.6169365
vn -0.2833864 -0.7577552 0.5877917
vn -0.3231457 -0.759496 0.564573
vn -0.3926294 -0.7578953 0.5209961
vn -0.4269712 -0.7596147 0.4905926
vn -0.4865846 -0.7579591 0.4344346
vn -0.5144224 -0.7596192 0.3979299
vn -0.561994 -0.757965 0.3311371
vn -0.5821519 -0.7596155 0.2899715
vn -0.6158103 -0.7579407 0.2151827
vn -0.62759 -0.7595679 0.1708431
vn -0.6460185 -0.7578917 0.0908866
vn -0.6488748 -0.7595595 0.0450652
vn -0.6513076 -0.7579152 -0.0369189
vn -0.6451845 -0.7595748 -0.0823591
vn -0.6316222 -0.7579032 -0.1632058
vn -0.6167488 -0.7595591 -0.2066177
vn -0.5876112 -0.7579161 -0.2833307
vn -0.5644911 -0.7596028 -0.3230378
vn -0.5209774 -0.7579532 -0.3925423
vn -0.4906402 -0.7596197 -0.4269077
vn -0.4344346 -0.7579591 -0.4865846
vn -0.3979299 -0.7596192 -0.5144224
vn -0.3311371 -0.757965 -0.561994
vn -0.2899715 -0.7596155 -0.5821519
vn -0.2151827 -0.7579407 -0.6158103
vn -0.1708431 -0.7595679 -0.62759
vn -0.0908866 -0.7578917 -0.6460185
vn -0.0450652 -0.7595595 -0.6488748
vn 0.0369948 -0.757913 -0.6513058
vn 0.082443 -0.7595183 -0.6452403
vn 0.1633001 -0.7577888 -0.6317351
vn 0.2066492 -0.7593981 -0.6169365
vn 0.2833864 -0.7577552 -0.5877917
vn 0.3231054 -0.7594418 -0.564669
vn 0.3926323 -0.7577924 -0.5211436
vn 0.4270086 -0.7594586 -0.4908016
vn 0.4867052 -0.7577982 -0.4345801
vn 0.5145529 -0.7594582 -0.3980685
vn 0.5621407 -0.7578042 -0.3312562
vn 0.582307 -0.7594544 -0.290082
vn 0.6159774 -0.7577798 -0.2152709
vn 0.6277636 -0.7594069 -0.1709211
vn 0.6461996 -0.7577308 -0.0909405
vn 0.6490603 -0.7593985 -0.045108
vn 0.6514957 -0.7577543 0.0369013
vn 0.6453015 -0.7594681 0.0824273
vn 0.6316728 -0.7578453 0.163279
vn 0.6167292 -0.7595541 0.2066947
vn 0.5876112 -0.7579161 0.2833307
vn 0.5644911 -0.7596028 0.3230378
vn 0.5209774 -0.7579532 0.3925423
vn 0.4906402 -0.7596197 0.4269077
vn 0.4344346 -0.7579591 0.4865846
vn 0.3979299 -0.7596192 0.5144224
vn 0.3311371 -0.757965 0.561994
vn 0.2899715 -0.7596155 0.5821519
vn 0.2151827 -0.7579407 0.6158103
vn 0.1708431 -0.7595679 0.62759
vn 0.0908866 -0.7578917 0.6460185
vn 0.0450652 -0.7595595 0.6488748
vn -0.0369189 -0.7579152 0.6513076
vn -0.0823591 -0.7595748 0.6451845
vn -0.1632058 -0.7579032 0.6316222
vn -0.2066177 -0.7595591 0.6167488
vn -0.2833307 -0.7579161 0.5876112
vn -0.3230378 -0.7596028 0.5644911
vn -0.3925423 -0.7579532 0.5209774
vn -0.4269077 -0.7596197 0.4906402
vn -0.5620347 -0.7579629 0.3310729
vn -0.582245 -0.7595589 0.2899328
vn -0.6159566 -0.7578262 0.215167
vn -0.6277636 -0.7594069 0.1709211
vn -0.6461996 -0.7577308 0.0909405
vn -0.6490603 -0.7593985 0.045108
vn -0.6514957 -0.7577543 -0.0369013
vn -0.6453748 -0.7594138 -0.0823534
vn -0.6318101 -0.7577424 -0.1632252
vn -0.6169365 -0.7593981 -0.2066492
vn -0.5877917 -0.7577552 -0.2833864
vn -0.564669 -0.7594418 -0.3231054
vn -0.5211436 -0.7577924 -0.3926323
vn -0.4908016 -0.7594586 -0.4270086
vn -0.4345801 -0.7577982 -0.4867052
vn -0.3980685 -0.7594582 -0.5145529
vn -0.3312562 -0.7578042 -0.5621407
vn -0.2899798 -0.7595087 -0.5822871
vn -0.2151499 -0.7578827 -0.6158931
vn -0.1707682 -0.7595629 -0.6276165
vn 0.0369189 -0.7579152 -0.6513076
vn 0.0823591 -0.7595748 -0.6451845
vn 0.1632058 -0.7579032 -0.6316222
vn 0.2066177 -0.7595591 -0.6167488
vn 0.2833307 -0.7579161 -0.5876112
vn 0.3230378 -0.7596028 -0.5644911
vn 0.3925423 -0.7579532 -0.5209774
vn 0.4269077 -0.7596197 -0.4906402
vn 0.4865846 -0.7579591 -0.4344346
vn 0.5144224 -0.7596192 -0.3979299
vn 0.561994 -0.757965 -0.3311371
vn 0.5821519 -0.7596155 -0.2899715
vn 0.6158103 -0.7579407 -0.2151827
vn 0.62759 -0.7595679 -0.1708431
vn 0.6460185 -0.7578917 -0.0908866
vn 0.6488748 -0.7595595 -0.0450652
vn 0.6513076 -0.7579152 0.0369189
vn 0.6451845 -0.7595748 0.0823591
vn -0.0908117 -0.7578895 -0.6460315
vn -0.0449938 -0.759503 -0.6489459
vn 0.0369894 -0.7578007 -0.6514367
vn 0.0823534 -0.7594138 -0.6453748
vn 0.1632252 -0.7577424 -0.6318101
vn 0.6490028 -0.7594527 -0.0450211
vn 0.6513715 -0.7578572 0.0369809
vn 0.6451803 -0.7595698 0.0824384
vn 0.6528811 -0.7574334 -0.0063921
vn 0.6496035 -0.7602718 -0.0014519
f 1//1 2//2 3//3
f 1//1 3//3 4//4
f 2//5 6//5 3//5
f 1//6 4//6 5//6
f 4//4 3//3 7//7
f 4//4 7//7 8//8
f 3//5 6//5 7//5
f 4//6 8//6 5//6
f 8//8 7//7 9//9
f 8//8 9//9 10//10
f 7//5 6//5 9//5
f 8//6 10//6 5//6
f 10//10 9//9 11//11
f 10//10 11//11 12//12
f 9//5 6//5 11//5
f 10//6 12//6 5//6
f 12//12 11//11 13//13
f 12//12 13//13 14//14
f 11//5 6//5 13//5
f 12//6 14//6 5//6
f 14//14 13//13 15//15
f 14//14 15//15 16//16
f 13//5 6//5 15//5
f 14//6 16//6 5//6
f 16//16 15//15 17//17
f 16//16 17//17 18//18
f 15//5 6//5 17//5
f 16//6 18//6 5//6
f 18//18 17//17 19//19
f 18//18 19//19 20//20
f 17//5 6//5 19//5
f 18//6 20//6 5//6
f 20//20 19//19 21//21
f 20//20 21//21 22//22
f 19//5 6//5 21//5
f 20//6 22//6 5//6
f 22//22 21//21 23//23
f 22//22 23//23 24//24
f 21//5 6//5 23//5
f 22//6 24//6 5//6
f 24//24 23//23 25//25
f 24//24 25//25 26//26
f 23//5 6//5 25//5
f 24//6 26//6 5//6
f 26//26 25//25 27//27
f 26//26 27//27 28//28
f 25//5 6//5 27//5
f 26//6 28//6 5//6
f 28//28 27//27 29//29
f 28//28 29//29 30//30
f 27//5 6//5 29//5
f 28//6 30//6 5//6
f 30//30 29//29 31//31
f 30//30 31//31 32//32
f 29//5 6//5 31//5
f 30//6 32//6 5//6
f 32//32 31//31 33//33
f 32//32 33//33 34//34
f 31//5 6//5 33//5
f 32//6 34//6 5//6
f 34//34 33//33 35//35
f 34//34 35//35 36//36
f 33//5 6//5 35//5
f 34//6 36//6 5//6
f 36//36 35//35 37//37
f 36//36 37//37 38//38
f 35//5 6//5 37//5
f 36//6 38//6 5//6
f 38//38 37//37 39//39
f 38//38 39//39 40//40
f 37//5 6//5 39//5
f 38//6 40//6 5//6
f 40//40 39//39 41//41
f 40//40 41//41 42//42
f 39//5 6//5 41//5
f 40//6 42//6 5//6
f 42//42 41//41 43//43
f 42//42 43//43 44//44
f 41//5 6//5 43//5
f 42//6 44//6 5//6
f 44//44 43//43 45//45
f 44//44 45//45 46//46
f 43//5 6//5 45//5
f 44//6 46//6 5//6
f 46//46 45//45 47//47
f 46//46 47//47 48//48
f 45//5 6//5 47//5
f 46//6 48//6 5//6
f 48//48 47//47 49//49
f 48//48 49//49 50//50
f 47//5 6//5 49//5
f 48//6 50//6 5//6
f 50//50 49//49 51//51
f 50//50 51//51 52//52
f 49//5 6//5 51//5
f 50//6 52//6 5//6
f 52//52 51//51 53//53
f 52//52 53//53 54//54
f 51//5 6//5 53//5
f 52//6 54//6 5//6
f 54//54 53//53 55//55
f 54//54 55//55 56//56
f 53//5 6//5 55//5
f 54//6 56//6 5//6
f 56//56 55//55 57//57
f 56//56 57//57 58//58
f 55//5 6//5 57//5
f 56//6 58//6 5//6
f 58//58 57//57 59//59
f 58//58 59//59 60//60
f 57//5 6//5 59//5
f 58//6 60//6 5//6
f 60//60 59//59 61//61
f 60//60 61//61 62//62
f 59//5 6//5 61//5
f 60//6 62//6 5//6
f 62//62 61//61 63//63
f 62//62 63//63 64//64
f 61//5 6//5 63//5
f 62//6 64//6 5//6
f 64//64 63//63 65//65
f 64//64 65//65 66//66
f 63//5 6//5 65//5
f 64//6 66//6 5//6
f 66//66 65//65 67//67
f 66//66 67//67 68//68
f 65//5 6//5 67//5
f 66//6 68//6 5//6
f 68//68 67//67 69//69
f 68//68 69//69 70//70
f 67//5 6//5 69//5
f 68//6 70//6 5//6
f 70//70 69//69 71//71
f 70//70 71//71 72//72
f 69//5 6//5 71//5
f 70//6 72//6 5//6
f 72//72 71//71 73//73
f 72//72 73//73 74//74
f 71//5 6//5 73//5
f 72//6 74//6 5//6
f 74//74 73//73 75//75
f 74//74 75//75 76//76
f 73//5 6//5 75//5
f 74//6 76//6 5//6
f 76//76 75//75 77//77
f 76//76 77//77 78//78
f 75//5 6//5 77//5
f 76//6 78//6 5//6
f 78//78 77//77 79//79
f 78//78 79//79 80//80
f 77//5 6//5 79//5
f 78//6 80//6 5//6
f 80//80 79//79 81//81
f 80//80 81//81 82//82
f 79//5 6//5 81//5
f 80//6 82//6 5//6
f 82//82 81//81 83//83
f 82//82 83//83 84//84
f 81//5 6//5 83//5
f 82//6 84//6 5//6
f 84//84 83//83 85//85
f 84//84 85//85 86//86
f 83//5 6//5 85//5
f 84//6 86//6 5//6
f 86//86 85//85 87//87
f 86//86 87//87 88//88
f 85//5 6//5 87//5
f 86//6 88//6 5//6
f 88//88 87//87 89//89
f 88//88 89//89 90//90
f 87//5 6//5 89//5
f 88//6 90//6 5//6
f 90//90 89//89 91//91
f 90//90 91//91 92//92
f 89//5 6//5 91//5
f 90//6 92//6 5//6
f 92//92 91//91 93//93
f 92//92 93//93 94//94
f 91//5 6//5 93//5
f 92//6 94//6 5//6
f 94//94 93//93 95//95
f 94//94 95//95 96//96
f 93//5 6//5 95//5
f 94//6 96//6 5//6
f 96//96 95//95 97//97
f 96//96 97//97 98//98
f 95//5 6//5 97//5
f 96//6 98//6 5//6
f 98//98 97//97 99//99
f 98//98 99//99 100//100
f 97//5 6//5 99//5
f 98//6 100//6 5//6
f 100//100 99//99 101//101
f 100//100 101//101 102//102
f 99//5 6//5 101//5
f 100//6 102//6 5//6
f 102//102 101//101 103//103
f 102//102 103//103 104//104
f 101//5 6//5 103//5
f 102//6 104//6 5//6
f 104//104 103//103 105//105
f 104//104 105//105 106//106
f 103//5 6//5 105//5
f 104//6 106//6 5//6
f 106//106 105//105 107//107
f 106//106 107//107 108//108
f 105//5 6//5 107//5
f 106//6 108//6 5//6
f 108//108 107//107 109//109
f 108//108 109//109 110//110
f 107//5 6//5 109//5
f 108//6 110//6 5//6
f 110//110 109//109 111//111
f 110//110 111//111 112//112
f 109//5 6//5 111//5
f 110//6 112//6 5//6
f 112//112 111//111 113//113
f 112//112 113//113 114//114
f 111//5 6//5 113//5
f 112//6 114//6 5//6
f 114//114 113//113 115//115
f 114//114 115//115 116//116
f 113//5 6//5 115//5
f 114//6 116//6 5//6
f 116//116 115//115 117//117
f 116//116 117//117 118//118
f 115//5 6//5 117//5
f 116//6 118//6 5//6
f 118//118 117//117 119//119
f 118//118 119//119 120//120
f 117//5 6//5 119//5
f 118//6 120//6 5//6
f 120//120 119//119 121//121
f 120//120 121//121 122//122
f 119//5 6//5 121//5
f 120//6 122//6 5//6
f 122//122 121//121 123//123
f 122//122 123//123 124//124
f 121//5 6//5 123//5
f 122//6 124//6 5//6
f 124//124 123//123 125//125
f 124//124 125//125 126//126
f 123//5 6//5 125//5
f 124//6 126//6 5//6
f 126//126 125//125 127//127
f 126//126 127//127 128//128
f 125//5 6//5 127//5
f 126//6 128//6 5//6
f 128//128 127//127 129//129
f 128//128 129//129 130//130
f 127//5 6//5 129//5
f 128//6 130//6 5//6
f 130//130 129//129 2//2
f 130//130 2//2 1//1
f 129//5 6//5 2//5
f 130//6 1//6 5//6
f 131//131 132//132 133//133
f 131//131 133//133 134//134
f 134//134 133//133 135//135
f 134//134 135//135 136//136
f 136//136 135//135 137//137
f 136//136 137//137 138//138
f 138//138 137//137 139//139
f 138//138 139//139 140//140
f 140//140 139//139 141//141
f 140//140 141//141 142//142
f 142//142 141//141 143//143
f 142//142 143//143 144//144
f 144//144 143//143 145//145
f 144//144 145//145 146//146
f 146//146 145//145 147//147
f 146//146 147//147 148//148
f 148//148 147//147 149//149
f 148//148 149//149 150//150
f 150//150 149//149 151//151
f 150//150 151//151 152//152
f 152//152 151//151 153//153
f 152//152 153//153 154//154
f 154//154 153//153 155//155
f 154//154 155//155 156//156
f 156//156 155//155 157//157
f 156//156 157//157 158//158
f 158//158 157//157 159//159
f 158//158 159//159 160//160
f 160//160 159//159 161//161
f 160//160 161//161 162//162
f 162//162 161//161 163//163
f 162//162 163//163 164//164
f 164//164 163//163 165//165
f 164//164 165//165 166//166
f 166//166 165//165 167//167
f 166//166 167//167 168//168
f 168//168 167//167 169//169
f 168//168 169//169 170//170
f 170//170 169//169 171//171
f 170//170 171//171 172//172
f 172//172 171//171 173//173
f 172//172 173//173 174//174
f 174//174 173//173 175//175
f 174//174 175//175 176//176
f 176//176 175//175 177//177
f 176//176 177//177 178//178
f 178//178 177//177 179//179
f 178//178 179//179 180//180
f 180//180 179//179 181//181
f 180//180 181//181 182//182
f 182//182 181//181 183//183
f 182//182 183//183 184//184
f 184//184 183//183 185//185
f 184//184 185//185 186//186
f 186//186 185//185 187//187
f 186//186 187//187 188//188
f 188//188 187//187 189//189
f 188//188 189//189 190//190
f 190//190 189//189 191//191
f 190//190 191//191 192//192
f 192//192 191//191 193//193
f 192//192 193//193 194//194
f 194//194 193//193 195//195
f 194//194 195//195 196//196
f 196//196 195//195 197//197
f 196//196 197//197 198//198
f 198//198 197//197 199//199
f 198//198 199//199 200//200
f 200//200 199//199 201//201
f 200//200 201//201 202//202
f 202//202 201//201 203//203
f 202//202 203//203 204//204
f 204//204 203//203 205//205
f 204//204 205//205 206//206
f 206//206 205//205 207//207
f 206//206 207//207 208//208
f 208//208 207//207 209//209
f 208//208 209//209 210//210
f 210//210 209//209 211//211
f 210//210 211//211 212//212
f 212//212 211//211 213//213
f 212//212 213//213 214//214
f 214//214 213//213 215//215
f 214//214 215//215 216//216
f 216//216 215//215 217//217
f 216//216 217//217 218//218
f 218//218 217//217 219//155
f 218//218 219//155 220//156
f 220//156 219//155 221//219
f 220//156 221//219 222//220
f 222//220 221//219 223//221
f 222//220 223//221 224//222
f 224//222 223//221 225//223
f 224//222 225//223 226//224
f 226//224 225//223 227//225
f 226//224 227//225 228//226
f 228//226 227//225 229//227
f 228//226 229//227 230//228
f 230//228 229//227 231//229
f 230//228 231//229 232//230
f 232//230 231//229 233//231
f 232//230 233//231 234//232
f 234//232 233//231 235//233
f 234//232 235//233 236//234
f 236//234 235//233 237//235
f 236//234 237//235 238//236
f 238//236 237//235 239//237
f 238//236 239//237 240//238
f 240//238 239//237 241//177
f 240//238 241//177 242//178
f 242//178 241//177 243//239
f 242//178 243//239 244//240
f 244//240 243//239 245//241
f 244//240 245//241 246//242
f 246//242 245//241 247//243
f 246//242 247//243 248//244
f 248//244 247//243 249//245
f 248//244 249//245 250//246
f 250//246 249//245 251//247
f 250//246 251//247 252//248
f 252//248 251//247 253//249
f 252//248 253//249 254//250
f 254//250 253//249 255//251
f 254//250 255//251 256//252
f 256//252 255//251 257//253
f 256//252 257//253 258//254
f 258//254 257//253 259//255
f 258//254 259//255 260//256
f 260//256 259//255 261//133
f 260//256 261//133 262//134
f 262//134 261//133 263//135
f 262//134 263//135 264//136
f 264//136 263//135 265//137
f 264//136 265//137 266//138
f 266//138 265//137 267//139
f 266//138 267//139 268//140
f 268//140 267//139 269//141
f 268//140 269//141 270//142
f 270//142 269//141 271//143
f 270//142 271//143 272//144
f 272//144 271//143 273//145
f 272//144 273//145 274//146
f 274//146 273//145 275//147
f 274//146 275//147 276//148
f 276//148 275//147 277//149
f 276//148 277//149 278//150
f 278//150 277//149 279//151
f 278//150 279//151 280//152
f 280//152 279//151 281//153
f 280//152 281//153 282//154
f 282//154 281//153 283//155
f 282//154 283//155 284//156
f 284//156 283//155 285//157
f 284//156 285//157 286//158
f 286//158 285//157 287//159
f 286//158 287//159 288//160
f 288//160 287//159 289//161
f 288//160 289//161 290//162
f 290//162 289//161 291//163
f 290//162 291//163 292//164
f 292//164 291//163 293//165
f 292//164 293//165 294//166
f 294//166 293//165 295//167
f 294//166 295//167 296//168
f 296//168 295//167 297//169
f 296//168 297//169 298//170
f 298//170 297//169 299//171
f 298//170 299//171 300//172
f 300//172 299//171 301//173
f 300//172 301//173 302//174
f 302//174 301//173 303//175
f 302//174 303//175 304//176
f 304//176 303//175 305//177
f 304//176 305//177 306//178
f 306//178 305//177 307//179
f 306//178 307//179 308//180
f 308//180 307//179 309//181
f 308//180 309//181 310//182
f 310//182 309//181 311//183
f 310//182 311//183 312//184
f 312//184 311//183 313//185
f 312//184 313//185 314//186
f 314//186 313//185 315//187
f 314//186 315//187 316//188
f 316//188 315//187 317//189
f 316//188 317//189 318//190
f 318//190 317//189 319//191
f 318//190 319//191 320//192
f 320//192 319//191 321//193
f 320//192 321//193 322//194
f 322//194 321//193 323//195
f 322//194 323//195 324//196
f 324//196 323//195 325//197
f 324//196 325//197 326//198
f 326//198 325//197 327//199
f 326//198 327//199 328//200
f 328//200 327//199 329//201
f 328//200 329//201 330//202
f 330//202 329//201 331//203
f 330//202 331//203 332//204
f 332//204 331//203 333//205
f 332//204 333//205 334//206
f 334//206 333//205 335//207
f 334//206 335//207 336//208
f 336//208 335//207 337//209
f 336//208 337//209 338//210
f 338//210 337//209 339//211
f 338//210 339//211 340//212
f 340//212 339//211 341//213
f 340//212 341//213 342//214
f 342//214 341//213 343//215
f 342//214 343//215 344//216
f 344//216 343//215 345//217
f 344//216 345//217 346//218
f 346//218 345//217 347//155
f 346//218 347//155 348//156
f 348//156 347//155 349//219
f 348//156 349//219 350//220
f 350//220 349//219 351//221
f 350//220 351//221 352//222
f 352//222 351//221 353//223
f 352//222 353//223 354//224
f 354//224 353//223 355//225
f 354//224 355//225 356//226
f 356//226 355//225 357//227
f 356//226 357//227 358//228
f 358//228 357//227 359//229
f 358//228 359//229 360//230
f 360//230 359//229 361//231
f 360//230 361//231 362//232
f 362//232 361//231 363//233
f 362//232 363//233 364//234
f 364//234 363//233 365//235
f 364//234 365//235 366//236
f 366//236 365//235 367//237
f 366//236 367//237 368//238
f 368//238 367//237 369//177
f 368//238 369//177 370//178
f 370//178 369//177 371//239
f 370//178 371//239 372//240
f 372//240 371//239 373//241
f 372//240 373//241 374//242
f 374//242 373//241 375//243
f 374//242 375//243 376//244
f 376//244 375//243 377//245
f 376//244 377//245 378//246
f 378//246 377//245 379//247
f 378//246 379//247 380//248
f 380//248 379//247 381//249
f 380//248 381//249 382//250
f 382//250 381//249 383//251
f 382//250 383//251 384//252
f 384//252 383//251 385//253
f 384//252 385//253 386//254
f 386//254 385//253 387//255
f 386//254 387//255 388//256
f 388//256 387//255 389//133
f 388//256 389//133 390//134
f 390//134 389//133 391//135
f 390//134 391//135 392//136
f 392//136 391//135 393//137
f 392//136 393//137 394//138
f 394//138 393//137 395//139
f 394//138 395//139 396//140
f 396//140 395//139 397//141
f 396//140 397//141 398//142
f 398//142 397//141 399//143
f 398//142 399//143 400//144
f 400//144 399//143 401//145
f 400//144 401//145 402//146
f 402//146 401//145 403//147
f 402//146 403//147 404//148
f 404//148 403//147 405//149
f 404//148 405//149 406//150
f 406//150 405//149 407//151
f 406//150 407//151 408//152
f 408//152 407//151 409//153
f 408//152 409//153 410//154
f 410//154 409//153 411//155
f 410//154 411//155 412//156
f 412//156 411//155 413//157
f 412//156 413//157 414//158
f 414//158 413//157 415//159
f 414//158 415//159 416//160
f 416//160 415//159 417//161
f 416//160 417//161 418//162
f 418//162 417//161 419//163
f 418//162 419//163 420//164
f 420//164 419//163 421//165
f 420//164 421//165 422//166
f 422//166 421//165 423//167
f 422//166 423//167 424//168
f 424//168 423//167 425//169
f 424//168 425//169 426//170
f 426//170 425//169 427//171
f 426//170 427//171 428//172
f 428//172 427//171 429//173
f 428//172 429//173 430//174
f 430//174 429//173 431//175
f 430//174 431//175 432//176
f 432//176 431//175 433//257
f 432//176 433//257 434//258
f 434//258 433//257 435//259
f 434//258 435//259 436//260
f 436//260 435//259 437//261
f 436//260 437//261 438//182
f 438//182 437//261 439//183
f 438//182 439//183 440//184
f 440//184 439//183 441//185
f 440//184 441//185 442//186
f 442//186 441//185 443//187
f 442//186 443//187 444//188
f 444//188 443//187 445//189
f 444//188 445//189 446//190
f 446//190 445//189 447//191
f 446//190 447//191 448//192
f 448//192 447//191 449//193
f 448//192 449//193 450//262
f 450//262 449//193 451//263
f 450//262 451//263 452//264
f 452//264 451//263 453//133
f 452//264 453//133 454//134
f 454//134 453//133 455//199
f 454//134 455//199 456//200
f 456//200 455//199 457//201
f 456//200 457//201 458//202
f 458//202 457//201 459//203
f 458//202 459//203 460//204
f 460//204 459//203 461//205
f 460//204 461//205 462//206
f 462//206 461//205 463//207
f 462//206 463//207 464//208
f 464//208 463//207 465//209
f 464//208 465//209 466//210
f 466//210 465//209 467//211
f 466//210 467//211 468//212
f 468//212 467//211 469//213
f 468//212 469//213 470//214
f 470//214 469//213 471//215
f 470//214 471//215 472//216
f 472//216 471//215 473//217
f 472//216 473//217 474//218
f 474//218 473//217 475//155
f 474//218 475//155 476//156
f 476//156 475//155 477//219
f 476//156 477//219 478//220
f 478//220 477//219 479//221
f 478//220 479//221 480//222
f 480//222 479//221 481//223
f 480//222 481//223 482//224
f 482//224 481//223 483//225
f 482//224 483//225 484//226
f 484//226 483//225 485//227
f 484//226 485//227 486//228
f 486//228 485//227 487//229
f 486//228 487//229 488//230
f 488//230 487//229 489//231
f 488//230 489//231 490//232
f 490//232 489//231 491//233
f 490//232 491//233 492//234
f 492//234 491//233 493//235
f 492//234 493//235 494//236
f 494//236 493//235 495//237
f 494//236 495//237 496//238
f 496//238 495//237 497//177
f 496//238 497//177 498//178
f 498//178 497//177 499//239
f 498//178 499//239 500//240
f 500//240 499//239 501//241
f 500//240 501//241 502//242
f 502//242 501//241 503//243
f 502//242 503//243 504//244
f 504//244 503//243 505//245
f 504//244 505//245 506//246
f 506//246 505//245 507//247
f 506//246 507//247 508//248
f 508//248 507//247 509//249
f 508//248 509//249 510//250
f 510//250 509//249 511//251
f 510//250 511//251 512//252
f 512//252 511//251 513//253
f 512//252 513//253 514//254
f 514//254 513//253 515//255
f 514//254 515//255 516//256
f 516//256 515//255 517//133
f 516//256 517//133 518//134
f 518//134 517//133 519//135
f 518//134 519//135 520//136
f 520//136 519//135 521//137
f 520//136 521//137 522//138
f 522//138 521//137 523//139
f 522//138 523//139 524//140
f 524//140 523//139 525//141
f 524//140 525//141 526//142
f 526//142 525//141 527//143
f 526//142 527//143 528//144
f 528//144 527//143 529//145
f 528//144 529//145 530//146
f 530//146 529//145 531//147
f 530//146 531//147 532//148
f 532//148 531//147 533//149
f 532//148 533//149 534//150
f 534//150 533//149 535//151
f 534//150 535//151 536//152
f 536//152 535//151 537//153
f 536//152 537//153 538//154
f 538//154 537//153 539//155
f 538//154 539//155 540//156
f 540//156 539//155 541//157
f 540//156 541//157 542//158
f 542//158 541//157 543//159
f 542//158 543//159 544//160
f 544//160 543//159 545//161
f 544//160 545//161 546//162
f 546//162 545//161 547//163
f 546//162 547//163 548//164
f 548//164 547//163 549//165
f 548//164 549//165 550//166
f 550//166 549//165 551//167
f 550//166 551//167 552//168
f 552//168 551//167 553//169
f 552//168 553//169 554//170
f 554//170 553//169 555//171
f 554//170 555//171 556//172
f 556//172 555//171 557//173
f 556//172 557//173 558//174
f 558//174 557//173 559//175
f 558//174 559//175 560//176
f 560//176 559//175 561//177
f 560//176 561//177 562//178
f 562//178 561//177 563//179
f 562//178 563//179 564//180
f 564//180 563//179 565//181
f 564//180 565//181 566//182
f 566//182 565//181 567//183
f 566//182 567//183 568//184
f 568//184 567//183 569//185
f 568//184 569//185 570//186
f 570//186 569//185 571//187
f 570//186 571//187 572//188
f 572//188 571//187 573//189
f 572//188 573//189 574//190
f 574//190 573//189 575//191
f 574//190 575//191 576//192
f 576//192 575//191 577//193
f 576//192 577//193 578//194
f 578//194 577//193 579//195
f 578//194 579//195 580//196
f 580//196 579//195 581//197
f 580//196 581//197 582//198
f 582//198 581//197 583//199
f 582//198 583//199 584//200
f 584//200 583//199 585//201
f 584//200 585//201 586//202
f 586//202 585//201 587//203
f 586//202 587//203 588//204
f 588//204 587//203 589//205
f 588//204 589//205 590//206
f 590//206 589//205 591//207
f 590//206 591//207 592//208
f 592//208 591//207 593//209
f 592//208 593//209 594//210
f 594//210 593//209 595//211
f 594//210 595//211 596//212
f 596//212 595//211 597//213
f 596//212 597//213 598//214
f 598//214 597//213 599//215
f 598//214 599//215 600//216
f 600//216 599//215 601//217
f 600//216 601//217 602//218
f 602//218 601//217 603//155
f 602//218 603//155 604//156
f 604//156 603//155 605//219
f 604//156 605//219 606//220
f 606//220 605//219 607//221
f 606//220 607//221 608//222
f 608//222 607//221 609//223
f 608//222 609//223 610//224
f 610//224 609//223 611//225
f 610//224 611//225 612//226
f 612//226 611//225 613//227
f 612//226 613//227 614//228
f 614//228 613//227 615//229
f 614//228 615//229 616//230
f 616//230 615//229 617//231
f 616//230 617//231 618//232
f 618//232 617//231 619//233
f 618//232 619//233 620//234
f 620//234 619//233 621//235
f 620//234 621//235 622//236
f 622//236 621//235 623//237
f 622//236 623//237 624//238
f 624//238 623//237 625//177
f 624//238 625//177 626//178
f 626//178 625//177 627//239
f 626//178 627//239 628//240
f 628//240 627//239 629//241
f 628//240 629//241 630//242
f 630//242 629//241 631//243
f 630//242 631//243 632//244
f 632//244 631//243 633//245
f 632//244 633//245 634//246
f 634//246 633//245 635//247
f 634//246 635//247 636//248
f 636//248 635//247 637//249
f 636//248 637//249 638//250
f 638//250 637//249 639//251
f 638//250 639//251 640//252
f 640//252 639//251 641//253
f 640//252 641//253 642//254
f 642//254 641//253 643//255
f 642//254 643//255 644//256
f 644//256 643//255 645//133
f 644//256 645//133 646//134
f 646//134 645//133 647//135
f 646//134 647//135 648//136
f 648//136 647//135 649//137
f 648//136 649//137 650//138
f 650//138 649//137 651//139
f 650//138 651//139 652//140
f 652//140 651//139 653//141
f 652//140 653//141 654//142
f 654//142 653//141 655//143
f 654//142 655//143 656//144
f 656//144 655//143 657//145
f 656//144 657//145 658//146
f 658//146 657//145 659//147
f 658//146 659//147 660//148
f 660//148 659//147 661//149
f 660//148 661//149 662//150
f 662//150 661//149 663//151
f 662//150 663//151 664//152
f 664//152 663//151 665//153
f 664//152 665//153 666//154
f 666//154 665//153 667//155
f 666//154 667//155 668//156
f 668//156 667//155 669//157
f 668//156 669//157 670//158
f 670//158 669//157 671//159
f 670//158 671//159 672//160
f 672//160 671//159 673//161
f 672//160 673//161 674//162
f 674//162 673//161 675//163
f 674//162 675//163 676//164
f 676//164 675//163 677//165
f 676//164 677//165 678//166
f 678//166 677//165 679//167
f 678//166 679//167 680//168
f 680//168 679//167 681//169
f 680//168 681//169 682//170
f 682//170 681//169 683//171
f 682//170 683//171 684//172
f 684//172 683//171 685//173
f 684//172 685//173 686//174
f 686//174 685//173 687//175
f 686//174 687//175 688//176
f 688//176 687//175 689//177
f 688//176 689//177 690//178
f 690//178 689//177 691//179
f 690//178 691//179 692//180
f 692//180 691//179 693//181
f 692//180 693//181 694//182
f 694//182 693//181 695//183
f 694//182 695//183 696//184
f 696//184 695//183 697//185
f 696//184 697//185 698//186
f 698//186 697//185 699//187
f 698//186 699//187 700//188
f 700//188 699//187 701//189
f 700//188 701//189 702//190
f 702//190 701//189 703//191
f 702//190 703//191 704//192
f 704//192 703//191 705//193
f 704//192 705//193 706//194
f 706//194 705//193 707//195
f 706//194 707//195 708//196
f 708//196 707//195 709//197
f 708//196 709//197 710//198
f 710//198 709//197 711//199
f 710//198 711//199 712//200
f 712//200 711//199 713//201
f 712//200 713//201 714//202
f 714//202 713//201 715//203
f 714//202 715//203 716//204
f 716//204 715//203 717//205
f 716//204 717//205 718//206
f 718//206 717//205 719//207
f 718//206 719//207 720//208
f 720//208 719//207 721//209
f 720//208 721//209 722//210
f 722//210 721//209 723//211
f 722//210 723//211 724//212
f 724//212 723//211 725//213
f 724//212 725//213 726//214
f 726//214 725//213 727//215
f 726//214 727//215 728//216
f 728//216 727//215 729//217
f 728//216 729//217 730//218
f 730//218 729//217 731//155
f 730//218 731//155 732//156
f 732//156 731//155 733//219
f 732//156 733//219 734//220
f 734//220 733//219 735//221
f 734//220 735//221 736//222
f 736//222 735//221 737//223
f 736//222 737//223 738//224
f 738//224 737//223 739//225
f 738//224 739//225 740//226
f 740//226 739//225 741//227
f 740//226 741//227 742//228
f 742//228 741//227 743//229
f 742//228 743//229 744//230
f 744//230 743//229 745//231
f 744//230 745//231 746//232
f 746//232 745//231 747//233
f 746//232 747//233 748//234
f 748//234 747//233 749//235
f 748//234 749//235 750//236
f 750//236 749//235 751//237
f 750//236 751//237 752//238
f 752//238 751//237 753//177
f 752//238 753//177 754//178
f 754//178 753//177 755//239
f 754//178 755//239 756//240
f 756//240 755//239 757//241
f 756//240 757//241 758//242
f 758//242 757//241 759//243
f 758//242 759//243 760//244
f 760//244 759//243 761//245
f 760//244 761//245 762//246
f 762//246 761//245 763//247
f 762//246 763//247 764//248
f 764//248 763//247 765//249
f 764//248 765//249 766//250
f 766//250 765//249 767//251
f 766//250 767//251 768//252
f 768//252 767//251 769//253
f 768//252 769//253 770//254
f 770//254 769//253 771//255
f 770//254 771//255 772//256
f 772//256 771//255 773//133
f 772//256 773//133 774//134
f 774//134 773//133 775//135
f 774//134 775//135 776//136
f 776//136 775//135 777//137
f 776//136 777//137 778//138
f 778//138 777//137 779//139
f 778//138 779//139 780//140
f 780//140 779//139 781//141
f 780//140 781//141 782//142
f 782//142 781//141 783//143
f 782//142 783//143 784//144
f 784//144 783//143 785//145
f 784//144 785//145 786//146
f 786//146 785//145 787//147
f 786//146 787//147 788//148
f 788//148 787//147 789//149
f 788//148 789//149 790//150
f 790//150 789//149 791//151
f 790//150 791//151 792//152
f 792//152 791//151 793//153
f 792//152 793//153 794//154
f 794//154 793//153 795//155
f 794//154 795//155 796//156
f 796//156 795//155 797//157
f 796//156 797//157 798//158
f 798//158 797//157 799//159
f 798//158 799//159 800//160
f 800//160 799//159 801//161
f 800//160 801//161 802//162
f 802//162 801//161 803//163
f 802//162 803//163 804//164
f 804//164 803//163 805//165
f 804//164 805//165 806//166
f 806//166 805//165 807//167
f 806//166 807//167 808//168
f 808//168 807//167 809//169
f 808//168 809//169 810//170
f 810//170 809//169 811//171
f 810//170 811//171 812//172
f 812//172 811//171 813//173
f 812//172 813//173 814//174
f 814//174 813//173 815//175
f 814//174 815//175 816//176
f 816//176 815//175 817//257
f 816//176 817//257 818//258
f 818//258 817//257 819//259
f 818//258 819//259 820//260
f 820//260 819//259 821//261
f 820//260 821//261 822//182
f 822//182 821//261 823//183
f 822//182 823//183 824//184
f 824//184 823//183 825//185
f 824//184 825//185 826//186
f 826//186 825//185 827//187
f 826//186 827//187 828//188
f 828//188 827//187 829//189
f 828//188 829//189 830//190
f 830//190 829//189 831//191
f 830//190 831//191 832//192
f 832//192 831//191 833//193
f 832//192 833//193 834//194
f 834//194 833//193 835//195
f 834//194 835//195 836//196
f 836//196 835//195 837//197
f 836//196 837//197 838//198
f 838//198 837//197 839//199
f 838//198 839//199 840//200
f 840//200 839//199 841//201
f 840//200 841//201 842//202
f 842//202 841//201 843//203
f 842//202 843//203 844//204
f 844//204 843//203 845//205
f 844//204 845//205 846//206
f 846//206 845//205 847//207
f 846//206 847//207 848//208
f 848//208 847//207 849//209
f 848//208 849//209 850//210
f 850//210 849//209 851//211
f 850//210 851//211 852//212
f 852//212 851//211 853//213
f 852//212 853//213 854//214
f 854//214 853//213 855//215
f 854//214 855//215 856//216
f 856//216 855//215 857//217
f 856//216 857//217 858//218
f 858//218 857//217 859//155
f 858//218 859//155 860//156
f 860//156 859//155 861//219
f 860//156 861//219 862//220
f 862//220 861//219 863//221
f 862//220 863//221 864//222
f 864//222 863//221 865//223
f 864//222 865//223 866//224
f 866//224 865//223 867//225
f 866//224 867//225 868//226
f 868//226 867//225 869//227
f 868//226 869//227 870//228
f 870//228 869//227 871//229
f 870//228 871//229 872//230
f 872//230 871//229 873//231
f 872//230 873//231 874//232
f 874//232 873//231 875//233
f 874//232 875//233 876//234
f 876//234 875//233 877//235
f 876//234 877//235 878//236
f 878//236 877//235 879//237
f 878//236 879//237 880//238
f 880//238 879//237 881//177
f 880//238 881//177 882//178
f 882//178 881//177 883//239
f 882//178 883//239 884//240
f 884//240 883//239 885//241
f 884//240 885//241 886//242
f 886//242 885//241 887//243
f 886//242 887//243 888//244
f 888//244 887//243 889//245
f 888//244 889//245 890//246
f 890//246 889//245 891//247
f 890//246 891//247 892//248
f 892//248 891//247 893//249
f 892//248 893//249 894//250
f 894//250 893//249 895//251
f 894//250 895//251 896//252
f 896//252 895//251 897//253
f 896//252 897//253 898//254
f 898//254 897//253 899//255
f 898//254 899//255 900//256
f 900//256 899//255 901//133
f 900//256 901//133 902//134
f 902//134 901//133 903//135
f 902//134 903//135 904//136
f 904//136 903//135 905//137
f 904//136 905//137 906//138
f 906//138 905//137 907//139
f 906//138 907//139 908//140
f 908//140 907//139 909//141
f 908//140 909//141 910//142
f 910//142 909//141 911//143
f 910//142 911//143 912//144
f 912//144 911//143 913//145
f 912//144 913//145 914//146
f 914//146 913//145 915//147
f 914//146 915//147 916//148
f 916//148 915//147 917//149
f 916//148 917//149 918//150
f 918//150 917//149 919//151
f 918//150 919//151 920//152
f 920//152 919//151 921//153
f 920//152 921//153 922//154
f 922//154 921//153 923//155
f 922//154 923//155 924//156
f 924//156 923//155 925//157
f 924//156 925//157 926//158
f 926//158 925//157 927//159
f 926//158 927//159 928//160
f 928//160 927//159 929//161
f 928//160 929//161 930//162
f 930//162 929//161 931//163
f 930//162 931//163 932//164
f 932//164 931//163 933//165
f 932//164 933//165 934//166
f 934//166 933//165 935//167
f 934//166 935//167 936//168
f 936//168 935//167 937//169
f 936//168 937//169 938//170
f 938//170 937//169 939//171
f 938//170 939//171 940//172
f 940//172 939//171 941//173
f 940//172 941//173 942//174
f 942//174 941//173 943//175
f 942//174 943//175 944//176
f 944//176 943//175 945//177
f 944//176 945//177 946//178
f 946//178 945//177 947//179
f 946//178 947//179 948//180
f 948//180 947//179 949//181
f 948//180 949//181 950//182
f 950//182 949//181 951//183
f 950//182 951//183 952//184
f 952//184 951//183 953//185
f 952//184 953//185 954//186
f 954//186 953//185 955//187
f 954//186 955//187 956//188
f 956//188 955//187 957//189
f 956//188 957//189 958//190
f 958//190 957//189 959//191
f 958//190 959//191 960//192
f 960//192 959//191 961//193
f 960//192 961//193 962//194
f 962//194 961//193 963//195
f 962//194 963//195 964//196
f 964//196 963//195 965//197
f 964//196 965//197 966//198
f 966//198 965//197 967//199
f 966//198 967//199 968//200
f 968//200 967//199 969//201
f 968//200 969//201 970//202
f 970//202 969//201 971//203
f 970//202 971//203 972//204
f 972//204 971//203 973//205
f 972//204 973//205 974//206
f 974//206 973//205 975//207
f 974//206 975//207 976//208
f 976//208 975//207 977//209
f 976//208 977//209 978//210
f 978//210 977//209 979//211
f 978//210 979//211 980//212
f 980//212 979//211 981//213
f 980//212 981//213 982//214
f 982//214 981//213 983//215
f 982//214 983//215 984//216
f 984//216 983//215 985//217
f 984//216 985//217 986//218
f 986//218 985//217 987//155
f 986//218 987//155 988//156
f 988//156 987//155 989//219
f 988//156 989//219 990//220
f 990//220 989//219 991//221
f 990//220 991//221 992//222
f 992//222 991//221 993//223
f 992//222 993//223 994//224
f 994//224 993//223 995//225
f 994//224 995//225 996//226
f 996//226 995//225 997//227
f 996//226 997//227 998//228
f 998//228 997//227 999//229
f 998//228 999//229 1000//230
f 1000//230 999//229 1001//231
f 1000//230 1001//231 1002//232
f 1002//232 1001//231 1003//233
f 1002//232 1003//233 1004//234
f 1004//234 1003//233 1005//235
f 1004//234 1005//235 1006//236
f 1006//236 1005//235 1007//237
f 1006//236 1007//237 1008//238
f 1008//238 1007//237 1009//177
f 1008//238 1009//177 1010//178
f 1010//178 1009//177 1011//239
f 1010//178 1011//239 1012//240
f 1012//240 1011//239 1013//241
f 1012//240 1013//241 1014//242
f 1014//242 1013//241 1015//243
f 1014//242 1015//243 1016//244
f 1016//244 1015//243 1017//245
f 1016//244 1017//245 1018//246
f 1018//246 1017//245 1019//247
f 1018//246 1019//247 1020//248
f 1020//248 1019//247 1021//249
f 1020//248 1021//249 1022//250
f 1022//250 1021//249 1023//251
f 1022//250 1023//251 1024//252
f 1024//252 1023//251 1025//253
f 1024//252 1025//253 1026//254
f 1026//254 1025//253 1027//255
f 1026//254 1027//255 1028//256
f 1028//256 1027//255 1029//133
f 1028//256 1029//133 1030//134
f 1030//134 1029//133 1031//135
f 1030//134 1031//135 1032//136
f 1032//136 1031//135 1033//137
f 1032//136 1033//137 1034//138
f 1034//138 1033//137 1035//139
f 1034//138 1035//139 1036//140
f 1036//140 1035//139 1037//141
f 1036//140 1037//141 1038//142
f 1038//142 1037//141 1039//143
f 1038//142 1039//143 1040//144
f 1040//144 1039//143 1041//145
f 1040//144 1041//145 1042//146
f 1042//146 1041//145 1043//147
f 1042//146 1043//147 1044//148
f 1044//148 1043//147 1045//149
f 1044//148 1045//149 1046//150
f 1046//150 1045//149 1047//151
f 1046//150 1047//151 1048//152
f 1048//152 1047//151 1049//153
f 1048//152 1049//153 1050//154
f 1050//154 1049//153 1051//155
f 1050//154 1051//155 1052//156
f 1052//156 1051//155 1053//157
f 1052//156 1053//157 1054//158
f 1054//158 1053//157 1055//159
f 1054//158 1055//159 1056//160
f 1056//160 1055//159 1057//161
f 1056//160 1057//161 1058//162
f 1058//162 1057//161 1059//163
f 1058//162 1059//163 1060//164
f 1060//164 1059//163 1061//165
f 1060//164 1061//165 1062//166
f 1062//166 1061//165 1063//167
f 1062//166 1063//167 1064//168
f 1064//168 1063//167 1065//169
f 1064//168 1065//169 1066//170
f 1066//170 1065//169 1067//171
f 1066//170 1067//171 1068//172
f 1068//172 1067//171 1069//173
f 1068//172 1069//173 1070//174
f 1070//174 1069//173 1071//175
f 1070//174 1071//175 1072//176
f 1072//176 1071//175 1073//257
f 1072//176 1073//257 1074//258
f 1074//258 1073//257 1075//259
f 1074//258 1075//259 1076//260
f 1076//260 1075//259 1077//261
f 1076//260 1077//261 1078//182
f 1078//182 1077//261 1079//183
f 1078//182 1079//183 1080//184
f 1080//184 1079//183 1081//185
f 1080//184 1081//185 1082//186
f 1082//186 1081//185 1083//187
f 1082//186 1083//187 1084//188
f 1084//188 1083//187 1085//189
f 1084//188 1085//189 1086//190
f 1086//190 1085//189 1087//191
f 1086//190 1087//191 1088//192
f 1088//192 1087//191 1089//193
f 1088//192 1089//193 1090//262
f 1090//262 1089//193 1091//263
f 1090//262 1091//263 1092//264
f 1092//264 1091//263 1093//133
f 1092//264 1093//133 1094//134
f 1094//134 1093//133 1095//199
f 1094//134 1095//199 1096//200
f 1096//200 1095//199 1097//201
f 1096//200 1097//201 1098//202
f 1098//202 1097//201 1099//203
f 1098//202 1099//203 1100//204
f 1100//204 1099//203 1101//205
f 1100//204 1101//205 1102//206
f 1102//206 1101//205 1103//207
f 1102//206 1103//207 1104//208
f 1104//208 1103//207 1105//209
f 1104//208 1105//209 1106//210
f 1106//210 1105//209 1107//211
f 1106//210 1107//211 1108//212
f 1108//212 1107//211 1109//213
f 1108//212 1109//213 1110//214
f 1110//214 1109//213 1111//215
f 1110//214 1111//215 1112//216
f 1112//216 1111//215 1113//217
f 1112//216 1113//217 1114//218
f 1114//218 1113//217 1115//155
f 1114//218 1115//155 1116//156
f 1116//156 1115//155 1117//219
f 1116//156 1117//219 1118//220
f 1118//220 1117//219 1119//221
f 1118//220 1119//221 1120//222
f 1120//222 1119//221 1121//223
f 1120//222 1121//223 1122//224
f 1122//224 1121//223 1123//225
f 1122//224 1123//225 1124//226
f 1124//226 1123//225 1125//227
f 1124//226 1125//227 1126//228
f 1126//228 1125//227 1127//229
f 1126//228 1127//229 1128//230
f 1128//230 1127//229 1129//231
f 1128//230 1129//231 1130//232
f 1130//232 1129//231 1131//233
f 1130//232 1131//233 1132//234
f 1132//234 1131//233 1133//235
f 1132//234 1133//235 1134//236
f 1134//236 1133//235 1135//237
f 1134//236 1135//237 1136//238
f 1136//238 1135//237 1137//177
f 1136//238 1137//177 1138//178
f 1138//178 1137//177 1139//239
f 1138//178 1139//239 1140//240
f 1140//240 1139//239 1141//241
f 1140//240 1141//241 1142//242
f 1142//242 1141//241 1143//243
f 1142//242 1143//243 1144//244
f 1144//244 1143//243 1145//245
f 1144//244 1145//245 1146//246
f 1146//246 1145//245 1147//247
f 1146//246 1147//247 1148//248
f 1148//248 1147//247 1149//249
f 1148//248 1149//249 1150//250
f 1150//250 1149//249 1151//251
f 1150//250 1151//251 1152//252
f 1152//252 1151//251 1153//253
f 1152//252 1153//253 1154//254
f 1154//254 1153//253 1155//255
f 1154//254 1155//255 1156//256
f 1156//256 1155//255 1157//133
f 1156//256 1157//133 1158//134
f 1158//134 1157//133 1159//135
f 1158//134 1159//135 1160//136
f 1160//136 1159//135 1161//137
f 1160//136 1161//137 1162//138
f 1162//138 1161//137 1163//139
f 1162//138 1163//139 1164//140
f 1164//140 1163//139 1165//141
f 1164//140 1165//141 1166//142
f 1166//142 1165//141 1167//143
f 1166//142 1167//143 1168//144
f 1168//144 1167//143 1169//145
f 1168//144 1169//145 1170//146
f 1170//146 1169//145 1171//147
f 1170//146 1171//147 1172//148
f 1172//148 1171//147 1173//149
f 1172//148 1173//149 1174//150
f 1174//150 1173//149 1175//151
f 1174//150 1175//151 1176//152
f 1176//152 1175//151 1177//153
f 1176//152 1177//153 1178//154
f 1178//154 1177//153 1179//155
f 1178//154 1179//155 1180//156
f 1180//156 1179//155 1181//157
f 1180//156 1181//157 1182//158
f 1182//158 1181//157 1183//159
f 1182//158 1183//159 1184//160
f 1184//160 1183//159 1185//161
f 1184//160 1185//161 1186//162
f 1186//162 1185//161 1187//163
f 1186//162 1187//163 1188//164
f 1188//164 1187//163 1189//165
f 1188//164 1189//165 1190//166
f 1190//166 1189//165 1191//167
f 1190//166 1191//167 1192//168
f 1192//168 1191//167 1193//169
f 1192//168 1193//169 1194//170
f 1194//170 1193//169 1195//171
f 1194//170 1195//171 1196//172
f 1196//172 1195//171 1197//173
f 1196//172 1197//173 1198//174
f 1198//174 1197//173 1199//175
f 1198//174 1199//175 1200//176
f 1200//176 1199//175 1201//257
f 1200//176 1201//257 1202//258
f 1202//258 1201//257 1203//259
f 1202//258 1203//259 1204//260
f 1204//260 1203//259 1205//261
f 1204//260 1205//261 1206//182
f 1206//182 1205//261 1207//183
f 1206//182 1207//183 1208//184
f 1208//184 1207//183 1209//185
f 1208//184 1209//185 1210//186
f 1210//186 1209//185 1211//187
f 1210//186 1211//187 1212//188
f 1212//188 1211//187 1213//189
f 1212//188 1213//189 1214//190
f 1214//190 1213//189 1215//191
f 1214//190 1215//191 1216//192
f 1216//192 1215//191 1217//193
f 1216//192 1217//193 1218//194
f 1218//194 1217//193 1219//195
f 1218//194 1219//195 1220//196
f 1220//196 1219//195 1221//197
f 1220//196 1221//197 1222//198
f 1222//198 1221//197 1223//199
f 1222//198 1223//199 1224//200
f 1224//200 1223//199 1225//201
f 1224//200 1225//201 1226//202
f 1226//202 1225//201 1227//203
f 1226//202 1227//203 1228//204
f 1228//204 1227//203 1229//205
f 1228//204 1229//205 1230//206
f 1230//206 1229//205 1231//207
f 1230//206 1231//207 1232//208
f 1232//208 1231//207 1233//209
f 1232//208 1233//209 1234//210
f 1234//210 1233//209 1235//211
f 1234//210 1235//211 1236//212
f 1236//212 1235//211 1237//213
f 1236//212 1237//213 1238//214
f 1238//214 1237//213 1239//215
f 1238//214 1239//215 1240//216
f 1240//216 1239//215 1241//217
f 1240//216 1241//217 1242//218
f 1242//218 1241//217 1243//155
f 1242//218 1243//155 1244//156
f 1244//156 1243//155 1245//219
f 1244//156 1245//219 1246//220
f 1246//220 1245//219 1247//221
f 1246//220 1247//221 1248//222
f 1248//222 1247//221 1249//223
f 1248//222 1249//223 1250//224
f 1250//224 1249//223 1251//225
f 1250//224 1251//225 1252//226
f 1252//226 1251//225 1253//227
f 1252//226 1253//227 1254//228
f 1254//228 1253//227 1255//229
f 1254//228 1255//229 1256//230
f 1256//230 1255//229 1257//231
f 1256//230 1257//231 1258//232
f 1258//232 1257//231 1259//233
f 1258//232 1259//233 1260//234
f 1260//234 1259//233 1261//235
f 1260//234 1261//235 1262//236
f 1262//236 1261//235 1263//237
f 1262//236 1263//237 1264//238
f 1264//238 1263//237 1265//177
f 1264//238 1265//177 1266//178
f 1266//178 1265//177 1267//239
f 1266//178 1267//239 1268//240
f 1268//240 1267//239 1269//241
f 1268//240 1269//241 1270//242
f 1270//242 1269//241 1271//243
f 1270//242 1271//243 1272//244
f 1272//244 1271//243 1273//245
f 1272//244 1273//245 1274//246
f 1274//246 1273//245 1275//247
f 1274//246 1275//247 1276//248
f 1276//248 1275//247 1277//249
f 1276//248 1277//249 1278//250
f 1278//250 1277//249 1279//251
f 1278//250 1279//251 1280//252
f 1280//252 1279//251 1281//253
f 1280//252 1281//253 1282//254
f 1282//254 1281//253 1283//255
f 1282//254 1283//255 1284//256
f 1284//256 1283//255 1285//133
f 1284//256 1285//133 1286//134
f 1286//134 1285//133 1287//135
f 1286//134 1287//135 1288//136
f 1288//136 1287//135 1289//137
f 1288//136 1289//137 1290//138
f 1290//138 1289//137 1291//139
f 1290//138 1291//139 1292//140
f 1292//140 1291//139 1293//141
f 1292//140 1293//141 1294//142
f 1294//142 1293//141 1295//143
f 1294//142 1295//143 1296//144
f 1296//144 1295//143 1297//145
f 1296//144 1297//145 1298//146
f 1298//146 1297//145 1299//147
f 1298//146 1299//147 1300//148
f 1300//148 1299//147 1301//149
f 1300//148 1301//149 1302//150
f 1302//150 1301//149 1303//151
f 1302//150 1303//151 1304//152
f 1304//152 1303//151 1305//153
f 1304//152 1305//153 1306//154
f 1306//154 1305//153 1307//155
f 1306//154 1307//155 1308//156
f 1308//156 1307//155 1309//157
f 1308//156 1309//157 1310//158
f 1310//158 1309//157 1311//159
f 1310//158 1311//159 1312//160
f 1312//160 1311//159 1313//161
f 1312//160 1313//161 1314//162
f 1314//162 1313//161 1315//163
f 1314//162 1315//163 1316//164
f 1316//164 1315//163 1317//165
f 1316//164 1317//165 1318//166
f 1318//166 1317//165 1319//167
f 1318//166 1319//167 1320//168
f 1320//168 1319//167 1321//169
f 1320//168 1321//169 1322//170
f 1322//170 1321//169 1323//171
f 1322//170 1323//171 1324//172
f 1324//172 1323//171 1325//173
f 1324//172 1325//173 1326//174
f 1326//174 1325//173 1327//175
f 1326//174 1327//175 1328//176
f 1328//176 1327//175 1329//257
f 1328//176 1329//257 1330//258
f 1330//258 1329//257 1331//259
f 1330//258 1331//259 1332//260
f 1332//260 1331//259 1333//261
f 1332//260 1333//261 1334//182
f 1334//182 1333//261 1335//183
f 1334//182 1335//183 1336//184
f 1336//184 1335//183 1337//185
f 1336//184 1337//185 1338//186
f 1338//186 1337//185 1339//187
f 1338//186 1339//187 1340//188
f 1340//188 1339//187 1341//189
f 1340//188 1341//189 1342//190
f 1342//190 1341//189 1343//191
f 1342//190 1343//191 1344//192
f 1344//192 1343//191 1345//193
f 1344//192 1345//193 1346//194
f 1346//194 1345//193 1347//195
f 1346//194 1347//195 1348//196
f 1348//196 1347//195 1349//197
f 1348//196 1349//197 1350//198
f 1350//198 1349//197 1351//199
f 1350//198 1351//199 1352//200
f 1352//200 1351//199 1353//201
f 1352//200 1353//201 1354//202
f 1354//202 1353//201 1355//203
f 1354//202 1355//203 1356//204
f 1356//204 1355//203 1357//205
f 1356//204 1357//205 1358//206
f 1358//206 1357//205 1359//207
f 1358//206 1359//207 1360//208
f 1360//208 1359//207 1361//209
f 1360//208 1361//209 1362//210
f 1362//210 1361//209 1363//211
f 1362//210 1363//211 1364//212
f 1364//212 1363//211 1365//213
f 1364//212 1365//213 1366//214
f 1366//214 1365//213 1367//215
f 1366//214 1367//215 1368//216
f 1368//216 1367//215 1369//217
f 1368//216 1369//217 1370//218
f 1370//218 1369//217 1371//155
f 1370//218 1371//155 1372//156
f 1372//156 1371//155 1373//219
f 1372//156 1373//219 1374//220
f 1374//220 1373//219 1375//221
f 1374//220 1375//221 1376//222
f 1376//222 1375//221 1377//223
f 1376//222 1377//223 1378//224
f 1378//224 1377//223 1379//225
f 1378//224 1379//225 1380//226
f 1380//226 1379//225 1381//227
f 1380//226 1381//227 1382//228
f 1382//228 1381//227 1383//229
f 1382//228 1383//229 1384//230
f 1384//230 1383//229 1385//231
f 1384//230 1385//231 1386//232
f 1386//232 1385//231 1387//233
f 1386//232 1387//233 1388//234
f 1388//234 1387//233 1389//235
f 1388//234 1389//235 1390//236
f 1390//236 1389//235 1391//237
f 1390//236 1391//237 1392//238
f 1392//238 1391//237 1393//177
f 1392//238 1393//177 1394//178
f 1394//178 1393//177 1395//239
f 1394//178 1395//239 1396//240
f 1396//240 1395//239 1397//241
f 1396//240 1397//241 1398//242
f 1398//242 1397//241 1399//243
f 1398//242 1399//243 1400//244
f 1400//244 1399//243 1401//245
f 1400//244 1401//245 1402//246
f 1402//246 1401//245 1403//247
f 1402//246 1403//247 1404//248
f 1404//248 1403//247 1405//249
f 1404//248 1405//249 1406//250
f 1406//250 1405//249 1407//251
f 1406//250 1407//251 1408//252
f 1408//252 1407//251 1409//253
f 1408//252 1409//253 1410//254
f 1410//254 1409//253 1411//255
f 1410//254 1411//255 1412//256
f 1412//256 1411//255 1413//133
f 1412//256 1413//133 1414//134
f 1414//134 1413//133 1415//135
f 1414//134 1415//135 1416//136
f 1416//136 1415//135 1417//137
f 1416//136 1417//137 1418//138
f 1418//138 1417//137 1419//139
f 1418//138 1419//139 1420//140
f 1420//140 1419//139 1421//141
f 1420//140 1421//141 1422//142
f 1422//142 1421//141 1423//143
f 1422//142 1423//143 1424//144
f 1424//144 1423//143 1425//145
f 1424//144 1425//145 1426//146
f 1426//146 1425//145 1427//147
f 1426//146 1427//147 1428//148
f 1428//148 1427//147 1429//149
f 1428//148 1429//149 1430//150
f 1430//150 1429//149 1431//151
f 1430//150 1431//151 1432//152
f 1432//152 1431//151 1433//153
f 1432//152 1433//153 1434//154
f 1434//154 1433//153 1435//155
f 1434//154 1435//155 1436//156
f 1436//156 1435//155 1437//157
f 1436//156 1437//157 1438//158
f 1438//158 1437//157 1439//159
f 1438//158 1439//159 1440//160
f 1440//160 1439//159 1441//161
f 1440//160 1441//161 1442//162
f 1442//162 1441//161 1443//163
f 1442//162 1443//163 1444//164
f 1444//164 1443//163 1445//165
f 1444//164 1445//165 1446//166
f 1446//166 1445//165 1447//167
f 1446//166 1447//167 1448//168
f 1448//168 1447//167 1449//169
f 1448//168 1449//169 1450//170
f 1450//170 1449//169 1451//171
f 1450//170 1451//171 1452//172
f 1452//172 1451//171 1453//173
f 1452//172 1453//173 1454//174
f 1454//174 1453//173 1455//175
f 1454//174 1455//175 1456//176
f 1456//176 1455//175 1457//177
f 1456//176 1457//177 1458//178
f 1458//178 1457//177 1459//179
f 1458//178 1459//179 1460//180
f 1460//180 1459//179 1461//181
f 1460//180 1461//181 1462//182
f 1462//182 1461//181 1463//183
f 1462//182 1463//183 1464//184
f 1464//184 1463//183 1465//185
f 1464//184 1465//185 1466//186
f 1466//186 1465//185 1467//187
f 1466//186 1467//187 1468//188
f 1468//188 1467//187 1469//189
f 1468//188 1469//189 1470//190
f 1470//190 1469//189 1471//191
f 1470//190 1471//191 1472//192
f 1472//192 1471//191 1473//193
f 1472//192 1473//193 1474//194
f 1474//194 1473//193 1475//195
f 1474//194 1475//195 1476//196
f 1476//196 1475//195 1477//197
f 1476//196 1477//197 1478//198
f 1478//198 1477//197 1479//199
f 1478//198 1479//199 1480//200
f 1480//200 1479//199 1481//201
f 1480//200 1481//201 1482//202
f 1482//202 1481//201 1483//203
f 1482//202 1483//203 1484//204
f 1484//204 1483//203 1485//205
f 1484//204 1485//205 1486//206
f 1486//206 1485//205 1487//207
f 1486//206 1487//207 1488//208
f 1488//208 1487//207 1489//209
f 1488//208 1489//209 1490//210
f 1490//210 1489//209 1491//211
f 1490//210 1491//211 1492//212
f 1492//212 1491//211 1493//213
f 1492//212 1493//213 1494//214
f 1494//214 1493//213 1495//215
f 1494//214 1495//215 1496//216
f 1496//216 1495//215 1497//217
f 1496//216 1497//217 1498//218
f 1498//218 1497//217 1499//155
f 1498//218 1499//155 1500//156
f 1500//156 1499//155 1501//219
f 1500//156 1501//219 1502//220
f 1502//220 1501//219 1503//221
f 1502//220 1503//221 1504//222
f 1504//222 1503//221 1505//223
f 1504//222 1505//223 1506//224
f 1506//224 1505//223 1507//225
f 1506//224 1507//225 1508//226
f 1508//226 1507//225 1509//227
f 1508//226 1509//227 1510//228
f 1510//228 1509//227 1511//229
f 1510//228 1511//229 1512//230
f 1512//230 1511//229 1513//231
f 1512//230 1513//231 1514//232
f 1514//232 1513//231 1515//233
f 1514//232 1515//233 1516//234
f 1516//234 1515//233 1517//235
f 1516//234 1517//235 1518//236
f 1518//236 1517//235 1519//237
f 1518//236 1519//237 1520//238
f 1520//238 1519//237 1521//177
f 1520//238 1521//177 1522//178
f 1522//178 1521//177 1523//239
f 1522//178 1523//239 1524//240
f 1524//240 1523//239 1525//241
f 1524//240 1525//241 1526//242
f 1526//242 1525//241 1527//243
f 1526//242 1527//243 1528//244
f 1528//244 1527//243 1529//245
f 1528//244 1529//245 1530//246
f 1530//246 1529//245 1531//247
f 1530//246 1531//247 1532//248
f 1532//248 1531//247 1533//249
f 1532//248 1533//249 1534//250
f 1534//250 1533//249 1535//251
f 1534//250 1535//251 1536//252
f 1536//252 1535//251 1537//253
f 1536//252 1537//253 1538//254
f 1538//254 1537//253 1539//255
f 1538//254 1539//255 1540//256
f 1540//256 1539//255 1541//133
f 1540//256 1541//133 1542//134
f 1542//134 1541//133 1543//135
f 1542//134 1543//135 1544//136
f 1544//136 1543//135 1545//137
f 1544//136 1545//137 1546//138
f 1546//138 1545//137 1547//139
f 1546//138 1547//139 1548//140
f 1548//140 1547//139 1549//141
f 1548//140 1549//141 1550//142
f 1550//142 1549//141 1551//143
f 1550//142 1551//143 1552//144
f 1552//144 1551//143 1553//145
f 1552//144 1553//145 1554//146
f 1554//146 1553//145 1555//147
f 1554//146 1555//147 1556//148
f 1556//148 1555//147 1557//149
f 1556//148 1557//149 1558//150
f 1558//150 1557//149 1559//151
f 1558//150 1559//151 1560//152
f 1560//152 1559//151 1561//153
f 1560//152 1561//153 1562//154
f 1562//154 1561//153 1563//155
f 1562//154 1563//155 1564//156
f 1564//156 1563//155 1565//157
f 1564//156 1565//157 1566//158
f 1566//158 1565//157 1567//159
f 1566//158 1567//159 1568//160
f 1568//160 1567//159 1569//161
f 1568//160 1569//161 1570//162
f 1570//162 1569//161 1571//163
f 1570//162 1571//163 1572//164
f 1572//164 1571//163 1573//165
f 1572//164 1573//165 1574//166
f 1574//166 1573//165 1575//167
f 1574//166 1575//167 1576//168
f 1576//168 1575//167 1577//169
f 1576//168 1577//169 1578//170
f 1578//170 1577//169 1579//171
f 1578//170 1579//171 1580//172
f 1580//172 1579//171 1581//173
f 1580//172 1581//173 1582//174
f 1582//174 1581//173 1583//175
f 1582//174 1583//175 1584//176
f 1584//176 1583//175 1585//177
f 1584//176 1585//177 1586//178
f 1586//178 1585//177 1587//179
f 1586//178 1587//179 1588//180
f 1588//180 1587//179 1589//181
f 1588//180 1589//181 1590//182
f 1590//182 1589//181 1591//183
f 1590//182 1591//183 1592//184
f 1592//184 1591//183 1593//185
f 1592//184 1593//185 1594//186
f 1594//186 1593//185 1595//187
f 1594//186 1595//187 1596//188
f 1596//188 1595//187 1597//189
f 1596//188 1597//189 1598//190
f 1598//190 1597//189 1599//191
f 1598//190 1599//191 1600//192
f 1600//192 1599//191 1601//193
f 1600//192 1601//193 1602//194
f 1602//194 1601//193 1603//195
f 1602//194 1603//195 1604//196
f 1604//196 1603//195 1605//197
f 1604//196 1605//197 1606//198
f 1606//198 1605//197 1607//199
f 1606//198 1607//199 1608//200
f 1608//200 1607//199 1609//201
f 1608//200 1609//201 1610//202
f 1610//202 1609//201 1611//203
f 1610//202 1611//203 1612//204
f 1612//204 1611//203 1613//205
f 1612//204 1613//205 1614//206
f 1614//206 1613//205 1615//207
f 1614//206 1615//207 1616//208
f 1616//208 1615//207 1617//209
f 1616//208 1617//209 1618//210
f 1618//210 1617//209 1619//211
f 1618//210 1619//211 1620//212
f 1620//212 1619//211 1621//213
f 1620//212 1621//213 1622//214
f 1622//214 1621//213 1623//215
f 1622//214 1623//215 1624//216
f 1624//216 1623//215 1625//217
f 1624//216 1625//217 1626//218
f 1626//218 1625//217 1627//155
f 1626//218 1627//155 1628//156
f 1628//156 1627//155 1629//219
f 1628//156 1629//219 1630//220
f 1630//220 1629//219 1631//221
f 1630//220 1631//221 1632//222
f 1632//222 1631//221 1633//223
f 1632//222 1633//223 1634//224
f 1634//224 1633//223 1635//225
f 1634//224 1635//225 1636//226
f 1636//226 1635//225 1637//227
f 1636//226 1637//227 1638//228
f 1638//228 1637//227 1639//229
f 1638//228 1639//229 1640//230
f 1640//230 1639//229 1641//231
f 1640//230 1641//231 1642//232
f 1642//232 1641//231 1643//233
f 1642//232 1643//233 1644//234
f 1644//234 1643//233 1645//235
f 1644//234 1645//235 1646//236
f 1646//236 1645//235 1647//237
f 1646//236 1647//237 1648//238
f 1648//238 1647//237 1649//177
f 1648//238 1649//177 1650//178
f 1650//178 1649//177 1651//239
f 1650//178 1651//239 1652//240
f 1652//240 1651//239 1653//241
f 1652//240 1653//241 1654//242
f 1654//242 1653//241 1655//243
f 1654//242 1655//243 1656//244
f 1656//244 1655//243 1657//245
f 1656//244 1657//245 1658//246
f 1658//246 1657//245 1659//247
f 1658//246 1659//247 1660//248
f 1660//248 1659//247 1661//249
f 1660//248 1661//249 1662//250
f 1662//250 1661//249 1663//251
f 1662//250 1663//251 1664//252
f 1664//252 1663//251 1665//253
f 1664//252 1665//253 1666//254
f 1666//254 1665//253 1667//255
f 1666//254 1667//255 1668//256
f 1668//256 1667//255 1669//133
f 1668//256 1669//133 1670//134
f 1670//134 1669//133 1671//135
f 1670//134 1671//135 1672//136
f 1672//136 1671//135 1673//137
f 1672//136 1673//137 1674//138
f 1674//138 1673//137 1675//139
f 1674//138 1675//139 1676//140
f 1676//140 1675//139 1677//141
f 1676//140 1677//141 1678//142
f 1678//142 1677//141 1679//143
f 1678//142 1679//143 1680//144
f 1680//144 1679//143 1681//145
f 1680//144 1681//145 1682//146
f 1682//146 1681//145 1683//147
f 1682//146 1683//147 1684//148
f 1684//148 1683//147 1685//149
f 1684//148 1685//149 1686//150
f 1686//150 1685//149 1687//151
f 1686//150 1687//151 1688//152
f 1688//152 1687//151 1689//153
f 1688//152 1689//153 1690//154
f 1690//154 1689//153 1691//155
f 1690//154 1691//155 1692//156
f 1692//156 1691//155 1693//157
f 1692//156 1693//157 1694//158
f 1694//158 1693//157 1695//159
f 1694//158 1695//159 1696//160
f 1696//160 1695//159 1697//161
f 1696//160 1697//161 1698//162
f 1698//162 1697//161 1699//163
f 1698//162 1699//163 1700//164
f 1700//164 1699//163 1701//165
f 1700//164 1701//165 1702//166
f 1702//166 1701//165 1703//167
f 1702//166 1703//167 1704//168
f 1704//168 1703//167 1705//169
f 1704//168 1705//169 1706//170
f 1706//170 1705//169 1707//171
f 1706//170 1707//171 1708//172
f 1708//172 1707//171 1709//173
f 1708//172 1709//173 1710//174
f 1710//174 1709//173 1711//175
f 1710//174 1711//175 1712//176
f 1712//176 1711//175 1713//177
f 1712//176 1713//177 1714//178
f 1714//178 1713//177 1715//179
f 1714//178 1715//179 1716//180
f 1716//180 1715//179 1717//181
f 1716//180 1717//181 1718//182
f 1718//182 1717//181 1719//183
f 1718//182 1719//183 1720//184
f 1720//184 1719//183 1721//185
f 1720//184 1721//185 1722//186
f 1722//186 1721//185 1723//187
f 1722//186 1723//187 1724//188
f 1724//188 1723//187 1725//189
f 1724//188 1725//189 1726//190
f 1726//190 1725//189 1727//191
f 1726//190 1727//191 1728//192
f 1728//192 1727//191 1729//193
f 1728//192 1729//193 1730//262
f 1730//262 1729//193 1731//263
f 1730//262 1731//263 1732//264
f 1732//264 1731//263 1733//133
f 1732//264 1733//133 1734//134
f 1734//134 1733//133 1735//199
f 1734//134 1735//199 1736//200
f 1736//200 1735//199 1737//201
f 1736//200 1737//201 1738//202
f 1738//202 1737//201 1739//203
f 1738//202 1739//203 1740//204
f 1740//204 1739//203 1741//205
f 1740//204 1741//205 1742//206
f 1742//206 1741//205 1743//207
f 1742//206 1743//207 1744//208
f 1744//208 1743//207 1745//209
f 1744//208 1745//209 1746//210
f 1746//210 1745//209 1747//211
f 1746//210 1747//211 1748//212
f 1748//212 1747//211 1749//213
f 1748//212 1749//213 1750//214
f 1750//214 1749//213 1751//215
f 1750//214 1751//215 1752//216
f 1752//216 1751//215 1753//217
f 1752//216 1753//217 1754//218
f 1754//218 1753//217 1755//155
f 1754//218 1755//155 1756//156
f 1756//156 1755//155 1757//219
f 1756//156 1757//219 1758//220
f 1758//220 1757//219 1759//221
f 1758//220 1759//221 1760//222
f 1760//222 1759//221 1761//223
f 1760//222 1761//223 1762//224
f 1762//224 1761//223 1763//225
f 1762//224 1763//225 1764//226
f 1764//226 1763//225 1765//227
f 1764//226 1765//227 1766//228
f 1766//228 1765//227 1767//229
f 1766//228 1767//229 1768//230
f 1768//230 1767//229 1769//231
f 1768//230 1769//231 1770//232
f 1770//232 1769//231 1771//233
f 1770//232 1771//233 1772//234
f 1772//234 1771//233 1773//235
f 1772//234 1773//235 1774//236
f 1774//236 1773//235 1775//237
f 1774//236 1775//237 1776//238
f 1776//238 1775//237 1777//177
f 1776//238 1777//177 1778//178
f 1778//178 1777//177 1779//239
f 1778//178 1779//239 1780//240
f 1780//240 1779//239 1781//241
f 1780//240 1781//241 1782//242
f 1782//242 1781//241 1783//243
f 1782//242 1783//243 1784//244
f 1784//244 1783//243 1785//245
f 1784//244 1785//245 1786//246
f 1786//246 1785//245 1787//247
f 1786//246 1787//247 1788//248
f 1788//248 1787//247 1789//249
f 1788//248 1789//249 1790//250
f 1790//250 1789//249 1791//251
f 1790//250 1791//251 1792//252
f 1792//252 1791//251 1793//253
f 1792//252 1793//253 1794//254
f 1794//254 1793//253 1795//255
f 1794//254 1795//255 1796//256
f 1796//256 1795//255 1797//133
f 1796//256 1797//133 1798//134
f 1798//134 1797//133 1799//135
f 1798//134 1799//135 1800//136
f 1800//136 1799//135 1801//137
f 1800//136 1801//137 1802//138
f 1802//138 1801//137 1803//139
f 1802//138 1803//139 1804//140
f 1804//140 1803//139 1805//141
f 1804//140 1805//141 1806//142
f 1806//142 1805//141 1807//143
f 1806//142 1807//143 1808//144
f 1808//144 1807//143 1809//145
f 1808//144 1809//145 1810//146
f 1810//146 1809//145 1811//147
f 1810//146 1811//147 1812//148
f 1812//148 1811//147 1813//149
f 1812//148 1813//149 1814//150
f 1814//150 1813//149 1815//151
f 1814//150 1815//151 1816//152
f 1816//152 1815//151 1817//153
f 1816//152 1817//153 1818//154
f 1818//154 1817//153 1819//155
f 1818//154 1819//155 1820//156
f 1820//156 1819//155 1821//157
f 1820//156 1821//157 1822//158
f 1822//158 1821//157 1823//159
f 1822//158 1823//159 1824//160
f 1824//160 1823//159 1825//161
f 1824//160 1825//161 1826//162
f 1826//162 1825//161 1827//163
f 1826//162 1827//163 1828//164
f 1828//164 1827//163 1829//165
f 1828//164 1829//165 1830//166
f 1830//166 1829//165 1831//167
f 1830//166 1831//167 1832//168
f 1832//168 1831//167 1833//169
f 1832//168 1833//169 1834//170
f 1834//170 1833//169 1835//171
f 1834//170 1835//171 1836//172
f 1836//172 1835//171 1837//173
f 1836//172 1837//173 1838//174
f 1838//174 1837//173 1839//175
f 1838//174 1839//175 1840//176
f 1840//176 1839//175 1841//177
f 1840//176 1841//177 1842//178
f 1842//178 1841//177 1843//179
f 1842//178 1843//179 1844//180
f 1844//180 1843//179 1845//181
f 1844//180 1845//181 1846//182
f 1846//182 1845//181 1847//183
f 1846//182 1847//183 1848//184
f 1848//184 1847//183 1849//185
f 1848//184 1849//185 1850//186
f 1850//186 1849//185 1851//187
f 1850//186 1851//187 1852//188
f 1852//188 1851//187 1853//189
f 1852//188 1853//189 1854//190
f 1854//190 1853//189 1855//191
f 1854//190 1855//191 1856//192
f 1856//192 1855//191 1857//193
f 1856//192 1857//193 1858//194
f 1858//194 1857//193 1859//195
f 1858//194 1859//195 1860//196
f 1860//196 1859//195 1861//197
f 1860//196 1861//197 1862//198
f 1862//198 1861//197 1863//199
f 1862//198 1863//199 1864//200
f 1864//200 1863//199 1865//201
f 1864//200 1865//201 1866//202
f 1866//202 1865//201 1867//203
f 1866//202 1867//203 1868//204
f 1868//204 1867//203 1869//205
f 1868//204 1869//205 1870//206
f 1870//206 1869//205 1871//207
f 1870//206 1871//207 1872//208
f 1872//208 1871//207 1873//209
f 1872//208 1873//209 1874//210
f 1874//210 1873//209 1875//211
f 1874//210 1875//211 1876//212
f 1876//212 1875//211 1877//213
f 1876//212 1877//213 1878//214
f 1878//214 1877//213 1879//215
f 1878//214 1879//215 1880//216
f 1880//216 1879//215 1881//217
f 1880//216 1881//217 1882//218
f 1882//218 1881//217 1883//155
f 1882//218 1883//155 1884//156
f 1884//156 1883//155 1885//219
f 1884//156 1885//219 1886//220
f 1886//220 1885//219 1887//221
f 1886//220 1887//221 1888//222
f 1888//222 1887//221 1889//223
f 1888//222 1889//223 1890//224
f 1890//224 1889//223 1891//225
f 1890//224 1891//225 1892//226
f 1892//226 1891//225 1893//227
f 1892//226 1893//227 1894//228
f 1894//228 1893//227 1895//229
f 1894//228 1895//229 1896//230
f 1896//230 1895//229 1897//231
f 1896//230 1897//231 1898//232
f 1898//232 1897//231 1899//233
f 1898//232 1899//233 1900//234
f 1900//234 1899//233 1901//235
f 1900//234 1901//235 1902//236
f 1902//236 1901//235 1903//237
f 1902//236 1903//237 1904//238
f 1904//238 1903//237 1905//177
f 1904//238 1905//177 1906//178
f 1906//178 1905//177 1907//239
f 1906//178 1907//239 1908//240
f 1908//240 1907//239 1909//241
f 1908//240 1909//241 1910//242
f 1910//242 1909//241 1911//243
f 1910//242 1911//243 1912//244
f 1912//244 1911//243 1913//245
f 1912//244 1913//245 1914//246
f 1914//246 1913//245 1915//247
f 1914//246 1915//247 1916//248
f 1916//248 1915//247 1917//249
f 1916//248 1917//249 1918//250
f 1918//250 1917//249 1919//251
f 1918//250 1919//251 1920//252
f 1920//252 1919//251 1921//253
f 1920//252 1921//253 1922//254
f 1922//254 1921//253 1923//255
f 1922//254 1923//255 1924//256
f 1924//256 1923//255 1925//133
f 1924//256 1925//133 1926//134
f 1926//134 1925//133 1927//135
f 1926//134 1927//135 1928//136
f 1928//136 1927//135 1929//137
f 1928//136 1929//137 1930//138
f 1930//138 1929//137 1931//139
f 1930//138 1931//139 1932//140
f 1932//140 1931//139 1933//141
f 1932//140 1933//141 1934//142
f 1934//142 1933//141 1935//143
f 1934//142 1935//143 1936//144
f 1936//144 1935//143 1937//145
f 1936//144 1937//145 1938//146
f 1938//146 1937//145 1939//147
f 1938//146 1939//147 1940//148
f 1940//148 1939//147 1941//149
f 1940//148 1941//149 1942//150
f 1942//150 1941//149 1943//151
f 1942//150 1943//151 1944//152
f 1944//152 1943//151 1945//153
f 1944//152 1945//153 1946//154
f 1946//154 1945//153 1947//155
f 1946//154 1947//155 1948//156
f 1948//156 1947//155 1949//157
f 1948//156 1949//157 1950//158
f 1950//158 1949//157 1951//159
f 1950//158 1951//159 1952//160
f 1952//160 1951//159 1953//161
f 1952//160 1953//161 1954//162
f 1954//162 1953//161 1955//163
f 1954//162 1955//163 1956//164
f 1956//164 1955//163 1957//165
f 1956//164 1957//165 1958//166
f 1958//166 1957//165 1959//167
f 1958//166 1959//167 1960//168
f 1960//168 1959//167 1961//169
f 1960//168 1961//169 1962//170
f 1962//170 1961//169 1963//171
f 1962//170 1963//171 1964//172
f 1964//172 1963//171 1965//173
f 1964//172 1965//173 1966//174
f 1966//174 1965//173 1967//175
f 1966//174 1967//175 1968//176
f 1968//176 1967//175 1969//177
f 1968//176 1969//177 1970//178
f 1970//178 1969//177 1971//179
f 1970//178 1971//179 1972//180
f 1972//180 1971//179 1973//181
f 1972//180 1973//181 1974//182
f 1974//182 1973//181 1975//183
f 1974//182 1975//183 1976//184
f 1976//184 1975//183 1977//185
f 1976//184 1977//185 1978//186
f 1978//186 1977//185 1979//187
f 1978//186 1979//187 1980//188
f 1980//188 1979//187 1981//189
f 1980//188 1981//189 1982//190
f 1982//190 1981//189 1983//191
f 1982//190 1983//191 1984//192
f 1984//192 1983//191 1985//193
f 1984//192 1985//193 1986//194
f 1986//194 1985//193 1987//195
f 1986//194 1987//195 1988//196
f 1988//196 1987//195 1989//197
f 1988//196 1989//197 1990//198
f 1990//198 1989//197 1991//199
f 1990//198 1991//199 1992//200
f 1992//200 1991//199 1993//201
f 1992//200 1993//201 1994//202
f 1994//202 1993//201 1995//203
f 1994//202 1995//203 1996//204
f 1996//204 1995//203 1997//205
f 1996//204 1997//205 1998//206
f 1998//206 1997//205 1999//207
f 1998//206 1999//207 2000//208
f 2000//208 1999//207 2001//209
f 2000//208 2001//209 2002//210
f 2002//210 2001//209 2003//211
f 2002//210 2003//211 2004//212
f 2004//212 2003//211 2005//213
f 2004//212 2005//213 2006//214
f 2006//214 2005//213 2007//215
f 2006//214 2007//215 2008//216
f 2008//216 2007//215 2009//217
f 2008//216 2009//217 2010//218
f 2010//218 2009//217 2011//155
f 2010//218 2011//155 2012//156
f 2012//156 2011//155 2013//219
f 2012//156 2013//219 2014//220
f 2014//220 2013//219 2015//221
f 2014//220 2015//221 2016//222
f 2016//222 2015//221 2017//223
f 2016//222 2017//223 2018//224
f 2018//224 2017//223 2019//225
f 2018//224 2019//225 2020//226
f 2020//226 2019//225 2021//227
f 2020//226 2021//227 2022//228
f 2022//228 2021//227 2023//229
f 2022//228 2023//229 2024//230
f 2024//230 2023//229 2025//231
f 2024//230 2025//231 2026//232
f 2026//232 2025//231 2027//233
f 2026//232 2027//233 2028//234
f 2028//234 2027//233 2029//235
f 2028//234 2029//235 2030//236
f 2030//236 2029//235 2031//237
f 2030//236 2031//237 2032//238
f 2032//238 2031//237 2033//177
f 2032//238 2033//177 2034//178
f 2034//178 2033//177 2035//239
f 2034//178 2035//239 2036//240
f 2036//240 2035//239 2037//241
f 2036//240 2037//241 2038//242
f 2038//242 2037//241 2039//243
f 2038//242 2039//243 2040//244
f 2040//244 2039//243 2041//245
f 2040//244 2041//245 2042//246
f 2042//246 2041//245 2043//247
f 2042//246 2043//247 2044//248
f 2044//248 2043//247 2045//249
f 2044//248 2045//249 2046//250
f 2046//250 2045//249 2047//251
f 2046//250 2047//251 2048//252
f 2048//252 2047//251 2049//253
f 2048//252 2049//253 2050//254
f 2050//254 2049//253 2051//255
f 2050//254 2051//255 2052//256
f 2052//256 2051//255 2053//133
f 2052//256 2053//133 2054//134
f 2054//134 2053//133 2055//135
f 2054//134 2055//135 2056//136
f 2056//136 2055//135 2057//137
f 2056//136 2057//137 2058//138
f 2058//138 2057//137 2059//139
f 2058//138 2059//139 2060//140
f 2060//140 2059//139 2061//141
f 2060//140 2061//141 2062//142
f 2062//142 2061//141 2063//143
f 2062//142 2063//143 2064//144
f 2064//144 2063//143 2065//145
f 2064//144 2065//145 2066//146
f 2066//146 2065//145 2067//147
f 2066//146 2067//147 2068//148
f 2068//148 2067//147 2069//149
f 2068//148 2069//149 2070//150
f 2070//150 2069//149 2071//151
f 2070//150 2071//151 2072//152
f 2072//152 2071//151 2073//153
f 2072//152 2073//153 2074//154
f 2074//154 2073//153 2075//155
f 2074//154 2075//155 2076//156
f 2076//156 2075//155 2077//157
f 2076//156 2077//157 2078//158
f 2078//158 2077//157 2079//159
f 2078//158 2079//159 2080//160
f 2080//160 2079//159 2081//161
f 2080//160 2081//161 2082//162
f 2082//162 2081//161 2083//163
f 2082//162 2083//163 2084//164
f 2084//164 2083//163 2085//165
f 2084//164 2085//165 2086//166
f 2086//166 2085//165 2087//167
f 2086//166 2087//167 2088//168
f 2088//168 2087//167 2089//169
f 2088//168 2089//169 2090//170
f 2090//170 2089//169 2091//171
f 2090//170 2091//171 2092//172
f 2092//172 2091//171 2093//173
f 2092//172 2093//173 2094//174
f 2094//174 2093//173 2095//175
f 2094//174 2095//175 2096//176
f 2096//176 2095//175 2097//177
f 2096//176 2097//177 2098//178
f 2098//178 2097//177 2099//179
f 2098//178 2099//179 2100//180
f 2100//180 2099//179 2101//181
f 2100//180 2101//181 2102//182
f 2102//182 2101//181 2103//183
f 2102//182 2103//183 2104//184
f 2104//184 2103//183 2105//185
f 2104//184 2105//185 2106//186
f 2106//186 2105//185 2107//187
f 2106//186 2107//187 2108//188
f 2108//188 2107//187 2109//189
f 2108//188 2109//189 2110//190
f 2110//190 2109//189 2111//191
f 2110//190 2111//191 2112//192
f 2112//192 2111//191 2113//193
f 2112//192 2113//193 2114//194
f 2114//194 2113//193 2115//195
f 2114//194 2115//195 2116//196
f 2116//196 2115//195 2117//197
f 2116//196 2117//197 2118//198
f 2118//198 2117//197 2119//199
f 2118//198 2119//199 2120//200
f 2120//200 2119//199 2121//201
f 2120//200 2121//201 2122//202
f 2122//202 2121//201 2123//203
f 2122//202 2123//203 2124//204
f 2124//204 2123//203 2125//205
f 2124//204 2125//205 2126//206
f 2126//206 2125//205 2127//207
f 2126//206 2127//207 2128//208
f 2128//208 2127//207 2129//209
f 2128//208 2129//209 2130//210
f 2130//210 2129//209 2131//211
f 2130//210 2131//211 2132//212
f 2132//212 2131//211 2133//213
f 2132//212 2133//213 2134//214
f 2134//214 2133//213 2135//215
f 2134//214 2135//215 2136//216
f 2136//216 2135//215 2137//217
f 2136//216 2137//217 2138//218
f 2138//218 2137//217 2139//155
f 2138//218 2139//155 2140//156
f 2140//156 2139//155 2141//219
f 2140//156 2141//219 2142//220
f 2142//220 2141//219 2143//221
f 2142//220 2143//221 2144//222
f 2144//222 2143//221 2145//223
f 2144//222 2145//223 2146//224
f 2146//224 2145//223 2147//225
f 2146//224 2147//225 2148//226
f 2148//226 2147//225 2149//227
f 2148//226 2149//227 2150//228
f 2150//228 2149//227 2151//229
f 2150//228 2151//229 2152//230
f 2152//230 2151//229 2153//231
f 2152//230 2153//231 2154//232
f 2154//232 2153//231 2155//233
f 2154//232 2155//233 2156//234
f 2156//234 2155//233 2157//235
f 2156//234 2157//235 2158//236
f 2158//236 2157//235 2159//237
f 2158//236 2159//237 2160//238
f 2160//238 2159//237 2161//177
f 2160//238 2161//177 2162//178
f 2162//178 2161//177 2163//239
f 2162//178 2163//239 2164//240
f 2164//240 2163//239 2165//241
f 2164//240 2165//241 2166//242
f 2166//242 2165//241 2167//243
f 2166//242 2167//243 2168//244
f 2168//244 2167//243 2169//245
f 2168//244 2169//245 2170//246
f 2170//246 2169//245 2171//247
f 2170//246 2171//247 2172//248
f 2172//248 2171//247 2173//249
f 2172//248 2173//249 2174//250
f 2174//250 2173//249 2175//251
f 2174//250 2175//251 2176//252
f 2176//252 2175//251 2177//253
f 2176//252 2177//253 2178//254
f 2178//254 2177//253 2179//255
f 2178//254 2179//255 2180//256
f 2180//256 2179//255 2181//133
f 2180//256 2181//133 2182//134
f 2182//134 2181//133 2183//135
f 2182//134 2183//135 2184//136
f 2184//136 2183//135 2185//137
f 2184//136 2185//137 2186//138
f 2186//138 2185//137 2187//139
f 2186//138 2187//139 2188//140
f 2188//140 2187//139 2189//141
f 2188//140 2189//141 2190//142
f 2190//142 2189//141 2191//143
f 2190//142 2191//143 2192//144
f 2192//144 2191//143 2193//145
f 2192//144 2193//145 2194//146
f 2194//146 2193//145 2195//147
f 2194//146 2195//147 2196//148
f 2196//148 2195//147 2197//149
f 2196//148 2197//149 2198//150
f 2198//150 2197//149 2199//151
f 2198//150 2199//151 2200//152
f 2200//152 2199//151 2201//153
f 2200//152 2201//153 2202//154
f 2202//154 2201//153 2203//155
f 2202//154 2203//155 2204//156
f 2204//156 2203//155 2205//157
f 2204//156 2205//157 2206//158
f 2206//158 2205//157 2207//159
f 2206//158 2207//159 2208//160
f 2208//160 2207//159 2209//161
f 2208//160 2209//161 2210//162
f 2210//162 2209//161 2211//163
f 2210//162 2211//163 2212//164
f 2212//164 2211//163 2213//165
f 2212//164 2213//165 2214//166
f 2214//166 2213//165 2215//167
f 2214//166 2215//167 2216//168
f 2216//168 2215//167 2217//169
f 2216//168 2217//169 2218//170
f 2218//170 2217//169 2219//171
f 2218//170 2219//171 2220//172
f 2220//172 2219//171 2221//173
f 2220//172 2221//173 2222//174
f 2222//174 2221//173 2223//175
f 2222//174 2223//175 2224//176
f 2224//176 2223//175 2225//177
f 2224//176 2225//177 2226//178
f 2226//178 2225//177 2227//179
f 2226//178 2227//179 2228//180
f 2228//180 2227//179 2229//181
f 2228//180 2229//181 2230//182
f 2230//182 2229//181 2231//183
f 2230//182 2231//183 2232//184
f 2232//184 2231//183 2233//185
f 2232//184 2233//185 2234//186
f 2234//186 2233//185 2235//187
f 2234//186 2235//187 2236//188
f 2236//188 2235//187 2237//189
f 2236//188 2237//189 2238//190
f 2238//190 2237//189 2239//191
f 2238//190 2239//191 2240//192
f 2240//192 2239//191 2241//193
f 2240//192 2241//193 2242//194
f 2242//194 2241//193 2243//195
f 2242//194 2243//195 2244//196
f 2244//196 2243//195 2245//197
f 2244//196 2245//197 2246//198
f 2246//198 2245//197 2247//199
f 2246//198 2247//199 2248//200
f 2248//200 2247//199 2249//201
f 2248//200 2249//201 2250//202
f 2250//202 2249//201 2251//203
f 2250//202 2251//203 2252//204
f 2252//204 2251//203 2253//205
f 2252//204 2253//205 2254//206
f 2254//206 2253//205 2255//207
f 2254//206 2255//207 2256//208
f 2256//208 2255//207 2257//209
f 2256//208 2257//209 2258//210
f 2258//210 2257//209 2259//211
f 2258//210 2259//211 2260//212
f 2260//212 2259//211 2261//213
f 2260//212 2261//213 2262//214
f 2262//214 2261//213 2263//215
f 2262//214 2263//215 2264//216
f 2264//216 2263//215 2265//217
f 2264//216 2265//217 2266//218
f 2266//218 2265//217 2267//155
f 2266//218 2267//155 2268//156
f 2268//156 2267//155 2269//219
f 2268//156 2269//219 2270//220
f 2270//220 2269//219 2271//221
f 2270//220 2271//221 2272//222
f 2272//222 2271//221 2273//223
f 2272//222 2273//223 2274//224
f 2274//224 2273//223 2275//225
f 2274//224 2275//225 2276//226
f 2276//226 2275//225 2277//227
f 2276//226 2277//227 2278//228
f 2278//228 2277//227 2279//229
f 2278//228 2279//229 2280//230
f 2280//230 2279//229 2281//231
f 2280//230 2281//231 2282//232
f 2282//232 2281//231 2283//233
f 2282//232 2283//233 2284//234
f 2284//234 2283//233 2285//235
f 2284//234 2285//235 2286//236
f 2286//236 2285//235 2287//237
f 2286//236 2287//237 2288//238
f 2288//238 2287//237 2289//177
f 2288//238 2289//177 2290//178
f 2290//178 2289//177 2291//239
f 2290//178 2291//239 2292//240
f 2292//240 2291//239 2293//241
f 2292//240 2293//241 2294//242
f 2294//242 2293//241 2295//243
f 2294//242 2295//243 2296//244
f 2296//244 2295//243 2297//245
f 2296//244 2297//245 2298//246
f 2298//246 2297//245 2299//247
f 2298//246 2299//247 2300//248
f 2300//248 2299//247 2301//249
f 2300//248 2301//249 2302//250
f 2302//250 2301//249 2303//251
f 2302//250 2303//251 2304//252
f 2304//252 2303//251 2305//253
f 2304//252 2305//253 2306//254
f 2306//254 2305//253 2307//255
f 2306//254 2307//255 2308//256
f 2308//256 2307//255 2309//133
f 2308//256 2309//133 2310//134
f 2310//134 2309//133 2311//135
f 2310//134 2311//135 2312//136
f 2312//136 2311//135 2313//137
f 2312//136 2313//137 2314//138
f 2314//138 2313//137 2315//139
f 2314//138 2315//139 2316//140
f 2316//140 2315//139 2317//141
f 2316//140 2317//141 2318//142
f 2318//142 2317//141 2319//143
f 2318//142 2319//143 2320//144
f 2320//144 2319//143 2321//145
f 2320//144 2321//145 2322//146
f 2322//146 2321//145 2323//147
f 2322//146 2323//147 2324//148
f 2324//148 2323//147 2325//149
f 2324//148 2325//149 2326//150
f 2326//150 2325//149 2327//151
f 2326//150 2327//151 2328//152
f 2328//152 2327//151 2329//153
f 2328//152 2329//153 2330//154
f 2330//154 2329//153 2331//155
f 2330//154 2331//155 2332//156
f 2332//156 2331//155 2333//157
f 2332//156 2333//157 2334//158
f 2334//158 2333//157 2335//159
f 2334//158 2335//159 2336//160
f 2336//160 2335//159 2337//161
f 2336//160 2337//161 2338//162
f 2338//162 2337//161 2339//163
f 2338//162 2339//163 2340//164
f 2340//164 2339//163 2341//165
f 2340//164 2341//165 2342//166
f 2342//166 2341//165 2343//167
f 2342//166 2343//167 2344//168
f 2344//168 2343//167 2345//169
f 2344//168 2345//169 2346//170
f 2346//170 2345//169 2347//171
f 2346//170 2347//171 2348//172
f 2348//172 2347//171 2349//173
f 2348//172 2349//173 2350//174
f 2350//174 2349//173 2351//175
f 2350//174 2351//175 2352//176
f 2352//176 2351//175 2353//177
f 2352//176 2353//177 2354//178
f 2354//178 2353//177 2355//179
f 2354//178 2355//179 2356//180
f 2356//180 2355//179 2357//181
f 2356//180 2357//181 2358//182
f 2358//182 2357//181 2359//183
f 2358//182 2359//183 2360//184
f 2360//184 2359//183 2361//185
f 2360//184 2361//185 2362//186
f 2362//186 2361//185 2363//187
f 2362//186 2363//187 2364//188
f 2364//188 2363//187 2365//189
f 2364//188 2365//189 2366//190
f 2366//190 2365//189 2367//191
f 2366//190 2367//191 2368//192
f 2368//192 2367//191 2369//193
f 2368//192 2369//193 2370//262
f 2370//262 2369//193 2371//263
f 2370//262 2371//263 2372//264
f 2372//264 2371//263 2373//133
f 2372//264 2373//133 2374//134
f 2374//134 2373//133 2375//199
f 2374//134 2375//199 2376//200
f 2376//200 2375//199 2377//201
f 2376//200 2377//201 2378//202
f 2378//202 2377//201 2379//203
f 2378//202 2379//203 2380//204
f 2380//204 2379//203 2381//205
f 2380//204 2381//205 2382//206
f 2382//206 2381//205 2383//207
f 2382//206 2383//207 2384//208
f 2384//208 2383//207 2385//209
f 2384//208 2385//209 2386//210
f 2386//210 2385//209 2387//211
f 2386//210 2387//211 2388//212
f 2388//212 2387//211 2389//213
f 2388//212 2389//213 2390//214
f 2390//214 2389//213 2391//215
f 2390//214 2391//215 2392//216
f 2392//216 2391//215 2393//217
f 2392//216 2393//217 2394//218
f 2394//218 2393//217 2395//155
f 2394//218 2395//155 2396//156
f 2396//156 2395//155 2397//219
f 2396//156 2397//219 2398//220
f 2398//220 2397//219 2399//221
f 2398//220 2399//221 2400//222
f 2400//222 2399//221 2401//223
f 2400//222 2401//223 2402//224
f 2402//224 2401//223 2403//225
f 2402//224 2403//225 2404//226
f 2404//226 2403//225 2405//227
f 2404//226 2405//227 2406//228
f 2406//228 2405//227 2407//229
f 2406//228 2407//229 2408//230
f 2408//230 2407//229 2409//231
f 2408//230 2409//231 2410//232
f 2410//232 2409//231 2411//233
f 2410//232 2411//233 2412//234
f 2412//234 2411//233 2413//235
f 2412//234 2413//235 2414//236
f 2414//236 2413//235 2415//237
f 2414//236 2415//237 2416//238
f 2416//238 2415//237 2417//177
f 2416//238 2417//177 2418//178
f 2418//178 2417//177 2419//239
f 2418//178 2419//239 2420//240
f 2420//240 2419//239 2421//241
f 2420//240 2421//241 2422//242
f 2422//242 2421//241 2423//243
f 2422//242 2423//243 2424//244
f 2424//244 2423//243 2425//245
f 2424//244 2425//245 2426//246
f 2426//246 2425//245 2427//247
f 2426//246 2427//247 2428//248
f 2428//248 2427//247 2429//249
f 2428//248 2429//249 2430//250
f 2430//250 2429//249 2431//251
f 2430//250 2431//251 2432//252
f 2432//252 2431//251 2433//253
f 2432//252 2433//253 2434//254
f 2434//254 2433//253 2435//255
f 2434//254 2435//255 2436//256
f 2436//256 2435//255 2437//133
f 2436//256 2437//133 2438//134
f 2438//134 2437//133 2439//135
f 2438//134 2439//135 2440//136
f 2440//136 2439//135 2441//137
f 2440//136 2441//137 2442//138
f 2442//138 2441//137 2443//139
f 2442//138 2443//139 2444//140
f 2444//140 2443//139 2445//141
f 2444//140 2445//141 2446//142
f 2446//142 2445//141 2447//143
f 2446//142 2447//143 2448//144
f 2448//144 2447//143 2449//145
f 2448//144 2449//145 2450//146
f 2450//146 2449//145 2451//147
f 2450//146 2451//147 2452//148
f 2452//148 2451//147 2453//149
f 2452//148 2453//149 2454//150
f 2454//150 2453//149 2455//151
f 2454//150 2455//151 2456//152
f 2456//152 2455//151 2457//153
f 2456//152 2457//153 2458//154
f 2458//154 2457//153 2459//155
f 2458//154 2459//155 2460//156
f 2460//156 2459//155 2461//157
f 2460//156 2461//157 2462//158
f 2462//158 2461//157 2463//159
f 2462//158 2463//159 2464//160
f 2464//160 2463//159 2465//161
f 2464//160 2465//161 2466//162
f 2466//162 2465//161 2467//163
f 2466//162 2467//163 2468//164
f 2468//164 2467//163 2469//165
f 2468//164 2469//165 2470//166
f 2470//166 2469//165 2471//167
f 2470//166 2471//167 2472//168
f 2472//168 2471//167 2473//169
f 2472//168 2473//169 2474//170
f 2474//170 2473//169 2475//171
f 2474//170 2475//171 2476//172
f 2476//172 2475//171 2477//173
f 2476//172 2477//173 2478//174
f 2478//174 2477//173 2479//175
f 2478//174 2479//175 2480//176
f 2480//176 2479//175 2481//177
f 2480//176 2481//177 2482//178
f 2482//178 2481//177 2483//179
f 2482//178 2483//179 2484//180
f 2484//180 2483//179 2485//181
f 2484//180 2485//181 2486//182
f 2486//182 2485//181 2487//183
f 2486//182 2487//183 2488//184
f 2488//184 2487//183 2489//185
f 2488//184 2489//185 2490//186
f 2490//186 2489//185 2491//187
f 2490//186 2491//187 2492//188
f 2492//188 2491//187 2493//189
f 2492//188 2493//189 2494//190
f 2494//190 2493//189 2495//191
f 2494//190 2495//191 2496//192
f 2496//192 2495//191 2497//193
f 2496//192 2497//193 2498//194
f 2498//194 2497//193 2499//195
f 2498//194 2499//195 2500//196
f 2500//196 2499//195 2501//197
f 2500//196 2501//197 2502//198
f 2502//198 2501//197 2503//199
f 2502//198 2503//199 2504//200
f 2504//200 2503//199 2505//201
f 2504//200 2505//201 2506//202
f 2506//202 2505//201 2507//203
f 2506//202 2507//203 2508//204
f 2508//204 2507//203 2509//205
f 2508//204 2509//205 2510//206
f 2510//206 2509//205 2511//207
f 2510//206 2511//207 2512//208
f 2512//208 2511//207 2513//209
f 2512//208 2513//209 2514//210
f 2514//210 2513//209 2515//211
f 2514//210 2515//211 2516//212
f 2516//212 2515//211 2517//213
f 2516//212 2517//213 2518//214
f 2518//214 2517//213 2519//215
f 2518//214 2519//215 2520//216
f 2520//216 2519//215 2521//217
f 2520//216 2521//217 2522//218
f 2522//218 2521//217 2523//155
f 2522//218 2523//155 2524//156
f 2524//156 2523//155 2525//219
f 2524//156 2525//219 2526//220
f 2526//220 2525//219 2527//221
f 2526//220 2527//221 2528//222
f 2528//222 2527//221 2529//223
f 2528//222 2529//223 2530//224
f 2530//224 2529//223 2531//225
f 2530//224 2531//225 2532//226
f 2532//226 2531//225 2533//227
f 2532//226 2533//227 2534//228
f 2534//228 2533//227 2535//229
f 2534//228 2535//229 2536//230
f 2536//230 2535//229 2537//231
f 2536//230 2537//231 2538//232
f 2538//232 2537//231 2539//233
f 2538//232 2539//233 2540//234
f 2540//234 2539//233 2541//235
f 2540//234 2541//235 2542//236
f 2542//236 2541//235 2543//237
f 2542//236 2543//237 2544//238
f 2544//238 2543//237 2545//177
f 2544//238 2545//177 2546//178
f 2546//178 2545//177 2547//239
f 2546//178 2547//239 2548//240
f 2548//240 2547//239 2549//241
f 2548//240 2549//241 2550//242
f 2550//242 2549//241 2551//243
f 2550//242 2551//243 2552//244
f 2552//244 2551//243 2553//245
f 2552//244 2553//245 2554//246
f 2554//246 2553//245 2555//247
f 2554//246 2555//247 2556//248
f 2556//248 2555//247 2557//249
f 2556//248 2557//249 2558//250
f 2558//250 2557//249 2559//251
f 2558//250 2559//251 2560//252
f 2560//252 2559//251 2561//253
f 2560//252 2561//253 2562//254
f 2562//254 2561//253 2563//255
f 2562//254 2563//255 2564//256
f 2564//256 2563//255 2565//133
f 2564//256 2565//133 2566//134
f 2566//134 2565//133 2567//135
f 2566//134 2567//135 2568//136
f 2568//136 2567//135 2569//137
f 2568//136 2569//137 2570//138
f 2570//138 2569//137 2571//139
f 2570//138 2571//139 2572//140
f 2572//140 2571//139 2573//141
f 2572//140 2573//141 2574//142
f 2574//142 2573//141 2575//143
f 2574//142 2575//143 2576//144
f 2576//144 2575//143 2577//145
f 2576//144 2577//145 2578//146
f 2578//146 2577//145 2579//147
f 2578//146 2579//147 2580//148
f 2580//148 2579//147 2581//149
f 2580//148 2581//149 2582//150
f 2582//150 2581//149 2583//151
f 2582//150 2583//151 2584//152
f 2584//152 2583//151 2585//153
f 2584//152 2585//153 2586//154
f 2586//154 2585//153 2587//155
f 2586//154 2587//155 2588//156
f 2588//156 2587//155 2589//157
f 2588//156 2589//157 2590//158
f 2590//158 2589//157 2591//159
f 2590//158 2591//159 2592//160
f 2592//160 2591//159 2593//161
f 2592//160 2593//161 2594//162
f 2594//162 2593//161 2595//163
f 2594//162 2595//163 2596//164
f 2596//164 2595//163 2597//165
f 2596//164 2597//165 2598//166
f 2598//166 2597//165 2599//167
f 2598//166 2599//167 2600//168
f 2600//168 2599//167 2601//169
f 2600//168 2601//169 2602//170
f 2602//170 2601//169 2603//171
f 2602//170 2603//171 2604//172
f 2604//172 2603//171 2605//173
f 2604//172 2605//173 2606//174
f 2606//174 2605//173 2607//175
f 2606//174 2607//175 2608//176
f 2608//176 2607//175 2609//177
f 2608//176 2609//177 2610//178
f 2610//178 2609//177 2611//179
f 2610//178 2611//179 2612//180
f 2612//180 2611//179 2613//181
f 2612//180 2613//181 2614//182
f 2614//182 2613//181 2615//183
f 2614//182 2615//183 2616//184
f 2616//184 2615//183 2617//185
f 2616//184 2617//185 2618//186
f 2618//186 2617//185 2619//187
f 2618//186 2619//187 2620//188
f 2620//188 2619//187 2621//189
f 2620//188 2621//189 2622//190
f 2622//190 2621//189 2623//191
f 2622//190 2623//191 2624//192
f 2624//192 2623//191 2625//193
f 2624//192 2625//193 2626//194
f 2626//194 2625//193 2627//195
f 2626//194 2627//195 2628//196
f 2628//196 2627//195 2629//197
f 2628//196 2629//197 2630//198
f 2630//198 2629//197 2631//199
f 2630//198 2631//199 2632//200
f 2632//200 2631//199 2633//201
f 2632//200 2633//201 2634//202
f 2634//202 2633//201 2635//203
f 2634//202 2635//203 2636//204
f 2636//204 2635//203 2637//205
f 2636//204 2637//205 2638//206
f 2638//206 2637//205 2639//207
f 2638//206 2639//207 2640//208
f 2640//208 2639//207 2641//209
f 2640//208 2641//209 2642//210
f 2642//210 2641//209 2643//211
f 2642//210 2643//211 2644//212
f 2644//212 2643//211 2645//213
f 2644//212 2645//213 2646//214
f 2646//214 2645//213 2647//215
f 2646//214 2647//215 2648//216
f 2648//216 2647//215 2649//217
f 2648//216 2649//217 2650//218
f 2650//218 2649//217 2651//155
f 2650//218 2651//155 2652//156
f 2652//156 2651//155 2653//219
f 2652//156 2653//219 2654//220
f 2654//220 2653//219 2655//221
f 2654//220 2655//221 2656//222
f 2656//222 2655//221 2657//223
f 2656//222 2657//223 2658//224
f 2658//224 2657//223 2659//225
f 2658//224 2659//225 2660//226
f 2660//226 2659//225 2661//227
f 2660//226 2661//227 2662//228
f 2662//228 2661//227 2663//229
f 2662//228 2663//229 2664//230
f 2664//230 2663//229 2665//231
f 2664//230 2665//231 2666//232
f 2666//232 2665//231 2667//233
f 2666//232 2667//233 2668//234
f 2668//234 2667//233 2669//235
f 2668//234 2669//235 2670//236
f 2670//236 2669//235 2671//237
f 2670//236 2671//237 2672//238
f 2672//238 2671//237 2673//177
f 2672//238 2673//177 2674//178
f 2674//178 2673//177 2675//239
f 2674//178 2675//239 2676//240
f 2676//240 2675//239 2677//241
f 2676//240 2677//241 2678//242
f 2678//242 2677//241 2679//243
f 2678//242 2679//243 2680//244
f 2680//244 2679//243 2681//245
f 2680//244 2681//245 2682//246
f 2682//246 2681//245 2683//247
f 2682//246 2683//247 2684//248
f 2684//248 2683//247 2685//249
f 2684//248 2685//249 2686//250
f 2686//250 2685//249 2687//251
f 2686//250 2687//251 2688//252
f 2688//252 2687//251 2689//253
f 2688//252 2689//253 2690//254
f 2690//254 2689//253 2691//255
f 2690//254 2691//255 2692//256
f 2692//256 2691//255 2693//133
f 2692//256 2693//133 2694//134
f 2694//134 2693//133 2695//135
f 2694//134 2695//135 2696//136
f 2696//136 2695//135 2697//137
f 2696//136 2697//137 2698//138
f 2698//138 2697//137 2699//139
f 2698//138 2699//139 2700//140
f 2700//140 2699//139 2701//141
f 2700//140 2701//141 2702//142
f 2702//142 2701//141 2703//143
f 2702//142 2703//143 2704//144
f 2704//144 2703//143 2705//145
f 2704//144 2705//145 2706//146
f 2706//146 2705//145 2707//147
f 2706//146 2707//147 2708//148
f 2708//148 2707//147 2709//149
f 2708//148 2709//149 2710//150
f 2710//150 2709//149 2711//151
f 2710//150 2711//151 2712//152
f 2712//152 2711//151 2713//153
f 2712//152 2713//153 2714//154
f 2714//154 2713//153 2715//155
f 2714//154 2715//155 2716//156
f 2716//156 2715//155 2717//157
f 2716//156 2717//157 2718//158
f 2718//158 2717//157 2719//159
f 2718//158 2719//159 2720//160
f 2720//160 2719//159 2721//161
f 2720//160 2721//161 2722//162
f 2722//162 2721//161 2723//163
f 2722//162 2723//163 2724//164
f 2724//164 2723//163 2725//165
f 2724//164 2725//165 2726//166
f 2726//166 2725//165 2727//167
f 2726//166 2727//167 2728//168
f 2728//168 2727//167 2729//169
f 2728//168 2729//169 2730//170
f 2730//170 2729//169 2731//171
f 2730//170 2731//171 2732//172
f 2732//172 2731//171 2733//173
f 2732//172 2733//173 2734//174
f 2734//174 2733//173 2735//175
f 2734//174 2735//175 2736//176
f 2736//176 2735//175 2737//257
f 2736//176 2737//257 2738//258
f 2738//258 2737//257 2739//259
f 2738//258 2739//259 2740//260
f 2740//260 2739//259 2741//261
f 2740//260 2741//261 2742//182
f 2742//182 2741//261 2743//183
f 2742//182 2743//183 2744//184
f 2744//184 2743//183 2745//185
f 2744//184 2745//185 2746//186
f 2746//186 2745//185 2747//187
f 2746//186 2747//187 2748//188
f 2748//188 2747//187 2749//189
f 2748//188 2749//189 2750//190
f 2750//190 2749//189 2751//191
f 2750//190 2751//191 2752//192
f 2752//192 2751//191 2753//193
f 2752//192 2753//193 2754//194
f 2754//194 2753//193 2755//195
f 2754//194 2755//195 2756//196
f 2756//196 2755//195 2757//197
f 2756//196 2757//197 2758//198
f 2758//198 2757//197 2759//199
f 2758//198 2759//199 2760//200
f 2760//200 2759//199 2761//201
f 2760//200 2761//201 2762//202
f 2762//202 2761//201 2763//203
f 2762//202 2763//203 2764//204
f 2764//204 2763//203 2765//205
f 2764//204 2765//205 2766//206
f 2766//206 2765//205 2767//207
f 2766//206 2767//207 2768//208
f 2768//208 2767//207 2769//209
f 2768//208 2769//209 2770//210
f 2770//210 2769//209 2771//211
f 2770//210 2771//211 2772//212
f 2772//212 2771//211 2773//213
f 2772//212 2773//213 2774//214
f 2774//214 2773//213 2775//215
f 2774//214 2775//215 2776//216
f 2776//216 2775//215 2777//217
f 2776//216 2777//217 2778//218
f 2778//218 2777//217 2779//155
f 2778//218 2779//155 2780//156
f 2780//156 2779//155 2781//219
f 2780//156 2781//219 2782//220
f 2782//220 2781//219 2783//221
f 2782//220 2783//221 2784//222
f 2784//222 2783//221 2785//223
f 2784//222 2785//223 2786//224
f 2786//224 2785//223 2787//225
f 2786//224 2787//225 2788//226
f 2788//226 2787//225 2789//227
f 2788//226 2789//227 2790//228
f 2790//228 2789//227 2791//229
f 2790//228 2791//229 2792//230
f 2792//230 2791//229 2793//231
f 2792//230 2793//231 2794//232
f 2794//232 2793//231 2795//233
f 2794//232 2795//233 2796//234
f 2796//234 2795//233 2797//235
f 2796//234 2797//235 2798//236
f 2798//236 2797//235 2799//237
f 2798//236 2799//237 2800//238
f 2800//238 2799//237 2801//177
f 2800//238 2801//177 2802//178
f 2802//178 2801//177 2803//239
f 2802//178 2803//239 2804//240
f 2804//240 2803//239 2805//241
f 2804//240 2805//241 2806//242
f 2806//242 2805//241 2807//243
f 2806//242 2807//243 2808//244
f 2808//244 2807//243 2809//245
f 2808//244 2809//245 2810//246
f 2810//246 2809//245 2811//247
f 2810//246 2811//247 2812//248
f 2812//248 2811//247 2813//249
f 2812//248 2813//249 2814//250
f 2814//250 2813//249 2815//251
f 2814//250 2815//251 2816//252
f 2816//252 2815//251 2817//253
f 2816//252 2817//253 2818//254
f 2818//254 2817//253 2819//255
f 2818//254 2819//255 2820//256
f 2820//256 2819//255 2821//133
f 2820//256 2821//133 2822//134
f 2822//134 2821//133 2823//135
f 2822//134 2823//135 2824//136
f 2824//136 2823//135 2825//137
f 2824//136 2825//137 2826//138
f 2826//138 2825//137 2827//139
f 2826//138 2827//139 2828//140
f 2828//140 2827//139 2829//141
f 2828//140 2829//141 2830//142
f 2830//142 2829//141 2831//143
f 2830//142 2831//143 2832//144
f 2832//144 2831//143 2833//145
f 2832//144 2833//145 2834//146
f 2834//146 2833//145 2835//147
f 2834//146 2835//147 2836//148
f 2836//148 2835//147 2837//149
f 2836//148 2837//149 2838//150
f 2838//150 2837//149 2839//151
f 2838//150 2839//151 2840//152
f 2840//152 2839//151 2841//153
f 2840//152 2841//153 2842//154
f 2842//154 2841//153 2843//155
f 2842//154 2843//155 2844//156
f 2844//156 2843//155 2845//157
f 2844//156 2845//157 2846//158
f 2846//158 2845//157 2847//159
f 2846//158 2847//159 2848//160
f 2848//160 2847//159 2849//161
f 2848//160 2849//161 2850//162
f 2850//162 2849//161 2851//163
f 2850//162 2851//163 2852//164
f 2852//164 2851//163 2853//165
f 2852//164 2853//165 2854//166
f 2854//166 2853//165 2855//167
f 2854//166 2855//167 2856//168
f 2856//168 2855//167 2857//169
f 2856//168 2857//169 2858//170
f 2858//170 2857//169 2859//171
f 2858//170 2859//171 2860//172
f 2860//172 2859//171 2861//173
f 2860//172 2861//173 2862//174
f 2862//174 2861//173 2863//175
f 2862//174 2863//175 2864//176
f 2864//176 2863//175 2865//257
f 2864//176 2865//257 2866//258
f 2866//258 2865//257 2867//259
f 2866//258 2867//259 2868//260
f 2868//260 2867//259 2869//261
f 2868//260 2869//261 2870//182
f 2870//182 2869//261 2871//183
f 2870//182 2871//183 2872//184
f 2872//184 2871//183 2873//185
f 2872//184 2873//185 2874//186
f 2874//186 2873//185 2875//187
f 2874//186 2875//187 2876//188
f 2876//188 2875//187 2877//189
f 2876//188 2877//189 2878//190
f 2878//190 2877//189 2879//191
f 2878//190 2879//191 2880//192
f 2880//192 2879//191 2881//193
f 2880//192 2881//193 2882//262
f 2882//262 2881//193 2883//263
f 2882//262 2883//263 2884//264
f 2884//264 2883//263 2885//133
f 2884//264 2885//133 2886//134
f 2886//134 2885//133 2887//199
f 2886//134 2887//199 2888//200
f 2888//200 2887//199 2889//201
f 2888//200 2889//201 2890//202
f 2890//202 2889//201 2891//203
f 2890//202 2891//203 2892//204
f 2892//204 2891//203 2893//205
f 2892//204 2893//205 2894//206
f 2894//206 2893//205 2895//207
f 2894//206 2895//207 2896//208
f 2896//208 2895//207 2897//209
f 2896//208 2897//209 2898//210
f 2898//210 2897//209 2899//211
f 2898//210 2899//211 2900//212
f 2900//212 2899//211 2901//213
f 2900//212 2901//213 2902//214
f 2902//214 2901//213 2903//215
f 2902//214 2903//215 2904//216
f 2904//216 2903//215 2905//217
f 2904//216 2905//217 2906//218
f 2906//218 2905//217 2907//155
f 2906//218 2907//155 2908//156
f 2908//156 2907//155 2909//219
f 2908//156 2909//219 2910//220
f 2910//220 2909//219 2911//221
f 2910//220 2911//221 2912//222
f 2912//222 2911//221 2913//223
f 2912//222 2913//223 2914//224
f 2914//224 2913//223 2915//225
f 2914//224 2915//225 2916//226
f 2916//226 2915//225 2917//227
f 2916//226 2917//227 2918//228
f 2918//228 2917//227 2919//229
f 2918//228 2919//229 2920//230
f 2920//230 2919//229 2921//231
f 2920//230 2921//231 2922//232
f 2922//232 2921//231 2923//233
f 2922//232 2923//233 2924//234
f 2924//234 2923//233 2925//235
f 2924//234 2925//235 2926//236
f 2926//236 2925//235 2927//237
f 2926//236 2927//237 2928//238
f 2928//238 2927//237 2929//177
f 2928//238 2929//177 2930//178
f 2930//178 2929//177 2931//239
f 2930//178 2931//239 2932//240
f 2932//240 2931//239 2933//241
f 2932//240 2933//241 2934//242
f 2934//242 2933//241 2935//243
f 2934//242 2935//243 2936//244
f 2936//244 2935//243 2937//245
f 2936//244 2937//245 2938//246
f 2938//246 2937//245 2939//247
f 2938//246 2939//247 2940//248
f 2940//248 2939//247 2941//249
f 2940//248 2941//249 2942//250
f 2942//250 2941//249 2943//251
f 2942//250 2943//251 2944//252
f 2944//252 2943//251 2945//253
f 2944//252 2945//253 2946//254
f 2946//254 2945//253 2947//255
f 2946//254 2947//255 2948//256
f 2948//256 2947//255 2949//133
f 2948//256 2949//133 2950//134
f 2950//134 2949//133 2951//135
f 2950//134 2951//135 2952//136
f 2952//136 2951//135 2953//137
f 2952//136 2953//137 2954//138
f 2954//138 2953//137 2955//139
f 2954//138 2955//139 2956//140
f 2956//140 2955//139 2957//141
f 2956//140 2957//141 2958//142
f 2958//142 2957//141 2959//143
f 2958//142 2959//143 2960//144
f 2960//144 2959//143 2961//145
f 2960//144 2961//145 2962//146
f 2962//146 2961//145 2963//147
f 2962//146 2963//147 2964//148
f 2964//148 2963//147 2965//149
f 2964//148 2965//149 2966//150
f 2966//150 2965//149 2967//151
f 2966//150 2967//151 2968//152
f 2968//152 2967//151 2969//153
f 2968//152 2969//153 2970//154
f 2970//154 2969//153 2971//155
f 2970//154 2971//155 2972//156
f 2972//156 2971//155 2973//157
f 2972//156 2973//157 2974//158
f 2974//158 2973//157 2975//159
f 2974//158 2975//159 2976//160
f 2976//160 2975//159 2977//161
f 2976//160 2977//161 2978//162
f 2978//162 2977//161 2979//163
f 2978//162 2979//163 2980//164
f 2980//164 2979//163 2981//165
f 2980//164 2981//165 2982//166
f 2982//166 2981//165 2983//167
f 2982//166 2983//167 2984//168
f 2984//168 2983//167 2985//169
f 2984//168 2985//169 2986//170
f 2986//170 2985//169 2987//171
f 2986//170 2987//171 2988//172
f 2988//172 2987//171 2989//173
f 2988//172 2989//173 2990//174
f 2990//174 2989//173 2991//175
f 2990//174 2991//175 2992//176
f 2992//176 2991//175 2993//257
f 2992//176 2993//257 2994//258
f 2994//258 2993//257 2995//259
f 2994//258 2995//259 2996//260
f 2996//260 2995//259 2997//261
f 2996//260 2997//261 2998//182
f 2998//182 2997//261 2999//183
f 2998//182 2999//183 3000//184
f 3000//184 2999//183 3001//185
f 3000//184 3001//185 3002//186
f 3002//186 3001//185 3003//187
f 3002//186 3003//187 3004//188
f 3004//188 3003//187 3005//189
f 3004//188 3005//189 3006//190
f 3006//190 3005//189 3007//191
f 3006//190 3007//191 3008//192
f 3008//192 3007//191 3009//193
f 3008//192 3009//193 3010//262
f 3010//262 3009//193 3011//263
f 3010//262 3011//263 3012//264
f 3012//264 3011//263 3013//133
f 3012//264 3013//133 3014//134
f 3014//134 3013//133 3015//199
f 3014//134 3015//199 3016//200
f 3016//200 3015//199 3017//201
f 3016//200 3017//201 3018//202
f 3018//202 3017//201 3019//203
f 3018//202 3019//203 3020//204
f 3020//204 3019//203 3021//205
f 3020//204 3021//205 3022//206
f 3022//206 3021//205 3023//207
f 3022//206 3023//207 3024//208
f 3024//208 3023//207 3025//209
f 3024//208 3025//209 3026//210
f 3026//210 3025//209 3027//211
f 3026//210 3027//211 3028//212
f 3028//212 3027//211 3029//213
f 3028//212 3029//213 3030//214
f 3030//214 3029//213 3031//215
f 3030//214 3031//215 3032//216
f 3032//216 3031//215 3033//217
f 3032//216 3033//217 3034//218
f 3034//218 3033//217 3035//155
f 3034//218 3035//155 3036//156
f 3036//156 3035//155 3037//219
f 3036//156 3037//219 3038//220
f 3038//220 3037//219 3039//221
f 3038//220 3039//221 3040//222
f 3040//222 3039//221 3041//223
f 3040//222 3041//223 3042//224
f 3042//224 3041//223 3043//225
f 3042//224 3043//225 3044//226
f 3044//226 3043//225 3045//227
f 3044//226 3045//227 3046//228
f 3046//228 3045//227 3047//229
f 3046//228 3047//229 3048//230
f 3048//230 3047//229 3049//231
f 3048//230 3049//231 3050//232
f 3050//232 3049//231 3051//233
f 3050//232 3051//233 3052//234
f 3052//234 3051//233 3053//235
f 3052//234 3053//235 3054//236
f 3054//236 3053//235 3055//237
f 3054//236 3055//237 3056//238
f 3056//238 3055//237 3057//177
f 3056//238 3057//177 3058//178
f 3058//178 3057//177 3059//239
f 3058//178 3059//239 3060//240
f 3060//240 3059//239 3061//241
f 3060//240 3061//241 3062//242
f 3062//242 3061//241 3063//243
f 3062//242 3063//243 3064//244
f 3064//244 3063//243 3065//245
f 3064//244 3065//245 3066//246
f 3066//246 3065//245 3067//247
f 3066//246 3067//247 3068//248
f 3068//248 3067//247 3069//249
f 3068//248 3069//249 3070//250
f 3070//250 3069//249 3071//251
f 3070//250 3071//251 3072//252
f 3072//252 3071//251 3073//253
f 3072//252 3073//253 3074//254
f 3074//254 3073//253 3075//255
f 3074//254 3075//255 3076//256
f 3076//256 3075//255 3077//133
f 3076//256 3077//133 3078//134
f 3078//134 3077//133 3079//135
f 3078//134 3079//135 3080//136
f 3080//136 3079//135 3081//137
f 3080//136 3081//137 3082//138
f 3082//138 3081//137 3083//139
f 3082//138 3083//139 3084//140
f 3084//140 3083//139 3085//141
f 3084//140 3085//141 3086//142
f 3086//142 3085//141 3087//143
f 3086//142 3087//143 3088//144
f 3088//144 3087//143 3089//145
f 3088//144 3089//145 3090//146
f 3090//146 3089//145 3091//147
f 3090//146 3091//147 3092//148
f 3092//148 3091//147 3093//149
f 3092//148 3093//149 3094//150
f 3094//150 3093//149 3095//151
f 3094//150 3095//151 3096//152
f 3096//152 3095//151 3097//153
f 3096//152 3097//153 3098//154
f 3098//154 3097//153 3099//155
f 3098//154 3099//155 3100//156
f 3100//156 3099//155 3101//157
f 3100//156 3101//157 3102//158
f 3102//158 3101//157 3103//159
f 3102//158 3103//159 3104//160
f 3104//160 3103//159 3105//161
f 3104//160 3105//161 3106//162
f 3106//162 3105//161 3107//163
f 3106//162 3107//163 3108//164
f 3108//164 3107//163 3109//165
f 3108//164 3109//165 3110//166
f 3110//166 3109//165 3111//167
f 3110//166 3111//167 3112//168
f 3112//168 3111//167 3113//169
f 3112//168 3113//169 3114//170
f 3114//170 3113//169 3115//171
f 3114//170 3115//171 3116//172
f 3116//172 3115//171 3117//173
f 3116//172 3117//173 3118//174
f 3118//174 3117//173 3119//175
f 3118//174 3119//175 3120//176
f 3120//176 3119//175 3121//177
f 3120//176 3121//177 3122//178
f 3122//178 3121//177 3123//179
f 3122//178 3123//179 3124//180
f 3124//180 3123//179 3125//181
f 3124//180 3125//181 3126//182
f 3126//182 3125//181 3127//183
f 3126//182 3127//183 3128//184
f 3128//184 3127//183 3129//185
f 3128//184 3129//185 3130//186
f 3130//186 3129//185 3131//187
f 3130//186 3131//187 3132//188
f 3132//188 3131//187 3133//189
f 3132//188 3133//189 3134//190
f 3134//190 3133//189 3135//191
f 3134//190 3135//191 3136//192
f 3136//192 3135//191 3137//193
f 3136//192 3137//193 3138//194
f 3138//194 3137//193 3139//195
f 3138//194 3139//195 3140//196
f 3140//196 3139//195 3141//197
f 3140//196 3141//197 3142//198
f 3142//198 3141//197 3143//199
f 3142//198 3143//199 3144//200
f 3144//200 3143//199 3145//201
f 3144//200 3145//201 3146//202
f 3146//202 3145//201 3147//203
f 3146//202 3147//203 3148//204
f 3148//204 3147//203 3149//205
f 3148//204 3149//205 3150//206
f 3150//206 3149//205 3151//207
f 3150//206 3151//207 3152//208
f 3152//208 3151//207 3153//209
f 3152//208 3153//209 3154//210
f 3154//210 3153//209 3155//211
f 3154//210 3155//211 3156//212
f 3156//212 3155//211 3157//213
f 3156//212 3157//213 3158//214
f 3158//214 3157//213 3159//215
f 3158//214 3159//215 3160//216
f 3160//216 3159//215 3161//217
f 3160//216 3161//217 3162//218
f 3162//218 3161//217 3163//155
f 3162//218 3163//155 3164//156
f 3164//156 3163//155 3165//219
f 3164//156 3165//219 3166//220
f 3166//220 3165//219 3167//221
f 3166//220 3167//221 3168//222
f 3168//222 3167//221 3169//223
f 3168//222 3169//223 3170//224
f 3170//224 3169//223 3171//225
f 3170//224 3171//225 3172//226
f 3172//226 3171//225 3173//227
f 3172//226 3173//227 3174//228
f 3174//228 3173//227 3175//229
f 3174//228 3175//229 3176//230
f 3176//230 3175//229 3177//231
f 3176//230 3177//231 3178//232
f 3178//232 3177//231 3179//233
f 3178//232 3179//233 3180//234
f 3180//234 3179//233 3181//235
f 3180//234 3181//235 3182//236
f 3182//236 3181//235 3183//237
f 3182//236 3183//237 3184//238
f 3184//238 3183//237 3185//177
f 3184//238 3185//177 3186//178
f 3186//178 3185//177 3187//239
f 3186//178 3187//239 3188//240
f 3188//240 3187//239 3189//241
f 3188//240 3189//241 3190//242
f 3190//242 3189//241 3191//243
f 3190//242 3191//243 3192//244
f 3192//244 3191//243 3193//245
f 3192//244 3193//245 3194//246
f 3194//246 3193//245 3195//247
f 3194//246 3195//247 3196//248
f 3196//248 3195//247 3197//249
f 3196//248 3197//249 3198//250
f 3198//250 3197//249 3199//251
f 3198//250 3199//251 3200//252
f 3200//252 3199//251 3201//253
f 3200//252 3201//253 3202//254
f 3202//254 3201//253 3203//255
f 3202//254 3203//255 3204//256
f 3204//256 3203//255 3205//133
f 3204//256 3205//133 3206//134
f 3206//134 3205//133 3207//135
f 3206//134 3207//135 3208//136
f 3208//136 3207//135 3209//137
f 3208//136 3209//137 3210//138
f 3210//138 3209//137 3211//139
f 3210//138 3211//139 3212//140
f 3212//140 3211//139 3213//141
f 3212//140 3213//141 3214//142
f 3214//142 3213//141 3215//143
f 3214//142 3215//143 3216//144
f 3216//144 3215//143 3217//145
f 3216//144 3217//145 3218//146
f 3218//146 3217//145 3219//147
f 3218//146 3219//147 3220//148
f 3220//148 3219//147 3221//149
f 3220//148 3221//149 3222//150
f 3222//150 3221//149 3223//151
f 3222//150 3223//151 3224//152
f 3224//152 3223//151 3225//153
f 3224//152 3225//153 3226//154
f 3226//154 3225//153 3227//155
f 3226//154 3227//155 3228//156
f 3228//156 3227//155 3229//157
f 3228//156 3229//157 3230//158
f 3230//158 3229//157 3231//159
f 3230//158 3231//159 3232//160
f 3232//160 3231//159 3233//161
f 3232//160 3233//161 3234//162
f 3234//162 3233//161 3235//163
f 3234//162 3235//163 3236//164
f 3236//164 3235//163 3237//165
f 3236//164 3237//165 3238//166
f 3238//166 3237//165 3239//167
f 3238//166 3239//167 3240//168
f 3240//168 3239//167 3241//169
f 3240//168 3241//169 3242//170
f 3242//170 3241//169 3243//171
f 3242//170 3243//171 3244//172
f 3244//172 3243//171 3245//173
f 3244//172 3245//173 3246//174
f 3246//174 3245//173 3247//175
f 3246//174 3247//175 3248//176
f 3248//176 3247//175 3249//177
f 3248//176 3249//177 3250//178
f 3250//178 3249//177 3251//179
f 3250//178 3251//179 3252//180
f 3252//180 3251//179 3253//181
f 3252//180 3253//181 3254//182
f 3254//182 3253//181 3255//183
f 3254//182 3255//183 3256//184
f 3256//184 3255//183 3257//185
f 3256//184 3257//185 3258//186
f 3258//186 3257//185 3259//187
f 3258//186 3259//187 3260//188
f 3260//188 3259//187 3261//189
f 3260//188 3261//189 3262//190
f 3262//190 3261//189 3263//191
f 3262//190 3263//191 3264//192
f 3264//192 3263//191 3265//193
f 3264//192 3265//193 3266//194
f 3266//194 3265//193 3267//195
f 3266//194 3267//195 3268//196
f 3268//196 3267//195 3269//197
f 3268//196 3269//197 3270//198
f 3270//198 3269//197 3271//199
f 3270//198 3271//199 3272//200
f 3272//200 3271//199 3273//201
f 3272//200 3273//201 3274//202
f 3274//202 3273//201 3275//203
f 3274//202 3275//203 3276//204
f 3276//204 3275//203 3277//205
f 3276//204 3277//205 3278//206
f 3278//206 3277//205 3279//207
f 3278//206 3279//207 3280//208
f 3280//208 3279//207 3281//209
f 3280//208 3281//209 3282//210
f 3282//210 3281//209 3283//211
f 3282//210 3283//211 3284//212
f 3284//212 3283//211 3285//213
f 3284//212 3285//213 3286//214
f 3286//214 3285//213 3287//215
f 3286//214 3287//215 3288//216
f 3288//216 3287//215 3289//217
f 3288//216 3289//217 3290//218
f 3290//218 3289//217 3291//155
f 3290//218 3291//155 3292//156
f 3292//156 3291//155 3293//219
f 3292//156 3293//219 3294//220
f 3294//220 3293//219 3295//221
f 3294//220 3295//221 3296//222
f 3296//222 3295//221 3297//223
f 3296//222 3297//223 3298//224
f 3298//224 3297//223 3299//225
f 3298//224 3299//225 3300//226
f 3300//226 3299//225 3301//227
f 3300//226 3301//227 3302//228
f 3302//228 3301//227 3303//229
f 3302//228 3303//229 3304//230
f 3304//230 3303//229 3305//231
f 3304//230 3305//231 3306//232
f 3306//232 3305//231 3307//233
f 3306//232 3307//233 3308//234
f 3308//234 3307//233 3309//235
f 3308//234 3309//235 3310//236
f 3310//236 3309//235 3311//237
f 3310//236 3311//237 3312//238
f 3312//238 3311//237 3313//177
f 3312//238 3313//177 3314//178
f 3314//178 3313//177 3315//239
f 3314//178 3315//239 3316//240
f 3316//240 3315//239 3317//241
f 3316//240 3317//241 3318//242
f 3318//242 3317//241 3319//243
f 3318//242 3319//243 3320//244
f 3320//244 3319//243 3321//245
f 3320//244 3321//245 3322//246
f 3322//246 3321//245 3323//247
f 3322//246 3323//247 3324//248
f 3324//248 3323//247 3325//249
f 3324//248 3325//249 3326//250
f 3326//250 3325//249 3327//251
f 3326//250 3327//251 3328//252
f 3328//252 3327//251 3329//253
f 3328//252 3329//253 3330//254
f 3330//254 3329//253 3331//255
f 3330//254 3331//255 3332//256
f 3332//256 3331//255 3333//133
f 3332//256 3333//133 3334//134
f 3334//134 3333//133 3335//135
f 3334//134 3335//135 3336//136
f 3336//136 3335//135 3337//137
f 3336//136 3337//137 3338//138
f 3338//138 3337//137 3339//139
f 3338//138 3339//139 3340//140
f 3340//140 3339//139 3341//141
f 3340//140 3341//141 3342//142
f 3342//142 3341//141 3343//143
f 3342//142 3343//143 3344//144
f 3344//144 3343//143 3345//145
f 3344//144 3345//145 3346//146
f 3346//146 3345//145 3347//147
f 3346//146 3347//147 3348//148
f 3348//148 3347//147 3349//149
f 3348//148 3349//149 3350//150
f 3350//150 3349//149 3351//151
f 3350//150 3351//151 3352//152
f 3352//152 3351//151 3353//153
f 3352//152 3353//153 3354//154
f 3354//154 3353//153 3355//155
f 3354//154 3355//155 3356//156
f 3356//156 3355//155 3357//157
f 3356//156 3357//157 3358//158
f 3358//158 3357//157 3359//159
f 3358//158 3359//159 3360//160
f 3360//160 3359//159 3361//161
f 3360//160 3361//161 3362//162
f 3362//162 3361//161 3363//163
f 3362//162 3363//163 3364//164
f 3364//164 3363//163 3365//165
f 3364//164 3365//165 3366//166
f 3366//166 3365//165 3367//167
f 3366//166 3367//167 3368//168
f 3368//168 3367//167 3369//169
f 3368//168 3369//169 3370//170
f 3370//170 3369//169 3371//171
f 3370//170 3371//171 3372//172
f 3372//172 3371//171 3373//173
f 3372//172 3373//173 3374//174
f 3374//174 3373//173 3375//175
f 3374//174 3375//175 3376//176
f 3376//176 3375//175 3377//257
f 3376//176 3377//257 3378//258
f 3378//258 3377//257 3379//259
f 3378//258 3379//259 3380//260
f 3380//260 3379//259 3381//261
f 3380//260 3381//261 3382//182
f 3382//182 3381//261 3383//183
f 3382//182 3383//183 3384//184
f 3384//184 3383//183 3385//185
f 3384//184 3385//185 3386//186
f 3386//186 3385//185 3387//187
f 3386//186 3387//187 3388//188
f 3388//188 3387//187 3389//189
f 3388//188 3389//189 3390//190
f 3390//190 3389//189 3391//191
f 3390//190 3391//191 3392//192
f 3392//192 3391//191 3393//193
f 3392//192 3393//193 3394//194
f 3394//194 3393//193 3395//195
f 3394//194 3395//195 3396//196
f 3396//196 3395//195 3397//197
f 3396//196 3397//197 3398//198
f 3398//198 3397//197 3399//199
f 3398//198 3399//199 3400//200
f 3400//200 3399//199 3401//201
f 3400//200 3401//201 3402//202
f 3402//202 3401//201 3403//203
f 3402//202 3403//203 3404//204
f 3404//204 3403//203 3405//205
f 3404//204 3405//205 3406//206
f 3406//206 3405//205 3407//207
f 3406//206 3407//207 3408//208
f 3408//208 3407//207 3409//209
f 3408//208 3409//209 3410//210
f 3410//210 3409//209 3411//211
f 3410//210 3411//211 3412//212
f 3412//212 3411//211 3413//213
f 3412//212 3413//213 3414//214
f 3414//214 3413//213 3415//215
f 3414//214 3415//215 3416//216
f 3416//216 3415//215 3417//217
f 3416//216 3417//217 3418//218
f 3418//218 3417//217 3419//155
f 3418//218 3419//155 3420//156
f 3420//156 3419//155 3421//219
f 3420//156 3421//219 3422//220
f 3422//220 3421//219 3423//221
f 3422//220 3423//221 3424//222
f 3424//222 3423//221 3425//223
f 3424//222 3425//223 3426//224
f 3426//224 3425//223 3427//225
f 3426//224 3427//225 3428//226
f 3428//226 3427//225 3429//227
f 3428//226 3429//227 3430//228
f 3430//228 3429//227 3431//229
f 3430//228 3431//229 3432//230
f 3432//230 3431//229 3433//231
f 3432//230 3433//231 3434//232
f 3434//232 3433//231 3435//233
f 3434//232 3435//233 3436//234
f 3436//234 3435//233 3437//235
f 3436//234 3437//235 3438//236
f 3438//236 3437//235 3439//237
f 3438//236 3439//237 3440//238
f 3440//238 3439//237 3441//177
f 3440//238 3441//177 3442//178
f 3442//178 3441//177 3443//239
f 3442//178 3443//239 3444//240
f 3444//240 3443//239 3445//241
f 3444//240 3445//241 3446//242
f 3446//242 3445//241 3447//243
f 3446//242 3447//243 3448//244
f 3448//244 3447//243 3449//245
f 3448//244 3449//245 3450//246
f 3450//246 3449//245 3451//247
f 3450//246 3451//247 3452//248
f 3452//248 3451//247 3453//249
f 3452//248 3453//249 3454//250
f 3454//250 3453//249 3455//251
f 3454//250 3455//251 3456//252
f 3456//252 3455//251 3457//253
f 3456//252 3457//253 3458//254
f 3458//254 3457//253 3459//255
f 3458//254 3459//255 3460//256
f 3460//256 3459//255 3461//133
f 3460//256 3461//133 3462//134
f 3462//134 3461//133 3463//135
f 3462//134 3463//135 3464//136
f 3464//136 3463//135 3465//137
f 3464//136 3465//137 3466//138
f 3466//138 3465//137 3467//139
f 3466//138 3467//139 3468//140
f 3468//140 3467//139 3469//141
f 3468//140 3469//141 3470//142
f 3470//142 3469//141 3471//143
f 3470//142 3471//143 3472//144
f 3472//144 3471//143 3473//145
f 3472//144 3473//145 3474//146
f 3474//146 3473//145 3475//147
f 3474//146 3475//147 3476//148
f 3476//148 3475//147 3477//149
f 3476//148 3477//149 3478//150
f 3478//150 3477//149 3479//151
f 3478//150 3479//151 3480//152
f 3480//152 3479//151 3481//153
f 3480//152 3481//153 3482//154
f 3482//154 3481//153 3483//155
f 3482//154 3483//155 3484//156
f 3484//156 3483//155 3485//157
f 3484//156 3485//157 3486//158
f 3486//158 3485//157 3487//159
f 3486//158 3487//159 3488//160
f 3488//160 3487//159 3489//161
f 3488//160 3489//161 3490//162
f 3490//162 3489//161 3491//163
f 3490//162 3491//163 3492//164
f 3492//164 3491//163 3493//165
f 3492//164 3493//165 3494//166
f 3494//166 3493//165 3495//167
f 3494//166 3495//167 3496//168
f 3496//168 3495//167 3497//169
f 3496//168 3497//169 3498//170
f 3498//170 3497//169 3499//171
f 3498//170 3499//171 3500//172
f 3500//172 3499//171 3501//173
f 3500//172 3501//173 3502//174
f 3502//174 3501//173 3503//175
f 3502//174 3503//175 3504//176
f 3504//176 3503//175 3505//257
f 3504//176 3505//257 3506//258
f 3506//258 3505//257 3507//259
f 3506//258 3507//259 3508//260
f 3508//260 3507//259 3509//261
f 3508//260 3509//261 3510//182
f 3510//182 3509//261 3511//183
f 3510//182 3511//183 3512//184
f 3512//184 3511//183 3513//185
f 3512//184 3513//185 3514//186
f 3514//186 3513//185 3515//187
f 3514//186 3515//187 3516//188
f 3516//188 3515//187 3517//189
f 3516//188 3517//189 3518//190
f 3518//190 3517//189 3519//191
f 3518//190 3519//191 3520//192
f 3520//192 3519//191 3521//193
f 3520//192 3521//193 3522//194
f 3522//194 3521//193 3523//195
f 3522//194 3523//195 3524//196
f 3524//196 3523//195 3525//197
f 3524//196 3525//197 3526//198
f 3526//198 3525//197 3527//199
f 3526//198 3527//199 3528//200
f 3528//200 3527//199 3529//201
f 3528//200 3529//201 3530//202
f 3530//202 3529//201 3531//203
f 3530//202 3531//203 3532//204
f 3532//204 3531//203 3533//205
f 3532//204 3533//205 3534//206
f 3534//206 3533//205 3535//207
f 3534//206 3535//207 3536//208
f 3536//208 3535//207 3537//209
f 3536//208 3537//209 3538//210
f 3538//210 3537//209 3539//211
f 3538//210 3539//211 3540//212
f 3540//212 3539//211 3541//213
f 3540//212 3541//213 3542//214
f 3542//214 3541//213 3543//215
f 3542//214 3543//215 3544//216
f 3544//216 3543//215 3545//217
f 3544//216 3545//217 3546//218
f 3546//218 3545//217 3547//155
f 3546//218 3547//155 3548//156
f 3548//156 3547//155 3549//219
f 3548//156 3549//219 3550//220
f 3550//220 3549//219 3551//221
f 3550//220 3551//221 3552//222
f 3552//222 3551//221 3553//223
f 3552//222 3553//223 3554//224
f 3554//224 3553//223 3555//225
f 3554//224 3555//225 3556//226
f 3556//226 3555//225 3557//227
f 3556//226 3557//227 3558//228
f 3558//228 3557//227 3559//229
f 3558//228 3559//229 3560//230
f 3560//230 3559//229 3561//231
f 3560//230 3561//231 3562//232
f 3562//232 3561//231 3563//233
f 3562//232 3563//233 3564//234
f 3564//234 3563//233 3565//235
f 3564//234 3565//235 3566//236
f 3566//236 3565//235 3567//237
f 3566//236 3567//237 3568//238
f 3568//238 3567//237 3569//177
f 3568//238 3569//177 3570//178
f 3570//178 3569//177 3571//239
f 3570//178 3571//239 3572//240
f 3572//240 3571//239 3573//241
f 3572//240 3573//241 3574//242
f 3574//242 3573//241 3575//243
f 3574//242 3575//243 3576//244
f 3576//244 3575//243 3577//245
f 3576//244 3577//245 3578//246
f 3578//246 3577//245 3579//247
f 3578//246 3579//247 3580//248
f 3580//248 3579//247 3581//249
f 3580//248 3581//249 3582//250
f 3582//250 3581//249 3583//251
f 3582//250 3583//251 3584//252
f 3584//252 3583//251 3585//253
f 3584//252 3585//253 3586//254
f 3586//254 3585//253 3587//255
f 3586//254 3587//255 3588//256
f 3588//256 3587//255 3589//133
f 3588//256 3589//133 3590//134
f 3590//134 3589//133 3591//135
f 3590//134 3591//135 3592//136
f 3592//136 3591//135 3593//137
f 3592//136 3593//137 3594//138
f 3594//138 3593//137 3595//139
f 3594//138 3595//139 3596//140
f 3596//140 3595//139 3597//141
f 3596//140 3597//141 3598//142
f 3598//142 3597//141 3599//143
f 3598//142 3599//143 3600//144
f 3600//144 3599//143 3601//145
f 3600//144 3601//145 3602//146
f 3602//146 3601//145 3603//147
f 3602//146 3603//147 3604//148
f 3604//148 3603//147 3605//149
f 3604//148 3605//149 3606//150
f 3606//150 3605//149 3607//151
f 3606//150 3607//151 3608//152
f 3608//152 3607//151 3609//153
f 3608//152 3609//153 3610//154
f 3610//154 3609//153 3611//155
f 3610//154 3611//155 3612//156
f 3612//156 3611//155 3613//157
f 3612//156 3613//157 3614//158
f 3614//158 3613//157 3615//159
f 3614//158 3615//159 3616//160
f 3616//160 3615//159 3617//161
f 3616//160 3617//161 3618//162
f 3618//162 3617//161 3619//163
f 3618//162 3619//163 3620//164
f 3620//164 3619//163 3621//165
f 3620//164 3621//165 3622//166
f 3622//166 3621//165 3623//167
f 3622//166 3623//167 3624//168
f 3624//168 3623//167 3625//169
f 3624//168 3625//169 3626//170
f 3626//170 3625//169 3627//171
f 3626//170 3627//171 3628//172
f 3628//172 3627//171 3629//173
f 3628//172 3629//173 3630//174
f 3630//174 3629//173 3631//175
f 3630//174 3631//175 3632//176
f 3632//176 3631//175 3633//257
f 3632//176 3633//257 3634//258
f 3634//258 3633//257 3635//259
f 3634//258 3635//259 3636//260
f 3636//260 3635//259 3637//261
f 3636//260 3637//261 3638//182
f 3638//182 3637//261 3639//183
f 3638//182 3639//183 3640//184
f 3640//184 3639//183 3641//185
f 3640//184 3641//185 3642//186
f 3642//186 3641//185 3643//187
f 3642//186 3643//187 3644//188
f 3644//188 3643//187 3645//189
f 3644//188 3645//189 3646//190
f 3646//190 3645//189 3647//191
f 3646//190 3647//191 3648//192
f 3648//192 3647//191 3649//193
f 3648//192 3649//193 3650//262
f 3650//262 3649//193 3651//263
f 3650//262 3651//263 3652//264
f 3652//264 3651//263 3653//133
f 3652//264 3653//133 3654//134
f 3654//134 3653//133 3655//199
f 3654//134 3655//199 3656//200
f 3656//200 3655//199 3657//201
f 3656//200 3657//201 3658//202
f 3658//202 3657//201 3659//203
f 3658//202 3659//203 3660//204
f 3660//204 3659//203 3661//205
f 3660//204 3661//205 3662//206
f 3662//206 3661//205 3663//207
f 3662//206 3663//207 3664//208
f 3664//208 3663//207 3665//209
f 3664//208 3665//209 3666//210
f 3666//210 3665//209 3667//211
f 3666//210 3667//211 3668//212
f 3668//212 3667//211 3669//213
f 3668//212 3669//213 3670//214
f 3670//214 3669//213 3671//215
f 3670//214 3671//215 3672//216
f 3672//216 3671//215 3673//217
f 3672//216 3673//217 3674//218
f 3674//218 3673//217 3675//155
f 3674//218 3675//155 3676//156
f 3676//156 3675//155 3677//219
f 3676//156 3677//219 3678//220
f 3678//220 3677//219 3679//221
f 3678//220 3679//221 3680//222
f 3680//222 3679//221 3681//223
f 3680//222 3681//223 3682//224
f 3682//224 3681//223 3683//225
f 3682//224 3683//225 3684//226
f 3684//226 3683//225 3685//227
f 3684//226 3685//227 3686//228
f 3686//228 3685//227 3687//229
f 3686//228 3687//229 3688//230
f 3688//230 3687//229 3689//231
f 3688//230 3689//231 3690//232
f 3690//232 3689//231 3691//233
f 3690//232 3691//233 3692//234
f 3692//234 3691//233 3693//235
f 3692//234 3693//235 3694//236
f 3694//236 3693//235 3695//237
f 3694//236 3695//237 3696//238
f 3696//238 3695//237 3697//177
f 3696//238 3697//177 3698//178
f 3698//178 3697//177 3699//239
f 3698//178 3699//239 3700//240
f 3700//240 3699//239 3701//241
f 3700//240 3701//241 3702//242
f 3702//242 3701//241 3703//243
f 3702//242 3703//243 3704//244
f 3704//244 3703//243 3705//245
f 3704//244 3705//245 3706//246
f 3706//246 3705//245 3707//247
f 3706//246 3707//247 3708//248
f 3708//248 3707//247 3709//249
f 3708//248 3709//249 3710//250
f 3710//250 3709//249 3711//251
f 3710//250 3711//251 3712//252
f 3712//252 3711//251 3713//253
f 3712//252 3713//253 3714//254
f 3714//254 3713//253 3715//255
f 3714//254 3715//255 3716//256
f 3716//256 3715//255 3717//133
f 3716//256 3717//133 3718//134
f 3718//134 3717//133 3719//135
f 3718//134 3719//135 3720//136
f 3720//136 3719//135 3721//137
f 3720//136 3721//137 3722//138
f 3722//138 3721//137 3723//139
f 3722//138 3723//139 3724//140
f 3724//140 3723//139 3725//141
f 3724//140 3725//141 3726//142
f 3726//142 3725//141 3727//143
f 3726//142 3727//143 3728//144
f 3728//144 3727//143 3729//145
f 3728//144 3729//145 3730//146
f 3730//146 3729//145 3731//147
f 3730//146 3731//147 3732//148
f 3732//148 3731//147 3733//149
f 3732//148 3733//149 3734//150
f 3734//150 3733//149 3735//151
f 3734//150 3735//151 3736//152
f 3736//152 3735//151 3737//153
f 3736//152 3737//153 3738//154
f 3738//154 3737//153 3739//155
f 3738//154 3739//155 3740//156
f 3740//156 3739//155 3741//157
f 3740//156 3741//157 3742//158
f 3742//158 3741//157 3743//159
f 3742//158 3743//159 3744//160
f 3744//160 3743//159 3745//161
f 3744//160 3745//161 3746//162
f 3746//162 3745//161 3747//163
f 3746//162 3747//163 3748//164
f 3748//164 3747//163 3749//165
f 3748//164 3749//165 3750//166
f 3750//166 3749//165 3751//167
f 3750//166 3751//167 3752//168
f 3752//168 3751//167 3753//169
f 3752//168 3753//169 3754//170
f 3754//170 3753//169 3755//171
f 3754//170 3755//171 3756//172
f 3756//172 3755//171 3757//173
f 3756//172 3757//173 3758//174
f 3758//174 3757//173 3759//175
f 3758//174 3759//175 3760//176
f 3760//176 3759//175 3761//177
f 3760//176 3761//177 3762//178
f 3762//178 3761//177 3763//179
f 3762//178 3763//179 3764//180
f 3764//180 3763//179 3765//181
f 3764//180 3765//181 3766//182
f 3766//182 3765//181 3767//183
f 3766//182 3767//183 3768//184
f 3768//184 3767//183 3769//185
f 3768//184 3769//185 3770//186
f 3770//186 3769//185 3771//187
f 3770//186 3771//187 3772//188
f 3772//188 3771//187 3773//189
f 3772//188 3773//189 3774//190
f 3774//190 3773//189 3775//191
f 3774//190 3775//191 3776//192
f 3776//192 3775//191 3777//193
f 3776//192 3777//193 3778//194
f 3778//194 3777//193 3779//195
f 3778//194 3779//195 3780//196
f 3780//196 3779//195 3781//197
f 3780//196 3781//197 3782//198
f 3782//198 3781//197 3783//199
f 3782//198 3783//199 3784//200
f 3784//200 3783//199 3785//201
f 3784//200 3785//201 3786//202
f 3786//202 3785//201 3787//203
f 3786//202 3787//203 3788//204
f 3788//204 3787//203 3789//205
f 3788//204 3789//205 3790//206
f 3790//206 3789//205 3791//207
f 3790//206 3791//207 3792//208
f 3792//208 3791//207 3793//209
f 3792//208 3793//209 3794//210
f 3794//210 3793//209 3795//211
f 3794//210 3795//211 3796//212
f 3796//212 3795//211 3797//213
f 3796//212 3797//213 3798//214
f 3798//214 3797//213 3799//215
f 3798//214 3799//215 3800//216
f 3800//216 3799//215 3801//217
f 3800//216 3801//217 3802//218
f 3802//218 3801//217 3803//155
f 3802//218 3803//155 3804//156
f 3804//156 3803//155 3805//219
f 3804//156 3805//219 3806//220
f 3806//220 3805//219 3807//221
f 3806//220 3807//221 3808//222
f 3808//222 3807//221 3809//223
f 3808//222 3809//223 3810//224
f 3810//224 3809//223 3811//225
f 3810//224 3811//225 3812//226
f 3812//226 3811//225 3813//227
f 3812//226 3813//227 3814//228
f 3814//228 3813//227 3815//229
f 3814//228 3815//229 3816//230
f 3816//230 3815//229 3817//231
f 3816//230 3817//231 3818//232
f 3818//232 3817//231 3819//233
f 3818//232 3819//233 3820//234
f 3820//234 3819//233 3821//235
f 3820//234 3821//235 3822//236
f 3822//236 3821//235 3823//237
f 3822//236 3823//237 3824//238
f 3824//238 3823//237 3825//177
f 3824//238 3825//177 3826//178
f 3826//178 3825//177 3827//239
f 3826//178 3827//239 3828//240
f 3828//240 3827//239 3829//241
f 3828//240 3829//241 3830//242
f 3830//242 3829//241 3831//243
f 3830//242 3831//243 3832//244
f 3832//244 3831//243 3833//245
f 3832//244 3833//245 3834//246
f 3834//246 3833//245 3835//247
f 3834//246 3835//247 3836//248
f 3836//248 3835//247 3837//249
f 3836//248 3837//249 3838//250
f 3838//250 3837//249 3839//251
f 3838//250 3839//251 3840//252
f 3840//252 3839//251 3841//253
f 3840//252 3841//253 3842//254
f 3842//254 3841//253 3843//255
f 3842//254 3843//255 3844//256
f 3844//256 3843//255 3845//133
f 3844//256 3845//133 3846//134
f 3846//134 3845//133 3847//135
f 3846//134 3847//135 3848//136
f 3848//136 3847//135 3849//137
f 3848//136 3849//137 3850//138
f 3850//138 3849//137 3851//139
f 3850//138 3851//139 3852//140
f 3852//140 3851//139 3853//141
f 3852//140 3853//141 3854//142
f 3854//142 3853//141 3855//143
f 3854//142 3855//143 3856//144
f 3856//144 3855//143 3857//145
f 3856//144 3857//145 3858//146
f 3858//146 3857//145 3859//147
f 3858//146 3859//147 3860//148
f 3860//148 3859//147 3861//149
f 3860//148 3861//149 3862//150
f 3862//150 3861//149 3863//151
f 3862//150 3863//151 3864//152
f 3864//152 3863//151 3865//153
f 3864//152 3865//153 3866//154
f 3866//154 3865//153 3867//155
f 3866//154 3867//155 3868//156
f 3868//156 3867//155 3869//157
f 3868//156 3869//157 3870//158
f 3870//158 3869//157 3871//159
f 3870//158 3871//159 3872//160
f 3872//160 3871//159 3873//161
f 3872//160 3873//161 3874//162
f 3874//162 3873//161 3875//163
f 3874//162 3875//163 3876//164
f 3876//164 3875//163 3877//165
f 3876//164 3877//165 3878//166
f 3878//166 3877//165 3879//167
f 3878//166 3879//167 3880//168
f 3880//168 3879//167 3881//169
f 3880//168 3881//169 3882//170
f 3882//170 3881//169 3883//171
f 3882//170 3883//171 3884//172
f 3884//172 3883//171 3885//173
f 3884//172 3885//173 3886//174
f 3886//174 3885//173 3887//175
f 3886//174 3887//175 3888//176
f 3888//176 3887//175 3889//177
f 3888//176 3889//177 3890//178
f 3890//178 3889//177 3891//179
f 3890//178 3891//179 3892//180
f 3892//180 3891//179 3893//181
f 3892//180 3893//181 3894//182
f 3894//182 3893//181 3895//183
f 3894//182 3895//183 3896//184
f 3896//184 3895//183 3897//185
f 3896//184 3897//185 3898//186
f 3898//186 3897//185 3899//187
f 3898//186 3899//187 3900//188
f 3900//188 3899//187 3901//189
f 3900//188 3901//189 3902//190
f 3902//190 3901//189 3903//191
f 3902//190 3903//191 3904//192
f 3904//192 3903//191 3905//193
f 3904//192 3905//193 3906//194
f 3906//194 3905//193 3907//195
f 3906//194 3907//195 3908//196
f 3908//196 3907//195 3909//197
f 3908//196 3909//197 3910//198
f 3910//198 3909//197 3911//199
f 3910//198 3911//199 3912//200
f 3912//200 3911//199 3913//201
f 3912//200 3913//201 3914//202
f 3914//202 3913//201 3915//203
f 3914//202 3915//203 3916//204
f 3916//204 3915//203 3917//205
f 3916//204 3917//205 3918//206
f 3918//206 3917//205 3919//207
f 3918//206 3919//207 3920//208
f 3920//208 3919//207 3921//209
f 3920//208 3921//209 3922//210
f 3922//210 3921//209 3923//211
f 3922//210 3923//211 3924//212
f 3924//212 3923//211 3925//213
f 3924//212 3925//213 3926//214
f 3926//214 3925//213 3927//215
f 3926//214 3927//215 3928//216
f 3928//216 3927//215 3929//217
f 3928//216 3929//217 3930//218
f 3930//218 3929//217 3931//155
f 3930//218 3931//155 3932//156
f 3932//156 3931//155 3933//219
f 3932//156 3933//219 3934//220
f 3934//220 3933//219 3935//221
f 3934//220 3935//221 3936//222
f 3936//222 3935//221 3937//223
f 3936//222 3937//223 3938//224
f 3938//224 3937//223 3939//225
f 3938//224 3939//225 3940//226
f 3940//226 3939//225 3941//227
f 3940//226 3941//227 3942//228
f 3942//228 3941//227 3943//229
f 3942//228 3943//229 3944//230
f 3944//230 3943//229 3945//231
f 3944//230 3945//231 3946//232
f 3946//232 3945//231 3947//233
f 3946//232 3947//233 3948//234
f 3948//234 3947//233 3949//235
f 3948//234 3949//235 3950//236
f 3950//236 3949//235 3951//237
f 3950//236 3951//237 3952//238
f 3952//238 3951//237 3953//177
f 3952//238 3953//177 3954//178
f 3954//178 3953//177 3955//239
f 3954//178 3955//239 3956//240
f 3956//240 3955//239 3957//241
f 3956//240 3957//241 3958//242
f 3958//242 3957//241 3959//243
f 3958//242 3959//243 3960//244
f 3960//244 3959//243 3961//245
f 3960//244 3961//245 3962//246
f 3962//246 3961//245 3963//247
f 3962//246 3963//247 3964//248
f 3964//248 3963//247 3965//249
f 3964//248 3965//249 3966//250
f 3966//250 3965//249 3967//251
f 3966//250 3967//251 3968//252
f 3968//252 3967//251 3969//253
f 3968//252 3969//253 3970//254
f 3970//254 3969//253 3971//255
f 3970//254 3971//255 3972//256
f 3972//256 3971//255 3973//133
f 3972//256 3973//133 3974//134
f 3974//134 3973//133 3975//135
f 3974//134 3975//135 3976//136
f 3976//136 3975//135 3977//137
f 3976//136 3977//137 3978//138
f 3978//138 3977//137 3979//139
f 3978//138 3979//139 3980//140
f 3980//140 3979//139 3981//141
f 3980//140 3981//141 3982//142
f 3982//142 3981//141 3983//143
f 3982//142 3983//143 3984//144
f 3984//144 3983//143 3985//145
f 3984//144 3985//145 3986//146
f 3986//146 3985//145 3987//147
f 3986//146 3987//147 3988//148
f 3988//148 3987//147 3989//149
f 3988//148 3989//149 3990//150
f 3990//150 3989//149 3991//151
f 3990//150 3991//151 3992//152
f 3992//152 3991//151 3993//153
f 3992//152 3993//153 3994//154
f 3994//154 3993//153 3995//155
f 3994//154 3995//155 3996//156
f 3996//156 3995//155 3997//157
f 3996//156 3997//157 3998//158
f 3998//158 3997//157 3999//159
f 3998//158 3999//159 4000//160
f 4000//160 3999//159 4001//161
f 4000//160 4001//161 4002//162
f 4002//162 4001//161 4003//163
f 4002//162 4003//163 4004//164
f 4004//164 4003//163 4005//165
f 4004//164 4005//165 4006//166
f 4006//166 4005//165 4007//167
f 4006//166 4007//167 4008//168
f 4008//168 4007//167 4009//169
f 4008//168 4009//169 4010//170
f 4010//170 4009//169 4011//171
f 4010//170 4011//171 4012//172
f 4012//172 4011//171 4013//173
f 4012//172 4013//173 4014//174
f 4014//174 4013//173 4015//175
f 4014//174 4015//175 4016//176
f 4016//176 4015//175 4017//257
f 4016//176 4017//257 4018//258
f 4018//258 4017//257 4019//259
f 4018//258 4019//259 4020//260
f 4020//260 4019//259 4021//261
f 4020//260 4021//261 4022//182
f 4022//182 4021//261 4023//183
f 4022//182 4023//183 4024//184
f 4024//184 4023//183 4025//185
f 4024//184 4025//185 4026//186
f 4026//186 4025//185 4027//187
f 4026//186 4027//187 4028//188
f 4028//188 4027//187 4029//189
f 4028//188 4029//189 4030//190
f 4030//190 4029//189 4031//191
f 4030//190 4031//191 4032//192
f 4032//192 4031//191 4033//193
f 4032//192 4033//193 4034//194
f 4034//194 4033//193 4035//195
f 4034//194 4035//195 4036//196
f 4036//196 4035//195 4037//197
f 4036//196 4037//197 4038//198
f 4038//198 4037//197 4039//199
f 4038//198 4039//199 4040//200
f 4040//200 4039//199 4041//201
f 4040//200 4041//201 4042//202
f 4042//202 4041//201 4043//203
f 4042//202 4043//203 4044//204
f 4044//204 4043//203 4045//205
f 4044//204 4045//205 4046//206
f 4046//206 4045//205 4047//207
f 4046//206 4047//207 4048//208
f 4048//208 4047//207 4049//209
f 4048//208 4049//209 4050//210
f 4050//210 4049//209 4051//211
f 4050//210 4051//211 4052//212
f 4052//212 4051//211 4053//213
f 4052//212 4053//213 4054//214
f 4054//214 4053//213 4055//215
f 4054//214 4055//215 4056//216
f 4056//216 4055//215 4057//217
f 4056//216 4057//217 4058//218
f 4058//218 4057//217 4059//155
f 4058//218 4059//155 4060//156
f 4060//156 4059//155 4061//219
f 4060//156 4061//219 4062//220
f 4062//220 4061//219 4063//221
f 4062//220 4063//221 4064//222
f 4064//222 4063//221 4065//223
f 4064//222 4065//223 4066//224
f 4066//224 4065//223 4067//225
f 4066//224 4067//225 4068//226
f 4068//226 4067//225 4069//227
f 4068//226 4069//227 4070//228
f 4070//228 4069//227 4071//229
f 4070//228 4071//229 4072//230
f 4072//230 4071//229 4073//231
f 4072//230 4073//231 4074//232
f 4074//232 4073//231 4075//233
f 4074//232 4075//233 4076//234
f 4076//234 4075//233 4077//235
f 4076//234 4077//235 4078//236
f 4078//236 4077//235 4079//237
f 4078//236 4079//237 4080//238
f 4080//238 4079//237 4081//177
f 4080//238 4081//177 4082//178
f 4082//178 4081//177 4083//239
f 4082//178 4083//239 4084//240
f 4084//240 4083//239 4085//241
f 4084//240 4085//241 4086//242
f 4086//242 4085//241 4087//243
f 4086//242 4087//243 4088//244
f 4088//244 4087//243 4089//245
f 4088//244 4089//245 4090//246
f 4090//246 4089//245 4091//247
f 4090//246 4091//247 4092//248
f 4092//248 4091//247 4093//249
f 4092//248 4093//249 4094//250
f 4094//250 4093//249 4095//251
f 4094//250 4095//251 4096//252
f 4096//252 4095//251 4097//253
f 4096//252 4097//253 4098//254
f 4098//254 4097//253 4099//255
f 4098//254 4099//255 4100//256
f 4100//256 4099//255 4101//133
f 4100//256 4101//133 4102//134
f 4102//134 4101//133 4103//135
f 4102//134 4103//135 4104//136
f 4104//136 4103//135 4105//137
f 4104//136 4105//137 4106//138
f 4106//138 4105//137 4107//139
f 4106//138 4107//139 4108//140
f 4108//140 4107//139 4109//141
f 4108//140 4109//141 4110//142
f 4110//142 4109//141 4111//143
f 4110//142 4111//143 4112//144
f 4112//144 4111//143 4113//145
f 4112//144 4113//145 4114//146
f 4114//146 4113//145 4115//147
f 4114//146 4115//147 4116//148
f 4116//148 4115//147 4117//149
f 4116//148 4117//149 4118//150
f 4118//150 4117//149 4119//151
f 4118//150 4119//151 4120//152
f 4120//152 4119//151 4121//153
f 4120//152 4121//153 4122//154
f 4122//154 4121//153 4123//155
f 4122//154 4123//155 4124//156
f 4124//156 4123//155 4125//157
f 4124//156 4125//157 4126//158
f 4126//158 4125//157 4127//159
f 4126//158 4127//159 4128//160
f 4128//160 4127//159 4129//161
f 4128//160 4129//161 4130//162
f 4130//162 4129//161 4131//163
f 4130//162 4131//163 4132//164
f 4132//164 4131//163 4133//165
f 4132//164 4133//165 4134//166
f 4134//166 4133//165 4135//167
f 4134//166 4135//167 4136//168
f 4136//168 4135//167 4137//169
f 4136//168 4137//169 4138//170
f 4138//170 4137//169 4139//171
f 4138//170 4139//171 4140//172
f 4140//172 4139//171 4141//173
f 4140//172 4141//173 4142//174
f 4142//174 4141//173 4143//175
f 4142//174 4143//175 4144//176
f 4144//176 4143//175 4145//257
f 4144//176 4145//257 4146//258
f 4146//258 4145//257 4147//259
f 4146//258 4147//259 4148//260
f 4148//260 4147//259 4149//261
f 4148//260 4149//261 4150//182
f 4150//182 4149//261 4151//183
f 4150//182 4151//183 4152//184
f 4152//184 4151//183 4153//185
f 4152//184 4153//185 4154//186
f 4154//186 4153//185 4155//187
f 4154//186 4155//187 4156//188
f 4156//188 4155//187 4157//189
f 4156//188 4157//189 4158//190
f 4158//190 4157//189 4159//191
f 4158//190 4159//191 4160//192
f 4160//192 4159//191 4161//193
f 4160//192 4161//193 4162//194
f 4162//194 4161//193 4163//195
f 4162//194 4163//195 4164//196
f 4164//196 4163//195 4165//197
f 4164//196 4165//197 4166//198
f 4166//198 4165//197 4167//199
f 4166//198 4167//199 4168//200
f 4168//200 4167//199 4169//201
f 4168//200 4169//201 4170//202
f 4170//202 4169//201 4171//203
f 4170//202 4171//203 4172//204
f 4172//204 4171//203 4173//205
f 4172//204 4173//205 4174//206
f 4174//206 4173//205 4175//207
f 4174//206 4175//207 4176//208
f 4176//208 4175//207 4177//209
f 4176//208 4177//209 4178//210
f 4178//210 4177//209 4179//211
f 4178//210 4179//211 4180//212
f 4180//212 4179//211 4181//213
f 4180//212 4181//213 4182//214
f 4182//214 4181//213 4183//215
f 4182//214 4183//215 4184//216
f 4184//216 4183//215 4185//217
f 4184//216 4185//217 4186//218
f 4186//218 4185//217 4187//155
f 4186//218 4187//155 4188//156
f 4188//156 4187//155 4189//219
f 4188//156 4189//219 4190//220
f 4190//220 4189//219 4191//221
f 4190//220 4191//221 4192//222
f 4192//222 4191//221 4193//223
f 4192//222 4193//223 4194//224
f 4194//224 4193//223 4195//225
f 4194//224 4195//225 4196//226
f 4196//226 4195//225 4197//227
f 4196//226 4197//227 4198//228
f 4198//228 4197//227 4199//229
f 4198//228 4199//229 4200//230
f 4200//230 4199//229 4201//231
f 4200//230 4201//231 4202//232
f 4202//232 4201//231 4203//233
f 4202//232 4203//233 4204//234
f 4204//234 4203//233 4205//235
f 4204//234 4205//235 4206//236
f 4206//236 4205//235 4207//237
f 4206//236 4207//237 4208//238
f 4208//238 4207//237 4209//177
f 4208//238 4209//177 4210//178
f 4210//178 4209//177 4211//239
f 4210//178 4211//239 4212//240
f 4212//240 4211//239 4213//241
f 4212//240 4213//241 4214//242
f 4214//242 4213//241 4215//243
f 4214//242 4215//243 4216//244
f 4216//244 4215//243 4217//245
f 4216//244 4217//245 4218//246
f 4218//246 4217//245 4219//247
f 4218//246 4219//247 4220//248
f 4220//248 4219//247 4221//249
f 4220//248 4221//249 4222//250
f 4222//250 4221//249 4223//251
f 4222//250 4223//251 4224//252
f 4224//252 4223//251 4225//253
f 4224//252 4225//253 4226//254
f 4226//254 4225//253 4227//265
f 4226//254 4227//265 4228//266
