# Botball Lab: metres, +Y up, centred XZ, base Y=0
mtllib metal_001.mtl
s off
v 0.0063500 0.0000000 -0.1143000
v 0.0063500 0.0000000 -0.1130369
v 0.0021577 0.0000000 -0.1138708
v 0.0022000 0.0000000 -0.1143000
v 0.0063500 0.0015000 -0.1143000
v 0.0022000 0.0015000 -0.1143000
v 0.0021577 0.0015000 -0.1138708
v 0.0063500 0.0015000 -0.1130369
v 0.0063500 0.0000000 -0.1116697
v 0.0020325 0.0000000 -0.1134581
v 0.0020325 0.0015000 -0.1134581
v 0.0063500 0.0015000 -0.1116697
v 0.0063500 0.0000000 -0.1100571
v 0.0018292 0.0000000 -0.1130777
v 0.0018292 0.0015000 -0.1130777
v 0.0063500 0.0015000 -0.1100571
v 0.0063500 0.0000000 -0.1079500
v 0.0015556 0.0000000 -0.1127444
v 0.0015556 0.0015000 -0.1127444
v 0.0063500 0.0015000 -0.1079500
v 0.0042429 0.0000000 -0.1079500
v 0.0012223 0.0000000 -0.1124708
v 0.0012223 0.0015000 -0.1124708
v 0.0042429 0.0015000 -0.1079500
v 0.0026303 0.0000000 -0.1079500
v 0.0008419 0.0000000 -0.1122675
v 0.0008419 0.0015000 -0.1122675
v 0.0026303 0.0015000 -0.1079500
v 0.0012631 0.0000000 -0.1079500
v 0.0004292 0.0000000 -0.1121423
v 0.0004292 0.0015000 -0.1121423
v 0.0012631 0.0015000 -0.1079500
v -0.0000000 0.0000000 -0.1079500
v -0.0000000 0.0000000 -0.1121000
v -0.0000000 0.0015000 -0.1121000
v -0.0000000 0.0015000 -0.1079500
v -0.0012631 0.0000000 -0.1079500
v -0.0004292 0.0000000 -0.1121423
v -0.0004292 0.0015000 -0.1121423
v -0.0012631 0.0015000 -0.1079500
v -0.0026303 0.0000000 -0.1079500
v -0.0008419 0.0000000 -0.1122675
v -0.0008419 0.0015000 -0.1122675
v -0.0026303 0.0015000 -0.1079500
v -0.0042429 0.0000000 -0.1079500
v -0.0012223 0.0000000 -0.1124708
v -0.0012223 0.0015000 -0.1124708
v -0.0042429 0.0015000 -0.1079500
v -0.0063500 0.0000000 -0.1079500
v -0.0015556 0.0000000 -0.1127444
v -0.0015556 0.0015000 -0.1127444
v -0.0063500 0.0015000 -0.1079500
v -0.0063500 0.0000000 -0.1100571
v -0.0018292 0.0000000 -0.1130777
v -0.0018292 0.0015000 -0.1130777
v -0.0063500 0.0015000 -0.1100571
v -0.0063500 0.0000000 -0.1116697
v -0.0020325 0.0000000 -0.1134581
v -0.0020325 0.0015000 -0.1134581
v -0.0063500 0.0015000 -0.1116697
v -0.0063500 0.0000000 -0.1130369
v -0.0021577 0.0000000 -0.1138708
v -0.0021577 0.0015000 -0.1138708
v -0.0063500 0.0015000 -0.1130369
v -0.0063500 0.0000000 -0.1143000
v -0.0022000 0.0000000 -0.1143000
v -0.0022000 0.0015000 -0.1143000
v -0.0063500 0.0015000 -0.1143000
v -0.0063500 0.0000000 -0.1155631
v -0.0021577 0.0000000 -0.1147292
v -0.0021577 0.0015000 -0.1147292
v -0.0063500 0.0015000 -0.1155631
v -0.0063500 0.0000000 -0.1169303
v -0.0020325 0.0000000 -0.1151419
v -0.0020325 0.0015000 -0.1151419
v -0.0063500 0.0015000 -0.1169303
v -0.0063500 0.0000000 -0.1185429
v -0.0018292 0.0000000 -0.1155223
v -0.0018292 0.0015000 -0.1155223
v -0.0063500 0.0015000 -0.1185429
v -0.0063500 0.0000000 -0.1206500
v -0.0015556 0.0000000 -0.1158556
v -0.0015556 0.0015000 -0.1158556
v -0.0063500 0.0015000 -0.1206500
v -0.0042429 0.0000000 -0.1206500
v -0.0012223 0.0000000 -0.1161292
v -0.0012223 0.0015000 -0.1161292
v -0.0042429 0.0015000 -0.1206500
v -0.0026303 0.0000000 -0.1206500
v -0.0008419 0.0000000 -0.1163325
v -0.0008419 0.0015000 -0.1163325
v -0.0026303 0.0015000 -0.1206500
v -0.0012631 0.0000000 -0.1206500
v -0.0004292 0.0000000 -0.1164577
v -0.0004292 0.0015000 -0.1164577
v -0.0012631 0.0015000 -0.1206500
v -0.0000000 0.0000000 -0.1206500
v -0.0000000 0.0000000 -0.1165000
v -0.0000000 0.0015000 -0.1165000
v -0.0000000 0.0015000 -0.1206500
v 0.0012631 0.0000000 -0.1206500
v 0.0004292 0.0000000 -0.1164577
v 0.0004292 0.0015000 -0.1164577
v 0.0012631 0.0015000 -0.1206500
v 0.0026303 0.0000000 -0.1206500
v 0.0008419 0.0000000 -0.1163325
v 0.0008419 0.0015000 -0.1163325
v 0.0026303 0.0015000 -0.1206500
v 0.0042429 0.0000000 -0.1206500
v 0.0012223 0.0000000 -0.1161292
v 0.0012223 0.0015000 -0.1161292
v 0.0042429 0.0015000 -0.1206500
v 0.0063500 0.0000000 -0.1206500
v 0.0015556 0.0000000 -0.1158556
v 0.0015556 0.0015000 -0.1158556
v 0.0063500 0.0015000 -0.1206500
v 0.0063500 0.0000000 -0.1185429
v 0.0018292 0.0000000 -0.1155223
v 0.0018292 0.0015000 -0.1155223
v 0.0063500 0.0015000 -0.1185429
v 0.0063500 0.0000000 -0.1169303
v 0.0020325 0.0000000 -0.1151419
v 0.0020325 0.0015000 -0.1151419
v 0.0063500 0.0015000 -0.1169303
v 0.0063500 0.0000000 -0.1155631
v 0.0021577 0.0000000 -0.1147292
v 0.0021577 0.0015000 -0.1147292
v 0.0063500 0.0015000 -0.1155631
v 0.0063500 0.0000000 -0.1016000
v 0.0063500 0.0000000 -0.1003369
v 0.0021577 0.0000000 -0.1011708
v 0.0022000 0.0000000 -0.1016000
v 0.0063500 0.0015000 -0.1016000
v 0.0022000 0.0015000 -0.1016000
v 0.0021577 0.0015000 -0.1011708
v 0.0063500 0.0015000 -0.1003369
v 0.0063500 0.0000000 -0.0989697
v 0.0020325 0.0000000 -0.1007581
v 0.0020325 0.0015000 -0.1007581
v 0.0063500 0.0015000 -0.0989697
v 0.0063500 0.0000000 -0.0973571
v 0.0018292 0.0000000 -0.1003777
v 0.0018292 0.0015000 -0.1003777
v 0.0063500 0.0015000 -0.0973571
v 0.0063500 0.0000000 -0.0952500
v 0.0015556 0.0000000 -0.1000444
v 0.0015556 0.0015000 -0.1000444
v 0.0063500 0.0015000 -0.0952500
v 0.0042429 0.0000000 -0.0952500
v 0.0012223 0.0000000 -0.0997708
v 0.0012223 0.0015000 -0.0997708
v 0.0042429 0.0015000 -0.0952500
v 0.0026303 0.0000000 -0.0952500
v 0.0008419 0.0000000 -0.0995675
v 0.0008419 0.0015000 -0.0995675
v 0.0026303 0.0015000 -0.0952500
v 0.0012631 0.0000000 -0.0952500
v 0.0004292 0.0000000 -0.0994423
v 0.0004292 0.0015000 -0.0994423
v 0.0012631 0.0015000 -0.0952500
v -0.0000000 0.0000000 -0.0952500
v -0.0000000 0.0000000 -0.0994000
v -0.0000000 0.0015000 -0.0994000
v -0.0000000 0.0015000 -0.0952500
v -0.0012631 0.0000000 -0.0952500
v -0.0004292 0.0000000 -0.0994423
v -0.0004292 0.0015000 -0.0994423
v -0.0012631 0.0015000 -0.0952500
v -0.0026303 0.0000000 -0.0952500
v -0.0008419 0.0000000 -0.0995675
v -0.0008419 0.0015000 -0.0995675
v -0.0026303 0.0015000 -0.0952500
v -0.0042429 0.0000000 -0.0952500
v -0.0012223 0.0000000 -0.0997708
v -0.0012223 0.0015000 -0.0997708
v -0.0042429 0.0015000 -0.0952500
v -0.0063500 0.0000000 -0.0952500
v -0.0015556 0.0000000 -0.1000444
v -0.0015556 0.0015000 -0.1000444
v -0.0063500 0.0015000 -0.0952500
v -0.0063500 0.0000000 -0.0973571
v -0.0018292 0.0000000 -0.1003777
v -0.0018292 0.0015000 -0.1003777
v -0.0063500 0.0015000 -0.0973571
v -0.0063500 0.0000000 -0.0989697
v -0.0020325 0.0000000 -0.1007581
v -0.0020325 0.0015000 -0.1007581
v -0.0063500 0.0015000 -0.0989697
v -0.0063500 0.0000000 -0.1003369
v -0.0021577 0.0000000 -0.1011708
v -0.0021577 0.0015000 -0.1011708
v -0.0063500 0.0015000 -0.1003369
v -0.0063500 0.0000000 -0.1016000
v -0.0022000 0.0000000 -0.1016000
v -0.0022000 0.0015000 -0.1016000
v -0.0063500 0.0015000 -0.1016000
v -0.0063500 0.0000000 -0.1028631
v -0.0021577 0.0000000 -0.1020292
v -0.0021577 0.0015000 -0.1020292
v -0.0063500 0.0015000 -0.1028631
v -0.0063500 0.0000000 -0.1042303
v -0.0020325 0.0000000 -0.1024419
v -0.0020325 0.0015000 -0.1024419
v -0.0063500 0.0015000 -0.1042303
v -0.0063500 0.0000000 -0.1058429
v -0.0018292 0.0000000 -0.1028223
v -0.0018292 0.0015000 -0.1028223
v -0.0063500 0.0015000 -0.1058429
v -0.0015556 0.0000000 -0.1031556
v -0.0015556 0.0015000 -0.1031556
v -0.0012223 0.0000000 -0.1034292
v -0.0012223 0.0015000 -0.1034292
v -0.0008419 0.0000000 -0.1036325
v -0.0008419 0.0015000 -0.1036325
v -0.0004292 0.0000000 -0.1037577
v -0.0004292 0.0015000 -0.1037577
v -0.0000000 0.0000000 -0.1038000
v -0.0000000 0.0015000 -0.1038000
v 0.0004292 0.0000000 -0.1037577
v 0.0004292 0.0015000 -0.1037577
v 0.0008419 0.0000000 -0.1036325
v 0.0008419 0.0015000 -0.1036325
v 0.0012223 0.0000000 -0.1034292
v 0.0012223 0.0015000 -0.1034292
v 0.0015556 0.0000000 -0.1031556
v 0.0015556 0.0015000 -0.1031556
v 0.0063500 0.0000000 -0.1058429
v 0.0018292 0.0000000 -0.1028223
v 0.0018292 0.0015000 -0.1028223
v 0.0063500 0.0015000 -0.1058429
v 0.0063500 0.0000000 -0.1042303
v 0.0020325 0.0000000 -0.1024419
v 0.0020325 0.0015000 -0.1024419
v 0.0063500 0.0015000 -0.1042303
v 0.0063500 0.0000000 -0.1028631
v 0.0021577 0.0000000 -0.1020292
v 0.0021577 0.0015000 -0.1020292
v 0.0063500 0.0015000 -0.1028631
v 0.0063500 0.0000000 -0.0889000
v 0.0063500 0.0000000 -0.0876369
v 0.0021577 0.0000000 -0.0884708
v 0.0022000 0.0000000 -0.0889000
v 0.0063500 0.0015000 -0.0889000
v 0.0022000 0.0015000 -0.0889000
v 0.0021577 0.0015000 -0.0884708
v 0.0063500 0.0015000 -0.0876369
v 0.0063500 0.0000000 -0.0862697
v 0.0020325 0.0000000 -0.0880581
v 0.0020325 0.0015000 -0.0880581
v 0.0063500 0.0015000 -0.0862697
v 0.0063500 0.0000000 -0.0846571
v 0.0018292 0.0000000 -0.0876777
v 0.0018292 0.0015000 -0.0876777
v 0.0063500 0.0015000 -0.0846571
v 0.0063500 0.0000000 -0.0825500
v 0.0015556 0.0000000 -0.0873444
v 0.0015556 0.0015000 -0.0873444
v 0.0063500 0.0015000 -0.0825500
v 0.0042429 0.0000000 -0.0825500
v 0.0012223 0.0000000 -0.0870708
v 0.0012223 0.0015000 -0.0870708
v 0.0042429 0.0015000 -0.0825500
v 0.0026303 0.0000000 -0.0825500
v 0.0008419 0.0000000 -0.0868675
v 0.0008419 0.0015000 -0.0868675
v 0.0026303 0.0015000 -0.0825500
v 0.0012631 0.0000000 -0.0825500
v 0.0004292 0.0000000 -0.0867423
v 0.0004292 0.0015000 -0.0867423
v 0.0012631 0.0015000 -0.0825500
v -0.0000000 0.0000000 -0.0825500
v -0.0000000 0.0000000 -0.0867000
v -0.0000000 0.0015000 -0.0867000
v -0.0000000 0.0015000 -0.0825500
v -0.0012631 0.0000000 -0.0825500
v -0.0004292 0.0000000 -0.0867423
v -0.0004292 0.0015000 -0.0867423
v -0.0012631 0.0015000 -0.0825500
v -0.0026303 0.0000000 -0.0825500
v -0.0008419 0.0000000 -0.0868675
v -0.0008419 0.0015000 -0.0868675
v -0.0026303 0.0015000 -0.0825500
v -0.0042429 0.0000000 -0.0825500
v -0.0012223 0.0000000 -0.0870708
v -0.0012223 0.0015000 -0.0870708
v -0.0042429 0.0015000 -0.0825500
v -0.0063500 0.0000000 -0.0825500
v -0.0015556 0.0000000 -0.0873444
v -0.0015556 0.0015000 -0.0873444
v -0.0063500 0.0015000 -0.0825500
v -0.0063500 0.0000000 -0.0846571
v -0.0018292 0.0000000 -0.0876777
v -0.0018292 0.0015000 -0.0876777
v -0.0063500 0.0015000 -0.0846571
v -0.0063500 0.0000000 -0.0862697
v -0.0020325 0.0000000 -0.0880581
v -0.0020325 0.0015000 -0.0880581
v -0.0063500 0.0015000 -0.0862697
v -0.0063500 0.0000000 -0.0876369
v -0.0021577 0.0000000 -0.0884708
v -0.0021577 0.0015000 -0.0884708
v -0.0063500 0.0015000 -0.0876369
v -0.0063500 0.0000000 -0.0889000
v -0.0022000 0.0000000 -0.0889000
v -0.0022000 0.0015000 -0.0889000
v -0.0063500 0.0015000 -0.0889000
v -0.0063500 0.0000000 -0.0901631
v -0.0021577 0.0000000 -0.0893292
v -0.0021577 0.0015000 -0.0893292
v -0.0063500 0.0015000 -0.0901631
v -0.0063500 0.0000000 -0.0915303
v -0.0020325 0.0000000 -0.0897419
v -0.0020325 0.0015000 -0.0897419
v -0.0063500 0.0015000 -0.0915303
v -0.0063500 0.0000000 -0.0931429
v -0.0018292 0.0000000 -0.0901223
v -0.0018292 0.0015000 -0.0901223
v -0.0063500 0.0015000 -0.0931429
v -0.0015556 0.0000000 -0.0904556
v -0.0015556 0.0015000 -0.0904556
v -0.0012223 0.0000000 -0.0907292
v -0.0012223 0.0015000 -0.0907292
v -0.0008419 0.0000000 -0.0909325
v -0.0008419 0.0015000 -0.0909325
v -0.0004292 0.0000000 -0.0910577
v -0.0004292 0.0015000 -0.0910577
v -0.0000000 0.0000000 -0.0911000
v -0.0000000 0.0015000 -0.0911000
v 0.0004292 0.0000000 -0.0910577
v 0.0004292 0.0015000 -0.0910577
v 0.0008419 0.0000000 -0.0909325
v 0.0008419 0.0015000 -0.0909325
v 0.0012223 0.0000000 -0.0907292
v 0.0012223 0.0015000 -0.0907292
v 0.0015556 0.0000000 -0.0904556
v 0.0015556 0.0015000 -0.0904556
v 0.0063500 0.0000000 -0.0931429
v 0.0018292 0.0000000 -0.0901223
v 0.0018292 0.0015000 -0.0901223
v 0.0063500 0.0015000 -0.0931429
v 0.0063500 0.0000000 -0.0915303
v 0.0020325 0.0000000 -0.0897419
v 0.0020325 0.0015000 -0.0897419
v 0.0063500 0.0015000 -0.0915303
v 0.0063500 0.0000000 -0.0901631
v 0.0021577 0.0000000 -0.0893292
v 0.0021577 0.0015000 -0.0893292
v 0.0063500 0.0015000 -0.0901631
v 0.0063500 0.0000000 -0.0762000
v 0.0063500 0.0000000 -0.0749369
v 0.0021577 0.0000000 -0.0757708
v 0.0022000 0.0000000 -0.0762000
v 0.0063500 0.0015000 -0.0762000
v 0.0022000 0.0015000 -0.0762000
v 0.0021577 0.0015000 -0.0757708
v 0.0063500 0.0015000 -0.0749369
v 0.0063500 0.0000000 -0.0735697
v 0.0020325 0.0000000 -0.0753581
v 0.0020325 0.0015000 -0.0753581
v 0.0063500 0.0015000 -0.0735697
v 0.0063500 0.0000000 -0.0719571
v 0.0018292 0.0000000 -0.0749777
v 0.0018292 0.0015000 -0.0749777
v 0.0063500 0.0015000 -0.0719571
v 0.0063500 0.0000000 -0.0698500
v 0.0015556 0.0000000 -0.0746444
v 0.0015556 0.0015000 -0.0746444
v 0.0063500 0.0015000 -0.0698500
v 0.0042429 0.0000000 -0.0698500
v 0.0012223 0.0000000 -0.0743708
v 0.0012223 0.0015000 -0.0743708
v 0.0042429 0.0015000 -0.0698500
v 0.0026303 0.0000000 -0.0698500
v 0.0008419 0.0000000 -0.0741675
v 0.0008419 0.0015000 -0.0741675
v 0.0026303 0.0015000 -0.0698500
v 0.0012631 0.0000000 -0.0698500
v 0.0004292 0.0000000 -0.0740423
v 0.0004292 0.0015000 -0.0740423
v 0.0012631 0.0015000 -0.0698500
v -0.0000000 0.0000000 -0.0698500
v -0.0000000 0.0000000 -0.0740000
v -0.0000000 0.0015000 -0.0740000
v -0.0000000 0.0015000 -0.0698500
v -0.0012631 0.0000000 -0.0698500
v -0.0004292 0.0000000 -0.0740423
v -0.0004292 0.0015000 -0.0740423
v -0.0012631 0.0015000 -0.0698500
v -0.0026303 0.0000000 -0.0698500
v -0.0008419 0.0000000 -0.0741675
v -0.0008419 0.0015000 -0.0741675
v -0.0026303 0.0015000 -0.0698500
v -0.0042429 0.0000000 -0.0698500
v -0.0012223 0.0000000 -0.0743708
v -0.0012223 0.0015000 -0.0743708
v -0.0042429 0.0015000 -0.0698500
v -0.0063500 0.0000000 -0.0698500
v -0.0015556 0.0000000 -0.0746444
v -0.0015556 0.0015000 -0.0746444
v -0.0063500 0.0015000 -0.0698500
v -0.0063500 0.0000000 -0.0719571
v -0.0018292 0.0000000 -0.0749777
v -0.0018292 0.0015000 -0.0749777
v -0.0063500 0.0015000 -0.0719571
v -0.0063500 0.0000000 -0.0735697
v -0.0020325 0.0000000 -0.0753581
v -0.0020325 0.0015000 -0.0753581
v -0.0063500 0.0015000 -0.0735697
v -0.0063500 0.0000000 -0.0749369
v -0.0021577 0.0000000 -0.0757708
v -0.0021577 0.0015000 -0.0757708
v -0.0063500 0.0015000 -0.0749369
v -0.0063500 0.0000000 -0.0762000
v -0.0022000 0.0000000 -0.0762000
v -0.0022000 0.0015000 -0.0762000
v -0.0063500 0.0015000 -0.0762000
v -0.0063500 0.0000000 -0.0774631
v -0.0021577 0.0000000 -0.0766292
v -0.0021577 0.0015000 -0.0766292
v -0.0063500 0.0015000 -0.0774631
v -0.0063500 0.0000000 -0.0788303
v -0.0020325 0.0000000 -0.0770419
v -0.0020325 0.0015000 -0.0770419
v -0.0063500 0.0015000 -0.0788303
v -0.0063500 0.0000000 -0.0804429
v -0.0018292 0.0000000 -0.0774223
v -0.0018292 0.0015000 -0.0774223
v -0.0063500 0.0015000 -0.0804429
v -0.0015556 0.0000000 -0.0777556
v -0.0015556 0.0015000 -0.0777556
v -0.0012223 0.0000000 -0.0780292
v -0.0012223 0.0015000 -0.0780292
v -0.0008419 0.0000000 -0.0782325
v -0.0008419 0.0015000 -0.0782325
v -0.0004292 0.0000000 -0.0783577
v -0.0004292 0.0015000 -0.0783577
v -0.0000000 0.0000000 -0.0784000
v -0.0000000 0.0015000 -0.0784000
v 0.0004292 0.0000000 -0.0783577
v 0.0004292 0.0015000 -0.0783577
v 0.0008419 0.0000000 -0.0782325
v 0.0008419 0.0015000 -0.0782325
v 0.0012223 0.0000000 -0.0780292
v 0.0012223 0.0015000 -0.0780292
v 0.0015556 0.0000000 -0.0777556
v 0.0015556 0.0015000 -0.0777556
v 0.0063500 0.0000000 -0.0804429
v 0.0018292 0.0000000 -0.0774223
v 0.0018292 0.0015000 -0.0774223
v 0.0063500 0.0015000 -0.0804429
v 0.0063500 0.0000000 -0.0788303
v 0.0020325 0.0000000 -0.0770419
v 0.0020325 0.0015000 -0.0770419
v 0.0063500 0.0015000 -0.0788303
v 0.0063500 0.0000000 -0.0774631
v 0.0021577 0.0000000 -0.0766292
v 0.0021577 0.0015000 -0.0766292
v 0.0063500 0.0015000 -0.0774631
v 0.0063500 0.0000000 -0.0635000
v 0.0063500 0.0000000 -0.0622369
v 0.0021577 0.0000000 -0.0630708
v 0.0022000 0.0000000 -0.0635000
v 0.0063500 0.0015000 -0.0635000
v 0.0022000 0.0015000 -0.0635000
v 0.0021577 0.0015000 -0.0630708
v 0.0063500 0.0015000 -0.0622369
v 0.0063500 0.0000000 -0.0608697
v 0.0020325 0.0000000 -0.0626581
v 0.0020325 0.0015000 -0.0626581
v 0.0063500 0.0015000 -0.0608697
v 0.0063500 0.0000000 -0.0592571
v 0.0018292 0.0000000 -0.0622777
v 0.0018292 0.0015000 -0.0622777
v 0.0063500 0.0015000 -0.0592571
v 0.0063500 0.0000000 -0.0571500
v 0.0015556 0.0000000 -0.0619444
v 0.0015556 0.0015000 -0.0619444
v 0.0063500 0.0015000 -0.0571500
v 0.0042429 0.0000000 -0.0571500
v 0.0012223 0.0000000 -0.0616708
v 0.0012223 0.0015000 -0.0616708
v 0.0042429 0.0015000 -0.0571500
v 0.0026303 0.0000000 -0.0571500
v 0.0008419 0.0000000 -0.0614675
v 0.0008419 0.0015000 -0.0614675
v 0.0026303 0.0015000 -0.0571500
v 0.0012631 0.0000000 -0.0571500
v 0.0004292 0.0000000 -0.0613423
v 0.0004292 0.0015000 -0.0613423
v 0.0012631 0.0015000 -0.0571500
v -0.0000000 0.0000000 -0.0571500
v -0.0000000 0.0000000 -0.0613000
v -0.0000000 0.0015000 -0.0613000
v -0.0000000 0.0015000 -0.0571500
v -0.0012631 0.0000000 -0.0571500
v -0.0004292 0.0000000 -0.0613423
v -0.0004292 0.0015000 -0.0613423
v -0.0012631 0.0015000 -0.0571500
v -0.0026303 0.0000000 -0.0571500
v -0.0008419 0.0000000 -0.0614675
v -0.0008419 0.0015000 -0.0614675
v -0.0026303 0.0015000 -0.0571500
v -0.0042429 0.0000000 -0.0571500
v -0.0012223 0.0000000 -0.0616708
v -0.0012223 0.0015000 -0.0616708
v -0.0042429 0.0015000 -0.0571500
v -0.0063500 0.0000000 -0.0571500
v -0.0015556 0.0000000 -0.0619444
v -0.0015556 0.0015000 -0.0619444
v -0.0063500 0.0015000 -0.0571500
v -0.0063500 0.0000000 -0.0592571
v -0.0018292 0.0000000 -0.0622777
v -0.0018292 0.0015000 -0.0622777
v -0.0063500 0.0015000 -0.0592571
v -0.0063500 0.0000000 -0.0608697
v -0.0020325 0.0000000 -0.0626581
v -0.0020325 0.0015000 -0.0626581
v -0.0063500 0.0015000 -0.0608697
v -0.0063500 0.0000000 -0.0622369
v -0.0021577 0.0000000 -0.0630708
v -0.0021577 0.0015000 -0.0630708
v -0.0063500 0.0015000 -0.0622369
v -0.0063500 0.0000000 -0.0635000
v -0.0022000 0.0000000 -0.0635000
v -0.0022000 0.0015000 -0.0635000
v -0.0063500 0.0015000 -0.0635000
v -0.0063500 0.0000000 -0.0647631
v -0.0021577 0.0000000 -0.0639292
v -0.0021577 0.0015000 -0.0639292
v -0.0063500 0.0015000 -0.0647631
v -0.0063500 0.0000000 -0.0661303
v -0.0020325 0.0000000 -0.0643419
v -0.0020325 0.0015000 -0.0643419
v -0.0063500 0.0015000 -0.0661303
v -0.0063500 0.0000000 -0.0677429
v -0.0018292 0.0000000 -0.0647223
v -0.0018292 0.0015000 -0.0647223
v -0.0063500 0.0015000 -0.0677429
v -0.0015556 0.0000000 -0.0650556
v -0.0015556 0.0015000 -0.0650556
v -0.0012223 0.0000000 -0.0653292
v -0.0012223 0.0015000 -0.0653292
v -0.0008419 0.0000000 -0.0655325
v -0.0008419 0.0015000 -0.0655325
v -0.0004292 0.0000000 -0.0656577
v -0.0004292 0.0015000 -0.0656577
v -0.0000000 0.0000000 -0.0657000
v -0.0000000 0.0015000 -0.0657000
v 0.0004292 0.0000000 -0.0656577
v 0.0004292 0.0015000 -0.0656577
v 0.0008419 0.0000000 -0.0655325
v 0.0008419 0.0015000 -0.0655325
v 0.0012223 0.0000000 -0.0653292
v 0.0012223 0.0015000 -0.0653292
v 0.0015556 0.0000000 -0.0650556
v 0.0015556 0.0015000 -0.0650556
v 0.0063500 0.0000000 -0.0677429
v 0.0018292 0.0000000 -0.0647223
v 0.0018292 0.0015000 -0.0647223
v 0.0063500 0.0015000 -0.0677429
v 0.0063500 0.0000000 -0.0661303
v 0.0020325 0.0000000 -0.0643419
v 0.0020325 0.0015000 -0.0643419
v 0.0063500 0.0015000 -0.0661303
v 0.0063500 0.0000000 -0.0647631
v 0.0021577 0.0000000 -0.0639292
v 0.0021577 0.0015000 -0.0639292
v 0.0063500 0.0015000 -0.0647631
v 0.0063500 0.0000000 -0.0508000
v 0.0063500 0.0000000 -0.0495369
v 0.0021577 0.0000000 -0.0503708
v 0.0022000 0.0000000 -0.0508000
v 0.0063500 0.0015000 -0.0508000
v 0.0022000 0.0015000 -0.0508000
v 0.0021577 0.0015000 -0.0503708
v 0.0063500 0.0015000 -0.0495369
v 0.0063500 0.0000000 -0.0481697
v 0.0020325 0.0000000 -0.0499581
v 0.0020325 0.0015000 -0.0499581
v 0.0063500 0.0015000 -0.0481697
v 0.0063500 0.0000000 -0.0465571
v 0.0018292 0.0000000 -0.0495777
v 0.0018292 0.0015000 -0.0495777
v 0.0063500 0.0015000 -0.0465571
v 0.0063500 0.0000000 -0.0444500
v 0.0015556 0.0000000 -0.0492444
v 0.0015556 0.0015000 -0.0492444
v 0.0063500 0.0015000 -0.0444500
v 0.0042429 0.0000000 -0.0444500
v 0.0012223 0.0000000 -0.0489708
v 0.0012223 0.0015000 -0.0489708
v 0.0042429 0.0015000 -0.0444500
v 0.0026303 0.0000000 -0.0444500
v 0.0008419 0.0000000 -0.0487675
v 0.0008419 0.0015000 -0.0487675
v 0.0026303 0.0015000 -0.0444500
v 0.0012631 0.0000000 -0.0444500
v 0.0004292 0.0000000 -0.0486423
v 0.0004292 0.0015000 -0.0486423
v 0.0012631 0.0015000 -0.0444500
v -0.0000000 0.0000000 -0.0444500
v -0.0000000 0.0000000 -0.0486000
v -0.0000000 0.0015000 -0.0486000
v -0.0000000 0.0015000 -0.0444500
v -0.0012631 0.0000000 -0.0444500
v -0.0004292 0.0000000 -0.0486423
v -0.0004292 0.0015000 -0.0486423
v -0.0012631 0.0015000 -0.0444500
v -0.0026303 0.0000000 -0.0444500
v -0.0008419 0.0000000 -0.0487675
v -0.0008419 0.0015000 -0.0487675
v -0.0026303 0.0015000 -0.0444500
v -0.0042429 0.0000000 -0.0444500
v -0.0012223 0.0000000 -0.0489708
v -0.0012223 0.0015000 -0.0489708
v -0.0042429 0.0015000 -0.0444500
v -0.0063500 0.0000000 -0.0444500
v -0.0015556 0.0000000 -0.0492444
v -0.0015556 0.0015000 -0.0492444
v -0.0063500 0.0015000 -0.0444500
v -0.0063500 0.0000000 -0.0465571
v -0.0018292 0.0000000 -0.0495777
v -0.0018292 0.0015000 -0.0495777
v -0.0063500 0.0015000 -0.0465571
v -0.0063500 0.0000000 -0.0481697
v -0.0020325 0.0000000 -0.0499581
v -0.0020325 0.0015000 -0.0499581
v -0.0063500 0.0015000 -0.0481697
v -0.0063500 0.0000000 -0.0495369
v -0.0021577 0.0000000 -0.0503708
v -0.0021577 0.0015000 -0.0503708
v -0.0063500 0.0015000 -0.0495369
v -0.0063500 0.0000000 -0.0508000
v -0.0022000 0.0000000 -0.0508000
v -0.0022000 0.0015000 -0.0508000
v -0.0063500 0.0015000 -0.0508000
v -0.0063500 0.0000000 -0.0520631
v -0.0021577 0.0000000 -0.0512292
v -0.0021577 0.0015000 -0.0512292
v -0.0063500 0.0015000 -0.0520631
v -0.0063500 0.0000000 -0.0534303
v -0.0020325 0.0000000 -0.0516419
v -0.0020325 0.0015000 -0.0516419
v -0.0063500 0.0015000 -0.0534303
v -0.0063500 0.0000000 -0.0550429
v -0.0018292 0.0000000 -0.0520223
v -0.0018292 0.0015000 -0.0520223
v -0.0063500 0.0015000 -0.0550429
v -0.0015556 0.0000000 -0.0523556
v -0.0015556 0.0015000 -0.0523556
v -0.0012223 0.0000000 -0.0526292
v -0.0012223 0.0015000 -0.0526292
v -0.0008419 0.0000000 -0.0528325
v -0.0008419 0.0015000 -0.0528325
v -0.0004292 0.0000000 -0.0529577
v -0.0004292 0.0015000 -0.0529577
v -0.0000000 0.0000000 -0.0530000
v -0.0000000 0.0015000 -0.0530000
v 0.0004292 0.0000000 -0.0529577
v 0.0004292 0.0015000 -0.0529577
v 0.0008419 0.0000000 -0.0528325
v 0.0008419 0.0015000 -0.0528325
v 0.0012223 0.0000000 -0.0526292
v 0.0012223 0.0015000 -0.0526292
v 0.0015556 0.0000000 -0.0523556
v 0.0015556 0.0015000 -0.0523556
v 0.0063500 0.0000000 -0.0550429
v 0.0018292 0.0000000 -0.0520223
v 0.0018292 0.0015000 -0.0520223
v 0.0063500 0.0015000 -0.0550429
v 0.0063500 0.0000000 -0.0534303
v 0.0020325 0.0000000 -0.0516419
v 0.0020325 0.0015000 -0.0516419
v 0.0063500 0.0015000 -0.0534303
v 0.0063500 0.0000000 -0.0520631
v 0.0021577 0.0000000 -0.0512292
v 0.0021577 0.0015000 -0.0512292
v 0.0063500 0.0015000 -0.0520631
v 0.0063500 0.0000000 -0.0381000
v 0.0063500 0.0000000 -0.0368369
v 0.0021577 0.0000000 -0.0376708
v 0.0022000 0.0000000 -0.0381000
v 0.0063500 0.0015000 -0.0381000
v 0.0022000 0.0015000 -0.0381000
v 0.0021577 0.0015000 -0.0376708
v 0.0063500 0.0015000 -0.0368369
v 0.0063500 0.0000000 -0.0354697
v 0.0020325 0.0000000 -0.0372581
v 0.0020325 0.0015000 -0.0372581
v 0.0063500 0.0015000 -0.0354697
v 0.0063500 0.0000000 -0.0338571
v 0.0018292 0.0000000 -0.0368777
v 0.0018292 0.0015000 -0.0368777
v 0.0063500 0.0015000 -0.0338571
v 0.0063500 0.0000000 -0.0317500
v 0.0015556 0.0000000 -0.0365444
v 0.0015556 0.0015000 -0.0365444
v 0.0063500 0.0015000 -0.0317500
v 0.0042429 0.0000000 -0.0317500
v 0.0012223 0.0000000 -0.0362708
v 0.0012223 0.0015000 -0.0362708
v 0.0042429 0.0015000 -0.0317500
v 0.0026303 0.0000000 -0.0317500
v 0.0008419 0.0000000 -0.0360675
v 0.0008419 0.0015000 -0.0360675
v 0.0026303 0.0015000 -0.0317500
v 0.0012631 0.0000000 -0.0317500
v 0.0004292 0.0000000 -0.0359423
v 0.0004292 0.0015000 -0.0359423
v 0.0012631 0.0015000 -0.0317500
v -0.0000000 0.0000000 -0.0317500
v -0.0000000 0.0000000 -0.0359000
v -0.0000000 0.0015000 -0.0359000
v -0.0000000 0.0015000 -0.0317500
v -0.0012631 0.0000000 -0.0317500
v -0.0004292 0.0000000 -0.0359423
v -0.0004292 0.0015000 -0.0359423
v -0.0012631 0.0015000 -0.0317500
v -0.0026303 0.0000000 -0.0317500
v -0.0008419 0.0000000 -0.0360675
v -0.0008419 0.0015000 -0.0360675
v -0.0026303 0.0015000 -0.0317500
v -0.0042429 0.0000000 -0.0317500
v -0.0012223 0.0000000 -0.0362708
v -0.0012223 0.0015000 -0.0362708
v -0.0042429 0.0015000 -0.0317500
v -0.0063500 0.0000000 -0.0317500
v -0.0015556 0.0000000 -0.0365444
v -0.0015556 0.0015000 -0.0365444
v -0.0063500 0.0015000 -0.0317500
v -0.0063500 0.0000000 -0.0338571
v -0.0018292 0.0000000 -0.0368777
v -0.0018292 0.0015000 -0.0368777
v -0.0063500 0.0015000 -0.0338571
v -0.0063500 0.0000000 -0.0354697
v -0.0020325 0.0000000 -0.0372581
v -0.0020325 0.0015000 -0.0372581
v -0.0063500 0.0015000 -0.0354697
v -0.0063500 0.0000000 -0.0368369
v -0.0021577 0.0000000 -0.0376708
v -0.0021577 0.0015000 -0.0376708
v -0.0063500 0.0015000 -0.0368369
v -0.0063500 0.0000000 -0.0381000
v -0.0022000 0.0000000 -0.0381000
v -0.0022000 0.0015000 -0.0381000
v -0.0063500 0.0015000 -0.0381000
v -0.0063500 0.0000000 -0.0393631
v -0.0021577 0.0000000 -0.0385292
v -0.0021577 0.0015000 -0.0385292
v -0.0063500 0.0015000 -0.0393631
v -0.0063500 0.0000000 -0.0407303
v -0.0020325 0.0000000 -0.0389419
v -0.0020325 0.0015000 -0.0389419
v -0.0063500 0.0015000 -0.0407303
v -0.0063500 0.0000000 -0.0423429
v -0.0018292 0.0000000 -0.0393223
v -0.0018292 0.0015000 -0.0393223
v -0.0063500 0.0015000 -0.0423429
v -0.0015556 0.0000000 -0.0396556
v -0.0015556 0.0015000 -0.0396556
v -0.0012223 0.0000000 -0.0399292
v -0.0012223 0.0015000 -0.0399292
v -0.0008419 0.0000000 -0.0401325
v -0.0008419 0.0015000 -0.0401325
v -0.0004292 0.0000000 -0.0402577
v -0.0004292 0.0015000 -0.0402577
v -0.0000000 0.0000000 -0.0403000
v -0.0000000 0.0015000 -0.0403000
v 0.0004292 0.0000000 -0.0402577
v 0.0004292 0.0015000 -0.0402577
v 0.0008419 0.0000000 -0.0401325
v 0.0008419 0.0015000 -0.0401325
v 0.0012223 0.0000000 -0.0399292
v 0.0012223 0.0015000 -0.0399292
v 0.0015556 0.0000000 -0.0396556
v 0.0015556 0.0015000 -0.0396556
v 0.0063500 0.0000000 -0.0423429
v 0.0018292 0.0000000 -0.0393223
v 0.0018292 0.0015000 -0.0393223
v 0.0063500 0.0015000 -0.0423429
v 0.0063500 0.0000000 -0.0407303
v 0.0020325 0.0000000 -0.0389419
v 0.0020325 0.0015000 -0.0389419
v 0.0063500 0.0015000 -0.0407303
v 0.0063500 0.0000000 -0.0393631
v 0.0021577 0.0000000 -0.0385292
v 0.0021577 0.0015000 -0.0385292
v 0.0063500 0.0015000 -0.0393631
v 0.0063500 0.0000000 -0.0254000
v 0.0063500 0.0000000 -0.0241369
v 0.0021577 0.0000000 -0.0249708
v 0.0022000 0.0000000 -0.0254000
v 0.0063500 0.0015000 -0.0254000
v 0.0022000 0.0015000 -0.0254000
v 0.0021577 0.0015000 -0.0249708
v 0.0063500 0.0015000 -0.0241369
v 0.0063500 0.0000000 -0.0227697
v 0.0020325 0.0000000 -0.0245581
v 0.0020325 0.0015000 -0.0245581
v 0.0063500 0.0015000 -0.0227697
v 0.0063500 0.0000000 -0.0211571
v 0.0018292 0.0000000 -0.0241777
v 0.0018292 0.0015000 -0.0241777
v 0.0063500 0.0015000 -0.0211571
v 0.0063500 0.0000000 -0.0190500
v 0.0015556 0.0000000 -0.0238444
v 0.0015556 0.0015000 -0.0238444
v 0.0063500 0.0015000 -0.0190500
v 0.0042429 0.0000000 -0.0190500
v 0.0012223 0.0000000 -0.0235708
v 0.0012223 0.0015000 -0.0235708
v 0.0042429 0.0015000 -0.0190500
v 0.0026303 0.0000000 -0.0190500
v 0.0008419 0.0000000 -0.0233675
v 0.0008419 0.0015000 -0.0233675
v 0.0026303 0.0015000 -0.0190500
v 0.0012631 0.0000000 -0.0190500
v 0.0004292 0.0000000 -0.0232423
v 0.0004292 0.0015000 -0.0232423
v 0.0012631 0.0015000 -0.0190500
v -0.0000000 0.0000000 -0.0190500
v -0.0000000 0.0000000 -0.0232000
v -0.0000000 0.0015000 -0.0232000
v -0.0000000 0.0015000 -0.0190500
v -0.0012631 0.0000000 -0.0190500
v -0.0004292 0.0000000 -0.0232423
v -0.0004292 0.0015000 -0.0232423
v -0.0012631 0.0015000 -0.0190500
v -0.0026303 0.0000000 -0.0190500
v -0.0008419 0.0000000 -0.0233675
v -0.0008419 0.0015000 -0.0233675
v -0.0026303 0.0015000 -0.0190500
v -0.0042429 0.0000000 -0.0190500
v -0.0012223 0.0000000 -0.0235708
v -0.0012223 0.0015000 -0.0235708
v -0.0042429 0.0015000 -0.0190500
v -0.0063500 0.0000000 -0.0190500
v -0.0015556 0.0000000 -0.0238444
v -0.0015556 0.0015000 -0.0238444
v -0.0063500 0.0015000 -0.0190500
v -0.0063500 0.0000000 -0.0211571
v -0.0018292 0.0000000 -0.0241777
v -0.0018292 0.0015000 -0.0241777
v -0.0063500 0.0015000 -0.0211571
v -0.0063500 0.0000000 -0.0227697
v -0.0020325 0.0000000 -0.0245581
v -0.0020325 0.0015000 -0.0245581
v -0.0063500 0.0015000 -0.0227697
v -0.0063500 0.0000000 -0.0241369
v -0.0021577 0.0000000 -0.0249708
v -0.0021577 0.0015000 -0.0249708
v -0.0063500 0.0015000 -0.0241369
v -0.0063500 0.0000000 -0.0254000
v -0.0022000 0.0000000 -0.0254000
v -0.0022000 0.0015000 -0.0254000
v -0.0063500 0.0015000 -0.0254000
v -0.0063500 0.0000000 -0.0266631
v -0.0021577 0.0000000 -0.0258292
v -0.0021577 0.0015000 -0.0258292
v -0.0063500 0.0015000 -0.0266631
v -0.0063500 0.0000000 -0.0280303
v -0.0020325 0.0000000 -0.0262419
v -0.0020325 0.0015000 -0.0262419
v -0.0063500 0.0015000 -0.0280303
v -0.0063500 0.0000000 -0.0296429
v -0.0018292 0.0000000 -0.0266223
v -0.0018292 0.0015000 -0.0266223
v -0.0063500 0.0015000 -0.0296429
v -0.0015556 0.0000000 -0.0269556
v -0.0015556 0.0015000 -0.0269556
v -0.0012223 0.0000000 -0.0272292
v -0.0012223 0.0015000 -0.0272292
v -0.0008419 0.0000000 -0.0274325
v -0.0008419 0.0015000 -0.0274325
v -0.0004292 0.0000000 -0.0275577
v -0.0004292 0.0015000 -0.0275577
v -0.0000000 0.0000000 -0.0276000
v -0.0000000 0.0015000 -0.0276000
v 0.0004292 0.0000000 -0.0275577
v 0.0004292 0.0015000 -0.0275577
v 0.0008419 0.0000000 -0.0274325
v 0.0008419 0.0015000 -0.0274325
v 0.0012223 0.0000000 -0.0272292
v 0.0012223 0.0015000 -0.0272292
v 0.0015556 0.0000000 -0.0269556
v 0.0015556 0.0015000 -0.0269556
v 0.0063500 0.0000000 -0.0296429
v 0.0018292 0.0000000 -0.0266223
v 0.0018292 0.0015000 -0.0266223
v 0.0063500 0.0015000 -0.0296429
v 0.0063500 0.0000000 -0.0280303
v 0.0020325 0.0000000 -0.0262419
v 0.0020325 0.0015000 -0.0262419
v 0.0063500 0.0015000 -0.0280303
v 0.0063500 0.0000000 -0.0266631
v 0.0021577 0.0000000 -0.0258292
v 0.0021577 0.0015000 -0.0258292
v 0.0063500 0.0015000 -0.0266631
v 0.0063500 0.0000000 -0.0127000
v 0.0063500 0.0000000 -0.0114369
v 0.0021577 0.0000000 -0.0122708
v 0.0022000 0.0000000 -0.0127000
v 0.0063500 0.0015000 -0.0127000
v 0.0022000 0.0015000 -0.0127000
v 0.0021577 0.0015000 -0.0122708
v 0.0063500 0.0015000 -0.0114369
v 0.0063500 0.0000000 -0.0100697
v 0.0020325 0.0000000 -0.0118581
v 0.0020325 0.0015000 -0.0118581
v 0.0063500 0.0015000 -0.0100697
v 0.0063500 0.0000000 -0.0084571
v 0.0018292 0.0000000 -0.0114777
v 0.0018292 0.0015000 -0.0114777
v 0.0063500 0.0015000 -0.0084571
v 0.0063500 0.0000000 -0.0063500
v 0.0015556 0.0000000 -0.0111444
v 0.0015556 0.0015000 -0.0111444
v 0.0063500 0.0015000 -0.0063500
v 0.0042429 0.0000000 -0.0063500
v 0.0012223 0.0000000 -0.0108708
v 0.0012223 0.0015000 -0.0108708
v 0.0042429 0.0015000 -0.0063500
v 0.0026303 0.0000000 -0.0063500
v 0.0008419 0.0000000 -0.0106675
v 0.0008419 0.0015000 -0.0106675
v 0.0026303 0.0015000 -0.0063500
v 0.0012631 0.0000000 -0.0063500
v 0.0004292 0.0000000 -0.0105423
v 0.0004292 0.0015000 -0.0105423
v 0.0012631 0.0015000 -0.0063500
v -0.0000000 0.0000000 -0.0063500
v -0.0000000 0.0000000 -0.0105000
v -0.0000000 0.0015000 -0.0105000
v -0.0000000 0.0015000 -0.0063500
v -0.0012631 0.0000000 -0.0063500
v -0.0004292 0.0000000 -0.0105423
v -0.0004292 0.0015000 -0.0105423
v -0.0012631 0.0015000 -0.0063500
v -0.0026303 0.0000000 -0.0063500
v -0.0008419 0.0000000 -0.0106675
v -0.0008419 0.0015000 -0.0106675
v -0.0026303 0.0015000 -0.0063500
v -0.0042429 0.0000000 -0.0063500
v -0.0012223 0.0000000 -0.0108708
v -0.0012223 0.0015000 -0.0108708
v -0.0042429 0.0015000 -0.0063500
v -0.0063500 0.0000000 -0.0063500
v -0.0015556 0.0000000 -0.0111444
v -0.0015556 0.0015000 -0.0111444
v -0.0063500 0.0015000 -0.0063500
v -0.0063500 0.0000000 -0.0084571
v -0.0018292 0.0000000 -0.0114777
v -0.0018292 0.0015000 -0.0114777
v -0.0063500 0.0015000 -0.0084571
v -0.0063500 0.0000000 -0.0100697
v -0.0020325 0.0000000 -0.0118581
v -0.0020325 0.0015000 -0.0118581
v -0.0063500 0.0015000 -0.0100697
v -0.0063500 0.0000000 -0.0114369
v -0.0021577 0.0000000 -0.0122708
v -0.0021577 0.0015000 -0.0122708
v -0.0063500 0.0015000 -0.0114369
v -0.0063500 0.0000000 -0.0127000
v -0.0022000 0.0000000 -0.0127000
v -0.0022000 0.0015000 -0.0127000
v -0.0063500 0.0015000 -0.0127000
v -0.0063500 0.0000000 -0.0139631
v -0.0021577 0.0000000 -0.0131292
v -0.0021577 0.0015000 -0.0131292
v -0.0063500 0.0015000 -0.0139631
v -0.0063500 0.0000000 -0.0153303
v -0.0020325 0.0000000 -0.0135419
v -0.0020325 0.0015000 -0.0135419
v -0.0063500 0.0015000 -0.0153303
v -0.0063500 0.0000000 -0.0169429
v -0.0018292 0.0000000 -0.0139223
v -0.0018292 0.0015000 -0.0139223
v -0.0063500 0.0015000 -0.0169429
v -0.0015556 0.0000000 -0.0142556
v -0.0015556 0.0015000 -0.0142556
v -0.0012223 0.0000000 -0.0145292
v -0.0012223 0.0015000 -0.0145292
v -0.0008419 0.0000000 -0.0147325
v -0.0008419 0.0015000 -0.0147325
v -0.0004292 0.0000000 -0.0148577
v -0.0004292 0.0015000 -0.0148577
v -0.0000000 0.0000000 -0.0149000
v -0.0000000 0.0015000 -0.0149000
v 0.0004292 0.0000000 -0.0148577
v 0.0004292 0.0015000 -0.0148577
v 0.0008419 0.0000000 -0.0147325
v 0.0008419 0.0015000 -0.0147325
v 0.0012223 0.0000000 -0.0145292
v 0.0012223 0.0015000 -0.0145292
v 0.0015556 0.0000000 -0.0142556
v 0.0015556 0.0015000 -0.0142556
v 0.0063500 0.0000000 -0.0169429
v 0.0018292 0.0000000 -0.0139223
v 0.0018292 0.0015000 -0.0139223
v 0.0063500 0.0015000 -0.0169429
v 0.0063500 0.0000000 -0.0153303
v 0.0020325 0.0000000 -0.0135419
v 0.0020325 0.0015000 -0.0135419
v 0.0063500 0.0015000 -0.0153303
v 0.0063500 0.0000000 -0.0139631
v 0.0021577 0.0000000 -0.0131292
v 0.0021577 0.0015000 -0.0131292
v 0.0063500 0.0015000 -0.0139631
v 0.0063500 0.0000000 0.0000000
v 0.0063500 0.0000000 0.0012631
v 0.0021577 0.0000000 0.0004292
v 0.0022000 0.0000000 0.0000000
v 0.0063500 0.0015000 0.0000000
v 0.0022000 0.0015000 0.0000000
v 0.0021577 0.0015000 0.0004292
v 0.0063500 0.0015000 0.0012631
v 0.0063500 0.0000000 0.0026303
v 0.0020325 0.0000000 0.0008419
v 0.0020325 0.0015000 0.0008419
v 0.0063500 0.0015000 0.0026303
v 0.0063500 0.0000000 0.0042429
v 0.0018292 0.0000000 0.0012223
v 0.0018292 0.0015000 0.0012223
v 0.0063500 0.0015000 0.0042429
v 0.0063500 0.0000000 0.0063500
v 0.0015556 0.0000000 0.0015556
v 0.0015556 0.0015000 0.0015556
v 0.0063500 0.0015000 0.0063500
v 0.0042429 0.0000000 0.0063500
v 0.0012223 0.0000000 0.0018292
v 0.0012223 0.0015000 0.0018292
v 0.0042429 0.0015000 0.0063500
v 0.0026303 0.0000000 0.0063500
v 0.0008419 0.0000000 0.0020325
v 0.0008419 0.0015000 0.0020325
v 0.0026303 0.0015000 0.0063500
v 0.0012631 0.0000000 0.0063500
v 0.0004292 0.0000000 0.0021577
v 0.0004292 0.0015000 0.0021577
v 0.0012631 0.0015000 0.0063500
v -0.0000000 0.0000000 0.0063500
v -0.0000000 0.0000000 0.0022000
v -0.0000000 0.0015000 0.0022000
v -0.0000000 0.0015000 0.0063500
v -0.0012631 0.0000000 0.0063500
v -0.0004292 0.0000000 0.0021577
v -0.0004292 0.0015000 0.0021577
v -0.0012631 0.0015000 0.0063500
v -0.0026303 0.0000000 0.0063500
v -0.0008419 0.0000000 0.0020325
v -0.0008419 0.0015000 0.0020325
v -0.0026303 0.0015000 0.0063500
v -0.0042429 0.0000000 0.0063500
v -0.0012223 0.0000000 0.0018292
v -0.0012223 0.0015000 0.0018292
v -0.0042429 0.0015000 0.0063500
v -0.0063500 0.0000000 0.0063500
v -0.0015556 0.0000000 0.0015556
v -0.0015556 0.0015000 0.0015556
v -0.0063500 0.0015000 0.0063500
v -0.0063500 0.0000000 0.0042429
v -0.0018292 0.0000000 0.0012223
v -0.0018292 0.0015000 0.0012223
v -0.0063500 0.0015000 0.0042429
v -0.0063500 0.0000000 0.0026303
v -0.0020325 0.0000000 0.0008419
v -0.0020325 0.0015000 0.0008419
v -0.0063500 0.0015000 0.0026303
v -0.0063500 0.0000000 0.0012631
v -0.0021577 0.0000000 0.0004292
v -0.0021577 0.0015000 0.0004292
v -0.0063500 0.0015000 0.0012631
v -0.0063500 0.0000000 0.0000000
v -0.0022000 0.0000000 0.0000000
v -0.0022000 0.0015000 0.0000000
v -0.0063500 0.0015000 0.0000000
v -0.0063500 0.0000000 -0.0012631
v -0.0021577 0.0000000 -0.0004292
v -0.0021577 0.0015000 -0.0004292
v -0.0063500 0.0015000 -0.0012631
v -0.0063500 0.0000000 -0.0026303
v -0.0020325 0.0000000 -0.0008419
v -0.0020325 0.0015000 -0.0008419
v -0.0063500 0.0015000 -0.0026303
v -0.0063500 0.0000000 -0.0042429
v -0.0018292 0.0000000 -0.0012223
v -0.0018292 0.0015000 -0.0012223
v -0.0063500 0.0015000 -0.0042429
v -0.0015556 0.0000000 -0.0015556
v -0.0015556 0.0015000 -0.0015556
v -0.0012223 0.0000000 -0.0018292
v -0.0012223 0.0015000 -0.0018292
v -0.0008419 0.0000000 -0.0020325
v -0.0008419 0.0015000 -0.0020325
v -0.0004292 0.0000000 -0.0021577
v -0.0004292 0.0015000 -0.0021577
v -0.0000000 0.0000000 -0.0022000
v -0.0000000 0.0015000 -0.0022000
v 0.0004292 0.0000000 -0.0021577
v 0.0004292 0.0015000 -0.0021577
v 0.0008419 0.0000000 -0.0020325
v 0.0008419 0.0015000 -0.0020325
v 0.0012223 0.0000000 -0.0018292
v 0.0012223 0.0015000 -0.0018292
v 0.0015556 0.0000000 -0.0015556
v 0.0015556 0.0015000 -0.0015556
v 0.0063500 0.0000000 -0.0042429
v 0.0018292 0.0000000 -0.0012223
v 0.0018292 0.0015000 -0.0012223
v 0.0063500 0.0015000 -0.0042429
v 0.0063500 0.0000000 -0.0026303
v 0.0020325 0.0000000 -0.0008419
v 0.0020325 0.0015000 -0.0008419
v 0.0063500 0.0015000 -0.0026303
v 0.0063500 0.0000000 -0.0012631
v 0.0021577 0.0000000 -0.0004292
v 0.0021577 0.0015000 -0.0004292
v 0.0063500 0.0015000 -0.0012631
v 0.0063500 0.0000000 0.0127000
v 0.0063500 0.0000000 0.0139631
v 0.0021577 0.0000000 0.0131292
v 0.0022000 0.0000000 0.0127000
v 0.0063500 0.0015000 0.0127000
v 0.0022000 0.0015000 0.0127000
v 0.0021577 0.0015000 0.0131292
v 0.0063500 0.0015000 0.0139631
v 0.0063500 0.0000000 0.0153303
v 0.0020325 0.0000000 0.0135419
v 0.0020325 0.0015000 0.0135419
v 0.0063500 0.0015000 0.0153303
v 0.0063500 0.0000000 0.0169429
v 0.0018292 0.0000000 0.0139223
v 0.0018292 0.0015000 0.0139223
v 0.0063500 0.0015000 0.0169429
v 0.0063500 0.0000000 0.0190500
v 0.0015556 0.0000000 0.0142556
v 0.0015556 0.0015000 0.0142556
v 0.0063500 0.0015000 0.0190500
v 0.0042429 0.0000000 0.0190500
v 0.0012223 0.0000000 0.0145292
v 0.0012223 0.0015000 0.0145292
v 0.0042429 0.0015000 0.0190500
v 0.0026303 0.0000000 0.0190500
v 0.0008419 0.0000000 0.0147325
v 0.0008419 0.0015000 0.0147325
v 0.0026303 0.0015000 0.0190500
v 0.0012631 0.0000000 0.0190500
v 0.0004292 0.0000000 0.0148577
v 0.0004292 0.0015000 0.0148577
v 0.0012631 0.0015000 0.0190500
v -0.0000000 0.0000000 0.0190500
v -0.0000000 0.0000000 0.0149000
v -0.0000000 0.0015000 0.0149000
v -0.0000000 0.0015000 0.0190500
v -0.0012631 0.0000000 0.0190500
v -0.0004292 0.0000000 0.0148577
v -0.0004292 0.0015000 0.0148577
v -0.0012631 0.0015000 0.0190500
v -0.0026303 0.0000000 0.0190500
v -0.0008419 0.0000000 0.0147325
v -0.0008419 0.0015000 0.0147325
v -0.0026303 0.0015000 0.0190500
v -0.0042429 0.0000000 0.0190500
v -0.0012223 0.0000000 0.0145292
v -0.0012223 0.0015000 0.0145292
v -0.0042429 0.0015000 0.0190500
v -0.0063500 0.0000000 0.0190500
v -0.0015556 0.0000000 0.0142556
v -0.0015556 0.0015000 0.0142556
v -0.0063500 0.0015000 0.0190500
v -0.0063500 0.0000000 0.0169429
v -0.0018292 0.0000000 0.0139223
v -0.0018292 0.0015000 0.0139223
v -0.0063500 0.0015000 0.0169429
v -0.0063500 0.0000000 0.0153303
v -0.0020325 0.0000000 0.0135419
v -0.0020325 0.0015000 0.0135419
v -0.0063500 0.0015000 0.0153303
v -0.0063500 0.0000000 0.0139631
v -0.0021577 0.0000000 0.0131292
v -0.0021577 0.0015000 0.0131292
v -0.0063500 0.0015000 0.0139631
v -0.0063500 0.0000000 0.0127000
v -0.0022000 0.0000000 0.0127000
v -0.0022000 0.0015000 0.0127000
v -0.0063500 0.0015000 0.0127000
v -0.0063500 0.0000000 0.0114369
v -0.0021577 0.0000000 0.0122708
v -0.0021577 0.0015000 0.0122708
v -0.0063500 0.0015000 0.0114369
v -0.0063500 0.0000000 0.0100697
v -0.0020325 0.0000000 0.0118581
v -0.0020325 0.0015000 0.0118581
v -0.0063500 0.0015000 0.0100697
v -0.0063500 0.0000000 0.0084571
v -0.0018292 0.0000000 0.0114777
v -0.0018292 0.0015000 0.0114777
v -0.0063500 0.0015000 0.0084571
v -0.0015556 0.0000000 0.0111444
v -0.0015556 0.0015000 0.0111444
v -0.0012223 0.0000000 0.0108708
v -0.0012223 0.0015000 0.0108708
v -0.0008419 0.0000000 0.0106675
v -0.0008419 0.0015000 0.0106675
v -0.0004292 0.0000000 0.0105423
v -0.0004292 0.0015000 0.0105423
v -0.0000000 0.0000000 0.0105000
v -0.0000000 0.0015000 0.0105000
v 0.0004292 0.0000000 0.0105423
v 0.0004292 0.0015000 0.0105423
v 0.0008419 0.0000000 0.0106675
v 0.0008419 0.0015000 0.0106675
v 0.0012223 0.0000000 0.0108708
v 0.0012223 0.0015000 0.0108708
v 0.0015556 0.0000000 0.0111444
v 0.0015556 0.0015000 0.0111444
v 0.0063500 0.0000000 0.0084571
v 0.0018292 0.0000000 0.0114777
v 0.0018292 0.0015000 0.0114777
v 0.0063500 0.0015000 0.0084571
v 0.0063500 0.0000000 0.0100697
v 0.0020325 0.0000000 0.0118581
v 0.0020325 0.0015000 0.0118581
v 0.0063500 0.0015000 0.0100697
v 0.0063500 0.0000000 0.0114369
v 0.0021577 0.0000000 0.0122708
v 0.0021577 0.0015000 0.0122708
v 0.0063500 0.0015000 0.0114369
v 0.0063500 0.0000000 0.0254000
v 0.0063500 0.0000000 0.0266631
v 0.0021577 0.0000000 0.0258292
v 0.0022000 0.0000000 0.0254000
v 0.0063500 0.0015000 0.0254000
v 0.0022000 0.0015000 0.0254000
v 0.0021577 0.0015000 0.0258292
v 0.0063500 0.0015000 0.0266631
v 0.0063500 0.0000000 0.0280303
v 0.0020325 0.0000000 0.0262419
v 0.0020325 0.0015000 0.0262419
v 0.0063500 0.0015000 0.0280303
v 0.0063500 0.0000000 0.0296429
v 0.0018292 0.0000000 0.0266223
v 0.0018292 0.0015000 0.0266223
v 0.0063500 0.0015000 0.0296429
v 0.0063500 0.0000000 0.0317500
v 0.0015556 0.0000000 0.0269556
v 0.0015556 0.0015000 0.0269556
v 0.0063500 0.0015000 0.0317500
v 0.0042429 0.0000000 0.0317500
v 0.0012223 0.0000000 0.0272292
v 0.0012223 0.0015000 0.0272292
v 0.0042429 0.0015000 0.0317500
v 0.0026303 0.0000000 0.0317500
v 0.0008419 0.0000000 0.0274325
v 0.0008419 0.0015000 0.0274325
v 0.0026303 0.0015000 0.0317500
v 0.0012631 0.0000000 0.0317500
v 0.0004292 0.0000000 0.0275577
v 0.0004292 0.0015000 0.0275577
v 0.0012631 0.0015000 0.0317500
v -0.0000000 0.0000000 0.0317500
v -0.0000000 0.0000000 0.0276000
v -0.0000000 0.0015000 0.0276000
v -0.0000000 0.0015000 0.0317500
v -0.0012631 0.0000000 0.0317500
v -0.0004292 0.0000000 0.0275577
v -0.0004292 0.0015000 0.0275577
v -0.0012631 0.0015000 0.0317500
v -0.0026303 0.0000000 0.0317500
v -0.0008419 0.0000000 0.0274325
v -0.0008419 0.0015000 0.0274325
v -0.0026303 0.0015000 0.0317500
v -0.0042429 0.0000000 0.0317500
v -0.0012223 0.0000000 0.0272292
v -0.0012223 0.0015000 0.0272292
v -0.0042429 0.0015000 0.0317500
v -0.0063500 0.0000000 0.0317500
v -0.0015556 0.0000000 0.0269556
v -0.0015556 0.0015000 0.0269556
v -0.0063500 0.0015000 0.0317500
v -0.0063500 0.0000000 0.0296429
v -0.0018292 0.0000000 0.0266223
v -0.0018292 0.0015000 0.0266223
v -0.0063500 0.0015000 0.0296429
v -0.0063500 0.0000000 0.0280303
v -0.0020325 0.0000000 0.0262419
v -0.0020325 0.0015000 0.0262419
v -0.0063500 0.0015000 0.0280303
v -0.0063500 0.0000000 0.0266631
v -0.0021577 0.0000000 0.0258292
v -0.0021577 0.0015000 0.0258292
v -0.0063500 0.0015000 0.0266631
v -0.0063500 0.0000000 0.0254000
v -0.0022000 0.0000000 0.0254000
v -0.0022000 0.0015000 0.0254000
v -0.0063500 0.0015000 0.0254000
v -0.0063500 0.0000000 0.0241369
v -0.0021577 0.0000000 0.0249708
v -0.0021577 0.0015000 0.0249708
v -0.0063500 0.0015000 0.0241369
v -0.0063500 0.0000000 0.0227697
v -0.0020325 0.0000000 0.0245581
v -0.0020325 0.0015000 0.0245581
v -0.0063500 0.0015000 0.0227697
v -0.0063500 0.0000000 0.0211571
v -0.0018292 0.0000000 0.0241777
v -0.0018292 0.0015000 0.0241777
v -0.0063500 0.0015000 0.0211571
v -0.0015556 0.0000000 0.0238444
v -0.0015556 0.0015000 0.0238444
v -0.0012223 0.0000000 0.0235708
v -0.0012223 0.0015000 0.0235708
v -0.0008419 0.0000000 0.0233675
v -0.0008419 0.0015000 0.0233675
v -0.0004292 0.0000000 0.0232423
v -0.0004292 0.0015000 0.0232423
v -0.0000000 0.0000000 0.0232000
v -0.0000000 0.0015000 0.0232000
v 0.0004292 0.0000000 0.0232423
v 0.0004292 0.0015000 0.0232423
v 0.0008419 0.0000000 0.0233675
v 0.0008419 0.0015000 0.0233675
v 0.0012223 0.0000000 0.0235708
v 0.0012223 0.0015000 0.0235708
v 0.0015556 0.0000000 0.0238444
v 0.0015556 0.0015000 0.0238444
v 0.0063500 0.0000000 0.0211571
v 0.0018292 0.0000000 0.0241777
v 0.0018292 0.0015000 0.0241777
v 0.0063500 0.0015000 0.0211571
v 0.0063500 0.0000000 0.0227697
v 0.0020325 0.0000000 0.0245581
v 0.0020325 0.0015000 0.0245581
v 0.0063500 0.0015000 0.0227697
v 0.0063500 0.0000000 0.0241369
v 0.0021577 0.0000000 0.0249708
v 0.0021577 0.0015000 0.0249708
v 0.0063500 0.0015000 0.0241369
v 0.0063500 0.0000000 0.0381000
v 0.0063500 0.0000000 0.0393631
v 0.0021577 0.0000000 0.0385292
v 0.0022000 0.0000000 0.0381000
v 0.0063500 0.0015000 0.0381000
v 0.0022000 0.0015000 0.0381000
v 0.0021577 0.0015000 0.0385292
v 0.0063500 0.0015000 0.0393631
v 0.0063500 0.0000000 0.0407303
v 0.0020325 0.0000000 0.0389419
v 0.0020325 0.0015000 0.0389419
v 0.0063500 0.0015000 0.0407303
v 0.0063500 0.0000000 0.0423429
v 0.0018292 0.0000000 0.0393223
v 0.0018292 0.0015000 0.0393223
v 0.0063500 0.0015000 0.0423429
v 0.0063500 0.0000000 0.0444500
v 0.0015556 0.0000000 0.0396556
v 0.0015556 0.0015000 0.0396556
v 0.0063500 0.0015000 0.0444500
v 0.0042429 0.0000000 0.0444500
v 0.0012223 0.0000000 0.0399292
v 0.0012223 0.0015000 0.0399292
v 0.0042429 0.0015000 0.0444500
v 0.0026303 0.0000000 0.0444500
v 0.0008419 0.0000000 0.0401325
v 0.0008419 0.0015000 0.0401325
v 0.0026303 0.0015000 0.0444500
v 0.0012631 0.0000000 0.0444500
v 0.0004292 0.0000000 0.0402577
v 0.0004292 0.0015000 0.0402577
v 0.0012631 0.0015000 0.0444500
v -0.0000000 0.0000000 0.0444500
v -0.0000000 0.0000000 0.0403000
v -0.0000000 0.0015000 0.0403000
v -0.0000000 0.0015000 0.0444500
v -0.0012631 0.0000000 0.0444500
v -0.0004292 0.0000000 0.0402577
v -0.0004292 0.0015000 0.0402577
v -0.0012631 0.0015000 0.0444500
v -0.0026303 0.0000000 0.0444500
v -0.0008419 0.0000000 0.0401325
v -0.0008419 0.0015000 0.0401325
v -0.0026303 0.0015000 0.0444500
v -0.0042429 0.0000000 0.0444500
v -0.0012223 0.0000000 0.0399292
v -0.0012223 0.0015000 0.0399292
v -0.0042429 0.0015000 0.0444500
v -0.0063500 0.0000000 0.0444500
v -0.0015556 0.0000000 0.0396556
v -0.0015556 0.0015000 0.0396556
v -0.0063500 0.0015000 0.0444500
v -0.0063500 0.0000000 0.0423429
v -0.0018292 0.0000000 0.0393223
v -0.0018292 0.0015000 0.0393223
v -0.0063500 0.0015000 0.0423429
v -0.0063500 0.0000000 0.0407303
v -0.0020325 0.0000000 0.0389419
v -0.0020325 0.0015000 0.0389419
v -0.0063500 0.0015000 0.0407303
v -0.0063500 0.0000000 0.0393631
v -0.0021577 0.0000000 0.0385292
v -0.0021577 0.0015000 0.0385292
v -0.0063500 0.0015000 0.0393631
v -0.0063500 0.0000000 0.0381000
v -0.0022000 0.0000000 0.0381000
v -0.0022000 0.0015000 0.0381000
v -0.0063500 0.0015000 0.0381000
v -0.0063500 0.0000000 0.0368369
v -0.0021577 0.0000000 0.0376708
v -0.0021577 0.0015000 0.0376708
v -0.0063500 0.0015000 0.0368369
v -0.0063500 0.0000000 0.0354697
v -0.0020325 0.0000000 0.0372581
v -0.0020325 0.0015000 0.0372581
v -0.0063500 0.0015000 0.0354697
v -0.0063500 0.0000000 0.0338571
v -0.0018292 0.0000000 0.0368777
v -0.0018292 0.0015000 0.0368777
v -0.0063500 0.0015000 0.0338571
v -0.0015556 0.0000000 0.0365444
v -0.0015556 0.0015000 0.0365444
v -0.0012223 0.0000000 0.0362708
v -0.0012223 0.0015000 0.0362708
v -0.0008419 0.0000000 0.0360675
v -0.0008419 0.0015000 0.0360675
v -0.0004292 0.0000000 0.0359423
v -0.0004292 0.0015000 0.0359423
v -0.0000000 0.0000000 0.0359000
v -0.0000000 0.0015000 0.0359000
v 0.0004292 0.0000000 0.0359423
v 0.0004292 0.0015000 0.0359423
v 0.0008419 0.0000000 0.0360675
v 0.0008419 0.0015000 0.0360675
v 0.0012223 0.0000000 0.0362708
v 0.0012223 0.0015000 0.0362708
v 0.0015556 0.0000000 0.0365444
v 0.0015556 0.0015000 0.0365444
v 0.0063500 0.0000000 0.0338571
v 0.0018292 0.0000000 0.0368777
v 0.0018292 0.0015000 0.0368777
v 0.0063500 0.0015000 0.0338571
v 0.0063500 0.0000000 0.0354697
v 0.0020325 0.0000000 0.0372581
v 0.0020325 0.0015000 0.0372581
v 0.0063500 0.0015000 0.0354697
v 0.0063500 0.0000000 0.0368369
v 0.0021577 0.0000000 0.0376708
v 0.0021577 0.0015000 0.0376708
v 0.0063500 0.0015000 0.0368369
v 0.0063500 0.0000000 0.0508000
v 0.0063500 0.0000000 0.0520631
v 0.0021577 0.0000000 0.0512292
v 0.0022000 0.0000000 0.0508000
v 0.0063500 0.0015000 0.0508000
v 0.0022000 0.0015000 0.0508000
v 0.0021577 0.0015000 0.0512292
v 0.0063500 0.0015000 0.0520631
v 0.0063500 0.0000000 0.0534303
v 0.0020325 0.0000000 0.0516419
v 0.0020325 0.0015000 0.0516419
v 0.0063500 0.0015000 0.0534303
v 0.0063500 0.0000000 0.0550429
v 0.0018292 0.0000000 0.0520223
v 0.0018292 0.0015000 0.0520223
v 0.0063500 0.0015000 0.0550429
v 0.0063500 0.0000000 0.0571500
v 0.0015556 0.0000000 0.0523556
v 0.0015556 0.0015000 0.0523556
v 0.0063500 0.0015000 0.0571500
v 0.0042429 0.0000000 0.0571500
v 0.0012223 0.0000000 0.0526292
v 0.0012223 0.0015000 0.0526292
v 0.0042429 0.0015000 0.0571500
v 0.0026303 0.0000000 0.0571500
v 0.0008419 0.0000000 0.0528325
v 0.0008419 0.0015000 0.0528325
v 0.0026303 0.0015000 0.0571500
v 0.0012631 0.0000000 0.0571500
v 0.0004292 0.0000000 0.0529577
v 0.0004292 0.0015000 0.0529577
v 0.0012631 0.0015000 0.0571500
v -0.0000000 0.0000000 0.0571500
v -0.0000000 0.0000000 0.0530000
v -0.0000000 0.0015000 0.0530000
v -0.0000000 0.0015000 0.0571500
v -0.0012631 0.0000000 0.0571500
v -0.0004292 0.0000000 0.0529577
v -0.0004292 0.0015000 0.0529577
v -0.0012631 0.0015000 0.0571500
v -0.0026303 0.0000000 0.0571500
v -0.0008419 0.0000000 0.0528325
v -0.0008419 0.0015000 0.0528325
v -0.0026303 0.0015000 0.0571500
v -0.0042429 0.0000000 0.0571500
v -0.0012223 0.0000000 0.0526292
v -0.0012223 0.0015000 0.0526292
v -0.0042429 0.0015000 0.0571500
v -0.0063500 0.0000000 0.0571500
v -0.0015556 0.0000000 0.0523556
v -0.0015556 0.0015000 0.0523556
v -0.0063500 0.0015000 0.0571500
v -0.0063500 0.0000000 0.0550429
v -0.0018292 0.0000000 0.0520223
v -0.0018292 0.0015000 0.0520223
v -0.0063500 0.0015000 0.0550429
v -0.0063500 0.0000000 0.0534303
v -0.0020325 0.0000000 0.0516419
v -0.0020325 0.0015000 0.0516419
v -0.0063500 0.0015000 0.0534303
v -0.0063500 0.0000000 0.0520631
v -0.0021577 0.0000000 0.0512292
v -0.0021577 0.0015000 0.0512292
v -0.0063500 0.0015000 0.0520631
v -0.0063500 0.0000000 0.0508000
v -0.0022000 0.0000000 0.0508000
v -0.0022000 0.0015000 0.0508000
v -0.0063500 0.0015000 0.0508000
v -0.0063500 0.0000000 0.0495369
v -0.0021577 0.0000000 0.0503708
v -0.0021577 0.0015000 0.0503708
v -0.0063500 0.0015000 0.0495369
v -0.0063500 0.0000000 0.0481697
v -0.0020325 0.0000000 0.0499581
v -0.0020325 0.0015000 0.0499581
v -0.0063500 0.0015000 0.0481697
v -0.0063500 0.0000000 0.0465571
v -0.0018292 0.0000000 0.0495777
v -0.0018292 0.0015000 0.0495777
v -0.0063500 0.0015000 0.0465571
v -0.0015556 0.0000000 0.0492444
v -0.0015556 0.0015000 0.0492444
v -0.0012223 0.0000000 0.0489708
v -0.0012223 0.0015000 0.0489708
v -0.0008419 0.0000000 0.0487675
v -0.0008419 0.0015000 0.0487675
v -0.0004292 0.0000000 0.0486423
v -0.0004292 0.0015000 0.0486423
v -0.0000000 0.0000000 0.0486000
v -0.0000000 0.0015000 0.0486000
v 0.0004292 0.0000000 0.0486423
v 0.0004292 0.0015000 0.0486423
v 0.0008419 0.0000000 0.0487675
v 0.0008419 0.0015000 0.0487675
v 0.0012223 0.0000000 0.0489708
v 0.0012223 0.0015000 0.0489708
v 0.0015556 0.0000000 0.0492444
v 0.0015556 0.0015000 0.0492444
v 0.0063500 0.0000000 0.0465571
v 0.0018292 0.0000000 0.0495777
v 0.0018292 0.0015000 0.0495777
v 0.0063500 0.0015000 0.0465571
v 0.0063500 0.0000000 0.0481697
v 0.0020325 0.0000000 0.0499581
v 0.0020325 0.0015000 0.0499581
v 0.0063500 0.0015000 0.0481697
v 0.0063500 0.0000000 0.0495369
v 0.0021577 0.0000000 0.0503708
v 0.0021577 0.0015000 0.0503708
v 0.0063500 0.0015000 0.0495369
v 0.0063500 0.0000000 0.0635000
v 0.0063500 0.0000000 0.0647631
v 0.0021577 0.0000000 0.0639292
v 0.0022000 0.0000000 0.0635000
v 0.0063500 0.0015000 0.0635000
v 0.0022000 0.0015000 0.0635000
v 0.0021577 0.0015000 0.0639292
v 0.0063500 0.0015000 0.0647631
v 0.0063500 0.0000000 0.0661303
v 0.0020325 0.0000000 0.0643419
v 0.0020325 0.0015000 0.0643419
v 0.0063500 0.0015000 0.0661303
v 0.0063500 0.0000000 0.0677429
v 0.0018292 0.0000000 0.0647223
v 0.0018292 0.0015000 0.0647223
v 0.0063500 0.0015000 0.0677429
v 0.0063500 0.0000000 0.0698500
v 0.0015556 0.0000000 0.0650556
v 0.0015556 0.0015000 0.0650556
v 0.0063500 0.0015000 0.0698500
v 0.0042429 0.0000000 0.0698500
v 0.0012223 0.0000000 0.0653292
v 0.0012223 0.0015000 0.0653292
v 0.0042429 0.0015000 0.0698500
v 0.0026303 0.0000000 0.0698500
v 0.0008419 0.0000000 0.0655325
v 0.0008419 0.0015000 0.0655325
v 0.0026303 0.0015000 0.0698500
v 0.0012631 0.0000000 0.0698500
v 0.0004292 0.0000000 0.0656577
v 0.0004292 0.0015000 0.0656577
v 0.0012631 0.0015000 0.0698500
v -0.0000000 0.0000000 0.0698500
v -0.0000000 0.0000000 0.0657000
v -0.0000000 0.0015000 0.0657000
v -0.0000000 0.0015000 0.0698500
v -0.0012631 0.0000000 0.0698500
v -0.0004292 0.0000000 0.0656577
v -0.0004292 0.0015000 0.0656577
v -0.0012631 0.0015000 0.0698500
v -0.0026303 0.0000000 0.0698500
v -0.0008419 0.0000000 0.0655325
v -0.0008419 0.0015000 0.0655325
v -0.0026303 0.0015000 0.0698500
v -0.0042429 0.0000000 0.0698500
v -0.0012223 0.0000000 0.0653292
v -0.0012223 0.0015000 0.0653292
v -0.0042429 0.0015000 0.0698500
v -0.0063500 0.0000000 0.0698500
v -0.0015556 0.0000000 0.0650556
v -0.0015556 0.0015000 0.0650556
v -0.0063500 0.0015000 0.0698500
v -0.0063500 0.0000000 0.0677429
v -0.0018292 0.0000000 0.0647223
v -0.0018292 0.0015000 0.0647223
v -0.0063500 0.0015000 0.0677429
v -0.0063500 0.0000000 0.0661303
v -0.0020325 0.0000000 0.0643419
v -0.0020325 0.0015000 0.0643419
v -0.0063500 0.0015000 0.0661303
v -0.0063500 0.0000000 0.0647631
v -0.0021577 0.0000000 0.0639292
v -0.0021577 0.0015000 0.0639292
v -0.0063500 0.0015000 0.0647631
v -0.0063500 0.0000000 0.0635000
v -0.0022000 0.0000000 0.0635000
v -0.0022000 0.0015000 0.0635000
v -0.0063500 0.0015000 0.0635000
v -0.0063500 0.0000000 0.0622369
v -0.0021577 0.0000000 0.0630708
v -0.0021577 0.0015000 0.0630708
v -0.0063500 0.0015000 0.0622369
v -0.0063500 0.0000000 0.0608697
v -0.0020325 0.0000000 0.0626581
v -0.0020325 0.0015000 0.0626581
v -0.0063500 0.0015000 0.0608697
v -0.0063500 0.0000000 0.0592571
v -0.0018292 0.0000000 0.0622777
v -0.0018292 0.0015000 0.0622777
v -0.0063500 0.0015000 0.0592571
v -0.0015556 0.0000000 0.0619444
v -0.0015556 0.0015000 0.0619444
v -0.0012223 0.0000000 0.0616708
v -0.0012223 0.0015000 0.0616708
v -0.0008419 0.0000000 0.0614675
v -0.0008419 0.0015000 0.0614675
v -0.0004292 0.0000000 0.0613423
v -0.0004292 0.0015000 0.0613423
v -0.0000000 0.0000000 0.0613000
v -0.0000000 0.0015000 0.0613000
v 0.0004292 0.0000000 0.0613423
v 0.0004292 0.0015000 0.0613423
v 0.0008419 0.0000000 0.0614675
v 0.0008419 0.0015000 0.0614675
v 0.0012223 0.0000000 0.0616708
v 0.0012223 0.0015000 0.0616708
v 0.0015556 0.0000000 0.0619444
v 0.0015556 0.0015000 0.0619444
v 0.0063500 0.0000000 0.0592571
v 0.0018292 0.0000000 0.0622777
v 0.0018292 0.0015000 0.0622777
v 0.0063500 0.0015000 0.0592571
v 0.0063500 0.0000000 0.0608697
v 0.0020325 0.0000000 0.0626581
v 0.0020325 0.0015000 0.0626581
v 0.0063500 0.0015000 0.0608697
v 0.0063500 0.0000000 0.0622369
v 0.0021577 0.0000000 0.0630708
v 0.0021577 0.0015000 0.0630708
v 0.0063500 0.0015000 0.0622369
v 0.0063500 0.0000000 0.0762000
v 0.0063500 0.0000000 0.0774631
v 0.0021577 0.0000000 0.0766292
v 0.0022000 0.0000000 0.0762000
v 0.0063500 0.0015000 0.0762000
v 0.0022000 0.0015000 0.0762000
v 0.0021577 0.0015000 0.0766292
v 0.0063500 0.0015000 0.0774631
v 0.0063500 0.0000000 0.0788303
v 0.0020325 0.0000000 0.0770419
v 0.0020325 0.0015000 0.0770419
v 0.0063500 0.0015000 0.0788303
v 0.0063500 0.0000000 0.0804429
v 0.0018292 0.0000000 0.0774223
v 0.0018292 0.0015000 0.0774223
v 0.0063500 0.0015000 0.0804429
v 0.0063500 0.0000000 0.0825500
v 0.0015556 0.0000000 0.0777556
v 0.0015556 0.0015000 0.0777556
v 0.0063500 0.0015000 0.0825500
v 0.0042429 0.0000000 0.0825500
v 0.0012223 0.0000000 0.0780292
v 0.0012223 0.0015000 0.0780292
v 0.0042429 0.0015000 0.0825500
v 0.0026303 0.0000000 0.0825500
v 0.0008419 0.0000000 0.0782325
v 0.0008419 0.0015000 0.0782325
v 0.0026303 0.0015000 0.0825500
v 0.0012631 0.0000000 0.0825500
v 0.0004292 0.0000000 0.0783577
v 0.0004292 0.0015000 0.0783577
v 0.0012631 0.0015000 0.0825500
v -0.0000000 0.0000000 0.0825500
v -0.0000000 0.0000000 0.0784000
v -0.0000000 0.0015000 0.0784000
v -0.0000000 0.0015000 0.0825500
v -0.0012631 0.0000000 0.0825500
v -0.0004292 0.0000000 0.0783577
v -0.0004292 0.0015000 0.0783577
v -0.0012631 0.0015000 0.0825500
v -0.0026303 0.0000000 0.0825500
v -0.0008419 0.0000000 0.0782325
v -0.0008419 0.0015000 0.0782325
v -0.0026303 0.0015000 0.0825500
v -0.0042429 0.0000000 0.0825500
v -0.0012223 0.0000000 0.0780292
v -0.0012223 0.0015000 0.0780292
v -0.0042429 0.0015000 0.0825500
v -0.0063500 0.0000000 0.0825500
v -0.0015556 0.0000000 0.0777556
v -0.0015556 0.0015000 0.0777556
v -0.0063500 0.0015000 0.0825500
v -0.0063500 0.0000000 0.0804429
v -0.0018292 0.0000000 0.0774223
v -0.0018292 0.0015000 0.0774223
v -0.0063500 0.0015000 0.0804429
v -0.0063500 0.0000000 0.0788303
v -0.0020325 0.0000000 0.0770419
v -0.0020325 0.0015000 0.0770419
v -0.0063500 0.0015000 0.0788303
v -0.0063500 0.0000000 0.0774631
v -0.0021577 0.0000000 0.0766292
v -0.0021577 0.0015000 0.0766292
v -0.0063500 0.0015000 0.0774631
v -0.0063500 0.0000000 0.0762000
v -0.0022000 0.0000000 0.0762000
v -0.0022000 0.0015000 0.0762000
v -0.0063500 0.0015000 0.0762000
v -0.0063500 0.0000000 0.0749369
v -0.0021577 0.0000000 0.0757708
v -0.0021577 0.0015000 0.0757708
v -0.0063500 0.0015000 0.0749369
v -0.0063500 0.0000000 0.0735697
v -0.0020325 0.0000000 0.0753581
v -0.0020325 0.0015000 0.0753581
v -0.0063500 0.0015000 0.0735697
v -0.0063500 0.0000000 0.0719571
v -0.0018292 0.0000000 0.0749777
v -0.0018292 0.0015000 0.0749777
v -0.0063500 0.0015000 0.0719571
v -0.0015556 0.0000000 0.0746444
v -0.0015556 0.0015000 0.0746444
v -0.0012223 0.0000000 0.0743708
v -0.0012223 0.0015000 0.0743708
v -0.0008419 0.0000000 0.0741675
v -0.0008419 0.0015000 0.0741675
v -0.0004292 0.0000000 0.0740423
v -0.0004292 0.0015000 0.0740423
v -0.0000000 0.0000000 0.0740000
v -0.0000000 0.0015000 0.0740000
v 0.0004292 0.0000000 0.0740423
v 0.0004292 0.0015000 0.0740423
v 0.0008419 0.0000000 0.0741675
v 0.0008419 0.0015000 0.0741675
v 0.0012223 0.0000000 0.0743708
v 0.0012223 0.0015000 0.0743708
v 0.0015556 0.0000000 0.0746444
v 0.0015556 0.0015000 0.0746444
v 0.0063500 0.0000000 0.0719571
v 0.0018292 0.0000000 0.0749777
v 0.0018292 0.0015000 0.0749777
v 0.0063500 0.0015000 0.0719571
v 0.0063500 0.0000000 0.0735697
v 0.0020325 0.0000000 0.0753581
v 0.0020325 0.0015000 0.0753581
v 0.0063500 0.0015000 0.0735697
v 0.0063500 0.0000000 0.0749369
v 0.0021577 0.0000000 0.0757708
v 0.0021577 0.0015000 0.0757708
v 0.0063500 0.0015000 0.0749369
v 0.0063500 0.0000000 0.0889000
v 0.0063500 0.0000000 0.0901631
v 0.0021577 0.0000000 0.0893292
v 0.0022000 0.0000000 0.0889000
v 0.0063500 0.0015000 0.0889000
v 0.0022000 0.0015000 0.0889000
v 0.0021577 0.0015000 0.0893292
v 0.0063500 0.0015000 0.0901631
v 0.0063500 0.0000000 0.0915303
v 0.0020325 0.0000000 0.0897419
v 0.0020325 0.0015000 0.0897419
v 0.0063500 0.0015000 0.0915303
v 0.0063500 0.0000000 0.0931429
v 0.0018292 0.0000000 0.0901223
v 0.0018292 0.0015000 0.0901223
v 0.0063500 0.0015000 0.0931429
v 0.0063500 0.0000000 0.0952500
v 0.0015556 0.0000000 0.0904556
v 0.0015556 0.0015000 0.0904556
v 0.0063500 0.0015000 0.0952500
v 0.0042429 0.0000000 0.0952500
v 0.0012223 0.0000000 0.0907292
v 0.0012223 0.0015000 0.0907292
v 0.0042429 0.0015000 0.0952500
v 0.0026303 0.0000000 0.0952500
v 0.0008419 0.0000000 0.0909325
v 0.0008419 0.0015000 0.0909325
v 0.0026303 0.0015000 0.0952500
v 0.0012631 0.0000000 0.0952500
v 0.0004292 0.0000000 0.0910577
v 0.0004292 0.0015000 0.0910577
v 0.0012631 0.0015000 0.0952500
v -0.0000000 0.0000000 0.0952500
v -0.0000000 0.0000000 0.0911000
v -0.0000000 0.0015000 0.0911000
v -0.0000000 0.0015000 0.0952500
v -0.0012631 0.0000000 0.0952500
v -0.0004292 0.0000000 0.0910577
v -0.0004292 0.0015000 0.0910577
v -0.0012631 0.0015000 0.0952500
v -0.0026303 0.0000000 0.0952500
v -0.0008419 0.0000000 0.0909325
v -0.0008419 0.0015000 0.0909325
v -0.0026303 0.0015000 0.0952500
v -0.0042429 0.0000000 0.0952500
v -0.0012223 0.0000000 0.0907292
v -0.0012223 0.0015000 0.0907292
v -0.0042429 0.0015000 0.0952500
v -0.0063500 0.0000000 0.0952500
v -0.0015556 0.0000000 0.0904556
v -0.0015556 0.0015000 0.0904556
v -0.0063500 0.0015000 0.0952500
v -0.0063500 0.0000000 0.0931429
v -0.0018292 0.0000000 0.0901223
v -0.0018292 0.0015000 0.0901223
v -0.0063500 0.0015000 0.0931429
v -0.0063500 0.0000000 0.0915303
v -0.0020325 0.0000000 0.0897419
v -0.0020325 0.0015000 0.0897419
v -0.0063500 0.0015000 0.0915303
v -0.0063500 0.0000000 0.0901631
v -0.0021577 0.0000000 0.0893292
v -0.0021577 0.0015000 0.0893292
v -0.0063500 0.0015000 0.0901631
v -0.0063500 0.0000000 0.0889000
v -0.0022000 0.0000000 0.0889000
v -0.0022000 0.0015000 0.0889000
v -0.0063500 0.0015000 0.0889000
v -0.0063500 0.0000000 0.0876369
v -0.0021577 0.0000000 0.0884708
v -0.0021577 0.0015000 0.0884708
v -0.0063500 0.0015000 0.0876369
v -0.0063500 0.0000000 0.0862697
v -0.0020325 0.0000000 0.0880581
v -0.0020325 0.0015000 0.0880581
v -0.0063500 0.0015000 0.0862697
v -0.0063500 0.0000000 0.0846571
v -0.0018292 0.0000000 0.0876777
v -0.0018292 0.0015000 0.0876777
v -0.0063500 0.0015000 0.0846571
v -0.0015556 0.0000000 0.0873444
v -0.0015556 0.0015000 0.0873444
v -0.0012223 0.0000000 0.0870708
v -0.0012223 0.0015000 0.0870708
v -0.0008419 0.0000000 0.0868675
v -0.0008419 0.0015000 0.0868675
v -0.0004292 0.0000000 0.0867423
v -0.0004292 0.0015000 0.0867423
v -0.0000000 0.0000000 0.0867000
v -0.0000000 0.0015000 0.0867000
v 0.0004292 0.0000000 0.0867423
v 0.0004292 0.0015000 0.0867423
v 0.0008419 0.0000000 0.0868675
v 0.0008419 0.0015000 0.0868675
v 0.0012223 0.0000000 0.0870708
v 0.0012223 0.0015000 0.0870708
v 0.0015556 0.0000000 0.0873444
v 0.0015556 0.0015000 0.0873444
v 0.0063500 0.0000000 0.0846571
v 0.0018292 0.0000000 0.0876777
v 0.0018292 0.0015000 0.0876777
v 0.0063500 0.0015000 0.0846571
v 0.0063500 0.0000000 0.0862697
v 0.0020325 0.0000000 0.0880581
v 0.0020325 0.0015000 0.0880581
v 0.0063500 0.0015000 0.0862697
v 0.0063500 0.0000000 0.0876369
v 0.0021577 0.0000000 0.0884708
v 0.0021577 0.0015000 0.0884708
v 0.0063500 0.0015000 0.0876369
v 0.0063500 0.0000000 0.1016000
v 0.0063500 0.0000000 0.1028631
v 0.0021577 0.0000000 0.1020292
v 0.0022000 0.0000000 0.1016000
v 0.0063500 0.0015000 0.1016000
v 0.0022000 0.0015000 0.1016000
v 0.0021577 0.0015000 0.1020292
v 0.0063500 0.0015000 0.1028631
v 0.0063500 0.0000000 0.1042303
v 0.0020325 0.0000000 0.1024419
v 0.0020325 0.0015000 0.1024419
v 0.0063500 0.0015000 0.1042303
v 0.0063500 0.0000000 0.1058429
v 0.0018292 0.0000000 0.1028223
v 0.0018292 0.0015000 0.1028223
v 0.0063500 0.0015000 0.1058429
v 0.0063500 0.0000000 0.1079500
v 0.0015556 0.0000000 0.1031556
v 0.0015556 0.0015000 0.1031556
v 0.0063500 0.0015000 0.1079500
v 0.0042429 0.0000000 0.1079500
v 0.0012223 0.0000000 0.1034292
v 0.0012223 0.0015000 0.1034292
v 0.0042429 0.0015000 0.1079500
v 0.0026303 0.0000000 0.1079500
v 0.0008419 0.0000000 0.1036325
v 0.0008419 0.0015000 0.1036325
v 0.0026303 0.0015000 0.1079500
v 0.0012631 0.0000000 0.1079500
v 0.0004292 0.0000000 0.1037577
v 0.0004292 0.0015000 0.1037577
v 0.0012631 0.0015000 0.1079500
v -0.0000000 0.0000000 0.1079500
v -0.0000000 0.0000000 0.1038000
v -0.0000000 0.0015000 0.1038000
v -0.0000000 0.0015000 0.1079500
v -0.0012631 0.0000000 0.1079500
v -0.0004292 0.0000000 0.1037577
v -0.0004292 0.0015000 0.1037577
v -0.0012631 0.0015000 0.1079500
v -0.0026303 0.0000000 0.1079500
v -0.0008419 0.0000000 0.1036325
v -0.0008419 0.0015000 0.1036325
v -0.0026303 0.0015000 0.1079500
v -0.0042429 0.0000000 0.1079500
v -0.0012223 0.0000000 0.1034292
v -0.0012223 0.0015000 0.1034292
v -0.0042429 0.0015000 0.1079500
v -0.0063500 0.0000000 0.1079500
v -0.0015556 0.0000000 0.1031556
v -0.0015556 0.0015000 0.1031556
v -0.0063500 0.0015000 0.1079500
v -0.0063500 0.0000000 0.1058429
v -0.0018292 0.0000000 0.1028223
v -0.0018292 0.0015000 0.1028223
v -0.0063500 0.0015000 0.1058429
v -0.0063500 0.0000000 0.1042303
v -0.0020325 0.0000000 0.1024419
v -0.0020325 0.0015000 0.1024419
v -0.0063500 0.0015000 0.1042303
v -0.0063500 0.0000000 0.1028631
v -0.0021577 0.0000000 0.1020292
v -0.0021577 0.0015000 0.1020292
v -0.0063500 0.0015000 0.1028631
v -0.0063500 0.0000000 0.1016000
v -0.0022000 0.0000000 0.1016000
v -0.0022000 0.0015000 0.1016000
v -0.0063500 0.0015000 0.1016000
v -0.0063500 0.0000000 0.1003369
v -0.0021577 0.0000000 0.1011708
v -0.0021577 0.0015000 0.1011708
v -0.0063500 0.0015000 0.1003369
v -0.0063500 0.0000000 0.0989697
v -0.0020325 0.0000000 0.1007581
v -0.0020325 0.0015000 0.1007581
v -0.0063500 0.0015000 0.0989697
v -0.0063500 0.0000000 0.0973571
v -0.0018292 0.0000000 0.1003777
v -0.0018292 0.0015000 0.1003777
v -0.0063500 0.0015000 0.0973571
v -0.0015556 0.0000000 0.1000444
v -0.0015556 0.0015000 0.1000444
v -0.0012223 0.0000000 0.0997708
v -0.0012223 0.0015000 0.0997708
v -0.0008419 0.0000000 0.0995675
v -0.0008419 0.0015000 0.0995675
v -0.0004292 0.0000000 0.0994423
v -0.0004292 0.0015000 0.0994423
v -0.0000000 0.0000000 0.0994000
v -0.0000000 0.0015000 0.0994000
v 0.0004292 0.0000000 0.0994423
v 0.0004292 0.0015000 0.0994423
v 0.0008419 0.0000000 0.0995675
v 0.0008419 0.0015000 0.0995675
v 0.0012223 0.0000000 0.0997708
v 0.0012223 0.0015000 0.0997708
v 0.0015556 0.0000000 0.1000444
v 0.0015556 0.0015000 0.1000444
v 0.0063500 0.0000000 0.0973571
v 0.0018292 0.0000000 0.1003777
v 0.0018292 0.0015000 0.1003777
v 0.0063500 0.0015000 0.0973571
v 0.0063500 0.0000000 0.0989697
v 0.0020325 0.0000000 0.1007581
v 0.0020325 0.0015000 0.1007581
v 0.0063500 0.0015000 0.0989697
v 0.0063500 0.0000000 0.1003369
v 0.0021577 0.0000000 0.1011708
v 0.0021577 0.0015000 0.1011708
v 0.0063500 0.0015000 0.1003369
v 0.0063500 0.0000000 0.1143000
v 0.0063500 0.0000000 0.1155631
v 0.0021577 0.0000000 0.1147292
v 0.0022000 0.0000000 0.1143000
v 0.0063500 0.0015000 0.1143000
v 0.0022000 0.0015000 0.1143000
v 0.0021577 0.0015000 0.1147292
v 0.0063500 0.0015000 0.1155631
v 0.0063500 0.0000000 0.1169303
v 0.0020325 0.0000000 0.1151419
v 0.0020325 0.0015000 0.1151419
v 0.0063500 0.0015000 0.1169303
v 0.0063500 0.0000000 0.1185429
v 0.0018292 0.0000000 0.1155223
v 0.0018292 0.0015000 0.1155223
v 0.0063500 0.0015000 0.1185429
v 0.0063500 0.0000000 0.1206500
v 0.0015556 0.0000000 0.1158556
v 0.0015556 0.0015000 0.1158556
v 0.0063500 0.0015000 0.1206500
v 0.0042429 0.0000000 0.1206500
v 0.0012223 0.0000000 0.1161292
v 0.0012223 0.0015000 0.1161292
v 0.0042429 0.0015000 0.1206500
v 0.0026303 0.0000000 0.1206500
v 0.0008419 0.0000000 0.1163325
v 0.0008419 0.0015000 0.1163325
v 0.0026303 0.0015000 0.1206500
v 0.0012631 0.0000000 0.1206500
v 0.0004292 0.0000000 0.1164577
v 0.0004292 0.0015000 0.1164577
v 0.0012631 0.0015000 0.1206500
v -0.0000000 0.0000000 0.1206500
v -0.0000000 0.0000000 0.1165000
v -0.0000000 0.0015000 0.1165000
v -0.0000000 0.0015000 0.1206500
v -0.0012631 0.0000000 0.1206500
v -0.0004292 0.0000000 0.1164577
v -0.0004292 0.0015000 0.1164577
v -0.0012631 0.0015000 0.1206500
v -0.0026303 0.0000000 0.1206500
v -0.0008419 0.0000000 0.1163325
v -0.0008419 0.0015000 0.1163325
v -0.0026303 0.0015000 0.1206500
v -0.0042429 0.0000000 0.1206500
v -0.0012223 0.0000000 0.1161292
v -0.0012223 0.0015000 0.1161292
v -0.0042429 0.0015000 0.1206500
v -0.0063500 0.0000000 0.1206500
v -0.0015556 0.0000000 0.1158556
v -0.0015556 0.0015000 0.1158556
v -0.0063500 0.0015000 0.1206500
v -0.0063500 0.0000000 0.1185429
v -0.0018292 0.0000000 0.1155223
v -0.0018292 0.0015000 0.1155223
v -0.0063500 0.0015000 0.1185429
v -0.0063500 0.0000000 0.1169303
v -0.0020325 0.0000000 0.1151419
v -0.0020325 0.0015000 0.1151419
v -0.0063500 0.0015000 0.1169303
v -0.0063500 0.0000000 0.1155631
v -0.0021577 0.0000000 0.1147292
v -0.0021577 0.0015000 0.1147292
v -0.0063500 0.0015000 0.1155631
v -0.0063500 0.0000000 0.1143000
v -0.0022000 0.0000000 0.1143000
v -0.0022000 0.0015000 0.1143000
v -0.0063500 0.0015000 0.1143000
v -0.0063500 0.0000000 0.1130369
v -0.0021577 0.0000000 0.1138708
v -0.0021577 0.0015000 0.1138708
v -0.0063500 0.0015000 0.1130369
v -0.0063500 0.0000000 0.1116697
v -0.0020325 0.0000000 0.1134581
v -0.0020325 0.0015000 0.1134581
v -0.0063500 0.0015000 0.1116697
v -0.0063500 0.0000000 0.1100571
v -0.0018292 0.0000000 0.1130777
v -0.0018292 0.0015000 0.1130777
v -0.0063500 0.0015000 0.1100571
v -0.0015556 0.0000000 0.1127444
v -0.0015556 0.0015000 0.1127444
v -0.0012223 0.0000000 0.1124708
v -0.0012223 0.0015000 0.1124708
v -0.0008419 0.0000000 0.1122675
v -0.0008419 0.0015000 0.1122675
v -0.0004292 0.0000000 0.1121423
v -0.0004292 0.0015000 0.1121423
v -0.0000000 0.0000000 0.1121000
v -0.0000000 0.0015000 0.1121000
v 0.0004292 0.0000000 0.1121423
v 0.0004292 0.0015000 0.1121423
v 0.0008419 0.0000000 0.1122675
v 0.0008419 0.0015000 0.1122675
v 0.0012223 0.0000000 0.1124708
v 0.0012223 0.0015000 0.1124708
v 0.0015556 0.0000000 0.1127444
v 0.0015556 0.0015000 0.1127444
v 0.0063500 0.0000000 0.1100571
v 0.0018292 0.0000000 0.1130777
v 0.0018292 0.0015000 0.1130777
v 0.0063500 0.0015000 0.1100571
v 0.0063500 0.0000000 0.1116697
v 0.0020325 0.0000000 0.1134581
v 0.0020325 0.0015000 0.1134581
v 0.0063500 0.0015000 0.1116697
v 0.0063500 0.0000000 0.1130369
v 0.0021577 0.0000000 0.1138708
v 0.0021577 0.0015000 0.1138708
v 0.0063500 0.0015000 0.1130369
usemtl body
vn 0.0 -1.0 0.0
vn 0.0 1.0 0.0
vn -0.9994608 0.0 -0.0328341
vn -0.9738481 0.0 -0.2272002
vn -0.9866507 0.0 -0.1628505
vn -0.9994608 0.0 0.0328341
vn 1.0 0.0 0.0
vn -0.9108364 0.0 -0.4127676
vn -0.9359394 0.0 -0.352161
vn -0.812762 0.0 -0.5825959
vn -0.8492562 0.0 -0.527981
vn -0.6835537 0.0 -0.7299002
vn -0.7299002 0.0 -0.6835537
vn -0.527981 0.0 -0.8492562
vn -0.5825959 0.0 -0.812762
vn 0.0 0.0 1.0
vn -0.352161 0.0 -0.9359394
vn -0.4127676 0.0 -0.9108364
vn -0.1628505 0.0 -0.9866507
vn -0.2272002 0.0 -0.9738481
vn 0.0328341 0.0 -0.9994608
vn -0.0328341 0.0 -0.9994608
vn 0.2272002 0.0 -0.9738481
vn 0.1628505 0.0 -0.9866507
vn 0.4127676 0.0 -0.9108364
vn 0.352161 0.0 -0.9359394
vn 0.5825959 0.0 -0.812762
vn 0.527981 0.0 -0.8492562
vn 0.7299002 0.0 -0.6835537
vn 0.6835537 0.0 -0.7299002
vn 0.8492562 0.0 -0.527981
vn 0.812762 0.0 -0.5825959
vn -1.0 0.0 0.0
vn 0.9359394 0.0 -0.352161
vn 0.9108364 0.0 -0.4127676
vn 0.9866507 0.0 -0.1628505
vn 0.9738481 0.0 -0.2272002
vn 0.9994608 0.0 0.0328341
vn 0.9994608 0.0 -0.0328341
vn 0.9738481 0.0 0.2272002
vn 0.9866507 0.0 0.1628505
vn 0.9108364 0.0 0.4127676
vn 0.9359394 0.0 0.352161
vn 0.812762 0.0 0.5825959
vn 0.8492562 0.0 0.527981
vn 0.6835537 0.0 0.7299002
vn 0.7299002 0.0 0.6835537
vn 0.527981 0.0 0.8492562
vn 0.5825959 0.0 0.812762
vn 0.0 0.0 -1.0
vn 0.352161 0.0 0.9359394
vn 0.4127676 0.0 0.9108364
vn 0.1628505 0.0 0.9866507
vn 0.2272002 0.0 0.9738481
vn -0.0328341 0.0 0.9994608
vn 0.0328341 0.0 0.9994608
vn -0.2272002 0.0 0.9738481
vn -0.1628505 0.0 0.9866507
vn -0.4127676 0.0 0.9108364
vn -0.352161 0.0 0.9359394
vn -0.5825959 0.0 0.812762
vn -0.527981 0.0 0.8492562
vn -0.7299002 0.0 0.6835537
vn -0.6835537 0.0 0.7299002
vn -0.8492562 0.0 0.527981
vn -0.812762 0.0 0.5825959
vn -0.9359394 0.0 0.352161
vn -0.9108364 0.0 0.4127676
vn -0.9866507 0.0 0.1628505
vn -0.9738481 0.0 0.2272002
f 1//1 2//1 3//1
f 1//1 3//1 4//1
f 5//2 6//2 7//2
f 5//2 7//2 8//2
f 4//3 3//4 7//5
f 4//3 7//5 6//6
f 1//7 5//7 8//7
f 1//7 8//7 2//7
f 2//1 9//1 10//1
f 2//1 10//1 3//1
f 8//2 7//2 11//2
f 8//2 11//2 12//2
f 3//4 10//8 11//9
f 3//4 11//9 7//5
f 2//7 8//7 12//7
f 2//7 12//7 9//7
f 9//1 13//1 14//1
f 9//1 14//1 10//1
f 12//2 11//2 15//2
f 12//2 15//2 16//2
f 10//8 14//10 15//11
f 10//8 15//11 11//9
f 9//7 12//7 16//7
f 9//7 16//7 13//7
f 13//1 17//1 18//1
f 13//1 18//1 14//1
f 16//2 15//2 19//2
f 16//2 19//2 20//2
f 14//10 18//12 19//13
f 14//10 19//13 15//11
f 13//7 16//7 20//7
f 13//7 20//7 17//7
f 17//1 21//1 22//1
f 17//1 22//1 18//1
f 20//2 19//2 23//2
f 20//2 23//2 24//2
f 18//12 22//14 23//15
f 18//12 23//15 19//13
f 17//16 20//16 24//16
f 17//16 24//16 21//16
f 21//1 25//1 26//1
f 21//1 26//1 22//1
f 24//2 23//2 27//2
f 24//2 27//2 28//2
f 22//14 26//17 27//18
f 22//14 27//18 23//15
f 21//16 24//16 28//16
f 21//16 28//16 25//16
f 25//1 29//1 30//1
f 25//1 30//1 26//1
f 28//2 27//2 31//2
f 28//2 31//2 32//2
f 26//17 30//19 31//20
f 26//17 31//20 27//18
f 25//16 28//16 32//16
f 25//16 32//16 29//16
f 29//1 33//1 34//1
f 29//1 34//1 30//1
f 32//2 31//2 35//2
f 32//2 35//2 36//2
f 30//19 34//21 35//22
f 30//19 35//22 31//20
f 29//16 32//16 36//16
f 29//16 36//16 33//16
f 33//1 37//1 38//1
f 33//1 38//1 34//1
f 36//2 35//2 39//2
f 36//2 39//2 40//2
f 34//21 38//23 39//24
f 34//21 39//24 35//22
f 33//16 36//16 40//16
f 33//16 40//16 37//16
f 37//1 41//1 42//1
f 37//1 42//1 38//1
f 40//2 39//2 43//2
f 40//2 43//2 44//2
f 38//23 42//25 43//26
f 38//23 43//26 39//24
f 37//16 40//16 44//16
f 37//16 44//16 41//16
f 41//1 45//1 46//1
f 41//1 46//1 42//1
f 44//2 43//2 47//2
f 44//2 47//2 48//2
f 42//25 46//27 47//28
f 42//25 47//28 43//26
f 41//16 44//16 48//16
f 41//16 48//16 45//16
f 45//1 49//1 50//1
f 45//1 50//1 46//1
f 48//2 47//2 51//2
f 48//2 51//2 52//2
f 46//27 50//29 51//30
f 46//27 51//30 47//28
f 45//16 48//16 52//16
f 45//16 52//16 49//16
f 49//1 53//1 54//1
f 49//1 54//1 50//1
f 52//2 51//2 55//2
f 52//2 55//2 56//2
f 50//29 54//31 55//32
f 50//29 55//32 51//30
f 49//33 52//33 56//33
f 49//33 56//33 53//33
f 53//1 57//1 58//1
f 53//1 58//1 54//1
f 56//2 55//2 59//2
f 56//2 59//2 60//2
f 54//31 58//34 59//35
f 54//31 59//35 55//32
f 53//33 56//33 60//33
f 53//33 60//33 57//33
f 57//1 61//1 62//1
f 57//1 62//1 58//1
f 60//2 59//2 63//2
f 60//2 63//2 64//2
f 58//34 62//36 63//37
f 58//34 63//37 59//35
f 57//33 60//33 64//33
f 57//33 64//33 61//33
f 61//1 65//1 66//1
f 61//1 66//1 62//1
f 64//2 63//2 67//2
f 64//2 67//2 68//2
f 62//36 66//38 67//39
f 62//36 67//39 63//37
f 61//33 64//33 68//33
f 61//33 68//33 65//33
f 65//1 69//1 70//1
f 65//1 70//1 66//1
f 68//2 67//2 71//2
f 68//2 71//2 72//2
f 66//38 70//40 71//41
f 66//38 71//41 67//39
f 65//33 68//33 72//33
f 65//33 72//33 69//33
f 69//1 73//1 74//1
f 69//1 74//1 70//1
f 72//2 71//2 75//2
f 72//2 75//2 76//2
f 70//40 74//42 75//43
f 70//40 75//43 71//41
f 69//33 72//33 76//33
f 69//33 76//33 73//33
f 73//1 77//1 78//1
f 73//1 78//1 74//1
f 76//2 75//2 79//2
f 76//2 79//2 80//2
f 74//42 78//44 79//45
f 74//42 79//45 75//43
f 73//33 76//33 80//33
f 73//33 80//33 77//33
f 77//1 81//1 82//1
f 77//1 82//1 78//1
f 80//2 79//2 83//2
f 80//2 83//2 84//2
f 78//44 82//46 83//47
f 78//44 83//47 79//45
f 77//33 80//33 84//33
f 77//33 84//33 81//33
f 81//1 85//1 86//1
f 81//1 86//1 82//1
f 84//2 83//2 87//2
f 84//2 87//2 88//2
f 82//46 86//48 87//49
f 82//46 87//49 83//47
f 81//50 84//50 88//50
f 81//50 88//50 85//50
f 85//1 89//1 90//1
f 85//1 90//1 86//1
f 88//2 87//2 91//2
f 88//2 91//2 92//2
f 86//48 90//51 91//52
f 86//48 91//52 87//49
f 85//50 88//50 92//50
f 85//50 92//50 89//50
f 89//1 93//1 94//1
f 89//1 94//1 90//1
f 92//2 91//2 95//2
f 92//2 95//2 96//2
f 90//51 94//53 95//54
f 90//51 95//54 91//52
f 89//50 92//50 96//50
f 89//50 96//50 93//50
f 93//1 97//1 98//1
f 93//1 98//1 94//1
f 96//2 95//2 99//2
f 96//2 99//2 100//2
f 94//53 98//55 99//56
f 94//53 99//56 95//54
f 93//50 96//50 100//50
f 93//50 100//50 97//50
f 97//1 101//1 102//1
f 97//1 102//1 98//1
f 100//2 99//2 103//2
f 100//2 103//2 104//2
f 98//55 102//57 103//58
f 98//55 103//58 99//56
f 97//50 100//50 104//50
f 97//50 104//50 101//50
f 101//1 105//1 106//1
f 101//1 106//1 102//1
f 104//2 103//2 107//2
f 104//2 107//2 108//2
f 102//57 106//59 107//60
f 102//57 107//60 103//58
f 101//50 104//50 108//50
f 101//50 108//50 105//50
f 105//1 109//1 110//1
f 105//1 110//1 106//1
f 108//2 107//2 111//2
f 108//2 111//2 112//2
f 106//59 110//61 111//62
f 106//59 111//62 107//60
f 105//50 108//50 112//50
f 105//50 112//50 109//50
f 109//1 113//1 114//1
f 109//1 114//1 110//1
f 112//2 111//2 115//2
f 112//2 115//2 116//2
f 110//61 114//63 115//64
f 110//61 115//64 111//62
f 109//50 112//50 116//50
f 109//50 116//50 113//50
f 113//1 117//1 118//1
f 113//1 118//1 114//1
f 116//2 115//2 119//2
f 116//2 119//2 120//2
f 114//63 118//65 119//66
f 114//63 119//66 115//64
f 113//7 116//7 120//7
f 113//7 120//7 117//7
f 117//1 121//1 122//1
f 117//1 122//1 118//1
f 120//2 119//2 123//2
f 120//2 123//2 124//2
f 118//65 122//67 123//68
f 118//65 123//68 119//66
f 117//7 120//7 124//7
f 117//7 124//7 121//7
f 121//1 125//1 126//1
f 121//1 126//1 122//1
f 124//2 123//2 127//2
f 124//2 127//2 128//2
f 122//67 126//69 127//70
f 122//67 127//70 123//68
f 121//7 124//7 128//7
f 121//7 128//7 125//7
f 125//1 1//1 4//1
f 125//1 4//1 126//1
f 128//2 127//2 6//2
f 128//2 6//2 5//2
f 126//69 4//3 6//6
f 126//69 6//6 127//70
f 125//7 128//7 5//7
f 125//7 5//7 1//7
f 129//1 130//1 131//1
f 129//1 131//1 132//1
f 133//2 134//2 135//2
f 133//2 135//2 136//2
f 132//3 131//4 135//5
f 132//3 135//5 134//6
f 129//7 133//7 136//7
f 129//7 136//7 130//7
f 130//1 137//1 138//1
f 130//1 138//1 131//1
f 136//2 135//2 139//2
f 136//2 139//2 140//2
f 131//4 138//8 139//9
f 131//4 139//9 135//5
f 130//7 136//7 140//7
f 130//7 140//7 137//7
f 137//1 141//1 142//1
f 137//1 142//1 138//1
f 140//2 139//2 143//2
f 140//2 143//2 144//2
f 138//8 142//10 143//11
f 138//8 143//11 139//9
f 137//7 140//7 144//7
f 137//7 144//7 141//7
f 141//1 145//1 146//1
f 141//1 146//1 142//1
f 144//2 143//2 147//2
f 144//2 147//2 148//2
f 142//10 146//12 147//13
f 142//10 147//13 143//11
f 141//7 144//7 148//7
f 141//7 148//7 145//7
f 145//1 149//1 150//1
f 145//1 150//1 146//1
f 148//2 147//2 151//2
f 148//2 151//2 152//2
f 146//12 150//14 151//15
f 146//12 151//15 147//13
f 145//16 148//16 152//16
f 145//16 152//16 149//16
f 149//1 153//1 154//1
f 149//1 154//1 150//1
f 152//2 151//2 155//2
f 152//2 155//2 156//2
f 150//14 154//17 155//18
f 150//14 155//18 151//15
f 149//16 152//16 156//16
f 149//16 156//16 153//16
f 153//1 157//1 158//1
f 153//1 158//1 154//1
f 156//2 155//2 159//2
f 156//2 159//2 160//2
f 154//17 158//19 159//20
f 154//17 159//20 155//18
f 153//16 156//16 160//16
f 153//16 160//16 157//16
f 157//1 161//1 162//1
f 157//1 162//1 158//1
f 160//2 159//2 163//2
f 160//2 163//2 164//2
f 158//19 162//21 163//22
f 158//19 163//22 159//20
f 157//16 160//16 164//16
f 157//16 164//16 161//16
f 161//1 165//1 166//1
f 161//1 166//1 162//1
f 164//2 163//2 167//2
f 164//2 167//2 168//2
f 162//21 166//23 167//24
f 162//21 167//24 163//22
f 161//16 164//16 168//16
f 161//16 168//16 165//16
f 165//1 169//1 170//1
f 165//1 170//1 166//1
f 168//2 167//2 171//2
f 168//2 171//2 172//2
f 166//23 170//25 171//26
f 166//23 171//26 167//24
f 165//16 168//16 172//16
f 165//16 172//16 169//16
f 169//1 173//1 174//1
f 169//1 174//1 170//1
f 172//2 171//2 175//2
f 172//2 175//2 176//2
f 170//25 174//27 175//28
f 170//25 175//28 171//26
f 169//16 172//16 176//16
f 169//16 176//16 173//16
f 173//1 177//1 178//1
f 173//1 178//1 174//1
f 176//2 175//2 179//2
f 176//2 179//2 180//2
f 174//27 178//29 179//30
f 174//27 179//30 175//28
f 173//16 176//16 180//16
f 173//16 180//16 177//16
f 177//1 181//1 182//1
f 177//1 182//1 178//1
f 180//2 179//2 183//2
f 180//2 183//2 184//2
f 178//29 182//31 183//32
f 178//29 183//32 179//30
f 177//33 180//33 184//33
f 177//33 184//33 181//33
f 181//1 185//1 186//1
f 181//1 186//1 182//1
f 184//2 183//2 187//2
f 184//2 187//2 188//2
f 182//31 186//34 187//35
f 182//31 187//35 183//32
f 181//33 184//33 188//33
f 181//33 188//33 185//33
f 185//1 189//1 190//1
f 185//1 190//1 186//1
f 188//2 187//2 191//2
f 188//2 191//2 192//2
f 186//34 190//36 191//37
f 186//34 191//37 187//35
f 185//33 188//33 192//33
f 185//33 192//33 189//33
f 189//1 193//1 194//1
f 189//1 194//1 190//1
f 192//2 191//2 195//2
f 192//2 195//2 196//2
f 190//36 194//38 195//39
f 190//36 195//39 191//37
f 189//33 192//33 196//33
f 189//33 196//33 193//33
f 193//1 197//1 198//1
f 193//1 198//1 194//1
f 196//2 195//2 199//2
f 196//2 199//2 200//2
f 194//38 198//40 199//41
f 194//38 199//41 195//39
f 193//33 196//33 200//33
f 193//33 200//33 197//33
f 197//1 201//1 202//1
f 197//1 202//1 198//1
f 200//2 199//2 203//2
f 200//2 203//2 204//2
f 198//40 202//42 203//43
f 198//40 203//43 199//41
f 197//33 200//33 204//33
f 197//33 204//33 201//33
f 201//1 205//1 206//1
f 201//1 206//1 202//1
f 204//2 203//2 207//2
f 204//2 207//2 208//2
f 202//42 206//44 207//45
f 202//42 207//45 203//43
f 201//33 204//33 208//33
f 201//33 208//33 205//33
f 205//1 49//1 209//1
f 205//1 209//1 206//1
f 208//2 207//2 210//2
f 208//2 210//2 52//2
f 206//44 209//46 210//47
f 206//44 210//47 207//45
f 205//33 208//33 52//33
f 205//33 52//33 49//33
f 49//1 45//1 211//1
f 49//1 211//1 209//1
f 52//2 210//2 212//2
f 52//2 212//2 48//2
f 209//46 211//48 212//49
f 209//46 212//49 210//47
f 49//50 52//50 48//50
f 49//50 48//50 45//50
f 45//1 41//1 213//1
f 45//1 213//1 211//1
f 48//2 212//2 214//2
f 48//2 214//2 44//2
f 211//48 213//51 214//52
f 211//48 214//52 212//49
f 45//50 48//50 44//50
f 45//50 44//50 41//50
f 41//1 37//1 215//1
f 41//1 215//1 213//1
f 44//2 214//2 216//2
f 44//2 216//2 40//2
f 213//51 215//53 216//54
f 213//51 216//54 214//52
f 41//50 44//50 40//50
f 41//50 40//50 37//50
f 37//1 33//1 217//1
f 37//1 217//1 215//1
f 40//2 216//2 218//2
f 40//2 218//2 36//2
f 215//53 217//55 218//56
f 215//53 218//56 216//54
f 37//50 40//50 36//50
f 37//50 36//50 33//50
f 33//1 29//1 219//1
f 33//1 219//1 217//1
f 36//2 218//2 220//2
f 36//2 220//2 32//2
f 217//55 219//57 220//58
f 217//55 220//58 218//56
f 33//50 36//50 32//50
f 33//50 32//50 29//50
f 29//1 25//1 221//1
f 29//1 221//1 219//1
f 32//2 220//2 222//2
f 32//2 222//2 28//2
f 219//57 221//59 222//60
f 219//57 222//60 220//58
f 29//50 32//50 28//50
f 29//50 28//50 25//50
f 25//1 21//1 223//1
f 25//1 223//1 221//1
f 28//2 222//2 224//2
f 28//2 224//2 24//2
f 221//59 223//61 224//62
f 221//59 224//62 222//60
f 25//50 28//50 24//50
f 25//50 24//50 21//50
f 21//1 17//1 225//1
f 21//1 225//1 223//1
f 24//2 224//2 226//2
f 24//2 226//2 20//2
f 223//61 225//63 226//64
f 223//61 226//64 224//62
f 21//50 24//50 20//50
f 21//50 20//50 17//50
f 17//1 227//1 228//1
f 17//1 228//1 225//1
f 20//2 226//2 229//2
f 20//2 229//2 230//2
f 225//63 228//65 229//66
f 225//63 229//66 226//64
f 17//7 20//7 230//7
f 17//7 230//7 227//7
f 227//1 231//1 232//1
f 227//1 232//1 228//1
f 230//2 229//2 233//2
f 230//2 233//2 234//2
f 228//65 232//67 233//68
f 228//65 233//68 229//66
f 227//7 230//7 234//7
f 227//7 234//7 231//7
f 231//1 235//1 236//1
f 231//1 236//1 232//1
f 234//2 233//2 237//2
f 234//2 237//2 238//2
f 232//67 236//69 237//70
f 232//67 237//70 233//68
f 231//7 234//7 238//7
f 231//7 238//7 235//7
f 235//1 129//1 132//1
f 235//1 132//1 236//1
f 238//2 237//2 134//2
f 238//2 134//2 133//2
f 236//69 132//3 134//6
f 236//69 134//6 237//70
f 235//7 238//7 133//7
f 235//7 133//7 129//7
f 239//1 240//1 241//1
f 239//1 241//1 242//1
f 243//2 244//2 245//2
f 243//2 245//2 246//2
f 242//3 241//4 245//5
f 242//3 245//5 244//6
f 239//7 243//7 246//7
f 239//7 246//7 240//7
f 240//1 247//1 248//1
f 240//1 248//1 241//1
f 246//2 245//2 249//2
f 246//2 249//2 250//2
f 241//4 248//8 249//9
f 241//4 249//9 245//5
f 240//7 246//7 250//7
f 240//7 250//7 247//7
f 247//1 251//1 252//1
f 247//1 252//1 248//1
f 250//2 249//2 253//2
f 250//2 253//2 254//2
f 248//8 252//10 253//11
f 248//8 253//11 249//9
f 247//7 250//7 254//7
f 247//7 254//7 251//7
f 251//1 255//1 256//1
f 251//1 256//1 252//1
f 254//2 253//2 257//2
f 254//2 257//2 258//2
f 252//10 256//12 257//13
f 252//10 257//13 253//11
f 251//7 254//7 258//7
f 251//7 258//7 255//7
f 255//1 259//1 260//1
f 255//1 260//1 256//1
f 258//2 257//2 261//2
f 258//2 261//2 262//2
f 256//12 260//14 261//15
f 256//12 261//15 257//13
f 255//16 258//16 262//16
f 255//16 262//16 259//16
f 259//1 263//1 264//1
f 259//1 264//1 260//1
f 262//2 261//2 265//2
f 262//2 265//2 266//2
f 260//14 264//17 265//18
f 260//14 265//18 261//15
f 259//16 262//16 266//16
f 259//16 266//16 263//16
f 263//1 267//1 268//1
f 263//1 268//1 264//1
f 266//2 265//2 269//2
f 266//2 269//2 270//2
f 264//17 268//19 269//20
f 264//17 269//20 265//18
f 263//16 266//16 270//16
f 263//16 270//16 267//16
f 267//1 271//1 272//1
f 267//1 272//1 268//1
f 270//2 269//2 273//2
f 270//2 273//2 274//2
f 268//19 272//21 273//22
f 268//19 273//22 269//20
f 267//16 270//16 274//16
f 267//16 274//16 271//16
f 271//1 275//1 276//1
f 271//1 276//1 272//1
f 274//2 273//2 277//2
f 274//2 277//2 278//2
f 272//21 276//23 277//24
f 272//21 277//24 273//22
f 271//16 274//16 278//16
f 271//16 278//16 275//16
f 275//1 279//1 280//1
f 275//1 280//1 276//1
f 278//2 277//2 281//2
f 278//2 281//2 282//2
f 276//23 280//25 281//26
f 276//23 281//26 277//24
f 275//16 278//16 282//16
f 275//16 282//16 279//16
f 279//1 283//1 284//1
f 279//1 284//1 280//1
f 282//2 281//2 285//2
f 282//2 285//2 286//2
f 280//25 284//27 285//28
f 280//25 285//28 281//26
f 279//16 282//16 286//16
f 279//16 286//16 283//16
f 283//1 287//1 288//1
f 283//1 288//1 284//1
f 286//2 285//2 289//2
f 286//2 289//2 290//2
f 284//27 288//29 289//30
f 284//27 289//30 285//28
f 283//16 286//16 290//16
f 283//16 290//16 287//16
f 287//1 291//1 292//1
f 287//1 292//1 288//1
f 290//2 289//2 293//2
f 290//2 293//2 294//2
f 288//29 292//31 293//32
f 288//29 293//32 289//30
f 287//33 290//33 294//33
f 287//33 294//33 291//33
f 291//1 295//1 296//1
f 291//1 296//1 292//1
f 294//2 293//2 297//2
f 294//2 297//2 298//2
f 292//31 296//34 297//35
f 292//31 297//35 293//32
f 291//33 294//33 298//33
f 291//33 298//33 295//33
f 295//1 299//1 300//1
f 295//1 300//1 296//1
f 298//2 297//2 301//2
f 298//2 301//2 302//2
f 296//34 300//36 301//37
f 296//34 301//37 297//35
f 295//33 298//33 302//33
f 295//33 302//33 299//33
f 299//1 303//1 304//1
f 299//1 304//1 300//1
f 302//2 301//2 305//2
f 302//2 305//2 306//2
f 300//36 304//38 305//39
f 300//36 305//39 301//37
f 299//33 302//33 306//33
f 299//33 306//33 303//33
f 303//1 307//1 308//1
f 303//1 308//1 304//1
f 306//2 305//2 309//2
f 306//2 309//2 310//2
f 304//38 308//40 309//41
f 304//38 309//41 305//39
f 303//33 306//33 310//33
f 303//33 310//33 307//33
f 307//1 311//1 312//1
f 307//1 312//1 308//1
f 310//2 309//2 313//2
f 310//2 313//2 314//2
f 308//40 312//42 313//43
f 308//40 313//43 309//41
f 307//33 310//33 314//33
f 307//33 314//33 311//33
f 311//1 315//1 316//1
f 311//1 316//1 312//1
f 314//2 313//2 317//2
f 314//2 317//2 318//2
f 312//42 316//44 317//45
f 312//42 317//45 313//43
f 311//33 314//33 318//33
f 311//33 318//33 315//33
f 315//1 177//1 319//1
f 315//1 319//1 316//1
f 318//2 317//2 320//2
f 318//2 320//2 180//2
f 316//44 319//46 320//47
f 316//44 320//47 317//45
f 315//33 318//33 180//33
f 315//33 180//33 177//33
f 177//1 173//1 321//1
f 177//1 321//1 319//1
f 180//2 320//2 322//2
f 180//2 322//2 176//2
f 319//46 321//48 322//49
f 319//46 322//49 320//47
f 177//50 180//50 176//50
f 177//50 176//50 173//50
f 173//1 169//1 323//1
f 173//1 323//1 321//1
f 176//2 322//2 324//2
f 176//2 324//2 172//2
f 321//48 323//51 324//52
f 321//48 324//52 322//49
f 173//50 176//50 172//50
f 173//50 172//50 169//50
f 169//1 165//1 325//1
f 169//1 325//1 323//1
f 172//2 324//2 326//2
f 172//2 326//2 168//2
f 323//51 325//53 326//54
f 323//51 326//54 324//52
f 169//50 172//50 168//50
f 169//50 168//50 165//50
f 165//1 161//1 327//1
f 165//1 327//1 325//1
f 168//2 326//2 328//2
f 168//2 328//2 164//2
f 325//53 327//55 328//56
f 325//53 328//56 326//54
f 165//50 168//50 164//50
f 165//50 164//50 161//50
f 161//1 157//1 329//1
f 161//1 329//1 327//1
f 164//2 328//2 330//2
f 164//2 330//2 160//2
f 327//55 329//57 330//58
f 327//55 330//58 328//56
f 161//50 164//50 160//50
f 161//50 160//50 157//50
f 157//1 153//1 331//1
f 157//1 331//1 329//1
f 160//2 330//2 332//2
f 160//2 332//2 156//2
f 329//57 331//59 332//60
f 329//57 332//60 330//58
f 157//50 160//50 156//50
f 157//50 156//50 153//50
f 153//1 149//1 333//1
f 153//1 333//1 331//1
f 156//2 332//2 334//2
f 156//2 334//2 152//2
f 331//59 333//61 334//62
f 331//59 334//62 332//60
f 153//50 156//50 152//50
f 153//50 152//50 149//50
f 149//1 145//1 335//1
f 149//1 335//1 333//1
f 152//2 334//2 336//2
f 152//2 336//2 148//2
f 333//61 335//63 336//64
f 333//61 336//64 334//62
f 149//50 152//50 148//50
f 149//50 148//50 145//50
f 145//1 337//1 338//1
f 145//1 338//1 335//1
f 148//2 336//2 339//2
f 148//2 339//2 340//2
f 335//63 338//65 339//66
f 335//63 339//66 336//64
f 145//7 148//7 340//7
f 145//7 340//7 337//7
f 337//1 341//1 342//1
f 337//1 342//1 338//1
f 340//2 339//2 343//2
f 340//2 343//2 344//2
f 338//65 342//67 343//68
f 338//65 343//68 339//66
f 337//7 340//7 344//7
f 337//7 344//7 341//7
f 341//1 345//1 346//1
f 341//1 346//1 342//1
f 344//2 343//2 347//2
f 344//2 347//2 348//2
f 342//67 346//69 347//70
f 342//67 347//70 343//68
f 341//7 344//7 348//7
f 341//7 348//7 345//7
f 345//1 239//1 242//1
f 345//1 242//1 346//1
f 348//2 347//2 244//2
f 348//2 244//2 243//2
f 346//69 242//3 244//6
f 346//69 244//6 347//70
f 345//7 348//7 243//7
f 345//7 243//7 239//7
f 349//1 350//1 351//1
f 349//1 351//1 352//1
f 353//2 354//2 355//2
f 353//2 355//2 356//2
f 352//3 351//4 355//5
f 352//3 355//5 354//6
f 349//7 353//7 356//7
f 349//7 356//7 350//7
f 350//1 357//1 358//1
f 350//1 358//1 351//1
f 356//2 355//2 359//2
f 356//2 359//2 360//2
f 351//4 358//8 359//9
f 351//4 359//9 355//5
f 350//7 356//7 360//7
f 350//7 360//7 357//7
f 357//1 361//1 362//1
f 357//1 362//1 358//1
f 360//2 359//2 363//2
f 360//2 363//2 364//2
f 358//8 362//10 363//11
f 358//8 363//11 359//9
f 357//7 360//7 364//7
f 357//7 364//7 361//7
f 361//1 365//1 366//1
f 361//1 366//1 362//1
f 364//2 363//2 367//2
f 364//2 367//2 368//2
f 362//10 366//12 367//13
f 362//10 367//13 363//11
f 361//7 364//7 368//7
f 361//7 368//7 365//7
f 365//1 369//1 370//1
f 365//1 370//1 366//1
f 368//2 367//2 371//2
f 368//2 371//2 372//2
f 366//12 370//14 371//15
f 366//12 371//15 367//13
f 365//16 368//16 372//16
f 365//16 372//16 369//16
f 369//1 373//1 374//1
f 369//1 374//1 370//1
f 372//2 371//2 375//2
f 372//2 375//2 376//2
f 370//14 374//17 375//18
f 370//14 375//18 371//15
f 369//16 372//16 376//16
f 369//16 376//16 373//16
f 373//1 377//1 378//1
f 373//1 378//1 374//1
f 376//2 375//2 379//2
f 376//2 379//2 380//2
f 374//17 378//19 379//20
f 374//17 379//20 375//18
f 373//16 376//16 380//16
f 373//16 380//16 377//16
f 377//1 381//1 382//1
f 377//1 382//1 378//1
f 380//2 379//2 383//2
f 380//2 383//2 384//2
f 378//19 382//21 383//22
f 378//19 383//22 379//20
f 377//16 380//16 384//16
f 377//16 384//16 381//16
f 381//1 385//1 386//1
f 381//1 386//1 382//1
f 384//2 383//2 387//2
f 384//2 387//2 388//2
f 382//21 386//23 387//24
f 382//21 387//24 383//22
f 381//16 384//16 388//16
f 381//16 388//16 385//16
f 385//1 389//1 390//1
f 385//1 390//1 386//1
f 388//2 387//2 391//2
f 388//2 391//2 392//2
f 386//23 390//25 391//26
f 386//23 391//26 387//24
f 385//16 388//16 392//16
f 385//16 392//16 389//16
f 389//1 393//1 394//1
f 389//1 394//1 390//1
f 392//2 391//2 395//2
f 392//2 395//2 396//2
f 390//25 394//27 395//28
f 390//25 395//28 391//26
f 389//16 392//16 396//16
f 389//16 396//16 393//16
f 393//1 397//1 398//1
f 393//1 398//1 394//1
f 396//2 395//2 399//2
f 396//2 399//2 400//2
f 394//27 398//29 399//30
f 394//27 399//30 395//28
f 393//16 396//16 400//16
f 393//16 400//16 397//16
f 397//1 401//1 402//1
f 397//1 402//1 398//1
f 400//2 399//2 403//2
f 400//2 403//2 404//2
f 398//29 402//31 403//32
f 398//29 403//32 399//30
f 397//33 400//33 404//33
f 397//33 404//33 401//33
f 401//1 405//1 406//1
f 401//1 406//1 402//1
f 404//2 403//2 407//2
f 404//2 407//2 408//2
f 402//31 406//34 407//35
f 402//31 407//35 403//32
f 401//33 404//33 408//33
f 401//33 408//33 405//33
f 405//1 409//1 410//1
f 405//1 410//1 406//1
f 408//2 407//2 411//2
f 408//2 411//2 412//2
f 406//34 410//36 411//37
f 406//34 411//37 407//35
f 405//33 408//33 412//33
f 405//33 412//33 409//33
f 409//1 413//1 414//1
f 409//1 414//1 410//1
f 412//2 411//2 415//2
f 412//2 415//2 416//2
f 410//36 414//38 415//39
f 410//36 415//39 411//37
f 409//33 412//33 416//33
f 409//33 416//33 413//33
f 413//1 417//1 418//1
f 413//1 418//1 414//1
f 416//2 415//2 419//2
f 416//2 419//2 420//2
f 414//38 418//40 419//41
f 414//38 419//41 415//39
f 413//33 416//33 420//33
f 413//33 420//33 417//33
f 417//1 421//1 422//1
f 417//1 422//1 418//1
f 420//2 419//2 423//2
f 420//2 423//2 424//2
f 418//40 422//42 423//43
f 418//40 423//43 419//41
f 417//33 420//33 424//33
f 417//33 424//33 421//33
f 421//1 425//1 426//1
f 421//1 426//1 422//1
f 424//2 423//2 427//2
f 424//2 427//2 428//2
f 422//42 426//44 427//45
f 422//42 427//45 423//43
f 421//33 424//33 428//33
f 421//33 428//33 425//33
f 425//1 287//1 429//1
f 425//1 429//1 426//1
f 428//2 427//2 430//2
f 428//2 430//2 290//2
f 426//44 429//46 430//47
f 426//44 430//47 427//45
f 425//33 428//33 290//33
f 425//33 290//33 287//33
f 287//1 283//1 431//1
f 287//1 431//1 429//1
f 290//2 430//2 432//2
f 290//2 432//2 286//2
f 429//46 431//48 432//49
f 429//46 432//49 430//47
f 287//50 290//50 286//50
f 287//50 286//50 283//50
f 283//1 279//1 433//1
f 283//1 433//1 431//1
f 286//2 432//2 434//2
f 286//2 434//2 282//2
f 431//48 433//51 434//52
f 431//48 434//52 432//49
f 283//50 286//50 282//50
f 283//50 282//50 279//50
f 279//1 275//1 435//1
f 279//1 435//1 433//1
f 282//2 434//2 436//2
f 282//2 436//2 278//2
f 433//51 435//53 436//54
f 433//51 436//54 434//52
f 279//50 282//50 278//50
f 279//50 278//50 275//50
f 275//1 271//1 437//1
f 275//1 437//1 435//1
f 278//2 436//2 438//2
f 278//2 438//2 274//2
f 435//53 437//55 438//56
f 435//53 438//56 436//54
f 275//50 278//50 274//50
f 275//50 274//50 271//50
f 271//1 267//1 439//1
f 271//1 439//1 437//1
f 274//2 438//2 440//2
f 274//2 440//2 270//2
f 437//55 439//57 440//58
f 437//55 440//58 438//56
f 271//50 274//50 270//50
f 271//50 270//50 267//50
f 267//1 263//1 441//1
f 267//1 441//1 439//1
f 270//2 440//2 442//2
f 270//2 442//2 266//2
f 439//57 441//59 442//60
f 439//57 442//60 440//58
f 267//50 270//50 266//50
f 267//50 266//50 263//50
f 263//1 259//1 443//1
f 263//1 443//1 441//1
f 266//2 442//2 444//2
f 266//2 444//2 262//2
f 441//59 443//61 444//62
f 441//59 444//62 442//60
f 263//50 266//50 262//50
f 263//50 262//50 259//50
f 259//1 255//1 445//1
f 259//1 445//1 443//1
f 262//2 444//2 446//2
f 262//2 446//2 258//2
f 443//61 445//63 446//64
f 443//61 446//64 444//62
f 259//50 262//50 258//50
f 259//50 258//50 255//50
f 255//1 447//1 448//1
f 255//1 448//1 445//1
f 258//2 446//2 449//2
f 258//2 449//2 450//2
f 445//63 448//65 449//66
f 445//63 449//66 446//64
f 255//7 258//7 450//7
f 255//7 450//7 447//7
f 447//1 451//1 452//1
f 447//1 452//1 448//1
f 450//2 449//2 453//2
f 450//2 453//2 454//2
f 448//65 452//67 453//68
f 448//65 453//68 449//66
f 447//7 450//7 454//7
f 447//7 454//7 451//7
f 451//1 455//1 456//1
f 451//1 456//1 452//1
f 454//2 453//2 457//2
f 454//2 457//2 458//2
f 452//67 456//69 457//70
f 452//67 457//70 453//68
f 451//7 454//7 458//7
f 451//7 458//7 455//7
f 455//1 349//1 352//1
f 455//1 352//1 456//1
f 458//2 457//2 354//2
f 458//2 354//2 353//2
f 456//69 352//3 354//6
f 456//69 354//6 457//70
f 455//7 458//7 353//7
f 455//7 353//7 349//7
f 459//1 460//1 461//1
f 459//1 461//1 462//1
f 463//2 464//2 465//2
f 463//2 465//2 466//2
f 462//3 461//4 465//5
f 462//3 465//5 464//6
f 459//7 463//7 466//7
f 459//7 466//7 460//7
f 460//1 467//1 468//1
f 460//1 468//1 461//1
f 466//2 465//2 469//2
f 466//2 469//2 470//2
f 461//4 468//8 469//9
f 461//4 469//9 465//5
f 460//7 466//7 470//7
f 460//7 470//7 467//7
f 467//1 471//1 472//1
f 467//1 472//1 468//1
f 470//2 469//2 473//2
f 470//2 473//2 474//2
f 468//8 472//10 473//11
f 468//8 473//11 469//9
f 467//7 470//7 474//7
f 467//7 474//7 471//7
f 471//1 475//1 476//1
f 471//1 476//1 472//1
f 474//2 473//2 477//2
f 474//2 477//2 478//2
f 472//10 476//12 477//13
f 472//10 477//13 473//11
f 471//7 474//7 478//7
f 471//7 478//7 475//7
f 475//1 479//1 480//1
f 475//1 480//1 476//1
f 478//2 477//2 481//2
f 478//2 481//2 482//2
f 476//12 480//14 481//15
f 476//12 481//15 477//13
f 475//16 478//16 482//16
f 475//16 482//16 479//16
f 479//1 483//1 484//1
f 479//1 484//1 480//1
f 482//2 481//2 485//2
f 482//2 485//2 486//2
f 480//14 484//17 485//18
f 480//14 485//18 481//15
f 479//16 482//16 486//16
f 479//16 486//16 483//16
f 483//1 487//1 488//1
f 483//1 488//1 484//1
f 486//2 485//2 489//2
f 486//2 489//2 490//2
f 484//17 488//19 489//20
f 484//17 489//20 485//18
f 483//16 486//16 490//16
f 483//16 490//16 487//16
f 487//1 491//1 492//1
f 487//1 492//1 488//1
f 490//2 489//2 493//2
f 490//2 493//2 494//2
f 488//19 492//21 493//22
f 488//19 493//22 489//20
f 487//16 490//16 494//16
f 487//16 494//16 491//16
f 491//1 495//1 496//1
f 491//1 496//1 492//1
f 494//2 493//2 497//2
f 494//2 497//2 498//2
f 492//21 496//23 497//24
f 492//21 497//24 493//22
f 491//16 494//16 498//16
f 491//16 498//16 495//16
f 495//1 499//1 500//1
f 495//1 500//1 496//1
f 498//2 497//2 501//2
f 498//2 501//2 502//2
f 496//23 500//25 501//26
f 496//23 501//26 497//24
f 495//16 498//16 502//16
f 495//16 502//16 499//16
f 499//1 503//1 504//1
f 499//1 504//1 500//1
f 502//2 501//2 505//2
f 502//2 505//2 506//2
f 500//25 504//27 505//28
f 500//25 505//28 501//26
f 499//16 502//16 506//16
f 499//16 506//16 503//16
f 503//1 507//1 508//1
f 503//1 508//1 504//1
f 506//2 505//2 509//2
f 506//2 509//2 510//2
f 504//27 508//29 509//30
f 504//27 509//30 505//28
f 503//16 506//16 510//16
f 503//16 510//16 507//16
f 507//1 511//1 512//1
f 507//1 512//1 508//1
f 510//2 509//2 513//2
f 510//2 513//2 514//2
f 508//29 512//31 513//32
f 508//29 513//32 509//30
f 507//33 510//33 514//33
f 507//33 514//33 511//33
f 511//1 515//1 516//1
f 511//1 516//1 512//1
f 514//2 513//2 517//2
f 514//2 517//2 518//2
f 512//31 516//34 517//35
f 512//31 517//35 513//32
f 511//33 514//33 518//33
f 511//33 518//33 515//33
f 515//1 519//1 520//1
f 515//1 520//1 516//1
f 518//2 517//2 521//2
f 518//2 521//2 522//2
f 516//34 520//36 521//37
f 516//34 521//37 517//35
f 515//33 518//33 522//33
f 515//33 522//33 519//33
f 519//1 523//1 524//1
f 519//1 524//1 520//1
f 522//2 521//2 525//2
f 522//2 525//2 526//2
f 520//36 524//38 525//39
f 520//36 525//39 521//37
f 519//33 522//33 526//33
f 519//33 526//33 523//33
f 523//1 527//1 528//1
f 523//1 528//1 524//1
f 526//2 525//2 529//2
f 526//2 529//2 530//2
f 524//38 528//40 529//41
f 524//38 529//41 525//39
f 523//33 526//33 530//33
f 523//33 530//33 527//33
f 527//1 531//1 532//1
f 527//1 532//1 528//1
f 530//2 529//2 533//2
f 530//2 533//2 534//2
f 528//40 532//42 533//43
f 528//40 533//43 529//41
f 527//33 530//33 534//33
f 527//33 534//33 531//33
f 531//1 535//1 536//1
f 531//1 536//1 532//1
f 534//2 533//2 537//2
f 534//2 537//2 538//2
f 532//42 536//44 537//45
f 532//42 537//45 533//43
f 531//33 534//33 538//33
f 531//33 538//33 535//33
f 535//1 397//1 539//1
f 535//1 539//1 536//1
f 538//2 537//2 540//2
f 538//2 540//2 400//2
f 536//44 539//46 540//47
f 536//44 540//47 537//45
f 535//33 538//33 400//33
f 535//33 400//33 397//33
f 397//1 393//1 541//1
f 397//1 541//1 539//1
f 400//2 540//2 542//2
f 400//2 542//2 396//2
f 539//46 541//48 542//49
f 539//46 542//49 540//47
f 397//50 400//50 396//50
f 397//50 396//50 393//50
f 393//1 389//1 543//1
f 393//1 543//1 541//1
f 396//2 542//2 544//2
f 396//2 544//2 392//2
f 541//48 543//51 544//52
f 541//48 544//52 542//49
f 393//50 396//50 392//50
f 393//50 392//50 389//50
f 389//1 385//1 545//1
f 389//1 545//1 543//1
f 392//2 544//2 546//2
f 392//2 546//2 388//2
f 543//51 545//53 546//54
f 543//51 546//54 544//52
f 389//50 392//50 388//50
f 389//50 388//50 385//50
f 385//1 381//1 547//1
f 385//1 547//1 545//1
f 388//2 546//2 548//2
f 388//2 548//2 384//2
f 545//53 547//55 548//56
f 545//53 548//56 546//54
f 385//50 388//50 384//50
f 385//50 384//50 381//50
f 381//1 377//1 549//1
f 381//1 549//1 547//1
f 384//2 548//2 550//2
f 384//2 550//2 380//2
f 547//55 549//57 550//58
f 547//55 550//58 548//56
f 381//50 384//50 380//50
f 381//50 380//50 377//50
f 377//1 373//1 551//1
f 377//1 551//1 549//1
f 380//2 550//2 552//2
f 380//2 552//2 376//2
f 549//57 551//59 552//60
f 549//57 552//60 550//58
f 377//50 380//50 376//50
f 377//50 376//50 373//50
f 373//1 369//1 553//1
f 373//1 553//1 551//1
f 376//2 552//2 554//2
f 376//2 554//2 372//2
f 551//59 553//61 554//62
f 551//59 554//62 552//60
f 373//50 376//50 372//50
f 373//50 372//50 369//50
f 369//1 365//1 555//1
f 369//1 555//1 553//1
f 372//2 554//2 556//2
f 372//2 556//2 368//2
f 553//61 555//63 556//64
f 553//61 556//64 554//62
f 369//50 372//50 368//50
f 369//50 368//50 365//50
f 365//1 557//1 558//1
f 365//1 558//1 555//1
f 368//2 556//2 559//2
f 368//2 559//2 560//2
f 555//63 558//65 559//66
f 555//63 559//66 556//64
f 365//7 368//7 560//7
f 365//7 560//7 557//7
f 557//1 561//1 562//1
f 557//1 562//1 558//1
f 560//2 559//2 563//2
f 560//2 563//2 564//2
f 558//65 562//67 563//68
f 558//65 563//68 559//66
f 557//7 560//7 564//7
f 557//7 564//7 561//7
f 561//1 565//1 566//1
f 561//1 566//1 562//1
f 564//2 563//2 567//2
f 564//2 567//2 568//2
f 562//67 566//69 567//70
f 562//67 567//70 563//68
f 561//7 564//7 568//7
f 561//7 568//7 565//7
f 565//1 459//1 462//1
f 565//1 462//1 566//1
f 568//2 567//2 464//2
f 568//2 464//2 463//2
f 566//69 462//3 464//6
f 566//69 464//6 567//70
f 565//7 568//7 463//7
f 565//7 463//7 459//7
f 569//1 570//1 571//1
f 569//1 571//1 572//1
f 573//2 574//2 575//2
f 573//2 575//2 576//2
f 572//3 571//4 575//5
f 572//3 575//5 574//6
f 569//7 573//7 576//7
f 569//7 576//7 570//7
f 570//1 577//1 578//1
f 570//1 578//1 571//1
f 576//2 575//2 579//2
f 576//2 579//2 580//2
f 571//4 578//8 579//9
f 571//4 579//9 575//5
f 570//7 576//7 580//7
f 570//7 580//7 577//7
f 577//1 581//1 582//1
f 577//1 582//1 578//1
f 580//2 579//2 583//2
f 580//2 583//2 584//2
f 578//8 582//10 583//11
f 578//8 583//11 579//9
f 577//7 580//7 584//7
f 577//7 584//7 581//7
f 581//1 585//1 586//1
f 581//1 586//1 582//1
f 584//2 583//2 587//2
f 584//2 587//2 588//2
f 582//10 586//12 587//13
f 582//10 587//13 583//11
f 581//7 584//7 588//7
f 581//7 588//7 585//7
f 585//1 589//1 590//1
f 585//1 590//1 586//1
f 588//2 587//2 591//2
f 588//2 591//2 592//2
f 586//12 590//14 591//15
f 586//12 591//15 587//13
f 585//16 588//16 592//16
f 585//16 592//16 589//16
f 589//1 593//1 594//1
f 589//1 594//1 590//1
f 592//2 591//2 595//2
f 592//2 595//2 596//2
f 590//14 594//17 595//18
f 590//14 595//18 591//15
f 589//16 592//16 596//16
f 589//16 596//16 593//16
f 593//1 597//1 598//1
f 593//1 598//1 594//1
f 596//2 595//2 599//2
f 596//2 599//2 600//2
f 594//17 598//19 599//20
f 594//17 599//20 595//18
f 593//16 596//16 600//16
f 593//16 600//16 597//16
f 597//1 601//1 602//1
f 597//1 602//1 598//1
f 600//2 599//2 603//2
f 600//2 603//2 604//2
f 598//19 602//21 603//22
f 598//19 603//22 599//20
f 597//16 600//16 604//16
f 597//16 604//16 601//16
f 601//1 605//1 606//1
f 601//1 606//1 602//1
f 604//2 603//2 607//2
f 604//2 607//2 608//2
f 602//21 606//23 607//24
f 602//21 607//24 603//22
f 601//16 604//16 608//16
f 601//16 608//16 605//16
f 605//1 609//1 610//1
f 605//1 610//1 606//1
f 608//2 607//2 611//2
f 608//2 611//2 612//2
f 606//23 610//25 611//26
f 606//23 611//26 607//24
f 605//16 608//16 612//16
f 605//16 612//16 609//16
f 609//1 613//1 614//1
f 609//1 614//1 610//1
f 612//2 611//2 615//2
f 612//2 615//2 616//2
f 610//25 614//27 615//28
f 610//25 615//28 611//26
f 609//16 612//16 616//16
f 609//16 616//16 613//16
f 613//1 617//1 618//1
f 613//1 618//1 614//1
f 616//2 615//2 619//2
f 616//2 619//2 620//2
f 614//27 618//29 619//30
f 614//27 619//30 615//28
f 613//16 616//16 620//16
f 613//16 620//16 617//16
f 617//1 621//1 622//1
f 617//1 622//1 618//1
f 620//2 619//2 623//2
f 620//2 623//2 624//2
f 618//29 622//31 623//32
f 618//29 623//32 619//30
f 617//33 620//33 624//33
f 617//33 624//33 621//33
f 621//1 625//1 626//1
f 621//1 626//1 622//1
f 624//2 623//2 627//2
f 624//2 627//2 628//2
f 622//31 626//34 627//35
f 622//31 627//35 623//32
f 621//33 624//33 628//33
f 621//33 628//33 625//33
f 625//1 629//1 630//1
f 625//1 630//1 626//1
f 628//2 627//2 631//2
f 628//2 631//2 632//2
f 626//34 630//36 631//37
f 626//34 631//37 627//35
f 625//33 628//33 632//33
f 625//33 632//33 629//33
f 629//1 633//1 634//1
f 629//1 634//1 630//1
f 632//2 631//2 635//2
f 632//2 635//2 636//2
f 630//36 634//38 635//39
f 630//36 635//39 631//37
f 629//33 632//33 636//33
f 629//33 636//33 633//33
f 633//1 637//1 638//1
f 633//1 638//1 634//1
f 636//2 635//2 639//2
f 636//2 639//2 640//2
f 634//38 638//40 639//41
f 634//38 639//41 635//39
f 633//33 636//33 640//33
f 633//33 640//33 637//33
f 637//1 641//1 642//1
f 637//1 642//1 638//1
f 640//2 639//2 643//2
f 640//2 643//2 644//2
f 638//40 642//42 643//43
f 638//40 643//43 639//41
f 637//33 640//33 644//33
f 637//33 644//33 641//33
f 641//1 645//1 646//1
f 641//1 646//1 642//1
f 644//2 643//2 647//2
f 644//2 647//2 648//2
f 642//42 646//44 647//45
f 642//42 647//45 643//43
f 641//33 644//33 648//33
f 641//33 648//33 645//33
f 645//1 507//1 649//1
f 645//1 649//1 646//1
f 648//2 647//2 650//2
f 648//2 650//2 510//2
f 646//44 649//46 650//47
f 646//44 650//47 647//45
f 645//33 648//33 510//33
f 645//33 510//33 507//33
f 507//1 503//1 651//1
f 507//1 651//1 649//1
f 510//2 650//2 652//2
f 510//2 652//2 506//2
f 649//46 651//48 652//49
f 649//46 652//49 650//47
f 507//50 510//50 506//50
f 507//50 506//50 503//50
f 503//1 499//1 653//1
f 503//1 653//1 651//1
f 506//2 652//2 654//2
f 506//2 654//2 502//2
f 651//48 653//51 654//52
f 651//48 654//52 652//49
f 503//50 506//50 502//50
f 503//50 502//50 499//50
f 499//1 495//1 655//1
f 499//1 655//1 653//1
f 502//2 654//2 656//2
f 502//2 656//2 498//2
f 653//51 655//53 656//54
f 653//51 656//54 654//52
f 499//50 502//50 498//50
f 499//50 498//50 495//50
f 495//1 491//1 657//1
f 495//1 657//1 655//1
f 498//2 656//2 658//2
f 498//2 658//2 494//2
f 655//53 657//55 658//56
f 655//53 658//56 656//54
f 495//50 498//50 494//50
f 495//50 494//50 491//50
f 491//1 487//1 659//1
f 491//1 659//1 657//1
f 494//2 658//2 660//2
f 494//2 660//2 490//2
f 657//55 659//57 660//58
f 657//55 660//58 658//56
f 491//50 494//50 490//50
f 491//50 490//50 487//50
f 487//1 483//1 661//1
f 487//1 661//1 659//1
f 490//2 660//2 662//2
f 490//2 662//2 486//2
f 659//57 661//59 662//60
f 659//57 662//60 660//58
f 487//50 490//50 486//50
f 487//50 486//50 483//50
f 483//1 479//1 663//1
f 483//1 663//1 661//1
f 486//2 662//2 664//2
f 486//2 664//2 482//2
f 661//59 663//61 664//62
f 661//59 664//62 662//60
f 483//50 486//50 482//50
f 483//50 482//50 479//50
f 479//1 475//1 665//1
f 479//1 665//1 663//1
f 482//2 664//2 666//2
f 482//2 666//2 478//2
f 663//61 665//63 666//64
f 663//61 666//64 664//62
f 479//50 482//50 478//50
f 479//50 478//50 475//50
f 475//1 667//1 668//1
f 475//1 668//1 665//1
f 478//2 666//2 669//2
f 478//2 669//2 670//2
f 665//63 668//65 669//66
f 665//63 669//66 666//64
f 475//7 478//7 670//7
f 475//7 670//7 667//7
f 667//1 671//1 672//1
f 667//1 672//1 668//1
f 670//2 669//2 673//2
f 670//2 673//2 674//2
f 668//65 672//67 673//68
f 668//65 673//68 669//66
f 667//7 670//7 674//7
f 667//7 674//7 671//7
f 671//1 675//1 676//1
f 671//1 676//1 672//1
f 674//2 673//2 677//2
f 674//2 677//2 678//2
f 672//67 676//69 677//70
f 672//67 677//70 673//68
f 671//7 674//7 678//7
f 671//7 678//7 675//7
f 675//1 569//1 572//1
f 675//1 572//1 676//1
f 678//2 677//2 574//2
f 678//2 574//2 573//2
f 676//69 572//3 574//6
f 676//69 574//6 677//70
f 675//7 678//7 573//7
f 675//7 573//7 569//7
f 679//1 680//1 681//1
f 679//1 681//1 682//1
f 683//2 684//2 685//2
f 683//2 685//2 686//2
f 682//3 681//4 685//5
f 682//3 685//5 684//6
f 679//7 683//7 686//7
f 679//7 686//7 680//7
f 680//1 687//1 688//1
f 680//1 688//1 681//1
f 686//2 685//2 689//2
f 686//2 689//2 690//2
f 681//4 688//8 689//9
f 681//4 689//9 685//5
f 680//7 686//7 690//7
f 680//7 690//7 687//7
f 687//1 691//1 692//1
f 687//1 692//1 688//1
f 690//2 689//2 693//2
f 690//2 693//2 694//2
f 688//8 692//10 693//11
f 688//8 693//11 689//9
f 687//7 690//7 694//7
f 687//7 694//7 691//7
f 691//1 695//1 696//1
f 691//1 696//1 692//1
f 694//2 693//2 697//2
f 694//2 697//2 698//2
f 692//10 696//12 697//13
f 692//10 697//13 693//11
f 691//7 694//7 698//7
f 691//7 698//7 695//7
f 695//1 699//1 700//1
f 695//1 700//1 696//1
f 698//2 697//2 701//2
f 698//2 701//2 702//2
f 696//12 700//14 701//15
f 696//12 701//15 697//13
f 695//16 698//16 702//16
f 695//16 702//16 699//16
f 699//1 703//1 704//1
f 699//1 704//1 700//1
f 702//2 701//2 705//2
f 702//2 705//2 706//2
f 700//14 704//17 705//18
f 700//14 705//18 701//15
f 699//16 702//16 706//16
f 699//16 706//16 703//16
f 703//1 707//1 708//1
f 703//1 708//1 704//1
f 706//2 705//2 709//2
f 706//2 709//2 710//2
f 704//17 708//19 709//20
f 704//17 709//20 705//18
f 703//16 706//16 710//16
f 703//16 710//16 707//16
f 707//1 711//1 712//1
f 707//1 712//1 708//1
f 710//2 709//2 713//2
f 710//2 713//2 714//2
f 708//19 712//21 713//22
f 708//19 713//22 709//20
f 707//16 710//16 714//16
f 707//16 714//16 711//16
f 711//1 715//1 716//1
f 711//1 716//1 712//1
f 714//2 713//2 717//2
f 714//2 717//2 718//2
f 712//21 716//23 717//24
f 712//21 717//24 713//22
f 711//16 714//16 718//16
f 711//16 718//16 715//16
f 715//1 719//1 720//1
f 715//1 720//1 716//1
f 718//2 717//2 721//2
f 718//2 721//2 722//2
f 716//23 720//25 721//26
f 716//23 721//26 717//24
f 715//16 718//16 722//16
f 715//16 722//16 719//16
f 719//1 723//1 724//1
f 719//1 724//1 720//1
f 722//2 721//2 725//2
f 722//2 725//2 726//2
f 720//25 724//27 725//28
f 720//25 725//28 721//26
f 719//16 722//16 726//16
f 719//16 726//16 723//16
f 723//1 727//1 728//1
f 723//1 728//1 724//1
f 726//2 725//2 729//2
f 726//2 729//2 730//2
f 724//27 728//29 729//30
f 724//27 729//30 725//28
f 723//16 726//16 730//16
f 723//16 730//16 727//16
f 727//1 731//1 732//1
f 727//1 732//1 728//1
f 730//2 729//2 733//2
f 730//2 733//2 734//2
f 728//29 732//31 733//32
f 728//29 733//32 729//30
f 727//33 730//33 734//33
f 727//33 734//33 731//33
f 731//1 735//1 736//1
f 731//1 736//1 732//1
f 734//2 733//2 737//2
f 734//2 737//2 738//2
f 732//31 736//34 737//35
f 732//31 737//35 733//32
f 731//33 734//33 738//33
f 731//33 738//33 735//33
f 735//1 739//1 740//1
f 735//1 740//1 736//1
f 738//2 737//2 741//2
f 738//2 741//2 742//2
f 736//34 740//36 741//37
f 736//34 741//37 737//35
f 735//33 738//33 742//33
f 735//33 742//33 739//33
f 739//1 743//1 744//1
f 739//1 744//1 740//1
f 742//2 741//2 745//2
f 742//2 745//2 746//2
f 740//36 744//38 745//39
f 740//36 745//39 741//37
f 739//33 742//33 746//33
f 739//33 746//33 743//33
f 743//1 747//1 748//1
f 743//1 748//1 744//1
f 746//2 745//2 749//2
f 746//2 749//2 750//2
f 744//38 748//40 749//41
f 744//38 749//41 745//39
f 743//33 746//33 750//33
f 743//33 750//33 747//33
f 747//1 751//1 752//1
f 747//1 752//1 748//1
f 750//2 749//2 753//2
f 750//2 753//2 754//2
f 748//40 752//42 753//43
f 748//40 753//43 749//41
f 747//33 750//33 754//33
f 747//33 754//33 751//33
f 751//1 755//1 756//1
f 751//1 756//1 752//1
f 754//2 753//2 757//2
f 754//2 757//2 758//2
f 752//42 756//44 757//45
f 752//42 757//45 753//43
f 751//33 754//33 758//33
f 751//33 758//33 755//33
f 755//1 617//1 759//1
f 755//1 759//1 756//1
f 758//2 757//2 760//2
f 758//2 760//2 620//2
f 756//44 759//46 760//47
f 756//44 760//47 757//45
f 755//33 758//33 620//33
f 755//33 620//33 617//33
f 617//1 613//1 761//1
f 617//1 761//1 759//1
f 620//2 760//2 762//2
f 620//2 762//2 616//2
f 759//46 761//48 762//49
f 759//46 762//49 760//47
f 617//50 620//50 616//50
f 617//50 616//50 613//50
f 613//1 609//1 763//1
f 613//1 763//1 761//1
f 616//2 762//2 764//2
f 616//2 764//2 612//2
f 761//48 763//51 764//52
f 761//48 764//52 762//49
f 613//50 616//50 612//50
f 613//50 612//50 609//50
f 609//1 605//1 765//1
f 609//1 765//1 763//1
f 612//2 764//2 766//2
f 612//2 766//2 608//2
f 763//51 765//53 766//54
f 763//51 766//54 764//52
f 609//50 612//50 608//50
f 609//50 608//50 605//50
f 605//1 601//1 767//1
f 605//1 767//1 765//1
f 608//2 766//2 768//2
f 608//2 768//2 604//2
f 765//53 767//55 768//56
f 765//53 768//56 766//54
f 605//50 608//50 604//50
f 605//50 604//50 601//50
f 601//1 597//1 769//1
f 601//1 769//1 767//1
f 604//2 768//2 770//2
f 604//2 770//2 600//2
f 767//55 769//57 770//58
f 767//55 770//58 768//56
f 601//50 604//50 600//50
f 601//50 600//50 597//50
f 597//1 593//1 771//1
f 597//1 771//1 769//1
f 600//2 770//2 772//2
f 600//2 772//2 596//2
f 769//57 771//59 772//60
f 769//57 772//60 770//58
f 597//50 600//50 596//50
f 597//50 596//50 593//50
f 593//1 589//1 773//1
f 593//1 773//1 771//1
f 596//2 772//2 774//2
f 596//2 774//2 592//2
f 771//59 773//61 774//62
f 771//59 774//62 772//60
f 593//50 596//50 592//50
f 593//50 592//50 589//50
f 589//1 585//1 775//1
f 589//1 775//1 773//1
f 592//2 774//2 776//2
f 592//2 776//2 588//2
f 773//61 775//63 776//64
f 773//61 776//64 774//62
f 589//50 592//50 588//50
f 589//50 588//50 585//50
f 585//1 777//1 778//1
f 585//1 778//1 775//1
f 588//2 776//2 779//2
f 588//2 779//2 780//2
f 775//63 778//65 779//66
f 775//63 779//66 776//64
f 585//7 588//7 780//7
f 585//7 780//7 777//7
f 777//1 781//1 782//1
f 777//1 782//1 778//1
f 780//2 779//2 783//2
f 780//2 783//2 784//2
f 778//65 782//67 783//68
f 778//65 783//68 779//66
f 777//7 780//7 784//7
f 777//7 784//7 781//7
f 781//1 785//1 786//1
f 781//1 786//1 782//1
f 784//2 783//2 787//2
f 784//2 787//2 788//2
f 782//67 786//69 787//70
f 782//67 787//70 783//68
f 781//7 784//7 788//7
f 781//7 788//7 785//7
f 785//1 679//1 682//1
f 785//1 682//1 786//1
f 788//2 787//2 684//2
f 788//2 684//2 683//2
f 786//69 682//3 684//6
f 786//69 684//6 787//70
f 785//7 788//7 683//7
f 785//7 683//7 679//7
f 789//1 790//1 791//1
f 789//1 791//1 792//1
f 793//2 794//2 795//2
f 793//2 795//2 796//2
f 792//3 791//4 795//5
f 792//3 795//5 794//6
f 789//7 793//7 796//7
f 789//7 796//7 790//7
f 790//1 797//1 798//1
f 790//1 798//1 791//1
f 796//2 795//2 799//2
f 796//2 799//2 800//2
f 791//4 798//8 799//9
f 791//4 799//9 795//5
f 790//7 796//7 800//7
f 790//7 800//7 797//7
f 797//1 801//1 802//1
f 797//1 802//1 798//1
f 800//2 799//2 803//2
f 800//2 803//2 804//2
f 798//8 802//10 803//11
f 798//8 803//11 799//9
f 797//7 800//7 804//7
f 797//7 804//7 801//7
f 801//1 805//1 806//1
f 801//1 806//1 802//1
f 804//2 803//2 807//2
f 804//2 807//2 808//2
f 802//10 806//12 807//13
f 802//10 807//13 803//11
f 801//7 804//7 808//7
f 801//7 808//7 805//7
f 805//1 809//1 810//1
f 805//1 810//1 806//1
f 808//2 807//2 811//2
f 808//2 811//2 812//2
f 806//12 810//14 811//15
f 806//12 811//15 807//13
f 805//16 808//16 812//16
f 805//16 812//16 809//16
f 809//1 813//1 814//1
f 809//1 814//1 810//1
f 812//2 811//2 815//2
f 812//2 815//2 816//2
f 810//14 814//17 815//18
f 810//14 815//18 811//15
f 809//16 812//16 816//16
f 809//16 816//16 813//16
f 813//1 817//1 818//1
f 813//1 818//1 814//1
f 816//2 815//2 819//2
f 816//2 819//2 820//2
f 814//17 818//19 819//20
f 814//17 819//20 815//18
f 813//16 816//16 820//16
f 813//16 820//16 817//16
f 817//1 821//1 822//1
f 817//1 822//1 818//1
f 820//2 819//2 823//2
f 820//2 823//2 824//2
f 818//19 822//21 823//22
f 818//19 823//22 819//20
f 817//16 820//16 824//16
f 817//16 824//16 821//16
f 821//1 825//1 826//1
f 821//1 826//1 822//1
f 824//2 823//2 827//2
f 824//2 827//2 828//2
f 822//21 826//23 827//24
f 822//21 827//24 823//22
f 821//16 824//16 828//16
f 821//16 828//16 825//16
f 825//1 829//1 830//1
f 825//1 830//1 826//1
f 828//2 827//2 831//2
f 828//2 831//2 832//2
f 826//23 830//25 831//26
f 826//23 831//26 827//24
f 825//16 828//16 832//16
f 825//16 832//16 829//16
f 829//1 833//1 834//1
f 829//1 834//1 830//1
f 832//2 831//2 835//2
f 832//2 835//2 836//2
f 830//25 834//27 835//28
f 830//25 835//28 831//26
f 829//16 832//16 836//16
f 829//16 836//16 833//16
f 833//1 837//1 838//1
f 833//1 838//1 834//1
f 836//2 835//2 839//2
f 836//2 839//2 840//2
f 834//27 838//29 839//30
f 834//27 839//30 835//28
f 833//16 836//16 840//16
f 833//16 840//16 837//16
f 837//1 841//1 842//1
f 837//1 842//1 838//1
f 840//2 839//2 843//2
f 840//2 843//2 844//2
f 838//29 842//31 843//32
f 838//29 843//32 839//30
f 837//33 840//33 844//33
f 837//33 844//33 841//33
f 841//1 845//1 846//1
f 841//1 846//1 842//1
f 844//2 843//2 847//2
f 844//2 847//2 848//2
f 842//31 846//34 847//35
f 842//31 847//35 843//32
f 841//33 844//33 848//33
f 841//33 848//33 845//33
f 845//1 849//1 850//1
f 845//1 850//1 846//1
f 848//2 847//2 851//2
f 848//2 851//2 852//2
f 846//34 850//36 851//37
f 846//34 851//37 847//35
f 845//33 848//33 852//33
f 845//33 852//33 849//33
f 849//1 853//1 854//1
f 849//1 854//1 850//1
f 852//2 851//2 855//2
f 852//2 855//2 856//2
f 850//36 854//38 855//39
f 850//36 855//39 851//37
f 849//33 852//33 856//33
f 849//33 856//33 853//33
f 853//1 857//1 858//1
f 853//1 858//1 854//1
f 856//2 855//2 859//2
f 856//2 859//2 860//2
f 854//38 858//40 859//41
f 854//38 859//41 855//39
f 853//33 856//33 860//33
f 853//33 860//33 857//33
f 857//1 861//1 862//1
f 857//1 862//1 858//1
f 860//2 859//2 863//2
f 860//2 863//2 864//2
f 858//40 862//42 863//43
f 858//40 863//43 859//41
f 857//33 860//33 864//33
f 857//33 864//33 861//33
f 861//1 865//1 866//1
f 861//1 866//1 862//1
f 864//2 863//2 867//2
f 864//2 867//2 868//2
f 862//42 866//44 867//45
f 862//42 867//45 863//43
f 861//33 864//33 868//33
f 861//33 868//33 865//33
f 865//1 727//1 869//1
f 865//1 869//1 866//1
f 868//2 867//2 870//2
f 868//2 870//2 730//2
f 866//44 869//46 870//47
f 866//44 870//47 867//45
f 865//33 868//33 730//33
f 865//33 730//33 727//33
f 727//1 723//1 871//1
f 727//1 871//1 869//1
f 730//2 870//2 872//2
f 730//2 872//2 726//2
f 869//46 871//48 872//49
f 869//46 872//49 870//47
f 727//50 730//50 726//50
f 727//50 726//50 723//50
f 723//1 719//1 873//1
f 723//1 873//1 871//1
f 726//2 872//2 874//2
f 726//2 874//2 722//2
f 871//48 873//51 874//52
f 871//48 874//52 872//49
f 723//50 726//50 722//50
f 723//50 722//50 719//50
f 719//1 715//1 875//1
f 719//1 875//1 873//1
f 722//2 874//2 876//2
f 722//2 876//2 718//2
f 873//51 875//53 876//54
f 873//51 876//54 874//52
f 719//50 722//50 718//50
f 719//50 718//50 715//50
f 715//1 711//1 877//1
f 715//1 877//1 875//1
f 718//2 876//2 878//2
f 718//2 878//2 714//2
f 875//53 877//55 878//56
f 875//53 878//56 876//54
f 715//50 718//50 714//50
f 715//50 714//50 711//50
f 711//1 707//1 879//1
f 711//1 879//1 877//1
f 714//2 878//2 880//2
f 714//2 880//2 710//2
f 877//55 879//57 880//58
f 877//55 880//58 878//56
f 711//50 714//50 710//50
f 711//50 710//50 707//50
f 707//1 703//1 881//1
f 707//1 881//1 879//1
f 710//2 880//2 882//2
f 710//2 882//2 706//2
f 879//57 881//59 882//60
f 879//57 882//60 880//58
f 707//50 710//50 706//50
f 707//50 706//50 703//50
f 703//1 699//1 883//1
f 703//1 883//1 881//1
f 706//2 882//2 884//2
f 706//2 884//2 702//2
f 881//59 883//61 884//62
f 881//59 884//62 882//60
f 703//50 706//50 702//50
f 703//50 702//50 699//50
f 699//1 695//1 885//1
f 699//1 885//1 883//1
f 702//2 884//2 886//2
f 702//2 886//2 698//2
f 883//61 885//63 886//64
f 883//61 886//64 884//62
f 699//50 702//50 698//50
f 699//50 698//50 695//50
f 695//1 887//1 888//1
f 695//1 888//1 885//1
f 698//2 886//2 889//2
f 698//2 889//2 890//2
f 885//63 888//65 889//66
f 885//63 889//66 886//64
f 695//7 698//7 890//7
f 695//7 890//7 887//7
f 887//1 891//1 892//1
f 887//1 892//1 888//1
f 890//2 889//2 893//2
f 890//2 893//2 894//2
f 888//65 892//67 893//68
f 888//65 893//68 889//66
f 887//7 890//7 894//7
f 887//7 894//7 891//7
f 891//1 895//1 896//1
f 891//1 896//1 892//1
f 894//2 893//2 897//2
f 894//2 897//2 898//2
f 892//67 896//69 897//70
f 892//67 897//70 893//68
f 891//7 894//7 898//7
f 891//7 898//7 895//7
f 895//1 789//1 792//1
f 895//1 792//1 896//1
f 898//2 897//2 794//2
f 898//2 794//2 793//2
f 896//69 792//3 794//6
f 896//69 794//6 897//70
f 895//7 898//7 793//7
f 895//7 793//7 789//7
f 899//1 900//1 901//1
f 899//1 901//1 902//1
f 903//2 904//2 905//2
f 903//2 905//2 906//2
f 902//3 901//4 905//5
f 902//3 905//5 904//6
f 899//7 903//7 906//7
f 899//7 906//7 900//7
f 900//1 907//1 908//1
f 900//1 908//1 901//1
f 906//2 905//2 909//2
f 906//2 909//2 910//2
f 901//4 908//8 909//9
f 901//4 909//9 905//5
f 900//7 906//7 910//7
f 900//7 910//7 907//7
f 907//1 911//1 912//1
f 907//1 912//1 908//1
f 910//2 909//2 913//2
f 910//2 913//2 914//2
f 908//8 912//10 913//11
f 908//8 913//11 909//9
f 907//7 910//7 914//7
f 907//7 914//7 911//7
f 911//1 915//1 916//1
f 911//1 916//1 912//1
f 914//2 913//2 917//2
f 914//2 917//2 918//2
f 912//10 916//12 917//13
f 912//10 917//13 913//11
f 911//7 914//7 918//7
f 911//7 918//7 915//7
f 915//1 919//1 920//1
f 915//1 920//1 916//1
f 918//2 917//2 921//2
f 918//2 921//2 922//2
f 916//12 920//14 921//15
f 916//12 921//15 917//13
f 915//16 918//16 922//16
f 915//16 922//16 919//16
f 919//1 923//1 924//1
f 919//1 924//1 920//1
f 922//2 921//2 925//2
f 922//2 925//2 926//2
f 920//14 924//17 925//18
f 920//14 925//18 921//15
f 919//16 922//16 926//16
f 919//16 926//16 923//16
f 923//1 927//1 928//1
f 923//1 928//1 924//1
f 926//2 925//2 929//2
f 926//2 929//2 930//2
f 924//17 928//19 929//20
f 924//17 929//20 925//18
f 923//16 926//16 930//16
f 923//16 930//16 927//16
f 927//1 931//1 932//1
f 927//1 932//1 928//1
f 930//2 929//2 933//2
f 930//2 933//2 934//2
f 928//19 932//21 933//22
f 928//19 933//22 929//20
f 927//16 930//16 934//16
f 927//16 934//16 931//16
f 931//1 935//1 936//1
f 931//1 936//1 932//1
f 934//2 933//2 937//2
f 934//2 937//2 938//2
f 932//21 936//23 937//24
f 932//21 937//24 933//22
f 931//16 934//16 938//16
f 931//16 938//16 935//16
f 935//1 939//1 940//1
f 935//1 940//1 936//1
f 938//2 937//2 941//2
f 938//2 941//2 942//2
f 936//23 940//25 941//26
f 936//23 941//26 937//24
f 935//16 938//16 942//16
f 935//16 942//16 939//16
f 939//1 943//1 944//1
f 939//1 944//1 940//1
f 942//2 941//2 945//2
f 942//2 945//2 946//2
f 940//25 944//27 945//28
f 940//25 945//28 941//26
f 939//16 942//16 946//16
f 939//16 946//16 943//16
f 943//1 947//1 948//1
f 943//1 948//1 944//1
f 946//2 945//2 949//2
f 946//2 949//2 950//2
f 944//27 948//29 949//30
f 944//27 949//30 945//28
f 943//16 946//16 950//16
f 943//16 950//16 947//16
f 947//1 951//1 952//1
f 947//1 952//1 948//1
f 950//2 949//2 953//2
f 950//2 953//2 954//2
f 948//29 952//31 953//32
f 948//29 953//32 949//30
f 947//33 950//33 954//33
f 947//33 954//33 951//33
f 951//1 955//1 956//1
f 951//1 956//1 952//1
f 954//2 953//2 957//2
f 954//2 957//2 958//2
f 952//31 956//34 957//35
f 952//31 957//35 953//32
f 951//33 954//33 958//33
f 951//33 958//33 955//33
f 955//1 959//1 960//1
f 955//1 960//1 956//1
f 958//2 957//2 961//2
f 958//2 961//2 962//2
f 956//34 960//36 961//37
f 956//34 961//37 957//35
f 955//33 958//33 962//33
f 955//33 962//33 959//33
f 959//1 963//1 964//1
f 959//1 964//1 960//1
f 962//2 961//2 965//2
f 962//2 965//2 966//2
f 960//36 964//38 965//39
f 960//36 965//39 961//37
f 959//33 962//33 966//33
f 959//33 966//33 963//33
f 963//1 967//1 968//1
f 963//1 968//1 964//1
f 966//2 965//2 969//2
f 966//2 969//2 970//2
f 964//38 968//40 969//41
f 964//38 969//41 965//39
f 963//33 966//33 970//33
f 963//33 970//33 967//33
f 967//1 971//1 972//1
f 967//1 972//1 968//1
f 970//2 969//2 973//2
f 970//2 973//2 974//2
f 968//40 972//42 973//43
f 968//40 973//43 969//41
f 967//33 970//33 974//33
f 967//33 974//33 971//33
f 971//1 975//1 976//1
f 971//1 976//1 972//1
f 974//2 973//2 977//2
f 974//2 977//2 978//2
f 972//42 976//44 977//45
f 972//42 977//45 973//43
f 971//33 974//33 978//33
f 971//33 978//33 975//33
f 975//1 837//1 979//1
f 975//1 979//1 976//1
f 978//2 977//2 980//2
f 978//2 980//2 840//2
f 976//44 979//46 980//47
f 976//44 980//47 977//45
f 975//33 978//33 840//33
f 975//33 840//33 837//33
f 837//1 833//1 981//1
f 837//1 981//1 979//1
f 840//2 980//2 982//2
f 840//2 982//2 836//2
f 979//46 981//48 982//49
f 979//46 982//49 980//47
f 837//50 840//50 836//50
f 837//50 836//50 833//50
f 833//1 829//1 983//1
f 833//1 983//1 981//1
f 836//2 982//2 984//2
f 836//2 984//2 832//2
f 981//48 983//51 984//52
f 981//48 984//52 982//49
f 833//50 836//50 832//50
f 833//50 832//50 829//50
f 829//1 825//1 985//1
f 829//1 985//1 983//1
f 832//2 984//2 986//2
f 832//2 986//2 828//2
f 983//51 985//53 986//54
f 983//51 986//54 984//52
f 829//50 832//50 828//50
f 829//50 828//50 825//50
f 825//1 821//1 987//1
f 825//1 987//1 985//1
f 828//2 986//2 988//2
f 828//2 988//2 824//2
f 985//53 987//55 988//56
f 985//53 988//56 986//54
f 825//50 828//50 824//50
f 825//50 824//50 821//50
f 821//1 817//1 989//1
f 821//1 989//1 987//1
f 824//2 988//2 990//2
f 824//2 990//2 820//2
f 987//55 989//57 990//58
f 987//55 990//58 988//56
f 821//50 824//50 820//50
f 821//50 820//50 817//50
f 817//1 813//1 991//1
f 817//1 991//1 989//1
f 820//2 990//2 992//2
f 820//2 992//2 816//2
f 989//57 991//59 992//60
f 989//57 992//60 990//58
f 817//50 820//50 816//50
f 817//50 816//50 813//50
f 813//1 809//1 993//1
f 813//1 993//1 991//1
f 816//2 992//2 994//2
f 816//2 994//2 812//2
f 991//59 993//61 994//62
f 991//59 994//62 992//60
f 813//50 816//50 812//50
f 813//50 812//50 809//50
f 809//1 805//1 995//1
f 809//1 995//1 993//1
f 812//2 994//2 996//2
f 812//2 996//2 808//2
f 993//61 995//63 996//64
f 993//61 996//64 994//62
f 809//50 812//50 808//50
f 809//50 808//50 805//50
f 805//1 997//1 998//1
f 805//1 998//1 995//1
f 808//2 996//2 999//2
f 808//2 999//2 1000//2
f 995//63 998//65 999//66
f 995//63 999//66 996//64
f 805//7 808//7 1000//7
f 805//7 1000//7 997//7
f 997//1 1001//1 1002//1
f 997//1 1002//1 998//1
f 1000//2 999//2 1003//2
f 1000//2 1003//2 1004//2
f 998//65 1002//67 1003//68
f 998//65 1003//68 999//66
f 997//7 1000//7 1004//7
f 997//7 1004//7 1001//7
f 1001//1 1005//1 1006//1
f 1001//1 1006//1 1002//1
f 1004//2 1003//2 1007//2
f 1004//2 1007//2 1008//2
f 1002//67 1006//69 1007//70
f 1002//67 1007//70 1003//68
f 1001//7 1004//7 1008//7
f 1001//7 1008//7 1005//7
f 1005//1 899//1 902//1
f 1005//1 902//1 1006//1
f 1008//2 1007//2 904//2
f 1008//2 904//2 903//2
f 1006//69 902//3 904//6
f 1006//69 904//6 1007//70
f 1005//7 1008//7 903//7
f 1005//7 903//7 899//7
f 1009//1 1010//1 1011//1
f 1009//1 1011//1 1012//1
f 1013//2 1014//2 1015//2
f 1013//2 1015//2 1016//2
f 1012//3 1011//4 1015//5
f 1012//3 1015//5 1014//6
f 1009//7 1013//7 1016//7
f 1009//7 1016//7 1010//7
f 1010//1 1017//1 1018//1
f 1010//1 1018//1 1011//1
f 1016//2 1015//2 1019//2
f 1016//2 1019//2 1020//2
f 1011//4 1018//8 1019//9
f 1011//4 1019//9 1015//5
f 1010//7 1016//7 1020//7
f 1010//7 1020//7 1017//7
f 1017//1 1021//1 1022//1
f 1017//1 1022//1 1018//1
f 1020//2 1019//2 1023//2
f 1020//2 1023//2 1024//2
f 1018//8 1022//10 1023//11
f 1018//8 1023//11 1019//9
f 1017//7 1020//7 1024//7
f 1017//7 1024//7 1021//7
f 1021//1 1025//1 1026//1
f 1021//1 1026//1 1022//1
f 1024//2 1023//2 1027//2
f 1024//2 1027//2 1028//2
f 1022//10 1026//12 1027//13
f 1022//10 1027//13 1023//11
f 1021//7 1024//7 1028//7
f 1021//7 1028//7 1025//7
f 1025//1 1029//1 1030//1
f 1025//1 1030//1 1026//1
f 1028//2 1027//2 1031//2
f 1028//2 1031//2 1032//2
f 1026//12 1030//14 1031//15
f 1026//12 1031//15 1027//13
f 1025//16 1028//16 1032//16
f 1025//16 1032//16 1029//16
f 1029//1 1033//1 1034//1
f 1029//1 1034//1 1030//1
f 1032//2 1031//2 1035//2
f 1032//2 1035//2 1036//2
f 1030//14 1034//17 1035//18
f 1030//14 1035//18 1031//15
f 1029//16 1032//16 1036//16
f 1029//16 1036//16 1033//16
f 1033//1 1037//1 1038//1
f 1033//1 1038//1 1034//1
f 1036//2 1035//2 1039//2
f 1036//2 1039//2 1040//2
f 1034//17 1038//19 1039//20
f 1034//17 1039//20 1035//18
f 1033//16 1036//16 1040//16
f 1033//16 1040//16 1037//16
f 1037//1 1041//1 1042//1
f 1037//1 1042//1 1038//1
f 1040//2 1039//2 1043//2
f 1040//2 1043//2 1044//2
f 1038//19 1042//21 1043//22
f 1038//19 1043//22 1039//20
f 1037//16 1040//16 1044//16
f 1037//16 1044//16 1041//16
f 1041//1 1045//1 1046//1
f 1041//1 1046//1 1042//1
f 1044//2 1043//2 1047//2
f 1044//2 1047//2 1048//2
f 1042//21 1046//23 1047//24
f 1042//21 1047//24 1043//22
f 1041//16 1044//16 1048//16
f 1041//16 1048//16 1045//16
f 1045//1 1049//1 1050//1
f 1045//1 1050//1 1046//1
f 1048//2 1047//2 1051//2
f 1048//2 1051//2 1052//2
f 1046//23 1050//25 1051//26
f 1046//23 1051//26 1047//24
f 1045//16 1048//16 1052//16
f 1045//16 1052//16 1049//16
f 1049//1 1053//1 1054//1
f 1049//1 1054//1 1050//1
f 1052//2 1051//2 1055//2
f 1052//2 1055//2 1056//2
f 1050//25 1054//27 1055//28
f 1050//25 1055//28 1051//26
f 1049//16 1052//16 1056//16
f 1049//16 1056//16 1053//16
f 1053//1 1057//1 1058//1
f 1053//1 1058//1 1054//1
f 1056//2 1055//2 1059//2
f 1056//2 1059//2 1060//2
f 1054//27 1058//29 1059//30
f 1054//27 1059//30 1055//28
f 1053//16 1056//16 1060//16
f 1053//16 1060//16 1057//16
f 1057//1 1061//1 1062//1
f 1057//1 1062//1 1058//1
f 1060//2 1059//2 1063//2
f 1060//2 1063//2 1064//2
f 1058//29 1062//31 1063//32
f 1058//29 1063//32 1059//30
f 1057//33 1060//33 1064//33
f 1057//33 1064//33 1061//33
f 1061//1 1065//1 1066//1
f 1061//1 1066//1 1062//1
f 1064//2 1063//2 1067//2
f 1064//2 1067//2 1068//2
f 1062//31 1066//34 1067//35
f 1062//31 1067//35 1063//32
f 1061//33 1064//33 1068//33
f 1061//33 1068//33 1065//33
f 1065//1 1069//1 1070//1
f 1065//1 1070//1 1066//1
f 1068//2 1067//2 1071//2
f 1068//2 1071//2 1072//2
f 1066//34 1070//36 1071//37
f 1066//34 1071//37 1067//35
f 1065//33 1068//33 1072//33
f 1065//33 1072//33 1069//33
f 1069//1 1073//1 1074//1
f 1069//1 1074//1 1070//1
f 1072//2 1071//2 1075//2
f 1072//2 1075//2 1076//2
f 1070//36 1074//38 1075//39
f 1070//36 1075//39 1071//37
f 1069//33 1072//33 1076//33
f 1069//33 1076//33 1073//33
f 1073//1 1077//1 1078//1
f 1073//1 1078//1 1074//1
f 1076//2 1075//2 1079//2
f 1076//2 1079//2 1080//2
f 1074//38 1078//40 1079//41
f 1074//38 1079//41 1075//39
f 1073//33 1076//33 1080//33
f 1073//33 1080//33 1077//33
f 1077//1 1081//1 1082//1
f 1077//1 1082//1 1078//1
f 1080//2 1079//2 1083//2
f 1080//2 1083//2 1084//2
f 1078//40 1082//42 1083//43
f 1078//40 1083//43 1079//41
f 1077//33 1080//33 1084//33
f 1077//33 1084//33 1081//33
f 1081//1 1085//1 1086//1
f 1081//1 1086//1 1082//1
f 1084//2 1083//2 1087//2
f 1084//2 1087//2 1088//2
f 1082//42 1086//44 1087//45
f 1082//42 1087//45 1083//43
f 1081//33 1084//33 1088//33
f 1081//33 1088//33 1085//33
f 1085//1 947//1 1089//1
f 1085//1 1089//1 1086//1
f 1088//2 1087//2 1090//2
f 1088//2 1090//2 950//2
f 1086//44 1089//46 1090//47
f 1086//44 1090//47 1087//45
f 1085//33 1088//33 950//33
f 1085//33 950//33 947//33
f 947//1 943//1 1091//1
f 947//1 1091//1 1089//1
f 950//2 1090//2 1092//2
f 950//2 1092//2 946//2
f 1089//46 1091//48 1092//49
f 1089//46 1092//49 1090//47
f 947//50 950//50 946//50
f 947//50 946//50 943//50
f 943//1 939//1 1093//1
f 943//1 1093//1 1091//1
f 946//2 1092//2 1094//2
f 946//2 1094//2 942//2
f 1091//48 1093//51 1094//52
f 1091//48 1094//52 1092//49
f 943//50 946//50 942//50
f 943//50 942//50 939//50
f 939//1 935//1 1095//1
f 939//1 1095//1 1093//1
f 942//2 1094//2 1096//2
f 942//2 1096//2 938//2
f 1093//51 1095//53 1096//54
f 1093//51 1096//54 1094//52
f 939//50 942//50 938//50
f 939//50 938//50 935//50
f 935//1 931//1 1097//1
f 935//1 1097//1 1095//1
f 938//2 1096//2 1098//2
f 938//2 1098//2 934//2
f 1095//53 1097//55 1098//56
f 1095//53 1098//56 1096//54
f 935//50 938//50 934//50
f 935//50 934//50 931//50
f 931//1 927//1 1099//1
f 931//1 1099//1 1097//1
f 934//2 1098//2 1100//2
f 934//2 1100//2 930//2
f 1097//55 1099//57 1100//58
f 1097//55 1100//58 1098//56
f 931//50 934//50 930//50
f 931//50 930//50 927//50
f 927//1 923//1 1101//1
f 927//1 1101//1 1099//1
f 930//2 1100//2 1102//2
f 930//2 1102//2 926//2
f 1099//57 1101//59 1102//60
f 1099//57 1102//60 1100//58
f 927//50 930//50 926//50
f 927//50 926//50 923//50
f 923//1 919//1 1103//1
f 923//1 1103//1 1101//1
f 926//2 1102//2 1104//2
f 926//2 1104//2 922//2
f 1101//59 1103//61 1104//62
f 1101//59 1104//62 1102//60
f 923//50 926//50 922//50
f 923//50 922//50 919//50
f 919//1 915//1 1105//1
f 919//1 1105//1 1103//1
f 922//2 1104//2 1106//2
f 922//2 1106//2 918//2
f 1103//61 1105//63 1106//64
f 1103//61 1106//64 1104//62
f 919//50 922//50 918//50
f 919//50 918//50 915//50
f 915//1 1107//1 1108//1
f 915//1 1108//1 1105//1
f 918//2 1106//2 1109//2
f 918//2 1109//2 1110//2
f 1105//63 1108//65 1109//66
f 1105//63 1109//66 1106//64
f 915//7 918//7 1110//7
f 915//7 1110//7 1107//7
f 1107//1 1111//1 1112//1
f 1107//1 1112//1 1108//1
f 1110//2 1109//2 1113//2
f 1110//2 1113//2 1114//2
f 1108//65 1112//67 1113//68
f 1108//65 1113//68 1109//66
f 1107//7 1110//7 1114//7
f 1107//7 1114//7 1111//7
f 1111//1 1115//1 1116//1
f 1111//1 1116//1 1112//1
f 1114//2 1113//2 1117//2
f 1114//2 1117//2 1118//2
f 1112//67 1116//69 1117//70
f 1112//67 1117//70 1113//68
f 1111//7 1114//7 1118//7
f 1111//7 1118//7 1115//7
f 1115//1 1009//1 1012//1
f 1115//1 1012//1 1116//1
f 1118//2 1117//2 1014//2
f 1118//2 1014//2 1013//2
f 1116//69 1012//3 1014//6
f 1116//69 1014//6 1117//70
f 1115//7 1118//7 1013//7
f 1115//7 1013//7 1009//7
f 1119//1 1120//1 1121//1
f 1119//1 1121//1 1122//1
f 1123//2 1124//2 1125//2
f 1123//2 1125//2 1126//2
f 1122//3 1121//4 1125//5
f 1122//3 1125//5 1124//6
f 1119//7 1123//7 1126//7
f 1119//7 1126//7 1120//7
f 1120//1 1127//1 1128//1
f 1120//1 1128//1 1121//1
f 1126//2 1125//2 1129//2
f 1126//2 1129//2 1130//2
f 1121//4 1128//8 1129//9
f 1121//4 1129//9 1125//5
f 1120//7 1126//7 1130//7
f 1120//7 1130//7 1127//7
f 1127//1 1131//1 1132//1
f 1127//1 1132//1 1128//1
f 1130//2 1129//2 1133//2
f 1130//2 1133//2 1134//2
f 1128//8 1132//10 1133//11
f 1128//8 1133//11 1129//9
f 1127//7 1130//7 1134//7
f 1127//7 1134//7 1131//7
f 1131//1 1135//1 1136//1
f 1131//1 1136//1 1132//1
f 1134//2 1133//2 1137//2
f 1134//2 1137//2 1138//2
f 1132//10 1136//12 1137//13
f 1132//10 1137//13 1133//11
f 1131//7 1134//7 1138//7
f 1131//7 1138//7 1135//7
f 1135//1 1139//1 1140//1
f 1135//1 1140//1 1136//1
f 1138//2 1137//2 1141//2
f 1138//2 1141//2 1142//2
f 1136//12 1140//14 1141//15
f 1136//12 1141//15 1137//13
f 1135//16 1138//16 1142//16
f 1135//16 1142//16 1139//16
f 1139//1 1143//1 1144//1
f 1139//1 1144//1 1140//1
f 1142//2 1141//2 1145//2
f 1142//2 1145//2 1146//2
f 1140//14 1144//17 1145//18
f 1140//14 1145//18 1141//15
f 1139//16 1142//16 1146//16
f 1139//16 1146//16 1143//16
f 1143//1 1147//1 1148//1
f 1143//1 1148//1 1144//1
f 1146//2 1145//2 1149//2
f 1146//2 1149//2 1150//2
f 1144//17 1148//19 1149//20
f 1144//17 1149//20 1145//18
f 1143//16 1146//16 1150//16
f 1143//16 1150//16 1147//16
f 1147//1 1151//1 1152//1
f 1147//1 1152//1 1148//1
f 1150//2 1149//2 1153//2
f 1150//2 1153//2 1154//2
f 1148//19 1152//21 1153//22
f 1148//19 1153//22 1149//20
f 1147//16 1150//16 1154//16
f 1147//16 1154//16 1151//16
f 1151//1 1155//1 1156//1
f 1151//1 1156//1 1152//1
f 1154//2 1153//2 1157//2
f 1154//2 1157//2 1158//2
f 1152//21 1156//23 1157//24
f 1152//21 1157//24 1153//22
f 1151//16 1154//16 1158//16
f 1151//16 1158//16 1155//16
f 1155//1 1159//1 1160//1
f 1155//1 1160//1 1156//1
f 1158//2 1157//2 1161//2
f 1158//2 1161//2 1162//2
f 1156//23 1160//25 1161//26
f 1156//23 1161//26 1157//24
f 1155//16 1158//16 1162//16
f 1155//16 1162//16 1159//16
f 1159//1 1163//1 1164//1
f 1159//1 1164//1 1160//1
f 1162//2 1161//2 1165//2
f 1162//2 1165//2 1166//2
f 1160//25 1164//27 1165//28
f 1160//25 1165//28 1161//26
f 1159//16 1162//16 1166//16
f 1159//16 1166//16 1163//16
f 1163//1 1167//1 1168//1
f 1163//1 1168//1 1164//1
f 1166//2 1165//2 1169//2
f 1166//2 1169//2 1170//2
f 1164//27 1168//29 1169//30
f 1164//27 1169//30 1165//28
f 1163//16 1166//16 1170//16
f 1163//16 1170//16 1167//16
f 1167//1 1171//1 1172//1
f 1167//1 1172//1 1168//1
f 1170//2 1169//2 1173//2
f 1170//2 1173//2 1174//2
f 1168//29 1172//31 1173//32
f 1168//29 1173//32 1169//30
f 1167//33 1170//33 1174//33
f 1167//33 1174//33 1171//33
f 1171//1 1175//1 1176//1
f 1171//1 1176//1 1172//1
f 1174//2 1173//2 1177//2
f 1174//2 1177//2 1178//2
f 1172//31 1176//34 1177//35
f 1172//31 1177//35 1173//32
f 1171//33 1174//33 1178//33
f 1171//33 1178//33 1175//33
f 1175//1 1179//1 1180//1
f 1175//1 1180//1 1176//1
f 1178//2 1177//2 1181//2
f 1178//2 1181//2 1182//2
f 1176//34 1180//36 1181//37
f 1176//34 1181//37 1177//35
f 1175//33 1178//33 1182//33
f 1175//33 1182//33 1179//33
f 1179//1 1183//1 1184//1
f 1179//1 1184//1 1180//1
f 1182//2 1181//2 1185//2
f 1182//2 1185//2 1186//2
f 1180//36 1184//38 1185//39
f 1180//36 1185//39 1181//37
f 1179//33 1182//33 1186//33
f 1179//33 1186//33 1183//33
f 1183//1 1187//1 1188//1
f 1183//1 1188//1 1184//1
f 1186//2 1185//2 1189//2
f 1186//2 1189//2 1190//2
f 1184//38 1188//40 1189//41
f 1184//38 1189//41 1185//39
f 1183//33 1186//33 1190//33
f 1183//33 1190//33 1187//33
f 1187//1 1191//1 1192//1
f 1187//1 1192//1 1188//1
f 1190//2 1189//2 1193//2
f 1190//2 1193//2 1194//2
f 1188//40 1192//42 1193//43
f 1188//40 1193//43 1189//41
f 1187//33 1190//33 1194//33
f 1187//33 1194//33 1191//33
f 1191//1 1195//1 1196//1
f 1191//1 1196//1 1192//1
f 1194//2 1193//2 1197//2
f 1194//2 1197//2 1198//2
f 1192//42 1196//44 1197//45
f 1192//42 1197//45 1193//43
f 1191//33 1194//33 1198//33
f 1191//33 1198//33 1195//33
f 1195//1 1057//1 1199//1
f 1195//1 1199//1 1196//1
f 1198//2 1197//2 1200//2
f 1198//2 1200//2 1060//2
f 1196//44 1199//46 1200//47
f 1196//44 1200//47 1197//45
f 1195//33 1198//33 1060//33
f 1195//33 1060//33 1057//33
f 1057//1 1053//1 1201//1
f 1057//1 1201//1 1199//1
f 1060//2 1200//2 1202//2
f 1060//2 1202//2 1056//2
f 1199//46 1201//48 1202//49
f 1199//46 1202//49 1200//47
f 1057//50 1060//50 1056//50
f 1057//50 1056//50 1053//50
f 1053//1 1049//1 1203//1
f 1053//1 1203//1 1201//1
f 1056//2 1202//2 1204//2
f 1056//2 1204//2 1052//2
f 1201//48 1203//51 1204//52
f 1201//48 1204//52 1202//49
f 1053//50 1056//50 1052//50
f 1053//50 1052//50 1049//50
f 1049//1 1045//1 1205//1
f 1049//1 1205//1 1203//1
f 1052//2 1204//2 1206//2
f 1052//2 1206//2 1048//2
f 1203//51 1205//53 1206//54
f 1203//51 1206//54 1204//52
f 1049//50 1052//50 1048//50
f 1049//50 1048//50 1045//50
f 1045//1 1041//1 1207//1
f 1045//1 1207//1 1205//1
f 1048//2 1206//2 1208//2
f 1048//2 1208//2 1044//2
f 1205//53 1207//55 1208//56
f 1205//53 1208//56 1206//54
f 1045//50 1048//50 1044//50
f 1045//50 1044//50 1041//50
f 1041//1 1037//1 1209//1
f 1041//1 1209//1 1207//1
f 1044//2 1208//2 1210//2
f 1044//2 1210//2 1040//2
f 1207//55 1209//57 1210//58
f 1207//55 1210//58 1208//56
f 1041//50 1044//50 1040//50
f 1041//50 1040//50 1037//50
f 1037//1 1033//1 1211//1
f 1037//1 1211//1 1209//1
f 1040//2 1210//2 1212//2
f 1040//2 1212//2 1036//2
f 1209//57 1211//59 1212//60
f 1209//57 1212//60 1210//58
f 1037//50 1040//50 1036//50
f 1037//50 1036//50 1033//50
f 1033//1 1029//1 1213//1
f 1033//1 1213//1 1211//1
f 1036//2 1212//2 1214//2
f 1036//2 1214//2 1032//2
f 1211//59 1213//61 1214//62
f 1211//59 1214//62 1212//60
f 1033//50 1036//50 1032//50
f 1033//50 1032//50 1029//50
f 1029//1 1025//1 1215//1
f 1029//1 1215//1 1213//1
f 1032//2 1214//2 1216//2
f 1032//2 1216//2 1028//2
f 1213//61 1215//63 1216//64
f 1213//61 1216//64 1214//62
f 1029//50 1032//50 1028//50
f 1029//50 1028//50 1025//50
f 1025//1 1217//1 1218//1
f 1025//1 1218//1 1215//1
f 1028//2 1216//2 1219//2
f 1028//2 1219//2 1220//2
f 1215//63 1218//65 1219//66
f 1215//63 1219//66 1216//64
f 1025//7 1028//7 1220//7
f 1025//7 1220//7 1217//7
f 1217//1 1221//1 1222//1
f 1217//1 1222//1 1218//1
f 1220//2 1219//2 1223//2
f 1220//2 1223//2 1224//2
f 1218//65 1222//67 1223//68
f 1218//65 1223//68 1219//66
f 1217//7 1220//7 1224//7
f 1217//7 1224//7 1221//7
f 1221//1 1225//1 1226//1
f 1221//1 1226//1 1222//1
f 1224//2 1223//2 1227//2
f 1224//2 1227//2 1228//2
f 1222//67 1226//69 1227//70
f 1222//67 1227//70 1223//68
f 1221//7 1224//7 1228//7
f 1221//7 1228//7 1225//7
f 1225//1 1119//1 1122//1
f 1225//1 1122//1 1226//1
f 1228//2 1227//2 1124//2
f 1228//2 1124//2 1123//2
f 1226//69 1122//3 1124//6
f 1226//69 1124//6 1227//70
f 1225//7 1228//7 1123//7
f 1225//7 1123//7 1119//7
f 1229//1 1230//1 1231//1
f 1229//1 1231//1 1232//1
f 1233//2 1234//2 1235//2
f 1233//2 1235//2 1236//2
f 1232//3 1231//4 1235//5
f 1232//3 1235//5 1234//6
f 1229//7 1233//7 1236//7
f 1229//7 1236//7 1230//7
f 1230//1 1237//1 1238//1
f 1230//1 1238//1 1231//1
f 1236//2 1235//2 1239//2
f 1236//2 1239//2 1240//2
f 1231//4 1238//8 1239//9
f 1231//4 1239//9 1235//5
f 1230//7 1236//7 1240//7
f 1230//7 1240//7 1237//7
f 1237//1 1241//1 1242//1
f 1237//1 1242//1 1238//1
f 1240//2 1239//2 1243//2
f 1240//2 1243//2 1244//2
f 1238//8 1242//10 1243//11
f 1238//8 1243//11 1239//9
f 1237//7 1240//7 1244//7
f 1237//7 1244//7 1241//7
f 1241//1 1245//1 1246//1
f 1241//1 1246//1 1242//1
f 1244//2 1243//2 1247//2
f 1244//2 1247//2 1248//2
f 1242//10 1246//12 1247//13
f 1242//10 1247//13 1243//11
f 1241//7 1244//7 1248//7
f 1241//7 1248//7 1245//7
f 1245//1 1249//1 1250//1
f 1245//1 1250//1 1246//1
f 1248//2 1247//2 1251//2
f 1248//2 1251//2 1252//2
f 1246//12 1250//14 1251//15
f 1246//12 1251//15 1247//13
f 1245//16 1248//16 1252//16
f 1245//16 1252//16 1249//16
f 1249//1 1253//1 1254//1
f 1249//1 1254//1 1250//1
f 1252//2 1251//2 1255//2
f 1252//2 1255//2 1256//2
f 1250//14 1254//17 1255//18
f 1250//14 1255//18 1251//15
f 1249//16 1252//16 1256//16
f 1249//16 1256//16 1253//16
f 1253//1 1257//1 1258//1
f 1253//1 1258//1 1254//1
f 1256//2 1255//2 1259//2
f 1256//2 1259//2 1260//2
f 1254//17 1258//19 1259//20
f 1254//17 1259//20 1255//18
f 1253//16 1256//16 1260//16
f 1253//16 1260//16 1257//16
f 1257//1 1261//1 1262//1
f 1257//1 1262//1 1258//1
f 1260//2 1259//2 1263//2
f 1260//2 1263//2 1264//2
f 1258//19 1262//21 1263//22
f 1258//19 1263//22 1259//20
f 1257//16 1260//16 1264//16
f 1257//16 1264//16 1261//16
f 1261//1 1265//1 1266//1
f 1261//1 1266//1 1262//1
f 1264//2 1263//2 1267//2
f 1264//2 1267//2 1268//2
f 1262//21 1266//23 1267//24
f 1262//21 1267//24 1263//22
f 1261//16 1264//16 1268//16
f 1261//16 1268//16 1265//16
f 1265//1 1269//1 1270//1
f 1265//1 1270//1 1266//1
f 1268//2 1267//2 1271//2
f 1268//2 1271//2 1272//2
f 1266//23 1270//25 1271//26
f 1266//23 1271//26 1267//24
f 1265//16 1268//16 1272//16
f 1265//16 1272//16 1269//16
f 1269//1 1273//1 1274//1
f 1269//1 1274//1 1270//1
f 1272//2 1271//2 1275//2
f 1272//2 1275//2 1276//2
f 1270//25 1274//27 1275//28
f 1270//25 1275//28 1271//26
f 1269//16 1272//16 1276//16
f 1269//16 1276//16 1273//16
f 1273//1 1277//1 1278//1
f 1273//1 1278//1 1274//1
f 1276//2 1275//2 1279//2
f 1276//2 1279//2 1280//2
f 1274//27 1278//29 1279//30
f 1274//27 1279//30 1275//28
f 1273//16 1276//16 1280//16
f 1273//16 1280//16 1277//16
f 1277//1 1281//1 1282//1
f 1277//1 1282//1 1278//1
f 1280//2 1279//2 1283//2
f 1280//2 1283//2 1284//2
f 1278//29 1282//31 1283//32
f 1278//29 1283//32 1279//30
f 1277//33 1280//33 1284//33
f 1277//33 1284//33 1281//33
f 1281//1 1285//1 1286//1
f 1281//1 1286//1 1282//1
f 1284//2 1283//2 1287//2
f 1284//2 1287//2 1288//2
f 1282//31 1286//34 1287//35
f 1282//31 1287//35 1283//32
f 1281//33 1284//33 1288//33
f 1281//33 1288//33 1285//33
f 1285//1 1289//1 1290//1
f 1285//1 1290//1 1286//1
f 1288//2 1287//2 1291//2
f 1288//2 1291//2 1292//2
f 1286//34 1290//36 1291//37
f 1286//34 1291//37 1287//35
f 1285//33 1288//33 1292//33
f 1285//33 1292//33 1289//33
f 1289//1 1293//1 1294//1
f 1289//1 1294//1 1290//1
f 1292//2 1291//2 1295//2
f 1292//2 1295//2 1296//2
f 1290//36 1294//38 1295//39
f 1290//36 1295//39 1291//37
f 1289//33 1292//33 1296//33
f 1289//33 1296//33 1293//33
f 1293//1 1297//1 1298//1
f 1293//1 1298//1 1294//1
f 1296//2 1295//2 1299//2
f 1296//2 1299//2 1300//2
f 1294//38 1298//40 1299//41
f 1294//38 1299//41 1295//39
f 1293//33 1296//33 1300//33
f 1293//33 1300//33 1297//33
f 1297//1 1301//1 1302//1
f 1297//1 1302//1 1298//1
f 1300//2 1299//2 1303//2
f 1300//2 1303//2 1304//2
f 1298//40 1302//42 1303//43
f 1298//40 1303//43 1299//41
f 1297//33 1300//33 1304//33
f 1297//33 1304//33 1301//33
f 1301//1 1305//1 1306//1
f 1301//1 1306//1 1302//1
f 1304//2 1303//2 1307//2
f 1304//2 1307//2 1308//2
f 1302//42 1306//44 1307//45
f 1302//42 1307//45 1303//43
f 1301//33 1304//33 1308//33
f 1301//33 1308//33 1305//33
f 1305//1 1167//1 1309//1
f 1305//1 1309//1 1306//1
f 1308//2 1307//2 1310//2
f 1308//2 1310//2 1170//2
f 1306//44 1309//46 1310//47
f 1306//44 1310//47 1307//45
f 1305//33 1308//33 1170//33
f 1305//33 1170//33 1167//33
f 1167//1 1163//1 1311//1
f 1167//1 1311//1 1309//1
f 1170//2 1310//2 1312//2
f 1170//2 1312//2 1166//2
f 1309//46 1311//48 1312//49
f 1309//46 1312//49 1310//47
f 1167//50 1170//50 1166//50
f 1167//50 1166//50 1163//50
f 1163//1 1159//1 1313//1
f 1163//1 1313//1 1311//1
f 1166//2 1312//2 1314//2
f 1166//2 1314//2 1162//2
f 1311//48 1313//51 1314//52
f 1311//48 1314//52 1312//49
f 1163//50 1166//50 1162//50
f 1163//50 1162//50 1159//50
f 1159//1 1155//1 1315//1
f 1159//1 1315//1 1313//1
f 1162//2 1314//2 1316//2
f 1162//2 1316//2 1158//2
f 1313//51 1315//53 1316//54
f 1313//51 1316//54 1314//52
f 1159//50 1162//50 1158//50
f 1159//50 1158//50 1155//50
f 1155//1 1151//1 1317//1
f 1155//1 1317//1 1315//1
f 1158//2 1316//2 1318//2
f 1158//2 1318//2 1154//2
f 1315//53 1317//55 1318//56
f 1315//53 1318//56 1316//54
f 1155//50 1158//50 1154//50
f 1155//50 1154//50 1151//50
f 1151//1 1147//1 1319//1
f 1151//1 1319//1 1317//1
f 1154//2 1318//2 1320//2
f 1154//2 1320//2 1150//2
f 1317//55 1319//57 1320//58
f 1317//55 1320//58 1318//56
f 1151//50 1154//50 1150//50
f 1151//50 1150//50 1147//50
f 1147//1 1143//1 1321//1
f 1147//1 1321//1 1319//1
f 1150//2 1320//2 1322//2
f 1150//2 1322//2 1146//2
f 1319//57 1321//59 1322//60
f 1319//57 1322//60 1320//58
f 1147//50 1150//50 1146//50
f 1147//50 1146//50 1143//50
f 1143//1 1139//1 1323//1
f 1143//1 1323//1 1321//1
f 1146//2 1322//2 1324//2
f 1146//2 1324//2 1142//2
f 1321//59 1323//61 1324//62
f 1321//59 1324//62 1322//60
f 1143//50 1146//50 1142//50
f 1143//50 1142//50 1139//50
f 1139//1 1135//1 1325//1
f 1139//1 1325//1 1323//1
f 1142//2 1324//2 1326//2
f 1142//2 1326//2 1138//2
f 1323//61 1325//63 1326//64
f 1323//61 1326//64 1324//62
f 1139//50 1142//50 1138//50
f 1139//50 1138//50 1135//50
f 1135//1 1327//1 1328//1
f 1135//1 1328//1 1325//1
f 1138//2 1326//2 1329//2
f 1138//2 1329//2 1330//2
f 1325//63 1328//65 1329//66
f 1325//63 1329//66 1326//64
f 1135//7 1138//7 1330//7
f 1135//7 1330//7 1327//7
f 1327//1 1331//1 1332//1
f 1327//1 1332//1 1328//1
f 1330//2 1329//2 1333//2
f 1330//2 1333//2 1334//2
f 1328//65 1332//67 1333//68
f 1328//65 1333//68 1329//66
f 1327//7 1330//7 1334//7
f 1327//7 1334//7 1331//7
f 1331//1 1335//1 1336//1
f 1331//1 1336//1 1332//1
f 1334//2 1333//2 1337//2
f 1334//2 1337//2 1338//2
f 1332//67 1336//69 1337//70
f 1332//67 1337//70 1333//68
f 1331//7 1334//7 1338//7
f 1331//7 1338//7 1335//7
f 1335//1 1229//1 1232//1
f 1335//1 1232//1 1336//1
f 1338//2 1337//2 1234//2
f 1338//2 1234//2 1233//2
f 1336//69 1232//3 1234//6
f 1336//69 1234//6 1337//70
f 1335//7 1338//7 1233//7
f 1335//7 1233//7 1229//7
f 1339//1 1340//1 1341//1
f 1339//1 1341//1 1342//1
f 1343//2 1344//2 1345//2
f 1343//2 1345//2 1346//2
f 1342//3 1341//4 1345//5
f 1342//3 1345//5 1344//6
f 1339//7 1343//7 1346//7
f 1339//7 1346//7 1340//7
f 1340//1 1347//1 1348//1
f 1340//1 1348//1 1341//1
f 1346//2 1345//2 1349//2
f 1346//2 1349//2 1350//2
f 1341//4 1348//8 1349//9
f 1341//4 1349//9 1345//5
f 1340//7 1346//7 1350//7
f 1340//7 1350//7 1347//7
f 1347//1 1351//1 1352//1
f 1347//1 1352//1 1348//1
f 1350//2 1349//2 1353//2
f 1350//2 1353//2 1354//2
f 1348//8 1352//10 1353//11
f 1348//8 1353//11 1349//9
f 1347//7 1350//7 1354//7
f 1347//7 1354//7 1351//7
f 1351//1 1355//1 1356//1
f 1351//1 1356//1 1352//1
f 1354//2 1353//2 1357//2
f 1354//2 1357//2 1358//2
f 1352//10 1356//12 1357//13
f 1352//10 1357//13 1353//11
f 1351//7 1354//7 1358//7
f 1351//7 1358//7 1355//7
f 1355//1 1359//1 1360//1
f 1355//1 1360//1 1356//1
f 1358//2 1357//2 1361//2
f 1358//2 1361//2 1362//2
f 1356//12 1360//14 1361//15
f 1356//12 1361//15 1357//13
f 1355//16 1358//16 1362//16
f 1355//16 1362//16 1359//16
f 1359//1 1363//1 1364//1
f 1359//1 1364//1 1360//1
f 1362//2 1361//2 1365//2
f 1362//2 1365//2 1366//2
f 1360//14 1364//17 1365//18
f 1360//14 1365//18 1361//15
f 1359//16 1362//16 1366//16
f 1359//16 1366//16 1363//16
f 1363//1 1367//1 1368//1
f 1363//1 1368//1 1364//1
f 1366//2 1365//2 1369//2
f 1366//2 1369//2 1370//2
f 1364//17 1368//19 1369//20
f 1364//17 1369//20 1365//18
f 1363//16 1366//16 1370//16
f 1363//16 1370//16 1367//16
f 1367//1 1371//1 1372//1
f 1367//1 1372//1 1368//1
f 1370//2 1369//2 1373//2
f 1370//2 1373//2 1374//2
f 1368//19 1372//21 1373//22
f 1368//19 1373//22 1369//20
f 1367//16 1370//16 1374//16
f 1367//16 1374//16 1371//16
f 1371//1 1375//1 1376//1
f 1371//1 1376//1 1372//1
f 1374//2 1373//2 1377//2
f 1374//2 1377//2 1378//2
f 1372//21 1376//23 1377//24
f 1372//21 1377//24 1373//22
f 1371//16 1374//16 1378//16
f 1371//16 1378//16 1375//16
f 1375//1 1379//1 1380//1
f 1375//1 1380//1 1376//1
f 1378//2 1377//2 1381//2
f 1378//2 1381//2 1382//2
f 1376//23 1380//25 1381//26
f 1376//23 1381//26 1377//24
f 1375//16 1378//16 1382//16
f 1375//16 1382//16 1379//16
f 1379//1 1383//1 1384//1
f 1379//1 1384//1 1380//1
f 1382//2 1381//2 1385//2
f 1382//2 1385//2 1386//2
f 1380//25 1384//27 1385//28
f 1380//25 1385//28 1381//26
f 1379//16 1382//16 1386//16
f 1379//16 1386//16 1383//16
f 1383//1 1387//1 1388//1
f 1383//1 1388//1 1384//1
f 1386//2 1385//2 1389//2
f 1386//2 1389//2 1390//2
f 1384//27 1388//29 1389//30
f 1384//27 1389//30 1385//28
f 1383//16 1386//16 1390//16
f 1383//16 1390//16 1387//16
f 1387//1 1391//1 1392//1
f 1387//1 1392//1 1388//1
f 1390//2 1389//2 1393//2
f 1390//2 1393//2 1394//2
f 1388//29 1392//31 1393//32
f 1388//29 1393//32 1389//30
f 1387//33 1390//33 1394//33
f 1387//33 1394//33 1391//33
f 1391//1 1395//1 1396//1
f 1391//1 1396//1 1392//1
f 1394//2 1393//2 1397//2
f 1394//2 1397//2 1398//2
f 1392//31 1396//34 1397//35
f 1392//31 1397//35 1393//32
f 1391//33 1394//33 1398//33
f 1391//33 1398//33 1395//33
f 1395//1 1399//1 1400//1
f 1395//1 1400//1 1396//1
f 1398//2 1397//2 1401//2
f 1398//2 1401//2 1402//2
f 1396//34 1400//36 1401//37
f 1396//34 1401//37 1397//35
f 1395//33 1398//33 1402//33
f 1395//33 1402//33 1399//33
f 1399//1 1403//1 1404//1
f 1399//1 1404//1 1400//1
f 1402//2 1401//2 1405//2
f 1402//2 1405//2 1406//2
f 1400//36 1404//38 1405//39
f 1400//36 1405//39 1401//37
f 1399//33 1402//33 1406//33
f 1399//33 1406//33 1403//33
f 1403//1 1407//1 1408//1
f 1403//1 1408//1 1404//1
f 1406//2 1405//2 1409//2
f 1406//2 1409//2 1410//2
f 1404//38 1408//40 1409//41
f 1404//38 1409//41 1405//39
f 1403//33 1406//33 1410//33
f 1403//33 1410//33 1407//33
f 1407//1 1411//1 1412//1
f 1407//1 1412//1 1408//1
f 1410//2 1409//2 1413//2
f 1410//2 1413//2 1414//2
f 1408//40 1412//42 1413//43
f 1408//40 1413//43 1409//41
f 1407//33 1410//33 1414//33
f 1407//33 1414//33 1411//33
f 1411//1 1415//1 1416//1
f 1411//1 1416//1 1412//1
f 1414//2 1413//2 1417//2
f 1414//2 1417//2 1418//2
f 1412//42 1416//44 1417//45
f 1412//42 1417//45 1413//43
f 1411//33 1414//33 1418//33
f 1411//33 1418//33 1415//33
f 1415//1 1277//1 1419//1
f 1415//1 1419//1 1416//1
f 1418//2 1417//2 1420//2
f 1418//2 1420//2 1280//2
f 1416//44 1419//46 1420//47
f 1416//44 1420//47 1417//45
f 1415//33 1418//33 1280//33
f 1415//33 1280//33 1277//33
f 1277//1 1273//1 1421//1
f 1277//1 1421//1 1419//1
f 1280//2 1420//2 1422//2
f 1280//2 1422//2 1276//2
f 1419//46 1421//48 1422//49
f 1419//46 1422//49 1420//47
f 1277//50 1280//50 1276//50
f 1277//50 1276//50 1273//50
f 1273//1 1269//1 1423//1
f 1273//1 1423//1 1421//1
f 1276//2 1422//2 1424//2
f 1276//2 1424//2 1272//2
f 1421//48 1423//51 1424//52
f 1421//48 1424//52 1422//49
f 1273//50 1276//50 1272//50
f 1273//50 1272//50 1269//50
f 1269//1 1265//1 1425//1
f 1269//1 1425//1 1423//1
f 1272//2 1424//2 1426//2
f 1272//2 1426//2 1268//2
f 1423//51 1425//53 1426//54
f 1423//51 1426//54 1424//52
f 1269//50 1272//50 1268//50
f 1269//50 1268//50 1265//50
f 1265//1 1261//1 1427//1
f 1265//1 1427//1 1425//1
f 1268//2 1426//2 1428//2
f 1268//2 1428//2 1264//2
f 1425//53 1427//55 1428//56
f 1425//53 1428//56 1426//54
f 1265//50 1268//50 1264//50
f 1265//50 1264//50 1261//50
f 1261//1 1257//1 1429//1
f 1261//1 1429//1 1427//1
f 1264//2 1428//2 1430//2
f 1264//2 1430//2 1260//2
f 1427//55 1429//57 1430//58
f 1427//55 1430//58 1428//56
f 1261//50 1264//50 1260//50
f 1261//50 1260//50 1257//50
f 1257//1 1253//1 1431//1
f 1257//1 1431//1 1429//1
f 1260//2 1430//2 1432//2
f 1260//2 1432//2 1256//2
f 1429//57 1431//59 1432//60
f 1429//57 1432//60 1430//58
f 1257//50 1260//50 1256//50
f 1257//50 1256//50 1253//50
f 1253//1 1249//1 1433//1
f 1253//1 1433//1 1431//1
f 1256//2 1432//2 1434//2
f 1256//2 1434//2 1252//2
f 1431//59 1433//61 1434//62
f 1431//59 1434//62 1432//60
f 1253//50 1256//50 1252//50
f 1253//50 1252//50 1249//50
f 1249//1 1245//1 1435//1
f 1249//1 1435//1 1433//1
f 1252//2 1434//2 1436//2
f 1252//2 1436//2 1248//2
f 1433//61 1435//63 1436//64
f 1433//61 1436//64 1434//62
f 1249//50 1252//50 1248//50
f 1249//50 1248//50 1245//50
f 1245//1 1437//1 1438//1
f 1245//1 1438//1 1435//1
f 1248//2 1436//2 1439//2
f 1248//2 1439//2 1440//2
f 1435//63 1438//65 1439//66
f 1435//63 1439//66 1436//64
f 1245//7 1248//7 1440//7
f 1245//7 1440//7 1437//7
f 1437//1 1441//1 1442//1
f 1437//1 1442//1 1438//1
f 1440//2 1439//2 1443//2
f 1440//2 1443//2 1444//2
f 1438//65 1442//67 1443//68
f 1438//65 1443//68 1439//66
f 1437//7 1440//7 1444//7
f 1437//7 1444//7 1441//7
f 1441//1 1445//1 1446//1
f 1441//1 1446//1 1442//1
f 1444//2 1443//2 1447//2
f 1444//2 1447//2 1448//2
f 1442//67 1446//69 1447//70
f 1442//67 1447//70 1443//68
f 1441//7 1444//7 1448//7
f 1441//7 1448//7 1445//7
f 1445//1 1339//1 1342//1
f 1445//1 1342//1 1446//1
f 1448//2 1447//2 1344//2
f 1448//2 1344//2 1343//2
f 1446//69 1342//3 1344//6
f 1446//69 1344//6 1447//70
f 1445//7 1448//7 1343//7
f 1445//7 1343//7 1339//7
f 1449//1 1450//1 1451//1
f 1449//1 1451//1 1452//1
f 1453//2 1454//2 1455//2
f 1453//2 1455//2 1456//2
f 1452//3 1451//4 1455//5
f 1452//3 1455//5 1454//6
f 1449//7 1453//7 1456//7
f 1449//7 1456//7 1450//7
f 1450//1 1457//1 1458//1
f 1450//1 1458//1 1451//1
f 1456//2 1455//2 1459//2
f 1456//2 1459//2 1460//2
f 1451//4 1458//8 1459//9
f 1451//4 1459//9 1455//5
f 1450//7 1456//7 1460//7
f 1450//7 1460//7 1457//7
f 1457//1 1461//1 1462//1
f 1457//1 1462//1 1458//1
f 1460//2 1459//2 1463//2
f 1460//2 1463//2 1464//2
f 1458//8 1462//10 1463//11
f 1458//8 1463//11 1459//9
f 1457//7 1460//7 1464//7
f 1457//7 1464//7 1461//7
f 1461//1 1465//1 1466//1
f 1461//1 1466//1 1462//1
f 1464//2 1463//2 1467//2
f 1464//2 1467//2 1468//2
f 1462//10 1466//12 1467//13
f 1462//10 1467//13 1463//11
f 1461//7 1464//7 1468//7
f 1461//7 1468//7 1465//7
f 1465//1 1469//1 1470//1
f 1465//1 1470//1 1466//1
f 1468//2 1467//2 1471//2
f 1468//2 1471//2 1472//2
f 1466//12 1470//14 1471//15
f 1466//12 1471//15 1467//13
f 1465//16 1468//16 1472//16
f 1465//16 1472//16 1469//16
f 1469//1 1473//1 1474//1
f 1469//1 1474//1 1470//1
f 1472//2 1471//2 1475//2
f 1472//2 1475//2 1476//2
f 1470//14 1474//17 1475//18
f 1470//14 1475//18 1471//15
f 1469//16 1472//16 1476//16
f 1469//16 1476//16 1473//16
f 1473//1 1477//1 1478//1
f 1473//1 1478//1 1474//1
f 1476//2 1475//2 1479//2
f 1476//2 1479//2 1480//2
f 1474//17 1478//19 1479//20
f 1474//17 1479//20 1475//18
f 1473//16 1476//16 1480//16
f 1473//16 1480//16 1477//16
f 1477//1 1481//1 1482//1
f 1477//1 1482//1 1478//1
f 1480//2 1479//2 1483//2
f 1480//2 1483//2 1484//2
f 1478//19 1482//21 1483//22
f 1478//19 1483//22 1479//20
f 1477//16 1480//16 1484//16
f 1477//16 1484//16 1481//16
f 1481//1 1485//1 1486//1
f 1481//1 1486//1 1482//1
f 1484//2 1483//2 1487//2
f 1484//2 1487//2 1488//2
f 1482//21 1486//23 1487//24
f 1482//21 1487//24 1483//22
f 1481//16 1484//16 1488//16
f 1481//16 1488//16 1485//16
f 1485//1 1489//1 1490//1
f 1485//1 1490//1 1486//1
f 1488//2 1487//2 1491//2
f 1488//2 1491//2 1492//2
f 1486//23 1490//25 1491//26
f 1486//23 1491//26 1487//24
f 1485//16 1488//16 1492//16
f 1485//16 1492//16 1489//16
f 1489//1 1493//1 1494//1
f 1489//1 1494//1 1490//1
f 1492//2 1491//2 1495//2
f 1492//2 1495//2 1496//2
f 1490//25 1494//27 1495//28
f 1490//25 1495//28 1491//26
f 1489//16 1492//16 1496//16
f 1489//16 1496//16 1493//16
f 1493//1 1497//1 1498//1
f 1493//1 1498//1 1494//1
f 1496//2 1495//2 1499//2
f 1496//2 1499//2 1500//2
f 1494//27 1498//29 1499//30
f 1494//27 1499//30 1495//28
f 1493//16 1496//16 1500//16
f 1493//16 1500//16 1497//16
f 1497//1 1501//1 1502//1
f 1497//1 1502//1 1498//1
f 1500//2 1499//2 1503//2
f 1500//2 1503//2 1504//2
f 1498//29 1502//31 1503//32
f 1498//29 1503//32 1499//30
f 1497//33 1500//33 1504//33
f 1497//33 1504//33 1501//33
f 1501//1 1505//1 1506//1
f 1501//1 1506//1 1502//1
f 1504//2 1503//2 1507//2
f 1504//2 1507//2 1508//2
f 1502//31 1506//34 1507//35
f 1502//31 1507//35 1503//32
f 1501//33 1504//33 1508//33
f 1501//33 1508//33 1505//33
f 1505//1 1509//1 1510//1
f 1505//1 1510//1 1506//1
f 1508//2 1507//2 1511//2
f 1508//2 1511//2 1512//2
f 1506//34 1510//36 1511//37
f 1506//34 1511//37 1507//35
f 1505//33 1508//33 1512//33
f 1505//33 1512//33 1509//33
f 1509//1 1513//1 1514//1
f 1509//1 1514//1 1510//1
f 1512//2 1511//2 1515//2
f 1512//2 1515//2 1516//2
f 1510//36 1514//38 1515//39
f 1510//36 1515//39 1511//37
f 1509//33 1512//33 1516//33
f 1509//33 1516//33 1513//33
f 1513//1 1517//1 1518//1
f 1513//1 1518//1 1514//1
f 1516//2 1515//2 1519//2
f 1516//2 1519//2 1520//2
f 1514//38 1518//40 1519//41
f 1514//38 1519//41 1515//39
f 1513//33 1516//33 1520//33
f 1513//33 1520//33 1517//33
f 1517//1 1521//1 1522//1
f 1517//1 1522//1 1518//1
f 1520//2 1519//2 1523//2
f 1520//2 1523//2 1524//2
f 1518//40 1522//42 1523//43
f 1518//40 1523//43 1519//41
f 1517//33 1520//33 1524//33
f 1517//33 1524//33 1521//33
f 1521//1 1525//1 1526//1
f 1521//1 1526//1 1522//1
f 1524//2 1523//2 1527//2
f 1524//2 1527//2 1528//2
f 1522//42 1526//44 1527//45
f 1522//42 1527//45 1523//43
f 1521//33 1524//33 1528//33
f 1521//33 1528//33 1525//33
f 1525//1 1387//1 1529//1
f 1525//1 1529//1 1526//1
f 1528//2 1527//2 1530//2
f 1528//2 1530//2 1390//2
f 1526//44 1529//46 1530//47
f 1526//44 1530//47 1527//45
f 1525//33 1528//33 1390//33
f 1525//33 1390//33 1387//33
f 1387//1 1383//1 1531//1
f 1387//1 1531//1 1529//1
f 1390//2 1530//2 1532//2
f 1390//2 1532//2 1386//2
f 1529//46 1531//48 1532//49
f 1529//46 1532//49 1530//47
f 1387//50 1390//50 1386//50
f 1387//50 1386//50 1383//50
f 1383//1 1379//1 1533//1
f 1383//1 1533//1 1531//1
f 1386//2 1532//2 1534//2
f 1386//2 1534//2 1382//2
f 1531//48 1533//51 1534//52
f 1531//48 1534//52 1532//49
f 1383//50 1386//50 1382//50
f 1383//50 1382//50 1379//50
f 1379//1 1375//1 1535//1
f 1379//1 1535//1 1533//1
f 1382//2 1534//2 1536//2
f 1382//2 1536//2 1378//2
f 1533//51 1535//53 1536//54
f 1533//51 1536//54 1534//52
f 1379//50 1382//50 1378//50
f 1379//50 1378//50 1375//50
f 1375//1 1371//1 1537//1
f 1375//1 1537//1 1535//1
f 1378//2 1536//2 1538//2
f 1378//2 1538//2 1374//2
f 1535//53 1537//55 1538//56
f 1535//53 1538//56 1536//54
f 1375//50 1378//50 1374//50
f 1375//50 1374//50 1371//50
f 1371//1 1367//1 1539//1
f 1371//1 1539//1 1537//1
f 1374//2 1538//2 1540//2
f 1374//2 1540//2 1370//2
f 1537//55 1539//57 1540//58
f 1537//55 1540//58 1538//56
f 1371//50 1374//50 1370//50
f 1371//50 1370//50 1367//50
f 1367//1 1363//1 1541//1
f 1367//1 1541//1 1539//1
f 1370//2 1540//2 1542//2
f 1370//2 1542//2 1366//2
f 1539//57 1541//59 1542//60
f 1539//57 1542//60 1540//58
f 1367//50 1370//50 1366//50
f 1367//50 1366//50 1363//50
f 1363//1 1359//1 1543//1
f 1363//1 1543//1 1541//1
f 1366//2 1542//2 1544//2
f 1366//2 1544//2 1362//2
f 1541//59 1543//61 1544//62
f 1541//59 1544//62 1542//60
f 1363//50 1366//50 1362//50
f 1363//50 1362//50 1359//50
f 1359//1 1355//1 1545//1
f 1359//1 1545//1 1543//1
f 1362//2 1544//2 1546//2
f 1362//2 1546//2 1358//2
f 1543//61 1545//63 1546//64
f 1543//61 1546//64 1544//62
f 1359//50 1362//50 1358//50
f 1359//50 1358//50 1355//50
f 1355//1 1547//1 1548//1
f 1355//1 1548//1 1545//1
f 1358//2 1546//2 1549//2
f 1358//2 1549//2 1550//2
f 1545//63 1548//65 1549//66
f 1545//63 1549//66 1546//64
f 1355//7 1358//7 1550//7
f 1355//7 1550//7 1547//7
f 1547//1 1551//1 1552//1
f 1547//1 1552//1 1548//1
f 1550//2 1549//2 1553//2
f 1550//2 1553//2 1554//2
f 1548//65 1552//67 1553//68
f 1548//65 1553//68 1549//66
f 1547//7 1550//7 1554//7
f 1547//7 1554//7 1551//7
f 1551//1 1555//1 1556//1
f 1551//1 1556//1 1552//1
f 1554//2 1553//2 1557//2
f 1554//2 1557//2 1558//2
f 1552//67 1556//69 1557//70
f 1552//67 1557//70 1553//68
f 1551//7 1554//7 1558//7
f 1551//7 1558//7 1555//7
f 1555//1 1449//1 1452//1
f 1555//1 1452//1 1556//1
f 1558//2 1557//2 1454//2
f 1558//2 1454//2 1453//2
f 1556//69 1452//3 1454//6
f 1556//69 1454//6 1557//70
f 1555//7 1558//7 1453//7
f 1555//7 1453//7 1449//7
f 1559//1 1560//1 1561//1
f 1559//1 1561//1 1562//1
f 1563//2 1564//2 1565//2
f 1563//2 1565//2 1566//2
f 1562//3 1561//4 1565//5
f 1562//3 1565//5 1564//6
f 1559//7 1563//7 1566//7
f 1559//7 1566//7 1560//7
f 1560//1 1567//1 1568//1
f 1560//1 1568//1 1561//1
f 1566//2 1565//2 1569//2
f 1566//2 1569//2 1570//2
f 1561//4 1568//8 1569//9
f 1561//4 1569//9 1565//5
f 1560//7 1566//7 1570//7
f 1560//7 1570//7 1567//7
f 1567//1 1571//1 1572//1
f 1567//1 1572//1 1568//1
f 1570//2 1569//2 1573//2
f 1570//2 1573//2 1574//2
f 1568//8 1572//10 1573//11
f 1568//8 1573//11 1569//9
f 1567//7 1570//7 1574//7
f 1567//7 1574//7 1571//7
f 1571//1 1575//1 1576//1
f 1571//1 1576//1 1572//1
f 1574//2 1573//2 1577//2
f 1574//2 1577//2 1578//2
f 1572//10 1576//12 1577//13
f 1572//10 1577//13 1573//11
f 1571//7 1574//7 1578//7
f 1571//7 1578//7 1575//7
f 1575//1 1579//1 1580//1
f 1575//1 1580//1 1576//1
f 1578//2 1577//2 1581//2
f 1578//2 1581//2 1582//2
f 1576//12 1580//14 1581//15
f 1576//12 1581//15 1577//13
f 1575//16 1578//16 1582//16
f 1575//16 1582//16 1579//16
f 1579//1 1583//1 1584//1
f 1579//1 1584//1 1580//1
f 1582//2 1581//2 1585//2
f 1582//2 1585//2 1586//2
f 1580//14 1584//17 1585//18
f 1580//14 1585//18 1581//15
f 1579//16 1582//16 1586//16
f 1579//16 1586//16 1583//16
f 1583//1 1587//1 1588//1
f 1583//1 1588//1 1584//1
f 1586//2 1585//2 1589//2
f 1586//2 1589//2 1590//2
f 1584//17 1588//19 1589//20
f 1584//17 1589//20 1585//18
f 1583//16 1586//16 1590//16
f 1583//16 1590//16 1587//16
f 1587//1 1591//1 1592//1
f 1587//1 1592//1 1588//1
f 1590//2 1589//2 1593//2
f 1590//2 1593//2 1594//2
f 1588//19 1592//21 1593//22
f 1588//19 1593//22 1589//20
f 1587//16 1590//16 1594//16
f 1587//16 1594//16 1591//16
f 1591//1 1595//1 1596//1
f 1591//1 1596//1 1592//1
f 1594//2 1593//2 1597//2
f 1594//2 1597//2 1598//2
f 1592//21 1596//23 1597//24
f 1592//21 1597//24 1593//22
f 1591//16 1594//16 1598//16
f 1591//16 1598//16 1595//16
f 1595//1 1599//1 1600//1
f 1595//1 1600//1 1596//1
f 1598//2 1597//2 1601//2
f 1598//2 1601//2 1602//2
f 1596//23 1600//25 1601//26
f 1596//23 1601//26 1597//24
f 1595//16 1598//16 1602//16
f 1595//16 1602//16 1599//16
f 1599//1 1603//1 1604//1
f 1599//1 1604//1 1600//1
f 1602//2 1601//2 1605//2
f 1602//2 1605//2 1606//2
f 1600//25 1604//27 1605//28
f 1600//25 1605//28 1601//26
f 1599//16 1602//16 1606//16
f 1599//16 1606//16 1603//16
f 1603//1 1607//1 1608//1
f 1603//1 1608//1 1604//1
f 1606//2 1605//2 1609//2
f 1606//2 1609//2 1610//2
f 1604//27 1608//29 1609//30
f 1604//27 1609//30 1605//28
f 1603//16 1606//16 1610//16
f 1603//16 1610//16 1607//16
f 1607//1 1611//1 1612//1
f 1607//1 1612//1 1608//1
f 1610//2 1609//2 1613//2
f 1610//2 1613//2 1614//2
f 1608//29 1612//31 1613//32
f 1608//29 1613//32 1609//30
f 1607//33 1610//33 1614//33
f 1607//33 1614//33 1611//33
f 1611//1 1615//1 1616//1
f 1611//1 1616//1 1612//1
f 1614//2 1613//2 1617//2
f 1614//2 1617//2 1618//2
f 1612//31 1616//34 1617//35
f 1612//31 1617//35 1613//32
f 1611//33 1614//33 1618//33
f 1611//33 1618//33 1615//33
f 1615//1 1619//1 1620//1
f 1615//1 1620//1 1616//1
f 1618//2 1617//2 1621//2
f 1618//2 1621//2 1622//2
f 1616//34 1620//36 1621//37
f 1616//34 1621//37 1617//35
f 1615//33 1618//33 1622//33
f 1615//33 1622//33 1619//33
f 1619//1 1623//1 1624//1
f 1619//1 1624//1 1620//1
f 1622//2 1621//2 1625//2
f 1622//2 1625//2 1626//2
f 1620//36 1624//38 1625//39
f 1620//36 1625//39 1621//37
f 1619//33 1622//33 1626//33
f 1619//33 1626//33 1623//33
f 1623//1 1627//1 1628//1
f 1623//1 1628//1 1624//1
f 1626//2 1625//2 1629//2
f 1626//2 1629//2 1630//2
f 1624//38 1628//40 1629//41
f 1624//38 1629//41 1625//39
f 1623//33 1626//33 1630//33
f 1623//33 1630//33 1627//33
f 1627//1 1631//1 1632//1
f 1627//1 1632//1 1628//1
f 1630//2 1629//2 1633//2
f 1630//2 1633//2 1634//2
f 1628//40 1632//42 1633//43
f 1628//40 1633//43 1629//41
f 1627//33 1630//33 1634//33
f 1627//33 1634//33 1631//33
f 1631//1 1635//1 1636//1
f 1631//1 1636//1 1632//1
f 1634//2 1633//2 1637//2
f 1634//2 1637//2 1638//2
f 1632//42 1636//44 1637//45
f 1632//42 1637//45 1633//43
f 1631//33 1634//33 1638//33
f 1631//33 1638//33 1635//33
f 1635//1 1497//1 1639//1
f 1635//1 1639//1 1636//1
f 1638//2 1637//2 1640//2
f 1638//2 1640//2 1500//2
f 1636//44 1639//46 1640//47
f 1636//44 1640//47 1637//45
f 1635//33 1638//33 1500//33
f 1635//33 1500//33 1497//33
f 1497//1 1493//1 1641//1
f 1497//1 1641//1 1639//1
f 1500//2 1640//2 1642//2
f 1500//2 1642//2 1496//2
f 1639//46 1641//48 1642//49
f 1639//46 1642//49 1640//47
f 1497//50 1500//50 1496//50
f 1497//50 1496//50 1493//50
f 1493//1 1489//1 1643//1
f 1493//1 1643//1 1641//1
f 1496//2 1642//2 1644//2
f 1496//2 1644//2 1492//2
f 1641//48 1643//51 1644//52
f 1641//48 1644//52 1642//49
f 1493//50 1496//50 1492//50
f 1493//50 1492//50 1489//50
f 1489//1 1485//1 1645//1
f 1489//1 1645//1 1643//1
f 1492//2 1644//2 1646//2
f 1492//2 1646//2 1488//2
f 1643//51 1645//53 1646//54
f 1643//51 1646//54 1644//52
f 1489//50 1492//50 1488//50
f 1489//50 1488//50 1485//50
f 1485//1 1481//1 1647//1
f 1485//1 1647//1 1645//1
f 1488//2 1646//2 1648//2
f 1488//2 1648//2 1484//2
f 1645//53 1647//55 1648//56
f 1645//53 1648//56 1646//54
f 1485//50 1488//50 1484//50
f 1485//50 1484//50 1481//50
f 1481//1 1477//1 1649//1
f 1481//1 1649//1 1647//1
f 1484//2 1648//2 1650//2
f 1484//2 1650//2 1480//2
f 1647//55 1649//57 1650//58
f 1647//55 1650//58 1648//56
f 1481//50 1484//50 1480//50
f 1481//50 1480//50 1477//50
f 1477//1 1473//1 1651//1
f 1477//1 1651//1 1649//1
f 1480//2 1650//2 1652//2
f 1480//2 1652//2 1476//2
f 1649//57 1651//59 1652//60
f 1649//57 1652//60 1650//58
f 1477//50 1480//50 1476//50
f 1477//50 1476//50 1473//50
f 1473//1 1469//1 1653//1
f 1473//1 1653//1 1651//1
f 1476//2 1652//2 1654//2
f 1476//2 1654//2 1472//2
f 1651//59 1653//61 1654//62
f 1651//59 1654//62 1652//60
f 1473//50 1476//50 1472//50
f 1473//50 1472//50 1469//50
f 1469//1 1465//1 1655//1
f 1469//1 1655//1 1653//1
f 1472//2 1654//2 1656//2
f 1472//2 1656//2 1468//2
f 1653//61 1655//63 1656//64
f 1653//61 1656//64 1654//62
f 1469//50 1472//50 1468//50
f 1469//50 1468//50 1465//50
f 1465//1 1657//1 1658//1
f 1465//1 1658//1 1655//1
f 1468//2 1656//2 1659//2
f 1468//2 1659//2 1660//2
f 1655//63 1658//65 1659//66
f 1655//63 1659//66 1656//64
f 1465//7 1468//7 1660//7
f 1465//7 1660//7 1657//7
f 1657//1 1661//1 1662//1
f 1657//1 1662//1 1658//1
f 1660//2 1659//2 1663//2
f 1660//2 1663//2 1664//2
f 1658//65 1662//67 1663//68
f 1658//65 1663//68 1659//66
f 1657//7 1660//7 1664//7
f 1657//7 1664//7 1661//7
f 1661//1 1665//1 1666//1
f 1661//1 1666//1 1662//1
f 1664//2 1663//2 1667//2
f 1664//2 1667//2 1668//2
f 1662//67 1666//69 1667//70
f 1662//67 1667//70 1663//68
f 1661//7 1664//7 1668//7
f 1661//7 1668//7 1665//7
f 1665//1 1559//1 1562//1
f 1665//1 1562//1 1666//1
f 1668//2 1667//2 1564//2
f 1668//2 1564//2 1563//2
f 1666//69 1562//3 1564//6
f 1666//69 1564//6 1667//70
f 1665//7 1668//7 1563//7
f 1665//7 1563//7 1559//7
f 1669//1 1670//1 1671//1
f 1669//1 1671//1 1672//1
f 1673//2 1674//2 1675//2
f 1673//2 1675//2 1676//2
f 1672//3 1671//4 1675//5
f 1672//3 1675//5 1674//6
f 1669//7 1673//7 1676//7
f 1669//7 1676//7 1670//7
f 1670//1 1677//1 1678//1
f 1670//1 1678//1 1671//1
f 1676//2 1675//2 1679//2
f 1676//2 1679//2 1680//2
f 1671//4 1678//8 1679//9
f 1671//4 1679//9 1675//5
f 1670//7 1676//7 1680//7
f 1670//7 1680//7 1677//7
f 1677//1 1681//1 1682//1
f 1677//1 1682//1 1678//1
f 1680//2 1679//2 1683//2
f 1680//2 1683//2 1684//2
f 1678//8 1682//10 1683//11
f 1678//8 1683//11 1679//9
f 1677//7 1680//7 1684//7
f 1677//7 1684//7 1681//7
f 1681//1 1685//1 1686//1
f 1681//1 1686//1 1682//1
f 1684//2 1683//2 1687//2
f 1684//2 1687//2 1688//2
f 1682//10 1686//12 1687//13
f 1682//10 1687//13 1683//11
f 1681//7 1684//7 1688//7
f 1681//7 1688//7 1685//7
f 1685//1 1689//1 1690//1
f 1685//1 1690//1 1686//1
f 1688//2 1687//2 1691//2
f 1688//2 1691//2 1692//2
f 1686//12 1690//14 1691//15
f 1686//12 1691//15 1687//13
f 1685//16 1688//16 1692//16
f 1685//16 1692//16 1689//16
f 1689//1 1693//1 1694//1
f 1689//1 1694//1 1690//1
f 1692//2 1691//2 1695//2
f 1692//2 1695//2 1696//2
f 1690//14 1694//17 1695//18
f 1690//14 1695//18 1691//15
f 1689//16 1692//16 1696//16
f 1689//16 1696//16 1693//16
f 1693//1 1697//1 1698//1
f 1693//1 1698//1 1694//1
f 1696//2 1695//2 1699//2
f 1696//2 1699//2 1700//2
f 1694//17 1698//19 1699//20
f 1694//17 1699//20 1695//18
f 1693//16 1696//16 1700//16
f 1693//16 1700//16 1697//16
f 1697//1 1701//1 1702//1
f 1697//1 1702//1 1698//1
f 1700//2 1699//2 1703//2
f 1700//2 1703//2 1704//2
f 1698//19 1702//21 1703//22
f 1698//19 1703//22 1699//20
f 1697//16 1700//16 1704//16
f 1697//16 1704//16 1701//16
f 1701//1 1705//1 1706//1
f 1701//1 1706//1 1702//1
f 1704//2 1703//2 1707//2
f 1704//2 1707//2 1708//2
f 1702//21 1706//23 1707//24
f 1702//21 1707//24 1703//22
f 1701//16 1704//16 1708//16
f 1701//16 1708//16 1705//16
f 1705//1 1709//1 1710//1
f 1705//1 1710//1 1706//1
f 1708//2 1707//2 1711//2
f 1708//2 1711//2 1712//2
f 1706//23 1710//25 1711//26
f 1706//23 1711//26 1707//24
f 1705//16 1708//16 1712//16
f 1705//16 1712//16 1709//16
f 1709//1 1713//1 1714//1
f 1709//1 1714//1 1710//1
f 1712//2 1711//2 1715//2
f 1712//2 1715//2 1716//2
f 1710//25 1714//27 1715//28
f 1710//25 1715//28 1711//26
f 1709//16 1712//16 1716//16
f 1709//16 1716//16 1713//16
f 1713//1 1717//1 1718//1
f 1713//1 1718//1 1714//1
f 1716//2 1715//2 1719//2
f 1716//2 1719//2 1720//2
f 1714//27 1718//29 1719//30
f 1714//27 1719//30 1715//28
f 1713//16 1716//16 1720//16
f 1713//16 1720//16 1717//16
f 1717//1 1721//1 1722//1
f 1717//1 1722//1 1718//1
f 1720//2 1719//2 1723//2
f 1720//2 1723//2 1724//2
f 1718//29 1722//31 1723//32
f 1718//29 1723//32 1719//30
f 1717//33 1720//33 1724//33
f 1717//33 1724//33 1721//33
f 1721//1 1725//1 1726//1
f 1721//1 1726//1 1722//1
f 1724//2 1723//2 1727//2
f 1724//2 1727//2 1728//2
f 1722//31 1726//34 1727//35
f 1722//31 1727//35 1723//32
f 1721//33 1724//33 1728//33
f 1721//33 1728//33 1725//33
f 1725//1 1729//1 1730//1
f 1725//1 1730//1 1726//1
f 1728//2 1727//2 1731//2
f 1728//2 1731//2 1732//2
f 1726//34 1730//36 1731//37
f 1726//34 1731//37 1727//35
f 1725//33 1728//33 1732//33
f 1725//33 1732//33 1729//33
f 1729//1 1733//1 1734//1
f 1729//1 1734//1 1730//1
f 1732//2 1731//2 1735//2
f 1732//2 1735//2 1736//2
f 1730//36 1734//38 1735//39
f 1730//36 1735//39 1731//37
f 1729//33 1732//33 1736//33
f 1729//33 1736//33 1733//33
f 1733//1 1737//1 1738//1
f 1733//1 1738//1 1734//1
f 1736//2 1735//2 1739//2
f 1736//2 1739//2 1740//2
f 1734//38 1738//40 1739//41
f 1734//38 1739//41 1735//39
f 1733//33 1736//33 1740//33
f 1733//33 1740//33 1737//33
f 1737//1 1741//1 1742//1
f 1737//1 1742//1 1738//1
f 1740//2 1739//2 1743//2
f 1740//2 1743//2 1744//2
f 1738//40 1742//42 1743//43
f 1738//40 1743//43 1739//41
f 1737//33 1740//33 1744//33
f 1737//33 1744//33 1741//33
f 1741//1 1745//1 1746//1
f 1741//1 1746//1 1742//1
f 1744//2 1743//2 1747//2
f 1744//2 1747//2 1748//2
f 1742//42 1746//44 1747//45
f 1742//42 1747//45 1743//43
f 1741//33 1744//33 1748//33
f 1741//33 1748//33 1745//33
f 1745//1 1607//1 1749//1
f 1745//1 1749//1 1746//1
f 1748//2 1747//2 1750//2
f 1748//2 1750//2 1610//2
f 1746//44 1749//46 1750//47
f 1746//44 1750//47 1747//45
f 1745//33 1748//33 1610//33
f 1745//33 1610//33 1607//33
f 1607//1 1603//1 1751//1
f 1607//1 1751//1 1749//1
f 1610//2 1750//2 1752//2
f 1610//2 1752//2 1606//2
f 1749//46 1751//48 1752//49
f 1749//46 1752//49 1750//47
f 1607//50 1610//50 1606//50
f 1607//50 1606//50 1603//50
f 1603//1 1599//1 1753//1
f 1603//1 1753//1 1751//1
f 1606//2 1752//2 1754//2
f 1606//2 1754//2 1602//2
f 1751//48 1753//51 1754//52
f 1751//48 1754//52 1752//49
f 1603//50 1606//50 1602//50
f 1603//50 1602//50 1599//50
f 1599//1 1595//1 1755//1
f 1599//1 1755//1 1753//1
f 1602//2 1754//2 1756//2
f 1602//2 1756//2 1598//2
f 1753//51 1755//53 1756//54
f 1753//51 1756//54 1754//52
f 1599//50 1602//50 1598//50
f 1599//50 1598//50 1595//50
f 1595//1 1591//1 1757//1
f 1595//1 1757//1 1755//1
f 1598//2 1756//2 1758//2
f 1598//2 1758//2 1594//2
f 1755//53 1757//55 1758//56
f 1755//53 1758//56 1756//54
f 1595//50 1598//50 1594//50
f 1595//50 1594//50 1591//50
f 1591//1 1587//1 1759//1
f 1591//1 1759//1 1757//1
f 1594//2 1758//2 1760//2
f 1594//2 1760//2 1590//2
f 1757//55 1759//57 1760//58
f 1757//55 1760//58 1758//56
f 1591//50 1594//50 1590//50
f 1591//50 1590//50 1587//50
f 1587//1 1583//1 1761//1
f 1587//1 1761//1 1759//1
f 1590//2 1760//2 1762//2
f 1590//2 1762//2 1586//2
f 1759//57 1761//59 1762//60
f 1759//57 1762//60 1760//58
f 1587//50 1590//50 1586//50
f 1587//50 1586//50 1583//50
f 1583//1 1579//1 1763//1
f 1583//1 1763//1 1761//1
f 1586//2 1762//2 1764//2
f 1586//2 1764//2 1582//2
f 1761//59 1763//61 1764//62
f 1761//59 1764//62 1762//60
f 1583//50 1586//50 1582//50
f 1583//50 1582//50 1579//50
f 1579//1 1575//1 1765//1
f 1579//1 1765//1 1763//1
f 1582//2 1764//2 1766//2
f 1582//2 1766//2 1578//2
f 1763//61 1765//63 1766//64
f 1763//61 1766//64 1764//62
f 1579//50 1582//50 1578//50
f 1579//50 1578//50 1575//50
f 1575//1 1767//1 1768//1
f 1575//1 1768//1 1765//1
f 1578//2 1766//2 1769//2
f 1578//2 1769//2 1770//2
f 1765//63 1768//65 1769//66
f 1765//63 1769//66 1766//64
f 1575//7 1578//7 1770//7
f 1575//7 1770//7 1767//7
f 1767//1 1771//1 1772//1
f 1767//1 1772//1 1768//1
f 1770//2 1769//2 1773//2
f 1770//2 1773//2 1774//2
f 1768//65 1772//67 1773//68
f 1768//65 1773//68 1769//66
f 1767//7 1770//7 1774//7
f 1767//7 1774//7 1771//7
f 1771//1 1775//1 1776//1
f 1771//1 1776//1 1772//1
f 1774//2 1773//2 1777//2
f 1774//2 1777//2 1778//2
f 1772//67 1776//69 1777//70
f 1772//67 1777//70 1773//68
f 1771//7 1774//7 1778//7
f 1771//7 1778//7 1775//7
f 1775//1 1669//1 1672//1
f 1775//1 1672//1 1776//1
f 1778//2 1777//2 1674//2
f 1778//2 1674//2 1673//2
f 1776//69 1672//3 1674//6
f 1776//69 1674//6 1777//70
f 1775//7 1778//7 1673//7
f 1775//7 1673//7 1669//7
f 1779//1 1780//1 1781//1
f 1779//1 1781//1 1782//1
f 1783//2 1784//2 1785//2
f 1783//2 1785//2 1786//2
f 1782//3 1781//4 1785//5
f 1782//3 1785//5 1784//6
f 1779//7 1783//7 1786//7
f 1779//7 1786//7 1780//7
f 1780//1 1787//1 1788//1
f 1780//1 1788//1 1781//1
f 1786//2 1785//2 1789//2
f 1786//2 1789//2 1790//2
f 1781//4 1788//8 1789//9
f 1781//4 1789//9 1785//5
f 1780//7 1786//7 1790//7
f 1780//7 1790//7 1787//7
f 1787//1 1791//1 1792//1
f 1787//1 1792//1 1788//1
f 1790//2 1789//2 1793//2
f 1790//2 1793//2 1794//2
f 1788//8 1792//10 1793//11
f 1788//8 1793//11 1789//9
f 1787//7 1790//7 1794//7
f 1787//7 1794//7 1791//7
f 1791//1 1795//1 1796//1
f 1791//1 1796//1 1792//1
f 1794//2 1793//2 1797//2
f 1794//2 1797//2 1798//2
f 1792//10 1796//12 1797//13
f 1792//10 1797//13 1793//11
f 1791//7 1794//7 1798//7
f 1791//7 1798//7 1795//7
f 1795//1 1799//1 1800//1
f 1795//1 1800//1 1796//1
f 1798//2 1797//2 1801//2
f 1798//2 1801//2 1802//2
f 1796//12 1800//14 1801//15
f 1796//12 1801//15 1797//13
f 1795//16 1798//16 1802//16
f 1795//16 1802//16 1799//16
f 1799//1 1803//1 1804//1
f 1799//1 1804//1 1800//1
f 1802//2 1801//2 1805//2
f 1802//2 1805//2 1806//2
f 1800//14 1804//17 1805//18
f 1800//14 1805//18 1801//15
f 1799//16 1802//16 1806//16
f 1799//16 1806//16 1803//16
f 1803//1 1807//1 1808//1
f 1803//1 1808//1 1804//1
f 1806//2 1805//2 1809//2
f 1806//2 1809//2 1810//2
f 1804//17 1808//19 1809//20
f 1804//17 1809//20 1805//18
f 1803//16 1806//16 1810//16
f 1803//16 1810//16 1807//16
f 1807//1 1811//1 1812//1
f 1807//1 1812//1 1808//1
f 1810//2 1809//2 1813//2
f 1810//2 1813//2 1814//2
f 1808//19 1812//21 1813//22
f 1808//19 1813//22 1809//20
f 1807//16 1810//16 1814//16
f 1807//16 1814//16 1811//16
f 1811//1 1815//1 1816//1
f 1811//1 1816//1 1812//1
f 1814//2 1813//2 1817//2
f 1814//2 1817//2 1818//2
f 1812//21 1816//23 1817//24
f 1812//21 1817//24 1813//22
f 1811//16 1814//16 1818//16
f 1811//16 1818//16 1815//16
f 1815//1 1819//1 1820//1
f 1815//1 1820//1 1816//1
f 1818//2 1817//2 1821//2
f 1818//2 1821//2 1822//2
f 1816//23 1820//25 1821//26
f 1816//23 1821//26 1817//24
f 1815//16 1818//16 1822//16
f 1815//16 1822//16 1819//16
f 1819//1 1823//1 1824//1
f 1819//1 1824//1 1820//1
f 1822//2 1821//2 1825//2
f 1822//2 1825//2 1826//2
f 1820//25 1824//27 1825//28
f 1820//25 1825//28 1821//26
f 1819//16 1822//16 1826//16
f 1819//16 1826//16 1823//16
f 1823//1 1827//1 1828//1
f 1823//1 1828//1 1824//1
f 1826//2 1825//2 1829//2
f 1826//2 1829//2 1830//2
f 1824//27 1828//29 1829//30
f 1824//27 1829//30 1825//28
f 1823//16 1826//16 1830//16
f 1823//16 1830//16 1827//16
f 1827//1 1831//1 1832//1
f 1827//1 1832//1 1828//1
f 1830//2 1829//2 1833//2
f 1830//2 1833//2 1834//2
f 1828//29 1832//31 1833//32
f 1828//29 1833//32 1829//30
f 1827//33 1830//33 1834//33
f 1827//33 1834//33 1831//33
f 1831//1 1835//1 1836//1
f 1831//1 1836//1 1832//1
f 1834//2 1833//2 1837//2
f 1834//2 1837//2 1838//2
f 1832//31 1836//34 1837//35
f 1832//31 1837//35 1833//32
f 1831//33 1834//33 1838//33
f 1831//33 1838//33 1835//33
f 1835//1 1839//1 1840//1
f 1835//1 1840//1 1836//1
f 1838//2 1837//2 1841//2
f 1838//2 1841//2 1842//2
f 1836//34 1840//36 1841//37
f 1836//34 1841//37 1837//35
f 1835//33 1838//33 1842//33
f 1835//33 1842//33 1839//33
f 1839//1 1843//1 1844//1
f 1839//1 1844//1 1840//1
f 1842//2 1841//2 1845//2
f 1842//2 1845//2 1846//2
f 1840//36 1844//38 1845//39
f 1840//36 1845//39 1841//37
f 1839//33 1842//33 1846//33
f 1839//33 1846//33 1843//33
f 1843//1 1847//1 1848//1
f 1843//1 1848//1 1844//1
f 1846//2 1845//2 1849//2
f 1846//2 1849//2 1850//2
f 1844//38 1848//40 1849//41
f 1844//38 1849//41 1845//39
f 1843//33 1846//33 1850//33
f 1843//33 1850//33 1847//33
f 1847//1 1851//1 1852//1
f 1847//1 1852//1 1848//1
f 1850//2 1849//2 1853//2
f 1850//2 1853//2 1854//2
f 1848//40 1852//42 1853//43
f 1848//40 1853//43 1849//41
f 1847//33 1850//33 1854//33
f 1847//33 1854//33 1851//33
f 1851//1 1855//1 1856//1
f 1851//1 1856//1 1852//1
f 1854//2 1853//2 1857//2
f 1854//2 1857//2 1858//2
f 1852//42 1856//44 1857//45
f 1852//42 1857//45 1853//43
f 1851//33 1854//33 1858//33
f 1851//33 1858//33 1855//33
f 1855//1 1717//1 1859//1
f 1855//1 1859//1 1856//1
f 1858//2 1857//2 1860//2
f 1858//2 1860//2 1720//2
f 1856//44 1859//46 1860//47
f 1856//44 1860//47 1857//45
f 1855//33 1858//33 1720//33
f 1855//33 1720//33 1717//33
f 1717//1 1713//1 1861//1
f 1717//1 1861//1 1859//1
f 1720//2 1860//2 1862//2
f 1720//2 1862//2 1716//2
f 1859//46 1861//48 1862//49
f 1859//46 1862//49 1860//47
f 1717//50 1720//50 1716//50
f 1717//50 1716//50 1713//50
f 1713//1 1709//1 1863//1
f 1713//1 1863//1 1861//1
f 1716//2 1862//2 1864//2
f 1716//2 1864//2 1712//2
f 1861//48 1863//51 1864//52
f 1861//48 1864//52 1862//49
f 1713//50 1716//50 1712//50
f 1713//50 1712//50 1709//50
f 1709//1 1705//1 1865//1
f 1709//1 1865//1 1863//1
f 1712//2 1864//2 1866//2
f 1712//2 1866//2 1708//2
f 1863//51 1865//53 1866//54
f 1863//51 1866//54 1864//52
f 1709//50 1712//50 1708//50
f 1709//50 1708//50 1705//50
f 1705//1 1701//1 1867//1
f 1705//1 1867//1 1865//1
f 1708//2 1866//2 1868//2
f 1708//2 1868//2 1704//2
f 1865//53 1867//55 1868//56
f 1865//53 1868//56 1866//54
f 1705//50 1708//50 1704//50
f 1705//50 1704//50 1701//50
f 1701//1 1697//1 1869//1
f 1701//1 1869//1 1867//1
f 1704//2 1868//2 1870//2
f 1704//2 1870//2 1700//2
f 1867//55 1869//57 1870//58
f 1867//55 1870//58 1868//56
f 1701//50 1704//50 1700//50
f 1701//50 1700//50 1697//50
f 1697//1 1693//1 1871//1
f 1697//1 1871//1 1869//1
f 1700//2 1870//2 1872//2
f 1700//2 1872//2 1696//2
f 1869//57 1871//59 1872//60
f 1869//57 1872//60 1870//58
f 1697//50 1700//50 1696//50
f 1697//50 1696//50 1693//50
f 1693//1 1689//1 1873//1
f 1693//1 1873//1 1871//1
f 1696//2 1872//2 1874//2
f 1696//2 1874//2 1692//2
f 1871//59 1873//61 1874//62
f 1871//59 1874//62 1872//60
f 1693//50 1696//50 1692//50
f 1693//50 1692//50 1689//50
f 1689//1 1685//1 1875//1
f 1689//1 1875//1 1873//1
f 1692//2 1874//2 1876//2
f 1692//2 1876//2 1688//2
f 1873//61 1875//63 1876//64
f 1873//61 1876//64 1874//62
f 1689//50 1692//50 1688//50
f 1689//50 1688//50 1685//50
f 1685//1 1877//1 1878//1
f 1685//1 1878//1 1875//1
f 1688//2 1876//2 1879//2
f 1688//2 1879//2 1880//2
f 1875//63 1878//65 1879//66
f 1875//63 1879//66 1876//64
f 1685//7 1688//7 1880//7
f 1685//7 1880//7 1877//7
f 1877//1 1881//1 1882//1
f 1877//1 1882//1 1878//1
f 1880//2 1879//2 1883//2
f 1880//2 1883//2 1884//2
f 1878//65 1882//67 1883//68
f 1878//65 1883//68 1879//66
f 1877//7 1880//7 1884//7
f 1877//7 1884//7 1881//7
f 1881//1 1885//1 1886//1
f 1881//1 1886//1 1882//1
f 1884//2 1883//2 1887//2
f 1884//2 1887//2 1888//2
f 1882//67 1886//69 1887//70
f 1882//67 1887//70 1883//68
f 1881//7 1884//7 1888//7
f 1881//7 1888//7 1885//7
f 1885//1 1779//1 1782//1
f 1885//1 1782//1 1886//1
f 1888//2 1887//2 1784//2
f 1888//2 1784//2 1783//2
f 1886//69 1782//3 1784//6
f 1886//69 1784//6 1887//70
f 1885//7 1888//7 1783//7
f 1885//7 1783//7 1779//7
f 1889//1 1890//1 1891//1
f 1889//1 1891//1 1892//1
f 1893//2 1894//2 1895//2
f 1893//2 1895//2 1896//2
f 1892//3 1891//4 1895//5
f 1892//3 1895//5 1894//6
f 1889//7 1893//7 1896//7
f 1889//7 1896//7 1890//7
f 1890//1 1897//1 1898//1
f 1890//1 1898//1 1891//1
f 1896//2 1895//2 1899//2
f 1896//2 1899//2 1900//2
f 1891//4 1898//8 1899//9
f 1891//4 1899//9 1895//5
f 1890//7 1896//7 1900//7
f 1890//7 1900//7 1897//7
f 1897//1 1901//1 1902//1
f 1897//1 1902//1 1898//1
f 1900//2 1899//2 1903//2
f 1900//2 1903//2 1904//2
f 1898//8 1902//10 1903//11
f 1898//8 1903//11 1899//9
f 1897//7 1900//7 1904//7
f 1897//7 1904//7 1901//7
f 1901//1 1905//1 1906//1
f 1901//1 1906//1 1902//1
f 1904//2 1903//2 1907//2
f 1904//2 1907//2 1908//2
f 1902//10 1906//12 1907//13
f 1902//10 1907//13 1903//11
f 1901//7 1904//7 1908//7
f 1901//7 1908//7 1905//7
f 1905//1 1909//1 1910//1
f 1905//1 1910//1 1906//1
f 1908//2 1907//2 1911//2
f 1908//2 1911//2 1912//2
f 1906//12 1910//14 1911//15
f 1906//12 1911//15 1907//13
f 1905//16 1908//16 1912//16
f 1905//16 1912//16 1909//16
f 1909//1 1913//1 1914//1
f 1909//1 1914//1 1910//1
f 1912//2 1911//2 1915//2
f 1912//2 1915//2 1916//2
f 1910//14 1914//17 1915//18
f 1910//14 1915//18 1911//15
f 1909//16 1912//16 1916//16
f 1909//16 1916//16 1913//16
f 1913//1 1917//1 1918//1
f 1913//1 1918//1 1914//1
f 1916//2 1915//2 1919//2
f 1916//2 1919//2 1920//2
f 1914//17 1918//19 1919//20
f 1914//17 1919//20 1915//18
f 1913//16 1916//16 1920//16
f 1913//16 1920//16 1917//16
f 1917//1 1921//1 1922//1
f 1917//1 1922//1 1918//1
f 1920//2 1919//2 1923//2
f 1920//2 1923//2 1924//2
f 1918//19 1922//21 1923//22
f 1918//19 1923//22 1919//20
f 1917//16 1920//16 1924//16
f 1917//16 1924//16 1921//16
f 1921//1 1925//1 1926//1
f 1921//1 1926//1 1922//1
f 1924//2 1923//2 1927//2
f 1924//2 1927//2 1928//2
f 1922//21 1926//23 1927//24
f 1922//21 1927//24 1923//22
f 1921//16 1924//16 1928//16
f 1921//16 1928//16 1925//16
f 1925//1 1929//1 1930//1
f 1925//1 1930//1 1926//1
f 1928//2 1927//2 1931//2
f 1928//2 1931//2 1932//2
f 1926//23 1930//25 1931//26
f 1926//23 1931//26 1927//24
f 1925//16 1928//16 1932//16
f 1925//16 1932//16 1929//16
f 1929//1 1933//1 1934//1
f 1929//1 1934//1 1930//1
f 1932//2 1931//2 1935//2
f 1932//2 1935//2 1936//2
f 1930//25 1934//27 1935//28
f 1930//25 1935//28 1931//26
f 1929//16 1932//16 1936//16
f 1929//16 1936//16 1933//16
f 1933//1 1937//1 1938//1
f 1933//1 1938//1 1934//1
f 1936//2 1935//2 1939//2
f 1936//2 1939//2 1940//2
f 1934//27 1938//29 1939//30
f 1934//27 1939//30 1935//28
f 1933//16 1936//16 1940//16
f 1933//16 1940//16 1937//16
f 1937//1 1941//1 1942//1
f 1937//1 1942//1 1938//1
f 1940//2 1939//2 1943//2
f 1940//2 1943//2 1944//2
f 1938//29 1942//31 1943//32
f 1938//29 1943//32 1939//30
f 1937//33 1940//33 1944//33
f 1937//33 1944//33 1941//33
f 1941//1 1945//1 1946//1
f 1941//1 1946//1 1942//1
f 1944//2 1943//2 1947//2
f 1944//2 1947//2 1948//2
f 1942//31 1946//34 1947//35
f 1942//31 1947//35 1943//32
f 1941//33 1944//33 1948//33
f 1941//33 1948//33 1945//33
f 1945//1 1949//1 1950//1
f 1945//1 1950//1 1946//1
f 1948//2 1947//2 1951//2
f 1948//2 1951//2 1952//2
f 1946//34 1950//36 1951//37
f 1946//34 1951//37 1947//35
f 1945//33 1948//33 1952//33
f 1945//33 1952//33 1949//33
f 1949//1 1953//1 1954//1
f 1949//1 1954//1 1950//1
f 1952//2 1951//2 1955//2
f 1952//2 1955//2 1956//2
f 1950//36 1954//38 1955//39
f 1950//36 1955//39 1951//37
f 1949//33 1952//33 1956//33
f 1949//33 1956//33 1953//33
f 1953//1 1957//1 1958//1
f 1953//1 1958//1 1954//1
f 1956//2 1955//2 1959//2
f 1956//2 1959//2 1960//2
f 1954//38 1958//40 1959//41
f 1954//38 1959//41 1955//39
f 1953//33 1956//33 1960//33
f 1953//33 1960//33 1957//33
f 1957//1 1961//1 1962//1
f 1957//1 1962//1 1958//1
f 1960//2 1959//2 1963//2
f 1960//2 1963//2 1964//2
f 1958//40 1962//42 1963//43
f 1958//40 1963//43 1959//41
f 1957//33 1960//33 1964//33
f 1957//33 1964//33 1961//33
f 1961//1 1965//1 1966//1
f 1961//1 1966//1 1962//1
f 1964//2 1963//2 1967//2
f 1964//2 1967//2 1968//2
f 1962//42 1966//44 1967//45
f 1962//42 1967//45 1963//43
f 1961//33 1964//33 1968//33
f 1961//33 1968//33 1965//33
f 1965//1 1827//1 1969//1
f 1965//1 1969//1 1966//1
f 1968//2 1967//2 1970//2
f 1968//2 1970//2 1830//2
f 1966//44 1969//46 1970//47
f 1966//44 1970//47 1967//45
f 1965//33 1968//33 1830//33
f 1965//33 1830//33 1827//33
f 1827//1 1823//1 1971//1
f 1827//1 1971//1 1969//1
f 1830//2 1970//2 1972//2
f 1830//2 1972//2 1826//2
f 1969//46 1971//48 1972//49
f 1969//46 1972//49 1970//47
f 1827//50 1830//50 1826//50
f 1827//50 1826//50 1823//50
f 1823//1 1819//1 1973//1
f 1823//1 1973//1 1971//1
f 1826//2 1972//2 1974//2
f 1826//2 1974//2 1822//2
f 1971//48 1973//51 1974//52
f 1971//48 1974//52 1972//49
f 1823//50 1826//50 1822//50
f 1823//50 1822//50 1819//50
f 1819//1 1815//1 1975//1
f 1819//1 1975//1 1973//1
f 1822//2 1974//2 1976//2
f 1822//2 1976//2 1818//2
f 1973//51 1975//53 1976//54
f 1973//51 1976//54 1974//52
f 1819//50 1822//50 1818//50
f 1819//50 1818//50 1815//50
f 1815//1 1811//1 1977//1
f 1815//1 1977//1 1975//1
f 1818//2 1976//2 1978//2
f 1818//2 1978//2 1814//2
f 1975//53 1977//55 1978//56
f 1975//53 1978//56 1976//54
f 1815//50 1818//50 1814//50
f 1815//50 1814//50 1811//50
f 1811//1 1807//1 1979//1
f 1811//1 1979//1 1977//1
f 1814//2 1978//2 1980//2
f 1814//2 1980//2 1810//2
f 1977//55 1979//57 1980//58
f 1977//55 1980//58 1978//56
f 1811//50 1814//50 1810//50
f 1811//50 1810//50 1807//50
f 1807//1 1803//1 1981//1
f 1807//1 1981//1 1979//1
f 1810//2 1980//2 1982//2
f 1810//2 1982//2 1806//2
f 1979//57 1981//59 1982//60
f 1979//57 1982//60 1980//58
f 1807//50 1810//50 1806//50
f 1807//50 1806//50 1803//50
f 1803//1 1799//1 1983//1
f 1803//1 1983//1 1981//1
f 1806//2 1982//2 1984//2
f 1806//2 1984//2 1802//2
f 1981//59 1983//61 1984//62
f 1981//59 1984//62 1982//60
f 1803//50 1806//50 1802//50
f 1803//50 1802//50 1799//50
f 1799//1 1795//1 1985//1
f 1799//1 1985//1 1983//1
f 1802//2 1984//2 1986//2
f 1802//2 1986//2 1798//2
f 1983//61 1985//63 1986//64
f 1983//61 1986//64 1984//62
f 1799//50 1802//50 1798//50
f 1799//50 1798//50 1795//50
f 1795//1 1987//1 1988//1
f 1795//1 1988//1 1985//1
f 1798//2 1986//2 1989//2
f 1798//2 1989//2 1990//2
f 1985//63 1988//65 1989//66
f 1985//63 1989//66 1986//64
f 1795//7 1798//7 1990//7
f 1795//7 1990//7 1987//7
f 1987//1 1991//1 1992//1
f 1987//1 1992//1 1988//1
f 1990//2 1989//2 1993//2
f 1990//2 1993//2 1994//2
f 1988//65 1992//67 1993//68
f 1988//65 1993//68 1989//66
f 1987//7 1990//7 1994//7
f 1987//7 1994//7 1991//7
f 1991//1 1995//1 1996//1
f 1991//1 1996//1 1992//1
f 1994//2 1993//2 1997//2
f 1994//2 1997//2 1998//2
f 1992//67 1996//69 1997//70
f 1992//67 1997//70 1993//68
f 1991//7 1994//7 1998//7
f 1991//7 1998//7 1995//7
f 1995//1 1889//1 1892//1
f 1995//1 1892//1 1996//1
f 1998//2 1997//2 1894//2
f 1998//2 1894//2 1893//2
f 1996//69 1892//3 1894//6
f 1996//69 1894//6 1997//70
f 1995//7 1998//7 1893//7
f 1995//7 1893//7 1889//7
f 1999//1 2000//1 2001//1
f 1999//1 2001//1 2002//1
f 2003//2 2004//2 2005//2
f 2003//2 2005//2 2006//2
f 2002//3 2001//4 2005//5
f 2002//3 2005//5 2004//6
f 1999//7 2003//7 2006//7
f 1999//7 2006//7 2000//7
f 2000//1 2007//1 2008//1
f 2000//1 2008//1 2001//1
f 2006//2 2005//2 2009//2
f 2006//2 2009//2 2010//2
f 2001//4 2008//8 2009//9
f 2001//4 2009//9 2005//5
f 2000//7 2006//7 2010//7
f 2000//7 2010//7 2007//7
f 2007//1 2011//1 2012//1
f 2007//1 2012//1 2008//1
f 2010//2 2009//2 2013//2
f 2010//2 2013//2 2014//2
f 2008//8 2012//10 2013//11
f 2008//8 2013//11 2009//9
f 2007//7 2010//7 2014//7
f 2007//7 2014//7 2011//7
f 2011//1 2015//1 2016//1
f 2011//1 2016//1 2012//1
f 2014//2 2013//2 2017//2
f 2014//2 2017//2 2018//2
f 2012//10 2016//12 2017//13
f 2012//10 2017//13 2013//11
f 2011//7 2014//7 2018//7
f 2011//7 2018//7 2015//7
f 2015//1 2019//1 2020//1
f 2015//1 2020//1 2016//1
f 2018//2 2017//2 2021//2
f 2018//2 2021//2 2022//2
f 2016//12 2020//14 2021//15
f 2016//12 2021//15 2017//13
f 2015//16 2018//16 2022//16
f 2015//16 2022//16 2019//16
f 2019//1 2023//1 2024//1
f 2019//1 2024//1 2020//1
f 2022//2 2021//2 2025//2
f 2022//2 2025//2 2026//2
f 2020//14 2024//17 2025//18
f 2020//14 2025//18 2021//15
f 2019//16 2022//16 2026//16
f 2019//16 2026//16 2023//16
f 2023//1 2027//1 2028//1
f 2023//1 2028//1 2024//1
f 2026//2 2025//2 2029//2
f 2026//2 2029//2 2030//2
f 2024//17 2028//19 2029//20
f 2024//17 2029//20 2025//18
f 2023//16 2026//16 2030//16
f 2023//16 2030//16 2027//16
f 2027//1 2031//1 2032//1
f 2027//1 2032//1 2028//1
f 2030//2 2029//2 2033//2
f 2030//2 2033//2 2034//2
f 2028//19 2032//21 2033//22
f 2028//19 2033//22 2029//20
f 2027//16 2030//16 2034//16
f 2027//16 2034//16 2031//16
f 2031//1 2035//1 2036//1
f 2031//1 2036//1 2032//1
f 2034//2 2033//2 2037//2
f 2034//2 2037//2 2038//2
f 2032//21 2036//23 2037//24
f 2032//21 2037//24 2033//22
f 2031//16 2034//16 2038//16
f 2031//16 2038//16 2035//16
f 2035//1 2039//1 2040//1
f 2035//1 2040//1 2036//1
f 2038//2 2037//2 2041//2
f 2038//2 2041//2 2042//2
f 2036//23 2040//25 2041//26
f 2036//23 2041//26 2037//24
f 2035//16 2038//16 2042//16
f 2035//16 2042//16 2039//16
f 2039//1 2043//1 2044//1
f 2039//1 2044//1 2040//1
f 2042//2 2041//2 2045//2
f 2042//2 2045//2 2046//2
f 2040//25 2044//27 2045//28
f 2040//25 2045//28 2041//26
f 2039//16 2042//16 2046//16
f 2039//16 2046//16 2043//16
f 2043//1 2047//1 2048//1
f 2043//1 2048//1 2044//1
f 2046//2 2045//2 2049//2
f 2046//2 2049//2 2050//2
f 2044//27 2048//29 2049//30
f 2044//27 2049//30 2045//28
f 2043//16 2046//16 2050//16
f 2043//16 2050//16 2047//16
f 2047//1 2051//1 2052//1
f 2047//1 2052//1 2048//1
f 2050//2 2049//2 2053//2
f 2050//2 2053//2 2054//2
f 2048//29 2052//31 2053//32
f 2048//29 2053//32 2049//30
f 2047//33 2050//33 2054//33
f 2047//33 2054//33 2051//33
f 2051//1 2055//1 2056//1
f 2051//1 2056//1 2052//1
f 2054//2 2053//2 2057//2
f 2054//2 2057//2 2058//2
f 2052//31 2056//34 2057//35
f 2052//31 2057//35 2053//32
f 2051//33 2054//33 2058//33
f 2051//33 2058//33 2055//33
f 2055//1 2059//1 2060//1
f 2055//1 2060//1 2056//1
f 2058//2 2057//2 2061//2
f 2058//2 2061//2 2062//2
f 2056//34 2060//36 2061//37
f 2056//34 2061//37 2057//35
f 2055//33 2058//33 2062//33
f 2055//33 2062//33 2059//33
f 2059//1 2063//1 2064//1
f 2059//1 2064//1 2060//1
f 2062//2 2061//2 2065//2
f 2062//2 2065//2 2066//2
f 2060//36 2064//38 2065//39
f 2060//36 2065//39 2061//37
f 2059//33 2062//33 2066//33
f 2059//33 2066//33 2063//33
f 2063//1 2067//1 2068//1
f 2063//1 2068//1 2064//1
f 2066//2 2065//2 2069//2
f 2066//2 2069//2 2070//2
f 2064//38 2068//40 2069//41
f 2064//38 2069//41 2065//39
f 2063//33 2066//33 2070//33
f 2063//33 2070//33 2067//33
f 2067//1 2071//1 2072//1
f 2067//1 2072//1 2068//1
f 2070//2 2069//2 2073//2
f 2070//2 2073//2 2074//2
f 2068//40 2072//42 2073//43
f 2068//40 2073//43 2069//41
f 2067//33 2070//33 2074//33
f 2067//33 2074//33 2071//33
f 2071//1 2075//1 2076//1
f 2071//1 2076//1 2072//1
f 2074//2 2073//2 2077//2
f 2074//2 2077//2 2078//2
f 2072//42 2076//44 2077//45
f 2072//42 2077//45 2073//43
f 2071//33 2074//33 2078//33
f 2071//33 2078//33 2075//33
f 2075//1 1937//1 2079//1
f 2075//1 2079//1 2076//1
f 2078//2 2077//2 2080//2
f 2078//2 2080//2 1940//2
f 2076//44 2079//46 2080//47
f 2076//44 2080//47 2077//45
f 2075//33 2078//33 1940//33
f 2075//33 1940//33 1937//33
f 1937//1 1933//1 2081//1
f 1937//1 2081//1 2079//1
f 1940//2 2080//2 2082//2
f 1940//2 2082//2 1936//2
f 2079//46 2081//48 2082//49
f 2079//46 2082//49 2080//47
f 1937//50 1940//50 1936//50
f 1937//50 1936//50 1933//50
f 1933//1 1929//1 2083//1
f 1933//1 2083//1 2081//1
f 1936//2 2082//2 2084//2
f 1936//2 2084//2 1932//2
f 2081//48 2083//51 2084//52
f 2081//48 2084//52 2082//49
f 1933//50 1936//50 1932//50
f 1933//50 1932//50 1929//50
f 1929//1 1925//1 2085//1
f 1929//1 2085//1 2083//1
f 1932//2 2084//2 2086//2
f 1932//2 2086//2 1928//2
f 2083//51 2085//53 2086//54
f 2083//51 2086//54 2084//52
f 1929//50 1932//50 1928//50
f 1929//50 1928//50 1925//50
f 1925//1 1921//1 2087//1
f 1925//1 2087//1 2085//1
f 1928//2 2086//2 2088//2
f 1928//2 2088//2 1924//2
f 2085//53 2087//55 2088//56
f 2085//53 2088//56 2086//54
f 1925//50 1928//50 1924//50
f 1925//50 1924//50 1921//50
f 1921//1 1917//1 2089//1
f 1921//1 2089//1 2087//1
f 1924//2 2088//2 2090//2
f 1924//2 2090//2 1920//2
f 2087//55 2089//57 2090//58
f 2087//55 2090//58 2088//56
f 1921//50 1924//50 1920//50
f 1921//50 1920//50 1917//50
f 1917//1 1913//1 2091//1
f 1917//1 2091//1 2089//1
f 1920//2 2090//2 2092//2
f 1920//2 2092//2 1916//2
f 2089//57 2091//59 2092//60
f 2089//57 2092//60 2090//58
f 1917//50 1920//50 1916//50
f 1917//50 1916//50 1913//50
f 1913//1 1909//1 2093//1
f 1913//1 2093//1 2091//1
f 1916//2 2092//2 2094//2
f 1916//2 2094//2 1912//2
f 2091//59 2093//61 2094//62
f 2091//59 2094//62 2092//60
f 1913//50 1916//50 1912//50
f 1913//50 1912//50 1909//50
f 1909//1 1905//1 2095//1
f 1909//1 2095//1 2093//1
f 1912//2 2094//2 2096//2
f 1912//2 2096//2 1908//2
f 2093//61 2095//63 2096//64
f 2093//61 2096//64 2094//62
f 1909//50 1912//50 1908//50
f 1909//50 1908//50 1905//50
f 1905//1 2097//1 2098//1
f 1905//1 2098//1 2095//1
f 1908//2 2096//2 2099//2
f 1908//2 2099//2 2100//2
f 2095//63 2098//65 2099//66
f 2095//63 2099//66 2096//64
f 1905//7 1908//7 2100//7
f 1905//7 2100//7 2097//7
f 2097//1 2101//1 2102//1
f 2097//1 2102//1 2098//1
f 2100//2 2099//2 2103//2
f 2100//2 2103//2 2104//2
f 2098//65 2102//67 2103//68
f 2098//65 2103//68 2099//66
f 2097//7 2100//7 2104//7
f 2097//7 2104//7 2101//7
f 2101//1 2105//1 2106//1
f 2101//1 2106//1 2102//1
f 2104//2 2103//2 2107//2
f 2104//2 2107//2 2108//2
f 2102//67 2106//69 2107//70
f 2102//67 2107//70 2103//68
f 2101//7 2104//7 2108//7
f 2101//7 2108//7 2105//7
f 2105//1 1999//1 2002//1
f 2105//1 2002//1 2106//1
f 2108//2 2107//2 2004//2
f 2108//2 2004//2 2003//2
f 2106//69 2002//3 2004//6
f 2106//69 2004//6 2107//70
f 2105//7 2108//7 2003//7
f 2105//7 2003//7 1999//7
