# Botball Lab: metres, +Y up, centred XZ, base Y=0
mtllib metal_031.mtl
s off
v 0.0018000 0.0000000 0.0000000
v 0.0018000 0.1524000 0.0000000
v 0.0017913 0.1524000 0.0001764
v 0.0017913 0.0000000 0.0001764
v 0.0000000 0.0000000 0.0000000
v 0.0000000 0.1524000 0.0000000
v 0.0017654 0.1524000 0.0003512
v 0.0017654 0.0000000 0.0003512
v 0.0017225 0.1524000 0.0005225
v 0.0017225 0.0000000 0.0005225
v 0.0016630 0.1524000 0.0006888
v 0.0016630 0.0000000 0.0006888
v 0.0015875 0.1524000 0.0008485
v 0.0015875 0.0000000 0.0008485
v 0.0014966 0.1524000 0.0010000
v 0.0014966 0.0000000 0.0010000
v 0.0013914 0.1524000 0.0011419
v 0.0013914 0.0000000 0.0011419
v 0.0012728 0.1524000 0.0012728
v 0.0012728 0.0000000 0.0012728
v 0.0011419 0.1524000 0.0013914
v 0.0011419 0.0000000 0.0013914
v 0.0010000 0.1524000 0.0014966
v 0.0010000 0.0000000 0.0014966
v 0.0008485 0.1524000 0.0015875
v 0.0008485 0.0000000 0.0015875
v 0.0006888 0.1524000 0.0016630
v 0.0006888 0.0000000 0.0016630
v 0.0005225 0.1524000 0.0017225
v 0.0005225 0.0000000 0.0017225
v 0.0003512 0.1524000 0.0017654
v 0.0003512 0.0000000 0.0017654
v 0.0001764 0.1524000 0.0017913
v 0.0001764 0.0000000 0.0017913
v 0.0000000 0.1524000 0.0018000
v 0.0000000 0.0000000 0.0018000
v -0.0001764 0.1524000 0.0017913
v -0.0001764 0.0000000 0.0017913
v -0.0003512 0.1524000 0.0017654
v -0.0003512 0.0000000 0.0017654
v -0.0005225 0.1524000 0.0017225
v -0.0005225 0.0000000 0.0017225
v -0.0006888 0.1524000 0.0016630
v -0.0006888 0.0000000 0.0016630
v -0.0008485 0.1524000 0.0015875
v -0.0008485 0.0000000 0.0015875
v -0.0010000 0.1524000 0.0014966
v -0.0010000 0.0000000 0.0014966
v -0.0011419 0.1524000 0.0013914
v -0.0011419 0.0000000 0.0013914
v -0.0012728 0.1524000 0.0012728
v -0.0012728 0.0000000 0.0012728
v -0.0013914 0.1524000 0.0011419
v -0.0013914 0.0000000 0.0011419
v -0.0014966 0.1524000 0.0010000
v -0.0014966 0.0000000 0.0010000
v -0.0015875 0.1524000 0.0008485
v -0.0015875 0.0000000 0.0008485
v -0.0016630 0.1524000 0.0006888
v -0.0016630 0.0000000 0.0006888
v -0.0017225 0.1524000 0.0005225
v -0.0017225 0.0000000 0.0005225
v -0.0017654 0.1524000 0.0003512
v -0.0017654 0.0000000 0.0003512
v -0.0017913 0.1524000 0.0001764
v -0.0017913 0.0000000 0.0001764
v -0.0018000 0.1524000 0.0000000
v -0.0018000 0.0000000 0.0000000
v -0.0017913 0.1524000 -0.0001764
v -0.0017913 0.0000000 -0.0001764
v -0.0017654 0.1524000 -0.0003512
v -0.0017654 0.0000000 -0.0003512
v -0.0017225 0.1524000 -0.0005225
v -0.0017225 0.0000000 -0.0005225
v -0.0016630 0.1524000 -0.0006888
v -0.0016630 0.0000000 -0.0006888
v -0.0015875 0.1524000 -0.0008485
v -0.0015875 0.0000000 -0.0008485
v -0.0014966 0.1524000 -0.0010000
v -0.0014966 0.0000000 -0.0010000
v -0.0013914 0.1524000 -0.0011419
v -0.0013914 0.0000000 -0.0011419
v -0.0012728 0.1524000 -0.0012728
v -0.0012728 0.0000000 -0.0012728
v -0.0011419 0.1524000 -0.0013914
v -0.0011419 0.0000000 -0.0013914
v -0.0010000 0.1524000 -0.0014966
v -0.0010000 0.0000000 -0.0014966
v -0.0008485 0.1524000 -0.0015875
v -0.0008485 0.0000000 -0.0015875
v -0.0006888 0.1524000 -0.0016630
v -0.0006888 0.0000000 -0.0016630
v -0.0005225 0.1524000 -0.0017225
v -0.0005225 0.0000000 -0.0017225
v -0.0003512 0.1524000 -0.0017654
v -0.0003512 0.0000000 -0.0017654
v -0.0001764 0.1524000 -0.0017913
v -0.0001764 0.0000000 -0.0017913
v -0.0000000 0.1524000 -0.0018000
v -0.0000000 0.0000000 -0.0018000
v 0.0001764 0.1524000 -0.0017913
v 0.0001764 0.0000000 -0.0017913
v 0.0003512 0.1524000 -0.0017654
v 0.0003512 0.0000000 -0.0017654
v 0.0005225 0.1524000 -0.0017225
v 0.0005225 0.0000000 -0.0017225
v 0.0006888 0.1524000 -0.0016630
v 0.0006888 0.0000000 -0.0016630
v 0.0008485 0.1524000 -0.0015875
v 0.0008485 0.0000000 -0.0015875
v 0.0010000 0.1524000 -0.0014966
v 0.0010000 0.0000000 -0.0014966
v 0.0011419 0.1524000 -0.0013914
v 0.0011419 0.0000000 -0.0013914
v 0.0012728 0.1524000 -0.0012728
v 0.0012728 0.0000000 -0.0012728
v 0.0013914 0.1524000 -0.0011419
v 0.0013914 0.0000000 -0.0011419
v 0.0014966 0.1524000 -0.0010000
v 0.0014966 0.0000000 -0.0010000
v 0.0015875 0.1524000 -0.0008485
v 0.0015875 0.0000000 -0.0008485
v 0.0016630 0.1524000 -0.0006888
v 0.0016630 0.0000000 -0.0006888
v 0.0017225 0.1524000 -0.0005225
v 0.0017225 0.0000000 -0.0005225
v 0.0017654 0.1524000 -0.0003512
v 0.0017654 0.0000000 -0.0003512
v 0.0017913 0.1524000 -0.0001764
v 0.0017913 0.0000000 -0.0001764
v 0.0015480 0.0000000 0.0000000
v 0.0017802 0.0001984 0.0000000
v 0.0017460 0.0002232 0.0003473
v 0.0015183 0.0000248 0.0003020
v 0.0016447 0.0002481 0.0006813
v 0.0014302 0.0000496 0.0005924
v 0.0014802 0.0002729 0.0009890
v 0.0012871 0.0000744 0.0008600
v 0.0012588 0.0002977 0.0012588
v 0.0010946 0.0000992 0.0010946
v 0.0009890 0.0003225 0.0014802
v 0.0008600 0.0001240 0.0012871
v 0.0006813 0.0003473 0.0016447
v 0.0005924 0.0001489 0.0014302
v 0.0003473 0.0003721 0.0017460
v 0.0003020 0.0001737 0.0015183
v 0.0000000 0.0003969 0.0017802
v 0.0000000 0.0001985 0.0015480
v -0.0003473 0.0004217 0.0017460
v -0.0003020 0.0002233 0.0015183
v -0.0006813 0.0004465 0.0016447
v -0.0005924 0.0002481 0.0014302
v -0.0009890 0.0004713 0.0014802
v -0.0008600 0.0002729 0.0012871
v -0.0012588 0.0004961 0.0012588
v -0.0010946 0.0002977 0.0010946
v -0.0014802 0.0005210 0.0009890
v -0.0012871 0.0003225 0.0008600
v -0.0016447 0.0005458 0.0006813
v -0.0014302 0.0003473 0.0005924
v -0.0017460 0.0005706 0.0003473
v -0.0015183 0.0003721 0.0003020
v -0.0017802 0.0005954 0.0000000
v -0.0015480 0.0003969 0.0000000
v -0.0017460 0.0006202 -0.0003473
v -0.0015183 0.0004217 -0.0003020
v -0.0016447 0.0006450 -0.0006813
v -0.0014302 0.0004466 -0.0005924
v -0.0014802 0.0006698 -0.0009890
v -0.0012871 0.0004714 -0.0008600
v -0.0012588 0.0006946 -0.0012588
v -0.0010946 0.0004962 -0.0010946
v -0.0009890 0.0007194 -0.0014802
v -0.0008600 0.0005210 -0.0012871
v -0.0006813 0.0007442 -0.0016447
v -0.0005924 0.0005458 -0.0014302
v -0.0003473 0.0007690 -0.0017460
v -0.0003020 0.0005706 -0.0015183
v -0.0000000 0.0007938 -0.0017802
v -0.0000000 0.0005954 -0.0015480
v 0.0003473 0.0008187 -0.0017460
v 0.0003020 0.0006202 -0.0015183
v 0.0006813 0.0008435 -0.0016447
v 0.0005924 0.0006450 -0.0014302
v 0.0009890 0.0008683 -0.0014802
v 0.0008600 0.0006698 -0.0012871
v 0.0012588 0.0008931 -0.0012588
v 0.0010946 0.0006946 -0.0010946
v 0.0014802 0.0009179 -0.0009890
v 0.0012871 0.0007195 -0.0008600
v 0.0016447 0.0009427 -0.0006813
v 0.0014302 0.0007443 -0.0005924
v 0.0017460 0.0009675 -0.0003473
v 0.0015183 0.0007691 -0.0003020
v 0.0017802 0.0009923 -0.0000000
v 0.0015480 0.0007939 -0.0000000
v 0.0017460 0.0010171 0.0003473
v 0.0015183 0.0008187 0.0003020
v 0.0016447 0.0010419 0.0006813
v 0.0014302 0.0008435 0.0005924
v 0.0014802 0.0010667 0.0009890
v 0.0012871 0.0008683 0.0008600
v 0.0012588 0.0010916 0.0012588
v 0.0010946 0.0008931 0.0010946
v 0.0009890 0.0011164 0.0014802
v 0.0008600 0.0009179 0.0012871
v 0.0006813 0.0011412 0.0016447
v 0.0005924 0.0009427 0.0014302
v 0.0003473 0.0011660 0.0017460
v 0.0003020 0.0009675 0.0015183
v 0.0000000 0.0011908 0.0017802
v 0.0000000 0.0009923 0.0015480
v -0.0003473 0.0012156 0.0017460
v -0.0003020 0.0010172 0.0015183
v -0.0006813 0.0012404 0.0016447
v -0.0005924 0.0010420 0.0014302
v -0.0009890 0.0012652 0.0014802
v -0.0008600 0.0010668 0.0012871
v -0.0012588 0.0012900 0.0012588
v -0.0010946 0.0010916 0.0010946
v -0.0014802 0.0013148 0.0009890
v -0.0012871 0.0011164 0.0008600
v -0.0016447 0.0013396 0.0006813
v -0.0014302 0.0011412 0.0005924
v -0.0017460 0.0013644 0.0003473
v -0.0015183 0.0011660 0.0003020
v -0.0017802 0.0013893 0.0000000
v -0.0015480 0.0011908 0.0000000
v -0.0017460 0.0014141 -0.0003473
v -0.0015183 0.0012156 -0.0003020
v -0.0016447 0.0014389 -0.0006813
v -0.0014302 0.0012404 -0.0005924
v -0.0014802 0.0014637 -0.0009890
v -0.0012871 0.0012652 -0.0008600
v -0.0012588 0.0014885 -0.0012588
v -0.0010946 0.0012901 -0.0010946
v -0.0009890 0.0015133 -0.0014802
v -0.0008600 0.0013149 -0.0012871
v -0.0006813 0.0015381 -0.0016447
v -0.0005924 0.0013397 -0.0014302
v -0.0003473 0.0015629 -0.0017460
v -0.0003020 0.0013645 -0.0015183
v -0.0000000 0.0015877 -0.0017802
v -0.0000000 0.0013893 -0.0015480
v 0.0003473 0.0016125 -0.0017460
v 0.0003020 0.0014141 -0.0015183
v 0.0006813 0.0016373 -0.0016447
v 0.0005924 0.0014389 -0.0014302
v 0.0009890 0.0016622 -0.0014802
v 0.0008600 0.0014637 -0.0012871
v 0.0012588 0.0016870 -0.0012588
v 0.0010946 0.0014885 -0.0010946
v 0.0014802 0.0017118 -0.0009890
v 0.0012871 0.0015133 -0.0008600
v 0.0016447 0.0017366 -0.0006813
v 0.0014302 0.0015381 -0.0005924
v 0.0017460 0.0017614 -0.0003473
v 0.0015183 0.0015629 -0.0003020
v 0.0017802 0.0017862 -0.0000000
v 0.0015480 0.0015878 -0.0000000
v 0.0017460 0.0018110 0.0003473
v 0.0015183 0.0016126 0.0003020
v 0.0016447 0.0018358 0.0006813
v 0.0014302 0.0016374 0.0005924
v 0.0014802 0.0018606 0.0009890
v 0.0012871 0.0016622 0.0008600
v 0.0012588 0.0018854 0.0012588
v 0.0010946 0.0016870 0.0010946
v 0.0009890 0.0019102 0.0014802
v 0.0008600 0.0017118 0.0012871
v 0.0006813 0.0019350 0.0016447
v 0.0005924 0.0017366 0.0014302
v 0.0003473 0.0019599 0.0017460
v 0.0003020 0.0017614 0.0015183
v 0.0000000 0.0019847 0.0017802
v 0.0000000 0.0017862 0.0015480
v -0.0003473 0.0020095 0.0017460
v -0.0003020 0.0018110 0.0015183
v -0.0006813 0.0020343 0.0016447
v -0.0005924 0.0018358 0.0014302
v -0.0009890 0.0020591 0.0014802
v -0.0008600 0.0018607 0.0012871
v -0.0012588 0.0020839 0.0012588
v -0.0010946 0.0018855 0.0010946
v -0.0014802 0.0021087 0.0009890
v -0.0012871 0.0019103 0.0008600
v -0.0016447 0.0021335 0.0006813
v -0.0014302 0.0019351 0.0005924
v -0.0017460 0.0021583 0.0003473
v -0.0015183 0.0019599 0.0003020
v -0.0017802 0.0021831 0.0000000
v -0.0015480 0.0019847 0.0000000
v -0.0017460 0.0022079 -0.0003473
v -0.0015183 0.0020095 -0.0003020
v -0.0016447 0.0022328 -0.0006813
v -0.0014302 0.0020343 -0.0005924
v -0.0014802 0.0022576 -0.0009890
v -0.0012871 0.0020591 -0.0008600
v -0.0012588 0.0022824 -0.0012588
v -0.0010946 0.0020839 -0.0010946
v -0.0009890 0.0023072 -0.0014802
v -0.0008600 0.0021087 -0.0012871
v -0.0006813 0.0023320 -0.0016447
v -0.0005924 0.0021336 -0.0014302
v -0.0003473 0.0023568 -0.0017460
v -0.0003020 0.0021584 -0.0015183
v -0.0000000 0.0023816 -0.0017802
v -0.0000000 0.0021832 -0.0015480
v 0.0003473 0.0024064 -0.0017460
v 0.0003020 0.0022080 -0.0015183
v 0.0006813 0.0024312 -0.0016447
v 0.0005924 0.0022328 -0.0014302
v 0.0009890 0.0024560 -0.0014802
v 0.0008600 0.0022576 -0.0012871
v 0.0012588 0.0024808 -0.0012588
v 0.0010946 0.0022824 -0.0010946
v 0.0014802 0.0025056 -0.0009890
v 0.0012871 0.0023072 -0.0008600
v 0.0016447 0.0025305 -0.0006813
v 0.0014302 0.0023320 -0.0005924
v 0.0017460 0.0025553 -0.0003473
v 0.0015183 0.0023568 -0.0003020
v 0.0017802 0.0025801 -0.0000000
v 0.0015480 0.0023816 -0.0000000
v 0.0017460 0.0026049 0.0003473
v 0.0015183 0.0024064 0.0003020
v 0.0016447 0.0026297 0.0006813
v 0.0014302 0.0024313 0.0005924
v 0.0014802 0.0026545 0.0009890
v 0.0012871 0.0024561 0.0008600
v 0.0012588 0.0026793 0.0012588
v 0.0010946 0.0024809 0.0010946
v 0.0009890 0.0027041 0.0014802
v 0.0008600 0.0025057 0.0012871
v 0.0006813 0.0027289 0.0016447
v 0.0005924 0.0025305 0.0014302
v 0.0003473 0.0027537 0.0017460
v 0.0003020 0.0025553 0.0015183
v -0.0000000 0.0027785 0.0017802
v -0.0000000 0.0025801 0.0015480
v -0.0003473 0.0028034 0.0017460
v -0.0003020 0.0026049 0.0015183
v -0.0006813 0.0028282 0.0016447
v -0.0005924 0.0026297 0.0014302
v -0.0009890 0.0028530 0.0014802
v -0.0008600 0.0026545 0.0012871
v -0.0012588 0.0028778 0.0012588
v -0.0010946 0.0026793 0.0010946
v -0.0014802 0.0029026 0.0009890
v -0.0012871 0.0027042 0.0008600
v -0.0016447 0.0029274 0.0006813
v -0.0014302 0.0027290 0.0005924
v -0.0017460 0.0029522 0.0003473
v -0.0015183 0.0027538 0.0003020
v -0.0017802 0.0029770 0.0000000
v -0.0015480 0.0027786 0.0000000
v -0.0017460 0.0030018 -0.0003473
v -0.0015183 0.0028034 -0.0003020
v -0.0016447 0.0030266 -0.0006813
v -0.0014302 0.0028282 -0.0005924
v -0.0014802 0.0030514 -0.0009890
v -0.0012871 0.0028530 -0.0008600
v -0.0012588 0.0030762 -0.0012588
v -0.0010946 0.0028778 -0.0010946
v -0.0009890 0.0031011 -0.0014802
v -0.0008600 0.0029026 -0.0012871
v -0.0006813 0.0031259 -0.0016447
v -0.0005924 0.0029274 -0.0014302
v -0.0003473 0.0031507 -0.0017460
v -0.0003020 0.0029522 -0.0015183
v -0.0000000 0.0031755 -0.0017802
v -0.0000000 0.0029770 -0.0015480
v 0.0003473 0.0032003 -0.0017460
v 0.0003020 0.0030019 -0.0015183
v 0.0006813 0.0032251 -0.0016447
v 0.0005924 0.0030267 -0.0014302
v 0.0009890 0.0032499 -0.0014802
v 0.0008600 0.0030515 -0.0012871
v 0.0012588 0.0032747 -0.0012588
v 0.0010946 0.0030763 -0.0010946
v 0.0014802 0.0032995 -0.0009890
v 0.0012871 0.0031011 -0.0008600
v 0.0016447 0.0033243 -0.0006813
v 0.0014302 0.0031259 -0.0005924
v 0.0017460 0.0033491 -0.0003473
v 0.0015183 0.0031507 -0.0003020
v 0.0017802 0.0033740 -0.0000000
v 0.0015480 0.0031755 -0.0000000
v 0.0017460 0.0033988 0.0003473
v 0.0015183 0.0032003 0.0003020
v 0.0016447 0.0034236 0.0006813
v 0.0014302 0.0032251 0.0005924
v 0.0014802 0.0034484 0.0009890
v 0.0012871 0.0032499 0.0008600
v 0.0012588 0.0034732 0.0012588
v 0.0010946 0.0032748 0.0010946
v 0.0009890 0.0034980 0.0014802
v 0.0008600 0.0032996 0.0012871
v 0.0006813 0.0035228 0.0016447
v 0.0005924 0.0033244 0.0014302
v 0.0003473 0.0035476 0.0017460
v 0.0003020 0.0033492 0.0015183
v -0.0000000 0.0035724 0.0017802
v -0.0000000 0.0033740 0.0015480
v -0.0003473 0.0035972 0.0017460
v -0.0003020 0.0033988 0.0015183
v -0.0006813 0.0036220 0.0016447
v -0.0005924 0.0034236 0.0014302
v -0.0009890 0.0036469 0.0014802
v -0.0008600 0.0034484 0.0012871
v -0.0012588 0.0036717 0.0012588
v -0.0010946 0.0034732 0.0010946
v -0.0014802 0.0036965 0.0009890
v -0.0012871 0.0034980 0.0008600
v -0.0016447 0.0037213 0.0006813
v -0.0014302 0.0035228 0.0005924
v -0.0017460 0.0037461 0.0003473
v -0.0015183 0.0035476 0.0003020
v -0.0017802 0.0037709 0.0000000
v -0.0015480 0.0035725 0.0000000
v -0.0017460 0.0037957 -0.0003473
v -0.0015183 0.0035973 -0.0003020
v -0.0016447 0.0038205 -0.0006813
v -0.0014302 0.0036221 -0.0005924
v -0.0014802 0.0038453 -0.0009890
v -0.0012871 0.0036469 -0.0008600
v -0.0012588 0.0038701 -0.0012588
v -0.0010946 0.0036717 -0.0010946
v -0.0009890 0.0038949 -0.0014802
v -0.0008600 0.0036965 -0.0012871
v -0.0006813 0.0039197 -0.0016447
v -0.0005924 0.0037213 -0.0014302
v -0.0003473 0.0039446 -0.0017460
v -0.0003020 0.0037461 -0.0015183
v -0.0000000 0.0039694 -0.0017802
v -0.0000000 0.0037709 -0.0015480
v 0.0003473 0.0039942 -0.0017460
v 0.0003020 0.0037957 -0.0015183
v 0.0006813 0.0040190 -0.0016447
v 0.0005924 0.0038205 -0.0014302
v 0.0009890 0.0040438 -0.0014802
v 0.0008600 0.0038454 -0.0012871
v 0.0012588 0.0040686 -0.0012588
v 0.0010946 0.0038702 -0.0010946
v 0.0014802 0.0040934 -0.0009890
v 0.0012871 0.0038950 -0.0008600
v 0.0016447 0.0041182 -0.0006813
v 0.0014302 0.0039198 -0.0005924
v 0.0017460 0.0041430 -0.0003473
v 0.0015183 0.0039446 -0.0003020
v 0.0017802 0.0041678 -0.0000000
v 0.0015480 0.0039694 -0.0000000
v 0.0017460 0.0041926 0.0003473
v 0.0015183 0.0039942 0.0003020
v 0.0016447 0.0042175 0.0006813
v 0.0014302 0.0040190 0.0005924
v 0.0014802 0.0042423 0.0009890
v 0.0012871 0.0040438 0.0008600
v 0.0012588 0.0042671 0.0012588
v 0.0010946 0.0040686 0.0010946
v 0.0009890 0.0042919 0.0014802
v 0.0008600 0.0040934 0.0012871
v 0.0006813 0.0043167 0.0016447
v 0.0005924 0.0041182 0.0014302
v 0.0003473 0.0043415 0.0017460
v 0.0003020 0.0041431 0.0015183
v -0.0000000 0.0043663 0.0017802
v -0.0000000 0.0041679 0.0015480
v -0.0003473 0.0043911 0.0017460
v -0.0003020 0.0041927 0.0015183
v -0.0006813 0.0044159 0.0016447
v -0.0005924 0.0042175 0.0014302
v -0.0009890 0.0044407 0.0014802
v -0.0008600 0.0042423 0.0012871
v -0.0012588 0.0044655 0.0012588
v -0.0010946 0.0042671 0.0010946
v -0.0014802 0.0044903 0.0009890
v -0.0012871 0.0042919 0.0008600
v -0.0016447 0.0045152 0.0006813
v -0.0014302 0.0043167 0.0005924
v -0.0017460 0.0045400 0.0003473
v -0.0015183 0.0043415 0.0003020
v -0.0017802 0.0045648 0.0000000
v -0.0015480 0.0043663 0.0000000
v -0.0017460 0.0045896 -0.0003473
v -0.0015183 0.0043911 -0.0003020
v -0.0016447 0.0046144 -0.0006813
v -0.0014302 0.0044160 -0.0005924
v -0.0014802 0.0046392 -0.0009890
v -0.0012871 0.0044408 -0.0008600
v -0.0012588 0.0046640 -0.0012588
v -0.0010946 0.0044656 -0.0010946
v -0.0009890 0.0046888 -0.0014802
v -0.0008600 0.0044904 -0.0012871
v -0.0006813 0.0047136 -0.0016447
v -0.0005924 0.0045152 -0.0014302
v -0.0003473 0.0047384 -0.0017460
v -0.0003020 0.0045400 -0.0015183
v -0.0000000 0.0047632 -0.0017802
v -0.0000000 0.0045648 -0.0015480
v 0.0003473 0.0047881 -0.0017460
v 0.0003020 0.0045896 -0.0015183
v 0.0006813 0.0048129 -0.0016447
v 0.0005924 0.0046144 -0.0014302
v 0.0009890 0.0048377 -0.0014802
v 0.0008600 0.0046392 -0.0012871
v 0.0012588 0.0048625 -0.0012588
v 0.0010946 0.0046640 -0.0010946
v 0.0014802 0.0048873 -0.0009890
v 0.0012871 0.0046888 -0.0008600
v 0.0016447 0.0049121 -0.0006813
v 0.0014302 0.0047137 -0.0005924
v 0.0017460 0.0049369 -0.0003473
v 0.0015183 0.0047385 -0.0003020
v 0.0017802 0.0049617 -0.0000000
v 0.0015480 0.0047633 -0.0000000
v 0.0017460 0.0049865 0.0003473
v 0.0015183 0.0047881 0.0003020
v 0.0016447 0.0050113 0.0006813
v 0.0014302 0.0048129 0.0005924
v 0.0014802 0.0050361 0.0009890
v 0.0012871 0.0048377 0.0008600
v 0.0012588 0.0050609 0.0012588
v 0.0010946 0.0048625 0.0010946
v 0.0009890 0.0050858 0.0014802
v 0.0008600 0.0048873 0.0012871
v 0.0006813 0.0051106 0.0016447
v 0.0005924 0.0049121 0.0014302
v 0.0003473 0.0051354 0.0017460
v 0.0003020 0.0049369 0.0015183
v -0.0000000 0.0051602 0.0017802
v -0.0000000 0.0049617 0.0015480
v -0.0003473 0.0051850 0.0017460
v -0.0003020 0.0049866 0.0015183
v -0.0006813 0.0052098 0.0016447
v -0.0005924 0.0050114 0.0014302
v -0.0009890 0.0052346 0.0014802
v -0.0008600 0.0050362 0.0012871
v -0.0012588 0.0052594 0.0012588
v -0.0010946 0.0050610 0.0010946
v -0.0014802 0.0052842 0.0009890
v -0.0012871 0.0050858 0.0008600
v -0.0016447 0.0053090 0.0006813
v -0.0014302 0.0051106 0.0005924
v -0.0017460 0.0053338 0.0003473
v -0.0015183 0.0051354 0.0003020
v -0.0017802 0.0053587 -0.0000000
v -0.0015480 0.0051602 -0.0000000
v -0.0017460 0.0053835 -0.0003473
v -0.0015183 0.0051850 -0.0003020
v -0.0016447 0.0054083 -0.0006813
v -0.0014302 0.0052098 -0.0005924
v -0.0014802 0.0054331 -0.0009890
v -0.0012871 0.0052346 -0.0008600
v -0.0012588 0.0054579 -0.0012588
v -0.0010946 0.0052594 -0.0010946
v -0.0009890 0.0054827 -0.0014802
v -0.0008600 0.0052843 -0.0012871
v -0.0006813 0.0055075 -0.0016447
v -0.0005924 0.0053091 -0.0014302
v -0.0003473 0.0055323 -0.0017460
v -0.0003020 0.0053339 -0.0015183
v -0.0000000 0.0055571 -0.0017802
v -0.0000000 0.0053587 -0.0015480
v 0.0003473 0.0055819 -0.0017460
v 0.0003020 0.0053835 -0.0015183
v 0.0006813 0.0056067 -0.0016447
v 0.0005924 0.0054083 -0.0014302
v 0.0009890 0.0056315 -0.0014802
v 0.0008600 0.0054331 -0.0012871
v 0.0012588 0.0056564 -0.0012588
v 0.0010946 0.0054579 -0.0010946
v 0.0014802 0.0056812 -0.0009890
v 0.0012871 0.0054827 -0.0008600
v 0.0016447 0.0057060 -0.0006813
v 0.0014302 0.0055075 -0.0005924
v 0.0017460 0.0057308 -0.0003473
v 0.0015183 0.0055323 -0.0003020
v 0.0017802 0.0057556 -0.0000000
v 0.0015480 0.0055572 -0.0000000
v 0.0017460 0.0057804 0.0003473
v 0.0015183 0.0055820 0.0003020
v 0.0016447 0.0058052 0.0006813
v 0.0014302 0.0056068 0.0005924
v 0.0014802 0.0058300 0.0009890
v 0.0012871 0.0056316 0.0008600
v 0.0012588 0.0058548 0.0012588
v 0.0010946 0.0056564 0.0010946
v 0.0009890 0.0058796 0.0014802
v 0.0008600 0.0056812 0.0012871
v 0.0006813 0.0059044 0.0016447
v 0.0005924 0.0057060 0.0014302
v 0.0003473 0.0059293 0.0017460
v 0.0003020 0.0057308 0.0015183
v -0.0000000 0.0059541 0.0017802
v -0.0000000 0.0057556 0.0015480
v -0.0003473 0.0059789 0.0017460
v -0.0003020 0.0057804 0.0015183
v -0.0006813 0.0060037 0.0016447
v -0.0005924 0.0058052 0.0014302
v -0.0009890 0.0060285 0.0014802
v -0.0008600 0.0058301 0.0012871
v -0.0012588 0.0060533 0.0012588
v -0.0010946 0.0058549 0.0010946
v -0.0014802 0.0060781 0.0009890
v -0.0012871 0.0058797 0.0008600
v -0.0016447 0.0061029 0.0006813
v -0.0014302 0.0059045 0.0005924
v -0.0017460 0.0061277 0.0003473
v -0.0015183 0.0059293 0.0003020
v -0.0017802 0.0061525 0.0000000
v -0.0015480 0.0059541 0.0000000
v -0.0017460 0.0061773 -0.0003473
v -0.0015183 0.0059789 -0.0003020
v -0.0016447 0.0062021 -0.0006813
v -0.0014302 0.0060037 -0.0005924
v -0.0014802 0.0062270 -0.0009890
v -0.0012871 0.0060285 -0.0008600
v -0.0012588 0.0062518 -0.0012588
v -0.0010946 0.0060533 -0.0010946
v -0.0009890 0.0062766 -0.0014802
v -0.0008600 0.0060781 -0.0012871
v -0.0006813 0.0063014 -0.0016447
v -0.0005924 0.0061029 -0.0014302
v -0.0003473 0.0063262 -0.0017460
v -0.0003020 0.0061278 -0.0015183
v -0.0000000 0.0063510 -0.0017802
v -0.0000000 0.0061526 -0.0015480
v 0.0003473 0.0063758 -0.0017460
v 0.0003020 0.0061774 -0.0015183
v 0.0006813 0.0064006 -0.0016447
v 0.0005924 0.0062022 -0.0014302
v 0.0009890 0.0064254 -0.0014802
v 0.0008600 0.0062270 -0.0012871
v 0.0012588 0.0064502 -0.0012588
v 0.0010946 0.0062518 -0.0010946
v 0.0014802 0.0064750 -0.0009890
v 0.0012871 0.0062766 -0.0008600
v 0.0016447 0.0064999 -0.0006813
v 0.0014302 0.0063014 -0.0005924
v 0.0017460 0.0065247 -0.0003473
v 0.0015183 0.0063262 -0.0003020
v 0.0017802 0.0065495 -0.0000000
v 0.0015480 0.0063510 -0.0000000
v 0.0017460 0.0065743 0.0003473
v 0.0015183 0.0063758 0.0003020
v 0.0016447 0.0065991 0.0006813
v 0.0014302 0.0064007 0.0005924
v 0.0014802 0.0066239 0.0009890
v 0.0012871 0.0064255 0.0008600
v 0.0012588 0.0066487 0.0012588
v 0.0010946 0.0064503 0.0010946
v 0.0009890 0.0066735 0.0014802
v 0.0008600 0.0064751 0.0012871
v 0.0006813 0.0066983 0.0016447
v 0.0005924 0.0064999 0.0014302
v 0.0003473 0.0067231 0.0017460
v 0.0003020 0.0065247 0.0015183
v 0.0000000 0.0067479 0.0017802
v 0.0000000 0.0065495 0.0015480
v -0.0003473 0.0067727 0.0017460
v -0.0003020 0.0065743 0.0015183
v -0.0006813 0.0067976 0.0016447
v -0.0005924 0.0065991 0.0014302
v -0.0009890 0.0068224 0.0014802
v -0.0008600 0.0066239 0.0012871
v -0.0012588 0.0068472 0.0012588
v -0.0010946 0.0066487 0.0010946
v -0.0014802 0.0068720 0.0009890
v -0.0012871 0.0066735 0.0008600
v -0.0016447 0.0068968 0.0006813
v -0.0014302 0.0066984 0.0005924
v -0.0017460 0.0069216 0.0003473
v -0.0015183 0.0067232 0.0003020
v -0.0017802 0.0069464 -0.0000000
v -0.0015480 0.0067480 -0.0000000
v -0.0017460 0.0069712 -0.0003473
v -0.0015183 0.0067728 -0.0003020
v -0.0016447 0.0069960 -0.0006813
v -0.0014302 0.0067976 -0.0005924
v -0.0014802 0.0070208 -0.0009890
v -0.0012871 0.0068224 -0.0008600
v -0.0012588 0.0070456 -0.0012588
v -0.0010946 0.0068472 -0.0010946
v -0.0009890 0.0070705 -0.0014802
v -0.0008600 0.0068720 -0.0012871
v -0.0006813 0.0070953 -0.0016447
v -0.0005924 0.0068968 -0.0014302
v -0.0003473 0.0071201 -0.0017460
v -0.0003020 0.0069216 -0.0015183
v -0.0000000 0.0071449 -0.0017802
v -0.0000000 0.0069464 -0.0015480
v 0.0003473 0.0071697 -0.0017460
v 0.0003020 0.0069713 -0.0015183
v 0.0006813 0.0071945 -0.0016447
v 0.0005924 0.0069961 -0.0014302
v 0.0009890 0.0072193 -0.0014802
v 0.0008600 0.0070209 -0.0012871
v 0.0012588 0.0072441 -0.0012588
v 0.0010946 0.0070457 -0.0010946
v 0.0014802 0.0072689 -0.0009890
v 0.0012871 0.0070705 -0.0008600
v 0.0016447 0.0072937 -0.0006813
v 0.0014302 0.0070953 -0.0005924
v 0.0017460 0.0073185 -0.0003473
v 0.0015183 0.0071201 -0.0003020
v 0.0017802 0.0073434 -0.0000000
v 0.0015480 0.0071449 -0.0000000
v 0.0017460 0.0073682 0.0003473
v 0.0015183 0.0071697 0.0003020
v 0.0016447 0.0073930 0.0006813
v 0.0014302 0.0071945 0.0005924
v 0.0014802 0.0074178 0.0009890
v 0.0012871 0.0072193 0.0008600
v 0.0012588 0.0074426 0.0012588
v 0.0010946 0.0072441 0.0010946
v 0.0009890 0.0074674 0.0014802
v 0.0008600 0.0072690 0.0012871
v 0.0006813 0.0074922 0.0016447
v 0.0005924 0.0072938 0.0014302
v 0.0003473 0.0075170 0.0017460
v 0.0003020 0.0073186 0.0015183
v 0.0000000 0.0075418 0.0017802
v 0.0000000 0.0073434 0.0015480
v -0.0003473 0.0075666 0.0017460
v -0.0003020 0.0073682 0.0015183
v -0.0006813 0.0075914 0.0016447
v -0.0005924 0.0073930 0.0014302
v -0.0009890 0.0076162 0.0014802
v -0.0008600 0.0074178 0.0012871
v -0.0012588 0.0076411 0.0012588
v -0.0010946 0.0074426 0.0010946
v -0.0014802 0.0076659 0.0009890
v -0.0012871 0.0074674 0.0008600
v -0.0016447 0.0076907 0.0006813
v -0.0014302 0.0074922 0.0005924
v -0.0017460 0.0077155 0.0003473
v -0.0015183 0.0075170 0.0003020
v -0.0017802 0.0077403 0.0000000
v -0.0015480 0.0075419 0.0000000
v -0.0017460 0.0077651 -0.0003473
v -0.0015183 0.0075667 -0.0003020
v -0.0016447 0.0077899 -0.0006813
v -0.0014302 0.0075915 -0.0005924
v -0.0014802 0.0078147 -0.0009890
v -0.0012871 0.0076163 -0.0008600
v -0.0012588 0.0078395 -0.0012588
v -0.0010946 0.0076411 -0.0010946
v -0.0009890 0.0078643 -0.0014802
v -0.0008600 0.0076659 -0.0012871
v -0.0006813 0.0078891 -0.0016447
v -0.0005924 0.0076907 -0.0014302
v -0.0003473 0.0079140 -0.0017460
v -0.0003020 0.0077155 -0.0015183
v -0.0000000 0.0079388 -0.0017802
v -0.0000000 0.0077403 -0.0015480
v 0.0003473 0.0079636 -0.0017460
v 0.0003020 0.0077651 -0.0015183
v 0.0006813 0.0079884 -0.0016447
v 0.0005924 0.0077899 -0.0014302
v 0.0009890 0.0080132 -0.0014802
v 0.0008600 0.0078147 -0.0012871
v 0.0012588 0.0080380 -0.0012588
v 0.0010946 0.0078396 -0.0010946
v 0.0014802 0.0080628 -0.0009890
v 0.0012871 0.0078644 -0.0008600
v 0.0016447 0.0080876 -0.0006813
v 0.0014302 0.0078892 -0.0005924
v 0.0017460 0.0081124 -0.0003473
v 0.0015183 0.0079140 -0.0003020
v 0.0017802 0.0081372 -0.0000000
v 0.0015480 0.0079388 -0.0000000
v 0.0017460 0.0081620 0.0003473
v 0.0015183 0.0079636 0.0003020
v 0.0016447 0.0081868 0.0006813
v 0.0014302 0.0079884 0.0005924
v 0.0014802 0.0082117 0.0009890
v 0.0012871 0.0080132 0.0008600
v 0.0012588 0.0082365 0.0012588
v 0.0010946 0.0080380 0.0010946
v 0.0009890 0.0082613 0.0014802
v 0.0008600 0.0080628 0.0012871
v 0.0006813 0.0082861 0.0016447
v 0.0005924 0.0080876 0.0014302
v 0.0003473 0.0083109 0.0017460
v 0.0003020 0.0081125 0.0015183
v 0.0000000 0.0083357 0.0017802
v 0.0000000 0.0081373 0.0015480
v -0.0003473 0.0083605 0.0017460
v -0.0003020 0.0081621 0.0015183
v -0.0006813 0.0083853 0.0016447
v -0.0005924 0.0081869 0.0014302
v -0.0009890 0.0084101 0.0014802
v -0.0008600 0.0082117 0.0012871
v -0.0012588 0.0084349 0.0012588
v -0.0010946 0.0082365 0.0010946
v -0.0014802 0.0084597 0.0009890
v -0.0012871 0.0082613 0.0008600
v -0.0016447 0.0084846 0.0006813
v -0.0014302 0.0082861 0.0005924
v -0.0017460 0.0085094 0.0003473
v -0.0015183 0.0083109 0.0003020
v -0.0017802 0.0085342 -0.0000000
v -0.0015480 0.0083357 -0.0000000
v -0.0017460 0.0085590 -0.0003473
v -0.0015183 0.0083605 -0.0003020
v -0.0016447 0.0085838 -0.0006813
v -0.0014302 0.0083853 -0.0005924
v -0.0014802 0.0086086 -0.0009890
v -0.0012871 0.0084102 -0.0008600
v -0.0012588 0.0086334 -0.0012588
v -0.0010946 0.0084350 -0.0010946
v -0.0009890 0.0086582 -0.0014802
v -0.0008600 0.0084598 -0.0012871
v -0.0006813 0.0086830 -0.0016447
v -0.0005924 0.0084846 -0.0014302
v -0.0003473 0.0087078 -0.0017460
v -0.0003020 0.0085094 -0.0015183
v -0.0000000 0.0087326 -0.0017802
v -0.0000000 0.0085342 -0.0015480
v 0.0003473 0.0087574 -0.0017460
v 0.0003020 0.0085590 -0.0015183
v 0.0006813 0.0087823 -0.0016447
v 0.0005924 0.0085838 -0.0014302
v 0.0009890 0.0088071 -0.0014802
v 0.0008600 0.0086086 -0.0012871
v 0.0012588 0.0088319 -0.0012588
v 0.0010946 0.0086334 -0.0010946
v 0.0014802 0.0088567 -0.0009890
v 0.0012871 0.0086582 -0.0008600
v 0.0016447 0.0088815 -0.0006813
v 0.0014302 0.0086831 -0.0005924
v 0.0017460 0.0089063 -0.0003473
v 0.0015183 0.0087079 -0.0003020
v 0.0017802 0.0089311 -0.0000000
v 0.0015480 0.0087327 -0.0000000
v 0.0017460 0.0089559 0.0003473
v 0.0015183 0.0087575 0.0003020
v 0.0016447 0.0089807 0.0006813
v 0.0014302 0.0087823 0.0005924
v 0.0014802 0.0090055 0.0009890
v 0.0012871 0.0088071 0.0008600
v 0.0012588 0.0090303 0.0012588
v 0.0010946 0.0088319 0.0010946
v 0.0009890 0.0090552 0.0014802
v 0.0008600 0.0088567 0.0012871
v 0.0006813 0.0090800 0.0016447
v 0.0005924 0.0088815 0.0014302
v 0.0003473 0.0091048 0.0017460
v 0.0003020 0.0089063 0.0015183
v 0.0000000 0.0091296 0.0017802
v 0.0000000 0.0089311 0.0015480
v -0.0003473 0.0091544 0.0017460
v -0.0003020 0.0089559 0.0015183
v -0.0006813 0.0091792 0.0016447
v -0.0005924 0.0089808 0.0014302
v -0.0009890 0.0092040 0.0014802
v -0.0008600 0.0090056 0.0012871
v -0.0012588 0.0092288 0.0012588
v -0.0010946 0.0090304 0.0010946
v -0.0014802 0.0092536 0.0009890
v -0.0012871 0.0090552 0.0008600
v -0.0016447 0.0092784 0.0006813
v -0.0014302 0.0090800 0.0005924
v -0.0017460 0.0093032 0.0003473
v -0.0015183 0.0091048 0.0003020
v -0.0017802 0.0093280 0.0000000
v -0.0015480 0.0091296 0.0000000
v -0.0017460 0.0093529 -0.0003473
v -0.0015183 0.0091544 -0.0003020
v -0.0016447 0.0093777 -0.0006813
v -0.0014302 0.0091792 -0.0005924
v -0.0014802 0.0094025 -0.0009890
v -0.0012871 0.0092040 -0.0008600
v -0.0012588 0.0094273 -0.0012588
v -0.0010946 0.0092288 -0.0010946
v -0.0009890 0.0094521 -0.0014802
v -0.0008600 0.0092537 -0.0012871
v -0.0006813 0.0094769 -0.0016447
v -0.0005924 0.0092785 -0.0014302
v -0.0003473 0.0095017 -0.0017460
v -0.0003020 0.0093033 -0.0015183
v 0.0000000 0.0095265 -0.0017802
v 0.0000000 0.0093281 -0.0015480
v 0.0003473 0.0095513 -0.0017460
v 0.0003020 0.0093529 -0.0015183
v 0.0006813 0.0095761 -0.0016447
v 0.0005924 0.0093777 -0.0014302
v 0.0009890 0.0096009 -0.0014802
v 0.0008600 0.0094025 -0.0012871
v 0.0012588 0.0096258 -0.0012588
v 0.0010946 0.0094273 -0.0010946
v 0.0014802 0.0096506 -0.0009890
v 0.0012871 0.0094521 -0.0008600
v 0.0016447 0.0096754 -0.0006813
v 0.0014302 0.0094769 -0.0005924
v 0.0017460 0.0097002 -0.0003473
v 0.0015183 0.0095017 -0.0003020
v 0.0017802 0.0097250 -0.0000000
v 0.0015480 0.0095266 -0.0000000
v 0.0017460 0.0097498 0.0003473
v 0.0015183 0.0095514 0.0003020
v 0.0016447 0.0097746 0.0006813
v 0.0014302 0.0095762 0.0005924
v 0.0014802 0.0097994 0.0009890
v 0.0012871 0.0096010 0.0008600
v 0.0012588 0.0098242 0.0012588
v 0.0010946 0.0096258 0.0010946
v 0.0009890 0.0098490 0.0014802
v 0.0008600 0.0096506 0.0012871
v 0.0006813 0.0098738 0.0016447
v 0.0005924 0.0096754 0.0014302
v 0.0003473 0.0098986 0.0017460
v 0.0003020 0.0097002 0.0015183
v 0.0000000 0.0099235 0.0017802
v 0.0000000 0.0097250 0.0015480
v -0.0003473 0.0099483 0.0017460
v -0.0003020 0.0097498 0.0015183
v -0.0006813 0.0099731 0.0016447
v -0.0005924 0.0097746 0.0014302
v -0.0009890 0.0099979 0.0014802
v -0.0008600 0.0097994 0.0012871
v -0.0012588 0.0100227 0.0012588
v -0.0010946 0.0098243 0.0010946
v -0.0014802 0.0100475 0.0009890
v -0.0012871 0.0098491 0.0008600
v -0.0016447 0.0100723 0.0006813
v -0.0014302 0.0098739 0.0005924
v -0.0017460 0.0100971 0.0003473
v -0.0015183 0.0098987 0.0003020
v -0.0017802 0.0101219 -0.0000000
v -0.0015480 0.0099235 -0.0000000
v -0.0017460 0.0101467 -0.0003473
v -0.0015183 0.0099483 -0.0003020
v -0.0016447 0.0101715 -0.0006813
v -0.0014302 0.0099731 -0.0005924
v -0.0014802 0.0101964 -0.0009890
v -0.0012871 0.0099979 -0.0008600
v -0.0012588 0.0102212 -0.0012588
v -0.0010946 0.0100227 -0.0010946
v -0.0009890 0.0102460 -0.0014802
v -0.0008600 0.0100475 -0.0012871
v -0.0006813 0.0102708 -0.0016447
v -0.0005924 0.0100723 -0.0014302
v -0.0003473 0.0102956 -0.0017460
v -0.0003020 0.0100972 -0.0015183
v -0.0000000 0.0103204 -0.0017802
v -0.0000000 0.0101220 -0.0015480
v 0.0003473 0.0103452 -0.0017460
v 0.0003020 0.0101468 -0.0015183
v 0.0006813 0.0103700 -0.0016447
v 0.0005924 0.0101716 -0.0014302
v 0.0009890 0.0103948 -0.0014802
v 0.0008600 0.0101964 -0.0012871
v 0.0012588 0.0104196 -0.0012588
v 0.0010946 0.0102212 -0.0010946
v 0.0014802 0.0104444 -0.0009890
v 0.0012871 0.0102460 -0.0008600
v 0.0016447 0.0104692 -0.0006813
v 0.0014302 0.0102708 -0.0005924
v 0.0017460 0.0104941 -0.0003473
v 0.0015183 0.0102956 -0.0003020
v 0.0017802 0.0105189 0.0000000
v 0.0015480 0.0103204 0.0000000
v 0.0017460 0.0105437 0.0003473
v 0.0015183 0.0103452 0.0003020
v 0.0016447 0.0105685 0.0006813
v 0.0014302 0.0103700 0.0005924
v 0.0014802 0.0105933 0.0009890
v 0.0012871 0.0103949 0.0008600
v 0.0012588 0.0106181 0.0012588
v 0.0010946 0.0104197 0.0010946
v 0.0009890 0.0106429 0.0014802
v 0.0008600 0.0104445 0.0012871
v 0.0006813 0.0106677 0.0016447
v 0.0005924 0.0104693 0.0014302
v 0.0003473 0.0106925 0.0017460
v 0.0003020 0.0104941 0.0015183
v 0.0000000 0.0107173 0.0017802
v 0.0000000 0.0105189 0.0015480
v -0.0003473 0.0107421 0.0017460
v -0.0003020 0.0105437 0.0015183
v -0.0006813 0.0107670 0.0016447
v -0.0005924 0.0105685 0.0014302
v -0.0009890 0.0107918 0.0014802
v -0.0008600 0.0105933 0.0012871
v -0.0012588 0.0108166 0.0012588
v -0.0010946 0.0106181 0.0010946
v -0.0014802 0.0108414 0.0009890
v -0.0012871 0.0106429 0.0008600
v -0.0016447 0.0108662 0.0006813
v -0.0014302 0.0106678 0.0005924
v -0.0017460 0.0108910 0.0003473
v -0.0015183 0.0106926 0.0003020
v -0.0017802 0.0109158 0.0000000
v -0.0015480 0.0107174 0.0000000
v -0.0017460 0.0109406 -0.0003473
v -0.0015183 0.0107422 -0.0003020
v -0.0016447 0.0109654 -0.0006813
v -0.0014302 0.0107670 -0.0005924
v -0.0014802 0.0109902 -0.0009890
v -0.0012871 0.0107918 -0.0008600
v -0.0012588 0.0110150 -0.0012588
v -0.0010946 0.0108166 -0.0010946
v -0.0009890 0.0110399 -0.0014802
v -0.0008600 0.0108414 -0.0012871
v -0.0006813 0.0110647 -0.0016447
v -0.0005924 0.0108662 -0.0014302
v -0.0003473 0.0110895 -0.0017460
v -0.0003020 0.0108910 -0.0015183
v 0.0000000 0.0111143 -0.0017802
v 0.0000000 0.0109158 -0.0015480
v 0.0003473 0.0111391 -0.0017460
v 0.0003020 0.0109406 -0.0015183
v 0.0006813 0.0111639 -0.0016447
v 0.0005924 0.0109655 -0.0014302
v 0.0009890 0.0111887 -0.0014802
v 0.0008600 0.0109903 -0.0012871
v 0.0012588 0.0112135 -0.0012588
v 0.0010946 0.0110151 -0.0010946
v 0.0014802 0.0112383 -0.0009890
v 0.0012871 0.0110399 -0.0008600
v 0.0016447 0.0112631 -0.0006813
v 0.0014302 0.0110647 -0.0005924
v 0.0017460 0.0112879 -0.0003473
v 0.0015183 0.0110895 -0.0003020
v 0.0017802 0.0113127 -0.0000000
v 0.0015480 0.0111143 -0.0000000
v 0.0017460 0.0113376 0.0003473
v 0.0015183 0.0111391 0.0003020
v 0.0016447 0.0113624 0.0006813
v 0.0014302 0.0111639 0.0005924
v 0.0014802 0.0113872 0.0009890
v 0.0012871 0.0111887 0.0008600
v 0.0012588 0.0114120 0.0012588
v 0.0010946 0.0112135 0.0010946
v 0.0009890 0.0114368 0.0014802
v 0.0008600 0.0112384 0.0012871
v 0.0006813 0.0114616 0.0016447
v 0.0005924 0.0112632 0.0014302
v 0.0003473 0.0114864 0.0017460
v 0.0003020 0.0112880 0.0015183
v 0.0000000 0.0115112 0.0017802
v 0.0000000 0.0113128 0.0015480
v -0.0003473 0.0115360 0.0017460
v -0.0003020 0.0113376 0.0015183
v -0.0006813 0.0115608 0.0016447
v -0.0005924 0.0113624 0.0014302
v -0.0009890 0.0115856 0.0014802
v -0.0008600 0.0113872 0.0012871
v -0.0012588 0.0116105 0.0012588
v -0.0010946 0.0114120 0.0010946
v -0.0014802 0.0116353 0.0009890
v -0.0012871 0.0114368 0.0008600
v -0.0016447 0.0116601 0.0006813
v -0.0014302 0.0114616 0.0005924
v -0.0017460 0.0116849 0.0003473
v -0.0015183 0.0114864 0.0003020
v -0.0017802 0.0117097 -0.0000000
v -0.0015480 0.0115112 -0.0000000
v -0.0017460 0.0117345 -0.0003473
v -0.0015183 0.0115361 -0.0003020
v -0.0016447 0.0117593 -0.0006813
v -0.0014302 0.0115609 -0.0005924
v -0.0014802 0.0117841 -0.0009890
v -0.0012871 0.0115857 -0.0008600
v -0.0012588 0.0118089 -0.0012588
v -0.0010946 0.0116105 -0.0010946
v -0.0009890 0.0118337 -0.0014802
v -0.0008600 0.0116353 -0.0012871
v -0.0006813 0.0118585 -0.0016447
v -0.0005924 0.0116601 -0.0014302
v -0.0003473 0.0118833 -0.0017460
v -0.0003020 0.0116849 -0.0015183
v -0.0000000 0.0119082 -0.0017802
v -0.0000000 0.0117097 -0.0015480
v 0.0003473 0.0119330 -0.0017460
v 0.0003020 0.0117345 -0.0015183
v 0.0006813 0.0119578 -0.0016447
v 0.0005924 0.0117593 -0.0014302
v 0.0009890 0.0119826 -0.0014802
v 0.0008600 0.0117841 -0.0012871
v 0.0012588 0.0120074 -0.0012588
v 0.0010946 0.0118090 -0.0010946
v 0.0014802 0.0120322 -0.0009890
v 0.0012871 0.0118338 -0.0008600
v 0.0016447 0.0120570 -0.0006813
v 0.0014302 0.0118586 -0.0005924
v 0.0017460 0.0120818 -0.0003473
v 0.0015183 0.0118834 -0.0003020
v 0.0017802 0.0121066 -0.0000000
v 0.0015480 0.0119082 -0.0000000
v 0.0017460 0.0121314 0.0003473
v 0.0015183 0.0119330 0.0003020
v 0.0016447 0.0121562 0.0006813
v 0.0014302 0.0119578 0.0005924
v 0.0014802 0.0121811 0.0009890
v 0.0012871 0.0119826 0.0008600
v 0.0012588 0.0122059 0.0012588
v 0.0010946 0.0120074 0.0010946
v 0.0009890 0.0122307 0.0014802
v 0.0008600 0.0120322 0.0012871
v 0.0006813 0.0122555 0.0016447
v 0.0005924 0.0120570 0.0014302
v 0.0003473 0.0122803 0.0017460
v 0.0003020 0.0120818 0.0015183
v 0.0000000 0.0123051 0.0017802
v 0.0000000 0.0121067 0.0015480
v -0.0003473 0.0123299 0.0017460
v -0.0003020 0.0121315 0.0015183
v -0.0006813 0.0123547 0.0016447
v -0.0005924 0.0121563 0.0014302
v -0.0009890 0.0123795 0.0014802
v -0.0008600 0.0121811 0.0012871
v -0.0012588 0.0124043 0.0012588
v -0.0010946 0.0122059 0.0010946
v -0.0014802 0.0124291 0.0009890
v -0.0012871 0.0122307 0.0008600
v -0.0016447 0.0124539 0.0006813
v -0.0014302 0.0122555 0.0005924
v -0.0017460 0.0124788 0.0003473
v -0.0015183 0.0122803 0.0003020
v -0.0017802 0.0125036 0.0000000
v -0.0015480 0.0123051 0.0000000
v -0.0017460 0.0125284 -0.0003473
v -0.0015183 0.0123299 -0.0003020
v -0.0016447 0.0125532 -0.0006813
v -0.0014302 0.0123547 -0.0005924
v -0.0014802 0.0125780 -0.0009890
v -0.0012871 0.0123796 -0.0008600
v -0.0012588 0.0126028 -0.0012588
v -0.0010946 0.0124044 -0.0010946
v -0.0009890 0.0126276 -0.0014802
v -0.0008600 0.0124292 -0.0012871
v -0.0006813 0.0126524 -0.0016447
v -0.0005924 0.0124540 -0.0014302
v -0.0003473 0.0126772 -0.0017460
v -0.0003020 0.0124788 -0.0015183
v 0.0000000 0.0127020 -0.0017802
v 0.0000000 0.0125036 -0.0015480
v 0.0003473 0.0127268 -0.0017460
v 0.0003020 0.0125284 -0.0015183
v 0.0006813 0.0127517 -0.0016447
v 0.0005924 0.0125532 -0.0014302
v 0.0009890 0.0127765 -0.0014802
v 0.0008600 0.0125780 -0.0012871
v 0.0012588 0.0128013 -0.0012588
v 0.0010946 0.0126028 -0.0010946
v 0.0014802 0.0128261 -0.0009890
v 0.0012871 0.0126276 -0.0008600
v 0.0016447 0.0128509 -0.0006813
v 0.0014302 0.0126524 -0.0005924
v 0.0017460 0.0128757 -0.0003473
v 0.0015183 0.0126773 -0.0003020
v 0.0017802 0.0129005 -0.0000000
v 0.0015480 0.0127021 -0.0000000
v 0.0017460 0.0129253 0.0003473
v 0.0015183 0.0127269 0.0003020
v 0.0016447 0.0129501 0.0006813
v 0.0014302 0.0127517 0.0005924
v 0.0014802 0.0129749 0.0009890
v 0.0012871 0.0127765 0.0008600
v 0.0012588 0.0129997 0.0012588
v 0.0010946 0.0128013 0.0010946
v 0.0009890 0.0130245 0.0014802
v 0.0008600 0.0128261 0.0012871
v 0.0006813 0.0130494 0.0016447
v 0.0005924 0.0128509 0.0014302
v 0.0003473 0.0130742 0.0017460
v 0.0003020 0.0128757 0.0015183
v 0.0000000 0.0130990 0.0017802
v 0.0000000 0.0129005 0.0015480
v -0.0003473 0.0131238 0.0017460
v -0.0003020 0.0129253 0.0015183
v -0.0006813 0.0131486 0.0016447
v -0.0005924 0.0129502 0.0014302
v -0.0009890 0.0131734 0.0014802
v -0.0008600 0.0129750 0.0012871
v -0.0012588 0.0131982 0.0012588
v -0.0010946 0.0129998 0.0010946
v -0.0014802 0.0132230 0.0009890
v -0.0012871 0.0130246 0.0008600
v -0.0016447 0.0132478 0.0006813
v -0.0014302 0.0130494 0.0005924
v -0.0017460 0.0132726 0.0003473
v -0.0015183 0.0130742 0.0003020
v -0.0017802 0.0132974 0.0000000
v -0.0015480 0.0130990 0.0000000
v -0.0017460 0.0133223 -0.0003473
v -0.0015183 0.0131238 -0.0003020
v -0.0016447 0.0133471 -0.0006813
v -0.0014302 0.0131486 -0.0005924
v -0.0014802 0.0133719 -0.0009890
v -0.0012871 0.0131734 -0.0008600
v -0.0012588 0.0133967 -0.0012588
v -0.0010946 0.0131982 -0.0010946
v -0.0009890 0.0134215 -0.0014802
v -0.0008600 0.0132231 -0.0012871
v -0.0006813 0.0134463 -0.0016447
v -0.0005924 0.0132479 -0.0014302
v -0.0003473 0.0134711 -0.0017460
v -0.0003020 0.0132727 -0.0015183
v -0.0000000 0.0134959 -0.0017802
v -0.0000000 0.0132975 -0.0015480
v 0.0003473 0.0135207 -0.0017460
v 0.0003020 0.0133223 -0.0015183
v 0.0006813 0.0135455 -0.0016447
v 0.0005924 0.0133471 -0.0014302
v 0.0009890 0.0135703 -0.0014802
v 0.0008600 0.0133719 -0.0012871
v 0.0012588 0.0135951 -0.0012588
v 0.0010946 0.0133967 -0.0010946
v 0.0014802 0.0136200 -0.0009890
v 0.0012871 0.0134215 -0.0008600
v 0.0016447 0.0136448 -0.0006813
v 0.0014302 0.0134463 -0.0005924
v 0.0017460 0.0136696 -0.0003473
v 0.0015183 0.0134711 -0.0003020
v 0.0017802 0.0136944 0.0000000
v 0.0015480 0.0134959 0.0000000
v 0.0017460 0.0137192 0.0003473
v 0.0015183 0.0135208 0.0003020
v 0.0016447 0.0137440 0.0006813
v 0.0014302 0.0135456 0.0005924
v 0.0014802 0.0137688 0.0009890
v 0.0012871 0.0135704 0.0008600
v 0.0012588 0.0137936 0.0012588
v 0.0010946 0.0135952 0.0010946
v 0.0009890 0.0138184 0.0014802
v 0.0008600 0.0136200 0.0012871
v 0.0006813 0.0138432 0.0016447
v 0.0005924 0.0136448 0.0014302
v 0.0003473 0.0138680 0.0017460
v 0.0003020 0.0136696 0.0015183
v 0.0000000 0.0138929 0.0017802
v 0.0000000 0.0136944 0.0015480
v -0.0003473 0.0139177 0.0017460
v -0.0003020 0.0137192 0.0015183
v -0.0006813 0.0139425 0.0016447
v -0.0005924 0.0137440 0.0014302
v -0.0009890 0.0139673 0.0014802
v -0.0008600 0.0137688 0.0012871
v -0.0012588 0.0139921 0.0012588
v -0.0010946 0.0137937 0.0010946
v -0.0014802 0.0140169 0.0009890
v -0.0012871 0.0138185 0.0008600
v -0.0016447 0.0140417 0.0006813
v -0.0014302 0.0138433 0.0005924
v -0.0017460 0.0140665 0.0003473
v -0.0015183 0.0138681 0.0003020
v -0.0017802 0.0140913 0.0000000
v -0.0015480 0.0138929 0.0000000
v -0.0017460 0.0141161 -0.0003473
v -0.0015183 0.0139177 -0.0003020
v -0.0016447 0.0141409 -0.0006813
v -0.0014302 0.0139425 -0.0005924
v -0.0014802 0.0141657 -0.0009890
v -0.0012871 0.0139673 -0.0008600
v -0.0012588 0.0141906 -0.0012588
v -0.0010946 0.0139921 -0.0010946
v -0.0009890 0.0142154 -0.0014802
v -0.0008600 0.0140169 -0.0012871
v -0.0006813 0.0142402 -0.0016447
v -0.0005924 0.0140417 -0.0014302
v -0.0003473 0.0142650 -0.0017460
v -0.0003020 0.0140665 -0.0015183
v 0.0000000 0.0142898 -0.0017802
v 0.0000000 0.0140914 -0.0015480
v 0.0003473 0.0143146 -0.0017460
v 0.0003020 0.0141162 -0.0015183
v 0.0006813 0.0143394 -0.0016447
v 0.0005924 0.0141410 -0.0014302
v 0.0009890 0.0143642 -0.0014802
v 0.0008600 0.0141658 -0.0012871
v 0.0012588 0.0143890 -0.0012588
v 0.0010946 0.0141906 -0.0010946
v 0.0014802 0.0144138 -0.0009890
v 0.0012871 0.0142154 -0.0008600
v 0.0016447 0.0144386 -0.0006813
v 0.0014302 0.0142402 -0.0005924
v 0.0017460 0.0144635 -0.0003473
v 0.0015183 0.0142650 -0.0003020
v 0.0017802 0.0144883 -0.0000000
v 0.0015480 0.0142898 -0.0000000
v 0.0017460 0.0145131 0.0003473
v 0.0015183 0.0143146 0.0003020
v 0.0016447 0.0145379 0.0006813
v 0.0014302 0.0143394 0.0005924
v 0.0014802 0.0145627 0.0009890
v 0.0012871 0.0143643 0.0008600
v 0.0012588 0.0145875 0.0012588
v 0.0010946 0.0143891 0.0010946
v 0.0009890 0.0146123 0.0014802
v 0.0008600 0.0144139 0.0012871
v 0.0006813 0.0146371 0.0016447
v 0.0005924 0.0144387 0.0014302
v 0.0003473 0.0146619 0.0017460
v 0.0003020 0.0144635 0.0015183
v 0.0000000 0.0146867 0.0017802
v 0.0000000 0.0144883 0.0015480
v -0.0003473 0.0147115 0.0017460
v -0.0003020 0.0145131 0.0015183
v -0.0006813 0.0147364 0.0016447
v -0.0005924 0.0145379 0.0014302
v -0.0009890 0.0147612 0.0014802
v -0.0008600 0.0145627 0.0012871
v -0.0012588 0.0147860 0.0012588
v -0.0010946 0.0145875 0.0010946
v -0.0014802 0.0148108 0.0009890
v -0.0012871 0.0146123 0.0008600
v -0.0016447 0.0148356 0.0006813
v -0.0014302 0.0146371 0.0005924
v -0.0017460 0.0148604 0.0003473
v -0.0015183 0.0146620 0.0003020
v -0.0017802 0.0148852 0.0000000
v -0.0015480 0.0146868 0.0000000
v -0.0017460 0.0149100 -0.0003473
v -0.0015183 0.0147116 -0.0003020
v -0.0016447 0.0149348 -0.0006813
v -0.0014302 0.0147364 -0.0005924
v -0.0014802 0.0149596 -0.0009890
v -0.0012871 0.0147612 -0.0008600
v -0.0012588 0.0149844 -0.0012588
v -0.0010946 0.0147860 -0.0010946
v -0.0009890 0.0150092 -0.0014802
v -0.0008600 0.0148108 -0.0012871
v -0.0006813 0.0150341 -0.0016447
v -0.0005924 0.0148356 -0.0014302
v -0.0003473 0.0150589 -0.0017460
v -0.0003020 0.0148604 -0.0015183
v -0.0000000 0.0150837 -0.0017802
v -0.0000000 0.0148852 -0.0015480
v 0.0003473 0.0151085 -0.0017460
v 0.0003020 0.0149100 -0.0015183
v 0.0006813 0.0151333 -0.0016447
v 0.0005924 0.0149349 -0.0014302
v 0.0009890 0.0151581 -0.0014802
v 0.0008600 0.0149597 -0.0012871
v 0.0012588 0.0151829 -0.0012588
v 0.0010946 0.0149845 -0.0010946
v 0.0014802 0.0152077 -0.0009890
v 0.0012871 0.0150093 -0.0008600
v 0.0016447 0.0152325 -0.0006813
v 0.0014302 0.0150341 -0.0005924
v 0.0017460 0.0152573 -0.0003473
v 0.0015183 0.0150589 -0.0003020
v 0.0017802 0.0152821 -0.0000000
v 0.0015480 0.0150837 -0.0000000
v 0.0017460 0.0153070 0.0003473
v 0.0015183 0.0151085 0.0003020
v 0.0016447 0.0153318 0.0006813
v 0.0014302 0.0151333 0.0005924
v 0.0014802 0.0153566 0.0009890
v 0.0012871 0.0151581 0.0008600
v 0.0012588 0.0153814 0.0012588
v 0.0010946 0.0151829 0.0010946
v 0.0009890 0.0154062 0.0014802
v 0.0008600 0.0152077 0.0012871
v 0.0006813 0.0154310 0.0016447
v 0.0005924 0.0152326 0.0014302
v 0.0003473 0.0154558 0.0017460
v 0.0003020 0.0152574 0.0015183
v 0.0000000 0.0154806 0.0017802
v 0.0000000 0.0152822 0.0015480
v -0.0003473 0.0155054 0.0017460
v -0.0003020 0.0153070 0.0015183
v -0.0006813 0.0155302 0.0016447
v -0.0005924 0.0153318 0.0014302
v -0.0009890 0.0155550 0.0014802
v -0.0008600 0.0153566 0.0012871
v -0.0012588 0.0155798 0.0012588
v -0.0010946 0.0153814 0.0010946
v -0.0014802 0.0156047 0.0009890
v -0.0012871 0.0154062 0.0008600
v -0.0016447 0.0156295 0.0006813
v -0.0014302 0.0154310 0.0005924
v -0.0017460 0.0156543 0.0003473
v -0.0015183 0.0154558 0.0003020
v -0.0017802 0.0156791 0.0000000
v -0.0015480 0.0154806 0.0000000
v -0.0017460 0.0157039 -0.0003473
v -0.0015183 0.0155055 -0.0003020
v -0.0016447 0.0157287 -0.0006813
v -0.0014302 0.0155303 -0.0005924
v -0.0014802 0.0157535 -0.0009890
v -0.0012871 0.0155551 -0.0008600
v -0.0012588 0.0157783 -0.0012588
v -0.0010946 0.0155799 -0.0010946
v -0.0009890 0.0158031 -0.0014802
v -0.0008600 0.0156047 -0.0012871
v -0.0006813 0.0158279 -0.0016447
v -0.0005924 0.0156295 -0.0014302
v -0.0003473 0.0158527 -0.0017460
v -0.0003020 0.0156543 -0.0015183
v 0.0000000 0.0158776 -0.0017802
v 0.0000000 0.0156791 -0.0015480
v 0.0003473 0.0159024 -0.0017460
v 0.0003020 0.0157039 -0.0015183
v 0.0006813 0.0159272 -0.0016447
v 0.0005924 0.0157287 -0.0014302
v 0.0009890 0.0159520 -0.0014802
v 0.0008600 0.0157535 -0.0012871
v 0.0012588 0.0159768 -0.0012588
v 0.0010946 0.0157783 -0.0010946
v 0.0014802 0.0160016 -0.0009890
v 0.0012871 0.0158032 -0.0008600
v 0.0016447 0.0160264 -0.0006813
v 0.0014302 0.0158280 -0.0005924
v 0.0017460 0.0160512 -0.0003473
v 0.0015183 0.0158528 -0.0003020
v 0.0017802 0.0160760 -0.0000000
v 0.0015480 0.0158776 -0.0000000
v 0.0017460 0.0161008 0.0003473
v 0.0015183 0.0159024 0.0003020
v 0.0016447 0.0161256 0.0006813
v 0.0014302 0.0159272 0.0005924
v 0.0014802 0.0161504 0.0009890
v 0.0012871 0.0159520 0.0008600
v 0.0012588 0.0161753 0.0012588
v 0.0010946 0.0159768 0.0010946
v 0.0009890 0.0162001 0.0014802
v 0.0008600 0.0160016 0.0012871
v 0.0006813 0.0162249 0.0016447
v 0.0005924 0.0160264 0.0014302
v 0.0003473 0.0162497 0.0017460
v 0.0003020 0.0160512 0.0015183
v 0.0000000 0.0162745 0.0017802
v 0.0000000 0.0160761 0.0015480
v -0.0003473 0.0162993 0.0017460
v -0.0003020 0.0161009 0.0015183
v -0.0006813 0.0163241 0.0016447
v -0.0005924 0.0161257 0.0014302
v -0.0009890 0.0163489 0.0014802
v -0.0008600 0.0161505 0.0012871
v -0.0012588 0.0163737 0.0012588
v -0.0010946 0.0161753 0.0010946
v -0.0014802 0.0163985 0.0009890
v -0.0012871 0.0162001 0.0008600
v -0.0016447 0.0164233 0.0006813
v -0.0014302 0.0162249 0.0005924
v -0.0017460 0.0164482 0.0003473
v -0.0015183 0.0162497 0.0003020
v -0.0017802 0.0164730 0.0000000
v -0.0015480 0.0162745 0.0000000
v -0.0017460 0.0164978 -0.0003473
v -0.0015183 0.0162993 -0.0003020
v -0.0016447 0.0165226 -0.0006813
v -0.0014302 0.0163241 -0.0005924
v -0.0014802 0.0165474 -0.0009890
v -0.0012871 0.0163490 -0.0008600
v -0.0012588 0.0165722 -0.0012588
v -0.0010946 0.0163738 -0.0010946
v -0.0009890 0.0165970 -0.0014802
v -0.0008600 0.0163986 -0.0012871
v -0.0006813 0.0166218 -0.0016447
v -0.0005924 0.0164234 -0.0014302
v -0.0003473 0.0166466 -0.0017460
v -0.0003020 0.0164482 -0.0015183
v 0.0000000 0.0166714 -0.0017802
v 0.0000000 0.0164730 -0.0015480
v 0.0003473 0.0166962 -0.0017460
v 0.0003020 0.0164978 -0.0015183
v 0.0006813 0.0167210 -0.0016447
v 0.0005924 0.0165226 -0.0014302
v 0.0009890 0.0167459 -0.0014802
v 0.0008600 0.0165474 -0.0012871
v 0.0012588 0.0167707 -0.0012588
v 0.0010946 0.0165722 -0.0010946
v 0.0014802 0.0167955 -0.0009890
v 0.0012871 0.0165970 -0.0008600
v 0.0016447 0.0168203 -0.0006813
v 0.0014302 0.0166218 -0.0005924
v 0.0017460 0.0168451 -0.0003473
v 0.0015183 0.0166467 -0.0003020
v 0.0017802 0.0168699 0.0000000
v 0.0015480 0.0166715 0.0000000
v 0.0017460 0.0168947 0.0003473
v 0.0015183 0.0166963 0.0003020
v 0.0016447 0.0169195 0.0006813
v 0.0014302 0.0167211 0.0005924
v 0.0014802 0.0169443 0.0009890
v 0.0012871 0.0167459 0.0008600
v 0.0012588 0.0169691 0.0012588
v 0.0010946 0.0167707 0.0010946
v 0.0009890 0.0169939 0.0014802
v 0.0008600 0.0167955 0.0012871
v 0.0006813 0.0170188 0.0016447
v 0.0005924 0.0168203 0.0014302
v 0.0003473 0.0170436 0.0017460
v 0.0003020 0.0168451 0.0015183
v 0.0000000 0.0170684 0.0017802
v 0.0000000 0.0168699 0.0015480
v -0.0003473 0.0170932 0.0017460
v -0.0003020 0.0168947 0.0015183
v -0.0006813 0.0171180 0.0016447
v -0.0005924 0.0169196 0.0014302
v -0.0009890 0.0171428 0.0014802
v -0.0008600 0.0169444 0.0012871
v -0.0012588 0.0171676 0.0012588
v -0.0010946 0.0169692 0.0010946
v -0.0014802 0.0171924 0.0009890
v -0.0012871 0.0169940 0.0008600
v -0.0016447 0.0172172 0.0006813
v -0.0014302 0.0170188 0.0005924
v -0.0017460 0.0172420 0.0003473
v -0.0015183 0.0170436 0.0003020
v -0.0017802 0.0172668 0.0000000
v -0.0015480 0.0170684 0.0000000
v -0.0017460 0.0172916 -0.0003473
v -0.0015183 0.0170932 -0.0003020
v -0.0016447 0.0173165 -0.0006813
v -0.0014302 0.0171180 -0.0005924
v -0.0014802 0.0173413 -0.0009890
v -0.0012871 0.0171428 -0.0008600
v -0.0012588 0.0173661 -0.0012588
v -0.0010946 0.0171676 -0.0010946
v -0.0009890 0.0173909 -0.0014802
v -0.0008600 0.0171924 -0.0012871
v -0.0006813 0.0174157 -0.0016447
v -0.0005924 0.0172173 -0.0014302
v -0.0003473 0.0174405 -0.0017460
v -0.0003020 0.0172421 -0.0015183
v -0.0000000 0.0174653 -0.0017802
v -0.0000000 0.0172669 -0.0015480
v 0.0003473 0.0174901 -0.0017460
v 0.0003020 0.0172917 -0.0015183
v 0.0006813 0.0175149 -0.0016447
v 0.0005924 0.0173165 -0.0014302
v 0.0009890 0.0175397 -0.0014802
v 0.0008600 0.0173413 -0.0012871
v 0.0012588 0.0175645 -0.0012588
v 0.0010946 0.0173661 -0.0010946
v 0.0014802 0.0175894 -0.0009890
v 0.0012871 0.0173909 -0.0008600
v 0.0016447 0.0176142 -0.0006813
v 0.0014302 0.0174157 -0.0005924
v 0.0017460 0.0176390 -0.0003473
v 0.0015183 0.0174405 -0.0003020
v 0.0017802 0.0176638 -0.0000000
v 0.0015480 0.0174653 -0.0000000
v 0.0017460 0.0176886 0.0003473
v 0.0015183 0.0174902 0.0003020
v 0.0016447 0.0177134 0.0006813
v 0.0014302 0.0175150 0.0005924
v 0.0014802 0.0177382 0.0009890
v 0.0012871 0.0175398 0.0008600
v 0.0012588 0.0177630 0.0012588
v 0.0010946 0.0175646 0.0010946
v 0.0009890 0.0177878 0.0014802
v 0.0008600 0.0175894 0.0012871
v 0.0006813 0.0178126 0.0016447
v 0.0005924 0.0176142 0.0014302
v 0.0003473 0.0178374 0.0017460
v 0.0003020 0.0176390 0.0015183
v -0.0000000 0.0178622 0.0017802
v -0.0000000 0.0176638 0.0015480
v -0.0003473 0.0178871 0.0017460
v -0.0003020 0.0176886 0.0015183
v -0.0006813 0.0179119 0.0016447
v -0.0005924 0.0177134 0.0014302
v -0.0009890 0.0179367 0.0014802
v -0.0008600 0.0177382 0.0012871
v -0.0012588 0.0179615 0.0012588
v -0.0010946 0.0177630 0.0010946
v -0.0014802 0.0179863 0.0009890
v -0.0012871 0.0177879 0.0008600
v -0.0016447 0.0180111 0.0006813
v -0.0014302 0.0178127 0.0005924
v -0.0017460 0.0180359 0.0003473
v -0.0015183 0.0178375 0.0003020
v -0.0017802 0.0180607 0.0000000
v -0.0015480 0.0178623 0.0000000
v -0.0017460 0.0180855 -0.0003473
v -0.0015183 0.0178871 -0.0003020
v -0.0016447 0.0181103 -0.0006813
v -0.0014302 0.0179119 -0.0005924
v -0.0014802 0.0181351 -0.0009890
v -0.0012871 0.0179367 -0.0008600
v -0.0012588 0.0181600 -0.0012588
v -0.0010946 0.0179615 -0.0010946
v -0.0009890 0.0181848 -0.0014802
v -0.0008600 0.0179863 -0.0012871
v -0.0006813 0.0182096 -0.0016447
v -0.0005924 0.0180111 -0.0014302
v -0.0003473 0.0182344 -0.0017460
v -0.0003020 0.0180359 -0.0015183
v -0.0000000 0.0182592 -0.0017802
v -0.0000000 0.0180608 -0.0015480
v 0.0003473 0.0182840 -0.0017460
v 0.0003020 0.0180856 -0.0015183
v 0.0006813 0.0183088 -0.0016447
v 0.0005924 0.0181104 -0.0014302
v 0.0009890 0.0183336 -0.0014802
v 0.0008600 0.0181352 -0.0012871
v 0.0012588 0.0183584 -0.0012588
v 0.0010946 0.0181600 -0.0010946
v 0.0014802 0.0183832 -0.0009890
v 0.0012871 0.0181848 -0.0008600
v 0.0016447 0.0184080 -0.0006813
v 0.0014302 0.0182096 -0.0005924
v 0.0017460 0.0184329 -0.0003473
v 0.0015183 0.0182344 -0.0003020
v 0.0017802 0.0184577 -0.0000000
v 0.0015480 0.0182592 -0.0000000
v 0.0017460 0.0184825 0.0003473
v 0.0015183 0.0182840 0.0003020
v 0.0016447 0.0185073 0.0006813
v 0.0014302 0.0183088 0.0005924
v 0.0014802 0.0185321 0.0009890
v 0.0012871 0.0183336 0.0008600
v 0.0012588 0.0185569 0.0012588
v 0.0010946 0.0183585 0.0010946
v 0.0009890 0.0185817 0.0014802
v 0.0008600 0.0183833 0.0012871
v 0.0006813 0.0186065 0.0016447
v 0.0005924 0.0184081 0.0014302
v 0.0003473 0.0186313 0.0017460
v 0.0003020 0.0184329 0.0015183
v 0.0000000 0.0186561 0.0017802
v 0.0000000 0.0184577 0.0015480
v -0.0003473 0.0186809 0.0017460
v -0.0003020 0.0184825 0.0015183
v -0.0006813 0.0187057 0.0016447
v -0.0005924 0.0185073 0.0014302
v -0.0009890 0.0187306 0.0014802
v -0.0008600 0.0185321 0.0012871
v -0.0012588 0.0187554 0.0012588
v -0.0010946 0.0185569 0.0010946
v -0.0014802 0.0187802 0.0009890
v -0.0012871 0.0185817 0.0008600
v -0.0016447 0.0188050 0.0006813
v -0.0014302 0.0186065 0.0005924
v -0.0017460 0.0188298 0.0003473
v -0.0015183 0.0186314 0.0003020
v -0.0017802 0.0188546 -0.0000000
v -0.0015480 0.0186562 -0.0000000
v -0.0017460 0.0188794 -0.0003473
v -0.0015183 0.0186810 -0.0003020
v -0.0016447 0.0189042 -0.0006813
v -0.0014302 0.0187058 -0.0005924
v -0.0014802 0.0189290 -0.0009890
v -0.0012871 0.0187306 -0.0008600
v -0.0012588 0.0189538 -0.0012588
v -0.0010946 0.0187554 -0.0010946
v -0.0009890 0.0189786 -0.0014802
v -0.0008600 0.0187802 -0.0012871
v -0.0006813 0.0190035 -0.0016447
v -0.0005924 0.0188050 -0.0014302
v -0.0003473 0.0190283 -0.0017460
v -0.0003020 0.0188298 -0.0015183
v -0.0000000 0.0190531 -0.0017802
v -0.0000000 0.0188546 -0.0015480
v 0.0003473 0.0190779 -0.0017460
v 0.0003020 0.0188794 -0.0015183
v 0.0006813 0.0191027 -0.0016447
v 0.0005924 0.0189042 -0.0014302
v 0.0009890 0.0191275 -0.0014802
v 0.0008600 0.0189291 -0.0012871
v 0.0012588 0.0191523 -0.0012588
v 0.0010946 0.0189539 -0.0010946
v 0.0014802 0.0191771 -0.0009890
v 0.0012871 0.0189787 -0.0008600
v 0.0016447 0.0192019 -0.0006813
v 0.0014302 0.0190035 -0.0005924
v 0.0017460 0.0192267 -0.0003473
v 0.0015183 0.0190283 -0.0003020
v 0.0017802 0.0192515 -0.0000000
v 0.0015480 0.0190531 -0.0000000
v 0.0017460 0.0192763 0.0003473
v 0.0015183 0.0190779 0.0003020
v 0.0016447 0.0193012 0.0006813
v 0.0014302 0.0191027 0.0005924
v 0.0014802 0.0193260 0.0009890
v 0.0012871 0.0191275 0.0008600
v 0.0012588 0.0193508 0.0012588
v 0.0010946 0.0191523 0.0010946
v 0.0009890 0.0193756 0.0014802
v 0.0008600 0.0191771 0.0012871
v 0.0006813 0.0194004 0.0016447
v 0.0005924 0.0192020 0.0014302
v 0.0003473 0.0194252 0.0017460
v 0.0003020 0.0192268 0.0015183
v 0.0000000 0.0194500 0.0017802
v 0.0000000 0.0192516 0.0015480
v -0.0003473 0.0194748 0.0017460
v -0.0003020 0.0192764 0.0015183
v -0.0006813 0.0194996 0.0016447
v -0.0005924 0.0193012 0.0014302
v -0.0009890 0.0195244 0.0014802
v -0.0008600 0.0193260 0.0012871
v -0.0012588 0.0195492 0.0012588
v -0.0010946 0.0193508 0.0010946
v -0.0014802 0.0195741 0.0009890
v -0.0012871 0.0193756 0.0008600
v -0.0016447 0.0195989 0.0006813
v -0.0014302 0.0194004 0.0005924
v -0.0017460 0.0196237 0.0003473
v -0.0015183 0.0194252 0.0003020
v -0.0017802 0.0196485 0.0000000
v -0.0015480 0.0194500 0.0000000
v -0.0017460 0.0196733 -0.0003473
v -0.0015183 0.0194748 -0.0003020
v -0.0016447 0.0196981 -0.0006813
v -0.0014302 0.0194997 -0.0005924
v -0.0014802 0.0197229 -0.0009890
v -0.0012871 0.0195245 -0.0008600
v -0.0012588 0.0197477 -0.0012588
v -0.0010946 0.0195493 -0.0010946
v -0.0009890 0.0197725 -0.0014802
v -0.0008600 0.0195741 -0.0012871
v -0.0006813 0.0197973 -0.0016447
v -0.0005924 0.0195989 -0.0014302
v -0.0003473 0.0198221 -0.0017460
v -0.0003020 0.0196237 -0.0015183
v 0.0000000 0.0198469 -0.0017802
v 0.0000000 0.0196485 -0.0015480
v 0.0003473 0.0198718 -0.0017460
v 0.0003020 0.0196733 -0.0015183
v 0.0006813 0.0198966 -0.0016447
v 0.0005924 0.0196981 -0.0014302
v 0.0009890 0.0199214 -0.0014802
v 0.0008600 0.0197229 -0.0012871
v 0.0012588 0.0199462 -0.0012588
v 0.0010946 0.0197477 -0.0010946
v 0.0014802 0.0199710 -0.0009890
v 0.0012871 0.0197726 -0.0008600
v 0.0016447 0.0199958 -0.0006813
v 0.0014302 0.0197974 -0.0005924
v 0.0017460 0.0200206 -0.0003473
v 0.0015183 0.0198222 -0.0003020
v 0.0017802 0.0200454 0.0000000
v 0.0015480 0.0198470 0.0000000
v 0.0017460 0.0200702 0.0003473
v 0.0015183 0.0198718 0.0003020
v 0.0016447 0.0200950 0.0006813
v 0.0014302 0.0198966 0.0005924
v 0.0014802 0.0201198 0.0009890
v 0.0012871 0.0199214 0.0008600
v 0.0012588 0.0201447 0.0012588
v 0.0010946 0.0199462 0.0010946
v 0.0009890 0.0201695 0.0014802
v 0.0008600 0.0199710 0.0012871
v 0.0006813 0.0201943 0.0016447
v 0.0005924 0.0199958 0.0014302
v 0.0003473 0.0202191 0.0017460
v 0.0003020 0.0200206 0.0015183
v 0.0000000 0.0202439 0.0017802
v 0.0000000 0.0200455 0.0015480
v -0.0003473 0.0202687 0.0017460
v -0.0003020 0.0200703 0.0015183
v -0.0006813 0.0202935 0.0016447
v -0.0005924 0.0200951 0.0014302
v -0.0009890 0.0203183 0.0014802
v -0.0008600 0.0201199 0.0012871
v -0.0012588 0.0203431 0.0012588
v -0.0010946 0.0201447 0.0010946
v -0.0014802 0.0203679 0.0009890
v -0.0012871 0.0201695 0.0008600
v -0.0016447 0.0203927 0.0006813
v -0.0014302 0.0201943 0.0005924
v -0.0017460 0.0204175 0.0003473
v -0.0015183 0.0202191 0.0003020
v -0.0017802 0.0204424 0.0000000
v -0.0015480 0.0202439 0.0000000
v -0.0017460 0.0204672 -0.0003473
v -0.0015183 0.0202687 -0.0003020
v -0.0016447 0.0204920 -0.0006813
v -0.0014302 0.0202935 -0.0005924
v -0.0014802 0.0205168 -0.0009890
v -0.0012871 0.0203183 -0.0008600
v -0.0012588 0.0205416 -0.0012588
v -0.0010946 0.0203432 -0.0010946
v -0.0009890 0.0205664 -0.0014802
v -0.0008600 0.0203680 -0.0012871
v -0.0006813 0.0205912 -0.0016447
v -0.0005924 0.0203928 -0.0014302
v -0.0003473 0.0206160 -0.0017460
v -0.0003020 0.0204176 -0.0015183
v -0.0000000 0.0206408 -0.0017802
v -0.0000000 0.0204424 -0.0015480
v 0.0003473 0.0206656 -0.0017460
v 0.0003020 0.0204672 -0.0015183
v 0.0006813 0.0206904 -0.0016447
v 0.0005924 0.0204920 -0.0014302
v 0.0009890 0.0207153 -0.0014802
v 0.0008600 0.0205168 -0.0012871
v 0.0012588 0.0207401 -0.0012588
v 0.0010946 0.0205416 -0.0010946
v 0.0014802 0.0207649 -0.0009890
v 0.0012871 0.0205664 -0.0008600
v 0.0016447 0.0207897 -0.0006813
v 0.0014302 0.0205912 -0.0005924
v 0.0017460 0.0208145 -0.0003473
v 0.0015183 0.0206161 -0.0003020
v 0.0017802 0.0208393 0.0000000
v 0.0015480 0.0206409 0.0000000
v 0.0017460 0.0208641 0.0003473
v 0.0015183 0.0206657 0.0003020
v 0.0016447 0.0208889 0.0006813
v 0.0014302 0.0206905 0.0005924
v 0.0014802 0.0209137 0.0009890
v 0.0012871 0.0207153 0.0008600
v 0.0012588 0.0209385 0.0012588
v 0.0010946 0.0207401 0.0010946
v 0.0009890 0.0209633 0.0014802
v 0.0008600 0.0207649 0.0012871
v 0.0006813 0.0209881 0.0016447
v 0.0005924 0.0207897 0.0014302
v 0.0003473 0.0210130 0.0017460
v 0.0003020 0.0208145 0.0015183
v -0.0000000 0.0210378 0.0017802
v -0.0000000 0.0208393 0.0015480
v -0.0003473 0.0210626 0.0017460
v -0.0003020 0.0208641 0.0015183
v -0.0006813 0.0210874 0.0016447
v -0.0005924 0.0208889 0.0014302
v -0.0009890 0.0211122 0.0014802
v -0.0008600 0.0209138 0.0012871
v -0.0012588 0.0211370 0.0012588
v -0.0010946 0.0209386 0.0010946
v -0.0014802 0.0211618 0.0009890
v -0.0012871 0.0209634 0.0008600
v -0.0016447 0.0211866 0.0006813
v -0.0014302 0.0209882 0.0005924
v -0.0017460 0.0212114 0.0003473
v -0.0015183 0.0210130 0.0003020
v -0.0017802 0.0212362 0.0000000
v -0.0015480 0.0210378 0.0000000
v -0.0017460 0.0212610 -0.0003473
v -0.0015183 0.0210626 -0.0003020
v -0.0016447 0.0212859 -0.0006813
v -0.0014302 0.0210874 -0.0005924
v -0.0014802 0.0213107 -0.0009890
v -0.0012871 0.0211122 -0.0008600
v -0.0012588 0.0213355 -0.0012588
v -0.0010946 0.0211370 -0.0010946
v -0.0009890 0.0213603 -0.0014802
v -0.0008600 0.0211618 -0.0012871
v -0.0006813 0.0213851 -0.0016447
v -0.0005924 0.0211867 -0.0014302
v -0.0003473 0.0214099 -0.0017460
v -0.0003020 0.0212115 -0.0015183
v -0.0000000 0.0214347 -0.0017802
v -0.0000000 0.0212363 -0.0015480
v 0.0003473 0.0214595 -0.0017460
v 0.0003020 0.0212611 -0.0015183
v 0.0006813 0.0214843 -0.0016447
v 0.0005924 0.0212859 -0.0014302
v 0.0009890 0.0215091 -0.0014802
v 0.0008600 0.0213107 -0.0012871
v 0.0012588 0.0215339 -0.0012588
v 0.0010946 0.0213355 -0.0010946
v 0.0014802 0.0215588 -0.0009890
v 0.0012871 0.0213603 -0.0008600
v 0.0016447 0.0215836 -0.0006813
v 0.0014302 0.0213851 -0.0005924
v 0.0017460 0.0216084 -0.0003473
v 0.0015183 0.0214099 -0.0003020
v 0.0017802 0.0216332 -0.0000000
v 0.0015480 0.0214347 -0.0000000
v 0.0017460 0.0216580 0.0003473
v 0.0015183 0.0214595 0.0003020
v 0.0016447 0.0216828 0.0006813
v 0.0014302 0.0214844 0.0005924
v 0.0014802 0.0217076 0.0009890
v 0.0012871 0.0215092 0.0008600
v 0.0012588 0.0217324 0.0012588
v 0.0010946 0.0215340 0.0010946
v 0.0009890 0.0217572 0.0014802
v 0.0008600 0.0215588 0.0012871
v 0.0006813 0.0217820 0.0016447
v 0.0005924 0.0215836 0.0014302
v 0.0003473 0.0218068 0.0017460
v 0.0003020 0.0216084 0.0015183
v 0.0000000 0.0218316 0.0017802
v 0.0000000 0.0216332 0.0015480
v -0.0003473 0.0218565 0.0017460
v -0.0003020 0.0216580 0.0015183
v -0.0006813 0.0218813 0.0016447
v -0.0005924 0.0216828 0.0014302
v -0.0009890 0.0219061 0.0014802
v -0.0008600 0.0217076 0.0012871
v -0.0012588 0.0219309 0.0012588
v -0.0010946 0.0217324 0.0010946
v -0.0014802 0.0219557 0.0009890
v -0.0012871 0.0217573 0.0008600
v -0.0016447 0.0219805 0.0006813
v -0.0014302 0.0217821 0.0005924
v -0.0017460 0.0220053 0.0003473
v -0.0015183 0.0218069 0.0003020
v -0.0017802 0.0220301 -0.0000000
v -0.0015480 0.0218317 -0.0000000
v -0.0017460 0.0220549 -0.0003473
v -0.0015183 0.0218565 -0.0003020
v -0.0016447 0.0220797 -0.0006813
v -0.0014302 0.0218813 -0.0005924
v -0.0014802 0.0221045 -0.0009890
v -0.0012871 0.0219061 -0.0008600
v -0.0012588 0.0221294 -0.0012588
v -0.0010946 0.0219309 -0.0010946
v -0.0009890 0.0221542 -0.0014802
v -0.0008600 0.0219557 -0.0012871
v -0.0006813 0.0221790 -0.0016447
v -0.0005924 0.0219805 -0.0014302
v -0.0003473 0.0222038 -0.0017460
v -0.0003020 0.0220053 -0.0015183
v -0.0000000 0.0222286 -0.0017802
v -0.0000000 0.0220301 -0.0015480
v 0.0003473 0.0222534 -0.0017460
v 0.0003020 0.0220550 -0.0015183
v 0.0006813 0.0222782 -0.0016447
v 0.0005924 0.0220798 -0.0014302
v 0.0009890 0.0223030 -0.0014802
v 0.0008600 0.0221046 -0.0012871
v 0.0012588 0.0223278 -0.0012588
v 0.0010946 0.0221294 -0.0010946
v 0.0014802 0.0223526 -0.0009890
v 0.0012871 0.0221542 -0.0008600
v 0.0016447 0.0223774 -0.0006813
v 0.0014302 0.0221790 -0.0005924
v 0.0017460 0.0224022 -0.0003473
v 0.0015183 0.0222038 -0.0003020
v 0.0017802 0.0224271 -0.0000000
v 0.0015480 0.0222286 -0.0000000
v 0.0017460 0.0224519 0.0003473
v 0.0015183 0.0222534 0.0003020
v 0.0016447 0.0224767 0.0006813
v 0.0014302 0.0222782 0.0005924
v 0.0014802 0.0225015 0.0009890
v 0.0012871 0.0223030 0.0008600
v 0.0012588 0.0225263 0.0012588
v 0.0010946 0.0223279 0.0010946
v 0.0009890 0.0225511 0.0014802
v 0.0008600 0.0223527 0.0012871
v 0.0006813 0.0225759 0.0016447
v 0.0005924 0.0223775 0.0014302
v 0.0003473 0.0226007 0.0017460
v 0.0003020 0.0224023 0.0015183
v 0.0000000 0.0226255 0.0017802
v 0.0000000 0.0224271 0.0015480
v -0.0003473 0.0226503 0.0017460
v -0.0003020 0.0224519 0.0015183
v -0.0006813 0.0226751 0.0016447
v -0.0005924 0.0224767 0.0014302
v -0.0009890 0.0227000 0.0014802
v -0.0008600 0.0225015 0.0012871
v -0.0012588 0.0227248 0.0012588
v -0.0010946 0.0225263 0.0010946
v -0.0014802 0.0227496 0.0009890
v -0.0012871 0.0225511 0.0008600
v -0.0016447 0.0227744 0.0006813
v -0.0014302 0.0225759 0.0005924
v -0.0017460 0.0227992 0.0003473
v -0.0015183 0.0226007 0.0003020
v -0.0017802 0.0228240 0.0000000
v -0.0015480 0.0226256 0.0000000
v -0.0017460 0.0228488 -0.0003473
v -0.0015183 0.0226504 -0.0003020
v -0.0016447 0.0228736 -0.0006813
v -0.0014302 0.0226752 -0.0005924
v -0.0014802 0.0228984 -0.0009890
v -0.0012871 0.0227000 -0.0008600
v -0.0012588 0.0229232 -0.0012588
v -0.0010946 0.0227248 -0.0010946
v -0.0009890 0.0229480 -0.0014802
v -0.0008600 0.0227496 -0.0012871
v -0.0006813 0.0229728 -0.0016447
v -0.0005924 0.0227744 -0.0014302
v -0.0003473 0.0229977 -0.0017460
v -0.0003020 0.0227992 -0.0015183
v 0.0000000 0.0230225 -0.0017802
v 0.0000000 0.0228240 -0.0015480
v 0.0003473 0.0230473 -0.0017460
v 0.0003020 0.0228488 -0.0015183
v 0.0006813 0.0230721 -0.0016447
v 0.0005924 0.0228736 -0.0014302
v 0.0009890 0.0230969 -0.0014802
v 0.0008600 0.0228985 -0.0012871
v 0.0012588 0.0231217 -0.0012588
v 0.0010946 0.0229233 -0.0010946
v 0.0014802 0.0231465 -0.0009890
v 0.0012871 0.0229481 -0.0008600
v 0.0016447 0.0231713 -0.0006813
v 0.0014302 0.0229729 -0.0005924
v 0.0017460 0.0231961 -0.0003473
v 0.0015183 0.0229977 -0.0003020
v 0.0017802 0.0232209 0.0000000
v 0.0015480 0.0230225 0.0000000
v 0.0017460 0.0232457 0.0003473
v 0.0015183 0.0230473 0.0003020
v 0.0016447 0.0232706 0.0006813
v 0.0014302 0.0230721 0.0005924
v 0.0014802 0.0232954 0.0009890
v 0.0012871 0.0230969 0.0008600
v 0.0012588 0.0233202 0.0012588
v 0.0010946 0.0231217 0.0010946
v 0.0009890 0.0233450 0.0014802
v 0.0008600 0.0231465 0.0012871
v 0.0006813 0.0233698 0.0016447
v 0.0005924 0.0231713 0.0014302
v 0.0003473 0.0233946 0.0017460
v 0.0003020 0.0231962 0.0015183
v 0.0000000 0.0234194 0.0017802
v 0.0000000 0.0232210 0.0015480
v -0.0003473 0.0234442 0.0017460
v -0.0003020 0.0232458 0.0015183
v -0.0006813 0.0234690 0.0016447
v -0.0005924 0.0232706 0.0014302
v -0.0009890 0.0234938 0.0014802
v -0.0008600 0.0232954 0.0012871
v -0.0012588 0.0235186 0.0012588
v -0.0010946 0.0233202 0.0010946
v -0.0014802 0.0235434 0.0009890
v -0.0012871 0.0233450 0.0008600
v -0.0016447 0.0235683 0.0006813
v -0.0014302 0.0233698 0.0005924
v -0.0017460 0.0235931 0.0003473
v -0.0015183 0.0233946 0.0003020
v -0.0017802 0.0236179 0.0000000
v -0.0015480 0.0234194 0.0000000
v -0.0017460 0.0236427 -0.0003473
v -0.0015183 0.0234442 -0.0003020
v -0.0016447 0.0236675 -0.0006813
v -0.0014302 0.0234691 -0.0005924
v -0.0014802 0.0236923 -0.0009890
v -0.0012871 0.0234939 -0.0008600
v -0.0012588 0.0237171 -0.0012588
v -0.0010946 0.0235187 -0.0010946
v -0.0009890 0.0237419 -0.0014802
v -0.0008600 0.0235435 -0.0012871
v -0.0006813 0.0237667 -0.0016447
v -0.0005924 0.0235683 -0.0014302
v -0.0003473 0.0237915 -0.0017460
v -0.0003020 0.0235931 -0.0015183
v -0.0000000 0.0238163 -0.0017802
v -0.0000000 0.0236179 -0.0015480
v 0.0003473 0.0238412 -0.0017460
v 0.0003020 0.0236427 -0.0015183
v 0.0006813 0.0238660 -0.0016447
v 0.0005924 0.0236675 -0.0014302
v 0.0009890 0.0238908 -0.0014802
v 0.0008600 0.0236923 -0.0012871
v 0.0012588 0.0239156 -0.0012588
v 0.0010946 0.0237171 -0.0010946
v 0.0014802 0.0239404 -0.0009890
v 0.0012871 0.0237420 -0.0008600
v 0.0016447 0.0239652 -0.0006813
v 0.0014302 0.0237668 -0.0005924
v 0.0017460 0.0239900 -0.0003473
v 0.0015183 0.0237916 -0.0003020
v 0.0017802 0.0240148 -0.0000000
v 0.0015480 0.0238164 -0.0000000
v 0.0017460 0.0240396 0.0003473
v 0.0015183 0.0238412 0.0003020
v 0.0016447 0.0240644 0.0006813
v 0.0014302 0.0238660 0.0005924
v 0.0014802 0.0240892 0.0009890
v 0.0012871 0.0238908 0.0008600
v 0.0012588 0.0241140 0.0012588
v 0.0010946 0.0239156 0.0010946
v 0.0009890 0.0241389 0.0014802
v 0.0008600 0.0239404 0.0012871
v 0.0006813 0.0241637 0.0016447
v 0.0005924 0.0239652 0.0014302
v 0.0003473 0.0241885 0.0017460
v 0.0003020 0.0239900 0.0015183
v -0.0000000 0.0242133 0.0017802
v -0.0000000 0.0240148 0.0015480
v -0.0003473 0.0242381 0.0017460
v -0.0003020 0.0240397 0.0015183
v -0.0006813 0.0242629 0.0016447
v -0.0005924 0.0240645 0.0014302
v -0.0009890 0.0242877 0.0014802
v -0.0008600 0.0240893 0.0012871
v -0.0012588 0.0243125 0.0012588
v -0.0010946 0.0241141 0.0010946
v -0.0014802 0.0243373 0.0009890
v -0.0012871 0.0241389 0.0008600
v -0.0016447 0.0243621 0.0006813
v -0.0014302 0.0241637 0.0005924
v -0.0017460 0.0243869 0.0003473
v -0.0015183 0.0241885 0.0003020
v -0.0017802 0.0244118 0.0000000
v -0.0015480 0.0242133 0.0000000
v -0.0017460 0.0244366 -0.0003473
v -0.0015183 0.0242381 -0.0003020
v -0.0016447 0.0244614 -0.0006813
v -0.0014302 0.0242629 -0.0005924
v -0.0014802 0.0244862 -0.0009890
v -0.0012871 0.0242877 -0.0008600
v -0.0012588 0.0245110 -0.0012588
v -0.0010946 0.0243126 -0.0010946
v -0.0009890 0.0245358 -0.0014802
v -0.0008600 0.0243374 -0.0012871
v -0.0006813 0.0245606 -0.0016447
v -0.0005924 0.0243622 -0.0014302
v -0.0003473 0.0245854 -0.0017460
v -0.0003020 0.0243870 -0.0015183
v -0.0000000 0.0246102 -0.0017802
v -0.0000000 0.0244118 -0.0015480
v 0.0003473 0.0246350 -0.0017460
v 0.0003020 0.0244366 -0.0015183
v 0.0006813 0.0246598 -0.0016447
v 0.0005924 0.0244614 -0.0014302
v 0.0009890 0.0246846 -0.0014802
v 0.0008600 0.0244862 -0.0012871
v 0.0012588 0.0247095 -0.0012588
v 0.0010946 0.0245110 -0.0010946
v 0.0014802 0.0247343 -0.0009890
v 0.0012871 0.0245358 -0.0008600
v 0.0016447 0.0247591 -0.0006813
v 0.0014302 0.0245606 -0.0005924
v 0.0017460 0.0247839 -0.0003473
v 0.0015183 0.0245854 -0.0003020
v 0.0017802 0.0248087 -0.0000000
v 0.0015480 0.0246103 -0.0000000
v 0.0017460 0.0248335 0.0003473
v 0.0015183 0.0246351 0.0003020
v 0.0016447 0.0248583 0.0006813
v 0.0014302 0.0246599 0.0005924
v 0.0014802 0.0248831 0.0009890
v 0.0012871 0.0246847 0.0008600
v 0.0012588 0.0249079 0.0012588
v 0.0010946 0.0247095 0.0010946
v 0.0009890 0.0249327 0.0014802
v 0.0008600 0.0247343 0.0012871
v 0.0006813 0.0249575 0.0016447
v 0.0005924 0.0247591 0.0014302
v 0.0003473 0.0249824 0.0017460
v 0.0003020 0.0247839 0.0015183
v 0.0000000 0.0250072 0.0017802
v 0.0000000 0.0248087 0.0015480
v -0.0003473 0.0250320 0.0017460
v -0.0003020 0.0248335 0.0015183
v -0.0006813 0.0250568 0.0016447
v -0.0005924 0.0248583 0.0014302
v -0.0009890 0.0250816 0.0014802
v -0.0008600 0.0248832 0.0012871
v -0.0012588 0.0251064 0.0012588
v -0.0010946 0.0249080 0.0010946
v -0.0014802 0.0251312 0.0009890
v -0.0012871 0.0249328 0.0008600
v -0.0016447 0.0251560 0.0006813
v -0.0014302 0.0249576 0.0005924
v -0.0017460 0.0251808 0.0003473
v -0.0015183 0.0249824 0.0003020
v -0.0017802 0.0252056 -0.0000000
v -0.0015480 0.0250072 -0.0000000
v -0.0017460 0.0252304 -0.0003473
v -0.0015183 0.0250320 -0.0003020
v -0.0016447 0.0252553 -0.0006813
v -0.0014302 0.0250568 -0.0005924
v -0.0014802 0.0252801 -0.0009890
v -0.0012871 0.0250816 -0.0008600
v -0.0012588 0.0253049 -0.0012588
v -0.0010946 0.0251064 -0.0010946
v -0.0009890 0.0253297 -0.0014802
v -0.0008600 0.0251312 -0.0012871
v -0.0006813 0.0253545 -0.0016447
v -0.0005924 0.0251560 -0.0014302
v -0.0003473 0.0253793 -0.0017460
v -0.0003020 0.0251809 -0.0015183
v -0.0000000 0.0254041 -0.0017802
v -0.0000000 0.0252057 -0.0015480
v 0.0003473 0.0254289 -0.0017460
v 0.0003020 0.0252305 -0.0015183
v 0.0006813 0.0254537 -0.0016447
v 0.0005924 0.0252553 -0.0014302
v 0.0009890 0.0254785 -0.0014802
v 0.0008600 0.0252801 -0.0012871
v 0.0012588 0.0255033 -0.0012588
v 0.0010946 0.0253049 -0.0010946
v 0.0014802 0.0255281 -0.0009890
v 0.0012871 0.0253297 -0.0008600
v 0.0016447 0.0255530 -0.0006813
v 0.0014302 0.0253545 -0.0005924
v 0.0017460 0.0255778 -0.0003473
v 0.0015183 0.0253793 -0.0003020
v 0.0017802 0.0256026 -0.0000000
v 0.0015480 0.0254041 -0.0000000
v 0.0017460 0.0256274 0.0003473
v 0.0015183 0.0254289 0.0003020
v 0.0016447 0.0256522 0.0006813
v 0.0014302 0.0254538 0.0005924
v 0.0014802 0.0256770 0.0009890
v 0.0012871 0.0254786 0.0008600
v 0.0012588 0.0257018 0.0012588
v 0.0010946 0.0255034 0.0010946
v 0.0009890 0.0257266 0.0014802
v 0.0008600 0.0255282 0.0012871
v 0.0006813 0.0257514 0.0016447
v 0.0005924 0.0255530 0.0014302
v 0.0003473 0.0257762 0.0017460
v 0.0003020 0.0255778 0.0015183
v 0.0000000 0.0258010 0.0017802
v 0.0000000 0.0256026 0.0015480
v -0.0003473 0.0258259 0.0017460
v -0.0003020 0.0256274 0.0015183
v -0.0006813 0.0258507 0.0016447
v -0.0005924 0.0256522 0.0014302
v -0.0009890 0.0258755 0.0014802
v -0.0008600 0.0256770 0.0012871
v -0.0012588 0.0259003 0.0012588
v -0.0010946 0.0257018 0.0010946
v -0.0014802 0.0259251 0.0009890
v -0.0012871 0.0257266 0.0008600
v -0.0016447 0.0259499 0.0006813
v -0.0014302 0.0257515 0.0005924
v -0.0017460 0.0259747 0.0003473
v -0.0015183 0.0257763 0.0003020
v -0.0017802 0.0259995 0.0000000
v -0.0015480 0.0258011 0.0000000
v -0.0017460 0.0260243 -0.0003473
v -0.0015183 0.0258259 -0.0003020
v -0.0016447 0.0260491 -0.0006813
v -0.0014302 0.0258507 -0.0005924
v -0.0014802 0.0260739 -0.0009890
v -0.0012871 0.0258755 -0.0008600
v -0.0012588 0.0260987 -0.0012588
v -0.0010946 0.0259003 -0.0010946
v -0.0009890 0.0261236 -0.0014802
v -0.0008600 0.0259251 -0.0012871
v -0.0006813 0.0261484 -0.0016447
v -0.0005924 0.0259499 -0.0014302
v -0.0003473 0.0261732 -0.0017460
v -0.0003020 0.0259747 -0.0015183
v 0.0000000 0.0261980 -0.0017802
v 0.0000000 0.0259995 -0.0015480
v 0.0003473 0.0262228 -0.0017460
v 0.0003020 0.0260244 -0.0015183
v 0.0006813 0.0262476 -0.0016447
v 0.0005924 0.0260492 -0.0014302
v 0.0009890 0.0262724 -0.0014802
v 0.0008600 0.0260740 -0.0012871
v 0.0012588 0.0262972 -0.0012588
v 0.0010946 0.0260988 -0.0010946
v 0.0014802 0.0263220 -0.0009890
v 0.0012871 0.0261236 -0.0008600
v 0.0016447 0.0263468 -0.0006813
v 0.0014302 0.0261484 -0.0005924
v 0.0017460 0.0263716 -0.0003473
v 0.0015183 0.0261732 -0.0003020
v 0.0017802 0.0263965 -0.0000000
v 0.0015480 0.0261980 -0.0000000
v 0.0017460 0.0264213 0.0003473
v 0.0015183 0.0262228 0.0003020
v 0.0016447 0.0264461 0.0006813
v 0.0014302 0.0262476 0.0005924
v 0.0014802 0.0264709 0.0009890
v 0.0012871 0.0262724 0.0008600
v 0.0012588 0.0264957 0.0012588
v 0.0010946 0.0262972 0.0010946
v 0.0009890 0.0265205 0.0014802
v 0.0008600 0.0263221 0.0012871
v 0.0006813 0.0265453 0.0016447
v 0.0005924 0.0263469 0.0014302
v 0.0003473 0.0265701 0.0017460
v 0.0003020 0.0263717 0.0015183
v 0.0000000 0.0265949 0.0017802
v 0.0000000 0.0263965 0.0015480
v -0.0003473 0.0266197 0.0017460
v -0.0003020 0.0264213 0.0015183
v -0.0006813 0.0266445 0.0016447
v -0.0005924 0.0264461 0.0014302
v -0.0009890 0.0266693 0.0014802
v -0.0008600 0.0264709 0.0012871
v -0.0012588 0.0266942 0.0012588
v -0.0010946 0.0264957 0.0010946
v -0.0014802 0.0267190 0.0009890
v -0.0012871 0.0265205 0.0008600
v -0.0016447 0.0267438 0.0006813
v -0.0014302 0.0265453 0.0005924
v -0.0017460 0.0267686 0.0003473
v -0.0015183 0.0265701 0.0003020
v -0.0017802 0.0267934 0.0000000
v -0.0015480 0.0265950 0.0000000
v -0.0017460 0.0268182 -0.0003473
v -0.0015183 0.0266198 -0.0003020
v -0.0016447 0.0268430 -0.0006813
v -0.0014302 0.0266446 -0.0005924
v -0.0014802 0.0268678 -0.0009890
v -0.0012871 0.0266694 -0.0008600
v -0.0012588 0.0268926 -0.0012588
v -0.0010946 0.0266942 -0.0010946
v -0.0009890 0.0269174 -0.0014802
v -0.0008600 0.0267190 -0.0012871
v -0.0006813 0.0269422 -0.0016447
v -0.0005924 0.0267438 -0.0014302
v -0.0003473 0.0269671 -0.0017460
v -0.0003020 0.0267686 -0.0015183
v -0.0000000 0.0269919 -0.0017802
v -0.0000000 0.0267934 -0.0015480
v 0.0003473 0.0270167 -0.0017460
v 0.0003020 0.0268182 -0.0015183
v 0.0006813 0.0270415 -0.0016447
v 0.0005924 0.0268430 -0.0014302
v 0.0009890 0.0270663 -0.0014802
v 0.0008600 0.0268678 -0.0012871
v 0.0012588 0.0270911 -0.0012588
v 0.0010946 0.0268927 -0.0010946
v 0.0014802 0.0271159 -0.0009890
v 0.0012871 0.0269175 -0.0008600
v 0.0016447 0.0271407 -0.0006813
v 0.0014302 0.0269423 -0.0005924
v 0.0017460 0.0271655 -0.0003473
v 0.0015183 0.0269671 -0.0003020
v 0.0017802 0.0271903 0.0000000
v 0.0015480 0.0269919 0.0000000
v 0.0017460 0.0272151 0.0003473
v 0.0015183 0.0270167 0.0003020
v 0.0016447 0.0272399 0.0006813
v 0.0014302 0.0270415 0.0005924
v 0.0014802 0.0272648 0.0009890
v 0.0012871 0.0270663 0.0008600
v 0.0012588 0.0272896 0.0012588
v 0.0010946 0.0270911 0.0010946
v 0.0009890 0.0273144 0.0014802
v 0.0008600 0.0271159 0.0012871
v 0.0006813 0.0273392 0.0016447
v 0.0005924 0.0271407 0.0014302
v 0.0003473 0.0273640 0.0017460
v 0.0003020 0.0271656 0.0015183
v -0.0000000 0.0273888 0.0017802
v -0.0000000 0.0271904 0.0015480
v -0.0003473 0.0274136 0.0017460
v -0.0003020 0.0272152 0.0015183
v -0.0006813 0.0274384 0.0016447
v -0.0005924 0.0272400 0.0014302
v -0.0009890 0.0274632 0.0014802
v -0.0008600 0.0272648 0.0012871
v -0.0012588 0.0274880 0.0012588
v -0.0010946 0.0272896 0.0010946
v -0.0014802 0.0275128 0.0009890
v -0.0012871 0.0273144 0.0008600
v -0.0016447 0.0275377 0.0006813
v -0.0014302 0.0273392 0.0005924
v -0.0017460 0.0275625 0.0003473
v -0.0015183 0.0273640 0.0003020
v -0.0017802 0.0275873 0.0000000
v -0.0015480 0.0273888 0.0000000
v -0.0017460 0.0276121 -0.0003473
v -0.0015183 0.0274136 -0.0003020
v -0.0016447 0.0276369 -0.0006813
v -0.0014302 0.0274385 -0.0005924
v -0.0014802 0.0276617 -0.0009890
v -0.0012871 0.0274633 -0.0008600
v -0.0012588 0.0276865 -0.0012588
v -0.0010946 0.0274881 -0.0010946
v -0.0009890 0.0277113 -0.0014802
v -0.0008600 0.0275129 -0.0012871
v -0.0006813 0.0277361 -0.0016447
v -0.0005924 0.0275377 -0.0014302
v -0.0003473 0.0277609 -0.0017460
v -0.0003020 0.0275625 -0.0015183
v -0.0000000 0.0277857 -0.0017802
v -0.0000000 0.0275873 -0.0015480
v 0.0003473 0.0278105 -0.0017460
v 0.0003020 0.0276121 -0.0015183
v 0.0006813 0.0278354 -0.0016447
v 0.0005924 0.0276369 -0.0014302
v 0.0009890 0.0278602 -0.0014802
v 0.0008600 0.0276617 -0.0012871
v 0.0012588 0.0278850 -0.0012588
v 0.0010946 0.0276865 -0.0010946
v 0.0014802 0.0279098 -0.0009890
v 0.0012871 0.0277113 -0.0008600
v 0.0016447 0.0279346 -0.0006813
v 0.0014302 0.0277362 -0.0005924
v 0.0017460 0.0279594 -0.0003473
v 0.0015183 0.0277610 -0.0003020
v 0.0017802 0.0279842 -0.0000000
v 0.0015480 0.0277858 -0.0000000
v 0.0017460 0.0280090 0.0003473
v 0.0015183 0.0278106 0.0003020
v 0.0016447 0.0280338 0.0006813
v 0.0014302 0.0278354 0.0005924
v 0.0014802 0.0280586 0.0009890
v 0.0012871 0.0278602 0.0008600
v 0.0012588 0.0280834 0.0012588
v 0.0010946 0.0278850 0.0010946
v 0.0009890 0.0281083 0.0014802
v 0.0008600 0.0279098 0.0012871
v 0.0006813 0.0281331 0.0016447
v 0.0005924 0.0279346 0.0014302
v 0.0003473 0.0281579 0.0017460
v 0.0003020 0.0279594 0.0015183
v 0.0000000 0.0281827 0.0017802
v 0.0000000 0.0279842 0.0015480
v -0.0003473 0.0282075 0.0017460
v -0.0003020 0.0280091 0.0015183
v -0.0006813 0.0282323 0.0016447
v -0.0005924 0.0280339 0.0014302
v -0.0009890 0.0282571 0.0014802
v -0.0008600 0.0280587 0.0012871
v -0.0012588 0.0282819 0.0012588
v -0.0010946 0.0280835 0.0010946
v -0.0014802 0.0283067 0.0009890
v -0.0012871 0.0281083 0.0008600
v -0.0016447 0.0283315 0.0006813
v -0.0014302 0.0281331 0.0005924
v -0.0017460 0.0283563 0.0003473
v -0.0015183 0.0281579 0.0003020
v -0.0017802 0.0283811 -0.0000000
v -0.0015480 0.0281827 -0.0000000
v -0.0017460 0.0284060 -0.0003473
v -0.0015183 0.0282075 -0.0003020
v -0.0016447 0.0284308 -0.0006813
v -0.0014302 0.0282323 -0.0005924
v -0.0014802 0.0284556 -0.0009890
v -0.0012871 0.0282571 -0.0008600
v -0.0012588 0.0284804 -0.0012588
v -0.0010946 0.0282819 -0.0010946
v -0.0009890 0.0285052 -0.0014802
v -0.0008600 0.0283068 -0.0012871
v -0.0006813 0.0285300 -0.0016447
v -0.0005924 0.0283316 -0.0014302
v -0.0003473 0.0285548 -0.0017460
v -0.0003020 0.0283564 -0.0015183
v -0.0000000 0.0285796 -0.0017802
v -0.0000000 0.0283812 -0.0015480
v 0.0003473 0.0286044 -0.0017460
v 0.0003020 0.0284060 -0.0015183
v 0.0006813 0.0286292 -0.0016447
v 0.0005924 0.0284308 -0.0014302
v 0.0009890 0.0286540 -0.0014802
v 0.0008600 0.0284556 -0.0012871
v 0.0012588 0.0286789 -0.0012588
v 0.0010946 0.0284804 -0.0010946
v 0.0014802 0.0287037 -0.0009890
v 0.0012871 0.0285052 -0.0008600
v 0.0016447 0.0287285 -0.0006813
v 0.0014302 0.0285300 -0.0005924
v 0.0017460 0.0287533 -0.0003473
v 0.0015183 0.0285548 -0.0003020
v 0.0017802 0.0287781 -0.0000000
v 0.0015480 0.0285797 -0.0000000
v 0.0017460 0.0288029 0.0003473
v 0.0015183 0.0286045 0.0003020
v 0.0016447 0.0288277 0.0006813
v 0.0014302 0.0286293 0.0005924
v 0.0014802 0.0288525 0.0009890
v 0.0012871 0.0286541 0.0008600
v 0.0012588 0.0288773 0.0012588
v 0.0010946 0.0286789 0.0010946
v 0.0009890 0.0289021 0.0014802
v 0.0008600 0.0287037 0.0012871
v 0.0006813 0.0289269 0.0016447
v 0.0005924 0.0287285 0.0014302
v 0.0003473 0.0289518 0.0017460
v 0.0003020 0.0287533 0.0015183
v 0.0000000 0.0289766 0.0017802
v 0.0000000 0.0287781 0.0015480
v -0.0003473 0.0290014 0.0017460
v -0.0003020 0.0288029 0.0015183
v -0.0006813 0.0290262 0.0016447
v -0.0005924 0.0288277 0.0014302
v -0.0009890 0.0290510 0.0014802
v -0.0008600 0.0288525 0.0012871
v -0.0012588 0.0290758 0.0012588
v -0.0010946 0.0288774 0.0010946
v -0.0014802 0.0291006 0.0009890
v -0.0012871 0.0289022 0.0008600
v -0.0016447 0.0291254 0.0006813
v -0.0014302 0.0289270 0.0005924
v -0.0017460 0.0291502 0.0003473
v -0.0015183 0.0289518 0.0003020
v -0.0017802 0.0291750 0.0000000
v -0.0015480 0.0289766 0.0000000
v -0.0017460 0.0291998 -0.0003473
v -0.0015183 0.0290014 -0.0003020
v -0.0016447 0.0292246 -0.0006813
v -0.0014302 0.0290262 -0.0005924
v -0.0014802 0.0292495 -0.0009890
v -0.0012871 0.0290510 -0.0008600
v -0.0012588 0.0292743 -0.0012588
v -0.0010946 0.0290758 -0.0010946
v -0.0009890 0.0292991 -0.0014802
v -0.0008600 0.0291006 -0.0012871
v -0.0006813 0.0293239 -0.0016447
v -0.0005924 0.0291254 -0.0014302
v -0.0003473 0.0293487 -0.0017460
v -0.0003020 0.0291503 -0.0015183
v 0.0000000 0.0293735 -0.0017802
v 0.0000000 0.0291751 -0.0015480
v 0.0003473 0.0293983 -0.0017460
v 0.0003020 0.0291999 -0.0015183
v 0.0006813 0.0294231 -0.0016447
v 0.0005924 0.0292247 -0.0014302
v 0.0009890 0.0294479 -0.0014802
v 0.0008600 0.0292495 -0.0012871
v 0.0012588 0.0294727 -0.0012588
v 0.0010946 0.0292743 -0.0010946
v 0.0014802 0.0294975 -0.0009890
v 0.0012871 0.0292991 -0.0008600
v 0.0016447 0.0295224 -0.0006813
v 0.0014302 0.0293239 -0.0005924
v 0.0017460 0.0295472 -0.0003473
v 0.0015183 0.0293487 -0.0003020
v 0.0017802 0.0295720 -0.0000000
v 0.0015480 0.0293735 -0.0000000
v 0.0017460 0.0295968 0.0003473
v 0.0015183 0.0293983 0.0003020
v 0.0016447 0.0296216 0.0006813
v 0.0014302 0.0294231 0.0005924
v 0.0014802 0.0296464 0.0009890
v 0.0012871 0.0294480 0.0008600
v 0.0012588 0.0296712 0.0012588
v 0.0010946 0.0294728 0.0010946
v 0.0009890 0.0296960 0.0014802
v 0.0008600 0.0294976 0.0012871
v 0.0006813 0.0297208 0.0016447
v 0.0005924 0.0295224 0.0014302
v 0.0003473 0.0297456 0.0017460
v 0.0003020 0.0295472 0.0015183
v 0.0000000 0.0297704 0.0017802
v 0.0000000 0.0295720 0.0015480
v -0.0003473 0.0297952 0.0017460
v -0.0003020 0.0295968 0.0015183
v -0.0006813 0.0298201 0.0016447
v -0.0005924 0.0296216 0.0014302
v -0.0009890 0.0298449 0.0014802
v -0.0008600 0.0296464 0.0012871
v -0.0012588 0.0298697 0.0012588
v -0.0010946 0.0296712 0.0010946
v -0.0014802 0.0298945 0.0009890
v -0.0012871 0.0296960 0.0008600
v -0.0016447 0.0299193 0.0006813
v -0.0014302 0.0297209 0.0005924
v -0.0017460 0.0299441 0.0003473
v -0.0015183 0.0297457 0.0003020
v -0.0017802 0.0299689 0.0000000
v -0.0015480 0.0297705 0.0000000
v -0.0017460 0.0299937 -0.0003473
v -0.0015183 0.0297953 -0.0003020
v -0.0016447 0.0300185 -0.0006813
v -0.0014302 0.0298201 -0.0005924
v -0.0014802 0.0300433 -0.0009890
v -0.0012871 0.0298449 -0.0008600
v -0.0012588 0.0300681 -0.0012588
v -0.0010946 0.0298697 -0.0010946
v -0.0009890 0.0300930 -0.0014802
v -0.0008600 0.0298945 -0.0012871
v -0.0006813 0.0301178 -0.0016447
v -0.0005924 0.0299193 -0.0014302
v -0.0003473 0.0301426 -0.0017460
v -0.0003020 0.0299441 -0.0015183
v -0.0000000 0.0301674 -0.0017802
v -0.0000000 0.0299689 -0.0015480
v 0.0003473 0.0301922 -0.0017460
v 0.0003020 0.0299937 -0.0015183
v 0.0006813 0.0302170 -0.0016447
v 0.0005924 0.0300186 -0.0014302
v 0.0009890 0.0302418 -0.0014802
v 0.0008600 0.0300434 -0.0012871
v 0.0012588 0.0302666 -0.0012588
v 0.0010946 0.0300682 -0.0010946
v 0.0014802 0.0302914 -0.0009890
v 0.0012871 0.0300930 -0.0008600
v 0.0016447 0.0303162 -0.0006813
v 0.0014302 0.0301178 -0.0005924
v 0.0017460 0.0303410 -0.0003473
v 0.0015183 0.0301426 -0.0003020
v 0.0017802 0.0303658 -0.0000000
v 0.0015480 0.0301674 -0.0000000
v 0.0017460 0.0303907 0.0003473
v 0.0015183 0.0301922 0.0003020
v 0.0016447 0.0304155 0.0006813
v 0.0014302 0.0302170 0.0005924
v 0.0014802 0.0304403 0.0009890
v 0.0012871 0.0302418 0.0008600
v 0.0012588 0.0304651 0.0012588
v 0.0010946 0.0302666 0.0010946
v 0.0009890 0.0304899 0.0014802
v 0.0008600 0.0302915 0.0012871
v 0.0006813 0.0305147 0.0016447
v 0.0005924 0.0303163 0.0014302
v 0.0003473 0.0305395 0.0017460
v 0.0003020 0.0303411 0.0015183
v 0.0000000 0.0305643 0.0017802
v 0.0000000 0.0303659 0.0015480
v -0.0003473 0.0305891 0.0017460
v -0.0003020 0.0303907 0.0015183
v -0.0006813 0.0306139 0.0016447
v -0.0005924 0.0304155 0.0014302
v -0.0009890 0.0306387 0.0014802
v -0.0008600 0.0304403 0.0012871
v -0.0012588 0.0306636 0.0012588
v -0.0010946 0.0304651 0.0010946
v -0.0014802 0.0306884 0.0009890
v -0.0012871 0.0304899 0.0008600
v -0.0016447 0.0307132 0.0006813
v -0.0014302 0.0305147 0.0005924
v -0.0017460 0.0307380 0.0003473
v -0.0015183 0.0305395 0.0003020
v -0.0017802 0.0307628 0.0000000
v -0.0015480 0.0305643 0.0000000
v -0.0017460 0.0307876 -0.0003473
v -0.0015183 0.0305892 -0.0003020
v -0.0016447 0.0308124 -0.0006813
v -0.0014302 0.0306140 -0.0005924
v -0.0014802 0.0308372 -0.0009890
v -0.0012871 0.0306388 -0.0008600
v -0.0012588 0.0308620 -0.0012588
v -0.0010946 0.0306636 -0.0010946
v -0.0009890 0.0308868 -0.0014802
v -0.0008600 0.0306884 -0.0012871
v -0.0006813 0.0309116 -0.0016447
v -0.0005924 0.0307132 -0.0014302
v -0.0003473 0.0309364 -0.0017460
v -0.0003020 0.0307380 -0.0015183
v -0.0000000 0.0309613 -0.0017802
v -0.0000000 0.0307628 -0.0015480
v 0.0003473 0.0309861 -0.0017460
v 0.0003020 0.0307876 -0.0015183
v 0.0006813 0.0310109 -0.0016447
v 0.0005924 0.0308124 -0.0014302
v 0.0009890 0.0310357 -0.0014802
v 0.0008600 0.0308372 -0.0012871
v 0.0012588 0.0310605 -0.0012588
v 0.0010946 0.0308621 -0.0010946
v 0.0014802 0.0310853 -0.0009890
v 0.0012871 0.0308869 -0.0008600
v 0.0016447 0.0311101 -0.0006813
v 0.0014302 0.0309117 -0.0005924
v 0.0017460 0.0311349 -0.0003473
v 0.0015183 0.0309365 -0.0003020
v 0.0017802 0.0311597 -0.0000000
v 0.0015480 0.0309613 -0.0000000
v 0.0017460 0.0311845 0.0003473
v 0.0015183 0.0309861 0.0003020
v 0.0016447 0.0312093 0.0006813
v 0.0014302 0.0310109 0.0005924
v 0.0014802 0.0312342 0.0009890
v 0.0012871 0.0310357 0.0008600
v 0.0012588 0.0312590 0.0012588
v 0.0010946 0.0310605 0.0010946
v 0.0009890 0.0312838 0.0014802
v 0.0008600 0.0310853 0.0012871
v 0.0006813 0.0313086 0.0016447
v 0.0005924 0.0311101 0.0014302
v 0.0003473 0.0313334 0.0017460
v 0.0003020 0.0311350 0.0015183
v 0.0000000 0.0313582 0.0017802
v 0.0000000 0.0311598 0.0015480
v -0.0003473 0.0313830 0.0017460
v -0.0003020 0.0311846 0.0015183
v -0.0006813 0.0314078 0.0016447
v -0.0005924 0.0312094 0.0014302
v -0.0009890 0.0314326 0.0014802
v -0.0008600 0.0312342 0.0012871
v -0.0012588 0.0314574 0.0012588
v -0.0010946 0.0312590 0.0010946
v -0.0014802 0.0314822 0.0009890
v -0.0012871 0.0312838 0.0008600
v -0.0016447 0.0315070 0.0006813
v -0.0014302 0.0313086 0.0005924
v -0.0017460 0.0315319 0.0003473
v -0.0015183 0.0313334 0.0003020
v -0.0017802 0.0315567 -0.0000000
v -0.0015480 0.0313582 -0.0000000
v -0.0017460 0.0315815 -0.0003473
v -0.0015183 0.0313830 -0.0003020
v -0.0016447 0.0316063 -0.0006813
v -0.0014302 0.0314078 -0.0005924
v -0.0014802 0.0316311 -0.0009890
v -0.0012871 0.0314327 -0.0008600
v -0.0012588 0.0316559 -0.0012588
v -0.0010946 0.0314575 -0.0010946
v -0.0009890 0.0316807 -0.0014802
v -0.0008600 0.0314823 -0.0012871
v -0.0006813 0.0317055 -0.0016447
v -0.0005924 0.0315071 -0.0014302
v -0.0003473 0.0317303 -0.0017460
v -0.0003020 0.0315319 -0.0015183
v -0.0000000 0.0317551 -0.0017802
v -0.0000000 0.0315567 -0.0015480
v 0.0003473 0.0317799 -0.0017460
v 0.0003020 0.0315815 -0.0015183
v 0.0006813 0.0318048 -0.0016447
v 0.0005924 0.0316063 -0.0014302
v 0.0009890 0.0318296 -0.0014802
v 0.0008600 0.0316311 -0.0012871
v 0.0012588 0.0318544 -0.0012588
v 0.0010946 0.0316559 -0.0010946
v 0.0014802 0.0318792 -0.0009890
v 0.0012871 0.0316807 -0.0008600
v 0.0016447 0.0319040 -0.0006813
v 0.0014302 0.0317056 -0.0005924
v 0.0017460 0.0319288 -0.0003473
v 0.0015183 0.0317304 -0.0003020
v 0.0017802 0.0319536 -0.0000000
v 0.0015480 0.0317552 -0.0000000
v 0.0017460 0.0319784 0.0003473
v 0.0015183 0.0317800 0.0003020
v 0.0016447 0.0320032 0.0006813
v 0.0014302 0.0318048 0.0005924
v 0.0014802 0.0320280 0.0009890
v 0.0012871 0.0318296 0.0008600
v 0.0012588 0.0320528 0.0012588
v 0.0010946 0.0318544 0.0010946
v 0.0009890 0.0320776 0.0014802
v 0.0008600 0.0318792 0.0012871
v 0.0006813 0.0321025 0.0016447
v 0.0005924 0.0319040 0.0014302
v 0.0003473 0.0321273 0.0017460
v 0.0003020 0.0319288 0.0015183
v 0.0000000 0.0321521 0.0017802
v 0.0000000 0.0319536 0.0015480
v -0.0003473 0.0321769 0.0017460
v -0.0003020 0.0319784 0.0015183
v -0.0006813 0.0322017 0.0016447
v -0.0005924 0.0320033 0.0014302
v -0.0009890 0.0322265 0.0014802
v -0.0008600 0.0320281 0.0012871
v -0.0012588 0.0322513 0.0012588
v -0.0010946 0.0320529 0.0010946
v -0.0014802 0.0322761 0.0009890
v -0.0012871 0.0320777 0.0008600
v -0.0016447 0.0323009 0.0006813
v -0.0014302 0.0321025 0.0005924
v -0.0017460 0.0323257 0.0003473
v -0.0015183 0.0321273 0.0003020
v -0.0017802 0.0323505 0.0000000
v -0.0015480 0.0321521 0.0000000
v -0.0017460 0.0323754 -0.0003473
v -0.0015183 0.0321769 -0.0003020
v -0.0016447 0.0324002 -0.0006813
v -0.0014302 0.0322017 -0.0005924
v -0.0014802 0.0324250 -0.0009890
v -0.0012871 0.0322265 -0.0008600
v -0.0012588 0.0324498 -0.0012588
v -0.0010946 0.0322513 -0.0010946
v -0.0009890 0.0324746 -0.0014802
v -0.0008600 0.0322762 -0.0012871
v -0.0006813 0.0324994 -0.0016447
v -0.0005924 0.0323010 -0.0014302
v -0.0003473 0.0325242 -0.0017460
v -0.0003020 0.0323258 -0.0015183
v -0.0000000 0.0325490 -0.0017802
v -0.0000000 0.0323506 -0.0015480
v 0.0003473 0.0325738 -0.0017460
v 0.0003020 0.0323754 -0.0015183
v 0.0006813 0.0325986 -0.0016447
v 0.0005924 0.0324002 -0.0014302
v 0.0009890 0.0326234 -0.0014802
v 0.0008600 0.0324250 -0.0012871
v 0.0012588 0.0326483 -0.0012588
v 0.0010946 0.0324498 -0.0010946
v 0.0014802 0.0326731 -0.0009890
v 0.0012871 0.0324746 -0.0008600
v 0.0016447 0.0326979 -0.0006813
v 0.0014302 0.0324994 -0.0005924
v 0.0017460 0.0327227 -0.0003473
v 0.0015183 0.0325242 -0.0003020
v 0.0017802 0.0327475 -0.0000000
v 0.0015480 0.0325490 -0.0000000
v 0.0017460 0.0327723 0.0003473
v 0.0015183 0.0325739 0.0003020
v 0.0016447 0.0327971 0.0006813
v 0.0014302 0.0325987 0.0005924
v 0.0014802 0.0328219 0.0009890
v 0.0012871 0.0326235 0.0008600
v 0.0012588 0.0328467 0.0012588
v 0.0010946 0.0326483 0.0010946
v 0.0009890 0.0328715 0.0014802
v 0.0008600 0.0326731 0.0012871
v 0.0006813 0.0328963 0.0016447
v 0.0005924 0.0326979 0.0014302
v 0.0003473 0.0329211 0.0017460
v 0.0003020 0.0327227 0.0015183
v 0.0000000 0.0329460 0.0017802
v 0.0000000 0.0327475 0.0015480
v -0.0003473 0.0329708 0.0017460
v -0.0003020 0.0327723 0.0015183
v -0.0006813 0.0329956 0.0016447
v -0.0005924 0.0327971 0.0014302
v -0.0009890 0.0330204 0.0014802
v -0.0008600 0.0328219 0.0012871
v -0.0012588 0.0330452 0.0012588
v -0.0010946 0.0328468 0.0010946
v -0.0014802 0.0330700 0.0009890
v -0.0012871 0.0328716 0.0008600
v -0.0016447 0.0330948 0.0006813
v -0.0014302 0.0328964 0.0005924
v -0.0017460 0.0331196 0.0003473
v -0.0015183 0.0329212 0.0003020
v -0.0017802 0.0331444 -0.0000000
v -0.0015480 0.0329460 -0.0000000
v -0.0017460 0.0331692 -0.0003473
v -0.0015183 0.0329708 -0.0003020
v -0.0016447 0.0331940 -0.0006813
v -0.0014302 0.0329956 -0.0005924
v -0.0014802 0.0332189 -0.0009890
v -0.0012871 0.0330204 -0.0008600
v -0.0012588 0.0332437 -0.0012588
v -0.0010946 0.0330452 -0.0010946
v -0.0009890 0.0332685 -0.0014802
v -0.0008600 0.0330700 -0.0012871
v -0.0006813 0.0332933 -0.0016447
v -0.0005924 0.0330948 -0.0014302
v -0.0003473 0.0333181 -0.0017460
v -0.0003020 0.0331196 -0.0015183
v 0.0000000 0.0333429 -0.0017802
v 0.0000000 0.0331445 -0.0015480
v 0.0003473 0.0333677 -0.0017460
v 0.0003020 0.0331693 -0.0015183
v 0.0006813 0.0333925 -0.0016447
v 0.0005924 0.0331941 -0.0014302
v 0.0009890 0.0334173 -0.0014802
v 0.0008600 0.0332189 -0.0012871
v 0.0012588 0.0334421 -0.0012588
v 0.0010946 0.0332437 -0.0010946
v 0.0014802 0.0334669 -0.0009890
v 0.0012871 0.0332685 -0.0008600
v 0.0016447 0.0334917 -0.0006813
v 0.0014302 0.0332933 -0.0005924
v 0.0017460 0.0335166 -0.0003473
v 0.0015183 0.0333181 -0.0003020
v 0.0017802 0.0335414 0.0000000
v 0.0015480 0.0333429 0.0000000
v 0.0017460 0.0335662 0.0003473
v 0.0015183 0.0333677 0.0003020
v 0.0016447 0.0335910 0.0006813
v 0.0014302 0.0333925 0.0005924
v 0.0014802 0.0336158 0.0009890
v 0.0012871 0.0334174 0.0008600
v 0.0012588 0.0336406 0.0012588
v 0.0010946 0.0334422 0.0010946
v 0.0009890 0.0336654 0.0014802
v 0.0008600 0.0334670 0.0012871
v 0.0006813 0.0336902 0.0016447
v 0.0005924 0.0334918 0.0014302
v 0.0003473 0.0337150 0.0017460
v 0.0003020 0.0335166 0.0015183
v 0.0000000 0.0337398 0.0017802
v 0.0000000 0.0335414 0.0015480
v -0.0003473 0.0337646 0.0017460
v -0.0003020 0.0335662 0.0015183
v -0.0006813 0.0337895 0.0016447
v -0.0005924 0.0335910 0.0014302
v -0.0009890 0.0338143 0.0014802
v -0.0008600 0.0336158 0.0012871
v -0.0012588 0.0338391 0.0012588
v -0.0010946 0.0336406 0.0010946
v -0.0014802 0.0338639 0.0009890
v -0.0012871 0.0336654 0.0008600
v -0.0016447 0.0338887 0.0006813
v -0.0014302 0.0336902 0.0005924
v -0.0017460 0.0339135 0.0003473
v -0.0015183 0.0337151 0.0003020
v -0.0017802 0.0339383 0.0000000
v -0.0015480 0.0337399 0.0000000
v -0.0017460 0.0339631 -0.0003473
v -0.0015183 0.0337647 -0.0003020
v -0.0016447 0.0339879 -0.0006813
v -0.0014302 0.0337895 -0.0005924
v -0.0014802 0.0340127 -0.0009890
v -0.0012871 0.0338143 -0.0008600
v -0.0012588 0.0340375 -0.0012588
v -0.0010946 0.0338391 -0.0010946
v -0.0009890 0.0340623 -0.0014802
v -0.0008600 0.0338639 -0.0012871
v -0.0006813 0.0340872 -0.0016447
v -0.0005924 0.0338887 -0.0014302
v -0.0003473 0.0341120 -0.0017460
v -0.0003020 0.0339135 -0.0015183
v -0.0000000 0.0341368 -0.0017802
v -0.0000000 0.0339383 -0.0015480
v 0.0003473 0.0341616 -0.0017460
v 0.0003020 0.0339631 -0.0015183
v 0.0006813 0.0341864 -0.0016447
v 0.0005924 0.0339880 -0.0014302
v 0.0009890 0.0342112 -0.0014802
v 0.0008600 0.0340128 -0.0012871
v 0.0012588 0.0342360 -0.0012588
v 0.0010946 0.0340376 -0.0010946
v 0.0014802 0.0342608 -0.0009890
v 0.0012871 0.0340624 -0.0008600
v 0.0016447 0.0342856 -0.0006813
v 0.0014302 0.0340872 -0.0005924
v 0.0017460 0.0343104 -0.0003473
v 0.0015183 0.0341120 -0.0003020
v 0.0017802 0.0343352 -0.0000000
v 0.0015480 0.0341368 -0.0000000
v 0.0017460 0.0343601 0.0003473
v 0.0015183 0.0341616 0.0003020
v 0.0016447 0.0343849 0.0006813
v 0.0014302 0.0341864 0.0005924
v 0.0014802 0.0344097 0.0009890
v 0.0012871 0.0342112 0.0008600
v 0.0012588 0.0344345 0.0012588
v 0.0010946 0.0342360 0.0010946
v 0.0009890 0.0344593 0.0014802
v 0.0008600 0.0342608 0.0012871
v 0.0006813 0.0344841 0.0016447
v 0.0005924 0.0342857 0.0014302
v 0.0003473 0.0345089 0.0017460
v 0.0003020 0.0343105 0.0015183
v 0.0000000 0.0345337 0.0017802
v 0.0000000 0.0343353 0.0015480
v -0.0003473 0.0345585 0.0017460
v -0.0003020 0.0343601 0.0015183
v -0.0006813 0.0345833 0.0016447
v -0.0005924 0.0343849 0.0014302
v -0.0009890 0.0346081 0.0014802
v -0.0008600 0.0344097 0.0012871
v -0.0012588 0.0346329 0.0012588
v -0.0010946 0.0344345 0.0010946
v -0.0014802 0.0346578 0.0009890
v -0.0012871 0.0344593 0.0008600
v -0.0016447 0.0346826 0.0006813
v -0.0014302 0.0344841 0.0005924
v -0.0017460 0.0347074 0.0003473
v -0.0015183 0.0345089 0.0003020
v -0.0017802 0.0347322 0.0000000
v -0.0015480 0.0345337 0.0000000
v -0.0017460 0.0347570 -0.0003473
v -0.0015183 0.0345586 -0.0003020
v -0.0016447 0.0347818 -0.0006813
v -0.0014302 0.0345834 -0.0005924
v -0.0014802 0.0348066 -0.0009890
v -0.0012871 0.0346082 -0.0008600
v -0.0012588 0.0348314 -0.0012588
v -0.0010946 0.0346330 -0.0010946
v -0.0009890 0.0348562 -0.0014802
v -0.0008600 0.0346578 -0.0012871
v -0.0006813 0.0348810 -0.0016447
v -0.0005924 0.0346826 -0.0014302
v -0.0003473 0.0349058 -0.0017460
v -0.0003020 0.0347074 -0.0015183
v -0.0000000 0.0349307 -0.0017802
v -0.0000000 0.0347322 -0.0015480
v 0.0003473 0.0349555 -0.0017460
v 0.0003020 0.0347570 -0.0015183
v 0.0006813 0.0349803 -0.0016447
v 0.0005924 0.0347818 -0.0014302
v 0.0009890 0.0350051 -0.0014802
v 0.0008600 0.0348066 -0.0012871
v 0.0012588 0.0350299 -0.0012588
v 0.0010946 0.0348315 -0.0010946
v 0.0014802 0.0350547 -0.0009890
v 0.0012871 0.0348563 -0.0008600
v 0.0016447 0.0350795 -0.0006813
v 0.0014302 0.0348811 -0.0005924
v 0.0017460 0.0351043 -0.0003473
v 0.0015183 0.0349059 -0.0003020
v 0.0017802 0.0351291 -0.0000000
v 0.0015480 0.0349307 -0.0000000
v 0.0017460 0.0351539 0.0003473
v 0.0015183 0.0349555 0.0003020
v 0.0016447 0.0351787 0.0006813
v 0.0014302 0.0349803 0.0005924
v 0.0014802 0.0352035 0.0009890
v 0.0012871 0.0350051 0.0008600
v 0.0012588 0.0352284 0.0012588
v 0.0010946 0.0350299 0.0010946
v 0.0009890 0.0352532 0.0014802
v 0.0008600 0.0350547 0.0012871
v 0.0006813 0.0352780 0.0016447
v 0.0005924 0.0350795 0.0014302
v 0.0003473 0.0353028 0.0017460
v 0.0003020 0.0351043 0.0015183
v -0.0000000 0.0353276 0.0017802
v -0.0000000 0.0351292 0.0015480
v -0.0003473 0.0353524 0.0017460
v -0.0003020 0.0351540 0.0015183
v -0.0006813 0.0353772 0.0016447
v -0.0005924 0.0351788 0.0014302
v -0.0009890 0.0354020 0.0014802
v -0.0008600 0.0352036 0.0012871
v -0.0012588 0.0354268 0.0012588
v -0.0010946 0.0352284 0.0010946
v -0.0014802 0.0354516 0.0009890
v -0.0012871 0.0352532 0.0008600
v -0.0016447 0.0354764 0.0006813
v -0.0014302 0.0352780 0.0005924
v -0.0017460 0.0355013 0.0003473
v -0.0015183 0.0353028 0.0003020
v -0.0017802 0.0355261 -0.0000000
v -0.0015480 0.0353276 -0.0000000
v -0.0017460 0.0355509 -0.0003473
v -0.0015183 0.0353524 -0.0003020
v -0.0016447 0.0355757 -0.0006813
v -0.0014302 0.0353772 -0.0005924
v -0.0014802 0.0356005 -0.0009890
v -0.0012871 0.0354021 -0.0008600
v -0.0012588 0.0356253 -0.0012588
v -0.0010946 0.0354269 -0.0010946
v -0.0009890 0.0356501 -0.0014802
v -0.0008600 0.0354517 -0.0012871
v -0.0006813 0.0356749 -0.0016447
v -0.0005924 0.0354765 -0.0014302
v -0.0003473 0.0356997 -0.0017460
v -0.0003020 0.0355013 -0.0015183
v 0.0000000 0.0357245 -0.0017802
v 0.0000000 0.0355261 -0.0015480
v 0.0003473 0.0357493 -0.0017460
v 0.0003020 0.0355509 -0.0015183
v 0.0006813 0.0357741 -0.0016447
v 0.0005924 0.0355757 -0.0014302
v 0.0009890 0.0357990 -0.0014802
v 0.0008600 0.0356005 -0.0012871
v 0.0012588 0.0358238 -0.0012588
v 0.0010946 0.0356253 -0.0010946
v 0.0014802 0.0358486 -0.0009890
v 0.0012871 0.0356501 -0.0008600
v 0.0016447 0.0358734 -0.0006813
v 0.0014302 0.0356749 -0.0005924
v 0.0017460 0.0358982 -0.0003473
v 0.0015183 0.0356998 -0.0003020
v 0.0017802 0.0359230 -0.0000000
v 0.0015480 0.0357246 -0.0000000
v 0.0017460 0.0359478 0.0003473
v 0.0015183 0.0357494 0.0003020
v 0.0016447 0.0359726 0.0006813
v 0.0014302 0.0357742 0.0005924
v 0.0014802 0.0359974 0.0009890
v 0.0012871 0.0357990 0.0008600
v 0.0012588 0.0360222 0.0012588
v 0.0010946 0.0358238 0.0010946
v 0.0009890 0.0360470 0.0014802
v 0.0008600 0.0358486 0.0012871
v 0.0006813 0.0360719 0.0016447
v 0.0005924 0.0358734 0.0014302
v 0.0003473 0.0360967 0.0017460
v 0.0003020 0.0358982 0.0015183
v 0.0000000 0.0361215 0.0017802
v 0.0000000 0.0359230 0.0015480
v -0.0003473 0.0361463 0.0017460
v -0.0003020 0.0359478 0.0015183
v -0.0006813 0.0361711 0.0016447
v -0.0005924 0.0359727 0.0014302
v -0.0009890 0.0361959 0.0014802
v -0.0008600 0.0359975 0.0012871
v -0.0012588 0.0362207 0.0012588
v -0.0010946 0.0360223 0.0010946
v -0.0014802 0.0362455 0.0009890
v -0.0012871 0.0360471 0.0008600
v -0.0016447 0.0362703 0.0006813
v -0.0014302 0.0360719 0.0005924
v -0.0017460 0.0362951 0.0003473
v -0.0015183 0.0360967 0.0003020
v -0.0017802 0.0363199 0.0000000
v -0.0015480 0.0361215 0.0000000
v -0.0017460 0.0363448 -0.0003473
v -0.0015183 0.0361463 -0.0003020
v -0.0016447 0.0363696 -0.0006813
v -0.0014302 0.0361711 -0.0005924
v -0.0014802 0.0363944 -0.0009890
v -0.0012871 0.0361959 -0.0008600
v -0.0012588 0.0364192 -0.0012588
v -0.0010946 0.0362207 -0.0010946
v -0.0009890 0.0364440 -0.0014802
v -0.0008600 0.0362455 -0.0012871
v -0.0006813 0.0364688 -0.0016447
v -0.0005924 0.0362704 -0.0014302
v -0.0003473 0.0364936 -0.0017460
v -0.0003020 0.0362952 -0.0015183
v -0.0000000 0.0365184 -0.0017802
v -0.0000000 0.0363200 -0.0015480
v 0.0003473 0.0365432 -0.0017460
v 0.0003020 0.0363448 -0.0015183
v 0.0006813 0.0365680 -0.0016447
v 0.0005924 0.0363696 -0.0014302
v 0.0009890 0.0365928 -0.0014802
v 0.0008600 0.0363944 -0.0012871
v 0.0012588 0.0366176 -0.0012588
v 0.0010946 0.0364192 -0.0010946
v 0.0014802 0.0366425 -0.0009890
v 0.0012871 0.0364440 -0.0008600
v 0.0016447 0.0366673 -0.0006813
v 0.0014302 0.0364688 -0.0005924
v 0.0017460 0.0366921 -0.0003473
v 0.0015183 0.0364936 -0.0003020
v 0.0017802 0.0367169 -0.0000000
v 0.0015480 0.0365184 -0.0000000
v 0.0017460 0.0367417 0.0003473
v 0.0015183 0.0365433 0.0003020
v 0.0016447 0.0367665 0.0006813
v 0.0014302 0.0365681 0.0005924
v 0.0014802 0.0367913 0.0009890
v 0.0012871 0.0365929 0.0008600
v 0.0012588 0.0368161 0.0012588
v 0.0010946 0.0366177 0.0010946
v 0.0009890 0.0368409 0.0014802
v 0.0008600 0.0366425 0.0012871
v 0.0006813 0.0368657 0.0016447
v 0.0005924 0.0366673 0.0014302
v 0.0003473 0.0368905 0.0017460
v 0.0003020 0.0366921 0.0015183
v 0.0000000 0.0369154 0.0017802
v 0.0000000 0.0367169 0.0015480
v -0.0003473 0.0369402 0.0017460
v -0.0003020 0.0367417 0.0015183
v -0.0006813 0.0369650 0.0016447
v -0.0005924 0.0367665 0.0014302
v -0.0009890 0.0369898 0.0014802
v -0.0008600 0.0367913 0.0012871
v -0.0012588 0.0370146 0.0012588
v -0.0010946 0.0368161 0.0010946
v -0.0014802 0.0370394 0.0009890
v -0.0012871 0.0368410 0.0008600
v -0.0016447 0.0370642 0.0006813
v -0.0014302 0.0368658 0.0005924
v -0.0017460 0.0370890 0.0003473
v -0.0015183 0.0368906 0.0003020
v -0.0017802 0.0371138 0.0000000
v -0.0015480 0.0369154 0.0000000
v -0.0017460 0.0371386 -0.0003473
v -0.0015183 0.0369402 -0.0003020
v -0.0016447 0.0371634 -0.0006813
v -0.0014302 0.0369650 -0.0005924
v -0.0014802 0.0371882 -0.0009890
v -0.0012871 0.0369898 -0.0008600
v -0.0012588 0.0372131 -0.0012588
v -0.0010946 0.0370146 -0.0010946
v -0.0009890 0.0372379 -0.0014802
v -0.0008600 0.0370394 -0.0012871
v -0.0006813 0.0372627 -0.0016447
v -0.0005924 0.0370642 -0.0014302
v -0.0003473 0.0372875 -0.0017460
v -0.0003020 0.0370890 -0.0015183
v 0.0000000 0.0373123 -0.0017802
v 0.0000000 0.0371139 -0.0015480
v 0.0003473 0.0373371 -0.0017460
v 0.0003020 0.0371387 -0.0015183
v 0.0006813 0.0373619 -0.0016447
v 0.0005924 0.0371635 -0.0014302
v 0.0009890 0.0373867 -0.0014802
v 0.0008600 0.0371883 -0.0012871
v 0.0012588 0.0374115 -0.0012588
v 0.0010946 0.0372131 -0.0010946
v 0.0014802 0.0374363 -0.0009890
v 0.0012871 0.0372379 -0.0008600
v 0.0016447 0.0374611 -0.0006813
v 0.0014302 0.0372627 -0.0005924
v 0.0017460 0.0374860 -0.0003473
v 0.0015183 0.0372875 -0.0003020
v 0.0017802 0.0375108 0.0000000
v 0.0015480 0.0373123 0.0000000
v 0.0017460 0.0375356 0.0003473
v 0.0015183 0.0373371 0.0003020
v 0.0016447 0.0375604 0.0006813
v 0.0014302 0.0373619 0.0005924
v 0.0014802 0.0375852 0.0009890
v 0.0012871 0.0373867 0.0008600
v 0.0012588 0.0376100 0.0012588
v 0.0010946 0.0374116 0.0010946
v 0.0009890 0.0376348 0.0014802
v 0.0008600 0.0374364 0.0012871
v 0.0006813 0.0376596 0.0016447
v 0.0005924 0.0374612 0.0014302
v 0.0003473 0.0376844 0.0017460
v 0.0003020 0.0374860 0.0015183
v -0.0000000 0.0377092 0.0017802
v -0.0000000 0.0375108 0.0015480
v -0.0003473 0.0377340 0.0017460
v -0.0003020 0.0375356 0.0015183
v -0.0006813 0.0377588 0.0016447
v -0.0005924 0.0375604 0.0014302
v -0.0009890 0.0377837 0.0014802
v -0.0008600 0.0375852 0.0012871
v -0.0012588 0.0378085 0.0012588
v -0.0010946 0.0376100 0.0010946
v -0.0014802 0.0378333 0.0009890
v -0.0012871 0.0376348 0.0008600
v -0.0016447 0.0378581 0.0006813
v -0.0014302 0.0376596 0.0005924
v -0.0017460 0.0378829 0.0003473
v -0.0015183 0.0376845 0.0003020
v -0.0017802 0.0379077 0.0000000
v -0.0015480 0.0377093 0.0000000
v -0.0017460 0.0379325 -0.0003473
v -0.0015183 0.0377341 -0.0003020
v -0.0016447 0.0379573 -0.0006813
v -0.0014302 0.0377589 -0.0005924
v -0.0014802 0.0379821 -0.0009890
v -0.0012871 0.0377837 -0.0008600
v -0.0012588 0.0380069 -0.0012588
v -0.0010946 0.0378085 -0.0010946
v -0.0009890 0.0380317 -0.0014802
v -0.0008600 0.0378333 -0.0012871
v -0.0006813 0.0380566 -0.0016447
v -0.0005924 0.0378581 -0.0014302
v -0.0003473 0.0380814 -0.0017460
v -0.0003020 0.0378829 -0.0015183
v -0.0000000 0.0381062 -0.0017802
v -0.0000000 0.0379077 -0.0015480
v 0.0003473 0.0381310 -0.0017460
v 0.0003020 0.0379325 -0.0015183
v 0.0006813 0.0381558 -0.0016447
v 0.0005924 0.0379573 -0.0014302
v 0.0009890 0.0381806 -0.0014802
v 0.0008600 0.0379822 -0.0012871
v 0.0012588 0.0382054 -0.0012588
v 0.0010946 0.0380070 -0.0010946
v 0.0014802 0.0382302 -0.0009890
v 0.0012871 0.0380318 -0.0008600
v 0.0016447 0.0382550 -0.0006813
v 0.0014302 0.0380566 -0.0005924
v 0.0017460 0.0382798 -0.0003473
v 0.0015183 0.0380814 -0.0003020
v 0.0017802 0.0383046 -0.0000000
v 0.0015480 0.0381062 -0.0000000
v 0.0017460 0.0383294 0.0003473
v 0.0015183 0.0381310 0.0003020
v 0.0016447 0.0383543 0.0006813
v 0.0014302 0.0381558 0.0005924
v 0.0014802 0.0383791 0.0009890
v 0.0012871 0.0381806 0.0008600
v 0.0012588 0.0384039 0.0012588
v 0.0010946 0.0382054 0.0010946
v 0.0009890 0.0384287 0.0014802
v 0.0008600 0.0382302 0.0012871
v 0.0006813 0.0384535 0.0016447
v 0.0005924 0.0382551 0.0014302
v 0.0003473 0.0384783 0.0017460
v 0.0003020 0.0382799 0.0015183
v 0.0000000 0.0385031 0.0017802
v 0.0000000 0.0383047 0.0015480
v -0.0003473 0.0385279 0.0017460
v -0.0003020 0.0383295 0.0015183
v -0.0006813 0.0385527 0.0016447
v -0.0005924 0.0383543 0.0014302
v -0.0009890 0.0385775 0.0014802
v -0.0008600 0.0383791 0.0012871
v -0.0012588 0.0386023 0.0012588
v -0.0010946 0.0384039 0.0010946
v -0.0014802 0.0386272 0.0009890
v -0.0012871 0.0384287 0.0008600
v -0.0016447 0.0386520 0.0006813
v -0.0014302 0.0384535 0.0005924
v -0.0017460 0.0386768 0.0003473
v -0.0015183 0.0384783 0.0003020
v -0.0017802 0.0387016 0.0000000
v -0.0015480 0.0385031 0.0000000
v -0.0017460 0.0387264 -0.0003473
v -0.0015183 0.0385280 -0.0003020
v -0.0016447 0.0387512 -0.0006813
v -0.0014302 0.0385528 -0.0005924
v -0.0014802 0.0387760 -0.0009890
v -0.0012871 0.0385776 -0.0008600
v -0.0012588 0.0388008 -0.0012588
v -0.0010946 0.0386024 -0.0010946
v -0.0009890 0.0388256 -0.0014802
v -0.0008600 0.0386272 -0.0012871
v -0.0006813 0.0388504 -0.0016447
v -0.0005924 0.0386520 -0.0014302
v -0.0003473 0.0388752 -0.0017460
v -0.0003020 0.0386768 -0.0015183
v -0.0000000 0.0389000 -0.0017802
v -0.0000000 0.0387016 -0.0015480
v 0.0003473 0.0389249 -0.0017460
v 0.0003020 0.0387264 -0.0015183
v 0.0006813 0.0389497 -0.0016447
v 0.0005924 0.0387512 -0.0014302
v 0.0009890 0.0389745 -0.0014802
v 0.0008600 0.0387760 -0.0012871
v 0.0012588 0.0389993 -0.0012588
v 0.0010946 0.0388008 -0.0010946
v 0.0014802 0.0390241 -0.0009890
v 0.0012871 0.0388257 -0.0008600
v 0.0016447 0.0390489 -0.0006813
v 0.0014302 0.0388505 -0.0005924
v 0.0017460 0.0390737 -0.0003473
v 0.0015183 0.0388753 -0.0003020
v 0.0017802 0.0390985 -0.0000000
v 0.0015480 0.0389001 -0.0000000
v 0.0017460 0.0391233 0.0003473
v 0.0015183 0.0389249 0.0003020
v 0.0016447 0.0391481 0.0006813
v 0.0014302 0.0389497 0.0005924
v 0.0014802 0.0391729 0.0009890
v 0.0012871 0.0389745 0.0008600
v 0.0012588 0.0391978 0.0012588
v 0.0010946 0.0389993 0.0010946
v 0.0009890 0.0392226 0.0014802
v 0.0008600 0.0390241 0.0012871
v 0.0006813 0.0392474 0.0016447
v 0.0005924 0.0390489 0.0014302
v 0.0003473 0.0392722 0.0017460
v 0.0003020 0.0390737 0.0015183
v 0.0000000 0.0392970 0.0017802
v 0.0000000 0.0390986 0.0015480
v -0.0003473 0.0393218 0.0017460
v -0.0003020 0.0391234 0.0015183
v -0.0006813 0.0393466 0.0016447
v -0.0005924 0.0391482 0.0014302
v -0.0009890 0.0393714 0.0014802
v -0.0008600 0.0391730 0.0012871
v -0.0012588 0.0393962 0.0012588
v -0.0010946 0.0391978 0.0010946
v -0.0014802 0.0394210 0.0009890
v -0.0012871 0.0392226 0.0008600
v -0.0016447 0.0394458 0.0006813
v -0.0014302 0.0392474 0.0005924
v -0.0017460 0.0394706 0.0003473
v -0.0015183 0.0392722 0.0003020
v -0.0017802 0.0394955 -0.0000000
v -0.0015480 0.0392970 -0.0000000
v -0.0017460 0.0395203 -0.0003473
v -0.0015183 0.0393218 -0.0003020
v -0.0016447 0.0395451 -0.0006813
v -0.0014302 0.0393466 -0.0005924
v -0.0014802 0.0395699 -0.0009890
v -0.0012871 0.0393714 -0.0008600
v -0.0012588 0.0395947 -0.0012588
v -0.0010946 0.0393963 -0.0010946
v -0.0009890 0.0396195 -0.0014802
v -0.0008600 0.0394211 -0.0012871
v -0.0006813 0.0396443 -0.0016447
v -0.0005924 0.0394459 -0.0014302
v -0.0003473 0.0396691 -0.0017460
v -0.0003020 0.0394707 -0.0015183
v 0.0000000 0.0396939 -0.0017802
v 0.0000000 0.0394955 -0.0015480
v 0.0003473 0.0397187 -0.0017460
v 0.0003020 0.0395203 -0.0015183
v 0.0006813 0.0397435 -0.0016447
v 0.0005924 0.0395451 -0.0014302
v 0.0009890 0.0397684 -0.0014802
v 0.0008600 0.0395699 -0.0012871
v 0.0012588 0.0397932 -0.0012588
v 0.0010946 0.0395947 -0.0010946
v 0.0014802 0.0398180 -0.0009890
v 0.0012871 0.0396195 -0.0008600
v 0.0016447 0.0398428 -0.0006813
v 0.0014302 0.0396443 -0.0005924
v 0.0017460 0.0398676 -0.0003473
v 0.0015183 0.0396692 -0.0003020
v 0.0017802 0.0398924 0.0000000
v 0.0015480 0.0396940 0.0000000
v 0.0017460 0.0399172 0.0003473
v 0.0015183 0.0397188 0.0003020
v 0.0016447 0.0399420 0.0006813
v 0.0014302 0.0397436 0.0005924
v 0.0014802 0.0399668 0.0009890
v 0.0012871 0.0397684 0.0008600
v 0.0012588 0.0399916 0.0012588
v 0.0010946 0.0397932 0.0010946
v 0.0009890 0.0400164 0.0014802
v 0.0008600 0.0398180 0.0012871
v 0.0006813 0.0400413 0.0016447
v 0.0005924 0.0398428 0.0014302
v 0.0003473 0.0400661 0.0017460
v 0.0003020 0.0398676 0.0015183
v 0.0000000 0.0400909 0.0017802
v 0.0000000 0.0398924 0.0015480
v -0.0003473 0.0401157 0.0017460
v -0.0003020 0.0399172 0.0015183
v -0.0006813 0.0401405 0.0016447
v -0.0005924 0.0399420 0.0014302
v -0.0009890 0.0401653 0.0014802
v -0.0008600 0.0399669 0.0012871
v -0.0012588 0.0401901 0.0012588
v -0.0010946 0.0399917 0.0010946
v -0.0014802 0.0402149 0.0009890
v -0.0012871 0.0400165 0.0008600
v -0.0016447 0.0402397 0.0006813
v -0.0014302 0.0400413 0.0005924
v -0.0017460 0.0402645 0.0003473
v -0.0015183 0.0400661 0.0003020
v -0.0017802 0.0402893 0.0000000
v -0.0015480 0.0400909 0.0000000
v -0.0017460 0.0403141 -0.0003473
v -0.0015183 0.0401157 -0.0003020
v -0.0016447 0.0403390 -0.0006813
v -0.0014302 0.0401405 -0.0005924
v -0.0014802 0.0403638 -0.0009890
v -0.0012871 0.0401653 -0.0008600
v -0.0012588 0.0403886 -0.0012588
v -0.0010946 0.0401901 -0.0010946
v -0.0009890 0.0404134 -0.0014802
v -0.0008600 0.0402149 -0.0012871
v -0.0006813 0.0404382 -0.0016447
v -0.0005924 0.0402398 -0.0014302
v -0.0003473 0.0404630 -0.0017460
v -0.0003020 0.0402646 -0.0015183
v -0.0000000 0.0404878 -0.0017802
v -0.0000000 0.0402894 -0.0015480
v 0.0003473 0.0405126 -0.0017460
v 0.0003020 0.0403142 -0.0015183
v 0.0006813 0.0405374 -0.0016447
v 0.0005924 0.0403390 -0.0014302
v 0.0009890 0.0405622 -0.0014802
v 0.0008600 0.0403638 -0.0012871
v 0.0012588 0.0405870 -0.0012588
v 0.0010946 0.0403886 -0.0010946
v 0.0014802 0.0406119 -0.0009890
v 0.0012871 0.0404134 -0.0008600
v 0.0016447 0.0406367 -0.0006813
v 0.0014302 0.0404382 -0.0005924
v 0.0017460 0.0406615 -0.0003473
v 0.0015183 0.0404630 -0.0003020
v 0.0017802 0.0406863 -0.0000000
v 0.0015480 0.0404878 -0.0000000
v 0.0017460 0.0407111 0.0003473
v 0.0015183 0.0405126 0.0003020
v 0.0016447 0.0407359 0.0006813
v 0.0014302 0.0405375 0.0005924
v 0.0014802 0.0407607 0.0009890
v 0.0012871 0.0405623 0.0008600
v 0.0012588 0.0407855 0.0012588
v 0.0010946 0.0405871 0.0010946
v 0.0009890 0.0408103 0.0014802
v 0.0008600 0.0406119 0.0012871
v 0.0006813 0.0408351 0.0016447
v 0.0005924 0.0406367 0.0014302
v 0.0003473 0.0408599 0.0017460
v 0.0003020 0.0406615 0.0015183
v 0.0000000 0.0408847 0.0017802
v 0.0000000 0.0406863 0.0015480
v -0.0003473 0.0409096 0.0017460
v -0.0003020 0.0407111 0.0015183
v -0.0006813 0.0409344 0.0016447
v -0.0005924 0.0407359 0.0014302
v -0.0009890 0.0409592 0.0014802
v -0.0008600 0.0407607 0.0012871
v -0.0012588 0.0409840 0.0012588
v -0.0010946 0.0407855 0.0010946
v -0.0014802 0.0410088 0.0009890
v -0.0012871 0.0408104 0.0008600
v -0.0016447 0.0410336 0.0006813
v -0.0014302 0.0408352 0.0005924
v -0.0017460 0.0410584 0.0003473
v -0.0015183 0.0408600 0.0003020
v -0.0017802 0.0410832 0.0000000
v -0.0015480 0.0408848 0.0000000
v -0.0017460 0.0411080 -0.0003473
v -0.0015183 0.0409096 -0.0003020
v -0.0016447 0.0411328 -0.0006813
v -0.0014302 0.0409344 -0.0005924
v -0.0014802 0.0411576 -0.0009890
v -0.0012871 0.0409592 -0.0008600
v -0.0012588 0.0411825 -0.0012588
v -0.0010946 0.0409840 -0.0010946
v -0.0009890 0.0412073 -0.0014802
v -0.0008600 0.0410088 -0.0012871
v -0.0006813 0.0412321 -0.0016447
v -0.0005924 0.0410336 -0.0014302
v -0.0003473 0.0412569 -0.0017460
v -0.0003020 0.0410584 -0.0015183
v -0.0000000 0.0412817 -0.0017802
v -0.0000000 0.0410832 -0.0015480
v 0.0003473 0.0413065 -0.0017460
v 0.0003020 0.0411081 -0.0015183
v 0.0006813 0.0413313 -0.0016447
v 0.0005924 0.0411329 -0.0014302
v 0.0009890 0.0413561 -0.0014802
v 0.0008600 0.0411577 -0.0012871
v 0.0012588 0.0413809 -0.0012588
v 0.0010946 0.0411825 -0.0010946
v 0.0014802 0.0414057 -0.0009890
v 0.0012871 0.0412073 -0.0008600
v 0.0016447 0.0414305 -0.0006813
v 0.0014302 0.0412321 -0.0005924
v 0.0017460 0.0414553 -0.0003473
v 0.0015183 0.0412569 -0.0003020
v 0.0017802 0.0414802 0.0000000
v 0.0015480 0.0412817 0.0000000
v 0.0017460 0.0415050 0.0003473
v 0.0015183 0.0413065 0.0003020
v 0.0016447 0.0415298 0.0006813
v 0.0014302 0.0413313 0.0005924
v 0.0014802 0.0415546 0.0009890
v 0.0012871 0.0413561 0.0008600
v 0.0012588 0.0415794 0.0012588
v 0.0010946 0.0413810 0.0010946
v 0.0009890 0.0416042 0.0014802
v 0.0008600 0.0414058 0.0012871
v 0.0006813 0.0416290 0.0016447
v 0.0005924 0.0414306 0.0014302
v 0.0003473 0.0416538 0.0017460
v 0.0003020 0.0414554 0.0015183
v -0.0000000 0.0416786 0.0017802
v -0.0000000 0.0414802 0.0015480
v -0.0003473 0.0417034 0.0017460
v -0.0003020 0.0415050 0.0015183
v -0.0006813 0.0417282 0.0016447
v -0.0005924 0.0415298 0.0014302
v -0.0009890 0.0417531 0.0014802
v -0.0008600 0.0415546 0.0012871
v -0.0012588 0.0417779 0.0012588
v -0.0010946 0.0415794 0.0010946
v -0.0014802 0.0418027 0.0009890
v -0.0012871 0.0416042 0.0008600
v -0.0016447 0.0418275 0.0006813
v -0.0014302 0.0416290 0.0005924
v -0.0017460 0.0418523 0.0003473
v -0.0015183 0.0416538 0.0003020
v -0.0017802 0.0418771 -0.0000000
v -0.0015480 0.0416787 -0.0000000
v -0.0017460 0.0419019 -0.0003473
v -0.0015183 0.0417035 -0.0003020
v -0.0016447 0.0419267 -0.0006813
v -0.0014302 0.0417283 -0.0005924
v -0.0014802 0.0419515 -0.0009890
v -0.0012871 0.0417531 -0.0008600
v -0.0012588 0.0419763 -0.0012588
v -0.0010946 0.0417779 -0.0010946
v -0.0009890 0.0420011 -0.0014802
v -0.0008600 0.0418027 -0.0012871
v -0.0006813 0.0420259 -0.0016447
v -0.0005924 0.0418275 -0.0014302
v -0.0003473 0.0420508 -0.0017460
v -0.0003020 0.0418523 -0.0015183
v -0.0000000 0.0420756 -0.0017802
v -0.0000000 0.0418771 -0.0015480
v 0.0003473 0.0421004 -0.0017460
v 0.0003020 0.0419019 -0.0015183
v 0.0006813 0.0421252 -0.0016447
v 0.0005924 0.0419267 -0.0014302
v 0.0009890 0.0421500 -0.0014802
v 0.0008600 0.0419516 -0.0012871
v 0.0012588 0.0421748 -0.0012588
v 0.0010946 0.0419764 -0.0010946
v 0.0014802 0.0421996 -0.0009890
v 0.0012871 0.0420012 -0.0008600
v 0.0016447 0.0422244 -0.0006813
v 0.0014302 0.0420260 -0.0005924
v 0.0017460 0.0422492 -0.0003473
v 0.0015183 0.0420508 -0.0003020
v 0.0017802 0.0422740 -0.0000000
v 0.0015480 0.0420756 -0.0000000
v 0.0017460 0.0422988 0.0003473
v 0.0015183 0.0421004 0.0003020
v 0.0016447 0.0423237 0.0006813
v 0.0014302 0.0421252 0.0005924
v 0.0014802 0.0423485 0.0009890
v 0.0012871 0.0421500 0.0008600
v 0.0012588 0.0423733 0.0012588
v 0.0010946 0.0421748 0.0010946
v 0.0009890 0.0423981 0.0014802
v 0.0008600 0.0421996 0.0012871
v 0.0006813 0.0424229 0.0016447
v 0.0005924 0.0422245 0.0014302
v 0.0003473 0.0424477 0.0017460
v 0.0003020 0.0422493 0.0015183
v 0.0000000 0.0424725 0.0017802
v 0.0000000 0.0422741 0.0015480
v -0.0003473 0.0424973 0.0017460
v -0.0003020 0.0422989 0.0015183
v -0.0006813 0.0425221 0.0016447
v -0.0005924 0.0423237 0.0014302
v -0.0009890 0.0425469 0.0014802
v -0.0008600 0.0423485 0.0012871
v -0.0012588 0.0425717 0.0012588
v -0.0010946 0.0423733 0.0010946
v -0.0014802 0.0425965 0.0009890
v -0.0012871 0.0423981 0.0008600
v -0.0016447 0.0426214 0.0006813
v -0.0014302 0.0424229 0.0005924
v -0.0017460 0.0426462 0.0003473
v -0.0015183 0.0424477 0.0003020
v -0.0017802 0.0426710 0.0000000
v -0.0015480 0.0424725 0.0000000
v -0.0017460 0.0426958 -0.0003473
v -0.0015183 0.0424973 -0.0003020
v -0.0016447 0.0427206 -0.0006813
v -0.0014302 0.0425222 -0.0005924
v -0.0014802 0.0427454 -0.0009890
v -0.0012871 0.0425470 -0.0008600
v -0.0012588 0.0427702 -0.0012588
v -0.0010946 0.0425718 -0.0010946
v -0.0009890 0.0427950 -0.0014802
v -0.0008600 0.0425966 -0.0012871
v -0.0006813 0.0428198 -0.0016447
v -0.0005924 0.0426214 -0.0014302
v -0.0003473 0.0428446 -0.0017460
v -0.0003020 0.0426462 -0.0015183
v -0.0000000 0.0428694 -0.0017802
v -0.0000000 0.0426710 -0.0015480
v 0.0003473 0.0428943 -0.0017460
v 0.0003020 0.0426958 -0.0015183
v 0.0006813 0.0429191 -0.0016447
v 0.0005924 0.0427206 -0.0014302
v 0.0009890 0.0429439 -0.0014802
v 0.0008600 0.0427454 -0.0012871
v 0.0012588 0.0429687 -0.0012588
v 0.0010946 0.0427702 -0.0010946
v 0.0014802 0.0429935 -0.0009890
v 0.0012871 0.0427951 -0.0008600
v 0.0016447 0.0430183 -0.0006813
v 0.0014302 0.0428199 -0.0005924
v 0.0017460 0.0430431 -0.0003473
v 0.0015183 0.0428447 -0.0003020
v 0.0017802 0.0430679 -0.0000000
v 0.0015480 0.0428695 -0.0000000
v 0.0017460 0.0430927 0.0003473
v 0.0015183 0.0428943 0.0003020
v 0.0016447 0.0431175 0.0006813
v 0.0014302 0.0429191 0.0005924
v 0.0014802 0.0431423 0.0009890
v 0.0012871 0.0429439 0.0008600
v 0.0012588 0.0431671 0.0012588
v 0.0010946 0.0429687 0.0010946
v 0.0009890 0.0431920 0.0014802
v 0.0008600 0.0429935 0.0012871
v 0.0006813 0.0432168 0.0016447
v 0.0005924 0.0430183 0.0014302
v 0.0003473 0.0432416 0.0017460
v 0.0003020 0.0430431 0.0015183
v 0.0000000 0.0432664 0.0017802
v 0.0000000 0.0430679 0.0015480
v -0.0003473 0.0432912 0.0017460
v -0.0003020 0.0430928 0.0015183
v -0.0006813 0.0433160 0.0016447
v -0.0005924 0.0431176 0.0014302
v -0.0009890 0.0433408 0.0014802
v -0.0008600 0.0431424 0.0012871
v -0.0012588 0.0433656 0.0012588
v -0.0010946 0.0431672 0.0010946
v -0.0014802 0.0433904 0.0009890
v -0.0012871 0.0431920 0.0008600
v -0.0016447 0.0434152 0.0006813
v -0.0014302 0.0432168 0.0005924
v -0.0017460 0.0434400 0.0003473
v -0.0015183 0.0432416 0.0003020
v -0.0017802 0.0434649 0.0000000
v -0.0015480 0.0432664 0.0000000
v -0.0017460 0.0434897 -0.0003473
v -0.0015183 0.0432912 -0.0003020
v -0.0016447 0.0435145 -0.0006813
v -0.0014302 0.0433160 -0.0005924
v -0.0014802 0.0435393 -0.0009890
v -0.0012871 0.0433408 -0.0008600
v -0.0012588 0.0435641 -0.0012588
v -0.0010946 0.0433657 -0.0010946
v -0.0009890 0.0435889 -0.0014802
v -0.0008600 0.0433905 -0.0012871
v -0.0006813 0.0436137 -0.0016447
v -0.0005924 0.0434153 -0.0014302
v -0.0003473 0.0436385 -0.0017460
v -0.0003020 0.0434401 -0.0015183
v 0.0000000 0.0436633 -0.0017802
v 0.0000000 0.0434649 -0.0015480
v 0.0003473 0.0436881 -0.0017460
v 0.0003020 0.0434897 -0.0015183
v 0.0006813 0.0437129 -0.0016447
v 0.0005924 0.0435145 -0.0014302
v 0.0009890 0.0437378 -0.0014802
v 0.0008600 0.0435393 -0.0012871
v 0.0012588 0.0437626 -0.0012588
v 0.0010946 0.0435641 -0.0010946
v 0.0014802 0.0437874 -0.0009890
v 0.0012871 0.0435889 -0.0008600
v 0.0016447 0.0438122 -0.0006813
v 0.0014302 0.0436137 -0.0005924
v 0.0017460 0.0438370 -0.0003473
v 0.0015183 0.0436385 -0.0003020
v 0.0017802 0.0438618 0.0000000
v 0.0015480 0.0436634 0.0000000
v 0.0017460 0.0438866 0.0003473
v 0.0015183 0.0436882 0.0003020
v 0.0016447 0.0439114 0.0006813
v 0.0014302 0.0437130 0.0005924
v 0.0014802 0.0439362 0.0009890
v 0.0012871 0.0437378 0.0008600
v 0.0012588 0.0439610 0.0012588
v 0.0010946 0.0437626 0.0010946
v 0.0009890 0.0439858 0.0014802
v 0.0008600 0.0437874 0.0012871
v 0.0006813 0.0440106 0.0016447
v 0.0005924 0.0438122 0.0014302
v 0.0003473 0.0440355 0.0017460
v 0.0003020 0.0438370 0.0015183
v -0.0000000 0.0440603 0.0017802
v -0.0000000 0.0438618 0.0015480
v -0.0003473 0.0440851 0.0017460
v -0.0003020 0.0438866 0.0015183
v -0.0006813 0.0441099 0.0016447
v -0.0005924 0.0439114 0.0014302
v -0.0009890 0.0441347 0.0014802
v -0.0008600 0.0439363 0.0012871
v -0.0012588 0.0441595 0.0012588
v -0.0010946 0.0439611 0.0010946
v -0.0014802 0.0441843 0.0009890
v -0.0012871 0.0439859 0.0008600
v -0.0016447 0.0442091 0.0006813
v -0.0014302 0.0440107 0.0005924
v -0.0017460 0.0442339 0.0003473
v -0.0015183 0.0440355 0.0003020
v -0.0017802 0.0442587 0.0000000
v -0.0015480 0.0440603 0.0000000
v -0.0017460 0.0442835 -0.0003473
v -0.0015183 0.0440851 -0.0003020
v -0.0016447 0.0443084 -0.0006813
v -0.0014302 0.0441099 -0.0005924
v -0.0014802 0.0443332 -0.0009890
v -0.0012871 0.0441347 -0.0008600
v -0.0012588 0.0443580 -0.0012588
v -0.0010946 0.0441595 -0.0010946
v -0.0009890 0.0443828 -0.0014802
v -0.0008600 0.0441843 -0.0012871
v -0.0006813 0.0444076 -0.0016447
v -0.0005924 0.0442091 -0.0014302
v -0.0003473 0.0444324 -0.0017460
v -0.0003020 0.0442340 -0.0015183
v -0.0000000 0.0444572 -0.0017802
v -0.0000000 0.0442588 -0.0015480
v 0.0003473 0.0444820 -0.0017460
v 0.0003020 0.0442836 -0.0015183
v 0.0006813 0.0445068 -0.0016447
v 0.0005924 0.0443084 -0.0014302
v 0.0009890 0.0445316 -0.0014802
v 0.0008600 0.0443332 -0.0012871
v 0.0012588 0.0445564 -0.0012588
v 0.0010946 0.0443580 -0.0010946
v 0.0014802 0.0445812 -0.0009890
v 0.0012871 0.0443828 -0.0008600
v 0.0016447 0.0446061 -0.0006813
v 0.0014302 0.0444076 -0.0005924
v 0.0017460 0.0446309 -0.0003473
v 0.0015183 0.0444324 -0.0003020
v 0.0017802 0.0446557 -0.0000000
v 0.0015480 0.0444572 -0.0000000
v 0.0017460 0.0446805 0.0003473
v 0.0015183 0.0444820 0.0003020
v 0.0016447 0.0447053 0.0006813
v 0.0014302 0.0445069 0.0005924
v 0.0014802 0.0447301 0.0009890
v 0.0012871 0.0445317 0.0008600
v 0.0012588 0.0447549 0.0012588
v 0.0010946 0.0445565 0.0010946
v 0.0009890 0.0447797 0.0014802
v 0.0008600 0.0445813 0.0012871
v 0.0006813 0.0448045 0.0016447
v 0.0005924 0.0446061 0.0014302
v 0.0003473 0.0448293 0.0017460
v 0.0003020 0.0446309 0.0015183
v 0.0000000 0.0448541 0.0017802
v 0.0000000 0.0446557 0.0015480
v -0.0003473 0.0448790 0.0017460
v -0.0003020 0.0446805 0.0015183
v -0.0006813 0.0449038 0.0016447
v -0.0005924 0.0447053 0.0014302
v -0.0009890 0.0449286 0.0014802
v -0.0008600 0.0447301 0.0012871
v -0.0012588 0.0449534 0.0012588
v -0.0010946 0.0447549 0.0010946
v -0.0014802 0.0449782 0.0009890
v -0.0012871 0.0447797 0.0008600
v -0.0016447 0.0450030 0.0006813
v -0.0014302 0.0448046 0.0005924
v -0.0017460 0.0450278 0.0003473
v -0.0015183 0.0448294 0.0003020
v -0.0017802 0.0450526 0.0000000
v -0.0015480 0.0448542 0.0000000
v -0.0017460 0.0450774 -0.0003473
v -0.0015183 0.0448790 -0.0003020
v -0.0016447 0.0451022 -0.0006813
v -0.0014302 0.0449038 -0.0005924
v -0.0014802 0.0451270 -0.0009890
v -0.0012871 0.0449286 -0.0008600
v -0.0012588 0.0451518 -0.0012588
v -0.0010946 0.0449534 -0.0010946
v -0.0009890 0.0451767 -0.0014802
v -0.0008600 0.0449782 -0.0012871
v -0.0006813 0.0452015 -0.0016447
v -0.0005924 0.0450030 -0.0014302
v -0.0003473 0.0452263 -0.0017460
v -0.0003020 0.0450278 -0.0015183
v -0.0000000 0.0452511 -0.0017802
v -0.0000000 0.0450526 -0.0015480
v 0.0003473 0.0452759 -0.0017460
v 0.0003020 0.0450775 -0.0015183
v 0.0006813 0.0453007 -0.0016447
v 0.0005924 0.0451023 -0.0014302
v 0.0009890 0.0453255 -0.0014802
v 0.0008600 0.0451271 -0.0012871
v 0.0012588 0.0453503 -0.0012588
v 0.0010946 0.0451519 -0.0010946
v 0.0014802 0.0453751 -0.0009890
v 0.0012871 0.0451767 -0.0008600
v 0.0016447 0.0453999 -0.0006813
v 0.0014302 0.0452015 -0.0005924
v 0.0017460 0.0454247 -0.0003473
v 0.0015183 0.0452263 -0.0003020
v 0.0017802 0.0454496 -0.0000000
v 0.0015480 0.0452511 -0.0000000
v 0.0017460 0.0454744 0.0003473
v 0.0015183 0.0452759 0.0003020
v 0.0016447 0.0454992 0.0006813
v 0.0014302 0.0453007 0.0005924
v 0.0014802 0.0455240 0.0009890
v 0.0012871 0.0453255 0.0008600
v 0.0012588 0.0455488 0.0012588
v 0.0010946 0.0453503 0.0010946
v 0.0009890 0.0455736 0.0014802
v 0.0008600 0.0453752 0.0012871
v 0.0006813 0.0455984 0.0016447
v 0.0005924 0.0454000 0.0014302
v 0.0003473 0.0456232 0.0017460
v 0.0003020 0.0454248 0.0015183
v 0.0000000 0.0456480 0.0017802
v 0.0000000 0.0454496 0.0015480
v -0.0003473 0.0456728 0.0017460
v -0.0003020 0.0454744 0.0015183
v -0.0006813 0.0456976 0.0016447
v -0.0005924 0.0454992 0.0014302
v -0.0009890 0.0457224 0.0014802
v -0.0008600 0.0455240 0.0012871
v -0.0012588 0.0457473 0.0012588
v -0.0010946 0.0455488 0.0010946
v -0.0014802 0.0457721 0.0009890
v -0.0012871 0.0455736 0.0008600
v -0.0016447 0.0457969 0.0006813
v -0.0014302 0.0455984 0.0005924
v -0.0017460 0.0458217 0.0003473
v -0.0015183 0.0456232 0.0003020
v -0.0017802 0.0458465 -0.0000000
v -0.0015480 0.0456481 -0.0000000
v -0.0017460 0.0458713 -0.0003473
v -0.0015183 0.0456729 -0.0003020
v -0.0016447 0.0458961 -0.0006813
v -0.0014302 0.0456977 -0.0005924
v -0.0014802 0.0459209 -0.0009890
v -0.0012871 0.0457225 -0.0008600
v -0.0012588 0.0459457 -0.0012588
v -0.0010946 0.0457473 -0.0010946
v -0.0009890 0.0459705 -0.0014802
v -0.0008600 0.0457721 -0.0012871
v -0.0006813 0.0459953 -0.0016447
v -0.0005924 0.0457969 -0.0014302
v -0.0003473 0.0460202 -0.0017460
v -0.0003020 0.0458217 -0.0015183
v 0.0000000 0.0460450 -0.0017802
v 0.0000000 0.0458465 -0.0015480
v 0.0003473 0.0460698 -0.0017460
v 0.0003020 0.0458713 -0.0015183
v 0.0006813 0.0460946 -0.0016447
v 0.0005924 0.0458961 -0.0014302
v 0.0009890 0.0461194 -0.0014802
v 0.0008600 0.0459210 -0.0012871
v 0.0012588 0.0461442 -0.0012588
v 0.0010946 0.0459458 -0.0010946
v 0.0014802 0.0461690 -0.0009890
v 0.0012871 0.0459706 -0.0008600
v 0.0016447 0.0461938 -0.0006813
v 0.0014302 0.0459954 -0.0005924
v 0.0017460 0.0462186 -0.0003473
v 0.0015183 0.0460202 -0.0003020
v 0.0017802 0.0462434 0.0000000
v 0.0015480 0.0460450 0.0000000
v 0.0017460 0.0462682 0.0003473
v 0.0015183 0.0460698 0.0003020
v 0.0016447 0.0462930 0.0006813
v 0.0014302 0.0460946 0.0005924
v 0.0014802 0.0463179 0.0009890
v 0.0012871 0.0461194 0.0008600
v 0.0012588 0.0463427 0.0012588
v 0.0010946 0.0461442 0.0010946
v 0.0009890 0.0463675 0.0014802
v 0.0008600 0.0461690 0.0012871
v 0.0006813 0.0463923 0.0016447
v 0.0005924 0.0461938 0.0014302
v 0.0003473 0.0464171 0.0017460
v 0.0003020 0.0462187 0.0015183
v 0.0000000 0.0464419 0.0017802
v 0.0000000 0.0462435 0.0015480
v -0.0003473 0.0464667 0.0017460
v -0.0003020 0.0462683 0.0015183
v -0.0006813 0.0464915 0.0016447
v -0.0005924 0.0462931 0.0014302
v -0.0009890 0.0465163 0.0014802
v -0.0008600 0.0463179 0.0012871
v -0.0012588 0.0465411 0.0012588
v -0.0010946 0.0463427 0.0010946
v -0.0014802 0.0465659 0.0009890
v -0.0012871 0.0463675 0.0008600
v -0.0016447 0.0465908 0.0006813
v -0.0014302 0.0463923 0.0005924
v -0.0017460 0.0466156 0.0003473
v -0.0015183 0.0464171 0.0003020
v -0.0017802 0.0466404 0.0000000
v -0.0015480 0.0464419 0.0000000
v -0.0017460 0.0466652 -0.0003473
v -0.0015183 0.0464667 -0.0003020
v -0.0016447 0.0466900 -0.0006813
v -0.0014302 0.0464916 -0.0005924
v -0.0014802 0.0467148 -0.0009890
v -0.0012871 0.0465164 -0.0008600
v -0.0012588 0.0467396 -0.0012588
v -0.0010946 0.0465412 -0.0010946
v -0.0009890 0.0467644 -0.0014802
v -0.0008600 0.0465660 -0.0012871
v -0.0006813 0.0467892 -0.0016447
v -0.0005924 0.0465908 -0.0014302
v -0.0003473 0.0468140 -0.0017460
v -0.0003020 0.0466156 -0.0015183
v -0.0000000 0.0468388 -0.0017802
v -0.0000000 0.0466404 -0.0015480
v 0.0003473 0.0468636 -0.0017460
v 0.0003020 0.0466652 -0.0015183
v 0.0006813 0.0468885 -0.0016447
v 0.0005924 0.0466900 -0.0014302
v 0.0009890 0.0469133 -0.0014802
v 0.0008600 0.0467148 -0.0012871
v 0.0012588 0.0469381 -0.0012588
v 0.0010946 0.0467396 -0.0010946
v 0.0014802 0.0469629 -0.0009890
v 0.0012871 0.0467644 -0.0008600
v 0.0016447 0.0469877 -0.0006813
v 0.0014302 0.0467893 -0.0005924
v 0.0017460 0.0470125 -0.0003473
v 0.0015183 0.0468141 -0.0003020
v 0.0017802 0.0470373 -0.0000000
v 0.0015480 0.0468389 -0.0000000
v 0.0017460 0.0470621 0.0003473
v 0.0015183 0.0468637 0.0003020
v 0.0016447 0.0470869 0.0006813
v 0.0014302 0.0468885 0.0005924
v 0.0014802 0.0471117 0.0009890
v 0.0012871 0.0469133 0.0008600
v 0.0012588 0.0471365 0.0012588
v 0.0010946 0.0469381 0.0010946
v 0.0009890 0.0471614 0.0014802
v 0.0008600 0.0469629 0.0012871
v 0.0006813 0.0471862 0.0016447
v 0.0005924 0.0469877 0.0014302
v 0.0003473 0.0472110 0.0017460
v 0.0003020 0.0470125 0.0015183
v 0.0000000 0.0472358 0.0017802
v 0.0000000 0.0470373 0.0015480
v -0.0003473 0.0472606 0.0017460
v -0.0003020 0.0470622 0.0015183
v -0.0006813 0.0472854 0.0016447
v -0.0005924 0.0470870 0.0014302
v -0.0009890 0.0473102 0.0014802
v -0.0008600 0.0471118 0.0012871
v -0.0012588 0.0473350 0.0012588
v -0.0010946 0.0471366 0.0010946
v -0.0014802 0.0473598 0.0009890
v -0.0012871 0.0471614 0.0008600
v -0.0016447 0.0473846 0.0006813
v -0.0014302 0.0471862 0.0005924
v -0.0017460 0.0474094 0.0003473
v -0.0015183 0.0472110 0.0003020
v -0.0017802 0.0474343 0.0000000
v -0.0015480 0.0472358 0.0000000
v -0.0017460 0.0474591 -0.0003473
v -0.0015183 0.0472606 -0.0003020
v -0.0016447 0.0474839 -0.0006813
v -0.0014302 0.0472854 -0.0005924
v -0.0014802 0.0475087 -0.0009890
v -0.0012871 0.0473102 -0.0008600
v -0.0012588 0.0475335 -0.0012588
v -0.0010946 0.0473350 -0.0010946
v -0.0009890 0.0475583 -0.0014802
v -0.0008600 0.0473599 -0.0012871
v -0.0006813 0.0475831 -0.0016447
v -0.0005924 0.0473847 -0.0014302
v -0.0003473 0.0476079 -0.0017460
v -0.0003020 0.0474095 -0.0015183
v -0.0000000 0.0476327 -0.0017802
v -0.0000000 0.0474343 -0.0015480
v 0.0003473 0.0476575 -0.0017460
v 0.0003020 0.0474591 -0.0015183
v 0.0006813 0.0476823 -0.0016447
v 0.0005924 0.0474839 -0.0014302
v 0.0009890 0.0477071 -0.0014802
v 0.0008600 0.0475087 -0.0012871
v 0.0012588 0.0477320 -0.0012588
v 0.0010946 0.0475335 -0.0010946
v 0.0014802 0.0477568 -0.0009890
v 0.0012871 0.0475583 -0.0008600
v 0.0016447 0.0477816 -0.0006813
v 0.0014302 0.0475831 -0.0005924
v 0.0017460 0.0478064 -0.0003473
v 0.0015183 0.0476079 -0.0003020
v 0.0017802 0.0478312 -0.0000000
v 0.0015480 0.0476328 -0.0000000
v 0.0017460 0.0478560 0.0003473
v 0.0015183 0.0476576 0.0003020
v 0.0016447 0.0478808 0.0006813
v 0.0014302 0.0476824 0.0005924
v 0.0014802 0.0479056 0.0009890
v 0.0012871 0.0477072 0.0008600
v 0.0012588 0.0479304 0.0012588
v 0.0010946 0.0477320 0.0010946
v 0.0009890 0.0479552 0.0014802
v 0.0008600 0.0477568 0.0012871
v 0.0006813 0.0479800 0.0016447
v 0.0005924 0.0477816 0.0014302
v 0.0003473 0.0480049 0.0017460
v 0.0003020 0.0478064 0.0015183
v -0.0000000 0.0480297 0.0017802
v -0.0000000 0.0478312 0.0015480
v -0.0003473 0.0480545 0.0017460
v -0.0003020 0.0478560 0.0015183
v -0.0006813 0.0480793 0.0016447
v -0.0005924 0.0478808 0.0014302
v -0.0009890 0.0481041 0.0014802
v -0.0008600 0.0479056 0.0012871
v -0.0012588 0.0481289 0.0012588
v -0.0010946 0.0479305 0.0010946
v -0.0014802 0.0481537 0.0009890
v -0.0012871 0.0479553 0.0008600
v -0.0016447 0.0481785 0.0006813
v -0.0014302 0.0479801 0.0005924
v -0.0017460 0.0482033 0.0003473
v -0.0015183 0.0480049 0.0003020
v -0.0017802 0.0482281 -0.0000000
v -0.0015480 0.0480297 -0.0000000
v -0.0017460 0.0482529 -0.0003473
v -0.0015183 0.0480545 -0.0003020
v -0.0016447 0.0482777 -0.0006813
v -0.0014302 0.0480793 -0.0005924
v -0.0014802 0.0483026 -0.0009890
v -0.0012871 0.0481041 -0.0008600
v -0.0012588 0.0483274 -0.0012588
v -0.0010946 0.0481289 -0.0010946
v -0.0009890 0.0483522 -0.0014802
v -0.0008600 0.0481537 -0.0012871
v -0.0006813 0.0483770 -0.0016447
v -0.0005924 0.0481785 -0.0014302
v -0.0003473 0.0484018 -0.0017460
v -0.0003020 0.0482034 -0.0015183
v -0.0000000 0.0484266 -0.0017802
v -0.0000000 0.0482282 -0.0015480
v 0.0003473 0.0484514 -0.0017460
v 0.0003020 0.0482530 -0.0015183
v 0.0006813 0.0484762 -0.0016447
v 0.0005924 0.0482778 -0.0014302
v 0.0009890 0.0485010 -0.0014802
v 0.0008600 0.0483026 -0.0012871
v 0.0012588 0.0485258 -0.0012588
v 0.0010946 0.0483274 -0.0010946
v 0.0014802 0.0485506 -0.0009890
v 0.0012871 0.0483522 -0.0008600
v 0.0016447 0.0485755 -0.0006813
v 0.0014302 0.0483770 -0.0005924
v 0.0017460 0.0486003 -0.0003473
v 0.0015183 0.0484018 -0.0003020
v 0.0017802 0.0486251 -0.0000000
v 0.0015480 0.0484266 -0.0000000
v 0.0017460 0.0486499 0.0003473
v 0.0015183 0.0484514 0.0003020
v 0.0016447 0.0486747 0.0006813
v 0.0014302 0.0484762 0.0005924
v 0.0014802 0.0486995 0.0009890
v 0.0012871 0.0485011 0.0008600
v 0.0012588 0.0487243 0.0012588
v 0.0010946 0.0485259 0.0010946
v 0.0009890 0.0487491 0.0014802
v 0.0008600 0.0485507 0.0012871
v 0.0006813 0.0487739 0.0016447
v 0.0005924 0.0485755 0.0014302
v 0.0003473 0.0487987 0.0017460
v 0.0003020 0.0486003 0.0015183
v 0.0000000 0.0488235 0.0017802
v 0.0000000 0.0486251 0.0015480
v -0.0003473 0.0488483 0.0017460
v -0.0003020 0.0486499 0.0015183
v -0.0006813 0.0488732 0.0016447
v -0.0005924 0.0486747 0.0014302
v -0.0009890 0.0488980 0.0014802
v -0.0008600 0.0486995 0.0012871
v -0.0012588 0.0489228 0.0012588
v -0.0010946 0.0487243 0.0010946
v -0.0014802 0.0489476 0.0009890
v -0.0012871 0.0487491 0.0008600
v -0.0016447 0.0489724 0.0006813
v -0.0014302 0.0487740 0.0005924
v -0.0017460 0.0489972 0.0003473
v -0.0015183 0.0487988 0.0003020
v -0.0017802 0.0490220 0.0000000
v -0.0015480 0.0488236 0.0000000
v -0.0017460 0.0490468 -0.0003473
v -0.0015183 0.0488484 -0.0003020
v -0.0016447 0.0490716 -0.0006813
v -0.0014302 0.0488732 -0.0005924
v -0.0014802 0.0490964 -0.0009890
v -0.0012871 0.0488980 -0.0008600
v -0.0012588 0.0491212 -0.0012588
v -0.0010946 0.0489228 -0.0010946
v -0.0009890 0.0491461 -0.0014802
v -0.0008600 0.0489476 -0.0012871
v -0.0006813 0.0491709 -0.0016447
v -0.0005924 0.0489724 -0.0014302
v -0.0003473 0.0491957 -0.0017460
v -0.0003020 0.0489972 -0.0015183
v -0.0000000 0.0492205 -0.0017802
v -0.0000000 0.0490220 -0.0015480
v 0.0003473 0.0492453 -0.0017460
v 0.0003020 0.0490469 -0.0015183
v 0.0006813 0.0492701 -0.0016447
v 0.0005924 0.0490717 -0.0014302
v 0.0009890 0.0492949 -0.0014802
v 0.0008600 0.0490965 -0.0012871
v 0.0012588 0.0493197 -0.0012588
v 0.0010946 0.0491213 -0.0010946
v 0.0014802 0.0493445 -0.0009890
v 0.0012871 0.0491461 -0.0008600
v 0.0016447 0.0493693 -0.0006813
v 0.0014302 0.0491709 -0.0005924
v 0.0017460 0.0493941 -0.0003473
v 0.0015183 0.0491957 -0.0003020
v 0.0017802 0.0494189 -0.0000000
v 0.0015480 0.0492205 -0.0000000
v 0.0017460 0.0494438 0.0003473
v 0.0015183 0.0492453 0.0003020
v 0.0016447 0.0494686 0.0006813
v 0.0014302 0.0492701 0.0005924
v 0.0014802 0.0494934 0.0009890
v 0.0012871 0.0492949 0.0008600
v 0.0012588 0.0495182 0.0012588
v 0.0010946 0.0493197 0.0010946
v 0.0009890 0.0495430 0.0014802
v 0.0008600 0.0493446 0.0012871
v 0.0006813 0.0495678 0.0016447
v 0.0005924 0.0493694 0.0014302
v 0.0003473 0.0495926 0.0017460
v 0.0003020 0.0493942 0.0015183
v 0.0000000 0.0496174 0.0017802
v 0.0000000 0.0494190 0.0015480
v -0.0003473 0.0496422 0.0017460
v -0.0003020 0.0494438 0.0015183
v -0.0006813 0.0496670 0.0016447
v -0.0005924 0.0494686 0.0014302
v -0.0009890 0.0496918 0.0014802
v -0.0008600 0.0494934 0.0012871
v -0.0012588 0.0497167 0.0012588
v -0.0010946 0.0495182 0.0010946
v -0.0014802 0.0497415 0.0009890
v -0.0012871 0.0495430 0.0008600
v -0.0016447 0.0497663 0.0006813
v -0.0014302 0.0495678 0.0005924
v -0.0017460 0.0497911 0.0003473
v -0.0015183 0.0495926 0.0003020
v -0.0017802 0.0498159 0.0000000
v -0.0015480 0.0496175 0.0000000
v -0.0017460 0.0498407 -0.0003473
v -0.0015183 0.0496423 -0.0003020
v -0.0016447 0.0498655 -0.0006813
v -0.0014302 0.0496671 -0.0005924
v -0.0014802 0.0498903 -0.0009890
v -0.0012871 0.0496919 -0.0008600
v -0.0012588 0.0499151 -0.0012588
v -0.0010946 0.0497167 -0.0010946
v -0.0009890 0.0499399 -0.0014802
v -0.0008600 0.0497415 -0.0012871
v -0.0006813 0.0499647 -0.0016447
v -0.0005924 0.0497663 -0.0014302
v -0.0003473 0.0499895 -0.0017460
v -0.0003020 0.0497911 -0.0015183
v 0.0000000 0.0500144 -0.0017802
v 0.0000000 0.0498159 -0.0015480
v 0.0003473 0.0500392 -0.0017460
v 0.0003020 0.0498407 -0.0015183
v 0.0006813 0.0500640 -0.0016447
v 0.0005924 0.0498655 -0.0014302
v 0.0009890 0.0500888 -0.0014802
v 0.0008600 0.0498903 -0.0012871
v 0.0012588 0.0501136 -0.0012588
v 0.0010946 0.0499152 -0.0010946
v 0.0014802 0.0501384 -0.0009890
v 0.0012871 0.0499400 -0.0008600
v 0.0016447 0.0501632 -0.0006813
v 0.0014302 0.0499648 -0.0005924
v 0.0017460 0.0501880 -0.0003473
v 0.0015183 0.0499896 -0.0003020
v 0.0017802 0.0502128 0.0000000
v 0.0015480 0.0500144 0.0000000
v 0.0017460 0.0502376 0.0003473
v 0.0015183 0.0500392 0.0003020
v 0.0016447 0.0502624 0.0006813
v 0.0014302 0.0500640 0.0005924
v 0.0014802 0.0502873 0.0009890
v 0.0012871 0.0500888 0.0008600
v 0.0012588 0.0503121 0.0012588
v 0.0010946 0.0501136 0.0010946
v 0.0009890 0.0503369 0.0014802
v 0.0008600 0.0501384 0.0012871
v 0.0006813 0.0503617 0.0016447
v 0.0005924 0.0501632 0.0014302
v 0.0003473 0.0503865 0.0017460
v 0.0003020 0.0501881 0.0015183
v -0.0000000 0.0504113 0.0017802
v -0.0000000 0.0502129 0.0015480
v -0.0003473 0.0504361 0.0017460
v -0.0003020 0.0502377 0.0015183
v -0.0006813 0.0504609 0.0016447
v -0.0005924 0.0502625 0.0014302
v -0.0009890 0.0504857 0.0014802
v -0.0008600 0.0502873 0.0012871
v -0.0012588 0.0505105 0.0012588
v -0.0010946 0.0503121 0.0010946
v -0.0014802 0.0505353 0.0009890
v -0.0012871 0.0503369 0.0008600
v -0.0016447 0.0505602 0.0006813
v -0.0014302 0.0503617 0.0005924
v -0.0017460 0.0505850 0.0003473
v -0.0015183 0.0503865 0.0003020
v -0.0017802 0.0506098 0.0000000
v -0.0015480 0.0504113 0.0000000
v -0.0017460 0.0506346 -0.0003473
v -0.0015183 0.0504361 -0.0003020
v -0.0016447 0.0506594 -0.0006813
v -0.0014302 0.0504609 -0.0005924
v -0.0014802 0.0506842 -0.0009890
v -0.0012871 0.0504858 -0.0008600
v -0.0012588 0.0507090 -0.0012588
v -0.0010946 0.0505106 -0.0010946
v -0.0009890 0.0507338 -0.0014802
v -0.0008600 0.0505354 -0.0012871
v -0.0006813 0.0507586 -0.0016447
v -0.0005924 0.0505602 -0.0014302
v -0.0003473 0.0507834 -0.0017460
v -0.0003020 0.0505850 -0.0015183
v -0.0000000 0.0508082 -0.0017802
v -0.0000000 0.0506098 -0.0015480
v 0.0003473 0.0508330 -0.0017460
v 0.0003020 0.0506346 -0.0015183
v 0.0006813 0.0508579 -0.0016447
v 0.0005924 0.0506594 -0.0014302
v 0.0009890 0.0508827 -0.0014802
v 0.0008600 0.0506842 -0.0012871
v 0.0012588 0.0509075 -0.0012588
v 0.0010946 0.0507090 -0.0010946
v 0.0014802 0.0509323 -0.0009890
v 0.0012871 0.0507338 -0.0008600
v 0.0016447 0.0509571 -0.0006813
v 0.0014302 0.0507587 -0.0005924
v 0.0017460 0.0509819 -0.0003473
v 0.0015183 0.0507835 -0.0003020
v 0.0017802 0.0510067 -0.0000000
v 0.0015480 0.0508083 -0.0000000
v 0.0017460 0.0510315 0.0003473
v 0.0015183 0.0508331 0.0003020
v 0.0016447 0.0510563 0.0006813
v 0.0014302 0.0508579 0.0005924
v 0.0014802 0.0510811 0.0009890
v 0.0012871 0.0508827 0.0008600
v 0.0012588 0.0511059 0.0012588
v 0.0010946 0.0509075 0.0010946
v 0.0009890 0.0511308 0.0014802
v 0.0008600 0.0509323 0.0012871
v 0.0006813 0.0511556 0.0016447
v 0.0005924 0.0509571 0.0014302
v 0.0003473 0.0511804 0.0017460
v 0.0003020 0.0509819 0.0015183
v 0.0000000 0.0512052 0.0017802
v 0.0000000 0.0510067 0.0015480
v -0.0003473 0.0512300 0.0017460
v -0.0003020 0.0510315 0.0015183
v -0.0006813 0.0512548 0.0016447
v -0.0005924 0.0510564 0.0014302
v -0.0009890 0.0512796 0.0014802
v -0.0008600 0.0510812 0.0012871
v -0.0012588 0.0513044 0.0012588
v -0.0010946 0.0511060 0.0010946
v -0.0014802 0.0513292 0.0009890
v -0.0012871 0.0511308 0.0008600
v -0.0016447 0.0513540 0.0006813
v -0.0014302 0.0511556 0.0005924
v -0.0017460 0.0513788 0.0003473
v -0.0015183 0.0511804 0.0003020
v -0.0017802 0.0514036 0.0000000
v -0.0015480 0.0512052 0.0000000
v -0.0017460 0.0514285 -0.0003473
v -0.0015183 0.0512300 -0.0003020
v -0.0016447 0.0514533 -0.0006813
v -0.0014302 0.0512548 -0.0005924
v -0.0014802 0.0514781 -0.0009890
v -0.0012871 0.0512796 -0.0008600
v -0.0012588 0.0515029 -0.0012588
v -0.0010946 0.0513044 -0.0010946
v -0.0009890 0.0515277 -0.0014802
v -0.0008600 0.0513293 -0.0012871
v -0.0006813 0.0515525 -0.0016447
v -0.0005924 0.0513541 -0.0014302
v -0.0003473 0.0515773 -0.0017460
v -0.0003020 0.0513789 -0.0015183
v -0.0000000 0.0516021 -0.0017802
v -0.0000000 0.0514037 -0.0015480
v 0.0003473 0.0516269 -0.0017460
v 0.0003020 0.0514285 -0.0015183
v 0.0006813 0.0516517 -0.0016447
v 0.0005924 0.0514533 -0.0014302
v 0.0009890 0.0516765 -0.0014802
v 0.0008600 0.0514781 -0.0012871
v 0.0012588 0.0517014 -0.0012588
v 0.0010946 0.0515029 -0.0010946
v 0.0014802 0.0517262 -0.0009890
v 0.0012871 0.0515277 -0.0008600
v 0.0016447 0.0517510 -0.0006813
v 0.0014302 0.0515525 -0.0005924
v 0.0017460 0.0517758 -0.0003473
v 0.0015183 0.0515773 -0.0003020
v 0.0017802 0.0518006 -0.0000000
v 0.0015480 0.0516021 -0.0000000
v 0.0017460 0.0518254 0.0003473
v 0.0015183 0.0516270 0.0003020
v 0.0016447 0.0518502 0.0006813
v 0.0014302 0.0516518 0.0005924
v 0.0014802 0.0518750 0.0009890
v 0.0012871 0.0516766 0.0008600
v 0.0012588 0.0518998 0.0012588
v 0.0010946 0.0517014 0.0010946
v 0.0009890 0.0519246 0.0014802
v 0.0008600 0.0517262 0.0012871
v 0.0006813 0.0519494 0.0016447
v 0.0005924 0.0517510 0.0014302
v 0.0003473 0.0519742 0.0017460
v 0.0003020 0.0517758 0.0015183
v 0.0000000 0.0519991 0.0017802
v 0.0000000 0.0518006 0.0015480
v -0.0003473 0.0520239 0.0017460
v -0.0003020 0.0518254 0.0015183
v -0.0006813 0.0520487 0.0016447
v -0.0005924 0.0518502 0.0014302
v -0.0009890 0.0520735 0.0014802
v -0.0008600 0.0518750 0.0012871
v -0.0012588 0.0520983 0.0012588
v -0.0010946 0.0518999 0.0010946
v -0.0014802 0.0521231 0.0009890
v -0.0012871 0.0519247 0.0008600
v -0.0016447 0.0521479 0.0006813
v -0.0014302 0.0519495 0.0005924
v -0.0017460 0.0521727 0.0003473
v -0.0015183 0.0519743 0.0003020
v -0.0017802 0.0521975 -0.0000000
v -0.0015480 0.0519991 -0.0000000
v -0.0017460 0.0522223 -0.0003473
v -0.0015183 0.0520239 -0.0003020
v -0.0016447 0.0522471 -0.0006813
v -0.0014302 0.0520487 -0.0005924
v -0.0014802 0.0522720 -0.0009890
v -0.0012871 0.0520735 -0.0008600
v -0.0012588 0.0522968 -0.0012588
v -0.0010946 0.0520983 -0.0010946
v -0.0009890 0.0523216 -0.0014802
v -0.0008600 0.0521231 -0.0012871
v -0.0006813 0.0523464 -0.0016447
v -0.0005924 0.0521479 -0.0014302
v -0.0003473 0.0523712 -0.0017460
v -0.0003020 0.0521727 -0.0015183
v 0.0000000 0.0523960 -0.0017802
v 0.0000000 0.0521976 -0.0015480
v 0.0003473 0.0524208 -0.0017460
v 0.0003020 0.0522224 -0.0015183
v 0.0006813 0.0524456 -0.0016447
v 0.0005924 0.0522472 -0.0014302
v 0.0009890 0.0524704 -0.0014802
v 0.0008600 0.0522720 -0.0012871
v 0.0012588 0.0524952 -0.0012588
v 0.0010946 0.0522968 -0.0010946
v 0.0014802 0.0525200 -0.0009890
v 0.0012871 0.0523216 -0.0008600
v 0.0016447 0.0525448 -0.0006813
v 0.0014302 0.0523464 -0.0005924
v 0.0017460 0.0525697 -0.0003473
v 0.0015183 0.0523712 -0.0003020
v 0.0017802 0.0525945 -0.0000000
v 0.0015480 0.0523960 -0.0000000
v 0.0017460 0.0526193 0.0003473
v 0.0015183 0.0524208 0.0003020
v 0.0016447 0.0526441 0.0006813
v 0.0014302 0.0524456 0.0005924
v 0.0014802 0.0526689 0.0009890
v 0.0012871 0.0524705 0.0008600
v 0.0012588 0.0526937 0.0012588
v 0.0010946 0.0524953 0.0010946
v 0.0009890 0.0527185 0.0014802
v 0.0008600 0.0525201 0.0012871
v 0.0006813 0.0527433 0.0016447
v 0.0005924 0.0525449 0.0014302
v 0.0003473 0.0527681 0.0017460
v 0.0003020 0.0525697 0.0015183
v 0.0000000 0.0527929 0.0017802
v 0.0000000 0.0525945 0.0015480
v -0.0003473 0.0528177 0.0017460
v -0.0003020 0.0526193 0.0015183
v -0.0006813 0.0528426 0.0016447
v -0.0005924 0.0526441 0.0014302
v -0.0009890 0.0528674 0.0014802
v -0.0008600 0.0526689 0.0012871
v -0.0012588 0.0528922 0.0012588
v -0.0010946 0.0526937 0.0010946
v -0.0014802 0.0529170 0.0009890
v -0.0012871 0.0527185 0.0008600
v -0.0016447 0.0529418 0.0006813
v -0.0014302 0.0527434 0.0005924
v -0.0017460 0.0529666 0.0003473
v -0.0015183 0.0527682 0.0003020
v -0.0017802 0.0529914 0.0000000
v -0.0015480 0.0527930 0.0000000
v -0.0017460 0.0530162 -0.0003473
v -0.0015183 0.0528178 -0.0003020
v -0.0016447 0.0530410 -0.0006813
v -0.0014302 0.0528426 -0.0005924
v -0.0014802 0.0530658 -0.0009890
v -0.0012871 0.0528674 -0.0008600
v -0.0012588 0.0530906 -0.0012588
v -0.0010946 0.0528922 -0.0010946
v -0.0009890 0.0531154 -0.0014802
v -0.0008600 0.0529170 -0.0012871
v -0.0006813 0.0531403 -0.0016447
v -0.0005924 0.0529418 -0.0014302
v -0.0003473 0.0531651 -0.0017460
v -0.0003020 0.0529666 -0.0015183
v -0.0000000 0.0531899 -0.0017802
v -0.0000000 0.0529914 -0.0015480
v 0.0003473 0.0532147 -0.0017460
v 0.0003020 0.0530162 -0.0015183
v 0.0006813 0.0532395 -0.0016447
v 0.0005924 0.0530411 -0.0014302
v 0.0009890 0.0532643 -0.0014802
v 0.0008600 0.0530659 -0.0012871
v 0.0012588 0.0532891 -0.0012588
v 0.0010946 0.0530907 -0.0010946
v 0.0014802 0.0533139 -0.0009890
v 0.0012871 0.0531155 -0.0008600
v 0.0016447 0.0533387 -0.0006813
v 0.0014302 0.0531403 -0.0005924
v 0.0017460 0.0533635 -0.0003473
v 0.0015183 0.0531651 -0.0003020
v 0.0017802 0.0533883 -0.0000000
v 0.0015480 0.0531899 -0.0000000
v 0.0017460 0.0534132 0.0003473
v 0.0015183 0.0532147 0.0003020
v 0.0016447 0.0534380 0.0006813
v 0.0014302 0.0532395 0.0005924
v 0.0014802 0.0534628 0.0009890
v 0.0012871 0.0532643 0.0008600
v 0.0012588 0.0534876 0.0012588
v 0.0010946 0.0532891 0.0010946
v 0.0009890 0.0535124 0.0014802
v 0.0008600 0.0533140 0.0012871
v 0.0006813 0.0535372 0.0016447
v 0.0005924 0.0533388 0.0014302
v 0.0003473 0.0535620 0.0017460
v 0.0003020 0.0533636 0.0015183
v 0.0000000 0.0535868 0.0017802
v 0.0000000 0.0533884 0.0015480
v -0.0003473 0.0536116 0.0017460
v -0.0003020 0.0534132 0.0015183
v -0.0006813 0.0536364 0.0016447
v -0.0005924 0.0534380 0.0014302
v -0.0009890 0.0536612 0.0014802
v -0.0008600 0.0534628 0.0012871
v -0.0012588 0.0536860 0.0012588
v -0.0010946 0.0534876 0.0010946
v -0.0014802 0.0537109 0.0009890
v -0.0012871 0.0535124 0.0008600
v -0.0016447 0.0537357 0.0006813
v -0.0014302 0.0535372 0.0005924
v -0.0017460 0.0537605 0.0003473
v -0.0015183 0.0535620 0.0003020
v -0.0017802 0.0537853 0.0000000
v -0.0015480 0.0535868 0.0000000
v -0.0017460 0.0538101 -0.0003473
v -0.0015183 0.0536117 -0.0003020
v -0.0016447 0.0538349 -0.0006813
v -0.0014302 0.0536365 -0.0005924
v -0.0014802 0.0538597 -0.0009890
v -0.0012871 0.0536613 -0.0008600
v -0.0012588 0.0538845 -0.0012588
v -0.0010946 0.0536861 -0.0010946
v -0.0009890 0.0539093 -0.0014802
v -0.0008600 0.0537109 -0.0012871
v -0.0006813 0.0539341 -0.0016447
v -0.0005924 0.0537357 -0.0014302
v -0.0003473 0.0539589 -0.0017460
v -0.0003020 0.0537605 -0.0015183
v -0.0000000 0.0539838 -0.0017802
v -0.0000000 0.0537853 -0.0015480
v 0.0003473 0.0540086 -0.0017460
v 0.0003020 0.0538101 -0.0015183
v 0.0006813 0.0540334 -0.0016447
v 0.0005924 0.0538349 -0.0014302
v 0.0009890 0.0540582 -0.0014802
v 0.0008600 0.0538597 -0.0012871
v 0.0012588 0.0540830 -0.0012588
v 0.0010946 0.0538846 -0.0010946
v 0.0014802 0.0541078 -0.0009890
v 0.0012871 0.0539094 -0.0008600
v 0.0016447 0.0541326 -0.0006813
v 0.0014302 0.0539342 -0.0005924
v 0.0017460 0.0541574 -0.0003473
v 0.0015183 0.0539590 -0.0003020
v 0.0017802 0.0541822 0.0000000
v 0.0015480 0.0539838 0.0000000
v 0.0017460 0.0542070 0.0003473
v 0.0015183 0.0540086 0.0003020
v 0.0016447 0.0542318 0.0006813
v 0.0014302 0.0540334 0.0005924
v 0.0014802 0.0542567 0.0009890
v 0.0012871 0.0540582 0.0008600
v 0.0012588 0.0542815 0.0012588
v 0.0010946 0.0540830 0.0010946
v 0.0009890 0.0543063 0.0014802
v 0.0008600 0.0541078 0.0012871
v 0.0006813 0.0543311 0.0016447
v 0.0005924 0.0541326 0.0014302
v 0.0003473 0.0543559 0.0017460
v 0.0003020 0.0541574 0.0015183
v -0.0000000 0.0543807 0.0017802
v -0.0000000 0.0541823 0.0015480
v -0.0003473 0.0544055 0.0017460
v -0.0003020 0.0542071 0.0015183
v -0.0006813 0.0544303 0.0016447
v -0.0005924 0.0542319 0.0014302
v -0.0009890 0.0544551 0.0014802
v -0.0008600 0.0542567 0.0012871
v -0.0012588 0.0544799 0.0012588
v -0.0010946 0.0542815 0.0010946
v -0.0014802 0.0545047 0.0009890
v -0.0012871 0.0543063 0.0008600
v -0.0016447 0.0545295 0.0006813
v -0.0014302 0.0543311 0.0005924
v -0.0017460 0.0545544 0.0003473
v -0.0015183 0.0543559 0.0003020
v -0.0017802 0.0545792 -0.0000000
v -0.0015480 0.0543807 -0.0000000
v -0.0017460 0.0546040 -0.0003473
v -0.0015183 0.0544055 -0.0003020
v -0.0016447 0.0546288 -0.0006813
v -0.0014302 0.0544303 -0.0005924
v -0.0014802 0.0546536 -0.0009890
v -0.0012871 0.0544552 -0.0008600
v -0.0012588 0.0546784 -0.0012588
v -0.0010946 0.0544800 -0.0010946
v -0.0009890 0.0547032 -0.0014802
v -0.0008600 0.0545048 -0.0012871
v -0.0006813 0.0547280 -0.0016447
v -0.0005924 0.0545296 -0.0014302
v -0.0003473 0.0547528 -0.0017460
v -0.0003020 0.0545544 -0.0015183
v -0.0000000 0.0547776 -0.0017802
v -0.0000000 0.0545792 -0.0015480
v 0.0003473 0.0548024 -0.0017460
v 0.0003020 0.0546040 -0.0015183
v 0.0006813 0.0548273 -0.0016447
v 0.0005924 0.0546288 -0.0014302
v 0.0009890 0.0548521 -0.0014802
v 0.0008600 0.0546536 -0.0012871
v 0.0012588 0.0548769 -0.0012588
v 0.0010946 0.0546784 -0.0010946
v 0.0014802 0.0549017 -0.0009890
v 0.0012871 0.0547032 -0.0008600
v 0.0016447 0.0549265 -0.0006813
v 0.0014302 0.0547280 -0.0005924
v 0.0017460 0.0549513 -0.0003473
v 0.0015183 0.0547529 -0.0003020
v 0.0017802 0.0549761 -0.0000000
v 0.0015480 0.0547777 -0.0000000
v 0.0017460 0.0550009 0.0003473
v 0.0015183 0.0548025 0.0003020
v 0.0016447 0.0550257 0.0006813
v 0.0014302 0.0548273 0.0005924
v 0.0014802 0.0550505 0.0009890
v 0.0012871 0.0548521 0.0008600
v 0.0012588 0.0550753 0.0012588
v 0.0010946 0.0548769 0.0010946
v 0.0009890 0.0551001 0.0014802
v 0.0008600 0.0549017 0.0012871
v 0.0006813 0.0551250 0.0016447
v 0.0005924 0.0549265 0.0014302
v 0.0003473 0.0551498 0.0017460
v 0.0003020 0.0549513 0.0015183
v 0.0000000 0.0551746 0.0017802
v 0.0000000 0.0549761 0.0015480
v -0.0003473 0.0551994 0.0017460
v -0.0003020 0.0550009 0.0015183
v -0.0006813 0.0552242 0.0016447
v -0.0005924 0.0550258 0.0014302
v -0.0009890 0.0552490 0.0014802
v -0.0008600 0.0550506 0.0012871
v -0.0012588 0.0552738 0.0012588
v -0.0010946 0.0550754 0.0010946
v -0.0014802 0.0552986 0.0009890
v -0.0012871 0.0551002 0.0008600
v -0.0016447 0.0553234 0.0006813
v -0.0014302 0.0551250 0.0005924
v -0.0017460 0.0553482 0.0003473
v -0.0015183 0.0551498 0.0003020
v -0.0017802 0.0553730 0.0000000
v -0.0015480 0.0551746 0.0000000
v -0.0017460 0.0553979 -0.0003473
v -0.0015183 0.0551994 -0.0003020
v -0.0016447 0.0554227 -0.0006813
v -0.0014302 0.0552242 -0.0005924
v -0.0014802 0.0554475 -0.0009890
v -0.0012871 0.0552490 -0.0008600
v -0.0012588 0.0554723 -0.0012588
v -0.0010946 0.0552738 -0.0010946
v -0.0009890 0.0554971 -0.0014802
v -0.0008600 0.0552986 -0.0012871
v -0.0006813 0.0555219 -0.0016447
v -0.0005924 0.0553235 -0.0014302
v -0.0003473 0.0555467 -0.0017460
v -0.0003020 0.0553483 -0.0015183
v -0.0000000 0.0555715 -0.0017802
v -0.0000000 0.0553731 -0.0015480
v 0.0003473 0.0555963 -0.0017460
v 0.0003020 0.0553979 -0.0015183
v 0.0006813 0.0556211 -0.0016447
v 0.0005924 0.0554227 -0.0014302
v 0.0009890 0.0556459 -0.0014802
v 0.0008600 0.0554475 -0.0012871
v 0.0012588 0.0556707 -0.0012588
v 0.0010946 0.0554723 -0.0010946
v 0.0014802 0.0556956 -0.0009890
v 0.0012871 0.0554971 -0.0008600
v 0.0016447 0.0557204 -0.0006813
v 0.0014302 0.0555219 -0.0005924
v 0.0017460 0.0557452 -0.0003473
v 0.0015183 0.0555467 -0.0003020
v 0.0017802 0.0557700 -0.0000000
v 0.0015480 0.0555715 -0.0000000
v 0.0017460 0.0557948 0.0003473
v 0.0015183 0.0555964 0.0003020
v 0.0016447 0.0558196 0.0006813
v 0.0014302 0.0556212 0.0005924
v 0.0014802 0.0558444 0.0009890
v 0.0012871 0.0556460 0.0008600
v 0.0012588 0.0558692 0.0012588
v 0.0010946 0.0556708 0.0010946
v 0.0009890 0.0558940 0.0014802
v 0.0008600 0.0556956 0.0012871
v 0.0006813 0.0559188 0.0016447
v 0.0005924 0.0557204 0.0014302
v 0.0003473 0.0559436 0.0017460
v 0.0003020 0.0557452 0.0015183
v 0.0000000 0.0559685 0.0017802
v 0.0000000 0.0557700 0.0015480
v -0.0003473 0.0559933 0.0017460
v -0.0003020 0.0557948 0.0015183
v -0.0006813 0.0560181 0.0016447
v -0.0005924 0.0558196 0.0014302
v -0.0009890 0.0560429 0.0014802
v -0.0008600 0.0558444 0.0012871
v -0.0012588 0.0560677 0.0012588
v -0.0010946 0.0558692 0.0010946
v -0.0014802 0.0560925 0.0009890
v -0.0012871 0.0558941 0.0008600
v -0.0016447 0.0561173 0.0006813
v -0.0014302 0.0559189 0.0005924
v -0.0017460 0.0561421 0.0003473
v -0.0015183 0.0559437 0.0003020
v -0.0017802 0.0561669 0.0000000
v -0.0015480 0.0559685 0.0000000
v -0.0017460 0.0561917 -0.0003473
v -0.0015183 0.0559933 -0.0003020
v -0.0016447 0.0562165 -0.0006813
v -0.0014302 0.0560181 -0.0005924
v -0.0014802 0.0562413 -0.0009890
v -0.0012871 0.0560429 -0.0008600
v -0.0012588 0.0562662 -0.0012588
v -0.0010946 0.0560677 -0.0010946
v -0.0009890 0.0562910 -0.0014802
v -0.0008600 0.0560925 -0.0012871
v -0.0006813 0.0563158 -0.0016447
v -0.0005924 0.0561173 -0.0014302
v -0.0003473 0.0563406 -0.0017460
v -0.0003020 0.0561421 -0.0015183
v 0.0000000 0.0563654 -0.0017802
v 0.0000000 0.0561670 -0.0015480
v 0.0003473 0.0563902 -0.0017460
v 0.0003020 0.0561918 -0.0015183
v 0.0006813 0.0564150 -0.0016447
v 0.0005924 0.0562166 -0.0014302
v 0.0009890 0.0564398 -0.0014802
v 0.0008600 0.0562414 -0.0012871
v 0.0012588 0.0564646 -0.0012588
v 0.0010946 0.0562662 -0.0010946
v 0.0014802 0.0564894 -0.0009890
v 0.0012871 0.0562910 -0.0008600
v 0.0016447 0.0565142 -0.0006813
v 0.0014302 0.0563158 -0.0005924
v 0.0017460 0.0565391 -0.0003473
v 0.0015183 0.0563406 -0.0003020
v 0.0017802 0.0565639 0.0000000
v 0.0015480 0.0563654 0.0000000
v 0.0017460 0.0565887 0.0003473
v 0.0015183 0.0563902 0.0003020
v 0.0016447 0.0566135 0.0006813
v 0.0014302 0.0564150 0.0005924
v 0.0014802 0.0566383 0.0009890
v 0.0012871 0.0564399 0.0008600
v 0.0012588 0.0566631 0.0012588
v 0.0010946 0.0564647 0.0010946
v 0.0009890 0.0566879 0.0014802
v 0.0008600 0.0564895 0.0012871
v 0.0006813 0.0567127 0.0016447
v 0.0005924 0.0565143 0.0014302
v 0.0003473 0.0567375 0.0017460
v 0.0003020 0.0565391 0.0015183
v 0.0000000 0.0567623 0.0017802
v 0.0000000 0.0565639 0.0015480
v -0.0003473 0.0567871 0.0017460
v -0.0003020 0.0565887 0.0015183
v -0.0006813 0.0568119 0.0016447
v -0.0005924 0.0566135 0.0014302
v -0.0009890 0.0568368 0.0014802
v -0.0008600 0.0566383 0.0012871
v -0.0012588 0.0568616 0.0012588
v -0.0010946 0.0566631 0.0010946
v -0.0014802 0.0568864 0.0009890
v -0.0012871 0.0566879 0.0008600
v -0.0016447 0.0569112 0.0006813
v -0.0014302 0.0567127 0.0005924
v -0.0017460 0.0569360 0.0003473
v -0.0015183 0.0567376 0.0003020
v -0.0017802 0.0569608 0.0000000
v -0.0015480 0.0567624 0.0000000
v -0.0017460 0.0569856 -0.0003473
v -0.0015183 0.0567872 -0.0003020
v -0.0016447 0.0570104 -0.0006813
v -0.0014302 0.0568120 -0.0005924
v -0.0014802 0.0570352 -0.0009890
v -0.0012871 0.0568368 -0.0008600
v -0.0012588 0.0570600 -0.0012588
v -0.0010946 0.0568616 -0.0010946
v -0.0009890 0.0570848 -0.0014802
v -0.0008600 0.0568864 -0.0012871
v -0.0006813 0.0571097 -0.0016447
v -0.0005924 0.0569112 -0.0014302
v -0.0003473 0.0571345 -0.0017460
v -0.0003020 0.0569360 -0.0015183
v -0.0000000 0.0571593 -0.0017802
v -0.0000000 0.0569608 -0.0015480
v 0.0003473 0.0571841 -0.0017460
v 0.0003020 0.0569856 -0.0015183
v 0.0006813 0.0572089 -0.0016447
v 0.0005924 0.0570105 -0.0014302
v 0.0009890 0.0572337 -0.0014802
v 0.0008600 0.0570353 -0.0012871
v 0.0012588 0.0572585 -0.0012588
v 0.0010946 0.0570601 -0.0010946
v 0.0014802 0.0572833 -0.0009890
v 0.0012871 0.0570849 -0.0008600
v 0.0016447 0.0573081 -0.0006813
v 0.0014302 0.0571097 -0.0005924
v 0.0017460 0.0573329 -0.0003473
v 0.0015183 0.0571345 -0.0003020
v 0.0017802 0.0573577 -0.0000000
v 0.0015480 0.0571593 -0.0000000
v 0.0017460 0.0573825 0.0003473
v 0.0015183 0.0571841 0.0003020
v 0.0016447 0.0574074 0.0006813
v 0.0014302 0.0572089 0.0005924
v 0.0014802 0.0574322 0.0009890
v 0.0012871 0.0572337 0.0008600
v 0.0012588 0.0574570 0.0012588
v 0.0010946 0.0572585 0.0010946
v 0.0009890 0.0574818 0.0014802
v 0.0008600 0.0572833 0.0012871
v 0.0006813 0.0575066 0.0016447
v 0.0005924 0.0573082 0.0014302
v 0.0003473 0.0575314 0.0017460
v 0.0003020 0.0573330 0.0015183
v 0.0000000 0.0575562 0.0017802
v 0.0000000 0.0573578 0.0015480
v -0.0003473 0.0575810 0.0017460
v -0.0003020 0.0573826 0.0015183
v -0.0006813 0.0576058 0.0016447
v -0.0005924 0.0574074 0.0014302
v -0.0009890 0.0576306 0.0014802
v -0.0008600 0.0574322 0.0012871
v -0.0012588 0.0576554 0.0012588
v -0.0010946 0.0574570 0.0010946
v -0.0014802 0.0576803 0.0009890
v -0.0012871 0.0574818 0.0008600
v -0.0016447 0.0577051 0.0006813
v -0.0014302 0.0575066 0.0005924
v -0.0017460 0.0577299 0.0003473
v -0.0015183 0.0575314 0.0003020
v -0.0017802 0.0577547 0.0000000
v -0.0015480 0.0575562 0.0000000
v -0.0017460 0.0577795 -0.0003473
v -0.0015183 0.0575811 -0.0003020
v -0.0016447 0.0578043 -0.0006813
v -0.0014302 0.0576059 -0.0005924
v -0.0014802 0.0578291 -0.0009890
v -0.0012871 0.0576307 -0.0008600
v -0.0012588 0.0578539 -0.0012588
v -0.0010946 0.0576555 -0.0010946
v -0.0009890 0.0578787 -0.0014802
v -0.0008600 0.0576803 -0.0012871
v -0.0006813 0.0579035 -0.0016447
v -0.0005924 0.0577051 -0.0014302
v -0.0003473 0.0579283 -0.0017460
v -0.0003020 0.0577299 -0.0015183
v -0.0000000 0.0579532 -0.0017802
v -0.0000000 0.0577547 -0.0015480
v 0.0003473 0.0579780 -0.0017460
v 0.0003020 0.0577795 -0.0015183
v 0.0006813 0.0580028 -0.0016447
v 0.0005924 0.0578043 -0.0014302
v 0.0009890 0.0580276 -0.0014802
v 0.0008600 0.0578291 -0.0012871
v 0.0012588 0.0580524 -0.0012588
v 0.0010946 0.0578539 -0.0010946
v 0.0014802 0.0580772 -0.0009890
v 0.0012871 0.0578788 -0.0008600
v 0.0016447 0.0581020 -0.0006813
v 0.0014302 0.0579036 -0.0005924
v 0.0017460 0.0581268 -0.0003473
v 0.0015183 0.0579284 -0.0003020
v 0.0017802 0.0581516 -0.0000000
v 0.0015480 0.0579532 -0.0000000
v 0.0017460 0.0581764 0.0003473
v 0.0015183 0.0579780 0.0003020
v 0.0016447 0.0582012 0.0006813
v 0.0014302 0.0580028 0.0005924
v 0.0014802 0.0582260 0.0009890
v 0.0012871 0.0580276 0.0008600
v 0.0012588 0.0582509 0.0012588
v 0.0010946 0.0580524 0.0010946
v 0.0009890 0.0582757 0.0014802
v 0.0008600 0.0580772 0.0012871
v 0.0006813 0.0583005 0.0016447
v 0.0005924 0.0581020 0.0014302
v 0.0003473 0.0583253 0.0017460
v 0.0003020 0.0581268 0.0015183
v 0.0000000 0.0583501 0.0017802
v 0.0000000 0.0581517 0.0015480
v -0.0003473 0.0583749 0.0017460
v -0.0003020 0.0581765 0.0015183
v -0.0006813 0.0583997 0.0016447
v -0.0005924 0.0582013 0.0014302
v -0.0009890 0.0584245 0.0014802
v -0.0008600 0.0582261 0.0012871
v -0.0012588 0.0584493 0.0012588
v -0.0010946 0.0582509 0.0010946
v -0.0014802 0.0584741 0.0009890
v -0.0012871 0.0582757 0.0008600
v -0.0016447 0.0584989 0.0006813
v -0.0014302 0.0583005 0.0005924
v -0.0017460 0.0585238 0.0003473
v -0.0015183 0.0583253 0.0003020
v -0.0017802 0.0585486 -0.0000000
v -0.0015480 0.0583501 -0.0000000
v -0.0017460 0.0585734 -0.0003473
v -0.0015183 0.0583749 -0.0003020
v -0.0016447 0.0585982 -0.0006813
v -0.0014302 0.0583997 -0.0005924
v -0.0014802 0.0586230 -0.0009890
v -0.0012871 0.0584245 -0.0008600
v -0.0012588 0.0586478 -0.0012588
v -0.0010946 0.0584494 -0.0010946
v -0.0009890 0.0586726 -0.0014802
v -0.0008600 0.0584742 -0.0012871
v -0.0006813 0.0586974 -0.0016447
v -0.0005924 0.0584990 -0.0014302
v -0.0003473 0.0587222 -0.0017460
v -0.0003020 0.0585238 -0.0015183
v 0.0000000 0.0587470 -0.0017802
v 0.0000000 0.0585486 -0.0015480
v 0.0003473 0.0587718 -0.0017460
v 0.0003020 0.0585734 -0.0015183
v 0.0006813 0.0587966 -0.0016447
v 0.0005924 0.0585982 -0.0014302
v 0.0009890 0.0588215 -0.0014802
v 0.0008600 0.0586230 -0.0012871
v 0.0012588 0.0588463 -0.0012588
v 0.0010946 0.0586478 -0.0010946
v 0.0014802 0.0588711 -0.0009890
v 0.0012871 0.0586726 -0.0008600
v 0.0016447 0.0588959 -0.0006813
v 0.0014302 0.0586974 -0.0005924
v 0.0017460 0.0589207 -0.0003473
v 0.0015183 0.0587223 -0.0003020
v 0.0017802 0.0589455 -0.0000000
v 0.0015480 0.0587471 -0.0000000
v 0.0017460 0.0589703 0.0003473
v 0.0015183 0.0587719 0.0003020
v 0.0016447 0.0589951 0.0006813
v 0.0014302 0.0587967 0.0005924
v 0.0014802 0.0590199 0.0009890
v 0.0012871 0.0588215 0.0008600
v 0.0012588 0.0590447 0.0012588
v 0.0010946 0.0588463 0.0010946
v 0.0009890 0.0590695 0.0014802
v 0.0008600 0.0588711 0.0012871
v 0.0006813 0.0590944 0.0016447
v 0.0005924 0.0588959 0.0014302
v 0.0003473 0.0591192 0.0017460
v 0.0003020 0.0589207 0.0015183
v 0.0000000 0.0591440 0.0017802
v 0.0000000 0.0589455 0.0015480
v -0.0003473 0.0591688 0.0017460
v -0.0003020 0.0589703 0.0015183
v -0.0006813 0.0591936 0.0016447
v -0.0005924 0.0589951 0.0014302
v -0.0009890 0.0592184 0.0014802
v -0.0008600 0.0590200 0.0012871
v -0.0012588 0.0592432 0.0012588
v -0.0010946 0.0590448 0.0010946
v -0.0014802 0.0592680 0.0009890
v -0.0012871 0.0590696 0.0008600
v -0.0016447 0.0592928 0.0006813
v -0.0014302 0.0590944 0.0005924
v -0.0017460 0.0593176 0.0003473
v -0.0015183 0.0591192 0.0003020
v -0.0017802 0.0593424 0.0000000
v -0.0015480 0.0591440 0.0000000
v -0.0017460 0.0593672 -0.0003473
v -0.0015183 0.0591688 -0.0003020
v -0.0016447 0.0593921 -0.0006813
v -0.0014302 0.0591936 -0.0005924
v -0.0014802 0.0594169 -0.0009890
v -0.0012871 0.0592184 -0.0008600
v -0.0012588 0.0594417 -0.0012588
v -0.0010946 0.0592432 -0.0010946
v -0.0009890 0.0594665 -0.0014802
v -0.0008600 0.0592680 -0.0012871
v -0.0006813 0.0594913 -0.0016447
v -0.0005924 0.0592929 -0.0014302
v -0.0003473 0.0595161 -0.0017460
v -0.0003020 0.0593177 -0.0015183
v -0.0000000 0.0595409 -0.0017802
v -0.0000000 0.0593425 -0.0015480
v 0.0003473 0.0595657 -0.0017460
v 0.0003020 0.0593673 -0.0015183
v 0.0006813 0.0595905 -0.0016447
v 0.0005924 0.0593921 -0.0014302
v 0.0009890 0.0596153 -0.0014802
v 0.0008600 0.0594169 -0.0012871
v 0.0012588 0.0596401 -0.0012588
v 0.0010946 0.0594417 -0.0010946
v 0.0014802 0.0596650 -0.0009890
v 0.0012871 0.0594665 -0.0008600
v 0.0016447 0.0596898 -0.0006813
v 0.0014302 0.0594913 -0.0005924
v 0.0017460 0.0597146 -0.0003473
v 0.0015183 0.0595161 -0.0003020
v 0.0017802 0.0597394 -0.0000000
v 0.0015480 0.0595409 -0.0000000
v 0.0017460 0.0597642 0.0003473
v 0.0015183 0.0595657 0.0003020
v 0.0016447 0.0597890 0.0006813
v 0.0014302 0.0595906 0.0005924
v 0.0014802 0.0598138 0.0009890
v 0.0012871 0.0596154 0.0008600
v 0.0012588 0.0598386 0.0012588
v 0.0010946 0.0596402 0.0010946
v 0.0009890 0.0598634 0.0014802
v 0.0008600 0.0596650 0.0012871
v 0.0006813 0.0598882 0.0016447
v 0.0005924 0.0596898 0.0014302
v 0.0003473 0.0599130 0.0017460
v 0.0003020 0.0597146 0.0015183
v 0.0000000 0.0599378 0.0017802
v 0.0000000 0.0597394 0.0015480
v -0.0003473 0.0599627 0.0017460
v -0.0003020 0.0597642 0.0015183
v -0.0006813 0.0599875 0.0016447
v -0.0005924 0.0597890 0.0014302
v -0.0009890 0.0600123 0.0014802
v -0.0008600 0.0598138 0.0012871
v -0.0012588 0.0600371 0.0012588
v -0.0010946 0.0598386 0.0010946
v -0.0014802 0.0600619 0.0009890
v -0.0012871 0.0598635 0.0008600
v -0.0016447 0.0600867 0.0006813
v -0.0014302 0.0598883 0.0005924
v -0.0017460 0.0601115 0.0003473
v -0.0015183 0.0599131 0.0003020
v -0.0017802 0.0601363 0.0000000
v -0.0015480 0.0599379 0.0000000
v -0.0017460 0.0601611 -0.0003473
v -0.0015183 0.0599627 -0.0003020
v -0.0016447 0.0601859 -0.0006813
v -0.0014302 0.0599875 -0.0005924
v -0.0014802 0.0602107 -0.0009890
v -0.0012871 0.0600123 -0.0008600
v -0.0012588 0.0602356 -0.0012588
v -0.0010946 0.0600371 -0.0010946
v -0.0009890 0.0602604 -0.0014802
v -0.0008600 0.0600619 -0.0012871
v -0.0006813 0.0602852 -0.0016447
v -0.0005924 0.0600867 -0.0014302
v -0.0003473 0.0603100 -0.0017460
v -0.0003020 0.0601115 -0.0015183
v -0.0000000 0.0603348 -0.0017802
v -0.0000000 0.0601364 -0.0015480
v 0.0003473 0.0603596 -0.0017460
v 0.0003020 0.0601612 -0.0015183
v 0.0006813 0.0603844 -0.0016447
v 0.0005924 0.0601860 -0.0014302
v 0.0009890 0.0604092 -0.0014802
v 0.0008600 0.0602108 -0.0012871
v 0.0012588 0.0604340 -0.0012588
v 0.0010946 0.0602356 -0.0010946
v 0.0014802 0.0604588 -0.0009890
v 0.0012871 0.0602604 -0.0008600
v 0.0016447 0.0604836 -0.0006813
v 0.0014302 0.0602852 -0.0005924
v 0.0017460 0.0605084 -0.0003473
v 0.0015183 0.0603100 -0.0003020
v 0.0017802 0.0605333 -0.0000000
v 0.0015480 0.0603348 -0.0000000
v 0.0017460 0.0605581 0.0003473
v 0.0015183 0.0603596 0.0003020
v 0.0016447 0.0605829 0.0006813
v 0.0014302 0.0603844 0.0005924
v 0.0014802 0.0606077 0.0009890
v 0.0012871 0.0604092 0.0008600
v 0.0012588 0.0606325 0.0012588
v 0.0010946 0.0604341 0.0010946
v 0.0009890 0.0606573 0.0014802
v 0.0008600 0.0604589 0.0012871
v 0.0006813 0.0606821 0.0016447
v 0.0005924 0.0604837 0.0014302
v 0.0003473 0.0607069 0.0017460
v 0.0003020 0.0605085 0.0015183
v -0.0000000 0.0607317 0.0017802
v -0.0000000 0.0605333 0.0015480
v -0.0003473 0.0607565 0.0017460
v -0.0003020 0.0605581 0.0015183
v -0.0006813 0.0607813 0.0016447
v -0.0005924 0.0605829 0.0014302
v -0.0009890 0.0608062 0.0014802
v -0.0008600 0.0606077 0.0012871
v -0.0012588 0.0608310 0.0012588
v -0.0010946 0.0606325 0.0010946
v -0.0014802 0.0608558 0.0009890
v -0.0012871 0.0606573 0.0008600
v -0.0016447 0.0608806 0.0006813
v -0.0014302 0.0606821 0.0005924
v -0.0017460 0.0609054 0.0003473
v -0.0015183 0.0607070 0.0003020
v -0.0017802 0.0609302 0.0000000
v -0.0015480 0.0607318 0.0000000
v -0.0017460 0.0609550 -0.0003473
v -0.0015183 0.0607566 -0.0003020
v -0.0016447 0.0609798 -0.0006813
v -0.0014302 0.0607814 -0.0005924
v -0.0014802 0.0610046 -0.0009890
v -0.0012871 0.0608062 -0.0008600
v -0.0012588 0.0610294 -0.0012588
v -0.0010946 0.0608310 -0.0010946
v -0.0009890 0.0610542 -0.0014802
v -0.0008600 0.0608558 -0.0012871
v -0.0006813 0.0610790 -0.0016447
v -0.0005924 0.0608806 -0.0014302
v -0.0003473 0.0611039 -0.0017460
v -0.0003020 0.0609054 -0.0015183
v -0.0000000 0.0611287 -0.0017802
v -0.0000000 0.0609302 -0.0015480
v 0.0003473 0.0611535 -0.0017460
v 0.0003020 0.0609550 -0.0015183
v 0.0006813 0.0611783 -0.0016447
v 0.0005924 0.0609798 -0.0014302
v 0.0009890 0.0612031 -0.0014802
v 0.0008600 0.0610047 -0.0012871
v 0.0012588 0.0612279 -0.0012588
v 0.0010946 0.0610295 -0.0010946
v 0.0014802 0.0612527 -0.0009890
v 0.0012871 0.0610543 -0.0008600
v 0.0016447 0.0612775 -0.0006813
v 0.0014302 0.0610791 -0.0005924
v 0.0017460 0.0613023 -0.0003473
v 0.0015183 0.0611039 -0.0003020
v 0.0017802 0.0613271 -0.0000000
v 0.0015480 0.0611287 -0.0000000
v 0.0017460 0.0613519 0.0003473
v 0.0015183 0.0611535 0.0003020
v 0.0016447 0.0613768 0.0006813
v 0.0014302 0.0611783 0.0005924
v 0.0014802 0.0614016 0.0009890
v 0.0012871 0.0612031 0.0008600
v 0.0012588 0.0614264 0.0012588
v 0.0010946 0.0612279 0.0010946
v 0.0009890 0.0614512 0.0014802
v 0.0008600 0.0612527 0.0012871
v 0.0006813 0.0614760 0.0016447
v 0.0005924 0.0612776 0.0014302
v 0.0003473 0.0615008 0.0017460
v 0.0003020 0.0613024 0.0015183
v 0.0000000 0.0615256 0.0017802
v 0.0000000 0.0613272 0.0015480
v -0.0003473 0.0615504 0.0017460
v -0.0003020 0.0613520 0.0015183
v -0.0006813 0.0615752 0.0016447
v -0.0005924 0.0613768 0.0014302
v -0.0009890 0.0616000 0.0014802
v -0.0008600 0.0614016 0.0012871
v -0.0012588 0.0616248 0.0012588
v -0.0010946 0.0614264 0.0010946
v -0.0014802 0.0616497 0.0009890
v -0.0012871 0.0614512 0.0008600
v -0.0016447 0.0616745 0.0006813
v -0.0014302 0.0614760 0.0005924
v -0.0017460 0.0616993 0.0003473
v -0.0015183 0.0615008 0.0003020
v -0.0017802 0.0617241 0.0000000
v -0.0015480 0.0615256 0.0000000
v -0.0017460 0.0617489 -0.0003473
v -0.0015183 0.0615504 -0.0003020
v -0.0016447 0.0617737 -0.0006813
v -0.0014302 0.0615753 -0.0005924
v -0.0014802 0.0617985 -0.0009890
v -0.0012871 0.0616001 -0.0008600
v -0.0012588 0.0618233 -0.0012588
v -0.0010946 0.0616249 -0.0010946
v -0.0009890 0.0618481 -0.0014802
v -0.0008600 0.0616497 -0.0012871
v -0.0006813 0.0618729 -0.0016447
v -0.0005924 0.0616745 -0.0014302
v -0.0003473 0.0618977 -0.0017460
v -0.0003020 0.0616993 -0.0015183
v -0.0000000 0.0619225 -0.0017802
v -0.0000000 0.0617241 -0.0015480
v 0.0003473 0.0619474 -0.0017460
v 0.0003020 0.0617489 -0.0015183
v 0.0006813 0.0619722 -0.0016447
v 0.0005924 0.0617737 -0.0014302
v 0.0009890 0.0619970 -0.0014802
v 0.0008600 0.0617985 -0.0012871
v 0.0012588 0.0620218 -0.0012588
v 0.0010946 0.0618233 -0.0010946
v 0.0014802 0.0620466 -0.0009890
v 0.0012871 0.0618482 -0.0008600
v 0.0016447 0.0620714 -0.0006813
v 0.0014302 0.0618730 -0.0005924
v 0.0017460 0.0620962 -0.0003473
v 0.0015183 0.0618978 -0.0003020
v 0.0017802 0.0621210 -0.0000000
v 0.0015480 0.0619226 -0.0000000
v 0.0017460 0.0621458 0.0003473
v 0.0015183 0.0619474 0.0003020
v 0.0016447 0.0621706 0.0006813
v 0.0014302 0.0619722 0.0005924
v 0.0014802 0.0621954 0.0009890
v 0.0012871 0.0619970 0.0008600
v 0.0012588 0.0622203 0.0012588
v 0.0010946 0.0620218 0.0010946
v 0.0009890 0.0622451 0.0014802
v 0.0008600 0.0620466 0.0012871
v 0.0006813 0.0622699 0.0016447
v 0.0005924 0.0620714 0.0014302
v 0.0003473 0.0622947 0.0017460
v 0.0003020 0.0620962 0.0015183
v 0.0000000 0.0623195 0.0017802
v 0.0000000 0.0621210 0.0015480
v -0.0003473 0.0623443 0.0017460
v -0.0003020 0.0621459 0.0015183
v -0.0006813 0.0623691 0.0016447
v -0.0005924 0.0621707 0.0014302
v -0.0009890 0.0623939 0.0014802
v -0.0008600 0.0621955 0.0012871
v -0.0012588 0.0624187 0.0012588
v -0.0010946 0.0622203 0.0010946
v -0.0014802 0.0624435 0.0009890
v -0.0012871 0.0622451 0.0008600
v -0.0016447 0.0624683 0.0006813
v -0.0014302 0.0622699 0.0005924
v -0.0017460 0.0624931 0.0003473
v -0.0015183 0.0622947 0.0003020
v -0.0017802 0.0625180 0.0000000
v -0.0015480 0.0623195 0.0000000
v -0.0017460 0.0625428 -0.0003473
v -0.0015183 0.0623443 -0.0003020
v -0.0016447 0.0625676 -0.0006813
v -0.0014302 0.0623691 -0.0005924
v -0.0014802 0.0625924 -0.0009890
v -0.0012871 0.0623939 -0.0008600
v -0.0012588 0.0626172 -0.0012588
v -0.0010946 0.0624188 -0.0010946
v -0.0009890 0.0626420 -0.0014802
v -0.0008600 0.0624436 -0.0012871
v -0.0006813 0.0626668 -0.0016447
v -0.0005924 0.0624684 -0.0014302
v -0.0003473 0.0626916 -0.0017460
v -0.0003020 0.0624932 -0.0015183
v 0.0000000 0.0627164 -0.0017802
v 0.0000000 0.0625180 -0.0015480
v 0.0003473 0.0627412 -0.0017460
v 0.0003020 0.0625428 -0.0015183
v 0.0006813 0.0627660 -0.0016447
v 0.0005924 0.0625676 -0.0014302
v 0.0009890 0.0627909 -0.0014802
v 0.0008600 0.0625924 -0.0012871
v 0.0012588 0.0628157 -0.0012588
v 0.0010946 0.0626172 -0.0010946
v 0.0014802 0.0628405 -0.0009890
v 0.0012871 0.0626420 -0.0008600
v 0.0016447 0.0628653 -0.0006813
v 0.0014302 0.0626668 -0.0005924
v 0.0017460 0.0628901 -0.0003473
v 0.0015183 0.0626916 -0.0003020
v 0.0017802 0.0629149 0.0000000
v 0.0015480 0.0627165 0.0000000
v 0.0017460 0.0629397 0.0003473
v 0.0015183 0.0627413 0.0003020
v 0.0016447 0.0629645 0.0006813
v 0.0014302 0.0627661 0.0005924
v 0.0014802 0.0629893 0.0009890
v 0.0012871 0.0627909 0.0008600
v 0.0012588 0.0630141 0.0012588
v 0.0010946 0.0628157 0.0010946
v 0.0009890 0.0630389 0.0014802
v 0.0008600 0.0628405 0.0012871
v 0.0006813 0.0630637 0.0016447
v 0.0005924 0.0628653 0.0014302
v 0.0003473 0.0630886 0.0017460
v 0.0003020 0.0628901 0.0015183
v 0.0000000 0.0631134 0.0017802
v 0.0000000 0.0629149 0.0015480
v -0.0003473 0.0631382 0.0017460
v -0.0003020 0.0629397 0.0015183
v -0.0006813 0.0631630 0.0016447
v -0.0005924 0.0629645 0.0014302
v -0.0009890 0.0631878 0.0014802
v -0.0008600 0.0629894 0.0012871
v -0.0012588 0.0632126 0.0012588
v -0.0010946 0.0630142 0.0010946
v -0.0014802 0.0632374 0.0009890
v -0.0012871 0.0630390 0.0008600
v -0.0016447 0.0632622 0.0006813
v -0.0014302 0.0630638 0.0005924
v -0.0017460 0.0632870 0.0003473
v -0.0015183 0.0630886 0.0003020
v -0.0017802 0.0633118 0.0000000
v -0.0015480 0.0631134 0.0000000
v -0.0017460 0.0633366 -0.0003473
v -0.0015183 0.0631382 -0.0003020
v -0.0016447 0.0633615 -0.0006813
v -0.0014302 0.0631630 -0.0005924
v -0.0014802 0.0633863 -0.0009890
v -0.0012871 0.0631878 -0.0008600
v -0.0012588 0.0634111 -0.0012588
v -0.0010946 0.0632126 -0.0010946
v -0.0009890 0.0634359 -0.0014802
v -0.0008600 0.0632374 -0.0012871
v -0.0006813 0.0634607 -0.0016447
v -0.0005924 0.0632622 -0.0014302
v -0.0003473 0.0634855 -0.0017460
v -0.0003020 0.0632871 -0.0015183
v -0.0000000 0.0635103 -0.0017802
v -0.0000000 0.0633119 -0.0015480
v 0.0003473 0.0635351 -0.0017460
v 0.0003020 0.0633367 -0.0015183
v 0.0006813 0.0635599 -0.0016447
v 0.0005924 0.0633615 -0.0014302
v 0.0009890 0.0635847 -0.0014802
v 0.0008600 0.0633863 -0.0012871
v 0.0012588 0.0636095 -0.0012588
v 0.0010946 0.0634111 -0.0010946
v 0.0014802 0.0636343 -0.0009890
v 0.0012871 0.0634359 -0.0008600
v 0.0016447 0.0636592 -0.0006813
v 0.0014302 0.0634607 -0.0005924
v 0.0017460 0.0636840 -0.0003473
v 0.0015183 0.0634855 -0.0003020
v 0.0017802 0.0637088 -0.0000000
v 0.0015480 0.0635103 -0.0000000
v 0.0017460 0.0637336 0.0003473
v 0.0015183 0.0635351 0.0003020
v 0.0016447 0.0637584 0.0006813
v 0.0014302 0.0635600 0.0005924
v 0.0014802 0.0637832 0.0009890
v 0.0012871 0.0635848 0.0008600
v 0.0012588 0.0638080 0.0012588
v 0.0010946 0.0636096 0.0010946
v 0.0009890 0.0638328 0.0014802
v 0.0008600 0.0636344 0.0012871
v 0.0006813 0.0638576 0.0016447
v 0.0005924 0.0636592 0.0014302
v 0.0003473 0.0638824 0.0017460
v 0.0003020 0.0636840 0.0015183
v 0.0000000 0.0639072 0.0017802
v 0.0000000 0.0637088 0.0015480
v -0.0003473 0.0639321 0.0017460
v -0.0003020 0.0637336 0.0015183
v -0.0006813 0.0639569 0.0016447
v -0.0005924 0.0637584 0.0014302
v -0.0009890 0.0639817 0.0014802
v -0.0008600 0.0637832 0.0012871
v -0.0012588 0.0640065 0.0012588
v -0.0010946 0.0638080 0.0010946
v -0.0014802 0.0640313 0.0009890
v -0.0012871 0.0638329 0.0008600
v -0.0016447 0.0640561 0.0006813
v -0.0014302 0.0638577 0.0005924
v -0.0017460 0.0640809 0.0003473
v -0.0015183 0.0638825 0.0003020
v -0.0017802 0.0641057 0.0000000
v -0.0015480 0.0639073 0.0000000
v -0.0017460 0.0641305 -0.0003473
v -0.0015183 0.0639321 -0.0003020
v -0.0016447 0.0641553 -0.0006813
v -0.0014302 0.0639569 -0.0005924
v -0.0014802 0.0641801 -0.0009890
v -0.0012871 0.0639817 -0.0008600
v -0.0012588 0.0642049 -0.0012588
v -0.0010946 0.0640065 -0.0010946
v -0.0009890 0.0642298 -0.0014802
v -0.0008600 0.0640313 -0.0012871
v -0.0006813 0.0642546 -0.0016447
v -0.0005924 0.0640561 -0.0014302
v -0.0003473 0.0642794 -0.0017460
v -0.0003020 0.0640809 -0.0015183
v -0.0000000 0.0643042 -0.0017802
v -0.0000000 0.0641057 -0.0015480
v 0.0003473 0.0643290 -0.0017460
v 0.0003020 0.0641306 -0.0015183
v 0.0006813 0.0643538 -0.0016447
v 0.0005924 0.0641554 -0.0014302
v 0.0009890 0.0643786 -0.0014802
v 0.0008600 0.0641802 -0.0012871
v 0.0012588 0.0644034 -0.0012588
v 0.0010946 0.0642050 -0.0010946
v 0.0014802 0.0644282 -0.0009890
v 0.0012871 0.0642298 -0.0008600
v 0.0016447 0.0644530 -0.0006813
v 0.0014302 0.0642546 -0.0005924
v 0.0017460 0.0644778 -0.0003473
v 0.0015183 0.0642794 -0.0003020
v 0.0017802 0.0645027 -0.0000000
v 0.0015480 0.0643042 -0.0000000
v 0.0017460 0.0645275 0.0003473
v 0.0015183 0.0643290 0.0003020
v 0.0016447 0.0645523 0.0006813
v 0.0014302 0.0643538 0.0005924
v 0.0014802 0.0645771 0.0009890
v 0.0012871 0.0643786 0.0008600
v 0.0012588 0.0646019 0.0012588
v 0.0010946 0.0644035 0.0010946
v 0.0009890 0.0646267 0.0014802
v 0.0008600 0.0644283 0.0012871
v 0.0006813 0.0646515 0.0016447
v 0.0005924 0.0644531 0.0014302
v 0.0003473 0.0646763 0.0017460
v 0.0003020 0.0644779 0.0015183
v 0.0000000 0.0647011 0.0017802
v 0.0000000 0.0645027 0.0015480
v -0.0003473 0.0647259 0.0017460
v -0.0003020 0.0645275 0.0015183
v -0.0006813 0.0647507 0.0016447
v -0.0005924 0.0645523 0.0014302
v -0.0009890 0.0647755 0.0014802
v -0.0008600 0.0645771 0.0012871
v -0.0012588 0.0648004 0.0012588
v -0.0010946 0.0646019 0.0010946
v -0.0014802 0.0648252 0.0009890
v -0.0012871 0.0646267 0.0008600
v -0.0016447 0.0648500 0.0006813
v -0.0014302 0.0646515 0.0005924
v -0.0017460 0.0648748 0.0003473
v -0.0015183 0.0646763 0.0003020
v -0.0017802 0.0648996 0.0000000
v -0.0015480 0.0647012 0.0000000
v -0.0017460 0.0649244 -0.0003473
v -0.0015183 0.0647260 -0.0003020
v -0.0016447 0.0649492 -0.0006813
v -0.0014302 0.0647508 -0.0005924
v -0.0014802 0.0649740 -0.0009890
v -0.0012871 0.0647756 -0.0008600
v -0.0012588 0.0649988 -0.0012588
v -0.0010946 0.0648004 -0.0010946
v -0.0009890 0.0650236 -0.0014802
v -0.0008600 0.0648252 -0.0012871
v -0.0006813 0.0650484 -0.0016447
v -0.0005924 0.0648500 -0.0014302
v -0.0003473 0.0650733 -0.0017460
v -0.0003020 0.0648748 -0.0015183
v -0.0000000 0.0650981 -0.0017802
v -0.0000000 0.0648996 -0.0015480
v 0.0003473 0.0651229 -0.0017460
v 0.0003020 0.0649244 -0.0015183
v 0.0006813 0.0651477 -0.0016447
v 0.0005924 0.0649492 -0.0014302
v 0.0009890 0.0651725 -0.0014802
v 0.0008600 0.0649741 -0.0012871
v 0.0012588 0.0651973 -0.0012588
v 0.0010946 0.0649989 -0.0010946
v 0.0014802 0.0652221 -0.0009890
v 0.0012871 0.0650237 -0.0008600
v 0.0016447 0.0652469 -0.0006813
v 0.0014302 0.0650485 -0.0005924
v 0.0017460 0.0652717 -0.0003473
v 0.0015183 0.0650733 -0.0003020
v 0.0017802 0.0652965 -0.0000000
v 0.0015480 0.0650981 -0.0000000
v 0.0017460 0.0653213 0.0003473
v 0.0015183 0.0651229 0.0003020
v 0.0016447 0.0653462 0.0006813
v 0.0014302 0.0651477 0.0005924
v 0.0014802 0.0653710 0.0009890
v 0.0012871 0.0651725 0.0008600
v 0.0012588 0.0653958 0.0012588
v 0.0010946 0.0651973 0.0010946
v 0.0009890 0.0654206 0.0014802
v 0.0008600 0.0652221 0.0012871
v 0.0006813 0.0654454 0.0016447
v 0.0005924 0.0652469 0.0014302
v 0.0003473 0.0654702 0.0017460
v 0.0003020 0.0652718 0.0015183
v 0.0000000 0.0654950 0.0017802
v 0.0000000 0.0652966 0.0015480
v -0.0003473 0.0655198 0.0017460
v -0.0003020 0.0653214 0.0015183
v -0.0006813 0.0655446 0.0016447
v -0.0005924 0.0653462 0.0014302
v -0.0009890 0.0655694 0.0014802
v -0.0008600 0.0653710 0.0012871
v -0.0012588 0.0655942 0.0012588
v -0.0010946 0.0653958 0.0010946
v -0.0014802 0.0656190 0.0009890
v -0.0012871 0.0654206 0.0008600
v -0.0016447 0.0656439 0.0006813
v -0.0014302 0.0654454 0.0005924
v -0.0017460 0.0656687 0.0003473
v -0.0015183 0.0654702 0.0003020
v -0.0017802 0.0656935 0.0000000
v -0.0015480 0.0654950 0.0000000
v -0.0017460 0.0657183 -0.0003473
v -0.0015183 0.0655198 -0.0003020
v -0.0016447 0.0657431 -0.0006813
v -0.0014302 0.0655447 -0.0005924
v -0.0014802 0.0657679 -0.0009890
v -0.0012871 0.0655695 -0.0008600
v -0.0012588 0.0657927 -0.0012588
v -0.0010946 0.0655943 -0.0010946
v -0.0009890 0.0658175 -0.0014802
v -0.0008600 0.0656191 -0.0012871
v -0.0006813 0.0658423 -0.0016447
v -0.0005924 0.0656439 -0.0014302
v -0.0003473 0.0658671 -0.0017460
v -0.0003020 0.0656687 -0.0015183
v -0.0000000 0.0658919 -0.0017802
v -0.0000000 0.0656935 -0.0015480
v 0.0003473 0.0659168 -0.0017460
v 0.0003020 0.0657183 -0.0015183
v 0.0006813 0.0659416 -0.0016447
v 0.0005924 0.0657431 -0.0014302
v 0.0009890 0.0659664 -0.0014802
v 0.0008600 0.0657679 -0.0012871
v 0.0012588 0.0659912 -0.0012588
v 0.0010946 0.0657927 -0.0010946
v 0.0014802 0.0660160 -0.0009890
v 0.0012871 0.0658175 -0.0008600
v 0.0016447 0.0660408 -0.0006813
v 0.0014302 0.0658424 -0.0005924
v 0.0017460 0.0660656 -0.0003473
v 0.0015183 0.0658672 -0.0003020
v 0.0017802 0.0660904 0.0000000
v 0.0015480 0.0658920 0.0000000
v 0.0017460 0.0661152 0.0003473
v 0.0015183 0.0659168 0.0003020
v 0.0016447 0.0661400 0.0006813
v 0.0014302 0.0659416 0.0005924
v 0.0014802 0.0661648 0.0009890
v 0.0012871 0.0659664 0.0008600
v 0.0012588 0.0661896 0.0012588
v 0.0010946 0.0659912 0.0010946
v 0.0009890 0.0662145 0.0014802
v 0.0008600 0.0660160 0.0012871
v 0.0006813 0.0662393 0.0016447
v 0.0005924 0.0660408 0.0014302
v 0.0003473 0.0662641 0.0017460
v 0.0003020 0.0660656 0.0015183
v 0.0000000 0.0662889 0.0017802
v 0.0000000 0.0660904 0.0015480
v -0.0003473 0.0663137 0.0017460
v -0.0003020 0.0661153 0.0015183
v -0.0006813 0.0663385 0.0016447
v -0.0005924 0.0661401 0.0014302
v -0.0009890 0.0663633 0.0014802
v -0.0008600 0.0661649 0.0012871
v -0.0012588 0.0663881 0.0012588
v -0.0010946 0.0661897 0.0010946
v -0.0014802 0.0664129 0.0009890
v -0.0012871 0.0662145 0.0008600
v -0.0016447 0.0664377 0.0006813
v -0.0014302 0.0662393 0.0005924
v -0.0017460 0.0664625 0.0003473
v -0.0015183 0.0662641 0.0003020
v -0.0017802 0.0664874 -0.0000000
v -0.0015480 0.0662889 -0.0000000
v -0.0017460 0.0665122 -0.0003473
v -0.0015183 0.0663137 -0.0003020
v -0.0016447 0.0665370 -0.0006813
v -0.0014302 0.0663385 -0.0005924
v -0.0014802 0.0665618 -0.0009890
v -0.0012871 0.0663633 -0.0008600
v -0.0012588 0.0665866 -0.0012588
v -0.0010946 0.0663881 -0.0010946
v -0.0009890 0.0666114 -0.0014802
v -0.0008600 0.0664130 -0.0012871
v -0.0006813 0.0666362 -0.0016447
v -0.0005924 0.0664378 -0.0014302
v -0.0003473 0.0666610 -0.0017460
v -0.0003020 0.0664626 -0.0015183
v -0.0000000 0.0666858 -0.0017802
v -0.0000000 0.0664874 -0.0015480
v 0.0003473 0.0667106 -0.0017460
v 0.0003020 0.0665122 -0.0015183
v 0.0006813 0.0667354 -0.0016447
v 0.0005924 0.0665370 -0.0014302
v 0.0009890 0.0667602 -0.0014802
v 0.0008600 0.0665618 -0.0012871
v 0.0012588 0.0667851 -0.0012588
v 0.0010946 0.0665866 -0.0010946
v 0.0014802 0.0668099 -0.0009890
v 0.0012871 0.0666114 -0.0008600
v 0.0016447 0.0668347 -0.0006813
v 0.0014302 0.0666362 -0.0005924
v 0.0017460 0.0668595 -0.0003473
v 0.0015183 0.0666610 -0.0003020
v 0.0017802 0.0668843 0.0000000
v 0.0015480 0.0666859 0.0000000
v 0.0017460 0.0669091 0.0003473
v 0.0015183 0.0667107 0.0003020
v 0.0016447 0.0669339 0.0006813
v 0.0014302 0.0667355 0.0005924
v 0.0014802 0.0669587 0.0009890
v 0.0012871 0.0667603 0.0008600
v 0.0012588 0.0669835 0.0012588
v 0.0010946 0.0667851 0.0010946
v 0.0009890 0.0670083 0.0014802
v 0.0008600 0.0668099 0.0012871
v 0.0006813 0.0670331 0.0016447
v 0.0005924 0.0668347 0.0014302
v 0.0003473 0.0670580 0.0017460
v 0.0003020 0.0668595 0.0015183
v 0.0000000 0.0670828 0.0017802
v 0.0000000 0.0668843 0.0015480
v -0.0003473 0.0671076 0.0017460
v -0.0003020 0.0669091 0.0015183
v -0.0006813 0.0671324 0.0016447
v -0.0005924 0.0669339 0.0014302
v -0.0009890 0.0671572 0.0014802
v -0.0008600 0.0669587 0.0012871
v -0.0012588 0.0671820 0.0012588
v -0.0010946 0.0669836 0.0010946
v -0.0014802 0.0672068 0.0009890
v -0.0012871 0.0670084 0.0008600
v -0.0016447 0.0672316 0.0006813
v -0.0014302 0.0670332 0.0005924
v -0.0017460 0.0672564 0.0003473
v -0.0015183 0.0670580 0.0003020
v -0.0017802 0.0672812 0.0000000
v -0.0015480 0.0670828 0.0000000
v -0.0017460 0.0673060 -0.0003473
v -0.0015183 0.0671076 -0.0003020
v -0.0016447 0.0673308 -0.0006813
v -0.0014302 0.0671324 -0.0005924
v -0.0014802 0.0673557 -0.0009890
v -0.0012871 0.0671572 -0.0008600
v -0.0012588 0.0673805 -0.0012588
v -0.0010946 0.0671820 -0.0010946
v -0.0009890 0.0674053 -0.0014802
v -0.0008600 0.0672068 -0.0012871
v -0.0006813 0.0674301 -0.0016447
v -0.0005924 0.0672316 -0.0014302
v -0.0003473 0.0674549 -0.0017460
v -0.0003020 0.0672565 -0.0015183
v -0.0000000 0.0674797 -0.0017802
v -0.0000000 0.0672813 -0.0015480
v 0.0003473 0.0675045 -0.0017460
v 0.0003020 0.0673061 -0.0015183
v 0.0006813 0.0675293 -0.0016447
v 0.0005924 0.0673309 -0.0014302
v 0.0009890 0.0675541 -0.0014802
v 0.0008600 0.0673557 -0.0012871
v 0.0012588 0.0675789 -0.0012588
v 0.0010946 0.0673805 -0.0010946
v 0.0014802 0.0676037 -0.0009890
v 0.0012871 0.0674053 -0.0008600
v 0.0016447 0.0676286 -0.0006813
v 0.0014302 0.0674301 -0.0005924
v 0.0017460 0.0676534 -0.0003473
v 0.0015183 0.0674549 -0.0003020
v 0.0017802 0.0676782 -0.0000000
v 0.0015480 0.0674797 -0.0000000
v 0.0017460 0.0677030 0.0003473
v 0.0015183 0.0675045 0.0003020
v 0.0016447 0.0677278 0.0006813
v 0.0014302 0.0675294 0.0005924
v 0.0014802 0.0677526 0.0009890
v 0.0012871 0.0675542 0.0008600
v 0.0012588 0.0677774 0.0012588
v 0.0010946 0.0675790 0.0010946
v 0.0009890 0.0678022 0.0014802
v 0.0008600 0.0676038 0.0012871
v 0.0006813 0.0678270 0.0016447
v 0.0005924 0.0676286 0.0014302
v 0.0003473 0.0678518 0.0017460
v 0.0003020 0.0676534 0.0015183
v 0.0000000 0.0678766 0.0017802
v 0.0000000 0.0676782 0.0015480
v -0.0003473 0.0679014 0.0017460
v -0.0003020 0.0677030 0.0015183
v -0.0006813 0.0679263 0.0016447
v -0.0005924 0.0677278 0.0014302
v -0.0009890 0.0679511 0.0014802
v -0.0008600 0.0677526 0.0012871
v -0.0012588 0.0679759 0.0012588
v -0.0010946 0.0677774 0.0010946
v -0.0014802 0.0680007 0.0009890
v -0.0012871 0.0678022 0.0008600
v -0.0016447 0.0680255 0.0006813
v -0.0014302 0.0678271 0.0005924
v -0.0017460 0.0680503 0.0003473
v -0.0015183 0.0678519 0.0003020
v -0.0017802 0.0680751 0.0000000
v -0.0015480 0.0678767 0.0000000
v -0.0017460 0.0680999 -0.0003473
v -0.0015183 0.0679015 -0.0003020
v -0.0016447 0.0681247 -0.0006813
v -0.0014302 0.0679263 -0.0005924
v -0.0014802 0.0681495 -0.0009890
v -0.0012871 0.0679511 -0.0008600
v -0.0012588 0.0681743 -0.0012588
v -0.0010946 0.0679759 -0.0010946
v -0.0009890 0.0681992 -0.0014802
v -0.0008600 0.0680007 -0.0012871
v -0.0006813 0.0682240 -0.0016447
v -0.0005924 0.0680255 -0.0014302
v -0.0003473 0.0682488 -0.0017460
v -0.0003020 0.0680503 -0.0015183
v 0.0000000 0.0682736 -0.0017802
v 0.0000000 0.0680751 -0.0015480
v 0.0003473 0.0682984 -0.0017460
v 0.0003020 0.0681000 -0.0015183
v 0.0006813 0.0683232 -0.0016447
v 0.0005924 0.0681248 -0.0014302
v 0.0009890 0.0683480 -0.0014802
v 0.0008600 0.0681496 -0.0012871
v 0.0012588 0.0683728 -0.0012588
v 0.0010946 0.0681744 -0.0010946
v 0.0014802 0.0683976 -0.0009890
v 0.0012871 0.0681992 -0.0008600
v 0.0016447 0.0684224 -0.0006813
v 0.0014302 0.0682240 -0.0005924
v 0.0017460 0.0684472 -0.0003473
v 0.0015183 0.0682488 -0.0003020
v 0.0017802 0.0684720 -0.0000000
v 0.0015480 0.0682736 -0.0000000
v 0.0017460 0.0684969 0.0003473
v 0.0015183 0.0682984 0.0003020
v 0.0016447 0.0685217 0.0006813
v 0.0014302 0.0683232 0.0005924
v 0.0014802 0.0685465 0.0009890
v 0.0012871 0.0683480 0.0008600
v 0.0012588 0.0685713 0.0012588
v 0.0010946 0.0683728 0.0010946
v 0.0009890 0.0685961 0.0014802
v 0.0008600 0.0683977 0.0012871
v 0.0006813 0.0686209 0.0016447
v 0.0005924 0.0684225 0.0014302
v 0.0003473 0.0686457 0.0017460
v 0.0003020 0.0684473 0.0015183
v -0.0000000 0.0686705 0.0017802
v -0.0000000 0.0684721 0.0015480
v -0.0003473 0.0686953 0.0017460
v -0.0003020 0.0684969 0.0015183
v -0.0006813 0.0687201 0.0016447
v -0.0005924 0.0685217 0.0014302
v -0.0009890 0.0687449 0.0014802
v -0.0008600 0.0685465 0.0012871
v -0.0012588 0.0687698 0.0012588
v -0.0010946 0.0685713 0.0010946
v -0.0014802 0.0687946 0.0009890
v -0.0012871 0.0685961 0.0008600
v -0.0016447 0.0688194 0.0006813
v -0.0014302 0.0686209 0.0005924
v -0.0017460 0.0688442 0.0003473
v -0.0015183 0.0686457 0.0003020
v -0.0017802 0.0688690 0.0000000
v -0.0015480 0.0686706 0.0000000
v -0.0017460 0.0688938 -0.0003473
v -0.0015183 0.0686954 -0.0003020
v -0.0016447 0.0689186 -0.0006813
v -0.0014302 0.0687202 -0.0005924
v -0.0014802 0.0689434 -0.0009890
v -0.0012871 0.0687450 -0.0008600
v -0.0012588 0.0689682 -0.0012588
v -0.0010946 0.0687698 -0.0010946
v -0.0009890 0.0689930 -0.0014802
v -0.0008600 0.0687946 -0.0012871
v -0.0006813 0.0690178 -0.0016447
v -0.0005924 0.0688194 -0.0014302
v -0.0003473 0.0690427 -0.0017460
v -0.0003020 0.0688442 -0.0015183
v 0.0000000 0.0690675 -0.0017802
v 0.0000000 0.0688690 -0.0015480
v 0.0003473 0.0690923 -0.0017460
v 0.0003020 0.0688938 -0.0015183
v 0.0006813 0.0691171 -0.0016447
v 0.0005924 0.0689186 -0.0014302
v 0.0009890 0.0691419 -0.0014802
v 0.0008600 0.0689434 -0.0012871
v 0.0012588 0.0691667 -0.0012588
v 0.0010946 0.0689683 -0.0010946
v 0.0014802 0.0691915 -0.0009890
v 0.0012871 0.0689931 -0.0008600
v 0.0016447 0.0692163 -0.0006813
v 0.0014302 0.0690179 -0.0005924
v 0.0017460 0.0692411 -0.0003473
v 0.0015183 0.0690427 -0.0003020
v 0.0017802 0.0692659 -0.0000000
v 0.0015480 0.0690675 -0.0000000
v 0.0017460 0.0692907 0.0003473
v 0.0015183 0.0690923 0.0003020
v 0.0016447 0.0693155 0.0006813
v 0.0014302 0.0691171 0.0005924
v 0.0014802 0.0693404 0.0009890
v 0.0012871 0.0691419 0.0008600
v 0.0012588 0.0693652 0.0012588
v 0.0010946 0.0691667 0.0010946
v 0.0009890 0.0693900 0.0014802
v 0.0008600 0.0691915 0.0012871
v 0.0006813 0.0694148 0.0016447
v 0.0005924 0.0692163 0.0014302
v 0.0003473 0.0694396 0.0017460
v 0.0003020 0.0692412 0.0015183
v 0.0000000 0.0694644 0.0017802
v 0.0000000 0.0692660 0.0015480
v -0.0003473 0.0694892 0.0017460
v -0.0003020 0.0692908 0.0015183
v -0.0006813 0.0695140 0.0016447
v -0.0005924 0.0693156 0.0014302
v -0.0009890 0.0695388 0.0014802
v -0.0008600 0.0693404 0.0012871
v -0.0012588 0.0695636 0.0012588
v -0.0010946 0.0693652 0.0010946
v -0.0014802 0.0695884 0.0009890
v -0.0012871 0.0693900 0.0008600
v -0.0016447 0.0696133 0.0006813
v -0.0014302 0.0694148 0.0005924
v -0.0017460 0.0696381 0.0003473
v -0.0015183 0.0694396 0.0003020
v -0.0017802 0.0696629 0.0000000
v -0.0015480 0.0694644 0.0000000
v -0.0017460 0.0696877 -0.0003473
v -0.0015183 0.0694892 -0.0003020
v -0.0016447 0.0697125 -0.0006813
v -0.0014302 0.0695140 -0.0005924
v -0.0014802 0.0697373 -0.0009890
v -0.0012871 0.0695389 -0.0008600
v -0.0012588 0.0697621 -0.0012588
v -0.0010946 0.0695637 -0.0010946
v -0.0009890 0.0697869 -0.0014802
v -0.0008600 0.0695885 -0.0012871
v -0.0006813 0.0698117 -0.0016447
v -0.0005924 0.0696133 -0.0014302
v -0.0003473 0.0698365 -0.0017460
v -0.0003020 0.0696381 -0.0015183
v -0.0000000 0.0698613 -0.0017802
v -0.0000000 0.0696629 -0.0015480
v 0.0003473 0.0698861 -0.0017460
v 0.0003020 0.0696877 -0.0015183
v 0.0006813 0.0699110 -0.0016447
v 0.0005924 0.0697125 -0.0014302
v 0.0009890 0.0699358 -0.0014802
v 0.0008600 0.0697373 -0.0012871
v 0.0012588 0.0699606 -0.0012588
v 0.0010946 0.0697621 -0.0010946
v 0.0014802 0.0699854 -0.0009890
v 0.0012871 0.0697869 -0.0008600
v 0.0016447 0.0700102 -0.0006813
v 0.0014302 0.0698118 -0.0005924
v 0.0017460 0.0700350 -0.0003473
v 0.0015183 0.0698366 -0.0003020
v 0.0017802 0.0700598 -0.0000000
v 0.0015480 0.0698614 -0.0000000
v 0.0017460 0.0700846 0.0003473
v 0.0015183 0.0698862 0.0003020
v 0.0016447 0.0701094 0.0006813
v 0.0014302 0.0699110 0.0005924
v 0.0014802 0.0701342 0.0009890
v 0.0012871 0.0699358 0.0008600
v 0.0012588 0.0701590 0.0012588
v 0.0010946 0.0699606 0.0010946
v 0.0009890 0.0701839 0.0014802
v 0.0008600 0.0699854 0.0012871
v 0.0006813 0.0702087 0.0016447
v 0.0005924 0.0700102 0.0014302
v 0.0003473 0.0702335 0.0017460
v 0.0003020 0.0700350 0.0015183
v 0.0000000 0.0702583 0.0017802
v 0.0000000 0.0700598 0.0015480
v -0.0003473 0.0702831 0.0017460
v -0.0003020 0.0700846 0.0015183
v -0.0006813 0.0703079 0.0016447
v -0.0005924 0.0701095 0.0014302
v -0.0009890 0.0703327 0.0014802
v -0.0008600 0.0701343 0.0012871
v -0.0012588 0.0703575 0.0012588
v -0.0010946 0.0701591 0.0010946
v -0.0014802 0.0703823 0.0009890
v -0.0012871 0.0701839 0.0008600
v -0.0016447 0.0704071 0.0006813
v -0.0014302 0.0702087 0.0005924
v -0.0017460 0.0704319 0.0003473
v -0.0015183 0.0702335 0.0003020
v -0.0017802 0.0704567 -0.0000000
v -0.0015480 0.0702583 -0.0000000
v -0.0017460 0.0704816 -0.0003473
v -0.0015183 0.0702831 -0.0003020
v -0.0016447 0.0705064 -0.0006813
v -0.0014302 0.0703079 -0.0005924
v -0.0014802 0.0705312 -0.0009890
v -0.0012871 0.0703327 -0.0008600
v -0.0012588 0.0705560 -0.0012588
v -0.0010946 0.0703575 -0.0010946
v -0.0009890 0.0705808 -0.0014802
v -0.0008600 0.0703824 -0.0012871
v -0.0006813 0.0706056 -0.0016447
v -0.0005924 0.0704072 -0.0014302
v -0.0003473 0.0706304 -0.0017460
v -0.0003020 0.0704320 -0.0015183
v -0.0000000 0.0706552 -0.0017802
v -0.0000000 0.0704568 -0.0015480
v 0.0003473 0.0706800 -0.0017460
v 0.0003020 0.0704816 -0.0015183
v 0.0006813 0.0707048 -0.0016447
v 0.0005924 0.0705064 -0.0014302
v 0.0009890 0.0707296 -0.0014802
v 0.0008600 0.0705312 -0.0012871
v 0.0012588 0.0707545 -0.0012588
v 0.0010946 0.0705560 -0.0010946
v 0.0014802 0.0707793 -0.0009890
v 0.0012871 0.0705808 -0.0008600
v 0.0016447 0.0708041 -0.0006813
v 0.0014302 0.0706056 -0.0005924
v 0.0017460 0.0708289 -0.0003473
v 0.0015183 0.0706304 -0.0003020
v 0.0017802 0.0708537 0.0000000
v 0.0015480 0.0706552 0.0000000
v 0.0017460 0.0708785 0.0003473
v 0.0015183 0.0706801 0.0003020
v 0.0016447 0.0709033 0.0006813
v 0.0014302 0.0707049 0.0005924
v 0.0014802 0.0709281 0.0009890
v 0.0012871 0.0707297 0.0008600
v 0.0012588 0.0709529 0.0012588
v 0.0010946 0.0707545 0.0010946
v 0.0009890 0.0709777 0.0014802
v 0.0008600 0.0707793 0.0012871
v 0.0006813 0.0710025 0.0016447
v 0.0005924 0.0708041 0.0014302
v 0.0003473 0.0710273 0.0017460
v 0.0003020 0.0708289 0.0015183
v 0.0000000 0.0710522 0.0017802
v 0.0000000 0.0708537 0.0015480
v -0.0003473 0.0710770 0.0017460
v -0.0003020 0.0708785 0.0015183
v -0.0006813 0.0711018 0.0016447
v -0.0005924 0.0709033 0.0014302
v -0.0009890 0.0711266 0.0014802
v -0.0008600 0.0709281 0.0012871
v -0.0012588 0.0711514 0.0012588
v -0.0010946 0.0709530 0.0010946
v -0.0014802 0.0711762 0.0009890
v -0.0012871 0.0709778 0.0008600
v -0.0016447 0.0712010 0.0006813
v -0.0014302 0.0710026 0.0005924
v -0.0017460 0.0712258 0.0003473
v -0.0015183 0.0710274 0.0003020
v -0.0017802 0.0712506 -0.0000000
v -0.0015480 0.0710522 -0.0000000
v -0.0017460 0.0712754 -0.0003473
v -0.0015183 0.0710770 -0.0003020
v -0.0016447 0.0713002 -0.0006813
v -0.0014302 0.0711018 -0.0005924
v -0.0014802 0.0713251 -0.0009890
v -0.0012871 0.0711266 -0.0008600
v -0.0012588 0.0713499 -0.0012588
v -0.0010946 0.0711514 -0.0010946
v -0.0009890 0.0713747 -0.0014802
v -0.0008600 0.0711762 -0.0012871
v -0.0006813 0.0713995 -0.0016447
v -0.0005924 0.0712010 -0.0014302
v -0.0003473 0.0714243 -0.0017460
v -0.0003020 0.0712259 -0.0015183
v -0.0000000 0.0714491 -0.0017802
v -0.0000000 0.0712507 -0.0015480
v 0.0003473 0.0714739 -0.0017460
v 0.0003020 0.0712755 -0.0015183
v 0.0006813 0.0714987 -0.0016447
v 0.0005924 0.0713003 -0.0014302
v 0.0009890 0.0715235 -0.0014802
v 0.0008600 0.0713251 -0.0012871
v 0.0012588 0.0715483 -0.0012588
v 0.0010946 0.0713499 -0.0010946
v 0.0014802 0.0715731 -0.0009890
v 0.0012871 0.0713747 -0.0008600
v 0.0016447 0.0715979 -0.0006813
v 0.0014302 0.0713995 -0.0005924
v 0.0017460 0.0716228 -0.0003473
v 0.0015183 0.0714243 -0.0003020
v 0.0017802 0.0716476 -0.0000000
v 0.0015480 0.0714491 -0.0000000
v 0.0017460 0.0716724 0.0003473
v 0.0015183 0.0714739 0.0003020
v 0.0016447 0.0716972 0.0006813
v 0.0014302 0.0714987 0.0005924
v 0.0014802 0.0717220 0.0009890
v 0.0012871 0.0715236 0.0008600
v 0.0012588 0.0717468 0.0012588
v 0.0010946 0.0715484 0.0010946
v 0.0009890 0.0717716 0.0014802
v 0.0008600 0.0715732 0.0012871
v 0.0006813 0.0717964 0.0016447
v 0.0005924 0.0715980 0.0014302
v 0.0003473 0.0718212 0.0017460
v 0.0003020 0.0716228 0.0015183
v 0.0000000 0.0718460 0.0017802
v 0.0000000 0.0716476 0.0015480
v -0.0003473 0.0718708 0.0017460
v -0.0003020 0.0716724 0.0015183
v -0.0006813 0.0718957 0.0016447
v -0.0005924 0.0716972 0.0014302
v -0.0009890 0.0719205 0.0014802
v -0.0008600 0.0717220 0.0012871
v -0.0012588 0.0719453 0.0012588
v -0.0010946 0.0717468 0.0010946
v -0.0014802 0.0719701 0.0009890
v -0.0012871 0.0717716 0.0008600
v -0.0016447 0.0719949 0.0006813
v -0.0014302 0.0717965 0.0005924
v -0.0017460 0.0720197 0.0003473
v -0.0015183 0.0718213 0.0003020
v -0.0017802 0.0720445 0.0000000
v -0.0015480 0.0718461 0.0000000
v -0.0017460 0.0720693 -0.0003473
v -0.0015183 0.0718709 -0.0003020
v -0.0016447 0.0720941 -0.0006813
v -0.0014302 0.0718957 -0.0005924
v -0.0014802 0.0721189 -0.0009890
v -0.0012871 0.0719205 -0.0008600
v -0.0012588 0.0721437 -0.0012588
v -0.0010946 0.0719453 -0.0010946
v -0.0009890 0.0721685 -0.0014802
v -0.0008600 0.0719701 -0.0012871
v -0.0006813 0.0721934 -0.0016447
v -0.0005924 0.0719949 -0.0014302
v -0.0003473 0.0722182 -0.0017460
v -0.0003020 0.0720197 -0.0015183
v 0.0000000 0.0722430 -0.0017802
v 0.0000000 0.0720445 -0.0015480
v 0.0003473 0.0722678 -0.0017460
v 0.0003020 0.0720693 -0.0015183
v 0.0006813 0.0722926 -0.0016447
v 0.0005924 0.0720942 -0.0014302
v 0.0009890 0.0723174 -0.0014802
v 0.0008600 0.0721190 -0.0012871
v 0.0012588 0.0723422 -0.0012588
v 0.0010946 0.0721438 -0.0010946
v 0.0014802 0.0723670 -0.0009890
v 0.0012871 0.0721686 -0.0008600
v 0.0016447 0.0723918 -0.0006813
v 0.0014302 0.0721934 -0.0005924
v 0.0017460 0.0724166 -0.0003473
v 0.0015183 0.0722182 -0.0003020
v 0.0017802 0.0724414 -0.0000000
v 0.0015480 0.0722430 -0.0000000
v 0.0017460 0.0724663 0.0003473
v 0.0015183 0.0722678 0.0003020
v 0.0016447 0.0724911 0.0006813
v 0.0014302 0.0722926 0.0005924
v 0.0014802 0.0725159 0.0009890
v 0.0012871 0.0723174 0.0008600
v 0.0012588 0.0725407 0.0012588
v 0.0010946 0.0723422 0.0010946
v 0.0009890 0.0725655 0.0014802
v 0.0008600 0.0723671 0.0012871
v 0.0006813 0.0725903 0.0016447
v 0.0005924 0.0723919 0.0014302
v 0.0003473 0.0726151 0.0017460
v 0.0003020 0.0724167 0.0015183
v -0.0000000 0.0726399 0.0017802
v -0.0000000 0.0724415 0.0015480
v -0.0003473 0.0726647 0.0017460
v -0.0003020 0.0724663 0.0015183
v -0.0006813 0.0726895 0.0016447
v -0.0005924 0.0724911 0.0014302
v -0.0009890 0.0727143 0.0014802
v -0.0008600 0.0725159 0.0012871
v -0.0012588 0.0727392 0.0012588
v -0.0010946 0.0725407 0.0010946
v -0.0014802 0.0727640 0.0009890
v -0.0012871 0.0725655 0.0008600
v -0.0016447 0.0727888 0.0006813
v -0.0014302 0.0725903 0.0005924
v -0.0017460 0.0728136 0.0003473
v -0.0015183 0.0726151 0.0003020
v -0.0017802 0.0728384 0.0000000
v -0.0015480 0.0726399 0.0000000
v -0.0017460 0.0728632 -0.0003473
v -0.0015183 0.0726648 -0.0003020
v -0.0016447 0.0728880 -0.0006813
v -0.0014302 0.0726896 -0.0005924
v -0.0014802 0.0729128 -0.0009890
v -0.0012871 0.0727144 -0.0008600
v -0.0012588 0.0729376 -0.0012588
v -0.0010946 0.0727392 -0.0010946
v -0.0009890 0.0729624 -0.0014802
v -0.0008600 0.0727640 -0.0012871
v -0.0006813 0.0729872 -0.0016447
v -0.0005924 0.0727888 -0.0014302
v -0.0003473 0.0730120 -0.0017460
v -0.0003020 0.0728136 -0.0015183
v 0.0000000 0.0730369 -0.0017802
v 0.0000000 0.0728384 -0.0015480
v 0.0003473 0.0730617 -0.0017460
v 0.0003020 0.0728632 -0.0015183
v 0.0006813 0.0730865 -0.0016447
v 0.0005924 0.0728880 -0.0014302
v 0.0009890 0.0731113 -0.0014802
v 0.0008600 0.0729128 -0.0012871
v 0.0012588 0.0731361 -0.0012588
v 0.0010946 0.0729377 -0.0010946
v 0.0014802 0.0731609 -0.0009890
v 0.0012871 0.0729625 -0.0008600
v 0.0016447 0.0731857 -0.0006813
v 0.0014302 0.0729873 -0.0005924
v 0.0017460 0.0732105 -0.0003473
v 0.0015183 0.0730121 -0.0003020
v 0.0017802 0.0732353 -0.0000000
v 0.0015480 0.0730369 -0.0000000
v 0.0017460 0.0732601 0.0003473
v 0.0015183 0.0730617 0.0003020
v 0.0016447 0.0732849 0.0006813
v 0.0014302 0.0730865 0.0005924
v 0.0014802 0.0733098 0.0009890
v 0.0012871 0.0731113 0.0008600
v 0.0012588 0.0733346 0.0012588
v 0.0010946 0.0731361 0.0010946
v 0.0009890 0.0733594 0.0014802
v 0.0008600 0.0731609 0.0012871
v 0.0006813 0.0733842 0.0016447
v 0.0005924 0.0731857 0.0014302
v 0.0003473 0.0734090 0.0017460
v 0.0003020 0.0732105 0.0015183
v -0.0000000 0.0734338 0.0017802
v -0.0000000 0.0732354 0.0015480
v -0.0003473 0.0734586 0.0017460
v -0.0003020 0.0732602 0.0015183
v -0.0006813 0.0734834 0.0016447
v -0.0005924 0.0732850 0.0014302
v -0.0009890 0.0735082 0.0014802
v -0.0008600 0.0733098 0.0012871
v -0.0012588 0.0735330 0.0012588
v -0.0010946 0.0733346 0.0010946
v -0.0014802 0.0735578 0.0009890
v -0.0012871 0.0733594 0.0008600
v -0.0016447 0.0735826 0.0006813
v -0.0014302 0.0733842 0.0005924
v -0.0017460 0.0736075 0.0003473
v -0.0015183 0.0734090 0.0003020
v -0.0017802 0.0736323 0.0000000
v -0.0015480 0.0734338 0.0000000
v -0.0017460 0.0736571 -0.0003473
v -0.0015183 0.0734586 -0.0003020
v -0.0016447 0.0736819 -0.0006813
v -0.0014302 0.0734834 -0.0005924
v -0.0014802 0.0737067 -0.0009890
v -0.0012871 0.0735083 -0.0008600
v -0.0012588 0.0737315 -0.0012588
v -0.0010946 0.0735331 -0.0010946
v -0.0009890 0.0737563 -0.0014802
v -0.0008600 0.0735579 -0.0012871
v -0.0006813 0.0737811 -0.0016447
v -0.0005924 0.0735827 -0.0014302
v -0.0003473 0.0738059 -0.0017460
v -0.0003020 0.0736075 -0.0015183
v -0.0000000 0.0738307 -0.0017802
v -0.0000000 0.0736323 -0.0015480
v 0.0003473 0.0738555 -0.0017460
v 0.0003020 0.0736571 -0.0015183
v 0.0006813 0.0738804 -0.0016447
v 0.0005924 0.0736819 -0.0014302
v 0.0009890 0.0739052 -0.0014802
v 0.0008600 0.0737067 -0.0012871
v 0.0012588 0.0739300 -0.0012588
v 0.0010946 0.0737315 -0.0010946
v 0.0014802 0.0739548 -0.0009890
v 0.0012871 0.0737563 -0.0008600
v 0.0016447 0.0739796 -0.0006813
v 0.0014302 0.0737811 -0.0005924
v 0.0017460 0.0740044 -0.0003473
v 0.0015183 0.0738060 -0.0003020
v 0.0017802 0.0740292 -0.0000000
v 0.0015480 0.0738308 -0.0000000
v 0.0017460 0.0740540 0.0003473
v 0.0015183 0.0738556 0.0003020
v 0.0016447 0.0740788 0.0006813
v 0.0014302 0.0738804 0.0005924
v 0.0014802 0.0741036 0.0009890
v 0.0012871 0.0739052 0.0008600
v 0.0012588 0.0741284 0.0012588
v 0.0010946 0.0739300 0.0010946
v 0.0009890 0.0741532 0.0014802
v 0.0008600 0.0739548 0.0012871
v 0.0006813 0.0741781 0.0016447
v 0.0005924 0.0739796 0.0014302
v 0.0003473 0.0742029 0.0017460
v 0.0003020 0.0740044 0.0015183
v 0.0000000 0.0742277 0.0017802
v 0.0000000 0.0740292 0.0015480
v -0.0003473 0.0742525 0.0017460
v -0.0003020 0.0740540 0.0015183
v -0.0006813 0.0742773 0.0016447
v -0.0005924 0.0740789 0.0014302
v -0.0009890 0.0743021 0.0014802
v -0.0008600 0.0741037 0.0012871
v -0.0012588 0.0743269 0.0012588
v -0.0010946 0.0741285 0.0010946
v -0.0014802 0.0743517 0.0009890
v -0.0012871 0.0741533 0.0008600
v -0.0016447 0.0743765 0.0006813
v -0.0014302 0.0741781 0.0005924
v -0.0017460 0.0744013 0.0003473
v -0.0015183 0.0742029 0.0003020
v -0.0017802 0.0744261 -0.0000000
v -0.0015480 0.0742277 -0.0000000
v -0.0017460 0.0744510 -0.0003473
v -0.0015183 0.0742525 -0.0003020
v -0.0016447 0.0744758 -0.0006813
v -0.0014302 0.0742773 -0.0005924
v -0.0014802 0.0745006 -0.0009890
v -0.0012871 0.0743021 -0.0008600
v -0.0012588 0.0745254 -0.0012588
v -0.0010946 0.0743269 -0.0010946
v -0.0009890 0.0745502 -0.0014802
v -0.0008600 0.0743517 -0.0012871
v -0.0006813 0.0745750 -0.0016447
v -0.0005924 0.0743766 -0.0014302
v -0.0003473 0.0745998 -0.0017460
v -0.0003020 0.0744014 -0.0015183
v -0.0000000 0.0746246 -0.0017802
v -0.0000000 0.0744262 -0.0015480
v 0.0003473 0.0746494 -0.0017460
v 0.0003020 0.0744510 -0.0015183
v 0.0006813 0.0746742 -0.0016447
v 0.0005924 0.0744758 -0.0014302
v 0.0009890 0.0746990 -0.0014802
v 0.0008600 0.0745006 -0.0012871
v 0.0012588 0.0747238 -0.0012588
v 0.0010946 0.0745254 -0.0010946
v 0.0014802 0.0747487 -0.0009890
v 0.0012871 0.0745502 -0.0008600
v 0.0016447 0.0747735 -0.0006813
v 0.0014302 0.0745750 -0.0005924
v 0.0017460 0.0747983 -0.0003473
v 0.0015183 0.0745998 -0.0003020
v 0.0017802 0.0748231 0.0000000
v 0.0015480 0.0746246 0.0000000
v 0.0017460 0.0748479 0.0003473
v 0.0015183 0.0746495 0.0003020
v 0.0016447 0.0748727 0.0006813
v 0.0014302 0.0746743 0.0005924
v 0.0014802 0.0748975 0.0009890
v 0.0012871 0.0746991 0.0008600
v 0.0012588 0.0749223 0.0012588
v 0.0010946 0.0747239 0.0010946
v 0.0009890 0.0749471 0.0014802
v 0.0008600 0.0747487 0.0012871
v 0.0006813 0.0749719 0.0016447
v 0.0005924 0.0747735 0.0014302
v 0.0003473 0.0749967 0.0017460
v 0.0003020 0.0747983 0.0015183
v 0.0000000 0.0750216 0.0017802
v 0.0000000 0.0748231 0.0015480
v -0.0003473 0.0750464 0.0017460
v -0.0003020 0.0748479 0.0015183
v -0.0006813 0.0750712 0.0016447
v -0.0005924 0.0748727 0.0014302
v -0.0009890 0.0750960 0.0014802
v -0.0008600 0.0748975 0.0012871
v -0.0012588 0.0751208 0.0012588
v -0.0010946 0.0749224 0.0010946
v -0.0014802 0.0751456 0.0009890
v -0.0012871 0.0749472 0.0008600
v -0.0016447 0.0751704 0.0006813
v -0.0014302 0.0749720 0.0005924
v -0.0017460 0.0751952 0.0003473
v -0.0015183 0.0749968 0.0003020
v -0.0017802 0.0752200 -0.0000000
v -0.0015480 0.0750216 -0.0000000
v -0.0017460 0.0752448 -0.0003473
v -0.0015183 0.0750464 -0.0003020
v -0.0016447 0.0752696 -0.0006813
v -0.0014302 0.0750712 -0.0005924
v -0.0014802 0.0752944 -0.0009890
v -0.0012871 0.0750960 -0.0008600
v -0.0012588 0.0753193 -0.0012588
v -0.0010946 0.0751208 -0.0010946
v -0.0009890 0.0753441 -0.0014802
v -0.0008600 0.0751456 -0.0012871
v -0.0006813 0.0753689 -0.0016447
v -0.0005924 0.0751704 -0.0014302
v -0.0003473 0.0753937 -0.0017460
v -0.0003020 0.0751952 -0.0015183
v -0.0000000 0.0754185 -0.0017802
v -0.0000000 0.0752201 -0.0015480
v 0.0003473 0.0754433 -0.0017460
v 0.0003020 0.0752449 -0.0015183
v 0.0006813 0.0754681 -0.0016447
v 0.0005924 0.0752697 -0.0014302
v 0.0009890 0.0754929 -0.0014802
v 0.0008600 0.0752945 -0.0012871
v 0.0012588 0.0755177 -0.0012588
v 0.0010946 0.0753193 -0.0010946
v 0.0014802 0.0755425 -0.0009890
v 0.0012871 0.0753441 -0.0008600
v 0.0016447 0.0755673 -0.0006813
v 0.0014302 0.0753689 -0.0005924
v 0.0017460 0.0755922 -0.0003473
v 0.0015183 0.0753937 -0.0003020
v 0.0017802 0.0756170 -0.0000000
v 0.0015480 0.0754185 -0.0000000
v 0.0017460 0.0756418 0.0003473
v 0.0015183 0.0754433 0.0003020
v 0.0016447 0.0756666 0.0006813
v 0.0014302 0.0754681 0.0005924
v 0.0014802 0.0756914 0.0009890
v 0.0012871 0.0754930 0.0008600
v 0.0012588 0.0757162 0.0012588
v 0.0010946 0.0755178 0.0010946
v 0.0009890 0.0757410 0.0014802
v 0.0008600 0.0755426 0.0012871
v 0.0006813 0.0757658 0.0016447
v 0.0005924 0.0755674 0.0014302
v 0.0003473 0.0757906 0.0017460
v 0.0003020 0.0755922 0.0015183
v 0.0000000 0.0758154 0.0017802
v 0.0000000 0.0756170 0.0015480
v -0.0003473 0.0758402 0.0017460
v -0.0003020 0.0756418 0.0015183
v -0.0006813 0.0758650 0.0016447
v -0.0005924 0.0756666 0.0014302
v -0.0009890 0.0758899 0.0014802
v -0.0008600 0.0756914 0.0012871
v -0.0012588 0.0759147 0.0012588
v -0.0010946 0.0757162 0.0010946
v -0.0014802 0.0759395 0.0009890
v -0.0012871 0.0757410 0.0008600
v -0.0016447 0.0759643 0.0006813
v -0.0014302 0.0757658 0.0005924
v -0.0017460 0.0759891 0.0003473
v -0.0015183 0.0757907 0.0003020
v -0.0017802 0.0760139 0.0000000
v -0.0015480 0.0758155 0.0000000
v -0.0017460 0.0760387 -0.0003473
v -0.0015183 0.0758403 -0.0003020
v -0.0016447 0.0760635 -0.0006813
v -0.0014302 0.0758651 -0.0005924
v -0.0014802 0.0760883 -0.0009890
v -0.0012871 0.0758899 -0.0008600
v -0.0012588 0.0761131 -0.0012588
v -0.0010946 0.0759147 -0.0010946
v -0.0009890 0.0761379 -0.0014802
v -0.0008600 0.0759395 -0.0012871
v -0.0006813 0.0761628 -0.0016447
v -0.0005924 0.0759643 -0.0014302
v -0.0003473 0.0761876 -0.0017460
v -0.0003020 0.0759891 -0.0015183
v -0.0000000 0.0762124 -0.0017802
v -0.0000000 0.0760139 -0.0015480
v 0.0003473 0.0762372 -0.0017460
v 0.0003020 0.0760387 -0.0015183
v 0.0006813 0.0762620 -0.0016447
v 0.0005924 0.0760636 -0.0014302
v 0.0009890 0.0762868 -0.0014802
v 0.0008600 0.0760884 -0.0012871
v 0.0012588 0.0763116 -0.0012588
v 0.0010946 0.0761132 -0.0010946
v 0.0014802 0.0763364 -0.0009890
v 0.0012871 0.0761380 -0.0008600
v 0.0016447 0.0763612 -0.0006813
v 0.0014302 0.0761628 -0.0005924
v 0.0017460 0.0763860 -0.0003473
v 0.0015183 0.0761876 -0.0003020
v 0.0017802 0.0764108 -0.0000000
v 0.0015480 0.0762124 -0.0000000
v 0.0017460 0.0764357 0.0003473
v 0.0015183 0.0762372 0.0003020
v 0.0016447 0.0764605 0.0006813
v 0.0014302 0.0762620 0.0005924
v 0.0014802 0.0764853 0.0009890
v 0.0012871 0.0762868 0.0008600
v 0.0012588 0.0765101 0.0012588
v 0.0010946 0.0763116 0.0010946
v 0.0009890 0.0765349 0.0014802
v 0.0008600 0.0763364 0.0012871
v 0.0006813 0.0765597 0.0016447
v 0.0005924 0.0763613 0.0014302
v 0.0003473 0.0765845 0.0017460
v 0.0003020 0.0763861 0.0015183
v -0.0000000 0.0766093 0.0017802
v -0.0000000 0.0764109 0.0015480
v -0.0003473 0.0766341 0.0017460
v -0.0003020 0.0764357 0.0015183
v -0.0006813 0.0766589 0.0016447
v -0.0005924 0.0764605 0.0014302
v -0.0009890 0.0766837 0.0014802
v -0.0008600 0.0764853 0.0012871
v -0.0012588 0.0767085 0.0012588
v -0.0010946 0.0765101 0.0010946
v -0.0014802 0.0767334 0.0009890
v -0.0012871 0.0765349 0.0008600
v -0.0016447 0.0767582 0.0006813
v -0.0014302 0.0765597 0.0005924
v -0.0017460 0.0767830 0.0003473
v -0.0015183 0.0765845 0.0003020
v -0.0017802 0.0768078 0.0000000
v -0.0015480 0.0766093 0.0000000
v -0.0017460 0.0768326 -0.0003473
v -0.0015183 0.0766342 -0.0003020
v -0.0016447 0.0768574 -0.0006813
v -0.0014302 0.0766590 -0.0005924
v -0.0014802 0.0768822 -0.0009890
v -0.0012871 0.0766838 -0.0008600
v -0.0012588 0.0769070 -0.0012588
v -0.0010946 0.0767086 -0.0010946
v -0.0009890 0.0769318 -0.0014802
v -0.0008600 0.0767334 -0.0012871
v -0.0006813 0.0769566 -0.0016447
v -0.0005924 0.0767582 -0.0014302
v -0.0003473 0.0769814 -0.0017460
v -0.0003020 0.0767830 -0.0015183
v 0.0000000 0.0770063 -0.0017802
v 0.0000000 0.0768078 -0.0015480
v 0.0003473 0.0770311 -0.0017460
v 0.0003020 0.0768326 -0.0015183
v 0.0006813 0.0770559 -0.0016447
v 0.0005924 0.0768574 -0.0014302
v 0.0009890 0.0770807 -0.0014802
v 0.0008600 0.0768822 -0.0012871
v 0.0012588 0.0771055 -0.0012588
v 0.0010946 0.0769070 -0.0010946
v 0.0014802 0.0771303 -0.0009890
v 0.0012871 0.0769319 -0.0008600
v 0.0016447 0.0771551 -0.0006813
v 0.0014302 0.0769567 -0.0005924
v 0.0017460 0.0771799 -0.0003473
v 0.0015183 0.0769815 -0.0003020
v 0.0017802 0.0772047 -0.0000000
v 0.0015480 0.0770063 -0.0000000
v 0.0017460 0.0772295 0.0003473
v 0.0015183 0.0770311 0.0003020
v 0.0016447 0.0772543 0.0006813
v 0.0014302 0.0770559 0.0005924
v 0.0014802 0.0772791 0.0009890
v 0.0012871 0.0770807 0.0008600
v 0.0012588 0.0773040 0.0012588
v 0.0010946 0.0771055 0.0010946
v 0.0009890 0.0773288 0.0014802
v 0.0008600 0.0771303 0.0012871
v 0.0006813 0.0773536 0.0016447
v 0.0005924 0.0771551 0.0014302
v 0.0003473 0.0773784 0.0017460
v 0.0003020 0.0771799 0.0015183
v -0.0000000 0.0774032 0.0017802
v -0.0000000 0.0772048 0.0015480
v -0.0003473 0.0774280 0.0017460
v -0.0003020 0.0772296 0.0015183
v -0.0006813 0.0774528 0.0016447
v -0.0005924 0.0772544 0.0014302
v -0.0009890 0.0774776 0.0014802
v -0.0008600 0.0772792 0.0012871
v -0.0012588 0.0775024 0.0012588
v -0.0010946 0.0773040 0.0010946
v -0.0014802 0.0775272 0.0009890
v -0.0012871 0.0773288 0.0008600
v -0.0016447 0.0775520 0.0006813
v -0.0014302 0.0773536 0.0005924
v -0.0017460 0.0775769 0.0003473
v -0.0015183 0.0773784 0.0003020
v -0.0017802 0.0776017 0.0000000
v -0.0015480 0.0774032 0.0000000
v -0.0017460 0.0776265 -0.0003473
v -0.0015183 0.0774280 -0.0003020
v -0.0016447 0.0776513 -0.0006813
v -0.0014302 0.0774528 -0.0005924
v -0.0014802 0.0776761 -0.0009890
v -0.0012871 0.0774776 -0.0008600
v -0.0012588 0.0777009 -0.0012588
v -0.0010946 0.0775025 -0.0010946
v -0.0009890 0.0777257 -0.0014802
v -0.0008600 0.0775273 -0.0012871
v -0.0006813 0.0777505 -0.0016447
v -0.0005924 0.0775521 -0.0014302
v -0.0003473 0.0777753 -0.0017460
v -0.0003020 0.0775769 -0.0015183
v -0.0000000 0.0778001 -0.0017802
v -0.0000000 0.0776017 -0.0015480
v 0.0003473 0.0778249 -0.0017460
v 0.0003020 0.0776265 -0.0015183
v 0.0006813 0.0778497 -0.0016447
v 0.0005924 0.0776513 -0.0014302
v 0.0009890 0.0778746 -0.0014802
v 0.0008600 0.0776761 -0.0012871
v 0.0012588 0.0778994 -0.0012588
v 0.0010946 0.0777009 -0.0010946
v 0.0014802 0.0779242 -0.0009890
v 0.0012871 0.0777257 -0.0008600
v 0.0016447 0.0779490 -0.0006813
v 0.0014302 0.0777505 -0.0005924
v 0.0017460 0.0779738 -0.0003473
v 0.0015183 0.0777754 -0.0003020
v 0.0017802 0.0779986 -0.0000000
v 0.0015480 0.0778002 -0.0000000
v 0.0017460 0.0780234 0.0003473
v 0.0015183 0.0778250 0.0003020
v 0.0016447 0.0780482 0.0006813
v 0.0014302 0.0778498 0.0005924
v 0.0014802 0.0780730 0.0009890
v 0.0012871 0.0778746 0.0008600
v 0.0012588 0.0780978 0.0012588
v 0.0010946 0.0778994 0.0010946
v 0.0009890 0.0781226 0.0014802
v 0.0008600 0.0779242 0.0012871
v 0.0006813 0.0781475 0.0016447
v 0.0005924 0.0779490 0.0014302
v 0.0003473 0.0781723 0.0017460
v 0.0003020 0.0779738 0.0015183
v 0.0000000 0.0781971 0.0017802
v 0.0000000 0.0779986 0.0015480
v -0.0003473 0.0782219 0.0017460
v -0.0003020 0.0780234 0.0015183
v -0.0006813 0.0782467 0.0016447
v -0.0005924 0.0780483 0.0014302
v -0.0009890 0.0782715 0.0014802
v -0.0008600 0.0780731 0.0012871
v -0.0012588 0.0782963 0.0012588
v -0.0010946 0.0780979 0.0010946
v -0.0014802 0.0783211 0.0009890
v -0.0012871 0.0781227 0.0008600
v -0.0016447 0.0783459 0.0006813
v -0.0014302 0.0781475 0.0005924
v -0.0017460 0.0783707 0.0003473
v -0.0015183 0.0781723 0.0003020
v -0.0017802 0.0783955 0.0000000
v -0.0015480 0.0781971 0.0000000
v -0.0017460 0.0784203 -0.0003473
v -0.0015183 0.0782219 -0.0003020
v -0.0016447 0.0784452 -0.0006813
v -0.0014302 0.0782467 -0.0005924
v -0.0014802 0.0784700 -0.0009890
v -0.0012871 0.0782715 -0.0008600
v -0.0012588 0.0784948 -0.0012588
v -0.0010946 0.0782963 -0.0010946
v -0.0009890 0.0785196 -0.0014802
v -0.0008600 0.0783211 -0.0012871
v -0.0006813 0.0785444 -0.0016447
v -0.0005924 0.0783460 -0.0014302
v -0.0003473 0.0785692 -0.0017460
v -0.0003020 0.0783708 -0.0015183
v -0.0000000 0.0785940 -0.0017802
v -0.0000000 0.0783956 -0.0015480
v 0.0003473 0.0786188 -0.0017460
v 0.0003020 0.0784204 -0.0015183
v 0.0006813 0.0786436 -0.0016447
v 0.0005924 0.0784452 -0.0014302
v 0.0009890 0.0786684 -0.0014802
v 0.0008600 0.0784700 -0.0012871
v 0.0012588 0.0786932 -0.0012588
v 0.0010946 0.0784948 -0.0010946
v 0.0014802 0.0787181 -0.0009890
v 0.0012871 0.0785196 -0.0008600
v 0.0016447 0.0787429 -0.0006813
v 0.0014302 0.0785444 -0.0005924
v 0.0017460 0.0787677 -0.0003473
v 0.0015183 0.0785692 -0.0003020
v 0.0017802 0.0787925 0.0000000
v 0.0015480 0.0785940 0.0000000
v 0.0017460 0.0788173 0.0003473
v 0.0015183 0.0786189 0.0003020
v 0.0016447 0.0788421 0.0006813
v 0.0014302 0.0786437 0.0005924
v 0.0014802 0.0788669 0.0009890
v 0.0012871 0.0786685 0.0008600
v 0.0012588 0.0788917 0.0012588
v 0.0010946 0.0786933 0.0010946
v 0.0009890 0.0789165 0.0014802
v 0.0008600 0.0787181 0.0012871
v 0.0006813 0.0789413 0.0016447
v 0.0005924 0.0787429 0.0014302
v 0.0003473 0.0789661 0.0017460
v 0.0003020 0.0787677 0.0015183
v 0.0000000 0.0789909 0.0017802
v 0.0000000 0.0787925 0.0015480
v -0.0003473 0.0790158 0.0017460
v -0.0003020 0.0788173 0.0015183
v -0.0006813 0.0790406 0.0016447
v -0.0005924 0.0788421 0.0014302
v -0.0009890 0.0790654 0.0014802
v -0.0008600 0.0788669 0.0012871
v -0.0012588 0.0790902 0.0012588
v -0.0010946 0.0788917 0.0010946
v -0.0014802 0.0791150 0.0009890
v -0.0012871 0.0789166 0.0008600
v -0.0016447 0.0791398 0.0006813
v -0.0014302 0.0789414 0.0005924
v -0.0017460 0.0791646 0.0003473
v -0.0015183 0.0789662 0.0003020
v -0.0017802 0.0791894 -0.0000000
v -0.0015480 0.0789910 -0.0000000
v -0.0017460 0.0792142 -0.0003473
v -0.0015183 0.0790158 -0.0003020
v -0.0016447 0.0792390 -0.0006813
v -0.0014302 0.0790406 -0.0005924
v -0.0014802 0.0792638 -0.0009890
v -0.0012871 0.0790654 -0.0008600
v -0.0012588 0.0792887 -0.0012588
v -0.0010946 0.0790902 -0.0010946
v -0.0009890 0.0793135 -0.0014802
v -0.0008600 0.0791150 -0.0012871
v -0.0006813 0.0793383 -0.0016447
v -0.0005924 0.0791398 -0.0014302
v -0.0003473 0.0793631 -0.0017460
v -0.0003020 0.0791646 -0.0015183
v -0.0000000 0.0793879 -0.0017802
v -0.0000000 0.0791895 -0.0015480
v 0.0003473 0.0794127 -0.0017460
v 0.0003020 0.0792143 -0.0015183
v 0.0006813 0.0794375 -0.0016447
v 0.0005924 0.0792391 -0.0014302
v 0.0009890 0.0794623 -0.0014802
v 0.0008600 0.0792639 -0.0012871
v 0.0012588 0.0794871 -0.0012588
v 0.0010946 0.0792887 -0.0010946
v 0.0014802 0.0795119 -0.0009890
v 0.0012871 0.0793135 -0.0008600
v 0.0016447 0.0795367 -0.0006813
v 0.0014302 0.0793383 -0.0005924
v 0.0017460 0.0795615 -0.0003473
v 0.0015183 0.0793631 -0.0003020
v 0.0017802 0.0795864 0.0000000
v 0.0015480 0.0793879 0.0000000
v 0.0017460 0.0796112 0.0003473
v 0.0015183 0.0794127 0.0003020
v 0.0016447 0.0796360 0.0006813
v 0.0014302 0.0794375 0.0005924
v 0.0014802 0.0796608 0.0009890
v 0.0012871 0.0794623 0.0008600
v 0.0012588 0.0796856 0.0012588
v 0.0010946 0.0794872 0.0010946
v 0.0009890 0.0797104 0.0014802
v 0.0008600 0.0795120 0.0012871
v 0.0006813 0.0797352 0.0016447
v 0.0005924 0.0795368 0.0014302
v 0.0003473 0.0797600 0.0017460
v 0.0003020 0.0795616 0.0015183
v 0.0000000 0.0797848 0.0017802
v 0.0000000 0.0795864 0.0015480
v -0.0003473 0.0798096 0.0017460
v -0.0003020 0.0796112 0.0015183
v -0.0006813 0.0798344 0.0016447
v -0.0005924 0.0796360 0.0014302
v -0.0009890 0.0798593 0.0014802
v -0.0008600 0.0796608 0.0012871
v -0.0012588 0.0798841 0.0012588
v -0.0010946 0.0796856 0.0010946
v -0.0014802 0.0799089 0.0009890
v -0.0012871 0.0797104 0.0008600
v -0.0016447 0.0799337 0.0006813
v -0.0014302 0.0797352 0.0005924
v -0.0017460 0.0799585 0.0003473
v -0.0015183 0.0797601 0.0003020
v -0.0017802 0.0799833 0.0000000
v -0.0015480 0.0797849 0.0000000
v -0.0017460 0.0800081 -0.0003473
v -0.0015183 0.0798097 -0.0003020
v -0.0016447 0.0800329 -0.0006813
v -0.0014302 0.0798345 -0.0005924
v -0.0014802 0.0800577 -0.0009890
v -0.0012871 0.0798593 -0.0008600
v -0.0012588 0.0800825 -0.0012588
v -0.0010946 0.0798841 -0.0010946
v -0.0009890 0.0801073 -0.0014802
v -0.0008600 0.0799089 -0.0012871
v -0.0006813 0.0801322 -0.0016447
v -0.0005924 0.0799337 -0.0014302
v -0.0003473 0.0801570 -0.0017460
v -0.0003020 0.0799585 -0.0015183
v -0.0000000 0.0801818 -0.0017802
v -0.0000000 0.0799833 -0.0015480
v 0.0003473 0.0802066 -0.0017460
v 0.0003020 0.0800081 -0.0015183
v 0.0006813 0.0802314 -0.0016447
v 0.0005924 0.0800329 -0.0014302
v 0.0009890 0.0802562 -0.0014802
v 0.0008600 0.0800578 -0.0012871
v 0.0012588 0.0802810 -0.0012588
v 0.0010946 0.0800826 -0.0010946
v 0.0014802 0.0803058 -0.0009890
v 0.0012871 0.0801074 -0.0008600
v 0.0016447 0.0803306 -0.0006813
v 0.0014302 0.0801322 -0.0005924
v 0.0017460 0.0803554 -0.0003473
v 0.0015183 0.0801570 -0.0003020
v 0.0017802 0.0803802 -0.0000000
v 0.0015480 0.0801818 -0.0000000
v 0.0017460 0.0804050 0.0003473
v 0.0015183 0.0802066 0.0003020
v 0.0016447 0.0804299 0.0006813
v 0.0014302 0.0802314 0.0005924
v 0.0014802 0.0804547 0.0009890
v 0.0012871 0.0802562 0.0008600
v 0.0012588 0.0804795 0.0012588
v 0.0010946 0.0802810 0.0010946
v 0.0009890 0.0805043 0.0014802
v 0.0008600 0.0803058 0.0012871
v 0.0006813 0.0805291 0.0016447
v 0.0005924 0.0803307 0.0014302
v 0.0003473 0.0805539 0.0017460
v 0.0003020 0.0803555 0.0015183
v 0.0000000 0.0805787 0.0017802
v 0.0000000 0.0803803 0.0015480
v -0.0003473 0.0806035 0.0017460
v -0.0003020 0.0804051 0.0015183
v -0.0006813 0.0806283 0.0016447
v -0.0005924 0.0804299 0.0014302
v -0.0009890 0.0806531 0.0014802
v -0.0008600 0.0804547 0.0012871
v -0.0012588 0.0806779 0.0012588
v -0.0010946 0.0804795 0.0010946
v -0.0014802 0.0807028 0.0009890
v -0.0012871 0.0805043 0.0008600
v -0.0016447 0.0807276 0.0006813
v -0.0014302 0.0805291 0.0005924
v -0.0017460 0.0807524 0.0003473
v -0.0015183 0.0805539 0.0003020
v -0.0017802 0.0807772 0.0000000
v -0.0015480 0.0805787 0.0000000
v -0.0017460 0.0808020 -0.0003473
v -0.0015183 0.0806035 -0.0003020
v -0.0016447 0.0808268 -0.0006813
v -0.0014302 0.0806284 -0.0005924
v -0.0014802 0.0808516 -0.0009890
v -0.0012871 0.0806532 -0.0008600
v -0.0012588 0.0808764 -0.0012588
v -0.0010946 0.0806780 -0.0010946
v -0.0009890 0.0809012 -0.0014802
v -0.0008600 0.0807028 -0.0012871
v -0.0006813 0.0809260 -0.0016447
v -0.0005924 0.0807276 -0.0014302
v -0.0003473 0.0809508 -0.0017460
v -0.0003020 0.0807524 -0.0015183
v 0.0000000 0.0809756 -0.0017802
v 0.0000000 0.0807772 -0.0015480
v 0.0003473 0.0810005 -0.0017460
v 0.0003020 0.0808020 -0.0015183
v 0.0006813 0.0810253 -0.0016447
v 0.0005924 0.0808268 -0.0014302
v 0.0009890 0.0810501 -0.0014802
v 0.0008600 0.0808516 -0.0012871
v 0.0012588 0.0810749 -0.0012588
v 0.0010946 0.0808764 -0.0010946
v 0.0014802 0.0810997 -0.0009890
v 0.0012871 0.0809013 -0.0008600
v 0.0016447 0.0811245 -0.0006813
v 0.0014302 0.0809261 -0.0005924
v 0.0017460 0.0811493 -0.0003473
v 0.0015183 0.0809509 -0.0003020
v 0.0017802 0.0811741 -0.0000000
v 0.0015480 0.0809757 -0.0000000
v 0.0017460 0.0811989 0.0003473
v 0.0015183 0.0810005 0.0003020
v 0.0016447 0.0812237 0.0006813
v 0.0014302 0.0810253 0.0005924
v 0.0014802 0.0812485 0.0009890
v 0.0012871 0.0810501 0.0008600
v 0.0012588 0.0812734 0.0012588
v 0.0010946 0.0810749 0.0010946
v 0.0009890 0.0812982 0.0014802
v 0.0008600 0.0810997 0.0012871
v 0.0006813 0.0813230 0.0016447
v 0.0005924 0.0811245 0.0014302
v 0.0003473 0.0813478 0.0017460
v 0.0003020 0.0811493 0.0015183
v -0.0000000 0.0813726 0.0017802
v -0.0000000 0.0811741 0.0015480
v -0.0003473 0.0813974 0.0017460
v -0.0003020 0.0811990 0.0015183
v -0.0006813 0.0814222 0.0016447
v -0.0005924 0.0812238 0.0014302
v -0.0009890 0.0814470 0.0014802
v -0.0008600 0.0812486 0.0012871
v -0.0012588 0.0814718 0.0012588
v -0.0010946 0.0812734 0.0010946
v -0.0014802 0.0814966 0.0009890
v -0.0012871 0.0812982 0.0008600
v -0.0016447 0.0815214 0.0006813
v -0.0014302 0.0813230 0.0005924
v -0.0017460 0.0815462 0.0003473
v -0.0015183 0.0813478 0.0003020
v -0.0017802 0.0815711 0.0000000
v -0.0015480 0.0813726 0.0000000
v -0.0017460 0.0815959 -0.0003473
v -0.0015183 0.0813974 -0.0003020
v -0.0016447 0.0816207 -0.0006813
v -0.0014302 0.0814222 -0.0005924
v -0.0014802 0.0816455 -0.0009890
v -0.0012871 0.0814470 -0.0008600
v -0.0012588 0.0816703 -0.0012588
v -0.0010946 0.0814719 -0.0010946
v -0.0009890 0.0816951 -0.0014802
v -0.0008600 0.0814967 -0.0012871
v -0.0006813 0.0817199 -0.0016447
v -0.0005924 0.0815215 -0.0014302
v -0.0003473 0.0817447 -0.0017460
v -0.0003020 0.0815463 -0.0015183
v 0.0000000 0.0817695 -0.0017802
v 0.0000000 0.0815711 -0.0015480
v 0.0003473 0.0817943 -0.0017460
v 0.0003020 0.0815959 -0.0015183
v 0.0006813 0.0818191 -0.0016447
v 0.0005924 0.0816207 -0.0014302
v 0.0009890 0.0818440 -0.0014802
v 0.0008600 0.0816455 -0.0012871
v 0.0012588 0.0818688 -0.0012588
v 0.0010946 0.0816703 -0.0010946
v 0.0014802 0.0818936 -0.0009890
v 0.0012871 0.0816951 -0.0008600
v 0.0016447 0.0819184 -0.0006813
v 0.0014302 0.0817199 -0.0005924
v 0.0017460 0.0819432 -0.0003473
v 0.0015183 0.0817448 -0.0003020
v 0.0017802 0.0819680 -0.0000000
v 0.0015480 0.0817696 -0.0000000
v 0.0017460 0.0819928 0.0003473
v 0.0015183 0.0817944 0.0003020
v 0.0016447 0.0820176 0.0006813
v 0.0014302 0.0818192 0.0005924
v 0.0014802 0.0820424 0.0009890
v 0.0012871 0.0818440 0.0008600
v 0.0012588 0.0820672 0.0012588
v 0.0010946 0.0818688 0.0010946
v 0.0009890 0.0820920 0.0014802
v 0.0008600 0.0818936 0.0012871
v 0.0006813 0.0821168 0.0016447
v 0.0005924 0.0819184 0.0014302
v 0.0003473 0.0821417 0.0017460
v 0.0003020 0.0819432 0.0015183
v 0.0000000 0.0821665 0.0017802
v 0.0000000 0.0819680 0.0015480
v -0.0003473 0.0821913 0.0017460
v -0.0003020 0.0819928 0.0015183
v -0.0006813 0.0822161 0.0016447
v -0.0005924 0.0820176 0.0014302
v -0.0009890 0.0822409 0.0014802
v -0.0008600 0.0820425 0.0012871
v -0.0012588 0.0822657 0.0012588
v -0.0010946 0.0820673 0.0010946
v -0.0014802 0.0822905 0.0009890
v -0.0012871 0.0820921 0.0008600
v -0.0016447 0.0823153 0.0006813
v -0.0014302 0.0821169 0.0005924
v -0.0017460 0.0823401 0.0003473
v -0.0015183 0.0821417 0.0003020
v -0.0017802 0.0823649 0.0000000
v -0.0015480 0.0821665 0.0000000
v -0.0017460 0.0823897 -0.0003473
v -0.0015183 0.0821913 -0.0003020
v -0.0016447 0.0824146 -0.0006813
v -0.0014302 0.0822161 -0.0005924
v -0.0014802 0.0824394 -0.0009890
v -0.0012871 0.0822409 -0.0008600
v -0.0012588 0.0824642 -0.0012588
v -0.0010946 0.0822657 -0.0010946
v -0.0009890 0.0824890 -0.0014802
v -0.0008600 0.0822905 -0.0012871
v -0.0006813 0.0825138 -0.0016447
v -0.0005924 0.0823154 -0.0014302
v -0.0003473 0.0825386 -0.0017460
v -0.0003020 0.0823402 -0.0015183
v -0.0000000 0.0825634 -0.0017802
v -0.0000000 0.0823650 -0.0015480
v 0.0003473 0.0825882 -0.0017460
v 0.0003020 0.0823898 -0.0015183
v 0.0006813 0.0826130 -0.0016447
v 0.0005924 0.0824146 -0.0014302
v 0.0009890 0.0826378 -0.0014802
v 0.0008600 0.0824394 -0.0012871
v 0.0012588 0.0826626 -0.0012588
v 0.0010946 0.0824642 -0.0010946
v 0.0014802 0.0826874 -0.0009890
v 0.0012871 0.0824890 -0.0008600
v 0.0016447 0.0827123 -0.0006813
v 0.0014302 0.0825138 -0.0005924
v 0.0017460 0.0827371 -0.0003473
v 0.0015183 0.0825386 -0.0003020
v 0.0017802 0.0827619 0.0000000
v 0.0015480 0.0825634 0.0000000
v 0.0017460 0.0827867 0.0003473
v 0.0015183 0.0825882 0.0003020
v 0.0016447 0.0828115 0.0006813
v 0.0014302 0.0826131 0.0005924
v 0.0014802 0.0828363 0.0009890
v 0.0012871 0.0826379 0.0008600
v 0.0012588 0.0828611 0.0012588
v 0.0010946 0.0826627 0.0010946
v 0.0009890 0.0828859 0.0014802
v 0.0008600 0.0826875 0.0012871
v 0.0006813 0.0829107 0.0016447
v 0.0005924 0.0827123 0.0014302
v 0.0003473 0.0829355 0.0017460
v 0.0003020 0.0827371 0.0015183
v 0.0000000 0.0829603 0.0017802
v 0.0000000 0.0827619 0.0015480
v -0.0003473 0.0829852 0.0017460
v -0.0003020 0.0827867 0.0015183
v -0.0006813 0.0830100 0.0016447
v -0.0005924 0.0828115 0.0014302
v -0.0009890 0.0830348 0.0014802
v -0.0008600 0.0828363 0.0012871
v -0.0012588 0.0830596 0.0012588
v -0.0010946 0.0828611 0.0010946
v -0.0014802 0.0830844 0.0009890
v -0.0012871 0.0828860 0.0008600
v -0.0016447 0.0831092 0.0006813
v -0.0014302 0.0829108 0.0005924
v -0.0017460 0.0831340 0.0003473
v -0.0015183 0.0829356 0.0003020
v -0.0017802 0.0831588 -0.0000000
v -0.0015480 0.0829604 -0.0000000
v -0.0017460 0.0831836 -0.0003473
v -0.0015183 0.0829852 -0.0003020
v -0.0016447 0.0832084 -0.0006813
v -0.0014302 0.0830100 -0.0005924
v -0.0014802 0.0832332 -0.0009890
v -0.0012871 0.0830348 -0.0008600
v -0.0012588 0.0832581 -0.0012588
v -0.0010946 0.0830596 -0.0010946
v -0.0009890 0.0832829 -0.0014802
v -0.0008600 0.0830844 -0.0012871
v -0.0006813 0.0833077 -0.0016447
v -0.0005924 0.0831092 -0.0014302
v -0.0003473 0.0833325 -0.0017460
v -0.0003020 0.0831340 -0.0015183
v -0.0000000 0.0833573 -0.0017802
v -0.0000000 0.0831588 -0.0015480
v 0.0003473 0.0833821 -0.0017460
v 0.0003020 0.0831837 -0.0015183
v 0.0006813 0.0834069 -0.0016447
v 0.0005924 0.0832085 -0.0014302
v 0.0009890 0.0834317 -0.0014802
v 0.0008600 0.0832333 -0.0012871
v 0.0012588 0.0834565 -0.0012588
v 0.0010946 0.0832581 -0.0010946
v 0.0014802 0.0834813 -0.0009890
v 0.0012871 0.0832829 -0.0008600
v 0.0016447 0.0835061 -0.0006813
v 0.0014302 0.0833077 -0.0005924
v 0.0017460 0.0835309 -0.0003473
v 0.0015183 0.0833325 -0.0003020
v 0.0017802 0.0835558 0.0000000
v 0.0015480 0.0833573 0.0000000
v 0.0017460 0.0835806 0.0003473
v 0.0015183 0.0833821 0.0003020
v 0.0016447 0.0836054 0.0006813
v 0.0014302 0.0834069 0.0005924
v 0.0014802 0.0836302 0.0009890
v 0.0012871 0.0834317 0.0008600
v 0.0012588 0.0836550 0.0012588
v 0.0010946 0.0834566 0.0010946
v 0.0009890 0.0836798 0.0014802
v 0.0008600 0.0834814 0.0012871
v 0.0006813 0.0837046 0.0016447
v 0.0005924 0.0835062 0.0014302
v 0.0003473 0.0837294 0.0017460
v 0.0003020 0.0835310 0.0015183
v 0.0000000 0.0837542 0.0017802
v 0.0000000 0.0835558 0.0015480
v -0.0003473 0.0837790 0.0017460
v -0.0003020 0.0835806 0.0015183
v -0.0006813 0.0838038 0.0016447
v -0.0005924 0.0836054 0.0014302
v -0.0009890 0.0838287 0.0014802
v -0.0008600 0.0836302 0.0012871
v -0.0012588 0.0838535 0.0012588
v -0.0010946 0.0836550 0.0010946
v -0.0014802 0.0838783 0.0009890
v -0.0012871 0.0836798 0.0008600
v -0.0016447 0.0839031 0.0006813
v -0.0014302 0.0837046 0.0005924
v -0.0017460 0.0839279 0.0003473
v -0.0015183 0.0837294 0.0003020
v -0.0017802 0.0839527 0.0000000
v -0.0015480 0.0837543 0.0000000
v -0.0017460 0.0839775 -0.0003473
v -0.0015183 0.0837791 -0.0003020
v -0.0016447 0.0840023 -0.0006813
v -0.0014302 0.0838039 -0.0005924
v -0.0014802 0.0840271 -0.0009890
v -0.0012871 0.0838287 -0.0008600
v -0.0012588 0.0840519 -0.0012588
v -0.0010946 0.0838535 -0.0010946
v -0.0009890 0.0840767 -0.0014802
v -0.0008600 0.0838783 -0.0012871
v -0.0006813 0.0841015 -0.0016447
v -0.0005924 0.0839031 -0.0014302
v -0.0003473 0.0841264 -0.0017460
v -0.0003020 0.0839279 -0.0015183
v -0.0000000 0.0841512 -0.0017802
v -0.0000000 0.0839527 -0.0015480
v 0.0003473 0.0841760 -0.0017460
v 0.0003020 0.0839775 -0.0015183
v 0.0006813 0.0842008 -0.0016447
v 0.0005924 0.0840023 -0.0014302
v 0.0009890 0.0842256 -0.0014802
v 0.0008600 0.0840272 -0.0012871
v 0.0012588 0.0842504 -0.0012588
v 0.0010946 0.0840520 -0.0010946
v 0.0014802 0.0842752 -0.0009890
v 0.0012871 0.0840768 -0.0008600
v 0.0016447 0.0843000 -0.0006813
v 0.0014302 0.0841016 -0.0005924
v 0.0017460 0.0843248 -0.0003473
v 0.0015183 0.0841264 -0.0003020
v 0.0017802 0.0843496 -0.0000000
v 0.0015480 0.0841512 -0.0000000
v 0.0017460 0.0843744 0.0003473
v 0.0015183 0.0841760 0.0003020
v 0.0016447 0.0843993 0.0006813
v 0.0014302 0.0842008 0.0005924
v 0.0014802 0.0844241 0.0009890
v 0.0012871 0.0842256 0.0008600
v 0.0012588 0.0844489 0.0012588
v 0.0010946 0.0842504 0.0010946
v 0.0009890 0.0844737 0.0014802
v 0.0008600 0.0842752 0.0012871
v 0.0006813 0.0844985 0.0016447
v 0.0005924 0.0843000 0.0014302
v 0.0003473 0.0845233 0.0017460
v 0.0003020 0.0843249 0.0015183
v 0.0000000 0.0845481 0.0017802
v 0.0000000 0.0843497 0.0015480
v -0.0003473 0.0845729 0.0017460
v -0.0003020 0.0843745 0.0015183
v -0.0006813 0.0845977 0.0016447
v -0.0005924 0.0843993 0.0014302
v -0.0009890 0.0846225 0.0014802
v -0.0008600 0.0844241 0.0012871
v -0.0012588 0.0846473 0.0012588
v -0.0010946 0.0844489 0.0010946
v -0.0014802 0.0846721 0.0009890
v -0.0012871 0.0844737 0.0008600
v -0.0016447 0.0846970 0.0006813
v -0.0014302 0.0844985 0.0005924
v -0.0017460 0.0847218 0.0003473
v -0.0015183 0.0845233 0.0003020
v -0.0017802 0.0847466 0.0000000
v -0.0015480 0.0845481 0.0000000
v -0.0017460 0.0847714 -0.0003473
v -0.0015183 0.0845729 -0.0003020
v -0.0016447 0.0847962 -0.0006813
v -0.0014302 0.0845978 -0.0005924
v -0.0014802 0.0848210 -0.0009890
v -0.0012871 0.0846226 -0.0008600
v -0.0012588 0.0848458 -0.0012588
v -0.0010946 0.0846474 -0.0010946
v -0.0009890 0.0848706 -0.0014802
v -0.0008600 0.0846722 -0.0012871
v -0.0006813 0.0848954 -0.0016447
v -0.0005924 0.0846970 -0.0014302
v -0.0003473 0.0849202 -0.0017460
v -0.0003020 0.0847218 -0.0015183
v 0.0000000 0.0849450 -0.0017802
v 0.0000000 0.0847466 -0.0015480
v 0.0003473 0.0849699 -0.0017460
v 0.0003020 0.0847714 -0.0015183
v 0.0006813 0.0849947 -0.0016447
v 0.0005924 0.0847962 -0.0014302
v 0.0009890 0.0850195 -0.0014802
v 0.0008600 0.0848210 -0.0012871
v 0.0012588 0.0850443 -0.0012588
v 0.0010946 0.0848458 -0.0010946
v 0.0014802 0.0850691 -0.0009890
v 0.0012871 0.0848706 -0.0008600
v 0.0016447 0.0850939 -0.0006813
v 0.0014302 0.0848955 -0.0005924
v 0.0017460 0.0851187 -0.0003473
v 0.0015183 0.0849203 -0.0003020
v 0.0017802 0.0851435 -0.0000000
v 0.0015480 0.0849451 -0.0000000
v 0.0017460 0.0851683 0.0003473
v 0.0015183 0.0849699 0.0003020
v 0.0016447 0.0851931 0.0006813
v 0.0014302 0.0849947 0.0005924
v 0.0014802 0.0852179 0.0009890
v 0.0012871 0.0850195 0.0008600
v 0.0012588 0.0852427 0.0012588
v 0.0010946 0.0850443 0.0010946
v 0.0009890 0.0852676 0.0014802
v 0.0008600 0.0850691 0.0012871
v 0.0006813 0.0852924 0.0016447
v 0.0005924 0.0850939 0.0014302
v 0.0003473 0.0853172 0.0017460
v 0.0003020 0.0851187 0.0015183
v -0.0000000 0.0853420 0.0017802
v -0.0000000 0.0851435 0.0015480
v -0.0003473 0.0853668 0.0017460
v -0.0003020 0.0851684 0.0015183
v -0.0006813 0.0853916 0.0016447
v -0.0005924 0.0851932 0.0014302
v -0.0009890 0.0854164 0.0014802
v -0.0008600 0.0852180 0.0012871
v -0.0012588 0.0854412 0.0012588
v -0.0010946 0.0852428 0.0010946
v -0.0014802 0.0854660 0.0009890
v -0.0012871 0.0852676 0.0008600
v -0.0016447 0.0854908 0.0006813
v -0.0014302 0.0852924 0.0005924
v -0.0017460 0.0855156 0.0003473
v -0.0015183 0.0853172 0.0003020
v -0.0017802 0.0855405 0.0000000
v -0.0015480 0.0853420 0.0000000
v -0.0017460 0.0855653 -0.0003473
v -0.0015183 0.0853668 -0.0003020
v -0.0016447 0.0855901 -0.0006813
v -0.0014302 0.0853916 -0.0005924
v -0.0014802 0.0856149 -0.0009890
v -0.0012871 0.0854164 -0.0008600
v -0.0012588 0.0856397 -0.0012588
v -0.0010946 0.0854413 -0.0010946
v -0.0009890 0.0856645 -0.0014802
v -0.0008600 0.0854661 -0.0012871
v -0.0006813 0.0856893 -0.0016447
v -0.0005924 0.0854909 -0.0014302
v -0.0003473 0.0857141 -0.0017460
v -0.0003020 0.0855157 -0.0015183
v 0.0000000 0.0857389 -0.0017802
v 0.0000000 0.0855405 -0.0015480
v 0.0003473 0.0857637 -0.0017460
v 0.0003020 0.0855653 -0.0015183
v 0.0006813 0.0857885 -0.0016447
v 0.0005924 0.0855901 -0.0014302
v 0.0009890 0.0858133 -0.0014802
v 0.0008600 0.0856149 -0.0012871
v 0.0012588 0.0858382 -0.0012588
v 0.0010946 0.0856397 -0.0010946
v 0.0014802 0.0858630 -0.0009890
v 0.0012871 0.0856645 -0.0008600
v 0.0016447 0.0858878 -0.0006813
v 0.0014302 0.0856893 -0.0005924
v 0.0017460 0.0859126 -0.0003473
v 0.0015183 0.0857141 -0.0003020
v 0.0017802 0.0859374 -0.0000000
v 0.0015480 0.0857390 -0.0000000
v 0.0017460 0.0859622 0.0003473
v 0.0015183 0.0857638 0.0003020
v 0.0016447 0.0859870 0.0006813
v 0.0014302 0.0857886 0.0005924
v 0.0014802 0.0860118 0.0009890
v 0.0012871 0.0858134 0.0008600
v 0.0012588 0.0860366 0.0012588
v 0.0010946 0.0858382 0.0010946
v 0.0009890 0.0860614 0.0014802
v 0.0008600 0.0858630 0.0012871
v 0.0006813 0.0860862 0.0016447
v 0.0005924 0.0858878 0.0014302
v 0.0003473 0.0861111 0.0017460
v 0.0003020 0.0859126 0.0015183
v 0.0000000 0.0861359 0.0017802
v 0.0000000 0.0859374 0.0015480
v -0.0003473 0.0861607 0.0017460
v -0.0003020 0.0859622 0.0015183
v -0.0006813 0.0861855 0.0016447
v -0.0005924 0.0859870 0.0014302
v -0.0009890 0.0862103 0.0014802
v -0.0008600 0.0860119 0.0012871
v -0.0012588 0.0862351 0.0012588
v -0.0010946 0.0860367 0.0010946
v -0.0014802 0.0862599 0.0009890
v -0.0012871 0.0860615 0.0008600
v -0.0016447 0.0862847 0.0006813
v -0.0014302 0.0860863 0.0005924
v -0.0017460 0.0863095 0.0003473
v -0.0015183 0.0861111 0.0003020
v -0.0017802 0.0863343 0.0000000
v -0.0015480 0.0861359 0.0000000
v -0.0017460 0.0863591 -0.0003473
v -0.0015183 0.0861607 -0.0003020
v -0.0016447 0.0863839 -0.0006813
v -0.0014302 0.0861855 -0.0005924
v -0.0014802 0.0864088 -0.0009890
v -0.0012871 0.0862103 -0.0008600
v -0.0012588 0.0864336 -0.0012588
v -0.0010946 0.0862351 -0.0010946
v -0.0009890 0.0864584 -0.0014802
v -0.0008600 0.0862599 -0.0012871
v -0.0006813 0.0864832 -0.0016447
v -0.0005924 0.0862847 -0.0014302
v -0.0003473 0.0865080 -0.0017460
v -0.0003020 0.0863096 -0.0015183
v -0.0000000 0.0865328 -0.0017802
v -0.0000000 0.0863344 -0.0015480
v 0.0003473 0.0865576 -0.0017460
v 0.0003020 0.0863592 -0.0015183
v 0.0006813 0.0865824 -0.0016447
v 0.0005924 0.0863840 -0.0014302
v 0.0009890 0.0866072 -0.0014802
v 0.0008600 0.0864088 -0.0012871
v 0.0012588 0.0866320 -0.0012588
v 0.0010946 0.0864336 -0.0010946
v 0.0014802 0.0866568 -0.0009890
v 0.0012871 0.0864584 -0.0008600
v 0.0016447 0.0866817 -0.0006813
v 0.0014302 0.0864832 -0.0005924
v 0.0017460 0.0867065 -0.0003473
v 0.0015183 0.0865080 -0.0003020
v 0.0017802 0.0867313 -0.0000000
v 0.0015480 0.0865328 -0.0000000
v 0.0017460 0.0867561 0.0003473
v 0.0015183 0.0865576 0.0003020
v 0.0016447 0.0867809 0.0006813
v 0.0014302 0.0865825 0.0005924
v 0.0014802 0.0868057 0.0009890
v 0.0012871 0.0866073 0.0008600
v 0.0012588 0.0868305 0.0012588
v 0.0010946 0.0866321 0.0010946
v 0.0009890 0.0868553 0.0014802
v 0.0008600 0.0866569 0.0012871
v 0.0006813 0.0868801 0.0016447
v 0.0005924 0.0866817 0.0014302
v 0.0003473 0.0869049 0.0017460
v 0.0003020 0.0867065 0.0015183
v 0.0000000 0.0869297 0.0017802
v 0.0000000 0.0867313 0.0015480
v -0.0003473 0.0869546 0.0017460
v -0.0003020 0.0867561 0.0015183
v -0.0006813 0.0869794 0.0016447
v -0.0005924 0.0867809 0.0014302
v -0.0009890 0.0870042 0.0014802
v -0.0008600 0.0868057 0.0012871
v -0.0012588 0.0870290 0.0012588
v -0.0010946 0.0868305 0.0010946
v -0.0014802 0.0870538 0.0009890
v -0.0012871 0.0868553 0.0008600
v -0.0016447 0.0870786 0.0006813
v -0.0014302 0.0868802 0.0005924
v -0.0017460 0.0871034 0.0003473
v -0.0015183 0.0869050 0.0003020
v -0.0017802 0.0871282 -0.0000000
v -0.0015480 0.0869298 -0.0000000
v -0.0017460 0.0871530 -0.0003473
v -0.0015183 0.0869546 -0.0003020
v -0.0016447 0.0871778 -0.0006813
v -0.0014302 0.0869794 -0.0005924
v -0.0014802 0.0872026 -0.0009890
v -0.0012871 0.0870042 -0.0008600
v -0.0012588 0.0872274 -0.0012588
v -0.0010946 0.0870290 -0.0010946
v -0.0009890 0.0872523 -0.0014802
v -0.0008600 0.0870538 -0.0012871
v -0.0006813 0.0872771 -0.0016447
v -0.0005924 0.0870786 -0.0014302
v -0.0003473 0.0873019 -0.0017460
v -0.0003020 0.0871034 -0.0015183
v -0.0000000 0.0873267 -0.0017802
v -0.0000000 0.0871282 -0.0015480
v 0.0003473 0.0873515 -0.0017460
v 0.0003020 0.0871531 -0.0015183
v 0.0006813 0.0873763 -0.0016447
v 0.0005924 0.0871779 -0.0014302
v 0.0009890 0.0874011 -0.0014802
v 0.0008600 0.0872027 -0.0012871
v 0.0012588 0.0874259 -0.0012588
v 0.0010946 0.0872275 -0.0010946
v 0.0014802 0.0874507 -0.0009890
v 0.0012871 0.0872523 -0.0008600
v 0.0016447 0.0874755 -0.0006813
v 0.0014302 0.0872771 -0.0005924
v 0.0017460 0.0875003 -0.0003473
v 0.0015183 0.0873019 -0.0003020
v 0.0017802 0.0875252 0.0000000
v 0.0015480 0.0873267 0.0000000
v 0.0017460 0.0875500 0.0003473
v 0.0015183 0.0873515 0.0003020
v 0.0016447 0.0875748 0.0006813
v 0.0014302 0.0873763 0.0005924
v 0.0014802 0.0875996 0.0009890
v 0.0012871 0.0874011 0.0008600
v 0.0012588 0.0876244 0.0012588
v 0.0010946 0.0874259 0.0010946
v 0.0009890 0.0876492 0.0014802
v 0.0008600 0.0874508 0.0012871
v 0.0006813 0.0876740 0.0016447
v 0.0005924 0.0874756 0.0014302
v 0.0003473 0.0876988 0.0017460
v 0.0003020 0.0875004 0.0015183
v 0.0000000 0.0877236 0.0017802
v 0.0000000 0.0875252 0.0015480
v -0.0003473 0.0877484 0.0017460
v -0.0003020 0.0875500 0.0015183
v -0.0006813 0.0877732 0.0016447
v -0.0005924 0.0875748 0.0014302
v -0.0009890 0.0877980 0.0014802
v -0.0008600 0.0875996 0.0012871
v -0.0012588 0.0878229 0.0012588
v -0.0010946 0.0876244 0.0010946
v -0.0014802 0.0878477 0.0009890
v -0.0012871 0.0876492 0.0008600
v -0.0016447 0.0878725 0.0006813
v -0.0014302 0.0876740 0.0005924
v -0.0017460 0.0878973 0.0003473
v -0.0015183 0.0876988 0.0003020
v -0.0017802 0.0879221 -0.0000000
v -0.0015480 0.0877237 -0.0000000
v -0.0017460 0.0879469 -0.0003473
v -0.0015183 0.0877485 -0.0003020
v -0.0016447 0.0879717 -0.0006813
v -0.0014302 0.0877733 -0.0005924
v -0.0014802 0.0879965 -0.0009890
v -0.0012871 0.0877981 -0.0008600
v -0.0012588 0.0880213 -0.0012588
v -0.0010946 0.0878229 -0.0010946
v -0.0009890 0.0880461 -0.0014802
v -0.0008600 0.0878477 -0.0012871
v -0.0006813 0.0880709 -0.0016447
v -0.0005924 0.0878725 -0.0014302
v -0.0003473 0.0880958 -0.0017460
v -0.0003020 0.0878973 -0.0015183
v -0.0000000 0.0881206 -0.0017802
v -0.0000000 0.0879221 -0.0015480
v 0.0003473 0.0881454 -0.0017460
v 0.0003020 0.0879469 -0.0015183
v 0.0006813 0.0881702 -0.0016447
v 0.0005924 0.0879717 -0.0014302
v 0.0009890 0.0881950 -0.0014802
v 0.0008600 0.0879965 -0.0012871
v 0.0012588 0.0882198 -0.0012588
v 0.0010946 0.0880214 -0.0010946
v 0.0014802 0.0882446 -0.0009890
v 0.0012871 0.0880462 -0.0008600
v 0.0016447 0.0882694 -0.0006813
v 0.0014302 0.0880710 -0.0005924
v 0.0017460 0.0882942 -0.0003473
v 0.0015183 0.0880958 -0.0003020
v 0.0017802 0.0883190 -0.0000000
v 0.0015480 0.0881206 -0.0000000
v 0.0017460 0.0883438 0.0003473
v 0.0015183 0.0881454 0.0003020
v 0.0016447 0.0883686 0.0006813
v 0.0014302 0.0881702 0.0005924
v 0.0014802 0.0883935 0.0009890
v 0.0012871 0.0881950 0.0008600
v 0.0012588 0.0884183 0.0012588
v 0.0010946 0.0882198 0.0010946
v 0.0009890 0.0884431 0.0014802
v 0.0008600 0.0882446 0.0012871
v 0.0006813 0.0884679 0.0016447
v 0.0005924 0.0882694 0.0014302
v 0.0003473 0.0884927 0.0017460
v 0.0003020 0.0882943 0.0015183
v 0.0000000 0.0885175 0.0017802
v 0.0000000 0.0883191 0.0015480
v -0.0003473 0.0885423 0.0017460
v -0.0003020 0.0883439 0.0015183
v -0.0006813 0.0885671 0.0016447
v -0.0005924 0.0883687 0.0014302
v -0.0009890 0.0885919 0.0014802
v -0.0008600 0.0883935 0.0012871
v -0.0012588 0.0886167 0.0012588
v -0.0010946 0.0884183 0.0010946
v -0.0014802 0.0886415 0.0009890
v -0.0012871 0.0884431 0.0008600
v -0.0016447 0.0886664 0.0006813
v -0.0014302 0.0884679 0.0005924
v -0.0017460 0.0886912 0.0003473
v -0.0015183 0.0884927 0.0003020
v -0.0017802 0.0887160 0.0000000
v -0.0015480 0.0885175 0.0000000
v -0.0017460 0.0887408 -0.0003473
v -0.0015183 0.0885423 -0.0003020
v -0.0016447 0.0887656 -0.0006813
v -0.0014302 0.0885671 -0.0005924
v -0.0014802 0.0887904 -0.0009890
v -0.0012871 0.0885920 -0.0008600
v -0.0012588 0.0888152 -0.0012588
v -0.0010946 0.0886168 -0.0010946
v -0.0009890 0.0888400 -0.0014802
v -0.0008600 0.0886416 -0.0012871
v -0.0006813 0.0888648 -0.0016447
v -0.0005924 0.0886664 -0.0014302
v -0.0003473 0.0888896 -0.0017460
v -0.0003020 0.0886912 -0.0015183
v -0.0000000 0.0889144 -0.0017802
v -0.0000000 0.0887160 -0.0015480
v 0.0003473 0.0889392 -0.0017460
v 0.0003020 0.0887408 -0.0015183
v 0.0006813 0.0889641 -0.0016447
v 0.0005924 0.0887656 -0.0014302
v 0.0009890 0.0889889 -0.0014802
v 0.0008600 0.0887904 -0.0012871
v 0.0012588 0.0890137 -0.0012588
v 0.0010946 0.0888152 -0.0010946
v 0.0014802 0.0890385 -0.0009890
v 0.0012871 0.0888400 -0.0008600
v 0.0016447 0.0890633 -0.0006813
v 0.0014302 0.0888649 -0.0005924
v 0.0017460 0.0890881 -0.0003473
v 0.0015183 0.0888897 -0.0003020
v 0.0017802 0.0891129 -0.0000000
v 0.0015480 0.0889145 -0.0000000
v 0.0017460 0.0891377 0.0003473
v 0.0015183 0.0889393 0.0003020
v 0.0016447 0.0891625 0.0006813
v 0.0014302 0.0889641 0.0005924
v 0.0014802 0.0891873 0.0009890
v 0.0012871 0.0889889 0.0008600
v 0.0012588 0.0892121 0.0012588
v 0.0010946 0.0890137 0.0010946
v 0.0009890 0.0892370 0.0014802
v 0.0008600 0.0890385 0.0012871
v 0.0006813 0.0892618 0.0016447
v 0.0005924 0.0890633 0.0014302
v 0.0003473 0.0892866 0.0017460
v 0.0003020 0.0890881 0.0015183
v -0.0000000 0.0893114 0.0017802
v -0.0000000 0.0891129 0.0015480
v -0.0003473 0.0893362 0.0017460
v -0.0003020 0.0891378 0.0015183
v -0.0006813 0.0893610 0.0016447
v -0.0005924 0.0891626 0.0014302
v -0.0009890 0.0893858 0.0014802
v -0.0008600 0.0891874 0.0012871
v -0.0012588 0.0894106 0.0012588
v -0.0010946 0.0892122 0.0010946
v -0.0014802 0.0894354 0.0009890
v -0.0012871 0.0892370 0.0008600
v -0.0016447 0.0894602 0.0006813
v -0.0014302 0.0892618 0.0005924
v -0.0017460 0.0894850 0.0003473
v -0.0015183 0.0892866 0.0003020
v -0.0017802 0.0895098 0.0000000
v -0.0015480 0.0893114 0.0000000
v -0.0017460 0.0895347 -0.0003473
v -0.0015183 0.0893362 -0.0003020
v -0.0016447 0.0895595 -0.0006813
v -0.0014302 0.0893610 -0.0005924
v -0.0014802 0.0895843 -0.0009890
v -0.0012871 0.0893858 -0.0008600
v -0.0012588 0.0896091 -0.0012588
v -0.0010946 0.0894106 -0.0010946
v -0.0009890 0.0896339 -0.0014802
v -0.0008600 0.0894355 -0.0012871
v -0.0006813 0.0896587 -0.0016447
v -0.0005924 0.0894603 -0.0014302
v -0.0003473 0.0896835 -0.0017460
v -0.0003020 0.0894851 -0.0015183
v 0.0000000 0.0897083 -0.0017802
v 0.0000000 0.0895099 -0.0015480
v 0.0003473 0.0897331 -0.0017460
v 0.0003020 0.0895347 -0.0015183
v 0.0006813 0.0897579 -0.0016447
v 0.0005924 0.0895595 -0.0014302
v 0.0009890 0.0897827 -0.0014802
v 0.0008600 0.0895843 -0.0012871
v 0.0012588 0.0898076 -0.0012588
v 0.0010946 0.0896091 -0.0010946
v 0.0014802 0.0898324 -0.0009890
v 0.0012871 0.0896339 -0.0008600
v 0.0016447 0.0898572 -0.0006813
v 0.0014302 0.0896587 -0.0005924
v 0.0017460 0.0898820 -0.0003473
v 0.0015183 0.0896835 -0.0003020
v 0.0017802 0.0899068 -0.0000000
v 0.0015480 0.0897084 -0.0000000
v 0.0017460 0.0899316 0.0003473
v 0.0015183 0.0897332 0.0003020
v 0.0016447 0.0899564 0.0006813
v 0.0014302 0.0897580 0.0005924
v 0.0014802 0.0899812 0.0009890
v 0.0012871 0.0897828 0.0008600
v 0.0012588 0.0900060 0.0012588
v 0.0010946 0.0898076 0.0010946
v 0.0009890 0.0900308 0.0014802
v 0.0008600 0.0898324 0.0012871
v 0.0006813 0.0900556 0.0016447
v 0.0005924 0.0898572 0.0014302
v 0.0003473 0.0900804 0.0017460
v 0.0003020 0.0898820 0.0015183
v -0.0000000 0.0901053 0.0017802
v -0.0000000 0.0899068 0.0015480
v -0.0003473 0.0901301 0.0017460
v -0.0003020 0.0899316 0.0015183
v -0.0006813 0.0901549 0.0016447
v -0.0005924 0.0899564 0.0014302
v -0.0009890 0.0901797 0.0014802
v -0.0008600 0.0899812 0.0012871
v -0.0012588 0.0902045 0.0012588
v -0.0010946 0.0900061 0.0010946
v -0.0014802 0.0902293 0.0009890
v -0.0012871 0.0900309 0.0008600
v -0.0016447 0.0902541 0.0006813
v -0.0014302 0.0900557 0.0005924
v -0.0017460 0.0902789 0.0003473
v -0.0015183 0.0900805 0.0003020
v -0.0017802 0.0903037 0.0000000
v -0.0015480 0.0901053 0.0000000
v -0.0017460 0.0903285 -0.0003473
v -0.0015183 0.0901301 -0.0003020
v -0.0016447 0.0903533 -0.0006813
v -0.0014302 0.0901549 -0.0005924
v -0.0014802 0.0903782 -0.0009890
v -0.0012871 0.0901797 -0.0008600
v -0.0012588 0.0904030 -0.0012588
v -0.0010946 0.0902045 -0.0010946
v -0.0009890 0.0904278 -0.0014802
v -0.0008600 0.0902293 -0.0012871
v -0.0006813 0.0904526 -0.0016447
v -0.0005924 0.0902541 -0.0014302
v -0.0003473 0.0904774 -0.0017460
v -0.0003020 0.0902790 -0.0015183
v -0.0000000 0.0905022 -0.0017802
v -0.0000000 0.0903038 -0.0015480
v 0.0003473 0.0905270 -0.0017460
v 0.0003020 0.0903286 -0.0015183
v 0.0006813 0.0905518 -0.0016447
v 0.0005924 0.0903534 -0.0014302
v 0.0009890 0.0905766 -0.0014802
v 0.0008600 0.0903782 -0.0012871
v 0.0012588 0.0906014 -0.0012588
v 0.0010946 0.0904030 -0.0010946
v 0.0014802 0.0906262 -0.0009890
v 0.0012871 0.0904278 -0.0008600
v 0.0016447 0.0906511 -0.0006813
v 0.0014302 0.0904526 -0.0005924
v 0.0017460 0.0906759 -0.0003473
v 0.0015183 0.0904774 -0.0003020
v 0.0017802 0.0907007 -0.0000000
v 0.0015480 0.0905022 -0.0000000
v 0.0017460 0.0907255 0.0003473
v 0.0015183 0.0905270 0.0003020
v 0.0016447 0.0907503 0.0006813
v 0.0014302 0.0905518 0.0005924
v 0.0014802 0.0907751 0.0009890
v 0.0012871 0.0905767 0.0008600
v 0.0012588 0.0907999 0.0012588
v 0.0010946 0.0906015 0.0010946
v 0.0009890 0.0908247 0.0014802
v 0.0008600 0.0906263 0.0012871
v 0.0006813 0.0908495 0.0016447
v 0.0005924 0.0906511 0.0014302
v 0.0003473 0.0908743 0.0017460
v 0.0003020 0.0906759 0.0015183
v 0.0000000 0.0908991 0.0017802
v 0.0000000 0.0907007 0.0015480
v -0.0003473 0.0909239 0.0017460
v -0.0003020 0.0907255 0.0015183
v -0.0006813 0.0909488 0.0016447
v -0.0005924 0.0907503 0.0014302
v -0.0009890 0.0909736 0.0014802
v -0.0008600 0.0907751 0.0012871
v -0.0012588 0.0909984 0.0012588
v -0.0010946 0.0907999 0.0010946
v -0.0014802 0.0910232 0.0009890
v -0.0012871 0.0908247 0.0008600
v -0.0016447 0.0910480 0.0006813
v -0.0014302 0.0908496 0.0005924
v -0.0017460 0.0910728 0.0003473
v -0.0015183 0.0908744 0.0003020
v -0.0017802 0.0910976 0.0000000
v -0.0015480 0.0908992 0.0000000
v -0.0017460 0.0911224 -0.0003473
v -0.0015183 0.0909240 -0.0003020
v -0.0016447 0.0911472 -0.0006813
v -0.0014302 0.0909488 -0.0005924
v -0.0014802 0.0911720 -0.0009890
v -0.0012871 0.0909736 -0.0008600
v -0.0012588 0.0911968 -0.0012588
v -0.0010946 0.0909984 -0.0010946
v -0.0009890 0.0912217 -0.0014802
v -0.0008600 0.0910232 -0.0012871
v -0.0006813 0.0912465 -0.0016447
v -0.0005924 0.0910480 -0.0014302
v -0.0003473 0.0912713 -0.0017460
v -0.0003020 0.0910728 -0.0015183
v -0.0000000 0.0912961 -0.0017802
v -0.0000000 0.0910976 -0.0015480
v 0.0003473 0.0913209 -0.0017460
v 0.0003020 0.0911224 -0.0015183
v 0.0006813 0.0913457 -0.0016447
v 0.0005924 0.0911473 -0.0014302
v 0.0009890 0.0913705 -0.0014802
v 0.0008600 0.0911721 -0.0012871
v 0.0012588 0.0913953 -0.0012588
v 0.0010946 0.0911969 -0.0010946
v 0.0014802 0.0914201 -0.0009890
v 0.0012871 0.0912217 -0.0008600
v 0.0016447 0.0914449 -0.0006813
v 0.0014302 0.0912465 -0.0005924
v 0.0017460 0.0914697 -0.0003473
v 0.0015183 0.0912713 -0.0003020
v 0.0017802 0.0914945 0.0000000
v 0.0015480 0.0912961 0.0000000
v 0.0017460 0.0915194 0.0003473
v 0.0015183 0.0913209 0.0003020
v 0.0016447 0.0915442 0.0006813
v 0.0014302 0.0913457 0.0005924
v 0.0014802 0.0915690 0.0009890
v 0.0012871 0.0913705 0.0008600
v 0.0012588 0.0915938 0.0012588
v 0.0010946 0.0913953 0.0010946
v 0.0009890 0.0916186 0.0014802
v 0.0008600 0.0914202 0.0012871
v 0.0006813 0.0916434 0.0016447
v 0.0005924 0.0914450 0.0014302
v 0.0003473 0.0916682 0.0017460
v 0.0003020 0.0914698 0.0015183
v 0.0000000 0.0916930 0.0017802
v 0.0000000 0.0914946 0.0015480
v -0.0003473 0.0917178 0.0017460
v -0.0003020 0.0915194 0.0015183
v -0.0006813 0.0917426 0.0016447
v -0.0005924 0.0915442 0.0014302
v -0.0009890 0.0917674 0.0014802
v -0.0008600 0.0915690 0.0012871
v -0.0012588 0.0917923 0.0012588
v -0.0010946 0.0915938 0.0010946
v -0.0014802 0.0918171 0.0009890
v -0.0012871 0.0916186 0.0008600
v -0.0016447 0.0918419 0.0006813
v -0.0014302 0.0916434 0.0005924
v -0.0017460 0.0918667 0.0003473
v -0.0015183 0.0916682 0.0003020
v -0.0017802 0.0918915 -0.0000000
v -0.0015480 0.0916930 -0.0000000
v -0.0017460 0.0919163 -0.0003473
v -0.0015183 0.0917179 -0.0003020
v -0.0016447 0.0919411 -0.0006813
v -0.0014302 0.0917427 -0.0005924
v -0.0014802 0.0919659 -0.0009890
v -0.0012871 0.0917675 -0.0008600
v -0.0012588 0.0919907 -0.0012588
v -0.0010946 0.0917923 -0.0010946
v -0.0009890 0.0920155 -0.0014802
v -0.0008600 0.0918171 -0.0012871
v -0.0006813 0.0920403 -0.0016447
v -0.0005924 0.0918419 -0.0014302
v -0.0003473 0.0920651 -0.0017460
v -0.0003020 0.0918667 -0.0015183
v -0.0000000 0.0920900 -0.0017802
v -0.0000000 0.0918915 -0.0015480
v 0.0003473 0.0921148 -0.0017460
v 0.0003020 0.0919163 -0.0015183
v 0.0006813 0.0921396 -0.0016447
v 0.0005924 0.0919411 -0.0014302
v 0.0009890 0.0921644 -0.0014802
v 0.0008600 0.0919659 -0.0012871
v 0.0012588 0.0921892 -0.0012588
v 0.0010946 0.0919908 -0.0010946
v 0.0014802 0.0922140 -0.0009890
v 0.0012871 0.0920156 -0.0008600
v 0.0016447 0.0922388 -0.0006813
v 0.0014302 0.0920404 -0.0005924
v 0.0017460 0.0922636 -0.0003473
v 0.0015183 0.0920652 -0.0003020
v 0.0017802 0.0922884 0.0000000
v 0.0015480 0.0920900 0.0000000
v 0.0017460 0.0923132 0.0003473
v 0.0015183 0.0921148 0.0003020
v 0.0016447 0.0923380 0.0006813
v 0.0014302 0.0921396 0.0005924
v 0.0014802 0.0923629 0.0009890
v 0.0012871 0.0921644 0.0008600
v 0.0012588 0.0923877 0.0012588
v 0.0010946 0.0921892 0.0010946
v 0.0009890 0.0924125 0.0014802
v 0.0008600 0.0922140 0.0012871
v 0.0006813 0.0924373 0.0016447
v 0.0005924 0.0922388 0.0014302
v 0.0003473 0.0924621 0.0017460
v 0.0003020 0.0922636 0.0015183
v 0.0000000 0.0924869 0.0017802
v 0.0000000 0.0922885 0.0015480
v -0.0003473 0.0925117 0.0017460
v -0.0003020 0.0923133 0.0015183
v -0.0006813 0.0925365 0.0016447
v -0.0005924 0.0923381 0.0014302
v -0.0009890 0.0925613 0.0014802
v -0.0008600 0.0923629 0.0012871
v -0.0012588 0.0925861 0.0012588
v -0.0010946 0.0923877 0.0010946
v -0.0014802 0.0926109 0.0009890
v -0.0012871 0.0924125 0.0008600
v -0.0016447 0.0926357 0.0006813
v -0.0014302 0.0924373 0.0005924
v -0.0017460 0.0926606 0.0003473
v -0.0015183 0.0924621 0.0003020
v -0.0017802 0.0926854 0.0000000
v -0.0015480 0.0924869 0.0000000
v -0.0017460 0.0927102 -0.0003473
v -0.0015183 0.0925117 -0.0003020
v -0.0016447 0.0927350 -0.0006813
v -0.0014302 0.0925365 -0.0005924
v -0.0014802 0.0927598 -0.0009890
v -0.0012871 0.0925614 -0.0008600
v -0.0012588 0.0927846 -0.0012588
v -0.0010946 0.0925862 -0.0010946
v -0.0009890 0.0928094 -0.0014802
v -0.0008600 0.0926110 -0.0012871
v -0.0006813 0.0928342 -0.0016447
v -0.0005924 0.0926358 -0.0014302
v -0.0003473 0.0928590 -0.0017460
v -0.0003020 0.0926606 -0.0015183
v -0.0000000 0.0928838 -0.0017802
v -0.0000000 0.0926854 -0.0015480
v 0.0003473 0.0929086 -0.0017460
v 0.0003020 0.0927102 -0.0015183
v 0.0006813 0.0929335 -0.0016447
v 0.0005924 0.0927350 -0.0014302
v 0.0009890 0.0929583 -0.0014802
v 0.0008600 0.0927598 -0.0012871
v 0.0012588 0.0929831 -0.0012588
v 0.0010946 0.0927846 -0.0010946
v 0.0014802 0.0930079 -0.0009890
v 0.0012871 0.0928094 -0.0008600
v 0.0016447 0.0930327 -0.0006813
v 0.0014302 0.0928343 -0.0005924
v 0.0017460 0.0930575 -0.0003473
v 0.0015183 0.0928591 -0.0003020
v 0.0017802 0.0930823 -0.0000000
v 0.0015480 0.0928839 -0.0000000
v 0.0017460 0.0931071 0.0003473
v 0.0015183 0.0929087 0.0003020
v 0.0016447 0.0931319 0.0006813
v 0.0014302 0.0929335 0.0005924
v 0.0014802 0.0931567 0.0009890
v 0.0012871 0.0929583 0.0008600
v 0.0012588 0.0931815 0.0012588
v 0.0010946 0.0929831 0.0010946
v 0.0009890 0.0932063 0.0014802
v 0.0008600 0.0930079 0.0012871
v 0.0006813 0.0932312 0.0016447
v 0.0005924 0.0930327 0.0014302
v 0.0003473 0.0932560 0.0017460
v 0.0003020 0.0930575 0.0015183
v 0.0000000 0.0932808 0.0017802
v 0.0000000 0.0930823 0.0015480
v -0.0003473 0.0933056 0.0017460
v -0.0003020 0.0931071 0.0015183
v -0.0006813 0.0933304 0.0016447
v -0.0005924 0.0931320 0.0014302
v -0.0009890 0.0933552 0.0014802
v -0.0008600 0.0931568 0.0012871
v -0.0012588 0.0933800 0.0012588
v -0.0010946 0.0931816 0.0010946
v -0.0014802 0.0934048 0.0009890
v -0.0012871 0.0932064 0.0008600
v -0.0016447 0.0934296 0.0006813
v -0.0014302 0.0932312 0.0005924
v -0.0017460 0.0934544 0.0003473
v -0.0015183 0.0932560 0.0003020
v -0.0017802 0.0934792 0.0000000
v -0.0015480 0.0932808 0.0000000
v -0.0017460 0.0935041 -0.0003473
v -0.0015183 0.0933056 -0.0003020
v -0.0016447 0.0935289 -0.0006813
v -0.0014302 0.0933304 -0.0005924
v -0.0014802 0.0935537 -0.0009890
v -0.0012871 0.0933552 -0.0008600
v -0.0012588 0.0935785 -0.0012588
v -0.0010946 0.0933800 -0.0010946
v -0.0009890 0.0936033 -0.0014802
v -0.0008600 0.0934049 -0.0012871
v -0.0006813 0.0936281 -0.0016447
v -0.0005924 0.0934297 -0.0014302
v -0.0003473 0.0936529 -0.0017460
v -0.0003020 0.0934545 -0.0015183
v 0.0000000 0.0936777 -0.0017802
v 0.0000000 0.0934793 -0.0015480
v 0.0003473 0.0937025 -0.0017460
v 0.0003020 0.0935041 -0.0015183
v 0.0006813 0.0937273 -0.0016447
v 0.0005924 0.0935289 -0.0014302
v 0.0009890 0.0937521 -0.0014802
v 0.0008600 0.0935537 -0.0012871
v 0.0012588 0.0937769 -0.0012588
v 0.0010946 0.0935785 -0.0010946
v 0.0014802 0.0938018 -0.0009890
v 0.0012871 0.0936033 -0.0008600
v 0.0016447 0.0938266 -0.0006813
v 0.0014302 0.0936281 -0.0005924
v 0.0017460 0.0938514 -0.0003473
v 0.0015183 0.0936529 -0.0003020
v 0.0017802 0.0938762 -0.0000000
v 0.0015480 0.0936777 -0.0000000
v 0.0017460 0.0939010 0.0003473
v 0.0015183 0.0937026 0.0003020
v 0.0016447 0.0939258 0.0006813
v 0.0014302 0.0937274 0.0005924
v 0.0014802 0.0939506 0.0009890
v 0.0012871 0.0937522 0.0008600
v 0.0012588 0.0939754 0.0012588
v 0.0010946 0.0937770 0.0010946
v 0.0009890 0.0940002 0.0014802
v 0.0008600 0.0938018 0.0012871
v 0.0006813 0.0940250 0.0016447
v 0.0005924 0.0938266 0.0014302
v 0.0003473 0.0940498 0.0017460
v 0.0003020 0.0938514 0.0015183
v -0.0000000 0.0940747 0.0017802
v -0.0000000 0.0938762 0.0015480
v -0.0003473 0.0940995 0.0017460
v -0.0003020 0.0939010 0.0015183
v -0.0006813 0.0941243 0.0016447
v -0.0005924 0.0939258 0.0014302
v -0.0009890 0.0941491 0.0014802
v -0.0008600 0.0939506 0.0012871
v -0.0012588 0.0941739 0.0012588
v -0.0010946 0.0939755 0.0010946
v -0.0014802 0.0941987 0.0009890
v -0.0012871 0.0940003 0.0008600
v -0.0016447 0.0942235 0.0006813
v -0.0014302 0.0940251 0.0005924
v -0.0017460 0.0942483 0.0003473
v -0.0015183 0.0940499 0.0003020
v -0.0017802 0.0942731 0.0000000
v -0.0015480 0.0940747 0.0000000
v -0.0017460 0.0942979 -0.0003473
v -0.0015183 0.0940995 -0.0003020
v -0.0016447 0.0943227 -0.0006813
v -0.0014302 0.0941243 -0.0005924
v -0.0014802 0.0943476 -0.0009890
v -0.0012871 0.0941491 -0.0008600
v -0.0012588 0.0943724 -0.0012588
v -0.0010946 0.0941739 -0.0010946
v -0.0009890 0.0943972 -0.0014802
v -0.0008600 0.0941987 -0.0012871
v -0.0006813 0.0944220 -0.0016447
v -0.0005924 0.0942235 -0.0014302
v -0.0003473 0.0944468 -0.0017460
v -0.0003020 0.0942483 -0.0015183
v -0.0000000 0.0944716 -0.0017802
v -0.0000000 0.0942732 -0.0015480
v 0.0003473 0.0944964 -0.0017460
v 0.0003020 0.0942980 -0.0015183
v 0.0006813 0.0945212 -0.0016447
v 0.0005924 0.0943228 -0.0014302
v 0.0009890 0.0945460 -0.0014802
v 0.0008600 0.0943476 -0.0012871
v 0.0012588 0.0945708 -0.0012588
v 0.0010946 0.0943724 -0.0010946
v 0.0014802 0.0945956 -0.0009890
v 0.0012871 0.0943972 -0.0008600
v 0.0016447 0.0946204 -0.0006813
v 0.0014302 0.0944220 -0.0005924
v 0.0017460 0.0946453 -0.0003473
v 0.0015183 0.0944468 -0.0003020
v 0.0017802 0.0946701 -0.0000000
v 0.0015480 0.0944716 -0.0000000
v 0.0017460 0.0946949 0.0003473
v 0.0015183 0.0944964 0.0003020
v 0.0016447 0.0947197 0.0006813
v 0.0014302 0.0945212 0.0005924
v 0.0014802 0.0947445 0.0009890
v 0.0012871 0.0945461 0.0008600
v 0.0012588 0.0947693 0.0012588
v 0.0010946 0.0945709 0.0010946
v 0.0009890 0.0947941 0.0014802
v 0.0008600 0.0945957 0.0012871
v 0.0006813 0.0948189 0.0016447
v 0.0005924 0.0946205 0.0014302
v 0.0003473 0.0948437 0.0017460
v 0.0003020 0.0946453 0.0015183
v 0.0000000 0.0948685 0.0017802
v 0.0000000 0.0946701 0.0015480
v -0.0003473 0.0948933 0.0017460
v -0.0003020 0.0946949 0.0015183
v -0.0006813 0.0949182 0.0016447
v -0.0005924 0.0947197 0.0014302
v -0.0009890 0.0949430 0.0014802
v -0.0008600 0.0947445 0.0012871
v -0.0012588 0.0949678 0.0012588
v -0.0010946 0.0947693 0.0010946
v -0.0014802 0.0949926 0.0009890
v -0.0012871 0.0947941 0.0008600
v -0.0016447 0.0950174 0.0006813
v -0.0014302 0.0948189 0.0005924
v -0.0017460 0.0950422 0.0003473
v -0.0015183 0.0948438 0.0003020
v -0.0017802 0.0950670 0.0000000
v -0.0015480 0.0948686 0.0000000
v -0.0017460 0.0950918 -0.0003473
v -0.0015183 0.0948934 -0.0003020
v -0.0016447 0.0951166 -0.0006813
v -0.0014302 0.0949182 -0.0005924
v -0.0014802 0.0951414 -0.0009890
v -0.0012871 0.0949430 -0.0008600
v -0.0012588 0.0951662 -0.0012588
v -0.0010946 0.0949678 -0.0010946
v -0.0009890 0.0951910 -0.0014802
v -0.0008600 0.0949926 -0.0012871
v -0.0006813 0.0952159 -0.0016447
v -0.0005924 0.0950174 -0.0014302
v -0.0003473 0.0952407 -0.0017460
v -0.0003020 0.0950422 -0.0015183
v -0.0000000 0.0952655 -0.0017802
v -0.0000000 0.0950670 -0.0015480
v 0.0003473 0.0952903 -0.0017460
v 0.0003020 0.0950918 -0.0015183
v 0.0006813 0.0953151 -0.0016447
v 0.0005924 0.0951167 -0.0014302
v 0.0009890 0.0953399 -0.0014802
v 0.0008600 0.0951415 -0.0012871
v 0.0012588 0.0953647 -0.0012588
v 0.0010946 0.0951663 -0.0010946
v 0.0014802 0.0953895 -0.0009890
v 0.0012871 0.0951911 -0.0008600
v 0.0016447 0.0954143 -0.0006813
v 0.0014302 0.0952159 -0.0005924
v 0.0017460 0.0954391 -0.0003473
v 0.0015183 0.0952407 -0.0003020
v 0.0017802 0.0954639 -0.0000000
v 0.0015480 0.0952655 -0.0000000
v 0.0017460 0.0954888 0.0003473
v 0.0015183 0.0952903 0.0003020
v 0.0016447 0.0955136 0.0006813
v 0.0014302 0.0953151 0.0005924
v 0.0014802 0.0955384 0.0009890
v 0.0012871 0.0953399 0.0008600
v 0.0012588 0.0955632 0.0012588
v 0.0010946 0.0953647 0.0010946
v 0.0009890 0.0955880 0.0014802
v 0.0008600 0.0953895 0.0012871
v 0.0006813 0.0956128 0.0016447
v 0.0005924 0.0954144 0.0014302
v 0.0003473 0.0956376 0.0017460
v 0.0003020 0.0954392 0.0015183
v 0.0000000 0.0956624 0.0017802
v 0.0000000 0.0954640 0.0015480
v -0.0003473 0.0956872 0.0017460
v -0.0003020 0.0954888 0.0015183
v -0.0006813 0.0957120 0.0016447
v -0.0005924 0.0955136 0.0014302
v -0.0009890 0.0957368 0.0014802
v -0.0008600 0.0955384 0.0012871
v -0.0012588 0.0957616 0.0012588
v -0.0010946 0.0955632 0.0010946
v -0.0014802 0.0957865 0.0009890
v -0.0012871 0.0955880 0.0008600
v -0.0016447 0.0958113 0.0006813
v -0.0014302 0.0956128 0.0005924
v -0.0017460 0.0958361 0.0003473
v -0.0015183 0.0956376 0.0003020
v -0.0017802 0.0958609 -0.0000000
v -0.0015480 0.0956624 -0.0000000
v -0.0017460 0.0958857 -0.0003473
v -0.0015183 0.0956873 -0.0003020
v -0.0016447 0.0959105 -0.0006813
v -0.0014302 0.0957121 -0.0005924
v -0.0014802 0.0959353 -0.0009890
v -0.0012871 0.0957369 -0.0008600
v -0.0012588 0.0959601 -0.0012588
v -0.0010946 0.0957617 -0.0010946
v -0.0009890 0.0959849 -0.0014802
v -0.0008600 0.0957865 -0.0012871
v -0.0006813 0.0960097 -0.0016447
v -0.0005924 0.0958113 -0.0014302
v -0.0003473 0.0960345 -0.0017460
v -0.0003020 0.0958361 -0.0015183
v -0.0000000 0.0960594 -0.0017802
v -0.0000000 0.0958609 -0.0015480
v 0.0003473 0.0960842 -0.0017460
v 0.0003020 0.0958857 -0.0015183
v 0.0006813 0.0961090 -0.0016447
v 0.0005924 0.0959105 -0.0014302
v 0.0009890 0.0961338 -0.0014802
v 0.0008600 0.0959353 -0.0012871
v 0.0012588 0.0961586 -0.0012588
v 0.0010946 0.0959601 -0.0010946
v 0.0014802 0.0961834 -0.0009890
v 0.0012871 0.0959850 -0.0008600
v 0.0016447 0.0962082 -0.0006813
v 0.0014302 0.0960098 -0.0005924
v 0.0017460 0.0962330 -0.0003473
v 0.0015183 0.0960346 -0.0003020
v 0.0017802 0.0962578 0.0000000
v 0.0015480 0.0960594 0.0000000
v 0.0017460 0.0962826 0.0003473
v 0.0015183 0.0960842 0.0003020
v 0.0016447 0.0963074 0.0006813
v 0.0014302 0.0961090 0.0005924
v 0.0014802 0.0963322 0.0009890
v 0.0012871 0.0961338 0.0008600
v 0.0012588 0.0963571 0.0012588
v 0.0010946 0.0961586 0.0010946
v 0.0009890 0.0963819 0.0014802
v 0.0008600 0.0961834 0.0012871
v 0.0006813 0.0964067 0.0016447
v 0.0005924 0.0962082 0.0014302
v 0.0003473 0.0964315 0.0017460
v 0.0003020 0.0962330 0.0015183
v 0.0000000 0.0964563 0.0017802
v 0.0000000 0.0962579 0.0015480
v -0.0003473 0.0964811 0.0017460
v -0.0003020 0.0962827 0.0015183
v -0.0006813 0.0965059 0.0016447
v -0.0005924 0.0963075 0.0014302
v -0.0009890 0.0965307 0.0014802
v -0.0008600 0.0963323 0.0012871
v -0.0012588 0.0965555 0.0012588
v -0.0010946 0.0963571 0.0010946
v -0.0014802 0.0965803 0.0009890
v -0.0012871 0.0963819 0.0008600
v -0.0016447 0.0966051 0.0006813
v -0.0014302 0.0964067 0.0005924
v -0.0017460 0.0966300 0.0003473
v -0.0015183 0.0964315 0.0003020
v -0.0017802 0.0966548 0.0000000
v -0.0015480 0.0964563 0.0000000
v -0.0017460 0.0966796 -0.0003473
v -0.0015183 0.0964811 -0.0003020
v -0.0016447 0.0967044 -0.0006813
v -0.0014302 0.0965059 -0.0005924
v -0.0014802 0.0967292 -0.0009890
v -0.0012871 0.0965308 -0.0008600
v -0.0012588 0.0967540 -0.0012588
v -0.0010946 0.0965556 -0.0010946
v -0.0009890 0.0967788 -0.0014802
v -0.0008600 0.0965804 -0.0012871
v -0.0006813 0.0968036 -0.0016447
v -0.0005924 0.0966052 -0.0014302
v -0.0003473 0.0968284 -0.0017460
v -0.0003020 0.0966300 -0.0015183
v -0.0000000 0.0968532 -0.0017802
v -0.0000000 0.0966548 -0.0015480
v 0.0003473 0.0968780 -0.0017460
v 0.0003020 0.0966796 -0.0015183
v 0.0006813 0.0969028 -0.0016447
v 0.0005924 0.0967044 -0.0014302
v 0.0009890 0.0969277 -0.0014802
v 0.0008600 0.0967292 -0.0012871
v 0.0012588 0.0969525 -0.0012588
v 0.0010946 0.0967540 -0.0010946
v 0.0014802 0.0969773 -0.0009890
v 0.0012871 0.0967788 -0.0008600
v 0.0016447 0.0970021 -0.0006813
v 0.0014302 0.0968036 -0.0005924
v 0.0017460 0.0970269 -0.0003473
v 0.0015183 0.0968285 -0.0003020
v 0.0017802 0.0970517 -0.0000000
v 0.0015480 0.0968533 -0.0000000
v 0.0017460 0.0970765 0.0003473
v 0.0015183 0.0968781 0.0003020
v 0.0016447 0.0971013 0.0006813
v 0.0014302 0.0969029 0.0005924
v 0.0014802 0.0971261 0.0009890
v 0.0012871 0.0969277 0.0008600
v 0.0012588 0.0971509 0.0012588
v 0.0010946 0.0969525 0.0010946
v 0.0009890 0.0971757 0.0014802
v 0.0008600 0.0969773 0.0012871
v 0.0006813 0.0972006 0.0016447
v 0.0005924 0.0970021 0.0014302
v 0.0003473 0.0972254 0.0017460
v 0.0003020 0.0970269 0.0015183
v 0.0000000 0.0972502 0.0017802
v 0.0000000 0.0970517 0.0015480
v -0.0003473 0.0972750 0.0017460
v -0.0003020 0.0970765 0.0015183
v -0.0006813 0.0972998 0.0016447
v -0.0005924 0.0971014 0.0014302
v -0.0009890 0.0973246 0.0014802
v -0.0008600 0.0971262 0.0012871
v -0.0012588 0.0973494 0.0012588
v -0.0010946 0.0971510 0.0010946
v -0.0014802 0.0973742 0.0009890
v -0.0012871 0.0971758 0.0008600
v -0.0016447 0.0973990 0.0006813
v -0.0014302 0.0972006 0.0005924
v -0.0017460 0.0974238 0.0003473
v -0.0015183 0.0972254 0.0003020
v -0.0017802 0.0974486 0.0000000
v -0.0015480 0.0972502 0.0000000
v -0.0017460 0.0974734 -0.0003473
v -0.0015183 0.0972750 -0.0003020
v -0.0016447 0.0974983 -0.0006813
v -0.0014302 0.0972998 -0.0005924
v -0.0014802 0.0975231 -0.0009890
v -0.0012871 0.0973246 -0.0008600
v -0.0012588 0.0975479 -0.0012588
v -0.0010946 0.0973494 -0.0010946
v -0.0009890 0.0975727 -0.0014802
v -0.0008600 0.0973742 -0.0012871
v -0.0006813 0.0975975 -0.0016447
v -0.0005924 0.0973991 -0.0014302
v -0.0003473 0.0976223 -0.0017460
v -0.0003020 0.0974239 -0.0015183
v 0.0000000 0.0976471 -0.0017802
v 0.0000000 0.0974487 -0.0015480
v 0.0003473 0.0976719 -0.0017460
v 0.0003020 0.0974735 -0.0015183
v 0.0006813 0.0976967 -0.0016447
v 0.0005924 0.0974983 -0.0014302
v 0.0009890 0.0977215 -0.0014802
v 0.0008600 0.0975231 -0.0012871
v 0.0012588 0.0977463 -0.0012588
v 0.0010946 0.0975479 -0.0010946
v 0.0014802 0.0977712 -0.0009890
v 0.0012871 0.0975727 -0.0008600
v 0.0016447 0.0977960 -0.0006813
v 0.0014302 0.0975975 -0.0005924
v 0.0017460 0.0978208 -0.0003473
v 0.0015183 0.0976223 -0.0003020
v 0.0017802 0.0978456 -0.0000000
v 0.0015480 0.0976471 -0.0000000
v 0.0017460 0.0978704 0.0003473
v 0.0015183 0.0976720 0.0003020
v 0.0016447 0.0978952 0.0006813
v 0.0014302 0.0976968 0.0005924
v 0.0014802 0.0979200 0.0009890
v 0.0012871 0.0977216 0.0008600
v 0.0012588 0.0979448 0.0012588
v 0.0010946 0.0977464 0.0010946
v 0.0009890 0.0979696 0.0014802
v 0.0008600 0.0977712 0.0012871
v 0.0006813 0.0979944 0.0016447
v 0.0005924 0.0977960 0.0014302
v 0.0003473 0.0980192 0.0017460
v 0.0003020 0.0978208 0.0015183
v -0.0000000 0.0980441 0.0017802
v -0.0000000 0.0978456 0.0015480
v -0.0003473 0.0980689 0.0017460
v -0.0003020 0.0978704 0.0015183
v -0.0006813 0.0980937 0.0016447
v -0.0005924 0.0978952 0.0014302
v -0.0009890 0.0981185 0.0014802
v -0.0008600 0.0979200 0.0012871
v -0.0012588 0.0981433 0.0012588
v -0.0010946 0.0979448 0.0010946
v -0.0014802 0.0981681 0.0009890
v -0.0012871 0.0979697 0.0008600
v -0.0016447 0.0981929 0.0006813
v -0.0014302 0.0979945 0.0005924
v -0.0017460 0.0982177 0.0003473
v -0.0015183 0.0980193 0.0003020
v -0.0017802 0.0982425 0.0000000
v -0.0015480 0.0980441 0.0000000
v -0.0017460 0.0982673 -0.0003473
v -0.0015183 0.0980689 -0.0003020
v -0.0016447 0.0982921 -0.0006813
v -0.0014302 0.0980937 -0.0005924
v -0.0014802 0.0983169 -0.0009890
v -0.0012871 0.0981185 -0.0008600
v -0.0012588 0.0983418 -0.0012588
v -0.0010946 0.0981433 -0.0010946
v -0.0009890 0.0983666 -0.0014802
v -0.0008600 0.0981681 -0.0012871
v -0.0006813 0.0983914 -0.0016447
v -0.0005924 0.0981929 -0.0014302
v -0.0003473 0.0984162 -0.0017460
v -0.0003020 0.0982177 -0.0015183
v 0.0000000 0.0984410 -0.0017802
v 0.0000000 0.0982426 -0.0015480
v 0.0003473 0.0984658 -0.0017460
v 0.0003020 0.0982674 -0.0015183
v 0.0006813 0.0984906 -0.0016447
v 0.0005924 0.0982922 -0.0014302
v 0.0009890 0.0985154 -0.0014802
v 0.0008600 0.0983170 -0.0012871
v 0.0012588 0.0985402 -0.0012588
v 0.0010946 0.0983418 -0.0010946
v 0.0014802 0.0985650 -0.0009890
v 0.0012871 0.0983666 -0.0008600
v 0.0016447 0.0985898 -0.0006813
v 0.0014302 0.0983914 -0.0005924
v 0.0017460 0.0986147 -0.0003473
v 0.0015183 0.0984162 -0.0003020
v 0.0017802 0.0986395 -0.0000000
v 0.0015480 0.0984410 -0.0000000
v 0.0017460 0.0986643 0.0003473
v 0.0015183 0.0984658 0.0003020
v 0.0016447 0.0986891 0.0006813
v 0.0014302 0.0984906 0.0005924
v 0.0014802 0.0987139 0.0009890
v 0.0012871 0.0985154 0.0008600
v 0.0012588 0.0987387 0.0012588
v 0.0010946 0.0985403 0.0010946
v 0.0009890 0.0987635 0.0014802
v 0.0008600 0.0985651 0.0012871
v 0.0006813 0.0987883 0.0016447
v 0.0005924 0.0985899 0.0014302
v 0.0003473 0.0988131 0.0017460
v 0.0003020 0.0986147 0.0015183
v 0.0000000 0.0988379 0.0017802
v 0.0000000 0.0986395 0.0015480
v -0.0003473 0.0988627 0.0017460
v -0.0003020 0.0986643 0.0015183
v -0.0006813 0.0988875 0.0016447
v -0.0005924 0.0986891 0.0014302
v -0.0009890 0.0989124 0.0014802
v -0.0008600 0.0987139 0.0012871
v -0.0012588 0.0989372 0.0012588
v -0.0010946 0.0987387 0.0010946
v -0.0014802 0.0989620 0.0009890
v -0.0012871 0.0987635 0.0008600
v -0.0016447 0.0989868 0.0006813
v -0.0014302 0.0987883 0.0005924
v -0.0017460 0.0990116 0.0003473
v -0.0015183 0.0988132 0.0003020
v -0.0017802 0.0990364 0.0000000
v -0.0015480 0.0988380 0.0000000
v -0.0017460 0.0990612 -0.0003473
v -0.0015183 0.0988628 -0.0003020
v -0.0016447 0.0990860 -0.0006813
v -0.0014302 0.0988876 -0.0005924
v -0.0014802 0.0991108 -0.0009890
v -0.0012871 0.0989124 -0.0008600
v -0.0012588 0.0991356 -0.0012588
v -0.0010946 0.0989372 -0.0010946
v -0.0009890 0.0991604 -0.0014802
v -0.0008600 0.0989620 -0.0012871
v -0.0006813 0.0991853 -0.0016447
v -0.0005924 0.0989868 -0.0014302
v -0.0003473 0.0992101 -0.0017460
v -0.0003020 0.0990116 -0.0015183
v -0.0000000 0.0992349 -0.0017802
v -0.0000000 0.0990364 -0.0015480
v 0.0003473 0.0992597 -0.0017460
v 0.0003020 0.0990612 -0.0015183
v 0.0006813 0.0992845 -0.0016447
v 0.0005924 0.0990860 -0.0014302
v 0.0009890 0.0993093 -0.0014802
v 0.0008600 0.0991109 -0.0012871
v 0.0012588 0.0993341 -0.0012588
v 0.0010946 0.0991357 -0.0010946
v 0.0014802 0.0993589 -0.0009890
v 0.0012871 0.0991605 -0.0008600
v 0.0016447 0.0993837 -0.0006813
v 0.0014302 0.0991853 -0.0005924
v 0.0017460 0.0994085 -0.0003473
v 0.0015183 0.0992101 -0.0003020
v 0.0017802 0.0994333 -0.0000000
v 0.0015480 0.0992349 -0.0000000
v 0.0017460 0.0994581 0.0003473
v 0.0015183 0.0992597 0.0003020
v 0.0016447 0.0994830 0.0006813
v 0.0014302 0.0992845 0.0005924
v 0.0014802 0.0995078 0.0009890
v 0.0012871 0.0993093 0.0008600
v 0.0012588 0.0995326 0.0012588
v 0.0010946 0.0993341 0.0010946
v 0.0009890 0.0995574 0.0014802
v 0.0008600 0.0993589 0.0012871
v 0.0006813 0.0995822 0.0016447
v 0.0005924 0.0993838 0.0014302
v 0.0003473 0.0996070 0.0017460
v 0.0003020 0.0994086 0.0015183
v 0.0000000 0.0996318 0.0017802
v 0.0000000 0.0994334 0.0015480
v -0.0003473 0.0996566 0.0017460
v -0.0003020 0.0994582 0.0015183
v -0.0006813 0.0996814 0.0016447
v -0.0005924 0.0994830 0.0014302
v -0.0009890 0.0997062 0.0014802
v -0.0008600 0.0995078 0.0012871
v -0.0012588 0.0997310 0.0012588
v -0.0010946 0.0995326 0.0010946
v -0.0014802 0.0997559 0.0009890
v -0.0012871 0.0995574 0.0008600
v -0.0016447 0.0997807 0.0006813
v -0.0014302 0.0995822 0.0005924
v -0.0017460 0.0998055 0.0003473
v -0.0015183 0.0996070 0.0003020
v -0.0017802 0.0998303 -0.0000000
v -0.0015480 0.0996318 -0.0000000
v -0.0017460 0.0998551 -0.0003473
v -0.0015183 0.0996566 -0.0003020
v -0.0016447 0.0998799 -0.0006813
v -0.0014302 0.0996815 -0.0005924
v -0.0014802 0.0999047 -0.0009890
v -0.0012871 0.0997063 -0.0008600
v -0.0012588 0.0999295 -0.0012588
v -0.0010946 0.0997311 -0.0010946
v -0.0009890 0.0999543 -0.0014802
v -0.0008600 0.0997559 -0.0012871
v -0.0006813 0.0999791 -0.0016447
v -0.0005924 0.0997807 -0.0014302
v -0.0003473 0.1000039 -0.0017460
v -0.0003020 0.0998055 -0.0015183
v -0.0000000 0.1000287 -0.0017802
v -0.0000000 0.0998303 -0.0015480
v 0.0003473 0.1000536 -0.0017460
v 0.0003020 0.0998551 -0.0015183
v 0.0006813 0.1000784 -0.0016447
v 0.0005924 0.0998799 -0.0014302
v 0.0009890 0.1001032 -0.0014802
v 0.0008600 0.0999047 -0.0012871
v 0.0012588 0.1001280 -0.0012588
v 0.0010946 0.0999295 -0.0010946
v 0.0014802 0.1001528 -0.0009890
v 0.0012871 0.0999544 -0.0008600
v 0.0016447 0.1001776 -0.0006813
v 0.0014302 0.0999792 -0.0005924
v 0.0017460 0.1002024 -0.0003473
v 0.0015183 0.1000040 -0.0003020
v 0.0017802 0.1002272 0.0000000
v 0.0015480 0.1000288 0.0000000
v 0.0017460 0.1002520 0.0003473
v 0.0015183 0.1000536 0.0003020
v 0.0016447 0.1002768 0.0006813
v 0.0014302 0.1000784 0.0005924
v 0.0014802 0.1003016 0.0009890
v 0.0012871 0.1001032 0.0008600
v 0.0012588 0.1003265 0.0012588
v 0.0010946 0.1001280 0.0010946
v 0.0009890 0.1003513 0.0014802
v 0.0008600 0.1001528 0.0012871
v 0.0006813 0.1003761 0.0016447
v 0.0005924 0.1001776 0.0014302
v 0.0003473 0.1004009 0.0017460
v 0.0003020 0.1002024 0.0015183
v 0.0000000 0.1004257 0.0017802
v 0.0000000 0.1002273 0.0015480
v -0.0003473 0.1004505 0.0017460
v -0.0003020 0.1002521 0.0015183
v -0.0006813 0.1004753 0.0016447
v -0.0005924 0.1002769 0.0014302
v -0.0009890 0.1005001 0.0014802
v -0.0008600 0.1003017 0.0012871
v -0.0012588 0.1005249 0.0012588
v -0.0010946 0.1003265 0.0010946
v -0.0014802 0.1005497 0.0009890
v -0.0012871 0.1003513 0.0008600
v -0.0016447 0.1005745 0.0006813
v -0.0014302 0.1003761 0.0005924
v -0.0017460 0.1005993 0.0003473
v -0.0015183 0.1004009 0.0003020
v -0.0017802 0.1006242 -0.0000000
v -0.0015480 0.1004257 -0.0000000
v -0.0017460 0.1006490 -0.0003473
v -0.0015183 0.1004505 -0.0003020
v -0.0016447 0.1006738 -0.0006813
v -0.0014302 0.1004753 -0.0005924
v -0.0014802 0.1006986 -0.0009890
v -0.0012871 0.1005001 -0.0008600
v -0.0012588 0.1007234 -0.0012588
v -0.0010946 0.1005250 -0.0010946
v -0.0009890 0.1007482 -0.0014802
v -0.0008600 0.1005498 -0.0012871
v -0.0006813 0.1007730 -0.0016447
v -0.0005924 0.1005746 -0.0014302
v -0.0003473 0.1007978 -0.0017460
v -0.0003020 0.1005994 -0.0015183
v -0.0000000 0.1008226 -0.0017802
v -0.0000000 0.1006242 -0.0015480
v 0.0003473 0.1008474 -0.0017460
v 0.0003020 0.1006490 -0.0015183
v 0.0006813 0.1008722 -0.0016447
v 0.0005924 0.1006738 -0.0014302
v 0.0009890 0.1008971 -0.0014802
v 0.0008600 0.1006986 -0.0012871
v 0.0012588 0.1009219 -0.0012588
v 0.0010946 0.1007234 -0.0010946
v 0.0014802 0.1009467 -0.0009890
v 0.0012871 0.1007482 -0.0008600
v 0.0016447 0.1009715 -0.0006813
v 0.0014302 0.1007730 -0.0005924
v 0.0017460 0.1009963 -0.0003473
v 0.0015183 0.1007979 -0.0003020
v 0.0017802 0.1010211 -0.0000000
v 0.0015480 0.1008227 -0.0000000
v 0.0017460 0.1010459 0.0003473
v 0.0015183 0.1008475 0.0003020
v 0.0016447 0.1010707 0.0006813
v 0.0014302 0.1008723 0.0005924
v 0.0014802 0.1010955 0.0009890
v 0.0012871 0.1008971 0.0008600
v 0.0012588 0.1011203 0.0012588
v 0.0010946 0.1009219 0.0010946
v 0.0009890 0.1011451 0.0014802
v 0.0008600 0.1009467 0.0012871
v 0.0006813 0.1011699 0.0016447
v 0.0005924 0.1009715 0.0014302
v 0.0003473 0.1011948 0.0017460
v 0.0003020 0.1009963 0.0015183
v 0.0000000 0.1012196 0.0017802
v 0.0000000 0.1010211 0.0015480
v -0.0003473 0.1012444 0.0017460
v -0.0003020 0.1010459 0.0015183
v -0.0006813 0.1012692 0.0016447
v -0.0005924 0.1010707 0.0014302
v -0.0009890 0.1012940 0.0014802
v -0.0008600 0.1010956 0.0012871
v -0.0012588 0.1013188 0.0012588
v -0.0010946 0.1011204 0.0010946
v -0.0014802 0.1013436 0.0009890
v -0.0012871 0.1011452 0.0008600
v -0.0016447 0.1013684 0.0006813
v -0.0014302 0.1011700 0.0005924
v -0.0017460 0.1013932 0.0003473
v -0.0015183 0.1011948 0.0003020
v -0.0017802 0.1014180 0.0000000
v -0.0015480 0.1012196 0.0000000
v -0.0017460 0.1014428 -0.0003473
v -0.0015183 0.1012444 -0.0003020
v -0.0016447 0.1014677 -0.0006813
v -0.0014302 0.1012692 -0.0005924
v -0.0014802 0.1014925 -0.0009890
v -0.0012871 0.1012940 -0.0008600
v -0.0012588 0.1015173 -0.0012588
v -0.0010946 0.1013188 -0.0010946
v -0.0009890 0.1015421 -0.0014802
v -0.0008600 0.1013436 -0.0012871
v -0.0006813 0.1015669 -0.0016447
v -0.0005924 0.1013685 -0.0014302
v -0.0003473 0.1015917 -0.0017460
v -0.0003020 0.1013933 -0.0015183
v -0.0000000 0.1016165 -0.0017802
v -0.0000000 0.1014181 -0.0015480
v 0.0003473 0.1016413 -0.0017460
v 0.0003020 0.1014429 -0.0015183
v 0.0006813 0.1016661 -0.0016447
v 0.0005924 0.1014677 -0.0014302
v 0.0009890 0.1016909 -0.0014802
v 0.0008600 0.1014925 -0.0012871
v 0.0012588 0.1017157 -0.0012588
v 0.0010946 0.1015173 -0.0010946
v 0.0014802 0.1017406 -0.0009890
v 0.0012871 0.1015421 -0.0008600
v 0.0016447 0.1017654 -0.0006813
v 0.0014302 0.1015669 -0.0005924
v 0.0017460 0.1017902 -0.0003473
v 0.0015183 0.1015917 -0.0003020
v 0.0017802 0.1018150 -0.0000000
v 0.0015480 0.1016165 -0.0000000
v 0.0017460 0.1018398 0.0003473
v 0.0015183 0.1016413 0.0003020
v 0.0016447 0.1018646 0.0006813
v 0.0014302 0.1016662 0.0005924
v 0.0014802 0.1018894 0.0009890
v 0.0012871 0.1016910 0.0008600
v 0.0012588 0.1019142 0.0012588
v 0.0010946 0.1017158 0.0010946
v 0.0009890 0.1019390 0.0014802
v 0.0008600 0.1017406 0.0012871
v 0.0006813 0.1019638 0.0016447
v 0.0005924 0.1017654 0.0014302
v 0.0003473 0.1019886 0.0017460
v 0.0003020 0.1017902 0.0015183
v -0.0000000 0.1020134 0.0017802
v -0.0000000 0.1018150 0.0015480
v -0.0003473 0.1020383 0.0017460
v -0.0003020 0.1018398 0.0015183
v -0.0006813 0.1020631 0.0016447
v -0.0005924 0.1018646 0.0014302
v -0.0009890 0.1020879 0.0014802
v -0.0008600 0.1018894 0.0012871
v -0.0012588 0.1021127 0.0012588
v -0.0010946 0.1019142 0.0010946
v -0.0014802 0.1021375 0.0009890
v -0.0012871 0.1019391 0.0008600
v -0.0016447 0.1021623 0.0006813
v -0.0014302 0.1019639 0.0005924
v -0.0017460 0.1021871 0.0003473
v -0.0015183 0.1019887 0.0003020
v -0.0017802 0.1022119 0.0000000
v -0.0015480 0.1020135 0.0000000
v -0.0017460 0.1022367 -0.0003473
v -0.0015183 0.1020383 -0.0003020
v -0.0016447 0.1022615 -0.0006813
v -0.0014302 0.1020631 -0.0005924
v -0.0014802 0.1022863 -0.0009890
v -0.0012871 0.1020879 -0.0008600
v -0.0012588 0.1023112 -0.0012588
v -0.0010946 0.1021127 -0.0010946
v -0.0009890 0.1023360 -0.0014802
v -0.0008600 0.1021375 -0.0012871
v -0.0006813 0.1023608 -0.0016447
v -0.0005924 0.1021623 -0.0014302
v -0.0003473 0.1023856 -0.0017460
v -0.0003020 0.1021871 -0.0015183
v 0.0000000 0.1024104 -0.0017802
v 0.0000000 0.1022119 -0.0015480
v 0.0003473 0.1024352 -0.0017460
v 0.0003020 0.1022368 -0.0015183
v 0.0006813 0.1024600 -0.0016447
v 0.0005924 0.1022616 -0.0014302
v 0.0009890 0.1024848 -0.0014802
v 0.0008600 0.1022864 -0.0012871
v 0.0012588 0.1025096 -0.0012588
v 0.0010946 0.1023112 -0.0010946
v 0.0014802 0.1025344 -0.0009890
v 0.0012871 0.1023360 -0.0008600
v 0.0016447 0.1025592 -0.0006813
v 0.0014302 0.1023608 -0.0005924
v 0.0017460 0.1025840 -0.0003473
v 0.0015183 0.1023856 -0.0003020
v 0.0017802 0.1026089 -0.0000000
v 0.0015480 0.1024104 -0.0000000
v 0.0017460 0.1026337 0.0003473
v 0.0015183 0.1024352 0.0003020
v 0.0016447 0.1026585 0.0006813
v 0.0014302 0.1024600 0.0005924
v 0.0014802 0.1026833 0.0009890
v 0.0012871 0.1024848 0.0008600
v 0.0012588 0.1027081 0.0012588
v 0.0010946 0.1025097 0.0010946
v 0.0009890 0.1027329 0.0014802
v 0.0008600 0.1025345 0.0012871
v 0.0006813 0.1027577 0.0016447
v 0.0005924 0.1025593 0.0014302
v 0.0003473 0.1027825 0.0017460
v 0.0003020 0.1025841 0.0015183
v 0.0000000 0.1028073 0.0017802
v 0.0000000 0.1026089 0.0015480
v -0.0003473 0.1028321 0.0017460
v -0.0003020 0.1026337 0.0015183
v -0.0006813 0.1028569 0.0016447
v -0.0005924 0.1026585 0.0014302
v -0.0009890 0.1028818 0.0014802
v -0.0008600 0.1026833 0.0012871
v -0.0012588 0.1029066 0.0012588
v -0.0010946 0.1027081 0.0010946
v -0.0014802 0.1029314 0.0009890
v -0.0012871 0.1027329 0.0008600
v -0.0016447 0.1029562 0.0006813
v -0.0014302 0.1027577 0.0005924
v -0.0017460 0.1029810 0.0003473
v -0.0015183 0.1027825 0.0003020
v -0.0017802 0.1030058 0.0000000
v -0.0015480 0.1028074 0.0000000
v -0.0017460 0.1030306 -0.0003473
v -0.0015183 0.1028322 -0.0003020
v -0.0016447 0.1030554 -0.0006813
v -0.0014302 0.1028570 -0.0005924
v -0.0014802 0.1030802 -0.0009890
v -0.0012871 0.1028818 -0.0008600
v -0.0012588 0.1031050 -0.0012588
v -0.0010946 0.1029066 -0.0010946
v -0.0009890 0.1031298 -0.0014802
v -0.0008600 0.1029314 -0.0012871
v -0.0006813 0.1031546 -0.0016447
v -0.0005924 0.1029562 -0.0014302
v -0.0003473 0.1031795 -0.0017460
v -0.0003020 0.1029810 -0.0015183
v -0.0000000 0.1032043 -0.0017802
v -0.0000000 0.1030058 -0.0015480
v 0.0003473 0.1032291 -0.0017460
v 0.0003020 0.1030306 -0.0015183
v 0.0006813 0.1032539 -0.0016447
v 0.0005924 0.1030554 -0.0014302
v 0.0009890 0.1032787 -0.0014802
v 0.0008600 0.1030803 -0.0012871
v 0.0012588 0.1033035 -0.0012588
v 0.0010946 0.1031051 -0.0010946
v 0.0014802 0.1033283 -0.0009890
v 0.0012871 0.1031299 -0.0008600
v 0.0016447 0.1033531 -0.0006813
v 0.0014302 0.1031547 -0.0005924
v 0.0017460 0.1033779 -0.0003473
v 0.0015183 0.1031795 -0.0003020
v 0.0017802 0.1034027 -0.0000000
v 0.0015480 0.1032043 -0.0000000
v 0.0017460 0.1034275 0.0003473
v 0.0015183 0.1032291 0.0003020
v 0.0016447 0.1034524 0.0006813
v 0.0014302 0.1032539 0.0005924
v 0.0014802 0.1034772 0.0009890
v 0.0012871 0.1032787 0.0008600
v 0.0012588 0.1035020 0.0012588
v 0.0010946 0.1033035 0.0010946
v 0.0009890 0.1035268 0.0014802
v 0.0008600 0.1033283 0.0012871
v 0.0006813 0.1035516 0.0016447
v 0.0005924 0.1033531 0.0014302
v 0.0003473 0.1035764 0.0017460
v 0.0003020 0.1033780 0.0015183
v 0.0000000 0.1036012 0.0017802
v 0.0000000 0.1034028 0.0015480
v -0.0003473 0.1036260 0.0017460
v -0.0003020 0.1034276 0.0015183
v -0.0006813 0.1036508 0.0016447
v -0.0005924 0.1034524 0.0014302
v -0.0009890 0.1036756 0.0014802
v -0.0008600 0.1034772 0.0012871
v -0.0012588 0.1037004 0.0012588
v -0.0010946 0.1035020 0.0010946
v -0.0014802 0.1037252 0.0009890
v -0.0012871 0.1035268 0.0008600
v -0.0016447 0.1037501 0.0006813
v -0.0014302 0.1035516 0.0005924
v -0.0017460 0.1037749 0.0003473
v -0.0015183 0.1035764 0.0003020
v -0.0017802 0.1037997 0.0000000
v -0.0015480 0.1036012 0.0000000
v -0.0017460 0.1038245 -0.0003473
v -0.0015183 0.1036260 -0.0003020
v -0.0016447 0.1038493 -0.0006813
v -0.0014302 0.1036509 -0.0005924
v -0.0014802 0.1038741 -0.0009890
v -0.0012871 0.1036757 -0.0008600
v -0.0012588 0.1038989 -0.0012588
v -0.0010946 0.1037005 -0.0010946
v -0.0009890 0.1039237 -0.0014802
v -0.0008600 0.1037253 -0.0012871
v -0.0006813 0.1039485 -0.0016447
v -0.0005924 0.1037501 -0.0014302
v -0.0003473 0.1039733 -0.0017460
v -0.0003020 0.1037749 -0.0015183
v -0.0000000 0.1039981 -0.0017802
v -0.0000000 0.1037997 -0.0015480
v 0.0003473 0.1040230 -0.0017460
v 0.0003020 0.1038245 -0.0015183
v 0.0006813 0.1040478 -0.0016447
v 0.0005924 0.1038493 -0.0014302
v 0.0009890 0.1040726 -0.0014802
v 0.0008600 0.1038741 -0.0012871
v 0.0012588 0.1040974 -0.0012588
v 0.0010946 0.1038989 -0.0010946
v 0.0014802 0.1041222 -0.0009890
v 0.0012871 0.1039238 -0.0008600
v 0.0016447 0.1041470 -0.0006813
v 0.0014302 0.1039486 -0.0005924
v 0.0017460 0.1041718 -0.0003473
v 0.0015183 0.1039734 -0.0003020
v 0.0017802 0.1041966 0.0000000
v 0.0015480 0.1039982 0.0000000
v 0.0017460 0.1042214 0.0003473
v 0.0015183 0.1040230 0.0003020
v 0.0016447 0.1042462 0.0006813
v 0.0014302 0.1040478 0.0005924
v 0.0014802 0.1042710 0.0009890
v 0.0012871 0.1040726 0.0008600
v 0.0012588 0.1042958 0.0012588
v 0.0010946 0.1040974 0.0010946
v 0.0009890 0.1043207 0.0014802
v 0.0008600 0.1041222 0.0012871
v 0.0006813 0.1043455 0.0016447
v 0.0005924 0.1041470 0.0014302
v 0.0003473 0.1043703 0.0017460
v 0.0003020 0.1041718 0.0015183
v 0.0000000 0.1043951 0.0017802
v 0.0000000 0.1041966 0.0015480
v -0.0003473 0.1044199 0.0017460
v -0.0003020 0.1042215 0.0015183
v -0.0006813 0.1044447 0.0016447
v -0.0005924 0.1042463 0.0014302
v -0.0009890 0.1044695 0.0014802
v -0.0008600 0.1042711 0.0012871
v -0.0012588 0.1044943 0.0012588
v -0.0010946 0.1042959 0.0010946
v -0.0014802 0.1045191 0.0009890
v -0.0012871 0.1043207 0.0008600
v -0.0016447 0.1045439 0.0006813
v -0.0014302 0.1043455 0.0005924
v -0.0017460 0.1045687 0.0003473
v -0.0015183 0.1043703 0.0003020
v -0.0017802 0.1045936 -0.0000000
v -0.0015480 0.1043951 -0.0000000
v -0.0017460 0.1046184 -0.0003473
v -0.0015183 0.1044199 -0.0003020
v -0.0016447 0.1046432 -0.0006813
v -0.0014302 0.1044447 -0.0005924
v -0.0014802 0.1046680 -0.0009890
v -0.0012871 0.1044695 -0.0008600
v -0.0012588 0.1046928 -0.0012588
v -0.0010946 0.1044944 -0.0010946
v -0.0009890 0.1047176 -0.0014802
v -0.0008600 0.1045192 -0.0012871
v -0.0006813 0.1047424 -0.0016447
v -0.0005924 0.1045440 -0.0014302
v -0.0003473 0.1047672 -0.0017460
v -0.0003020 0.1045688 -0.0015183
v -0.0000000 0.1047920 -0.0017802
v -0.0000000 0.1045936 -0.0015480
v 0.0003473 0.1048168 -0.0017460
v 0.0003020 0.1046184 -0.0015183
v 0.0006813 0.1048416 -0.0016447
v 0.0005924 0.1046432 -0.0014302
v 0.0009890 0.1048664 -0.0014802
v 0.0008600 0.1046680 -0.0012871
v 0.0012588 0.1048913 -0.0012588
v 0.0010946 0.1046928 -0.0010946
v 0.0014802 0.1049161 -0.0009890
v 0.0012871 0.1047176 -0.0008600
v 0.0016447 0.1049409 -0.0006813
v 0.0014302 0.1047424 -0.0005924
v 0.0017460 0.1049657 -0.0003473
v 0.0015183 0.1047672 -0.0003020
v 0.0017802 0.1049905 -0.0000000
v 0.0015480 0.1047921 -0.0000000
v 0.0017460 0.1050153 0.0003473
v 0.0015183 0.1048169 0.0003020
v 0.0016447 0.1050401 0.0006813
v 0.0014302 0.1048417 0.0005924
v 0.0014802 0.1050649 0.0009890
v 0.0012871 0.1048665 0.0008600
v 0.0012588 0.1050897 0.0012588
v 0.0010946 0.1048913 0.0010946
v 0.0009890 0.1051145 0.0014802
v 0.0008600 0.1049161 0.0012871
v 0.0006813 0.1051393 0.0016447
v 0.0005924 0.1049409 0.0014302
v 0.0003473 0.1051642 0.0017460
v 0.0003020 0.1049657 0.0015183
v 0.0000000 0.1051890 0.0017802
v 0.0000000 0.1049905 0.0015480
v -0.0003473 0.1052138 0.0017460
v -0.0003020 0.1050153 0.0015183
v -0.0006813 0.1052386 0.0016447
v -0.0005924 0.1050401 0.0014302
v -0.0009890 0.1052634 0.0014802
v -0.0008600 0.1050650 0.0012871
v -0.0012588 0.1052882 0.0012588
v -0.0010946 0.1050898 0.0010946
v -0.0014802 0.1053130 0.0009890
v -0.0012871 0.1051146 0.0008600
v -0.0016447 0.1053378 0.0006813
v -0.0014302 0.1051394 0.0005924
v -0.0017460 0.1053626 0.0003473
v -0.0015183 0.1051642 0.0003020
v -0.0017802 0.1053874 0.0000000
v -0.0015480 0.1051890 0.0000000
v -0.0017460 0.1054122 -0.0003473
v -0.0015183 0.1052138 -0.0003020
v -0.0016447 0.1054371 -0.0006813
v -0.0014302 0.1052386 -0.0005924
v -0.0014802 0.1054619 -0.0009890
v -0.0012871 0.1052634 -0.0008600
v -0.0012588 0.1054867 -0.0012588
v -0.0010946 0.1052882 -0.0010946
v -0.0009890 0.1055115 -0.0014802
v -0.0008600 0.1053130 -0.0012871
v -0.0006813 0.1055363 -0.0016447
v -0.0005924 0.1053378 -0.0014302
v -0.0003473 0.1055611 -0.0017460
v -0.0003020 0.1053627 -0.0015183
v -0.0000000 0.1055859 -0.0017802
v -0.0000000 0.1053875 -0.0015480
v 0.0003473 0.1056107 -0.0017460
v 0.0003020 0.1054123 -0.0015183
v 0.0006813 0.1056355 -0.0016447
v 0.0005924 0.1054371 -0.0014302
v 0.0009890 0.1056603 -0.0014802
v 0.0008600 0.1054619 -0.0012871
v 0.0012588 0.1056851 -0.0012588
v 0.0010946 0.1054867 -0.0010946
v 0.0014802 0.1057099 -0.0009890
v 0.0012871 0.1055115 -0.0008600
v 0.0016447 0.1057348 -0.0006813
v 0.0014302 0.1055363 -0.0005924
v 0.0017460 0.1057596 -0.0003473
v 0.0015183 0.1055611 -0.0003020
v 0.0017802 0.1057844 -0.0000000
v 0.0015480 0.1055859 -0.0000000
v 0.0017460 0.1058092 0.0003473
v 0.0015183 0.1056107 0.0003020
v 0.0016447 0.1058340 0.0006813
v 0.0014302 0.1056356 0.0005924
v 0.0014802 0.1058588 0.0009890
v 0.0012871 0.1056604 0.0008600
v 0.0012588 0.1058836 0.0012588
v 0.0010946 0.1056852 0.0010946
v 0.0009890 0.1059084 0.0014802
v 0.0008600 0.1057100 0.0012871
v 0.0006813 0.1059332 0.0016447
v 0.0005924 0.1057348 0.0014302
v 0.0003473 0.1059580 0.0017460
v 0.0003020 0.1057596 0.0015183
v 0.0000000 0.1059828 0.0017802
v 0.0000000 0.1057844 0.0015480
v -0.0003473 0.1060077 0.0017460
v -0.0003020 0.1058092 0.0015183
v -0.0006813 0.1060325 0.0016447
v -0.0005924 0.1058340 0.0014302
v -0.0009890 0.1060573 0.0014802
v -0.0008600 0.1058588 0.0012871
v -0.0012588 0.1060821 0.0012588
v -0.0010946 0.1058836 0.0010946
v -0.0014802 0.1061069 0.0009890
v -0.0012871 0.1059084 0.0008600
v -0.0016447 0.1061317 0.0006813
v -0.0014302 0.1059333 0.0005924
v -0.0017460 0.1061565 0.0003473
v -0.0015183 0.1059581 0.0003020
v -0.0017802 0.1061813 0.0000000
v -0.0015480 0.1059829 0.0000000
v -0.0017460 0.1062061 -0.0003473
v -0.0015183 0.1060077 -0.0003020
v -0.0016447 0.1062309 -0.0006813
v -0.0014302 0.1060325 -0.0005924
v -0.0014802 0.1062557 -0.0009890
v -0.0012871 0.1060573 -0.0008600
v -0.0012588 0.1062805 -0.0012588
v -0.0010946 0.1060821 -0.0010946
v -0.0009890 0.1063054 -0.0014802
v -0.0008600 0.1061069 -0.0012871
v -0.0006813 0.1063302 -0.0016447
v -0.0005924 0.1061317 -0.0014302
v -0.0003473 0.1063550 -0.0017460
v -0.0003020 0.1061565 -0.0015183
v 0.0000000 0.1063798 -0.0017802
v 0.0000000 0.1061813 -0.0015480
v 0.0003473 0.1064046 -0.0017460
v 0.0003020 0.1062062 -0.0015183
v 0.0006813 0.1064294 -0.0016447
v 0.0005924 0.1062310 -0.0014302
v 0.0009890 0.1064542 -0.0014802
v 0.0008600 0.1062558 -0.0012871
v 0.0012588 0.1064790 -0.0012588
v 0.0010946 0.1062806 -0.0010946
v 0.0014802 0.1065038 -0.0009890
v 0.0012871 0.1063054 -0.0008600
v 0.0016447 0.1065286 -0.0006813
v 0.0014302 0.1063302 -0.0005924
v 0.0017460 0.1065534 -0.0003473
v 0.0015183 0.1063550 -0.0003020
v 0.0017802 0.1065783 -0.0000000
v 0.0015480 0.1063798 -0.0000000
v 0.0017460 0.1066031 0.0003473
v 0.0015183 0.1064046 0.0003020
v 0.0016447 0.1066279 0.0006813
v 0.0014302 0.1064294 0.0005924
v 0.0014802 0.1066527 0.0009890
v 0.0012871 0.1064542 0.0008600
v 0.0012588 0.1066775 0.0012588
v 0.0010946 0.1064790 0.0010946
v 0.0009890 0.1067023 0.0014802
v 0.0008600 0.1065039 0.0012871
v 0.0006813 0.1067271 0.0016447
v 0.0005924 0.1065287 0.0014302
v 0.0003473 0.1067519 0.0017460
v 0.0003020 0.1065535 0.0015183
v -0.0000000 0.1067767 0.0017802
v -0.0000000 0.1065783 0.0015480
v -0.0003473 0.1068015 0.0017460
v -0.0003020 0.1066031 0.0015183
v -0.0006813 0.1068263 0.0016447
v -0.0005924 0.1066279 0.0014302
v -0.0009890 0.1068511 0.0014802
v -0.0008600 0.1066527 0.0012871
v -0.0012588 0.1068760 0.0012588
v -0.0010946 0.1066775 0.0010946
v -0.0014802 0.1069008 0.0009890
v -0.0012871 0.1067023 0.0008600
v -0.0016447 0.1069256 0.0006813
v -0.0014302 0.1067271 0.0005924
v -0.0017460 0.1069504 0.0003473
v -0.0015183 0.1067519 0.0003020
v -0.0017802 0.1069752 0.0000000
v -0.0015480 0.1067768 0.0000000
v -0.0017460 0.1070000 -0.0003473
v -0.0015183 0.1068016 -0.0003020
v -0.0016447 0.1070248 -0.0006813
v -0.0014302 0.1068264 -0.0005924
v -0.0014802 0.1070496 -0.0009890
v -0.0012871 0.1068512 -0.0008600
v -0.0012588 0.1070744 -0.0012588
v -0.0010946 0.1068760 -0.0010946
v -0.0009890 0.1070992 -0.0014802
v -0.0008600 0.1069008 -0.0012871
v -0.0006813 0.1071240 -0.0016447
v -0.0005924 0.1069256 -0.0014302
v -0.0003473 0.1071489 -0.0017460
v -0.0003020 0.1069504 -0.0015183
v -0.0000000 0.1071737 -0.0017802
v -0.0000000 0.1069752 -0.0015480
v 0.0003473 0.1071985 -0.0017460
v 0.0003020 0.1070000 -0.0015183
v 0.0006813 0.1072233 -0.0016447
v 0.0005924 0.1070248 -0.0014302
v 0.0009890 0.1072481 -0.0014802
v 0.0008600 0.1070497 -0.0012871
v 0.0012588 0.1072729 -0.0012588
v 0.0010946 0.1070745 -0.0010946
v 0.0014802 0.1072977 -0.0009890
v 0.0012871 0.1070993 -0.0008600
v 0.0016447 0.1073225 -0.0006813
v 0.0014302 0.1071241 -0.0005924
v 0.0017460 0.1073473 -0.0003473
v 0.0015183 0.1071489 -0.0003020
v 0.0017802 0.1073721 -0.0000000
v 0.0015480 0.1071737 -0.0000000
v 0.0017460 0.1073969 0.0003473
v 0.0015183 0.1071985 0.0003020
v 0.0016447 0.1074217 0.0006813
v 0.0014302 0.1072233 0.0005924
v 0.0014802 0.1074466 0.0009890
v 0.0012871 0.1072481 0.0008600
v 0.0012588 0.1074714 0.0012588
v 0.0010946 0.1072729 0.0010946
v 0.0009890 0.1074962 0.0014802
v 0.0008600 0.1072977 0.0012871
v 0.0006813 0.1075210 0.0016447
v 0.0005924 0.1073225 0.0014302
v 0.0003473 0.1075458 0.0017460
v 0.0003020 0.1073474 0.0015183
v 0.0000000 0.1075706 0.0017802
v 0.0000000 0.1073722 0.0015480
v -0.0003473 0.1075954 0.0017460
v -0.0003020 0.1073970 0.0015183
v -0.0006813 0.1076202 0.0016447
v -0.0005924 0.1074218 0.0014302
v -0.0009890 0.1076450 0.0014802
v -0.0008600 0.1074466 0.0012871
v -0.0012588 0.1076698 0.0012588
v -0.0010946 0.1074714 0.0010946
v -0.0014802 0.1076946 0.0009890
v -0.0012871 0.1074962 0.0008600
v -0.0016447 0.1077195 0.0006813
v -0.0014302 0.1075210 0.0005924
v -0.0017460 0.1077443 0.0003473
v -0.0015183 0.1075458 0.0003020
v -0.0017802 0.1077691 0.0000000
v -0.0015480 0.1075706 0.0000000
v -0.0017460 0.1077939 -0.0003473
v -0.0015183 0.1075954 -0.0003020
v -0.0016447 0.1078187 -0.0006813
v -0.0014302 0.1076203 -0.0005924
v -0.0014802 0.1078435 -0.0009890
v -0.0012871 0.1076451 -0.0008600
v -0.0012588 0.1078683 -0.0012588
v -0.0010946 0.1076699 -0.0010946
v -0.0009890 0.1078931 -0.0014802
v -0.0008600 0.1076947 -0.0012871
v -0.0006813 0.1079179 -0.0016447
v -0.0005924 0.1077195 -0.0014302
v -0.0003473 0.1079427 -0.0017460
v -0.0003020 0.1077443 -0.0015183
v -0.0000000 0.1079675 -0.0017802
v -0.0000000 0.1077691 -0.0015480
v 0.0003473 0.1079923 -0.0017460
v 0.0003020 0.1077939 -0.0015183
v 0.0006813 0.1080172 -0.0016447
v 0.0005924 0.1078187 -0.0014302
v 0.0009890 0.1080420 -0.0014802
v 0.0008600 0.1078435 -0.0012871
v 0.0012588 0.1080668 -0.0012588
v 0.0010946 0.1078683 -0.0010946
v 0.0014802 0.1080916 -0.0009890
v 0.0012871 0.1078931 -0.0008600
v 0.0016447 0.1081164 -0.0006813
v 0.0014302 0.1079180 -0.0005924
v 0.0017460 0.1081412 -0.0003473
v 0.0015183 0.1079428 -0.0003020
v 0.0017802 0.1081660 0.0000000
v 0.0015480 0.1079676 0.0000000
v 0.0017460 0.1081908 0.0003473
v 0.0015183 0.1079924 0.0003020
v 0.0016447 0.1082156 0.0006813
v 0.0014302 0.1080172 0.0005924
v 0.0014802 0.1082404 0.0009890
v 0.0012871 0.1080420 0.0008600
v 0.0012588 0.1082652 0.0012588
v 0.0010946 0.1080668 0.0010946
v 0.0009890 0.1082901 0.0014802
v 0.0008600 0.1080916 0.0012871
v 0.0006813 0.1083149 0.0016447
v 0.0005924 0.1081164 0.0014302
v 0.0003473 0.1083397 0.0017460
v 0.0003020 0.1081412 0.0015183
v 0.0000000 0.1083645 0.0017802
v 0.0000000 0.1081660 0.0015480
v -0.0003473 0.1083893 0.0017460
v -0.0003020 0.1081909 0.0015183
v -0.0006813 0.1084141 0.0016447
v -0.0005924 0.1082157 0.0014302
v -0.0009890 0.1084389 0.0014802
v -0.0008600 0.1082405 0.0012871
v -0.0012588 0.1084637 0.0012588
v -0.0010946 0.1082653 0.0010946
v -0.0014802 0.1084885 0.0009890
v -0.0012871 0.1082901 0.0008600
v -0.0016447 0.1085133 0.0006813
v -0.0014302 0.1083149 0.0005924
v -0.0017460 0.1085381 0.0003473
v -0.0015183 0.1083397 0.0003020
v -0.0017802 0.1085629 -0.0000000
v -0.0015480 0.1083645 -0.0000000
v -0.0017460 0.1085878 -0.0003473
v -0.0015183 0.1083893 -0.0003020
v -0.0016447 0.1086126 -0.0006813
v -0.0014302 0.1084141 -0.0005924
v -0.0014802 0.1086374 -0.0009890
v -0.0012871 0.1084389 -0.0008600
v -0.0012588 0.1086622 -0.0012588
v -0.0010946 0.1084637 -0.0010946
v -0.0009890 0.1086870 -0.0014802
v -0.0008600 0.1084886 -0.0012871
v -0.0006813 0.1087118 -0.0016447
v -0.0005924 0.1085134 -0.0014302
v -0.0003473 0.1087366 -0.0017460
v -0.0003020 0.1085382 -0.0015183
v -0.0000000 0.1087614 -0.0017802
v -0.0000000 0.1085630 -0.0015480
v 0.0003473 0.1087862 -0.0017460
v 0.0003020 0.1085878 -0.0015183
v 0.0006813 0.1088110 -0.0016447
v 0.0005924 0.1086126 -0.0014302
v 0.0009890 0.1088358 -0.0014802
v 0.0008600 0.1086374 -0.0012871
v 0.0012588 0.1088607 -0.0012588
v 0.0010946 0.1086622 -0.0010946
v 0.0014802 0.1088855 -0.0009890
v 0.0012871 0.1086870 -0.0008600
v 0.0016447 0.1089103 -0.0006813
v 0.0014302 0.1087118 -0.0005924
v 0.0017460 0.1089351 -0.0003473
v 0.0015183 0.1087366 -0.0003020
v 0.0017802 0.1089599 0.0000000
v 0.0015480 0.1087615 0.0000000
v 0.0017460 0.1089847 0.0003473
v 0.0015183 0.1087863 0.0003020
v 0.0016447 0.1090095 0.0006813
v 0.0014302 0.1088111 0.0005924
v 0.0014802 0.1090343 0.0009890
v 0.0012871 0.1088359 0.0008600
v 0.0012588 0.1090591 0.0012588
v 0.0010946 0.1088607 0.0010946
v 0.0009890 0.1090839 0.0014802
v 0.0008600 0.1088855 0.0012871
v 0.0006813 0.1091087 0.0016447
v 0.0005924 0.1089103 0.0014302
v 0.0003473 0.1091336 0.0017460
v 0.0003020 0.1089351 0.0015183
v 0.0000000 0.1091584 0.0017802
v 0.0000000 0.1089599 0.0015480
v -0.0003473 0.1091832 0.0017460
v -0.0003020 0.1089847 0.0015183
v -0.0006813 0.1092080 0.0016447
v -0.0005924 0.1090095 0.0014302
v -0.0009890 0.1092328 0.0014802
v -0.0008600 0.1090343 0.0012871
v -0.0012588 0.1092576 0.0012588
v -0.0010946 0.1090592 0.0010946
v -0.0014802 0.1092824 0.0009890
v -0.0012871 0.1090840 0.0008600
v -0.0016447 0.1093072 0.0006813
v -0.0014302 0.1091088 0.0005924
v -0.0017460 0.1093320 0.0003473
v -0.0015183 0.1091336 0.0003020
v -0.0017802 0.1093568 0.0000000
v -0.0015480 0.1091584 0.0000000
v -0.0017460 0.1093816 -0.0003473
v -0.0015183 0.1091832 -0.0003020
v -0.0016447 0.1094064 -0.0006813
v -0.0014302 0.1092080 -0.0005924
v -0.0014802 0.1094313 -0.0009890
v -0.0012871 0.1092328 -0.0008600
v -0.0012588 0.1094561 -0.0012588
v -0.0010946 0.1092576 -0.0010946
v -0.0009890 0.1094809 -0.0014802
v -0.0008600 0.1092824 -0.0012871
v -0.0006813 0.1095057 -0.0016447
v -0.0005924 0.1093072 -0.0014302
v -0.0003473 0.1095305 -0.0017460
v -0.0003020 0.1093321 -0.0015183
v -0.0000000 0.1095553 -0.0017802
v -0.0000000 0.1093569 -0.0015480
v 0.0003473 0.1095801 -0.0017460
v 0.0003020 0.1093817 -0.0015183
v 0.0006813 0.1096049 -0.0016447
v 0.0005924 0.1094065 -0.0014302
v 0.0009890 0.1096297 -0.0014802
v 0.0008600 0.1094313 -0.0012871
v 0.0012588 0.1096545 -0.0012588
v 0.0010946 0.1094561 -0.0010946
v 0.0014802 0.1096793 -0.0009890
v 0.0012871 0.1094809 -0.0008600
v 0.0016447 0.1097042 -0.0006813
v 0.0014302 0.1095057 -0.0005924
v 0.0017460 0.1097290 -0.0003473
v 0.0015183 0.1095305 -0.0003020
v 0.0017802 0.1097538 -0.0000000
v 0.0015480 0.1095553 -0.0000000
v 0.0017460 0.1097786 0.0003473
v 0.0015183 0.1095801 0.0003020
v 0.0016447 0.1098034 0.0006813
v 0.0014302 0.1096049 0.0005924
v 0.0014802 0.1098282 0.0009890
v 0.0012871 0.1096298 0.0008600
v 0.0012588 0.1098530 0.0012588
v 0.0010946 0.1096546 0.0010946
v 0.0009890 0.1098778 0.0014802
v 0.0008600 0.1096794 0.0012871
v 0.0006813 0.1099026 0.0016447
v 0.0005924 0.1097042 0.0014302
v 0.0003473 0.1099274 0.0017460
v 0.0003020 0.1097290 0.0015183
v 0.0000000 0.1099522 0.0017802
v 0.0000000 0.1097538 0.0015480
v -0.0003473 0.1099770 0.0017460
v -0.0003020 0.1097786 0.0015183
v -0.0006813 0.1100019 0.0016447
v -0.0005924 0.1098034 0.0014302
v -0.0009890 0.1100267 0.0014802
v -0.0008600 0.1098282 0.0012871
v -0.0012588 0.1100515 0.0012588
v -0.0010946 0.1098530 0.0010946
v -0.0014802 0.1100763 0.0009890
v -0.0012871 0.1098778 0.0008600
v -0.0016447 0.1101011 0.0006813
v -0.0014302 0.1099027 0.0005924
v -0.0017460 0.1101259 0.0003473
v -0.0015183 0.1099275 0.0003020
v -0.0017802 0.1101507 0.0000000
v -0.0015480 0.1099523 0.0000000
v -0.0017460 0.1101755 -0.0003473
v -0.0015183 0.1099771 -0.0003020
v -0.0016447 0.1102003 -0.0006813
v -0.0014302 0.1100019 -0.0005924
v -0.0014802 0.1102251 -0.0009890
v -0.0012871 0.1100267 -0.0008600
v -0.0012588 0.1102499 -0.0012588
v -0.0010946 0.1100515 -0.0010946
v -0.0009890 0.1102748 -0.0014802
v -0.0008600 0.1100763 -0.0012871
v -0.0006813 0.1102996 -0.0016447
v -0.0005924 0.1101011 -0.0014302
v -0.0003473 0.1103244 -0.0017460
v -0.0003020 0.1101259 -0.0015183
v 0.0000000 0.1103492 -0.0017802
v 0.0000000 0.1101507 -0.0015480
v 0.0003473 0.1103740 -0.0017460
v 0.0003020 0.1101755 -0.0015183
v 0.0006813 0.1103988 -0.0016447
v 0.0005924 0.1102004 -0.0014302
v 0.0009890 0.1104236 -0.0014802
v 0.0008600 0.1102252 -0.0012871
v 0.0012588 0.1104484 -0.0012588
v 0.0010946 0.1102500 -0.0010946
v 0.0014802 0.1104732 -0.0009890
v 0.0012871 0.1102748 -0.0008600
v 0.0016447 0.1104980 -0.0006813
v 0.0014302 0.1102996 -0.0005924
v 0.0017460 0.1105228 -0.0003473
v 0.0015183 0.1103244 -0.0003020
v 0.0017802 0.1105476 -0.0000000
v 0.0015480 0.1103492 -0.0000000
v 0.0017460 0.1105725 0.0003473
v 0.0015183 0.1103740 0.0003020
v 0.0016447 0.1105973 0.0006813
v 0.0014302 0.1103988 0.0005924
v 0.0014802 0.1106221 0.0009890
v 0.0012871 0.1104236 0.0008600
v 0.0012588 0.1106469 0.0012588
v 0.0010946 0.1104484 0.0010946
v 0.0009890 0.1106717 0.0014802
v 0.0008600 0.1104733 0.0012871
v 0.0006813 0.1106965 0.0016447
v 0.0005924 0.1104981 0.0014302
v 0.0003473 0.1107213 0.0017460
v 0.0003020 0.1105229 0.0015183
v -0.0000000 0.1107461 0.0017802
v -0.0000000 0.1105477 0.0015480
v -0.0003473 0.1107709 0.0017460
v -0.0003020 0.1105725 0.0015183
v -0.0006813 0.1107957 0.0016447
v -0.0005924 0.1105973 0.0014302
v -0.0009890 0.1108205 0.0014802
v -0.0008600 0.1106221 0.0012871
v -0.0012588 0.1108454 0.0012588
v -0.0010946 0.1106469 0.0010946
v -0.0014802 0.1108702 0.0009890
v -0.0012871 0.1106717 0.0008600
v -0.0016447 0.1108950 0.0006813
v -0.0014302 0.1106965 0.0005924
v -0.0017460 0.1109198 0.0003473
v -0.0015183 0.1107213 0.0003020
v -0.0017802 0.1109446 0.0000000
v -0.0015480 0.1107462 0.0000000
v -0.0017460 0.1109694 -0.0003473
v -0.0015183 0.1107710 -0.0003020
v -0.0016447 0.1109942 -0.0006813
v -0.0014302 0.1107958 -0.0005924
v -0.0014802 0.1110190 -0.0009890
v -0.0012871 0.1108206 -0.0008600
v -0.0012588 0.1110438 -0.0012588
v -0.0010946 0.1108454 -0.0010946
v -0.0009890 0.1110686 -0.0014802
v -0.0008600 0.1108702 -0.0012871
v -0.0006813 0.1110934 -0.0016447
v -0.0005924 0.1108950 -0.0014302
v -0.0003473 0.1111182 -0.0017460
v -0.0003020 0.1109198 -0.0015183
v -0.0000000 0.1111431 -0.0017802
v -0.0000000 0.1109446 -0.0015480
v 0.0003473 0.1111679 -0.0017460
v 0.0003020 0.1109694 -0.0015183
v 0.0006813 0.1111927 -0.0016447
v 0.0005924 0.1109942 -0.0014302
v 0.0009890 0.1112175 -0.0014802
v 0.0008600 0.1110190 -0.0012871
v 0.0012588 0.1112423 -0.0012588
v 0.0010946 0.1110439 -0.0010946
v 0.0014802 0.1112671 -0.0009890
v 0.0012871 0.1110687 -0.0008600
v 0.0016447 0.1112919 -0.0006813
v 0.0014302 0.1110935 -0.0005924
v 0.0017460 0.1113167 -0.0003473
v 0.0015183 0.1111183 -0.0003020
v 0.0017802 0.1113415 -0.0000000
v 0.0015480 0.1111431 -0.0000000
v 0.0017460 0.1113663 0.0003473
v 0.0015183 0.1111679 0.0003020
v 0.0016447 0.1113911 0.0006813
v 0.0014302 0.1111927 0.0005924
v 0.0014802 0.1114160 0.0009890
v 0.0012871 0.1112175 0.0008600
v 0.0012588 0.1114408 0.0012588
v 0.0010946 0.1112423 0.0010946
v 0.0009890 0.1114656 0.0014802
v 0.0008600 0.1112671 0.0012871
v 0.0006813 0.1114904 0.0016447
v 0.0005924 0.1112919 0.0014302
v 0.0003473 0.1115152 0.0017460
v 0.0003020 0.1113168 0.0015183
v 0.0000000 0.1115400 0.0017802
v 0.0000000 0.1113416 0.0015480
v -0.0003473 0.1115648 0.0017460
v -0.0003020 0.1113664 0.0015183
v -0.0006813 0.1115896 0.0016447
v -0.0005924 0.1113912 0.0014302
v -0.0009890 0.1116144 0.0014802
v -0.0008600 0.1114160 0.0012871
v -0.0012588 0.1116392 0.0012588
v -0.0010946 0.1114408 0.0010946
v -0.0014802 0.1116640 0.0009890
v -0.0012871 0.1114656 0.0008600
v -0.0016447 0.1116888 0.0006813
v -0.0014302 0.1114904 0.0005924
v -0.0017460 0.1117137 0.0003473
v -0.0015183 0.1115152 0.0003020
v -0.0017802 0.1117385 0.0000000
v -0.0015480 0.1115400 0.0000000
v -0.0017460 0.1117633 -0.0003473
v -0.0015183 0.1115648 -0.0003020
v -0.0016447 0.1117881 -0.0006813
v -0.0014302 0.1115896 -0.0005924
v -0.0014802 0.1118129 -0.0009890
v -0.0012871 0.1116145 -0.0008600
v -0.0012588 0.1118377 -0.0012588
v -0.0010946 0.1116393 -0.0010946
v -0.0009890 0.1118625 -0.0014802
v -0.0008600 0.1116641 -0.0012871
v -0.0006813 0.1118873 -0.0016447
v -0.0005924 0.1116889 -0.0014302
v -0.0003473 0.1119121 -0.0017460
v -0.0003020 0.1117137 -0.0015183
v -0.0000000 0.1119369 -0.0017802
v -0.0000000 0.1117385 -0.0015480
v 0.0003473 0.1119617 -0.0017460
v 0.0003020 0.1117633 -0.0015183
v 0.0006813 0.1119866 -0.0016447
v 0.0005924 0.1117881 -0.0014302
v 0.0009890 0.1120114 -0.0014802
v 0.0008600 0.1118129 -0.0012871
v 0.0012588 0.1120362 -0.0012588
v 0.0010946 0.1118377 -0.0010946
v 0.0014802 0.1120610 -0.0009890
v 0.0012871 0.1118625 -0.0008600
v 0.0016447 0.1120858 -0.0006813
v 0.0014302 0.1118874 -0.0005924
v 0.0017460 0.1121106 -0.0003473
v 0.0015183 0.1119122 -0.0003020
v 0.0017802 0.1121354 -0.0000000
v 0.0015480 0.1119370 -0.0000000
v 0.0017460 0.1121602 0.0003473
v 0.0015183 0.1119618 0.0003020
v 0.0016447 0.1121850 0.0006813
v 0.0014302 0.1119866 0.0005924
v 0.0014802 0.1122098 0.0009890
v 0.0012871 0.1120114 0.0008600
v 0.0012588 0.1122346 0.0012588
v 0.0010946 0.1120362 0.0010946
v 0.0009890 0.1122595 0.0014802
v 0.0008600 0.1120610 0.0012871
v 0.0006813 0.1122843 0.0016447
v 0.0005924 0.1120858 0.0014302
v 0.0003473 0.1123091 0.0017460
v 0.0003020 0.1121106 0.0015183
v 0.0000000 0.1123339 0.0017802
v 0.0000000 0.1121354 0.0015480
v -0.0003473 0.1123587 0.0017460
v -0.0003020 0.1121602 0.0015183
v -0.0006813 0.1123835 0.0016447
v -0.0005924 0.1121851 0.0014302
v -0.0009890 0.1124083 0.0014802
v -0.0008600 0.1122099 0.0012871
v -0.0012588 0.1124331 0.0012588
v -0.0010946 0.1122347 0.0010946
v -0.0014802 0.1124579 0.0009890
v -0.0012871 0.1122595 0.0008600
v -0.0016447 0.1124827 0.0006813
v -0.0014302 0.1122843 0.0005924
v -0.0017460 0.1125075 0.0003473
v -0.0015183 0.1123091 0.0003020
v -0.0017802 0.1125323 -0.0000000
v -0.0015480 0.1123339 -0.0000000
v -0.0017460 0.1125572 -0.0003473
v -0.0015183 0.1123587 -0.0003020
v -0.0016447 0.1125820 -0.0006813
v -0.0014302 0.1123835 -0.0005924
v -0.0014802 0.1126068 -0.0009890
v -0.0012871 0.1124083 -0.0008600
v -0.0012588 0.1126316 -0.0012588
v -0.0010946 0.1124331 -0.0010946
v -0.0009890 0.1126564 -0.0014802
v -0.0008600 0.1124580 -0.0012871
v -0.0006813 0.1126812 -0.0016447
v -0.0005924 0.1124828 -0.0014302
v -0.0003473 0.1127060 -0.0017460
v -0.0003020 0.1125076 -0.0015183
v -0.0000000 0.1127308 -0.0017802
v -0.0000000 0.1125324 -0.0015480
v 0.0003473 0.1127556 -0.0017460
v 0.0003020 0.1125572 -0.0015183
v 0.0006813 0.1127804 -0.0016447
v 0.0005924 0.1125820 -0.0014302
v 0.0009890 0.1128052 -0.0014802
v 0.0008600 0.1126068 -0.0012871
v 0.0012588 0.1128301 -0.0012588
v 0.0010946 0.1126316 -0.0010946
v 0.0014802 0.1128549 -0.0009890
v 0.0012871 0.1126564 -0.0008600
v 0.0016447 0.1128797 -0.0006813
v 0.0014302 0.1126812 -0.0005924
v 0.0017460 0.1129045 -0.0003473
v 0.0015183 0.1127060 -0.0003020
v 0.0017802 0.1129293 0.0000000
v 0.0015480 0.1127308 0.0000000
v 0.0017460 0.1129541 0.0003473
v 0.0015183 0.1127557 0.0003020
v 0.0016447 0.1129789 0.0006813
v 0.0014302 0.1127805 0.0005924
v 0.0014802 0.1130037 0.0009890
v 0.0012871 0.1128053 0.0008600
v 0.0012588 0.1130285 0.0012588
v 0.0010946 0.1128301 0.0010946
v 0.0009890 0.1130533 0.0014802
v 0.0008600 0.1128549 0.0012871
v 0.0006813 0.1130781 0.0016447
v 0.0005924 0.1128797 0.0014302
v 0.0003473 0.1131029 0.0017460
v 0.0003020 0.1129045 0.0015183
v 0.0000000 0.1131278 0.0017802
v 0.0000000 0.1129293 0.0015480
v -0.0003473 0.1131526 0.0017460
v -0.0003020 0.1129541 0.0015183
v -0.0006813 0.1131774 0.0016447
v -0.0005924 0.1129789 0.0014302
v -0.0009890 0.1132022 0.0014802
v -0.0008600 0.1130037 0.0012871
v -0.0012588 0.1132270 0.0012588
v -0.0010946 0.1130286 0.0010946
v -0.0014802 0.1132518 0.0009890
v -0.0012871 0.1130534 0.0008600
v -0.0016447 0.1132766 0.0006813
v -0.0014302 0.1130782 0.0005924
v -0.0017460 0.1133014 0.0003473
v -0.0015183 0.1131030 0.0003020
v -0.0017802 0.1133262 0.0000000
v -0.0015480 0.1131278 0.0000000
v -0.0017460 0.1133510 -0.0003473
v -0.0015183 0.1131526 -0.0003020
v -0.0016447 0.1133758 -0.0006813
v -0.0014302 0.1131774 -0.0005924
v -0.0014802 0.1134007 -0.0009890
v -0.0012871 0.1132022 -0.0008600
v -0.0012588 0.1134255 -0.0012588
v -0.0010946 0.1132270 -0.0010946
v -0.0009890 0.1134503 -0.0014802
v -0.0008600 0.1132518 -0.0012871
v -0.0006813 0.1134751 -0.0016447
v -0.0005924 0.1132766 -0.0014302
v -0.0003473 0.1134999 -0.0017460
v -0.0003020 0.1133014 -0.0015183
v -0.0000000 0.1135247 -0.0017802
v -0.0000000 0.1133263 -0.0015480
v 0.0003473 0.1135495 -0.0017460
v 0.0003020 0.1133511 -0.0015183
v 0.0006813 0.1135743 -0.0016447
v 0.0005924 0.1133759 -0.0014302
v 0.0009890 0.1135991 -0.0014802
v 0.0008600 0.1134007 -0.0012871
v 0.0012588 0.1136239 -0.0012588
v 0.0010946 0.1134255 -0.0010946
v 0.0014802 0.1136487 -0.0009890
v 0.0012871 0.1134503 -0.0008600
v 0.0016447 0.1136735 -0.0006813
v 0.0014302 0.1134751 -0.0005924
v 0.0017460 0.1136984 -0.0003473
v 0.0015183 0.1134999 -0.0003020
v 0.0017802 0.1137232 -0.0000000
v 0.0015480 0.1135247 -0.0000000
v 0.0017460 0.1137480 0.0003473
v 0.0015183 0.1135495 0.0003020
v 0.0016447 0.1137728 0.0006813
v 0.0014302 0.1135743 0.0005924
v 0.0014802 0.1137976 0.0009890
v 0.0012871 0.1135992 0.0008600
v 0.0012588 0.1138224 0.0012588
v 0.0010946 0.1136240 0.0010946
v 0.0009890 0.1138472 0.0014802
v 0.0008600 0.1136488 0.0012871
v 0.0006813 0.1138720 0.0016447
v 0.0005924 0.1136736 0.0014302
v 0.0003473 0.1138968 0.0017460
v 0.0003020 0.1136984 0.0015183
v 0.0000000 0.1139216 0.0017802
v 0.0000000 0.1137232 0.0015480
v -0.0003473 0.1139464 0.0017460
v -0.0003020 0.1137480 0.0015183
v -0.0006813 0.1139713 0.0016447
v -0.0005924 0.1137728 0.0014302
v -0.0009890 0.1139961 0.0014802
v -0.0008600 0.1137976 0.0012871
v -0.0012588 0.1140209 0.0012588
v -0.0010946 0.1138224 0.0010946
v -0.0014802 0.1140457 0.0009890
v -0.0012871 0.1138472 0.0008600
v -0.0016447 0.1140705 0.0006813
v -0.0014302 0.1138720 0.0005924
v -0.0017460 0.1140953 0.0003473
v -0.0015183 0.1138969 0.0003020
v -0.0017802 0.1141201 0.0000000
v -0.0015480 0.1139217 0.0000000
v -0.0017460 0.1141449 -0.0003473
v -0.0015183 0.1139465 -0.0003020
v -0.0016447 0.1141697 -0.0006813
v -0.0014302 0.1139713 -0.0005924
v -0.0014802 0.1141945 -0.0009890
v -0.0012871 0.1139961 -0.0008600
v -0.0012588 0.1142193 -0.0012588
v -0.0010946 0.1140209 -0.0010946
v -0.0009890 0.1142441 -0.0014802
v -0.0008600 0.1140457 -0.0012871
v -0.0006813 0.1142690 -0.0016447
v -0.0005924 0.1140705 -0.0014302
v -0.0003473 0.1142938 -0.0017460
v -0.0003020 0.1140953 -0.0015183
v -0.0000000 0.1143186 -0.0017802
v -0.0000000 0.1141201 -0.0015480
v 0.0003473 0.1143434 -0.0017460
v 0.0003020 0.1141449 -0.0015183
v 0.0006813 0.1143682 -0.0016447
v 0.0005924 0.1141698 -0.0014302
v 0.0009890 0.1143930 -0.0014802
v 0.0008600 0.1141946 -0.0012871
v 0.0012588 0.1144178 -0.0012588
v 0.0010946 0.1142194 -0.0010946
v 0.0014802 0.1144426 -0.0009890
v 0.0012871 0.1142442 -0.0008600
v 0.0016447 0.1144674 -0.0006813
v 0.0014302 0.1142690 -0.0005924
v 0.0017460 0.1144922 -0.0003473
v 0.0015183 0.1142938 -0.0003020
v 0.0017802 0.1145170 -0.0000000
v 0.0015480 0.1143186 -0.0000000
v 0.0017460 0.1145419 0.0003473
v 0.0015183 0.1143434 0.0003020
v 0.0016447 0.1145667 0.0006813
v 0.0014302 0.1143682 0.0005924
v 0.0014802 0.1145915 0.0009890
v 0.0012871 0.1143930 0.0008600
v 0.0012588 0.1146163 0.0012588
v 0.0010946 0.1144178 0.0010946
v 0.0009890 0.1146411 0.0014802
v 0.0008600 0.1144427 0.0012871
v 0.0006813 0.1146659 0.0016447
v 0.0005924 0.1144675 0.0014302
v 0.0003473 0.1146907 0.0017460
v 0.0003020 0.1144923 0.0015183
v -0.0000000 0.1147155 0.0017802
v -0.0000000 0.1145171 0.0015480
v -0.0003473 0.1147403 0.0017460
v -0.0003020 0.1145419 0.0015183
v -0.0006813 0.1147651 0.0016447
v -0.0005924 0.1145667 0.0014302
v -0.0009890 0.1147899 0.0014802
v -0.0008600 0.1145915 0.0012871
v -0.0012588 0.1148147 0.0012588
v -0.0010946 0.1146163 0.0010946
v -0.0014802 0.1148396 0.0009890
v -0.0012871 0.1146411 0.0008600
v -0.0016447 0.1148644 0.0006813
v -0.0014302 0.1146659 0.0005924
v -0.0017460 0.1148892 0.0003473
v -0.0015183 0.1146907 0.0003020
v -0.0017802 0.1149140 0.0000000
v -0.0015480 0.1147155 0.0000000
v -0.0017460 0.1149388 -0.0003473
v -0.0015183 0.1147404 -0.0003020
v -0.0016447 0.1149636 -0.0006813
v -0.0014302 0.1147652 -0.0005924
v -0.0014802 0.1149884 -0.0009890
v -0.0012871 0.1147900 -0.0008600
v -0.0012588 0.1150132 -0.0012588
v -0.0010946 0.1148148 -0.0010946
v -0.0009890 0.1150380 -0.0014802
v -0.0008600 0.1148396 -0.0012871
v -0.0006813 0.1150628 -0.0016447
v -0.0005924 0.1148644 -0.0014302
v -0.0003473 0.1150876 -0.0017460
v -0.0003020 0.1148892 -0.0015183
v 0.0000000 0.1151125 -0.0017802
v 0.0000000 0.1149140 -0.0015480
v 0.0003473 0.1151373 -0.0017460
v 0.0003020 0.1149388 -0.0015183
v 0.0006813 0.1151621 -0.0016447
v 0.0005924 0.1149636 -0.0014302
v 0.0009890 0.1151869 -0.0014802
v 0.0008600 0.1149884 -0.0012871
v 0.0012588 0.1152117 -0.0012588
v 0.0010946 0.1150133 -0.0010946
v 0.0014802 0.1152365 -0.0009890
v 0.0012871 0.1150381 -0.0008600
v 0.0016447 0.1152613 -0.0006813
v 0.0014302 0.1150629 -0.0005924
v 0.0017460 0.1152861 -0.0003473
v 0.0015183 0.1150877 -0.0003020
v 0.0017802 0.1153109 -0.0000000
v 0.0015480 0.1151125 -0.0000000
v 0.0017460 0.1153357 0.0003473
v 0.0015183 0.1151373 0.0003020
v 0.0016447 0.1153605 0.0006813
v 0.0014302 0.1151621 0.0005924
v 0.0014802 0.1153853 0.0009890
v 0.0012871 0.1151869 0.0008600
v 0.0012588 0.1154102 0.0012588
v 0.0010946 0.1152117 0.0010946
v 0.0009890 0.1154350 0.0014802
v 0.0008600 0.1152365 0.0012871
v 0.0006813 0.1154598 0.0016447
v 0.0005924 0.1152613 0.0014302
v 0.0003473 0.1154846 0.0017460
v 0.0003020 0.1152861 0.0015183
v 0.0000000 0.1155094 0.0017802
v 0.0000000 0.1153110 0.0015480
v -0.0003473 0.1155342 0.0017460
v -0.0003020 0.1153358 0.0015183
v -0.0006813 0.1155590 0.0016447
v -0.0005924 0.1153606 0.0014302
v -0.0009890 0.1155838 0.0014802
v -0.0008600 0.1153854 0.0012871
v -0.0012588 0.1156086 0.0012588
v -0.0010946 0.1154102 0.0010946
v -0.0014802 0.1156334 0.0009890
v -0.0012871 0.1154350 0.0008600
v -0.0016447 0.1156582 0.0006813
v -0.0014302 0.1154598 0.0005924
v -0.0017460 0.1156831 0.0003473
v -0.0015183 0.1154846 0.0003020
v -0.0017802 0.1157079 0.0000000
v -0.0015480 0.1155094 0.0000000
v -0.0017460 0.1157327 -0.0003473
v -0.0015183 0.1155342 -0.0003020
v -0.0016447 0.1157575 -0.0006813
v -0.0014302 0.1155590 -0.0005924
v -0.0014802 0.1157823 -0.0009890
v -0.0012871 0.1155839 -0.0008600
v -0.0012588 0.1158071 -0.0012588
v -0.0010946 0.1156087 -0.0010946
v -0.0009890 0.1158319 -0.0014802
v -0.0008600 0.1156335 -0.0012871
v -0.0006813 0.1158567 -0.0016447
v -0.0005924 0.1156583 -0.0014302
v -0.0003473 0.1158815 -0.0017460
v -0.0003020 0.1156831 -0.0015183
v -0.0000000 0.1159063 -0.0017802
v -0.0000000 0.1157079 -0.0015480
v 0.0003473 0.1159311 -0.0017460
v 0.0003020 0.1157327 -0.0015183
v 0.0006813 0.1159560 -0.0016447
v 0.0005924 0.1157575 -0.0014302
v 0.0009890 0.1159808 -0.0014802
v 0.0008600 0.1157823 -0.0012871
v 0.0012588 0.1160056 -0.0012588
v 0.0010946 0.1158071 -0.0010946
v 0.0014802 0.1160304 -0.0009890
v 0.0012871 0.1158319 -0.0008600
v 0.0016447 0.1160552 -0.0006813
v 0.0014302 0.1158567 -0.0005924
v 0.0017460 0.1160800 -0.0003473
v 0.0015183 0.1158816 -0.0003020
v 0.0017802 0.1161048 -0.0000000
v 0.0015480 0.1159064 -0.0000000
v 0.0017460 0.1161296 0.0003473
v 0.0015183 0.1159312 0.0003020
v 0.0016447 0.1161544 0.0006813
v 0.0014302 0.1159560 0.0005924
v 0.0014802 0.1161792 0.0009890
v 0.0012871 0.1159808 0.0008600
v 0.0012588 0.1162040 0.0012588
v 0.0010946 0.1160056 0.0010946
v 0.0009890 0.1162288 0.0014802
v 0.0008600 0.1160304 0.0012871
v 0.0006813 0.1162537 0.0016447
v 0.0005924 0.1160552 0.0014302
v 0.0003473 0.1162785 0.0017460
v 0.0003020 0.1160800 0.0015183
v 0.0000000 0.1163033 0.0017802
v 0.0000000 0.1161048 0.0015480
v -0.0003473 0.1163281 0.0017460
v -0.0003020 0.1161296 0.0015183
v -0.0006813 0.1163529 0.0016447
v -0.0005924 0.1161545 0.0014302
v -0.0009890 0.1163777 0.0014802
v -0.0008600 0.1161793 0.0012871
v -0.0012588 0.1164025 0.0012588
v -0.0010946 0.1162041 0.0010946
v -0.0014802 0.1164273 0.0009890
v -0.0012871 0.1162289 0.0008600
v -0.0016447 0.1164521 0.0006813
v -0.0014302 0.1162537 0.0005924
v -0.0017460 0.1164769 0.0003473
v -0.0015183 0.1162785 0.0003020
v -0.0017802 0.1165017 0.0000000
v -0.0015480 0.1163033 0.0000000
v -0.0017460 0.1165266 -0.0003473
v -0.0015183 0.1163281 -0.0003020
v -0.0016447 0.1165514 -0.0006813
v -0.0014302 0.1163529 -0.0005924
v -0.0014802 0.1165762 -0.0009890
v -0.0012871 0.1163777 -0.0008600
v -0.0012588 0.1166010 -0.0012588
v -0.0010946 0.1164025 -0.0010946
v -0.0009890 0.1166258 -0.0014802
v -0.0008600 0.1164273 -0.0012871
v -0.0006813 0.1166506 -0.0016447
v -0.0005924 0.1164522 -0.0014302
v -0.0003473 0.1166754 -0.0017460
v -0.0003020 0.1164770 -0.0015183
v -0.0000000 0.1167002 -0.0017802
v -0.0000000 0.1165018 -0.0015480
v 0.0003473 0.1167250 -0.0017460
v 0.0003020 0.1165266 -0.0015183
v 0.0006813 0.1167498 -0.0016447
v 0.0005924 0.1165514 -0.0014302
v 0.0009890 0.1167746 -0.0014802
v 0.0008600 0.1165762 -0.0012871
v 0.0012588 0.1167994 -0.0012588
v 0.0010946 0.1166010 -0.0010946
v 0.0014802 0.1168243 -0.0009890
v 0.0012871 0.1166258 -0.0008600
v 0.0016447 0.1168491 -0.0006813
v 0.0014302 0.1166506 -0.0005924
v 0.0017460 0.1168739 -0.0003473
v 0.0015183 0.1166754 -0.0003020
v 0.0017802 0.1168987 0.0000000
v 0.0015480 0.1167002 0.0000000
v 0.0017460 0.1169235 0.0003473
v 0.0015183 0.1167251 0.0003020
v 0.0016447 0.1169483 0.0006813
v 0.0014302 0.1167499 0.0005924
v 0.0014802 0.1169731 0.0009890
v 0.0012871 0.1167747 0.0008600
v 0.0012588 0.1169979 0.0012588
v 0.0010946 0.1167995 0.0010946
v 0.0009890 0.1170227 0.0014802
v 0.0008600 0.1168243 0.0012871
v 0.0006813 0.1170475 0.0016447
v 0.0005924 0.1168491 0.0014302
v 0.0003473 0.1170723 0.0017460
v 0.0003020 0.1168739 0.0015183
v 0.0000000 0.1170972 0.0017802
v 0.0000000 0.1168987 0.0015480
v -0.0003473 0.1171220 0.0017460
v -0.0003020 0.1169235 0.0015183
v -0.0006813 0.1171468 0.0016447
v -0.0005924 0.1169483 0.0014302
v -0.0009890 0.1171716 0.0014802
v -0.0008600 0.1169731 0.0012871
v -0.0012588 0.1171964 0.0012588
v -0.0010946 0.1169979 0.0010946
v -0.0014802 0.1172212 0.0009890
v -0.0012871 0.1170228 0.0008600
v -0.0016447 0.1172460 0.0006813
v -0.0014302 0.1170476 0.0005924
v -0.0017460 0.1172708 0.0003473
v -0.0015183 0.1170724 0.0003020
v -0.0017802 0.1172956 -0.0000000
v -0.0015480 0.1170972 -0.0000000
v -0.0017460 0.1173204 -0.0003473
v -0.0015183 0.1171220 -0.0003020
v -0.0016447 0.1173452 -0.0006813
v -0.0014302 0.1171468 -0.0005924
v -0.0014802 0.1173700 -0.0009890
v -0.0012871 0.1171716 -0.0008600
v -0.0012588 0.1173949 -0.0012588
v -0.0010946 0.1171964 -0.0010946
v -0.0009890 0.1174197 -0.0014802
v -0.0008600 0.1172212 -0.0012871
v -0.0006813 0.1174445 -0.0016447
v -0.0005924 0.1172460 -0.0014302
v -0.0003473 0.1174693 -0.0017460
v -0.0003020 0.1172708 -0.0015183
v -0.0000000 0.1174941 -0.0017802
v -0.0000000 0.1172957 -0.0015480
v 0.0003473 0.1175189 -0.0017460
v 0.0003020 0.1173205 -0.0015183
v 0.0006813 0.1175437 -0.0016447
v 0.0005924 0.1173453 -0.0014302
v 0.0009890 0.1175685 -0.0014802
v 0.0008600 0.1173701 -0.0012871
v 0.0012588 0.1175933 -0.0012588
v 0.0010946 0.1173949 -0.0010946
v 0.0014802 0.1176181 -0.0009890
v 0.0012871 0.1174197 -0.0008600
v 0.0016447 0.1176429 -0.0006813
v 0.0014302 0.1174445 -0.0005924
v 0.0017460 0.1176678 -0.0003473
v 0.0015183 0.1174693 -0.0003020
v 0.0017802 0.1176926 -0.0000000
v 0.0015480 0.1174941 -0.0000000
v 0.0017460 0.1177174 0.0003473
v 0.0015183 0.1175189 0.0003020
v 0.0016447 0.1177422 0.0006813
v 0.0014302 0.1175437 0.0005924
v 0.0014802 0.1177670 0.0009890
v 0.0012871 0.1175685 0.0008600
v 0.0012588 0.1177918 0.0012588
v 0.0010946 0.1175934 0.0010946
v 0.0009890 0.1178166 0.0014802
v 0.0008600 0.1176182 0.0012871
v 0.0006813 0.1178414 0.0016447
v 0.0005924 0.1176430 0.0014302
v 0.0003473 0.1178662 0.0017460
v 0.0003020 0.1176678 0.0015183
v 0.0000000 0.1178910 0.0017802
v 0.0000000 0.1176926 0.0015480
v -0.0003473 0.1179158 0.0017460
v -0.0003020 0.1177174 0.0015183
v -0.0006813 0.1179406 0.0016447
v -0.0005924 0.1177422 0.0014302
v -0.0009890 0.1179655 0.0014802
v -0.0008600 0.1177670 0.0012871
v -0.0012588 0.1179903 0.0012588
v -0.0010946 0.1177918 0.0010946
v -0.0014802 0.1180151 0.0009890
v -0.0012871 0.1178166 0.0008600
v -0.0016447 0.1180399 0.0006813
v -0.0014302 0.1178414 0.0005924
v -0.0017460 0.1180647 0.0003473
v -0.0015183 0.1178663 0.0003020
v -0.0017802 0.1180895 0.0000000
v -0.0015480 0.1178911 0.0000000
v -0.0017460 0.1181143 -0.0003473
v -0.0015183 0.1179159 -0.0003020
v -0.0016447 0.1181391 -0.0006813
v -0.0014302 0.1179407 -0.0005924
v -0.0014802 0.1181639 -0.0009890
v -0.0012871 0.1179655 -0.0008600
v -0.0012588 0.1181887 -0.0012588
v -0.0010946 0.1179903 -0.0010946
v -0.0009890 0.1182135 -0.0014802
v -0.0008600 0.1180151 -0.0012871
v -0.0006813 0.1182384 -0.0016447
v -0.0005924 0.1180399 -0.0014302
v -0.0003473 0.1182632 -0.0017460
v -0.0003020 0.1180647 -0.0015183
v -0.0000000 0.1182880 -0.0017802
v -0.0000000 0.1180895 -0.0015480
v 0.0003473 0.1183128 -0.0017460
v 0.0003020 0.1181143 -0.0015183
v 0.0006813 0.1183376 -0.0016447
v 0.0005924 0.1181392 -0.0014302
v 0.0009890 0.1183624 -0.0014802
v 0.0008600 0.1181640 -0.0012871
v 0.0012588 0.1183872 -0.0012588
v 0.0010946 0.1181888 -0.0010946
v 0.0014802 0.1184120 -0.0009890
v 0.0012871 0.1182136 -0.0008600
v 0.0016447 0.1184368 -0.0006813
v 0.0014302 0.1182384 -0.0005924
v 0.0017460 0.1184616 -0.0003473
v 0.0015183 0.1182632 -0.0003020
v 0.0017802 0.1184864 -0.0000000
v 0.0015480 0.1182880 -0.0000000
v 0.0017460 0.1185112 0.0003473
v 0.0015183 0.1183128 0.0003020
v 0.0016447 0.1185361 0.0006813
v 0.0014302 0.1183376 0.0005924
v 0.0014802 0.1185609 0.0009890
v 0.0012871 0.1183624 0.0008600
v 0.0012588 0.1185857 0.0012588
v 0.0010946 0.1183872 0.0010946
v 0.0009890 0.1186105 0.0014802
v 0.0008600 0.1184120 0.0012871
v 0.0006813 0.1186353 0.0016447
v 0.0005924 0.1184369 0.0014302
v 0.0003473 0.1186601 0.0017460
v 0.0003020 0.1184617 0.0015183
v 0.0000000 0.1186849 0.0017802
v 0.0000000 0.1184865 0.0015480
v -0.0003473 0.1187097 0.0017460
v -0.0003020 0.1185113 0.0015183
v -0.0006813 0.1187345 0.0016447
v -0.0005924 0.1185361 0.0014302
v -0.0009890 0.1187593 0.0014802
v -0.0008600 0.1185609 0.0012871
v -0.0012588 0.1187841 0.0012588
v -0.0010946 0.1185857 0.0010946
v -0.0014802 0.1188090 0.0009890
v -0.0012871 0.1186105 0.0008600
v -0.0016447 0.1188338 0.0006813
v -0.0014302 0.1186353 0.0005924
v -0.0017460 0.1188586 0.0003473
v -0.0015183 0.1186601 0.0003020
v -0.0017802 0.1188834 0.0000000
v -0.0015480 0.1186849 0.0000000
v -0.0017460 0.1189082 -0.0003473
v -0.0015183 0.1187098 -0.0003020
v -0.0016447 0.1189330 -0.0006813
v -0.0014302 0.1187346 -0.0005924
v -0.0014802 0.1189578 -0.0009890
v -0.0012871 0.1187594 -0.0008600
v -0.0012588 0.1189826 -0.0012588
v -0.0010946 0.1187842 -0.0010946
v -0.0009890 0.1190074 -0.0014802
v -0.0008600 0.1188090 -0.0012871
v -0.0006813 0.1190322 -0.0016447
v -0.0005924 0.1188338 -0.0014302
v -0.0003473 0.1190570 -0.0017460
v -0.0003020 0.1188586 -0.0015183
v 0.0000000 0.1190818 -0.0017802
v 0.0000000 0.1188834 -0.0015480
v 0.0003473 0.1191067 -0.0017460
v 0.0003020 0.1189082 -0.0015183
v 0.0006813 0.1191315 -0.0016447
v 0.0005924 0.1189330 -0.0014302
v 0.0009890 0.1191563 -0.0014802
v 0.0008600 0.1189578 -0.0012871
v 0.0012588 0.1191811 -0.0012588
v 0.0010946 0.1189826 -0.0010946
v 0.0014802 0.1192059 -0.0009890
v 0.0012871 0.1190075 -0.0008600
v 0.0016447 0.1192307 -0.0006813
v 0.0014302 0.1190323 -0.0005924
v 0.0017460 0.1192555 -0.0003473
v 0.0015183 0.1190571 -0.0003020
v 0.0017802 0.1192803 -0.0000000
v 0.0015480 0.1190819 -0.0000000
v 0.0017460 0.1193051 0.0003473
v 0.0015183 0.1191067 0.0003020
v 0.0016447 0.1193299 0.0006813
v 0.0014302 0.1191315 0.0005924
v 0.0014802 0.1193547 0.0009890
v 0.0012871 0.1191563 0.0008600
v 0.0012588 0.1193796 0.0012588
v 0.0010946 0.1191811 0.0010946
v 0.0009890 0.1194044 0.0014802
v 0.0008600 0.1192059 0.0012871
v 0.0006813 0.1194292 0.0016447
v 0.0005924 0.1192307 0.0014302
v 0.0003473 0.1194540 0.0017460
v 0.0003020 0.1192555 0.0015183
v -0.0000000 0.1194788 0.0017802
v -0.0000000 0.1192804 0.0015480
v -0.0003473 0.1195036 0.0017460
v -0.0003020 0.1193052 0.0015183
v -0.0006813 0.1195284 0.0016447
v -0.0005924 0.1193300 0.0014302
v -0.0009890 0.1195532 0.0014802
v -0.0008600 0.1193548 0.0012871
v -0.0012588 0.1195780 0.0012588
v -0.0010946 0.1193796 0.0010946
v -0.0014802 0.1196028 0.0009890
v -0.0012871 0.1194044 0.0008600
v -0.0016447 0.1196276 0.0006813
v -0.0014302 0.1194292 0.0005924
v -0.0017460 0.1196525 0.0003473
v -0.0015183 0.1194540 0.0003020
v -0.0017802 0.1196773 0.0000000
v -0.0015480 0.1194788 0.0000000
v -0.0017460 0.1197021 -0.0003473
v -0.0015183 0.1195036 -0.0003020
v -0.0016447 0.1197269 -0.0006813
v -0.0014302 0.1195284 -0.0005924
v -0.0014802 0.1197517 -0.0009890
v -0.0012871 0.1195532 -0.0008600
v -0.0012588 0.1197765 -0.0012588
v -0.0010946 0.1195781 -0.0010946
v -0.0009890 0.1198013 -0.0014802
v -0.0008600 0.1196029 -0.0012871
v -0.0006813 0.1198261 -0.0016447
v -0.0005924 0.1196277 -0.0014302
v -0.0003473 0.1198509 -0.0017460
v -0.0003020 0.1196525 -0.0015183
v -0.0000000 0.1198757 -0.0017802
v -0.0000000 0.1196773 -0.0015480
v 0.0003473 0.1199005 -0.0017460
v 0.0003020 0.1197021 -0.0015183
v 0.0006813 0.1199253 -0.0016447
v 0.0005924 0.1197269 -0.0014302
v 0.0009890 0.1199502 -0.0014802
v 0.0008600 0.1197517 -0.0012871
v 0.0012588 0.1199750 -0.0012588
v 0.0010946 0.1197765 -0.0010946
v 0.0014802 0.1199998 -0.0009890
v 0.0012871 0.1198013 -0.0008600
v 0.0016447 0.1200246 -0.0006813
v 0.0014302 0.1198261 -0.0005924
v 0.0017460 0.1200494 -0.0003473
v 0.0015183 0.1198510 -0.0003020
v 0.0017802 0.1200742 -0.0000000
v 0.0015480 0.1198758 -0.0000000
v 0.0017460 0.1200990 0.0003473
v 0.0015183 0.1199006 0.0003020
v 0.0016447 0.1201238 0.0006813
v 0.0014302 0.1199254 0.0005924
v 0.0014802 0.1201486 0.0009890
v 0.0012871 0.1199502 0.0008600
v 0.0012588 0.1201734 0.0012588
v 0.0010946 0.1199750 0.0010946
v 0.0009890 0.1201982 0.0014802
v 0.0008600 0.1199998 0.0012871
v 0.0006813 0.1202231 0.0016447
v 0.0005924 0.1200246 0.0014302
v 0.0003473 0.1202479 0.0017460
v 0.0003020 0.1200494 0.0015183
v 0.0000000 0.1202727 0.0017802
v 0.0000000 0.1200742 0.0015480
v -0.0003473 0.1202975 0.0017460
v -0.0003020 0.1200990 0.0015183
v -0.0006813 0.1203223 0.0016447
v -0.0005924 0.1201238 0.0014302
v -0.0009890 0.1203471 0.0014802
v -0.0008600 0.1201487 0.0012871
v -0.0012588 0.1203719 0.0012588
v -0.0010946 0.1201735 0.0010946
v -0.0014802 0.1203967 0.0009890
v -0.0012871 0.1201983 0.0008600
v -0.0016447 0.1204215 0.0006813
v -0.0014302 0.1202231 0.0005924
v -0.0017460 0.1204463 0.0003473
v -0.0015183 0.1202479 0.0003020
v -0.0017802 0.1204711 0.0000000
v -0.0015480 0.1202727 0.0000000
v -0.0017460 0.1204959 -0.0003473
v -0.0015183 0.1202975 -0.0003020
v -0.0016447 0.1205208 -0.0006813
v -0.0014302 0.1203223 -0.0005924
v -0.0014802 0.1205456 -0.0009890
v -0.0012871 0.1203471 -0.0008600
v -0.0012588 0.1205704 -0.0012588
v -0.0010946 0.1203719 -0.0010946
v -0.0009890 0.1205952 -0.0014802
v -0.0008600 0.1203967 -0.0012871
v -0.0006813 0.1206200 -0.0016447
v -0.0005924 0.1204216 -0.0014302
v -0.0003473 0.1206448 -0.0017460
v -0.0003020 0.1204464 -0.0015183
v -0.0000000 0.1206696 -0.0017802
v -0.0000000 0.1204712 -0.0015480
v 0.0003473 0.1206944 -0.0017460
v 0.0003020 0.1204960 -0.0015183
v 0.0006813 0.1207192 -0.0016447
v 0.0005924 0.1205208 -0.0014302
v 0.0009890 0.1207440 -0.0014802
v 0.0008600 0.1205456 -0.0012871
v 0.0012588 0.1207688 -0.0012588
v 0.0010946 0.1205704 -0.0010946
v 0.0014802 0.1207937 -0.0009890
v 0.0012871 0.1205952 -0.0008600
v 0.0016447 0.1208185 -0.0006813
v 0.0014302 0.1206200 -0.0005924
v 0.0017460 0.1208433 -0.0003473
v 0.0015183 0.1206448 -0.0003020
v 0.0017802 0.1208681 -0.0000000
v 0.0015480 0.1206696 -0.0000000
v 0.0017460 0.1208929 0.0003473
v 0.0015183 0.1206944 0.0003020
v 0.0016447 0.1209177 0.0006813
v 0.0014302 0.1207193 0.0005924
v 0.0014802 0.1209425 0.0009890
v 0.0012871 0.1207441 0.0008600
v 0.0012588 0.1209673 0.0012588
v 0.0010946 0.1207689 0.0010946
v 0.0009890 0.1209921 0.0014802
v 0.0008600 0.1207937 0.0012871
v 0.0006813 0.1210169 0.0016447
v 0.0005924 0.1208185 0.0014302
v 0.0003473 0.1210417 0.0017460
v 0.0003020 0.1208433 0.0015183
v 0.0000000 0.1210665 0.0017802
v 0.0000000 0.1208681 0.0015480
v -0.0003473 0.1210914 0.0017460
v -0.0003020 0.1208929 0.0015183
v -0.0006813 0.1211162 0.0016447
v -0.0005924 0.1209177 0.0014302
v -0.0009890 0.1211410 0.0014802
v -0.0008600 0.1209425 0.0012871
v -0.0012588 0.1211658 0.0012588
v -0.0010946 0.1209673 0.0010946
v -0.0014802 0.1211906 0.0009890
v -0.0012871 0.1209922 0.0008600
v -0.0016447 0.1212154 0.0006813
v -0.0014302 0.1210170 0.0005924
v -0.0017460 0.1212402 0.0003473
v -0.0015183 0.1210418 0.0003020
v -0.0017802 0.1212650 -0.0000000
v -0.0015480 0.1210666 -0.0000000
v -0.0017460 0.1212898 -0.0003473
v -0.0015183 0.1210914 -0.0003020
v -0.0016447 0.1213146 -0.0006813
v -0.0014302 0.1211162 -0.0005924
v -0.0014802 0.1213394 -0.0009890
v -0.0012871 0.1211410 -0.0008600
v -0.0012588 0.1213643 -0.0012588
v -0.0010946 0.1211658 -0.0010946
v -0.0009890 0.1213891 -0.0014802
v -0.0008600 0.1211906 -0.0012871
v -0.0006813 0.1214139 -0.0016447
v -0.0005924 0.1212154 -0.0014302
v -0.0003473 0.1214387 -0.0017460
v -0.0003020 0.1212402 -0.0015183
v -0.0000000 0.1214635 -0.0017802
v -0.0000000 0.1212650 -0.0015480
v 0.0003473 0.1214883 -0.0017460
v 0.0003020 0.1212899 -0.0015183
v 0.0006813 0.1215131 -0.0016447
v 0.0005924 0.1213147 -0.0014302
v 0.0009890 0.1215379 -0.0014802
v 0.0008600 0.1213395 -0.0012871
v 0.0012588 0.1215627 -0.0012588
v 0.0010946 0.1213643 -0.0010946
v 0.0014802 0.1215875 -0.0009890
v 0.0012871 0.1213891 -0.0008600
v 0.0016447 0.1216123 -0.0006813
v 0.0014302 0.1214139 -0.0005924
v 0.0017460 0.1216371 -0.0003473
v 0.0015183 0.1214387 -0.0003020
v 0.0017802 0.1216620 -0.0000000
v 0.0015480 0.1214635 -0.0000000
v 0.0017460 0.1216868 0.0003473
v 0.0015183 0.1214883 0.0003020
v 0.0016447 0.1217116 0.0006813
v 0.0014302 0.1215131 0.0005924
v 0.0014802 0.1217364 0.0009890
v 0.0012871 0.1215379 0.0008600
v 0.0012588 0.1217612 0.0012588
v 0.0010946 0.1215628 0.0010946
v 0.0009890 0.1217860 0.0014802
v 0.0008600 0.1215876 0.0012871
v 0.0006813 0.1218108 0.0016447
v 0.0005924 0.1216124 0.0014302
v 0.0003473 0.1218356 0.0017460
v 0.0003020 0.1216372 0.0015183
v 0.0000000 0.1218604 0.0017802
v 0.0000000 0.1216620 0.0015480
v -0.0003473 0.1218852 0.0017460
v -0.0003020 0.1216868 0.0015183
v -0.0006813 0.1219100 0.0016447
v -0.0005924 0.1217116 0.0014302
v -0.0009890 0.1219349 0.0014802
v -0.0008600 0.1217364 0.0012871
v -0.0012588 0.1219597 0.0012588
v -0.0010946 0.1217612 0.0010946
v -0.0014802 0.1219845 0.0009890
v -0.0012871 0.1217860 0.0008600
v -0.0016447 0.1220093 0.0006813
v -0.0014302 0.1218108 0.0005924
v -0.0017460 0.1220341 0.0003473
v -0.0015183 0.1218357 0.0003020
v -0.0017802 0.1220589 0.0000000
v -0.0015480 0.1218605 0.0000000
v -0.0017460 0.1220837 -0.0003473
v -0.0015183 0.1218853 -0.0003020
v -0.0016447 0.1221085 -0.0006813
v -0.0014302 0.1219101 -0.0005924
v -0.0014802 0.1221333 -0.0009890
v -0.0012871 0.1219349 -0.0008600
v -0.0012588 0.1221581 -0.0012588
v -0.0010946 0.1219597 -0.0010946
v -0.0009890 0.1221829 -0.0014802
v -0.0008600 0.1219845 -0.0012871
v -0.0006813 0.1222077 -0.0016447
v -0.0005924 0.1220093 -0.0014302
v -0.0003473 0.1222326 -0.0017460
v -0.0003020 0.1220341 -0.0015183
v -0.0000000 0.1222574 -0.0017802
v -0.0000000 0.1220589 -0.0015480
v 0.0003473 0.1222822 -0.0017460
v 0.0003020 0.1220837 -0.0015183
v 0.0006813 0.1223070 -0.0016447
v 0.0005924 0.1221085 -0.0014302
v 0.0009890 0.1223318 -0.0014802
v 0.0008600 0.1221334 -0.0012871
v 0.0012588 0.1223566 -0.0012588
v 0.0010946 0.1221582 -0.0010946
v 0.0014802 0.1223814 -0.0009890
v 0.0012871 0.1221830 -0.0008600
v 0.0016447 0.1224062 -0.0006813
v 0.0014302 0.1222078 -0.0005924
v 0.0017460 0.1224310 -0.0003473
v 0.0015183 0.1222326 -0.0003020
v 0.0017802 0.1224558 -0.0000000
v 0.0015480 0.1222574 -0.0000000
v 0.0017460 0.1224806 0.0003473
v 0.0015183 0.1222822 0.0003020
v 0.0016447 0.1225055 0.0006813
v 0.0014302 0.1223070 0.0005924
v 0.0014802 0.1225303 0.0009890
v 0.0012871 0.1223318 0.0008600
v 0.0012588 0.1225551 0.0012588
v 0.0010946 0.1223566 0.0010946
v 0.0009890 0.1225799 0.0014802
v 0.0008600 0.1223814 0.0012871
v 0.0006813 0.1226047 0.0016447
v 0.0005924 0.1224063 0.0014302
v 0.0003473 0.1226295 0.0017460
v 0.0003020 0.1224311 0.0015183
v 0.0000000 0.1226543 0.0017802
v 0.0000000 0.1224559 0.0015480
v -0.0003473 0.1226791 0.0017460
v -0.0003020 0.1224807 0.0015183
v -0.0006813 0.1227039 0.0016447
v -0.0005924 0.1225055 0.0014302
v -0.0009890 0.1227287 0.0014802
v -0.0008600 0.1225303 0.0012871
v -0.0012588 0.1227535 0.0012588
v -0.0010946 0.1225551 0.0010946
v -0.0014802 0.1227783 0.0009890
v -0.0012871 0.1225799 0.0008600
v -0.0016447 0.1228032 0.0006813
v -0.0014302 0.1226047 0.0005924
v -0.0017460 0.1228280 0.0003473
v -0.0015183 0.1226295 0.0003020
v -0.0017802 0.1228528 0.0000000
v -0.0015480 0.1226543 0.0000000
v -0.0017460 0.1228776 -0.0003473
v -0.0015183 0.1226791 -0.0003020
v -0.0016447 0.1229024 -0.0006813
v -0.0014302 0.1227040 -0.0005924
v -0.0014802 0.1229272 -0.0009890
v -0.0012871 0.1227288 -0.0008600
v -0.0012588 0.1229520 -0.0012588
v -0.0010946 0.1227536 -0.0010946
v -0.0009890 0.1229768 -0.0014802
v -0.0008600 0.1227784 -0.0012871
v -0.0006813 0.1230016 -0.0016447
v -0.0005924 0.1228032 -0.0014302
v -0.0003473 0.1230264 -0.0017460
v -0.0003020 0.1228280 -0.0015183
v 0.0000000 0.1230512 -0.0017802
v 0.0000000 0.1228528 -0.0015480
v 0.0003473 0.1230761 -0.0017460
v 0.0003020 0.1228776 -0.0015183
v 0.0006813 0.1231009 -0.0016447
v 0.0005924 0.1229024 -0.0014302
v 0.0009890 0.1231257 -0.0014802
v 0.0008600 0.1229272 -0.0012871
v 0.0012588 0.1231505 -0.0012588
v 0.0010946 0.1229520 -0.0010946
v 0.0014802 0.1231753 -0.0009890
v 0.0012871 0.1229769 -0.0008600
v 0.0016447 0.1232001 -0.0006813
v 0.0014302 0.1230017 -0.0005924
v 0.0017460 0.1232249 -0.0003473
v 0.0015183 0.1230265 -0.0003020
v 0.0017802 0.1232497 -0.0000000
v 0.0015480 0.1230513 -0.0000000
v 0.0017460 0.1232745 0.0003473
v 0.0015183 0.1230761 0.0003020
v 0.0016447 0.1232993 0.0006813
v 0.0014302 0.1231009 0.0005924
v 0.0014802 0.1233241 0.0009890
v 0.0012871 0.1231257 0.0008600
v 0.0012588 0.1233490 0.0012588
v 0.0010946 0.1231505 0.0010946
v 0.0009890 0.1233738 0.0014802
v 0.0008600 0.1231753 0.0012871
v 0.0006813 0.1233986 0.0016447
v 0.0005924 0.1232001 0.0014302
v 0.0003473 0.1234234 0.0017460
v 0.0003020 0.1232249 0.0015183
v -0.0000000 0.1234482 0.0017802
v -0.0000000 0.1232497 0.0015480
v -0.0003473 0.1234730 0.0017460
v -0.0003020 0.1232746 0.0015183
v -0.0006813 0.1234978 0.0016447
v -0.0005924 0.1232994 0.0014302
v -0.0009890 0.1235226 0.0014802
v -0.0008600 0.1233242 0.0012871
v -0.0012588 0.1235474 0.0012588
v -0.0010946 0.1233490 0.0010946
v -0.0014802 0.1235722 0.0009890
v -0.0012871 0.1233738 0.0008600
v -0.0016447 0.1235970 0.0006813
v -0.0014302 0.1233986 0.0005924
v -0.0017460 0.1236218 0.0003473
v -0.0015183 0.1234234 0.0003020
v -0.0017802 0.1236467 0.0000000
v -0.0015480 0.1234482 0.0000000
v -0.0017460 0.1236715 -0.0003473
v -0.0015183 0.1234730 -0.0003020
v -0.0016447 0.1236963 -0.0006813
v -0.0014302 0.1234978 -0.0005924
v -0.0014802 0.1237211 -0.0009890
v -0.0012871 0.1235226 -0.0008600
v -0.0012588 0.1237459 -0.0012588
v -0.0010946 0.1235475 -0.0010946
v -0.0009890 0.1237707 -0.0014802
v -0.0008600 0.1235723 -0.0012871
v -0.0006813 0.1237955 -0.0016447
v -0.0005924 0.1235971 -0.0014302
v -0.0003473 0.1238203 -0.0017460
v -0.0003020 0.1236219 -0.0015183
v -0.0000000 0.1238451 -0.0017802
v -0.0000000 0.1236467 -0.0015480
v 0.0003473 0.1238699 -0.0017460
v 0.0003020 0.1236715 -0.0015183
v 0.0006813 0.1238947 -0.0016447
v 0.0005924 0.1236963 -0.0014302
v 0.0009890 0.1239196 -0.0014802
v 0.0008600 0.1237211 -0.0012871
v 0.0012588 0.1239444 -0.0012588
v 0.0010946 0.1237459 -0.0010946
v 0.0014802 0.1239692 -0.0009890
v 0.0012871 0.1237707 -0.0008600
v 0.0016447 0.1239940 -0.0006813
v 0.0014302 0.1237955 -0.0005924
v 0.0017460 0.1240188 -0.0003473
v 0.0015183 0.1238203 -0.0003020
v 0.0017802 0.1240436 -0.0000000
v 0.0015480 0.1238452 -0.0000000
v 0.0017460 0.1240684 0.0003473
v 0.0015183 0.1238700 0.0003020
v 0.0016447 0.1240932 0.0006813
v 0.0014302 0.1238948 0.0005924
v 0.0014802 0.1241180 0.0009890
v 0.0012871 0.1239196 0.0008600
v 0.0012588 0.1241428 0.0012588
v 0.0010946 0.1239444 0.0010946
v 0.0009890 0.1241676 0.0014802
v 0.0008600 0.1239692 0.0012871
v 0.0006813 0.1241924 0.0016447
v 0.0005924 0.1239940 0.0014302
v 0.0003473 0.1242173 0.0017460
v 0.0003020 0.1240188 0.0015183
v 0.0000000 0.1242421 0.0017802
v 0.0000000 0.1240436 0.0015480
v -0.0003473 0.1242669 0.0017460
v -0.0003020 0.1240684 0.0015183
v -0.0006813 0.1242917 0.0016447
v -0.0005924 0.1240932 0.0014302
v -0.0009890 0.1243165 0.0014802
v -0.0008600 0.1241181 0.0012871
v -0.0012588 0.1243413 0.0012588
v -0.0010946 0.1241429 0.0010946
v -0.0014802 0.1243661 0.0009890
v -0.0012871 0.1241677 0.0008600
v -0.0016447 0.1243909 0.0006813
v -0.0014302 0.1241925 0.0005924
v -0.0017460 0.1244157 0.0003473
v -0.0015183 0.1242173 0.0003020
v -0.0017802 0.1244405 0.0000000
v -0.0015480 0.1242421 0.0000000
v -0.0017460 0.1244653 -0.0003473
v -0.0015183 0.1242669 -0.0003020
v -0.0016447 0.1244902 -0.0006813
v -0.0014302 0.1242917 -0.0005924
v -0.0014802 0.1245150 -0.0009890
v -0.0012871 0.1243165 -0.0008600
v -0.0012588 0.1245398 -0.0012588
v -0.0010946 0.1243413 -0.0010946
v -0.0009890 0.1245646 -0.0014802
v -0.0008600 0.1243661 -0.0012871
v -0.0006813 0.1245894 -0.0016447
v -0.0005924 0.1243909 -0.0014302
v -0.0003473 0.1246142 -0.0017460
v -0.0003020 0.1244158 -0.0015183
v -0.0000000 0.1246390 -0.0017802
v -0.0000000 0.1244406 -0.0015480
v 0.0003473 0.1246638 -0.0017460
v 0.0003020 0.1244654 -0.0015183
v 0.0006813 0.1246886 -0.0016447
v 0.0005924 0.1244902 -0.0014302
v 0.0009890 0.1247134 -0.0014802
v 0.0008600 0.1245150 -0.0012871
v 0.0012588 0.1247382 -0.0012588
v 0.0010946 0.1245398 -0.0010946
v 0.0014802 0.1247630 -0.0009890
v 0.0012871 0.1245646 -0.0008600
v 0.0016447 0.1247879 -0.0006813
v 0.0014302 0.1245894 -0.0005924
v 0.0017460 0.1248127 -0.0003473
v 0.0015183 0.1246142 -0.0003020
v 0.0017802 0.1248375 -0.0000000
v 0.0015480 0.1246390 -0.0000000
v 0.0017460 0.1248623 0.0003473
v 0.0015183 0.1246638 0.0003020
v 0.0016447 0.1248871 0.0006813
v 0.0014302 0.1246887 0.0005924
v 0.0014802 0.1249119 0.0009890
v 0.0012871 0.1247135 0.0008600
v 0.0012588 0.1249367 0.0012588
v 0.0010946 0.1247383 0.0010946
v 0.0009890 0.1249615 0.0014802
v 0.0008600 0.1247631 0.0012871
v 0.0006813 0.1249863 0.0016447
v 0.0005924 0.1247879 0.0014302
v 0.0003473 0.1250111 0.0017460
v 0.0003020 0.1248127 0.0015183
v 0.0000000 0.1250359 0.0017802
v 0.0000000 0.1248375 0.0015480
v -0.0003473 0.1250608 0.0017460
v -0.0003020 0.1248623 0.0015183
v -0.0006813 0.1250856 0.0016447
v -0.0005924 0.1248871 0.0014302
v -0.0009890 0.1251104 0.0014802
v -0.0008600 0.1249119 0.0012871
v -0.0012588 0.1251352 0.0012588
v -0.0010946 0.1249367 0.0010946
v -0.0014802 0.1251600 0.0009890
v -0.0012871 0.1249615 0.0008600
v -0.0016447 0.1251848 0.0006813
v -0.0014302 0.1249864 0.0005924
v -0.0017460 0.1252096 0.0003473
v -0.0015183 0.1250112 0.0003020
v -0.0017802 0.1252344 -0.0000000
v -0.0015480 0.1250360 -0.0000000
v -0.0017460 0.1252592 -0.0003473
v -0.0015183 0.1250608 -0.0003020
v -0.0016447 0.1252840 -0.0006813
v -0.0014302 0.1250856 -0.0005924
v -0.0014802 0.1253088 -0.0009890
v -0.0012871 0.1251104 -0.0008600
v -0.0012588 0.1253336 -0.0012588
v -0.0010946 0.1251352 -0.0010946
v -0.0009890 0.1253585 -0.0014802
v -0.0008600 0.1251600 -0.0012871
v -0.0006813 0.1253833 -0.0016447
v -0.0005924 0.1251848 -0.0014302
v -0.0003473 0.1254081 -0.0017460
v -0.0003020 0.1252096 -0.0015183
v -0.0000000 0.1254329 -0.0017802
v -0.0000000 0.1252344 -0.0015480
v 0.0003473 0.1254577 -0.0017460
v 0.0003020 0.1252593 -0.0015183
v 0.0006813 0.1254825 -0.0016447
v 0.0005924 0.1252841 -0.0014302
v 0.0009890 0.1255073 -0.0014802
v 0.0008600 0.1253089 -0.0012871
v 0.0012588 0.1255321 -0.0012588
v 0.0010946 0.1253337 -0.0010946
v 0.0014802 0.1255569 -0.0009890
v 0.0012871 0.1253585 -0.0008600
v 0.0016447 0.1255817 -0.0006813
v 0.0014302 0.1253833 -0.0005924
v 0.0017460 0.1256065 -0.0003473
v 0.0015183 0.1254081 -0.0003020
v 0.0017802 0.1256314 0.0000000
v 0.0015480 0.1254329 0.0000000
v 0.0017460 0.1256562 0.0003473
v 0.0015183 0.1254577 0.0003020
v 0.0016447 0.1256810 0.0006813
v 0.0014302 0.1254825 0.0005924
v 0.0014802 0.1257058 0.0009890
v 0.0012871 0.1255073 0.0008600
v 0.0012588 0.1257306 0.0012588
v 0.0010946 0.1255322 0.0010946
v 0.0009890 0.1257554 0.0014802
v 0.0008600 0.1255570 0.0012871
v 0.0006813 0.1257802 0.0016447
v 0.0005924 0.1255818 0.0014302
v 0.0003473 0.1258050 0.0017460
v 0.0003020 0.1256066 0.0015183
v 0.0000000 0.1258298 0.0017802
v 0.0000000 0.1256314 0.0015480
v -0.0003473 0.1258546 0.0017460
v -0.0003020 0.1256562 0.0015183
v -0.0006813 0.1258794 0.0016447
v -0.0005924 0.1256810 0.0014302
v -0.0009890 0.1259042 0.0014802
v -0.0008600 0.1257058 0.0012871
v -0.0012588 0.1259291 0.0012588
v -0.0010946 0.1257306 0.0010946
v -0.0014802 0.1259539 0.0009890
v -0.0012871 0.1257554 0.0008600
v -0.0016447 0.1259787 0.0006813
v -0.0014302 0.1257802 0.0005924
v -0.0017460 0.1260035 0.0003473
v -0.0015183 0.1258050 0.0003020
v -0.0017802 0.1260283 0.0000000
v -0.0015480 0.1258299 0.0000000
v -0.0017460 0.1260531 -0.0003473
v -0.0015183 0.1258547 -0.0003020
v -0.0016447 0.1260779 -0.0006813
v -0.0014302 0.1258795 -0.0005924
v -0.0014802 0.1261027 -0.0009890
v -0.0012871 0.1259043 -0.0008600
v -0.0012588 0.1261275 -0.0012588
v -0.0010946 0.1259291 -0.0010946
v -0.0009890 0.1261523 -0.0014802
v -0.0008600 0.1259539 -0.0012871
v -0.0006813 0.1261771 -0.0016447
v -0.0005924 0.1259787 -0.0014302
v -0.0003473 0.1262020 -0.0017460
v -0.0003020 0.1260035 -0.0015183
v -0.0000000 0.1262268 -0.0017802
v -0.0000000 0.1260283 -0.0015480
v 0.0003473 0.1262516 -0.0017460
v 0.0003020 0.1260531 -0.0015183
v 0.0006813 0.1262764 -0.0016447
v 0.0005924 0.1260779 -0.0014302
v 0.0009890 0.1263012 -0.0014802
v 0.0008600 0.1261028 -0.0012871
v 0.0012588 0.1263260 -0.0012588
v 0.0010946 0.1261276 -0.0010946
v 0.0014802 0.1263508 -0.0009890
v 0.0012871 0.1261524 -0.0008600
v 0.0016447 0.1263756 -0.0006813
v 0.0014302 0.1261772 -0.0005924
v 0.0017460 0.1264004 -0.0003473
v 0.0015183 0.1262020 -0.0003020
v 0.0017802 0.1264252 -0.0000000
v 0.0015480 0.1262268 -0.0000000
v 0.0017460 0.1264500 0.0003473
v 0.0015183 0.1262516 0.0003020
v 0.0016447 0.1264748 0.0006813
v 0.0014302 0.1262764 0.0005924
v 0.0014802 0.1264997 0.0009890
v 0.0012871 0.1263012 0.0008600
v 0.0012588 0.1265245 0.0012588
v 0.0010946 0.1263260 0.0010946
v 0.0009890 0.1265493 0.0014802
v 0.0008600 0.1263508 0.0012871
v 0.0006813 0.1265741 0.0016447
v 0.0005924 0.1263756 0.0014302
v 0.0003473 0.1265989 0.0017460
v 0.0003020 0.1264005 0.0015183
v 0.0000000 0.1266237 0.0017802
v 0.0000000 0.1264253 0.0015480
v -0.0003473 0.1266485 0.0017460
v -0.0003020 0.1264501 0.0015183
v -0.0006813 0.1266733 0.0016447
v -0.0005924 0.1264749 0.0014302
v -0.0009890 0.1266981 0.0014802
v -0.0008600 0.1264997 0.0012871
v -0.0012588 0.1267229 0.0012588
v -0.0010946 0.1265245 0.0010946
v -0.0014802 0.1267477 0.0009890
v -0.0012871 0.1265493 0.0008600
v -0.0016447 0.1267726 0.0006813
v -0.0014302 0.1265741 0.0005924
v -0.0017460 0.1267974 0.0003473
v -0.0015183 0.1265989 0.0003020
v -0.0017802 0.1268222 0.0000000
v -0.0015480 0.1266237 0.0000000
v -0.0017460 0.1268470 -0.0003473
v -0.0015183 0.1266485 -0.0003020
v -0.0016447 0.1268718 -0.0006813
v -0.0014302 0.1266734 -0.0005924
v -0.0014802 0.1268966 -0.0009890
v -0.0012871 0.1266982 -0.0008600
v -0.0012588 0.1269214 -0.0012588
v -0.0010946 0.1267230 -0.0010946
v -0.0009890 0.1269462 -0.0014802
v -0.0008600 0.1267478 -0.0012871
v -0.0006813 0.1269710 -0.0016447
v -0.0005924 0.1267726 -0.0014302
v -0.0003473 0.1269958 -0.0017460
v -0.0003020 0.1267974 -0.0015183
v -0.0000000 0.1270206 -0.0017802
v -0.0000000 0.1268222 -0.0015480
v 0.0003473 0.1270455 -0.0017460
v 0.0003020 0.1268470 -0.0015183
v 0.0006813 0.1270703 -0.0016447
v 0.0005924 0.1268718 -0.0014302
v 0.0009890 0.1270951 -0.0014802
v 0.0008600 0.1268966 -0.0012871
v 0.0012588 0.1271199 -0.0012588
v 0.0010946 0.1269214 -0.0010946
v 0.0014802 0.1271447 -0.0009890
v 0.0012871 0.1269462 -0.0008600
v 0.0016447 0.1271695 -0.0006813
v 0.0014302 0.1269711 -0.0005924
v 0.0017460 0.1271943 -0.0003473
v 0.0015183 0.1269959 -0.0003020
v 0.0017802 0.1272191 -0.0000000
v 0.0015480 0.1270207 -0.0000000
v 0.0017460 0.1272439 0.0003473
v 0.0015183 0.1270455 0.0003020
v 0.0016447 0.1272687 0.0006813
v 0.0014302 0.1270703 0.0005924
v 0.0014802 0.1272935 0.0009890
v 0.0012871 0.1270951 0.0008600
v 0.0012588 0.1273183 0.0012588
v 0.0010946 0.1271199 0.0010946
v 0.0009890 0.1273432 0.0014802
v 0.0008600 0.1271447 0.0012871
v 0.0006813 0.1273680 0.0016447
v 0.0005924 0.1271695 0.0014302
v 0.0003473 0.1273928 0.0017460
v 0.0003020 0.1271943 0.0015183
v -0.0000000 0.1274176 0.0017802
v -0.0000000 0.1272191 0.0015480
v -0.0003473 0.1274424 0.0017460
v -0.0003020 0.1272440 0.0015183
v -0.0006813 0.1274672 0.0016447
v -0.0005924 0.1272688 0.0014302
v -0.0009890 0.1274920 0.0014802
v -0.0008600 0.1272936 0.0012871
v -0.0012588 0.1275168 0.0012588
v -0.0010946 0.1273184 0.0010946
v -0.0014802 0.1275416 0.0009890
v -0.0012871 0.1273432 0.0008600
v -0.0016447 0.1275664 0.0006813
v -0.0014302 0.1273680 0.0005924
v -0.0017460 0.1275912 0.0003473
v -0.0015183 0.1273928 0.0003020
v -0.0017802 0.1276161 0.0000000
v -0.0015480 0.1274176 0.0000000
v -0.0017460 0.1276409 -0.0003473
v -0.0015183 0.1274424 -0.0003020
v -0.0016447 0.1276657 -0.0006813
v -0.0014302 0.1274672 -0.0005924
v -0.0014802 0.1276905 -0.0009890
v -0.0012871 0.1274920 -0.0008600
v -0.0012588 0.1277153 -0.0012588
v -0.0010946 0.1275168 -0.0010946
v -0.0009890 0.1277401 -0.0014802
v -0.0008600 0.1275417 -0.0012871
v -0.0006813 0.1277649 -0.0016447
v -0.0005924 0.1275665 -0.0014302
v -0.0003473 0.1277897 -0.0017460
v -0.0003020 0.1275913 -0.0015183
v 0.0000000 0.1278145 -0.0017802
v 0.0000000 0.1276161 -0.0015480
v 0.0003473 0.1278393 -0.0017460
v 0.0003020 0.1276409 -0.0015183
v 0.0006813 0.1278641 -0.0016447
v 0.0005924 0.1276657 -0.0014302
v 0.0009890 0.1278889 -0.0014802
v 0.0008600 0.1276905 -0.0012871
v 0.0012588 0.1279138 -0.0012588
v 0.0010946 0.1277153 -0.0010946
v 0.0014802 0.1279386 -0.0009890
v 0.0012871 0.1277401 -0.0008600
v 0.0016447 0.1279634 -0.0006813
v 0.0014302 0.1277649 -0.0005924
v 0.0017460 0.1279882 -0.0003473
v 0.0015183 0.1277897 -0.0003020
v 0.0017802 0.1280130 -0.0000000
v 0.0015480 0.1278146 -0.0000000
v 0.0017460 0.1280378 0.0003473
v 0.0015183 0.1278394 0.0003020
v 0.0016447 0.1280626 0.0006813
v 0.0014302 0.1278642 0.0005924
v 0.0014802 0.1280874 0.0009890
v 0.0012871 0.1278890 0.0008600
v 0.0012588 0.1281122 0.0012588
v 0.0010946 0.1279138 0.0010946
v 0.0009890 0.1281370 0.0014802
v 0.0008600 0.1279386 0.0012871
v 0.0006813 0.1281618 0.0016447
v 0.0005924 0.1279634 0.0014302
v 0.0003473 0.1281867 0.0017460
v 0.0003020 0.1279882 0.0015183
v 0.0000000 0.1282115 0.0017802
v 0.0000000 0.1280130 0.0015480
v -0.0003473 0.1282363 0.0017460
v -0.0003020 0.1280378 0.0015183
v -0.0006813 0.1282611 0.0016447
v -0.0005924 0.1280626 0.0014302
v -0.0009890 0.1282859 0.0014802
v -0.0008600 0.1280874 0.0012871
v -0.0012588 0.1283107 0.0012588
v -0.0010946 0.1281123 0.0010946
v -0.0014802 0.1283355 0.0009890
v -0.0012871 0.1281371 0.0008600
v -0.0016447 0.1283603 0.0006813
v -0.0014302 0.1281619 0.0005924
v -0.0017460 0.1283851 0.0003473
v -0.0015183 0.1281867 0.0003020
v -0.0017802 0.1284099 0.0000000
v -0.0015480 0.1282115 0.0000000
v -0.0017460 0.1284347 -0.0003473
v -0.0015183 0.1282363 -0.0003020
v -0.0016447 0.1284595 -0.0006813
v -0.0014302 0.1282611 -0.0005924
v -0.0014802 0.1284844 -0.0009890
v -0.0012871 0.1282859 -0.0008600
v -0.0012588 0.1285092 -0.0012588
v -0.0010946 0.1283107 -0.0010946
v -0.0009890 0.1285340 -0.0014802
v -0.0008600 0.1283355 -0.0012871
v -0.0006813 0.1285588 -0.0016447
v -0.0005924 0.1283603 -0.0014302
v -0.0003473 0.1285836 -0.0017460
v -0.0003020 0.1283852 -0.0015183
v -0.0000000 0.1286084 -0.0017802
v -0.0000000 0.1284100 -0.0015480
v 0.0003473 0.1286332 -0.0017460
v 0.0003020 0.1284348 -0.0015183
v 0.0006813 0.1286580 -0.0016447
v 0.0005924 0.1284596 -0.0014302
v 0.0009890 0.1286828 -0.0014802
v 0.0008600 0.1284844 -0.0012871
v 0.0012588 0.1287076 -0.0012588
v 0.0010946 0.1285092 -0.0010946
v 0.0014802 0.1287324 -0.0009890
v 0.0012871 0.1285340 -0.0008600
v 0.0016447 0.1287573 -0.0006813
v 0.0014302 0.1285588 -0.0005924
v 0.0017460 0.1287821 -0.0003473
v 0.0015183 0.1285836 -0.0003020
v 0.0017802 0.1288069 -0.0000000
v 0.0015480 0.1286084 -0.0000000
v 0.0017460 0.1288317 0.0003473
v 0.0015183 0.1286332 0.0003020
v 0.0016447 0.1288565 0.0006813
v 0.0014302 0.1286580 0.0005924
v 0.0014802 0.1288813 0.0009890
v 0.0012871 0.1286829 0.0008600
v 0.0012588 0.1289061 0.0012588
v 0.0010946 0.1287077 0.0010946
v 0.0009890 0.1289309 0.0014802
v 0.0008600 0.1287325 0.0012871
v 0.0006813 0.1289557 0.0016447
v 0.0005924 0.1287573 0.0014302
v 0.0003473 0.1289805 0.0017460
v 0.0003020 0.1287821 0.0015183
v 0.0000000 0.1290053 0.0017802
v 0.0000000 0.1288069 0.0015480
v -0.0003473 0.1290301 0.0017460
v -0.0003020 0.1288317 0.0015183
v -0.0006813 0.1290550 0.0016447
v -0.0005924 0.1288565 0.0014302
v -0.0009890 0.1290798 0.0014802
v -0.0008600 0.1288813 0.0012871
v -0.0012588 0.1291046 0.0012588
v -0.0010946 0.1289061 0.0010946
v -0.0014802 0.1291294 0.0009890
v -0.0012871 0.1289309 0.0008600
v -0.0016447 0.1291542 0.0006813
v -0.0014302 0.1289558 0.0005924
v -0.0017460 0.1291790 0.0003473
v -0.0015183 0.1289806 0.0003020
v -0.0017802 0.1292038 0.0000000
v -0.0015480 0.1290054 0.0000000
v -0.0017460 0.1292286 -0.0003473
v -0.0015183 0.1290302 -0.0003020
v -0.0016447 0.1292534 -0.0006813
v -0.0014302 0.1290550 -0.0005924
v -0.0014802 0.1292782 -0.0009890
v -0.0012871 0.1290798 -0.0008600
v -0.0012588 0.1293030 -0.0012588
v -0.0010946 0.1291046 -0.0010946
v -0.0009890 0.1293279 -0.0014802
v -0.0008600 0.1291294 -0.0012871
v -0.0006813 0.1293527 -0.0016447
v -0.0005924 0.1291542 -0.0014302
v -0.0003473 0.1293775 -0.0017460
v -0.0003020 0.1291790 -0.0015183
v -0.0000000 0.1294023 -0.0017802
v -0.0000000 0.1292038 -0.0015480
v 0.0003473 0.1294271 -0.0017460
v 0.0003020 0.1292287 -0.0015183
v 0.0006813 0.1294519 -0.0016447
v 0.0005924 0.1292535 -0.0014302
v 0.0009890 0.1294767 -0.0014802
v 0.0008600 0.1292783 -0.0012871
v 0.0012588 0.1295015 -0.0012588
v 0.0010946 0.1293031 -0.0010946
v 0.0014802 0.1295263 -0.0009890
v 0.0012871 0.1293279 -0.0008600
v 0.0016447 0.1295511 -0.0006813
v 0.0014302 0.1293527 -0.0005924
v 0.0017460 0.1295759 -0.0003473
v 0.0015183 0.1293775 -0.0003020
v 0.0017802 0.1296007 -0.0000000
v 0.0015480 0.1294023 -0.0000000
v 0.0017460 0.1296256 0.0003473
v 0.0015183 0.1294271 0.0003020
v 0.0016447 0.1296504 0.0006813
v 0.0014302 0.1294519 0.0005924
v 0.0014802 0.1296752 0.0009890
v 0.0012871 0.1294767 0.0008600
v 0.0012588 0.1297000 0.0012588
v 0.0010946 0.1295015 0.0010946
v 0.0009890 0.1297248 0.0014802
v 0.0008600 0.1295264 0.0012871
v 0.0006813 0.1297496 0.0016447
v 0.0005924 0.1295512 0.0014302
v 0.0003473 0.1297744 0.0017460
v 0.0003020 0.1295760 0.0015183
v -0.0000000 0.1297992 0.0017802
v -0.0000000 0.1296008 0.0015480
v -0.0003473 0.1298240 0.0017460
v -0.0003020 0.1296256 0.0015183
v -0.0006813 0.1298488 0.0016447
v -0.0005924 0.1296504 0.0014302
v -0.0009890 0.1298736 0.0014802
v -0.0008600 0.1296752 0.0012871
v -0.0012588 0.1298985 0.0012588
v -0.0010946 0.1297000 0.0010946
v -0.0014802 0.1299233 0.0009890
v -0.0012871 0.1297248 0.0008600
v -0.0016447 0.1299481 0.0006813
v -0.0014302 0.1297496 0.0005924
v -0.0017460 0.1299729 0.0003473
v -0.0015183 0.1297744 0.0003020
v -0.0017802 0.1299977 0.0000000
v -0.0015480 0.1297993 0.0000000
v -0.0017460 0.1300225 -0.0003473
v -0.0015183 0.1298241 -0.0003020
v -0.0016447 0.1300473 -0.0006813
v -0.0014302 0.1298489 -0.0005924
v -0.0014802 0.1300721 -0.0009890
v -0.0012871 0.1298737 -0.0008600
v -0.0012588 0.1300969 -0.0012588
v -0.0010946 0.1298985 -0.0010946
v -0.0009890 0.1301217 -0.0014802
v -0.0008600 0.1299233 -0.0012871
v -0.0006813 0.1301465 -0.0016447
v -0.0005924 0.1299481 -0.0014302
v -0.0003473 0.1301713 -0.0017460
v -0.0003020 0.1299729 -0.0015183
v -0.0000000 0.1301962 -0.0017802
v -0.0000000 0.1299977 -0.0015480
v 0.0003473 0.1302210 -0.0017460
v 0.0003020 0.1300225 -0.0015183
v 0.0006813 0.1302458 -0.0016447
v 0.0005924 0.1300473 -0.0014302
v 0.0009890 0.1302706 -0.0014802
v 0.0008600 0.1300721 -0.0012871
v 0.0012588 0.1302954 -0.0012588
v 0.0010946 0.1300970 -0.0010946
v 0.0014802 0.1303202 -0.0009890
v 0.0012871 0.1301218 -0.0008600
v 0.0016447 0.1303450 -0.0006813
v 0.0014302 0.1301466 -0.0005924
v 0.0017460 0.1303698 -0.0003473
v 0.0015183 0.1301714 -0.0003020
v 0.0017802 0.1303946 -0.0000000
v 0.0015480 0.1301962 -0.0000000
v 0.0017460 0.1304194 0.0003473
v 0.0015183 0.1302210 0.0003020
v 0.0016447 0.1304442 0.0006813
v 0.0014302 0.1302458 0.0005924
v 0.0014802 0.1304691 0.0009890
v 0.0012871 0.1302706 0.0008600
v 0.0012588 0.1304939 0.0012588
v 0.0010946 0.1302954 0.0010946
v 0.0009890 0.1305187 0.0014802
v 0.0008600 0.1303202 0.0012871
v 0.0006813 0.1305435 0.0016447
v 0.0005924 0.1303450 0.0014302
v 0.0003473 0.1305683 0.0017460
v 0.0003020 0.1303699 0.0015183
v -0.0000000 0.1305931 0.0017802
v -0.0000000 0.1303947 0.0015480
v -0.0003473 0.1306179 0.0017460
v -0.0003020 0.1304195 0.0015183
v -0.0006813 0.1306427 0.0016447
v -0.0005924 0.1304443 0.0014302
v -0.0009890 0.1306675 0.0014802
v -0.0008600 0.1304691 0.0012871
v -0.0012588 0.1306923 0.0012588
v -0.0010946 0.1304939 0.0010946
v -0.0014802 0.1307171 0.0009890
v -0.0012871 0.1305187 0.0008600
v -0.0016447 0.1307420 0.0006813
v -0.0014302 0.1305435 0.0005924
v -0.0017460 0.1307668 0.0003473
v -0.0015183 0.1305683 0.0003020
v -0.0017802 0.1307916 0.0000000
v -0.0015480 0.1305931 0.0000000
v -0.0017460 0.1308164 -0.0003473
v -0.0015183 0.1306179 -0.0003020
v -0.0016447 0.1308412 -0.0006813
v -0.0014302 0.1306427 -0.0005924
v -0.0014802 0.1308660 -0.0009890
v -0.0012871 0.1306676 -0.0008600
v -0.0012588 0.1308908 -0.0012588
v -0.0010946 0.1306924 -0.0010946
v -0.0009890 0.1309156 -0.0014802
v -0.0008600 0.1307172 -0.0012871
v -0.0006813 0.1309404 -0.0016447
v -0.0005924 0.1307420 -0.0014302
v -0.0003473 0.1309652 -0.0017460
v -0.0003020 0.1307668 -0.0015183
v -0.0000000 0.1309900 -0.0017802
v -0.0000000 0.1307916 -0.0015480
v 0.0003473 0.1310148 -0.0017460
v 0.0003020 0.1308164 -0.0015183
v 0.0006813 0.1310397 -0.0016447
v 0.0005924 0.1308412 -0.0014302
v 0.0009890 0.1310645 -0.0014802
v 0.0008600 0.1308660 -0.0012871
v 0.0012588 0.1310893 -0.0012588
v 0.0010946 0.1308908 -0.0010946
v 0.0014802 0.1311141 -0.0009890
v 0.0012871 0.1309156 -0.0008600
v 0.0016447 0.1311389 -0.0006813
v 0.0014302 0.1309405 -0.0005924
v 0.0017460 0.1311637 -0.0003473
v 0.0015183 0.1309653 -0.0003020
v 0.0017802 0.1311885 -0.0000000
v 0.0015480 0.1309901 -0.0000000
v 0.0017460 0.1312133 0.0003473
v 0.0015183 0.1310149 0.0003020
v 0.0016447 0.1312381 0.0006813
v 0.0014302 0.1310397 0.0005924
v 0.0014802 0.1312629 0.0009890
v 0.0012871 0.1310645 0.0008600
v 0.0012588 0.1312877 0.0012588
v 0.0010946 0.1310893 0.0010946
v 0.0009890 0.1313126 0.0014802
v 0.0008600 0.1311141 0.0012871
v 0.0006813 0.1313374 0.0016447
v 0.0005924 0.1311389 0.0014302
v 0.0003473 0.1313622 0.0017460
v 0.0003020 0.1311637 0.0015183
v -0.0000000 0.1313870 0.0017802
v -0.0000000 0.1311885 0.0015480
v -0.0003473 0.1314118 0.0017460
v -0.0003020 0.1312133 0.0015183
v -0.0006813 0.1314366 0.0016447
v -0.0005924 0.1312382 0.0014302
v -0.0009890 0.1314614 0.0014802
v -0.0008600 0.1312630 0.0012871
v -0.0012588 0.1314862 0.0012588
v -0.0010946 0.1312878 0.0010946
v -0.0014802 0.1315110 0.0009890
v -0.0012871 0.1313126 0.0008600
v -0.0016447 0.1315358 0.0006813
v -0.0014302 0.1313374 0.0005924
v -0.0017460 0.1315606 0.0003473
v -0.0015183 0.1313622 0.0003020
v -0.0017802 0.1315854 0.0000000
v -0.0015480 0.1313870 0.0000000
v -0.0017460 0.1316103 -0.0003473
v -0.0015183 0.1314118 -0.0003020
v -0.0016447 0.1316351 -0.0006813
v -0.0014302 0.1314366 -0.0005924
v -0.0014802 0.1316599 -0.0009890
v -0.0012871 0.1314614 -0.0008600
v -0.0012588 0.1316847 -0.0012588
v -0.0010946 0.1314862 -0.0010946
v -0.0009890 0.1317095 -0.0014802
v -0.0008600 0.1315111 -0.0012871
v -0.0006813 0.1317343 -0.0016447
v -0.0005924 0.1315359 -0.0014302
v -0.0003473 0.1317591 -0.0017460
v -0.0003020 0.1315607 -0.0015183
v -0.0000000 0.1317839 -0.0017802
v -0.0000000 0.1315855 -0.0015480
v 0.0003473 0.1318087 -0.0017460
v 0.0003020 0.1316103 -0.0015183
v 0.0006813 0.1318335 -0.0016447
v 0.0005924 0.1316351 -0.0014302
v 0.0009890 0.1318583 -0.0014802
v 0.0008600 0.1316599 -0.0012871
v 0.0012588 0.1318832 -0.0012588
v 0.0010946 0.1316847 -0.0010946
v 0.0014802 0.1319080 -0.0009890
v 0.0012871 0.1317095 -0.0008600
v 0.0016447 0.1319328 -0.0006813
v 0.0014302 0.1317343 -0.0005924
v 0.0017460 0.1319576 -0.0003473
v 0.0015183 0.1317591 -0.0003020
v 0.0017802 0.1319824 0.0000000
v 0.0015480 0.1317839 0.0000000
v 0.0017460 0.1320072 0.0003473
v 0.0015183 0.1318088 0.0003020
v 0.0016447 0.1320320 0.0006813
v 0.0014302 0.1318336 0.0005924
v 0.0014802 0.1320568 0.0009890
v 0.0012871 0.1318584 0.0008600
v 0.0012588 0.1320816 0.0012588
v 0.0010946 0.1318832 0.0010946
v 0.0009890 0.1321064 0.0014802
v 0.0008600 0.1319080 0.0012871
v 0.0006813 0.1321312 0.0016447
v 0.0005924 0.1319328 0.0014302
v 0.0003473 0.1321560 0.0017460
v 0.0003020 0.1319576 0.0015183
v 0.0000000 0.1321809 0.0017802
v 0.0000000 0.1319824 0.0015480
v -0.0003473 0.1322057 0.0017460
v -0.0003020 0.1320072 0.0015183
v -0.0006813 0.1322305 0.0016447
v -0.0005924 0.1320320 0.0014302
v -0.0009890 0.1322553 0.0014802
v -0.0008600 0.1320568 0.0012871
v -0.0012588 0.1322801 0.0012588
v -0.0010946 0.1320817 0.0010946
v -0.0014802 0.1323049 0.0009890
v -0.0012871 0.1321065 0.0008600
v -0.0016447 0.1323297 0.0006813
v -0.0014302 0.1321313 0.0005924
v -0.0017460 0.1323545 0.0003473
v -0.0015183 0.1321561 0.0003020
v -0.0017802 0.1323793 0.0000000
v -0.0015480 0.1321809 0.0000000
v -0.0017460 0.1324041 -0.0003473
v -0.0015183 0.1322057 -0.0003020
v -0.0016447 0.1324289 -0.0006813
v -0.0014302 0.1322305 -0.0005924
v -0.0014802 0.1324538 -0.0009890
v -0.0012871 0.1322553 -0.0008600
v -0.0012588 0.1324786 -0.0012588
v -0.0010946 0.1322801 -0.0010946
v -0.0009890 0.1325034 -0.0014802
v -0.0008600 0.1323049 -0.0012871
v -0.0006813 0.1325282 -0.0016447
v -0.0005924 0.1323297 -0.0014302
v -0.0003473 0.1325530 -0.0017460
v -0.0003020 0.1323545 -0.0015183
v -0.0000000 0.1325778 -0.0017802
v -0.0000000 0.1323794 -0.0015480
v 0.0003473 0.1326026 -0.0017460
v 0.0003020 0.1324042 -0.0015183
v 0.0006813 0.1326274 -0.0016447
v 0.0005924 0.1324290 -0.0014302
v 0.0009890 0.1326522 -0.0014802
v 0.0008600 0.1324538 -0.0012871
v 0.0012588 0.1326770 -0.0012588
v 0.0010946 0.1324786 -0.0010946
v 0.0014802 0.1327018 -0.0009890
v 0.0012871 0.1325034 -0.0008600
v 0.0016447 0.1327266 -0.0006813
v 0.0014302 0.1325282 -0.0005924
v 0.0017460 0.1327515 -0.0003473
v 0.0015183 0.1325530 -0.0003020
v 0.0017802 0.1327763 0.0000000
v 0.0015480 0.1325778 0.0000000
v 0.0017460 0.1328011 0.0003473
v 0.0015183 0.1326026 0.0003020
v 0.0016447 0.1328259 0.0006813
v 0.0014302 0.1326274 0.0005924
v 0.0014802 0.1328507 0.0009890
v 0.0012871 0.1326523 0.0008600
v 0.0012588 0.1328755 0.0012588
v 0.0010946 0.1326771 0.0010946
v 0.0009890 0.1329003 0.0014802
v 0.0008600 0.1327019 0.0012871
v 0.0006813 0.1329251 0.0016447
v 0.0005924 0.1327267 0.0014302
v 0.0003473 0.1329499 0.0017460
v 0.0003020 0.1327515 0.0015183
v 0.0000000 0.1329747 0.0017802
v 0.0000000 0.1327763 0.0015480
v -0.0003473 0.1329995 0.0017460
v -0.0003020 0.1328011 0.0015183
v -0.0006813 0.1330244 0.0016447
v -0.0005924 0.1328259 0.0014302
v -0.0009890 0.1330492 0.0014802
v -0.0008600 0.1328507 0.0012871
v -0.0012588 0.1330740 0.0012588
v -0.0010946 0.1328755 0.0010946
v -0.0014802 0.1330988 0.0009890
v -0.0012871 0.1329003 0.0008600
v -0.0016447 0.1331236 0.0006813
v -0.0014302 0.1329252 0.0005924
v -0.0017460 0.1331484 0.0003473
v -0.0015183 0.1329500 0.0003020
v -0.0017802 0.1331732 0.0000000
v -0.0015480 0.1329748 0.0000000
v -0.0017460 0.1331980 -0.0003473
v -0.0015183 0.1329996 -0.0003020
v -0.0016447 0.1332228 -0.0006813
v -0.0014302 0.1330244 -0.0005924
v -0.0014802 0.1332476 -0.0009890
v -0.0012871 0.1330492 -0.0008600
v -0.0012588 0.1332724 -0.0012588
v -0.0010946 0.1330740 -0.0010946
v -0.0009890 0.1332972 -0.0014802
v -0.0008600 0.1330988 -0.0012871
v -0.0006813 0.1333221 -0.0016447
v -0.0005924 0.1331236 -0.0014302
v -0.0003473 0.1333469 -0.0017460
v -0.0003020 0.1331484 -0.0015183
v -0.0000000 0.1333717 -0.0017802
v -0.0000000 0.1331732 -0.0015480
v 0.0003473 0.1333965 -0.0017460
v 0.0003020 0.1331980 -0.0015183
v 0.0006813 0.1334213 -0.0016447
v 0.0005924 0.1332229 -0.0014302
v 0.0009890 0.1334461 -0.0014802
v 0.0008600 0.1332477 -0.0012871
v 0.0012588 0.1334709 -0.0012588
v 0.0010946 0.1332725 -0.0010946
v 0.0014802 0.1334957 -0.0009890
v 0.0012871 0.1332973 -0.0008600
v 0.0016447 0.1335205 -0.0006813
v 0.0014302 0.1333221 -0.0005924
v 0.0017460 0.1335453 -0.0003473
v 0.0015183 0.1333469 -0.0003020
v 0.0017802 0.1335701 0.0000000
v 0.0015480 0.1333717 0.0000000
v 0.0017460 0.1335950 0.0003473
v 0.0015183 0.1333965 0.0003020
v 0.0016447 0.1336198 0.0006813
v 0.0014302 0.1334213 0.0005924
v 0.0014802 0.1336446 0.0009890
v 0.0012871 0.1334461 0.0008600
v 0.0012588 0.1336694 0.0012588
v 0.0010946 0.1334709 0.0010946
v 0.0009890 0.1336942 0.0014802
v 0.0008600 0.1334958 0.0012871
v 0.0006813 0.1337190 0.0016447
v 0.0005924 0.1335206 0.0014302
v 0.0003473 0.1337438 0.0017460
v 0.0003020 0.1335454 0.0015183
v 0.0000000 0.1337686 0.0017802
v 0.0000000 0.1335702 0.0015480
v -0.0003473 0.1337934 0.0017460
v -0.0003020 0.1335950 0.0015183
v -0.0006813 0.1338182 0.0016447
v -0.0005924 0.1336198 0.0014302
v -0.0009890 0.1338430 0.0014802
v -0.0008600 0.1336446 0.0012871
v -0.0012588 0.1338678 0.0012588
v -0.0010946 0.1336694 0.0010946
v -0.0014802 0.1338927 0.0009890
v -0.0012871 0.1336942 0.0008600
v -0.0016447 0.1339175 0.0006813
v -0.0014302 0.1337190 0.0005924
v -0.0017460 0.1339423 0.0003473
v -0.0015183 0.1337438 0.0003020
v -0.0017802 0.1339671 0.0000000
v -0.0015480 0.1337686 0.0000000
v -0.0017460 0.1339919 -0.0003473
v -0.0015183 0.1337935 -0.0003020
v -0.0016447 0.1340167 -0.0006813
v -0.0014302 0.1338183 -0.0005924
v -0.0014802 0.1340415 -0.0009890
v -0.0012871 0.1338431 -0.0008600
v -0.0012588 0.1340663 -0.0012588
v -0.0010946 0.1338679 -0.0010946
v -0.0009890 0.1340911 -0.0014802
v -0.0008600 0.1338927 -0.0012871
v -0.0006813 0.1341159 -0.0016447
v -0.0005924 0.1339175 -0.0014302
v -0.0003473 0.1341407 -0.0017460
v -0.0003020 0.1339423 -0.0015183
v 0.0000000 0.1341656 -0.0017802
v 0.0000000 0.1339671 -0.0015480
v 0.0003473 0.1341904 -0.0017460
v 0.0003020 0.1339919 -0.0015183
v 0.0006813 0.1342152 -0.0016447
v 0.0005924 0.1340167 -0.0014302
v 0.0009890 0.1342400 -0.0014802
v 0.0008600 0.1340415 -0.0012871
v 0.0012588 0.1342648 -0.0012588
v 0.0010946 0.1340664 -0.0010946
v 0.0014802 0.1342896 -0.0009890
v 0.0012871 0.1340912 -0.0008600
v 0.0016447 0.1343144 -0.0006813
v 0.0014302 0.1341160 -0.0005924
v 0.0017460 0.1343392 -0.0003473
v 0.0015183 0.1341408 -0.0003020
v 0.0017802 0.1343640 -0.0000000
v 0.0015480 0.1341656 -0.0000000
v 0.0017460 0.1343888 0.0003473
v 0.0015183 0.1341904 0.0003020
v 0.0016447 0.1344136 0.0006813
v 0.0014302 0.1342152 0.0005924
v 0.0014802 0.1344385 0.0009890
v 0.0012871 0.1342400 0.0008600
v 0.0012588 0.1344633 0.0012588
v 0.0010946 0.1342648 0.0010946
v 0.0009890 0.1344881 0.0014802
v 0.0008600 0.1342896 0.0012871
v 0.0006813 0.1345129 0.0016447
v 0.0005924 0.1343144 0.0014302
v 0.0003473 0.1345377 0.0017460
v 0.0003020 0.1343392 0.0015183
v 0.0000000 0.1345625 0.0017802
v 0.0000000 0.1343641 0.0015480
v -0.0003473 0.1345873 0.0017460
v -0.0003020 0.1343889 0.0015183
v -0.0006813 0.1346121 0.0016447
v -0.0005924 0.1344137 0.0014302
v -0.0009890 0.1346369 0.0014802
v -0.0008600 0.1344385 0.0012871
v -0.0012588 0.1346617 0.0012588
v -0.0010946 0.1344633 0.0010946
v -0.0014802 0.1346865 0.0009890
v -0.0012871 0.1344881 0.0008600
v -0.0016447 0.1347113 0.0006813
v -0.0014302 0.1345129 0.0005924
v -0.0017460 0.1347362 0.0003473
v -0.0015183 0.1345377 0.0003020
v -0.0017802 0.1347610 0.0000000
v -0.0015480 0.1345625 0.0000000
v -0.0017460 0.1347858 -0.0003473
v -0.0015183 0.1345873 -0.0003020
v -0.0016447 0.1348106 -0.0006813
v -0.0014302 0.1346121 -0.0005924
v -0.0014802 0.1348354 -0.0009890
v -0.0012871 0.1346370 -0.0008600
v -0.0012588 0.1348602 -0.0012588
v -0.0010946 0.1346618 -0.0010946
v -0.0009890 0.1348850 -0.0014802
v -0.0008600 0.1346866 -0.0012871
v -0.0006813 0.1349098 -0.0016447
v -0.0005924 0.1347114 -0.0014302
v -0.0003473 0.1349346 -0.0017460
v -0.0003020 0.1347362 -0.0015183
v 0.0000000 0.1349594 -0.0017802
v 0.0000000 0.1347610 -0.0015480
v 0.0003473 0.1349842 -0.0017460
v 0.0003020 0.1347858 -0.0015183
v 0.0006813 0.1350091 -0.0016447
v 0.0005924 0.1348106 -0.0014302
v 0.0009890 0.1350339 -0.0014802
v 0.0008600 0.1348354 -0.0012871
v 0.0012588 0.1350587 -0.0012588
v 0.0010946 0.1348602 -0.0010946
v 0.0014802 0.1350835 -0.0009890
v 0.0012871 0.1348850 -0.0008600
v 0.0016447 0.1351083 -0.0006813
v 0.0014302 0.1349098 -0.0005924
v 0.0017460 0.1351331 -0.0003473
v 0.0015183 0.1349347 -0.0003020
v 0.0017802 0.1351579 -0.0000000
v 0.0015480 0.1349595 -0.0000000
v 0.0017460 0.1351827 0.0003473
v 0.0015183 0.1349843 0.0003020
v 0.0016447 0.1352075 0.0006813
v 0.0014302 0.1350091 0.0005924
v 0.0014802 0.1352323 0.0009890
v 0.0012871 0.1350339 0.0008600
v 0.0012588 0.1352571 0.0012588
v 0.0010946 0.1350587 0.0010946
v 0.0009890 0.1352819 0.0014802
v 0.0008600 0.1350835 0.0012871
v 0.0006813 0.1353068 0.0016447
v 0.0005924 0.1351083 0.0014302
v 0.0003473 0.1353316 0.0017460
v 0.0003020 0.1351331 0.0015183
v 0.0000000 0.1353564 0.0017802
v 0.0000000 0.1351579 0.0015480
v -0.0003473 0.1353812 0.0017460
v -0.0003020 0.1351827 0.0015183
v -0.0006813 0.1354060 0.0016447
v -0.0005924 0.1352076 0.0014302
v -0.0009890 0.1354308 0.0014802
v -0.0008600 0.1352324 0.0012871
v -0.0012588 0.1354556 0.0012588
v -0.0010946 0.1352572 0.0010946
v -0.0014802 0.1354804 0.0009890
v -0.0012871 0.1352820 0.0008600
v -0.0016447 0.1355052 0.0006813
v -0.0014302 0.1353068 0.0005924
v -0.0017460 0.1355300 0.0003473
v -0.0015183 0.1353316 0.0003020
v -0.0017802 0.1355548 0.0000000
v -0.0015480 0.1353564 0.0000000
v -0.0017460 0.1355797 -0.0003473
v -0.0015183 0.1353812 -0.0003020
v -0.0016447 0.1356045 -0.0006813
v -0.0014302 0.1354060 -0.0005924
v -0.0014802 0.1356293 -0.0009890
v -0.0012871 0.1354308 -0.0008600
v -0.0012588 0.1356541 -0.0012588
v -0.0010946 0.1354556 -0.0010946
v -0.0009890 0.1356789 -0.0014802
v -0.0008600 0.1354804 -0.0012871
v -0.0006813 0.1357037 -0.0016447
v -0.0005924 0.1355053 -0.0014302
v -0.0003473 0.1357285 -0.0017460
v -0.0003020 0.1355301 -0.0015183
v 0.0000000 0.1357533 -0.0017802
v 0.0000000 0.1355549 -0.0015480
v 0.0003473 0.1357781 -0.0017460
v 0.0003020 0.1355797 -0.0015183
v 0.0006813 0.1358029 -0.0016447
v 0.0005924 0.1356045 -0.0014302
v 0.0009890 0.1358277 -0.0014802
v 0.0008600 0.1356293 -0.0012871
v 0.0012588 0.1358525 -0.0012588
v 0.0010946 0.1356541 -0.0010946
v 0.0014802 0.1358774 -0.0009890
v 0.0012871 0.1356789 -0.0008600
v 0.0016447 0.1359022 -0.0006813
v 0.0014302 0.1357037 -0.0005924
v 0.0017460 0.1359270 -0.0003473
v 0.0015183 0.1357285 -0.0003020
v 0.0017802 0.1359518 -0.0000000
v 0.0015480 0.1357533 -0.0000000
v 0.0017460 0.1359766 0.0003473
v 0.0015183 0.1357782 0.0003020
v 0.0016447 0.1360014 0.0006813
v 0.0014302 0.1358030 0.0005924
v 0.0014802 0.1360262 0.0009890
v 0.0012871 0.1358278 0.0008600
v 0.0012588 0.1360510 0.0012588
v 0.0010946 0.1358526 0.0010946
v 0.0009890 0.1360758 0.0014802
v 0.0008600 0.1358774 0.0012871
v 0.0006813 0.1361006 0.0016447
v 0.0005924 0.1359022 0.0014302
v 0.0003473 0.1361254 0.0017460
v 0.0003020 0.1359270 0.0015183
v 0.0000000 0.1361503 0.0017802
v 0.0000000 0.1359518 0.0015480
v -0.0003473 0.1361751 0.0017460
v -0.0003020 0.1359766 0.0015183
v -0.0006813 0.1361999 0.0016447
v -0.0005924 0.1360014 0.0014302
v -0.0009890 0.1362247 0.0014802
v -0.0008600 0.1360262 0.0012871
v -0.0012588 0.1362495 0.0012588
v -0.0010946 0.1360510 0.0010946
v -0.0014802 0.1362743 0.0009890
v -0.0012871 0.1360759 0.0008600
v -0.0016447 0.1362991 0.0006813
v -0.0014302 0.1361007 0.0005924
v -0.0017460 0.1363239 0.0003473
v -0.0015183 0.1361255 0.0003020
v -0.0017802 0.1363487 -0.0000000
v -0.0015480 0.1361503 -0.0000000
v -0.0017460 0.1363735 -0.0003473
v -0.0015183 0.1361751 -0.0003020
v -0.0016447 0.1363983 -0.0006813
v -0.0014302 0.1361999 -0.0005924
v -0.0014802 0.1364231 -0.0009890
v -0.0012871 0.1362247 -0.0008600
v -0.0012588 0.1364480 -0.0012588
v -0.0010946 0.1362495 -0.0010946
v -0.0009890 0.1364728 -0.0014802
v -0.0008600 0.1362743 -0.0012871
v -0.0006813 0.1364976 -0.0016447
v -0.0005924 0.1362991 -0.0014302
v -0.0003473 0.1365224 -0.0017460
v -0.0003020 0.1363239 -0.0015183
v -0.0000000 0.1365472 -0.0017802
v -0.0000000 0.1363488 -0.0015480
v 0.0003473 0.1365720 -0.0017460
v 0.0003020 0.1363736 -0.0015183
v 0.0006813 0.1365968 -0.0016447
v 0.0005924 0.1363984 -0.0014302
v 0.0009890 0.1366216 -0.0014802
v 0.0008600 0.1364232 -0.0012871
v 0.0012588 0.1366464 -0.0012588
v 0.0010946 0.1364480 -0.0010946
v 0.0014802 0.1366712 -0.0009890
v 0.0012871 0.1364728 -0.0008600
v 0.0016447 0.1366960 -0.0006813
v 0.0014302 0.1364976 -0.0005924
v 0.0017460 0.1367209 -0.0003473
v 0.0015183 0.1365224 -0.0003020
v 0.0017802 0.1367457 -0.0000000
v 0.0015480 0.1365472 -0.0000000
v 0.0017460 0.1367705 0.0003473
v 0.0015183 0.1365720 0.0003020
v 0.0016447 0.1367953 0.0006813
v 0.0014302 0.1365968 0.0005924
v 0.0014802 0.1368201 0.0009890
v 0.0012871 0.1366217 0.0008600
v 0.0012588 0.1368449 0.0012588
v 0.0010946 0.1366465 0.0010946
v 0.0009890 0.1368697 0.0014802
v 0.0008600 0.1366713 0.0012871
v 0.0006813 0.1368945 0.0016447
v 0.0005924 0.1366961 0.0014302
v 0.0003473 0.1369193 0.0017460
v 0.0003020 0.1367209 0.0015183
v 0.0000000 0.1369441 0.0017802
v 0.0000000 0.1367457 0.0015480
v -0.0003473 0.1369689 0.0017460
v -0.0003020 0.1367705 0.0015183
v -0.0006813 0.1369937 0.0016447
v -0.0005924 0.1367953 0.0014302
v -0.0009890 0.1370186 0.0014802
v -0.0008600 0.1368201 0.0012871
v -0.0012588 0.1370434 0.0012588
v -0.0010946 0.1368449 0.0010946
v -0.0014802 0.1370682 0.0009890
v -0.0012871 0.1368697 0.0008600
v -0.0016447 0.1370930 0.0006813
v -0.0014302 0.1368945 0.0005924
v -0.0017460 0.1371178 0.0003473
v -0.0015183 0.1369194 0.0003020
v -0.0017802 0.1371426 -0.0000000
v -0.0015480 0.1369442 -0.0000000
v -0.0017460 0.1371674 -0.0003473
v -0.0015183 0.1369690 -0.0003020
v -0.0016447 0.1371922 -0.0006813
v -0.0014302 0.1369938 -0.0005924
v -0.0014802 0.1372170 -0.0009890
v -0.0012871 0.1370186 -0.0008600
v -0.0012588 0.1372418 -0.0012588
v -0.0010946 0.1370434 -0.0010946
v -0.0009890 0.1372666 -0.0014802
v -0.0008600 0.1370682 -0.0012871
v -0.0006813 0.1372915 -0.0016447
v -0.0005924 0.1370930 -0.0014302
v -0.0003473 0.1373163 -0.0017460
v -0.0003020 0.1371178 -0.0015183
v -0.0000000 0.1373411 -0.0017802
v -0.0000000 0.1371426 -0.0015480
v 0.0003473 0.1373659 -0.0017460
v 0.0003020 0.1371674 -0.0015183
v 0.0006813 0.1373907 -0.0016447
v 0.0005924 0.1371923 -0.0014302
v 0.0009890 0.1374155 -0.0014802
v 0.0008600 0.1372171 -0.0012871
v 0.0012588 0.1374403 -0.0012588
v 0.0010946 0.1372419 -0.0010946
v 0.0014802 0.1374651 -0.0009890
v 0.0012871 0.1372667 -0.0008600
v 0.0016447 0.1374899 -0.0006813
v 0.0014302 0.1372915 -0.0005924
v 0.0017460 0.1375147 -0.0003473
v 0.0015183 0.1373163 -0.0003020
v 0.0017802 0.1375395 -0.0000000
v 0.0015480 0.1373411 -0.0000000
v 0.0017460 0.1375643 0.0003473
v 0.0015183 0.1373659 0.0003020
v 0.0016447 0.1375892 0.0006813
v 0.0014302 0.1373907 0.0005924
v 0.0014802 0.1376140 0.0009890
v 0.0012871 0.1374155 0.0008600
v 0.0012588 0.1376388 0.0012588
v 0.0010946 0.1374403 0.0010946
v 0.0009890 0.1376636 0.0014802
v 0.0008600 0.1374651 0.0012871
v 0.0006813 0.1376884 0.0016447
v 0.0005924 0.1374900 0.0014302
v 0.0003473 0.1377132 0.0017460
v 0.0003020 0.1375148 0.0015183
v 0.0000000 0.1377380 0.0017802
v 0.0000000 0.1375396 0.0015480
v -0.0003473 0.1377628 0.0017460
v -0.0003020 0.1375644 0.0015183
v -0.0006813 0.1377876 0.0016447
v -0.0005924 0.1375892 0.0014302
v -0.0009890 0.1378124 0.0014802
v -0.0008600 0.1376140 0.0012871
v -0.0012588 0.1378372 0.0012588
v -0.0010946 0.1376388 0.0010946
v -0.0014802 0.1378621 0.0009890
v -0.0012871 0.1376636 0.0008600
v -0.0016447 0.1378869 0.0006813
v -0.0014302 0.1376884 0.0005924
v -0.0017460 0.1379117 0.0003473
v -0.0015183 0.1377132 0.0003020
v -0.0017802 0.1379365 -0.0000000
v -0.0015480 0.1377380 -0.0000000
v -0.0017460 0.1379613 -0.0003473
v -0.0015183 0.1377629 -0.0003020
v -0.0016447 0.1379861 -0.0006813
v -0.0014302 0.1377877 -0.0005924
v -0.0014802 0.1380109 -0.0009890
v -0.0012871 0.1378125 -0.0008600
v -0.0012588 0.1380357 -0.0012588
v -0.0010946 0.1378373 -0.0010946
v -0.0009890 0.1380605 -0.0014802
v -0.0008600 0.1378621 -0.0012871
v -0.0006813 0.1380853 -0.0016447
v -0.0005924 0.1378869 -0.0014302
v -0.0003473 0.1381101 -0.0017460
v -0.0003020 0.1379117 -0.0015183
v -0.0000000 0.1381350 -0.0017802
v -0.0000000 0.1379365 -0.0015480
v 0.0003473 0.1381598 -0.0017460
v 0.0003020 0.1379613 -0.0015183
v 0.0006813 0.1381846 -0.0016447
v 0.0005924 0.1379861 -0.0014302
v 0.0009890 0.1382094 -0.0014802
v 0.0008600 0.1380109 -0.0012871
v 0.0012588 0.1382342 -0.0012588
v 0.0010946 0.1380357 -0.0010946
v 0.0014802 0.1382590 -0.0009890
v 0.0012871 0.1380606 -0.0008600
v 0.0016447 0.1382838 -0.0006813
v 0.0014302 0.1380854 -0.0005924
v 0.0017460 0.1383086 -0.0003473
v 0.0015183 0.1381102 -0.0003020
v 0.0017802 0.1383334 -0.0000000
v 0.0015480 0.1381350 -0.0000000
v 0.0017460 0.1383582 0.0003473
v 0.0015183 0.1381598 0.0003020
v 0.0016447 0.1383830 0.0006813
v 0.0014302 0.1381846 0.0005924
v 0.0014802 0.1384078 0.0009890
v 0.0012871 0.1382094 0.0008600
v 0.0012588 0.1384327 0.0012588
v 0.0010946 0.1382342 0.0010946
v 0.0009890 0.1384575 0.0014802
v 0.0008600 0.1382590 0.0012871
v 0.0006813 0.1384823 0.0016447
v 0.0005924 0.1382838 0.0014302
v 0.0003473 0.1385071 0.0017460
v 0.0003020 0.1383086 0.0015183
v -0.0000000 0.1385319 0.0017802
v -0.0000000 0.1383335 0.0015480
v -0.0003473 0.1385567 0.0017460
v -0.0003020 0.1383583 0.0015183
v -0.0006813 0.1385815 0.0016447
v -0.0005924 0.1383831 0.0014302
v -0.0009890 0.1386063 0.0014802
v -0.0008600 0.1384079 0.0012871
v -0.0012588 0.1386311 0.0012588
v -0.0010946 0.1384327 0.0010946
v -0.0014802 0.1386559 0.0009890
v -0.0012871 0.1384575 0.0008600
v -0.0016447 0.1386807 0.0006813
v -0.0014302 0.1384823 0.0005924
v -0.0017460 0.1387056 0.0003473
v -0.0015183 0.1385071 0.0003020
v -0.0017802 0.1387304 0.0000000
v -0.0015480 0.1385319 0.0000000
v -0.0017460 0.1387552 -0.0003473
v -0.0015183 0.1385567 -0.0003020
v -0.0016447 0.1387800 -0.0006813
v -0.0014302 0.1385815 -0.0005924
v -0.0014802 0.1388048 -0.0009890
v -0.0012871 0.1386063 -0.0008600
v -0.0012588 0.1388296 -0.0012588
v -0.0010946 0.1386312 -0.0010946
v -0.0009890 0.1388544 -0.0014802
v -0.0008600 0.1386560 -0.0012871
v -0.0006813 0.1388792 -0.0016447
v -0.0005924 0.1386808 -0.0014302
v -0.0003473 0.1389040 -0.0017460
v -0.0003020 0.1387056 -0.0015183
v -0.0000000 0.1389288 -0.0017802
v -0.0000000 0.1387304 -0.0015480
v 0.0003473 0.1389536 -0.0017460
v 0.0003020 0.1387552 -0.0015183
v 0.0006813 0.1389784 -0.0016447
v 0.0005924 0.1387800 -0.0014302
v 0.0009890 0.1390033 -0.0014802
v 0.0008600 0.1388048 -0.0012871
v 0.0012588 0.1390281 -0.0012588
v 0.0010946 0.1388296 -0.0010946
v 0.0014802 0.1390529 -0.0009890
v 0.0012871 0.1388544 -0.0008600
v 0.0016447 0.1390777 -0.0006813
v 0.0014302 0.1388792 -0.0005924
v 0.0017460 0.1391025 -0.0003473
v 0.0015183 0.1389041 -0.0003020
v 0.0017802 0.1391273 -0.0000000
v 0.0015480 0.1389289 -0.0000000
v 0.0017460 0.1391521 0.0003473
v 0.0015183 0.1389537 0.0003020
v 0.0016447 0.1391769 0.0006813
v 0.0014302 0.1389785 0.0005924
v 0.0014802 0.1392017 0.0009890
v 0.0012871 0.1390033 0.0008600
v 0.0012588 0.1392265 0.0012588
v 0.0010946 0.1390281 0.0010946
v 0.0009890 0.1392513 0.0014802
v 0.0008600 0.1390529 0.0012871
v 0.0006813 0.1392762 0.0016447
v 0.0005924 0.1390777 0.0014302
v 0.0003473 0.1393010 0.0017460
v 0.0003020 0.1391025 0.0015183
v -0.0000000 0.1393258 0.0017802
v -0.0000000 0.1391273 0.0015480
v -0.0003473 0.1393506 0.0017460
v -0.0003020 0.1391521 0.0015183
v -0.0006813 0.1393754 0.0016447
v -0.0005924 0.1391769 0.0014302
v -0.0009890 0.1394002 0.0014802
v -0.0008600 0.1392018 0.0012871
v -0.0012588 0.1394250 0.0012588
v -0.0010946 0.1392266 0.0010946
v -0.0014802 0.1394498 0.0009890
v -0.0012871 0.1392514 0.0008600
v -0.0016447 0.1394746 0.0006813
v -0.0014302 0.1392762 0.0005924
v -0.0017460 0.1394994 0.0003473
v -0.0015183 0.1393010 0.0003020
v -0.0017802 0.1395242 0.0000000
v -0.0015480 0.1393258 0.0000000
v -0.0017460 0.1395490 -0.0003473
v -0.0015183 0.1393506 -0.0003020
v -0.0016447 0.1395739 -0.0006813
v -0.0014302 0.1393754 -0.0005924
v -0.0014802 0.1395987 -0.0009890
v -0.0012871 0.1394002 -0.0008600
v -0.0012588 0.1396235 -0.0012588
v -0.0010946 0.1394250 -0.0010946
v -0.0009890 0.1396483 -0.0014802
v -0.0008600 0.1394498 -0.0012871
v -0.0006813 0.1396731 -0.0016447
v -0.0005924 0.1394747 -0.0014302
v -0.0003473 0.1396979 -0.0017460
v -0.0003020 0.1394995 -0.0015183
v -0.0000000 0.1397227 -0.0017802
v -0.0000000 0.1395243 -0.0015480
v 0.0003473 0.1397475 -0.0017460
v 0.0003020 0.1395491 -0.0015183
v 0.0006813 0.1397723 -0.0016447
v 0.0005924 0.1395739 -0.0014302
v 0.0009890 0.1397971 -0.0014802
v 0.0008600 0.1395987 -0.0012871
v 0.0012588 0.1398219 -0.0012588
v 0.0010946 0.1396235 -0.0010946
v 0.0014802 0.1398468 -0.0009890
v 0.0012871 0.1396483 -0.0008600
v 0.0016447 0.1398716 -0.0006813
v 0.0014302 0.1396731 -0.0005924
v 0.0017460 0.1398964 -0.0003473
v 0.0015183 0.1396979 -0.0003020
v 0.0017802 0.1399212 -0.0000000
v 0.0015480 0.1397227 -0.0000000
v 0.0017460 0.1399460 0.0003473
v 0.0015183 0.1397476 0.0003020
v 0.0016447 0.1399708 0.0006813
v 0.0014302 0.1397724 0.0005924
v 0.0014802 0.1399956 0.0009890
v 0.0012871 0.1397972 0.0008600
v 0.0012588 0.1400204 0.0012588
v 0.0010946 0.1398220 0.0010946
v 0.0009890 0.1400452 0.0014802
v 0.0008600 0.1398468 0.0012871
v 0.0006813 0.1400700 0.0016447
v 0.0005924 0.1398716 0.0014302
v 0.0003473 0.1400948 0.0017460
v 0.0003020 0.1398964 0.0015183
v -0.0000000 0.1401196 0.0017802
v -0.0000000 0.1399212 0.0015480
v -0.0003473 0.1401445 0.0017460
v -0.0003020 0.1399460 0.0015183
v -0.0006813 0.1401693 0.0016447
v -0.0005924 0.1399708 0.0014302
v -0.0009890 0.1401941 0.0014802
v -0.0008600 0.1399956 0.0012871
v -0.0012588 0.1402189 0.0012588
v -0.0010946 0.1400204 0.0010946
v -0.0014802 0.1402437 0.0009890
v -0.0012871 0.1400453 0.0008600
v -0.0016447 0.1402685 0.0006813
v -0.0014302 0.1400701 0.0005924
v -0.0017460 0.1402933 0.0003473
v -0.0015183 0.1400949 0.0003020
v -0.0017802 0.1403181 0.0000000
v -0.0015480 0.1401197 0.0000000
v -0.0017460 0.1403429 -0.0003473
v -0.0015183 0.1401445 -0.0003020
v -0.0016447 0.1403677 -0.0006813
v -0.0014302 0.1401693 -0.0005924
v -0.0014802 0.1403925 -0.0009890
v -0.0012871 0.1401941 -0.0008600
v -0.0012588 0.1404174 -0.0012588
v -0.0010946 0.1402189 -0.0010946
v -0.0009890 0.1404422 -0.0014802
v -0.0008600 0.1402437 -0.0012871
v -0.0006813 0.1404670 -0.0016447
v -0.0005924 0.1402685 -0.0014302
v -0.0003473 0.1404918 -0.0017460
v -0.0003020 0.1402933 -0.0015183
v -0.0000000 0.1405166 -0.0017802
v -0.0000000 0.1403182 -0.0015480
v 0.0003473 0.1405414 -0.0017460
v 0.0003020 0.1403430 -0.0015183
v 0.0006813 0.1405662 -0.0016447
v 0.0005924 0.1403678 -0.0014302
v 0.0009890 0.1405910 -0.0014802
v 0.0008600 0.1403926 -0.0012871
v 0.0012588 0.1406158 -0.0012588
v 0.0010946 0.1404174 -0.0010946
v 0.0014802 0.1406406 -0.0009890
v 0.0012871 0.1404422 -0.0008600
v 0.0016447 0.1406654 -0.0006813
v 0.0014302 0.1404670 -0.0005924
v 0.0017460 0.1406902 -0.0003473
v 0.0015183 0.1404918 -0.0003020
v 0.0017802 0.1407151 0.0000000
v 0.0015480 0.1405166 0.0000000
v 0.0017460 0.1407399 0.0003473
v 0.0015183 0.1405414 0.0003020
v 0.0016447 0.1407647 0.0006813
v 0.0014302 0.1405662 0.0005924
v 0.0014802 0.1407895 0.0009890
v 0.0012871 0.1405910 0.0008600
v 0.0012588 0.1408143 0.0012588
v 0.0010946 0.1406159 0.0010946
v 0.0009890 0.1408391 0.0014802
v 0.0008600 0.1406407 0.0012871
v 0.0006813 0.1408639 0.0016447
v 0.0005924 0.1406655 0.0014302
v 0.0003473 0.1408887 0.0017460
v 0.0003020 0.1406903 0.0015183
v 0.0000000 0.1409135 0.0017802
v 0.0000000 0.1407151 0.0015480
v -0.0003473 0.1409383 0.0017460
v -0.0003020 0.1407399 0.0015183
v -0.0006813 0.1409631 0.0016447
v -0.0005924 0.1407647 0.0014302
v -0.0009890 0.1409880 0.0014802
v -0.0008600 0.1407895 0.0012871
v -0.0012588 0.1410128 0.0012588
v -0.0010946 0.1408143 0.0010946
v -0.0014802 0.1410376 0.0009890
v -0.0012871 0.1408391 0.0008600
v -0.0016447 0.1410624 0.0006813
v -0.0014302 0.1408639 0.0005924
v -0.0017460 0.1410872 0.0003473
v -0.0015183 0.1408888 0.0003020
v -0.0017802 0.1411120 0.0000000
v -0.0015480 0.1409136 0.0000000
v -0.0017460 0.1411368 -0.0003473
v -0.0015183 0.1409384 -0.0003020
v -0.0016447 0.1411616 -0.0006813
v -0.0014302 0.1409632 -0.0005924
v -0.0014802 0.1411864 -0.0009890
v -0.0012871 0.1409880 -0.0008600
v -0.0012588 0.1412112 -0.0012588
v -0.0010946 0.1410128 -0.0010946
v -0.0009890 0.1412360 -0.0014802
v -0.0008600 0.1410376 -0.0012871
v -0.0006813 0.1412609 -0.0016447
v -0.0005924 0.1410624 -0.0014302
v -0.0003473 0.1412857 -0.0017460
v -0.0003020 0.1410872 -0.0015183
v -0.0000000 0.1413105 -0.0017802
v -0.0000000 0.1411120 -0.0015480
v 0.0003473 0.1413353 -0.0017460
v 0.0003020 0.1411368 -0.0015183
v 0.0006813 0.1413601 -0.0016447
v 0.0005924 0.1411616 -0.0014302
v 0.0009890 0.1413849 -0.0014802
v 0.0008600 0.1411865 -0.0012871
v 0.0012588 0.1414097 -0.0012588
v 0.0010946 0.1412113 -0.0010946
v 0.0014802 0.1414345 -0.0009890
v 0.0012871 0.1412361 -0.0008600
v 0.0016447 0.1414593 -0.0006813
v 0.0014302 0.1412609 -0.0005924
v 0.0017460 0.1414841 -0.0003473
v 0.0015183 0.1412857 -0.0003020
v 0.0017802 0.1415089 0.0000000
v 0.0015480 0.1413105 0.0000000
v 0.0017460 0.1415337 0.0003473
v 0.0015183 0.1413353 0.0003020
v 0.0016447 0.1415586 0.0006813
v 0.0014302 0.1413601 0.0005924
v 0.0014802 0.1415834 0.0009890
v 0.0012871 0.1413849 0.0008600
v 0.0012588 0.1416082 0.0012588
v 0.0010946 0.1414097 0.0010946
v 0.0009890 0.1416330 0.0014802
v 0.0008600 0.1414345 0.0012871
v 0.0006813 0.1416578 0.0016447
v 0.0005924 0.1414594 0.0014302
v 0.0003473 0.1416826 0.0017460
v 0.0003020 0.1414842 0.0015183
v 0.0000000 0.1417074 0.0017802
v 0.0000000 0.1415090 0.0015480
v -0.0003473 0.1417322 0.0017460
v -0.0003020 0.1415338 0.0015183
v -0.0006813 0.1417570 0.0016447
v -0.0005924 0.1415586 0.0014302
v -0.0009890 0.1417818 0.0014802
v -0.0008600 0.1415834 0.0012871
v -0.0012588 0.1418066 0.0012588
v -0.0010946 0.1416082 0.0010946
v -0.0014802 0.1418315 0.0009890
v -0.0012871 0.1416330 0.0008600
v -0.0016447 0.1418563 0.0006813
v -0.0014302 0.1416578 0.0005924
v -0.0017460 0.1418811 0.0003473
v -0.0015183 0.1416826 0.0003020
v -0.0017802 0.1419059 0.0000000
v -0.0015480 0.1417074 0.0000000
v -0.0017460 0.1419307 -0.0003473
v -0.0015183 0.1417322 -0.0003020
v -0.0016447 0.1419555 -0.0006813
v -0.0014302 0.1417571 -0.0005924
v -0.0014802 0.1419803 -0.0009890
v -0.0012871 0.1417819 -0.0008600
v -0.0012588 0.1420051 -0.0012588
v -0.0010946 0.1418067 -0.0010946
v -0.0009890 0.1420299 -0.0014802
v -0.0008600 0.1418315 -0.0012871
v -0.0006813 0.1420547 -0.0016447
v -0.0005924 0.1418563 -0.0014302
v -0.0003473 0.1420795 -0.0017460
v -0.0003020 0.1418811 -0.0015183
v 0.0000000 0.1421043 -0.0017802
v 0.0000000 0.1419059 -0.0015480
v 0.0003473 0.1421292 -0.0017460
v 0.0003020 0.1419307 -0.0015183
v 0.0006813 0.1421540 -0.0016447
v 0.0005924 0.1419555 -0.0014302
v 0.0009890 0.1421788 -0.0014802
v 0.0008600 0.1419803 -0.0012871
v 0.0012588 0.1422036 -0.0012588
v 0.0010946 0.1420051 -0.0010946
v 0.0014802 0.1422284 -0.0009890
v 0.0012871 0.1420300 -0.0008600
v 0.0016447 0.1422532 -0.0006813
v 0.0014302 0.1420548 -0.0005924
v 0.0017460 0.1422780 -0.0003473
v 0.0015183 0.1420796 -0.0003020
v 0.0017802 0.1423028 0.0000000
v 0.0015480 0.1421044 0.0000000
v 0.0017460 0.1423276 0.0003473
v 0.0015183 0.1421292 0.0003020
v 0.0016447 0.1423524 0.0006813
v 0.0014302 0.1421540 0.0005924
v 0.0014802 0.1423772 0.0009890
v 0.0012871 0.1421788 0.0008600
v 0.0012588 0.1424021 0.0012588
v 0.0010946 0.1422036 0.0010946
v 0.0009890 0.1424269 0.0014802
v 0.0008600 0.1422284 0.0012871
v 0.0006813 0.1424517 0.0016447
v 0.0005924 0.1422532 0.0014302
v 0.0003473 0.1424765 0.0017460
v 0.0003020 0.1422780 0.0015183
v 0.0000000 0.1425013 0.0017802
v 0.0000000 0.1423028 0.0015480
v -0.0003473 0.1425261 0.0017460
v -0.0003020 0.1423277 0.0015183
v -0.0006813 0.1425509 0.0016447
v -0.0005924 0.1423525 0.0014302
v -0.0009890 0.1425757 0.0014802
v -0.0008600 0.1423773 0.0012871
v -0.0012588 0.1426005 0.0012588
v -0.0010946 0.1424021 0.0010946
v -0.0014802 0.1426253 0.0009890
v -0.0012871 0.1424269 0.0008600
v -0.0016447 0.1426501 0.0006813
v -0.0014302 0.1424517 0.0005924
v -0.0017460 0.1426749 0.0003473
v -0.0015183 0.1424765 0.0003020
v -0.0017802 0.1426998 0.0000000
v -0.0015480 0.1425013 0.0000000
v -0.0017460 0.1427246 -0.0003473
v -0.0015183 0.1425261 -0.0003020
v -0.0016447 0.1427494 -0.0006813
v -0.0014302 0.1425509 -0.0005924
v -0.0014802 0.1427742 -0.0009890
v -0.0012871 0.1425757 -0.0008600
v -0.0012588 0.1427990 -0.0012588
v -0.0010946 0.1426006 -0.0010946
v -0.0009890 0.1428238 -0.0014802
v -0.0008600 0.1426254 -0.0012871
v -0.0006813 0.1428486 -0.0016447
v -0.0005924 0.1426502 -0.0014302
v -0.0003473 0.1428734 -0.0017460
v -0.0003020 0.1426750 -0.0015183
v 0.0000000 0.1428982 -0.0017802
v 0.0000000 0.1426998 -0.0015480
v 0.0003473 0.1429230 -0.0017460
v 0.0003020 0.1427246 -0.0015183
v 0.0006813 0.1429478 -0.0016447
v 0.0005924 0.1427494 -0.0014302
v 0.0009890 0.1429727 -0.0014802
v 0.0008600 0.1427742 -0.0012871
v 0.0012588 0.1429975 -0.0012588
v 0.0010946 0.1427990 -0.0010946
v 0.0014802 0.1430223 -0.0009890
v 0.0012871 0.1428238 -0.0008600
v 0.0016447 0.1430471 -0.0006813
v 0.0014302 0.1428486 -0.0005924
v 0.0017460 0.1430719 -0.0003473
v 0.0015183 0.1428734 -0.0003020
v 0.0017802 0.1430967 -0.0000000
v 0.0015480 0.1428983 -0.0000000
v 0.0017460 0.1431215 0.0003473
v 0.0015183 0.1429231 0.0003020
v 0.0016447 0.1431463 0.0006813
v 0.0014302 0.1429479 0.0005924
v 0.0014802 0.1431711 0.0009890
v 0.0012871 0.1429727 0.0008600
v 0.0012588 0.1431959 0.0012588
v 0.0010946 0.1429975 0.0010946
v 0.0009890 0.1432207 0.0014802
v 0.0008600 0.1430223 0.0012871
v 0.0006813 0.1432455 0.0016447
v 0.0005924 0.1430471 0.0014302
v 0.0003473 0.1432704 0.0017460
v 0.0003020 0.1430719 0.0015183
v 0.0000000 0.1432952 0.0017802
v 0.0000000 0.1430967 0.0015480
v -0.0003473 0.1433200 0.0017460
v -0.0003020 0.1431215 0.0015183
v -0.0006813 0.1433448 0.0016447
v -0.0005924 0.1431463 0.0014302
v -0.0009890 0.1433696 0.0014802
v -0.0008600 0.1431712 0.0012871
v -0.0012588 0.1433944 0.0012588
v -0.0010946 0.1431960 0.0010946
v -0.0014802 0.1434192 0.0009890
v -0.0012871 0.1432208 0.0008600
v -0.0016447 0.1434440 0.0006813
v -0.0014302 0.1432456 0.0005924
v -0.0017460 0.1434688 0.0003473
v -0.0015183 0.1432704 0.0003020
v -0.0017802 0.1434936 0.0000000
v -0.0015480 0.1432952 0.0000000
v -0.0017460 0.1435184 -0.0003473
v -0.0015183 0.1433200 -0.0003020
v -0.0016447 0.1435433 -0.0006813
v -0.0014302 0.1433448 -0.0005924
v -0.0014802 0.1435681 -0.0009890
v -0.0012871 0.1433696 -0.0008600
v -0.0012588 0.1435929 -0.0012588
v -0.0010946 0.1433944 -0.0010946
v -0.0009890 0.1436177 -0.0014802
v -0.0008600 0.1434192 -0.0012871
v -0.0006813 0.1436425 -0.0016447
v -0.0005924 0.1434441 -0.0014302
v -0.0003473 0.1436673 -0.0017460
v -0.0003020 0.1434689 -0.0015183
v 0.0000000 0.1436921 -0.0017802
v 0.0000000 0.1434937 -0.0015480
v 0.0003473 0.1437169 -0.0017460
v 0.0003020 0.1435185 -0.0015183
v 0.0006813 0.1437417 -0.0016447
v 0.0005924 0.1435433 -0.0014302
v 0.0009890 0.1437665 -0.0014802
v 0.0008600 0.1435681 -0.0012871
v 0.0012588 0.1437913 -0.0012588
v 0.0010946 0.1435929 -0.0010946
v 0.0014802 0.1438161 -0.0009890
v 0.0012871 0.1436177 -0.0008600
v 0.0016447 0.1438410 -0.0006813
v 0.0014302 0.1436425 -0.0005924
v 0.0017460 0.1438658 -0.0003473
v 0.0015183 0.1436673 -0.0003020
v 0.0017802 0.1438906 -0.0000000
v 0.0015480 0.1436921 -0.0000000
v 0.0017460 0.1439154 0.0003473
v 0.0015183 0.1437169 0.0003020
v 0.0016447 0.1439402 0.0006813
v 0.0014302 0.1437418 0.0005924
v 0.0014802 0.1439650 0.0009890
v 0.0012871 0.1437666 0.0008600
v 0.0012588 0.1439898 0.0012588
v 0.0010946 0.1437914 0.0010946
v 0.0009890 0.1440146 0.0014802
v 0.0008600 0.1438162 0.0012871
v 0.0006813 0.1440394 0.0016447
v 0.0005924 0.1438410 0.0014302
v 0.0003473 0.1440642 0.0017460
v 0.0003020 0.1438658 0.0015183
v 0.0000000 0.1440890 0.0017802
v 0.0000000 0.1438906 0.0015480
v -0.0003473 0.1441139 0.0017460
v -0.0003020 0.1439154 0.0015183
v -0.0006813 0.1441387 0.0016447
v -0.0005924 0.1439402 0.0014302
v -0.0009890 0.1441635 0.0014802
v -0.0008600 0.1439650 0.0012871
v -0.0012588 0.1441883 0.0012588
v -0.0010946 0.1439898 0.0010946
v -0.0014802 0.1442131 0.0009890
v -0.0012871 0.1440147 0.0008600
v -0.0016447 0.1442379 0.0006813
v -0.0014302 0.1440395 0.0005924
v -0.0017460 0.1442627 0.0003473
v -0.0015183 0.1440643 0.0003020
v -0.0017802 0.1442875 -0.0000000
v -0.0015480 0.1440891 -0.0000000
v -0.0017460 0.1443123 -0.0003473
v -0.0015183 0.1441139 -0.0003020
v -0.0016447 0.1443371 -0.0006813
v -0.0014302 0.1441387 -0.0005924
v -0.0014802 0.1443619 -0.0009890
v -0.0012871 0.1441635 -0.0008600
v -0.0012588 0.1443867 -0.0012588
v -0.0010946 0.1441883 -0.0010946
v -0.0009890 0.1444116 -0.0014802
v -0.0008600 0.1442131 -0.0012871
v -0.0006813 0.1444364 -0.0016447
v -0.0005924 0.1442379 -0.0014302
v -0.0003473 0.1444612 -0.0017460
v -0.0003020 0.1442627 -0.0015183
v 0.0000000 0.1444860 -0.0017802
v 0.0000000 0.1442875 -0.0015480
v 0.0003473 0.1445108 -0.0017460
v 0.0003020 0.1443124 -0.0015183
v 0.0006813 0.1445356 -0.0016447
v 0.0005924 0.1443372 -0.0014302
v 0.0009890 0.1445604 -0.0014802
v 0.0008600 0.1443620 -0.0012871
v 0.0012588 0.1445852 -0.0012588
v 0.0010946 0.1443868 -0.0010946
v 0.0014802 0.1446100 -0.0009890
v 0.0012871 0.1444116 -0.0008600
v 0.0016447 0.1446348 -0.0006813
v 0.0014302 0.1444364 -0.0005924
v 0.0017460 0.1446596 -0.0003473
v 0.0015183 0.1444612 -0.0003020
v 0.0017802 0.1446845 -0.0000000
v 0.0015480 0.1444860 -0.0000000
v 0.0017460 0.1447093 0.0003473
v 0.0015183 0.1445108 0.0003020
v 0.0016447 0.1447341 0.0006813
v 0.0014302 0.1445356 0.0005924
v 0.0014802 0.1447589 0.0009890
v 0.0012871 0.1445604 0.0008600
v 0.0012588 0.1447837 0.0012588
v 0.0010946 0.1445853 0.0010946
v 0.0009890 0.1448085 0.0014802
v 0.0008600 0.1446101 0.0012871
v 0.0006813 0.1448333 0.0016447
v 0.0005924 0.1446349 0.0014302
v 0.0003473 0.1448581 0.0017460
v 0.0003020 0.1446597 0.0015183
v 0.0000000 0.1448829 0.0017802
v 0.0000000 0.1446845 0.0015480
v -0.0003473 0.1449077 0.0017460
v -0.0003020 0.1447093 0.0015183
v -0.0006813 0.1449325 0.0016447
v -0.0005924 0.1447341 0.0014302
v -0.0009890 0.1449574 0.0014802
v -0.0008600 0.1447589 0.0012871
v -0.0012588 0.1449822 0.0012588
v -0.0010946 0.1447837 0.0010946
v -0.0014802 0.1450070 0.0009890
v -0.0012871 0.1448085 0.0008600
v -0.0016447 0.1450318 0.0006813
v -0.0014302 0.1448333 0.0005924
v -0.0017460 0.1450566 0.0003473
v -0.0015183 0.1448581 0.0003020
v -0.0017802 0.1450814 -0.0000000
v -0.0015480 0.1448830 -0.0000000
v -0.0017460 0.1451062 -0.0003473
v -0.0015183 0.1449078 -0.0003020
v -0.0016447 0.1451310 -0.0006813
v -0.0014302 0.1449326 -0.0005924
v -0.0014802 0.1451558 -0.0009890
v -0.0012871 0.1449574 -0.0008600
v -0.0012588 0.1451806 -0.0012588
v -0.0010946 0.1449822 -0.0010946
v -0.0009890 0.1452054 -0.0014802
v -0.0008600 0.1450070 -0.0012871
v -0.0006813 0.1452302 -0.0016447
v -0.0005924 0.1450318 -0.0014302
v -0.0003473 0.1452551 -0.0017460
v -0.0003020 0.1450566 -0.0015183
v -0.0000000 0.1452799 -0.0017802
v -0.0000000 0.1450814 -0.0015480
v 0.0003473 0.1453047 -0.0017460
v 0.0003020 0.1451062 -0.0015183
v 0.0006813 0.1453295 -0.0016447
v 0.0005924 0.1451310 -0.0014302
v 0.0009890 0.1453543 -0.0014802
v 0.0008600 0.1451559 -0.0012871
v 0.0012588 0.1453791 -0.0012588
v 0.0010946 0.1451807 -0.0010946
v 0.0014802 0.1454039 -0.0009890
v 0.0012871 0.1452055 -0.0008600
v 0.0016447 0.1454287 -0.0006813
v 0.0014302 0.1452303 -0.0005924
v 0.0017460 0.1454535 -0.0003473
v 0.0015183 0.1452551 -0.0003020
v 0.0017802 0.1454783 -0.0000000
v 0.0015480 0.1452799 -0.0000000
v 0.0017460 0.1455031 0.0003473
v 0.0015183 0.1453047 0.0003020
v 0.0016447 0.1455280 0.0006813
v 0.0014302 0.1453295 0.0005924
v 0.0014802 0.1455528 0.0009890
v 0.0012871 0.1453543 0.0008600
v 0.0012588 0.1455776 0.0012588
v 0.0010946 0.1453791 0.0010946
v 0.0009890 0.1456024 0.0014802
v 0.0008600 0.1454039 0.0012871
v 0.0006813 0.1456272 0.0016447
v 0.0005924 0.1454287 0.0014302
v 0.0003473 0.1456520 0.0017460
v 0.0003020 0.1454536 0.0015183
v 0.0000000 0.1456768 0.0017802
v 0.0000000 0.1454784 0.0015480
v -0.0003473 0.1457016 0.0017460
v -0.0003020 0.1455032 0.0015183
v -0.0006813 0.1457264 0.0016447
v -0.0005924 0.1455280 0.0014302
v -0.0009890 0.1457512 0.0014802
v -0.0008600 0.1455528 0.0012871
v -0.0012588 0.1457760 0.0012588
v -0.0010946 0.1455776 0.0010946
v -0.0014802 0.1458008 0.0009890
v -0.0012871 0.1456024 0.0008600
v -0.0016447 0.1458257 0.0006813
v -0.0014302 0.1456272 0.0005924
v -0.0017460 0.1458505 0.0003473
v -0.0015183 0.1456520 0.0003020
v -0.0017802 0.1458753 -0.0000000
v -0.0015480 0.1456768 -0.0000000
v -0.0017460 0.1459001 -0.0003473
v -0.0015183 0.1457016 -0.0003020
v -0.0016447 0.1459249 -0.0006813
v -0.0014302 0.1457265 -0.0005924
v -0.0014802 0.1459497 -0.0009890
v -0.0012871 0.1457513 -0.0008600
v -0.0012588 0.1459745 -0.0012588
v -0.0010946 0.1457761 -0.0010946
v -0.0009890 0.1459993 -0.0014802
v -0.0008600 0.1458009 -0.0012871
v -0.0006813 0.1460241 -0.0016447
v -0.0005924 0.1458257 -0.0014302
v -0.0003473 0.1460489 -0.0017460
v -0.0003020 0.1458505 -0.0015183
v -0.0000000 0.1460737 -0.0017802
v -0.0000000 0.1458753 -0.0015480
v 0.0003473 0.1460986 -0.0017460
v 0.0003020 0.1459001 -0.0015183
v 0.0006813 0.1461234 -0.0016447
v 0.0005924 0.1459249 -0.0014302
v 0.0009890 0.1461482 -0.0014802
v 0.0008600 0.1459497 -0.0012871
v 0.0012588 0.1461730 -0.0012588
v 0.0010946 0.1459745 -0.0010946
v 0.0014802 0.1461978 -0.0009890
v 0.0012871 0.1459993 -0.0008600
v 0.0016447 0.1462226 -0.0006813
v 0.0014302 0.1460242 -0.0005924
v 0.0017460 0.1462474 -0.0003473
v 0.0015183 0.1460490 -0.0003020
v 0.0017802 0.1462722 -0.0000000
v 0.0015480 0.1460738 -0.0000000
v 0.0017460 0.1462970 0.0003473
v 0.0015183 0.1460986 0.0003020
v 0.0016447 0.1463218 0.0006813
v 0.0014302 0.1461234 0.0005924
v 0.0014802 0.1463466 0.0009890
v 0.0012871 0.1461482 0.0008600
v 0.0012588 0.1463714 0.0012588
v 0.0010946 0.1461730 0.0010946
v 0.0009890 0.1463963 0.0014802
v 0.0008600 0.1461978 0.0012871
v 0.0006813 0.1464211 0.0016447
v 0.0005924 0.1462226 0.0014302
v 0.0003473 0.1464459 0.0017460
v 0.0003020 0.1462474 0.0015183
v -0.0000000 0.1464707 0.0017802
v -0.0000000 0.1462722 0.0015480
v -0.0003473 0.1464955 0.0017460
v -0.0003020 0.1462971 0.0015183
v -0.0006813 0.1465203 0.0016447
v -0.0005924 0.1463219 0.0014302
v -0.0009890 0.1465451 0.0014802
v -0.0008600 0.1463467 0.0012871
v -0.0012588 0.1465699 0.0012588
v -0.0010946 0.1463715 0.0010946
v -0.0014802 0.1465947 0.0009890
v -0.0012871 0.1463963 0.0008600
v -0.0016447 0.1466195 0.0006813
v -0.0014302 0.1464211 0.0005924
v -0.0017460 0.1466443 0.0003473
v -0.0015183 0.1464459 0.0003020
v -0.0017802 0.1466692 -0.0000000
v -0.0015480 0.1464707 -0.0000000
v -0.0017460 0.1466940 -0.0003473
v -0.0015183 0.1464955 -0.0003020
v -0.0016447 0.1467188 -0.0006813
v -0.0014302 0.1465203 -0.0005924
v -0.0014802 0.1467436 -0.0009890
v -0.0012871 0.1465451 -0.0008600
v -0.0012588 0.1467684 -0.0012588
v -0.0010946 0.1465699 -0.0010946
v -0.0009890 0.1467932 -0.0014802
v -0.0008600 0.1465948 -0.0012871
v -0.0006813 0.1468180 -0.0016447
v -0.0005924 0.1466196 -0.0014302
v -0.0003473 0.1468428 -0.0017460
v -0.0003020 0.1466444 -0.0015183
v -0.0000000 0.1468676 -0.0017802
v -0.0000000 0.1466692 -0.0015480
v 0.0003473 0.1468924 -0.0017460
v 0.0003020 0.1466940 -0.0015183
v 0.0006813 0.1469172 -0.0016447
v 0.0005924 0.1467188 -0.0014302
v 0.0009890 0.1469420 -0.0014802
v 0.0008600 0.1467436 -0.0012871
v 0.0012588 0.1469669 -0.0012588
v 0.0010946 0.1467684 -0.0010946
v 0.0014802 0.1469917 -0.0009890
v 0.0012871 0.1467932 -0.0008600
v 0.0016447 0.1470165 -0.0006813
v 0.0014302 0.1468180 -0.0005924
v 0.0017460 0.1470413 -0.0003473
v 0.0015183 0.1468428 -0.0003020
v 0.0017802 0.1470661 -0.0000000
v 0.0015480 0.1468677 -0.0000000
v 0.0017460 0.1470909 0.0003473
v 0.0015183 0.1468925 0.0003020
v 0.0016447 0.1471157 0.0006813
v 0.0014302 0.1469173 0.0005924
v 0.0014802 0.1471405 0.0009890
v 0.0012871 0.1469421 0.0008600
v 0.0012588 0.1471653 0.0012588
v 0.0010946 0.1469669 0.0010946
v 0.0009890 0.1471901 0.0014802
v 0.0008600 0.1469917 0.0012871
v 0.0006813 0.1472149 0.0016447
v 0.0005924 0.1470165 0.0014302
v 0.0003473 0.1472398 0.0017460
v 0.0003020 0.1470413 0.0015183
v -0.0000000 0.1472646 0.0017802
v -0.0000000 0.1470661 0.0015480
v -0.0003473 0.1472894 0.0017460
v -0.0003020 0.1470909 0.0015183
v -0.0006813 0.1473142 0.0016447
v -0.0005924 0.1471157 0.0014302
v -0.0009890 0.1473390 0.0014802
v -0.0008600 0.1471406 0.0012871
v -0.0012588 0.1473638 0.0012588
v -0.0010946 0.1471654 0.0010946
v -0.0014802 0.1473886 0.0009890
v -0.0012871 0.1471902 0.0008600
v -0.0016447 0.1474134 0.0006813
v -0.0014302 0.1472150 0.0005924
v -0.0017460 0.1474382 0.0003473
v -0.0015183 0.1472398 0.0003020
v -0.0017802 0.1474630 0.0000000
v -0.0015480 0.1472646 0.0000000
v -0.0017460 0.1474878 -0.0003473
v -0.0015183 0.1472894 -0.0003020
v -0.0016447 0.1475126 -0.0006813
v -0.0014302 0.1473142 -0.0005924
v -0.0014802 0.1475375 -0.0009890
v -0.0012871 0.1473390 -0.0008600
v -0.0012588 0.1475623 -0.0012588
v -0.0010946 0.1473638 -0.0010946
v -0.0009890 0.1475871 -0.0014802
v -0.0008600 0.1473886 -0.0012871
v -0.0006813 0.1476119 -0.0016447
v -0.0005924 0.1474134 -0.0014302
v -0.0003473 0.1476367 -0.0017460
v -0.0003020 0.1474383 -0.0015183
v -0.0000000 0.1476615 -0.0017802
v -0.0000000 0.1474631 -0.0015480
v 0.0003473 0.1476863 -0.0017460
v 0.0003020 0.1474879 -0.0015183
v 0.0006813 0.1477111 -0.0016447
v 0.0005924 0.1475127 -0.0014302
v 0.0009890 0.1477359 -0.0014802
v 0.0008600 0.1475375 -0.0012871
v 0.0012588 0.1477607 -0.0012588
v 0.0010946 0.1475623 -0.0010946
v 0.0014802 0.1477855 -0.0009890
v 0.0012871 0.1475871 -0.0008600
v 0.0016447 0.1478104 -0.0006813
v 0.0014302 0.1476119 -0.0005924
v 0.0017460 0.1478352 -0.0003473
v 0.0015183 0.1476367 -0.0003020
v 0.0017802 0.1478600 -0.0000000
v 0.0015480 0.1476615 -0.0000000
v 0.0017460 0.1478848 0.0003473
v 0.0015183 0.1476863 0.0003020
v 0.0016447 0.1479096 0.0006813
v 0.0014302 0.1477112 0.0005924
v 0.0014802 0.1479344 0.0009890
v 0.0012871 0.1477360 0.0008600
v 0.0012588 0.1479592 0.0012588
v 0.0010946 0.1477608 0.0010946
v 0.0009890 0.1479840 0.0014802
v 0.0008600 0.1477856 0.0012871
v 0.0006813 0.1480088 0.0016447
v 0.0005924 0.1478104 0.0014302
v 0.0003473 0.1480336 0.0017460
v 0.0003020 0.1478352 0.0015183
v -0.0000000 0.1480584 0.0017802
v -0.0000000 0.1478600 0.0015480
v -0.0003473 0.1480832 0.0017460
v -0.0003020 0.1478848 0.0015183
v -0.0006813 0.1481081 0.0016447
v -0.0005924 0.1479096 0.0014302
v -0.0009890 0.1481329 0.0014802
v -0.0008600 0.1479344 0.0012871
v -0.0012588 0.1481577 0.0012588
v -0.0010946 0.1479592 0.0010946
v -0.0014802 0.1481825 0.0009890
v -0.0012871 0.1479840 0.0008600
v -0.0016447 0.1482073 0.0006813
v -0.0014302 0.1480089 0.0005924
v -0.0017460 0.1482321 0.0003473
v -0.0015183 0.1480337 0.0003020
v -0.0017802 0.1482569 0.0000000
v -0.0015480 0.1480585 0.0000000
v -0.0017460 0.1482817 -0.0003473
v -0.0015183 0.1480833 -0.0003020
v -0.0016447 0.1483065 -0.0006813
v -0.0014302 0.1481081 -0.0005924
v -0.0014802 0.1483313 -0.0009890
v -0.0012871 0.1481329 -0.0008600
v -0.0012588 0.1483561 -0.0012588
v -0.0010946 0.1481577 -0.0010946
v -0.0009890 0.1483810 -0.0014802
v -0.0008600 0.1481825 -0.0012871
v -0.0006813 0.1484058 -0.0016447
v -0.0005924 0.1482073 -0.0014302
v -0.0003473 0.1484306 -0.0017460
v -0.0003020 0.1482321 -0.0015183
v -0.0000000 0.1484554 -0.0017802
v -0.0000000 0.1482569 -0.0015480
v 0.0003473 0.1484802 -0.0017460
v 0.0003020 0.1482818 -0.0015183
v 0.0006813 0.1485050 -0.0016447
v 0.0005924 0.1483066 -0.0014302
v 0.0009890 0.1485298 -0.0014802
v 0.0008600 0.1483314 -0.0012871
v 0.0012588 0.1485546 -0.0012588
v 0.0010946 0.1483562 -0.0010946
v 0.0014802 0.1485794 -0.0009890
v 0.0012871 0.1483810 -0.0008600
v 0.0016447 0.1486042 -0.0006813
v 0.0014302 0.1484058 -0.0005924
v 0.0017460 0.1486290 -0.0003473
v 0.0015183 0.1484306 -0.0003020
v 0.0017802 0.1486539 0.0000000
v 0.0015480 0.1484554 0.0000000
v 0.0017460 0.1486787 0.0003473
v 0.0015183 0.1484802 0.0003020
v 0.0016447 0.1487035 0.0006813
v 0.0014302 0.1485050 0.0005924
v 0.0014802 0.1487283 0.0009890
v 0.0012871 0.1485298 0.0008600
v 0.0012588 0.1487531 0.0012588
v 0.0010946 0.1485546 0.0010946
v 0.0009890 0.1487779 0.0014802
v 0.0008600 0.1485795 0.0012871
v 0.0006813 0.1488027 0.0016447
v 0.0005924 0.1486043 0.0014302
v 0.0003473 0.1488275 0.0017460
v 0.0003020 0.1486291 0.0015183
v 0.0000000 0.1488523 0.0017802
v 0.0000000 0.1486539 0.0015480
v -0.0003473 0.1488771 0.0017460
v -0.0003020 0.1486787 0.0015183
v -0.0006813 0.1489019 0.0016447
v -0.0005924 0.1487035 0.0014302
v -0.0009890 0.1489267 0.0014802
v -0.0008600 0.1487283 0.0012871
v -0.0012588 0.1489516 0.0012588
v -0.0010946 0.1487531 0.0010946
v -0.0014802 0.1489764 0.0009890
v -0.0012871 0.1487779 0.0008600
v -0.0016447 0.1490012 0.0006813
v -0.0014302 0.1488027 0.0005924
v -0.0017460 0.1490260 0.0003473
v -0.0015183 0.1488275 0.0003020
v -0.0017802 0.1490508 0.0000000
v -0.0015480 0.1488524 0.0000000
v -0.0017460 0.1490756 -0.0003473
v -0.0015183 0.1488772 -0.0003020
v -0.0016447 0.1491004 -0.0006813
v -0.0014302 0.1489020 -0.0005924
v -0.0014802 0.1491252 -0.0009890
v -0.0012871 0.1489268 -0.0008600
v -0.0012588 0.1491500 -0.0012588
v -0.0010946 0.1489516 -0.0010946
v -0.0009890 0.1491748 -0.0014802
v -0.0008600 0.1489764 -0.0012871
v -0.0006813 0.1491996 -0.0016447
v -0.0005924 0.1490012 -0.0014302
v -0.0003473 0.1492245 -0.0017460
v -0.0003020 0.1490260 -0.0015183
v -0.0000000 0.1492493 -0.0017802
v -0.0000000 0.1490508 -0.0015480
v 0.0003473 0.1492741 -0.0017460
v 0.0003020 0.1490756 -0.0015183
v 0.0006813 0.1492989 -0.0016447
v 0.0005924 0.1491004 -0.0014302
v 0.0009890 0.1493237 -0.0014802
v 0.0008600 0.1491252 -0.0012871
v 0.0012588 0.1493485 -0.0012588
v 0.0010946 0.1491501 -0.0010946
v 0.0014802 0.1493733 -0.0009890
v 0.0012871 0.1491749 -0.0008600
v 0.0016447 0.1493981 -0.0006813
v 0.0014302 0.1491997 -0.0005924
v 0.0017460 0.1494229 -0.0003473
v 0.0015183 0.1492245 -0.0003020
v 0.0017802 0.1494477 0.0000000
v 0.0015480 0.1492493 0.0000000
v 0.0017460 0.1494725 0.0003473
v 0.0015183 0.1492741 0.0003020
v 0.0016447 0.1494973 0.0006813
v 0.0014302 0.1492989 0.0005924
v 0.0014802 0.1495222 0.0009890
v 0.0012871 0.1493237 0.0008600
v 0.0012588 0.1495470 0.0012588
v 0.0010946 0.1493485 0.0010946
v 0.0009890 0.1495718 0.0014802
v 0.0008600 0.1493733 0.0012871
v 0.0006813 0.1495966 0.0016447
v 0.0005924 0.1493981 0.0014302
v 0.0003473 0.1496214 0.0017460
v 0.0003020 0.1494230 0.0015183
v 0.0000000 0.1496462 0.0017802
v 0.0000000 0.1494478 0.0015480
v -0.0003473 0.1496710 0.0017460
v -0.0003020 0.1494726 0.0015183
v -0.0006813 0.1496958 0.0016447
v -0.0005924 0.1494974 0.0014302
v -0.0009890 0.1497206 0.0014802
v -0.0008600 0.1495222 0.0012871
v -0.0012588 0.1497454 0.0012588
v -0.0010946 0.1495470 0.0010946
v -0.0014802 0.1497702 0.0009890
v -0.0012871 0.1495718 0.0008600
v -0.0016447 0.1497951 0.0006813
v -0.0014302 0.1495966 0.0005924
v -0.0017460 0.1498199 0.0003473
v -0.0015183 0.1496214 0.0003020
v -0.0017802 0.1498447 0.0000000
v -0.0015480 0.1496462 0.0000000
v -0.0017460 0.1498695 -0.0003473
v -0.0015183 0.1496710 -0.0003020
v -0.0016447 0.1498943 -0.0006813
v -0.0014302 0.1496958 -0.0005924
v -0.0014802 0.1499191 -0.0009890
v -0.0012871 0.1497207 -0.0008600
v -0.0012588 0.1499439 -0.0012588
v -0.0010946 0.1497455 -0.0010946
v -0.0009890 0.1499687 -0.0014802
v -0.0008600 0.1497703 -0.0012871
v -0.0006813 0.1499935 -0.0016447
v -0.0005924 0.1497951 -0.0014302
v -0.0003473 0.1500183 -0.0017460
v -0.0003020 0.1498199 -0.0015183
v -0.0000000 0.1500431 -0.0017802
v -0.0000000 0.1498447 -0.0015480
v 0.0003473 0.1500679 -0.0017460
v 0.0003020 0.1498695 -0.0015183
v 0.0006813 0.1500928 -0.0016447
v 0.0005924 0.1498943 -0.0014302
v 0.0009890 0.1501176 -0.0014802
v 0.0008600 0.1499191 -0.0012871
v 0.0012588 0.1501424 -0.0012588
v 0.0010946 0.1499439 -0.0010946
v 0.0014802 0.1501672 -0.0009890
v 0.0012871 0.1499687 -0.0008600
v 0.0016447 0.1501920 -0.0006813
v 0.0014302 0.1499936 -0.0005924
v 0.0017460 0.1502168 -0.0003473
v 0.0015183 0.1500184 -0.0003020
v 0.0017802 0.1502416 0.0000000
v 0.0015480 0.1500432 0.0000000
v 0.0017460 0.1502664 0.0003473
v 0.0015183 0.1500680 0.0003020
v 0.0016447 0.1502912 0.0006813
v 0.0014302 0.1500928 0.0005924
v 0.0014802 0.1503160 0.0009890
v 0.0012871 0.1501176 0.0008600
v 0.0012588 0.1503408 0.0012588
v 0.0010946 0.1501424 0.0010946
v 0.0009890 0.1503657 0.0014802
v 0.0008600 0.1501672 0.0012871
v 0.0006813 0.1503905 0.0016447
v 0.0005924 0.1501920 0.0014302
v 0.0003473 0.1504153 0.0017460
v 0.0003020 0.1502168 0.0015183
v 0.0000000 0.1504401 0.0017802
v 0.0000000 0.1502416 0.0015480
v -0.0003473 0.1504649 0.0017460
v -0.0003020 0.1502664 0.0015183
v -0.0006813 0.1504897 0.0016447
v -0.0005924 0.1502913 0.0014302
v -0.0009890 0.1505145 0.0014802
v -0.0008600 0.1503161 0.0012871
v -0.0012588 0.1505393 0.0012588
v -0.0010946 0.1503409 0.0010946
v -0.0014802 0.1505641 0.0009890
v -0.0012871 0.1503657 0.0008600
v -0.0016447 0.1505889 0.0006813
v -0.0014302 0.1503905 0.0005924
v -0.0017460 0.1506137 0.0003473
v -0.0015183 0.1504153 0.0003020
v -0.0017802 0.1506385 0.0000000
v -0.0015480 0.1504401 0.0000000
v -0.0017460 0.1506634 -0.0003473
v -0.0015183 0.1504649 -0.0003020
v -0.0016447 0.1506882 -0.0006813
v -0.0014302 0.1504897 -0.0005924
v -0.0014802 0.1507130 -0.0009890
v -0.0012871 0.1505145 -0.0008600
v -0.0012588 0.1507378 -0.0012588
v -0.0010946 0.1505393 -0.0010946
v -0.0009890 0.1507626 -0.0014802
v -0.0008600 0.1505642 -0.0012871
v -0.0006813 0.1507874 -0.0016447
v -0.0005924 0.1505890 -0.0014302
v -0.0003473 0.1508122 -0.0017460
v -0.0003020 0.1506138 -0.0015183
v 0.0000000 0.1508370 -0.0017802
v 0.0000000 0.1506386 -0.0015480
v 0.0003473 0.1508618 -0.0017460
v 0.0003020 0.1506634 -0.0015183
v 0.0006813 0.1508866 -0.0016447
v 0.0005924 0.1506882 -0.0014302
v 0.0009890 0.1509114 -0.0014802
v 0.0008600 0.1507130 -0.0012871
v 0.0012588 0.1509363 -0.0012588
v 0.0010946 0.1507378 -0.0010946
v 0.0014802 0.1509611 -0.0009890
v 0.0012871 0.1507626 -0.0008600
v 0.0016447 0.1509859 -0.0006813
v 0.0014302 0.1507874 -0.0005924
v 0.0017460 0.1510107 -0.0003473
v 0.0015183 0.1508122 -0.0003020
v 0.0017802 0.1510355 -0.0000000
v 0.0015480 0.1508371 -0.0000000
v 0.0017460 0.1510603 0.0003473
v 0.0015183 0.1508619 0.0003020
v 0.0016447 0.1510851 0.0006813
v 0.0014302 0.1508867 0.0005924
v 0.0014802 0.1511099 0.0009890
v 0.0012871 0.1509115 0.0008600
v 0.0012588 0.1511347 0.0012588
v 0.0010946 0.1509363 0.0010946
v 0.0009890 0.1511595 0.0014802
v 0.0008600 0.1509611 0.0012871
v 0.0006813 0.1511843 0.0016447
v 0.0005924 0.1509859 0.0014302
v 0.0003473 0.1512091 0.0017460
v 0.0003020 0.1510107 0.0015183
v 0.0000000 0.1512340 0.0017802
v 0.0000000 0.1510355 0.0015480
v -0.0003473 0.1512588 0.0017460
v -0.0003020 0.1510603 0.0015183
v -0.0006813 0.1512836 0.0016447
v -0.0005924 0.1510851 0.0014302
v -0.0009890 0.1513084 0.0014802
v -0.0008600 0.1511099 0.0012871
v -0.0012588 0.1513332 0.0012588
v -0.0010946 0.1511348 0.0010946
v -0.0014802 0.1513580 0.0009890
v -0.0012871 0.1511596 0.0008600
v -0.0016447 0.1513828 0.0006813
v -0.0014302 0.1511844 0.0005924
v -0.0017460 0.1514076 0.0003473
v -0.0015183 0.1512092 0.0003020
v -0.0017802 0.1514324 0.0000000
v -0.0015480 0.1512340 0.0000000
v -0.0017460 0.1514572 -0.0003473
v -0.0015183 0.1512588 -0.0003020
v -0.0016447 0.1514820 -0.0006813
v -0.0014302 0.1512836 -0.0005924
v -0.0014802 0.1515069 -0.0009890
v -0.0012871 0.1513084 -0.0008600
v -0.0012588 0.1515317 -0.0012588
v -0.0010946 0.1513332 -0.0010946
v -0.0009890 0.1515565 -0.0014802
v -0.0008600 0.1513580 -0.0012871
v -0.0006813 0.1515813 -0.0016447
v -0.0005924 0.1513828 -0.0014302
v -0.0003473 0.1516061 -0.0017460
v -0.0003020 0.1514077 -0.0015183
v 0.0000000 0.1516309 -0.0017802
v 0.0000000 0.1514325 -0.0015480
v 0.0003473 0.1516557 -0.0017460
v 0.0003020 0.1514573 -0.0015183
v 0.0006813 0.1516805 -0.0016447
v 0.0005924 0.1514821 -0.0014302
v 0.0009890 0.1517053 -0.0014802
v 0.0008600 0.1515069 -0.0012871
v 0.0012588 0.1517301 -0.0012588
v 0.0010946 0.1515317 -0.0010946
v 0.0014802 0.1517549 -0.0009890
v 0.0012871 0.1515565 -0.0008600
v 0.0016447 0.1517797 -0.0006813
v 0.0014302 0.1515813 -0.0005924
v 0.0017460 0.1518046 -0.0003473
v 0.0015183 0.1516061 -0.0003020
v 0.0017802 0.1518294 -0.0000000
v 0.0015480 0.1516309 -0.0000000
v 0.0017460 0.1518542 0.0003473
v 0.0015183 0.1516557 0.0003020
v 0.0016447 0.1518790 0.0006813
v 0.0014302 0.1516805 0.0005924
v 0.0014802 0.1519038 0.0009890
v 0.0012871 0.1517054 0.0008600
v 0.0012588 0.1519286 0.0012588
v 0.0010946 0.1517302 0.0010946
v 0.0009890 0.1519534 0.0014802
v 0.0008600 0.1517550 0.0012871
v 0.0006813 0.1519782 0.0016447
v 0.0005924 0.1517798 0.0014302
v 0.0003473 0.1520030 0.0017460
v 0.0003020 0.1518046 0.0015183
v 0.0000000 0.1520278 0.0017802
v 0.0000000 0.1518294 0.0015480
v -0.0003473 0.1520526 0.0017460
v -0.0003020 0.1518542 0.0015183
v -0.0006813 0.1520775 0.0016447
v -0.0005924 0.1518790 0.0014302
v -0.0009890 0.1521023 0.0014802
v -0.0008600 0.1519038 0.0012871
v -0.0012588 0.1521271 0.0012588
v -0.0010946 0.1519286 0.0010946
v -0.0014802 0.1521519 0.0009890
v -0.0012871 0.1519534 0.0008600
v -0.0016447 0.1521767 0.0006813
v -0.0014302 0.1519783 0.0005924
v -0.0017460 0.1522015 0.0003473
v -0.0015183 0.1520031 0.0003020
v -0.0017802 0.1522263 0.0000000
v -0.0015480 0.1520279 0.0000000
v -0.0017460 0.1522511 -0.0003473
v -0.0015183 0.1520527 -0.0003020
v -0.0016447 0.1522759 -0.0006813
v -0.0014302 0.1520775 -0.0005924
v -0.0014802 0.1523007 -0.0009890
v -0.0012871 0.1521023 -0.0008600
v -0.0012588 0.1523255 -0.0012588
v -0.0010946 0.1521271 -0.0010946
v -0.0009890 0.1523504 -0.0014802
v -0.0008600 0.1521519 -0.0012871
v -0.0006813 0.1523752 -0.0016447
v -0.0005924 0.1521767 -0.0014302
v -0.0003473 0.1524000 -0.0017460
v -0.0003020 0.1522015 -0.0015183
v 0.0000000 0.1524248 -0.0017802
v 0.0000000 0.1522263 -0.0015480
v 0.0003473 0.1524496 -0.0017460
v 0.0003020 0.1522511 -0.0015183
v 0.0006813 0.1524744 -0.0016447
v 0.0005924 0.1522760 -0.0014302
v 0.0009890 0.1524992 -0.0014802
v 0.0008600 0.1523008 -0.0012871
v 0.0012588 0.1525240 -0.0012588
v 0.0010946 0.1523256 -0.0010946
v 0.0014802 0.1525488 -0.0009890
v 0.0012871 0.1523504 -0.0008600
v 0.0016447 0.1525736 -0.0006813
v 0.0014302 0.1523752 -0.0005924
v 0.0017460 0.1525984 -0.0003473
v 0.0015183 0.1524000 -0.0003020
usemtl body
vn 0.9998649 0.0 0.0164377
vn 0.9998649 0.0 -0.0164377
vn 0.9966492 0.0 0.0817948
vn 0.9934502 0.0 0.1142657
vn 0.0 1.0 0.0
vn 0.0 -1.0 0.0
vn 0.9838729 0.0 0.1788688
vn 0.9774806 0.0 0.2110255
vn 0.9615738 0.0 0.2745464
vn 0.9520659 0.0 0.305893
vn 0.9300448 0.0 0.3674461
vn 0.9175349 0.0 0.3976552
vn 0.8895006 0.0 0.456934
vn 0.8739612 0.0 0.4859957
vn 0.8403244 0.0 0.5420838
vn 0.8222466 0.0 0.5691314
vn 0.7834057 0.0 0.6215107
vn 0.7626334 0.0 0.646831
vn 0.7186295 0.0 0.6953931
vn 0.6953931 0.0 0.7186295
vn 0.646831 0.0 0.7626334
vn 0.6215107 0.0 0.7834057
vn 0.5691314 0.0 0.8222466
vn 0.5420838 0.0 0.8403244
vn 0.4859957 0.0 0.8739612
vn 0.456934 0.0 0.8895006
vn 0.3976552 0.0 0.9175349
vn 0.3674461 0.0 0.9300448
vn 0.305893 0.0 0.9520659
vn 0.2745464 0.0 0.9615738
vn 0.2110255 0.0 0.9774806
vn 0.1788688 0.0 0.9838729
vn 0.1142657 0.0 0.9934502
vn 0.0817948 0.0 0.9966492
vn 0.0164377 0.0 0.9998649
vn -0.0164377 0.0 0.9998649
vn -0.0817948 0.0 0.9966492
vn -0.1142657 0.0 0.9934502
vn -0.1788688 0.0 0.9838729
vn -0.2110255 0.0 0.9774806
vn -0.2745464 0.0 0.9615738
vn -0.305893 0.0 0.9520659
vn -0.3674461 0.0 0.9300448
vn -0.3976552 0.0 0.9175349
vn -0.456934 0.0 0.8895006
vn -0.4859957 0.0 0.8739612
vn -0.5420838 0.0 0.8403244
vn -0.5691314 0.0 0.8222466
vn -0.6215107 0.0 0.7834057
vn -0.646831 0.0 0.7626334
vn -0.6953931 0.0 0.7186295
vn -0.7186295 0.0 0.6953931
vn -0.7626334 0.0 0.646831
vn -0.7834057 0.0 0.6215107
vn -0.8222466 0.0 0.5691314
vn -0.8403244 0.0 0.5420838
vn -0.8739612 0.0 0.4859957
vn -0.8895006 0.0 0.456934
vn -0.9175349 0.0 0.3976552
vn -0.9300448 0.0 0.3674461
vn -0.9520659 0.0 0.305893
vn -0.9615738 0.0 0.2745464
vn -0.9774806 0.0 0.2110255
vn -0.9838729 0.0 0.1788688
vn -0.9934502 0.0 0.1142657
vn -0.9966492 0.0 0.0817948
vn -0.9998649 0.0 0.0164377
vn -0.9998649 0.0 -0.0164377
vn -0.9966492 0.0 -0.0817948
vn -0.9934502 0.0 -0.1142657
vn -0.9838729 0.0 -0.1788688
vn -0.9774806 0.0 -0.2110255
vn -0.9615738 0.0 -0.2745464
vn -0.9520659 0.0 -0.305893
vn -0.9300448 0.0 -0.3674461
vn -0.9175349 0.0 -0.3976552
vn -0.8895006 0.0 -0.456934
vn -0.8739612 0.0 -0.4859957
vn -0.8403244 0.0 -0.5420838
vn -0.8222466 0.0 -0.5691314
vn -0.7834057 0.0 -0.6215107
vn -0.7626334 0.0 -0.646831
vn -0.7186295 0.0 -0.6953931
vn -0.6953931 0.0 -0.7186295
vn -0.646831 0.0 -0.7626334
vn -0.6215107 0.0 -0.7834057
vn -0.5691314 0.0 -0.8222466
vn -0.5420838 0.0 -0.8403244
vn -0.4859957 0.0 -0.8739612
vn -0.456934 0.0 -0.8895006
vn -0.3976552 0.0 -0.9175349
vn -0.3674461 0.0 -0.9300448
vn -0.305893 0.0 -0.9520659
vn -0.2745464 0.0 -0.9615738
vn -0.2110255 0.0 -0.9774806
vn -0.1788688 0.0 -0.9838729
vn -0.1142657 0.0 -0.9934502
vn -0.0817948 0.0 -0.9966492
vn -0.0164377 0.0 -0.9998649
vn 0.0164377 0.0 -0.9998649
vn 0.0817948 0.0 -0.9966492
vn 0.1142657 0.0 -0.9934502
vn 0.1788688 0.0 -0.9838729
vn 0.2110255 0.0 -0.9774806
vn 0.2745464 0.0 -0.9615738
vn 0.305893 0.0 -0.9520659
vn 0.3674461 0.0 -0.9300448
vn 0.3976552 0.0 -0.9175349
vn 0.456934 0.0 -0.8895006
vn 0.4859957 0.0 -0.8739612
vn 0.5420838 0.0 -0.8403244
vn 0.5691314 0.0 -0.8222466
vn 0.6215107 0.0 -0.7834057
vn 0.646831 0.0 -0.7626334
vn 0.6953931 0.0 -0.7186295
vn 0.7186295 0.0 -0.6953931
vn 0.7626334 0.0 -0.646831
vn 0.7834057 0.0 -0.6215107
vn 0.8222466 0.0 -0.5691314
vn 0.8403244 0.0 -0.5420838
vn 0.8739612 0.0 -0.4859957
vn 0.8895006 0.0 -0.456934
vn 0.9175349 0.0 -0.3976552
vn 0.9300448 0.0 -0.3674461
vn 0.9520659 0.0 -0.305893
vn 0.9615738 0.0 -0.2745464
vn 0.9774806 0.0 -0.2110255
vn 0.9838729 0.0 -0.1788688
vn 0.9934502 0.0 -0.1142657
vn 0.9966492 0.0 -0.0817948
vn 0.6415962 -0.7574383 0.1210025
vn 0.6451089 -0.7550115 0.1174403
vn 0.6316056 -0.7579011 0.1632799
vn 0.6167872 -0.7595026 0.2067109
vn 0.5877035 -0.7578017 0.2834452
vn 0.564669 -0.7594418 0.3231054
vn 0.5211436 -0.7577924 0.3926323
vn 0.4908016 -0.7594586 0.4270086
vn 0.4345801 -0.7577982 0.4867052
vn 0.3980685 -0.7594582 0.5145529
vn 0.3312562 -0.7578042 0.5621407
vn 0.2899798 -0.7595087 0.5822871
vn 0.2151499 -0.7578827 0.6158931
vn 0.1707682 -0.7595629 0.6276165
vn 0.0908866 -0.7578917 0.6460185
vn 0.0450652 -0.7595595 0.6488748
vn -0.0369189 -0.7579152 0.6513076
vn -0.0823591 -0.7595748 0.6451845
vn -0.1632058 -0.7579032 0.6316222
vn -0.2066177 -0.7595591 0.6167488
vn -0.2833307 -0.7579161 0.5876112
vn -0.3230378 -0.7596028 0.5644911
vn -0.3925423 -0.7579532 0.5209774
vn -0.4269077 -0.7596197 0.4906402
vn -0.486637 -0.757957 0.4343796
vn -0.5145212 -0.7595627 0.39791
vn -0.5621406 -0.7578506 0.3311502
vn -0.582307 -0.7594544 0.290082
vn -0.6159774 -0.7577798 0.2152709
vn -0.6277636 -0.7594069 0.1709211
vn -0.6461996 -0.7577308 0.0909405
vn -0.6490603 -0.7593985 0.045108
vn -0.6514957 -0.7577543 -0.0369013
vn -0.6453748 -0.7594138 -0.0823534
vn -0.6318101 -0.7577424 -0.1632252
vn -0.6168502 -0.7594523 -0.2067075
vn -0.5876465 -0.7578581 -0.2834124
vn -0.5644568 -0.7595978 -0.3231095
vn -0.5209774 -0.7579532 -0.3925423
vn -0.4906402 -0.7596197 -0.4269077
vn -0.4344346 -0.7579591 -0.4865846
vn -0.3979299 -0.7596192 -0.5144224
vn -0.3311371 -0.757965 -0.561994
vn -0.2899715 -0.7596155 -0.5821519
vn -0.2151827 -0.7579407 -0.6158103
vn -0.1708431 -0.7595679 -0.62759
vn -0.0908866 -0.7578917 -0.6460185
vn -0.0450652 -0.7595595 -0.6488748
vn 0.0369948 -0.757913 -0.6513058
vn 0.082443 -0.7595183 -0.6452403
vn 0.1633001 -0.7577888 -0.6317351
vn 0.2066492 -0.7593981 -0.6169365
vn 0.2833864 -0.7577552 -0.5877917
vn 0.3231054 -0.7594418 -0.564669
vn 0.3926323 -0.7577924 -0.5211436
vn 0.4270086 -0.7594586 -0.4908016
vn 0.4867052 -0.7577982 -0.4345801
vn 0.5145534 -0.7595125 -0.3979644
vn 0.5620817 -0.757907 -0.331121
vn 0.5821924 -0.7596105 -0.2899032
vn 0.6158103 -0.7579407 -0.2151827
vn 0.62759 -0.7595679 -0.1708431
vn 0.6460185 -0.7578917 -0.0908866
vn 0.6488748 -0.7595595 -0.0450652
vn 0.6513076 -0.7579152 0.0369189
vn 0.6451845 -0.7595748 0.0823591
vn 0.6316222 -0.7579032 0.1632058
vn 0.6167488 -0.7595591 0.2066177
vn 0.5876112 -0.7579161 0.2833307
vn 0.5644911 -0.7596028 0.3230378
vn 0.5209337 -0.7579511 0.3926045
vn 0.49064 -0.7595631 0.4270085
vn 0.4344761 -0.7578447 0.4867258
vn 0.290082 -0.7594544 0.582307
vn 0.2152709 -0.7577798 0.6159774
vn 0.1709211 -0.7594069 0.6277636
vn 0.0909405 -0.7577308 0.6461996
vn 0.045108 -0.7593985 0.6490603
vn -0.0369013 -0.7577543 0.6514957
vn -0.0824273 -0.7594681 0.6453015
vn -0.163279 -0.7578453 0.6316728
vn -0.2066947 -0.7595541 0.6167292
vn -0.4865846 -0.7579591 0.4344346
vn -0.5144224 -0.7596192 0.3979299
vn -0.561994 -0.757965 0.3311371
vn -0.5821519 -0.7596155 0.2899715
vn -0.6158103 -0.7579407 0.2151827
vn -0.62759 -0.7595679 0.1708431
vn -0.6460315 -0.7578895 0.0908117
vn -0.6489459 -0.759503 0.0449938
vn -0.6514367 -0.7578007 -0.0369894
vn -0.6169365 -0.7593981 -0.2066492
vn -0.5877917 -0.7577552 -0.2833864
vn -0.564669 -0.7594418 -0.3231054
vn -0.5211436 -0.7577924 -0.3926323
vn -0.4906996 -0.7595129 -0.4270294
vn -0.434436 -0.7579011 -0.4866737
vn -0.3978708 -0.7596142 -0.5144754
vn 0.0369189 -0.7579152 -0.6513076
vn 0.0823591 -0.7595748 -0.6451845
vn 0.1632058 -0.7579032 -0.6316222
vn 0.2066177 -0.7595591 -0.6167488
vn 0.2834001 -0.757914 -0.5875804
vn 0.3231368 -0.7595463 -0.5645105
vn 0.3926727 -0.7578388 -0.5210456
vn 0.5145529 -0.7594582 -0.3980685
vn 0.5621407 -0.7578042 -0.3312562
vn 0.582307 -0.7594544 -0.290082
vn 0.6159774 -0.7577798 -0.2152709
vn 0.6277636 -0.7594069 -0.1709211
vn 0.6461996 -0.7577308 -0.0909405
vn 0.6490028 -0.7594527 -0.0450211
vn 0.6513715 -0.7578572 0.0369809
vn 0.6451803 -0.7595698 0.0824384
vn 0.5209774 -0.7579532 0.3925423
vn 0.4906402 -0.7596197 0.4269077
vn 0.4344346 -0.7579591 0.4865846
vn 0.3979299 -0.7596192 0.5144224
vn 0.3311371 -0.757965 0.561994
vn 0.2899715 -0.7596155 0.5821519
vn 0.2151118 -0.7579385 0.6158377
vn 0.1707869 -0.7595114 0.6276737
vn 0.0908427 -0.7577772 0.6461589
vn -0.0823534 -0.7594138 0.6453748
vn -0.1632252 -0.7577424 0.6318101
vn -0.2066492 -0.7593981 0.6169365
vn -0.2833864 -0.7577552 0.5877917
vn -0.3231457 -0.759496 0.564573
vn -0.3926294 -0.7578953 0.5209961
vn -0.4269712 -0.7596147 0.4905926
vn -0.6460185 -0.7578917 0.0908866
vn -0.6488748 -0.7595595 0.0450652
vn -0.6513076 -0.7579152 -0.0369189
vn -0.6451845 -0.7595748 -0.0823591
vn -0.6316056 -0.7579011 -0.1632799
vn -0.6167872 -0.7595026 -0.2067109
vn -0.5877035 -0.7578017 -0.2834452
vn -0.4908016 -0.7594586 -0.4270086
vn -0.4345801 -0.7577982 -0.4867052
vn -0.3980685 -0.7594582 -0.5145529
vn -0.3312562 -0.7578042 -0.5621407
vn -0.2899798 -0.7595087 -0.5822871
vn -0.2151499 -0.7578827 -0.6158931
vn -0.1707682 -0.7595629 -0.6276165
vn 0.2833307 -0.7579161 -0.5876112
vn 0.3230378 -0.7596028 -0.5644911
vn 0.3925423 -0.7579532 -0.5209774
vn 0.4269077 -0.7596197 -0.4906402
vn 0.4865846 -0.7579591 -0.4344346
vn 0.5144224 -0.7596192 -0.3979299
vn 0.5620347 -0.7579629 -0.3310729
vn 0.582245 -0.7595589 -0.2899328
vn 0.6159566 -0.7578262 -0.215167
vn 0.6490603 -0.7593985 -0.045108
vn 0.6514957 -0.7577543 0.0369013
vn 0.6453748 -0.7594138 0.0823534
vn 0.6318101 -0.7577424 0.1632252
vn 0.6168502 -0.7594523 0.2067075
vn 0.5876465 -0.7578581 0.2834124
vn 0.5644568 -0.7595978 0.3231095
vn 0.2151827 -0.7579407 0.6158103
vn 0.1708431 -0.7595679 0.62759
vn -0.0369948 -0.757913 0.6513058
vn -0.082443 -0.7595183 0.6452403
vn -0.1633001 -0.7577888 0.6317351
vn -0.3231054 -0.7594418 0.564669
vn -0.3926323 -0.7577924 0.5211436
vn -0.4270086 -0.7594586 0.4908016
vn -0.4867052 -0.7577982 0.4345801
vn -0.5145534 -0.7595125 0.3979644
vn -0.5620817 -0.757907 0.331121
vn -0.5821924 -0.7596105 0.2899032
vn -0.6316222 -0.7579032 -0.1632058
vn -0.6167488 -0.7595591 -0.2066177
vn -0.5876112 -0.7579161 -0.2833307
vn -0.5644911 -0.7596028 -0.3230378
vn -0.4343796 -0.757957 -0.486637
vn -0.39791 -0.7595627 -0.5145212
vn -0.3311502 -0.7578506 -0.5621406
vn -0.290082 -0.7594544 -0.582307
vn -0.2152709 -0.7577798 -0.6159774
vn -0.1709211 -0.7594069 -0.6277636
vn -0.0909405 -0.7577308 -0.6461996
vn -0.045108 -0.7593985 -0.6490603
vn 0.0369013 -0.7577543 -0.6514957
vn 0.0824273 -0.7594681 -0.6453015
vn 0.163279 -0.7578453 -0.6316728
vn 0.2066947 -0.7595541 -0.6167292
vn 0.561994 -0.757965 -0.3311371
vn 0.5821519 -0.7596155 -0.2899715
vn 0.6460315 -0.7578895 -0.0908117
vn 0.6489459 -0.759503 -0.0449938
vn 0.6514367 -0.7578007 0.0369894
vn 0.6169365 -0.7593981 0.2066492
vn 0.5877917 -0.7577552 0.2833864
vn 0.4906996 -0.7595129 0.4270294
vn 0.434436 -0.7579011 0.4866737
vn 0.3978708 -0.7596142 0.5144754
vn -0.2834001 -0.757914 0.5875804
vn -0.3231368 -0.7595463 0.5645105
vn -0.3926727 -0.7578388 0.5210456
vn -0.5145529 -0.7594582 0.3980685
vn -0.5621407 -0.7578042 0.3312562
vn -0.6490028 -0.7594527 0.0450211
vn -0.6513715 -0.7578572 -0.0369809
vn -0.6451803 -0.7595698 -0.0824384
vn -0.2151118 -0.7579385 -0.6158377
vn -0.1707869 -0.7595114 -0.6276737
vn -0.0908427 -0.7577772 -0.6461589
vn 0.0823534 -0.7594138 -0.6453748
vn 0.1632252 -0.7577424 -0.6318101
vn 0.3231457 -0.759496 -0.564573
vn 0.3926294 -0.7578953 -0.5209961
vn 0.4269712 -0.7596147 -0.4905926
vn 0.1708248 -0.7594611 0.6277242
vn 0.0908382 -0.7578337 0.6460933
vn 0.0449866 -0.7595545 0.6488861
vn -0.5620347 -0.7579629 0.3310729
vn -0.582245 -0.7595589 0.2899328
vn -0.6159566 -0.7578262 0.215167
vn 0.5822871 -0.7595087 -0.2899798
vn 0.6158931 -0.7578827 -0.2151499
vn 0.6276165 -0.7595629 -0.1707682
vn 0.4343796 -0.757957 0.486637
vn 0.39791 -0.7595627 0.5145212
vn 0.3311502 -0.7578506 0.5621406
vn -0.3979644 -0.7595125 -0.5145534
vn -0.331121 -0.757907 -0.5620817
vn -0.2899032 -0.7596105 -0.5821924
vn 0.3926045 -0.7579511 -0.5209337
vn 0.4270085 -0.7595631 -0.49064
vn 0.4867258 -0.7578447 -0.4344761
vn -0.5875804 -0.757914 -0.2834001
vn -0.5645105 -0.7595463 -0.3231368
vn -0.5210456 -0.7578388 -0.3926727
vn -0.1708248 -0.7594611 -0.6277242
vn -0.0908382 -0.7578337 -0.6460933
vn -0.0449866 -0.7595545 -0.6488861
vn -0.1632799 -0.7579011 0.6316056
vn -0.2067109 -0.7595026 0.6167872
vn -0.2834452 -0.7578017 0.5877035
vn -0.5822871 -0.7595087 0.2899798
vn -0.6158931 -0.7578827 0.2151499
vn -0.6276165 -0.7595629 0.1707682
vn 0.3979644 -0.7595125 0.5145534
vn 0.331121 -0.757907 0.5620817
vn 0.2899032 -0.7596105 0.5821924
vn -0.3926045 -0.7579511 0.5209337
vn -0.4270085 -0.7595631 0.49064
vn -0.4867258 -0.7578447 0.4344761
vn 0.4270294 -0.7595129 -0.4906996
vn 0.4866737 -0.7579011 -0.434436
vn 0.5144754 -0.7596142 -0.3978708
vn 0.5875804 -0.757914 0.2834001
vn 0.5645105 -0.7595463 0.3231368
vn 0.5210456 -0.7578388 0.3926727
vn -0.564573 -0.759496 -0.3231457
vn -0.5209961 -0.7578953 -0.3926294
vn -0.4905926 -0.7596147 -0.4269712
vn 0.1632799 -0.7579011 -0.6316056
vn 0.2067109 -0.7595026 -0.6167872
vn 0.2834452 -0.7578017 -0.5877035
vn -0.2067075 -0.7594523 0.6168502
vn -0.2834124 -0.7578581 0.5876465
vn -0.3231095 -0.7595978 0.5644568
vn -0.6513058 -0.757913 -0.0369948
vn -0.6452403 -0.7595183 -0.082443
vn -0.6317351 -0.7577888 -0.1633001
vn 0.0908117 -0.7578895 0.6460315
vn 0.0449938 -0.759503 0.6489459
vn -0.0369894 -0.7578007 0.6514367
vn -0.4270294 -0.7595129 0.4906996
vn -0.4866737 -0.7579011 0.434436
vn -0.5144754 -0.7596142 0.3978708
vn 0.6158377 -0.7579385 -0.2151118
vn 0.6276737 -0.7595114 -0.1707869
vn 0.6461589 -0.7577772 -0.0908427
vn 0.564573 -0.759496 0.3231457
vn 0.5209961 -0.7578953 0.3926294
vn 0.4905926 -0.7596147 0.4269712
vn 0.2067075 -0.7594523 -0.6168502
vn 0.2834124 -0.7578581 -0.5876465
vn 0.3231095 -0.7595978 -0.5644568
vn 0.6513058 -0.757913 0.0369948
vn 0.6452403 -0.7595183 0.082443
vn 0.6317351 -0.7577888 0.1633001
vn -0.6453015 -0.7594681 -0.0824273
vn -0.6316728 -0.7578453 -0.163279
vn -0.6167292 -0.7595541 -0.2066947
vn -0.0908117 -0.7578895 -0.6460315
vn -0.0449938 -0.759503 -0.6489459
vn 0.0369894 -0.7578007 -0.6514367
vn 0.0450211 -0.7594527 0.6490028
vn -0.0369809 -0.7578572 0.6513715
vn -0.0824384 -0.7595698 0.6451803
vn -0.6158377 -0.7579385 0.2151118
vn -0.6276737 -0.7595114 0.1707869
vn -0.6461589 -0.7577772 0.0908427
vn 0.6277242 -0.7594611 -0.1708248
vn 0.6460933 -0.7578337 -0.0908382
vn 0.6488861 -0.7595545 -0.0449866
vn 0.3310729 -0.7579629 0.5620347
vn 0.2899328 -0.7595589 0.582245
vn 0.215167 -0.7578262 0.6159566
vn 0.486637 -0.757957 -0.4343796
vn 0.5145212 -0.7595627 -0.39791
vn 0.5621406 -0.7578506 -0.3311502
vn 0.6453015 -0.7594681 0.0824273
vn 0.6316728 -0.7578453 0.163279
vn 0.6167292 -0.7595541 0.2066947
vn -0.5209337 -0.7579511 -0.3926045
vn -0.49064 -0.7595631 -0.4270085
vn -0.4344761 -0.7578447 -0.4867258
vn -0.0450211 -0.7594527 -0.6490028
vn 0.0369809 -0.7578572 -0.6513715
vn 0.0824384 -0.7595698 -0.6451803
vn -0.6277242 -0.7594611 0.1708248
vn -0.6460933 -0.7578337 0.0908382
vn -0.6488861 -0.7595545 0.0449866
vn -0.3310729 -0.7579629 -0.5620347
vn -0.2899328 -0.7595589 -0.582245
vn -0.215167 -0.7578262 -0.6159566
vn 0.6390891 -0.7574249 -0.1336887
vn 0.6368735 -0.7602197 -0.1282889
f 1//1 2//2 3//3
f 1//1 3//3 4//4
f 2//5 6//5 3//5
f 1//6 4//6 5//6
f 4//4 3//3 7//7
f 4//4 7//7 8//8
f 3//5 6//5 7//5
f 4//6 8//6 5//6
f 8//8 7//7 9//9
f 8//8 9//9 10//10
f 7//5 6//5 9//5
f 8//6 10//6 5//6
f 10//10 9//9 11//11
f 10//10 11//11 12//12
f 9//5 6//5 11//5
f 10//6 12//6 5//6
f 12//12 11//11 13//13
f 12//12 13//13 14//14
f 11//5 6//5 13//5
f 12//6 14//6 5//6
f 14//14 13//13 15//15
f 14//14 15//15 16//16
f 13//5 6//5 15//5
f 14//6 16//6 5//6
f 16//16 15//15 17//17
f 16//16 17//17 18//18
f 15//5 6//5 17//5
f 16//6 18//6 5//6
f 18//18 17//17 19//19
f 18//18 19//19 20//20
f 17//5 6//5 19//5
f 18//6 20//6 5//6
f 20//20 19//19 21//21
f 20//20 21//21 22//22
f 19//5 6//5 21//5
f 20//6 22//6 5//6
f 22//22 21//21 23//23
f 22//22 23//23 24//24
f 21//5 6//5 23//5
f 22//6 24//6 5//6
f 24//24 23//23 25//25
f 24//24 25//25 26//26
f 23//5 6//5 25//5
f 24//6 26//6 5//6
f 26//26 25//25 27//27
f 26//26 27//27 28//28
f 25//5 6//5 27//5
f 26//6 28//6 5//6
f 28//28 27//27 29//29
f 28//28 29//29 30//30
f 27//5 6//5 29//5
f 28//6 30//6 5//6
f 30//30 29//29 31//31
f 30//30 31//31 32//32
f 29//5 6//5 31//5
f 30//6 32//6 5//6
f 32//32 31//31 33//33
f 32//32 33//33 34//34
f 31//5 6//5 33//5
f 32//6 34//6 5//6
f 34//34 33//33 35//35
f 34//34 35//35 36//36
f 33//5 6//5 35//5
f 34//6 36//6 5//6
f 36//36 35//35 37//37
f 36//36 37//37 38//38
f 35//5 6//5 37//5
f 36//6 38//6 5//6
f 38//38 37//37 39//39
f 38//38 39//39 40//40
f 37//5 6//5 39//5
f 38//6 40//6 5//6
f 40//40 39//39 41//41
f 40//40 41//41 42//42
f 39//5 6//5 41//5
f 40//6 42//6 5//6
f 42//42 41//41 43//43
f 42//42 43//43 44//44
f 41//5 6//5 43//5
f 42//6 44//6 5//6
f 44//44 43//43 45//45
f 44//44 45//45 46//46
f 43//5 6//5 45//5
f 44//6 46//6 5//6
f 46//46 45//45 47//47
f 46//46 47//47 48//48
f 45//5 6//5 47//5
f 46//6 48//6 5//6
f 48//48 47//47 49//49
f 48//48 49//49 50//50
f 47//5 6//5 49//5
f 48//6 50//6 5//6
f 50//50 49//49 51//51
f 50//50 51//51 52//52
f 49//5 6//5 51//5
f 50//6 52//6 5//6
f 52//52 51//51 53//53
f 52//52 53//53 54//54
f 51//5 6//5 53//5
f 52//6 54//6 5//6
f 54//54 53//53 55//55
f 54//54 55//55 56//56
f 53//5 6//5 55//5
f 54//6 56//6 5//6
f 56//56 55//55 57//57
f 56//56 57//57 58//58
f 55//5 6//5 57//5
f 56//6 58//6 5//6
f 58//58 57//57 59//59
f 58//58 59//59 60//60
f 57//5 6//5 59//5
f 58//6 60//6 5//6
f 60//60 59//59 61//61
f 60//60 61//61 62//62
f 59//5 6//5 61//5
f 60//6 62//6 5//6
f 62//62 61//61 63//63
f 62//62 63//63 64//64
f 61//5 6//5 63//5
f 62//6 64//6 5//6
f 64//64 63//63 65//65
f 64//64 65//65 66//66
f 63//5 6//5 65//5
f 64//6 66//6 5//6
f 66//66 65//65 67//67
f 66//66 67//67 68//68
f 65//5 6//5 67//5
f 66//6 68//6 5//6
f 68//68 67//67 69//69
f 68//68 69//69 70//70
f 67//5 6//5 69//5
f 68//6 70//6 5//6
f 70//70 69//69 71//71
f 70//70 71//71 72//72
f 69//5 6//5 71//5
f 70//6 72//6 5//6
f 72//72 71//71 73//73
f 72//72 73//73 74//74
f 71//5 6//5 73//5
f 72//6 74//6 5//6
f 74//74 73//73 75//75
f 74//74 75//75 76//76
f 73//5 6//5 75//5
f 74//6 76//6 5//6
f 76//76 75//75 77//77
f 76//76 77//77 78//78
f 75//5 6//5 77//5
f 76//6 78//6 5//6
f 78//78 77//77 79//79
f 78//78 79//79 80//80
f 77//5 6//5 79//5
f 78//6 80//6 5//6
f 80//80 79//79 81//81
f 80//80 81//81 82//82
f 79//5 6//5 81//5
f 80//6 82//6 5//6
f 82//82 81//81 83//83
f 82//82 83//83 84//84
f 81//5 6//5 83//5
f 82//6 84//6 5//6
f 84//84 83//83 85//85
f 84//84 85//85 86//86
f 83//5 6//5 85//5
f 84//6 86//6 5//6
f 86//86 85//85 87//87
f 86//86 87//87 88//88
f 85//5 6//5 87//5
f 86//6 88//6 5//6
f 88//88 87//87 89//89
f 88//88 89//89 90//90
f 87//5 6//5 89//5
f 88//6 90//6 5//6
f 90//90 89//89 91//91
f 90//90 91//91 92//92
f 89//5 6//5 91//5
f 90//6 92//6 5//6
f 92//92 91//91 93//93
f 92//92 93//93 94//94
f 91//5 6//5 93//5
f 92//6 94//6 5//6
f 94//94 93//93 95//95
f 94//94 95//95 96//96
f 93//5 6//5 95//5
f 94//6 96//6 5//6
f 96//96 95//95 97//97
f 96//96 97//97 98//98
f 95//5 6//5 97//5
f 96//6 98//6 5//6
f 98//98 97//97 99//99
f 98//98 99//99 100//100
f 97//5 6//5 99//5
f 98//6 100//6 5//6
f 100//100 99//99 101//101
f 100//100 101//101 102//102
f 99//5 6//5 101//5
f 100//6 102//6 5//6
f 102//102 101//101 103//103
f 102//102 103//103 104//104
f 101//5 6//5 103//5
f 102//6 104//6 5//6
f 104//104 103//103 105//105
f 104//104 105//105 106//106
f 103//5 6//5 105//5
f 104//6 106//6 5//6
f 106//106 105//105 107//107
f 106//106 107//107 108//108
f 105//5 6//5 107//5
f 106//6 108//6 5//6
f 108//108 107//107 109//109
f 108//108 109//109 110//110
f 107//5 6//5 109//5
f 108//6 110//6 5//6
f 110//110 109//109 111//111
f 110//110 111//111 112//112
f 109//5 6//5 111//5
f 110//6 112//6 5//6
f 112//112 111//111 113//113
f 112//112 113//113 114//114
f 111//5 6//5 113//5
f 112//6 114//6 5//6
f 114//114 113//113 115//115
f 114//114 115//115 116//116
f 113//5 6//5 115//5
f 114//6 116//6 5//6
f 116//116 115//115 117//117
f 116//116 117//117 118//118
f 115//5 6//5 117//5
f 116//6 118//6 5//6
f 118//118 117//117 119//119
f 118//118 119//119 120//120
f 117//5 6//5 119//5
f 118//6 120//6 5//6
f 120//120 119//119 121//121
f 120//120 121//121 122//122
f 119//5 6//5 121//5
f 120//6 122//6 5//6
f 122//122 121//121 123//123
f 122//122 123//123 124//124
f 121//5 6//5 123//5
f 122//6 124//6 5//6
f 124//124 123//123 125//125
f 124//124 125//125 126//126
f 123//5 6//5 125//5
f 124//6 126//6 5//6
f 126//126 125//125 127//127
f 126//126 127//127 128//128
f 125//5 6//5 127//5
f 126//6 128//6 5//6
f 128//128 127//127 129//129
f 128//128 129//129 130//130
f 127//5 6//5 129//5
f 128//6 130//6 5//6
f 130//130 129//129 2//2
f 130//130 2//2 1//1
f 129//5 6//5 2//5
f 130//6 1//6 5//6
f 131//131 132//132 133//133
f 131//131 133//133 134//134
f 134//134 133//133 135//135
f 134//134 135//135 136//136
f 136//136 135//135 137//137
f 136//136 137//137 138//138
f 138//138 137//137 139//139
f 138//138 139//139 140//140
f 140//140 139//139 141//141
f 140//140 141//141 142//142
f 142//142 141//141 143//143
f 142//142 143//143 144//144
f 144//144 143//143 145//145
f 144//144 145//145 146//146
f 146//146 145//145 147//147
f 146//146 147//147 148//148
f 148//148 147//147 149//149
f 148//148 149//149 150//150
f 150//150 149//149 151//151
f 150//150 151//151 152//152
f 152//152 151//151 153//153
f 152//152 153//153 154//154
f 154//154 153//153 155//155
f 154//154 155//155 156//156
f 156//156 155//155 157//157
f 156//156 157//157 158//158
f 158//158 157//157 159//159
f 158//158 159//159 160//160
f 160//160 159//159 161//161
f 160//160 161//161 162//162
f 162//162 161//161 163//163
f 162//162 163//163 164//164
f 164//164 163//163 165//165
f 164//164 165//165 166//166
f 166//166 165//165 167//167
f 166//166 167//167 168//168
f 168//168 167//167 169//169
f 168//168 169//169 170//170
f 170//170 169//169 171//171
f 170//170 171//171 172//172
f 172//172 171//171 173//173
f 172//172 173//173 174//174
f 174//174 173//173 175//175
f 174//174 175//175 176//176
f 176//176 175//175 177//177
f 176//176 177//177 178//178
f 178//178 177//177 179//179
f 178//178 179//179 180//180
f 180//180 179//179 181//181
f 180//180 181//181 182//182
f 182//182 181//181 183//183
f 182//182 183//183 184//184
f 184//184 183//183 185//185
f 184//184 185//185 186//186
f 186//186 185//185 187//187
f 186//186 187//187 188//188
f 188//188 187//187 189//189
f 188//188 189//189 190//190
f 190//190 189//189 191//191
f 190//190 191//191 192//192
f 192//192 191//191 193//193
f 192//192 193//193 194//194
f 194//194 193//193 195//195
f 194//194 195//195 196//196
f 196//196 195//195 197//197
f 196//196 197//197 198//198
f 198//198 197//197 199//199
f 198//198 199//199 200//200
f 200//200 199//199 201//201
f 200//200 201//201 202//202
f 202//202 201//201 203//203
f 202//202 203//203 204//140
f 204//140 203//203 205//141
f 204//140 205//141 206//204
f 206//204 205//141 207//205
f 206//204 207//205 208//206
f 208//206 207//205 209//207
f 208//206 209//207 210//208
f 210//208 209//207 211//209
f 210//208 211//209 212//210
f 212//210 211//209 213//211
f 212//210 213//211 214//212
f 214//212 213//211 215//151
f 214//212 215//151 216//152
f 216//152 215//151 217//153
f 216//152 217//153 218//154
f 218//154 217//153 219//213
f 218//154 219//213 220//214
f 220//214 219//213 221//215
f 220//214 221//215 222//216
f 222//216 221//215 223//217
f 222//216 223//217 224//218
f 224//218 223//217 225//219
f 224//218 225//219 226//220
f 226//220 225//219 227//221
f 226//220 227//221 228//164
f 228//164 227//221 229//165
f 228//164 229//165 230//222
f 230//222 229//165 231//223
f 230//222 231//223 232//224
f 232//224 231//223 233//225
f 232//224 233//225 234//226
f 234//226 233//225 235//227
f 234//226 235//227 236//228
f 236//228 235//227 237//173
f 236//228 237//173 238//174
f 238//174 237//173 239//175
f 238//174 239//175 240//176
f 240//176 239//175 241//177
f 240//176 241//177 242//178
f 242//178 241//177 243//229
f 242//178 243//229 244//230
f 244//230 243//229 245//231
f 244//230 245//231 246//232
f 246//232 245//231 247//233
f 246//232 247//233 248//234
f 248//234 247//233 249//235
f 248//234 249//235 250//186
f 250//186 249//235 251//187
f 250//186 251//187 252//236
f 252//236 251//187 253//237
f 252//236 253//237 254//238
f 254//238 253//237 255//239
f 254//238 255//239 256//240
f 256//240 255//239 257//241
f 256//240 257//241 258//242
f 258//242 257//241 259//243
f 258//242 259//243 260//244
f 260//244 259//243 261//197
f 260//244 261//197 262//198
f 262//198 261//197 263//199
f 262//198 263//199 264//200
f 264//200 263//199 265//245
f 264//200 265//245 266//246
f 266//246 265//245 267//247
f 266//246 267//247 268//248
f 268//248 267//247 269//249
f 268//248 269//249 270//250
f 270//250 269//249 271//251
f 270//250 271//251 272//252
f 272//252 271//251 273//253
f 272//252 273//253 274//208
f 274//208 273//253 275//209
f 274//208 275//209 276//254
f 276//254 275//209 277//255
f 276//254 277//255 278//256
f 278//256 277//255 279//257
f 278//256 279//257 280//258
f 280//258 279//257 281//259
f 280//258 281//259 282//260
f 282//260 281//259 283//213
f 282//260 283//213 284//214
f 284//214 283//213 285//215
f 284//214 285//215 286//216
f 286//216 285//215 287//217
f 286//216 287//217 288//218
f 288//218 287//217 289//261
f 288//218 289//261 290//262
f 290//262 289//261 291//263
f 290//262 291//263 292//264
f 292//264 291//263 293//265
f 292//264 293//265 294//266
f 294//266 293//265 295//267
f 294//266 295//267 296//224
f 296//224 295//267 297//225
f 296//224 297//225 298//268
f 298//268 297//225 299//269
f 298//268 299//269 300//270
f 300//270 299//269 301//271
f 300//270 301//271 302//272
f 302//272 301//271 303//273
f 302//272 303//273 304//274
f 304//274 303//273 305//177
f 304//274 305//177 306//178
f 306//178 305//177 307//229
f 306//178 307//229 308//230
f 308//230 307//229 309//231
f 308//230 309//231 310//232
f 310//232 309//231 311//275
f 310//232 311//275 312//276
f 312//276 311//275 313//277
f 312//276 313//277 314//278
f 314//278 313//277 315//279
f 314//278 315//279 316//280
f 316//280 315//279 317//281
f 316//280 317//281 318//282
f 318//282 317//281 319//283
f 318//282 319//283 320//240
f 320//240 319//283 321//241
f 320//240 321//241 322//284
f 322//284 321//241 323//285
f 322//284 323//285 324//286
f 324//286 323//285 325//287
f 324//286 325//287 326//288
f 326//288 325//287 327//289
f 326//288 327//289 328//290
f 328//290 327//289 329//245
f 328//290 329//245 330//246
f 330//246 329//245 331//247
f 330//246 331//247 332//248
f 332//248 331//247 333//249
f 332//248 333//249 334//250
f 334//250 333//249 335//291
f 334//250 335//291 336//292
f 336//292 335//291 337//145
f 336//292 337//145 338//146
f 338//146 337//145 339//293
f 338//146 339//293 340//294
f 340//294 339//293 341//295
f 340//294 341//295 342//256
f 342//256 341//295 343//257
f 342//256 343//257 344//296
f 344//296 343//257 345//297
f 344//296 345//297 346//298
f 346//298 345//297 347//299
f 346//298 347//299 348//300
f 348//300 347//299 349//301
f 348//300 349//301 350//302
f 350//302 349//301 351//217
f 350//302 351//217 352//218
f 352//218 351//217 353//261
f 352//218 353//261 354//262
f 354//262 353//261 355//263
f 354//262 355//263 356//264
f 356//264 355//263 357//303
f 356//264 357//303 358//304
f 358//304 357//303 359//305
f 358//304 359//305 360//306
f 360//306 359//305 361//169
f 360//306 361//169 362//170
f 362//170 361//169 363//307
f 362//170 363//307 364//308
f 364//308 363//307 365//309
f 364//308 365//309 366//310
f 366//310 365//309 367//311
f 366//310 367//311 368//312
f 368//312 367//311 369//313
f 368//312 369//313 370//314
f 370//314 369//313 371//315
f 370//314 371//315 372//316
f 372//316 371//315 373//317
f 372//316 373//317 374//318
f 374//318 373//317 375//275
f 374//318 375//275 376//276
f 376//276 375//275 377//277
f 376//276 377//277 378//278
f 378//278 377//277 379//279
f 378//278 379//279 380//280
f 380//280 379//279 381//319
f 380//280 381//319 382//320
f 382//320 381//319 383//191
f 382//320 383//191 384//192
f 384//192 383//191 385//321
f 384//192 385//321 386//322
f 386//322 385//321 387//323
f 386//322 387//323 388//286
f 388//286 387//323 389//287
f 388//286 389//287 390//324
f 390//324 389//287 391//325
f 390//324 391//325 392//136
f 392//136 391//325 393//137
f 392//136 393//137 394//326
f 394//326 393//137 395//327
f 394//326 395//327 396//328
f 396//328 395//327 397//249
f 396//328 397//249 398//250
f 398//250 397//249 399//291
f 398//250 399//291 400//292
f 400//292 399//291 401//145
f 400//292 401//145 402//146
f 402//146 401//145 403//147
f 402//146 403//147 404//148
f 404//148 403//147 405//149
f 404//148 405//149 406//150
f 406//150 405//149 407//329
f 406//150 407//329 408//330
f 408//330 407//329 409//331
f 408//330 409//331 410//298
f 410//298 409//331 411//299
f 410//298 411//299 412//332
f 412//332 411//299 413//333
f 412//332 413//333 414//158
f 414//158 413//333 415//159
f 414//158 415//159 416//160
f 416//160 415//159 417//161
f 416//160 417//161 418//334
f 418//334 417//161 419//335
f 418//334 419//335 420//336
f 420//336 419//335 421//303
f 420//336 421//303 422//304
f 422//304 421//303 423//305
f 422//304 423//305 424//306
f 424//306 423//305 425//169
f 424//306 425//169 426//170
f 426//170 425//169 427//171
f 426//170 427//171 428//172
f 428//172 427//171 429//173
f 428//172 429//173 430//174
f 430//174 429//173 431//337
f 430//174 431//337 432//338
f 432//338 431//337 433//339
f 432//338 433//339 434//314
f 434//314 433//339 435//315
f 434//314 435//315 436//340
f 436//340 435//315 437//341
f 436//340 437//341 438//182
f 438//182 437//341 439//183
f 438//182 439//183 440//342
f 440//342 439//183 441//343
f 440//342 441//343 442//344
f 442//344 441//343 443//279
f 442//344 443//279 444//280
f 444//280 443//279 445//319
f 444//280 445//319 446//320
f 446//320 445//319 447//191
f 446//320 447//191 448//192
f 448//192 447//191 449//193
f 448//192 449//193 450//194
f 450//194 449//193 451//195
f 450//194 451//195 452//196
f 452//196 451//195 453//133
f 452//196 453//133 454//134
f 454//134 453//133 455//135
f 454//134 455//135 456//136
f 456//136 455//135 457//137
f 456//136 457//137 458//138
f 458//138 457//137 459//139
f 458//138 459//139 460//140
f 460//140 459//139 461//141
f 460//140 461//141 462//204
f 462//204 461//141 463//205
f 462//204 463//205 464//345
f 464//345 463//205 465//346
f 464//345 465//346 466//347
f 466//347 465//346 467//147
f 466//347 467//147 468//148
f 468//148 467//147 469//149
f 468//148 469//149 470//150
f 470//150 469//149 471//151
f 470//150 471//151 472//152
f 472//152 471//151 473//153
f 472//152 473//153 474//154
f 474//154 473//153 475//213
f 474//154 475//213 476//214
f 476//214 475//213 477//348
f 476//214 477//348 478//349
f 478//349 477//348 479//350
f 478//349 479//350 480//160
f 480//160 479//350 481//161
f 480//160 481//161 482//162
f 482//162 481//161 483//163
f 482//162 483//163 484//164
f 484//164 483//163 485//165
f 484//164 485//165 486//166
f 486//166 485//165 487//167
f 486//166 487//167 488//168
f 488//168 487//167 489//169
f 488//168 489//169 490//170
f 490//170 489//169 491//171
f 490//170 491//171 492//172
f 492//172 491//171 493//173
f 492//172 493//173 494//174
f 494//174 493//173 495//175
f 494//174 495//175 496//176
f 496//176 495//175 497//177
f 496//176 497//177 498//178
f 498//178 497//177 499//179
f 498//178 499//179 500//180
f 500//180 499//179 501//181
f 500//180 501//181 502//182
f 502//182 501//181 503//183
f 502//182 503//183 504//184
f 504//184 503//183 505//185
f 504//184 505//185 506//186
f 506//186 505//185 507//187
f 506//186 507//187 508//236
f 508//236 507//187 509//237
f 508//236 509//237 510//351
f 510//351 509//237 511//352
f 510//351 511//352 512//353
f 512//353 511//352 513//193
f 512//353 513//193 514//194
f 514//194 513//193 515//195
f 514//194 515//195 516//196
f 516//196 515//195 517//197
f 516//196 517//197 518//198
f 518//198 517//197 519//199
f 518//198 519//199 520//200
f 520//200 519//199 521//245
f 520//200 521//245 522//246
f 522//246 521//245 523//354
f 522//246 523//354 524//355
f 524//355 523//354 525//356
f 524//355 525//356 526//204
f 526//204 525//356 527//205
f 526//204 527//205 528//206
f 528//206 527//205 529//207
f 528//206 529//207 530//208
f 530//208 529//207 531//209
f 530//208 531//209 532//210
f 532//210 531//209 533//211
f 532//210 533//211 534//212
f 534//212 533//211 535//151
f 534//212 535//151 536//152
f 536//152 535//151 537//153
f 536//152 537//153 538//154
f 538//154 537//153 539//213
f 538//154 539//213 540//214
f 540//214 539//213 541//215
f 540//214 541//215 542//216
f 542//216 541//215 543//217
f 542//216 543//217 544//218
f 544//218 543//217 545//219
f 544//218 545//219 546//220
f 546//220 545//219 547//221
f 546//220 547//221 548//164
f 548//164 547//221 549//165
f 548//164 549//165 550//222
f 550//222 549//165 551//223
f 550//222 551//223 552//224
f 552//224 551//223 553//225
f 552//224 553//225 554//268
f 554//268 553//225 555//269
f 554//268 555//269 556//357
f 556//357 555//269 557//358
f 556//357 557//358 558//359
f 558//359 557//358 559//175
f 558//359 559//175 560//176
f 560//176 559//175 561//177
f 560//176 561//177 562//178
f 562//178 561//177 563//229
f 562//178 563//229 564//230
f 564//230 563//229 565//231
f 564//230 565//231 566//232
f 566//232 565//231 567//275
f 566//232 567//275 568//276
f 568//276 567//275 569//360
f 568//276 569//360 570//361
f 570//361 569//360 571//362
f 570//361 571//362 572//236
f 572//236 571//362 573//237
f 572//236 573//237 574//238
f 574//238 573//237 575//239
f 574//238 575//239 576//240
f 576//240 575//239 577//241
f 576//240 577//241 578//242
f 578//242 577//241 579//243
f 578//242 579//243 580//244
f 580//244 579//243 581//197
f 580//244 581//197 582//198
f 582//198 581//197 583//199
f 582//198 583//199 584//200
f 584//200 583//199 585//245
f 584//200 585//245 586//246
f 586//246 585//245 587//247
f 586//246 587//247 588//248
f 588//248 587//247 589//249
f 588//248 589//249 590//250
f 590//250 589//249 591//251
f 590//250 591//251 592//252
f 592//252 591//251 593//253
f 592//252 593//253 594//208
f 594//208 593//253 595//209
f 594//208 595//209 596//254
f 596//254 595//209 597//255
f 596//254 597//255 598//256
f 598//256 597//255 599//257
f 598//256 599//257 600//258
f 600//258 599//257 601//259
f 600//258 601//259 602//260
f 602//260 601//259 603//213
f 602//260 603//213 604//214
f 604//214 603//213 605//215
f 604//214 605//215 606//216
f 606//216 605//215 607//217
f 606//216 607//217 608//218
f 608//218 607//217 609//261
f 608//218 609//261 610//262
f 610//262 609//261 611//263
f 610//262 611//263 612//264
f 612//264 611//263 613//303
f 612//264 613//303 614//304
f 614//304 613//303 615//363
f 614//304 615//363 616//364
f 616//364 615//363 617//365
f 616//364 617//365 618//268
f 618//268 617//365 619//269
f 618//268 619//269 620//270
f 620//270 619//269 621//271
f 620//270 621//271 622//310
f 622//310 621//271 623//311
f 622//310 623//311 624//366
f 624//366 623//311 625//367
f 624//366 625//367 626//368
f 626//368 625//367 627//229
f 626//368 627//229 628//230
f 628//230 627//229 629//231
f 628//230 629//231 630//232
f 630//232 629//231 631//275
f 630//232 631//275 632//276
f 632//276 631//275 633//277
f 632//276 633//277 634//278
f 634//278 633//277 635//279
f 634//278 635//279 636//280
f 636//280 635//279 637//281
f 636//280 637//281 638//282
f 638//282 637//281 639//283
f 638//282 639//283 640//240
f 640//240 639//283 641//241
f 640//240 641//241 642//284
f 642//284 641//241 643//285
f 642//284 643//285 644//286
f 644//286 643//285 645//287
f 644//286 645//287 646//288
f 646//288 645//287 647//289
f 646//288 647//289 648//290
f 648//290 647//289 649//245
f 648//290 649//245 650//246
f 650//246 649//245 651//247
f 650//246 651//247 652//248
f 652//248 651//247 653//249
f 652//248 653//249 654//250
f 654//250 653//249 655//291
f 654//250 655//291 656//292
f 656//292 655//291 657//145
f 656//292 657//145 658//146
f 658//146 657//145 659//147
f 658//146 659//147 660//148
f 660//148 659//147 661//369
f 660//148 661//369 662//370
f 662//370 661//369 663//371
f 662//370 663//371 664//296
f 664//296 663//371 665//297
f 664//296 665//297 666//298
f 666//298 665//297 667//299
f 666//298 667//299 668//332
f 668//332 667//299 669//333
f 668//332 669//333 670//372
f 670//372 669//333 671//373
f 670//372 671//373 672//374
f 672//374 671//373 673//261
f 672//374 673//261 674//262
f 674//262 673//261 675//263
f 674//262 675//263 676//264
f 676//264 675//263 677//303
f 676//264 677//303 678//304
f 678//304 677//303 679//305
f 678//304 679//305 680//306
f 680//306 679//305 681//169
f 680//306 681//169 682//170
f 682//170 681//169 683//307
f 682//170 683//307 684//308
f 684//308 683//307 685//309
f 684//308 685//309 686//310
f 686//310 685//309 687//311
f 686//310 687//311 688//312
f 688//312 687//311 689//313
f 688//312 689//313 690//314
f 690//314 689//313 691//315
f 690//314 691//315 692//316
f 692//316 691//315 693//317
f 692//316 693//317 694//318
f 694//318 693//317 695//275
f 694//318 695//275 696//276
f 696//276 695//275 697//277
f 696//276 697//277 698//278
f 698//278 697//277 699//279
f 698//278 699//279 700//280
f 700//280 699//279 701//319
f 700//280 701//319 702//320
f 702//320 701//319 703//191
f 702//320 703//191 704//192
f 704//192 703//191 705//321
f 704//192 705//321 706//322
f 706//322 705//321 707//323
f 706//322 707//323 708//286
f 708//286 707//323 709//287
f 708//286 709//287 710//324
f 710//324 709//287 711//325
f 710//324 711//325 712//136
f 712//136 711//325 713//137
f 712//136 713//137 714//138
f 714//138 713//137 715//139
f 714//138 715//139 716//375
f 716//375 715//139 717//376
f 716//375 717//376 718//377
f 718//377 717//376 719//291
f 718//377 719//291 720//292
f 720//292 719//291 721//145
f 720//292 721//145 722//146
f 722//146 721//145 723//147
f 722//146 723//147 724//148
f 724//148 723//147 725//149
f 724//148 725//149 726//150
f 726//150 725//149 727//151
f 726//150 727//151 728//152
f 728//152 727//151 729//378
f 728//152 729//378 730//379
f 730//379 729//378 731//380
f 730//379 731//380 732//332
f 732//332 731//380 733//333
f 732//332 733//333 734//158
f 734//158 733//333 735//159
f 734//158 735//159 736//160
f 736//160 735//159 737//161
f 736//160 737//161 738//334
f 738//334 737//161 739//335
f 738//334 739//335 740//336
f 740//336 739//335 741//303
f 740//336 741//303 742//304
f 742//304 741//303 743//305
f 742//304 743//305 744//306
f 744//306 743//305 745//169
f 744//306 745//169 746//170
f 746//170 745//169 747//171
f 746//170 747//171 748//172
f 748//172 747//171 749//173
f 748//172 749//173 750//174
f 750//174 749//173 751//337
f 750//174 751//337 752//338
f 752//338 751//337 753//339
f 752//338 753//339 754//314
f 754//314 753//339 755//315
f 754//314 755//315 756//340
f 756//340 755//315 757//341
f 756//340 757//341 758//182
f 758//182 757//341 759//183
f 758//182 759//183 760//184
f 760//184 759//183 761//185
f 760//184 761//185 762//381
f 762//381 761//185 763//382
f 762//381 763//382 764//383
f 764//383 763//382 765//319
f 764//383 765//319 766//320
f 766//320 765//319 767//191
f 766//320 767//191 768//192
f 768//192 767//191 769//193
f 768//192 769//193 770//194
f 770//194 769//193 771//195
f 770//194 771//195 772//196
f 772//196 771//195 773//197
f 772//196 773//197 774//198
f 774//198 773//197 775//384
f 774//198 775//384 776//385
f 776//385 775//384 777//386
f 776//385 777//386 778//138
f 778//138 777//386 779//139
f 778//138 779//139 780//140
f 780//140 779//139 781//141
f 780//140 781//141 782//204
f 782//204 781//141 783//205
f 782//204 783//205 784//345
f 784//345 783//205 785//346
f 784//345 785//346 786//347
f 786//347 785//346 787//147
f 786//347 787//147 788//148
f 788//148 787//147 789//149
f 788//148 789//149 790//150
f 790//150 789//149 791//151
f 790//150 791//151 792//152
f 792//152 791//151 793//153
f 792//152 793//153 794//154
f 794//154 793//153 795//213
f 794//154 795//213 796//214
f 796//214 795//213 797//348
f 796//214 797//348 798//349
f 798//349 797//348 799//350
f 798//349 799//350 800//160
f 800//160 799//350 801//161
f 800//160 801//161 802//162
f 802//162 801//161 803//163
f 802//162 803//163 804//164
f 804//164 803//163 805//165
f 804//164 805//165 806//222
f 806//222 805//165 807//223
f 806//222 807//223 808//387
f 808//387 807//223 809//388
f 808//387 809//388 810//389
f 810//389 809//388 811//171
f 810//389 811//171 812//172
f 812//172 811//171 813//173
f 812//172 813//173 814//174
f 814//174 813//173 815//175
f 814//174 815//175 816//176
f 816//176 815//175 817//177
f 816//176 817//177 818//178
f 818//178 817//177 819//229
f 818//178 819//229 820//230
f 820//230 819//229 821//390
f 820//230 821//390 822//391
f 822//391 821//390 823//392
f 822//391 823//392 824//184
f 824//184 823//392 825//185
f 824//184 825//185 826//186
f 826//186 825//185 827//187
f 826//186 827//187 828//236
f 828//236 827//187 829//237
f 828//236 829//237 830//351
f 830//351 829//237 831//352
f 830//351 831//352 832//353
f 832//353 831//352 833//193
f 832//353 833//193 834//194
f 834//194 833//193 835//195
f 834//194 835//195 836//196
f 836//196 835//195 837//197
f 836//196 837//197 838//198
f 838//198 837//197 839//199
f 838//198 839//199 840//200
f 840//200 839//199 841//245
f 840//200 841//245 842//246
f 842//246 841//245 843//354
f 842//246 843//354 844//355
f 844//355 843//354 845//356
f 844//355 845//356 846//204
f 846//204 845//356 847//205
f 846//204 847//205 848//206
f 848//206 847//205 849//207
f 848//206 849//207 850//208
f 850//208 849//207 851//209
f 850//208 851//209 852//254
f 852//254 851//209 853//255
f 852//254 853//255 854//393
f 854//393 853//255 855//394
f 854//393 855//394 856//395
f 856//395 855//394 857//153
f 856//395 857//153 858//154
f 858//154 857//153 859//213
f 858//154 859//213 860//214
f 860//214 859//213 861//215
f 860//214 861//215 862//216
f 862//216 861//215 863//217
f 862//216 863//217 864//218
f 864//218 863//217 865//261
f 864//218 865//261 866//262
f 866//262 865//261 867//396
f 866//262 867//396 868//397
f 868//397 867//396 869//398
f 868//397 869//398 870//222
f 870//222 869//398 871//223
f 870//222 871//223 872//224
f 872//224 871//223 873//225
f 872//224 873//225 874//268
f 874//268 873//225 875//269
f 874//268 875//269 876//357
f 876//357 875//269 877//358
f 876//357 877//358 878//359
f 878//359 877//358 879//175
f 878//359 879//175 880//176
f 880//176 879//175 881//177
f 880//176 881//177 882//178
f 882//178 881//177 883//229
f 882//178 883//229 884//230
f 884//230 883//229 885//231
f 884//230 885//231 886//232
f 886//232 885//231 887//275
f 886//232 887//275 888//276
f 888//276 887//275 889//360
f 888//276 889//360 890//361
f 890//361 889//360 891//362
f 890//361 891//362 892//236
f 892//236 891//362 893//237
f 892//236 893//237 894//238
f 894//238 893//237 895//239
f 894//238 895//239 896//240
f 896//240 895//239 897//241
f 896//240 897//241 898//242
f 898//242 897//241 899//243
f 898//242 899//243 900//244
f 900//244 899//243 901//197
f 900//244 901//197 902//198
f 902//198 901//197 903//199
f 902//198 903//199 904//200
f 904//200 903//199 905//245
f 904//200 905//245 906//246
f 906//246 905//245 907//247
f 906//246 907//247 908//248
f 908//248 907//247 909//249
f 908//248 909//249 910//250
f 910//250 909//249 911//291
f 910//250 911//291 912//292
f 912//292 911//291 913//399
f 912//292 913//399 914//400
f 914//400 913//399 915//401
f 914//400 915//401 916//254
f 916//254 915//401 917//255
f 916//254 917//255 918//256
f 918//256 917//255 919//257
f 918//256 919//257 920//296
f 920//296 919//257 921//297
f 920//296 921//297 922//402
f 922//402 921//297 923//403
f 922//402 923//403 924//404
f 924//404 923//403 925//215
f 924//404 925//215 926//216
f 926//216 925//215 927//217
f 926//216 927//217 928//218
f 928//218 927//217 929//261
f 928//218 929//261 930//262
f 930//262 929//261 931//263
f 930//262 931//263 932//264
f 932//264 931//263 933//303
f 932//264 933//303 934//304
f 934//304 933//303 935//363
f 934//304 935//363 936//364
f 936//364 935//363 937//365
f 936//364 937//365 938//268
f 938//268 937//365 939//269
f 938//268 939//269 940//270
f 940//270 939//269 941//271
f 940//270 941//271 942//310
f 942//310 941//271 943//311
f 942//310 943//311 944//366
f 944//366 943//311 945//367
f 944//366 945//367 946//368
f 946//368 945//367 947//229
f 946//368 947//229 948//230
f 948//230 947//229 949//231
f 948//230 949//231 950//232
f 950//232 949//231 951//275
f 950//232 951//275 952//276
f 952//276 951//275 953//277
f 952//276 953//277 954//278
f 954//278 953//277 955//279
f 954//278 955//279 956//280
f 956//280 955//279 957//319
f 956//280 957//319 958//320
f 958//320 957//319 959//405
f 958//320 959//405 960//406
f 960//406 959//405 961//407
f 960//406 961//407 962//284
f 962//284 961//407 963//285
f 962//284 963//285 964//286
f 964//286 963//285 965//287
f 964//286 965//287 966//324
f 966//324 965//287 967//325
f 966//324 967//325 968//408
f 968//408 967//325 969//409
f 968//408 969//409 970//410
f 970//410 969//409 971//247
f 970//410 971//247 972//248
f 972//248 971//247 973//249
f 972//248 973//249 974//250
f 974//250 973//249 975//291
f 974//250 975//291 976//292
f 976//292 975//291 977//145
f 976//292 977//145 978//146
f 978//146 977//145 979//147
f 978//146 979//147 980//148
f 980//148 979//147 981//369
f 980//148 981//369 982//370
f 982//370 981//369 983//371
f 982//370 983//371 984//296
f 984//296 983//371 985//297
f 984//296 985//297 986//298
f 986//298 985//297 987//299
f 986//298 987//299 988//332
f 988//332 987//299 989//333
f 988//332 989//333 990//372
f 990//372 989//333 991//373
f 990//372 991//373 992//374
f 992//374 991//373 993//261
f 992//374 993//261 994//262
f 994//262 993//261 995//263
f 994//262 995//263 996//264
f 996//264 995//263 997//303
f 996//264 997//303 998//304
f 998//304 997//303 999//305
f 998//304 999//305 1000//306
f 1000//306 999//305 1001//169
f 1000//306 1001//169 1002//170
f 1002//170 1001//169 1003//307
f 1002//170 1003//307 1004//308
f 1004//308 1003//307 1005//309
f 1004//308 1005//309 1006//310
f 1006//310 1005//309 1007//311
f 1006//310 1007//311 1008//312
f 1008//312 1007//311 1009//313
f 1008//312 1009//313 1010//314
f 1010//314 1009//313 1011//315
f 1010//314 1011//315 1012//340
f 1012//340 1011//315 1013//341
f 1012//340 1013//341 1014//411
f 1014//411 1013//341 1015//412
f 1014//411 1015//412 1016//413
f 1016//413 1015//412 1017//277
f 1016//413 1017//277 1018//278
f 1018//278 1017//277 1019//279
f 1018//278 1019//279 1020//280
f 1020//280 1019//279 1021//319
f 1020//280 1021//319 1022//320
f 1022//320 1021//319 1023//191
f 1022//320 1023//191 1024//192
f 1024//192 1023//191 1025//193
f 1024//192 1025//193 1026//194
f 1026//194 1025//193 1027//414
f 1026//194 1027//414 1028//415
f 1028//415 1027//414 1029//416
f 1028//415 1029//416 1030//324
f 1030//324 1029//416 1031//325
f 1030//324 1031//325 1032//136
f 1032//136 1031//325 1033//137
f 1032//136 1033//137 1034//138
f 1034//138 1033//137 1035//139
f 1034//138 1035//139 1036//375
f 1036//375 1035//139 1037//376
f 1036//375 1037//376 1038//377
f 1038//377 1037//376 1039//291
f 1038//377 1039//291 1040//292
f 1040//292 1039//291 1041//145
f 1040//292 1041//145 1042//146
f 1042//146 1041//145 1043//147
f 1042//146 1043//147 1044//148
f 1044//148 1043//147 1045//149
f 1044//148 1045//149 1046//150
f 1046//150 1045//149 1047//151
f 1046//150 1047//151 1048//152
f 1048//152 1047//151 1049//378
f 1048//152 1049//378 1050//379
f 1050//379 1049//378 1051//380
f 1050//379 1051//380 1052//332
f 1052//332 1051//380 1053//333
f 1052//332 1053//333 1054//158
f 1054//158 1053//333 1055//159
f 1054//158 1055//159 1056//160
f 1056//160 1055//159 1057//161
f 1056//160 1057//161 1058//162
f 1058//162 1057//161 1059//163
f 1058//162 1059//163 1060//417
f 1060//417 1059//163 1061//418
f 1060//417 1061//418 1062//419
f 1062//419 1061//418 1063//305
f 1062//419 1063//305 1064//306
f 1064//306 1063//305 1065//169
f 1064//306 1065//169 1066//170
f 1066//170 1065//169 1067//171
f 1066//170 1067//171 1068//172
f 1068//172 1067//171 1069//173
f 1068//172 1069//173 1070//174
f 1070//174 1069//173 1071//175
f 1070//174 1071//175 1072//176
f 1072//176 1071//175 1073//420
f 1072//176 1073//420 1074//421
f 1074//421 1073//420 1075//422
f 1074//421 1075//422 1076//340
f 1076//340 1075//422 1077//341
f 1076//340 1077//341 1078//182
f 1078//182 1077//341 1079//183
f 1078//182 1079//183 1080//184
f 1080//184 1079//183 1081//185
f 1080//184 1081//185 1082//381
f 1082//381 1081//185 1083//382
f 1082//381 1083//382 1084//383
f 1084//383 1083//382 1085//319
f 1084//383 1085//319 1086//320
f 1086//320 1085//319 1087//191
f 1086//320 1087//191 1088//192
f 1088//192 1087//191 1089//193
f 1088//192 1089//193 1090//194
f 1090//194 1089//193 1091//195
f 1090//194 1091//195 1092//196
f 1092//196 1091//195 1093//197
f 1092//196 1093//197 1094//198
f 1094//198 1093//197 1095//384
f 1094//198 1095//384 1096//385
f 1096//385 1095//384 1097//386
f 1096//385 1097//386 1098//138
f 1098//138 1097//386 1099//139
f 1098//138 1099//139 1100//140
f 1100//140 1099//139 1101//141
f 1100//140 1101//141 1102//204
f 1102//204 1101//141 1103//205
f 1102//204 1103//205 1104//206
f 1104//206 1103//205 1105//207
f 1104//206 1105//207 1106//423
f 1106//423 1105//207 1107//424
f 1106//423 1107//424 1108//425
f 1108//425 1107//424 1109//149
f 1108//425 1109//149 1110//150
f 1110//150 1109//149 1111//151
f 1110//150 1111//151 1112//152
f 1112//152 1111//151 1113//153
f 1112//152 1113//153 1114//154
f 1114//154 1113//153 1115//213
f 1114//154 1115//213 1116//214
f 1116//214 1115//213 1117//215
f 1116//214 1117//215 1118//216
f 1118//216 1117//215 1119//426
f 1118//216 1119//426 1120//427
f 1120//427 1119//426 1121//428
f 1120//427 1121//428 1122//162
f 1122//162 1121//428 1123//163
f 1122//162 1123//163 1124//164
f 1124//164 1123//163 1125//165
f 1124//164 1125//165 1126//222
f 1126//222 1125//165 1127//223
f 1126//222 1127//223 1128//387
f 1128//387 1127//223 1129//388
f 1128//387 1129//388 1130//389
f 1130//389 1129//388 1131//171
f 1130//389 1131//171 1132//172
f 1132//172 1131//171 1133//173
f 1132//172 1133//173 1134//174
f 1134//174 1133//173 1135//175
f 1134//174 1135//175 1136//176
f 1136//176 1135//175 1137//177
f 1136//176 1137//177 1138//178
f 1138//178 1137//177 1139//229
f 1138//178 1139//229 1140//230
f 1140//230 1139//229 1141//390
f 1140//230 1141//390 1142//391
f 1142//391 1141//390 1143//392
f 1142//391 1143//392 1144//184
f 1144//184 1143//392 1145//185
f 1144//184 1145//185 1146//186
f 1146//186 1145//185 1147//187
f 1146//186 1147//187 1148//236
f 1148//236 1147//187 1149//237
f 1148//236 1149//237 1150//238
f 1150//238 1149//237 1151//239
f 1150//238 1151//239 1152//429
f 1152//429 1151//239 1153//430
f 1152//429 1153//430 1154//431
f 1154//431 1153//430 1155//195
f 1154//431 1155//195 1156//196
f 1156//196 1155//195 1157//197
f 1156//196 1157//197 1158//198
f 1158//198 1157//197 1159//199
f 1158//198 1159//199 1160//200
f 1160//200 1159//199 1161//245
f 1160//200 1161//245 1162//246
f 1162//246 1161//245 1163//247
f 1162//246 1163//247 1164//248
f 1164//248 1163//247 1165//432
f 1164//248 1165//432 1166//433
f 1166//433 1165//432 1167//434
f 1166//433 1167//434 1168//206
f 1168//206 1167//434 1169//207
f 1168//206 1169//207 1170//208
f 1170//208 1169//207 1171//209
f 1170//208 1171//209 1172//254
f 1172//254 1171//209 1173//255
f 1172//254 1173//255 1174//393
f 1174//393 1173//255 1175//394
f 1174//393 1175//394 1176//395
f 1176//395 1175//394 1177//153
f 1176//395 1177//153 1178//154
f 1178//154 1177//153 1179//213
f 1178//154 1179//213 1180//214
f 1180//214 1179//213 1181//215
f 1180//214 1181//215 1182//216
f 1182//216 1181//215 1183//217
f 1182//216 1183//217 1184//218
f 1184//218 1183//217 1185//261
f 1184//218 1185//261 1186//262
f 1186//262 1185//261 1187//396
f 1186//262 1187//396 1188//397
f 1188//397 1187//396 1189//398
f 1188//397 1189//398 1190//222
f 1190//222 1189//398 1191//223
f 1190//222 1191//223 1192//224
f 1192//224 1191//223 1193//225
f 1192//224 1193//225 1194//268
f 1194//268 1193//225 1195//269
f 1194//268 1195//269 1196//357
f 1196//357 1195//269 1197//358
f 1196//357 1197//358 1198//359
f 1198//359 1197//358 1199//175
f 1198//359 1199//175 1200//176
f 1200//176 1199//175 1201//177
f 1200//176 1201//177 1202//178
f 1202//178 1201//177 1203//229
f 1202//178 1203//229 1204//230
f 1204//230 1203//229 1205//231
f 1204//230 1205//231 1206//232
f 1206//232 1205//231 1207//275
f 1206//232 1207//275 1208//276
f 1208//276 1207//275 1209//277
f 1208//276 1209//277 1210//278
f 1210//278 1209//277 1211//435
f 1210//278 1211//435 1212//436
f 1212//436 1211//435 1213//437
f 1212//436 1213//437 1214//238
f 1214//238 1213//437 1215//239
f 1214//238 1215//239 1216//240
f 1216//240 1215//239 1217//241
f 1216//240 1217//241 1218//284
f 1218//284 1217//241 1219//285
f 1218//284 1219//285 1220//438
f 1220//438 1219//285 1221//439
f 1220//438 1221//439 1222//440
f 1222//440 1221//439 1223//199
f 1222//440 1223//199 1224//200
f 1224//200 1223//199 1225//245
f 1224//200 1225//245 1226//246
f 1226//246 1225//245 1227//247
f 1226//246 1227//247 1228//248
f 1228//248 1227//247 1229//249
f 1228//248 1229//249 1230//250
f 1230//250 1229//249 1231//291
f 1230//250 1231//291 1232//292
f 1232//292 1231//291 1233//399
f 1232//292 1233//399 1234//400
f 1234//400 1233//399 1235//401
f 1234//400 1235//401 1236//254
f 1236//254 1235//401 1237//255
f 1236//254 1237//255 1238//256
f 1238//256 1237//255 1239//257
f 1238//256 1239//257 1240//296
f 1240//296 1239//257 1241//297
f 1240//296 1241//297 1242//402
f 1242//402 1241//297 1243//403
f 1242//402 1243//403 1244//404
f 1244//404 1243//403 1245//215
f 1244//404 1245//215 1246//216
f 1246//216 1245//215 1247//217
f 1246//216 1247//217 1248//218
f 1248//218 1247//217 1249//261
f 1248//218 1249//261 1250//262
f 1250//262 1249//261 1251//263
f 1250//262 1251//263 1252//264
f 1252//264 1251//263 1253//303
f 1252//264 1253//303 1254//304
f 1254//304 1253//303 1255//305
f 1254//304 1255//305 1256//306
f 1256//306 1255//305 1257//441
f 1256//306 1257//441 1258//442
f 1258//442 1257//441 1259//443
f 1258//442 1259//443 1260//270
f 1260//270 1259//443 1261//271
f 1260//270 1261//271 1262//310
f 1262//310 1261//271 1263//311
f 1262//310 1263//311 1264//312
f 1264//312 1263//311 1265//313
f 1264//312 1265//313 1266//444
f 1266//444 1265//313 1267//445
f 1266//444 1267//445 1268//446
f 1268//446 1267//445 1269//231
f 1268//446 1269//231 1270//232
f 1270//232 1269//231 1271//275
f 1270//232 1271//275 1272//276
f 1272//276 1271//275 1273//277
f 1272//276 1273//277 1274//278
f 1274//278 1273//277 1275//279
f 1274//278 1275//279 1276//280
f 1276//280 1275//279 1277//319
f 1276//280 1277//319 1278//320
f 1278//320 1277//319 1279//405
f 1278//320 1279//405 1280//406
f 1280//406 1279//405 1281//407
f 1280//406 1281//407 1282//284
f 1282//284 1281//407 1283//285
f 1282//284 1283//285 1284//286
f 1284//286 1283//285 1285//287
f 1284//286 1285//287 1286//324
f 1286//324 1285//287 1287//325
f 1286//324 1287//325 1288//408
f 1288//408 1287//325 1289//409
f 1288//408 1289//409 1290//410
f 1290//410 1289//409 1291//247
f 1290//410 1291//247 1292//248
f 1292//248 1291//247 1293//249
f 1292//248 1293//249 1294//250
f 1294//250 1293//249 1295//291
f 1294//250 1295//291 1296//292
f 1296//292 1295//291 1297//145
f 1296//292 1297//145 1298//146
f 1298//146 1297//145 1299//147
f 1298//146 1299//147 1300//148
f 1300//148 1299//147 1301//369
f 1300//148 1301//369 1302//370
f 1302//370 1301//369 1303//371
f 1302//370 1303//371 1304//296
f 1304//296 1303//371 1305//297
f 1304//296 1305//297 1306//298
f 1306//298 1305//297 1307//299
f 1306//298 1307//299 1308//332
f 1308//332 1307//299 1309//333
f 1308//332 1309//333 1310//158
f 1310//158 1309//333 1311//159
f 1310//158 1311//159 1312//447
f 1312//447 1311//159 1313//448
f 1312//447 1313//448 1314//449
f 1314//449 1313//448 1315//263
f 1314//449 1315//263 1316//264
f 1316//264 1315//263 1317//303
f 1316//264 1317//303 1318//304
f 1318//304 1317//303 1319//305
f 1318//304 1319//305 1320//306
f 1320//306 1319//305 1321//169
f 1320//306 1321//169 1322//170
f 1322//170 1321//169 1323//171
f 1322//170 1323//171 1324//172
f 1324//172 1323//171 1325//450
f 1324//172 1325//450 1326//451
f 1326//451 1325//450 1327//452
f 1326//451 1327//452 1328//312
f 1328//312 1327//452 1329//313
f 1328//312 1329//313 1330//314
f 1330//314 1329//313 1331//315
f 1330//314 1331//315 1332//340
f 1332//340 1331//315 1333//341
f 1332//340 1333//341 1334//411
f 1334//411 1333//341 1335//412
f 1334//411 1335//412 1336//413
f 1336//413 1335//412 1337//277
f 1336//413 1337//277 1338//278
f 1338//278 1337//277 1339//279
f 1338//278 1339//279 1340//280
f 1340//280 1339//279 1341//319
f 1340//280 1341//319 1342//320
f 1342//320 1341//319 1343//191
f 1342//320 1343//191 1344//192
f 1344//192 1343//191 1345//193
f 1344//192 1345//193 1346//194
f 1346//194 1345//193 1347//414
f 1346//194 1347//414 1348//415
f 1348//415 1347//414 1349//416
f 1348//415 1349//416 1350//324
f 1350//324 1349//416 1351//325
f 1350//324 1351//325 1352//136
f 1352//136 1351//325 1353//137
f 1352//136 1353//137 1354//138
f 1354//138 1353//137 1355//139
f 1354//138 1355//139 1356//140
f 1356//140 1355//139 1357//141
f 1356//140 1357//141 1358//142
f 1358//142 1357//141 1359//143
f 1358//142 1359//143 1360//144
f 1360//144 1359//143 1361//145
f 1360//144 1361//145 1362//146
f 1362//146 1361//145 1363//147
f 1362//146 1363//147 1364//148
f 1364//148 1363//147 1365//149
f 1364//148 1365//149 1366//150
f 1366//150 1365//149 1367//151
f 1366//150 1367//151 1368//152
f 1368//152 1367//151 1369//153
f 1368//152 1369//153 1370//154
f 1370//154 1369//153 1371//155
f 1370//154 1371//155 1372//156
f 1372//156 1371//155 1373//157
f 1372//156 1373//157 1374//158
f 1374//158 1373//157 1375//159
f 1374//158 1375//159 1376//160
f 1376//160 1375//159 1377//161
f 1376//160 1377//161 1378//162
f 1378//162 1377//161 1379//163
f 1378//162 1379//163 1380//417
f 1380//417 1379//163 1381//418
f 1380//417 1381//418 1382//419
f 1382//419 1381//418 1383//305
f 1382//419 1383//305 1384//306
f 1384//306 1383//305 1385//169
f 1384//306 1385//169 1386//170
f 1386//170 1385//169 1387//171
f 1386//170 1387//171 1388//172
f 1388//172 1387//171 1389//173
f 1388//172 1389//173 1390//174
f 1390//174 1389//173 1391//175
f 1390//174 1391//175 1392//176
f 1392//176 1391//175 1393//420
f 1392//176 1393//420 1394//421
f 1394//421 1393//420 1395//422
f 1394//421 1395//422 1396//340
f 1396//340 1395//422 1397//341
f 1396//340 1397//341 1398//182
f 1398//182 1397//341 1399//183
f 1398//182 1399//183 1400//184
f 1400//184 1399//183 1401//185
f 1400//184 1401//185 1402//186
f 1402//186 1401//185 1403//187
f 1402//186 1403//187 1404//188
f 1404//188 1403//187 1405//189
f 1404//188 1405//189 1406//190
f 1406//190 1405//189 1407//191
f 1406//190 1407//191 1408//192
f 1408//192 1407//191 1409//193
f 1408//192 1409//193 1410//194
f 1410//194 1409//193 1411//195
f 1410//194 1411//195 1412//196
f 1412//196 1411//195 1413//197
f 1412//196 1413//197 1414//198
f 1414//198 1413//197 1415//199
f 1414//198 1415//199 1416//200
f 1416//200 1415//199 1417//201
f 1416//200 1417//201 1418//202
f 1418//202 1417//201 1419//203
f 1418//202 1419//203 1420//140
f 1420//140 1419//203 1421//141
f 1420//140 1421//141 1422//204
f 1422//204 1421//141 1423//205
f 1422//204 1423//205 1424//206
f 1424//206 1423//205 1425//207
f 1424//206 1425//207 1426//423
f 1426//423 1425//207 1427//424
f 1426//423 1427//424 1428//425
f 1428//425 1427//424 1429//149
f 1428//425 1429//149 1430//150
f 1430//150 1429//149 1431//151
f 1430//150 1431//151 1432//152
f 1432//152 1431//151 1433//153
f 1432//152 1433//153 1434//154
f 1434//154 1433//153 1435//213
f 1434//154 1435//213 1436//214
f 1436//214 1435//213 1437//215
f 1436//214 1437//215 1438//216
f 1438//216 1437//215 1439//426
f 1438//216 1439//426 1440//427
f 1440//427 1439//426 1441//428
f 1440//427 1441//428 1442//162
f 1442//162 1441//428 1443//163
f 1442//162 1443//163 1444//164
f 1444//164 1443//163 1445//165
f 1444//164 1445//165 1446//222
f 1446//222 1445//165 1447//223
f 1446//222 1447//223 1448//387
f 1448//387 1447//223 1449//388
f 1448//387 1449//388 1450//389
f 1450//389 1449//388 1451//171
f 1450//389 1451//171 1452//172
f 1452//172 1451//171 1453//173
f 1452//172 1453//173 1454//174
f 1454//174 1453//173 1455//175
f 1454//174 1455//175 1456//176
f 1456//176 1455//175 1457//177
f 1456//176 1457//177 1458//178
f 1458//178 1457//177 1459//229
f 1458//178 1459//229 1460//230
f 1460//230 1459//229 1461//231
f 1460//230 1461//231 1462//232
f 1462//232 1461//231 1463//233
f 1462//232 1463//233 1464//234
f 1464//234 1463//233 1465//235
f 1464//234 1465//235 1466//186
f 1466//186 1465//235 1467//187
f 1466//186 1467//187 1468//236
f 1468//236 1467//187 1469//237
f 1468//236 1469//237 1470//238
f 1470//238 1469//237 1471//239
f 1470//238 1471//239 1472//429
f 1472//429 1471//239 1473//430
f 1472//429 1473//430 1474//431
f 1474//431 1473//430 1475//195
f 1474//431 1475//195 1476//196
f 1476//196 1475//195 1477//197
f 1476//196 1477//197 1478//198
f 1478//198 1477//197 1479//199
f 1478//198 1479//199 1480//200
f 1480//200 1479//199 1481//245
f 1480//200 1481//245 1482//246
f 1482//246 1481//245 1483//247
f 1482//246 1483//247 1484//248
f 1484//248 1483//247 1485//432
f 1484//248 1485//432 1486//433
f 1486//433 1485//432 1487//434
f 1486//433 1487//434 1488//206
f 1488//206 1487//434 1489//207
f 1488//206 1489//207 1490//208
f 1490//208 1489//207 1491//209
f 1490//208 1491//209 1492//254
f 1492//254 1491//209 1493//255
f 1492//254 1493//255 1494//393
f 1494//393 1493//255 1495//394
f 1494//393 1495//394 1496//395
f 1496//395 1495//394 1497//153
f 1496//395 1497//153 1498//154
f 1498//154 1497//153 1499//213
f 1498//154 1499//213 1500//214
f 1500//214 1499//213 1501//215
f 1500//214 1501//215 1502//216
f 1502//216 1501//215 1503//217
f 1502//216 1503//217 1504//218
f 1504//218 1503//217 1505//261
f 1504//218 1505//261 1506//262
f 1506//262 1505//261 1507//263
f 1506//262 1507//263 1508//264
f 1508//264 1507//263 1509//265
f 1508//264 1509//265 1510//266
f 1510//266 1509//265 1511//267
f 1510//266 1511//267 1512//224
f 1512//224 1511//267 1513//225
f 1512//224 1513//225 1514//268
f 1514//268 1513//225 1515//269
f 1514//268 1515//269 1516//270
f 1516//270 1515//269 1517//271
f 1516//270 1517//271 1518//272
f 1518//272 1517//271 1519//273
f 1518//272 1519//273 1520//274
f 1520//274 1519//273 1521//177
f 1520//274 1521//177 1522//178
f 1522//178 1521//177 1523//229
f 1522//178 1523//229 1524//230
f 1524//230 1523//229 1525//231
f 1524//230 1525//231 1526//232
f 1526//232 1525//231 1527//275
f 1526//232 1527//275 1528//276
f 1528//276 1527//275 1529//277
f 1528//276 1529//277 1530//278
f 1530//278 1529//277 1531//435
f 1530//278 1531//435 1532//436
f 1532//436 1531//435 1533//437
f 1532//436 1533//437 1534//238
f 1534//238 1533//437 1535//239
f 1534//238 1535//239 1536//240
f 1536//240 1535//239 1537//241
f 1536//240 1537//241 1538//284
f 1538//284 1537//241 1539//285
f 1538//284 1539//285 1540//438
f 1540//438 1539//285 1541//439
f 1540//438 1541//439 1542//440
f 1542//440 1541//439 1543//199
f 1542//440 1543//199 1544//200
f 1544//200 1543//199 1545//245
f 1544//200 1545//245 1546//246
f 1546//246 1545//245 1547//247
f 1546//246 1547//247 1548//248
f 1548//248 1547//247 1549//249
f 1548//248 1549//249 1550//250
f 1550//250 1549//249 1551//291
f 1550//250 1551//291 1552//292
f 1552//292 1551//291 1553//145
f 1552//292 1553//145 1554//146
f 1554//146 1553//145 1555//293
f 1554//146 1555//293 1556//294
f 1556//294 1555//293 1557//295
f 1556//294 1557//295 1558//256
f 1558//256 1557//295 1559//257
f 1558//256 1559//257 1560//296
f 1560//296 1559//257 1561//297
f 1560//296 1561//297 1562//298
f 1562//298 1561//297 1563//299
f 1562//298 1563//299 1564//300
f 1564//300 1563//299 1565//301
f 1564//300 1565//301 1566//302
f 1566//302 1565//301 1567//217
f 1566//302 1567//217 1568//218
f 1568//218 1567//217 1569//261
f 1568//218 1569//261 1570//262
f 1570//262 1569//261 1571//263
f 1570//262 1571//263 1572//264
f 1572//264 1571//263 1573//303
f 1572//264 1573//303 1574//304
f 1574//304 1573//303 1575//305
f 1574//304 1575//305 1576//306
f 1576//306 1575//305 1577//441
f 1576//306 1577//441 1578//442
f 1578//442 1577//441 1579//443
f 1578//442 1579//443 1580//270
f 1580//270 1579//443 1581//271
f 1580//270 1581//271 1582//310
f 1582//310 1581//271 1583//311
f 1582//310 1583//311 1584//312
f 1584//312 1583//311 1585//313
f 1584//312 1585//313 1586//444
f 1586//444 1585//313 1587//445
f 1586//444 1587//445 1588//446
f 1588//446 1587//445 1589//231
f 1588//446 1589//231 1590//232
f 1590//232 1589//231 1591//275
f 1590//232 1591//275 1592//276
f 1592//276 1591//275 1593//277
f 1592//276 1593//277 1594//278
f 1594//278 1593//277 1595//279
f 1594//278 1595//279 1596//280
f 1596//280 1595//279 1597//319
f 1596//280 1597//319 1598//320
f 1598//320 1597//319 1599//405
f 1598//320 1599//405 1600//406
f 1600//406 1599//405 1601//407
f 1600//406 1601//407 1602//284
f 1602//284 1601//407 1603//285
f 1602//284 1603//285 1604//286
f 1604//286 1603//285 1605//287
f 1604//286 1605//287 1606//324
f 1606//324 1605//287 1607//325
f 1606//324 1607//325 1608//136
f 1608//136 1607//325 1609//137
f 1608//136 1609//137 1610//326
f 1610//326 1609//137 1611//327
f 1610//326 1611//327 1612//328
f 1612//328 1611//327 1613//249
f 1612//328 1613//249 1614//250
f 1614//250 1613//249 1615//291
f 1614//250 1615//291 1616//292
f 1616//292 1615//291 1617//145
f 1616//292 1617//145 1618//146
f 1618//146 1617//145 1619//147
f 1618//146 1619//147 1620//148
f 1620//148 1619//147 1621//149
f 1620//148 1621//149 1622//150
f 1622//150 1621//149 1623//329
f 1622//150 1623//329 1624//330
f 1624//330 1623//329 1625//331
f 1624//330 1625//331 1626//298
f 1626//298 1625//331 1627//299
f 1626//298 1627//299 1628//332
f 1628//332 1627//299 1629//333
f 1628//332 1629//333 1630//158
f 1630//158 1629//333 1631//159
f 1630//158 1631//159 1632//447
f 1632//447 1631//159 1633//448
f 1632//447 1633//448 1634//449
f 1634//449 1633//448 1635//263
f 1634//449 1635//263 1636//264
f 1636//264 1635//263 1637//303
f 1636//264 1637//303 1638//304
f 1638//304 1637//303 1639//305
f 1638//304 1639//305 1640//306
f 1640//306 1639//305 1641//169
f 1640//306 1641//169 1642//170
f 1642//170 1641//169 1643//171
f 1642//170 1643//171 1644//172
f 1644//172 1643//171 1645//450
f 1644//172 1645//450 1646//451
f 1646//451 1645//450 1647//452
f 1646//451 1647//452 1648//312
f 1648//312 1647//452 1649//313
f 1648//312 1649//313 1650//314
f 1650//314 1649//313 1651//315
f 1650//314 1651//315 1652//340
f 1652//340 1651//315 1653//341
f 1652//340 1653//341 1654//182
f 1654//182 1653//341 1655//183
f 1654//182 1655//183 1656//342
f 1656//342 1655//183 1657//343
f 1656//342 1657//343 1658//344
f 1658//344 1657//343 1659//279
f 1658//344 1659//279 1660//280
f 1660//280 1659//279 1661//319
f 1660//280 1661//319 1662//320
f 1662//320 1661//319 1663//191
f 1662//320 1663//191 1664//192
f 1664//192 1663//191 1665//193
f 1664//192 1665//193 1666//194
f 1666//194 1665//193 1667//195
f 1666//194 1667//195 1668//196
f 1668//196 1667//195 1669//133
f 1668//196 1669//133 1670//134
f 1670//134 1669//133 1671//135
f 1670//134 1671//135 1672//136
f 1672//136 1671//135 1673//137
f 1672//136 1673//137 1674//138
f 1674//138 1673//137 1675//139
f 1674//138 1675//139 1676//140
f 1676//140 1675//139 1677//141
f 1676//140 1677//141 1678//142
f 1678//142 1677//141 1679//143
f 1678//142 1679//143 1680//144
f 1680//144 1679//143 1681//145
f 1680//144 1681//145 1682//146
f 1682//146 1681//145 1683//147
f 1682//146 1683//147 1684//148
f 1684//148 1683//147 1685//149
f 1684//148 1685//149 1686//150
f 1686//150 1685//149 1687//151
f 1686//150 1687//151 1688//152
f 1688//152 1687//151 1689//153
f 1688//152 1689//153 1690//154
f 1690//154 1689//153 1691//155
f 1690//154 1691//155 1692//156
f 1692//156 1691//155 1693//157
f 1692//156 1693//157 1694//158
f 1694//158 1693//157 1695//159
f 1694//158 1695//159 1696//160
f 1696//160 1695//159 1697//161
f 1696//160 1697//161 1698//162
f 1698//162 1697//161 1699//163
f 1698//162 1699//163 1700//164
f 1700//164 1699//163 1701//165
f 1700//164 1701//165 1702//166
f 1702//166 1701//165 1703//167
f 1702//166 1703//167 1704//168
f 1704//168 1703//167 1705//169
f 1704//168 1705//169 1706//170
f 1706//170 1705//169 1707//171
f 1706//170 1707//171 1708//172
f 1708//172 1707//171 1709//173
f 1708//172 1709//173 1710//174
f 1710//174 1709//173 1711//175
f 1710//174 1711//175 1712//176
f 1712//176 1711//175 1713//177
f 1712//176 1713//177 1714//178
f 1714//178 1713//177 1715//179
f 1714//178 1715//179 1716//180
f 1716//180 1715//179 1717//181
f 1716//180 1717//181 1718//182
f 1718//182 1717//181 1719//183
f 1718//182 1719//183 1720//184
f 1720//184 1719//183 1721//185
f 1720//184 1721//185 1722//186
f 1722//186 1721//185 1723//187
f 1722//186 1723//187 1724//188
f 1724//188 1723//187 1725//189
f 1724//188 1725//189 1726//190
f 1726//190 1725//189 1727//191
f 1726//190 1727//191 1728//192
f 1728//192 1727//191 1729//193
f 1728//192 1729//193 1730//194
f 1730//194 1729//193 1731//195
f 1730//194 1731//195 1732//196
f 1732//196 1731//195 1733//197
f 1732//196 1733//197 1734//198
f 1734//198 1733//197 1735//199
f 1734//198 1735//199 1736//200
f 1736//200 1735//199 1737//201
f 1736//200 1737//201 1738//202
f 1738//202 1737//201 1739//203
f 1738//202 1739//203 1740//140
f 1740//140 1739//203 1741//141
f 1740//140 1741//141 1742//204
f 1742//204 1741//141 1743//205
f 1742//204 1743//205 1744//206
f 1744//206 1743//205 1745//207
f 1744//206 1745//207 1746//423
f 1746//423 1745//207 1747//424
f 1746//423 1747//424 1748//425
f 1748//425 1747//424 1749//149
f 1748//425 1749//149 1750//150
f 1750//150 1749//149 1751//151
f 1750//150 1751//151 1752//152
f 1752//152 1751//151 1753//153
f 1752//152 1753//153 1754//154
f 1754//154 1753//153 1755//213
f 1754//154 1755//213 1756//214
f 1756//214 1755//213 1757//215
f 1756//214 1757//215 1758//216
f 1758//216 1757//215 1759//217
f 1758//216 1759//217 1760//218
f 1760//218 1759//217 1761//219
f 1760//218 1761//219 1762//220
f 1762//220 1761//219 1763//221
f 1762//220 1763//221 1764//164
f 1764//164 1763//221 1765//165
f 1764//164 1765//165 1766//222
f 1766//222 1765//165 1767//223
f 1766//222 1767//223 1768//224
f 1768//224 1767//223 1769//225
f 1768//224 1769//225 1770//226
f 1770//226 1769//225 1771//227
f 1770//226 1771//227 1772//228
f 1772//228 1771//227 1773//173
f 1772//228 1773//173 1774//174
f 1774//174 1773//173 1775//175
f 1774//174 1775//175 1776//176
f 1776//176 1775//175 1777//177
f 1776//176 1777//177 1778//178
f 1778//178 1777//177 1779//229
f 1778//178 1779//229 1780//230
f 1780//230 1779//229 1781//231
f 1780//230 1781//231 1782//232
f 1782//232 1781//231 1783//233
f 1782//232 1783//233 1784//234
f 1784//234 1783//233 1785//235
f 1784//234 1785//235 1786//186
f 1786//186 1785//235 1787//187
f 1786//186 1787//187 1788//236
f 1788//236 1787//187 1789//237
f 1788//236 1789//237 1790//238
f 1790//238 1789//237 1791//239
f 1790//238 1791//239 1792//429
f 1792//429 1791//239 1793//430
f 1792//429 1793//430 1794//431
f 1794//431 1793//430 1795//195
f 1794//431 1795//195 1796//196
f 1796//196 1795//195 1797//197
f 1796//196 1797//197 1798//198
f 1798//198 1797//197 1799//199
f 1798//198 1799//199 1800//200
f 1800//200 1799//199 1801//245
f 1800//200 1801//245 1802//246
f 1802//246 1801//245 1803//247
f 1802//246 1803//247 1804//248
f 1804//248 1803//247 1805//249
f 1804//248 1805//249 1806//250
f 1806//250 1805//249 1807//251
f 1806//250 1807//251 1808//252
f 1808//252 1807//251 1809//253
f 1808//252 1809//253 1810//208
f 1810//208 1809//253 1811//209
f 1810//208 1811//209 1812//254
f 1812//254 1811//209 1813//255
f 1812//254 1813//255 1814//256
f 1814//256 1813//255 1815//257
f 1814//256 1815//257 1816//258
f 1816//258 1815//257 1817//259
f 1816//258 1817//259 1818//260
f 1818//260 1817//259 1819//213
f 1818//260 1819//213 1820//214
f 1820//214 1819//213 1821//215
f 1820//214 1821//215 1822//216
f 1822//216 1821//215 1823//217
f 1822//216 1823//217 1824//218
f 1824//218 1823//217 1825//261
f 1824//218 1825//261 1826//262
f 1826//262 1825//261 1827//263
f 1826//262 1827//263 1828//264
f 1828//264 1827//263 1829//265
f 1828//264 1829//265 1830//266
f 1830//266 1829//265 1831//267
f 1830//266 1831//267 1832//224
f 1832//224 1831//267 1833//225
f 1832//224 1833//225 1834//268
f 1834//268 1833//225 1835//269
f 1834//268 1835//269 1836//270
f 1836//270 1835//269 1837//271
f 1836//270 1837//271 1838//272
f 1838//272 1837//271 1839//273
f 1838//272 1839//273 1840//274
f 1840//274 1839//273 1841//177
f 1840//274 1841//177 1842//178
f 1842//178 1841//177 1843//229
f 1842//178 1843//229 1844//230
f 1844//230 1843//229 1845//231
f 1844//230 1845//231 1846//232
f 1846//232 1845//231 1847//275
f 1846//232 1847//275 1848//276
f 1848//276 1847//275 1849//277
f 1848//276 1849//277 1850//278
f 1850//278 1849//277 1851//435
f 1850//278 1851//435 1852//436
f 1852//436 1851//435 1853//437
f 1852//436 1853//437 1854//238
f 1854//238 1853//437 1855//239
f 1854//238 1855//239 1856//240
f 1856//240 1855//239 1857//241
f 1856//240 1857//241 1858//284
f 1858//284 1857//241 1859//285
f 1858//284 1859//285 1860//286
f 1860//286 1859//285 1861//287
f 1860//286 1861//287 1862//288
f 1862//288 1861//287 1863//289
f 1862//288 1863//289 1864//290
f 1864//290 1863//289 1865//245
f 1864//290 1865//245 1866//246
f 1866//246 1865//245 1867//247
f 1866//246 1867//247 1868//248
f 1868//248 1867//247 1869//249
f 1868//248 1869//249 1870//250
f 1870//250 1869//249 1871//291
f 1870//250 1871//291 1872//292
f 1872//292 1871//291 1873//145
f 1872//292 1873//145 1874//146
f 1874//146 1873//145 1875//293
f 1874//146 1875//293 1876//294
f 1876//294 1875//293 1877//295
f 1876//294 1877//295 1878//256
f 1878//256 1877//295 1879//257
f 1878//256 1879//257 1880//296
f 1880//296 1879//257 1881//297
f 1880//296 1881//297 1882//298
f 1882//298 1881//297 1883//299
f 1882//298 1883//299 1884//300
f 1884//300 1883//299 1885//301
f 1884//300 1885//301 1886//302
f 1886//302 1885//301 1887//217
f 1886//302 1887//217 1888//218
f 1888//218 1887//217 1889//261
f 1888//218 1889//261 1890//262
f 1890//262 1889//261 1891//263
f 1890//262 1891//263 1892//264
f 1892//264 1891//263 1893//303
f 1892//264 1893//303 1894//304
f 1894//304 1893//303 1895//305
f 1894//304 1895//305 1896//306
f 1896//306 1895//305 1897//441
f 1896//306 1897//441 1898//442
f 1898//442 1897//441 1899//443
f 1898//442 1899//443 1900//270
f 1900//270 1899//443 1901//271
f 1900//270 1901//271 1902//310
f 1902//310 1901//271 1903//311
f 1902//310 1903//311 1904//312
f 1904//312 1903//311 1905//313
f 1904//312 1905//313 1906//314
f 1906//314 1905//313 1907//315
f 1906//314 1907//315 1908//316
f 1908//316 1907//315 1909//317
f 1908//316 1909//317 1910//318
f 1910//318 1909//317 1911//275
f 1910//318 1911//275 1912//276
f 1912//276 1911//275 1913//277
f 1912//276 1913//277 1914//278
f 1914//278 1913//277 1915//279
f 1914//278 1915//279 1916//280
f 1916//280 1915//279 1917//319
f 1916//280 1917//319 1918//320
f 1918//320 1917//319 1919//191
f 1918//320 1919//191 1920//192
f 1920//192 1919//191 1921//321
f 1920//192 1921//321 1922//322
f 1922//322 1921//321 1923//323
f 1922//322 1923//323 1924//286
f 1924//286 1923//323 1925//287
f 1924//286 1925//287 1926//324
f 1926//324 1925//287 1927//325
f 1926//324 1927//325 1928//136
f 1928//136 1927//325 1929//137
f 1928//136 1929//137 1930//326
f 1930//326 1929//137 1931//327
f 1930//326 1931//327 1932//328
f 1932//328 1931//327 1933//249
f 1932//328 1933//249 1934//250
f 1934//250 1933//249 1935//291
f 1934//250 1935//291 1936//292
f 1936//292 1935//291 1937//145
f 1936//292 1937//145 1938//146
f 1938//146 1937//145 1939//147
f 1938//146 1939//147 1940//148
f 1940//148 1939//147 1941//149
f 1940//148 1941//149 1942//150
f 1942//150 1941//149 1943//329
f 1942//150 1943//329 1944//330
f 1944//330 1943//329 1945//331
f 1944//330 1945//331 1946//298
f 1946//298 1945//331 1947//299
f 1946//298 1947//299 1948//332
f 1948//332 1947//299 1949//333
f 1948//332 1949//333 1950//158
f 1950//158 1949//333 1951//159
f 1950//158 1951//159 1952//160
f 1952//160 1951//159 1953//161
f 1952//160 1953//161 1954//334
f 1954//334 1953//161 1955//335
f 1954//334 1955//335 1956//336
f 1956//336 1955//335 1957//303
f 1956//336 1957//303 1958//304
f 1958//304 1957//303 1959//305
f 1958//304 1959//305 1960//306
f 1960//306 1959//305 1961//169
f 1960//306 1961//169 1962//170
f 1962//170 1961//169 1963//171
f 1962//170 1963//171 1964//172
f 1964//172 1963//171 1965//173
f 1964//172 1965//173 1966//174
f 1966//174 1965//173 1967//337
f 1966//174 1967//337 1968//338
f 1968//338 1967//337 1969//339
f 1968//338 1969//339 1970//314
f 1970//314 1969//339 1971//315
f 1970//314 1971//315 1972//340
f 1972//340 1971//315 1973//341
f 1972//340 1973//341 1974//182
f 1974//182 1973//341 1975//183
f 1974//182 1975//183 1976//342
f 1976//342 1975//183 1977//343
f 1976//342 1977//343 1978//344
f 1978//344 1977//343 1979//279
f 1978//344 1979//279 1980//280
f 1980//280 1979//279 1981//319
f 1980//280 1981//319 1982//320
f 1982//320 1981//319 1983//191
f 1982//320 1983//191 1984//192
f 1984//192 1983//191 1985//193
f 1984//192 1985//193 1986//194
f 1986//194 1985//193 1987//195
f 1986//194 1987//195 1988//196
f 1988//196 1987//195 1989//133
f 1988//196 1989//133 1990//134
f 1990//134 1989//133 1991//135
f 1990//134 1991//135 1992//136
f 1992//136 1991//135 1993//137
f 1992//136 1993//137 1994//138
f 1994//138 1993//137 1995//139
f 1994//138 1995//139 1996//140
f 1996//140 1995//139 1997//141
f 1996//140 1997//141 1998//204
f 1998//204 1997//141 1999//205
f 1998//204 1999//205 2000//345
f 2000//345 1999//205 2001//346
f 2000//345 2001//346 2002//347
f 2002//347 2001//346 2003//147
f 2002//347 2003//147 2004//148
f 2004//148 2003//147 2005//149
f 2004//148 2005//149 2006//150
f 2006//150 2005//149 2007//151
f 2006//150 2007//151 2008//152
f 2008//152 2007//151 2009//153
f 2008//152 2009//153 2010//154
f 2010//154 2009//153 2011//213
f 2010//154 2011//213 2012//214
f 2012//214 2011//213 2013//348
f 2012//214 2013//348 2014//349
f 2014//349 2013//348 2015//350
f 2014//349 2015//350 2016//160
f 2016//160 2015//350 2017//161
f 2016//160 2017//161 2018//162
f 2018//162 2017//161 2019//163
f 2018//162 2019//163 2020//164
f 2020//164 2019//163 2021//165
f 2020//164 2021//165 2022//166
f 2022//166 2021//165 2023//167
f 2022//166 2023//167 2024//168
f 2024//168 2023//167 2025//169
f 2024//168 2025//169 2026//170
f 2026//170 2025//169 2027//171
f 2026//170 2027//171 2028//172
f 2028//172 2027//171 2029//173
f 2028//172 2029//173 2030//174
f 2030//174 2029//173 2031//175
f 2030//174 2031//175 2032//176
f 2032//176 2031//175 2033//177
f 2032//176 2033//177 2034//178
f 2034//178 2033//177 2035//179
f 2034//178 2035//179 2036//180
f 2036//180 2035//179 2037//181
f 2036//180 2037//181 2038//182
f 2038//182 2037//181 2039//183
f 2038//182 2039//183 2040//184
f 2040//184 2039//183 2041//185
f 2040//184 2041//185 2042//186
f 2042//186 2041//185 2043//187
f 2042//186 2043//187 2044//188
f 2044//188 2043//187 2045//189
f 2044//188 2045//189 2046//190
f 2046//190 2045//189 2047//191
f 2046//190 2047//191 2048//192
f 2048//192 2047//191 2049//193
f 2048//192 2049//193 2050//194
f 2050//194 2049//193 2051//195
f 2050//194 2051//195 2052//196
f 2052//196 2051//195 2053//197
f 2052//196 2053//197 2054//198
f 2054//198 2053//197 2055//199
f 2054//198 2055//199 2056//200
f 2056//200 2055//199 2057//245
f 2056//200 2057//245 2058//246
f 2058//246 2057//245 2059//354
f 2058//246 2059//354 2060//355
f 2060//355 2059//354 2061//356
f 2060//355 2061//356 2062//204
f 2062//204 2061//356 2063//205
f 2062//204 2063//205 2064//206
f 2064//206 2063//205 2065//207
f 2064//206 2065//207 2066//208
f 2066//208 2065//207 2067//209
f 2066//208 2067//209 2068//210
f 2068//210 2067//209 2069//211
f 2068//210 2069//211 2070//212
f 2070//212 2069//211 2071//151
f 2070//212 2071//151 2072//152
f 2072//152 2071//151 2073//153
f 2072//152 2073//153 2074//154
f 2074//154 2073//153 2075//213
f 2074//154 2075//213 2076//214
f 2076//214 2075//213 2077//215
f 2076//214 2077//215 2078//216
f 2078//216 2077//215 2079//217
f 2078//216 2079//217 2080//218
f 2080//218 2079//217 2081//219
f 2080//218 2081//219 2082//220
f 2082//220 2081//219 2083//221
f 2082//220 2083//221 2084//164
f 2084//164 2083//221 2085//165
f 2084//164 2085//165 2086//222
f 2086//222 2085//165 2087//223
f 2086//222 2087//223 2088//224
f 2088//224 2087//223 2089//225
f 2088//224 2089//225 2090//226
f 2090//226 2089//225 2091//227
f 2090//226 2091//227 2092//228
f 2092//228 2091//227 2093//173
f 2092//228 2093//173 2094//174
f 2094//174 2093//173 2095//175
f 2094//174 2095//175 2096//176
f 2096//176 2095//175 2097//177
f 2096//176 2097//177 2098//178
f 2098//178 2097//177 2099//229
f 2098//178 2099//229 2100//230
f 2100//230 2099//229 2101//231
f 2100//230 2101//231 2102//232
f 2102//232 2101//231 2103//275
f 2102//232 2103//275 2104//276
f 2104//276 2103//275 2105//360
f 2104//276 2105//360 2106//361
f 2106//361 2105//360 2107//362
f 2106//361 2107//362 2108//236
f 2108//236 2107//362 2109//237
f 2108//236 2109//237 2110//238
f 2110//238 2109//237 2111//239
f 2110//238 2111//239 2112//240
f 2112//240 2111//239 2113//241
f 2112//240 2113//241 2114//242
f 2114//242 2113//241 2115//243
f 2114//242 2115//243 2116//244
f 2116//244 2115//243 2117//197
f 2116//244 2117//197 2118//198
f 2118//198 2117//197 2119//199
f 2118//198 2119//199 2120//200
f 2120//200 2119//199 2121//245
f 2120//200 2121//245 2122//246
f 2122//246 2121//245 2123//247
f 2122//246 2123//247 2124//248
f 2124//248 2123//247 2125//249
f 2124//248 2125//249 2126//250
f 2126//250 2125//249 2127//251
f 2126//250 2127//251 2128//252
f 2128//252 2127//251 2129//253
f 2128//252 2129//253 2130//208
f 2130//208 2129//253 2131//209
f 2130//208 2131//209 2132//254
f 2132//254 2131//209 2133//255
f 2132//254 2133//255 2134//256
f 2134//256 2133//255 2135//257
f 2134//256 2135//257 2136//258
f 2136//258 2135//257 2137//259
f 2136//258 2137//259 2138//260
f 2138//260 2137//259 2139//213
f 2138//260 2139//213 2140//214
f 2140//214 2139//213 2141//215
f 2140//214 2141//215 2142//216
f 2142//216 2141//215 2143//217
f 2142//216 2143//217 2144//218
f 2144//218 2143//217 2145//261
f 2144//218 2145//261 2146//262
f 2146//262 2145//261 2147//263
f 2146//262 2147//263 2148//264
f 2148//264 2147//263 2149//265
f 2148//264 2149//265 2150//266
f 2150//266 2149//265 2151//267
f 2150//266 2151//267 2152//224
f 2152//224 2151//267 2153//225
f 2152//224 2153//225 2154//268
f 2154//268 2153//225 2155//269
f 2154//268 2155//269 2156//270
f 2156//270 2155//269 2157//271
f 2156//270 2157//271 2158//310
f 2158//310 2157//271 2159//311
f 2158//310 2159//311 2160//366
f 2160//366 2159//311 2161//367
f 2160//366 2161//367 2162//368
f 2162//368 2161//367 2163//229
f 2162//368 2163//229 2164//230
f 2164//230 2163//229 2165//231
f 2164//230 2165//231 2166//232
f 2166//232 2165//231 2167//275
f 2166//232 2167//275 2168//276
f 2168//276 2167//275 2169//277
f 2168//276 2169//277 2170//278
f 2170//278 2169//277 2171//279
f 2170//278 2171//279 2172//280
f 2172//280 2171//279 2173//281
f 2172//280 2173//281 2174//282
f 2174//282 2173//281 2175//283
f 2174//282 2175//283 2176//240
f 2176//240 2175//283 2177//241
f 2176//240 2177//241 2178//284
f 2178//284 2177//241 2179//285
f 2178//284 2179//285 2180//286
f 2180//286 2179//285 2181//287
f 2180//286 2181//287 2182//288
f 2182//288 2181//287 2183//289
f 2182//288 2183//289 2184//290
f 2184//290 2183//289 2185//245
f 2184//290 2185//245 2186//246
f 2186//246 2185//245 2187//247
f 2186//246 2187//247 2188//248
f 2188//248 2187//247 2189//249
f 2188//248 2189//249 2190//250
f 2190//250 2189//249 2191//291
f 2190//250 2191//291 2192//292
f 2192//292 2191//291 2193//145
f 2192//292 2193//145 2194//146
f 2194//146 2193//145 2195//293
f 2194//146 2195//293 2196//294
f 2196//294 2195//293 2197//295
f 2196//294 2197//295 2198//256
f 2198//256 2197//295 2199//257
f 2198//256 2199//257 2200//296
f 2200//296 2199//257 2201//297
f 2200//296 2201//297 2202//298
f 2202//298 2201//297 2203//299
f 2202//298 2203//299 2204//332
f 2204//332 2203//299 2205//333
f 2204//332 2205//333 2206//372
f 2206//372 2205//333 2207//373
f 2206//372 2207//373 2208//374
f 2208//374 2207//373 2209//261
f 2208//374 2209//261 2210//262
f 2210//262 2209//261 2211//263
f 2210//262 2211//263 2212//264
f 2212//264 2211//263 2213//303
f 2212//264 2213//303 2214//304
f 2214//304 2213//303 2215//305
f 2214//304 2215//305 2216//306
f 2216//306 2215//305 2217//169
f 2216//306 2217//169 2218//170
f 2218//170 2217//169 2219//307
f 2218//170 2219//307 2220//308
f 2220//308 2219//307 2221//309
f 2220//308 2221//309 2222//310
f 2222//310 2221//309 2223//311
f 2222//310 2223//311 2224//312
f 2224//312 2223//311 2225//313
f 2224//312 2225//313 2226//314
f 2226//314 2225//313 2227//315
f 2226//314 2227//315 2228//316
f 2228//316 2227//315 2229//317
f 2228//316 2229//317 2230//318
f 2230//318 2229//317 2231//275
f 2230//318 2231//275 2232//276
f 2232//276 2231//275 2233//277
f 2232//276 2233//277 2234//278
f 2234//278 2233//277 2235//279
f 2234//278 2235//279 2236//280
f 2236//280 2235//279 2237//319
f 2236//280 2237//319 2238//320
f 2238//320 2237//319 2239//191
f 2238//320 2239//191 2240//192
f 2240//192 2239//191 2241//321
f 2240//192 2241//321 2242//322
f 2242//322 2241//321 2243//323
f 2242//322 2243//323 2244//286
f 2244//286 2243//323 2245//287
f 2244//286 2245//287 2246//324
f 2246//324 2245//287 2247//325
f 2246//324 2247//325 2248//136
f 2248//136 2247//325 2249//137
f 2248//136 2249//137 2250//138
f 2250//138 2249//137 2251//139
f 2250//138 2251//139 2252//375
f 2252//375 2251//139 2253//376
f 2252//375 2253//376 2254//377
f 2254//377 2253//376 2255//291
f 2254//377 2255//291 2256//292
f 2256//292 2255//291 2257//145
f 2256//292 2257//145 2258//146
f 2258//146 2257//145 2259//147
f 2258//146 2259//147 2260//148
f 2260//148 2259//147 2261//149
f 2260//148 2261//149 2262//150
f 2262//150 2261//149 2263//151
f 2262//150 2263//151 2264//152
f 2264//152 2263//151 2265//378
f 2264//152 2265//378 2266//379
f 2266//379 2265//378 2267//380
f 2266//379 2267//380 2268//332
f 2268//332 2267//380 2269//333
f 2268//332 2269//333 2270//158
f 2270//158 2269//333 2271//159
f 2270//158 2271//159 2272//160
f 2272//160 2271//159 2273//161
f 2272//160 2273//161 2274//334
f 2274//334 2273//161 2275//335
f 2274//334 2275//335 2276//336
f 2276//336 2275//335 2277//303
f 2276//336 2277//303 2278//304
f 2278//304 2277//303 2279//305
f 2278//304 2279//305 2280//306
f 2280//306 2279//305 2281//169
f 2280//306 2281//169 2282//170
f 2282//170 2281//169 2283//171
f 2282//170 2283//171 2284//172
f 2284//172 2283//171 2285//173
f 2284//172 2285//173 2286//174
f 2286//174 2285//173 2287//337
f 2286//174 2287//337 2288//338
f 2288//338 2287//337 2289//339
f 2288//338 2289//339 2290//314
f 2290//314 2289//339 2291//315
f 2290//314 2291//315 2292//340
f 2292//340 2291//315 2293//341
f 2292//340 2293//341 2294//182
f 2294//182 2293//341 2295//183
f 2294//182 2295//183 2296//184
f 2296//184 2295//183 2297//185
f 2296//184 2297//185 2298//381
f 2298//381 2297//185 2299//382
f 2298//381 2299//382 2300//383
f 2300//383 2299//382 2301//319
f 2300//383 2301//319 2302//320
f 2302//320 2301//319 2303//191
f 2302//320 2303//191 2304//192
f 2304//192 2303//191 2305//193
f 2304//192 2305//193 2306//194
f 2306//194 2305//193 2307//195
f 2306//194 2307//195 2308//196
f 2308//196 2307//195 2309//197
f 2308//196 2309//197 2310//198
f 2310//198 2309//197 2311//384
f 2310//198 2311//384 2312//385
f 2312//385 2311//384 2313//386
f 2312//385 2313//386 2314//138
f 2314//138 2313//386 2315//139
f 2314//138 2315//139 2316//140
f 2316//140 2315//139 2317//141
f 2316//140 2317//141 2318//204
f 2318//204 2317//141 2319//205
f 2318//204 2319//205 2320//345
f 2320//345 2319//205 2321//346
f 2320//345 2321//346 2322//347
f 2322//347 2321//346 2323//147
f 2322//347 2323//147 2324//148
f 2324//148 2323//147 2325//149
f 2324//148 2325//149 2326//150
f 2326//150 2325//149 2327//151
f 2326//150 2327//151 2328//152
f 2328//152 2327//151 2329//153
f 2328//152 2329//153 2330//154
f 2330//154 2329//153 2331//213
f 2330//154 2331//213 2332//214
f 2332//214 2331//213 2333//348
f 2332//214 2333//348 2334//349
f 2334//349 2333//348 2335//350
f 2334//349 2335//350 2336//160
f 2336//160 2335//350 2337//161
f 2336//160 2337//161 2338//162
f 2338//162 2337//161 2339//163
f 2338//162 2339//163 2340//164
f 2340//164 2339//163 2341//165
f 2340//164 2341//165 2342//166
f 2342//166 2341//165 2343//167
f 2342//166 2343//167 2344//168
f 2344//168 2343//167 2345//169
f 2344//168 2345//169 2346//170
f 2346//170 2345//169 2347//171
f 2346//170 2347//171 2348//172
f 2348//172 2347//171 2349//173
f 2348//172 2349//173 2350//174
f 2350//174 2349//173 2351//175
f 2350//174 2351//175 2352//176
f 2352//176 2351//175 2353//177
f 2352//176 2353//177 2354//178
f 2354//178 2353//177 2355//229
f 2354//178 2355//229 2356//230
f 2356//230 2355//229 2357//390
f 2356//230 2357//390 2358//391
f 2358//391 2357//390 2359//392
f 2358//391 2359//392 2360//184
f 2360//184 2359//392 2361//185
f 2360//184 2361//185 2362//186
f 2362//186 2361//185 2363//187
f 2362//186 2363//187 2364//236
f 2364//236 2363//187 2365//237
f 2364//236 2365//237 2366//351
f 2366//351 2365//237 2367//352
f 2366//351 2367//352 2368//353
f 2368//353 2367//352 2369//193
f 2368//353 2369//193 2370//194
f 2370//194 2369//193 2371//195
f 2370//194 2371//195 2372//196
f 2372//196 2371//195 2373//197
f 2372//196 2373//197 2374//198
f 2374//198 2373//197 2375//199
f 2374//198 2375//199 2376//200
f 2376//200 2375//199 2377//245
f 2376//200 2377//245 2378//246
f 2378//246 2377//245 2379//354
f 2378//246 2379//354 2380//355
f 2380//355 2379//354 2381//356
f 2380//355 2381//356 2382//204
f 2382//204 2381//356 2383//205
f 2382//204 2383//205 2384//206
f 2384//206 2383//205 2385//207
f 2384//206 2385//207 2386//208
f 2386//208 2385//207 2387//209
f 2386//208 2387//209 2388//210
f 2388//210 2387//209 2389//211
f 2388//210 2389//211 2390//212
f 2390//212 2389//211 2391//151
f 2390//212 2391//151 2392//152
f 2392//152 2391//151 2393//153
f 2392//152 2393//153 2394//154
f 2394//154 2393//153 2395//213
f 2394//154 2395//213 2396//214
f 2396//214 2395//213 2397//215
f 2396//214 2397//215 2398//216
f 2398//216 2397//215 2399//217
f 2398//216 2399//217 2400//218
f 2400//218 2399//217 2401//261
f 2400//218 2401//261 2402//262
f 2402//262 2401//261 2403//396
f 2402//262 2403//396 2404//397
f 2404//397 2403//396 2405//398
f 2404//397 2405//398 2406//222
f 2406//222 2405//398 2407//223
f 2406//222 2407//223 2408//224
f 2408//224 2407//223 2409//225
f 2408//224 2409//225 2410//268
f 2410//268 2409//225 2411//269
f 2410//268 2411//269 2412//357
f 2412//357 2411//269 2413//358
f 2412//357 2413//358 2414//359
f 2414//359 2413//358 2415//175
f 2414//359 2415//175 2416//176
f 2416//176 2415//175 2417//177
f 2416//176 2417//177 2418//178
f 2418//178 2417//177 2419//229
f 2418//178 2419//229 2420//230
f 2420//230 2419//229 2421//231
f 2420//230 2421//231 2422//232
f 2422//232 2421//231 2423//275
f 2422//232 2423//275 2424//276
f 2424//276 2423//275 2425//360
f 2424//276 2425//360 2426//361
f 2426//361 2425//360 2427//362
f 2426//361 2427//362 2428//236
f 2428//236 2427//362 2429//237
f 2428//236 2429//237 2430//238
f 2430//238 2429//237 2431//239
f 2430//238 2431//239 2432//240
f 2432//240 2431//239 2433//241
f 2432//240 2433//241 2434//242
f 2434//242 2433//241 2435//243
f 2434//242 2435//243 2436//244
f 2436//244 2435//243 2437//197
f 2436//244 2437//197 2438//198
f 2438//198 2437//197 2439//199
f 2438//198 2439//199 2440//200
f 2440//200 2439//199 2441//245
f 2440//200 2441//245 2442//246
f 2442//246 2441//245 2443//247
f 2442//246 2443//247 2444//248
f 2444//248 2443//247 2445//249
f 2444//248 2445//249 2446//250
f 2446//250 2445//249 2447//251
f 2446//250 2447//251 2448//252
f 2448//252 2447//251 2449//253
f 2448//252 2449//253 2450//208
f 2450//208 2449//253 2451//209
f 2450//208 2451//209 2452//254
f 2452//254 2451//209 2453//255
f 2452//254 2453//255 2454//256
f 2454//256 2453//255 2455//257
f 2454//256 2455//257 2456//296
f 2456//296 2455//257 2457//297
f 2456//296 2457//297 2458//402
f 2458//402 2457//297 2459//403
f 2458//402 2459//403 2460//404
f 2460//404 2459//403 2461//215
f 2460//404 2461//215 2462//216
f 2462//216 2461//215 2463//217
f 2462//216 2463//217 2464//218
f 2464//218 2463//217 2465//261
f 2464//218 2465//261 2466//262
f 2466//262 2465//261 2467//263
f 2466//262 2467//263 2468//264
f 2468//264 2467//263 2469//303
f 2468//264 2469//303 2470//304
f 2470//304 2469//303 2471//363
f 2470//304 2471//363 2472//364
f 2472//364 2471//363 2473//365
f 2472//364 2473//365 2474//268
f 2474//268 2473//365 2475//269
f 2474//268 2475//269 2476//270
f 2476//270 2475//269 2477//271
f 2476//270 2477//271 2478//310
f 2478//310 2477//271 2479//311
f 2478//310 2479//311 2480//366
f 2480//366 2479//311 2481//367
f 2480//366 2481//367 2482//368
f 2482//368 2481//367 2483//229
f 2482//368 2483//229 2484//230
f 2484//230 2483//229 2485//231
f 2484//230 2485//231 2486//232
f 2486//232 2485//231 2487//275
f 2486//232 2487//275 2488//276
f 2488//276 2487//275 2489//277
f 2488//276 2489//277 2490//278
f 2490//278 2489//277 2491//279
f 2490//278 2491//279 2492//280
f 2492//280 2491//279 2493//281
f 2492//280 2493//281 2494//282
f 2494//282 2493//281 2495//283
f 2494//282 2495//283 2496//240
f 2496//240 2495//283 2497//241
f 2496//240 2497//241 2498//284
f 2498//284 2497//241 2499//285
f 2498//284 2499//285 2500//286
f 2500//286 2499//285 2501//287
f 2500//286 2501//287 2502//324
f 2502//324 2501//287 2503//325
f 2502//324 2503//325 2504//408
f 2504//408 2503//325 2505//409
f 2504//408 2505//409 2506//410
f 2506//410 2505//409 2507//247
f 2506//410 2507//247 2508//248
f 2508//248 2507//247 2509//249
f 2508//248 2509//249 2510//250
f 2510//250 2509//249 2511//291
f 2510//250 2511//291 2512//292
f 2512//292 2511//291 2513//145
f 2512//292 2513//145 2514//146
f 2514//146 2513//145 2515//147
f 2514//146 2515//147 2516//148
f 2516//148 2515//147 2517//369
f 2516//148 2517//369 2518//370
f 2518//370 2517//369 2519//371
f 2518//370 2519//371 2520//296
f 2520//296 2519//371 2521//297
f 2520//296 2521//297 2522//298
f 2522//298 2521//297 2523//299
f 2522//298 2523//299 2524//332
f 2524//332 2523//299 2525//333
f 2524//332 2525//333 2526//372
f 2526//372 2525//333 2527//373
f 2526//372 2527//373 2528//374
f 2528//374 2527//373 2529//261
f 2528//374 2529//261 2530//262
f 2530//262 2529//261 2531//263
f 2530//262 2531//263 2532//264
f 2532//264 2531//263 2533//303
f 2532//264 2533//303 2534//304
f 2534//304 2533//303 2535//305
f 2534//304 2535//305 2536//306
f 2536//306 2535//305 2537//169
f 2536//306 2537//169 2538//170
f 2538//170 2537//169 2539//307
f 2538//170 2539//307 2540//308
f 2540//308 2539//307 2541//309
f 2540//308 2541//309 2542//310
f 2542//310 2541//309 2543//311
f 2542//310 2543//311 2544//312
f 2544//312 2543//311 2545//313
f 2544//312 2545//313 2546//314
f 2546//314 2545//313 2547//315
f 2546//314 2547//315 2548//340
f 2548//340 2547//315 2549//341
f 2548//340 2549//341 2550//411
f 2550//411 2549//341 2551//412
f 2550//411 2551//412 2552//413
f 2552//413 2551//412 2553//277
f 2552//413 2553//277 2554//278
f 2554//278 2553//277 2555//279
f 2554//278 2555//279 2556//280
f 2556//280 2555//279 2557//319
f 2556//280 2557//319 2558//320
f 2558//320 2557//319 2559//191
f 2558//320 2559//191 2560//192
f 2560//192 2559//191 2561//193
f 2560//192 2561//193 2562//194
f 2562//194 2561//193 2563//414
f 2562//194 2563//414 2564//415
f 2564//415 2563//414 2565//416
f 2564//415 2565//416 2566//324
f 2566//324 2565//416 2567//325
f 2566//324 2567//325 2568//136
f 2568//136 2567//325 2569//137
f 2568//136 2569//137 2570//138
f 2570//138 2569//137 2571//139
f 2570//138 2571//139 2572//375
f 2572//375 2571//139 2573//376
f 2572//375 2573//376 2574//377
f 2574//377 2573//376 2575//291
f 2574//377 2575//291 2576//292
f 2576//292 2575//291 2577//145
f 2576//292 2577//145 2578//146
f 2578//146 2577//145 2579//147
f 2578//146 2579//147 2580//148
f 2580//148 2579//147 2581//149
f 2580//148 2581//149 2582//150
f 2582//150 2581//149 2583//151
f 2582//150 2583//151 2584//152
f 2584//152 2583//151 2585//378
f 2584//152 2585//378 2586//379
f 2586//379 2585//378 2587//380
f 2586//379 2587//380 2588//332
f 2588//332 2587//380 2589//333
f 2588//332 2589//333 2590//158
f 2590//158 2589//333 2591//159
f 2590//158 2591//159 2592//160
f 2592//160 2591//159 2593//161
f 2592//160 2593//161 2594//162
f 2594//162 2593//161 2595//163
f 2594//162 2595//163 2596//417
f 2596//417 2595//163 2597//418
f 2596//417 2597//418 2598//419
f 2598//419 2597//418 2599//305
f 2598//419 2599//305 2600//306
f 2600//306 2599//305 2601//169
f 2600//306 2601//169 2602//170
f 2602//170 2601//169 2603//171
f 2602//170 2603//171 2604//172
f 2604//172 2603//171 2605//173
f 2604//172 2605//173 2606//174
f 2606//174 2605//173 2607//175
f 2606//174 2607//175 2608//176
f 2608//176 2607//175 2609//420
f 2608//176 2609//420 2610//421
f 2610//421 2609//420 2611//422
f 2610//421 2611//422 2612//340
f 2612//340 2611//422 2613//341
f 2612//340 2613//341 2614//182
f 2614//182 2613//341 2615//183
f 2614//182 2615//183 2616//184
f 2616//184 2615//183 2617//185
f 2616//184 2617//185 2618//381
f 2618//381 2617//185 2619//382
f 2618//381 2619//382 2620//383
f 2620//383 2619//382 2621//319
f 2620//383 2621//319 2622//320
f 2622//320 2621//319 2623//191
f 2622//320 2623//191 2624//192
f 2624//192 2623//191 2625//193
f 2624//192 2625//193 2626//194
f 2626//194 2625//193 2627//195
f 2626//194 2627//195 2628//196
f 2628//196 2627//195 2629//197
f 2628//196 2629//197 2630//198
f 2630//198 2629//197 2631//384
f 2630//198 2631//384 2632//385
f 2632//385 2631//384 2633//386
f 2632//385 2633//386 2634//138
f 2634//138 2633//386 2635//139
f 2634//138 2635//139 2636//140
f 2636//140 2635//139 2637//141
f 2636//140 2637//141 2638//204
f 2638//204 2637//141 2639//205
f 2638//204 2639//205 2640//345
f 2640//345 2639//205 2641//346
f 2640//345 2641//346 2642//347
f 2642//347 2641//346 2643//147
f 2642//347 2643//147 2644//148
f 2644//148 2643//147 2645//149
f 2644//148 2645//149 2646//150
f 2646//150 2645//149 2647//151
f 2646//150 2647//151 2648//152
f 2648//152 2647//151 2649//153
f 2648//152 2649//153 2650//154
f 2650//154 2649//153 2651//213
f 2650//154 2651//213 2652//214
f 2652//214 2651//213 2653//215
f 2652//214 2653//215 2654//216
f 2654//216 2653//215 2655//426
f 2654//216 2655//426 2656//427
f 2656//427 2655//426 2657//428
f 2656//427 2657//428 2658//162
f 2658//162 2657//428 2659//163
f 2658//162 2659//163 2660//164
f 2660//164 2659//163 2661//165
f 2660//164 2661//165 2662//222
f 2662//222 2661//165 2663//223
f 2662//222 2663//223 2664//387
f 2664//387 2663//223 2665//388
f 2664//387 2665//388 2666//389
f 2666//389 2665//388 2667//171
f 2666//389 2667//171 2668//172
f 2668//172 2667//171 2669//173
f 2668//172 2669//173 2670//174
f 2670//174 2669//173 2671//175
f 2670//174 2671//175 2672//176
f 2672//176 2671//175 2673//177
f 2672//176 2673//177 2674//178
f 2674//178 2673//177 2675//229
f 2674//178 2675//229 2676//230
f 2676//230 2675//229 2677//390
f 2676//230 2677//390 2678//391
f 2678//391 2677//390 2679//392
f 2678//391 2679//392 2680//184
f 2680//184 2679//392 2681//185
f 2680//184 2681//185 2682//186
f 2682//186 2681//185 2683//187
f 2682//186 2683//187 2684//236
f 2684//236 2683//187 2685//237
f 2684//236 2685//237 2686//351
f 2686//351 2685//237 2687//352
f 2686//351 2687//352 2688//353
f 2688//353 2687//352 2689//193
f 2688//353 2689//193 2690//194
f 2690//194 2689//193 2691//195
f 2690//194 2691//195 2692//196
f 2692//196 2691//195 2693//197
f 2692//196 2693//197 2694//198
f 2694//198 2693//197 2695//199
f 2694//198 2695//199 2696//200
f 2696//200 2695//199 2697//245
f 2696//200 2697//245 2698//246
f 2698//246 2697//245 2699//247
f 2698//246 2699//247 2700//248
f 2700//248 2699//247 2701//432
f 2700//248 2701//432 2702//433
f 2702//433 2701//432 2703//434
f 2702//433 2703//434 2704//206
f 2704//206 2703//434 2705//207
f 2704//206 2705//207 2706//208
f 2706//208 2705//207 2707//209
f 2706//208 2707//209 2708//254
f 2708//254 2707//209 2709//255
f 2708//254 2709//255 2710//393
f 2710//393 2709//255 2711//394
f 2710//393 2711//394 2712//395
f 2712//395 2711//394 2713//153
f 2712//395 2713//153 2714//154
f 2714//154 2713//153 2715//213
f 2714//154 2715//213 2716//214
f 2716//214 2715//213 2717//215
f 2716//214 2717//215 2718//216
f 2718//216 2717//215 2719//217
f 2718//216 2719//217 2720//218
f 2720//218 2719//217 2721//261
f 2720//218 2721//261 2722//262
f 2722//262 2721//261 2723//396
f 2722//262 2723//396 2724//397
f 2724//397 2723//396 2725//398
f 2724//397 2725//398 2726//222
f 2726//222 2725//398 2727//223
f 2726//222 2727//223 2728//224
f 2728//224 2727//223 2729//225
f 2728//224 2729//225 2730//268
f 2730//268 2729//225 2731//269
f 2730//268 2731//269 2732//357
f 2732//357 2731//269 2733//358
f 2732//357 2733//358 2734//359
f 2734//359 2733//358 2735//175
f 2734//359 2735//175 2736//176
f 2736//176 2735//175 2737//177
f 2736//176 2737//177 2738//178
f 2738//178 2737//177 2739//229
f 2738//178 2739//229 2740//230
f 2740//230 2739//229 2741//231
f 2740//230 2741//231 2742//232
f 2742//232 2741//231 2743//275
f 2742//232 2743//275 2744//276
f 2744//276 2743//275 2745//360
f 2744//276 2745//360 2746//361
f 2746//361 2745//360 2747//362
f 2746//361 2747//362 2748//236
f 2748//236 2747//362 2749//237
f 2748//236 2749//237 2750//238
f 2750//238 2749//237 2751//239
f 2750//238 2751//239 2752//240
f 2752//240 2751//239 2753//241
f 2752//240 2753//241 2754//284
f 2754//284 2753//241 2755//285
f 2754//284 2755//285 2756//438
f 2756//438 2755//285 2757//439
f 2756//438 2757//439 2758//440
f 2758//440 2757//439 2759//199
f 2758//440 2759//199 2760//200
f 2760//200 2759//199 2761//245
f 2760//200 2761//245 2762//246
f 2762//246 2761//245 2763//247
f 2762//246 2763//247 2764//248
f 2764//248 2763//247 2765//249
f 2764//248 2765//249 2766//250
f 2766//250 2765//249 2767//291
f 2766//250 2767//291 2768//292
f 2768//292 2767//291 2769//399
f 2768//292 2769//399 2770//400
f 2770//400 2769//399 2771//401
f 2770//400 2771//401 2772//254
f 2772//254 2771//401 2773//255
f 2772//254 2773//255 2774//256
f 2774//256 2773//255 2775//257
f 2774//256 2775//257 2776//296
f 2776//296 2775//257 2777//297
f 2776//296 2777//297 2778//402
f 2778//402 2777//297 2779//403
f 2778//402 2779//403 2780//404
f 2780//404 2779//403 2781//215
f 2780//404 2781//215 2782//216
f 2782//216 2781//215 2783//217
f 2782//216 2783//217 2784//218
f 2784//218 2783//217 2785//261
f 2784//218 2785//261 2786//262
f 2786//262 2785//261 2787//263
f 2786//262 2787//263 2788//264
f 2788//264 2787//263 2789//303
f 2788//264 2789//303 2790//304
f 2790//304 2789//303 2791//363
f 2790//304 2791//363 2792//364
f 2792//364 2791//363 2793//365
f 2792//364 2793//365 2794//268
f 2794//268 2793//365 2795//269
f 2794//268 2795//269 2796//270
f 2796//270 2795//269 2797//271
f 2796//270 2797//271 2798//310
f 2798//310 2797//271 2799//311
f 2798//310 2799//311 2800//312
f 2800//312 2799//311 2801//313
f 2800//312 2801//313 2802//444
f 2802//444 2801//313 2803//445
f 2802//444 2803//445 2804//446
f 2804//446 2803//445 2805//231
f 2804//446 2805//231 2806//232
f 2806//232 2805//231 2807//275
f 2806//232 2807//275 2808//276
f 2808//276 2807//275 2809//277
f 2808//276 2809//277 2810//278
f 2810//278 2809//277 2811//279
f 2810//278 2811//279 2812//280
f 2812//280 2811//279 2813//319
f 2812//280 2813//319 2814//320
f 2814//320 2813//319 2815//405
f 2814//320 2815//405 2816//406
f 2816//406 2815//405 2817//407
f 2816//406 2817//407 2818//284
f 2818//284 2817//407 2819//285
f 2818//284 2819//285 2820//286
f 2820//286 2819//285 2821//287
f 2820//286 2821//287 2822//324
f 2822//324 2821//287 2823//325
f 2822//324 2823//325 2824//408
f 2824//408 2823//325 2825//409
f 2824//408 2825//409 2826//410
f 2826//410 2825//409 2827//247
f 2826//410 2827//247 2828//248
f 2828//248 2827//247 2829//249
f 2828//248 2829//249 2830//250
f 2830//250 2829//249 2831//291
f 2830//250 2831//291 2832//292
f 2832//292 2831//291 2833//145
f 2832//292 2833//145 2834//146
f 2834//146 2833//145 2835//147
f 2834//146 2835//147 2836//148
f 2836//148 2835//147 2837//369
f 2836//148 2837//369 2838//370
f 2838//370 2837//369 2839//371
f 2838//370 2839//371 2840//296
f 2840//296 2839//371 2841//297
f 2840//296 2841//297 2842//298
f 2842//298 2841//297 2843//299
f 2842//298 2843//299 2844//332
f 2844//332 2843//299 2845//333
f 2844//332 2845//333 2846//158
f 2846//158 2845//333 2847//159
f 2846//158 2847//159 2848//447
f 2848//447 2847//159 2849//448
f 2848//447 2849//448 2850//449
f 2850//449 2849//448 2851//263
f 2850//449 2851//263 2852//264
f 2852//264 2851//263 2853//303
f 2852//264 2853//303 2854//304
f 2854//304 2853//303 2855//305
f 2854//304 2855//305 2856//306
f 2856//306 2855//305 2857//169
f 2856//306 2857//169 2858//170
f 2858//170 2857//169 2859//171
f 2858//170 2859//171 2860//172
f 2860//172 2859//171 2861//450
f 2860//172 2861//450 2862//451
f 2862//451 2861//450 2863//452
f 2862//451 2863//452 2864//312
f 2864//312 2863//452 2865//313
f 2864//312 2865//313 2866//314
f 2866//314 2865//313 2867//315
f 2866//314 2867//315 2868//340
f 2868//340 2867//315 2869//341
f 2868//340 2869//341 2870//411
f 2870//411 2869//341 2871//412
f 2870//411 2871//412 2872//413
f 2872//413 2871//412 2873//277
f 2872//413 2873//277 2874//278
f 2874//278 2873//277 2875//279
f 2874//278 2875//279 2876//280
f 2876//280 2875//279 2877//319
f 2876//280 2877//319 2878//320
f 2878//320 2877//319 2879//191
f 2878//320 2879//191 2880//192
f 2880//192 2879//191 2881//193
f 2880//192 2881//193 2882//194
f 2882//194 2881//193 2883//414
f 2882//194 2883//414 2884//415
f 2884//415 2883//414 2885//416
f 2884//415 2885//416 2886//324
f 2886//324 2885//416 2887//325
f 2886//324 2887//325 2888//136
f 2888//136 2887//325 2889//137
f 2888//136 2889//137 2890//138
f 2890//138 2889//137 2891//139
f 2890//138 2891//139 2892//140
f 2892//140 2891//139 2893//141
f 2892//140 2893//141 2894//142
f 2894//142 2893//141 2895//143
f 2894//142 2895//143 2896//144
f 2896//144 2895//143 2897//145
f 2896//144 2897//145 2898//146
f 2898//146 2897//145 2899//147
f 2898//146 2899//147 2900//148
f 2900//148 2899//147 2901//149
f 2900//148 2901//149 2902//150
f 2902//150 2901//149 2903//151
f 2902//150 2903//151 2904//152
f 2904//152 2903//151 2905//153
f 2904//152 2905//153 2906//154
f 2906//154 2905//153 2907//155
f 2906//154 2907//155 2908//156
f 2908//156 2907//155 2909//157
f 2908//156 2909//157 2910//158
f 2910//158 2909//157 2911//159
f 2910//158 2911//159 2912//160
f 2912//160 2911//159 2913//161
f 2912//160 2913//161 2914//162
f 2914//162 2913//161 2915//163
f 2914//162 2915//163 2916//417
f 2916//417 2915//163 2917//418
f 2916//417 2917//418 2918//419
f 2918//419 2917//418 2919//305
f 2918//419 2919//305 2920//306
f 2920//306 2919//305 2921//169
f 2920//306 2921//169 2922//170
f 2922//170 2921//169 2923//171
f 2922//170 2923//171 2924//172
f 2924//172 2923//171 2925//173
f 2924//172 2925//173 2926//174
f 2926//174 2925//173 2927//175
f 2926//174 2927//175 2928//176
f 2928//176 2927//175 2929//420
f 2928//176 2929//420 2930//421
f 2930//421 2929//420 2931//422
f 2930//421 2931//422 2932//340
f 2932//340 2931//422 2933//341
f 2932//340 2933//341 2934//182
f 2934//182 2933//341 2935//183
f 2934//182 2935//183 2936//184
f 2936//184 2935//183 2937//185
f 2936//184 2937//185 2938//381
f 2938//381 2937//185 2939//382
f 2938//381 2939//382 2940//383
f 2940//383 2939//382 2941//319
f 2940//383 2941//319 2942//320
f 2942//320 2941//319 2943//191
f 2942//320 2943//191 2944//192
f 2944//192 2943//191 2945//193
f 2944//192 2945//193 2946//194
f 2946//194 2945//193 2947//195
f 2946//194 2947//195 2948//196
f 2948//196 2947//195 2949//197
f 2948//196 2949//197 2950//198
f 2950//198 2949//197 2951//199
f 2950//198 2951//199 2952//200
f 2952//200 2951//199 2953//201
f 2952//200 2953//201 2954//202
f 2954//202 2953//201 2955//203
f 2954//202 2955//203 2956//140
f 2956//140 2955//203 2957//141
f 2956//140 2957//141 2958//204
f 2958//204 2957//141 2959//205
f 2958//204 2959//205 2960//206
f 2960//206 2959//205 2961//207
f 2960//206 2961//207 2962//423
f 2962//423 2961//207 2963//424
f 2962//423 2963//424 2964//425
f 2964//425 2963//424 2965//149
f 2964//425 2965//149 2966//150
f 2966//150 2965//149 2967//151
f 2966//150 2967//151 2968//152
f 2968//152 2967//151 2969//153
f 2968//152 2969//153 2970//154
f 2970//154 2969//153 2971//213
f 2970//154 2971//213 2972//214
f 2972//214 2971//213 2973//215
f 2972//214 2973//215 2974//216
f 2974//216 2973//215 2975//426
f 2974//216 2975//426 2976//427
f 2976//427 2975//426 2977//428
f 2976//427 2977//428 2978//162
f 2978//162 2977//428 2979//163
f 2978//162 2979//163 2980//164
f 2980//164 2979//163 2981//165
f 2980//164 2981//165 2982//222
f 2982//222 2981//165 2983//223
f 2982//222 2983//223 2984//387
f 2984//387 2983//223 2985//388
f 2984//387 2985//388 2986//389
f 2986//389 2985//388 2987//171
f 2986//389 2987//171 2988//172
f 2988//172 2987//171 2989//173
f 2988//172 2989//173 2990//174
f 2990//174 2989//173 2991//175
f 2990//174 2991//175 2992//176
f 2992//176 2991//175 2993//177
f 2992//176 2993//177 2994//178
f 2994//178 2993//177 2995//229
f 2994//178 2995//229 2996//230
f 2996//230 2995//229 2997//231
f 2996//230 2997//231 2998//232
f 2998//232 2997//231 2999//233
f 2998//232 2999//233 3000//234
f 3000//234 2999//233 3001//235
f 3000//234 3001//235 3002//186
f 3002//186 3001//235 3003//187
f 3002//186 3003//187 3004//236
f 3004//236 3003//187 3005//237
f 3004//236 3005//237 3006//238
f 3006//238 3005//237 3007//239
f 3006//238 3007//239 3008//429
f 3008//429 3007//239 3009//430
f 3008//429 3009//430 3010//431
f 3010//431 3009//430 3011//195
f 3010//431 3011//195 3012//196
f 3012//196 3011//195 3013//197
f 3012//196 3013//197 3014//198
f 3014//198 3013//197 3015//199
f 3014//198 3015//199 3016//200
f 3016//200 3015//199 3017//245
f 3016//200 3017//245 3018//246
f 3018//246 3017//245 3019//247
f 3018//246 3019//247 3020//248
f 3020//248 3019//247 3021//432
f 3020//248 3021//432 3022//433
f 3022//433 3021//432 3023//434
f 3022//433 3023//434 3024//206
f 3024//206 3023//434 3025//207
f 3024//206 3025//207 3026//208
f 3026//208 3025//207 3027//209
f 3026//208 3027//209 3028//254
f 3028//254 3027//209 3029//255
f 3028//254 3029//255 3030//393
f 3030//393 3029//255 3031//394
f 3030//393 3031//394 3032//395
f 3032//395 3031//394 3033//153
f 3032//395 3033//153 3034//154
f 3034//154 3033//153 3035//213
f 3034//154 3035//213 3036//214
f 3036//214 3035//213 3037//215
f 3036//214 3037//215 3038//216
f 3038//216 3037//215 3039//217
f 3038//216 3039//217 3040//218
f 3040//218 3039//217 3041//261
f 3040//218 3041//261 3042//262
f 3042//262 3041//261 3043//396
f 3042//262 3043//396 3044//397
f 3044//397 3043//396 3045//398
f 3044//397 3045//398 3046//222
f 3046//222 3045//398 3047//223
f 3046//222 3047//223 3048//224
f 3048//224 3047//223 3049//225
f 3048//224 3049//225 3050//268
f 3050//268 3049//225 3051//269
f 3050//268 3051//269 3052//270
f 3052//270 3051//269 3053//271
f 3052//270 3053//271 3054//272
f 3054//272 3053//271 3055//273
f 3054//272 3055//273 3056//274
f 3056//274 3055//273 3057//177
f 3056//274 3057//177 3058//178
f 3058//178 3057//177 3059//229
f 3058//178 3059//229 3060//230
f 3060//230 3059//229 3061//231
f 3060//230 3061//231 3062//232
f 3062//232 3061//231 3063//275
f 3062//232 3063//275 3064//276
f 3064//276 3063//275 3065//277
f 3064//276 3065//277 3066//278
f 3066//278 3065//277 3067//435
f 3066//278 3067//435 3068//436
f 3068//436 3067//435 3069//437
f 3068//436 3069//437 3070//238
f 3070//238 3069//437 3071//239
f 3070//238 3071//239 3072//240
f 3072//240 3071//239 3073//241
f 3072//240 3073//241 3074//284
f 3074//284 3073//241 3075//285
f 3074//284 3075//285 3076//438
f 3076//438 3075//285 3077//439
f 3076//438 3077//439 3078//440
f 3078//440 3077//439 3079//199
f 3078//440 3079//199 3080//200
f 3080//200 3079//199 3081//245
f 3080//200 3081//245 3082//246
f 3082//246 3081//245 3083//247
f 3082//246 3083//247 3084//248
f 3084//248 3083//247 3085//249
f 3084//248 3085//249 3086//250
f 3086//250 3085//249 3087//291
f 3086//250 3087//291 3088//292
f 3088//292 3087//291 3089//399
f 3088//292 3089//399 3090//400
f 3090//400 3089//399 3091//401
f 3090//400 3091//401 3092//254
f 3092//254 3091//401 3093//255
f 3092//254 3093//255 3094//256
f 3094//256 3093//255 3095//257
f 3094//256 3095//257 3096//296
f 3096//296 3095//257 3097//297
f 3096//296 3097//297 3098//298
f 3098//298 3097//297 3099//299
f 3098//298 3099//299 3100//300
f 3100//300 3099//299 3101//301
f 3100//300 3101//301 3102//302
f 3102//302 3101//301 3103//217
f 3102//302 3103//217 3104//218
f 3104//218 3103//217 3105//261
f 3104//218 3105//261 3106//262
f 3106//262 3105//261 3107//263
f 3106//262 3107//263 3108//264
f 3108//264 3107//263 3109//303
f 3108//264 3109//303 3110//304
f 3110//304 3109//303 3111//305
f 3110//304 3111//305 3112//306
f 3112//306 3111//305 3113//441
f 3112//306 3113//441 3114//442
f 3114//442 3113//441 3115//443
f 3114//442 3115//443 3116//270
f 3116//270 3115//443 3117//271
f 3116//270 3117//271 3118//310
f 3118//310 3117//271 3119//311
f 3118//310 3119//311 3120//312
f 3120//312 3119//311 3121//313
f 3120//312 3121//313 3122//444
f 3122//444 3121//313 3123//445
f 3122//444 3123//445 3124//446
f 3124//446 3123//445 3125//231
f 3124//446 3125//231 3126//232
f 3126//232 3125//231 3127//275
f 3126//232 3127//275 3128//276
f 3128//276 3127//275 3129//277
f 3128//276 3129//277 3130//278
f 3130//278 3129//277 3131//279
f 3130//278 3131//279 3132//280
f 3132//280 3131//279 3133//319
f 3132//280 3133//319 3134//320
f 3134//320 3133//319 3135//405
f 3134//320 3135//405 3136//406
f 3136//406 3135//405 3137//407
f 3136//406 3137//407 3138//284
f 3138//284 3137//407 3139//285
f 3138//284 3139//285 3140//286
f 3140//286 3139//285 3141//287
f 3140//286 3141//287 3142//324
f 3142//324 3141//287 3143//325
f 3142//324 3143//325 3144//136
f 3144//136 3143//325 3145//137
f 3144//136 3145//137 3146//326
f 3146//326 3145//137 3147//327
f 3146//326 3147//327 3148//328
f 3148//328 3147//327 3149//249
f 3148//328 3149//249 3150//250
f 3150//250 3149//249 3151//291
f 3150//250 3151//291 3152//292
f 3152//292 3151//291 3153//145
f 3152//292 3153//145 3154//146
f 3154//146 3153//145 3155//147
f 3154//146 3155//147 3156//148
f 3156//148 3155//147 3157//149
f 3156//148 3157//149 3158//150
f 3158//150 3157//149 3159//329
f 3158//150 3159//329 3160//330
f 3160//330 3159//329 3161//331
f 3160//330 3161//331 3162//298
f 3162//298 3161//331 3163//299
f 3162//298 3163//299 3164//332
f 3164//332 3163//299 3165//333
f 3164//332 3165//333 3166//158
f 3166//158 3165//333 3167//159
f 3166//158 3167//159 3168//447
f 3168//447 3167//159 3169//448
f 3168//447 3169//448 3170//449
f 3170//449 3169//448 3171//263
f 3170//449 3171//263 3172//264
f 3172//264 3171//263 3173//303
f 3172//264 3173//303 3174//304
f 3174//304 3173//303 3175//305
f 3174//304 3175//305 3176//306
f 3176//306 3175//305 3177//169
f 3176//306 3177//169 3178//170
f 3178//170 3177//169 3179//171
f 3178//170 3179//171 3180//172
f 3180//172 3179//171 3181//450
f 3180//172 3181//450 3182//451
f 3182//451 3181//450 3183//452
f 3182//451 3183//452 3184//312
f 3184//312 3183//452 3185//313
f 3184//312 3185//313 3186//314
f 3186//314 3185//313 3187//315
f 3186//314 3187//315 3188//340
f 3188//340 3187//315 3189//341
f 3188//340 3189//341 3190//182
f 3190//182 3189//341 3191//183
f 3190//182 3191//183 3192//342
f 3192//342 3191//183 3193//343
f 3192//342 3193//343 3194//344
f 3194//344 3193//343 3195//279
f 3194//344 3195//279 3196//280
f 3196//280 3195//279 3197//319
f 3196//280 3197//319 3198//320
f 3198//320 3197//319 3199//191
f 3198//320 3199//191 3200//192
f 3200//192 3199//191 3201//193
f 3200//192 3201//193 3202//194
f 3202//194 3201//193 3203//195
f 3202//194 3203//195 3204//196
f 3204//196 3203//195 3205//133
f 3204//196 3205//133 3206//134
f 3206//134 3205//133 3207//135
f 3206//134 3207//135 3208//136
f 3208//136 3207//135 3209//137
f 3208//136 3209//137 3210//138
f 3210//138 3209//137 3211//139
f 3210//138 3211//139 3212//140
f 3212//140 3211//139 3213//141
f 3212//140 3213//141 3214//142
f 3214//142 3213//141 3215//143
f 3214//142 3215//143 3216//144
f 3216//144 3215//143 3217//145
f 3216//144 3217//145 3218//146
f 3218//146 3217//145 3219//147
f 3218//146 3219//147 3220//148
f 3220//148 3219//147 3221//149
f 3220//148 3221//149 3222//150
f 3222//150 3221//149 3223//151
f 3222//150 3223//151 3224//152
f 3224//152 3223//151 3225//153
f 3224//152 3225//153 3226//154
f 3226//154 3225//153 3227//155
f 3226//154 3227//155 3228//156
f 3228//156 3227//155 3229//157
f 3228//156 3229//157 3230//158
f 3230//158 3229//157 3231//159
f 3230//158 3231//159 3232//160
f 3232//160 3231//159 3233//161
f 3232//160 3233//161 3234//162
f 3234//162 3233//161 3235//163
f 3234//162 3235//163 3236//417
f 3236//417 3235//163 3237//418
f 3236//417 3237//418 3238//419
f 3238//419 3237//418 3239//305
f 3238//419 3239//305 3240//306
f 3240//306 3239//305 3241//169
f 3240//306 3241//169 3242//170
f 3242//170 3241//169 3243//171
f 3242//170 3243//171 3244//172
f 3244//172 3243//171 3245//173
f 3244//172 3245//173 3246//174
f 3246//174 3245//173 3247//175
f 3246//174 3247//175 3248//176
f 3248//176 3247//175 3249//177
f 3248//176 3249//177 3250//178
f 3250//178 3249//177 3251//179
f 3250//178 3251//179 3252//180
f 3252//180 3251//179 3253//181
f 3252//180 3253//181 3254//182
f 3254//182 3253//181 3255//183
f 3254//182 3255//183 3256//184
f 3256//184 3255//183 3257//185
f 3256//184 3257//185 3258//186
f 3258//186 3257//185 3259//187
f 3258//186 3259//187 3260//188
f 3260//188 3259//187 3261//189
f 3260//188 3261//189 3262//190
f 3262//190 3261//189 3263//191
f 3262//190 3263//191 3264//192
f 3264//192 3263//191 3265//193
f 3264//192 3265//193 3266//194
f 3266//194 3265//193 3267//195
f 3266//194 3267//195 3268//196
f 3268//196 3267//195 3269//197
f 3268//196 3269//197 3270//198
f 3270//198 3269//197 3271//199
f 3270//198 3271//199 3272//200
f 3272//200 3271//199 3273//201
f 3272//200 3273//201 3274//202
f 3274//202 3273//201 3275//203
f 3274//202 3275//203 3276//140
f 3276//140 3275//203 3277//141
f 3276//140 3277//141 3278//204
f 3278//204 3277//141 3279//205
f 3278//204 3279//205 3280//206
f 3280//206 3279//205 3281//207
f 3280//206 3281//207 3282//423
f 3282//423 3281//207 3283//424
f 3282//423 3283//424 3284//425
f 3284//425 3283//424 3285//149
f 3284//425 3285//149 3286//150
f 3286//150 3285//149 3287//151
f 3286//150 3287//151 3288//152
f 3288//152 3287//151 3289//153
f 3288//152 3289//153 3290//154
f 3290//154 3289//153 3291//213
f 3290//154 3291//213 3292//214
f 3292//214 3291//213 3293//215
f 3292//214 3293//215 3294//216
f 3294//216 3293//215 3295//217
f 3294//216 3295//217 3296//218
f 3296//218 3295//217 3297//219
f 3296//218 3297//219 3298//220
f 3298//220 3297//219 3299//221
f 3298//220 3299//221 3300//164
f 3300//164 3299//221 3301//165
f 3300//164 3301//165 3302//222
f 3302//222 3301//165 3303//223
f 3302//222 3303//223 3304//224
f 3304//224 3303//223 3305//225
f 3304//224 3305//225 3306//226
f 3306//226 3305//225 3307//227
f 3306//226 3307//227 3308//228
f 3308//228 3307//227 3309//173
f 3308//228 3309//173 3310//174
f 3310//174 3309//173 3311//175
f 3310//174 3311//175 3312//176
f 3312//176 3311//175 3313//177
f 3312//176 3313//177 3314//178
f 3314//178 3313//177 3315//229
f 3314//178 3315//229 3316//230
f 3316//230 3315//229 3317//231
f 3316//230 3317//231 3318//232
f 3318//232 3317//231 3319//233
f 3318//232 3319//233 3320//234
f 3320//234 3319//233 3321//235
f 3320//234 3321//235 3322//186
f 3322//186 3321//235 3323//187
f 3322//186 3323//187 3324//236
f 3324//236 3323//187 3325//237
f 3324//236 3325//237 3326//238
f 3326//238 3325//237 3327//239
f 3326//238 3327//239 3328//429
f 3328//429 3327//239 3329//430
f 3328//429 3329//430 3330//431
f 3330//431 3329//430 3331//195
f 3330//431 3331//195 3332//196
f 3332//196 3331//195 3333//197
f 3332//196 3333//197 3334//198
f 3334//198 3333//197 3335//199
f 3334//198 3335//199 3336//200
f 3336//200 3335//199 3337//245
f 3336//200 3337//245 3338//246
f 3338//246 3337//245 3339//247
f 3338//246 3339//247 3340//248
f 3340//248 3339//247 3341//432
f 3340//248 3341//432 3342//433
f 3342//433 3341//432 3343//434
f 3342//433 3343//434 3344//206
f 3344//206 3343//434 3345//207
f 3344//206 3345//207 3346//208
f 3346//208 3345//207 3347//209
f 3346//208 3347//209 3348//254
f 3348//254 3347//209 3349//255
f 3348//254 3349//255 3350//256
f 3350//256 3349//255 3351//257
f 3350//256 3351//257 3352//258
f 3352//258 3351//257 3353//259
f 3352//258 3353//259 3354//260
f 3354//260 3353//259 3355//213
f 3354//260 3355//213 3356//214
f 3356//214 3355//213 3357//215
f 3356//214 3357//215 3358//216
f 3358//216 3357//215 3359//217
f 3358//216 3359//217 3360//218
f 3360//218 3359//217 3361//261
f 3360//218 3361//261 3362//262
f 3362//262 3361//261 3363//263
f 3362//262 3363//263 3364//264
f 3364//264 3363//263 3365//265
f 3364//264 3365//265 3366//266
f 3366//266 3365//265 3367//267
f 3366//266 3367//267 3368//224
f 3368//224 3367//267 3369//225
f 3368//224 3369//225 3370//268
f 3370//268 3369//225 3371//269
f 3370//268 3371//269 3372//270
f 3372//270 3371//269 3373//271
f 3372//270 3373//271 3374//272
f 3374//272 3373//271 3375//273
f 3374//272 3375//273 3376//274
f 3376//274 3375//273 3377//177
f 3376//274 3377//177 3378//178
f 3378//178 3377//177 3379//229
f 3378//178 3379//229 3380//230
f 3380//230 3379//229 3381//231
f 3380//230 3381//231 3382//232
f 3382//232 3381//231 3383//275
f 3382//232 3383//275 3384//276
f 3384//276 3383//275 3385//277
f 3384//276 3385//277 3386//278
f 3386//278 3385//277 3387//435
f 3386//278 3387//435 3388//436
f 3388//436 3387//435 3389//437
f 3388//436 3389//437 3390//238
f 3390//238 3389//437 3391//239
f 3390//238 3391//239 3392//240
f 3392//240 3391//239 3393//241
f 3392//240 3393//241 3394//284
f 3394//284 3393//241 3395//285
f 3394//284 3395//285 3396//286
f 3396//286 3395//285 3397//287
f 3396//286 3397//287 3398//288
f 3398//288 3397//287 3399//289
f 3398//288 3399//289 3400//290
f 3400//290 3399//289 3401//245
f 3400//290 3401//245 3402//246
f 3402//246 3401//245 3403//247
f 3402//246 3403//247 3404//248
f 3404//248 3403//247 3405//249
f 3404//248 3405//249 3406//250
f 3406//250 3405//249 3407//291
f 3406//250 3407//291 3408//292
f 3408//292 3407//291 3409//145
f 3408//292 3409//145 3410//146
f 3410//146 3409//145 3411//293
f 3410//146 3411//293 3412//294
f 3412//294 3411//293 3413//295
f 3412//294 3413//295 3414//256
f 3414//256 3413//295 3415//257
f 3414//256 3415//257 3416//296
f 3416//296 3415//257 3417//297
f 3416//296 3417//297 3418//298
f 3418//298 3417//297 3419//299
f 3418//298 3419//299 3420//300
f 3420//300 3419//299 3421//301
f 3420//300 3421//301 3422//302
f 3422//302 3421//301 3423//217
f 3422//302 3423//217 3424//218
f 3424//218 3423//217 3425//261
f 3424//218 3425//261 3426//262
f 3426//262 3425//261 3427//263
f 3426//262 3427//263 3428//264
f 3428//264 3427//263 3429//303
f 3428//264 3429//303 3430//304
f 3430//304 3429//303 3431//305
f 3430//304 3431//305 3432//306
f 3432//306 3431//305 3433//441
f 3432//306 3433//441 3434//442
f 3434//442 3433//441 3435//443
f 3434//442 3435//443 3436//270
f 3436//270 3435//443 3437//271
f 3436//270 3437//271 3438//310
f 3438//310 3437//271 3439//311
f 3438//310 3439//311 3440//312
f 3440//312 3439//311 3441//313
f 3440//312 3441//313 3442//314
f 3442//314 3441//313 3443//315
f 3442//314 3443//315 3444//316
f 3444//316 3443//315 3445//317
f 3444//316 3445//317 3446//318
f 3446//318 3445//317 3447//275
f 3446//318 3447//275 3448//276
f 3448//276 3447//275 3449//277
f 3448//276 3449//277 3450//278
f 3450//278 3449//277 3451//279
f 3450//278 3451//279 3452//280
f 3452//280 3451//279 3453//319
f 3452//280 3453//319 3454//320
f 3454//320 3453//319 3455//191
f 3454//320 3455//191 3456//192
f 3456//192 3455//191 3457//321
f 3456//192 3457//321 3458//322
f 3458//322 3457//321 3459//323
f 3458//322 3459//323 3460//286
f 3460//286 3459//323 3461//287
f 3460//286 3461//287 3462//324
f 3462//324 3461//287 3463//325
f 3462//324 3463//325 3464//136
f 3464//136 3463//325 3465//137
f 3464//136 3465//137 3466//326
f 3466//326 3465//137 3467//327
f 3466//326 3467//327 3468//328
f 3468//328 3467//327 3469//249
f 3468//328 3469//249 3470//250
f 3470//250 3469//249 3471//291
f 3470//250 3471//291 3472//292
f 3472//292 3471//291 3473//145
f 3472//292 3473//145 3474//146
f 3474//146 3473//145 3475//147
f 3474//146 3475//147 3476//148
f 3476//148 3475//147 3477//149
f 3476//148 3477//149 3478//150
f 3478//150 3477//149 3479//329
f 3478//150 3479//329 3480//330
f 3480//330 3479//329 3481//331
f 3480//330 3481//331 3482//298
f 3482//298 3481//331 3483//299
f 3482//298 3483//299 3484//332
f 3484//332 3483//299 3485//333
f 3484//332 3485//333 3486//158
f 3486//158 3485//333 3487//159
f 3486//158 3487//159 3488//160
f 3488//160 3487//159 3489//161
f 3488//160 3489//161 3490//334
f 3490//334 3489//161 3491//335
f 3490//334 3491//335 3492//336
f 3492//336 3491//335 3493//303
f 3492//336 3493//303 3494//304
f 3494//304 3493//303 3495//305
f 3494//304 3495//305 3496//306
f 3496//306 3495//305 3497//169
f 3496//306 3497//169 3498//170
f 3498//170 3497//169 3499//171
f 3498//170 3499//171 3500//172
f 3500//172 3499//171 3501//173
f 3500//172 3501//173 3502//174
f 3502//174 3501//173 3503//337
f 3502//174 3503//337 3504//338
f 3504//338 3503//337 3505//339
f 3504//338 3505//339 3506//314
f 3506//314 3505//339 3507//315
f 3506//314 3507//315 3508//340
f 3508//340 3507//315 3509//341
f 3508//340 3509//341 3510//182
f 3510//182 3509//341 3511//183
f 3510//182 3511//183 3512//342
f 3512//342 3511//183 3513//343
f 3512//342 3513//343 3514//344
f 3514//344 3513//343 3515//279
f 3514//344 3515//279 3516//280
f 3516//280 3515//279 3517//319
f 3516//280 3517//319 3518//320
f 3518//320 3517//319 3519//191
f 3518//320 3519//191 3520//192
f 3520//192 3519//191 3521//193
f 3520//192 3521//193 3522//194
f 3522//194 3521//193 3523//195
f 3522//194 3523//195 3524//196
f 3524//196 3523//195 3525//133
f 3524//196 3525//133 3526//134
f 3526//134 3525//133 3527//135
f 3526//134 3527//135 3528//136
f 3528//136 3527//135 3529//137
f 3528//136 3529//137 3530//138
f 3530//138 3529//137 3531//139
f 3530//138 3531//139 3532//140
f 3532//140 3531//139 3533//141
f 3532//140 3533//141 3534//142
f 3534//142 3533//141 3535//143
f 3534//142 3535//143 3536//144
f 3536//144 3535//143 3537//145
f 3536//144 3537//145 3538//146
f 3538//146 3537//145 3539//147
f 3538//146 3539//147 3540//148
f 3540//148 3539//147 3541//149
f 3540//148 3541//149 3542//150
f 3542//150 3541//149 3543//151
f 3542//150 3543//151 3544//152
f 3544//152 3543//151 3545//153
f 3544//152 3545//153 3546//154
f 3546//154 3545//153 3547//213
f 3546//154 3547//213 3548//214
f 3548//214 3547//213 3549//348
f 3548//214 3549//348 3550//349
f 3550//349 3549//348 3551//350
f 3550//349 3551//350 3552//160
f 3552//160 3551//350 3553//161
f 3552//160 3553//161 3554//162
f 3554//162 3553//161 3555//163
f 3554//162 3555//163 3556//164
f 3556//164 3555//163 3557//165
f 3556//164 3557//165 3558//166
f 3558//166 3557//165 3559//167
f 3558//166 3559//167 3560//168
f 3560//168 3559//167 3561//169
f 3560//168 3561//169 3562//170
f 3562//170 3561//169 3563//171
f 3562//170 3563//171 3564//172
f 3564//172 3563//171 3565//173
f 3564//172 3565//173 3566//174
f 3566//174 3565//173 3567//175
f 3566//174 3567//175 3568//176
f 3568//176 3567//175 3569//177
f 3568//176 3569//177 3570//178
f 3570//178 3569//177 3571//179
f 3570//178 3571//179 3572//180
f 3572//180 3571//179 3573//181
f 3572//180 3573//181 3574//182
f 3574//182 3573//181 3575//183
f 3574//182 3575//183 3576//184
f 3576//184 3575//183 3577//185
f 3576//184 3577//185 3578//186
f 3578//186 3577//185 3579//187
f 3578//186 3579//187 3580//188
f 3580//188 3579//187 3581//189
f 3580//188 3581//189 3582//190
f 3582//190 3581//189 3583//191
f 3582//190 3583//191 3584//192
f 3584//192 3583//191 3585//193
f 3584//192 3585//193 3586//194
f 3586//194 3585//193 3587//195
f 3586//194 3587//195 3588//196
f 3588//196 3587//195 3589//197
f 3588//196 3589//197 3590//198
f 3590//198 3589//197 3591//199
f 3590//198 3591//199 3592//200
f 3592//200 3591//199 3593//245
f 3592//200 3593//245 3594//246
f 3594//246 3593//245 3595//354
f 3594//246 3595//354 3596//355
f 3596//355 3595//354 3597//356
f 3596//355 3597//356 3598//204
f 3598//204 3597//356 3599//205
f 3598//204 3599//205 3600//206
f 3600//206 3599//205 3601//207
f 3600//206 3601//207 3602//208
f 3602//208 3601//207 3603//209
f 3602//208 3603//209 3604//210
f 3604//210 3603//209 3605//211
f 3604//210 3605//211 3606//212
f 3606//212 3605//211 3607//151
f 3606//212 3607//151 3608//152
f 3608//152 3607//151 3609//153
f 3608//152 3609//153 3610//154
f 3610//154 3609//153 3611//213
f 3610//154 3611//213 3612//214
f 3612//214 3611//213 3613//215
f 3612//214 3613//215 3614//216
f 3614//216 3613//215 3615//217
f 3614//216 3615//217 3616//218
f 3616//218 3615//217 3617//219
f 3616//218 3617//219 3618//220
f 3618//220 3617//219 3619//221
f 3618//220 3619//221 3620//164
f 3620//164 3619//221 3621//165
f 3620//164 3621//165 3622//222
f 3622//222 3621//165 3623//223
f 3622//222 3623//223 3624//224
f 3624//224 3623//223 3625//225
f 3624//224 3625//225 3626//226
f 3626//226 3625//225 3627//227
f 3626//226 3627//227 3628//228
f 3628//228 3627//227 3629//173
f 3628//228 3629//173 3630//174
f 3630//174 3629//173 3631//175
f 3630//174 3631//175 3632//176
f 3632//176 3631//175 3633//177
f 3632//176 3633//177 3634//178
f 3634//178 3633//177 3635//229
f 3634//178 3635//229 3636//230
f 3636//230 3635//229 3637//231
f 3636//230 3637//231 3638//232
f 3638//232 3637//231 3639//233
f 3638//232 3639//233 3640//234
f 3640//234 3639//233 3641//235
f 3640//234 3641//235 3642//186
f 3642//186 3641//235 3643//187
f 3642//186 3643//187 3644//236
f 3644//236 3643//187 3645//237
f 3644//236 3645//237 3646//238
f 3646//238 3645//237 3647//239
f 3646//238 3647//239 3648//240
f 3648//240 3647//239 3649//241
f 3648//240 3649//241 3650//242
f 3650//242 3649//241 3651//243
f 3650//242 3651//243 3652//244
f 3652//244 3651//243 3653//197
f 3652//244 3653//197 3654//198
f 3654//198 3653//197 3655//199
f 3654//198 3655//199 3656//200
f 3656//200 3655//199 3657//245
f 3656//200 3657//245 3658//246
f 3658//246 3657//245 3659//247
f 3658//246 3659//247 3660//248
f 3660//248 3659//247 3661//249
f 3660//248 3661//249 3662//250
f 3662//250 3661//249 3663//251
f 3662//250 3663//251 3664//252
f 3664//252 3663//251 3665//253
f 3664//252 3665//253 3666//208
f 3666//208 3665//253 3667//209
f 3666//208 3667//209 3668//254
f 3668//254 3667//209 3669//255
f 3668//254 3669//255 3670//256
f 3670//256 3669//255 3671//257
f 3670//256 3671//257 3672//258
f 3672//258 3671//257 3673//259
f 3672//258 3673//259 3674//260
f 3674//260 3673//259 3675//213
f 3674//260 3675//213 3676//214
f 3676//214 3675//213 3677//215
f 3676//214 3677//215 3678//216
f 3678//216 3677//215 3679//217
f 3678//216 3679//217 3680//218
f 3680//218 3679//217 3681//261
f 3680//218 3681//261 3682//262
f 3682//262 3681//261 3683//263
f 3682//262 3683//263 3684//264
f 3684//264 3683//263 3685//265
f 3684//264 3685//265 3686//266
f 3686//266 3685//265 3687//267
f 3686//266 3687//267 3688//224
f 3688//224 3687//267 3689//225
f 3688//224 3689//225 3690//268
f 3690//268 3689//225 3691//269
f 3690//268 3691//269 3692//270
f 3692//270 3691//269 3693//271
f 3692//270 3693//271 3694//310
f 3694//310 3693//271 3695//311
f 3694//310 3695//311 3696//366
f 3696//366 3695//311 3697//367
f 3696//366 3697//367 3698//368
f 3698//368 3697//367 3699//229
f 3698//368 3699//229 3700//230
f 3700//230 3699//229 3701//231
f 3700//230 3701//231 3702//232
f 3702//232 3701//231 3703//275
f 3702//232 3703//275 3704//276
f 3704//276 3703//275 3705//277
f 3704//276 3705//277 3706//278
f 3706//278 3705//277 3707//279
f 3706//278 3707//279 3708//280
f 3708//280 3707//279 3709//281
f 3708//280 3709//281 3710//282
f 3710//282 3709//281 3711//283
f 3710//282 3711//283 3712//240
f 3712//240 3711//283 3713//241
f 3712//240 3713//241 3714//284
f 3714//284 3713//241 3715//285
f 3714//284 3715//285 3716//286
f 3716//286 3715//285 3717//287
f 3716//286 3717//287 3718//288
f 3718//288 3717//287 3719//289
f 3718//288 3719//289 3720//290
f 3720//290 3719//289 3721//245
f 3720//290 3721//245 3722//246
f 3722//246 3721//245 3723//247
f 3722//246 3723//247 3724//248
f 3724//248 3723//247 3725//249
f 3724//248 3725//249 3726//250
f 3726//250 3725//249 3727//291
f 3726//250 3727//291 3728//292
f 3728//292 3727//291 3729//145
f 3728//292 3729//145 3730//146
f 3730//146 3729//145 3731//293
f 3730//146 3731//293 3732//294
f 3732//294 3731//293 3733//295
f 3732//294 3733//295 3734//256
f 3734//256 3733//295 3735//257
f 3734//256 3735//257 3736//296
f 3736//296 3735//257 3737//297
f 3736//296 3737//297 3738//298
f 3738//298 3737//297 3739//299
f 3738//298 3739//299 3740//332
f 3740//332 3739//299 3741//333
f 3740//332 3741//333 3742//372
f 3742//372 3741//333 3743//373
f 3742//372 3743//373 3744//374
f 3744//374 3743//373 3745//261
f 3744//374 3745//261 3746//262
f 3746//262 3745//261 3747//263
f 3746//262 3747//263 3748//264
f 3748//264 3747//263 3749//303
f 3748//264 3749//303 3750//304
f 3750//304 3749//303 3751//305
f 3750//304 3751//305 3752//306
f 3752//306 3751//305 3753//169
f 3752//306 3753//169 3754//170
f 3754//170 3753//169 3755//307
f 3754//170 3755//307 3756//308
f 3756//308 3755//307 3757//309
f 3756//308 3757//309 3758//310
f 3758//310 3757//309 3759//311
f 3758//310 3759//311 3760//312
f 3760//312 3759//311 3761//313
f 3760//312 3761//313 3762//314
f 3762//314 3761//313 3763//315
f 3762//314 3763//315 3764//316
f 3764//316 3763//315 3765//317
f 3764//316 3765//317 3766//318
f 3766//318 3765//317 3767//275
f 3766//318 3767//275 3768//276
f 3768//276 3767//275 3769//277
f 3768//276 3769//277 3770//278
f 3770//278 3769//277 3771//279
f 3770//278 3771//279 3772//280
f 3772//280 3771//279 3773//319
f 3772//280 3773//319 3774//320
f 3774//320 3773//319 3775//191
f 3774//320 3775//191 3776//192
f 3776//192 3775//191 3777//321
f 3776//192 3777//321 3778//322
f 3778//322 3777//321 3779//323
f 3778//322 3779//323 3780//286
f 3780//286 3779//323 3781//287
f 3780//286 3781//287 3782//324
f 3782//324 3781//287 3783//325
f 3782//324 3783//325 3784//136
f 3784//136 3783//325 3785//137
f 3784//136 3785//137 3786//138
f 3786//138 3785//137 3787//139
f 3786//138 3787//139 3788//375
f 3788//375 3787//139 3789//376
f 3788//375 3789//376 3790//377
f 3790//377 3789//376 3791//291
f 3790//377 3791//291 3792//292
f 3792//292 3791//291 3793//145
f 3792//292 3793//145 3794//146
f 3794//146 3793//145 3795//147
f 3794//146 3795//147 3796//148
f 3796//148 3795//147 3797//149
f 3796//148 3797//149 3798//150
f 3798//150 3797//149 3799//151
f 3798//150 3799//151 3800//152
f 3800//152 3799//151 3801//378
f 3800//152 3801//378 3802//379
f 3802//379 3801//378 3803//380
f 3802//379 3803//380 3804//332
f 3804//332 3803//380 3805//333
f 3804//332 3805//333 3806//158
f 3806//158 3805//333 3807//159
f 3806//158 3807//159 3808//160
f 3808//160 3807//159 3809//161
f 3808//160 3809//161 3810//334
f 3810//334 3809//161 3811//335
f 3810//334 3811//335 3812//336
f 3812//336 3811//335 3813//303
f 3812//336 3813//303 3814//304
f 3814//304 3813//303 3815//305
f 3814//304 3815//305 3816//306
f 3816//306 3815//305 3817//169
f 3816//306 3817//169 3818//170
f 3818//170 3817//169 3819//171
f 3818//170 3819//171 3820//172
f 3820//172 3819//171 3821//173
f 3820//172 3821//173 3822//174
f 3822//174 3821//173 3823//337
f 3822//174 3823//337 3824//338
f 3824//338 3823//337 3825//339
f 3824//338 3825//339 3826//314
f 3826//314 3825//339 3827//315
f 3826//314 3827//315 3828//340
f 3828//340 3827//315 3829//341
f 3828//340 3829//341 3830//182
f 3830//182 3829//341 3831//183
f 3830//182 3831//183 3832//342
f 3832//342 3831//183 3833//343
f 3832//342 3833//343 3834//344
f 3834//344 3833//343 3835//279
f 3834//344 3835//279 3836//280
f 3836//280 3835//279 3837//319
f 3836//280 3837//319 3838//320
f 3838//320 3837//319 3839//191
f 3838//320 3839//191 3840//192
f 3840//192 3839//191 3841//193
f 3840//192 3841//193 3842//194
f 3842//194 3841//193 3843//195
f 3842//194 3843//195 3844//196
f 3844//196 3843//195 3845//197
f 3844//196 3845//197 3846//198
f 3846//198 3845//197 3847//384
f 3846//198 3847//384 3848//385
f 3848//385 3847//384 3849//386
f 3848//385 3849//386 3850//138
f 3850//138 3849//386 3851//139
f 3850//138 3851//139 3852//140
f 3852//140 3851//139 3853//141
f 3852//140 3853//141 3854//204
f 3854//204 3853//141 3855//205
f 3854//204 3855//205 3856//345
f 3856//345 3855//205 3857//346
f 3856//345 3857//346 3858//347
f 3858//347 3857//346 3859//147
f 3858//347 3859//147 3860//148
f 3860//148 3859//147 3861//149
f 3860//148 3861//149 3862//150
f 3862//150 3861//149 3863//151
f 3862//150 3863//151 3864//152
f 3864//152 3863//151 3865//153
f 3864//152 3865//153 3866//154
f 3866//154 3865//153 3867//213
f 3866//154 3867//213 3868//214
f 3868//214 3867//213 3869//348
f 3868//214 3869//348 3870//349
f 3870//349 3869//348 3871//350
f 3870//349 3871//350 3872//160
f 3872//160 3871//350 3873//161
f 3872//160 3873//161 3874//162
f 3874//162 3873//161 3875//163
f 3874//162 3875//163 3876//164
f 3876//164 3875//163 3877//165
f 3876//164 3877//165 3878//166
f 3878//166 3877//165 3879//167
f 3878//166 3879//167 3880//168
f 3880//168 3879//167 3881//169
f 3880//168 3881//169 3882//170
f 3882//170 3881//169 3883//171
f 3882//170 3883//171 3884//172
f 3884//172 3883//171 3885//173
f 3884//172 3885//173 3886//174
f 3886//174 3885//173 3887//175
f 3886//174 3887//175 3888//176
f 3888//176 3887//175 3889//177
f 3888//176 3889//177 3890//178
f 3890//178 3889//177 3891//229
f 3890//178 3891//229 3892//230
f 3892//230 3891//229 3893//390
f 3892//230 3893//390 3894//391
f 3894//391 3893//390 3895//392
f 3894//391 3895//392 3896//184
f 3896//184 3895//392 3897//185
f 3896//184 3897//185 3898//186
f 3898//186 3897//185 3899//187
f 3898//186 3899//187 3900//236
f 3900//236 3899//187 3901//237
f 3900//236 3901//237 3902//351
f 3902//351 3901//237 3903//352
f 3902//351 3903//352 3904//353
f 3904//353 3903//352 3905//193
f 3904//353 3905//193 3906//194
f 3906//194 3905//193 3907//195
f 3906//194 3907//195 3908//196
f 3908//196 3907//195 3909//197
f 3908//196 3909//197 3910//198
f 3910//198 3909//197 3911//199
f 3910//198 3911//199 3912//200
f 3912//200 3911//199 3913//245
f 3912//200 3913//245 3914//246
f 3914//246 3913//245 3915//354
f 3914//246 3915//354 3916//355
f 3916//355 3915//354 3917//356
f 3916//355 3917//356 3918//204
f 3918//204 3917//356 3919//205
f 3918//204 3919//205 3920//206
f 3920//206 3919//205 3921//207
f 3920//206 3921//207 3922//208
f 3922//208 3921//207 3923//209
f 3922//208 3923//209 3924//210
f 3924//210 3923//209 3925//211
f 3924//210 3925//211 3926//212
f 3926//212 3925//211 3927//151
f 3926//212 3927//151 3928//152
f 3928//152 3927//151 3929//153
f 3928//152 3929//153 3930//154
f 3930//154 3929//153 3931//213
f 3930//154 3931//213 3932//214
f 3932//214 3931//213 3933//215
f 3932//214 3933//215 3934//216
f 3934//216 3933//215 3935//217
f 3934//216 3935//217 3936//218
f 3936//218 3935//217 3937//219
f 3936//218 3937//219 3938//220
f 3938//220 3937//219 3939//221
f 3938//220 3939//221 3940//164
f 3940//164 3939//221 3941//165
f 3940//164 3941//165 3942//222
f 3942//222 3941//165 3943//223
f 3942//222 3943//223 3944//224
f 3944//224 3943//223 3945//225
f 3944//224 3945//225 3946//268
f 3946//268 3945//225 3947//269
f 3946//268 3947//269 3948//357
f 3948//357 3947//269 3949//358
f 3948//357 3949//358 3950//359
f 3950//359 3949//358 3951//175
f 3950//359 3951//175 3952//176
f 3952//176 3951//175 3953//177
f 3952//176 3953//177 3954//178
f 3954//178 3953//177 3955//229
f 3954//178 3955//229 3956//230
f 3956//230 3955//229 3957//231
f 3956//230 3957//231 3958//232
f 3958//232 3957//231 3959//275
f 3958//232 3959//275 3960//276
f 3960//276 3959//275 3961//360
f 3960//276 3961//360 3962//361
f 3962//361 3961//360 3963//362
f 3962//361 3963//362 3964//236
f 3964//236 3963//362 3965//237
f 3964//236 3965//237 3966//238
f 3966//238 3965//237 3967//239
f 3966//238 3967//239 3968//240
f 3968//240 3967//239 3969//241
f 3968//240 3969//241 3970//242
f 3970//242 3969//241 3971//243
f 3970//242 3971//243 3972//244
f 3972//244 3971//243 3973//197
f 3972//244 3973//197 3974//198
f 3974//198 3973//197 3975//199
f 3974//198 3975//199 3976//200
f 3976//200 3975//199 3977//245
f 3976//200 3977//245 3978//246
f 3978//246 3977//245 3979//247
f 3978//246 3979//247 3980//248
f 3980//248 3979//247 3981//249
f 3980//248 3981//249 3982//250
f 3982//250 3981//249 3983//251
f 3982//250 3983//251 3984//252
f 3984//252 3983//251 3985//253
f 3984//252 3985//253 3986//208
f 3986//208 3985//253 3987//209
f 3986//208 3987//209 3988//254
f 3988//254 3987//209 3989//255
f 3988//254 3989//255 3990//256
f 3990//256 3989//255 3991//257
f 3990//256 3991//257 3992//296
f 3992//296 3991//257 3993//297
f 3992//296 3993//297 3994//402
f 3994//402 3993//297 3995//403
f 3994//402 3995//403 3996//404
f 3996//404 3995//403 3997//215
f 3996//404 3997//215 3998//216
f 3998//216 3997//215 3999//217
f 3998//216 3999//217 4000//218
f 4000//218 3999//217 4001//261
f 4000//218 4001//261 4002//262
f 4002//262 4001//261 4003//263
f 4002//262 4003//263 4004//264
f 4004//264 4003//263 4005//303
f 4004//264 4005//303 4006//304
f 4006//304 4005//303 4007//363
f 4006//304 4007//363 4008//364
f 4008//364 4007//363 4009//365
f 4008//364 4009//365 4010//268
f 4010//268 4009//365 4011//269
f 4010//268 4011//269 4012//270
f 4012//270 4011//269 4013//271
f 4012//270 4013//271 4014//310
f 4014//310 4013//271 4015//311
f 4014//310 4015//311 4016//366
f 4016//366 4015//311 4017//367
f 4016//366 4017//367 4018//368
f 4018//368 4017//367 4019//229
f 4018//368 4019//229 4020//230
f 4020//230 4019//229 4021//231
f 4020//230 4021//231 4022//232
f 4022//232 4021//231 4023//275
f 4022//232 4023//275 4024//276
f 4024//276 4023//275 4025//277
f 4024//276 4025//277 4026//278
f 4026//278 4025//277 4027//279
f 4026//278 4027//279 4028//280
f 4028//280 4027//279 4029//281
f 4028//280 4029//281 4030//282
f 4030//282 4029//281 4031//283
f 4030//282 4031//283 4032//240
f 4032//240 4031//283 4033//241
f 4032//240 4033//241 4034//284
f 4034//284 4033//241 4035//285
f 4034//284 4035//285 4036//286
f 4036//286 4035//285 4037//287
f 4036//286 4037//287 4038//324
f 4038//324 4037//287 4039//325
f 4038//324 4039//325 4040//408
f 4040//408 4039//325 4041//409
f 4040//408 4041//409 4042//410
f 4042//410 4041//409 4043//247
f 4042//410 4043//247 4044//248
f 4044//248 4043//247 4045//249
f 4044//248 4045//249 4046//250
f 4046//250 4045//249 4047//291
f 4046//250 4047//291 4048//292
f 4048//292 4047//291 4049//145
f 4048//292 4049//145 4050//146
f 4050//146 4049//145 4051//147
f 4050//146 4051//147 4052//148
f 4052//148 4051//147 4053//369
f 4052//148 4053//369 4054//370
f 4054//370 4053//369 4055//371
f 4054//370 4055//371 4056//296
f 4056//296 4055//371 4057//297
f 4056//296 4057//297 4058//298
f 4058//298 4057//297 4059//299
f 4058//298 4059//299 4060//332
f 4060//332 4059//299 4061//333
f 4060//332 4061//333 4062//372
f 4062//372 4061//333 4063//373
f 4062//372 4063//373 4064//374
f 4064//374 4063//373 4065//261
f 4064//374 4065//261 4066//262
f 4066//262 4065//261 4067//263
f 4066//262 4067//263 4068//264
f 4068//264 4067//263 4069//303
f 4068//264 4069//303 4070//304
f 4070//304 4069//303 4071//305
f 4070//304 4071//305 4072//306
f 4072//306 4071//305 4073//169
f 4072//306 4073//169 4074//170
f 4074//170 4073//169 4075//307
f 4074//170 4075//307 4076//308
f 4076//308 4075//307 4077//309
f 4076//308 4077//309 4078//310
f 4078//310 4077//309 4079//311
f 4078//310 4079//311 4080//312
f 4080//312 4079//311 4081//313
f 4080//312 4081//313 4082//314
f 4082//314 4081//313 4083//315
f 4082//314 4083//315 4084//316
f 4084//316 4083//315 4085//317
f 4084//316 4085//317 4086//318
f 4086//318 4085//317 4087//275
f 4086//318 4087//275 4088//276
f 4088//276 4087//275 4089//277
f 4088//276 4089//277 4090//278
f 4090//278 4089//277 4091//279
f 4090//278 4091//279 4092//280
f 4092//280 4091//279 4093//319
f 4092//280 4093//319 4094//320
f 4094//320 4093//319 4095//191
f 4094//320 4095//191 4096//192
f 4096//192 4095//191 4097//193
f 4096//192 4097//193 4098//194
f 4098//194 4097//193 4099//414
f 4098//194 4099//414 4100//415
f 4100//415 4099//414 4101//416
f 4100//415 4101//416 4102//324
f 4102//324 4101//416 4103//325
f 4102//324 4103//325 4104//136
f 4104//136 4103//325 4105//137
f 4104//136 4105//137 4106//138
f 4106//138 4105//137 4107//139
f 4106//138 4107//139 4108//375
f 4108//375 4107//139 4109//376
f 4108//375 4109//376 4110//377
f 4110//377 4109//376 4111//291
f 4110//377 4111//291 4112//292
f 4112//292 4111//291 4113//145
f 4112//292 4113//145 4114//146
f 4114//146 4113//145 4115//147
f 4114//146 4115//147 4116//148
f 4116//148 4115//147 4117//149
f 4116//148 4117//149 4118//150
f 4118//150 4117//149 4119//151
f 4118//150 4119//151 4120//152
f 4120//152 4119//151 4121//378
f 4120//152 4121//378 4122//379
f 4122//379 4121//378 4123//380
f 4122//379 4123//380 4124//332
f 4124//332 4123//380 4125//333
f 4124//332 4125//333 4126//158
f 4126//158 4125//333 4127//159
f 4126//158 4127//159 4128//160
f 4128//160 4127//159 4129//161
f 4128//160 4129//161 4130//334
f 4130//334 4129//161 4131//335
f 4130//334 4131//335 4132//336
f 4132//336 4131//335 4133//303
f 4132//336 4133//303 4134//304
f 4134//304 4133//303 4135//305
f 4134//304 4135//305 4136//306
f 4136//306 4135//305 4137//169
f 4136//306 4137//169 4138//170
f 4138//170 4137//169 4139//171
f 4138//170 4139//171 4140//172
f 4140//172 4139//171 4141//173
f 4140//172 4141//173 4142//174
f 4142//174 4141//173 4143//175
f 4142//174 4143//175 4144//176
f 4144//176 4143//175 4145//420
f 4144//176 4145//420 4146//421
f 4146//421 4145//420 4147//422
f 4146//421 4147//422 4148//340
f 4148//340 4147//422 4149//341
f 4148//340 4149//341 4150//182
f 4150//182 4149//341 4151//183
f 4150//182 4151//183 4152//184
f 4152//184 4151//183 4153//185
f 4152//184 4153//185 4154//381
f 4154//381 4153//185 4155//382
f 4154//381 4155//382 4156//383
f 4156//383 4155//382 4157//319
f 4156//383 4157//319 4158//320
f 4158//320 4157//319 4159//191
f 4158//320 4159//191 4160//192
f 4160//192 4159//191 4161//193
f 4160//192 4161//193 4162//194
f 4162//194 4161//193 4163//195
f 4162//194 4163//195 4164//196
f 4164//196 4163//195 4165//197
f 4164//196 4165//197 4166//198
f 4166//198 4165//197 4167//384
f 4166//198 4167//384 4168//385
f 4168//385 4167//384 4169//386
f 4168//385 4169//386 4170//138
f 4170//138 4169//386 4171//139
f 4170//138 4171//139 4172//140
f 4172//140 4171//139 4173//141
f 4172//140 4173//141 4174//204
f 4174//204 4173//141 4175//205
f 4174//204 4175//205 4176//345
f 4176//345 4175//205 4177//346
f 4176//345 4177//346 4178//347
f 4178//347 4177//346 4179//147
f 4178//347 4179//147 4180//148
f 4180//148 4179//147 4181//149
f 4180//148 4181//149 4182//150
f 4182//150 4181//149 4183//151
f 4182//150 4183//151 4184//152
f 4184//152 4183//151 4185//153
f 4184//152 4185//153 4186//154
f 4186//154 4185//153 4187//213
f 4186//154 4187//213 4188//214
f 4188//214 4187//213 4189//348
f 4188//214 4189//348 4190//349
f 4190//349 4189//348 4191//350
f 4190//349 4191//350 4192//160
f 4192//160 4191//350 4193//161
f 4192//160 4193//161 4194//162
f 4194//162 4193//161 4195//163
f 4194//162 4195//163 4196//164
f 4196//164 4195//163 4197//165
f 4196//164 4197//165 4198//222
f 4198//222 4197//165 4199//223
f 4198//222 4199//223 4200//387
f 4200//387 4199//223 4201//388
f 4200//387 4201//388 4202//389
f 4202//389 4201//388 4203//171
f 4202//389 4203//171 4204//172
f 4204//172 4203//171 4205//173
f 4204//172 4205//173 4206//174
f 4206//174 4205//173 4207//175
f 4206//174 4207//175 4208//176
f 4208//176 4207//175 4209//177
f 4208//176 4209//177 4210//178
f 4210//178 4209//177 4211//229
f 4210//178 4211//229 4212//230
f 4212//230 4211//229 4213//390
f 4212//230 4213//390 4214//391
f 4214//391 4213//390 4215//392
f 4214//391 4215//392 4216//184
f 4216//184 4215//392 4217//185
f 4216//184 4217//185 4218//186
f 4218//186 4217//185 4219//187
f 4218//186 4219//187 4220//236
f 4220//236 4219//187 4221//237
f 4220//236 4221//237 4222//351
f 4222//351 4221//237 4223//352
f 4222//351 4223//352 4224//353
f 4224//353 4223//352 4225//193
f 4224//353 4225//193 4226//194
f 4226//194 4225//193 4227//195
f 4226//194 4227//195 4228//196
f 4228//196 4227//195 4229//197
f 4228//196 4229//197 4230//198
f 4230//198 4229//197 4231//199
f 4230//198 4231//199 4232//200
f 4232//200 4231//199 4233//245
f 4232//200 4233//245 4234//246
f 4234//246 4233//245 4235//354
f 4234//246 4235//354 4236//355
f 4236//355 4235//354 4237//356
f 4236//355 4237//356 4238//204
f 4238//204 4237//356 4239//205
f 4238//204 4239//205 4240//206
f 4240//206 4239//205 4241//207
f 4240//206 4241//207 4242//208
f 4242//208 4241//207 4243//209
f 4242//208 4243//209 4244//254
f 4244//254 4243//209 4245//255
f 4244//254 4245//255 4246//393
f 4246//393 4245//255 4247//394
f 4246//393 4247//394 4248//395
f 4248//395 4247//394 4249//153
f 4248//395 4249//153 4250//154
f 4250//154 4249//153 4251//213
f 4250//154 4251//213 4252//214
f 4252//214 4251//213 4253//215
f 4252//214 4253//215 4254//216
f 4254//216 4253//215 4255//217
f 4254//216 4255//217 4256//218
f 4256//218 4255//217 4257//261
f 4256//218 4257//261 4258//262
f 4258//262 4257//261 4259//396
f 4258//262 4259//396 4260//397
f 4260//397 4259//396 4261//398
f 4260//397 4261//398 4262//222
f 4262//222 4261//398 4263//223
f 4262//222 4263//223 4264//224
f 4264//224 4263//223 4265//225
f 4264//224 4265//225 4266//268
f 4266//268 4265//225 4267//269
f 4266//268 4267//269 4268//357
f 4268//357 4267//269 4269//358
f 4268//357 4269//358 4270//359
f 4270//359 4269//358 4271//175
f 4270//359 4271//175 4272//176
f 4272//176 4271//175 4273//177
f 4272//176 4273//177 4274//178
f 4274//178 4273//177 4275//229
f 4274//178 4275//229 4276//230
f 4276//230 4275//229 4277//231
f 4276//230 4277//231 4278//232
f 4278//232 4277//231 4279//275
f 4278//232 4279//275 4280//276
f 4280//276 4279//275 4281//360
f 4280//276 4281//360 4282//361
f 4282//361 4281//360 4283//362
f 4282//361 4283//362 4284//236
f 4284//236 4283//362 4285//237
f 4284//236 4285//237 4286//238
f 4286//238 4285//237 4287//239
f 4286//238 4287//239 4288//240
f 4288//240 4287//239 4289//241
f 4288//240 4289//241 4290//284
f 4290//284 4289//241 4291//285
f 4290//284 4291//285 4292//438
f 4292//438 4291//285 4293//439
f 4292//438 4293//439 4294//440
f 4294//440 4293//439 4295//199
f 4294//440 4295//199 4296//200
f 4296//200 4295//199 4297//245
f 4296//200 4297//245 4298//246
f 4298//246 4297//245 4299//247
f 4298//246 4299//247 4300//248
f 4300//248 4299//247 4301//249
f 4300//248 4301//249 4302//250
f 4302//250 4301//249 4303//291
f 4302//250 4303//291 4304//292
f 4304//292 4303//291 4305//399
f 4304//292 4305//399 4306//400
f 4306//400 4305//399 4307//401
f 4306//400 4307//401 4308//254
f 4308//254 4307//401 4309//255
f 4308//254 4309//255 4310//256
f 4310//256 4309//255 4311//257
f 4310//256 4311//257 4312//296
f 4312//296 4311//257 4313//297
f 4312//296 4313//297 4314//402
f 4314//402 4313//297 4315//403
f 4314//402 4315//403 4316//404
f 4316//404 4315//403 4317//215
f 4316//404 4317//215 4318//216
f 4318//216 4317//215 4319//217
f 4318//216 4319//217 4320//218
f 4320//218 4319//217 4321//261
f 4320//218 4321//261 4322//262
f 4322//262 4321//261 4323//263
f 4322//262 4323//263 4324//264
f 4324//264 4323//263 4325//303
f 4324//264 4325//303 4326//304
f 4326//304 4325//303 4327//363
f 4326//304 4327//363 4328//364
f 4328//364 4327//363 4329//365
f 4328//364 4329//365 4330//268
f 4330//268 4329//365 4331//269
f 4330//268 4331//269 4332//270
f 4332//270 4331//269 4333//271
f 4332//270 4333//271 4334//310
f 4334//310 4333//271 4335//311
f 4334//310 4335//311 4336//312
f 4336//312 4335//311 4337//313
f 4336//312 4337//313 4338//444
f 4338//444 4337//313 4339//445
f 4338//444 4339//445 4340//446
f 4340//446 4339//445 4341//231
f 4340//446 4341//231 4342//232
f 4342//232 4341//231 4343//275
f 4342//232 4343//275 4344//276
f 4344//276 4343//275 4345//277
f 4344//276 4345//277 4346//278
f 4346//278 4345//277 4347//279
f 4346//278 4347//279 4348//280
f 4348//280 4347//279 4349//319
f 4348//280 4349//319 4350//320
f 4350//320 4349//319 4351//405
f 4350//320 4351//405 4352//406
f 4352//406 4351//405 4353//407
f 4352//406 4353//407 4354//284
f 4354//284 4353//407 4355//285
f 4354//284 4355//285 4356//286
f 4356//286 4355//285 4357//287
f 4356//286 4357//287 4358//324
f 4358//324 4357//287 4359//325
f 4358//324 4359//325 4360//408
f 4360//408 4359//325 4361//409
f 4360//408 4361//409 4362//410
f 4362//410 4361//409 4363//247
f 4362//410 4363//247 4364//248
f 4364//248 4363//247 4365//249
f 4364//248 4365//249 4366//250
f 4366//250 4365//249 4367//291
f 4366//250 4367//291 4368//292
f 4368//292 4367//291 4369//145
f 4368//292 4369//145 4370//146
f 4370//146 4369//145 4371//147
f 4370//146 4371//147 4372//148
f 4372//148 4371//147 4373//369
f 4372//148 4373//369 4374//370
f 4374//370 4373//369 4375//371
f 4374//370 4375//371 4376//296
f 4376//296 4375//371 4377//297
f 4376//296 4377//297 4378//298
f 4378//298 4377//297 4379//299
f 4378//298 4379//299 4380//332
f 4380//332 4379//299 4381//333
f 4380//332 4381//333 4382//372
f 4382//372 4381//333 4383//373
f 4382//372 4383//373 4384//374
f 4384//374 4383//373 4385//261
f 4384//374 4385//261 4386//262
f 4386//262 4385//261 4387//263
f 4386//262 4387//263 4388//264
f 4388//264 4387//263 4389//303
f 4388//264 4389//303 4390//304
f 4390//304 4389//303 4391//305
f 4390//304 4391//305 4392//306
f 4392//306 4391//305 4393//169
f 4392//306 4393//169 4394//170
f 4394//170 4393//169 4395//171
f 4394//170 4395//171 4396//172
f 4396//172 4395//171 4397//450
f 4396//172 4397//450 4398//451
f 4398//451 4397//450 4399//452
f 4398//451 4399//452 4400//312
f 4400//312 4399//452 4401//313
f 4400//312 4401//313 4402//314
f 4402//314 4401//313 4403//315
f 4402//314 4403//315 4404//340
f 4404//340 4403//315 4405//341
f 4404//340 4405//341 4406//411
f 4406//411 4405//341 4407//412
f 4406//411 4407//412 4408//413
f 4408//413 4407//412 4409//277
f 4408//413 4409//277 4410//278
f 4410//278 4409//277 4411//279
f 4410//278 4411//279 4412//280
f 4412//280 4411//279 4413//319
f 4412//280 4413//319 4414//320
f 4414//320 4413//319 4415//191
f 4414//320 4415//191 4416//192
f 4416//192 4415//191 4417//193
f 4416//192 4417//193 4418//194
f 4418//194 4417//193 4419//414
f 4418//194 4419//414 4420//415
f 4420//415 4419//414 4421//416
f 4420//415 4421//416 4422//324
f 4422//324 4421//416 4423//325
f 4422//324 4423//325 4424//136
f 4424//136 4423//325 4425//137
f 4424//136 4425//137 4426//138
f 4426//138 4425//137 4427//139
f 4426//138 4427//139 4428//375
f 4428//375 4427//139 4429//376
f 4428//375 4429//376 4430//377
f 4430//377 4429//376 4431//291
f 4430//377 4431//291 4432//292
f 4432//292 4431//291 4433//145
f 4432//292 4433//145 4434//146
f 4434//146 4433//145 4435//147
f 4434//146 4435//147 4436//148
f 4436//148 4435//147 4437//149
f 4436//148 4437//149 4438//150
f 4438//150 4437//149 4439//151
f 4438//150 4439//151 4440//152
f 4440//152 4439//151 4441//153
f 4440//152 4441//153 4442//154
f 4442//154 4441//153 4443//155
f 4442//154 4443//155 4444//156
f 4444//156 4443//155 4445//157
f 4444//156 4445//157 4446//158
f 4446//158 4445//157 4447//159
f 4446//158 4447//159 4448//160
f 4448//160 4447//159 4449//161
f 4448//160 4449//161 4450//162
f 4450//162 4449//161 4451//163
f 4450//162 4451//163 4452//417
f 4452//417 4451//163 4453//418
f 4452//417 4453//418 4454//419
f 4454//419 4453//418 4455//305
f 4454//419 4455//305 4456//306
f 4456//306 4455//305 4457//169
f 4456//306 4457//169 4458//170
f 4458//170 4457//169 4459//171
f 4458//170 4459//171 4460//172
f 4460//172 4459//171 4461//173
f 4460//172 4461//173 4462//174
f 4462//174 4461//173 4463//175
f 4462//174 4463//175 4464//176
f 4464//176 4463//175 4465//420
f 4464//176 4465//420 4466//421
f 4466//421 4465//420 4467//422
f 4466//421 4467//422 4468//340
f 4468//340 4467//422 4469//341
f 4468//340 4469//341 4470//182
f 4470//182 4469//341 4471//183
f 4470//182 4471//183 4472//184
f 4472//184 4471//183 4473//185
f 4472//184 4473//185 4474//381
f 4474//381 4473//185 4475//382
f 4474//381 4475//382 4476//383
f 4476//383 4475//382 4477//319
f 4476//383 4477//319 4478//320
f 4478//320 4477//319 4479//191
f 4478//320 4479//191 4480//192
f 4480//192 4479//191 4481//193
f 4480//192 4481//193 4482//194
f 4482//194 4481//193 4483//195
f 4482//194 4483//195 4484//196
f 4484//196 4483//195 4485//197
f 4484//196 4485//197 4486//198
f 4486//198 4485//197 4487//384
f 4486//198 4487//384 4488//385
f 4488//385 4487//384 4489//386
f 4488//385 4489//386 4490//138
f 4490//138 4489//386 4491//139
f 4490//138 4491//139 4492//140
f 4492//140 4491//139 4493//141
f 4492//140 4493//141 4494//204
f 4494//204 4493//141 4495//205
f 4494//204 4495//205 4496//206
f 4496//206 4495//205 4497//207
f 4496//206 4497//207 4498//423
f 4498//423 4497//207 4499//424
f 4498//423 4499//424 4500//425
f 4500//425 4499//424 4501//149
f 4500//425 4501//149 4502//150
f 4502//150 4501//149 4503//151
f 4502//150 4503//151 4504//152
f 4504//152 4503//151 4505//153
f 4504//152 4505//153 4506//154
f 4506//154 4505//153 4507//213
f 4506//154 4507//213 4508//214
f 4508//214 4507//213 4509//215
f 4508//214 4509//215 4510//216
f 4510//216 4509//215 4511//426
f 4510//216 4511//426 4512//427
f 4512//427 4511//426 4513//428
f 4512//427 4513//428 4514//162
f 4514//162 4513//428 4515//163
f 4514//162 4515//163 4516//164
f 4516//164 4515//163 4517//165
f 4516//164 4517//165 4518//222
f 4518//222 4517//165 4519//223
f 4518//222 4519//223 4520//387
f 4520//387 4519//223 4521//388
f 4520//387 4521//388 4522//389
f 4522//389 4521//388 4523//171
f 4522//389 4523//171 4524//172
f 4524//172 4523//171 4525//173
f 4524//172 4525//173 4526//174
f 4526//174 4525//173 4527//175
f 4526//174 4527//175 4528//176
f 4528//176 4527//175 4529//177
f 4528//176 4529//177 4530//178
f 4530//178 4529//177 4531//229
f 4530//178 4531//229 4532//230
f 4532//230 4531//229 4533//390
f 4532//230 4533//390 4534//391
f 4534//391 4533//390 4535//392
f 4534//391 4535//392 4536//184
f 4536//184 4535//392 4537//185
f 4536//184 4537//185 4538//186
f 4538//186 4537//185 4539//187
f 4538//186 4539//187 4540//236
f 4540//236 4539//187 4541//237
f 4540//236 4541//237 4542//238
f 4542//238 4541//237 4543//239
f 4542//238 4543//239 4544//429
f 4544//429 4543//239 4545//430
f 4544//429 4545//430 4546//431
f 4546//431 4545//430 4547//195
f 4546//431 4547//195 4548//196
f 4548//196 4547//195 4549//197
f 4548//196 4549//197 4550//198
f 4550//198 4549//197 4551//199
f 4550//198 4551//199 4552//200
f 4552//200 4551//199 4553//245
f 4552//200 4553//245 4554//246
f 4554//246 4553//245 4555//247
f 4554//246 4555//247 4556//248
f 4556//248 4555//247 4557//432
f 4556//248 4557//432 4558//433
f 4558//433 4557//432 4559//434
f 4558//433 4559//434 4560//206
f 4560//206 4559//434 4561//207
f 4560//206 4561//207 4562//208
f 4562//208 4561//207 4563//209
f 4562//208 4563//209 4564//254
f 4564//254 4563//209 4565//255
f 4564//254 4565//255 4566//393
f 4566//393 4565//255 4567//394
f 4566//393 4567//394 4568//395
f 4568//395 4567//394 4569//153
f 4568//395 4569//153 4570//154
f 4570//154 4569//153 4571//213
f 4570//154 4571//213 4572//214
f 4572//214 4571//213 4573//215
f 4572//214 4573//215 4574//216
f 4574//216 4573//215 4575//217
f 4574//216 4575//217 4576//218
f 4576//218 4575//217 4577//261
f 4576//218 4577//261 4578//262
f 4578//262 4577//261 4579//396
f 4578//262 4579//396 4580//397
f 4580//397 4579//396 4581//398
f 4580//397 4581//398 4582//222
f 4582//222 4581//398 4583//223
f 4582//222 4583//223 4584//224
f 4584//224 4583//223 4585//225
f 4584//224 4585//225 4586//268
f 4586//268 4585//225 4587//269
f 4586//268 4587//269 4588//270
f 4588//270 4587//269 4589//271
f 4588//270 4589//271 4590//272
f 4590//272 4589//271 4591//273
f 4590//272 4591//273 4592//274
f 4592//274 4591//273 4593//177
f 4592//274 4593//177 4594//178
f 4594//178 4593//177 4595//229
f 4594//178 4595//229 4596//230
f 4596//230 4595//229 4597//231
f 4596//230 4597//231 4598//232
f 4598//232 4597//231 4599//275
f 4598//232 4599//275 4600//276
f 4600//276 4599//275 4601//277
f 4600//276 4601//277 4602//278
f 4602//278 4601//277 4603//435
f 4602//278 4603//435 4604//436
f 4604//436 4603//435 4605//437
f 4604//436 4605//437 4606//238
f 4606//238 4605//437 4607//239
f 4606//238 4607//239 4608//240
f 4608//240 4607//239 4609//241
f 4608//240 4609//241 4610//284
f 4610//284 4609//241 4611//285
f 4610//284 4611//285 4612//438
f 4612//438 4611//285 4613//439
f 4612//438 4613//439 4614//440
f 4614//440 4613//439 4615//199
f 4614//440 4615//199 4616//200
f 4616//200 4615//199 4617//245
f 4616//200 4617//245 4618//246
f 4618//246 4617//245 4619//247
f 4618//246 4619//247 4620//248
f 4620//248 4619//247 4621//249
f 4620//248 4621//249 4622//250
f 4622//250 4621//249 4623//291
f 4622//250 4623//291 4624//292
f 4624//292 4623//291 4625//399
f 4624//292 4625//399 4626//400
f 4626//400 4625//399 4627//401
f 4626//400 4627//401 4628//254
f 4628//254 4627//401 4629//255
f 4628//254 4629//255 4630//256
f 4630//256 4629//255 4631//257
f 4630//256 4631//257 4632//296
f 4632//296 4631//257 4633//297
f 4632//296 4633//297 4634//298
f 4634//298 4633//297 4635//299
f 4634//298 4635//299 4636//300
f 4636//300 4635//299 4637//301
f 4636//300 4637//301 4638//302
f 4638//302 4637//301 4639//217
f 4638//302 4639//217 4640//218
f 4640//218 4639//217 4641//261
f 4640//218 4641//261 4642//262
f 4642//262 4641//261 4643//263
f 4642//262 4643//263 4644//264
f 4644//264 4643//263 4645//303
f 4644//264 4645//303 4646//304
f 4646//304 4645//303 4647//305
f 4646//304 4647//305 4648//306
f 4648//306 4647//305 4649//441
f 4648//306 4649//441 4650//442
f 4650//442 4649//441 4651//443
f 4650//442 4651//443 4652//270
f 4652//270 4651//443 4653//271
f 4652//270 4653//271 4654//310
f 4654//310 4653//271 4655//311
f 4654//310 4655//311 4656//312
f 4656//312 4655//311 4657//313
f 4656//312 4657//313 4658//444
f 4658//444 4657//313 4659//445
f 4658//444 4659//445 4660//446
f 4660//446 4659//445 4661//231
f 4660//446 4661//231 4662//232
f 4662//232 4661//231 4663//275
f 4662//232 4663//275 4664//276
f 4664//276 4663//275 4665//277
f 4664//276 4665//277 4666//278
f 4666//278 4665//277 4667//279
f 4666//278 4667//279 4668//280
f 4668//280 4667//279 4669//319
f 4668//280 4669//319 4670//320
f 4670//320 4669//319 4671//405
f 4670//320 4671//405 4672//406
f 4672//406 4671//405 4673//407
f 4672//406 4673//407 4674//284
f 4674//284 4673//407 4675//285
f 4674//284 4675//285 4676//286
f 4676//286 4675//285 4677//287
f 4676//286 4677//287 4678//324
f 4678//324 4677//287 4679//325
f 4678//324 4679//325 4680//408
f 4680//408 4679//325 4681//409
f 4680//408 4681//409 4682//410
f 4682//410 4681//409 4683//247
f 4682//410 4683//247 4684//248
f 4684//248 4683//247 4685//249
f 4684//248 4685//249 4686//250
f 4686//250 4685//249 4687//291
f 4686//250 4687//291 4688//292
f 4688//292 4687//291 4689//145
f 4688//292 4689//145 4690//146
f 4690//146 4689//145 4691//147
f 4690//146 4691//147 4692//148
f 4692//148 4691//147 4693//149
f 4692//148 4693//149 4694//150
f 4694//150 4693//149 4695//329
f 4694//150 4695//329 4696//330
f 4696//330 4695//329 4697//331
f 4696//330 4697//331 4698//298
f 4698//298 4697//331 4699//299
f 4698//298 4699//299 4700//332
f 4700//332 4699//299 4701//333
f 4700//332 4701//333 4702//158
f 4702//158 4701//333 4703//159
f 4702//158 4703//159 4704//447
f 4704//447 4703//159 4705//448
f 4704//447 4705//448 4706//449
f 4706//449 4705//448 4707//263
f 4706//449 4707//263 4708//264
f 4708//264 4707//263 4709//303
f 4708//264 4709//303 4710//304
f 4710//304 4709//303 4711//305
f 4710//304 4711//305 4712//306
f 4712//306 4711//305 4713//169
f 4712//306 4713//169 4714//170
f 4714//170 4713//169 4715//171
f 4714//170 4715//171 4716//172
f 4716//172 4715//171 4717//450
f 4716//172 4717//450 4718//451
f 4718//451 4717//450 4719//452
f 4718//451 4719//452 4720//312
f 4720//312 4719//452 4721//313
f 4720//312 4721//313 4722//314
f 4722//314 4721//313 4723//315
f 4722//314 4723//315 4724//340
f 4724//340 4723//315 4725//341
f 4724//340 4725//341 4726//411
f 4726//411 4725//341 4727//412
f 4726//411 4727//412 4728//413
f 4728//413 4727//412 4729//277
f 4728//413 4729//277 4730//278
f 4730//278 4729//277 4731//279
f 4730//278 4731//279 4732//280
f 4732//280 4731//279 4733//319
f 4732//280 4733//319 4734//320
f 4734//320 4733//319 4735//191
f 4734//320 4735//191 4736//192
f 4736//192 4735//191 4737//193
f 4736//192 4737//193 4738//194
f 4738//194 4737//193 4739//195
f 4738//194 4739//195 4740//196
f 4740//196 4739//195 4741//133
f 4740//196 4741//133 4742//134
f 4742//134 4741//133 4743//135
f 4742//134 4743//135 4744//136
f 4744//136 4743//135 4745//137
f 4744//136 4745//137 4746//138
f 4746//138 4745//137 4747//139
f 4746//138 4747//139 4748//140
f 4748//140 4747//139 4749//141
f 4748//140 4749//141 4750//142
f 4750//142 4749//141 4751//143
f 4750//142 4751//143 4752//144
f 4752//144 4751//143 4753//145
f 4752//144 4753//145 4754//146
f 4754//146 4753//145 4755//147
f 4754//146 4755//147 4756//148
f 4756//148 4755//147 4757//149
f 4756//148 4757//149 4758//150
f 4758//150 4757//149 4759//151
f 4758//150 4759//151 4760//152
f 4760//152 4759//151 4761//153
f 4760//152 4761//153 4762//154
f 4762//154 4761//153 4763//155
f 4762//154 4763//155 4764//156
f 4764//156 4763//155 4765//157
f 4764//156 4765//157 4766//158
f 4766//158 4765//157 4767//159
f 4766//158 4767//159 4768//160
f 4768//160 4767//159 4769//161
f 4768//160 4769//161 4770//162
f 4770//162 4769//161 4771//163
f 4770//162 4771//163 4772//417
f 4772//417 4771//163 4773//418
f 4772//417 4773//418 4774//419
f 4774//419 4773//418 4775//305
f 4774//419 4775//305 4776//306
f 4776//306 4775//305 4777//169
f 4776//306 4777//169 4778//170
f 4778//170 4777//169 4779//171
f 4778//170 4779//171 4780//172
f 4780//172 4779//171 4781//173
f 4780//172 4781//173 4782//174
f 4782//174 4781//173 4783//175
f 4782//174 4783//175 4784//176
f 4784//176 4783//175 4785//420
f 4784//176 4785//420 4786//421
f 4786//421 4785//420 4787//422
f 4786//421 4787//422 4788//340
f 4788//340 4787//422 4789//341
f 4788//340 4789//341 4790//182
f 4790//182 4789//341 4791//183
f 4790//182 4791//183 4792//184
f 4792//184 4791//183 4793//185
f 4792//184 4793//185 4794//186
f 4794//186 4793//185 4795//187
f 4794//186 4795//187 4796//188
f 4796//188 4795//187 4797//189
f 4796//188 4797//189 4798//190
f 4798//190 4797//189 4799//191
f 4798//190 4799//191 4800//192
f 4800//192 4799//191 4801//193
f 4800//192 4801//193 4802//194
f 4802//194 4801//193 4803//195
f 4802//194 4803//195 4804//196
f 4804//196 4803//195 4805//197
f 4804//196 4805//197 4806//198
f 4806//198 4805//197 4807//199
f 4806//198 4807//199 4808//200
f 4808//200 4807//199 4809//201
f 4808//200 4809//201 4810//202
f 4810//202 4809//201 4811//203
f 4810//202 4811//203 4812//140
f 4812//140 4811//203 4813//141
f 4812//140 4813//141 4814//204
f 4814//204 4813//141 4815//205
f 4814//204 4815//205 4816//206
f 4816//206 4815//205 4817//207
f 4816//206 4817//207 4818//423
f 4818//423 4817//207 4819//424
f 4818//423 4819//424 4820//425
f 4820//425 4819//424 4821//149
f 4820//425 4821//149 4822//150
f 4822//150 4821//149 4823//151
f 4822//150 4823//151 4824//152
f 4824//152 4823//151 4825//153
f 4824//152 4825//153 4826//154
f 4826//154 4825//153 4827//213
f 4826//154 4827//213 4828//214
f 4828//214 4827//213 4829//215
f 4828//214 4829//215 4830//216
f 4830//216 4829//215 4831//426
f 4830//216 4831//426 4832//427
f 4832//427 4831//426 4833//428
f 4832//427 4833//428 4834//162
f 4834//162 4833//428 4835//163
f 4834//162 4835//163 4836//164
f 4836//164 4835//163 4837//165
f 4836//164 4837//165 4838//222
f 4838//222 4837//165 4839//223
f 4838//222 4839//223 4840//224
f 4840//224 4839//223 4841//225
f 4840//224 4841//225 4842//226
f 4842//226 4841//225 4843//227
f 4842//226 4843//227 4844//228
f 4844//228 4843//227 4845//173
f 4844//228 4845//173 4846//174
f 4846//174 4845//173 4847//175
f 4846//174 4847//175 4848//176
f 4848//176 4847//175 4849//177
f 4848//176 4849//177 4850//178
f 4850//178 4849//177 4851//229
f 4850//178 4851//229 4852//230
f 4852//230 4851//229 4853//231
f 4852//230 4853//231 4854//232
f 4854//232 4853//231 4855//233
f 4854//232 4855//233 4856//234
f 4856//234 4855//233 4857//235
f 4856//234 4857//235 4858//186
f 4858//186 4857//235 4859//187
f 4858//186 4859//187 4860//236
f 4860//236 4859//187 4861//237
f 4860//236 4861//237 4862//238
f 4862//238 4861//237 4863//239
f 4862//238 4863//239 4864//429
f 4864//429 4863//239 4865//430
f 4864//429 4865//430 4866//431
f 4866//431 4865//430 4867//195
f 4866//431 4867//195 4868//196
f 4868//196 4867//195 4869//197
f 4868//196 4869//197 4870//198
f 4870//198 4869//197 4871//199
f 4870//198 4871//199 4872//200
f 4872//200 4871//199 4873//245
f 4872//200 4873//245 4874//246
f 4874//246 4873//245 4875//247
f 4874//246 4875//247 4876//248
f 4876//248 4875//247 4877//432
f 4876//248 4877//432 4878//433
f 4878//433 4877//432 4879//434
f 4878//433 4879//434 4880//206
f 4880//206 4879//434 4881//207
f 4880//206 4881//207 4882//208
f 4882//208 4881//207 4883//209
f 4882//208 4883//209 4884//254
f 4884//254 4883//209 4885//255
f 4884//254 4885//255 4886//256
f 4886//256 4885//255 4887//257
f 4886//256 4887//257 4888//258
f 4888//258 4887//257 4889//259
f 4888//258 4889//259 4890//260
f 4890//260 4889//259 4891//213
f 4890//260 4891//213 4892//214
f 4892//214 4891//213 4893//215
f 4892//214 4893//215 4894//216
f 4894//216 4893//215 4895//217
f 4894//216 4895//217 4896//218
f 4896//218 4895//217 4897//261
f 4896//218 4897//261 4898//262
f 4898//262 4897//261 4899//263
f 4898//262 4899//263 4900//264
f 4900//264 4899//263 4901//265
f 4900//264 4901//265 4902//266
f 4902//266 4901//265 4903//267
f 4902//266 4903//267 4904//224
f 4904//224 4903//267 4905//225
f 4904//224 4905//225 4906//268
f 4906//268 4905//225 4907//269
f 4906//268 4907//269 4908//270
f 4908//270 4907//269 4909//271
f 4908//270 4909//271 4910//272
f 4910//272 4909//271 4911//273
f 4910//272 4911//273 4912//274
f 4912//274 4911//273 4913//177
f 4912//274 4913//177 4914//178
f 4914//178 4913//177 4915//229
f 4914//178 4915//229 4916//230
f 4916//230 4915//229 4917//231
f 4916//230 4917//231 4918//232
f 4918//232 4917//231 4919//275
f 4918//232 4919//275 4920//276
f 4920//276 4919//275 4921//277
f 4920//276 4921//277 4922//278
f 4922//278 4921//277 4923//435
f 4922//278 4923//435 4924//436
f 4924//436 4923//435 4925//437
f 4924//436 4925//437 4926//238
f 4926//238 4925//437 4927//239
f 4926//238 4927//239 4928//240
f 4928//240 4927//239 4929//241
f 4928//240 4929//241 4930//284
f 4930//284 4929//241 4931//285
f 4930//284 4931//285 4932//286
f 4932//286 4931//285 4933//287
f 4932//286 4933//287 4934//288
f 4934//288 4933//287 4935//289
f 4934//288 4935//289 4936//290
f 4936//290 4935//289 4937//245
f 4936//290 4937//245 4938//246
f 4938//246 4937//245 4939//247
f 4938//246 4939//247 4940//248
f 4940//248 4939//247 4941//249
f 4940//248 4941//249 4942//250
f 4942//250 4941//249 4943//291
f 4942//250 4943//291 4944//292
f 4944//292 4943//291 4945//145
f 4944//292 4945//145 4946//146
f 4946//146 4945//145 4947//293
f 4946//146 4947//293 4948//294
f 4948//294 4947//293 4949//295
f 4948//294 4949//295 4950//256
f 4950//256 4949//295 4951//257
f 4950//256 4951//257 4952//296
f 4952//296 4951//257 4953//297
f 4952//296 4953//297 4954//298
f 4954//298 4953//297 4955//299
f 4954//298 4955//299 4956//300
f 4956//300 4955//299 4957//301
f 4956//300 4957//301 4958//302
f 4958//302 4957//301 4959//217
f 4958//302 4959//217 4960//218
f 4960//218 4959//217 4961//261
f 4960//218 4961//261 4962//262
f 4962//262 4961//261 4963//263
f 4962//262 4963//263 4964//264
f 4964//264 4963//263 4965//303
f 4964//264 4965//303 4966//304
f 4966//304 4965//303 4967//305
f 4966//304 4967//305 4968//306
f 4968//306 4967//305 4969//441
f 4968//306 4969//441 4970//442
f 4970//442 4969//441 4971//443
f 4970//442 4971//443 4972//270
f 4972//270 4971//443 4973//271
f 4972//270 4973//271 4974//310
f 4974//310 4973//271 4975//311
f 4974//310 4975//311 4976//312
f 4976//312 4975//311 4977//313
f 4976//312 4977//313 4978//444
f 4978//444 4977//313 4979//445
f 4978//444 4979//445 4980//446
f 4980//446 4979//445 4981//231
f 4980//446 4981//231 4982//232
f 4982//232 4981//231 4983//275
f 4982//232 4983//275 4984//276
f 4984//276 4983//275 4985//277
f 4984//276 4985//277 4986//278
f 4986//278 4985//277 4987//279
f 4986//278 4987//279 4988//280
f 4988//280 4987//279 4989//319
f 4988//280 4989//319 4990//320
f 4990//320 4989//319 4991//191
f 4990//320 4991//191 4992//192
f 4992//192 4991//191 4993//321
f 4992//192 4993//321 4994//322
f 4994//322 4993//321 4995//323
f 4994//322 4995//323 4996//286
f 4996//286 4995//323 4997//287
f 4996//286 4997//287 4998//324
f 4998//324 4997//287 4999//325
f 4998//324 4999//325 5000//136
f 5000//136 4999//325 5001//137
f 5000//136 5001//137 5002//326
f 5002//326 5001//137 5003//327
f 5002//326 5003//327 5004//328
f 5004//328 5003//327 5005//249
f 5004//328 5005//249 5006//250
f 5006//250 5005//249 5007//291
f 5006//250 5007//291 5008//292
f 5008//292 5007//291 5009//145
f 5008//292 5009//145 5010//146
f 5010//146 5009//145 5011//147
f 5010//146 5011//147 5012//148
f 5012//148 5011//147 5013//149
f 5012//148 5013//149 5014//150
f 5014//150 5013//149 5015//329
f 5014//150 5015//329 5016//330
f 5016//330 5015//329 5017//331
f 5016//330 5017//331 5018//298
f 5018//298 5017//331 5019//299
f 5018//298 5019//299 5020//332
f 5020//332 5019//299 5021//333
f 5020//332 5021//333 5022//158
f 5022//158 5021//333 5023//159
f 5022//158 5023//159 5024//447
f 5024//447 5023//159 5025//448
f 5024//447 5025//448 5026//449
f 5026//449 5025//448 5027//263
f 5026//449 5027//263 5028//264
f 5028//264 5027//263 5029//303
f 5028//264 5029//303 5030//304
f 5030//304 5029//303 5031//305
f 5030//304 5031//305 5032//306
f 5032//306 5031//305 5033//169
f 5032//306 5033//169 5034//170
f 5034//170 5033//169 5035//171
f 5034//170 5035//171 5036//172
f 5036//172 5035//171 5037//173
f 5036//172 5037//173 5038//174
f 5038//174 5037//173 5039//337
f 5038//174 5039//337 5040//338
f 5040//338 5039//337 5041//339
f 5040//338 5041//339 5042//314
f 5042//314 5041//339 5043//315
f 5042//314 5043//315 5044//340
f 5044//340 5043//315 5045//341
f 5044//340 5045//341 5046//182
f 5046//182 5045//341 5047//183
f 5046//182 5047//183 5048//342
f 5048//342 5047//183 5049//343
f 5048//342 5049//343 5050//344
f 5050//344 5049//343 5051//279
f 5050//344 5051//279 5052//280
f 5052//280 5051//279 5053//319
f 5052//280 5053//319 5054//320
f 5054//320 5053//319 5055//191
f 5054//320 5055//191 5056//192
f 5056//192 5055//191 5057//193
f 5056//192 5057//193 5058//194
f 5058//194 5057//193 5059//195
f 5058//194 5059//195 5060//196
f 5060//196 5059//195 5061//133
f 5060//196 5061//133 5062//134
f 5062//134 5061//133 5063//135
f 5062//134 5063//135 5064//136
f 5064//136 5063//135 5065//137
f 5064//136 5065//137 5066//138
f 5066//138 5065//137 5067//139
f 5066//138 5067//139 5068//140
f 5068//140 5067//139 5069//141
f 5068//140 5069//141 5070//142
f 5070//142 5069//141 5071//143
f 5070//142 5071//143 5072//144
f 5072//144 5071//143 5073//145
f 5072//144 5073//145 5074//146
f 5074//146 5073//145 5075//147
f 5074//146 5075//147 5076//148
f 5076//148 5075//147 5077//149
f 5076//148 5077//149 5078//150
f 5078//150 5077//149 5079//151
f 5078//150 5079//151 5080//152
f 5080//152 5079//151 5081//153
f 5080//152 5081//153 5082//154
f 5082//154 5081//153 5083//155
f 5082//154 5083//155 5084//156
f 5084//156 5083//155 5085//157
f 5084//156 5085//157 5086//158
f 5086//158 5085//157 5087//159
f 5086//158 5087//159 5088//160
f 5088//160 5087//159 5089//161
f 5088//160 5089//161 5090//162
f 5090//162 5089//161 5091//163
f 5090//162 5091//163 5092//164
f 5092//164 5091//163 5093//165
f 5092//164 5093//165 5094//166
f 5094//166 5093//165 5095//167
f 5094//166 5095//167 5096//168
f 5096//168 5095//167 5097//169
f 5096//168 5097//169 5098//170
f 5098//170 5097//169 5099//171
f 5098//170 5099//171 5100//172
f 5100//172 5099//171 5101//173
f 5100//172 5101//173 5102//174
f 5102//174 5101//173 5103//175
f 5102//174 5103//175 5104//176
f 5104//176 5103//175 5105//177
f 5104//176 5105//177 5106//178
f 5106//178 5105//177 5107//179
f 5106//178 5107//179 5108//180
f 5108//180 5107//179 5109//181
f 5108//180 5109//181 5110//182
f 5110//182 5109//181 5111//183
f 5110//182 5111//183 5112//184
f 5112//184 5111//183 5113//185
f 5112//184 5113//185 5114//186
f 5114//186 5113//185 5115//187
f 5114//186 5115//187 5116//188
f 5116//188 5115//187 5117//189
f 5116//188 5117//189 5118//190
f 5118//190 5117//189 5119//191
f 5118//190 5119//191 5120//192
f 5120//192 5119//191 5121//193
f 5120//192 5121//193 5122//194
f 5122//194 5121//193 5123//195
f 5122//194 5123//195 5124//196
f 5124//196 5123//195 5125//197
f 5124//196 5125//197 5126//198
f 5126//198 5125//197 5127//199
f 5126//198 5127//199 5128//200
f 5128//200 5127//199 5129//201
f 5128//200 5129//201 5130//202
f 5130//202 5129//201 5131//203
f 5130//202 5131//203 5132//140
f 5132//140 5131//203 5133//141
f 5132//140 5133//141 5134//204
f 5134//204 5133//141 5135//205
f 5134//204 5135//205 5136//206
f 5136//206 5135//205 5137//207
f 5136//206 5137//207 5138//208
f 5138//208 5137//207 5139//209
f 5138//208 5139//209 5140//210
f 5140//210 5139//209 5141//211
f 5140//210 5141//211 5142//212
f 5142//212 5141//211 5143//151
f 5142//212 5143//151 5144//152
f 5144//152 5143//151 5145//153
f 5144//152 5145//153 5146//154
f 5146//154 5145//153 5147//213
f 5146//154 5147//213 5148//214
f 5148//214 5147//213 5149//215
f 5148//214 5149//215 5150//216
f 5150//216 5149//215 5151//217
f 5150//216 5151//217 5152//218
f 5152//218 5151//217 5153//219
f 5152//218 5153//219 5154//220
f 5154//220 5153//219 5155//221
f 5154//220 5155//221 5156//164
f 5156//164 5155//221 5157//165
f 5156//164 5157//165 5158//222
f 5158//222 5157//165 5159//223
f 5158//222 5159//223 5160//224
f 5160//224 5159//223 5161//225
f 5160//224 5161//225 5162//226
f 5162//226 5161//225 5163//227
f 5162//226 5163//227 5164//228
f 5164//228 5163//227 5165//173
f 5164//228 5165//173 5166//174
f 5166//174 5165//173 5167//175
f 5166//174 5167//175 5168//176
f 5168//176 5167//175 5169//177
f 5168//176 5169//177 5170//178
f 5170//178 5169//177 5171//229
f 5170//178 5171//229 5172//230
f 5172//230 5171//229 5173//231
f 5172//230 5173//231 5174//232
f 5174//232 5173//231 5175//233
f 5174//232 5175//233 5176//234
f 5176//234 5175//233 5177//235
f 5176//234 5177//235 5178//186
f 5178//186 5177//235 5179//187
f 5178//186 5179//187 5180//236
f 5180//236 5179//187 5181//237
f 5180//236 5181//237 5182//238
f 5182//238 5181//237 5183//239
f 5182//238 5183//239 5184//240
f 5184//240 5183//239 5185//241
f 5184//240 5185//241 5186//242
f 5186//242 5185//241 5187//243
f 5186//242 5187//243 5188//244
f 5188//244 5187//243 5189//197
f 5188//244 5189//197 5190//198
f 5190//198 5189//197 5191//199
f 5190//198 5191//199 5192//200
f 5192//200 5191//199 5193//245
f 5192//200 5193//245 5194//246
f 5194//246 5193//245 5195//247
f 5194//246 5195//247 5196//248
f 5196//248 5195//247 5197//249
f 5196//248 5197//249 5198//250
f 5198//250 5197//249 5199//251
f 5198//250 5199//251 5200//252
f 5200//252 5199//251 5201//253
f 5200//252 5201//253 5202//208
f 5202//208 5201//253 5203//209
f 5202//208 5203//209 5204//254
f 5204//254 5203//209 5205//255
f 5204//254 5205//255 5206//256
f 5206//256 5205//255 5207//257
f 5206//256 5207//257 5208//258
f 5208//258 5207//257 5209//259
f 5208//258 5209//259 5210//260
f 5210//260 5209//259 5211//213
f 5210//260 5211//213 5212//214
f 5212//214 5211//213 5213//215
f 5212//214 5213//215 5214//216
f 5214//216 5213//215 5215//217
f 5214//216 5215//217 5216//218
f 5216//218 5215//217 5217//261
f 5216//218 5217//261 5218//262
f 5218//262 5217//261 5219//263
f 5218//262 5219//263 5220//264
f 5220//264 5219//263 5221//265
f 5220//264 5221//265 5222//266
f 5222//266 5221//265 5223//267
f 5222//266 5223//267 5224//224
f 5224//224 5223//267 5225//225
f 5224//224 5225//225 5226//268
f 5226//268 5225//225 5227//269
f 5226//268 5227//269 5228//270
f 5228//270 5227//269 5229//271
f 5228//270 5229//271 5230//310
f 5230//310 5229//271 5231//311
f 5230//310 5231//311 5232//366
f 5232//366 5231//311 5233//367
f 5232//366 5233//367 5234//368
f 5234//368 5233//367 5235//229
f 5234//368 5235//229 5236//230
f 5236//230 5235//229 5237//231
f 5236//230 5237//231 5238//232
f 5238//232 5237//231 5239//275
f 5238//232 5239//275 5240//276
f 5240//276 5239//275 5241//277
f 5240//276 5241//277 5242//278
f 5242//278 5241//277 5243//279
f 5242//278 5243//279 5244//280
f 5244//280 5243//279 5245//281
f 5244//280 5245//281 5246//282
f 5246//282 5245//281 5247//283
f 5246//282 5247//283 5248//240
f 5248//240 5247//283 5249//241
f 5248//240 5249//241 5250//284
f 5250//284 5249//241 5251//285
f 5250//284 5251//285 5252//286
f 5252//286 5251//285 5253//287
f 5252//286 5253//287 5254//288
f 5254//288 5253//287 5255//289
f 5254//288 5255//289 5256//290
f 5256//290 5255//289 5257//245
f 5256//290 5257//245 5258//246
f 5258//246 5257//245 5259//247
f 5258//246 5259//247 5260//248
f 5260//248 5259//247 5261//249
f 5260//248 5261//249 5262//250
f 5262//250 5261//249 5263//291
f 5262//250 5263//291 5264//292
f 5264//292 5263//291 5265//145
f 5264//292 5265//145 5266//146
f 5266//146 5265//145 5267//293
f 5266//146 5267//293 5268//294
f 5268//294 5267//293 5269//295
f 5268//294 5269//295 5270//256
f 5270//256 5269//295 5271//257
f 5270//256 5271//257 5272//296
f 5272//296 5271//257 5273//297
f 5272//296 5273//297 5274//298
f 5274//298 5273//297 5275//299
f 5274//298 5275//299 5276//300
f 5276//300 5275//299 5277//301
f 5276//300 5277//301 5278//302
f 5278//302 5277//301 5279//217
f 5278//302 5279//217 5280//218
f 5280//218 5279//217 5281//261
f 5280//218 5281//261 5282//262
f 5282//262 5281//261 5283//263
f 5282//262 5283//263 5284//264
f 5284//264 5283//263 5285//303
f 5284//264 5285//303 5286//304
f 5286//304 5285//303 5287//305
f 5286//304 5287//305 5288//306
f 5288//306 5287//305 5289//169
f 5288//306 5289//169 5290//170
f 5290//170 5289//169 5291//307
f 5290//170 5291//307 5292//308
f 5292//308 5291//307 5293//309
f 5292//308 5293//309 5294//310
f 5294//310 5293//309 5295//311
f 5294//310 5295//311 5296//312
f 5296//312 5295//311 5297//313
f 5296//312 5297//313 5298//314
f 5298//314 5297//313 5299//315
f 5298//314 5299//315 5300//316
f 5300//316 5299//315 5301//317
f 5300//316 5301//317 5302//318
f 5302//318 5301//317 5303//275
f 5302//318 5303//275 5304//276
f 5304//276 5303//275 5305//277
f 5304//276 5305//277 5306//278
f 5306//278 5305//277 5307//279
f 5306//278 5307//279 5308//280
f 5308//280 5307//279 5309//319
f 5308//280 5309//319 5310//320
f 5310//320 5309//319 5311//191
f 5310//320 5311//191 5312//192
f 5312//192 5311//191 5313//321
f 5312//192 5313//321 5314//322
f 5314//322 5313//321 5315//323
f 5314//322 5315//323 5316//286
f 5316//286 5315//323 5317//287
f 5316//286 5317//287 5318//324
f 5318//324 5317//287 5319//325
f 5318//324 5319//325 5320//136
f 5320//136 5319//325 5321//137
f 5320//136 5321//137 5322//326
f 5322//326 5321//137 5323//327
f 5322//326 5323//327 5324//328
f 5324//328 5323//327 5325//249
f 5324//328 5325//249 5326//250
f 5326//250 5325//249 5327//291
f 5326//250 5327//291 5328//292
f 5328//292 5327//291 5329//145
f 5328//292 5329//145 5330//146
f 5330//146 5329//145 5331//147
f 5330//146 5331//147 5332//148
f 5332//148 5331//147 5333//149
f 5332//148 5333//149 5334//150
f 5334//150 5333//149 5335//151
f 5334//150 5335//151 5336//152
f 5336//152 5335//151 5337//378
f 5336//152 5337//378 5338//379
f 5338//379 5337//378 5339//380
f 5338//379 5339//380 5340//332
f 5340//332 5339//380 5341//333
f 5340//332 5341//333 5342//158
f 5342//158 5341//333 5343//159
f 5342//158 5343//159 5344//160
f 5344//160 5343//159 5345//161
f 5344//160 5345//161 5346//334
f 5346//334 5345//161 5347//335
f 5346//334 5347//335 5348//336
f 5348//336 5347//335 5349//303
f 5348//336 5349//303 5350//304
f 5350//304 5349//303 5351//305
f 5350//304 5351//305 5352//306
f 5352//306 5351//305 5353//169
f 5352//306 5353//169 5354//170
f 5354//170 5353//169 5355//171
f 5354//170 5355//171 5356//172
f 5356//172 5355//171 5357//173
f 5356//172 5357//173 5358//174
f 5358//174 5357//173 5359//337
f 5358//174 5359//337 5360//338
f 5360//338 5359//337 5361//339
f 5360//338 5361//339 5362//314
f 5362//314 5361//339 5363//315
f 5362//314 5363//315 5364//340
f 5364//340 5363//315 5365//341
f 5364//340 5365//341 5366//182
f 5366//182 5365//341 5367//183
f 5366//182 5367//183 5368//342
f 5368//342 5367//183 5369//343
f 5368//342 5369//343 5370//344
f 5370//344 5369//343 5371//279
f 5370//344 5371//279 5372//280
f 5372//280 5371//279 5373//319
f 5372//280 5373//319 5374//320
f 5374//320 5373//319 5375//191
f 5374//320 5375//191 5376//192
f 5376//192 5375//191 5377//193
f 5376//192 5377//193 5378//194
f 5378//194 5377//193 5379//195
f 5378//194 5379//195 5380//196
f 5380//196 5379//195 5381//133
f 5380//196 5381//133 5382//134
f 5382//134 5381//133 5383//135
f 5382//134 5383//135 5384//136
f 5384//136 5383//135 5385//137
f 5384//136 5385//137 5386//138
f 5386//138 5385//137 5387//139
f 5386//138 5387//139 5388//140
f 5388//140 5387//139 5389//141
f 5388//140 5389//141 5390//204
f 5390//204 5389//141 5391//205
f 5390//204 5391//205 5392//345
f 5392//345 5391//205 5393//346
f 5392//345 5393//346 5394//347
f 5394//347 5393//346 5395//147
f 5394//347 5395//147 5396//148
f 5396//148 5395//147 5397//149
f 5396//148 5397//149 5398//150
f 5398//150 5397//149 5399//151
f 5398//150 5399//151 5400//152
f 5400//152 5399//151 5401//153
f 5400//152 5401//153 5402//154
f 5402//154 5401//153 5403//213
f 5402//154 5403//213 5404//214
f 5404//214 5403//213 5405//348
f 5404//214 5405//348 5406//349
f 5406//349 5405//348 5407//350
f 5406//349 5407//350 5408//160
f 5408//160 5407//350 5409//161
f 5408//160 5409//161 5410//162
f 5410//162 5409//161 5411//163
f 5410//162 5411//163 5412//164
f 5412//164 5411//163 5413//165
f 5412//164 5413//165 5414//166
f 5414//166 5413//165 5415//167
f 5414//166 5415//167 5416//168
f 5416//168 5415//167 5417//169
f 5416//168 5417//169 5418//170
f 5418//170 5417//169 5419//171
f 5418//170 5419//171 5420//172
f 5420//172 5419//171 5421//173
f 5420//172 5421//173 5422//174
f 5422//174 5421//173 5423//175
f 5422//174 5423//175 5424//176
f 5424//176 5423//175 5425//177
f 5424//176 5425//177 5426//178
f 5426//178 5425//177 5427//179
f 5426//178 5427//179 5428//180
f 5428//180 5427//179 5429//181
f 5428//180 5429//181 5430//182
f 5430//182 5429//181 5431//183
f 5430//182 5431//183 5432//184
f 5432//184 5431//183 5433//185
f 5432//184 5433//185 5434//186
f 5434//186 5433//185 5435//187
f 5434//186 5435//187 5436//236
f 5436//236 5435//187 5437//237
f 5436//236 5437//237 5438//351
f 5438//351 5437//237 5439//352
f 5438//351 5439//352 5440//353
f 5440//353 5439//352 5441//193
f 5440//353 5441//193 5442//194
f 5442//194 5441//193 5443//195
f 5442//194 5443//195 5444//196
f 5444//196 5443//195 5445//197
f 5444//196 5445//197 5446//198
f 5446//198 5445//197 5447//199
f 5446//198 5447//199 5448//200
f 5448//200 5447//199 5449//245
f 5448//200 5449//245 5450//246
f 5450//246 5449//245 5451//354
f 5450//246 5451//354 5452//355
f 5452//355 5451//354 5453//356
f 5452//355 5453//356 5454//204
f 5454//204 5453//356 5455//205
f 5454//204 5455//205 5456//206
f 5456//206 5455//205 5457//207
f 5456//206 5457//207 5458//208
f 5458//208 5457//207 5459//209
f 5458//208 5459//209 5460//210
f 5460//210 5459//209 5461//211
f 5460//210 5461//211 5462//212
f 5462//212 5461//211 5463//151
f 5462//212 5463//151 5464//152
f 5464//152 5463//151 5465//153
f 5464//152 5465//153 5466//154
f 5466//154 5465//153 5467//213
f 5466//154 5467//213 5468//214
f 5468//214 5467//213 5469//215
f 5468//214 5469//215 5470//216
f 5470//216 5469//215 5471//217
f 5470//216 5471//217 5472//218
f 5472//218 5471//217 5473//219
f 5472//218 5473//219 5474//220
f 5474//220 5473//219 5475//221
f 5474//220 5475//221 5476//164
f 5476//164 5475//221 5477//165
f 5476//164 5477//165 5478//222
f 5478//222 5477//165 5479//223
f 5478//222 5479//223 5480//224
f 5480//224 5479//223 5481//225
f 5480//224 5481//225 5482//268
f 5482//268 5481//225 5483//269
f 5482//268 5483//269 5484//357
f 5484//357 5483//269 5485//358
f 5484//357 5485//358 5486//359
f 5486//359 5485//358 5487//175
f 5486//359 5487//175 5488//176
f 5488//176 5487//175 5489//177
f 5488//176 5489//177 5490//178
f 5490//178 5489//177 5491//229
f 5490//178 5491//229 5492//230
f 5492//230 5491//229 5493//231
f 5492//230 5493//231 5494//232
f 5494//232 5493//231 5495//275
f 5494//232 5495//275 5496//276
f 5496//276 5495//275 5497//360
f 5496//276 5497//360 5498//361
f 5498//361 5497//360 5499//362
f 5498//361 5499//362 5500//236
f 5500//236 5499//362 5501//237
f 5500//236 5501//237 5502//238
f 5502//238 5501//237 5503//239
f 5502//238 5503//239 5504//240
f 5504//240 5503//239 5505//241
f 5504//240 5505//241 5506//242
f 5506//242 5505//241 5507//243
f 5506//242 5507//243 5508//244
f 5508//244 5507//243 5509//197
f 5508//244 5509//197 5510//198
f 5510//198 5509//197 5511//199
f 5510//198 5511//199 5512//200
f 5512//200 5511//199 5513//245
f 5512//200 5513//245 5514//246
f 5514//246 5513//245 5515//247
f 5514//246 5515//247 5516//248
f 5516//248 5515//247 5517//249
f 5516//248 5517//249 5518//250
f 5518//250 5517//249 5519//251
f 5518//250 5519//251 5520//252
f 5520//252 5519//251 5521//253
f 5520//252 5521//253 5522//208
f 5522//208 5521//253 5523//209
f 5522//208 5523//209 5524//254
f 5524//254 5523//209 5525//255
f 5524//254 5525//255 5526//256
f 5526//256 5525//255 5527//257
f 5526//256 5527//257 5528//296
f 5528//296 5527//257 5529//297
f 5528//296 5529//297 5530//402
f 5530//402 5529//297 5531//403
f 5530//402 5531//403 5532//404
f 5532//404 5531//403 5533//215
f 5532//404 5533//215 5534//216
f 5534//216 5533//215 5535//217
f 5534//216 5535//217 5536//218
f 5536//218 5535//217 5537//261
f 5536//218 5537//261 5538//262
f 5538//262 5537//261 5539//263
f 5538//262 5539//263 5540//264
f 5540//264 5539//263 5541//303
f 5540//264 5541//303 5542//304
f 5542//304 5541//303 5543//363
f 5542//304 5543//363 5544//364
f 5544//364 5543//363 5545//365
f 5544//364 5545//365 5546//268
f 5546//268 5545//365 5547//269
f 5546//268 5547//269 5548//270
f 5548//270 5547//269 5549//271
f 5548//270 5549//271 5550//310
f 5550//310 5549//271 5551//311
f 5550//310 5551//311 5552//366
f 5552//366 5551//311 5553//367
f 5552//366 5553//367 5554//368
f 5554//368 5553//367 5555//229
f 5554//368 5555//229 5556//230
f 5556//230 5555//229 5557//231
f 5556//230 5557//231 5558//232
f 5558//232 5557//231 5559//275
f 5558//232 5559//275 5560//276
f 5560//276 5559//275 5561//277
f 5560//276 5561//277 5562//278
f 5562//278 5561//277 5563//279
f 5562//278 5563//279 5564//280
f 5564//280 5563//279 5565//281
f 5564//280 5565//281 5566//282
f 5566//282 5565//281 5567//283
f 5566//282 5567//283 5568//240
f 5568//240 5567//283 5569//241
f 5568//240 5569//241 5570//284
f 5570//284 5569//241 5571//285
f 5570//284 5571//285 5572//286
f 5572//286 5571//285 5573//287
f 5572//286 5573//287 5574//288
f 5574//288 5573//287 5575//289
f 5574//288 5575//289 5576//290
f 5576//290 5575//289 5577//245
f 5576//290 5577//245 5578//246
f 5578//246 5577//245 5579//247
f 5578//246 5579//247 5580//248
f 5580//248 5579//247 5581//249
f 5580//248 5581//249 5582//250
f 5582//250 5581//249 5583//291
f 5582//250 5583//291 5584//292
f 5584//292 5583//291 5585//145
f 5584//292 5585//145 5586//146
f 5586//146 5585//145 5587//147
f 5586//146 5587//147 5588//148
f 5588//148 5587//147 5589//369
f 5588//148 5589//369 5590//370
f 5590//370 5589//369 5591//371
f 5590//370 5591//371 5592//296
f 5592//296 5591//371 5593//297
f 5592//296 5593//297 5594//298
f 5594//298 5593//297 5595//299
f 5594//298 5595//299 5596//332
f 5596//332 5595//299 5597//333
f 5596//332 5597//333 5598//372
f 5598//372 5597//333 5599//373
f 5598//372 5599//373 5600//374
f 5600//374 5599//373 5601//261
f 5600//374 5601//261 5602//262
f 5602//262 5601//261 5603//263
f 5602//262 5603//263 5604//264
f 5604//264 5603//263 5605//303
f 5604//264 5605//303 5606//304
f 5606//304 5605//303 5607//305
f 5606//304 5607//305 5608//306
f 5608//306 5607//305 5609//169
f 5608//306 5609//169 5610//170
f 5610//170 5609//169 5611//307
f 5610//170 5611//307 5612//308
f 5612//308 5611//307 5613//309
f 5612//308 5613//309 5614//310
f 5614//310 5613//309 5615//311
f 5614//310 5615//311 5616//312
f 5616//312 5615//311 5617//313
f 5616//312 5617//313 5618//314
f 5618//314 5617//313 5619//315
f 5618//314 5619//315 5620//316
f 5620//316 5619//315 5621//317
f 5620//316 5621//317 5622//318
f 5622//318 5621//317 5623//275
f 5622//318 5623//275 5624//276
f 5624//276 5623//275 5625//277
f 5624//276 5625//277 5626//278
f 5626//278 5625//277 5627//279
f 5626//278 5627//279 5628//280
f 5628//280 5627//279 5629//319
f 5628//280 5629//319 5630//320
f 5630//320 5629//319 5631//191
f 5630//320 5631//191 5632//192
f 5632//192 5631//191 5633//193
f 5632//192 5633//193 5634//194
f 5634//194 5633//193 5635//414
f 5634//194 5635//414 5636//415
f 5636//415 5635//414 5637//416
f 5636//415 5637//416 5638//324
f 5638//324 5637//416 5639//325
f 5638//324 5639//325 5640//136
f 5640//136 5639//325 5641//137
f 5640//136 5641//137 5642//138
f 5642//138 5641//137 5643//139
f 5642//138 5643//139 5644//375
f 5644//375 5643//139 5645//376
f 5644//375 5645//376 5646//377
f 5646//377 5645//376 5647//291
f 5646//377 5647//291 5648//292
f 5648//292 5647//291 5649//145
f 5648//292 5649//145 5650//146
f 5650//146 5649//145 5651//147
f 5650//146 5651//147 5652//148
f 5652//148 5651//147 5653//149
f 5652//148 5653//149 5654//150
f 5654//150 5653//149 5655//151
f 5654//150 5655//151 5656//152
f 5656//152 5655//151 5657//378
f 5656//152 5657//378 5658//379
f 5658//379 5657//378 5659//380
f 5658//379 5659//380 5660//332
f 5660//332 5659//380 5661//333
f 5660//332 5661//333 5662//158
f 5662//158 5661//333 5663//159
f 5662//158 5663//159 5664//160
f 5664//160 5663//159 5665//161
f 5664//160 5665//161 5666//334
f 5666//334 5665//161 5667//335
f 5666//334 5667//335 5668//336
f 5668//336 5667//335 5669//303
f 5668//336 5669//303 5670//304
f 5670//304 5669//303 5671//305
f 5670//304 5671//305 5672//306
f 5672//306 5671//305 5673//169
f 5672//306 5673//169 5674//170
f 5674//170 5673//169 5675//171
f 5674//170 5675//171 5676//172
f 5676//172 5675//171 5677//173
f 5676//172 5677//173 5678//174
f 5678//174 5677//173 5679//337
f 5678//174 5679//337 5680//338
f 5680//338 5679//337 5681//339
f 5680//338 5681//339 5682//314
f 5682//314 5681//339 5683//315
f 5682//314 5683//315 5684//340
f 5684//340 5683//315 5685//341
f 5684//340 5685//341 5686//182
f 5686//182 5685//341 5687//183
f 5686//182 5687//183 5688//184
f 5688//184 5687//183 5689//185
f 5688//184 5689//185 5690//381
f 5690//381 5689//185 5691//382
f 5690//381 5691//382 5692//383
f 5692//383 5691//382 5693//319
f 5692//383 5693//319 5694//320
f 5694//320 5693//319 5695//191
f 5694//320 5695//191 5696//192
f 5696//192 5695//191 5697//193
f 5696//192 5697//193 5698//194
f 5698//194 5697//193 5699//195
f 5698//194 5699//195 5700//196
f 5700//196 5699//195 5701//197
f 5700//196 5701//197 5702//198
f 5702//198 5701//197 5703//384
f 5702//198 5703//384 5704//385
f 5704//385 5703//384 5705//386
f 5704//385 5705//386 5706//138
f 5706//138 5705//386 5707//139
f 5706//138 5707//139 5708//140
f 5708//140 5707//139 5709//141
f 5708//140 5709//141 5710//204
f 5710//204 5709//141 5711//205
f 5710//204 5711//205 5712//345
f 5712//345 5711//205 5713//346
f 5712//345 5713//346 5714//347
f 5714//347 5713//346 5715//147
f 5714//347 5715//147 5716//148
f 5716//148 5715//147 5717//149
f 5716//148 5717//149 5718//150
f 5718//150 5717//149 5719//151
f 5718//150 5719//151 5720//152
f 5720//152 5719//151 5721//153
f 5720//152 5721//153 5722//154
f 5722//154 5721//153 5723//213
f 5722//154 5723//213 5724//214
f 5724//214 5723//213 5725//348
f 5724//214 5725//348 5726//349
f 5726//349 5725//348 5727//350
f 5726//349 5727//350 5728//160
f 5728//160 5727//350 5729//161
f 5728//160 5729//161 5730//162
f 5730//162 5729//161 5731//163
f 5730//162 5731//163 5732//164
f 5732//164 5731//163 5733//165
f 5732//164 5733//165 5734//222
f 5734//222 5733//165 5735//223
f 5734//222 5735//223 5736//387
f 5736//387 5735//223 5737//388
f 5736//387 5737//388 5738//389
f 5738//389 5737//388 5739//171
f 5738//389 5739//171 5740//172
f 5740//172 5739//171 5741//173
f 5740//172 5741//173 5742//174
f 5742//174 5741//173 5743//175
f 5742//174 5743//175 5744//176
f 5744//176 5743//175 5745//177
f 5744//176 5745//177 5746//178
f 5746//178 5745//177 5747//229
f 5746//178 5747//229 5748//230
f 5748//230 5747//229 5749//390
f 5748//230 5749//390 5750//391
f 5750//391 5749//390 5751//392
f 5750//391 5751//392 5752//184
f 5752//184 5751//392 5753//185
f 5752//184 5753//185 5754//186
f 5754//186 5753//185 5755//187
f 5754//186 5755//187 5756//236
f 5756//236 5755//187 5757//237
f 5756//236 5757//237 5758//351
f 5758//351 5757//237 5759//352
f 5758//351 5759//352 5760//353
f 5760//353 5759//352 5761//193
f 5760//353 5761//193 5762//194
f 5762//194 5761//193 5763//195
f 5762//194 5763//195 5764//196
f 5764//196 5763//195 5765//197
f 5764//196 5765//197 5766//198
f 5766//198 5765//197 5767//199
f 5766//198 5767//199 5768//200
f 5768//200 5767//199 5769//245
f 5768//200 5769//245 5770//246
f 5770//246 5769//245 5771//354
f 5770//246 5771//354 5772//355
f 5772//355 5771//354 5773//356
f 5772//355 5773//356 5774//204
f 5774//204 5773//356 5775//205
f 5774//204 5775//205 5776//206
f 5776//206 5775//205 5777//207
f 5776//206 5777//207 5778//208
f 5778//208 5777//207 5779//209
f 5778//208 5779//209 5780//254
f 5780//254 5779//209 5781//255
f 5780//254 5781//255 5782//393
f 5782//393 5781//255 5783//394
f 5782//393 5783//394 5784//395
f 5784//395 5783//394 5785//153
f 5784//395 5785//153 5786//154
f 5786//154 5785//153 5787//213
f 5786//154 5787//213 5788//214
f 5788//214 5787//213 5789//215
f 5788//214 5789//215 5790//216
f 5790//216 5789//215 5791//217
f 5790//216 5791//217 5792//218
f 5792//218 5791//217 5793//261
f 5792//218 5793//261 5794//262
f 5794//262 5793//261 5795//396
f 5794//262 5795//396 5796//397
f 5796//397 5795//396 5797//398
f 5796//397 5797//398 5798//222
f 5798//222 5797//398 5799//223
f 5798//222 5799//223 5800//224
f 5800//224 5799//223 5801//225
f 5800//224 5801//225 5802//268
f 5802//268 5801//225 5803//269
f 5802//268 5803//269 5804//357
f 5804//357 5803//269 5805//358
f 5804//357 5805//358 5806//359
f 5806//359 5805//358 5807//175
f 5806//359 5807//175 5808//176
f 5808//176 5807//175 5809//177
f 5808//176 5809//177 5810//178
f 5810//178 5809//177 5811//229
f 5810//178 5811//229 5812//230
f 5812//230 5811//229 5813//231
f 5812//230 5813//231 5814//232
f 5814//232 5813//231 5815//275
f 5814//232 5815//275 5816//276
f 5816//276 5815//275 5817//360
f 5816//276 5817//360 5818//361
f 5818//361 5817//360 5819//362
f 5818//361 5819//362 5820//236
f 5820//236 5819//362 5821//237
f 5820//236 5821//237 5822//238
f 5822//238 5821//237 5823//239
f 5822//238 5823//239 5824//240
f 5824//240 5823//239 5825//241
f 5824//240 5825//241 5826//284
f 5826//284 5825//241 5827//285
f 5826//284 5827//285 5828//438
f 5828//438 5827//285 5829//439
f 5828//438 5829//439 5830//440
f 5830//440 5829//439 5831//199
f 5830//440 5831//199 5832//200
f 5832//200 5831//199 5833//245
f 5832//200 5833//245 5834//246
f 5834//246 5833//245 5835//247
f 5834//246 5835//247 5836//248
f 5836//248 5835//247 5837//249
f 5836//248 5837//249 5838//250
f 5838//250 5837//249 5839//291
f 5838//250 5839//291 5840//292
f 5840//292 5839//291 5841//399
f 5840//292 5841//399 5842//400
f 5842//400 5841//399 5843//401
f 5842//400 5843//401 5844//254
f 5844//254 5843//401 5845//255
f 5844//254 5845//255 5846//256
f 5846//256 5845//255 5847//257
f 5846//256 5847//257 5848//296
f 5848//296 5847//257 5849//297
f 5848//296 5849//297 5850//402
f 5850//402 5849//297 5851//403
f 5850//402 5851//403 5852//404
f 5852//404 5851//403 5853//215
f 5852//404 5853//215 5854//216
f 5854//216 5853//215 5855//217
f 5854//216 5855//217 5856//218
f 5856//218 5855//217 5857//261
f 5856//218 5857//261 5858//262
f 5858//262 5857//261 5859//263
f 5858//262 5859//263 5860//264
f 5860//264 5859//263 5861//303
f 5860//264 5861//303 5862//304
f 5862//304 5861//303 5863//363
f 5862//304 5863//363 5864//364
f 5864//364 5863//363 5865//365
f 5864//364 5865//365 5866//268
f 5866//268 5865//365 5867//269
f 5866//268 5867//269 5868//270
f 5868//270 5867//269 5869//271
f 5868//270 5869//271 5870//310
f 5870//310 5869//271 5871//311
f 5870//310 5871//311 5872//366
f 5872//366 5871//311 5873//367
f 5872//366 5873//367 5874//368
f 5874//368 5873//367 5875//229
f 5874//368 5875//229 5876//230
f 5876//230 5875//229 5877//231
f 5876//230 5877//231 5878//232
f 5878//232 5877//231 5879//275
f 5878//232 5879//275 5880//276
f 5880//276 5879//275 5881//277
f 5880//276 5881//277 5882//278
f 5882//278 5881//277 5883//279
f 5882//278 5883//279 5884//280
f 5884//280 5883//279 5885//319
f 5884//280 5885//319 5886//320
f 5886//320 5885//319 5887//405
f 5886//320 5887//405 5888//406
f 5888//406 5887//405 5889//407
f 5888//406 5889//407 5890//284
f 5890//284 5889//407 5891//285
f 5890//284 5891//285 5892//286
f 5892//286 5891//285 5893//287
f 5892//286 5893//287 5894//324
f 5894//324 5893//287 5895//325
f 5894//324 5895//325 5896//408
f 5896//408 5895//325 5897//409
f 5896//408 5897//409 5898//410
f 5898//410 5897//409 5899//247
f 5898//410 5899//247 5900//248
f 5900//248 5899//247 5901//249
f 5900//248 5901//249 5902//250
f 5902//250 5901//249 5903//291
f 5902//250 5903//291 5904//292
f 5904//292 5903//291 5905//145
f 5904//292 5905//145 5906//146
f 5906//146 5905//145 5907//147
f 5906//146 5907//147 5908//148
f 5908//148 5907//147 5909//369
f 5908//148 5909//369 5910//370
f 5910//370 5909//369 5911//371
f 5910//370 5911//371 5912//296
f 5912//296 5911//371 5913//297
f 5912//296 5913//297 5914//298
f 5914//298 5913//297 5915//299
f 5914//298 5915//299 5916//332
f 5916//332 5915//299 5917//333
f 5916//332 5917//333 5918//372
f 5918//372 5917//333 5919//373
f 5918//372 5919//373 5920//374
f 5920//374 5919//373 5921//261
f 5920//374 5921//261 5922//262
f 5922//262 5921//261 5923//263
f 5922//262 5923//263 5924//264
f 5924//264 5923//263 5925//303
f 5924//264 5925//303 5926//304
f 5926//304 5925//303 5927//305
f 5926//304 5927//305 5928//306
f 5928//306 5927//305 5929//169
f 5928//306 5929//169 5930//170
f 5930//170 5929//169 5931//171
f 5930//170 5931//171 5932//172
f 5932//172 5931//171 5933//450
f 5932//172 5933//450 5934//451
f 5934//451 5933//450 5935//452
f 5934//451 5935//452 5936//312
f 5936//312 5935//452 5937//313
f 5936//312 5937//313 5938//314
f 5938//314 5937//313 5939//315
f 5938//314 5939//315 5940//340
f 5940//340 5939//315 5941//341
f 5940//340 5941//341 5942//411
f 5942//411 5941//341 5943//412
f 5942//411 5943//412 5944//413
f 5944//413 5943//412 5945//277
f 5944//413 5945//277 5946//278
f 5946//278 5945//277 5947//279
f 5946//278 5947//279 5948//280
f 5948//280 5947//279 5949//319
f 5948//280 5949//319 5950//320
f 5950//320 5949//319 5951//191
f 5950//320 5951//191 5952//192
f 5952//192 5951//191 5953//193
f 5952//192 5953//193 5954//194
f 5954//194 5953//193 5955//414
f 5954//194 5955//414 5956//415
f 5956//415 5955//414 5957//416
f 5956//415 5957//416 5958//324
f 5958//324 5957//416 5959//325
f 5958//324 5959//325 5960//136
f 5960//136 5959//325 5961//137
f 5960//136 5961//137 5962//138
f 5962//138 5961//137 5963//139
f 5962//138 5963//139 5964//375
f 5964//375 5963//139 5965//376
f 5964//375 5965//376 5966//377
f 5966//377 5965//376 5967//291
f 5966//377 5967//291 5968//292
f 5968//292 5967//291 5969//145
f 5968//292 5969//145 5970//146
f 5970//146 5969//145 5971//147
f 5970//146 5971//147 5972//148
f 5972//148 5971//147 5973//149
f 5972//148 5973//149 5974//150
f 5974//150 5973//149 5975//151
f 5974//150 5975//151 5976//152
f 5976//152 5975//151 5977//378
f 5976//152 5977//378 5978//379
f 5978//379 5977//378 5979//380
f 5978//379 5979//380 5980//332
f 5980//332 5979//380 5981//333
f 5980//332 5981//333 5982//158
f 5982//158 5981//333 5983//159
f 5982//158 5983//159 5984//160
f 5984//160 5983//159 5985//161
f 5984//160 5985//161 5986//162
f 5986//162 5985//161 5987//163
f 5986//162 5987//163 5988//417
f 5988//417 5987//163 5989//418
f 5988//417 5989//418 5990//419
f 5990//419 5989//418 5991//305
f 5990//419 5991//305 5992//306
f 5992//306 5991//305 5993//169
f 5992//306 5993//169 5994//170
f 5994//170 5993//169 5995//171
f 5994//170 5995//171 5996//172
f 5996//172 5995//171 5997//173
f 5996//172 5997//173 5998//174
f 5998//174 5997//173 5999//175
f 5998//174 5999//175 6000//176
f 6000//176 5999//175 6001//420
f 6000//176 6001//420 6002//421
f 6002//421 6001//420 6003//422
f 6002//421 6003//422 6004//340
f 6004//340 6003//422 6005//341
f 6004//340 6005//341 6006//182
f 6006//182 6005//341 6007//183
f 6006//182 6007//183 6008//184
f 6008//184 6007//183 6009//185
f 6008//184 6009//185 6010//381
f 6010//381 6009//185 6011//382
f 6010//381 6011//382 6012//383
f 6012//383 6011//382 6013//319
f 6012//383 6013//319 6014//320
f 6014//320 6013//319 6015//191
f 6014//320 6015//191 6016//192
f 6016//192 6015//191 6017//193
f 6016//192 6017//193 6018//194
f 6018//194 6017//193 6019//195
f 6018//194 6019//195 6020//196
f 6020//196 6019//195 6021//197
f 6020//196 6021//197 6022//198
f 6022//198 6021//197 6023//384
f 6022//198 6023//384 6024//385
f 6024//385 6023//384 6025//386
f 6024//385 6025//386 6026//138
f 6026//138 6025//386 6027//139
f 6026//138 6027//139 6028//140
f 6028//140 6027//139 6029//141
f 6028//140 6029//141 6030//204
f 6030//204 6029//141 6031//205
f 6030//204 6031//205 6032//206
f 6032//206 6031//205 6033//207
f 6032//206 6033//207 6034//423
f 6034//423 6033//207 6035//424
f 6034//423 6035//424 6036//425
f 6036//425 6035//424 6037//149
f 6036//425 6037//149 6038//150
f 6038//150 6037//149 6039//151
f 6038//150 6039//151 6040//152
f 6040//152 6039//151 6041//153
f 6040//152 6041//153 6042//154
f 6042//154 6041//153 6043//213
f 6042//154 6043//213 6044//214
f 6044//214 6043//213 6045//215
f 6044//214 6045//215 6046//216
f 6046//216 6045//215 6047//426
f 6046//216 6047//426 6048//427
f 6048//427 6047//426 6049//428
f 6048//427 6049//428 6050//162
f 6050//162 6049//428 6051//163
f 6050//162 6051//163 6052//164
f 6052//164 6051//163 6053//165
f 6052//164 6053//165 6054//222
f 6054//222 6053//165 6055//223
f 6054//222 6055//223 6056//387
f 6056//387 6055//223 6057//388
f 6056//387 6057//388 6058//389
f 6058//389 6057//388 6059//171
f 6058//389 6059//171 6060//172
f 6060//172 6059//171 6061//173
f 6060//172 6061//173 6062//174
f 6062//174 6061//173 6063//175
f 6062//174 6063//175 6064//176
f 6064//176 6063//175 6065//177
f 6064//176 6065//177 6066//178
f 6066//178 6065//177 6067//229
f 6066//178 6067//229 6068//230
f 6068//230 6067//229 6069//390
f 6068//230 6069//390 6070//391
f 6070//391 6069//390 6071//392
f 6070//391 6071//392 6072//184
f 6072//184 6071//392 6073//185
f 6072//184 6073//185 6074//186
f 6074//186 6073//185 6075//187
f 6074//186 6075//187 6076//236
f 6076//236 6075//187 6077//237
f 6076//236 6077//237 6078//238
f 6078//238 6077//237 6079//239
f 6078//238 6079//239 6080//429
f 6080//429 6079//239 6081//430
f 6080//429 6081//430 6082//431
f 6082//431 6081//430 6083//195
f 6082//431 6083//195 6084//196
f 6084//196 6083//195 6085//197
f 6084//196 6085//197 6086//198
f 6086//198 6085//197 6087//199
f 6086//198 6087//199 6088//200
f 6088//200 6087//199 6089//245
f 6088//200 6089//245 6090//246
f 6090//246 6089//245 6091//247
f 6090//246 6091//247 6092//248
f 6092//248 6091//247 6093//432
f 6092//248 6093//432 6094//433
f 6094//433 6093//432 6095//434
f 6094//433 6095//434 6096//206
f 6096//206 6095//434 6097//207
f 6096//206 6097//207 6098//208
f 6098//208 6097//207 6099//209
f 6098//208 6099//209 6100//254
f 6100//254 6099//209 6101//255
f 6100//254 6101//255 6102//393
f 6102//393 6101//255 6103//394
f 6102//393 6103//394 6104//395
f 6104//395 6103//394 6105//153
f 6104//395 6105//153 6106//154
f 6106//154 6105//153 6107//213
f 6106//154 6107//213 6108//214
f 6108//214 6107//213 6109//215
f 6108//214 6109//215 6110//216
f 6110//216 6109//215 6111//217
f 6110//216 6111//217 6112//218
f 6112//218 6111//217 6113//261
f 6112//218 6113//261 6114//262
f 6114//262 6113//261 6115//396
f 6114//262 6115//396 6116//397
f 6116//397 6115//396 6117//398
f 6116//397 6117//398 6118//222
f 6118//222 6117//398 6119//223
f 6118//222 6119//223 6120//224
f 6120//224 6119//223 6121//225
f 6120//224 6121//225 6122//268
f 6122//268 6121//225 6123//269
f 6122//268 6123//269 6124//270
f 6124//270 6123//269 6125//271
f 6124//270 6125//271 6126//272
f 6126//272 6125//271 6127//273
f 6126//272 6127//273 6128//274
f 6128//274 6127//273 6129//177
f 6128//274 6129//177 6130//178
f 6130//178 6129//177 6131//229
f 6130//178 6131//229 6132//230
f 6132//230 6131//229 6133//231
f 6132//230 6133//231 6134//232
f 6134//232 6133//231 6135//275
f 6134//232 6135//275 6136//276
f 6136//276 6135//275 6137//277
f 6136//276 6137//277 6138//278
f 6138//278 6137//277 6139//435
f 6138//278 6139//435 6140//436
f 6140//436 6139//435 6141//437
f 6140//436 6141//437 6142//238
f 6142//238 6141//437 6143//239
f 6142//238 6143//239 6144//240
f 6144//240 6143//239 6145//241
f 6144//240 6145//241 6146//284
f 6146//284 6145//241 6147//285
f 6146//284 6147//285 6148//438
f 6148//438 6147//285 6149//439
f 6148//438 6149//439 6150//440
f 6150//440 6149//439 6151//199
f 6150//440 6151//199 6152//200
f 6152//200 6151//199 6153//245
f 6152//200 6153//245 6154//246
f 6154//246 6153//245 6155//247
f 6154//246 6155//247 6156//248
f 6156//248 6155//247 6157//249
f 6156//248 6157//249 6158//250
f 6158//250 6157//249 6159//291
f 6158//250 6159//291 6160//292
f 6160//292 6159//291 6161//399
f 6160//292 6161//399 6162//400
f 6162//400 6161//399 6163//401
f 6162//400 6163//401 6164//254
f 6164//254 6163//401 6165//255
f 6164//254 6165//255 6166//256
f 6166//256 6165//255 6167//257
f 6166//256 6167//257 6168//296
f 6168//296 6167//257 6169//297
f 6168//296 6169//297 6170//402
f 6170//402 6169//297 6171//403
f 6170//402 6171//403 6172//404
f 6172//404 6171//403 6173//215
f 6172//404 6173//215 6174//216
f 6174//216 6173//215 6175//217
f 6174//216 6175//217 6176//218
f 6176//218 6175//217 6177//261
f 6176//218 6177//261 6178//262
f 6178//262 6177//261 6179//263
f 6178//262 6179//263 6180//264
f 6180//264 6179//263 6181//303
f 6180//264 6181//303 6182//304
f 6182//304 6181//303 6183//305
f 6182//304 6183//305 6184//306
f 6184//306 6183//305 6185//441
f 6184//306 6185//441 6186//442
f 6186//442 6185//441 6187//443
f 6186//442 6187//443 6188//270
f 6188//270 6187//443 6189//271
f 6188//270 6189//271 6190//310
f 6190//310 6189//271 6191//311
f 6190//310 6191//311 6192//312
f 6192//312 6191//311 6193//313
f 6192//312 6193//313 6194//444
f 6194//444 6193//313 6195//445
f 6194//444 6195//445 6196//446
f 6196//446 6195//445 6197//231
f 6196//446 6197//231 6198//232
f 6198//232 6197//231 6199//275
f 6198//232 6199//275 6200//276
f 6200//276 6199//275 6201//277
f 6200//276 6201//277 6202//278
f 6202//278 6201//277 6203//279
f 6202//278 6203//279 6204//280
f 6204//280 6203//279 6205//319
f 6204//280 6205//319 6206//320
f 6206//320 6205//319 6207//405
f 6206//320 6207//405 6208//406
f 6208//406 6207//405 6209//407
f 6208//406 6209//407 6210//284
f 6210//284 6209//407 6211//285
f 6210//284 6211//285 6212//286
f 6212//286 6211//285 6213//287
f 6212//286 6213//287 6214//324
f 6214//324 6213//287 6215//325
f 6214//324 6215//325 6216//408
f 6216//408 6215//325 6217//409
f 6216//408 6217//409 6218//410
f 6218//410 6217//409 6219//247
f 6218//410 6219//247 6220//248
f 6220//248 6219//247 6221//249
f 6220//248 6221//249 6222//250
f 6222//250 6221//249 6223//291
f 6222//250 6223//291 6224//292
f 6224//292 6223//291 6225//145
f 6224//292 6225//145 6226//146
f 6226//146 6225//145 6227//147
f 6226//146 6227//147 6228//148
f 6228//148 6227//147 6229//149
f 6228//148 6229//149 6230//150
f 6230//150 6229//149 6231//329
f 6230//150 6231//329 6232//330
f 6232//330 6231//329 6233//331
f 6232//330 6233//331 6234//298
f 6234//298 6233//331 6235//299
f 6234//298 6235//299 6236//332
f 6236//332 6235//299 6237//333
f 6236//332 6237//333 6238//158
f 6238//158 6237//333 6239//159
f 6238//158 6239//159 6240//447
f 6240//447 6239//159 6241//448
f 6240//447 6241//448 6242//449
f 6242//449 6241//448 6243//263
f 6242//449 6243//263 6244//264
f 6244//264 6243//263 6245//303
f 6244//264 6245//303 6246//304
f 6246//304 6245//303 6247//305
f 6246//304 6247//305 6248//306
f 6248//306 6247//305 6249//169
f 6248//306 6249//169 6250//170
f 6250//170 6249//169 6251//171
f 6250//170 6251//171 6252//172
f 6252//172 6251//171 6253//450
f 6252//172 6253//450 6254//451
f 6254//451 6253//450 6255//452
f 6254//451 6255//452 6256//312
f 6256//312 6255//452 6257//313
f 6256//312 6257//313 6258//314
f 6258//314 6257//313 6259//315
f 6258//314 6259//315 6260//340
f 6260//340 6259//315 6261//341
f 6260//340 6261//341 6262//411
f 6262//411 6261//341 6263//412
f 6262//411 6263//412 6264//413
f 6264//413 6263//412 6265//277
f 6264//413 6265//277 6266//278
f 6266//278 6265//277 6267//279
f 6266//278 6267//279 6268//280
f 6268//280 6267//279 6269//319
f 6268//280 6269//319 6270//320
f 6270//320 6269//319 6271//191
f 6270//320 6271//191 6272//192
f 6272//192 6271//191 6273//193
f 6272//192 6273//193 6274//194
f 6274//194 6273//193 6275//414
f 6274//194 6275//414 6276//415
f 6276//415 6275//414 6277//416
f 6276//415 6277//416 6278//324
f 6278//324 6277//416 6279//325
f 6278//324 6279//325 6280//136
f 6280//136 6279//325 6281//137
f 6280//136 6281//137 6282//138
f 6282//138 6281//137 6283//139
f 6282//138 6283//139 6284//140
f 6284//140 6283//139 6285//141
f 6284//140 6285//141 6286//142
f 6286//142 6285//141 6287//143
f 6286//142 6287//143 6288//144
f 6288//144 6287//143 6289//145
f 6288//144 6289//145 6290//146
f 6290//146 6289//145 6291//147
f 6290//146 6291//147 6292//148
f 6292//148 6291//147 6293//149
f 6292//148 6293//149 6294//150
f 6294//150 6293//149 6295//151
f 6294//150 6295//151 6296//152
f 6296//152 6295//151 6297//153
f 6296//152 6297//153 6298//154
f 6298//154 6297//153 6299//155
f 6298//154 6299//155 6300//156
f 6300//156 6299//155 6301//157
f 6300//156 6301//157 6302//158
f 6302//158 6301//157 6303//159
f 6302//158 6303//159 6304//160
f 6304//160 6303//159 6305//161
f 6304//160 6305//161 6306//162
f 6306//162 6305//161 6307//163
f 6306//162 6307//163 6308//417
f 6308//417 6307//163 6309//418
f 6308//417 6309//418 6310//419
f 6310//419 6309//418 6311//305
f 6310//419 6311//305 6312//306
f 6312//306 6311//305 6313//169
f 6312//306 6313//169 6314//170
f 6314//170 6313//169 6315//171
f 6314//170 6315//171 6316//172
f 6316//172 6315//171 6317//173
f 6316//172 6317//173 6318//174
f 6318//174 6317//173 6319//175
f 6318//174 6319//175 6320//176
f 6320//176 6319//175 6321//420
f 6320//176 6321//420 6322//421
f 6322//421 6321//420 6323//422
f 6322//421 6323//422 6324//340
f 6324//340 6323//422 6325//341
f 6324//340 6325//341 6326//182
f 6326//182 6325//341 6327//183
f 6326//182 6327//183 6328//184
f 6328//184 6327//183 6329//185
f 6328//184 6329//185 6330//186
f 6330//186 6329//185 6331//187
f 6330//186 6331//187 6332//188
f 6332//188 6331//187 6333//189
f 6332//188 6333//189 6334//190
f 6334//190 6333//189 6335//191
f 6334//190 6335//191 6336//192
f 6336//192 6335//191 6337//193
f 6336//192 6337//193 6338//194
f 6338//194 6337//193 6339//195
f 6338//194 6339//195 6340//196
f 6340//196 6339//195 6341//197
f 6340//196 6341//197 6342//198
f 6342//198 6341//197 6343//199
f 6342//198 6343//199 6344//200
f 6344//200 6343//199 6345//201
f 6344//200 6345//201 6346//202
f 6346//202 6345//201 6347//203
f 6346//202 6347//203 6348//140
f 6348//140 6347//203 6349//141
f 6348//140 6349//141 6350//204
f 6350//204 6349//141 6351//205
f 6350//204 6351//205 6352//206
f 6352//206 6351//205 6353//207
f 6352//206 6353//207 6354//423
f 6354//423 6353//207 6355//424
f 6354//423 6355//424 6356//425
f 6356//425 6355//424 6357//149
f 6356//425 6357//149 6358//150
f 6358//150 6357//149 6359//151
f 6358//150 6359//151 6360//152
f 6360//152 6359//151 6361//153
f 6360//152 6361//153 6362//154
f 6362//154 6361//153 6363//213
f 6362//154 6363//213 6364//214
f 6364//214 6363//213 6365//215
f 6364//214 6365//215 6366//216
f 6366//216 6365//215 6367//426
f 6366//216 6367//426 6368//427
f 6368//427 6367//426 6369//428
f 6368//427 6369//428 6370//162
f 6370//162 6369//428 6371//163
f 6370//162 6371//163 6372//164
f 6372//164 6371//163 6373//165
f 6372//164 6373//165 6374//222
f 6374//222 6373//165 6375//223
f 6374//222 6375//223 6376//224
f 6376//224 6375//223 6377//225
f 6376//224 6377//225 6378//226
f 6378//226 6377//225 6379//227
f 6378//226 6379//227 6380//228
f 6380//228 6379//227 6381//173
f 6380//228 6381//173 6382//174
f 6382//174 6381//173 6383//175
f 6382//174 6383//175 6384//176
f 6384//176 6383//175 6385//177
f 6384//176 6385//177 6386//178
f 6386//178 6385//177 6387//229
f 6386//178 6387//229 6388//230
f 6388//230 6387//229 6389//231
f 6388//230 6389//231 6390//232
f 6390//232 6389//231 6391//233
f 6390//232 6391//233 6392//234
f 6392//234 6391//233 6393//235
f 6392//234 6393//235 6394//186
f 6394//186 6393//235 6395//187
f 6394//186 6395//187 6396//236
f 6396//236 6395//187 6397//237
f 6396//236 6397//237 6398//238
f 6398//238 6397//237 6399//239
f 6398//238 6399//239 6400//429
f 6400//429 6399//239 6401//430
f 6400//429 6401//430 6402//431
f 6402//431 6401//430 6403//195
f 6402//431 6403//195 6404//196
f 6404//196 6403//195 6405//197
f 6404//196 6405//197 6406//198
f 6406//198 6405//197 6407//199
f 6406//198 6407//199 6408//200
f 6408//200 6407//199 6409//245
f 6408//200 6409//245 6410//246
f 6410//246 6409//245 6411//247
f 6410//246 6411//247 6412//248
f 6412//248 6411//247 6413//432
f 6412//248 6413//432 6414//433
f 6414//433 6413//432 6415//434
f 6414//433 6415//434 6416//206
f 6416//206 6415//434 6417//207
f 6416//206 6417//207 6418//208
f 6418//208 6417//207 6419//209
f 6418//208 6419//209 6420//254
f 6420//254 6419//209 6421//255
f 6420//254 6421//255 6422//393
f 6422//393 6421//255 6423//394
f 6422//393 6423//394 6424//395
f 6424//395 6423//394 6425//153
f 6424//395 6425//153 6426//154
f 6426//154 6425//153 6427//213
f 6426//154 6427//213 6428//214
f 6428//214 6427//213 6429//215
f 6428//214 6429//215 6430//216
f 6430//216 6429//215 6431//217
f 6430//216 6431//217 6432//218
f 6432//218 6431//217 6433//261
f 6432//218 6433//261 6434//262
f 6434//262 6433//261 6435//263
f 6434//262 6435//263 6436//264
f 6436//264 6435//263 6437//265
f 6436//264 6437//265 6438//266
f 6438//266 6437//265 6439//267
f 6438//266 6439//267 6440//224
f 6440//224 6439//267 6441//225
f 6440//224 6441//225 6442//268
f 6442//268 6441//225 6443//269
f 6442//268 6443//269 6444//270
f 6444//270 6443//269 6445//271
f 6444//270 6445//271 6446//272
f 6446//272 6445//271 6447//273
f 6446//272 6447//273 6448//274
f 6448//274 6447//273 6449//177
f 6448//274 6449//177 6450//178
f 6450//178 6449//177 6451//229
f 6450//178 6451//229 6452//230
f 6452//230 6451//229 6453//231
f 6452//230 6453//231 6454//232
f 6454//232 6453//231 6455//275
f 6454//232 6455//275 6456//276
f 6456//276 6455//275 6457//277
f 6456//276 6457//277 6458//278
f 6458//278 6457//277 6459//435
f 6458//278 6459//435 6460//436
f 6460//436 6459//435 6461//437
f 6460//436 6461//437 6462//238
f 6462//238 6461//437 6463//239
f 6462//238 6463//239 6464//240
f 6464//240 6463//239 6465//241
f 6464//240 6465//241 6466//284
f 6466//284 6465//241 6467//285
f 6466//284 6467//285 6468//438
f 6468//438 6467//285 6469//439
f 6468//438 6469//439 6470//440
f 6470//440 6469//439 6471//199
f 6470//440 6471//199 6472//200
f 6472//200 6471//199 6473//245
f 6472//200 6473//245 6474//246
f 6474//246 6473//245 6475//247
f 6474//246 6475//247 6476//248
f 6476//248 6475//247 6477//249
f 6476//248 6477//249 6478//250
f 6478//250 6477//249 6479//291
f 6478//250 6479//291 6480//292
f 6480//292 6479//291 6481//145
f 6480//292 6481//145 6482//146
f 6482//146 6481//145 6483//293
f 6482//146 6483//293 6484//294
f 6484//294 6483//293 6485//295
f 6484//294 6485//295 6486//256
f 6486//256 6485//295 6487//257
f 6486//256 6487//257 6488//296
f 6488//296 6487//257 6489//297
f 6488//296 6489//297 6490//298
f 6490//298 6489//297 6491//299
f 6490//298 6491//299 6492//300
f 6492//300 6491//299 6493//301
f 6492//300 6493//301 6494//302
f 6494//302 6493//301 6495//217
f 6494//302 6495//217 6496//218
f 6496//218 6495//217 6497//261
f 6496//218 6497//261 6498//262
f 6498//262 6497//261 6499//263
f 6498//262 6499//263 6500//264
f 6500//264 6499//263 6501//303
f 6500//264 6501//303 6502//304
f 6502//304 6501//303 6503//305
f 6502//304 6503//305 6504//306
f 6504//306 6503//305 6505//441
f 6504//306 6505//441 6506//442
f 6506//442 6505//441 6507//443
f 6506//442 6507//443 6508//270
f 6508//270 6507//443 6509//271
f 6508//270 6509//271 6510//310
f 6510//310 6509//271 6511//311
f 6510//310 6511//311 6512//312
f 6512//312 6511//311 6513//313
f 6512//312 6513//313 6514//444
f 6514//444 6513//313 6515//445
f 6514//444 6515//445 6516//446
f 6516//446 6515//445 6517//231
f 6516//446 6517//231 6518//232
f 6518//232 6517//231 6519//275
f 6518//232 6519//275 6520//276
f 6520//276 6519//275 6521//277
f 6520//276 6521//277 6522//278
f 6522//278 6521//277 6523//279
f 6522//278 6523//279 6524//280
f 6524//280 6523//279 6525//319
f 6524//280 6525//319 6526//320
f 6526//320 6525//319 6527//191
f 6526//320 6527//191 6528//192
f 6528//192 6527//191 6529//321
f 6528//192 6529//321 6530//322
f 6530//322 6529//321 6531//323
f 6530//322 6531//323 6532//286
f 6532//286 6531//323 6533//287
f 6532//286 6533//287 6534//324
f 6534//324 6533//287 6535//325
f 6534//324 6535//325 6536//136
f 6536//136 6535//325 6537//137
f 6536//136 6537//137 6538//326
f 6538//326 6537//137 6539//327
f 6538//326 6539//327 6540//328
f 6540//328 6539//327 6541//249
f 6540//328 6541//249 6542//250
f 6542//250 6541//249 6543//291
f 6542//250 6543//291 6544//292
f 6544//292 6543//291 6545//145
f 6544//292 6545//145 6546//146
f 6546//146 6545//145 6547//147
f 6546//146 6547//147 6548//148
f 6548//148 6547//147 6549//149
f 6548//148 6549//149 6550//150
f 6550//150 6549//149 6551//329
f 6550//150 6551//329 6552//330
f 6552//330 6551//329 6553//331
f 6552//330 6553//331 6554//298
f 6554//298 6553//331 6555//299
f 6554//298 6555//299 6556//332
f 6556//332 6555//299 6557//333
f 6556//332 6557//333 6558//158
f 6558//158 6557//333 6559//159
f 6558//158 6559//159 6560//447
f 6560//447 6559//159 6561//448
f 6560//447 6561//448 6562//449
f 6562//449 6561//448 6563//263
f 6562//449 6563//263 6564//264
f 6564//264 6563//263 6565//303
f 6564//264 6565//303 6566//304
f 6566//304 6565//303 6567//305
f 6566//304 6567//305 6568//306
f 6568//306 6567//305 6569//169
f 6568//306 6569//169 6570//170
f 6570//170 6569//169 6571//171
f 6570//170 6571//171 6572//172
f 6572//172 6571//171 6573//450
f 6572//172 6573//450 6574//451
f 6574//451 6573//450 6575//452
f 6574//451 6575//452 6576//312
f 6576//312 6575//452 6577//313
f 6576//312 6577//313 6578//314
f 6578//314 6577//313 6579//315
f 6578//314 6579//315 6580//340
f 6580//340 6579//315 6581//341
f 6580//340 6581//341 6582//182
f 6582//182 6581//341 6583//183
f 6582//182 6583//183 6584//342
f 6584//342 6583//183 6585//343
f 6584//342 6585//343 6586//344
f 6586//344 6585//343 6587//279
f 6586//344 6587//279 6588//280
f 6588//280 6587//279 6589//319
f 6588//280 6589//319 6590//320
f 6590//320 6589//319 6591//191
f 6590//320 6591//191 6592//192
f 6592//192 6591//191 6593//193
f 6592//192 6593//193 6594//194
f 6594//194 6593//193 6595//195
f 6594//194 6595//195 6596//196
f 6596//196 6595//195 6597//133
f 6596//196 6597//133 6598//134
f 6598//134 6597//133 6599//135
f 6598//134 6599//135 6600//136
f 6600//136 6599//135 6601//137
f 6600//136 6601//137 6602//138
f 6602//138 6601//137 6603//139
f 6602//138 6603//139 6604//140
f 6604//140 6603//139 6605//141
f 6604//140 6605//141 6606//142
f 6606//142 6605//141 6607//143
f 6606//142 6607//143 6608//144
f 6608//144 6607//143 6609//145
f 6608//144 6609//145 6610//146
f 6610//146 6609//145 6611//147
f 6610//146 6611//147 6612//148
f 6612//148 6611//147 6613//149
f 6612//148 6613//149 6614//150
f 6614//150 6613//149 6615//151
f 6614//150 6615//151 6616//152
f 6616//152 6615//151 6617//153
f 6616//152 6617//153 6618//154
f 6618//154 6617//153 6619//155
f 6618//154 6619//155 6620//156
f 6620//156 6619//155 6621//157
f 6620//156 6621//157 6622//158
f 6622//158 6621//157 6623//159
f 6622//158 6623//159 6624//160
f 6624//160 6623//159 6625//161
f 6624//160 6625//161 6626//162
f 6626//162 6625//161 6627//163
f 6626//162 6627//163 6628//164
f 6628//164 6627//163 6629//165
f 6628//164 6629//165 6630//166
f 6630//166 6629//165 6631//167
f 6630//166 6631//167 6632//168
f 6632//168 6631//167 6633//169
f 6632//168 6633//169 6634//170
f 6634//170 6633//169 6635//171
f 6634//170 6635//171 6636//172
f 6636//172 6635//171 6637//173
f 6636//172 6637//173 6638//174
f 6638//174 6637//173 6639//175
f 6638//174 6639//175 6640//176
f 6640//176 6639//175 6641//177
f 6640//176 6641//177 6642//178
f 6642//178 6641//177 6643//179
f 6642//178 6643//179 6644//180
f 6644//180 6643//179 6645//181
f 6644//180 6645//181 6646//182
f 6646//182 6645//181 6647//183
f 6646//182 6647//183 6648//184
f 6648//184 6647//183 6649//185
f 6648//184 6649//185 6650//186
f 6650//186 6649//185 6651//187
f 6650//186 6651//187 6652//188
f 6652//188 6651//187 6653//189
f 6652//188 6653//189 6654//190
f 6654//190 6653//189 6655//191
f 6654//190 6655//191 6656//192
f 6656//192 6655//191 6657//193
f 6656//192 6657//193 6658//194
f 6658//194 6657//193 6659//195
f 6658//194 6659//195 6660//196
f 6660//196 6659//195 6661//197
f 6660//196 6661//197 6662//198
f 6662//198 6661//197 6663//199
f 6662//198 6663//199 6664//200
f 6664//200 6663//199 6665//201
f 6664//200 6665//201 6666//202
f 6666//202 6665//201 6667//203
f 6666//202 6667//203 6668//140
f 6668//140 6667//203 6669//141
f 6668//140 6669//141 6670//204
f 6670//204 6669//141 6671//205
f 6670//204 6671//205 6672//206
f 6672//206 6671//205 6673//207
f 6672//206 6673//207 6674//208
f 6674//208 6673//207 6675//209
f 6674//208 6675//209 6676//210
f 6676//210 6675//209 6677//211
f 6676//210 6677//211 6678//212
f 6678//212 6677//211 6679//151
f 6678//212 6679//151 6680//152
f 6680//152 6679//151 6681//153
f 6680//152 6681//153 6682//154
f 6682//154 6681//153 6683//213
f 6682//154 6683//213 6684//214
f 6684//214 6683//213 6685//215
f 6684//214 6685//215 6686//216
f 6686//216 6685//215 6687//217
f 6686//216 6687//217 6688//218
f 6688//218 6687//217 6689//219
f 6688//218 6689//219 6690//220
f 6690//220 6689//219 6691//221
f 6690//220 6691//221 6692//164
f 6692//164 6691//221 6693//165
f 6692//164 6693//165 6694//222
f 6694//222 6693//165 6695//223
f 6694//222 6695//223 6696//224
f 6696//224 6695//223 6697//225
f 6696//224 6697//225 6698//226
f 6698//226 6697//225 6699//227
f 6698//226 6699//227 6700//228
f 6700//228 6699//227 6701//173
f 6700//228 6701//173 6702//174
f 6702//174 6701//173 6703//175
f 6702//174 6703//175 6704//176
f 6704//176 6703//175 6705//177
f 6704//176 6705//177 6706//178
f 6706//178 6705//177 6707//229
f 6706//178 6707//229 6708//230
f 6708//230 6707//229 6709//231
f 6708//230 6709//231 6710//232
f 6710//232 6709//231 6711//233
f 6710//232 6711//233 6712//234
f 6712//234 6711//233 6713//235
f 6712//234 6713//235 6714//186
f 6714//186 6713//235 6715//187
f 6714//186 6715//187 6716//236
f 6716//236 6715//187 6717//237
f 6716//236 6717//237 6718//238
f 6718//238 6717//237 6719//239
f 6718//238 6719//239 6720//429
f 6720//429 6719//239 6721//430
f 6720//429 6721//430 6722//431
f 6722//431 6721//430 6723//195
f 6722//431 6723//195 6724//196
f 6724//196 6723//195 6725//197
f 6724//196 6725//197 6726//198
f 6726//198 6725//197 6727//199
f 6726//198 6727//199 6728//200
f 6728//200 6727//199 6729//245
f 6728//200 6729//245 6730//246
f 6730//246 6729//245 6731//247
f 6730//246 6731//247 6732//248
f 6732//248 6731//247 6733//249
f 6732//248 6733//249 6734//250
f 6734//250 6733//249 6735//251
f 6734//250 6735//251 6736//252
f 6736//252 6735//251 6737//253
f 6736//252 6737//253 6738//208
f 6738//208 6737//253 6739//209
f 6738//208 6739//209 6740//254
f 6740//254 6739//209 6741//255
f 6740//254 6741//255 6742//256
f 6742//256 6741//255 6743//257
f 6742//256 6743//257 6744//258
f 6744//258 6743//257 6745//259
f 6744//258 6745//259 6746//260
f 6746//260 6745//259 6747//213
f 6746//260 6747//213 6748//214
f 6748//214 6747//213 6749//215
f 6748//214 6749//215 6750//216
f 6750//216 6749//215 6751//217
f 6750//216 6751//217 6752//218
f 6752//218 6751//217 6753//261
f 6752//218 6753//261 6754//262
f 6754//262 6753//261 6755//263
f 6754//262 6755//263 6756//264
f 6756//264 6755//263 6757//265
f 6756//264 6757//265 6758//266
f 6758//266 6757//265 6759//267
f 6758//266 6759//267 6760//224
f 6760//224 6759//267 6761//225
f 6760//224 6761//225 6762//268
f 6762//268 6761//225 6763//269
f 6762//268 6763//269 6764//270
f 6764//270 6763//269 6765//271
f 6764//270 6765//271 6766//272
f 6766//272 6765//271 6767//273
f 6766//272 6767//273 6768//274
f 6768//274 6767//273 6769//177
f 6768//274 6769//177 6770//178
f 6770//178 6769//177 6771//229
f 6770//178 6771//229 6772//230
f 6772//230 6771//229 6773//231
f 6772//230 6773//231 6774//232
f 6774//232 6773//231 6775//275
f 6774//232 6775//275 6776//276
f 6776//276 6775//275 6777//277
f 6776//276 6777//277 6778//278
f 6778//278 6777//277 6779//279
f 6778//278 6779//279 6780//280
f 6780//280 6779//279 6781//281
f 6780//280 6781//281 6782//282
f 6782//282 6781//281 6783//283
f 6782//282 6783//283 6784//240
f 6784//240 6783//283 6785//241
f 6784//240 6785//241 6786//284
f 6786//284 6785//241 6787//285
f 6786//284 6787//285 6788//286
f 6788//286 6787//285 6789//287
f 6788//286 6789//287 6790//288
f 6790//288 6789//287 6791//289
f 6790//288 6791//289 6792//290
f 6792//290 6791//289 6793//245
f 6792//290 6793//245 6794//246
f 6794//246 6793//245 6795//247
f 6794//246 6795//247 6796//248
f 6796//248 6795//247 6797//249
f 6796//248 6797//249 6798//250
f 6798//250 6797//249 6799//291
f 6798//250 6799//291 6800//292
f 6800//292 6799//291 6801//145
f 6800//292 6801//145 6802//146
f 6802//146 6801//145 6803//293
f 6802//146 6803//293 6804//294
f 6804//294 6803//293 6805//295
f 6804//294 6805//295 6806//256
f 6806//256 6805//295 6807//257
f 6806//256 6807//257 6808//296
f 6808//296 6807//257 6809//297
f 6808//296 6809//297 6810//298
f 6810//298 6809//297 6811//299
f 6810//298 6811//299 6812//300
f 6812//300 6811//299 6813//301
f 6812//300 6813//301 6814//302
f 6814//302 6813//301 6815//217
f 6814//302 6815//217 6816//218
f 6816//218 6815//217 6817//261
f 6816//218 6817//261 6818//262
f 6818//262 6817//261 6819//263
f 6818//262 6819//263 6820//264
f 6820//264 6819//263 6821//303
f 6820//264 6821//303 6822//304
f 6822//304 6821//303 6823//305
f 6822//304 6823//305 6824//306
f 6824//306 6823//305 6825//441
f 6824//306 6825//441 6826//442
f 6826//442 6825//441 6827//443
f 6826//442 6827//443 6828//270
f 6828//270 6827//443 6829//271
f 6828//270 6829//271 6830//310
f 6830//310 6829//271 6831//311
f 6830//310 6831//311 6832//312
f 6832//312 6831//311 6833//313
f 6832//312 6833//313 6834//314
f 6834//314 6833//313 6835//315
f 6834//314 6835//315 6836//316
f 6836//316 6835//315 6837//317
f 6836//316 6837//317 6838//318
f 6838//318 6837//317 6839//275
f 6838//318 6839//275 6840//276
f 6840//276 6839//275 6841//277
f 6840//276 6841//277 6842//278
f 6842//278 6841//277 6843//279
f 6842//278 6843//279 6844//280
f 6844//280 6843//279 6845//319
f 6844//280 6845//319 6846//320
f 6846//320 6845//319 6847//191
f 6846//320 6847//191 6848//192
f 6848//192 6847//191 6849//321
f 6848//192 6849//321 6850//322
f 6850//322 6849//321 6851//323
f 6850//322 6851//323 6852//286
f 6852//286 6851//323 6853//287
f 6852//286 6853//287 6854//324
f 6854//324 6853//287 6855//325
f 6854//324 6855//325 6856//136
f 6856//136 6855//325 6857//137
f 6856//136 6857//137 6858//326
f 6858//326 6857//137 6859//327
f 6858//326 6859//327 6860//328
f 6860//328 6859//327 6861//249
f 6860//328 6861//249 6862//250
f 6862//250 6861//249 6863//291
f 6862//250 6863//291 6864//292
f 6864//292 6863//291 6865//145
f 6864//292 6865//145 6866//146
f 6866//146 6865//145 6867//147
f 6866//146 6867//147 6868//148
f 6868//148 6867//147 6869//149
f 6868//148 6869//149 6870//150
f 6870//150 6869//149 6871//329
f 6870//150 6871//329 6872//330
f 6872//330 6871//329 6873//331
f 6872//330 6873//331 6874//298
f 6874//298 6873//331 6875//299
f 6874//298 6875//299 6876//332
f 6876//332 6875//299 6877//333
f 6876//332 6877//333 6878//158
f 6878//158 6877//333 6879//159
f 6878//158 6879//159 6880//160
f 6880//160 6879//159 6881//161
f 6880//160 6881//161 6882//334
f 6882//334 6881//161 6883//335
f 6882//334 6883//335 6884//336
f 6884//336 6883//335 6885//303
f 6884//336 6885//303 6886//304
f 6886//304 6885//303 6887//305
f 6886//304 6887//305 6888//306
f 6888//306 6887//305 6889//169
f 6888//306 6889//169 6890//170
f 6890//170 6889//169 6891//171
f 6890//170 6891//171 6892//172
f 6892//172 6891//171 6893//173
f 6892//172 6893//173 6894//174
f 6894//174 6893//173 6895//337
f 6894//174 6895//337 6896//338
f 6896//338 6895//337 6897//339
f 6896//338 6897//339 6898//314
f 6898//314 6897//339 6899//315
f 6898//314 6899//315 6900//340
f 6900//340 6899//315 6901//341
f 6900//340 6901//341 6902//182
f 6902//182 6901//341 6903//183
f 6902//182 6903//183 6904//342
f 6904//342 6903//183 6905//343
f 6904//342 6905//343 6906//344
f 6906//344 6905//343 6907//279
f 6906//344 6907//279 6908//280
f 6908//280 6907//279 6909//319
f 6908//280 6909//319 6910//320
f 6910//320 6909//319 6911//191
f 6910//320 6911//191 6912//192
f 6912//192 6911//191 6913//193
f 6912//192 6913//193 6914//194
f 6914//194 6913//193 6915//195
f 6914//194 6915//195 6916//196
f 6916//196 6915//195 6917//133
f 6916//196 6917//133 6918//134
f 6918//134 6917//133 6919//135
f 6918//134 6919//135 6920//136
f 6920//136 6919//135 6921//137
f 6920//136 6921//137 6922//138
f 6922//138 6921//137 6923//139
f 6922//138 6923//139 6924//140
f 6924//140 6923//139 6925//141
f 6924//140 6925//141 6926//204
f 6926//204 6925//141 6927//205
f 6926//204 6927//205 6928//345
f 6928//345 6927//205 6929//346
f 6928//345 6929//346 6930//347
f 6930//347 6929//346 6931//147
f 6930//347 6931//147 6932//148
f 6932//148 6931//147 6933//149
f 6932//148 6933//149 6934//150
f 6934//150 6933//149 6935//151
f 6934//150 6935//151 6936//152
f 6936//152 6935//151 6937//153
f 6936//152 6937//153 6938//154
f 6938//154 6937//153 6939//213
f 6938//154 6939//213 6940//214
f 6940//214 6939//213 6941//348
f 6940//214 6941//348 6942//349
f 6942//349 6941//348 6943//350
f 6942//349 6943//350 6944//160
f 6944//160 6943//350 6945//161
f 6944//160 6945//161 6946//162
f 6946//162 6945//161 6947//163
f 6946//162 6947//163 6948//164
f 6948//164 6947//163 6949//165
f 6948//164 6949//165 6950//166
f 6950//166 6949//165 6951//167
f 6950//166 6951//167 6952//168
f 6952//168 6951//167 6953//169
f 6952//168 6953//169 6954//170
f 6954//170 6953//169 6955//171
f 6954//170 6955//171 6956//172
f 6956//172 6955//171 6957//173
f 6956//172 6957//173 6958//174
f 6958//174 6957//173 6959//175
f 6958//174 6959//175 6960//176
f 6960//176 6959//175 6961//177
f 6960//176 6961//177 6962//178
f 6962//178 6961//177 6963//179
f 6962//178 6963//179 6964//180
f 6964//180 6963//179 6965//181
f 6964//180 6965//181 6966//182
f 6966//182 6965//181 6967//183
f 6966//182 6967//183 6968//184
f 6968//184 6967//183 6969//185
f 6968//184 6969//185 6970//186
f 6970//186 6969//185 6971//187
f 6970//186 6971//187 6972//236
f 6972//236 6971//187 6973//237
f 6972//236 6973//237 6974//351
f 6974//351 6973//237 6975//352
f 6974//351 6975//352 6976//353
f 6976//353 6975//352 6977//193
f 6976//353 6977//193 6978//194
f 6978//194 6977//193 6979//195
f 6978//194 6979//195 6980//196
f 6980//196 6979//195 6981//197
f 6980//196 6981//197 6982//198
f 6982//198 6981//197 6983//199
f 6982//198 6983//199 6984//200
f 6984//200 6983//199 6985//245
f 6984//200 6985//245 6986//246
f 6986//246 6985//245 6987//354
f 6986//246 6987//354 6988//355
f 6988//355 6987//354 6989//356
f 6988//355 6989//356 6990//204
f 6990//204 6989//356 6991//205
f 6990//204 6991//205 6992//206
f 6992//206 6991//205 6993//207
f 6992//206 6993//207 6994//208
f 6994//208 6993//207 6995//209
f 6994//208 6995//209 6996//210
f 6996//210 6995//209 6997//211
f 6996//210 6997//211 6998//212
f 6998//212 6997//211 6999//151
f 6998//212 6999//151 7000//152
f 7000//152 6999//151 7001//153
f 7000//152 7001//153 7002//154
f 7002//154 7001//153 7003//213
f 7002//154 7003//213 7004//214
f 7004//214 7003//213 7005//215
f 7004//214 7005//215 7006//216
f 7006//216 7005//215 7007//217
f 7006//216 7007//217 7008//218
f 7008//218 7007//217 7009//219
f 7008//218 7009//219 7010//220
f 7010//220 7009//219 7011//221
f 7010//220 7011//221 7012//164
f 7012//164 7011//221 7013//165
f 7012//164 7013//165 7014//222
f 7014//222 7013//165 7015//223
f 7014//222 7015//223 7016//224
f 7016//224 7015//223 7017//225
f 7016//224 7017//225 7018//226
f 7018//226 7017//225 7019//227
f 7018//226 7019//227 7020//228
f 7020//228 7019//227 7021//173
f 7020//228 7021//173 7022//174
f 7022//174 7021//173 7023//175
f 7022//174 7023//175 7024//176
f 7024//176 7023//175 7025//177
f 7024//176 7025//177 7026//178
f 7026//178 7025//177 7027//229
f 7026//178 7027//229 7028//230
f 7028//230 7027//229 7029//231
f 7028//230 7029//231 7030//232
f 7030//232 7029//231 7031//275
f 7030//232 7031//275 7032//276
f 7032//276 7031//275 7033//360
f 7032//276 7033//360 7034//361
f 7034//361 7033//360 7035//362
f 7034//361 7035//362 7036//236
f 7036//236 7035//362 7037//237
f 7036//236 7037//237 7038//238
f 7038//238 7037//237 7039//239
f 7038//238 7039//239 7040//240
f 7040//240 7039//239 7041//241
f 7040//240 7041//241 7042//242
f 7042//242 7041//241 7043//243
f 7042//242 7043//243 7044//244
f 7044//244 7043//243 7045//197
f 7044//244 7045//197 7046//198
f 7046//198 7045//197 7047//199
f 7046//198 7047//199 7048//200
f 7048//200 7047//199 7049//245
f 7048//200 7049//245 7050//246
f 7050//246 7049//245 7051//247
f 7050//246 7051//247 7052//248
f 7052//248 7051//247 7053//249
f 7052//248 7053//249 7054//250
f 7054//250 7053//249 7055//251
f 7054//250 7055//251 7056//252
f 7056//252 7055//251 7057//253
f 7056//252 7057//253 7058//208
f 7058//208 7057//253 7059//209
f 7058//208 7059//209 7060//254
f 7060//254 7059//209 7061//255
f 7060//254 7061//255 7062//256
f 7062//256 7061//255 7063//257
f 7062//256 7063//257 7064//258
f 7064//258 7063//257 7065//259
f 7064//258 7065//259 7066//260
f 7066//260 7065//259 7067//213
f 7066//260 7067//213 7068//214
f 7068//214 7067//213 7069//215
f 7068//214 7069//215 7070//216
f 7070//216 7069//215 7071//217
f 7070//216 7071//217 7072//218
f 7072//218 7071//217 7073//261
f 7072//218 7073//261 7074//262
f 7074//262 7073//261 7075//263
f 7074//262 7075//263 7076//264
f 7076//264 7075//263 7077//303
f 7076//264 7077//303 7078//304
f 7078//304 7077//303 7079//363
f 7078//304 7079//363 7080//364
f 7080//364 7079//363 7081//365
f 7080//364 7081//365 7082//268
f 7082//268 7081//365 7083//269
f 7082//268 7083//269 7084//270
f 7084//270 7083//269 7085//271
f 7084//270 7085//271 7086//310
f 7086//310 7085//271 7087//311
f 7086//310 7087//311 7088//366
f 7088//366 7087//311 7089//367
f 7088//366 7089//367 7090//368
f 7090//368 7089//367 7091//229
f 7090//368 7091//229 7092//230
f 7092//230 7091//229 7093//231
f 7092//230 7093//231 7094//232
f 7094//232 7093//231 7095//275
f 7094//232 7095//275 7096//276
f 7096//276 7095//275 7097//277
f 7096//276 7097//277 7098//278
f 7098//278 7097//277 7099//279
f 7098//278 7099//279 7100//280
f 7100//280 7099//279 7101//281
f 7100//280 7101//281 7102//282
f 7102//282 7101//281 7103//283
f 7102//282 7103//283 7104//240
f 7104//240 7103//283 7105//241
f 7104//240 7105//241 7106//284
f 7106//284 7105//241 7107//285
f 7106//284 7107//285 7108//286
f 7108//286 7107//285 7109//287
f 7108//286 7109//287 7110//288
f 7110//288 7109//287 7111//289
f 7110//288 7111//289 7112//290
f 7112//290 7111//289 7113//245
f 7112//290 7113//245 7114//246
f 7114//246 7113//245 7115//247
f 7114//246 7115//247 7116//248
f 7116//248 7115//247 7117//249
f 7116//248 7117//249 7118//250
f 7118//250 7117//249 7119//291
f 7118//250 7119//291 7120//292
f 7120//292 7119//291 7121//145
f 7120//292 7121//145 7122//146
f 7122//146 7121//145 7123//293
f 7122//146 7123//293 7124//294
f 7124//294 7123//293 7125//295
f 7124//294 7125//295 7126//256
f 7126//256 7125//295 7127//257
f 7126//256 7127//257 7128//296
f 7128//296 7127//257 7129//297
f 7128//296 7129//297 7130//298
f 7130//298 7129//297 7131//299
f 7130//298 7131//299 7132//332
f 7132//332 7131//299 7133//333
f 7132//332 7133//333 7134//372
f 7134//372 7133//333 7135//373
f 7134//372 7135//373 7136//374
f 7136//374 7135//373 7137//261
f 7136//374 7137//261 7138//262
f 7138//262 7137//261 7139//263
f 7138//262 7139//263 7140//264
f 7140//264 7139//263 7141//303
f 7140//264 7141//303 7142//304
f 7142//304 7141//303 7143//305
f 7142//304 7143//305 7144//306
f 7144//306 7143//305 7145//169
f 7144//306 7145//169 7146//170
f 7146//170 7145//169 7147//307
f 7146//170 7147//307 7148//308
f 7148//308 7147//307 7149//309
f 7148//308 7149//309 7150//310
f 7150//310 7149//309 7151//311
f 7150//310 7151//311 7152//312
f 7152//312 7151//311 7153//313
f 7152//312 7153//313 7154//314
f 7154//314 7153//313 7155//315
f 7154//314 7155//315 7156//316
f 7156//316 7155//315 7157//317
f 7156//316 7157//317 7158//318
f 7158//318 7157//317 7159//275
f 7158//318 7159//275 7160//276
f 7160//276 7159//275 7161//277
f 7160//276 7161//277 7162//278
f 7162//278 7161//277 7163//279
f 7162//278 7163//279 7164//280
f 7164//280 7163//279 7165//319
f 7164//280 7165//319 7166//320
f 7166//320 7165//319 7167//191
f 7166//320 7167//191 7168//192
f 7168//192 7167//191 7169//321
f 7168//192 7169//321 7170//322
f 7170//322 7169//321 7171//323
f 7170//322 7171//323 7172//286
f 7172//286 7171//323 7173//287
f 7172//286 7173//287 7174//324
f 7174//324 7173//287 7175//325
f 7174//324 7175//325 7176//136
f 7176//136 7175//325 7177//137
f 7176//136 7177//137 7178//138
f 7178//138 7177//137 7179//139
f 7178//138 7179//139 7180//375
f 7180//375 7179//139 7181//376
f 7180//375 7181//376 7182//377
f 7182//377 7181//376 7183//291
f 7182//377 7183//291 7184//292
f 7184//292 7183//291 7185//145
f 7184//292 7185//145 7186//146
f 7186//146 7185//145 7187//147
f 7186//146 7187//147 7188//148
f 7188//148 7187//147 7189//149
f 7188//148 7189//149 7190//150
f 7190//150 7189//149 7191//151
f 7190//150 7191//151 7192//152
f 7192//152 7191//151 7193//378
f 7192//152 7193//378 7194//379
f 7194//379 7193//378 7195//380
f 7194//379 7195//380 7196//332
f 7196//332 7195//380 7197//333
f 7196//332 7197//333 7198//158
f 7198//158 7197//333 7199//159
f 7198//158 7199//159 7200//160
f 7200//160 7199//159 7201//161
f 7200//160 7201//161 7202//334
f 7202//334 7201//161 7203//335
f 7202//334 7203//335 7204//336
f 7204//336 7203//335 7205//303
f 7204//336 7205//303 7206//304
f 7206//304 7205//303 7207//305
f 7206//304 7207//305 7208//306
f 7208//306 7207//305 7209//169
f 7208//306 7209//169 7210//170
f 7210//170 7209//169 7211//171
f 7210//170 7211//171 7212//172
f 7212//172 7211//171 7213//173
f 7212//172 7213//173 7214//174
f 7214//174 7213//173 7215//337
f 7214//174 7215//337 7216//338
f 7216//338 7215//337 7217//339
f 7216//338 7217//339 7218//314
f 7218//314 7217//339 7219//315
f 7218//314 7219//315 7220//340
f 7220//340 7219//315 7221//341
f 7220//340 7221//341 7222//182
f 7222//182 7221//341 7223//183
f 7222//182 7223//183 7224//184
f 7224//184 7223//183 7225//185
f 7224//184 7225//185 7226//381
f 7226//381 7225//185 7227//382
f 7226//381 7227//382 7228//383
f 7228//383 7227//382 7229//319
f 7228//383 7229//319 7230//320
f 7230//320 7229//319 7231//191
f 7230//320 7231//191 7232//192
f 7232//192 7231//191 7233//193
f 7232//192 7233//193 7234//194
f 7234//194 7233//193 7235//195
f 7234//194 7235//195 7236//196
f 7236//196 7235//195 7237//197
f 7236//196 7237//197 7238//198
f 7238//198 7237//197 7239//384
f 7238//198 7239//384 7240//385
f 7240//385 7239//384 7241//386
f 7240//385 7241//386 7242//138
f 7242//138 7241//386 7243//139
f 7242//138 7243//139 7244//140
f 7244//140 7243//139 7245//141
f 7244//140 7245//141 7246//204
f 7246//204 7245//141 7247//205
f 7246//204 7247//205 7248//345
f 7248//345 7247//205 7249//346
f 7248//345 7249//346 7250//347
f 7250//347 7249//346 7251//147
f 7250//347 7251//147 7252//148
f 7252//148 7251//147 7253//149
f 7252//148 7253//149 7254//150
f 7254//150 7253//149 7255//151
f 7254//150 7255//151 7256//152
f 7256//152 7255//151 7257//153
f 7256//152 7257//153 7258//154
f 7258//154 7257//153 7259//213
f 7258//154 7259//213 7260//214
f 7260//214 7259//213 7261//348
f 7260//214 7261//348 7262//349
f 7262//349 7261//348 7263//350
f 7262//349 7263//350 7264//160
f 7264//160 7263//350 7265//161
f 7264//160 7265//161 7266//162
f 7266//162 7265//161 7267//163
f 7266//162 7267//163 7268//164
f 7268//164 7267//163 7269//165
f 7268//164 7269//165 7270//222
f 7270//222 7269//165 7271//223
f 7270//222 7271//223 7272//387
f 7272//387 7271//223 7273//388
f 7272//387 7273//388 7274//389
f 7274//389 7273//388 7275//171
f 7274//389 7275//171 7276//172
f 7276//172 7275//171 7277//173
f 7276//172 7277//173 7278//174
f 7278//174 7277//173 7279//175
f 7278//174 7279//175 7280//176
f 7280//176 7279//175 7281//177
f 7280//176 7281//177 7282//178
f 7282//178 7281//177 7283//229
f 7282//178 7283//229 7284//230
f 7284//230 7283//229 7285//390
f 7284//230 7285//390 7286//391
f 7286//391 7285//390 7287//392
f 7286//391 7287//392 7288//184
f 7288//184 7287//392 7289//185
f 7288//184 7289//185 7290//186
f 7290//186 7289//185 7291//187
f 7290//186 7291//187 7292//236
f 7292//236 7291//187 7293//237
f 7292//236 7293//237 7294//351
f 7294//351 7293//237 7295//352
f 7294//351 7295//352 7296//353
f 7296//353 7295//352 7297//193
f 7296//353 7297//193 7298//194
f 7298//194 7297//193 7299//195
f 7298//194 7299//195 7300//196
f 7300//196 7299//195 7301//197
f 7300//196 7301//197 7302//198
f 7302//198 7301//197 7303//199
f 7302//198 7303//199 7304//200
f 7304//200 7303//199 7305//245
f 7304//200 7305//245 7306//246
f 7306//246 7305//245 7307//354
f 7306//246 7307//354 7308//355
f 7308//355 7307//354 7309//356
f 7308//355 7309//356 7310//204
f 7310//204 7309//356 7311//205
f 7310//204 7311//205 7312//206
f 7312//206 7311//205 7313//207
f 7312//206 7313//207 7314//208
f 7314//208 7313//207 7315//209
f 7314//208 7315//209 7316//210
f 7316//210 7315//209 7317//211
f 7316//210 7317//211 7318//212
f 7318//212 7317//211 7319//151
f 7318//212 7319//151 7320//152
f 7320//152 7319//151 7321//153
f 7320//152 7321//153 7322//154
f 7322//154 7321//153 7323//213
f 7322//154 7323//213 7324//214
f 7324//214 7323//213 7325//215
f 7324//214 7325//215 7326//216
f 7326//216 7325//215 7327//217
f 7326//216 7327//217 7328//218
f 7328//218 7327//217 7329//261
f 7328//218 7329//261 7330//262
f 7330//262 7329//261 7331//396
f 7330//262 7331//396 7332//397
f 7332//397 7331//396 7333//398
f 7332//397 7333//398 7334//222
f 7334//222 7333//398 7335//223
f 7334//222 7335//223 7336//224
f 7336//224 7335//223 7337//225
f 7336//224 7337//225 7338//268
f 7338//268 7337//225 7339//269
f 7338//268 7339//269 7340//357
f 7340//357 7339//269 7341//358
f 7340//357 7341//358 7342//359
f 7342//359 7341//358 7343//175
f 7342//359 7343//175 7344//176
f 7344//176 7343//175 7345//177
f 7344//176 7345//177 7346//178
f 7346//178 7345//177 7347//229
f 7346//178 7347//229 7348//230
f 7348//230 7347//229 7349//231
f 7348//230 7349//231 7350//232
f 7350//232 7349//231 7351//275
f 7350//232 7351//275 7352//276
f 7352//276 7351//275 7353//360
f 7352//276 7353//360 7354//361
f 7354//361 7353//360 7355//362
f 7354//361 7355//362 7356//236
f 7356//236 7355//362 7357//237
f 7356//236 7357//237 7358//238
f 7358//238 7357//237 7359//239
f 7358//238 7359//239 7360//240
f 7360//240 7359//239 7361//241
f 7360//240 7361//241 7362//242
f 7362//242 7361//241 7363//243
f 7362//242 7363//243 7364//244
f 7364//244 7363//243 7365//197
f 7364//244 7365//197 7366//198
f 7366//198 7365//197 7367//199
f 7366//198 7367//199 7368//200
f 7368//200 7367//199 7369//245
f 7368//200 7369//245 7370//246
f 7370//246 7369//245 7371//247
f 7370//246 7371//247 7372//248
f 7372//248 7371//247 7373//249
f 7372//248 7373//249 7374//250
f 7374//250 7373//249 7375//291
f 7374//250 7375//291 7376//292
f 7376//292 7375//291 7377//399
f 7376//292 7377//399 7378//400
f 7378//400 7377//399 7379//401
f 7378//400 7379//401 7380//254
f 7380//254 7379//401 7381//255
f 7380//254 7381//255 7382//256
f 7382//256 7381//255 7383//257
f 7382//256 7383//257 7384//296
f 7384//296 7383//257 7385//297
f 7384//296 7385//297 7386//402
f 7386//402 7385//297 7387//403
f 7386//402 7387//403 7388//404
f 7388//404 7387//403 7389//215
f 7388//404 7389//215 7390//216
f 7390//216 7389//215 7391//217
f 7390//216 7391//217 7392//218
f 7392//218 7391//217 7393//261
f 7392//218 7393//261 7394//262
f 7394//262 7393//261 7395//263
f 7394//262 7395//263 7396//264
f 7396//264 7395//263 7397//303
f 7396//264 7397//303 7398//304
f 7398//304 7397//303 7399//363
f 7398//304 7399//363 7400//364
f 7400//364 7399//363 7401//365
f 7400//364 7401//365 7402//268
f 7402//268 7401//365 7403//269
f 7402//268 7403//269 7404//270
f 7404//270 7403//269 7405//271
f 7404//270 7405//271 7406//310
f 7406//310 7405//271 7407//311
f 7406//310 7407//311 7408//366
f 7408//366 7407//311 7409//367
f 7408//366 7409//367 7410//368
f 7410//368 7409//367 7411//229
f 7410//368 7411//229 7412//230
f 7412//230 7411//229 7413//231
f 7412//230 7413//231 7414//232
f 7414//232 7413//231 7415//275
f 7414//232 7415//275 7416//276
f 7416//276 7415//275 7417//277
f 7416//276 7417//277 7418//278
f 7418//278 7417//277 7419//279
f 7418//278 7419//279 7420//280
f 7420//280 7419//279 7421//281
f 7420//280 7421//281 7422//282
f 7422//282 7421//281 7423//283
f 7422//282 7423//283 7424//240
f 7424//240 7423//283 7425//241
f 7424//240 7425//241 7426//284
f 7426//284 7425//241 7427//285
f 7426//284 7427//285 7428//286
f 7428//286 7427//285 7429//287
f 7428//286 7429//287 7430//324
f 7430//324 7429//287 7431//325
f 7430//324 7431//325 7432//408
f 7432//408 7431//325 7433//409
f 7432//408 7433//409 7434//410
f 7434//410 7433//409 7435//247
f 7434//410 7435//247 7436//248
f 7436//248 7435//247 7437//249
f 7436//248 7437//249 7438//250
f 7438//250 7437//249 7439//291
f 7438//250 7439//291 7440//292
f 7440//292 7439//291 7441//145
f 7440//292 7441//145 7442//146
f 7442//146 7441//145 7443//147
f 7442//146 7443//147 7444//148
f 7444//148 7443//147 7445//369
f 7444//148 7445//369 7446//370
f 7446//370 7445//369 7447//371
f 7446//370 7447//371 7448//296
f 7448//296 7447//371 7449//297
f 7448//296 7449//297 7450//298
f 7450//298 7449//297 7451//299
f 7450//298 7451//299 7452//332
f 7452//332 7451//299 7453//333
f 7452//332 7453//333 7454//372
f 7454//372 7453//333 7455//373
f 7454//372 7455//373 7456//374
f 7456//374 7455//373 7457//261
f 7456//374 7457//261 7458//262
f 7458//262 7457//261 7459//263
f 7458//262 7459//263 7460//264
f 7460//264 7459//263 7461//303
f 7460//264 7461//303 7462//304
f 7462//304 7461//303 7463//305
f 7462//304 7463//305 7464//306
f 7464//306 7463//305 7465//169
f 7464//306 7465//169 7466//170
f 7466//170 7465//169 7467//307
f 7466//170 7467//307 7468//308
f 7468//308 7467//307 7469//309
f 7468//308 7469//309 7470//310
f 7470//310 7469//309 7471//311
f 7470//310 7471//311 7472//312
f 7472//312 7471//311 7473//313
f 7472//312 7473//313 7474//314
f 7474//314 7473//313 7475//315
f 7474//314 7475//315 7476//340
f 7476//340 7475//315 7477//341
f 7476//340 7477//341 7478//411
f 7478//411 7477//341 7479//412
f 7478//411 7479//412 7480//413
f 7480//413 7479//412 7481//277
f 7480//413 7481//277 7482//278
f 7482//278 7481//277 7483//279
f 7482//278 7483//279 7484//280
f 7484//280 7483//279 7485//319
f 7484//280 7485//319 7486//320
f 7486//320 7485//319 7487//191
f 7486//320 7487//191 7488//192
f 7488//192 7487//191 7489//193
f 7488//192 7489//193 7490//194
f 7490//194 7489//193 7491//414
f 7490//194 7491//414 7492//415
f 7492//415 7491//414 7493//416
f 7492//415 7493//416 7494//324
f 7494//324 7493//416 7495//325
f 7494//324 7495//325 7496//136
f 7496//136 7495//325 7497//137
f 7496//136 7497//137 7498//138
f 7498//138 7497//137 7499//139
f 7498//138 7499//139 7500//375
f 7500//375 7499//139 7501//376
f 7500//375 7501//376 7502//377
f 7502//377 7501//376 7503//291
f 7502//377 7503//291 7504//292
f 7504//292 7503//291 7505//145
f 7504//292 7505//145 7506//146
f 7506//146 7505//145 7507//147
f 7506//146 7507//147 7508//148
f 7508//148 7507//147 7509//149
f 7508//148 7509//149 7510//150
f 7510//150 7509//149 7511//151
f 7510//150 7511//151 7512//152
f 7512//152 7511//151 7513//378
f 7512//152 7513//378 7514//379
f 7514//379 7513//378 7515//380
f 7514//379 7515//380 7516//332
f 7516//332 7515//380 7517//333
f 7516//332 7517//333 7518//158
f 7518//158 7517//333 7519//159
f 7518//158 7519//159 7520//160
f 7520//160 7519//159 7521//161
f 7520//160 7521//161 7522//162
f 7522//162 7521//161 7523//163
f 7522//162 7523//163 7524//417
f 7524//417 7523//163 7525//418
f 7524//417 7525//418 7526//419
f 7526//419 7525//418 7527//305
f 7526//419 7527//305 7528//306
f 7528//306 7527//305 7529//169
f 7528//306 7529//169 7530//170
f 7530//170 7529//169 7531//171
f 7530//170 7531//171 7532//172
f 7532//172 7531//171 7533//173
f 7532//172 7533//173 7534//174
f 7534//174 7533//173 7535//175
f 7534//174 7535//175 7536//176
f 7536//176 7535//175 7537//420
f 7536//176 7537//420 7538//421
f 7538//421 7537//420 7539//422
f 7538//421 7539//422 7540//340
f 7540//340 7539//422 7541//341
f 7540//340 7541//341 7542//182
f 7542//182 7541//341 7543//183
f 7542//182 7543//183 7544//184
f 7544//184 7543//183 7545//185
f 7544//184 7545//185 7546//381
f 7546//381 7545//185 7547//382
f 7546//381 7547//382 7548//383
f 7548//383 7547//382 7549//319
f 7548//383 7549//319 7550//320
f 7550//320 7549//319 7551//191
f 7550//320 7551//191 7552//192
f 7552//192 7551//191 7553//193
f 7552//192 7553//193 7554//194
f 7554//194 7553//193 7555//195
f 7554//194 7555//195 7556//196
f 7556//196 7555//195 7557//197
f 7556//196 7557//197 7558//198
f 7558//198 7557//197 7559//384
f 7558//198 7559//384 7560//385
f 7560//385 7559//384 7561//386
f 7560//385 7561//386 7562//138
f 7562//138 7561//386 7563//139
f 7562//138 7563//139 7564//140
f 7564//140 7563//139 7565//141
f 7564//140 7565//141 7566//204
f 7566//204 7565//141 7567//205
f 7566//204 7567//205 7568//206
f 7568//206 7567//205 7569//207
f 7568//206 7569//207 7570//423
f 7570//423 7569//207 7571//424
f 7570//423 7571//424 7572//425
f 7572//425 7571//424 7573//149
f 7572//425 7573//149 7574//150
f 7574//150 7573//149 7575//151
f 7574//150 7575//151 7576//152
f 7576//152 7575//151 7577//153
f 7576//152 7577//153 7578//154
f 7578//154 7577//153 7579//213
f 7578//154 7579//213 7580//214
f 7580//214 7579//213 7581//215
f 7580//214 7581//215 7582//216
f 7582//216 7581//215 7583//426
f 7582//216 7583//426 7584//427
f 7584//427 7583//426 7585//428
f 7584//427 7585//428 7586//162
f 7586//162 7585//428 7587//163
f 7586//162 7587//163 7588//164
f 7588//164 7587//163 7589//165
f 7588//164 7589//165 7590//222
f 7590//222 7589//165 7591//223
f 7590//222 7591//223 7592//387
f 7592//387 7591//223 7593//388
f 7592//387 7593//388 7594//389
f 7594//389 7593//388 7595//171
f 7594//389 7595//171 7596//172
f 7596//172 7595//171 7597//173
f 7596//172 7597//173 7598//174
f 7598//174 7597//173 7599//175
f 7598//174 7599//175 7600//176
f 7600//176 7599//175 7601//177
f 7600//176 7601//177 7602//178
f 7602//178 7601//177 7603//229
f 7602//178 7603//229 7604//230
f 7604//230 7603//229 7605//390
f 7604//230 7605//390 7606//391
f 7606//391 7605//390 7607//392
f 7606//391 7607//392 7608//184
f 7608//184 7607//392 7609//185
f 7608//184 7609//185 7610//186
f 7610//186 7609//185 7611//187
f 7610//186 7611//187 7612//236
f 7612//236 7611//187 7613//237
f 7612//236 7613//237 7614//351
f 7614//351 7613//237 7615//352
f 7614//351 7615//352 7616//353
f 7616//353 7615//352 7617//193
f 7616//353 7617//193 7618//194
f 7618//194 7617//193 7619//195
f 7618//194 7619//195 7620//196
f 7620//196 7619//195 7621//197
f 7620//196 7621//197 7622//198
f 7622//198 7621//197 7623//199
f 7622//198 7623//199 7624//200
f 7624//200 7623//199 7625//245
f 7624//200 7625//245 7626//246
f 7626//246 7625//245 7627//247
f 7626//246 7627//247 7628//248
f 7628//248 7627//247 7629//432
f 7628//248 7629//432 7630//433
f 7630//433 7629//432 7631//434
f 7630//433 7631//434 7632//206
f 7632//206 7631//434 7633//207
f 7632//206 7633//207 7634//208
f 7634//208 7633//207 7635//209
f 7634//208 7635//209 7636//254
f 7636//254 7635//209 7637//255
f 7636//254 7637//255 7638//393
f 7638//393 7637//255 7639//394
f 7638//393 7639//394 7640//395
f 7640//395 7639//394 7641//153
f 7640//395 7641//153 7642//154
f 7642//154 7641//153 7643//213
f 7642//154 7643//213 7644//214
f 7644//214 7643//213 7645//215
f 7644//214 7645//215 7646//216
f 7646//216 7645//215 7647//217
f 7646//216 7647//217 7648//218
f 7648//218 7647//217 7649//261
f 7648//218 7649//261 7650//262
f 7650//262 7649//261 7651//396
f 7650//262 7651//396 7652//397
f 7652//397 7651//396 7653//398
f 7652//397 7653//398 7654//222
f 7654//222 7653//398 7655//223
f 7654//222 7655//223 7656//224
f 7656//224 7655//223 7657//225
f 7656//224 7657//225 7658//268
f 7658//268 7657//225 7659//269
f 7658//268 7659//269 7660//357
f 7660//357 7659//269 7661//358
f 7660//357 7661//358 7662//359
f 7662//359 7661//358 7663//175
f 7662//359 7663//175 7664//176
f 7664//176 7663//175 7665//177
f 7664//176 7665//177 7666//178
f 7666//178 7665//177 7667//229
f 7666//178 7667//229 7668//230
f 7668//230 7667//229 7669//231
f 7668//230 7669//231 7670//232
f 7670//232 7669//231 7671//275
f 7670//232 7671//275 7672//276
f 7672//276 7671//275 7673//277
f 7672//276 7673//277 7674//278
f 7674//278 7673//277 7675//435
f 7674//278 7675//435 7676//436
f 7676//436 7675//435 7677//437
f 7676//436 7677//437 7678//238
f 7678//238 7677//437 7679//239
f 7678//238 7679//239 7680//240
f 7680//240 7679//239 7681//241
f 7680//240 7681//241 7682//284
f 7682//284 7681//241 7683//285
f 7682//284 7683//285 7684//438
f 7684//438 7683//285 7685//439
f 7684//438 7685//439 7686//440
f 7686//440 7685//439 7687//199
f 7686//440 7687//199 7688//200
f 7688//200 7687//199 7689//245
f 7688//200 7689//245 7690//246
f 7690//246 7689//245 7691//247
f 7690//246 7691//247 7692//248
f 7692//248 7691//247 7693//249
f 7692//248 7693//249 7694//250
f 7694//250 7693//249 7695//291
f 7694//250 7695//291 7696//292
f 7696//292 7695//291 7697//399
f 7696//292 7697//399 7698//400
f 7698//400 7697//399 7699//401
f 7698//400 7699//401 7700//254
f 7700//254 7699//401 7701//255
f 7700//254 7701//255 7702//256
f 7702//256 7701//255 7703//257
f 7702//256 7703//257 7704//296
f 7704//296 7703//257 7705//297
f 7704//296 7705//297 7706//402
f 7706//402 7705//297 7707//403
f 7706//402 7707//403 7708//404
f 7708//404 7707//403 7709//215
f 7708//404 7709//215 7710//216
f 7710//216 7709//215 7711//217
f 7710//216 7711//217 7712//218
f 7712//218 7711//217 7713//261
f 7712//218 7713//261 7714//262
f 7714//262 7713//261 7715//263
f 7714//262 7715//263 7716//264
f 7716//264 7715//263 7717//303
f 7716//264 7717//303 7718//304
f 7718//304 7717//303 7719//363
f 7718//304 7719//363 7720//364
f 7720//364 7719//363 7721//365
f 7720//364 7721//365 7722//268
f 7722//268 7721//365 7723//269
f 7722//268 7723//269 7724//270
f 7724//270 7723//269 7725//271
f 7724//270 7725//271 7726//310
f 7726//310 7725//271 7727//311
f 7726//310 7727//311 7728//312
f 7728//312 7727//311 7729//313
f 7728//312 7729//313 7730//444
f 7730//444 7729//313 7731//445
f 7730//444 7731//445 7732//446
f 7732//446 7731//445 7733//231
f 7732//446 7733//231 7734//232
f 7734//232 7733//231 7735//275
f 7734//232 7735//275 7736//276
f 7736//276 7735//275 7737//277
f 7736//276 7737//277 7738//278
f 7738//278 7737//277 7739//279
f 7738//278 7739//279 7740//280
f 7740//280 7739//279 7741//319
f 7740//280 7741//319 7742//320
f 7742//320 7741//319 7743//405
f 7742//320 7743//405 7744//406
f 7744//406 7743//405 7745//407
f 7744//406 7745//407 7746//284
f 7746//284 7745//407 7747//285
f 7746//284 7747//285 7748//286
f 7748//286 7747//285 7749//287
f 7748//286 7749//287 7750//324
f 7750//324 7749//287 7751//325
f 7750//324 7751//325 7752//408
f 7752//408 7751//325 7753//409
f 7752//408 7753//409 7754//410
f 7754//410 7753//409 7755//247
f 7754//410 7755//247 7756//248
f 7756//248 7755//247 7757//249
f 7756//248 7757//249 7758//250
f 7758//250 7757//249 7759//291
f 7758//250 7759//291 7760//292
f 7760//292 7759//291 7761//145
f 7760//292 7761//145 7762//146
f 7762//146 7761//145 7763//147
f 7762//146 7763//147 7764//148
f 7764//148 7763//147 7765//369
f 7764//148 7765//369 7766//370
f 7766//370 7765//369 7767//371
f 7766//370 7767//371 7768//296
f 7768//296 7767//371 7769//297
f 7768//296 7769//297 7770//298
f 7770//298 7769//297 7771//299
f 7770//298 7771//299 7772//332
f 7772//332 7771//299 7773//333
f 7772//332 7773//333 7774//158
f 7774//158 7773//333 7775//159
f 7774//158 7775//159 7776//447
f 7776//447 7775//159 7777//448
f 7776//447 7777//448 7778//449
f 7778//449 7777//448 7779//263
f 7778//449 7779//263 7780//264
f 7780//264 7779//263 7781//303
f 7780//264 7781//303 7782//304
f 7782//304 7781//303 7783//305
f 7782//304 7783//305 7784//306
f 7784//306 7783//305 7785//169
f 7784//306 7785//169 7786//170
f 7786//170 7785//169 7787//171
f 7786//170 7787//171 7788//172
f 7788//172 7787//171 7789//450
f 7788//172 7789//450 7790//451
f 7790//451 7789//450 7791//452
f 7790//451 7791//452 7792//312
f 7792//312 7791//452 7793//313
f 7792//312 7793//313 7794//314
f 7794//314 7793//313 7795//315
f 7794//314 7795//315 7796//340
f 7796//340 7795//315 7797//341
f 7796//340 7797//341 7798//411
f 7798//411 7797//341 7799//412
f 7798//411 7799//412 7800//413
f 7800//413 7799//412 7801//277
f 7800//413 7801//277 7802//278
f 7802//278 7801//277 7803//279
f 7802//278 7803//279 7804//280
f 7804//280 7803//279 7805//319
f 7804//280 7805//319 7806//320
f 7806//320 7805//319 7807//191
f 7806//320 7807//191 7808//192
f 7808//192 7807//191 7809//193
f 7808//192 7809//193 7810//194
f 7810//194 7809//193 7811//414
f 7810//194 7811//414 7812//415
f 7812//415 7811//414 7813//416
f 7812//415 7813//416 7814//324
f 7814//324 7813//416 7815//325
f 7814//324 7815//325 7816//136
f 7816//136 7815//325 7817//137
f 7816//136 7817//137 7818//138
f 7818//138 7817//137 7819//139
f 7818//138 7819//139 7820//140
f 7820//140 7819//139 7821//141
f 7820//140 7821//141 7822//142
f 7822//142 7821//141 7823//143
f 7822//142 7823//143 7824//144
f 7824//144 7823//143 7825//145
f 7824//144 7825//145 7826//146
f 7826//146 7825//145 7827//147
f 7826//146 7827//147 7828//148
f 7828//148 7827//147 7829//149
f 7828//148 7829//149 7830//150
f 7830//150 7829//149 7831//151
f 7830//150 7831//151 7832//152
f 7832//152 7831//151 7833//153
f 7832//152 7833//153 7834//154
f 7834//154 7833//153 7835//155
f 7834//154 7835//155 7836//156
f 7836//156 7835//155 7837//157
f 7836//156 7837//157 7838//158
f 7838//158 7837//157 7839//159
f 7838//158 7839//159 7840//160
f 7840//160 7839//159 7841//161
f 7840//160 7841//161 7842//162
f 7842//162 7841//161 7843//163
f 7842//162 7843//163 7844//417
f 7844//417 7843//163 7845//418
f 7844//417 7845//418 7846//419
f 7846//419 7845//418 7847//305
f 7846//419 7847//305 7848//306
f 7848//306 7847//305 7849//169
f 7848//306 7849//169 7850//170
f 7850//170 7849//169 7851//171
f 7850//170 7851//171 7852//172
f 7852//172 7851//171 7853//173
f 7852//172 7853//173 7854//174
f 7854//174 7853//173 7855//175
f 7854//174 7855//175 7856//176
f 7856//176 7855//175 7857//420
f 7856//176 7857//420 7858//421
f 7858//421 7857//420 7859//422
f 7858//421 7859//422 7860//340
f 7860//340 7859//422 7861//341
f 7860//340 7861//341 7862//182
f 7862//182 7861//341 7863//183
f 7862//182 7863//183 7864//184
f 7864//184 7863//183 7865//185
f 7864//184 7865//185 7866//186
f 7866//186 7865//185 7867//187
f 7866//186 7867//187 7868//188
f 7868//188 7867//187 7869//189
f 7868//188 7869//189 7870//190
f 7870//190 7869//189 7871//191
f 7870//190 7871//191 7872//192
f 7872//192 7871//191 7873//193
f 7872//192 7873//193 7874//194
f 7874//194 7873//193 7875//195
f 7874//194 7875//195 7876//196
f 7876//196 7875//195 7877//197
f 7876//196 7877//197 7878//198
f 7878//198 7877//197 7879//199
f 7878//198 7879//199 7880//200
f 7880//200 7879//199 7881//201
f 7880//200 7881//201 7882//202
f 7882//202 7881//201 7883//203
f 7882//202 7883//203 7884//140
f 7884//140 7883//203 7885//141
f 7884//140 7885//141 7886//204
f 7886//204 7885//141 7887//205
f 7886//204 7887//205 7888//206
f 7888//206 7887//205 7889//207
f 7888//206 7889//207 7890//423
f 7890//423 7889//207 7891//424
f 7890//423 7891//424 7892//425
f 7892//425 7891//424 7893//149
f 7892//425 7893//149 7894//150
f 7894//150 7893//149 7895//151
f 7894//150 7895//151 7896//152
f 7896//152 7895//151 7897//153
f 7896//152 7897//153 7898//154
f 7898//154 7897//153 7899//213
f 7898//154 7899//213 7900//214
f 7900//214 7899//213 7901//215
f 7900//214 7901//215 7902//216
f 7902//216 7901//215 7903//426
f 7902//216 7903//426 7904//427
f 7904//427 7903//426 7905//428
f 7904//427 7905//428 7906//162
f 7906//162 7905//428 7907//163
f 7906//162 7907//163 7908//164
f 7908//164 7907//163 7909//165
f 7908//164 7909//165 7910//222
f 7910//222 7909//165 7911//223
f 7910//222 7911//223 7912//387
f 7912//387 7911//223 7913//388
f 7912//387 7913//388 7914//389
f 7914//389 7913//388 7915//171
f 7914//389 7915//171 7916//172
f 7916//172 7915//171 7917//173
f 7916//172 7917//173 7918//174
f 7918//174 7917//173 7919//175
f 7918//174 7919//175 7920//176
f 7920//176 7919//175 7921//177
f 7920//176 7921//177 7922//178
f 7922//178 7921//177 7923//229
f 7922//178 7923//229 7924//230
f 7924//230 7923//229 7925//231
f 7924//230 7925//231 7926//232
f 7926//232 7925//231 7927//233
f 7926//232 7927//233 7928//234
f 7928//234 7927//233 7929//235
f 7928//234 7929//235 7930//186
f 7930//186 7929//235 7931//187
f 7930//186 7931//187 7932//236
f 7932//236 7931//187 7933//237
f 7932//236 7933//237 7934//238
f 7934//238 7933//237 7935//239
f 7934//238 7935//239 7936//429
f 7936//429 7935//239 7937//430
f 7936//429 7937//430 7938//431
f 7938//431 7937//430 7939//195
f 7938//431 7939//195 7940//196
f 7940//196 7939//195 7941//197
f 7940//196 7941//197 7942//198
f 7942//198 7941//197 7943//199
f 7942//198 7943//199 7944//200
f 7944//200 7943//199 7945//245
f 7944//200 7945//245 7946//246
f 7946//246 7945//245 7947//247
f 7946//246 7947//247 7948//248
f 7948//248 7947//247 7949//432
f 7948//248 7949//432 7950//433
f 7950//433 7949//432 7951//434
f 7950//433 7951//434 7952//206
f 7952//206 7951//434 7953//207
f 7952//206 7953//207 7954//208
f 7954//208 7953//207 7955//209
f 7954//208 7955//209 7956//254
f 7956//254 7955//209 7957//255
f 7956//254 7957//255 7958//393
f 7958//393 7957//255 7959//394
f 7958//393 7959//394 7960//395
f 7960//395 7959//394 7961//153
f 7960//395 7961//153 7962//154
f 7962//154 7961//153 7963//213
f 7962//154 7963//213 7964//214
f 7964//214 7963//213 7965//215
f 7964//214 7965//215 7966//216
f 7966//216 7965//215 7967//217
f 7966//216 7967//217 7968//218
f 7968//218 7967//217 7969//261
f 7968//218 7969//261 7970//262
f 7970//262 7969//261 7971//263
f 7970//262 7971//263 7972//264
f 7972//264 7971//263 7973//265
f 7972//264 7973//265 7974//266
f 7974//266 7973//265 7975//267
f 7974//266 7975//267 7976//224
f 7976//224 7975//267 7977//225
f 7976//224 7977//225 7978//268
f 7978//268 7977//225 7979//269
f 7978//268 7979//269 7980//270
f 7980//270 7979//269 7981//271
f 7980//270 7981//271 7982//272
f 7982//272 7981//271 7983//273
f 7982//272 7983//273 7984//274
f 7984//274 7983//273 7985//177
f 7984//274 7985//177 7986//178
f 7986//178 7985//177 7987//229
f 7986//178 7987//229 7988//230
f 7988//230 7987//229 7989//231
f 7988//230 7989//231 7990//232
f 7990//232 7989//231 7991//275
f 7990//232 7991//275 7992//276
f 7992//276 7991//275 7993//277
f 7992//276 7993//277 7994//278
f 7994//278 7993//277 7995//435
f 7994//278 7995//435 7996//436
f 7996//436 7995//435 7997//437
f 7996//436 7997//437 7998//238
f 7998//238 7997//437 7999//239
f 7998//238 7999//239 8000//240
f 8000//240 7999//239 8001//241
f 8000//240 8001//241 8002//284
f 8002//284 8001//241 8003//285
f 8002//284 8003//285 8004//438
f 8004//438 8003//285 8005//439
f 8004//438 8005//439 8006//440
f 8006//440 8005//439 8007//199
f 8006//440 8007//199 8008//200
f 8008//200 8007//199 8009//245
f 8008//200 8009//245 8010//246
f 8010//246 8009//245 8011//247
f 8010//246 8011//247 8012//248
f 8012//248 8011//247 8013//249
f 8012//248 8013//249 8014//250
f 8014//250 8013//249 8015//291
f 8014//250 8015//291 8016//292
f 8016//292 8015//291 8017//399
f 8016//292 8017//399 8018//400
f 8018//400 8017//399 8019//401
f 8018//400 8019//401 8020//254
f 8020//254 8019//401 8021//255
f 8020//254 8021//255 8022//256
f 8022//256 8021//255 8023//257
f 8022//256 8023//257 8024//296
f 8024//296 8023//257 8025//297
f 8024//296 8025//297 8026//298
f 8026//298 8025//297 8027//299
f 8026//298 8027//299 8028//300
f 8028//300 8027//299 8029//301
f 8028//300 8029//301 8030//302
f 8030//302 8029//301 8031//217
f 8030//302 8031//217 8032//218
f 8032//218 8031//217 8033//261
f 8032//218 8033//261 8034//262
f 8034//262 8033//261 8035//263
f 8034//262 8035//263 8036//264
f 8036//264 8035//263 8037//303
f 8036//264 8037//303 8038//304
f 8038//304 8037//303 8039//305
f 8038//304 8039//305 8040//306
f 8040//306 8039//305 8041//441
f 8040//306 8041//441 8042//442
f 8042//442 8041//441 8043//443
f 8042//442 8043//443 8044//270
f 8044//270 8043//443 8045//271
f 8044//270 8045//271 8046//310
f 8046//310 8045//271 8047//311
f 8046//310 8047//311 8048//312
f 8048//312 8047//311 8049//313
f 8048//312 8049//313 8050//444
f 8050//444 8049//313 8051//445
f 8050//444 8051//445 8052//446
f 8052//446 8051//445 8053//231
f 8052//446 8053//231 8054//232
f 8054//232 8053//231 8055//275
f 8054//232 8055//275 8056//276
f 8056//276 8055//275 8057//277
f 8056//276 8057//277 8058//278
f 8058//278 8057//277 8059//279
f 8058//278 8059//279 8060//280
f 8060//280 8059//279 8061//319
f 8060//280 8061//319 8062//320
f 8062//320 8061//319 8063//405
f 8062//320 8063//405 8064//406
f 8064//406 8063//405 8065//407
f 8064//406 8065//407 8066//284
f 8066//284 8065//407 8067//285
f 8066//284 8067//285 8068//286
f 8068//286 8067//285 8069//287
f 8068//286 8069//287 8070//324
f 8070//324 8069//287 8071//325
f 8070//324 8071//325 8072//136
f 8072//136 8071//325 8073//137
f 8072//136 8073//137 8074//326
f 8074//326 8073//137 8075//327
f 8074//326 8075//327 8076//328
f 8076//328 8075//327 8077//249
f 8076//328 8077//249 8078//250
f 8078//250 8077//249 8079//291
f 8078//250 8079//291 8080//292
f 8080//292 8079//291 8081//145
f 8080//292 8081//145 8082//146
f 8082//146 8081//145 8083//147
f 8082//146 8083//147 8084//148
f 8084//148 8083//147 8085//149
f 8084//148 8085//149 8086//150
f 8086//150 8085//149 8087//329
f 8086//150 8087//329 8088//330
f 8088//330 8087//329 8089//331
f 8088//330 8089//331 8090//298
f 8090//298 8089//331 8091//299
f 8090//298 8091//299 8092//332
f 8092//332 8091//299 8093//333
f 8092//332 8093//333 8094//158
f 8094//158 8093//333 8095//159
f 8094//158 8095//159 8096//447
f 8096//447 8095//159 8097//448
f 8096//447 8097//448 8098//449
f 8098//449 8097//448 8099//263
f 8098//449 8099//263 8100//264
f 8100//264 8099//263 8101//303
f 8100//264 8101//303 8102//304
f 8102//304 8101//303 8103//305
f 8102//304 8103//305 8104//306
f 8104//306 8103//305 8105//169
f 8104//306 8105//169 8106//170
f 8106//170 8105//169 8107//171
f 8106//170 8107//171 8108//172
f 8108//172 8107//171 8109//450
f 8108//172 8109//450 8110//451
f 8110//451 8109//450 8111//452
f 8110//451 8111//452 8112//312
f 8112//312 8111//452 8113//313
f 8112//312 8113//313 8114//314
f 8114//314 8113//313 8115//315
f 8114//314 8115//315 8116//340
f 8116//340 8115//315 8117//341
f 8116//340 8117//341 8118//182
f 8118//182 8117//341 8119//183
f 8118//182 8119//183 8120//342
f 8120//342 8119//183 8121//343
f 8120//342 8121//343 8122//344
f 8122//344 8121//343 8123//279
f 8122//344 8123//279 8124//280
f 8124//280 8123//279 8125//319
f 8124//280 8125//319 8126//320
f 8126//320 8125//319 8127//191
f 8126//320 8127//191 8128//192
f 8128//192 8127//191 8129//193
f 8128//192 8129//193 8130//194
f 8130//194 8129//193 8131//195
f 8130//194 8131//195 8132//196
f 8132//196 8131//195 8133//133
f 8132//196 8133//133 8134//134
f 8134//134 8133//133 8135//135
f 8134//134 8135//135 8136//136
f 8136//136 8135//135 8137//137
f 8136//136 8137//137 8138//138
f 8138//138 8137//137 8139//139
f 8138//138 8139//139 8140//140
f 8140//140 8139//139 8141//141
f 8140//140 8141//141 8142//142
f 8142//142 8141//141 8143//143
f 8142//142 8143//143 8144//144
f 8144//144 8143//143 8145//145
f 8144//144 8145//145 8146//146
f 8146//146 8145//145 8147//147
f 8146//146 8147//147 8148//148
f 8148//148 8147//147 8149//149
f 8148//148 8149//149 8150//150
f 8150//150 8149//149 8151//151
f 8150//150 8151//151 8152//152
f 8152//152 8151//151 8153//153
f 8152//152 8153//153 8154//154
f 8154//154 8153//153 8155//155
f 8154//154 8155//155 8156//156
f 8156//156 8155//155 8157//157
f 8156//156 8157//157 8158//158
f 8158//158 8157//157 8159//159
f 8158//158 8159//159 8160//160
f 8160//160 8159//159 8161//161
f 8160//160 8161//161 8162//162
f 8162//162 8161//161 8163//163
f 8162//162 8163//163 8164//164
f 8164//164 8163//163 8165//165
f 8164//164 8165//165 8166//166
f 8166//166 8165//165 8167//167
f 8166//166 8167//167 8168//168
f 8168//168 8167//167 8169//169
f 8168//168 8169//169 8170//170
f 8170//170 8169//169 8171//171
f 8170//170 8171//171 8172//172
f 8172//172 8171//171 8173//173
f 8172//172 8173//173 8174//174
f 8174//174 8173//173 8175//175
f 8174//174 8175//175 8176//176
f 8176//176 8175//175 8177//177
f 8176//176 8177//177 8178//178
f 8178//178 8177//177 8179//179
f 8178//178 8179//179 8180//180
f 8180//180 8179//179 8181//181
f 8180//180 8181//181 8182//182
f 8182//182 8181//181 8183//183
f 8182//182 8183//183 8184//184
f 8184//184 8183//183 8185//185
f 8184//184 8185//185 8186//186
f 8186//186 8185//185 8187//187
f 8186//186 8187//187 8188//188
f 8188//188 8187//187 8189//189
f 8188//188 8189//189 8190//190
f 8190//190 8189//189 8191//191
f 8190//190 8191//191 8192//192
f 8192//192 8191//191 8193//193
f 8192//192 8193//193 8194//194
f 8194//194 8193//193 8195//195
f 8194//194 8195//195 8196//196
f 8196//196 8195//195 8197//197
f 8196//196 8197//197 8198//198
f 8198//198 8197//197 8199//199
f 8198//198 8199//199 8200//200
f 8200//200 8199//199 8201//201
f 8200//200 8201//201 8202//202
f 8202//202 8201//201 8203//203
f 8202//202 8203//203 8204//140
f 8204//140 8203//203 8205//141
f 8204//140 8205//141 8206//204
f 8206//204 8205//141 8207//205
f 8206//204 8207//205 8208//206
f 8208//206 8207//205 8209//207
f 8208//206 8209//207 8210//423
f 8210//423 8209//207 8211//424
f 8210//423 8211//424 8212//425
f 8212//425 8211//424 8213//149
f 8212//425 8213//149 8214//150
f 8214//150 8213//149 8215//151
f 8214//150 8215//151 8216//152
f 8216//152 8215//151 8217//153
f 8216//152 8217//153 8218//154
f 8218//154 8217//153 8219//213
f 8218//154 8219//213 8220//214
f 8220//214 8219//213 8221//215
f 8220//214 8221//215 8222//216
f 8222//216 8221//215 8223//217
f 8222//216 8223//217 8224//218
f 8224//218 8223//217 8225//219
f 8224//218 8225//219 8226//220
f 8226//220 8225//219 8227//221
f 8226//220 8227//221 8228//164
f 8228//164 8227//221 8229//165
f 8228//164 8229//165 8230//222
f 8230//222 8229//165 8231//223
f 8230//222 8231//223 8232//224
f 8232//224 8231//223 8233//225
f 8232//224 8233//225 8234//226
f 8234//226 8233//225 8235//227
f 8234//226 8235//227 8236//228
f 8236//228 8235//227 8237//173
f 8236//228 8237//173 8238//174
f 8238//174 8237//173 8239//175
f 8238//174 8239//175 8240//176
f 8240//176 8239//175 8241//177
f 8240//176 8241//177 8242//178
f 8242//178 8241//177 8243//229
f 8242//178 8243//229 8244//230
f 8244//230 8243//229 8245//231
f 8244//230 8245//231 8246//232
f 8246//232 8245//231 8247//233
f 8246//232 8247//233 8248//234
f 8248//234 8247//233 8249//235
f 8248//234 8249//235 8250//186
f 8250//186 8249//235 8251//187
f 8250//186 8251//187 8252//236
f 8252//236 8251//187 8253//237
f 8252//236 8253//237 8254//238
f 8254//238 8253//237 8255//239
f 8254//238 8255//239 8256//429
f 8256//429 8255//239 8257//430
f 8256//429 8257//430 8258//431
f 8258//431 8257//430 8259//195
f 8258//431 8259//195 8260//196
f 8260//196 8259//195 8261//197
f 8260//196 8261//197 8262//198
f 8262//198 8261//197 8263//199
f 8262//198 8263//199 8264//200
f 8264//200 8263//199 8265//245
f 8264//200 8265//245 8266//246
f 8266//246 8265//245 8267//247
f 8266//246 8267//247 8268//248
f 8268//248 8267//247 8269//249
f 8268//248 8269//249 8270//250
f 8270//250 8269//249 8271//251
f 8270//250 8271//251 8272//252
f 8272//252 8271//251 8273//253
f 8272//252 8273//253 8274//208
f 8274//208 8273//253 8275//209
f 8274//208 8275//209 8276//254
f 8276//254 8275//209 8277//255
f 8276//254 8277//255 8278//256
f 8278//256 8277//255 8279//257
f 8278//256 8279//257 8280//258
f 8280//258 8279//257 8281//259
f 8280//258 8281//259 8282//260
f 8282//260 8281//259 8283//213
f 8282//260 8283//213 8284//214
f 8284//214 8283//213 8285//215
f 8284//214 8285//215 8286//216
f 8286//216 8285//215 8287//217
f 8286//216 8287//217 8288//218
f 8288//218 8287//217 8289//261
f 8288//218 8289//261 8290//262
f 8290//262 8289//261 8291//263
f 8290//262 8291//263 8292//264
f 8292//264 8291//263 8293//265
f 8292//264 8293//265 8294//266
f 8294//266 8293//265 8295//267
f 8294//266 8295//267 8296//224
f 8296//224 8295//267 8297//225
f 8296//224 8297//225 8298//268
f 8298//268 8297//225 8299//269
f 8298//268 8299//269 8300//270
f 8300//270 8299//269 8301//271
f 8300//270 8301//271 8302//272
f 8302//272 8301//271 8303//273
f 8302//272 8303//273 8304//274
f 8304//274 8303//273 8305//177
f 8304//274 8305//177 8306//178
f 8306//178 8305//177 8307//229
f 8306//178 8307//229 8308//230
f 8308//230 8307//229 8309//231
f 8308//230 8309//231 8310//232
f 8310//232 8309//231 8311//275
f 8310//232 8311//275 8312//276
f 8312//276 8311//275 8313//277
f 8312//276 8313//277 8314//278
f 8314//278 8313//277 8315//435
f 8314//278 8315//435 8316//436
f 8316//436 8315//435 8317//437
f 8316//436 8317//437 8318//238
f 8318//238 8317//437 8319//239
f 8318//238 8319//239 8320//240
f 8320//240 8319//239 8321//241
f 8320//240 8321//241 8322//284
f 8322//284 8321//241 8323//285
f 8322//284 8323//285 8324//286
f 8324//286 8323//285 8325//287
f 8324//286 8325//287 8326//288
f 8326//288 8325//287 8327//289
f 8326//288 8327//289 8328//290
f 8328//290 8327//289 8329//245
f 8328//290 8329//245 8330//246
f 8330//246 8329//245 8331//247
f 8330//246 8331//247 8332//248
f 8332//248 8331//247 8333//249
f 8332//248 8333//249 8334//250
f 8334//250 8333//249 8335//291
f 8334//250 8335//291 8336//292
f 8336//292 8335//291 8337//145
f 8336//292 8337//145 8338//146
f 8338//146 8337//145 8339//293
f 8338//146 8339//293 8340//294
f 8340//294 8339//293 8341//295
f 8340//294 8341//295 8342//256
f 8342//256 8341//295 8343//257
f 8342//256 8343//257 8344//296
f 8344//296 8343//257 8345//297
f 8344//296 8345//297 8346//298
f 8346//298 8345//297 8347//299
f 8346//298 8347//299 8348//300
f 8348//300 8347//299 8349//301
f 8348//300 8349//301 8350//302
f 8350//302 8349//301 8351//217
f 8350//302 8351//217 8352//218
f 8352//218 8351//217 8353//261
f 8352//218 8353//261 8354//262
f 8354//262 8353//261 8355//263
f 8354//262 8355//263 8356//264
f 8356//264 8355//263 8357//303
f 8356//264 8357//303 8358//304
f 8358//304 8357//303 8359//305
f 8358//304 8359//305 8360//306
f 8360//306 8359//305 8361//441
f 8360//306 8361//441 8362//442
f 8362//442 8361//441 8363//443
f 8362//442 8363//443 8364//270
f 8364//270 8363//443 8365//271
f 8364//270 8365//271 8366//310
f 8366//310 8365//271 8367//311
f 8366//310 8367//311 8368//312
f 8368//312 8367//311 8369//313
f 8368//312 8369//313 8370//314
f 8370//314 8369//313 8371//315
f 8370//314 8371//315 8372//316
f 8372//316 8371//315 8373//317
f 8372//316 8373//317 8374//318
f 8374//318 8373//317 8375//275
f 8374//318 8375//275 8376//276
f 8376//276 8375//275 8377//277
f 8376//276 8377//277 8378//278
f 8378//278 8377//277 8379//279
f 8378//278 8379//279 8380//280
f 8380//280 8379//279 8381//319
f 8380//280 8381//319 8382//320
f 8382//320 8381//319 8383//191
f 8382//320 8383//191 8384//192
f 8384//192 8383//191 8385//321
f 8384//192 8385//321 8386//322
f 8386//322 8385//321 8387//323
f 8386//322 8387//323 8388//286
f 8388//286 8387//323 8389//287
f 8388//286 8389//287 8390//324
f 8390//324 8389//287 8391//325
f 8390//324 8391//325 8392//136
f 8392//136 8391//325 8393//137
f 8392//136 8393//137 8394//326
f 8394//326 8393//137 8395//327
f 8394//326 8395//327 8396//328
f 8396//328 8395//327 8397//249
f 8396//328 8397//249 8398//250
f 8398//250 8397//249 8399//291
f 8398//250 8399//291 8400//292
f 8400//292 8399//291 8401//145
f 8400//292 8401//145 8402//146
f 8402//146 8401//145 8403//147
f 8402//146 8403//147 8404//148
f 8404//148 8403//147 8405//149
f 8404//148 8405//149 8406//150
f 8406//150 8405//149 8407//329
f 8406//150 8407//329 8408//330
f 8408//330 8407//329 8409//331
f 8408//330 8409//331 8410//298
f 8410//298 8409//331 8411//299
f 8410//298 8411//299 8412//332
f 8412//332 8411//299 8413//333
f 8412//332 8413//333 8414//158
f 8414//158 8413//333 8415//159
f 8414//158 8415//159 8416//160
f 8416//160 8415//159 8417//161
f 8416//160 8417//161 8418//334
f 8418//334 8417//161 8419//335
f 8418//334 8419//335 8420//336
f 8420//336 8419//335 8421//303
f 8420//336 8421//303 8422//304
f 8422//304 8421//303 8423//305
f 8422//304 8423//305 8424//306
f 8424//306 8423//305 8425//169
f 8424//306 8425//169 8426//170
f 8426//170 8425//169 8427//171
f 8426//170 8427//171 8428//172
f 8428//172 8427//171 8429//173
f 8428//172 8429//173 8430//174
f 8430//174 8429//173 8431//337
f 8430//174 8431//337 8432//338
f 8432//338 8431//337 8433//339
f 8432//338 8433//339 8434//314
f 8434//314 8433//339 8435//315
f 8434//314 8435//315 8436//340
f 8436//340 8435//315 8437//341
f 8436//340 8437//341 8438//182
f 8438//182 8437//341 8439//183
f 8438//182 8439//183 8440//342
f 8440//342 8439//183 8441//343
f 8440//342 8441//343 8442//344
f 8442//344 8441//343 8443//279
f 8442//344 8443//279 8444//280
f 8444//280 8443//279 8445//319
f 8444//280 8445//319 8446//320
f 8446//320 8445//319 8447//191
f 8446//320 8447//191 8448//192
f 8448//192 8447//191 8449//193
f 8448//192 8449//193 8450//194
f 8450//194 8449//193 8451//195
f 8450//194 8451//195 8452//196
f 8452//196 8451//195 8453//133
f 8452//196 8453//133 8454//134
f 8454//134 8453//133 8455//135
f 8454//134 8455//135 8456//136
f 8456//136 8455//135 8457//137
f 8456//136 8457//137 8458//138
f 8458//138 8457//137 8459//139
f 8458//138 8459//139 8460//140
f 8460//140 8459//139 8461//141
f 8460//140 8461//141 8462//204
f 8462//204 8461//141 8463//205
f 8462//204 8463//205 8464//345
f 8464//345 8463//205 8465//346
f 8464//345 8465//346 8466//347
f 8466//347 8465//346 8467//147
f 8466//347 8467//147 8468//148
f 8468//148 8467//147 8469//149
f 8468//148 8469//149 8470//150
f 8470//150 8469//149 8471//151
f 8470//150 8471//151 8472//152
f 8472//152 8471//151 8473//153
f 8472//152 8473//153 8474//154
f 8474//154 8473//153 8475//213
f 8474//154 8475//213 8476//214
f 8476//214 8475//213 8477//348
f 8476//214 8477//348 8478//349
f 8478//349 8477//348 8479//350
f 8478//349 8479//350 8480//160
f 8480//160 8479//350 8481//161
f 8480//160 8481//161 8482//162
f 8482//162 8481//161 8483//163
f 8482//162 8483//163 8484//164
f 8484//164 8483//163 8485//165
f 8484//164 8485//165 8486//166
f 8486//166 8485//165 8487//167
f 8486//166 8487//167 8488//168
f 8488//168 8487//167 8489//169
f 8488//168 8489//169 8490//170
f 8490//170 8489//169 8491//171
f 8490//170 8491//171 8492//172
f 8492//172 8491//171 8493//173
f 8492//172 8493//173 8494//174
f 8494//174 8493//173 8495//175
f 8494//174 8495//175 8496//176
f 8496//176 8495//175 8497//177
f 8496//176 8497//177 8498//178
f 8498//178 8497//177 8499//179
f 8498//178 8499//179 8500//180
f 8500//180 8499//179 8501//181
f 8500//180 8501//181 8502//182
f 8502//182 8501//181 8503//183
f 8502//182 8503//183 8504//184
f 8504//184 8503//183 8505//185
f 8504//184 8505//185 8506//186
f 8506//186 8505//185 8507//187
f 8506//186 8507//187 8508//188
f 8508//188 8507//187 8509//189
f 8508//188 8509//189 8510//190
f 8510//190 8509//189 8511//191
f 8510//190 8511//191 8512//192
f 8512//192 8511//191 8513//193
f 8512//192 8513//193 8514//194
f 8514//194 8513//193 8515//195
f 8514//194 8515//195 8516//196
f 8516//196 8515//195 8517//197
f 8516//196 8517//197 8518//198
f 8518//198 8517//197 8519//199
f 8518//198 8519//199 8520//200
f 8520//200 8519//199 8521//245
f 8520//200 8521//245 8522//246
f 8522//246 8521//245 8523//354
f 8522//246 8523//354 8524//355
f 8524//355 8523//354 8525//356
f 8524//355 8525//356 8526//204
f 8526//204 8525//356 8527//205
f 8526//204 8527//205 8528//206
f 8528//206 8527//205 8529//207
f 8528//206 8529//207 8530//208
f 8530//208 8529//207 8531//209
f 8530//208 8531//209 8532//210
f 8532//210 8531//209 8533//211
f 8532//210 8533//211 8534//212
f 8534//212 8533//211 8535//151
f 8534//212 8535//151 8536//152
f 8536//152 8535//151 8537//153
f 8536//152 8537//153 8538//154
f 8538//154 8537//153 8539//213
f 8538//154 8539//213 8540//214
f 8540//214 8539//213 8541//215
f 8540//214 8541//215 8542//216
f 8542//216 8541//215 8543//217
f 8542//216 8543//217 8544//218
f 8544//218 8543//217 8545//219
f 8544//218 8545//219 8546//220
f 8546//220 8545//219 8547//221
f 8546//220 8547//221 8548//164
f 8548//164 8547//221 8549//165
f 8548//164 8549//165 8550//222
f 8550//222 8549//165 8551//223
f 8550//222 8551//223 8552//224
f 8552//224 8551//223 8553//225
f 8552//224 8553//225 8554//226
f 8554//226 8553//225 8555//227
f 8554//226 8555//227 8556//228
f 8556//228 8555//227 8557//173
f 8556//228 8557//173 8558//174
f 8558//174 8557//173 8559//175
f 8558//174 8559//175 8560//176
f 8560//176 8559//175 8561//177
f 8560//176 8561//177 8562//178
f 8562//178 8561//177 8563//229
f 8562//178 8563//229 8564//230
f 8564//230 8563//229 8565//231
f 8564//230 8565//231 8566//232
f 8566//232 8565//231 8567//275
f 8566//232 8567//275 8568//276
f 8568//276 8567//275 8569//360
f 8568//276 8569//360 8570//361
f 8570//361 8569//360 8571//362
f 8570//361 8571//362 8572//236
f 8572//236 8571//362 8573//237
f 8572//236 8573//237 8574//238
f 8574//238 8573//237 8575//239
f 8574//238 8575//239 8576//240
f 8576//240 8575//239 8577//241
f 8576//240 8577//241 8578//242
f 8578//242 8577//241 8579//243
f 8578//242 8579//243 8580//244
f 8580//244 8579//243 8581//197
f 8580//244 8581//197 8582//198
f 8582//198 8581//197 8583//199
f 8582//198 8583//199 8584//200
f 8584//200 8583//199 8585//245
f 8584//200 8585//245 8586//246
f 8586//246 8585//245 8587//247
f 8586//246 8587//247 8588//248
f 8588//248 8587//247 8589//249
f 8588//248 8589//249 8590//250
f 8590//250 8589//249 8591//251
f 8590//250 8591//251 8592//252
f 8592//252 8591//251 8593//253
f 8592//252 8593//253 8594//208
f 8594//208 8593//253 8595//209
f 8594//208 8595//209 8596//254
f 8596//254 8595//209 8597//255
f 8596//254 8597//255 8598//256
f 8598//256 8597//255 8599//257
f 8598//256 8599//257 8600//258
f 8600//258 8599//257 8601//259
f 8600//258 8601//259 8602//260
f 8602//260 8601//259 8603//213
f 8602//260 8603//213 8604//214
f 8604//214 8603//213 8605//215
f 8604//214 8605//215 8606//216
f 8606//216 8605//215 8607//217
f 8606//216 8607//217 8608//218
f 8608//218 8607//217 8609//261
f 8608//218 8609//261 8610//262
f 8610//262 8609//261 8611//263
f 8610//262 8611//263 8612//264
f 8612//264 8611//263 8613//265
f 8612//264 8613//265 8614//266
f 8614//266 8613//265 8615//267
f 8614//266 8615//267 8616//224
f 8616//224 8615//267 8617//225
f 8616//224 8617//225 8618//268
f 8618//268 8617//225 8619//269
f 8618//268 8619//269 8620//270
f 8620//270 8619//269 8621//271
f 8620//270 8621//271 8622//310
f 8622//310 8621//271 8623//311
f 8622//310 8623//311 8624//366
f 8624//366 8623//311 8625//367
f 8624//366 8625//367 8626//368
f 8626//368 8625//367 8627//229
f 8626//368 8627//229 8628//230
f 8628//230 8627//229 8629//231
f 8628//230 8629//231 8630//232
f 8630//232 8629//231 8631//275
f 8630//232 8631//275 8632//276
f 8632//276 8631//275 8633//277
f 8632//276 8633//277 8634//278
f 8634//278 8633//277 8635//279
f 8634//278 8635//279 8636//280
f 8636//280 8635//279 8637//281
f 8636//280 8637//281 8638//282
f 8638//282 8637//281 8639//283
f 8638//282 8639//283 8640//240
f 8640//240 8639//283 8641//241
f 8640//240 8641//241 8642//284
f 8642//284 8641//241 8643//285
f 8642//284 8643//285 8644//286
f 8644//286 8643//285 8645//287
f 8644//286 8645//287 8646//288
f 8646//288 8645//287 8647//289
f 8646//288 8647//289 8648//290
f 8648//290 8647//289 8649//245
f 8648//290 8649//245 8650//246
f 8650//246 8649//245 8651//247
f 8650//246 8651//247 8652//248
f 8652//248 8651//247 8653//249
f 8652//248 8653//249 8654//250
f 8654//250 8653//249 8655//291
f 8654//250 8655//291 8656//292
f 8656//292 8655//291 8657//145
f 8656//292 8657//145 8658//146
f 8658//146 8657//145 8659//293
f 8658//146 8659//293 8660//294
f 8660//294 8659//293 8661//295
f 8660//294 8661//295 8662//256
f 8662//256 8661//295 8663//257
f 8662//256 8663//257 8664//296
f 8664//296 8663//257 8665//297
f 8664//296 8665//297 8666//298
f 8666//298 8665//297 8667//299
f 8666//298 8667//299 8668//332
f 8668//332 8667//299 8669//333
f 8668//332 8669//333 8670//372
f 8670//372 8669//333 8671//373
f 8670//372 8671//373 8672//374
f 8672//374 8671//373 8673//261
f 8672//374 8673//261 8674//262
f 8674//262 8673//261 8675//263
f 8674//262 8675//263 8676//264
f 8676//264 8675//263 8677//303
f 8676//264 8677//303 8678//304
f 8678//304 8677//303 8679//305
f 8678//304 8679//305 8680//306
f 8680//306 8679//305 8681//169
f 8680//306 8681//169 8682//170
f 8682//170 8681//169 8683//307
f 8682//170 8683//307 8684//308
f 8684//308 8683//307 8685//309
f 8684//308 8685//309 8686//310
f 8686//310 8685//309 8687//311
f 8686//310 8687//311 8688//312
f 8688//312 8687//311 8689//313
f 8688//312 8689//313 8690//314
f 8690//314 8689//313 8691//315
f 8690//314 8691//315 8692//316
f 8692//316 8691//315 8693//317
f 8692//316 8693//317 8694//318
f 8694//318 8693//317 8695//275
f 8694//318 8695//275 8696//276
f 8696//276 8695//275 8697//277
f 8696//276 8697//277 8698//278
f 8698//278 8697//277 8699//279
f 8698//278 8699//279 8700//280
f 8700//280 8699//279 8701//319
f 8700//280 8701//319 8702//320
f 8702//320 8701//319 8703//191
f 8702//320 8703//191 8704//192
f 8704//192 8703//191 8705//321
f 8704//192 8705//321 8706//322
f 8706//322 8705//321 8707//323
f 8706//322 8707//323 8708//286
f 8708//286 8707//323 8709//287
f 8708//286 8709//287 8710//324
f 8710//324 8709//287 8711//325
f 8710//324 8711//325 8712//136
f 8712//136 8711//325 8713//137
f 8712//136 8713//137 8714//138
f 8714//138 8713//137 8715//139
f 8714//138 8715//139 8716//375
f 8716//375 8715//139 8717//376
f 8716//375 8717//376 8718//377
f 8718//377 8717//376 8719//291
f 8718//377 8719//291 8720//292
f 8720//292 8719//291 8721//145
f 8720//292 8721//145 8722//146
f 8722//146 8721//145 8723//147
f 8722//146 8723//147 8724//148
f 8724//148 8723//147 8725//149
f 8724//148 8725//149 8726//150
f 8726//150 8725//149 8727//151
f 8726//150 8727//151 8728//152
f 8728//152 8727//151 8729//378
f 8728//152 8729//378 8730//379
f 8730//379 8729//378 8731//380
f 8730//379 8731//380 8732//332
f 8732//332 8731//380 8733//333
f 8732//332 8733//333 8734//158
f 8734//158 8733//333 8735//159
f 8734//158 8735//159 8736//160
f 8736//160 8735//159 8737//161
f 8736//160 8737//161 8738//334
f 8738//334 8737//161 8739//335
f 8738//334 8739//335 8740//336
f 8740//336 8739//335 8741//303
f 8740//336 8741//303 8742//304
f 8742//304 8741//303 8743//305
f 8742//304 8743//305 8744//306
f 8744//306 8743//305 8745//169
f 8744//306 8745//169 8746//170
f 8746//170 8745//169 8747//171
f 8746//170 8747//171 8748//172
f 8748//172 8747//171 8749//173
f 8748//172 8749//173 8750//174
f 8750//174 8749//173 8751//337
f 8750//174 8751//337 8752//338
f 8752//338 8751//337 8753//339
f 8752//338 8753//339 8754//314
f 8754//314 8753//339 8755//315
f 8754//314 8755//315 8756//340
f 8756//340 8755//315 8757//341
f 8756//340 8757//341 8758//182
f 8758//182 8757//341 8759//183
f 8758//182 8759//183 8760//342
f 8760//342 8759//183 8761//343
f 8760//342 8761//343 8762//344
f 8762//344 8761//343 8763//279
f 8762//344 8763//279 8764//280
f 8764//280 8763//279 8765//319
f 8764//280 8765//319 8766//320
f 8766//320 8765//319 8767//191
f 8766//320 8767//191 8768//192
f 8768//192 8767//191 8769//193
f 8768//192 8769//193 8770//194
f 8770//194 8769//193 8771//195
f 8770//194 8771//195 8772//196
f 8772//196 8771//195 8773//197
f 8772//196 8773//197 8774//198
f 8774//198 8773//197 8775//384
f 8774//198 8775//384 8776//385
f 8776//385 8775//384 8777//386
f 8776//385 8777//386 8778//138
f 8778//138 8777//386 8779//139
f 8778//138 8779//139 8780//140
f 8780//140 8779//139 8781//141
f 8780//140 8781//141 8782//204
f 8782//204 8781//141 8783//205
f 8782//204 8783//205 8784//345
f 8784//345 8783//205 8785//346
f 8784//345 8785//346 8786//347
f 8786//347 8785//346 8787//147
f 8786//347 8787//147 8788//148
f 8788//148 8787//147 8789//149
f 8788//148 8789//149 8790//150
f 8790//150 8789//149 8791//151
f 8790//150 8791//151 8792//152
f 8792//152 8791//151 8793//153
f 8792//152 8793//153 8794//154
f 8794//154 8793//153 8795//213
f 8794//154 8795//213 8796//214
f 8796//214 8795//213 8797//348
f 8796//214 8797//348 8798//349
f 8798//349 8797//348 8799//350
f 8798//349 8799//350 8800//160
f 8800//160 8799//350 8801//161
f 8800//160 8801//161 8802//162
f 8802//162 8801//161 8803//163
f 8802//162 8803//163 8804//164
f 8804//164 8803//163 8805//165
f 8804//164 8805//165 8806//166
f 8806//166 8805//165 8807//167
f 8806//166 8807//167 8808//168
f 8808//168 8807//167 8809//169
f 8808//168 8809//169 8810//170
f 8810//170 8809//169 8811//171
f 8810//170 8811//171 8812//172
f 8812//172 8811//171 8813//173
f 8812//172 8813//173 8814//174
f 8814//174 8813//173 8815//175
f 8814//174 8815//175 8816//176
f 8816//176 8815//175 8817//177
f 8816//176 8817//177 8818//178
f 8818//178 8817//177 8819//229
f 8818//178 8819//229 8820//230
f 8820//230 8819//229 8821//390
f 8820//230 8821//390 8822//391
f 8822//391 8821//390 8823//392
f 8822//391 8823//392 8824//184
f 8824//184 8823//392 8825//185
f 8824//184 8825//185 8826//186
f 8826//186 8825//185 8827//187
f 8826//186 8827//187 8828//236
f 8828//236 8827//187 8829//237
f 8828//236 8829//237 8830//351
f 8830//351 8829//237 8831//352
f 8830//351 8831//352 8832//353
f 8832//353 8831//352 8833//193
f 8832//353 8833//193 8834//194
f 8834//194 8833//193 8835//195
f 8834//194 8835//195 8836//196
f 8836//196 8835//195 8837//197
f 8836//196 8837//197 8838//198
f 8838//198 8837//197 8839//199
f 8838//198 8839//199 8840//200
f 8840//200 8839//199 8841//245
f 8840//200 8841//245 8842//246
f 8842//246 8841//245 8843//354
f 8842//246 8843//354 8844//355
f 8844//355 8843//354 8845//356
f 8844//355 8845//356 8846//204
f 8846//204 8845//356 8847//205
f 8846//204 8847//205 8848//206
f 8848//206 8847//205 8849//207
f 8848//206 8849//207 8850//208
f 8850//208 8849//207 8851//209
f 8850//208 8851//209 8852//210
f 8852//210 8851//209 8853//211
f 8852//210 8853//211 8854//212
f 8854//212 8853//211 8855//151
f 8854//212 8855//151 8856//152
f 8856//152 8855//151 8857//153
f 8856//152 8857//153 8858//154
f 8858//154 8857//153 8859//213
f 8858//154 8859//213 8860//214
f 8860//214 8859//213 8861//215
f 8860//214 8861//215 8862//216
f 8862//216 8861//215 8863//217
f 8862//216 8863//217 8864//218
f 8864//218 8863//217 8865//261
f 8864//218 8865//261 8866//262
f 8866//262 8865//261 8867//396
f 8866//262 8867//396 8868//397
f 8868//397 8867//396 8869//398
f 8868//397 8869//398 8870//222
f 8870//222 8869//398 8871//223
f 8870//222 8871//223 8872//224
f 8872//224 8871//223 8873//225
f 8872//224 8873//225 8874//268
f 8874//268 8873//225 8875//269
f 8874//268 8875//269 8876//357
f 8876//357 8875//269 8877//358
f 8876//357 8877//358 8878//359
f 8878//359 8877//358 8879//175
f 8878//359 8879//175 8880//176
f 8880//176 8879//175 8881//177
f 8880//176 8881//177 8882//178
f 8882//178 8881//177 8883//229
f 8882//178 8883//229 8884//230
f 8884//230 8883//229 8885//231
f 8884//230 8885//231 8886//232
f 8886//232 8885//231 8887//275
f 8886//232 8887//275 8888//276
f 8888//276 8887//275 8889//360
f 8888//276 8889//360 8890//361
f 8890//361 8889//360 8891//362
f 8890//361 8891//362 8892//236
f 8892//236 8891//362 8893//237
f 8892//236 8893//237 8894//238
f 8894//238 8893//237 8895//239
f 8894//238 8895//239 8896//240
f 8896//240 8895//239 8897//241
f 8896//240 8897//241 8898//242
f 8898//242 8897//241 8899//243
f 8898//242 8899//243 8900//244
f 8900//244 8899//243 8901//197
f 8900//244 8901//197 8902//198
f 8902//198 8901//197 8903//199
f 8902//198 8903//199 8904//200
f 8904//200 8903//199 8905//245
f 8904//200 8905//245 8906//246
f 8906//246 8905//245 8907//247
f 8906//246 8907//247 8908//248
f 8908//248 8907//247 8909//249
f 8908//248 8909//249 8910//250
f 8910//250 8909//249 8911//251
f 8910//250 8911//251 8912//252
f 8912//252 8911//251 8913//253
f 8912//252 8913//253 8914//208
f 8914//208 8913//253 8915//209
f 8914//208 8915//209 8916//254
f 8916//254 8915//209 8917//255
f 8916//254 8917//255 8918//256
f 8918//256 8917//255 8919//257
f 8918//256 8919//257 8920//296
f 8920//296 8919//257 8921//297
f 8920//296 8921//297 8922//402
f 8922//402 8921//297 8923//403
f 8922//402 8923//403 8924//404
f 8924//404 8923//403 8925//215
f 8924//404 8925//215 8926//216
f 8926//216 8925//215 8927//217
f 8926//216 8927//217 8928//218
f 8928//218 8927//217 8929//261
f 8928//218 8929//261 8930//262
f 8930//262 8929//261 8931//263
f 8930//262 8931//263 8932//264
f 8932//264 8931//263 8933//303
f 8932//264 8933//303 8934//304
f 8934//304 8933//303 8935//363
f 8934//304 8935//363 8936//364
f 8936//364 8935//363 8937//365
f 8936//364 8937//365 8938//268
f 8938//268 8937//365 8939//269
f 8938//268 8939//269 8940//270
f 8940//270 8939//269 8941//271
f 8940//270 8941//271 8942//310
f 8942//310 8941//271 8943//311
f 8942//310 8943//311 8944//366
f 8944//366 8943//311 8945//367
f 8944//366 8945//367 8946//368
f 8946//368 8945//367 8947//229
f 8946//368 8947//229 8948//230
f 8948//230 8947//229 8949//231
f 8948//230 8949//231 8950//232
f 8950//232 8949//231 8951//275
f 8950//232 8951//275 8952//276
f 8952//276 8951//275 8953//277
f 8952//276 8953//277 8954//278
f 8954//278 8953//277 8955//279
f 8954//278 8955//279 8956//280
f 8956//280 8955//279 8957//281
f 8956//280 8957//281 8958//282
f 8958//282 8957//281 8959//283
f 8958//282 8959//283 8960//240
f 8960//240 8959//283 8961//241
f 8960//240 8961//241 8962//284
f 8962//284 8961//241 8963//285
f 8962//284 8963//285 8964//286
f 8964//286 8963//285 8965//287
f 8964//286 8965//287 8966//324
f 8966//324 8965//287 8967//325
f 8966//324 8967//325 8968//408
f 8968//408 8967//325 8969//409
f 8968//408 8969//409 8970//410
f 8970//410 8969//409 8971//247
f 8970//410 8971//247 8972//248
f 8972//248 8971//247 8973//249
f 8972//248 8973//249 8974//250
f 8974//250 8973//249 8975//291
f 8974//250 8975//291 8976//292
f 8976//292 8975//291 8977//145
f 8976//292 8977//145 8978//146
f 8978//146 8977//145 8979//147
f 8978//146 8979//147 8980//148
f 8980//148 8979//147 8981//369
f 8980//148 8981//369 8982//370
f 8982//370 8981//369 8983//371
f 8982//370 8983//371 8984//296
f 8984//296 8983//371 8985//297
f 8984//296 8985//297 8986//298
f 8986//298 8985//297 8987//299
f 8986//298 8987//299 8988//332
f 8988//332 8987//299 8989//333
f 8988//332 8989//333 8990//372
f 8990//372 8989//333 8991//373
f 8990//372 8991//373 8992//374
f 8992//374 8991//373 8993//261
f 8992//374 8993//261 8994//262
f 8994//262 8993//261 8995//263
f 8994//262 8995//263 8996//264
f 8996//264 8995//263 8997//303
f 8996//264 8997//303 8998//304
f 8998//304 8997//303 8999//305
f 8998//304 8999//305 9000//306
f 9000//306 8999//305 9001//169
f 9000//306 9001//169 9002//170
f 9002//170 9001//169 9003//307
f 9002//170 9003//307 9004//308
f 9004//308 9003//307 9005//309
f 9004//308 9005//309 9006//310
f 9006//310 9005//309 9007//311
f 9006//310 9007//311 9008//312
f 9008//312 9007//311 9009//313
f 9008//312 9009//313 9010//314
f 9010//314 9009//313 9011//315
f 9010//314 9011//315 9012//340
f 9012//340 9011//315 9013//341
f 9012//340 9013//341 9014//411
f 9014//411 9013//341 9015//412
f 9014//411 9015//412 9016//413
f 9016//413 9015//412 9017//277
f 9016//413 9017//277 9018//278
f 9018//278 9017//277 9019//279
f 9018//278 9019//279 9020//280
f 9020//280 9019//279 9021//319
f 9020//280 9021//319 9022//320
f 9022//320 9021//319 9023//191
f 9022//320 9023//191 9024//192
f 9024//192 9023//191 9025//193
f 9024//192 9025//193 9026//194
f 9026//194 9025//193 9027//414
f 9026//194 9027//414 9028//415
f 9028//415 9027//414 9029//416
f 9028//415 9029//416 9030//324
f 9030//324 9029//416 9031//325
f 9030//324 9031//325 9032//136
f 9032//136 9031//325 9033//137
f 9032//136 9033//137 9034//138
f 9034//138 9033//137 9035//139
f 9034//138 9035//139 9036//375
f 9036//375 9035//139 9037//376
f 9036//375 9037//376 9038//377
f 9038//377 9037//376 9039//291
f 9038//377 9039//291 9040//292
f 9040//292 9039//291 9041//145
f 9040//292 9041//145 9042//146
f 9042//146 9041//145 9043//147
f 9042//146 9043//147 9044//148
f 9044//148 9043//147 9045//149
f 9044//148 9045//149 9046//150
f 9046//150 9045//149 9047//151
f 9046//150 9047//151 9048//152
f 9048//152 9047//151 9049//378
f 9048//152 9049//378 9050//379
f 9050//379 9049//378 9051//380
f 9050//379 9051//380 9052//332
f 9052//332 9051//380 9053//333
f 9052//332 9053//333 9054//158
f 9054//158 9053//333 9055//159
f 9054//158 9055//159 9056//160
f 9056//160 9055//159 9057//161
f 9056//160 9057//161 9058//334
f 9058//334 9057//161 9059//335
f 9058//334 9059//335 9060//336
f 9060//336 9059//335 9061//303
f 9060//336 9061//303 9062//304
f 9062//304 9061//303 9063//305
f 9062//304 9063//305 9064//306
f 9064//306 9063//305 9065//169
f 9064//306 9065//169 9066//170
f 9066//170 9065//169 9067//171
f 9066//170 9067//171 9068//172
f 9068//172 9067//171 9069//173
f 9068//172 9069//173 9070//174
f 9070//174 9069//173 9071//175
f 9070//174 9071//175 9072//176
f 9072//176 9071//175 9073//420
f 9072//176 9073//420 9074//421
f 9074//421 9073//420 9075//422
f 9074//421 9075//422 9076//340
f 9076//340 9075//422 9077//341
f 9076//340 9077//341 9078//182
f 9078//182 9077//341 9079//183
f 9078//182 9079//183 9080//184
f 9080//184 9079//183 9081//185
f 9080//184 9081//185 9082//381
f 9082//381 9081//185 9083//382
f 9082//381 9083//382 9084//383
f 9084//383 9083//382 9085//319
f 9084//383 9085//319 9086//320
f 9086//320 9085//319 9087//191
f 9086//320 9087//191 9088//192
f 9088//192 9087//191 9089//193
f 9088//192 9089//193 9090//194
f 9090//194 9089//193 9091//195
f 9090//194 9091//195 9092//196
f 9092//196 9091//195 9093//197
f 9092//196 9093//197 9094//198
f 9094//198 9093//197 9095//384
f 9094//198 9095//384 9096//385
f 9096//385 9095//384 9097//386
f 9096//385 9097//386 9098//138
f 9098//138 9097//386 9099//139
f 9098//138 9099//139 9100//140
f 9100//140 9099//139 9101//141
f 9100//140 9101//141 9102//204
f 9102//204 9101//141 9103//205
f 9102//204 9103//205 9104//345
f 9104//345 9103//205 9105//346
f 9104//345 9105//346 9106//347
f 9106//347 9105//346 9107//147
f 9106//347 9107//147 9108//148
f 9108//148 9107//147 9109//149
f 9108//148 9109//149 9110//150
f 9110//150 9109//149 9111//151
f 9110//150 9111//151 9112//152
f 9112//152 9111//151 9113//153
f 9112//152 9113//153 9114//154
f 9114//154 9113//153 9115//213
f 9114//154 9115//213 9116//214
f 9116//214 9115//213 9117//215
f 9116//214 9117//215 9118//216
f 9118//216 9117//215 9119//426
f 9118//216 9119//426 9120//427
f 9120//427 9119//426 9121//428
f 9120//427 9121//428 9122//162
f 9122//162 9121//428 9123//163
f 9122//162 9123//163 9124//164
f 9124//164 9123//163 9125//165
f 9124//164 9125//165 9126//222
f 9126//222 9125//165 9127//223
f 9126//222 9127//223 9128//387
f 9128//387 9127//223 9129//388
f 9128//387 9129//388 9130//389
f 9130//389 9129//388 9131//171
f 9130//389 9131//171 9132//172
f 9132//172 9131//171 9133//173
f 9132//172 9133//173 9134//174
f 9134//174 9133//173 9135//175
f 9134//174 9135//175 9136//176
f 9136//176 9135//175 9137//177
f 9136//176 9137//177 9138//178
f 9138//178 9137//177 9139//229
f 9138//178 9139//229 9140//230
f 9140//230 9139//229 9141//390
f 9140//230 9141//390 9142//391
f 9142//391 9141//390 9143//392
f 9142//391 9143//392 9144//184
f 9144//184 9143//392 9145//185
f 9144//184 9145//185 9146//186
f 9146//186 9145//185 9147//187
f 9146//186 9147//187 9148//236
f 9148//236 9147//187 9149//237
f 9148//236 9149//237 9150//351
f 9150//351 9149//237 9151//352
f 9150//351 9151//352 9152//353
f 9152//353 9151//352 9153//193
f 9152//353 9153//193 9154//194
f 9154//194 9153//193 9155//195
f 9154//194 9155//195 9156//196
f 9156//196 9155//195 9157//197
f 9156//196 9157//197 9158//198
f 9158//198 9157//197 9159//199
f 9158//198 9159//199 9160//200
f 9160//200 9159//199 9161//245
f 9160//200 9161//245 9162//246
f 9162//246 9161//245 9163//354
f 9162//246 9163//354 9164//355
f 9164//355 9163//354 9165//356
f 9164//355 9165//356 9166//204
f 9166//204 9165//356 9167//205
f 9166//204 9167//205 9168//206
f 9168//206 9167//205 9169//207
f 9168//206 9169//207 9170//208
f 9170//208 9169//207 9171//209
f 9170//208 9171//209 9172//254
f 9172//254 9171//209 9173//255
f 9172//254 9173//255 9174//393
f 9174//393 9173//255 9175//394
f 9174//393 9175//394 9176//395
f 9176//395 9175//394 9177//153
f 9176//395 9177//153 9178//154
f 9178//154 9177//153 9179//213
f 9178//154 9179//213 9180//214
f 9180//214 9179//213 9181//215
f 9180//214 9181//215 9182//216
f 9182//216 9181//215 9183//217
f 9182//216 9183//217 9184//218
f 9184//218 9183//217 9185//261
f 9184//218 9185//261 9186//262
f 9186//262 9185//261 9187//396
f 9186//262 9187//396 9188//397
f 9188//397 9187//396 9189//398
f 9188//397 9189//398 9190//222
f 9190//222 9189//398 9191//223
f 9190//222 9191//223 9192//224
f 9192//224 9191//223 9193//225
f 9192//224 9193//225 9194//268
f 9194//268 9193//225 9195//269
f 9194//268 9195//269 9196//357
f 9196//357 9195//269 9197//358
f 9196//357 9197//358 9198//359
f 9198//359 9197//358 9199//175
f 9198//359 9199//175 9200//176
f 9200//176 9199//175 9201//177
f 9200//176 9201//177 9202//178
f 9202//178 9201//177 9203//229
f 9202//178 9203//229 9204//230
f 9204//230 9203//229 9205//231
f 9204//230 9205//231 9206//232
f 9206//232 9205//231 9207//275
f 9206//232 9207//275 9208//276
f 9208//276 9207//275 9209//360
f 9208//276 9209//360 9210//361
f 9210//361 9209//360 9211//362
f 9210//361 9211//362 9212//236
f 9212//236 9211//362 9213//237
f 9212//236 9213//237 9214//238
f 9214//238 9213//237 9215//239
f 9214//238 9215//239 9216//240
f 9216//240 9215//239 9217//241
f 9216//240 9217//241 9218//284
f 9218//284 9217//241 9219//285
f 9218//284 9219//285 9220//438
f 9220//438 9219//285 9221//439
f 9220//438 9221//439 9222//440
f 9222//440 9221//439 9223//199
f 9222//440 9223//199 9224//200
f 9224//200 9223//199 9225//245
f 9224//200 9225//245 9226//246
f 9226//246 9225//245 9227//247
f 9226//246 9227//247 9228//248
f 9228//248 9227//247 9229//249
f 9228//248 9229//249 9230//250
f 9230//250 9229//249 9231//291
f 9230//250 9231//291 9232//292
f 9232//292 9231//291 9233//399
f 9232//292 9233//399 9234//400
f 9234//400 9233//399 9235//401
f 9234//400 9235//401 9236//254
f 9236//254 9235//401 9237//255
f 9236//254 9237//255 9238//256
f 9238//256 9237//255 9239//257
f 9238//256 9239//257 9240//296
f 9240//296 9239//257 9241//297
f 9240//296 9241//297 9242//402
f 9242//402 9241//297 9243//403
f 9242//402 9243//403 9244//404
f 9244//404 9243//403 9245//215
f 9244//404 9245//215 9246//216
f 9246//216 9245//215 9247//217
f 9246//216 9247//217 9248//218
f 9248//218 9247//217 9249//261
f 9248//218 9249//261 9250//262
f 9250//262 9249//261 9251//263
f 9250//262 9251//263 9252//264
f 9252//264 9251//263 9253//303
f 9252//264 9253//303 9254//304
f 9254//304 9253//303 9255//363
f 9254//304 9255//363 9256//364
f 9256//364 9255//363 9257//365
f 9256//364 9257//365 9258//268
f 9258//268 9257//365 9259//269
f 9258//268 9259//269 9260//270
f 9260//270 9259//269 9261//271
f 9260//270 9261//271 9262//310
f 9262//310 9261//271 9263//311
f 9262//310 9263//311 9264//312
f 9264//312 9263//311 9265//313
f 9264//312 9265//313 9266//444
f 9266//444 9265//313 9267//445
f 9266//444 9267//445 9268//446
f 9268//446 9267//445 9269//231
f 9268//446 9269//231 9270//232
f 9270//232 9269//231 9271//275
f 9270//232 9271//275 9272//276
f 9272//276 9271//275 9273//277
f 9272//276 9273//277 9274//278
f 9274//278 9273//277 9275//279
f 9274//278 9275//279 9276//280
f 9276//280 9275//279 9277//319
f 9276//280 9277//319 9278//320
f 9278//320 9277//319 9279//405
f 9278//320 9279//405 9280//406
f 9280//406 9279//405 9281//407
f 9280//406 9281//407 9282//284
f 9282//284 9281//407 9283//285
f 9282//284 9283//285 9284//286
f 9284//286 9283//285 9285//287
f 9284//286 9285//287 9286//324
f 9286//324 9285//287 9287//325
f 9286//324 9287//325 9288//408
f 9288//408 9287//325 9289//409
f 9288//408 9289//409 9290//410
f 9290//410 9289//409 9291//247
f 9290//410 9291//247 9292//248
f 9292//248 9291//247 9293//249
f 9292//248 9293//249 9294//250
f 9294//250 9293//249 9295//291
f 9294//250 9295//291 9296//292
f 9296//292 9295//291 9297//145
f 9296//292 9297//145 9298//146
f 9298//146 9297//145 9299//147
f 9298//146 9299//147 9300//148
f 9300//148 9299//147 9301//369
f 9300//148 9301//369 9302//370
f 9302//370 9301//369 9303//371
f 9302//370 9303//371 9304//296
f 9304//296 9303//371 9305//297
f 9304//296 9305//297 9306//298
f 9306//298 9305//297 9307//299
f 9306//298 9307//299 9308//332
f 9308//332 9307//299 9309//333
f 9308//332 9309//333 9310//158
f 9310//158 9309//333 9311//159
f 9310//158 9311//159 9312//447
f 9312//447 9311//159 9313//448
f 9312//447 9313//448 9314//449
f 9314//449 9313//448 9315//263
f 9314//449 9315//263 9316//264
f 9316//264 9315//263 9317//303
f 9316//264 9317//303 9318//304
f 9318//304 9317//303 9319//305
f 9318//304 9319//305 9320//306
f 9320//306 9319//305 9321//169
f 9320//306 9321//169 9322//170
f 9322//170 9321//169 9323//171
f 9322//170 9323//171 9324//172
f 9324//172 9323//171 9325//450
f 9324//172 9325//450 9326//451
f 9326//451 9325//450 9327//452
f 9326//451 9327//452 9328//312
f 9328//312 9327//452 9329//313
f 9328//312 9329//313 9330//314
f 9330//314 9329//313 9331//315
f 9330//314 9331//315 9332//340
f 9332//340 9331//315 9333//341
f 9332//340 9333//341 9334//411
f 9334//411 9333//341 9335//412
f 9334//411 9335//412 9336//413
f 9336//413 9335//412 9337//277
f 9336//413 9337//277 9338//278
f 9338//278 9337//277 9339//279
f 9338//278 9339//279 9340//280
f 9340//280 9339//279 9341//319
f 9340//280 9341//319 9342//320
f 9342//320 9341//319 9343//191
f 9342//320 9343//191 9344//192
f 9344//192 9343//191 9345//193
f 9344//192 9345//193 9346//194
f 9346//194 9345//193 9347//414
f 9346//194 9347//414 9348//415
f 9348//415 9347//414 9349//416
f 9348//415 9349//416 9350//324
f 9350//324 9349//416 9351//325
f 9350//324 9351//325 9352//136
f 9352//136 9351//325 9353//137
f 9352//136 9353//137 9354//138
f 9354//138 9353//137 9355//139
f 9354//138 9355//139 9356//375
f 9356//375 9355//139 9357//376
f 9356//375 9357//376 9358//377
f 9358//377 9357//376 9359//291
f 9358//377 9359//291 9360//292
f 9360//292 9359//291 9361//145
f 9360//292 9361//145 9362//146
f 9362//146 9361//145 9363//147
f 9362//146 9363//147 9364//148
f 9364//148 9363//147 9365//149
f 9364//148 9365//149 9366//150
f 9366//150 9365//149 9367//151
f 9366//150 9367//151 9368//152
f 9368//152 9367//151 9369//153
f 9368//152 9369//153 9370//154
f 9370//154 9369//153 9371//155
f 9370//154 9371//155 9372//156
f 9372//156 9371//155 9373//157
f 9372//156 9373//157 9374//158
f 9374//158 9373//157 9375//159
f 9374//158 9375//159 9376//160
f 9376//160 9375//159 9377//161
f 9376//160 9377//161 9378//162
f 9378//162 9377//161 9379//163
f 9378//162 9379//163 9380//417
f 9380//417 9379//163 9381//418
f 9380//417 9381//418 9382//419
f 9382//419 9381//418 9383//305
f 9382//419 9383//305 9384//306
f 9384//306 9383//305 9385//169
f 9384//306 9385//169 9386//170
f 9386//170 9385//169 9387//171
f 9386//170 9387//171 9388//172
f 9388//172 9387//171 9389//173
f 9388//172 9389//173 9390//174
f 9390//174 9389//173 9391//175
f 9390//174 9391//175 9392//176
f 9392//176 9391//175 9393//420
f 9392//176 9393//420 9394//421
f 9394//421 9393//420 9395//422
f 9394//421 9395//422 9396//340
f 9396//340 9395//422 9397//341
f 9396//340 9397//341 9398//182
f 9398//182 9397//341 9399//183
f 9398//182 9399//183 9400//184
f 9400//184 9399//183 9401//185
f 9400//184 9401//185 9402//381
f 9402//381 9401//185 9403//382
f 9402//381 9403//382 9404//383
f 9404//383 9403//382 9405//319
f 9404//383 9405//319 9406//320
f 9406//320 9405//319 9407//191
f 9406//320 9407//191 9408//192
f 9408//192 9407//191 9409//193
f 9408//192 9409//193 9410//194
f 9410//194 9409//193 9411//195
f 9410//194 9411//195 9412//196
f 9412//196 9411//195 9413//197
f 9412//196 9413//197 9414//198
f 9414//198 9413//197 9415//199
f 9414//198 9415//199 9416//200
f 9416//200 9415//199 9417//201
f 9416//200 9417//201 9418//202
f 9418//202 9417//201 9419//203
f 9418//202 9419//203 9420//140
f 9420//140 9419//203 9421//141
f 9420//140 9421//141 9422//204
f 9422//204 9421//141 9423//205
f 9422//204 9423//205 9424//206
f 9424//206 9423//205 9425//207
f 9424//206 9425//207 9426//423
f 9426//423 9425//207 9427//424
f 9426//423 9427//424 9428//425
f 9428//425 9427//424 9429//149
f 9428//425 9429//149 9430//150
f 9430//150 9429//149 9431//151
f 9430//150 9431//151 9432//152
f 9432//152 9431//151 9433//153
f 9432//152 9433//153 9434//154
f 9434//154 9433//153 9435//213
f 9434//154 9435//213 9436//214
f 9436//214 9435//213 9437//215
f 9436//214 9437//215 9438//216
f 9438//216 9437//215 9439//426
f 9438//216 9439//426 9440//427
f 9440//427 9439//426 9441//428
f 9440//427 9441//428 9442//162
f 9442//162 9441//428 9443//163
f 9442//162 9443//163 9444//164
f 9444//164 9443//163 9445//165
f 9444//164 9445//165 9446//222
f 9446//222 9445//165 9447//223
f 9446//222 9447//223 9448//387
f 9448//387 9447//223 9449//388
f 9448//387 9449//388 9450//389
f 9450//389 9449//388 9451//171
f 9450//389 9451//171 9452//172
f 9452//172 9451//171 9453//173
f 9452//172 9453//173 9454//174
f 9454//174 9453//173 9455//175
f 9454//174 9455//175 9456//176
f 9456//176 9455//175 9457//177
f 9456//176 9457//177 9458//178
f 9458//178 9457//177 9459//229
f 9458//178 9459//229 9460//230
f 9460//230 9459//229 9461//390
f 9460//230 9461//390 9462//391
f 9462//391 9461//390 9463//392
f 9462//391 9463//392 9464//184
f 9464//184 9463//392 9465//185
f 9464//184 9465//185 9466//186
f 9466//186 9465//185 9467//187
f 9466//186 9467//187 9468//236
f 9468//236 9467//187 9469//237
f 9468//236 9469//237 9470//238
f 9470//238 9469//237 9471//239
f 9470//238 9471//239 9472//429
f 9472//429 9471//239 9473//430
f 9472//429 9473//430 9474//431
f 9474//431 9473//430 9475//195
f 9474//431 9475//195 9476//196
f 9476//196 9475//195 9477//197
f 9476//196 9477//197 9478//198
f 9478//198 9477//197 9479//199
f 9478//198 9479//199 9480//200
f 9480//200 9479//199 9481//245
f 9480//200 9481//245 9482//246
f 9482//246 9481//245 9483//247
f 9482//246 9483//247 9484//248
f 9484//248 9483//247 9485//432
f 9484//248 9485//432 9486//433
f 9486//433 9485//432 9487//434
f 9486//433 9487//434 9488//206
f 9488//206 9487//434 9489//207
f 9488//206 9489//207 9490//208
f 9490//208 9489//207 9491//209
f 9490//208 9491//209 9492//254
f 9492//254 9491//209 9493//255
f 9492//254 9493//255 9494//393
f 9494//393 9493//255 9495//394
f 9494//393 9495//394 9496//395
f 9496//395 9495//394 9497//153
f 9496//395 9497//153 9498//154
f 9498//154 9497//153 9499//213
f 9498//154 9499//213 9500//214
f 9500//214 9499//213 9501//215
f 9500//214 9501//215 9502//216
f 9502//216 9501//215 9503//217
f 9502//216 9503//217 9504//218
f 9504//218 9503//217 9505//261
f 9504//218 9505//261 9506//262
f 9506//262 9505//261 9507//396
f 9506//262 9507//396 9508//397
f 9508//397 9507//396 9509//398
f 9508//397 9509//398 9510//222
f 9510//222 9509//398 9511//223
f 9510//222 9511//223 9512//224
f 9512//224 9511//223 9513//225
f 9512//224 9513//225 9514//268
f 9514//268 9513//225 9515//269
f 9514//268 9515//269 9516//270
f 9516//270 9515//269 9517//271
f 9516//270 9517//271 9518//272
f 9518//272 9517//271 9519//273
f 9518//272 9519//273 9520//274
f 9520//274 9519//273 9521//177
f 9520//274 9521//177 9522//178
f 9522//178 9521//177 9523//229
f 9522//178 9523//229 9524//230
f 9524//230 9523//229 9525//231
f 9524//230 9525//231 9526//232
f 9526//232 9525//231 9527//275
f 9526//232 9527//275 9528//276
f 9528//276 9527//275 9529//277
f 9528//276 9529//277 9530//278
f 9530//278 9529//277 9531//435
f 9530//278 9531//435 9532//436
f 9532//436 9531//435 9533//437
f 9532//436 9533//437 9534//238
f 9534//238 9533//437 9535//239
f 9534//238 9535//239 9536//240
f 9536//240 9535//239 9537//241
f 9536//240 9537//241 9538//284
f 9538//284 9537//241 9539//285
f 9538//284 9539//285 9540//438
f 9540//438 9539//285 9541//439
f 9540//438 9541//439 9542//440
f 9542//440 9541//439 9543//199
f 9542//440 9543//199 9544//200
f 9544//200 9543//199 9545//245
f 9544//200 9545//245 9546//246
f 9546//246 9545//245 9547//247
f 9546//246 9547//247 9548//248
f 9548//248 9547//247 9549//249
f 9548//248 9549//249 9550//250
f 9550//250 9549//249 9551//291
f 9550//250 9551//291 9552//292
f 9552//292 9551//291 9553//399
f 9552//292 9553//399 9554//400
f 9554//400 9553//399 9555//401
f 9554//400 9555//401 9556//254
f 9556//254 9555//401 9557//255
f 9556//254 9557//255 9558//256
f 9558//256 9557//255 9559//257
f 9558//256 9559//257 9560//296
f 9560//296 9559//257 9561//297
f 9560//296 9561//297 9562//298
f 9562//298 9561//297 9563//299
f 9562//298 9563//299 9564//300
f 9564//300 9563//299 9565//301
f 9564//300 9565//301 9566//302
f 9566//302 9565//301 9567//217
f 9566//302 9567//217 9568//218
f 9568//218 9567//217 9569//261
f 9568//218 9569//261 9570//262
f 9570//262 9569//261 9571//263
f 9570//262 9571//263 9572//264
f 9572//264 9571//263 9573//303
f 9572//264 9573//303 9574//304
f 9574//304 9573//303 9575//305
f 9574//304 9575//305 9576//306
f 9576//306 9575//305 9577//441
f 9576//306 9577//441 9578//442
f 9578//442 9577//441 9579//443
f 9578//442 9579//443 9580//270
f 9580//270 9579//443 9581//271
f 9580//270 9581//271 9582//310
f 9582//310 9581//271 9583//311
f 9582//310 9583//311 9584//312
f 9584//312 9583//311 9585//313
f 9584//312 9585//313 9586//444
f 9586//444 9585//313 9587//445
f 9586//444 9587//445 9588//446
f 9588//446 9587//445 9589//231
f 9588//446 9589//231 9590//232
f 9590//232 9589//231 9591//275
f 9590//232 9591//275 9592//276
f 9592//276 9591//275 9593//277
f 9592//276 9593//277 9594//278
f 9594//278 9593//277 9595//279
f 9594//278 9595//279 9596//280
f 9596//280 9595//279 9597//319
f 9596//280 9597//319 9598//320
f 9598//320 9597//319 9599//405
f 9598//320 9599//405 9600//406
f 9600//406 9599//405 9601//407
f 9600//406 9601//407 9602//284
f 9602//284 9601//407 9603//285
f 9602//284 9603//285 9604//286
f 9604//286 9603//285 9605//287
f 9604//286 9605//287 9606//324
f 9606//324 9605//287 9607//325
f 9606//324 9607//325 9608//136
f 9608//136 9607//325 9609//137
f 9608//136 9609//137 9610//326
f 9610//326 9609//137 9611//327
f 9610//326 9611//327 9612//328
f 9612//328 9611//327 9613//249
f 9612//328 9613//249 9614//250
f 9614//250 9613//249 9615//291
f 9614//250 9615//291 9616//292
f 9616//292 9615//291 9617//145
f 9616//292 9617//145 9618//146
f 9618//146 9617//145 9619//147
f 9618//146 9619//147 9620//148
f 9620//148 9619//147 9621//149
f 9620//148 9621//149 9622//150
f 9622//150 9621//149 9623//329
f 9622//150 9623//329 9624//330
f 9624//330 9623//329 9625//331
f 9624//330 9625//331 9626//298
f 9626//298 9625//331 9627//299
f 9626//298 9627//299 9628//332
f 9628//332 9627//299 9629//333
f 9628//332 9629//333 9630//158
f 9630//158 9629//333 9631//159
f 9630//158 9631//159 9632//447
f 9632//447 9631//159 9633//448
f 9632//447 9633//448 9634//449
f 9634//449 9633//448 9635//263
f 9634//449 9635//263 9636//264
f 9636//264 9635//263 9637//303
f 9636//264 9637//303 9638//304
f 9638//304 9637//303 9639//305
f 9638//304 9639//305 9640//306
f 9640//306 9639//305 9641//169
f 9640//306 9641//169 9642//170
f 9642//170 9641//169 9643//171
f 9642//170 9643//171 9644//172
f 9644//172 9643//171 9645//450
f 9644//172 9645//450 9646//451
f 9646//451 9645//450 9647//452
f 9646//451 9647//452 9648//312
f 9648//312 9647//452 9649//313
f 9648//312 9649//313 9650//314
f 9650//314 9649//313 9651//315
f 9650//314 9651//315 9652//340
f 9652//340 9651//315 9653//341
f 9652//340 9653//341 9654//411
f 9654//411 9653//341 9655//412
f 9654//411 9655//412 9656//413
f 9656//413 9655//412 9657//277
f 9656//413 9657//277 9658//278
f 9658//278 9657//277 9659//279
f 9658//278 9659//279 9660//280
f 9660//280 9659//279 9661//319
f 9660//280 9661//319 9662//320
f 9662//320 9661//319 9663//191
f 9662//320 9663//191 9664//192
f 9664//192 9663//191 9665//193
f 9664//192 9665//193 9666//194
f 9666//194 9665//193 9667//195
f 9666//194 9667//195 9668//196
f 9668//196 9667//195 9669//133
f 9668//196 9669//133 9670//134
f 9670//134 9669//133 9671//135
f 9670//134 9671//135 9672//136
f 9672//136 9671//135 9673//137
f 9672//136 9673//137 9674//138
f 9674//138 9673//137 9675//139
f 9674//138 9675//139 9676//140
f 9676//140 9675//139 9677//141
f 9676//140 9677//141 9678//142
f 9678//142 9677//141 9679//143
f 9678//142 9679//143 9680//144
f 9680//144 9679//143 9681//145
f 9680//144 9681//145 9682//146
f 9682//146 9681//145 9683//147
f 9682//146 9683//147 9684//148
f 9684//148 9683//147 9685//149
f 9684//148 9685//149 9686//150
f 9686//150 9685//149 9687//151
f 9686//150 9687//151 9688//152
f 9688//152 9687//151 9689//153
f 9688//152 9689//153 9690//154
f 9690//154 9689//153 9691//155
f 9690//154 9691//155 9692//156
f 9692//156 9691//155 9693//157
f 9692//156 9693//157 9694//158
f 9694//158 9693//157 9695//159
f 9694//158 9695//159 9696//160
f 9696//160 9695//159 9697//161
f 9696//160 9697//161 9698//162
f 9698//162 9697//161 9699//163
f 9698//162 9699//163 9700//417
f 9700//417 9699//163 9701//418
f 9700//417 9701//418 9702//419
f 9702//419 9701//418 9703//305
f 9702//419 9703//305 9704//306
f 9704//306 9703//305 9705//169
f 9704//306 9705//169 9706//170
f 9706//170 9705//169 9707//171
f 9706//170 9707//171 9708//172
f 9708//172 9707//171 9709//173
f 9708//172 9709//173 9710//174
f 9710//174 9709//173 9711//175
f 9710//174 9711//175 9712//176
f 9712//176 9711//175 9713//177
f 9712//176 9713//177 9714//178
f 9714//178 9713//177 9715//179
f 9714//178 9715//179 9716//180
f 9716//180 9715//179 9717//181
f 9716//180 9717//181 9718//182
f 9718//182 9717//181 9719//183
f 9718//182 9719//183 9720//184
f 9720//184 9719//183 9721//185
f 9720//184 9721//185 9722//186
f 9722//186 9721//185 9723//187
f 9722//186 9723//187 9724//188
f 9724//188 9723//187 9725//189
f 9724//188 9725//189 9726//190
f 9726//190 9725//189 9727//191
f 9726//190 9727//191 9728//192
f 9728//192 9727//191 9729//193
f 9728//192 9729//193 9730//194
f 9730//194 9729//193 9731//195
f 9730//194 9731//195 9732//196
f 9732//196 9731//195 9733//197
f 9732//196 9733//197 9734//198
f 9734//198 9733//197 9735//199
f 9734//198 9735//199 9736//200
f 9736//200 9735//199 9737//201
f 9736//200 9737//201 9738//202
f 9738//202 9737//201 9739//203
f 9738//202 9739//203 9740//140
f 9740//140 9739//203 9741//141
f 9740//140 9741//141 9742//204
f 9742//204 9741//141 9743//205
f 9742//204 9743//205 9744//206
f 9744//206 9743//205 9745//207
f 9744//206 9745//207 9746//423
f 9746//423 9745//207 9747//424
f 9746//423 9747//424 9748//425
f 9748//425 9747//424 9749//149
f 9748//425 9749//149 9750//150
f 9750//150 9749//149 9751//151
f 9750//150 9751//151 9752//152
f 9752//152 9751//151 9753//153
f 9752//152 9753//153 9754//154
f 9754//154 9753//153 9755//213
f 9754//154 9755//213 9756//214
f 9756//214 9755//213 9757//215
f 9756//214 9757//215 9758//216
f 9758//216 9757//215 9759//426
f 9758//216 9759//426 9760//427
f 9760//427 9759//426 9761//428
f 9760//427 9761//428 9762//162
f 9762//162 9761//428 9763//163
f 9762//162 9763//163 9764//164
f 9764//164 9763//163 9765//165
f 9764//164 9765//165 9766//222
f 9766//222 9765//165 9767//223
f 9766//222 9767//223 9768//224
f 9768//224 9767//223 9769//225
f 9768//224 9769//225 9770//226
f 9770//226 9769//225 9771//227
f 9770//226 9771//227 9772//228
f 9772//228 9771//227 9773//173
f 9772//228 9773//173 9774//174
f 9774//174 9773//173 9775//175
f 9774//174 9775//175 9776//176
f 9776//176 9775//175 9777//177
f 9776//176 9777//177 9778//178
f 9778//178 9777//177 9779//229
f 9778//178 9779//229 9780//230
f 9780//230 9779//229 9781//231
f 9780//230 9781//231 9782//232
f 9782//232 9781//231 9783//233
f 9782//232 9783//233 9784//234
f 9784//234 9783//233 9785//235
f 9784//234 9785//235 9786//186
f 9786//186 9785//235 9787//187
f 9786//186 9787//187 9788//236
f 9788//236 9787//187 9789//237
f 9788//236 9789//237 9790//238
f 9790//238 9789//237 9791//239
f 9790//238 9791//239 9792//429
f 9792//429 9791//239 9793//430
f 9792//429 9793//430 9794//431
f 9794//431 9793//430 9795//195
f 9794//431 9795//195 9796//196
f 9796//196 9795//195 9797//197
f 9796//196 9797//197 9798//198
f 9798//198 9797//197 9799//199
f 9798//198 9799//199 9800//200
f 9800//200 9799//199 9801//245
f 9800//200 9801//245 9802//246
f 9802//246 9801//245 9803//247
f 9802//246 9803//247 9804//248
f 9804//248 9803//247 9805//432
f 9804//248 9805//432 9806//433
f 9806//433 9805//432 9807//434
f 9806//433 9807//434 9808//206
f 9808//206 9807//434 9809//207
f 9808//206 9809//207 9810//208
f 9810//208 9809//207 9811//209
f 9810//208 9811//209 9812//254
f 9812//254 9811//209 9813//255
f 9812//254 9813//255 9814//256
f 9814//256 9813//255 9815//257
f 9814//256 9815//257 9816//258
f 9816//258 9815//257 9817//259
f 9816//258 9817//259 9818//260
f 9818//260 9817//259 9819//213
f 9818//260 9819//213 9820//214
f 9820//214 9819//213 9821//215
f 9820//214 9821//215 9822//216
f 9822//216 9821//215 9823//217
f 9822//216 9823//217 9824//218
f 9824//218 9823//217 9825//261
f 9824//218 9825//261 9826//262
f 9826//262 9825//261 9827//263
f 9826//262 9827//263 9828//264
f 9828//264 9827//263 9829//265
f 9828//264 9829//265 9830//266
f 9830//266 9829//265 9831//267
f 9830//266 9831//267 9832//224
f 9832//224 9831//267 9833//225
f 9832//224 9833//225 9834//268
f 9834//268 9833//225 9835//269
f 9834//268 9835//269 9836//270
f 9836//270 9835//269 9837//271
f 9836//270 9837//271 9838//272
f 9838//272 9837//271 9839//273
f 9838//272 9839//273 9840//274
f 9840//274 9839//273 9841//177
f 9840//274 9841//177 9842//178
f 9842//178 9841//177 9843//229
f 9842//178 9843//229 9844//230
f 9844//230 9843//229 9845//231
f 9844//230 9845//231 9846//232
f 9846//232 9845//231 9847//275
f 9846//232 9847//275 9848//276
f 9848//276 9847//275 9849//277
f 9848//276 9849//277 9850//278
f 9850//278 9849//277 9851//435
f 9850//278 9851//435 9852//436
f 9852//436 9851//435 9853//437
f 9852//436 9853//437 9854//238
f 9854//238 9853//437 9855//239
f 9854//238 9855//239 9856//240
f 9856//240 9855//239 9857//241
f 9856//240 9857//241 9858//284
f 9858//284 9857//241 9859//285
f 9858//284 9859//285 9860//286
f 9860//286 9859//285 9861//287
f 9860//286 9861//287 9862//288
f 9862//288 9861//287 9863//289
f 9862//288 9863//289 9864//290
f 9864//290 9863//289 9865//245
f 9864//290 9865//245 9866//246
f 9866//246 9865//245 9867//247
f 9866//246 9867//247 9868//248
f 9868//248 9867//247 9869//249
f 9868//248 9869//249 9870//250
f 9870//250 9869//249 9871//291
f 9870//250 9871//291 9872//292
f 9872//292 9871//291 9873//145
f 9872//292 9873//145 9874//146
f 9874//146 9873//145 9875//293
f 9874//146 9875//293 9876//294
f 9876//294 9875//293 9877//295
f 9876//294 9877//295 9878//256
f 9878//256 9877//295 9879//257
f 9878//256 9879//257 9880//296
f 9880//296 9879//257 9881//297
f 9880//296 9881//297 9882//298
f 9882//298 9881//297 9883//299
f 9882//298 9883//299 9884//300
f 9884//300 9883//299 9885//301
f 9884//300 9885//301 9886//302
f 9886//302 9885//301 9887//217
f 9886//302 9887//217 9888//218
f 9888//218 9887//217 9889//261
f 9888//218 9889//261 9890//262
f 9890//262 9889//261 9891//263
f 9890//262 9891//263 9892//264
f 9892//264 9891//263 9893//303
f 9892//264 9893//303 9894//304
f 9894//304 9893//303 9895//305
f 9894//304 9895//305 9896//306
f 9896//306 9895//305 9897//441
f 9896//306 9897//441 9898//442
f 9898//442 9897//441 9899//443
f 9898//442 9899//443 9900//270
f 9900//270 9899//443 9901//271
f 9900//270 9901//271 9902//310
f 9902//310 9901//271 9903//311
f 9902//310 9903//311 9904//312
f 9904//312 9903//311 9905//313
f 9904//312 9905//313 9906//314
f 9906//314 9905//313 9907//315
f 9906//314 9907//315 9908//316
f 9908//316 9907//315 9909//317
f 9908//316 9909//317 9910//318
f 9910//318 9909//317 9911//275
f 9910//318 9911//275 9912//276
f 9912//276 9911//275 9913//277
f 9912//276 9913//277 9914//278
f 9914//278 9913//277 9915//279
f 9914//278 9915//279 9916//280
f 9916//280 9915//279 9917//319
f 9916//280 9917//319 9918//320
f 9918//320 9917//319 9919//191
f 9918//320 9919//191 9920//192
f 9920//192 9919//191 9921//321
f 9920//192 9921//321 9922//322
f 9922//322 9921//321 9923//323
f 9922//322 9923//323 9924//286
f 9924//286 9923//323 9925//287
f 9924//286 9925//287 9926//324
f 9926//324 9925//287 9927//325
f 9926//324 9927//325 9928//136
f 9928//136 9927//325 9929//137
f 9928//136 9929//137 9930//326
f 9930//326 9929//137 9931//327
f 9930//326 9931//327 9932//328
f 9932//328 9931//327 9933//249
f 9932//328 9933//249 9934//250
f 9934//250 9933//249 9935//291
f 9934//250 9935//291 9936//292
f 9936//292 9935//291 9937//145
f 9936//292 9937//145 9938//146
f 9938//146 9937//145 9939//147
f 9938//146 9939//147 9940//148
f 9940//148 9939//147 9941//149
f 9940//148 9941//149 9942//150
f 9942//150 9941//149 9943//329
f 9942//150 9943//329 9944//330
f 9944//330 9943//329 9945//331
f 9944//330 9945//331 9946//298
f 9946//298 9945//331 9947//299
f 9946//298 9947//299 9948//332
f 9948//332 9947//299 9949//333
f 9948//332 9949//333 9950//158
f 9950//158 9949//333 9951//159
f 9950//158 9951//159 9952//447
f 9952//447 9951//159 9953//448
f 9952//447 9953//448 9954//449
f 9954//449 9953//448 9955//263
f 9954//449 9955//263 9956//264
f 9956//264 9955//263 9957//303
f 9956//264 9957//303 9958//304
f 9958//304 9957//303 9959//305
f 9958//304 9959//305 9960//306
f 9960//306 9959//305 9961//169
f 9960//306 9961//169 9962//170
f 9962//170 9961//169 9963//171
f 9962//170 9963//171 9964//172
f 9964//172 9963//171 9965//173
f 9964//172 9965//173 9966//174
f 9966//174 9965//173 9967//337
f 9966//174 9967//337 9968//338
f 9968//338 9967//337 9969//339
f 9968//338 9969//339 9970//314
f 9970//314 9969//339 9971//315
f 9970//314 9971//315 9972//340
f 9972//340 9971//315 9973//341
f 9972//340 9973//341 9974//182
f 9974//182 9973//341 9975//183
f 9974//182 9975//183 9976//342
f 9976//342 9975//183 9977//343
f 9976//342 9977//343 9978//344
f 9978//344 9977//343 9979//279
f 9978//344 9979//279 9980//280
f 9980//280 9979//279 9981//319
f 9980//280 9981//319 9982//320
f 9982//320 9981//319 9983//191
f 9982//320 9983//191 9984//192
f 9984//192 9983//191 9985//193
f 9984//192 9985//193 9986//194
f 9986//194 9985//193 9987//195
f 9986//194 9987//195 9988//196
f 9988//196 9987//195 9989//133
f 9988//196 9989//133 9990//134
f 9990//134 9989//133 9991//135
f 9990//134 9991//135 9992//136
f 9992//136 9991//135 9993//137
f 9992//136 9993//137 9994//138
f 9994//138 9993//137 9995//139
f 9994//138 9995//139 9996//140
f 9996//140 9995//139 9997//141
f 9996//140 9997//141 9998//142
f 9998//142 9997//141 9999//143
f 9998//142 9999//143 10000//144
f 10000//144 9999//143 10001//145
f 10000//144 10001//145 10002//146
f 10002//146 10001//145 10003//147
f 10002//146 10003//147 10004//148
f 10004//148 10003//147 10005//149
f 10004//148 10005//149 10006//150
f 10006//150 10005//149 10007//151
f 10006//150 10007//151 10008//152
f 10008//152 10007//151 10009//153
f 10008//152 10009//153 10010//154
f 10010//154 10009//153 10011//213
f 10010//154 10011//213 10012//214
f 10012//214 10011//213 10013//348
f 10012//214 10013//348 10014//349
f 10014//349 10013//348 10015//350
f 10014//349 10015//350 10016//160
f 10016//160 10015//350 10017//161
f 10016//160 10017//161 10018//162
f 10018//162 10017//161 10019//163
f 10018//162 10019//163 10020//164
f 10020//164 10019//163 10021//165
f 10020//164 10021//165 10022//166
f 10022//166 10021//165 10023//167
f 10022//166 10023//167 10024//168
f 10024//168 10023//167 10025//169
f 10024//168 10025//169 10026//170
f 10026//170 10025//169 10027//171
f 10026//170 10027//171 10028//172
f 10028//172 10027//171 10029//173
f 10028//172 10029//173 10030//174
f 10030//174 10029//173 10031//175
f 10030//174 10031//175 10032//176
f 10032//176 10031//175 10033//177
f 10032//176 10033//177 10034//178
f 10034//178 10033//177 10035//179
f 10034//178 10035//179 10036//180
f 10036//180 10035//179 10037//181
f 10036//180 10037//181 10038//182
f 10038//182 10037//181 10039//183
f 10038//182 10039//183 10040//184
f 10040//184 10039//183 10041//185
f 10040//184 10041//185 10042//186
f 10042//186 10041//185 10043//187
f 10042//186 10043//187 10044//188
f 10044//188 10043//187 10045//189
f 10044//188 10045//189 10046//190
f 10046//190 10045//189 10047//191
f 10046//190 10047//191 10048//192
f 10048//192 10047//191 10049//193
f 10048//192 10049//193 10050//194
f 10050//194 10049//193 10051//195
f 10050//194 10051//195 10052//196
f 10052//196 10051//195 10053//197
f 10052//196 10053//197 10054//198
f 10054//198 10053//197 10055//199
f 10054//198 10055//199 10056//200
f 10056//200 10055//199 10057//201
f 10056//200 10057//201 10058//202
f 10058//202 10057//201 10059//203
f 10058//202 10059//203 10060//140
f 10060//140 10059//203 10061//141
f 10060//140 10061//141 10062//204
f 10062//204 10061//141 10063//205
f 10062//204 10063//205 10064//206
f 10064//206 10063//205 10065//207
f 10064//206 10065//207 10066//208
f 10066//208 10065//207 10067//209
f 10066//208 10067//209 10068//210
f 10068//210 10067//209 10069//211
f 10068//210 10069//211 10070//212
f 10070//212 10069//211 10071//151
f 10070//212 10071//151 10072//152
f 10072//152 10071//151 10073//153
f 10072//152 10073//153 10074//154
f 10074//154 10073//153 10075//213
f 10074//154 10075//213 10076//214
f 10076//214 10075//213 10077//215
f 10076//214 10077//215 10078//216
f 10078//216 10077//215 10079//217
f 10078//216 10079//217 10080//218
f 10080//218 10079//217 10081//219
f 10080//218 10081//219 10082//220
f 10082//220 10081//219 10083//221
f 10082//220 10083//221 10084//164
f 10084//164 10083//221 10085//165
f 10084//164 10085//165 10086//222
f 10086//222 10085//165 10087//223
f 10086//222 10087//223 10088//224
f 10088//224 10087//223 10089//225
f 10088//224 10089//225 10090//226
f 10090//226 10089//225 10091//227
f 10090//226 10091//227 10092//228
f 10092//228 10091//227 10093//173
f 10092//228 10093//173 10094//174
f 10094//174 10093//173 10095//175
f 10094//174 10095//175 10096//176
f 10096//176 10095//175 10097//177
f 10096//176 10097//177 10098//178
f 10098//178 10097//177 10099//229
f 10098//178 10099//229 10100//230
f 10100//230 10099//229 10101//231
f 10100//230 10101//231 10102//232
f 10102//232 10101//231 10103//233
f 10102//232 10103//233 10104//234
f 10104//234 10103//233 10105//235
f 10104//234 10105//235 10106//186
f 10106//186 10105//235 10107//187
f 10106//186 10107//187 10108//236
f 10108//236 10107//187 10109//237
f 10108//236 10109//237 10110//238
f 10110//238 10109//237 10111//239
f 10110//238 10111//239 10112//240
f 10112//240 10111//239 10113//241
f 10112//240 10113//241 10114//242
f 10114//242 10113//241 10115//243
f 10114//242 10115//243 10116//244
f 10116//244 10115//243 10117//197
f 10116//244 10117//197 10118//198
f 10118//198 10117//197 10119//199
f 10118//198 10119//199 10120//200
f 10120//200 10119//199 10121//245
f 10120//200 10121//245 10122//246
f 10122//246 10121//245 10123//247
f 10122//246 10123//247 10124//248
f 10124//248 10123//247 10125//249
f 10124//248 10125//249 10126//250
f 10126//250 10125//249 10127//251
f 10126//250 10127//251 10128//252
f 10128//252 10127//251 10129//253
f 10128//252 10129//253 10130//208
f 10130//208 10129//253 10131//209
f 10130//208 10131//209 10132//254
f 10132//254 10131//209 10133//255
f 10132//254 10133//255 10134//256
f 10134//256 10133//255 10135//257
f 10134//256 10135//257 10136//258
f 10136//258 10135//257 10137//259
f 10136//258 10137//259 10138//260
f 10138//260 10137//259 10139//213
f 10138//260 10139//213 10140//214
f 10140//214 10139//213 10141//215
f 10140//214 10141//215 10142//216
f 10142//216 10141//215 10143//217
f 10142//216 10143//217 10144//218
f 10144//218 10143//217 10145//261
f 10144//218 10145//261 10146//262
f 10146//262 10145//261 10147//263
f 10146//262 10147//263 10148//264
f 10148//264 10147//263 10149//265
f 10148//264 10149//265 10150//266
f 10150//266 10149//265 10151//267
f 10150//266 10151//267 10152//224
f 10152//224 10151//267 10153//225
f 10152//224 10153//225 10154//268
f 10154//268 10153//225 10155//269
f 10154//268 10155//269 10156//270
f 10156//270 10155//269 10157//271
f 10156//270 10157//271 10158//310
f 10158//310 10157//271 10159//311
f 10158//310 10159//311 10160//366
f 10160//366 10159//311 10161//367
f 10160//366 10161//367 10162//368
f 10162//368 10161//367 10163//229
f 10162//368 10163//229 10164//230
f 10164//230 10163//229 10165//231
f 10164//230 10165//231 10166//232
f 10166//232 10165//231 10167//275
f 10166//232 10167//275 10168//276
f 10168//276 10167//275 10169//277
f 10168//276 10169//277 10170//278
f 10170//278 10169//277 10171//279
f 10170//278 10171//279 10172//280
f 10172//280 10171//279 10173//281
f 10172//280 10173//281 10174//282
f 10174//282 10173//281 10175//283
f 10174//282 10175//283 10176//240
f 10176//240 10175//283 10177//241
f 10176//240 10177//241 10178//284
f 10178//284 10177//241 10179//285
f 10178//284 10179//285 10180//286
f 10180//286 10179//285 10181//287
f 10180//286 10181//287 10182//288
f 10182//288 10181//287 10183//289
f 10182//288 10183//289 10184//290
f 10184//290 10183//289 10185//245
f 10184//290 10185//245 10186//246
f 10186//246 10185//245 10187//247
f 10186//246 10187//247 10188//248
f 10188//248 10187//247 10189//249
f 10188//248 10189//249 10190//250
f 10190//250 10189//249 10191//291
f 10190//250 10191//291 10192//292
f 10192//292 10191//291 10193//145
f 10192//292 10193//145 10194//146
f 10194//146 10193//145 10195//293
f 10194//146 10195//293 10196//294
f 10196//294 10195//293 10197//295
f 10196//294 10197//295 10198//256
f 10198//256 10197//295 10199//257
f 10198//256 10199//257 10200//296
f 10200//296 10199//257 10201//297
f 10200//296 10201//297 10202//298
f 10202//298 10201//297 10203//299
f 10202//298 10203//299 10204//332
f 10204//332 10203//299 10205//333
f 10204//332 10205//333 10206//372
f 10206//372 10205//333 10207//373
f 10206//372 10207//373 10208//374
f 10208//374 10207//373 10209//261
f 10208//374 10209//261 10210//262
f 10210//262 10209//261 10211//263
f 10210//262 10211//263 10212//264
f 10212//264 10211//263 10213//303
f 10212//264 10213//303 10214//304
f 10214//304 10213//303 10215//305
f 10214//304 10215//305 10216//306
f 10216//306 10215//305 10217//169
f 10216//306 10217//169 10218//170
f 10218//170 10217//169 10219//307
f 10218//170 10219//307 10220//308
f 10220//308 10219//307 10221//309
f 10220//308 10221//309 10222//310
f 10222//310 10221//309 10223//311
f 10222//310 10223//311 10224//312
f 10224//312 10223//311 10225//313
f 10224//312 10225//313 10226//314
f 10226//314 10225//313 10227//315
f 10226//314 10227//315 10228//316
f 10228//316 10227//315 10229//317
f 10228//316 10229//317 10230//318
f 10230//318 10229//317 10231//275
f 10230//318 10231//275 10232//276
f 10232//276 10231//275 10233//277
f 10232//276 10233//277 10234//278
f 10234//278 10233//277 10235//279
f 10234//278 10235//279 10236//280
f 10236//280 10235//279 10237//319
f 10236//280 10237//319 10238//320
f 10238//320 10237//319 10239//191
f 10238//320 10239//191 10240//192
f 10240//192 10239//191 10241//321
f 10240//192 10241//321 10242//322
f 10242//322 10241//321 10243//323
f 10242//322 10243//323 10244//286
f 10244//286 10243//323 10245//287
f 10244//286 10245//287 10246//324
f 10246//324 10245//287 10247//325
f 10246//324 10247//325 10248//136
f 10248//136 10247//325 10249//137
f 10248//136 10249//137 10250//326
f 10250//326 10249//137 10251//327
f 10250//326 10251//327 10252//328
f 10252//328 10251//327 10253//249
f 10252//328 10253//249 10254//250
f 10254//250 10253//249 10255//291
f 10254//250 10255//291 10256//292
f 10256//292 10255//291 10257//145
f 10256//292 10257//145 10258//146
f 10258//146 10257//145 10259//147
f 10258//146 10259//147 10260//148
f 10260//148 10259//147 10261//149
f 10260//148 10261//149 10262//150
f 10262//150 10261//149 10263//151
f 10262//150 10263//151 10264//152
f 10264//152 10263//151 10265//378
f 10264//152 10265//378 10266//379
f 10266//379 10265//378 10267//380
f 10266//379 10267//380 10268//332
f 10268//332 10267//380 10269//333
f 10268//332 10269//333 10270//158
f 10270//158 10269//333 10271//159
f 10270//158 10271//159 10272//160
f 10272//160 10271//159 10273//161
f 10272//160 10273//161 10274//334
f 10274//334 10273//161 10275//335
f 10274//334 10275//335 10276//336
f 10276//336 10275//335 10277//303
f 10276//336 10277//303 10278//304
f 10278//304 10277//303 10279//305
f 10278//304 10279//305 10280//306
f 10280//306 10279//305 10281//169
f 10280//306 10281//169 10282//170
f 10282//170 10281//169 10283//171
f 10282//170 10283//171 10284//172
f 10284//172 10283//171 10285//173
f 10284//172 10285//173 10286//174
f 10286//174 10285//173 10287//337
f 10286//174 10287//337 10288//338
f 10288//338 10287//337 10289//339
f 10288//338 10289//339 10290//314
f 10290//314 10289//339 10291//315
f 10290//314 10291//315 10292//340
f 10292//340 10291//315 10293//341
f 10292//340 10293//341 10294//182
f 10294//182 10293//341 10295//183
f 10294//182 10295//183 10296//342
f 10296//342 10295//183 10297//343
f 10296//342 10297//343 10298//344
f 10298//344 10297//343 10299//279
f 10298//344 10299//279 10300//280
f 10300//280 10299//279 10301//319
f 10300//280 10301//319 10302//320
f 10302//320 10301//319 10303//191
f 10302//320 10303//191 10304//192
f 10304//192 10303//191 10305//193
f 10304//192 10305//193 10306//194
f 10306//194 10305//193 10307//195
f 10306//194 10307//195 10308//196
f 10308//196 10307//195 10309//197
f 10308//196 10309//197 10310//198
f 10310//198 10309//197 10311//384
f 10310//198 10311//384 10312//385
f 10312//385 10311//384 10313//386
f 10312//385 10313//386 10314//138
f 10314//138 10313//386 10315//139
f 10314//138 10315//139 10316//140
f 10316//140 10315//139 10317//141
f 10316//140 10317//141 10318//204
f 10318//204 10317//141 10319//205
f 10318//204 10319//205 10320//345
f 10320//345 10319//205 10321//346
f 10320//345 10321//346 10322//347
f 10322//347 10321//346 10323//147
f 10322//347 10323//147 10324//148
f 10324//148 10323//147 10325//149
f 10324//148 10325//149 10326//150
f 10326//150 10325//149 10327//151
f 10326//150 10327//151 10328//152
f 10328//152 10327//151 10329//153
f 10328//152 10329//153 10330//154
f 10330//154 10329//153 10331//213
f 10330//154 10331//213 10332//214
f 10332//214 10331//213 10333//348
f 10332//214 10333//348 10334//349
f 10334//349 10333//348 10335//350
f 10334//349 10335//350 10336//160
f 10336//160 10335//350 10337//161
f 10336//160 10337//161 10338//162
f 10338//162 10337//161 10339//163
f 10338//162 10339//163 10340//164
f 10340//164 10339//163 10341//165
f 10340//164 10341//165 10342//166
f 10342//166 10341//165 10343//167
f 10342//166 10343//167 10344//168
f 10344//168 10343//167 10345//169
f 10344//168 10345//169 10346//170
f 10346//170 10345//169 10347//171
f 10346//170 10347//171 10348//172
f 10348//172 10347//171 10349//173
f 10348//172 10349//173 10350//174
f 10350//174 10349//173 10351//175
f 10350//174 10351//175 10352//176
f 10352//176 10351//175 10353//177
f 10352//176 10353//177 10354//178
f 10354//178 10353//177 10355//179
f 10354//178 10355//179 10356//180
f 10356//180 10355//179 10357//181
f 10356//180 10357//181 10358//182
f 10358//182 10357//181 10359//183
f 10358//182 10359//183 10360//184
f 10360//184 10359//183 10361//185
f 10360//184 10361//185 10362//186
f 10362//186 10361//185 10363//187
f 10362//186 10363//187 10364//236
f 10364//236 10363//187 10365//237
f 10364//236 10365//237 10366//351
f 10366//351 10365//237 10367//352
f 10366//351 10367//352 10368//353
f 10368//353 10367//352 10369//193
f 10368//353 10369//193 10370//194
f 10370//194 10369//193 10371//195
f 10370//194 10371//195 10372//196
f 10372//196 10371//195 10373//197
f 10372//196 10373//197 10374//198
f 10374//198 10373//197 10375//199
f 10374//198 10375//199 10376//200
f 10376//200 10375//199 10377//245
f 10376//200 10377//245 10378//246
f 10378//246 10377//245 10379//354
f 10378//246 10379//354 10380//355
f 10380//355 10379//354 10381//356
f 10380//355 10381//356 10382//204
f 10382//204 10381//356 10383//205
f 10382//204 10383//205 10384//206
f 10384//206 10383//205 10385//207
f 10384//206 10385//207 10386//208
f 10386//208 10385//207 10387//209
f 10386//208 10387//209 10388//210
f 10388//210 10387//209 10389//211
f 10388//210 10389//211 10390//212
f 10390//212 10389//211 10391//151
f 10390//212 10391//151 10392//152
f 10392//152 10391//151 10393//153
f 10392//152 10393//153 10394//154
f 10394//154 10393//153 10395//213
f 10394//154 10395//213 10396//214
f 10396//214 10395//213 10397//215
f 10396//214 10397//215 10398//216
f 10398//216 10397//215 10399//217
f 10398//216 10399//217 10400//218
f 10400//218 10399//217 10401//219
f 10400//218 10401//219 10402//220
f 10402//220 10401//219 10403//221
f 10402//220 10403//221 10404//164
f 10404//164 10403//221 10405//165
f 10404//164 10405//165 10406//222
f 10406//222 10405//165 10407//223
f 10406//222 10407//223 10408//224
f 10408//224 10407//223 10409//225
f 10408//224 10409//225 10410//268
f 10410//268 10409//225 10411//269
f 10410//268 10411//269 10412//357
f 10412//357 10411//269 10413//358
f 10412//357 10413//358 10414//359
f 10414//359 10413//358 10415//175
f 10414//359 10415//175 10416//176
f 10416//176 10415//175 10417//177
f 10416//176 10417//177 10418//178
f 10418//178 10417//177 10419//229
f 10418//178 10419//229 10420//230
f 10420//230 10419//229 10421//231
f 10420//230 10421//231 10422//232
f 10422//232 10421//231 10423//275
f 10422//232 10423//275 10424//276
f 10424//276 10423//275 10425//360
f 10424//276 10425//360 10426//361
f 10426//361 10425//360 10427//362
f 10426//361 10427//362 10428//236
f 10428//236 10427//362 10429//237
f 10428//236 10429//237 10430//238
f 10430//238 10429//237 10431//239
f 10430//238 10431//239 10432//240
f 10432//240 10431//239 10433//241
f 10432//240 10433//241 10434//242
f 10434//242 10433//241 10435//243
f 10434//242 10435//243 10436//244
f 10436//244 10435//243 10437//197
f 10436//244 10437//197 10438//198
f 10438//198 10437//197 10439//199
f 10438//198 10439//199 10440//200
f 10440//200 10439//199 10441//245
f 10440//200 10441//245 10442//246
f 10442//246 10441//245 10443//247
f 10442//246 10443//247 10444//248
f 10444//248 10443//247 10445//249
f 10444//248 10445//249 10446//250
f 10446//250 10445//249 10447//251
f 10446//250 10447//251 10448//252
f 10448//252 10447//251 10449//253
f 10448//252 10449//253 10450//208
f 10450//208 10449//253 10451//209
f 10450//208 10451//209 10452//254
f 10452//254 10451//209 10453//255
f 10452//254 10453//255 10454//256
f 10454//256 10453//255 10455//257
f 10454//256 10455//257 10456//296
f 10456//296 10455//257 10457//297
f 10456//296 10457//297 10458//402
f 10458//402 10457//297 10459//403
f 10458//402 10459//403 10460//404
f 10460//404 10459//403 10461//215
f 10460//404 10461//215 10462//216
f 10462//216 10461//215 10463//217
f 10462//216 10463//217 10464//218
f 10464//218 10463//217 10465//261
f 10464//218 10465//261 10466//262
f 10466//262 10465//261 10467//263
f 10466//262 10467//263 10468//264
f 10468//264 10467//263 10469//303
f 10468//264 10469//303 10470//304
f 10470//304 10469//303 10471//363
f 10470//304 10471//363 10472//364
f 10472//364 10471//363 10473//365
f 10472//364 10473//365 10474//268
f 10474//268 10473//365 10475//269
f 10474//268 10475//269 10476//270
f 10476//270 10475//269 10477//271
f 10476//270 10477//271 10478//310
f 10478//310 10477//271 10479//311
f 10478//310 10479//311 10480//366
f 10480//366 10479//311 10481//367
f 10480//366 10481//367 10482//368
f 10482//368 10481//367 10483//229
f 10482//368 10483//229 10484//230
f 10484//230 10483//229 10485//231
f 10484//230 10485//231 10486//232
f 10486//232 10485//231 10487//275
f 10486//232 10487//275 10488//276
f 10488//276 10487//275 10489//277
f 10488//276 10489//277 10490//278
f 10490//278 10489//277 10491//279
f 10490//278 10491//279 10492//280
f 10492//280 10491//279 10493//281
f 10492//280 10493//281 10494//282
f 10494//282 10493//281 10495//283
f 10494//282 10495//283 10496//240
f 10496//240 10495//283 10497//241
f 10496//240 10497//241 10498//284
f 10498//284 10497//241 10499//285
f 10498//284 10499//285 10500//286
f 10500//286 10499//285 10501//287
f 10500//286 10501//287 10502//324
f 10502//324 10501//287 10503//325
f 10502//324 10503//325 10504//408
f 10504//408 10503//325 10505//409
f 10504//408 10505//409 10506//410
f 10506//410 10505//409 10507//247
f 10506//410 10507//247 10508//248
f 10508//248 10507//247 10509//249
f 10508//248 10509//249 10510//250
f 10510//250 10509//249 10511//291
f 10510//250 10511//291 10512//292
f 10512//292 10511//291 10513//145
f 10512//292 10513//145 10514//146
f 10514//146 10513//145 10515//147
f 10514//146 10515//147 10516//148
f 10516//148 10515//147 10517//369
f 10516//148 10517//369 10518//370
f 10518//370 10517//369 10519//371
f 10518//370 10519//371 10520//296
f 10520//296 10519//371 10521//297
f 10520//296 10521//297 10522//298
f 10522//298 10521//297 10523//299
f 10522//298 10523//299 10524//332
f 10524//332 10523//299 10525//333
f 10524//332 10525//333 10526//372
f 10526//372 10525//333 10527//373
f 10526//372 10527//373 10528//374
f 10528//374 10527//373 10529//261
f 10528//374 10529//261 10530//262
f 10530//262 10529//261 10531//263
f 10530//262 10531//263 10532//264
f 10532//264 10531//263 10533//303
f 10532//264 10533//303 10534//304
f 10534//304 10533//303 10535//305
f 10534//304 10535//305 10536//306
f 10536//306 10535//305 10537//169
f 10536//306 10537//169 10538//170
f 10538//170 10537//169 10539//307
f 10538//170 10539//307 10540//308
f 10540//308 10539//307 10541//309
f 10540//308 10541//309 10542//310
f 10542//310 10541//309 10543//311
f 10542//310 10543//311 10544//312
f 10544//312 10543//311 10545//313
f 10544//312 10545//313 10546//314
f 10546//314 10545//313 10547//315
f 10546//314 10547//315 10548//316
f 10548//316 10547//315 10549//317
f 10548//316 10549//317 10550//318
f 10550//318 10549//317 10551//275
f 10550//318 10551//275 10552//276
f 10552//276 10551//275 10553//277
f 10552//276 10553//277 10554//278
f 10554//278 10553//277 10555//279
f 10554//278 10555//279 10556//280
f 10556//280 10555//279 10557//319
f 10556//280 10557//319 10558//320
f 10558//320 10557//319 10559//191
f 10558//320 10559//191 10560//192
f 10560//192 10559//191 10561//193
f 10560//192 10561//193 10562//194
f 10562//194 10561//193 10563//414
f 10562//194 10563//414 10564//415
f 10564//415 10563//414 10565//416
f 10564//415 10565//416 10566//324
f 10566//324 10565//416 10567//325
f 10566//324 10567//325 10568//136
f 10568//136 10567//325 10569//137
f 10568//136 10569//137 10570//138
f 10570//138 10569//137 10571//139
f 10570//138 10571//139 10572//375
f 10572//375 10571//139 10573//376
f 10572//375 10573//376 10574//377
f 10574//377 10573//376 10575//291
f 10574//377 10575//291 10576//292
f 10576//292 10575//291 10577//145
f 10576//292 10577//145 10578//146
f 10578//146 10577//145 10579//147
f 10578//146 10579//147 10580//148
f 10580//148 10579//147 10581//149
f 10580//148 10581//149 10582//150
f 10582//150 10581//149 10583//151
f 10582//150 10583//151 10584//152
f 10584//152 10583//151 10585//378
f 10584//152 10585//378 10586//379
f 10586//379 10585//378 10587//380
f 10586//379 10587//380 10588//332
f 10588//332 10587//380 10589//333
f 10588//332 10589//333 10590//158
f 10590//158 10589//333 10591//159
f 10590//158 10591//159 10592//160
f 10592//160 10591//159 10593//161
f 10592//160 10593//161 10594//334
f 10594//334 10593//161 10595//335
f 10594//334 10595//335 10596//336
f 10596//336 10595//335 10597//303
f 10596//336 10597//303 10598//304
f 10598//304 10597//303 10599//305
f 10598//304 10599//305 10600//306
f 10600//306 10599//305 10601//169
f 10600//306 10601//169 10602//170
f 10602//170 10601//169 10603//171
f 10602//170 10603//171 10604//172
f 10604//172 10603//171 10605//173
f 10604//172 10605//173 10606//174
f 10606//174 10605//173 10607//175
f 10606//174 10607//175 10608//176
f 10608//176 10607//175 10609//420
f 10608//176 10609//420 10610//421
f 10610//421 10609//420 10611//422
f 10610//421 10611//422 10612//340
f 10612//340 10611//422 10613//341
f 10612//340 10613//341 10614//182
f 10614//182 10613//341 10615//183
f 10614//182 10615//183 10616//184
f 10616//184 10615//183 10617//185
f 10616//184 10617//185 10618//381
f 10618//381 10617//185 10619//382
f 10618//381 10619//382 10620//383
f 10620//383 10619//382 10621//319
f 10620//383 10621//319 10622//320
f 10622//320 10621//319 10623//191
f 10622//320 10623//191 10624//192
f 10624//192 10623//191 10625//193
f 10624//192 10625//193 10626//194
f 10626//194 10625//193 10627//195
f 10626//194 10627//195 10628//196
f 10628//196 10627//195 10629//197
f 10628//196 10629//197 10630//198
f 10630//198 10629//197 10631//384
f 10630//198 10631//384 10632//385
f 10632//385 10631//384 10633//386
f 10632//385 10633//386 10634//138
f 10634//138 10633//386 10635//139
f 10634//138 10635//139 10636//140
f 10636//140 10635//139 10637//141
f 10636//140 10637//141 10638//204
f 10638//204 10637//141 10639//205
f 10638//204 10639//205 10640//345
f 10640//345 10639//205 10641//346
f 10640//345 10641//346 10642//347
f 10642//347 10641//346 10643//147
f 10642//347 10643//147 10644//148
f 10644//148 10643//147 10645//149
f 10644//148 10645//149 10646//150
f 10646//150 10645//149 10647//151
f 10646//150 10647//151 10648//152
f 10648//152 10647//151 10649//153
f 10648//152 10649//153 10650//154
f 10650//154 10649//153 10651//213
f 10650//154 10651//213 10652//214
f 10652//214 10651//213 10653//348
f 10652//214 10653//348 10654//349
f 10654//349 10653//348 10655//350
f 10654//349 10655//350 10656//160
f 10656//160 10655//350 10657//161
f 10656//160 10657//161 10658//162
f 10658//162 10657//161 10659//163
f 10658//162 10659//163 10660//164
f 10660//164 10659//163 10661//165
f 10660//164 10661//165 10662//222
f 10662//222 10661//165 10663//223
f 10662//222 10663//223 10664//387
f 10664//387 10663//223 10665//388
f 10664//387 10665//388 10666//389
f 10666//389 10665//388 10667//171
f 10666//389 10667//171 10668//172
f 10668//172 10667//171 10669//173
f 10668//172 10669//173 10670//174
f 10670//174 10669//173 10671//175
f 10670//174 10671//175 10672//176
f 10672//176 10671//175 10673//177
f 10672//176 10673//177 10674//178
f 10674//178 10673//177 10675//229
f 10674//178 10675//229 10676//230
f 10676//230 10675//229 10677//390
f 10676//230 10677//390 10678//391
f 10678//391 10677//390 10679//392
f 10678//391 10679//392 10680//184
f 10680//184 10679//392 10681//185
f 10680//184 10681//185 10682//186
f 10682//186 10681//185 10683//187
f 10682//186 10683//187 10684//236
f 10684//236 10683//187 10685//237
f 10684//236 10685//237 10686//351
f 10686//351 10685//237 10687//352
f 10686//351 10687//352 10688//353
f 10688//353 10687//352 10689//193
f 10688//353 10689//193 10690//194
f 10690//194 10689//193 10691//195
f 10690//194 10691//195 10692//196
f 10692//196 10691//195 10693//197
f 10692//196 10693//197 10694//198
f 10694//198 10693//197 10695//199
f 10694//198 10695//199 10696//200
f 10696//200 10695//199 10697//245
f 10696//200 10697//245 10698//246
f 10698//246 10697//245 10699//354
f 10698//246 10699//354 10700//355
f 10700//355 10699//354 10701//356
f 10700//355 10701//356 10702//204
f 10702//204 10701//356 10703//205
f 10702//204 10703//205 10704//206
f 10704//206 10703//205 10705//207
f 10704//206 10705//207 10706//208
f 10706//208 10705//207 10707//209
f 10706//208 10707//209 10708//254
f 10708//254 10707//209 10709//255
f 10708//254 10709//255 10710//393
f 10710//393 10709//255 10711//394
f 10710//393 10711//394 10712//395
f 10712//395 10711//394 10713//153
f 10712//395 10713//153 10714//154
f 10714//154 10713//153 10715//213
f 10714//154 10715//213 10716//214
f 10716//214 10715//213 10717//215
f 10716//214 10717//215 10718//216
f 10718//216 10717//215 10719//217
f 10718//216 10719//217 10720//218
f 10720//218 10719//217 10721//261
f 10720//218 10721//261 10722//262
f 10722//262 10721//261 10723//396
f 10722//262 10723//396 10724//397
f 10724//397 10723//396 10725//398
f 10724//397 10725//398 10726//222
f 10726//222 10725//398 10727//223
f 10726//222 10727//223 10728//224
f 10728//224 10727//223 10729//225
f 10728//224 10729//225 10730//268
f 10730//268 10729//225 10731//269
f 10730//268 10731//269 10732//357
f 10732//357 10731//269 10733//358
f 10732//357 10733//358 10734//359
f 10734//359 10733//358 10735//175
f 10734//359 10735//175 10736//176
f 10736//176 10735//175 10737//177
f 10736//176 10737//177 10738//178
f 10738//178 10737//177 10739//229
f 10738//178 10739//229 10740//230
f 10740//230 10739//229 10741//231
f 10740//230 10741//231 10742//232
f 10742//232 10741//231 10743//275
f 10742//232 10743//275 10744//276
f 10744//276 10743//275 10745//360
f 10744//276 10745//360 10746//361
f 10746//361 10745//360 10747//362
f 10746//361 10747//362 10748//236
f 10748//236 10747//362 10749//237
f 10748//236 10749//237 10750//238
f 10750//238 10749//237 10751//239
f 10750//238 10751//239 10752//240
f 10752//240 10751//239 10753//241
f 10752//240 10753//241 10754//284
f 10754//284 10753//241 10755//285
f 10754//284 10755//285 10756//438
f 10756//438 10755//285 10757//439
f 10756//438 10757//439 10758//440
f 10758//440 10757//439 10759//199
f 10758//440 10759//199 10760//200
f 10760//200 10759//199 10761//245
f 10760//200 10761//245 10762//246
f 10762//246 10761//245 10763//247
f 10762//246 10763//247 10764//248
f 10764//248 10763//247 10765//249
f 10764//248 10765//249 10766//250
f 10766//250 10765//249 10767//291
f 10766//250 10767//291 10768//292
f 10768//292 10767//291 10769//399
f 10768//292 10769//399 10770//400
f 10770//400 10769//399 10771//401
f 10770//400 10771//401 10772//254
f 10772//254 10771//401 10773//255
f 10772//254 10773//255 10774//256
f 10774//256 10773//255 10775//257
f 10774//256 10775//257 10776//296
f 10776//296 10775//257 10777//297
f 10776//296 10777//297 10778//402
f 10778//402 10777//297 10779//403
f 10778//402 10779//403 10780//404
f 10780//404 10779//403 10781//215
f 10780//404 10781//215 10782//216
f 10782//216 10781//215 10783//217
f 10782//216 10783//217 10784//218
f 10784//218 10783//217 10785//261
f 10784//218 10785//261 10786//262
f 10786//262 10785//261 10787//263
f 10786//262 10787//263 10788//264
f 10788//264 10787//263 10789//303
f 10788//264 10789//303 10790//304
f 10790//304 10789//303 10791//363
f 10790//304 10791//363 10792//364
f 10792//364 10791//363 10793//365
f 10792//364 10793//365 10794//268
f 10794//268 10793//365 10795//269
f 10794//268 10795//269 10796//270
f 10796//270 10795//269 10797//271
f 10796//270 10797//271 10798//310
f 10798//310 10797//271 10799//311
f 10798//310 10799//311 10800//312
f 10800//312 10799//311 10801//313
f 10800//312 10801//313 10802//444
f 10802//444 10801//313 10803//445
f 10802//444 10803//445 10804//446
f 10804//446 10803//445 10805//231
f 10804//446 10805//231 10806//232
f 10806//232 10805//231 10807//275
f 10806//232 10807//275 10808//276
f 10808//276 10807//275 10809//277
f 10808//276 10809//277 10810//278
f 10810//278 10809//277 10811//279
f 10810//278 10811//279 10812//280
f 10812//280 10811//279 10813//319
f 10812//280 10813//319 10814//320
f 10814//320 10813//319 10815//405
f 10814//320 10815//405 10816//406
f 10816//406 10815//405 10817//407
f 10816//406 10817//407 10818//284
f 10818//284 10817//407 10819//285
f 10818//284 10819//285 10820//286
f 10820//286 10819//285 10821//287
f 10820//286 10821//287 10822//324
f 10822//324 10821//287 10823//325
f 10822//324 10823//325 10824//408
f 10824//408 10823//325 10825//409
f 10824//408 10825//409 10826//410
f 10826//410 10825//409 10827//247
f 10826//410 10827//247 10828//248
f 10828//248 10827//247 10829//249
f 10828//248 10829//249 10830//250
f 10830//250 10829//249 10831//291
f 10830//250 10831//291 10832//292
f 10832//292 10831//291 10833//145
f 10832//292 10833//145 10834//146
f 10834//146 10833//145 10835//147
f 10834//146 10835//147 10836//148
f 10836//148 10835//147 10837//369
f 10836//148 10837//369 10838//370
f 10838//370 10837//369 10839//371
f 10838//370 10839//371 10840//296
f 10840//296 10839//371 10841//297
f 10840//296 10841//297 10842//298
f 10842//298 10841//297 10843//299
f 10842//298 10843//299 10844//332
f 10844//332 10843//299 10845//333
f 10844//332 10845//333 10846//372
f 10846//372 10845//333 10847//373
f 10846//372 10847//373 10848//374
f 10848//374 10847//373 10849//261
f 10848//374 10849//261 10850//262
f 10850//262 10849//261 10851//263
f 10850//262 10851//263 10852//264
f 10852//264 10851//263 10853//303
f 10852//264 10853//303 10854//304
f 10854//304 10853//303 10855//305
f 10854//304 10855//305 10856//306
f 10856//306 10855//305 10857//169
f 10856//306 10857//169 10858//170
f 10858//170 10857//169 10859//171
f 10858//170 10859//171 10860//172
f 10860//172 10859//171 10861//450
f 10860//172 10861//450 10862//451
f 10862//451 10861//450 10863//452
f 10862//451 10863//452 10864//312
f 10864//312 10863//452 10865//313
f 10864//312 10865//313 10866//314
f 10866//314 10865//313 10867//315
f 10866//314 10867//315 10868//340
f 10868//340 10867//315 10869//341
f 10868//340 10869//341 10870//411
f 10870//411 10869//341 10871//412
f 10870//411 10871//412 10872//413
f 10872//413 10871//412 10873//277
f 10872//413 10873//277 10874//278
f 10874//278 10873//277 10875//279
f 10874//278 10875//279 10876//280
f 10876//280 10875//279 10877//319
f 10876//280 10877//319 10878//320
f 10878//320 10877//319 10879//191
f 10878//320 10879//191 10880//192
f 10880//192 10879//191 10881//193
f 10880//192 10881//193 10882//194
f 10882//194 10881//193 10883//414
f 10882//194 10883//414 10884//415
f 10884//415 10883//414 10885//416
f 10884//415 10885//416 10886//324
f 10886//324 10885//416 10887//325
f 10886//324 10887//325 10888//136
f 10888//136 10887//325 10889//137
f 10888//136 10889//137 10890//138
f 10890//138 10889//137 10891//139
f 10890//138 10891//139 10892//375
f 10892//375 10891//139 10893//376
f 10892//375 10893//376 10894//377
f 10894//377 10893//376 10895//291
f 10894//377 10895//291 10896//292
f 10896//292 10895//291 10897//145
f 10896//292 10897//145 10898//146
f 10898//146 10897//145 10899//147
f 10898//146 10899//147 10900//148
f 10900//148 10899//147 10901//149
f 10900//148 10901//149 10902//150
f 10902//150 10901//149 10903//151
f 10902//150 10903//151 10904//152
f 10904//152 10903//151 10905//153
f 10904//152 10905//153 10906//154
f 10906//154 10905//153 10907//155
f 10906//154 10907//155 10908//156
f 10908//156 10907//155 10909//157
f 10908//156 10909//157 10910//158
f 10910//158 10909//157 10911//159
f 10910//158 10911//159 10912//160
f 10912//160 10911//159 10913//161
f 10912//160 10913//161 10914//162
f 10914//162 10913//161 10915//163
f 10914//162 10915//163 10916//417
f 10916//417 10915//163 10917//418
f 10916//417 10917//418 10918//419
f 10918//419 10917//418 10919//305
f 10918//419 10919//305 10920//306
f 10920//306 10919//305 10921//169
f 10920//306 10921//169 10922//170
f 10922//170 10921//169 10923//171
f 10922//170 10923//171 10924//172
f 10924//172 10923//171 10925//173
f 10924//172 10925//173 10926//174
f 10926//174 10925//173 10927//175
f 10926//174 10927//175 10928//176
f 10928//176 10927//175 10929//420
f 10928//176 10929//420 10930//421
f 10930//421 10929//420 10931//422
f 10930//421 10931//422 10932//340
f 10932//340 10931//422 10933//341
f 10932//340 10933//341 10934//182
f 10934//182 10933//341 10935//183
f 10934//182 10935//183 10936//184
f 10936//184 10935//183 10937//185
f 10936//184 10937//185 10938//381
f 10938//381 10937//185 10939//382
f 10938//381 10939//382 10940//383
f 10940//383 10939//382 10941//319
f 10940//383 10941//319 10942//320
f 10942//320 10941//319 10943//191
f 10942//320 10943//191 10944//192
f 10944//192 10943//191 10945//193
f 10944//192 10945//193 10946//194
f 10946//194 10945//193 10947//195
f 10946//194 10947//195 10948//196
f 10948//196 10947//195 10949//197
f 10948//196 10949//197 10950//198
f 10950//198 10949//197 10951//384
f 10950//198 10951//384 10952//385
f 10952//385 10951//384 10953//386
f 10952//385 10953//386 10954//138
f 10954//138 10953//386 10955//139
f 10954//138 10955//139 10956//140
f 10956//140 10955//139 10957//141
f 10956//140 10957//141 10958//204
f 10958//204 10957//141 10959//205
f 10958//204 10959//205 10960//206
f 10960//206 10959//205 10961//207
f 10960//206 10961//207 10962//423
f 10962//423 10961//207 10963//424
f 10962//423 10963//424 10964//425
f 10964//425 10963//424 10965//149
f 10964//425 10965//149 10966//150
f 10966//150 10965//149 10967//151
f 10966//150 10967//151 10968//152
f 10968//152 10967//151 10969//153
f 10968//152 10969//153 10970//154
f 10970//154 10969//153 10971//213
f 10970//154 10971//213 10972//214
f 10972//214 10971//213 10973//215
f 10972//214 10973//215 10974//216
f 10974//216 10973//215 10975//426
f 10974//216 10975//426 10976//427
f 10976//427 10975//426 10977//428
f 10976//427 10977//428 10978//162
f 10978//162 10977//428 10979//163
f 10978//162 10979//163 10980//164
f 10980//164 10979//163 10981//165
f 10980//164 10981//165 10982//222
f 10982//222 10981//165 10983//223
f 10982//222 10983//223 10984//387
f 10984//387 10983//223 10985//388
f 10984//387 10985//388 10986//389
f 10986//389 10985//388 10987//171
f 10986//389 10987//171 10988//172
f 10988//172 10987//171 10989//173
f 10988//172 10989//173 10990//174
f 10990//174 10989//173 10991//175
f 10990//174 10991//175 10992//176
f 10992//176 10991//175 10993//177
f 10992//176 10993//177 10994//178
f 10994//178 10993//177 10995//229
f 10994//178 10995//229 10996//230
f 10996//230 10995//229 10997//390
f 10996//230 10997//390 10998//391
f 10998//391 10997//390 10999//392
f 10998//391 10999//392 11000//184
f 11000//184 10999//392 11001//185
f 11000//184 11001//185 11002//186
f 11002//186 11001//185 11003//187
f 11002//186 11003//187 11004//236
f 11004//236 11003//187 11005//237
f 11004//236 11005//237 11006//238
f 11006//238 11005//237 11007//239
f 11006//238 11007//239 11008//429
f 11008//429 11007//239 11009//430
f 11008//429 11009//430 11010//431
f 11010//431 11009//430 11011//195
f 11010//431 11011//195 11012//196
f 11012//196 11011//195 11013//197
f 11012//196 11013//197 11014//198
f 11014//198 11013//197 11015//199
f 11014//198 11015//199 11016//200
f 11016//200 11015//199 11017//245
f 11016//200 11017//245 11018//246
f 11018//246 11017//245 11019//247
f 11018//246 11019//247 11020//248
f 11020//248 11019//247 11021//432
f 11020//248 11021//432 11022//433
f 11022//433 11021//432 11023//434
f 11022//433 11023//434 11024//206
f 11024//206 11023//434 11025//207
f 11024//206 11025//207 11026//208
f 11026//208 11025//207 11027//209
f 11026//208 11027//209 11028//254
f 11028//254 11027//209 11029//255
f 11028//254 11029//255 11030//393
f 11030//393 11029//255 11031//394
f 11030//393 11031//394 11032//395
f 11032//395 11031//394 11033//153
f 11032//395 11033//153 11034//154
f 11034//154 11033//153 11035//213
f 11034//154 11035//213 11036//214
f 11036//214 11035//213 11037//215
f 11036//214 11037//215 11038//216
f 11038//216 11037//215 11039//217
f 11038//216 11039//217 11040//218
f 11040//218 11039//217 11041//261
f 11040//218 11041//261 11042//262
f 11042//262 11041//261 11043//396
f 11042//262 11043//396 11044//397
f 11044//397 11043//396 11045//398
f 11044//397 11045//398 11046//222
f 11046//222 11045//398 11047//223
f 11046//222 11047//223 11048//224
f 11048//224 11047//223 11049//225
f 11048//224 11049//225 11050//268
f 11050//268 11049//225 11051//269
f 11050//268 11051//269 11052//270
f 11052//270 11051//269 11053//271
f 11052//270 11053//271 11054//272
f 11054//272 11053//271 11055//273
f 11054//272 11055//273 11056//274
f 11056//274 11055//273 11057//177
f 11056//274 11057//177 11058//178
f 11058//178 11057//177 11059//229
f 11058//178 11059//229 11060//230
f 11060//230 11059//229 11061//231
f 11060//230 11061//231 11062//232
f 11062//232 11061//231 11063//275
f 11062//232 11063//275 11064//276
f 11064//276 11063//275 11065//277
f 11064//276 11065//277 11066//278
f 11066//278 11065//277 11067//435
f 11066//278 11067//435 11068//436
f 11068//436 11067//435 11069//437
f 11068//436 11069//437 11070//238
f 11070//238 11069//437 11071//239
f 11070//238 11071//239 11072//240
f 11072//240 11071//239 11073//241
f 11072//240 11073//241 11074//284
f 11074//284 11073//241 11075//285
f 11074//284 11075//285 11076//438
f 11076//438 11075//285 11077//439
f 11076//438 11077//439 11078//440
f 11078//440 11077//439 11079//199
f 11078//440 11079//199 11080//200
f 11080//200 11079//199 11081//245
f 11080//200 11081//245 11082//246
f 11082//246 11081//245 11083//247
f 11082//246 11083//247 11084//248
f 11084//248 11083//247 11085//249
f 11084//248 11085//249 11086//250
f 11086//250 11085//249 11087//291
f 11086//250 11087//291 11088//292
f 11088//292 11087//291 11089//399
f 11088//292 11089//399 11090//400
f 11090//400 11089//399 11091//401
f 11090//400 11091//401 11092//254
f 11092//254 11091//401 11093//255
f 11092//254 11093//255 11094//256
f 11094//256 11093//255 11095//257
f 11094//256 11095//257 11096//296
f 11096//296 11095//257 11097//297
f 11096//296 11097//297 11098//298
f 11098//298 11097//297 11099//299
f 11098//298 11099//299 11100//300
f 11100//300 11099//299 11101//301
f 11100//300 11101//301 11102//302
f 11102//302 11101//301 11103//217
f 11102//302 11103//217 11104//218
f 11104//218 11103//217 11105//261
f 11104//218 11105//261 11106//262
f 11106//262 11105//261 11107//263
f 11106//262 11107//263 11108//264
f 11108//264 11107//263 11109//303
f 11108//264 11109//303 11110//304
f 11110//304 11109//303 11111//305
f 11110//304 11111//305 11112//306
f 11112//306 11111//305 11113//441
f 11112//306 11113//441 11114//442
f 11114//442 11113//441 11115//443
f 11114//442 11115//443 11116//270
f 11116//270 11115//443 11117//271
f 11116//270 11117//271 11118//310
f 11118//310 11117//271 11119//311
f 11118//310 11119//311 11120//312
f 11120//312 11119//311 11121//313
f 11120//312 11121//313 11122//444
f 11122//444 11121//313 11123//445
f 11122//444 11123//445 11124//446
f 11124//446 11123//445 11125//231
f 11124//446 11125//231 11126//232
f 11126//232 11125//231 11127//275
f 11126//232 11127//275 11128//276
f 11128//276 11127//275 11129//277
f 11128//276 11129//277 11130//278
f 11130//278 11129//277 11131//279
f 11130//278 11131//279 11132//280
f 11132//280 11131//279 11133//319
f 11132//280 11133//319 11134//320
f 11134//320 11133//319 11135//405
f 11134//320 11135//405 11136//406
f 11136//406 11135//405 11137//407
f 11136//406 11137//407 11138//284
f 11138//284 11137//407 11139//285
f 11138//284 11139//285 11140//286
f 11140//286 11139//285 11141//287
f 11140//286 11141//287 11142//324
f 11142//324 11141//287 11143//325
f 11142//324 11143//325 11144//408
f 11144//408 11143//325 11145//409
f 11144//408 11145//409 11146//410
f 11146//410 11145//409 11147//247
f 11146//410 11147//247 11148//248
f 11148//248 11147//247 11149//249
f 11148//248 11149//249 11150//250
f 11150//250 11149//249 11151//291
f 11150//250 11151//291 11152//292
f 11152//292 11151//291 11153//145
f 11152//292 11153//145 11154//146
f 11154//146 11153//145 11155//147
f 11154//146 11155//147 11156//148
f 11156//148 11155//147 11157//149
f 11156//148 11157//149 11158//150
f 11158//150 11157//149 11159//329
f 11158//150 11159//329 11160//330
f 11160//330 11159//329 11161//331
f 11160//330 11161//331 11162//298
f 11162//298 11161//331 11163//299
f 11162//298 11163//299 11164//332
f 11164//332 11163//299 11165//333
f 11164//332 11165//333 11166//158
f 11166//158 11165//333 11167//159
f 11166//158 11167//159 11168//447
f 11168//447 11167//159 11169//448
f 11168//447 11169//448 11170//449
f 11170//449 11169//448 11171//263
f 11170//449 11171//263 11172//264
f 11172//264 11171//263 11173//303
f 11172//264 11173//303 11174//304
f 11174//304 11173//303 11175//305
f 11174//304 11175//305 11176//306
f 11176//306 11175//305 11177//169
f 11176//306 11177//169 11178//170
f 11178//170 11177//169 11179//171
f 11178//170 11179//171 11180//172
f 11180//172 11179//171 11181//450
f 11180//172 11181//450 11182//451
f 11182//451 11181//450 11183//452
f 11182//451 11183//452 11184//312
f 11184//312 11183//452 11185//313
f 11184//312 11185//313 11186//314
f 11186//314 11185//313 11187//315
f 11186//314 11187//315 11188//340
f 11188//340 11187//315 11189//341
f 11188//340 11189//341 11190//411
f 11190//411 11189//341 11191//412
f 11190//411 11191//412 11192//413
f 11192//413 11191//412 11193//277
f 11192//413 11193//277 11194//278
f 11194//278 11193//277 11195//279
f 11194//278 11195//279 11196//280
f 11196//280 11195//279 11197//319
f 11196//280 11197//319 11198//320
f 11198//320 11197//319 11199//191
f 11198//320 11199//191 11200//192
f 11200//192 11199//191 11201//193
f 11200//192 11201//193 11202//194
f 11202//194 11201//193 11203//195
f 11202//194 11203//195 11204//196
f 11204//196 11203//195 11205//133
f 11204//196 11205//133 11206//134
f 11206//134 11205//133 11207//135
f 11206//134 11207//135 11208//136
f 11208//136 11207//135 11209//137
f 11208//136 11209//137 11210//138
f 11210//138 11209//137 11211//139
f 11210//138 11211//139 11212//140
f 11212//140 11211//139 11213//141
f 11212//140 11213//141 11214//142
f 11214//142 11213//141 11215//143
f 11214//142 11215//143 11216//144
f 11216//144 11215//143 11217//145
f 11216//144 11217//145 11218//146
f 11218//146 11217//145 11219//147
f 11218//146 11219//147 11220//148
f 11220//148 11219//147 11221//149
f 11220//148 11221//149 11222//150
f 11222//150 11221//149 11223//151
f 11222//150 11223//151 11224//152
f 11224//152 11223//151 11225//153
f 11224//152 11225//153 11226//154
f 11226//154 11225//153 11227//155
f 11226//154 11227//155 11228//156
f 11228//156 11227//155 11229//157
f 11228//156 11229//157 11230//158
f 11230//158 11229//157 11231//159
f 11230//158 11231//159 11232//160
f 11232//160 11231//159 11233//161
f 11232//160 11233//161 11234//162
f 11234//162 11233//161 11235//163
f 11234//162 11235//163 11236//417
f 11236//417 11235//163 11237//418
f 11236//417 11237//418 11238//419
f 11238//419 11237//418 11239//305
f 11238//419 11239//305 11240//306
f 11240//306 11239//305 11241//169
f 11240//306 11241//169 11242//170
f 11242//170 11241//169 11243//171
f 11242//170 11243//171 11244//172
f 11244//172 11243//171 11245//173
f 11244//172 11245//173 11246//174
f 11246//174 11245//173 11247//175
f 11246//174 11247//175 11248//176
f 11248//176 11247//175 11249//420
f 11248//176 11249//420 11250//421
f 11250//421 11249//420 11251//422
f 11250//421 11251//422 11252//340
f 11252//340 11251//422 11253//341
f 11252//340 11253//341 11254//182
f 11254//182 11253//341 11255//183
f 11254//182 11255//183 11256//184
f 11256//184 11255//183 11257//185
f 11256//184 11257//185 11258//186
f 11258//186 11257//185 11259//187
f 11258//186 11259//187 11260//188
f 11260//188 11259//187 11261//189
f 11260//188 11261//189 11262//190
f 11262//190 11261//189 11263//191
f 11262//190 11263//191 11264//192
f 11264//192 11263//191 11265//193
f 11264//192 11265//193 11266//194
f 11266//194 11265//193 11267//195
f 11266//194 11267//195 11268//196
f 11268//196 11267//195 11269//197
f 11268//196 11269//197 11270//198
f 11270//198 11269//197 11271//199
f 11270//198 11271//199 11272//200
f 11272//200 11271//199 11273//201
f 11272//200 11273//201 11274//202
f 11274//202 11273//201 11275//203
f 11274//202 11275//203 11276//140
f 11276//140 11275//203 11277//141
f 11276//140 11277//141 11278//204
f 11278//204 11277//141 11279//205
f 11278//204 11279//205 11280//206
f 11280//206 11279//205 11281//207
f 11280//206 11281//207 11282//423
f 11282//423 11281//207 11283//424
f 11282//423 11283//424 11284//425
f 11284//425 11283//424 11285//149
f 11284//425 11285//149 11286//150
f 11286//150 11285//149 11287//151
f 11286//150 11287//151 11288//152
f 11288//152 11287//151 11289//153
f 11288//152 11289//153 11290//154
f 11290//154 11289//153 11291//213
f 11290//154 11291//213 11292//214
f 11292//214 11291//213 11293//215
f 11292//214 11293//215 11294//216
f 11294//216 11293//215 11295//426
f 11294//216 11295//426 11296//427
f 11296//427 11295//426 11297//428
f 11296//427 11297//428 11298//162
f 11298//162 11297//428 11299//163
f 11298//162 11299//163 11300//164
f 11300//164 11299//163 11301//165
f 11300//164 11301//165 11302//222
f 11302//222 11301//165 11303//223
f 11302//222 11303//223 11304//224
f 11304//224 11303//223 11305//225
f 11304//224 11305//225 11306//226
f 11306//226 11305//225 11307//227
f 11306//226 11307//227 11308//228
f 11308//228 11307//227 11309//173
f 11308//228 11309//173 11310//174
f 11310//174 11309//173 11311//175
f 11310//174 11311//175 11312//176
f 11312//176 11311//175 11313//177
f 11312//176 11313//177 11314//178
f 11314//178 11313//177 11315//229
f 11314//178 11315//229 11316//230
f 11316//230 11315//229 11317//231
f 11316//230 11317//231 11318//232
f 11318//232 11317//231 11319//233
f 11318//232 11319//233 11320//234
f 11320//234 11319//233 11321//235
f 11320//234 11321//235 11322//186
f 11322//186 11321//235 11323//187
f 11322//186 11323//187 11324//236
f 11324//236 11323//187 11325//237
f 11324//236 11325//237 11326//238
f 11326//238 11325//237 11327//239
f 11326//238 11327//239 11328//429
f 11328//429 11327//239 11329//430
f 11328//429 11329//430 11330//431
f 11330//431 11329//430 11331//195
f 11330//431 11331//195 11332//196
f 11332//196 11331//195 11333//197
f 11332//196 11333//197 11334//198
f 11334//198 11333//197 11335//199
f 11334//198 11335//199 11336//200
f 11336//200 11335//199 11337//245
f 11336//200 11337//245 11338//246
f 11338//246 11337//245 11339//247
f 11338//246 11339//247 11340//248
f 11340//248 11339//247 11341//432
f 11340//248 11341//432 11342//433
f 11342//433 11341//432 11343//434
f 11342//433 11343//434 11344//206
f 11344//206 11343//434 11345//207
f 11344//206 11345//207 11346//208
f 11346//208 11345//207 11347//209
f 11346//208 11347//209 11348//254
f 11348//254 11347//209 11349//255
f 11348//254 11349//255 11350//256
f 11350//256 11349//255 11351//257
f 11350//256 11351//257 11352//258
f 11352//258 11351//257 11353//259
f 11352//258 11353//259 11354//260
f 11354//260 11353//259 11355//213
f 11354//260 11355//213 11356//214
f 11356//214 11355//213 11357//215
f 11356//214 11357//215 11358//216
f 11358//216 11357//215 11359//217
f 11358//216 11359//217 11360//218
f 11360//218 11359//217 11361//261
f 11360//218 11361//261 11362//262
f 11362//262 11361//261 11363//263
f 11362//262 11363//263 11364//264
f 11364//264 11363//263 11365//265
f 11364//264 11365//265 11366//266
f 11366//266 11365//265 11367//267
f 11366//266 11367//267 11368//224
f 11368//224 11367//267 11369//225
f 11368//224 11369//225 11370//268
f 11370//268 11369//225 11371//269
f 11370//268 11371//269 11372//270
f 11372//270 11371//269 11373//271
f 11372//270 11373//271 11374//272
f 11374//272 11373//271 11375//273
f 11374//272 11375//273 11376//274
f 11376//274 11375//273 11377//177
f 11376//274 11377//177 11378//178
f 11378//178 11377//177 11379//229
f 11378//178 11379//229 11380//230
f 11380//230 11379//229 11381//231
f 11380//230 11381//231 11382//232
f 11382//232 11381//231 11383//275
f 11382//232 11383//275 11384//276
f 11384//276 11383//275 11385//277
f 11384//276 11385//277 11386//278
f 11386//278 11385//277 11387//435
f 11386//278 11387//435 11388//436
f 11388//436 11387//435 11389//437
f 11388//436 11389//437 11390//238
f 11390//238 11389//437 11391//239
f 11390//238 11391//239 11392//240
f 11392//240 11391//239 11393//241
f 11392//240 11393//241 11394//284
f 11394//284 11393//241 11395//285
f 11394//284 11395//285 11396//438
f 11396//438 11395//285 11397//439
f 11396//438 11397//439 11398//440
f 11398//440 11397//439 11399//199
f 11398//440 11399//199 11400//200
f 11400//200 11399//199 11401//245
f 11400//200 11401//245 11402//246
f 11402//246 11401//245 11403//247
f 11402//246 11403//247 11404//248
f 11404//248 11403//247 11405//249
f 11404//248 11405//249 11406//250
f 11406//250 11405//249 11407//291
f 11406//250 11407//291 11408//292
f 11408//292 11407//291 11409//145
f 11408//292 11409//145 11410//146
f 11410//146 11409//145 11411//293
f 11410//146 11411//293 11412//294
f 11412//294 11411//293 11413//295
f 11412//294 11413//295 11414//256
f 11414//256 11413//295 11415//257
f 11414//256 11415//257 11416//296
f 11416//296 11415//257 11417//297
f 11416//296 11417//297 11418//298
f 11418//298 11417//297 11419//299
f 11418//298 11419//299 11420//300
f 11420//300 11419//299 11421//301
f 11420//300 11421//301 11422//302
f 11422//302 11421//301 11423//217
f 11422//302 11423//217 11424//218
f 11424//218 11423//217 11425//261
f 11424//218 11425//261 11426//262
f 11426//262 11425//261 11427//263
f 11426//262 11427//263 11428//264
f 11428//264 11427//263 11429//303
f 11428//264 11429//303 11430//304
f 11430//304 11429//303 11431//305
f 11430//304 11431//305 11432//306
f 11432//306 11431//305 11433//441
f 11432//306 11433//441 11434//442
f 11434//442 11433//441 11435//443
f 11434//442 11435//443 11436//270
f 11436//270 11435//443 11437//271
f 11436//270 11437//271 11438//310
f 11438//310 11437//271 11439//311
f 11438//310 11439//311 11440//312
f 11440//312 11439//311 11441//313
f 11440//312 11441//313 11442//444
f 11442//444 11441//313 11443//445
f 11442//444 11443//445 11444//446
f 11444//446 11443//445 11445//231
f 11444//446 11445//231 11446//232
f 11446//232 11445//231 11447//275
f 11446//232 11447//275 11448//276
f 11448//276 11447//275 11449//277
f 11448//276 11449//277 11450//278
f 11450//278 11449//277 11451//279
f 11450//278 11451//279 11452//280
f 11452//280 11451//279 11453//319
f 11452//280 11453//319 11454//320
f 11454//320 11453//319 11455//191
f 11454//320 11455//191 11456//192
f 11456//192 11455//191 11457//321
f 11456//192 11457//321 11458//322
f 11458//322 11457//321 11459//323
f 11458//322 11459//323 11460//286
f 11460//286 11459//323 11461//287
f 11460//286 11461//287 11462//324
f 11462//324 11461//287 11463//325
f 11462//324 11463//325 11464//136
f 11464//136 11463//325 11465//137
f 11464//136 11465//137 11466//326
f 11466//326 11465//137 11467//327
f 11466//326 11467//327 11468//328
f 11468//328 11467//327 11469//249
f 11468//328 11469//249 11470//250
f 11470//250 11469//249 11471//291
f 11470//250 11471//291 11472//292
f 11472//292 11471//291 11473//145
f 11472//292 11473//145 11474//146
f 11474//146 11473//145 11475//147
f 11474//146 11475//147 11476//148
f 11476//148 11475//147 11477//149
f 11476//148 11477//149 11478//150
f 11478//150 11477//149 11479//329
f 11478//150 11479//329 11480//330
f 11480//330 11479//329 11481//331
f 11480//330 11481//331 11482//298
f 11482//298 11481//331 11483//299
f 11482//298 11483//299 11484//332
f 11484//332 11483//299 11485//333
f 11484//332 11485//333 11486//158
f 11486//158 11485//333 11487//159
f 11486//158 11487//159 11488//447
f 11488//447 11487//159 11489//448
f 11488//447 11489//448 11490//449
f 11490//449 11489//448 11491//263
f 11490//449 11491//263 11492//264
f 11492//264 11491//263 11493//303
f 11492//264 11493//303 11494//304
f 11494//304 11493//303 11495//305
f 11494//304 11495//305 11496//306
f 11496//306 11495//305 11497//169
f 11496//306 11497//169 11498//170
f 11498//170 11497//169 11499//171
f 11498//170 11499//171 11500//172
f 11500//172 11499//171 11501//450
f 11500//172 11501//450 11502//451
f 11502//451 11501//450 11503//452
f 11502//451 11503//452 11504//312
f 11504//312 11503//452 11505//313
f 11504//312 11505//313 11506//314
f 11506//314 11505//313 11507//315
f 11506//314 11507//315 11508//340
f 11508//340 11507//315 11509//341
f 11508//340 11509//341 11510//182
f 11510//182 11509//341 11511//183
f 11510//182 11511//183 11512//342
f 11512//342 11511//183 11513//343
f 11512//342 11513//343 11514//344
f 11514//344 11513//343 11515//279
f 11514//344 11515//279 11516//280
f 11516//280 11515//279 11517//319
f 11516//280 11517//319 11518//320
f 11518//320 11517//319 11519//191
f 11518//320 11519//191 11520//192
f 11520//192 11519//191 11521//193
f 11520//192 11521//193 11522//194
f 11522//194 11521//193 11523//195
f 11522//194 11523//195 11524//196
f 11524//196 11523//195 11525//133
f 11524//196 11525//133 11526//134
f 11526//134 11525//133 11527//135
f 11526//134 11527//135 11528//136
f 11528//136 11527//135 11529//137
f 11528//136 11529//137 11530//138
f 11530//138 11529//137 11531//139
f 11530//138 11531//139 11532//140
f 11532//140 11531//139 11533//141
f 11532//140 11533//141 11534//142
f 11534//142 11533//141 11535//143
f 11534//142 11535//143 11536//144
f 11536//144 11535//143 11537//145
f 11536//144 11537//145 11538//146
f 11538//146 11537//145 11539//147
f 11538//146 11539//147 11540//148
f 11540//148 11539//147 11541//149
f 11540//148 11541//149 11542//150
f 11542//150 11541//149 11543//151
f 11542//150 11543//151 11544//152
f 11544//152 11543//151 11545//153
f 11544//152 11545//153 11546//154
f 11546//154 11545//153 11547//155
f 11546//154 11547//155 11548//156
f 11548//156 11547//155 11549//157
f 11548//156 11549//157 11550//158
f 11550//158 11549//157 11551//159
f 11550//158 11551//159 11552//160
f 11552//160 11551//159 11553//161
f 11552//160 11553//161 11554//162
f 11554//162 11553//161 11555//163
f 11554//162 11555//163 11556//164
f 11556//164 11555//163 11557//165
f 11556//164 11557//165 11558//166
f 11558//166 11557//165 11559//167
f 11558//166 11559//167 11560//168
f 11560//168 11559//167 11561//169
f 11560//168 11561//169 11562//170
f 11562//170 11561//169 11563//171
f 11562//170 11563//171 11564//172
f 11564//172 11563//171 11565//173
f 11564//172 11565//173 11566//174
f 11566//174 11565//173 11567//175
f 11566//174 11567//175 11568//176
f 11568//176 11567//175 11569//177
f 11568//176 11569//177 11570//178
f 11570//178 11569//177 11571//179
f 11570//178 11571//179 11572//180
f 11572//180 11571//179 11573//181
f 11572//180 11573//181 11574//182
f 11574//182 11573//181 11575//183
f 11574//182 11575//183 11576//184
f 11576//184 11575//183 11577//185
f 11576//184 11577//185 11578//186
f 11578//186 11577//185 11579//187
f 11578//186 11579//187 11580//188
f 11580//188 11579//187 11581//189
f 11580//188 11581//189 11582//190
f 11582//190 11581//189 11583//191
f 11582//190 11583//191 11584//192
f 11584//192 11583//191 11585//193
f 11584//192 11585//193 11586//194
f 11586//194 11585//193 11587//195
f 11586//194 11587//195 11588//196
f 11588//196 11587//195 11589//197
f 11588//196 11589//197 11590//198
f 11590//198 11589//197 11591//199
f 11590//198 11591//199 11592//200
f 11592//200 11591//199 11593//201
f 11592//200 11593//201 11594//202
f 11594//202 11593//201 11595//203
f 11594//202 11595//203 11596//140
f 11596//140 11595//203 11597//141
f 11596//140 11597//141 11598//204
f 11598//204 11597//141 11599//205
f 11598//204 11599//205 11600//206
f 11600//206 11599//205 11601//207
f 11600//206 11601//207 11602//208
f 11602//208 11601//207 11603//209
f 11602//208 11603//209 11604//210
f 11604//210 11603//209 11605//211
f 11604//210 11605//211 11606//212
f 11606//212 11605//211 11607//151
f 11606//212 11607//151 11608//152
f 11608//152 11607//151 11609//153
f 11608//152 11609//153 11610//154
f 11610//154 11609//153 11611//213
f 11610//154 11611//213 11612//214
f 11612//214 11611//213 11613//215
f 11612//214 11613//215 11614//216
f 11614//216 11613//215 11615//217
f 11614//216 11615//217 11616//218
f 11616//218 11615//217 11617//219
f 11616//218 11617//219 11618//220
f 11618//220 11617//219 11619//221
f 11618//220 11619//221 11620//164
f 11620//164 11619//221 11621//165
f 11620//164 11621//165 11622//222
f 11622//222 11621//165 11623//223
f 11622//222 11623//223 11624//224
f 11624//224 11623//223 11625//225
f 11624//224 11625//225 11626//226
f 11626//226 11625//225 11627//227
f 11626//226 11627//227 11628//228
f 11628//228 11627//227 11629//173
f 11628//228 11629//173 11630//174
f 11630//174 11629//173 11631//175
f 11630//174 11631//175 11632//176
f 11632//176 11631//175 11633//177
f 11632//176 11633//177 11634//178
f 11634//178 11633//177 11635//229
f 11634//178 11635//229 11636//230
f 11636//230 11635//229 11637//231
f 11636//230 11637//231 11638//232
f 11638//232 11637//231 11639//233
f 11638//232 11639//233 11640//234
f 11640//234 11639//233 11641//235
f 11640//234 11641//235 11642//186
f 11642//186 11641//235 11643//187
f 11642//186 11643//187 11644//236
f 11644//236 11643//187 11645//237
f 11644//236 11645//237 11646//238
f 11646//238 11645//237 11647//239
f 11646//238 11647//239 11648//240
f 11648//240 11647//239 11649//241
f 11648//240 11649//241 11650//242
f 11650//242 11649//241 11651//243
f 11650//242 11651//243 11652//244
f 11652//244 11651//243 11653//197
f 11652//244 11653//197 11654//198
f 11654//198 11653//197 11655//199
f 11654//198 11655//199 11656//200
f 11656//200 11655//199 11657//245
f 11656//200 11657//245 11658//246
f 11658//246 11657//245 11659//247
f 11658//246 11659//247 11660//248
f 11660//248 11659//247 11661//249
f 11660//248 11661//249 11662//250
f 11662//250 11661//249 11663//251
f 11662//250 11663//251 11664//252
f 11664//252 11663//251 11665//253
f 11664//252 11665//253 11666//208
f 11666//208 11665//253 11667//209
f 11666//208 11667//209 11668//254
f 11668//254 11667//209 11669//255
f 11668//254 11669//255 11670//256
f 11670//256 11669//255 11671//257
f 11670//256 11671//257 11672//258
f 11672//258 11671//257 11673//259
f 11672//258 11673//259 11674//260
f 11674//260 11673//259 11675//213
f 11674//260 11675//213 11676//214
f 11676//214 11675//213 11677//215
f 11676//214 11677//215 11678//216
f 11678//216 11677//215 11679//217
f 11678//216 11679//217 11680//218
f 11680//218 11679//217 11681//261
f 11680//218 11681//261 11682//262
f 11682//262 11681//261 11683//263
f 11682//262 11683//263 11684//264
f 11684//264 11683//263 11685//265
f 11684//264 11685//265 11686//266
f 11686//266 11685//265 11687//267
f 11686//266 11687//267 11688//224
f 11688//224 11687//267 11689//225
f 11688//224 11689//225 11690//268
f 11690//268 11689//225 11691//269
f 11690//268 11691//269 11692//270
f 11692//270 11691//269 11693//271
f 11692//270 11693//271 11694//272
f 11694//272 11693//271 11695//273
f 11694//272 11695//273 11696//274
f 11696//274 11695//273 11697//177
f 11696//274 11697//177 11698//178
f 11698//178 11697//177 11699//229
f 11698//178 11699//229 11700//230
f 11700//230 11699//229 11701//231
f 11700//230 11701//231 11702//232
f 11702//232 11701//231 11703//275
f 11702//232 11703//275 11704//276
f 11704//276 11703//275 11705//277
f 11704//276 11705//277 11706//278
f 11706//278 11705//277 11707//279
f 11706//278 11707//279 11708//280
f 11708//280 11707//279 11709//281
f 11708//280 11709//281 11710//282
f 11710//282 11709//281 11711//283
f 11710//282 11711//283 11712//240
f 11712//240 11711//283 11713//241
f 11712//240 11713//241 11714//284
f 11714//284 11713//241 11715//285
f 11714//284 11715//285 11716//286
f 11716//286 11715//285 11717//287
f 11716//286 11717//287 11718//288
f 11718//288 11717//287 11719//289
f 11718//288 11719//289 11720//290
f 11720//290 11719//289 11721//245
f 11720//290 11721//245 11722//246
f 11722//246 11721//245 11723//247
f 11722//246 11723//247 11724//248
f 11724//248 11723//247 11725//249
f 11724//248 11725//249 11726//250
f 11726//250 11725//249 11727//291
f 11726//250 11727//291 11728//292
f 11728//292 11727//291 11729//145
f 11728//292 11729//145 11730//146
f 11730//146 11729//145 11731//293
f 11730//146 11731//293 11732//294
f 11732//294 11731//293 11733//295
f 11732//294 11733//295 11734//256
f 11734//256 11733//295 11735//257
f 11734//256 11735//257 11736//296
f 11736//296 11735//257 11737//297
f 11736//296 11737//297 11738//298
f 11738//298 11737//297 11739//299
f 11738//298 11739//299 11740//300
f 11740//300 11739//299 11741//301
f 11740//300 11741//301 11742//302
f 11742//302 11741//301 11743//217
f 11742//302 11743//217 11744//218
f 11744//218 11743//217 11745//261
f 11744//218 11745//261 11746//262
f 11746//262 11745//261 11747//263
f 11746//262 11747//263 11748//264
f 11748//264 11747//263 11749//303
f 11748//264 11749//303 11750//304
f 11750//304 11749//303 11751//305
f 11750//304 11751//305 11752//306
f 11752//306 11751//305 11753//169
f 11752//306 11753//169 11754//170
f 11754//170 11753//169 11755//307
f 11754//170 11755//307 11756//308
f 11756//308 11755//307 11757//309
f 11756//308 11757//309 11758//310
f 11758//310 11757//309 11759//311
f 11758//310 11759//311 11760//312
f 11760//312 11759//311 11761//313
f 11760//312 11761//313 11762//314
f 11762//314 11761//313 11763//315
f 11762//314 11763//315 11764//316
f 11764//316 11763//315 11765//317
f 11764//316 11765//317 11766//318
f 11766//318 11765//317 11767//275
f 11766//318 11767//275 11768//276
f 11768//276 11767//275 11769//277
f 11768//276 11769//277 11770//278
f 11770//278 11769//277 11771//279
f 11770//278 11771//279 11772//280
f 11772//280 11771//279 11773//319
f 11772//280 11773//319 11774//320
f 11774//320 11773//319 11775//191
f 11774//320 11775//191 11776//192
f 11776//192 11775//191 11777//321
f 11776//192 11777//321 11778//322
f 11778//322 11777//321 11779//323
f 11778//322 11779//323 11780//286
f 11780//286 11779//323 11781//287
f 11780//286 11781//287 11782//324
f 11782//324 11781//287 11783//325
f 11782//324 11783//325 11784//136
f 11784//136 11783//325 11785//137
f 11784//136 11785//137 11786//326
f 11786//326 11785//137 11787//327
f 11786//326 11787//327 11788//328
f 11788//328 11787//327 11789//249
f 11788//328 11789//249 11790//250
f 11790//250 11789//249 11791//291
f 11790//250 11791//291 11792//292
f 11792//292 11791//291 11793//145
f 11792//292 11793//145 11794//146
f 11794//146 11793//145 11795//147
f 11794//146 11795//147 11796//148
f 11796//148 11795//147 11797//149
f 11796//148 11797//149 11798//150
f 11798//150 11797//149 11799//329
f 11798//150 11799//329 11800//330
f 11800//330 11799//329 11801//331
f 11800//330 11801//331 11802//298
f 11802//298 11801//331 11803//299
f 11802//298 11803//299 11804//332
f 11804//332 11803//299 11805//333
f 11804//332 11805//333 11806//158
f 11806//158 11805//333 11807//159
f 11806//158 11807//159 11808//160
f 11808//160 11807//159 11809//161
f 11808//160 11809//161 11810//334
f 11810//334 11809//161 11811//335
f 11810//334 11811//335 11812//336
f 11812//336 11811//335 11813//303
f 11812//336 11813//303 11814//304
f 11814//304 11813//303 11815//305
f 11814//304 11815//305 11816//306
f 11816//306 11815//305 11817//169
f 11816//306 11817//169 11818//170
f 11818//170 11817//169 11819//171
f 11818//170 11819//171 11820//172
f 11820//172 11819//171 11821//173
f 11820//172 11821//173 11822//174
f 11822//174 11821//173 11823//337
f 11822//174 11823//337 11824//338
f 11824//338 11823//337 11825//339
f 11824//338 11825//339 11826//314
f 11826//314 11825//339 11827//315
f 11826//314 11827//315 11828//340
f 11828//340 11827//315 11829//341
f 11828//340 11829//341 11830//182
f 11830//182 11829//341 11831//183
f 11830//182 11831//183 11832//342
f 11832//342 11831//183 11833//343
f 11832//342 11833//343 11834//344
f 11834//344 11833//343 11835//279
f 11834//344 11835//279 11836//280
f 11836//280 11835//279 11837//319
f 11836//280 11837//319 11838//320
f 11838//320 11837//319 11839//191
f 11838//320 11839//191 11840//192
f 11840//192 11839//191 11841//193
f 11840//192 11841//193 11842//194
f 11842//194 11841//193 11843//195
f 11842//194 11843//195 11844//196
f 11844//196 11843//195 11845//133
f 11844//196 11845//133 11846//134
f 11846//134 11845//133 11847//135
f 11846//134 11847//135 11848//136
f 11848//136 11847//135 11849//137
f 11848//136 11849//137 11850//138
f 11850//138 11849//137 11851//139
f 11850//138 11851//139 11852//140
f 11852//140 11851//139 11853//141
f 11852//140 11853//141 11854//204
f 11854//204 11853//141 11855//205
f 11854//204 11855//205 11856//345
f 11856//345 11855//205 11857//346
f 11856//345 11857//346 11858//347
f 11858//347 11857//346 11859//147
f 11858//347 11859//147 11860//148
f 11860//148 11859//147 11861//149
f 11860//148 11861//149 11862//150
f 11862//150 11861//149 11863//151
f 11862//150 11863//151 11864//152
f 11864//152 11863//151 11865//153
f 11864//152 11865//153 11866//154
f 11866//154 11865//153 11867//213
f 11866//154 11867//213 11868//214
f 11868//214 11867//213 11869//348
f 11868//214 11869//348 11870//349
f 11870//349 11869//348 11871//350
f 11870//349 11871//350 11872//160
f 11872//160 11871//350 11873//161
f 11872//160 11873//161 11874//162
f 11874//162 11873//161 11875//163
f 11874//162 11875//163 11876//164
f 11876//164 11875//163 11877//165
f 11876//164 11877//165 11878//166
f 11878//166 11877//165 11879//167
f 11878//166 11879//167 11880//168
f 11880//168 11879//167 11881//169
f 11880//168 11881//169 11882//170
f 11882//170 11881//169 11883//171
f 11882//170 11883//171 11884//172
f 11884//172 11883//171 11885//173
f 11884//172 11885//173 11886//174
f 11886//174 11885//173 11887//175
f 11886//174 11887//175 11888//176
f 11888//176 11887//175 11889//177
f 11888//176 11889//177 11890//178
f 11890//178 11889//177 11891//179
f 11890//178 11891//179 11892//180
f 11892//180 11891//179 11893//181
f 11892//180 11893//181 11894//182
f 11894//182 11893//181 11895//183
f 11894//182 11895//183 11896//184
f 11896//184 11895//183 11897//185
f 11896//184 11897//185 11898//186
f 11898//186 11897//185 11899//187
f 11898//186 11899//187 11900//236
f 11900//236 11899//187 11901//237
f 11900//236 11901//237 11902//351
f 11902//351 11901//237 11903//352
f 11902//351 11903//352 11904//353
f 11904//353 11903//352 11905//193
f 11904//353 11905//193 11906//194
f 11906//194 11905//193 11907//195
f 11906//194 11907//195 11908//196
f 11908//196 11907//195 11909//197
f 11908//196 11909//197 11910//198
f 11910//198 11909//197 11911//199
f 11910//198 11911//199 11912//200
f 11912//200 11911//199 11913//245
f 11912//200 11913//245 11914//246
f 11914//246 11913//245 11915//354
f 11914//246 11915//354 11916//355
f 11916//355 11915//354 11917//356
f 11916//355 11917//356 11918//204
f 11918//204 11917//356 11919//205
f 11918//204 11919//205 11920//206
f 11920//206 11919//205 11921//207
f 11920//206 11921//207 11922//208
f 11922//208 11921//207 11923//209
f 11922//208 11923//209 11924//210
f 11924//210 11923//209 11925//211
f 11924//210 11925//211 11926//212
f 11926//212 11925//211 11927//151
f 11926//212 11927//151 11928//152
f 11928//152 11927//151 11929//153
f 11928//152 11929//153 11930//154
f 11930//154 11929//153 11931//213
f 11930//154 11931//213 11932//214
f 11932//214 11931//213 11933//215
f 11932//214 11933//215 11934//216
f 11934//216 11933//215 11935//217
f 11934//216 11935//217 11936//218
f 11936//218 11935//217 11937//219
f 11936//218 11937//219 11938//220
f 11938//220 11937//219 11939//221
f 11938//220 11939//221 11940//164
f 11940//164 11939//221 11941//165
f 11940//164 11941//165 11942//222
f 11942//222 11941//165 11943//223
f 11942//222 11943//223 11944//224
f 11944//224 11943//223 11945//225
f 11944//224 11945//225 11946//268
f 11946//268 11945//225 11947//269
f 11946//268 11947//269 11948//357
f 11948//357 11947//269 11949//358
f 11948//357 11949//358 11950//359
f 11950//359 11949//358 11951//175
f 11950//359 11951//175 11952//176
f 11952//176 11951//175 11953//177
f 11952//176 11953//177 11954//178
f 11954//178 11953//177 11955//229
f 11954//178 11955//229 11956//230
f 11956//230 11955//229 11957//231
f 11956//230 11957//231 11958//232
f 11958//232 11957//231 11959//275
f 11958//232 11959//275 11960//276
f 11960//276 11959//275 11961//360
f 11960//276 11961//360 11962//361
f 11962//361 11961//360 11963//362
f 11962//361 11963//362 11964//236
f 11964//236 11963//362 11965//237
f 11964//236 11965//237 11966//238
f 11966//238 11965//237 11967//239
f 11966//238 11967//239 11968//240
f 11968//240 11967//239 11969//241
f 11968//240 11969//241 11970//242
f 11970//242 11969//241 11971//243
f 11970//242 11971//243 11972//244
f 11972//244 11971//243 11973//197
f 11972//244 11973//197 11974//198
f 11974//198 11973//197 11975//199
f 11974//198 11975//199 11976//200
f 11976//200 11975//199 11977//245
f 11976//200 11977//245 11978//246
f 11978//246 11977//245 11979//247
f 11978//246 11979//247 11980//248
f 11980//248 11979//247 11981//249
f 11980//248 11981//249 11982//250
f 11982//250 11981//249 11983//251
f 11982//250 11983//251 11984//252
f 11984//252 11983//251 11985//253
f 11984//252 11985//253 11986//208
f 11986//208 11985//253 11987//209
f 11986//208 11987//209 11988//254
f 11988//254 11987//209 11989//255
f 11988//254 11989//255 11990//256
f 11990//256 11989//255 11991//257
f 11990//256 11991//257 11992//258
f 11992//258 11991//257 11993//259
f 11992//258 11993//259 11994//260
f 11994//260 11993//259 11995//213
f 11994//260 11995//213 11996//214
f 11996//214 11995//213 11997//215
f 11996//214 11997//215 11998//216
f 11998//216 11997//215 11999//217
f 11998//216 11999//217 12000//218
f 12000//218 11999//217 12001//261
f 12000//218 12001//261 12002//262
f 12002//262 12001//261 12003//263
f 12002//262 12003//263 12004//264
f 12004//264 12003//263 12005//303
f 12004//264 12005//303 12006//304
f 12006//304 12005//303 12007//363
f 12006//304 12007//363 12008//364
f 12008//364 12007//363 12009//365
f 12008//364 12009//365 12010//268
f 12010//268 12009//365 12011//269
f 12010//268 12011//269 12012//270
f 12012//270 12011//269 12013//271
f 12012//270 12013//271 12014//310
f 12014//310 12013//271 12015//311
f 12014//310 12015//311 12016//366
f 12016//366 12015//311 12017//367
f 12016//366 12017//367 12018//368
f 12018//368 12017//367 12019//229
f 12018//368 12019//229 12020//230
f 12020//230 12019//229 12021//231
f 12020//230 12021//231 12022//232
f 12022//232 12021//231 12023//275
f 12022//232 12023//275 12024//276
f 12024//276 12023//275 12025//277
f 12024//276 12025//277 12026//278
f 12026//278 12025//277 12027//279
f 12026//278 12027//279 12028//280
f 12028//280 12027//279 12029//281
f 12028//280 12029//281 12030//282
f 12030//282 12029//281 12031//283
f 12030//282 12031//283 12032//240
f 12032//240 12031//283 12033//241
f 12032//240 12033//241 12034//284
f 12034//284 12033//241 12035//285
f 12034//284 12035//285 12036//286
f 12036//286 12035//285 12037//287
f 12036//286 12037//287 12038//288
f 12038//288 12037//287 12039//289
f 12038//288 12039//289 12040//290
f 12040//290 12039//289 12041//245
f 12040//290 12041//245 12042//246
f 12042//246 12041//245 12043//247
f 12042//246 12043//247 12044//248
f 12044//248 12043//247 12045//249
f 12044//248 12045//249 12046//250
f 12046//250 12045//249 12047//291
f 12046//250 12047//291 12048//292
f 12048//292 12047//291 12049//145
f 12048//292 12049//145 12050//146
f 12050//146 12049//145 12051//147
f 12050//146 12051//147 12052//148
f 12052//148 12051//147 12053//369
f 12052//148 12053//369 12054//370
f 12054//370 12053//369 12055//371
f 12054//370 12055//371 12056//296
f 12056//296 12055//371 12057//297
f 12056//296 12057//297 12058//298
f 12058//298 12057//297 12059//299
f 12058//298 12059//299 12060//332
f 12060//332 12059//299 12061//333
f 12060//332 12061//333 12062//372
f 12062//372 12061//333 12063//373
f 12062//372 12063//373 12064//374
f 12064//374 12063//373 12065//261
f 12064//374 12065//261 12066//262
f 12066//262 12065//261 12067//263
f 12066//262 12067//263 12068//264
f 12068//264 12067//263 12069//303
f 12068//264 12069//303 12070//304
f 12070//304 12069//303 12071//305
f 12070//304 12071//305 12072//306
f 12072//306 12071//305 12073//169
f 12072//306 12073//169 12074//170
f 12074//170 12073//169 12075//307
f 12074//170 12075//307 12076//308
f 12076//308 12075//307 12077//309
f 12076//308 12077//309 12078//310
f 12078//310 12077//309 12079//311
f 12078//310 12079//311 12080//312
f 12080//312 12079//311 12081//313
f 12080//312 12081//313 12082//314
f 12082//314 12081//313 12083//315
f 12082//314 12083//315 12084//316
f 12084//316 12083//315 12085//317
f 12084//316 12085//317 12086//318
f 12086//318 12085//317 12087//275
f 12086//318 12087//275 12088//276
f 12088//276 12087//275 12089//277
f 12088//276 12089//277 12090//278
f 12090//278 12089//277 12091//279
f 12090//278 12091//279 12092//280
f 12092//280 12091//279 12093//319
f 12092//280 12093//319 12094//320
f 12094//320 12093//319 12095//191
f 12094//320 12095//191 12096//192
f 12096//192 12095//191 12097//321
f 12096//192 12097//321 12098//322
f 12098//322 12097//321 12099//323
f 12098//322 12099//323 12100//286
f 12100//286 12099//323 12101//287
f 12100//286 12101//287 12102//324
f 12102//324 12101//287 12103//325
f 12102//324 12103//325 12104//136
f 12104//136 12103//325 12105//137
f 12104//136 12105//137 12106//138
f 12106//138 12105//137 12107//139
f 12106//138 12107//139 12108//375
f 12108//375 12107//139 12109//376
f 12108//375 12109//376 12110//377
f 12110//377 12109//376 12111//291
f 12110//377 12111//291 12112//292
f 12112//292 12111//291 12113//145
f 12112//292 12113//145 12114//146
f 12114//146 12113//145 12115//147
f 12114//146 12115//147 12116//148
f 12116//148 12115//147 12117//149
f 12116//148 12117//149 12118//150
f 12118//150 12117//149 12119//151
f 12118//150 12119//151 12120//152
f 12120//152 12119//151 12121//378
f 12120//152 12121//378 12122//379
f 12122//379 12121//378 12123//380
f 12122//379 12123//380 12124//332
f 12124//332 12123//380 12125//333
f 12124//332 12125//333 12126//158
f 12126//158 12125//333 12127//159
f 12126//158 12127//159 12128//160
f 12128//160 12127//159 12129//161
f 12128//160 12129//161 12130//334
f 12130//334 12129//161 12131//335
f 12130//334 12131//335 12132//336
f 12132//336 12131//335 12133//303
f 12132//336 12133//303 12134//304
f 12134//304 12133//303 12135//305
f 12134//304 12135//305 12136//306
f 12136//306 12135//305 12137//169
f 12136//306 12137//169 12138//170
f 12138//170 12137//169 12139//171
f 12138//170 12139//171 12140//172
f 12140//172 12139//171 12141//173
f 12140//172 12141//173 12142//174
f 12142//174 12141//173 12143//337
f 12142//174 12143//337 12144//338
f 12144//338 12143//337 12145//339
f 12144//338 12145//339 12146//314
f 12146//314 12145//339 12147//315
f 12146//314 12147//315 12148//340
f 12148//340 12147//315 12149//341
f 12148//340 12149//341 12150//182
f 12150//182 12149//341 12151//183
f 12150//182 12151//183 12152//184
f 12152//184 12151//183 12153//185
f 12152//184 12153//185 12154//381
f 12154//381 12153//185 12155//382
f 12154//381 12155//382 12156//383
f 12156//383 12155//382 12157//319
f 12156//383 12157//319 12158//320
f 12158//320 12157//319 12159//191
f 12158//320 12159//191 12160//192
f 12160//192 12159//191 12161//193
f 12160//192 12161//193 12162//194
f 12162//194 12161//193 12163//195
f 12162//194 12163//195 12164//196
f 12164//196 12163//195 12165//197
f 12164//196 12165//197 12166//198
f 12166//198 12165//197 12167//384
f 12166//198 12167//384 12168//385
f 12168//385 12167//384 12169//386
f 12168//385 12169//386 12170//138
f 12170//138 12169//386 12171//139
f 12170//138 12171//139 12172//140
f 12172//140 12171//139 12173//141
f 12172//140 12173//141 12174//204
f 12174//204 12173//141 12175//205
f 12174//204 12175//205 12176//345
f 12176//345 12175//205 12177//346
f 12176//345 12177//346 12178//347
f 12178//347 12177//346 12179//147
f 12178//347 12179//147 12180//148
f 12180//148 12179//147 12181//149
f 12180//148 12181//149 12182//150
f 12182//150 12181//149 12183//151
f 12182//150 12183//151 12184//152
f 12184//152 12183//151 12185//153
f 12184//152 12185//153 12186//154
f 12186//154 12185//153 12187//213
f 12186//154 12187//213 12188//214
f 12188//214 12187//213 12189//348
f 12188//214 12189//348 12190//349
f 12190//349 12189//348 12191//350
f 12190//349 12191//350 12192//160
f 12192//160 12191//350 12193//161
f 12192//160 12193//161 12194//162
f 12194//162 12193//161 12195//163
f 12194//162 12195//163 12196//164
f 12196//164 12195//163 12197//165
f 12196//164 12197//165 12198//222
f 12198//222 12197//165 12199//223
f 12198//222 12199//223 12200//387
f 12200//387 12199//223 12201//388
f 12200//387 12201//388 12202//389
f 12202//389 12201//388 12203//171
f 12202//389 12203//171 12204//172
f 12204//172 12203//171 12205//173
f 12204//172 12205//173 12206//174
f 12206//174 12205//173 12207//175
f 12206//174 12207//175 12208//176
f 12208//176 12207//175 12209//177
f 12208//176 12209//177 12210//178
f 12210//178 12209//177 12211//229
f 12210//178 12211//229 12212//230
f 12212//230 12211//229 12213//390
f 12212//230 12213//390 12214//391
f 12214//391 12213//390 12215//392
f 12214//391 12215//392 12216//184
f 12216//184 12215//392 12217//185
f 12216//184 12217//185 12218//186
f 12218//186 12217//185 12219//187
f 12218//186 12219//187 12220//236
f 12220//236 12219//187 12221//237
f 12220//236 12221//237 12222//351
f 12222//351 12221//237 12223//352
f 12222//351 12223//352 12224//353
f 12224//353 12223//352 12225//193
f 12224//353 12225//193 12226//194
f 12226//194 12225//193 12227//195
f 12226//194 12227//195 12228//196
f 12228//196 12227//195 12229//197
f 12228//196 12229//197 12230//198
f 12230//198 12229//197 12231//199
f 12230//198 12231//199 12232//200
f 12232//200 12231//199 12233//245
f 12232//200 12233//245 12234//246
f 12234//246 12233//245 12235//354
f 12234//246 12235//354 12236//355
f 12236//355 12235//354 12237//356
f 12236//355 12237//356 12238//204
f 12238//204 12237//356 12239//205
f 12238//204 12239//205 12240//206
f 12240//206 12239//205 12241//207
f 12240//206 12241//207 12242//208
f 12242//208 12241//207 12243//209
f 12242//208 12243//209 12244//254
f 12244//254 12243//209 12245//255
f 12244//254 12245//255 12246//393
f 12246//393 12245//255 12247//394
f 12246//393 12247//394 12248//395
f 12248//395 12247//394 12249//153
f 12248//395 12249//153 12250//154
f 12250//154 12249//153 12251//213
f 12250//154 12251//213 12252//214
f 12252//214 12251//213 12253//215
f 12252//214 12253//215 12254//216
f 12254//216 12253//215 12255//217
f 12254//216 12255//217 12256//218
f 12256//218 12255//217 12257//261
f 12256//218 12257//261 12258//262
f 12258//262 12257//261 12259//396
f 12258//262 12259//396 12260//397
f 12260//397 12259//396 12261//398
f 12260//397 12261//398 12262//222
f 12262//222 12261//398 12263//223
f 12262//222 12263//223 12264//224
f 12264//224 12263//223 12265//225
f 12264//224 12265//225 12266//268
f 12266//268 12265//225 12267//269
f 12266//268 12267//269 12268//357
f 12268//357 12267//269 12269//358
f 12268//357 12269//358 12270//359
f 12270//359 12269//358 12271//175
f 12270//359 12271//175 12272//176
f 12272//176 12271//175 12273//177
f 12272//176 12273//177 12274//178
f 12274//178 12273//177 12275//229
f 12274//178 12275//229 12276//230
f 12276//230 12275//229 12277//231
f 12276//230 12277//231 12278//232
f 12278//232 12277//231 12279//275
f 12278//232 12279//275 12280//276
f 12280//276 12279//275 12281//360
f 12280//276 12281//360 12282//361
f 12282//361 12281//360 12283//362
f 12282//361 12283//362 12284//236
f 12284//236 12283//362 12285//237
f 12284//236 12285//237 12286//238
f 12286//238 12285//237 12287//239
f 12286//238 12287//239 12288//240
f 12288//240 12287//239 12289//241
f 12288//240 12289//241 12290//242
f 12290//242 12289//241 12291//243
f 12290//242 12291//243 12292//244
f 12292//244 12291//243 12293//197
f 12292//244 12293//197 12294//198
f 12294//198 12293//197 12295//199
f 12294//198 12295//199 12296//200
f 12296//200 12295//199 12297//245
f 12296//200 12297//245 12298//246
f 12298//246 12297//245 12299//247
f 12298//246 12299//247 12300//248
f 12300//248 12299//247 12301//249
f 12300//248 12301//249 12302//250
f 12302//250 12301//249 12303//291
f 12302//250 12303//291 12304//292
f 12304//292 12303//291 12305//399
f 12304//292 12305//399 12306//400
f 12306//400 12305//399 12307//401
f 12306//400 12307//401 12308//254
f 12308//254 12307//401 12309//255
f 12308//254 12309//255 12310//256
f 12310//256 12309//255 12311//257
f 12310//256 12311//257 12312//296
f 12312//296 12311//257 12313//297
f 12312//296 12313//297 12314//402
f 12314//402 12313//297 12315//403
f 12314//402 12315//403 12316//404
f 12316//404 12315//403 12317//215
f 12316//404 12317//215 12318//216
f 12318//216 12317//215 12319//217
f 12318//216 12319//217 12320//218
f 12320//218 12319//217 12321//261
f 12320//218 12321//261 12322//262
f 12322//262 12321//261 12323//263
f 12322//262 12323//263 12324//264
f 12324//264 12323//263 12325//303
f 12324//264 12325//303 12326//304
f 12326//304 12325//303 12327//363
f 12326//304 12327//363 12328//364
f 12328//364 12327//363 12329//365
f 12328//364 12329//365 12330//268
f 12330//268 12329//365 12331//269
f 12330//268 12331//269 12332//270
f 12332//270 12331//269 12333//271
f 12332//270 12333//271 12334//310
f 12334//310 12333//271 12335//311
f 12334//310 12335//311 12336//366
f 12336//366 12335//311 12337//367
f 12336//366 12337//367 12338//368
f 12338//368 12337//367 12339//229
f 12338//368 12339//229 12340//230
f 12340//230 12339//229 12341//231
f 12340//230 12341//231 12342//232
f 12342//232 12341//231 12343//275
f 12342//232 12343//275 12344//276
f 12344//276 12343//275 12345//277
f 12344//276 12345//277 12346//278
f 12346//278 12345//277 12347//279
f 12346//278 12347//279 12348//280
f 12348//280 12347//279 12349//319
f 12348//280 12349//319 12350//320
f 12350//320 12349//319 12351//405
f 12350//320 12351//405 12352//406
f 12352//406 12351//405 12353//407
f 12352//406 12353//407 12354//284
f 12354//284 12353//407 12355//285
f 12354//284 12355//285 12356//286
f 12356//286 12355//285 12357//287
f 12356//286 12357//287 12358//324
f 12358//324 12357//287 12359//325
f 12358//324 12359//325 12360//408
f 12360//408 12359//325 12361//409
f 12360//408 12361//409 12362//410
f 12362//410 12361//409 12363//247
f 12362//410 12363//247 12364//248
f 12364//248 12363//247 12365//249
f 12364//248 12365//249 12366//250
f 12366//250 12365//249 12367//291
f 12366//250 12367//291 12368//292
f 12368//292 12367//291 12369//145
f 12368//292 12369//145 12370//146
f 12370//146 12369//145 12371//147
f 12370//146 12371//147 12372//148
f 12372//148 12371//147 12373//369
f 12372//148 12373//369 12374//370
f 12374//370 12373//369 12375//371
f 12374//370 12375//371 12376//296
f 12376//296 12375//371 12377//297
f 12376//296 12377//297 12378//298
f 12378//298 12377//297 12379//299
f 12378//298 12379//299 12380//332
f 12380//332 12379//299 12381//333
f 12380//332 12381//333 12382//372
f 12382//372 12381//333 12383//373
f 12382//372 12383//373 12384//374
f 12384//374 12383//373 12385//261
f 12384//374 12385//261 12386//262
f 12386//262 12385//261 12387//263
f 12386//262 12387//263 12388//264
f 12388//264 12387//263 12389//303
f 12388//264 12389//303 12390//304
f 12390//304 12389//303 12391//305
f 12390//304 12391//305 12392//306
f 12392//306 12391//305 12393//169
f 12392//306 12393//169 12394//170
f 12394//170 12393//169 12395//307
f 12394//170 12395//307 12396//308
f 12396//308 12395//307 12397//309
f 12396//308 12397//309 12398//310
f 12398//310 12397//309 12399//311
f 12398//310 12399//311 12400//312
f 12400//312 12399//311 12401//313
f 12400//312 12401//313 12402//314
f 12402//314 12401//313 12403//315
f 12402//314 12403//315 12404//340
f 12404//340 12403//315 12405//341
f 12404//340 12405//341 12406//411
f 12406//411 12405//341 12407//412
f 12406//411 12407//412 12408//413
f 12408//413 12407//412 12409//277
f 12408//413 12409//277 12410//278
f 12410//278 12409//277 12411//279
f 12410//278 12411//279 12412//280
f 12412//280 12411//279 12413//319
f 12412//280 12413//319 12414//320
f 12414//320 12413//319 12415//191
f 12414//320 12415//191 12416//192
f 12416//192 12415//191 12417//453
f 12416//192 12417//453 12418//454
